/* Generated by tools/convert_textures.py. Do not edit manually. */
#ifndef BACKROOMS_GENERATED_NEXTBOT_SPRITE_H
#define BACKROOMS_GENERATED_NEXTBOT_SPRITE_H
#include <stdint.h>
#define NEXTBOT_SPRITE_WIDTH 128
#define NEXTBOT_SPRITE_HEIGHT 128
static const uint16_t NEXTBOT_SPRITE_PIXELS[16384] __attribute__((aligned(16))) = {
    0xDE7E, 0xD65E, 0xD63E, 0xD65E, 0xD63E, 0xD63E, 0xD63E, 0xD63D, 0xD61D, 0xD61D, 0xD61D, 0xD61D,
    0xD61D, 0xD61D, 0xD61D, 0xD61D, 0xD61D, 0xD61D, 0xD61D, 0xD61D, 0xD61D, 0xD5FC, 0xD61D, 0xDE3D,
    0xDE5E, 0xE69F, 0xE6BF, 0xE6BF, 0xE67E, 0xE69E, 0xE6BF, 0xE6BF, 0xEE9E, 0xE69E, 0xDE3D, 0xD61C,
    0xD5FC, 0xD61C, 0xDE5D, 0xE67E, 0xE69E, 0xE65D, 0xD5FB, 0xDE5D, 0xE69E, 0xDE3C, 0xD5FB, 0xD61B,
    0xDE3C, 0xE67D, 0xE67C, 0xDE3C, 0xE65C, 0xE67C, 0xDE5C, 0xDE3B, 0xE63C, 0xDE3B, 0xD5FB, 0xCDBA,
    0xCD99, 0xCD99, 0xD599, 0xD599, 0xD599, 0xD599, 0xDDDB, 0xEE5C, 0xE63B, 0xE61B, 0xEE5C, 0xEE7D,
    0xF67D, 0xF69D, 0xF69D, 0xF69D, 0xEE5C, 0xE61C, 0xE63C, 0xEE5D, 0xF69D, 0xF69E, 0xEE1C, 0xEE3D,
    0xF69E, 0xF69E, 0xEE9E, 0xE63C, 0xDE1C, 0xE63C, 0xE65D, 0xEE5D, 0xE63C, 0xE63C, 0xE63C, 0xDE3C,
    0xD61C, 0xD5FB, 0xD5FB, 0xD5FB, 0xDE1C, 0xD61C, 0xCDDB, 0xCD9A, 0xCD9A, 0xD5BB, 0xD5DB, 0xD5DB,
    0xD5FB, 0xDDFC, 0xDE1C, 0xE61C, 0xE61D, 0xE61D, 0xE61D, 0xE61D, 0xE61D, 0xE61D, 0xE61D, 0xE61D,
    0xE61D, 0xDE3D, 0xE63D, 0xDE3D, 0xE63E, 0xE63E, 0xE63E, 0xE63E, 0xE6BF, 0xDE7F, 0xDE7F, 0xDE7F,
    0xDE5E, 0xD65E, 0xD65E, 0xD63E, 0xD63E, 0xD63E, 0xD63E, 0xD63E, 0xD61D, 0xD61D, 0xD61D, 0xD61D,
    0xD61D, 0xD61D, 0xD61D, 0xD61D, 0xD61D, 0xD61D, 0xD5FC, 0xD5FC, 0xD61C, 0xD61D, 0xDE3D, 0xE67E,
    0xE67E, 0xDE7D, 0xE69E, 0xE69E, 0xE65D, 0xD61C, 0xD5FC, 0xD5DC, 0xCDDC, 0xCDDB, 0xD61C, 0xDE5D,
    0xE67D, 0xDE3C, 0xD61C, 0xE67D, 0xDE5D, 0xD61C, 0xDE3C, 0xDE3B, 0xDE1B, 0xE65D, 0xE65C, 0xDE3C,
    0xE65C, 0xE67C, 0xDE5C, 0xDE1B, 0xD5FA, 0xD5DA, 0xDE1B, 0xD5BA, 0xCD9A, 0xCD9A, 0xCD99, 0xD599,
    0xD599, 0xD5DA, 0xDE1B, 0xD5B9, 0xE5FB, 0xE63C, 0xEE5C, 0xEE7C, 0xEE7C, 0xEE7D, 0xF69D, 0xEE9D,
    0xE61B, 0xE63C, 0xE63C, 0xE61B, 0xEE5C, 0xEE7D, 0xE5FB, 0xEE1C, 0xEE9E, 0xEE7D, 0xDDFB, 0xDDFB,
    0xDE1B, 0xD5DB, 0xDDDB, 0xE61C, 0xE63C, 0xE63C, 0xDE1B, 0xD5FB, 0xD61B, 0xDE1C, 0xD5FB, 0xCDBB,
    0xCD9A, 0xC59A, 0xC59A, 0xCD9A, 0xCD9B, 0xD5BB, 0xD5DB, 0xDDDB, 0xDDFB, 0xDDFC, 0xDE1C, 0xE61C,
    0xE61D, 0xE61D, 0xE61D, 0xE63D, 0xE63D, 0xE61D, 0xE61D, 0xE61D, 0xE63D, 0xDE3D, 0xDE3D, 0xDE1D,
    0xE65E, 0xE67F, 0xEE7F, 0xE67E, 0xE6BF, 0xDE9F, 0xE69F, 0xE6BF, 0xDE7E, 0xDE7F, 0xDE7F, 0xD63E,
    0xD63E, 0xD63D, 0xDE3D, 0xD63E, 0xD61D, 0xD61D, 0xD63D, 0xD61D, 0xD61D, 0xD61D, 0xD61D, 0xD61D,
    0xD61D, 0xD61D, 0xD61D, 0xD61C, 0xD5FC, 0xD5FC, 0xD5DC, 0xCDDC, 0xD5FC, 0xD5FC, 0xD5DC, 0xD5FC,
    0xD5DC, 0xD5DC, 0xD5FC, 0xCDFC, 0xD5DC, 0xD5DC, 0xD5FC, 0xD63D, 0xD63C, 0xDE3C, 0xD61C, 0xDE3C,
    0xD61C, 0xDE5D, 0xE67D, 0xE67D, 0xE63C, 0xE63C, 0xE65C, 0xE65C, 0xE67D, 0xE67C, 0xE65C, 0xDE3B,
    0xE63C, 0xE61B, 0xDDFB, 0xD5BA, 0xCD9A, 0xCDBA, 0xCD9A, 0xCD9A, 0xCD99, 0xD5DA, 0xDDFB, 0xDE1B,
    0xE63C, 0xE61B, 0xEE5C, 0xEE9D, 0xF69D, 0xF69D, 0xEE9D, 0xE63C, 0xEE5C, 0xF69D, 0xF67D, 0xE61C,
    0xEE3C, 0xEE5D, 0xEE3C, 0xEE5D, 0xEE5D, 0xDDDB, 0xD5BB, 0xDDBA, 0xDDBA, 0xD5BB, 0xD5BA, 0xD5BA,
    0xD5DB, 0xD5DB, 0xD5BA, 0xCDBA, 0xCDBA, 0xCD9A, 0xCD9A, 0xC57A, 0xC59A, 0xCD9A, 0xC59A, 0xCD9A,
    0xCD9B, 0xD5BB, 0xD5DB, 0xDDDB, 0xDDFC, 0xDDFC, 0xDDFC, 0xDE1C, 0xE61D, 0xE61D, 0xE63D, 0xE63D,
    0xE61D, 0xE61D, 0xE61D, 0xE61D, 0xDE1D, 0xDE3D, 0xE63E, 0xEE7E, 0xF6BF, 0xF6BF, 0xF6BF, 0xF6BF,
    0xE6BF, 0xE69F, 0xE69F, 0xDE7F, 0xD65E, 0xDE7F, 0xE69F, 0xDE9F, 0xDE7E, 0xDE7F, 0xDE7E, 0xD63E,
    0xD63E, 0xD63E, 0xD63E, 0xD63E, 0xD61D, 0xD61D, 0xD61D, 0xD61D, 0xD61D, 0xD61D, 0xD61D, 0xD61D,
    0xD61C, 0xD5FC, 0xD5FC, 0xD5FC, 0xD5FC, 0xD5FC, 0xD5FC, 0xD5FC, 0xD5FC, 0xD5FC, 0xD5DC, 0xD5DC,
    0xD5DC, 0xD5DC, 0xD5FC, 0xD61C, 0xD61C, 0xD5FC, 0xD5FC, 0xDE3D, 0xE65D, 0xE67D, 0xE69D, 0xE67D,
    0xE65C, 0xE65C, 0xDE3C, 0xE63C, 0xE65C, 0xDE3C, 0xDE1B, 0xDE3B, 0xE65C, 0xE65C, 0xDE1B, 0xCDBA,
    0xD59A, 0xD5BA, 0xD59A, 0xD59A, 0xD599, 0xD5BA, 0xDDFB, 0xE63C, 0xE65C, 0xE61B, 0xE61C, 0xEE5C,
    0xEE7D, 0xEE5C, 0xE63C, 0xEE5C, 0xEE7D, 0xF69D, 0xF69E, 0xF67D, 0xF67D, 0xEE5D, 0xE63C, 0xE61C,
    0xE5FC, 0xDDFC, 0xE5FC, 0xDDFB, 0xDDDB, 0xDDDB, 0xD5BB, 0xD5BA, 0xCD9A, 0xCD9A, 0xCD9A, 0xCD9A,
    0xCD7A, 0xC57A, 0xC59A, 0xC59A, 0xC59A, 0xC59A, 0xCD9A, 0xCD9B, 0xCD9B, 0xCDBB, 0xD5DB, 0xD5DB,
    0xD5DB, 0xDDFB, 0xDDFC, 0xDDFC, 0xDE1C, 0xE61D, 0xE61D, 0xE61D, 0xE63D, 0xE65E, 0xEE7E, 0xEE9F,
    0xEE9E, 0xE63E, 0xE65E, 0xEE9F, 0xF6BF, 0xF6BF, 0xF6BF, 0xF6BF, 0xDE9F, 0xDE9F, 0xDE9F, 0xDE9F,
    0xDE5F, 0xE6BF, 0xEEDF, 0xEEDF, 0xE6BF, 0xE6BF, 0xE69F, 0xD63E, 0xD63E, 0xD63E, 0xD63E, 0xD63E,
    0xD61D, 0xD61D, 0xD61D, 0xD61D, 0xD61D, 0xD61D, 0xD61D, 0xD61D, 0xD61C, 0xD5FC, 0xD61C, 0xD5FC,
    0xD5FC, 0xD5FC, 0xD5FC, 0xD5FC, 0xD5FC, 0xD5DC, 0xD5DC, 0xD5DC, 0xCDDC, 0xCDDC, 0xCDDC, 0xCDDB,
    0xD5DC, 0xD5DC, 0xD5FC, 0xD5FC, 0xDE3C, 0xDE5D, 0xE67D, 0xE67D, 0xE67D, 0xEE9D, 0xDE3C, 0xD5BA,
    0xD5FB, 0xDE3C, 0xDE3C, 0xE63C, 0xE65C, 0xE65C, 0xE67C, 0xD5DA, 0xCD9A, 0xCD99, 0xCD99, 0xCD99,
    0xCD99, 0xD5BA, 0xDE1B, 0xE63B, 0xE63C, 0xE61C, 0xE63C, 0xE63C, 0xDE1B, 0xDE1B, 0xEE7D, 0xF69E,
    0xF69E, 0xF6BE, 0xF6BE, 0xF69E, 0xF69E, 0xEE7D, 0xE5FC, 0xDDFC, 0xE5FC, 0xE5FC, 0xE5FC, 0xE5FC,
    0xDDDB, 0xDDDB, 0xD5DB, 0xD5BA, 0xD5BA, 0xCDBA, 0xCD9A, 0xCD9A, 0xCD9A, 0xCD9A, 0xCD9B, 0xC59B,
    0xC59B, 0xC59B, 0xC59B, 0xCD9B, 0xCD9B, 0xCDBB, 0xD5BB, 0xD5DB, 0xD5DB, 0xDDDB, 0xDDFB, 0xDDFC,
    0xDDFC, 0xDE1C, 0xE63D, 0xE61D, 0xE65E, 0xE65E, 0xE65E, 0xEE7E, 0xE67E, 0xDE3E, 0xE65E, 0xEE9F,
    0xEEBF, 0xF6BF, 0xF6BF, 0xEE9F, 0xEEDF, 0xEEDF, 0xE6BF, 0xDEBF, 0xDE9F, 0xEEDF, 0xEEDF, 0xEEDF,
    0xE6BF, 0xE69F, 0xE6DF, 0xDE7F, 0xD63E, 0xD63E, 0xD63E, 0xD63D, 0xD63D, 0xD61D, 0xD61D, 0xD61D,
    0xD61D, 0xD61D, 0xD61D, 0xD61D, 0xD61D, 0xD61C, 0xD61C, 0xD5FC, 0xD5FC, 0xD5FC, 0xD5FC, 0xD5FC,
    0xD5FC, 0xD5DC, 0xD5DC, 0xD5DC, 0xD5FC, 0xD5FC, 0xD5DC, 0xCDDC, 0xD5DC, 0xCDDC, 0xCDDC, 0xCDDB,
    0xCDBB, 0xCDDB, 0xCDDB, 0xD5FB, 0xDE3C, 0xE65D, 0xE65D, 0xDE1C, 0xDE3C, 0xDE5C, 0xE67D, 0xEE7D,
    0xEE7D, 0xE65C, 0xEE7C, 0xDDFB, 0xCD99, 0xCD99, 0xCD99, 0xCD99, 0xCD99, 0xD5B9, 0xDE1B, 0xE63B,
    0xE63C, 0xE65C, 0xE65C, 0xE63C, 0xDE3C, 0xE65D, 0xEE5D, 0xEE5D, 0xE63C, 0xE61C, 0xE61C, 0xE5FC,
    0xDDFB, 0xDDDB, 0xE5FC, 0xE5FC, 0xE61C, 0xE5FC, 0xE5FC, 0xE5FC, 0xDDFC, 0xDDDB, 0xDDDB, 0xD5BB,
    0xD5BA, 0xD5BB, 0xCD9A, 0xCD9A, 0xCD9A, 0xCD9A, 0xC59A, 0xC59B, 0xC59B, 0xC59B, 0xC59B, 0xCD9B,
    0xCD9B, 0xCDBB, 0xCDBB, 0xD5BB, 0xD5DB, 0xD5DB, 0xD5DB, 0xD5FC, 0xDDFC, 0xDE1C, 0xE65D, 0xE67E,
    0xEEBF, 0xF6BF, 0xEEBF, 0xEE9F, 0xEE7E, 0xDE3E, 0xE65F, 0xEE9F, 0xEE9F, 0xEE9F, 0xEE9F, 0xEE9F,
    0xEEFF, 0xEEFF, 0xE6BF, 0xDE9F, 0xDE9F, 0xEEDF, 0xEEFF, 0xEEFF, 0xE6DF, 0xDE9F, 0xEEFF, 0xEEDF,
    0xDE5E, 0xDE3E, 0xDE3E, 0xDE3E, 0xDE3E, 0xD63E, 0xD63D, 0xD61D, 0xD61D, 0xD61D, 0xD61D, 0xD61D,
    0xD61D, 0xD61D, 0xD61D, 0xD5FC, 0xD5FC, 0xD5FC, 0xD5FC, 0xD5FC, 0xD5FC, 0xD5FC, 0xD5DC, 0xD5DC,
    0xD5DC, 0xD5DC, 0xD5DC, 0xD5DC, 0xD5DC, 0xD5DC, 0xCDDC, 0xCDDB, 0xCDDB, 0xCDDB, 0xCDBB, 0xCDBB,
    0xCDBA, 0xCDBA, 0xCDBB, 0xD5DB, 0xD61B, 0xDE3C, 0xDE3C, 0xE63C, 0xEE5C, 0xEE5B, 0xEE5B, 0xD5DA,
    0xD599, 0xD599, 0xCD99, 0xCD99, 0xCD99, 0xD5B9, 0xDE1A, 0xE63B, 0xE63C, 0xDDFB, 0xD5FB, 0xDE1B,
    0xDE1B, 0xDDDA, 0xDDBA, 0xD5BA, 0xD5BA, 0xDDBB, 0xDDDB, 0xDDDB, 0xDDFB, 0xE5FC, 0xE5FC, 0xE5FC,
    0xE5FD, 0xE5FC, 0xE5FC, 0xE5FC, 0xE5FC, 0xDDDB, 0xDDDB, 0xDDDB, 0xD5BB, 0xD5BB, 0xCD9A, 0xCD9A,
    0xCD9A, 0xCD9B, 0xC59B, 0xC59A, 0xC59B, 0xC59B, 0xC59A, 0xCD9A, 0xCD9B, 0xCD9A, 0xCD9A, 0xCDBB,
    0xD5BB, 0xD5DB, 0xD5DB, 0xD5DC, 0xDE1C, 0xE65D, 0xE65D, 0xE67E, 0xEEBF, 0xEEBF, 0xF6BF, 0xF6DF,
    0xF6BF, 0xE63E, 0xEE7F, 0xF6BF, 0xEEBF, 0xEE9F, 0xEE9F, 0xE65E, 0xEEFF, 0xEEFF, 0xE69F, 0xDE9F,
    0xDE9F, 0xE6BF, 0xE6DF, 0xEEFF, 0xE6DF, 0xDE9F, 0xEEFF, 0xEEFF, 0xDE7F, 0xD63E, 0xDE3E, 0xDE3E,
    0xDE3E, 0xDE3E, 0xDE3E, 0xD63D, 0xD61D, 0xD61D, 0xD61D, 0xD61D, 0xD61D, 0xD61D, 0xD5FC, 0xD61C,
    0xD5FC, 0xD5FC, 0xD5FC, 0xD5FC, 0xD5FC, 0xD5FC, 0xD5DC, 0xD5DC, 0xD5DC, 0xD5DC, 0xD5DC, 0xCDDC,
    0xCDDC, 0xD5DC, 0xD5BB, 0xD5DB, 0xCDBB, 0xCDBB, 0xCDDB, 0xCDDB, 0xCDDB, 0xCDBB, 0xCDBA, 0xCDBA,
    0xCDBA, 0xCDDB, 0xD5DA, 0xE5B8, 0xE5B7, 0xEDB6, 0xEDD7, 0xE596, 0xDD96, 0xE596, 0xED96, 0xED95,
    0xED74, 0xED74, 0xFDF7, 0xFDF8, 0xEE19, 0xE5F9, 0xDDF9, 0xDDFA, 0xDDDA, 0xD5BA, 0xDDBA, 0xDDBA,
    0xDDBA, 0xDDDB, 0xDDDB, 0xDDFB, 0xE5FC, 0xE5FC, 0xE5FC, 0xE5FC, 0xE5FD, 0xE61D, 0xE5FC, 0xE5FC,
    0xE5FC, 0xDDFC, 0xDDDC, 0xDDDC, 0xDDDB, 0xD5BB, 0xD59B, 0xCD9B, 0xCD9A, 0xCD9A, 0xC59A, 0xC59A,
    0xC59B, 0xC59A, 0xC59A, 0xCD9A, 0xCD9A, 0xCD9B, 0xCD9A, 0xCD9A, 0xCDBB, 0xD5DB, 0xDE1C, 0xE65D,
    0xEE7E, 0xEE9E, 0xEE7E, 0xE67E, 0xEEBF, 0xEE9F, 0xF6BF, 0xF6BF, 0xEEBF, 0xE63E, 0xEE7F, 0xF6DF,
    0xF6DF, 0xF6FF, 0xF6FF, 0xEE9F, 0xEEFF, 0xF6FF, 0xE6BF, 0xDE9F, 0xDE9F, 0xE6DF, 0xE6DF, 0xE6FF,
    0xE6BF, 0xDE7F, 0xE6BF, 0xE6BF, 0xE69F, 0xE69F, 0xDE7F, 0xDE5E, 0xDE5E, 0xDE3E, 0xDE3E, 0xD63D,
    0xD61D, 0xD61D, 0xD61D, 0xD61D, 0xD61D, 0xD61D, 0xD61D, 0xD61D, 0xD5FC, 0xD5FC, 0xD5FC, 0xD5FC,
    0xD5FC, 0xD5FC, 0xD5FC, 0xD5FC, 0xD5FC, 0xD5FC, 0xD5FC, 0xD5DC, 0xD5DC, 0xD5DC, 0xD5DB, 0xD5DB,
    0xCDBB, 0xCDBB, 0xCDDB, 0xCDDB, 0xCDBA, 0xCDBA, 0xD5BA, 0xCDB9, 0xD5B9, 0xDDB7, 0xED53, 0xFD72,
    0xFD92, 0xFD92, 0xFDB3, 0xFDB2, 0xFDD3, 0xFD92, 0xFCEF, 0xF48C, 0xEC4B, 0xE409, 0xF4AC, 0xFD0F,
    0xECAF, 0xECD1, 0xE4F2, 0xE554, 0xE5D8, 0xE5FA, 0xDDBA, 0xDDBA, 0xDDDA, 0xDDDB, 0xDDDB, 0xDDDB,
    0xDDFC, 0xDDFC, 0xE5FC, 0xE5FC, 0xE5FC, 0xE5FC, 0xE5FC, 0xE5FC, 0xDDFC, 0xDDFC, 0xDDDC, 0xDDDC,
    0xD5DC, 0xD5BB, 0xD59B, 0xCD9B, 0xCD9B, 0xCD9A, 0xC59A, 0xC59A, 0xC59A, 0xC59A, 0xC59A, 0xC59A,
    0xC59A, 0xCD9A, 0xC59A, 0xC59A, 0xCD9A, 0xD5DB, 0xDE1D, 0xE65E, 0xEE7E, 0xEE9E, 0xEE9F, 0xEEBF,
    0xF6DF, 0xF6BF, 0xF6BF, 0xF6DF, 0xF6DF, 0xE65E, 0xEE7F, 0xF6DF, 0xF6DF, 0xF6FF, 0xF6FF, 0xEE9F,
    0xEEDF, 0xEEDF, 0xDE9F, 0xD67F, 0xDE9F, 0xE6BF, 0xE6BF, 0xE6DF, 0xE6DF, 0xDE9F, 0xEEFF, 0xEF1F,
    0xEEFF, 0xEF1F, 0xEEFF, 0xE6BF, 0xDE7F, 0xE67F, 0xDE3E, 0xD63D, 0xD63D, 0xD61D, 0xD61D, 0xD61D,
    0xD61D, 0xD61D, 0xD61D, 0xD61D, 0xD61D, 0xD61D, 0xD61D, 0xD61C, 0xD5FC, 0xD5FC, 0xD5FC, 0xD5FC,
    0xD5FC, 0xD5FC, 0xD5FC, 0xD5FC, 0xD5FC, 0xD5DC, 0xD5DB, 0xD5DB, 0xD5DB, 0xCDDB, 0xCDDB, 0xCDDB,
    0xCDDA, 0xD5BA, 0xD5B9, 0xD5B8, 0xED74, 0xF4AD, 0xFC8C, 0xFD90, 0xFD90, 0xF4CD, 0xF4AC, 0xFDB0,
    0xFD90, 0xDBA8, 0xD305, 0xCAE5, 0xBAA4, 0xBAA5, 0xB284, 0xBAC5, 0xB264, 0xAA45, 0xB285, 0xBAA6,
    0xC349, 0xDCB2, 0xE5D9, 0xDDB9, 0xDDB9, 0xDDDA, 0xDDDA, 0xDDDB, 0xDDDB, 0xDDFC, 0xDDFC, 0xE5FC,
    0xE5FC, 0xE5FC, 0xE5FC, 0xE5FC, 0xDDFC, 0xDDDC, 0xDDDC, 0xD5DB, 0xD5BB, 0xD5BB, 0xCD9B, 0xCD9B,
    0xCD9B, 0xCD9B, 0xCD9A, 0xC59A, 0xC59A, 0xC59A, 0xC59A, 0xC59A, 0xC59A, 0xC59A, 0xC57A, 0xC59A,
    0xCDBB, 0xD5FC, 0xDDFC, 0xDE1C, 0xDE1C, 0xDE1C, 0xDE1D, 0xE65E, 0xEE9E, 0xEE9F, 0xF6BF, 0xF6DF,
    0xF6DF, 0xE65F, 0xEE7F, 0xF6DF, 0xF6DF, 0xFEFF, 0xF6DF, 0xE69F, 0xE6FF, 0xEEFF, 0xDE9F, 0xD67F,
    0xE6DF, 0xEEFF, 0xEEFF, 0xEF1F, 0xEF1F, 0xE6BF, 0xEEFF, 0xEF1F, 0xE6DF, 0xEEFF, 0xEEFF, 0xE6BF,
    0xDE7E, 0xEEDF, 0xE6BF, 0xDE7F, 0xDE3E, 0xD63D, 0xD63D, 0xD63D, 0xD63D, 0xD61D, 0xD61D, 0xD61D,
    0xD61D, 0xD61D, 0xD61D, 0xD61D, 0xD61D, 0xD5FC, 0xD5FC, 0xD5FC, 0xD5FC, 0xD5FC, 0xD5FC, 0xD5FC,
    0xD5FC, 0xD5FC, 0xD5DB, 0xD5DB, 0xD5DB, 0xD5DB, 0xCDDA, 0xD5DA, 0xD5DA, 0xD5BA, 0xD5B8, 0xF572,
    0xFD4E, 0xFD6F, 0xFD90, 0xFD90, 0xD3A8, 0xCB26, 0xDB87, 0xF4EC, 0xD3C7, 0xBAA4, 0xBA84, 0xAA64,
    0x91E2, 0x9A23, 0x9A23, 0xAA84, 0xA244, 0xA224, 0xA265, 0xA265, 0xAA85, 0xB2A5, 0xD40D, 0xEDB6,
    0xDDD9, 0xDDB9, 0xDDDA, 0xDDDA, 0xDDDB, 0xDDDB, 0xDDFC, 0xE5DC, 0xDDFC, 0xDDFC, 0xDDFC, 0xDDFC,
    0xDDFC, 0xDDFC, 0xDDDC, 0xDDDB, 0xD5BB, 0xD5BB, 0xD5BB, 0xCD9B, 0xCD9B, 0xCD9B, 0xCD9A, 0xCD9A,
    0xC59A, 0xC59A, 0xC59A, 0xC59A, 0xC59A, 0xCDBB, 0xCDBB, 0xCDDB, 0xD61C, 0xDE5D, 0xE67E, 0xE67E,
    0xE67E, 0xE67E, 0xDE3D, 0xE67E, 0xE67E, 0xE67E, 0xEE7E, 0xEE9E, 0xEE7E, 0xE65F, 0xEE7F, 0xF6DF,
    0xFEFF, 0xFF1F, 0xFEFF, 0xEE9F, 0xEF1F, 0xF75F, 0xE6BF, 0xDE7F, 0xEEFF, 0xEF1F, 0xEEFF, 0xEF1F,
    0xEF1F, 0xE6BF, 0xEEFF, 0xEF1F, 0xE6DF, 0xEF1F, 0xEEFF, 0xEEDF, 0xDE7E, 0xEEDF, 0xEEDF, 0xEEDF,
    0xEEBF, 0xD63E, 0xD63E, 0xD63D, 0xD63D, 0xD63D, 0xD61D, 0xD61D, 0xD61D, 0xD61D, 0xD61D, 0xD61D,
    0xD61D, 0xD61D, 0xD61C, 0xD5FC, 0xD5FC, 0xD61C, 0xD5FC, 0xD5FC, 0xD5FC, 0xD5FC, 0xD5FB, 0xD5FB,
    0xD5DB, 0xD5DB, 0xD5DA, 0xD5BA, 0xD5BA, 0xD599, 0xED74, 0xFD70, 0xFD6F, 0xFD90, 0xFD90, 0xEC6B,
    0xAA43, 0xA203, 0xDBC8, 0xFD2D, 0xD387, 0xBAA4, 0xA243, 0x9A43, 0x91E3, 0x9245, 0x8A24, 0x9A64,
    0xA285, 0x9224, 0xA286, 0xA286, 0xA286, 0xAAE7, 0xB307, 0xCBAA, 0xE511, 0xE597, 0xDDD9, 0xDDDA,
    0xDDDB, 0xDDDB, 0xDDDB, 0xDDDB, 0xDDFC, 0xDDFC, 0xDDFC, 0xDDFB, 0xDDFB, 0xDDFB, 0xDDDB, 0xD5DB,
    0xD5DB, 0xD5BB, 0xD5BB, 0xCD9B, 0xCD9B, 0xCD9B, 0xCD9A, 0xC59A, 0xC59A, 0xC59A, 0xC59A, 0xCD9B,
    0xCDDB, 0xD5FC, 0xD5FC, 0xCDDB, 0xD5FC, 0xDE3D, 0xDE5D, 0xDE5D, 0xE65D, 0xE67E, 0xDE5D, 0xEE9F,
    0xEEBF, 0xF6DF, 0xF6BF, 0xF6BF, 0xEE9F, 0xDE3E, 0xE65F, 0xEE7E, 0xEE9F, 0xEE9F, 0xEE9F, 0xDE5E,
    0xEEFF, 0xEF1F, 0xE69F, 0xDE9F, 0xEEFF, 0xEF1F, 0xEF1F, 0xEF1F, 0xEF1F, 0xE6BF, 0xEEFF, 0xEF1F,
    0xEEFF, 0xF71F, 0xF71F, 0xEEFF, 0xE69F, 0xEEBF, 0xE6BF, 0xE69F, 0xE67E, 0xDE3E, 0xD63E, 0xD63E,
    0xD61D, 0xD63D, 0xD63D, 0xD63D, 0xD63D, 0xD63D, 0xDE1D, 0xD61D, 0xD61D, 0xD61D, 0xD61C, 0xD61C,
    0xD61C, 0xD61C, 0xD5FC, 0xD5FC, 0xD5FC, 0xD5FC, 0xD5FB, 0xD5FB, 0xD5FB, 0xD5FB, 0xD5DA, 0xD5BA,
    0xD5B9, 0xE555, 0xFCEE, 0xF4AC, 0xEC8B, 0xEC4B, 0xDBC9, 0xD387, 0xB2A5, 0x91C2, 0x9A03, 0xBB06,
    0xBAE5, 0xA243, 0x91E2, 0x9244, 0x8A24, 0x8266, 0x8A66, 0x8A45, 0x9265, 0x8204, 0x9286, 0x9287,
    0x9AA7, 0xAAE8, 0xAB08, 0xAAC6, 0xBB27, 0xE46C, 0xF5B5, 0xDDFA, 0xDDDA, 0xDDDB, 0xDDDB, 0xDDDB,
    0xDDDB, 0xDDFB, 0xDDFC, 0xDDFB, 0xDDFB, 0xDDDB, 0xDDDB, 0xD5DB, 0xD5BB, 0xD5BB, 0xCD9B, 0xCD9B,
    0xCDBB, 0xCDBB, 0xC59A, 0xC59A, 0xC59A, 0xC59A, 0xCDBB, 0xD5FC, 0xDE3D, 0xDE3D, 0xD61C, 0xD5FC,
    0xD61C, 0xDE3D, 0xDE5D, 0xDE3D, 0xE65D, 0xE65D, 0xDE5D, 0xE69F, 0xEE9F, 0xEEBF, 0xEEBF, 0xF6DF,
    0xEEBF, 0xE65F, 0xE67F, 0xF6DF, 0xF6FF, 0xF6FF, 0xEEBF, 0xDE3E, 0xEEFF, 0xF73F, 0xE6BF, 0xDE7F,
    0xEF1F, 0xEF1F, 0xEF1F, 0xF73F, 0xEF1F, 0xE6DF, 0xE6FF, 0xE6DF, 0xE6BF, 0xE69F, 0xDE9E, 0xDE7E,
    0xDE5E, 0xDE5E, 0xDE7E, 0xE69F, 0xE69F, 0xDE3E, 0xDE3E, 0xDE3E, 0xD63E, 0xD63D, 0xD63D, 0xD63D,
    0xD63D, 0xDE3D, 0xDE1D, 0xDE1D, 0xDE1D, 0xD61D, 0xD61D, 0xD61C, 0xD61C, 0xD61C, 0xD61C, 0xD61C,
    0xD61C, 0xD61C, 0xD61B, 0xD61B, 0xD5FB, 0xD5FA, 0xD5DA, 0xD5B9, 0xDD97, 0xECAF, 0xD347, 0xBAA5,
    0xB284, 0xAA64, 0xA223, 0xAA64, 0xB2A5, 0x9A03, 0x89C3, 0x8182, 0x81A2, 0x81C3, 0x79C3, 0x8204,
    0x8286, 0x8287, 0x8246, 0x8A45, 0x7A04, 0x79E3, 0x8A25, 0x8A46, 0x8225, 0x92C7, 0x9AC8, 0x9AA7,
    0xA2C7, 0xC3A9, 0xDC8D, 0xEDD8, 0xDDFB, 0xDDDA, 0xDDDB, 0xDDDB, 0xDDDB, 0xDDDB, 0xDDFB, 0xDDFB,
    0xDDFB, 0xDDFB, 0xDDFB, 0xDDDB, 0xD5BB, 0xD5BA, 0xCD9A, 0xCD9A, 0xCDBB, 0xC59B, 0xC59A, 0xCD9A,
    0xC59A, 0xC5BB, 0xCDBB, 0xCDDC, 0xD5FC, 0xD61D, 0xD61C, 0xDE1C, 0xDE5D, 0xDE5D, 0xDE5D, 0xE67E,
    0xE69E, 0xDE7D, 0xDE5E, 0xEE9F, 0xEE9F, 0xEEBF, 0xEEDF, 0xF6DF, 0xEEBF, 0xE67F, 0xE67F, 0xF6DF,
    0xF6FF, 0xF6FF, 0xF6BF, 0xE63E, 0xF73F, 0xF75F, 0xE6BF, 0xDEBF, 0xEF1F, 0xEEFF, 0xE6DF, 0xE6BF,
    0xE6BF, 0xDE7F, 0xDE7F, 0xDE9F, 0xE6BF, 0xE6BF, 0xE6DF, 0xEEFF, 0xE6BF, 0xEEDF, 0xEF1F, 0xF71F,
    0xEEFF, 0xDE5F, 0xDE3E, 0xDE3E, 0xDE3E, 0xDE3E, 0xDE3E, 0xDE3D, 0xDE5E, 0xDE5E, 0xDE3D, 0xDE3D,
    0xDE3D, 0xDE3D, 0xD63D, 0xD61C, 0xD61C, 0xD61C, 0xD61C, 0xD61C, 0xD61C, 0xD61C, 0xD5FB, 0xD5FB,
    0xD5FB, 0xD5DB, 0xD5DA, 0xD5B9, 0xE575, 0xEC2B, 0xB223, 0x8982, 0x8182, 0x7962, 0x7982, 0x8182,
    0x89E3, 0x8A03, 0x79E4, 0x8224, 0x71E3, 0x6982, 0x71E4, 0x79E4, 0x8267, 0x82A8, 0x8266, 0x7A04,
    0x79E4, 0x6962, 0x79C4, 0x8225, 0x71C4, 0x8A87, 0x92A7, 0x9266, 0xAB08, 0xAAE7, 0xB348, 0xCC2D,
    0xE5D8, 0xDDFB, 0xDDBA, 0xDDBA, 0xDDDB, 0xDDFB, 0xDDFB, 0xDDFB, 0xDDDB, 0xDDDB, 0xDDFB, 0xDDFB,
    0xD5BA, 0xCDBA, 0xD5DB, 0xCDBB, 0xCD9B, 0xCD9A, 0xC59B, 0xC59A, 0xC59A, 0xC59A, 0xCDDB, 0xD61C,
    0xD5FC, 0xCDDB, 0xCD9B, 0xCDBB, 0xCDBB, 0xCDBB, 0xCDFC, 0xD61D, 0xDE5D, 0xDE7E, 0xE67E, 0xE6BF,
    0xEEBF, 0xEEBF, 0xEEBF, 0xEEBF, 0xEE9F, 0xEE9F, 0xE67F, 0xEEBF, 0xF6DF, 0xF6DF, 0xEE9F, 0xE63E,
    0xE6DF, 0xDEBF, 0xD67F, 0xDE9F, 0xDEBF, 0xE6BF, 0xE6DF, 0xEEFF, 0xEF1F, 0xEEFF, 0xE6FF, 0xEF3F,
    0xF73F, 0xF73F, 0xF71F, 0xF71F, 0xEEDF, 0xEEDF, 0xF71F, 0xF71F, 0xE69F, 0xDE5E, 0xDE3E, 0xDE3E,
    0xDE3E, 0xDE3E, 0xDE3D, 0xD63D, 0xE67F, 0xEEBF, 0xDE5E, 0xE67E, 0xEEBF, 0xE6BF, 0xE69E, 0xE67E,
    0xDE5E, 0xD63D, 0xD61C, 0xD63D, 0xD63C, 0xDE1C, 0xDE5C, 0xDE5C, 0xDE3C, 0xDE1B, 0xD5DA, 0xDDB7,
    0xF573, 0xF46C, 0xDB87, 0xA224, 0x91E3, 0x9A85, 0x81E3, 0x8204, 0x79A3, 0x79E4, 0x71E4, 0x7204,
    0x7A25, 0x6182, 0x71E4, 0x7A24, 0x7204, 0x7A87, 0x8287, 0x71E3, 0x71E4, 0x6161, 0x7182, 0x8225,
    0x69A4, 0x8A87, 0x92A8, 0x8A66, 0xAB09, 0xA2E8, 0xA2E7, 0xB328, 0xD490, 0xE61B, 0xDDDA, 0xDDDA,
    0xDDDB, 0xDDFB, 0xDDFB, 0xDDFB, 0xE61C, 0xE61C, 0xE61C, 0xDE1C, 0xD5DA, 0xDE1C, 0xE67D, 0xDE1C,
    0xCDBB, 0xCDBB, 0xCDBB, 0xCDBB, 0xC59A, 0xC59A, 0xCDDC, 0xDE3D, 0xDE7E, 0xDE5D, 0xD61C, 0xDE3D,
    0xD61D, 0xD5FC, 0xCDFC, 0xCDDB, 0xC5BB, 0xCDDB, 0xD5FC, 0xD61D, 0xDE5E, 0xE69E, 0xEEBF, 0xEEDF,
    0xEEDF, 0xEEBF, 0xEE9F, 0xF6DF, 0xF71F, 0xF71F, 0xEE9F, 0xDE1E, 0xEF1F, 0xE71F, 0xDE9F, 0xDEBF,
    0xEF1F, 0xEF1F, 0xF73F, 0xF73F, 0xF73F, 0xEEFF, 0xEEDF, 0xEF1F, 0xEF1F, 0xEF1F, 0xEEFF, 0xEF1F,
    0xE6DF, 0xE6DF, 0xEEDF, 0xDE9F, 0xDE5E, 0xDE5E, 0xDE3E, 0xD65E, 0xDE5E, 0xDE3D, 0xD63D, 0xDE3E,
    0xE69F, 0xEEBF, 0xE69F, 0xDE5E, 0xE69F, 0xEEBF, 0xE69E, 0xEEBF, 0xEEBE, 0xE67E, 0xDE5D, 0xDE3D,
    0xDE3D, 0xDE3D, 0xE69E, 0xE6BD, 0xE69D, 0xE67C, 0xDDF9, 0xE595, 0xF552, 0xF4AD, 0xEC08, 0xCB67,
    0xA243, 0xBB27, 0x81E3, 0x79E3, 0x69A2, 0x71C3, 0x71C3, 0x71C3, 0x7204, 0x69A3, 0x6182, 0x7204,
    0x71C3, 0x7A25, 0x7A66, 0x71C3, 0x7A04, 0x6982, 0x71A3, 0x7A25, 0x71C4, 0x8A87, 0x8A67, 0x8A46,
    0xA309, 0xAB08, 0xA2A7, 0xAB08, 0xBB6A, 0xE597, 0xE5FB, 0xDDDA, 0xDDFB, 0xE61C, 0xE61C, 0xEE5D,
    0xEE7D, 0xEE9E, 0xE65D, 0xDE1B, 0xDE1B, 0xDE3C, 0xDE3C, 0xDE1C, 0xCDBB, 0xCDBB, 0xCDBB, 0xCDBB,
    0xC5BB, 0xC59B, 0xCDBB, 0xD5FC, 0xDE3D, 0xDE1C, 0xD5FC, 0xDE3D, 0xDE3D, 0xDE5D, 0xDE7D, 0xDE7D,
    0xD63D, 0xDE5D, 0xDE5E, 0xDE3D, 0xD61D, 0xD61D, 0xD61D, 0xDE1D, 0xDE5E, 0xE65E, 0xE65E, 0xEE9F,
    0xEEBF, 0xEEDF, 0xE65E, 0xDE1D, 0xF73F, 0xE6FF, 0xDE9F, 0xDEBF, 0xEF1F, 0xEEFF, 0xEF1F, 0xEF1F,
    0xEF1F, 0xEEFF, 0xE6BF, 0xEEFF, 0xEEFF, 0xEF1F, 0xEEFF, 0xEF1F, 0xEEFF, 0xE6BF, 0xDE7F, 0xDE5F,
    0xDE5E, 0xDE5E, 0xD65E, 0xD65E, 0xD65E, 0xDE3E, 0xD63D, 0xDE7E, 0xE6BF, 0xEEBF, 0xE6BF, 0xE67E,
    0xDE5D, 0xE69E, 0xE69E, 0xE69E, 0xE69E, 0xE69E, 0xEE9E, 0xE67E, 0xD61C, 0xDE3C, 0xE69D, 0xE69D,
    0xE67C, 0xE67C, 0xE5D8, 0xF5B4, 0xFD92, 0xFD2F, 0xDBA7, 0xDBC8, 0xA243, 0x9203, 0x71A2, 0x6182,
    0x6182, 0x69A2, 0x69A3, 0x71C3, 0x71E4, 0x6182, 0x5941, 0x69A2, 0x69A2, 0x71C3, 0x7A25, 0x71C3,
    0x7A25, 0x69A3, 0x8245, 0x7A25, 0x71E5, 0x8A67, 0x8226, 0x8226, 0x9266, 0x9266, 0x9266, 0x9AA7,
    0xA2E7, 0xCCB2, 0xE5FB, 0xDDFA, 0xE63C, 0xE63D, 0xEE5D, 0xEE7D, 0xEE7D, 0xEE7D, 0xE63C, 0xE63C,
    0xE65D, 0xE65D, 0xEE7D, 0xE67D, 0xD5DC, 0xCDBB, 0xCDDB, 0xCDBB, 0xCDBB, 0xCDBB, 0xC5BB, 0xCDFC,
    0xDE3D, 0xDE3D, 0xDE3D, 0xDE7E, 0xDE5D, 0xDE3D, 0xDE5D, 0xDE5D, 0xD63D, 0xDE5E, 0xE6BF, 0xE69F,
    0xEEBF, 0xEEBF, 0xEE9F, 0xEE7F, 0xEE9F, 0xEE9F, 0xDE3E, 0xE65E, 0xE67E, 0xDE3E, 0xDE1D, 0xD5FD,
    0xEF3F, 0xE6DF, 0xDE9F, 0xDEBF, 0xEEFF, 0xEEDF, 0xEEFF, 0xEF1F, 0xEF1F, 0xEEFF, 0xEEDF, 0xEF1F,
    0xF73F, 0xF73F, 0xF73F, 0xEF1F, 0xE6DF, 0xDE7F, 0xD65F, 0xDE5F, 0xDE5E, 0xD65E, 0xD65E, 0xD65E,
    0xD65E, 0xD65E, 0xD63E, 0xE69F, 0xE6DF, 0xEEDF, 0xEEBF, 0xEEBF, 0xE69E, 0xDE7E, 0xE6BF, 0xEEBF,
    0xEEDF, 0xEEBF, 0xEEBF, 0xEEDF, 0xDE3C, 0xD63C, 0xEEBD, 0xEE9D, 0xE65C, 0xEE3A, 0xE4CF, 0xFD50,
    0xFD0D, 0xE3E8, 0xC2E5, 0xBAA4, 0xA223, 0x79C2, 0x7A04, 0x6182, 0x69A3, 0x61A3, 0x61A2, 0x69A3,
    0x69A3, 0x6162, 0x5941, 0x69A2, 0x69C3, 0x69A2, 0x71E3, 0x71A3, 0x79E4, 0x71E4, 0x8245, 0x71E4,
    0x7A05, 0x8266, 0x8226, 0x8226, 0x79E4, 0x8205, 0x8225, 0x9266, 0x9AA7, 0xBC2E, 0xE5FB, 0xE61B,
    0xE63D, 0xEE5D, 0xEE7D, 0xEE7D, 0xEE9E, 0xE63C, 0xE63C, 0xEE7D, 0xE65D, 0xE65D, 0xE67E, 0xE65D,
    0xD5DC, 0xCDBB, 0xCDDB, 0xCDBB, 0xCDBB, 0xCDBB, 0xCDBB, 0xCDBB, 0xD5FC, 0xD63D, 0xDE5D, 0xE67E,
    0xDE5D, 0xDE5E, 0xDE7E, 0xDE7E, 0xD61D, 0xDE5E, 0xE69F, 0xE69E, 0xEE9F, 0xEEBF, 0xEE9F, 0xEE7E,
    0xEEDF, 0xEEDF, 0xE65E, 0xEE9F, 0xF6FF, 0xE67E, 0xDE1D, 0xD5FD, 0xF73F, 0xE6DF, 0xDE9F, 0xDEBF,
    0xEEFF, 0xEEFF, 0xEF1F, 0xEF3F, 0xEF3F, 0xEF1F, 0xE6DF, 0xEEFF, 0xEEFF, 0xEEFF, 0xDEBF, 0xDE7F,
    0xDE7F, 0xD67F, 0xD65F, 0xD65F, 0xD65E, 0xDE5E, 0xD65E, 0xD65E, 0xD65E, 0xD65E, 0xD65E, 0xDE9F,
    0xE6DF, 0xEEDF, 0xEEBF, 0xEEBF, 0xEEBF, 0xDE7D, 0xDE7E, 0xEEBF, 0xEEBF, 0xEEBF, 0xEEBE, 0xE69E,
    0xDE3D, 0xD61C, 0xD63C, 0xDE3B, 0xCDD8, 0xF5D5, 0xD3E9, 0xE408, 0xE428, 0xCB25, 0xC2E5, 0xBAC5,
    0xA264, 0x79C3, 0x7A04, 0x61A3, 0x69A3, 0x69A3, 0x69C3, 0x69C3, 0x61A3, 0x5962, 0x6182, 0x69A2,
    0x71C3, 0x71E3, 0x71C3, 0x71C3, 0x79E4, 0x8225, 0x7A05, 0x8225, 0x8A66, 0x92A8, 0x8246, 0x8226,
    0x79E5, 0x79E4, 0x8225, 0x8225, 0x9266, 0xB3CC, 0xE5DA, 0xE5FB, 0xEE5C, 0xEE7D, 0xEE7D, 0xF69E,
    0xEE5D, 0xE61C, 0xE65D, 0xEE7D, 0xE65D, 0xE65D, 0xE67E, 0xE67E, 0xD5FC, 0xCDBB, 0xCDDB, 0xCDBB,
    0xCDBB, 0xCDBB, 0xCDBB, 0xCDBB, 0xCDBB, 0xCDDB, 0xD61C, 0xDE5D, 0xDE5D, 0xDE5D, 0xDE7E, 0xDE5D,
    0xD63D, 0xDE5E, 0xE67E, 0xE67E, 0xE67E, 0xEE9F, 0xE67E, 0xE65E, 0xEEBF, 0xEEBF, 0xE63E, 0xE67E,
    0xF6DF, 0xE65E, 0xDE1D, 0xD5FD, 0xF73F, 0xE6DF, 0xE6DF, 0xE6DF, 0xE6FF, 0xE6DF, 0xE6DF, 0xE6DF,
    0xE6DF, 0xE6DF, 0xDE9F, 0xE6BF, 0xEEFF, 0xDE7F, 0xD65F, 0xD65F, 0xDE5F, 0xDE5F, 0xD65F, 0xD65F,
    0xD65E, 0xD65E, 0xD65E, 0xDE5E, 0xDE5E, 0xDE5E, 0xD65E, 0xDE7E, 0xEEFF, 0xEEFF, 0xEEFF, 0xEEDF,
    0xF6FF, 0xEEDF, 0xDE7E, 0xDE7E, 0xDE7E, 0xDE5D, 0xDE5D, 0xDE5D, 0xD63C, 0xDE5D, 0xE67D, 0xD5D9,
    0xCCD1, 0xFD91, 0xD3C8, 0xCB46, 0xD3A7, 0xC326, 0xC305, 0xD3A7, 0x9A64, 0x8204, 0x71C3, 0x69C3,
    0x6182, 0x69A3, 0x71E3, 0x69A2, 0x69C3, 0x61A3, 0x69E3, 0x71E3, 0x7A24, 0x8265, 0x8AA7, 0x92E8,
    0x9B0A, 0x9B4B, 0xA36C, 0xAB8C, 0xAB8D, 0xABCD, 0xAB8C, 0x8A88, 0x8226, 0x79E5, 0x8225, 0x7A05,
    0x8A66, 0xAB6A, 0xE5B8, 0xE5DB, 0xE61C, 0xEE5D, 0xEE7D, 0xEE7D, 0xEE7D, 0xEE7E, 0xEE9E, 0xEE9E,
    0xE67D, 0xE65D, 0xEE9E, 0xE67E, 0xD5DB, 0xCDBB, 0xCDBB, 0xCDBB, 0xCDBB, 0xCDBB, 0xCDBB, 0xCDBB,
    0xCDBB, 0xCDDB, 0xCDDB, 0xCDFC, 0xD61C, 0xD63D, 0xDE7E, 0xDE7E, 0xDE5E, 0xE69F, 0xEE9F, 0xEE9F,
    0xEE9F, 0xEEBF, 0xE69E, 0xE65E, 0xEEDF, 0xEEDF, 0xDE3E, 0xE65E, 0xEEDF, 0xE65E, 0xD5FD, 0xD5FD,
    0xE6DF, 0xDE9F, 0xDEBF, 0xE6BF, 0xDEBF, 0xE6DF, 0xE6FF, 0xE6FF, 0xEF1F, 0xF73F, 0xE6DF, 0xEEFF,
    0xEF1F, 0xDE7F, 0xD65F, 0xD67F, 0xDE5F, 0xDE5F, 0xD65F, 0xD65F, 0xD65E, 0xD65E, 0xDE5E, 0xDE5E,
    0xDE5E, 0xD65E, 0xDE5E, 0xDE5E, 0xE69E, 0xE69E, 0xDE7E, 0xDE7E, 0xE67E, 0xE67E, 0xDE7E, 0xDE5D,
    0xE69E, 0xE6BF, 0xEEDF, 0xEEDE, 0xE67D, 0xE69D, 0xE6BE, 0xCD56, 0xCC2B, 0xFD2E, 0xF4EC, 0xD3C8,
    0xCB46, 0xCB46, 0xB2C5, 0xBB05, 0x9A44, 0x9244, 0x79E4, 0x7A25, 0x7A04, 0x7A25, 0x8265, 0x8266,
    0x8286, 0x82A7, 0x8286, 0x8AA6, 0x92E7, 0x9B29, 0xABCC, 0xBC2F, 0xBC91, 0xC492, 0xC4B2, 0xCCB2,
    0xCC92, 0xC492, 0xC471, 0xB3EF, 0x8A89, 0x7A06, 0x7A05, 0x79E5, 0x8226, 0xA329, 0xE596, 0xE5FB,
    0xEE5C, 0xE65C, 0xDE1B, 0xD5FB, 0xDE3D, 0xE65D, 0xE65E, 0xE65D, 0xE65D, 0xE67D, 0xDE3D, 0xCDDB,
    0xCDBB, 0xCDBB, 0xCDBB, 0xCDBB, 0xCDBB, 0xCDBB, 0xCDBB, 0xCDBC, 0xCDBB, 0xCDBB, 0xC5BB, 0xC59B,
    0xC59B, 0xC59B, 0xCDDB, 0xCE1C, 0xCDDC, 0xD61D, 0xDE3E, 0xE65E, 0xE67E, 0xE69F, 0xE69F, 0xE67E,
    0xEEDF, 0xEEDF, 0xDE5E, 0xE67E, 0xE69F, 0xDE1D, 0xD5FD, 0xD5FC, 0xE6FF, 0xDE7F, 0xE6DF, 0xE6FF,
    0xE6DF, 0xEF3F, 0xEF3F, 0xEF1F, 0xEF1F, 0xF73F, 0xEEFF, 0xE6FF, 0xE6DF, 0xDE5F, 0xD65F, 0xD67F,
    0xD67F, 0xDE5F, 0xDE5F, 0xD65F, 0xD65E, 0xDE5F, 0xDE5E, 0xDE5E, 0xDE5E, 0xD65E, 0xDE5E, 0xDE5D,
    0xD65D, 0xDE5E, 0xE69F, 0xEEDF, 0xEEFF, 0xEEFF, 0xE6BF, 0xE6BE, 0xE67D, 0xE67E, 0xEEDE, 0xEEBE,
    0xDE5D, 0xDE7D, 0xEEBE, 0xCD35, 0xD46B, 0xDC08, 0xF4AB, 0xFD0D, 0xD3C8, 0xBAE5, 0xAAA4, 0xA264,
    0x9A85, 0x9265, 0x9286, 0x9AE8, 0xA329, 0xA38B, 0xB3CC, 0xB3ED, 0xB40D, 0xB40D, 0xB3ED, 0xA38B,
    0xABAC, 0xBC2F, 0xC491, 0xC4B2, 0xC492, 0xC492, 0xCC92, 0xCC93, 0xCCB3, 0xCC93, 0xCC72, 0xCC93,
    0xB3CF, 0x8247, 0x79E5, 0x79E5, 0x8225, 0xA308, 0xDD74, 0xE61B, 0xEE5C, 0xE65C, 0xDE1B, 0xE65D,
    0xE65D, 0xE65D, 0xE65D, 0xDE3D, 0xD5FC, 0xD5FC, 0xCDDB, 0xCDBB, 0xCDBB, 0xCDBB, 0xCDBB, 0xCDBB,
    0xCDBC, 0xCDBB, 0xCDBB, 0xCDDC, 0xCDDC, 0xCDDC, 0xCDDC, 0xC5BB, 0xC59B, 0xC59B, 0xCDFC, 0xD63D,
    0xD63D, 0xDE5E, 0xDE5E, 0xDE3D, 0xD61D, 0xD61D, 0xD5FC, 0xDE3D, 0xE69E, 0xE69E, 0xDE5E, 0xE67E,
    0xE67E, 0xD5FD, 0xCDFC, 0xCDFC, 0xEF1F, 0xDE9F, 0xE6FF, 0xE6FF, 0xE6DF, 0xEF3F, 0xEF3F, 0xF73F,
    0xF73F, 0xF75F, 0xEEFF, 0xE6FF, 0xEEFF, 0xDE7F, 0xDE5F, 0xDE7F, 0xDE7F, 0xDE5F, 0xDE5F, 0xDE5F,
    0xDE5F, 0xDE5F, 0xDE5E, 0xDE5E, 0xDE5E, 0xD65E, 0xD65D, 0xDE5E, 0xE6BF, 0xE69E, 0xE6DF, 0xEEFF,
    0xF71F, 0xEEFF, 0xEEFF, 0xEEFF, 0xE6BE, 0xDE7D, 0xEEDF, 0xEEDE, 0xDE5D, 0xE67D, 0xEEBE, 0xCD55,
    0xF56F, 0xED0E, 0xD3A8, 0xE409, 0xC346, 0xAA84, 0xAAA5, 0xAAA5, 0xA2E6, 0xAB4A, 0xB38B, 0xB3AC,
    0xB3AD, 0xBC0E, 0xC42F, 0xBC2F, 0xC450, 0xC450, 0xC450, 0xC450, 0xC450, 0xCCB2, 0xCCB2, 0xC492,
    0xC471, 0xCC52, 0xCC72, 0xCC72, 0xD493, 0xD493, 0xCC73, 0xCC73, 0xCC72, 0xA34C, 0x8247, 0x79E5,
    0x8226, 0x9AA7, 0xD532, 0xE63B, 0xEE5D, 0xE63C, 0xE65C, 0xEE9E, 0xEE9E, 0xEE9E, 0xEEBE, 0xEEBF,
    0xE67E, 0xD5FC, 0xDE3C, 0xD5DC, 0xCDBB, 0xCDBB, 0xCDDB, 0xCDDB, 0xCDBB, 0xCDBB, 0xCDBB, 0xCDDC,
    0xCDDC, 0xCDFC, 0xCDDC, 0xC5BB, 0xC59B, 0xC59B, 0xC5BB, 0xCDFC, 0xDE3D, 0xE67E, 0xE69F, 0xE6BF,
    0xE6BF, 0xE6BF, 0xDE7E, 0xDE5E, 0xE69E, 0xDE5E, 0xD61D, 0xD61D, 0xDE3D, 0xCDFC, 0xCDDC, 0xCDFC,
    0xE6FF, 0xDE9F, 0xE6FF, 0xE6FF, 0xE6BF, 0xEF3F, 0xEF3F, 0xEF3F, 0xEF3F, 0xEF3F, 0xE6FF, 0xEEFF,
    0xEEFF, 0xDE7F, 0xDE7F, 0xDE7F, 0xDE7F, 0xDE7F, 0xDE5F, 0xDE5F, 0xDE5E, 0xDE5E, 0xDE5E, 0xDE5E,
    0xD65E, 0xD65E, 0xDE5E, 0xE69E, 0xEEDF, 0xE6BF, 0xDE7E, 0xEEDF, 0xEEFF, 0xEEDF, 0xEEDF, 0xEEDF,
    0xEEDE, 0xDE7D, 0xE69D, 0xEEDE, 0xDE7D, 0xE69D, 0xEEDE, 0xDE19, 0xFDF2, 0xFE53, 0xECCD, 0xB2C5,
    0xA264, 0x9A64, 0x9A84, 0xA2E7, 0xB3AB, 0xB3CD, 0xBBCD, 0xB3AD, 0xB38C, 0xBBCE, 0xC40F, 0xC42F,
    0xC410, 0xC430, 0xC430, 0xC450, 0xC451, 0xC472, 0xCC92, 0xC472, 0xCC52, 0xCC52, 0xCC52, 0xD473,
    0xD473, 0xD473, 0xD473, 0xCC73, 0xCC73, 0xB3CF, 0x92AA, 0x8247, 0x8227, 0x8A66, 0xCCB0, 0xE61A,
    0xE5FA, 0xE61B, 0xE63C, 0xE65D, 0xEE7D, 0xEE7D, 0xEE9E, 0xE67E, 0xD5FB, 0xDE3D, 0xE67E, 0xDE3D,
    0xCDDC, 0xCDDC, 0xCDDC, 0xCDDB, 0xCDDC, 0xCDBC, 0xCDBC, 0xCDDC, 0xCDDC, 0xCDDC, 0xCDDC, 0xCDBB,
    0xC5BB, 0xC59B, 0xC59B, 0xC5BB, 0xD61D, 0xE67E, 0xE67F, 0xE69F, 0xE69E, 0xE69E, 0xDE5D, 0xDE7E,
    0xEEBF, 0xEEBF, 0xE65E, 0xDE3D, 0xD61D, 0xCDFC, 0xCDFC, 0xCDFC, 0xE6FF, 0xDE9F, 0xE6FF, 0xE71F,
    0xE6BF, 0xEF3F, 0xF75F, 0xEF3F, 0xF73F, 0xF75F, 0xEF1F, 0xEF1F, 0xEF1F, 0xDE9F, 0xDE7F, 0xDE5F,
    0xDE5F, 0xDE5F, 0xDE5F, 0xDE5F, 0xDE5E, 0xDE5E, 0xDE5E, 0xDE5E, 0xDE5E, 0xD65E, 0xDE7E, 0xE6DF,
    0xEEFF, 0xEF1F, 0xE6BF, 0xE69E, 0xEEFF, 0xEEFF, 0xEEDF, 0xEEDE, 0xEEFF, 0xEEDE, 0xE69E, 0xDE7D,
    0xE67D, 0xE67D, 0xDE5C, 0xE65C, 0xFE36, 0xFDF2, 0xECCD, 0xAAA5, 0x9224, 0x8A24, 0x92A6, 0xABAB,
    0xB3ED, 0xB3CD, 0xBBCD, 0xB3AC, 0xB38C, 0xBBAD, 0xBBEE, 0xC40F, 0xC410, 0xC410, 0xC430, 0xC430,
    0xC430, 0xC451, 0xCC72, 0xCC52, 0xCC52, 0xCC52, 0xCC52, 0xD473, 0xD473, 0xD493, 0xD473, 0xD473,
    0xCC73, 0xBC11, 0xA30C, 0x9289, 0x8247, 0x8A46, 0xC42E, 0xE619, 0xDE1B, 0xEE5C, 0xEE7D, 0xEE7D,
    0xEE9D, 0xEE9E, 0xEE9E, 0xE67D, 0xDE3D, 0xE69F, 0xEE9F, 0xE67E, 0xD5FC, 0xCDBC, 0xCDBC, 0xCDBC,
    0xCDDC, 0xCDBC, 0xCDBC, 0xCDDC, 0xCDDC, 0xCDDC, 0xCDDC, 0xCDBB, 0xC59B, 0xC59B, 0xC59B, 0xCDDB,
    0xDE5E, 0xE67E, 0xE69F, 0xE69F, 0xE6BF, 0xE69E, 0xDE5D, 0xE69E, 0xEEBF, 0xEEBF, 0xE67E, 0xD63D,
    0xD5FD, 0xCDDC, 0xCDDC, 0xCDFC, 0xEEFF, 0xDEBF, 0xEF1F, 0xEF3F, 0xEEFF, 0xEF3F, 0xEF1F, 0xEF1F,
    0xE6FF, 0xE6FF, 0xDEBF, 0xDE9F, 0xDE9F, 0xDE9F, 0xDE7F, 0xDE7F, 0xDE5F, 0xDE5F, 0xDE5F, 0xDE5E,
    0xDE5E, 0xDE5E, 0xDE5E, 0xD65E, 0xD65E, 0xD65E, 0xDE9F, 0xEEDF, 0xEEFF, 0xF71F, 0xEF1F, 0xE6BF,
    0xEEFF, 0xEF1F, 0xEEFF, 0xE6DE, 0xE69E, 0xDE7D, 0xDE7D, 0xD63C, 0xD5FB, 0xD61B, 0xDE3C, 0xE67C,
    0xFE58, 0xFDB2, 0xBAC6, 0x89C3, 0x8A24, 0x8A45, 0x9B09, 0xB3ED, 0xB3ED, 0xBBCD, 0xBBAD, 0xB38C,
    0xB38C, 0xBB8C, 0xBBAE, 0xC3EF, 0xC40F, 0xC410, 0xC430, 0xCC30, 0xC430, 0xCC31, 0xCC52, 0xCC52,
    0xCC52, 0xCC32, 0xCC52, 0xD473, 0xD473, 0xD493, 0xD494, 0xD473, 0xCC53, 0xC432, 0xAB4D, 0x92AA,
    0x8267, 0x8246, 0xBBCB, 0xE5F8, 0xDE1B, 0xE65C, 0xEE7D, 0xEE9D, 0xEE9E, 0xEE9E, 0xE65D, 0xDE3C,
    0xE67E, 0xE67E, 0xE67E, 0xE67E, 0xDE1D, 0xD5DC, 0xCDBC, 0xCDBC, 0xCDBC, 0xCDBC, 0xCDBC, 0xCDDC,
    0xCDDC, 0xCDDC, 0xCDDC, 0xCDBB, 0xCDBB, 0xC5BB, 0xC5BB, 0xCDFC, 0xDE5E, 0xDE5E, 0xE67E, 0xE67E,
    0xE69E, 0xE67E, 0xDE5D, 0xDE7E, 0xE67E, 0xE69E, 0xDE5D, 0xD5FD, 0xCDFC, 0xCDDC, 0xCDDC, 0xCDFC,
    0xE6DF, 0xDEBF, 0xE6FF, 0xE6FF, 0xDEBF, 0xE6DF, 0xE6FF, 0xEF1F, 0xEF1F, 0xE6FF, 0xDE9F, 0xDE7F,
    0xDE9F, 0xDE9F, 0xDE7F, 0xD67F, 0xDE5F, 0xDE5F, 0xDE5F, 0xDE5F, 0xDE5E, 0xDE5E, 0xDE5E, 0xDE5E,
    0xDE5E, 0xDE9F, 0xEEDF, 0xEEFF, 0xEEDF, 0xE6BF, 0xE69E, 0xDE7E, 0xD65D, 0xDE7D, 0xD65D, 0xDE5D,
    0xDE7D, 0xDE7D, 0xE69E, 0xDE5D, 0xD63C, 0xEEBE, 0xEEDE, 0xEEBD, 0xFE58, 0xFD71, 0xD328, 0x9A24,
    0x8204, 0x8A66, 0x9B4A, 0xB3CD, 0xB3CD, 0xBBCD, 0xBBAD, 0xB38C, 0xB38C, 0xB38C, 0xBB8D, 0xBBCE,
    0xC3EF, 0xC40F, 0xCC30, 0xCC30, 0xCC10, 0xC410, 0xCC31, 0xCC32, 0xCC32, 0xCC32, 0xCC52, 0xD453,
    0xD473, 0xD474, 0xD494, 0xD474, 0xCC53, 0xC432, 0xB36E, 0x92AA, 0x8A68, 0x8246, 0xB3AA, 0xE5F7,
    0xD5DA, 0xD5D9, 0xCDBA, 0xD5DA, 0xD5FB, 0xD5FC, 0xD5DC, 0xDE5D, 0xE69E, 0xEE9E, 0xEE9E, 0xE67E,
    0xE65D, 0xD5FC, 0xCDDC, 0xCDDC, 0xCDDC, 0xCDDC, 0xCDBC, 0xCDBC, 0xCDDC, 0xCDDC, 0xCDDC, 0xCDDC,
    0xCDBB, 0xCDBB, 0xCDBB, 0xCDFC, 0xDE5D, 0xDE5E, 0xE67E, 0xE69E, 0xE69E, 0xDE7E, 0xDE3D, 0xDE9E,
    0xE69E, 0xEEBE, 0xDE5D, 0xD5FD, 0xCDDC, 0xCDDC, 0xCDDC, 0xC5DC, 0xDEBF, 0xDEBF, 0xE71F, 0xEF1F,
    0xDEDF, 0xEF3F, 0xF75F, 0xEF1F, 0xE6DF, 0xDEBF, 0xDE9F, 0xDE9F, 0xDE9F, 0xDE9F, 0xD67F, 0xD67F,
    0xDE7F, 0xDE7F, 0xDE7F, 0xDE5F, 0xDE5F, 0xDE5F, 0xDE5E, 0xDE5E, 0xDE7E, 0xDE7E, 0xDE7E, 0xDE7E,
    0xDE9E, 0xDEBE, 0xE6DE, 0xEEFE, 0xE6FF, 0xE6DE, 0xF73F, 0xF73F, 0xF71F, 0xF6FF, 0xF6FF, 0xE69E,
    0xDE3C, 0xE6BE, 0xEEDE, 0xEEBD, 0xF659, 0xFD51, 0xC2A6, 0x9204, 0x8A25, 0x8A86, 0x9B4A, 0xB3CD,
    0xBBCD, 0xB3AD, 0xB38C, 0xB36C, 0xB36C, 0xB38C, 0xBB8D, 0xBBAD, 0xC3CE, 0xC3EF, 0xCC10, 0xCC31,
    0xCC31, 0xCC11, 0xCC11, 0xCC31, 0xCC32, 0xCC32, 0xCC52, 0xD452, 0xD473, 0xD474, 0xD474, 0xD474,
    0xCC53, 0xCC32, 0xB38F, 0x9ACA, 0x8A88, 0x8266, 0xAB8A, 0xE5D7, 0xE67C, 0xEE9C, 0xEE9C, 0xE67D,
    0xE65D, 0xDE1C, 0xD5FC, 0xD5DC, 0xCDBB, 0xD5FC, 0xDE1C, 0xDE3D, 0xE65D, 0xE65D, 0xD5FC, 0xCDDC,
    0xCDDC, 0xCDDC, 0xCDBC, 0xCDBC, 0xCDDC, 0xD5DC, 0xCDDC, 0xCDDC, 0xCDBB, 0xCDBB, 0xC5BB, 0xCDDB,
    0xCDFC, 0xD63D, 0xDE5D, 0xD63D, 0xD63D, 0xD61C, 0xD63D, 0xDE7E, 0xE69E, 0xE69E, 0xE67E, 0xD61D,
    0xCDDC, 0xCDDC, 0xCDDC, 0xCDDC, 0xE6DF, 0xE6DF, 0xF75F, 0xF75F, 0xE6FF, 0xE71F, 0xDEDF, 0xD69F,
    0xD69F, 0xD69F, 0xDE9F, 0xDE9F, 0xDE9F, 0xDE9F, 0xD69F, 0xD67F, 0xDE7F, 0xDE7F, 0xDE7F, 0xDE7F,
    0xDE5F, 0xDE5F, 0xDE5E, 0xD65E, 0xD65E, 0xDE7E, 0xDEBF, 0xEF1F, 0xEF3F, 0xEF3F, 0xEF1F, 0xEF1F,
    0xE6DF, 0xE6DE, 0xF73F, 0xF71F, 0xF6FF, 0xEEDF, 0xF6FF, 0xE69E, 0xD63C, 0xE6BE, 0xEEDE, 0xE69D,
    0xEE19, 0xFD10, 0xB245, 0x89E4, 0x8225, 0x8286, 0x9B2A, 0xB3AD, 0xB3AD, 0xB38C, 0xB38C, 0xB36C,
    0xB36C, 0xB38C, 0xBB6C, 0xBB8D, 0xBBAE, 0xC3CE, 0xC410, 0xCC31, 0xCC31, 0xCC31, 0xCC11, 0xCC11,
    0xCC31, 0xCC32, 0xD452, 0xD473, 0xD474, 0xD474, 0xD474, 0xD473, 0xCC53, 0xCC53, 0xBBD0, 0x9ACB,
    0x8A88, 0x8A87, 0xABCB, 0xE5F8, 0xE67C, 0xE67C, 0xE65C, 0xE67D, 0xEE9D, 0xE65D, 0xE65D, 0xE67E,
    0xE65D, 0xDE3C, 0xDE1C, 0xDE1C, 0xCDBB, 0xCD9B, 0xCDBB, 0xCDBB, 0xCDDC, 0xCDDC, 0xCDBC, 0xCDBC,
    0xCDDC, 0xCDDC, 0xCDDC, 0xCDDC, 0xCDBB, 0xCDBB, 0xCDBB, 0xCDDB, 0xCDDC, 0xD61D, 0xDE7E, 0xE69F,
    0xDE9E, 0xD63D, 0xDE5E, 0xD63D, 0xD63D, 0xD63C, 0xD61C, 0xCDFC, 0xCDFC, 0xC5FC, 0xC5DC, 0xC5FC,
    0xDEBF, 0xE6FF, 0xF75F, 0xEF3F, 0xE6DF, 0xDEBF, 0xDE9F, 0xDE9F, 0xD69F, 0xD69F, 0xD69F, 0xD69F,
    0xD69F, 0xD69F, 0xD69F, 0xD67F, 0xD67F, 0xDE7F, 0xDE7F, 0xDE7F, 0xD65F, 0xD65E, 0xDE5E, 0xD65E,
    0xD65E, 0xD65E, 0xDE7E, 0xE69E, 0xEEFF, 0xEF1F, 0xEF1F, 0xF75F, 0xE6DF, 0xE6DE, 0xF73F, 0xF71F,
    0xEEFF, 0xEEDE, 0xEEFF, 0xE6BE, 0xDE5C, 0xEEBE, 0xEEBE, 0xE69D, 0xEE19, 0xFD31, 0xB285, 0x8A04,
    0x8224, 0x8286, 0x9B4A, 0xB3AC, 0xB3AD, 0xB38C, 0xB38C, 0xB36C, 0xB36C, 0xB38D, 0xBB8D, 0xBB8D,
    0xBBAE, 0xC3CE, 0xC410, 0xCC31, 0xCC52, 0xCC52, 0xCC10, 0xC3F0, 0xCC11, 0xCC52, 0xD473, 0xD473,
    0xD474, 0xD474, 0xD473, 0xCC73, 0xCC53, 0xC453, 0xC412, 0x9AEB, 0x8A88, 0x8A87, 0xBC6E, 0xE639,
    0xE67C, 0xE67C, 0xE67C, 0xEE9D, 0xEE9D, 0xE65D, 0xE67D, 0xEE9E, 0xEEBE, 0xEEBE, 0xEEBE, 0xE67D,
    0xD5FC, 0xCDBB, 0xCDBB, 0xCDDB, 0xCDDB, 0xCDBB, 0xCDBB, 0xCDBC, 0xCDDC, 0xCDDC, 0xCDDC, 0xCDBC,
    0xCDBC, 0xCDBB, 0xCDDB, 0xCDDC, 0xCDFC, 0xCDFC, 0xCDFC, 0xD61D, 0xDE5D, 0xDE7E, 0xE69F, 0xE6BF,
    0xE6BF, 0xE6BE, 0xDE9E, 0xCDFC, 0xCDFC, 0xCDFC, 0xC5DC, 0xCDFC, 0xE6DF, 0xEF1F, 0xEF1F, 0xDEBF,
    0xDE9F, 0xDE9F, 0xDE9F, 0xDE9F, 0xDE9F, 0xDE9F, 0xD69F, 0xD69F, 0xD69F, 0xDE9F, 0xD69F, 0xD67F,
    0xD67F, 0xD67F, 0xDE5F, 0xDE5F, 0xD65F, 0xD65E, 0xD65E, 0xDE3E, 0xDE3E, 0xD65E, 0xD65E, 0xD65E,
    0xD65E, 0xD65E, 0xD65E, 0xDE9E, 0xE6BE, 0xEEDF, 0xF71F, 0xF6FF, 0xEEDF, 0xEEDE, 0xEEFF, 0xDE9D,
    0xDE3C, 0xEEBE, 0xEEBD, 0xE69D, 0xEE3A, 0xFD92, 0xBAE7, 0x9204, 0x8224, 0x8287, 0x9B2A, 0xB3AD,
    0xB38C, 0xB38C, 0xB38C, 0xB36C, 0xAB4B, 0xAB2B, 0xAB2B, 0xAB2B, 0xAB4C, 0xB36D, 0xC3AE, 0xCC10,
    0xCC31, 0xCC52, 0xC410, 0xBBAF, 0xBBAE, 0xB36D, 0xB32D, 0xB34E, 0xB36E, 0xBBAF, 0xBBD0, 0xC432,
    0xCC53, 0xC453, 0xC453, 0xA30C, 0x8A88, 0x9B09, 0xD573, 0xE65A, 0xE67C, 0xE67C, 0xE67C, 0xEE7D,
    0xEE7D, 0xE65D, 0xE65D, 0xE67D, 0xE65D, 0xDE1C, 0xCDDB, 0xC59A, 0xC59A, 0xCD9B, 0xCD9B, 0xCDBB,
    0xCDBB, 0xCDBB, 0xCDBB, 0xCDDC, 0xCDDC, 0xCDDC, 0xCDDC, 0xCDBC, 0xCDBC, 0xCDBB, 0xCDDB, 0xCDDC,
    0xCDDC, 0xCDDC, 0xCDDC, 0xCDDC, 0xCDDC, 0xCDFC, 0xD63D, 0xDE7E, 0xDE9E, 0xE69E, 0xE69E, 0xCDFC,
    0xCDDC, 0xC5FC, 0xC5DC, 0xC5FC, 0xDEDF, 0xDEBF, 0xD69F, 0xDE9F, 0xDE9F, 0xDE9F, 0xDE9F, 0xDE9F,
    0xDE9F, 0xDE9F, 0xDE9F, 0xDE9F, 0xDE9F, 0xDE9F, 0xDE9F, 0xDE7F, 0xDE7F, 0xDE7F, 0xD67F, 0xDE5F,
    0xD65F, 0xD65E, 0xD65E, 0xD65E, 0xD65E, 0xD65E, 0xD65E, 0xD65E, 0xD65E, 0xD65D, 0xD63D, 0xD63D,
    0xD63D, 0xDE7E, 0xEEDF, 0xEEDF, 0xEEDF, 0xEEBE, 0xEEFF, 0xE69D, 0xDE3C, 0xEEDE, 0xEEBD, 0xEEBD,
    0xE65B, 0xFD94, 0xC308, 0x9224, 0x8A45, 0x8287, 0x9B4B, 0xB38C, 0xB36C, 0xB38C, 0xAB2B, 0x9288,
    0x9247, 0x8A27, 0x8206, 0x81E6, 0x81E6, 0x9227, 0xA2A9, 0xB34B, 0xC3CE, 0xCC30, 0xCC10, 0xBBAF,
    0xBB6D, 0xAB0B, 0xA289, 0x9A69, 0x9A8A, 0xA2AB, 0xA2EB, 0xA2EC, 0xB34E, 0xC3D1, 0xC432, 0xAB6E,
    0x8A67, 0xBC2E, 0xEE37, 0xE63A, 0xEE7C, 0xEE7C, 0xEE7C, 0xEE9D, 0xF69E, 0xDE3D, 0xCDDB, 0xCDBB,
    0xCD9B, 0xCD9B, 0xCD9A, 0xCD9B, 0xCDBB, 0xCDBB, 0xCD9B, 0xCD9A, 0xCDBB, 0xCDBB, 0xCDBB, 0xCDBC,
    0xCDDC, 0xCDDC, 0xCDDC, 0xD5DB, 0xCDDB, 0xCDDB, 0xCDDB, 0xCDDC, 0xCDDC, 0xCDDC, 0xCDDC, 0xCDDC,
    0xCDDC, 0xCDDC, 0xCDDC, 0xD63D, 0xDE9E, 0xE6BF, 0xE69E, 0xCDFC, 0xC5DC, 0xC5DC, 0xC5DC, 0xC5FC,
    0xDEBF, 0xD69F, 0xD69F, 0xD69F, 0xDE9F, 0xDE9F, 0xDE9F, 0xDE9F, 0xDE9F, 0xDE9F, 0xDE9F, 0xDE9F,
    0xDE9F, 0xDE9F, 0xDE9F, 0xDE7F, 0xDE7F, 0xDE7F, 0xDE9F, 0xDE7F, 0xD65F, 0xD65F, 0xD65E, 0xD65E,
    0xD65E, 0xD65E, 0xD65E, 0xD65E, 0xD63D, 0xD63D, 0xD63D, 0xD63D, 0xD63D, 0xDE7E, 0xEEDF, 0xEEFF,
    0xEEDF, 0xEEDE, 0xEEDE, 0xDE7D, 0xDE5C, 0xE67D, 0xE67C, 0xDE5C, 0xD5FA, 0xF594, 0xC369, 0x9A44,
    0x8A45, 0x8286, 0xA36B, 0xB38C, 0xB36C, 0xAB2A, 0x9A88, 0x9AA8, 0xA2C9, 0xAB2B, 0xAB4B, 0xA30A,
    0xA2CA, 0x9A88, 0x9A47, 0xA288, 0xB32A, 0xC3EE, 0xCC51, 0xC3F0, 0xBBAE, 0xB36C, 0xB32C, 0xB34C,
    0xBBAE, 0xCC10, 0xCC31, 0xC410, 0xBB8F, 0xB34E, 0xBBF0, 0xB3AF, 0x8A47, 0xD512, 0xE638, 0xE63A,
    0xEE9C, 0xF6BD, 0xF6BD, 0xF6BE, 0xF69E, 0xDE1C, 0xCDBB, 0xCDBB, 0xCDBB, 0xCDBB, 0xCDBB, 0xCDBB,
    0xCDBB, 0xCDBB, 0xCD9B, 0xCDBA, 0xCDBB, 0xCDBB, 0xCDBB, 0xCDBC, 0xCDDC, 0xD5DC, 0xD5DC, 0xD5DC,
    0xCDDB, 0xCDDC, 0xCDDB, 0xCDFC, 0xCDFC, 0xCDFC, 0xCDDC, 0xCDDC, 0xCDDC, 0xCDDC, 0xC5DB, 0xC5DC,
    0xCE1D, 0xDE7E, 0xE69F, 0xCE1D, 0xC5DC, 0xC5DC, 0xC5DC, 0xC5FC, 0xD69F, 0xDE9F, 0xD69F, 0xD69F,
    0xD69F, 0xDE9F, 0xDE9F, 0xD69F, 0xDE9F, 0xDE9F, 0xDE9F, 0xDE9F, 0xDE9F, 0xDE9F, 0xD69F, 0xDE7F,
    0xDE7F, 0xDE9F, 0xE6DF, 0xDEBF, 0xD67F, 0xD65E, 0xDE5E, 0xDE5E, 0xD65E, 0xD65E, 0xD65E, 0xD65E,
    0xD65E, 0xD63D, 0xD63D, 0xD63D, 0xD63D, 0xDE7D, 0xE69E, 0xE69D, 0xDE7D, 0xDE7D, 0xE69D, 0xD63C,
    0xD63C, 0xE69D, 0xE69D, 0xEEBE, 0xE69D, 0xEDB7, 0xCBCB, 0x9A65, 0x8A44, 0x8A87, 0xA36B, 0xB3AD,
    0xAB4B, 0xA2EA, 0xA309, 0xAB2A, 0xBB6C, 0xBBAD, 0xBBCD, 0xBBCD, 0xAB4C, 0xAB0B, 0xA2A9, 0x9A67,
    0xAAC9, 0xBBAD, 0xD451, 0xD472, 0xCC51, 0xBB8E, 0xA2CB, 0x9269, 0x9A69, 0xAB0C, 0xB34D, 0xBBF0,
    0xCC52, 0xC3F1, 0xBBD0, 0xB3CF, 0x8A68, 0xD4F2, 0xEE38, 0xE619, 0xE61A, 0xDE1B, 0xE63B, 0xE63C,
    0xE61C, 0xD5DB, 0xCDBB, 0xCDBB, 0xCDBB, 0xCDBB, 0xCDBB, 0xCD9B, 0xCDBB, 0xCDBB, 0xCDBB, 0xCDBB,
    0xCDBB, 0xCDBB, 0xCDDB, 0xD5FC, 0xD5FC, 0xD5DC, 0xD5DC, 0xD5DC, 0xCDDC, 0xCDDC, 0xCDDC, 0xCDDC,
    0xCDFC, 0xCDFC, 0xCDDC, 0xCDDC, 0xCDDC, 0xCDDC, 0xCDDC, 0xCDFC, 0xCDFC, 0xCDFC, 0xD65E, 0xCE1D,
    0xC5DC, 0xC5DC, 0xC5DC, 0xC5FC, 0xD69F, 0xD69F, 0xD69F, 0xDE9F, 0xDE9F, 0xDE9F, 0xDE9F, 0xDE9F,
    0xDE9F, 0xDE9F, 0xDE9F, 0xDE9F, 0xDE9F, 0xDE9F, 0xDE9F, 0xDE9F, 0xDEBF, 0xE6FF, 0xEEFF, 0xE6DF,
    0xDE9F, 0xD65E, 0xDE5E, 0xDE5E, 0xDE5E, 0xDE5E, 0xDE5E, 0xDE5E, 0xD65E, 0xD63E, 0xD63D, 0xD63D,
    0xD63D, 0xDE7E, 0xEEFF, 0xEF1F, 0xEF1F, 0xF71F, 0xF71F, 0xDE7D, 0xDE5C, 0xEEDE, 0xF6FE, 0xF6DE,
    0xDE3C, 0xDD98, 0xDCB1, 0xA2A6, 0x8A44, 0x8AA7, 0xA38C, 0xABAD, 0xAB4B, 0xAB2B, 0xAB2B, 0xAB0A,
    0x9AA8, 0x8A27, 0x8A27, 0x9289, 0x9289, 0x8A69, 0xA2EB, 0xA2A9, 0xA2A9, 0xBB6C, 0xCC30, 0xD492,
    0xD492, 0xC3F0, 0xAB0C, 0x9A69, 0x926A, 0xAB0C, 0xA2EC, 0xAB2D, 0xBBD0, 0xC411, 0xC411, 0xB3EF,
    0x9268, 0xCC4F, 0xEE58, 0xE639, 0xEE7C, 0xEE7C, 0xEE5C, 0xE65C, 0xE63C, 0xD5DB, 0xCDBB, 0xCDBB,
    0xCDBB, 0xCDBB, 0xCDBB, 0xCDBB, 0xCDBB, 0xCDBB, 0xCDBB, 0xCDBB, 0xCDBB, 0xCDBB, 0xD5FC, 0xE65D,
    0xE69E, 0xDE3D, 0xD5DC, 0xD5DC, 0xD5DC, 0xD5DC, 0xD5DC, 0xCDFC, 0xD5FC, 0xD5FC, 0xD5DC, 0xCDDC,
    0xCDDC, 0xCDDC, 0xCDDC, 0xCDFC, 0xCDFC, 0xCDFC, 0xCE1C, 0xCDFC, 0xC5DC, 0xC5FC, 0xC5FC, 0xCDFC,
    0xD69F, 0xD69F, 0xDE9F, 0xDE9F, 0xDE9F, 0xDE9F, 0xDE9F, 0xDE9F, 0xDE9F, 0xDE9F, 0xDE9F, 0xDE9F,
    0xDE9F, 0xDE9F, 0xDE9F, 0xE6DF, 0xEEFF, 0xEF1F, 0xEEFF, 0xEEFF, 0xE6FF, 0xDE7F, 0xD65E, 0xDE5E,
    0xDE5E, 0xDE5E, 0xDE5E, 0xDE5E, 0xD65E, 0xD63D, 0xD63D, 0xD63D, 0xD63D, 0xDE5D, 0xE6BE, 0xEEFF,
    0xEEDE, 0xEEFF, 0xEEFE, 0xDE7D, 0xDE7D, 0xF6FF, 0xEEDE, 0xDE3C, 0xD5DA, 0xDD98, 0xDD35, 0xAB08,
    0x8A24, 0x92A7, 0xABAC, 0xABAC, 0xAB4B, 0xAB4B, 0xAB4B, 0xA2A9, 0x9247, 0x9288, 0x8A68, 0xA34C,
    0xA36D, 0x92CB, 0xA2EB, 0xA2EA, 0xA2C9, 0xB34B, 0xC40F, 0xCC51, 0xCC72, 0xCC71, 0xBBAF, 0xBBAF,
    0xC3F0, 0xC431, 0xCC72, 0xCC52, 0xC432, 0xC452, 0xCC52, 0xBBF0, 0x9AAA, 0xBB6C, 0xE595, 0xEE7A,
    0xEE9C, 0xEE9C, 0xEE9C, 0xEE9D, 0xE61C, 0xD5DB, 0xD5DB, 0xCDBB, 0xCDBB, 0xCDBB, 0xCDBB, 0xCDBB,
    0xCDBB, 0xCDBB, 0xCDBB, 0xCDBB, 0xCDBB, 0xCDBB, 0xD61C, 0xE67E, 0xEE9E, 0xEE9E, 0xE63D, 0xD5FC,
    0xD5DC, 0xD5DC, 0xD5FC, 0xD5DC, 0xD5FC, 0xD5FC, 0xD5DC, 0xD5FC, 0xCDFC, 0xCDFC, 0xCDDC, 0xCDDC,
    0xCDDC, 0xCDFC, 0xC5FC, 0xC5FC, 0xC5DC, 0xC5DC, 0xC5DC, 0xC5FC, 0xD69F, 0xDE9F, 0xDE9F, 0xDE9F,
    0xDE9F, 0xDE9F, 0xDE9F, 0xDE9F, 0xDE9F, 0xDE9F, 0xDE9F, 0xDE9F, 0xDE9F, 0xE6DF, 0xE6DF, 0xE6DF,
    0xE6DF, 0xEEFF, 0xEEFF, 0xE6BF, 0xE6BF, 0xE6BF, 0xDE7F, 0xDE5E, 0xDE5E, 0xDE5E, 0xDE5E, 0xD65E,
    0xD65E, 0xD63D, 0xD63D, 0xD63D, 0xD63D, 0xD63D, 0xDE7D, 0xEEDE, 0xEEFF, 0xEEDF, 0xEEDE, 0xDE5D,
    0xE67D, 0xE69E, 0xD61B, 0xD5FB, 0xD5FA, 0xDD98, 0xDD97, 0xB38B, 0x8A24, 0x92A7, 0xABAC, 0xABAC,
    0xB36B, 0xAB4B, 0xAB2B, 0xAB2B, 0xAB4C, 0xB38C, 0xBBEE, 0xB3EE, 0xA36D, 0xA30B, 0xA30B, 0xA2EA,
    0xAB0B, 0xB32B, 0xC3EF, 0xCC51, 0xCC51, 0xCC52, 0xC431, 0xBBF0, 0xBBD0, 0xBBF0, 0xC431, 0xCC72,
    0xD493, 0xCC93, 0xCC93, 0xC411, 0xAB2C, 0xC3AD, 0xC3AD, 0xEE5A, 0xEE9D, 0xEEBD, 0xEEBD, 0xDE1B,
    0xD5DB, 0xD5DB, 0xD5DB, 0xD5DB, 0xD5DB, 0xD5BB, 0xCDBB, 0xCDBB, 0xCDBB, 0xCDBB, 0xCDBB, 0xCDBB,
    0xCDBB, 0xCDFC, 0xDE5D, 0xE67D, 0xE69E, 0xEEBE, 0xE67E, 0xDE1D, 0xD61C, 0xD5DC, 0xD5DC, 0xD5FC,
    0xD5FC, 0xD5FC, 0xD5FC, 0xD5FC, 0xCDFC, 0xCDFC, 0xCDDC, 0xCDDC, 0xCDDC, 0xCDDC, 0xCDDC, 0xCDDC,
    0xCDDC, 0xC5FC, 0xC5FC, 0xC5FC, 0xDEBF, 0xDEBF, 0xDEBF, 0xDEBF, 0xDE9F, 0xDE9F, 0xDE9F, 0xDE9F,
    0xDE9F, 0xDE9F, 0xDE9F, 0xE6DF, 0xEF1F, 0xF75F, 0xFF7F, 0xEF1F, 0xE6DF, 0xE6DF, 0xE6BF, 0xE69F,
    0xEEFF, 0xF73F, 0xEEFF, 0xDE7F, 0xDE5E, 0xDE5E, 0xDE5E, 0xDE3E, 0xDE3D, 0xD63D, 0xD63D, 0xD63D,
    0xDE3D, 0xDE3D, 0xDE3D, 0xDE7D, 0xEEDE, 0xEEFF, 0xEEFF, 0xDE7D, 0xE67D, 0xDE1C, 0xD5FB, 0xD5FB,
    0xD5FA, 0xD5D9, 0xD5F9, 0xBC2E, 0x9244, 0x92A7, 0xABAD, 0xB3AD, 0xB36C, 0xAB4B, 0xAB4B, 0xB38C,
    0xB38D, 0xB36C, 0xAB6C, 0xAB4C, 0xA30B, 0xA2EA, 0xAAEB, 0xAB0B, 0xAB4C, 0xB32B, 0xC3CE, 0xCC31,
    0xCC51, 0xCC52, 0xCC52, 0xC431, 0xC410, 0xC3F0, 0xC411, 0xCC52, 0xD493, 0xD493, 0xCC73, 0xCC52,
    0xC3AF, 0xDC71, 0xC32B, 0xE5D9, 0xEEBD, 0xF6BE, 0xDE3C, 0xDDDB, 0xDDDB, 0xDDDB, 0xD5DB, 0xD5DB,
    0xD5DB, 0xCDBB, 0xCDBB, 0xCDBB, 0xCDBB, 0xCDBB, 0xCDBB, 0xCDBB, 0xD5FC, 0xDE3D, 0xDE5D, 0xE67D,
    0xEE9E, 0xEEBE, 0xE67E, 0xE69E, 0xEEBF, 0xE65E, 0xD61C, 0xD5FC, 0xD5FD, 0xD5FD, 0xD5FD, 0xD5FD,
    0xD5FC, 0xCDDC, 0xCDDC, 0xCDDC, 0xCDDB, 0xCDDB, 0xCDDC, 0xCDDC, 0xCDFC, 0xCDFC, 0xCDFC, 0xCDFC,
    0xDEBF, 0xDEBF, 0xDE9F, 0xDE9F, 0xDE9F, 0xDE9F, 0xDE9F, 0xDE9F, 0xDE9F, 0xDEBF, 0xEEFF, 0xEF3F,
    0xF75F, 0xF75F, 0xF73F, 0xEEFF, 0xEF1F, 0xF75F, 0xF73F, 0xEEDF, 0xEEFF, 0xF75F, 0xF71F, 0xEEDF,
    0xE69F, 0xDE5E, 0xDE5E, 0xDE5E, 0xDE3D, 0xDE3D, 0xDE3D, 0xDE3D, 0xDE3D, 0xDE3D, 0xD63D, 0xDE3D,
    0xDE5D, 0xE6BE, 0xEEFF, 0xDE7D, 0xD61C, 0xD61C, 0xD61B, 0xD5FB, 0xD5FA, 0xD598, 0xDCD4, 0xCB6C,
    0xA286, 0x92A7, 0xABAC, 0xB3AD, 0xAB8C, 0xAB6B, 0xAB4B, 0xB38C, 0xB38C, 0xB3AD, 0xB36C, 0xAB2B,
    0xAB0B, 0xAB0B, 0xAB0B, 0xAB2B, 0xB34C, 0xB34B, 0xC3CE, 0xCC51, 0xCC51, 0xCC51, 0xCC51, 0xCC52,
    0xCC31, 0xCC31, 0xCC11, 0xCC52, 0xD473, 0xD493, 0xCC53, 0xCC32, 0xC3CF, 0xE472, 0xD32C, 0xE598,
    0xEE9D, 0xE63C, 0xDDFB, 0xDDFB, 0xDDFB, 0xDDDB, 0xDDDC, 0xD5DB, 0xD5DB, 0xD5DB, 0xD5DB, 0xCDBB,
    0xCDBB, 0xCDBB, 0xCDDB, 0xDE3D, 0xE67E, 0xEEBF, 0xE69E, 0xDE3C, 0xDE3D, 0xDE1D, 0xE67E, 0xEEBF,
    0xF6DF, 0xF6DF, 0xE67E, 0xE63D, 0xDE1D, 0xD5FD, 0xD5FD, 0xD5FD, 0xD5FC, 0xD5DC, 0xCDDC, 0xCDDC,
    0xCDDB, 0xCDDB, 0xCDDB, 0xCDDC, 0xCDDC, 0xCDFC, 0xCDFC, 0xCDFC, 0xDEBF, 0xDEBF, 0xDEBF, 0xDE9F,
    0xDE9F, 0xDE9F, 0xDE9F, 0xDE9F, 0xDE9F, 0xEEFF, 0xF75F, 0xF75F, 0xEF3F, 0xEF1F, 0xEEFF, 0xF71F,
    0xF71F, 0xF73F, 0xF75F, 0xEF1F, 0xEEDF, 0xEEFF, 0xEEFF, 0xF71F, 0xF6FF, 0xDE7E, 0xDE5E, 0xDE5E,
    0xDE3E, 0xDE3E, 0xDE5E, 0xDE5E, 0xDE3D, 0xDE3D, 0xD63D, 0xDE3D, 0xDE3D, 0xDE7D, 0xEEDF, 0xDE7D,
    0xD61C, 0xD61C, 0xD61B, 0xD61B, 0xD5FA, 0xDBAF, 0xF269, 0xEA89, 0xCAE9, 0xA2C8, 0xABAC, 0xB3CD,
    0xB36C, 0xB36C, 0xB34B, 0xB34B, 0xB38C, 0xB38C, 0xB34C, 0xAB2B, 0xAB2B, 0xAB2B, 0xAB2B, 0xAB2C,
    0xB34C, 0xB34B, 0xC3CE, 0xCC51, 0xCC51, 0xCC51, 0xCC31, 0xCC31, 0xD472, 0xCC31, 0xCC31, 0xD473,
    0xD473, 0xD473, 0xCC52, 0xCC31, 0xC36F, 0xDBF0, 0xE410, 0xEDFA, 0xE63C, 0xDDFB, 0xDE1B, 0xDE1C,
    0xDDFC, 0xDDFC, 0xDDFC, 0xDDDC, 0xD5DC, 0xD5DC, 0xCDBB, 0xCDBB, 0xCDBB, 0xCDDB, 0xD61C, 0xE67E,
    0xE69E, 0xE69E, 0xE67E, 0xE69E, 0xEEBF, 0xEE9E, 0xE67E, 0xEE9E, 0xF6DF, 0xF6DF, 0xF6BE, 0xF6BF,
    0xEE9E, 0xDE3D, 0xD61D, 0xD61D, 0xD5FD, 0xD5FC, 0xCDDC, 0xCDDC, 0xCDDC, 0xCDDB, 0xCDDB, 0xCDDB,
    0xCDDC, 0xCDFC, 0xCDFC, 0xCDFC, 0xDEBF, 0xDEBF, 0xDE9F, 0xDE9F, 0xDE9F, 0xDE9F, 0xDE9F, 0xDE9F,
    0xE6FF, 0xEF3F, 0xF75F, 0xF77F, 0xF75F, 0xE6FF, 0xEF1F, 0xF75F, 0xF75F, 0xFF7F, 0xFF5F, 0xFF5F,
    0xF71F, 0xEEFF, 0xF71F, 0xF73F, 0xF73F, 0xE69F, 0xE67F, 0xE67F, 0xDE5E, 0xDE5E, 0xDE5E, 0xDE5E,
    0xDE5D, 0xD65D, 0xDE3D, 0xDE3D, 0xD63D, 0xD65D, 0xDE5D, 0xD63C, 0xD61C, 0xD61C, 0xD5FB, 0xD61B,
    0xCDB9, 0xEACC, 0xFACB, 0xFACB, 0xEACA, 0xC2E9, 0xB38B, 0xB3AC, 0xB36B, 0xB36C, 0xB34B, 0xB34B,
    0xB34B, 0xB34B, 0xB34B, 0xB32B, 0xB32B, 0xAB0B, 0xAB2B, 0xB32C, 0xB34C, 0xB34C, 0xC3CE, 0xCC51,
    0xCC52, 0xD452, 0xCC11, 0xC38E, 0xD431, 0xD472, 0xD473, 0xD493, 0xD473, 0xD453, 0xCC52, 0xCC32,
    0xBB6E, 0xD38E, 0xF536, 0xEE1B, 0xE61B, 0xE61B, 0xE61C, 0xE61C, 0xDE1C, 0xDDFC, 0xDDFC, 0xDDFC,
    0xD5FC, 0xD5DB, 0xCDBB, 0xCDBB, 0xD5BB, 0xD61C, 0xE67E, 0xE69E, 0xE69E, 0xE67D, 0xE69E, 0xEEDF,
    0xEEDF, 0xF6FF, 0xEEDF, 0xEE9E, 0xF6DF, 0xF6DF, 0xF6DF, 0xF6DF, 0xF6FF, 0xEE7E, 0xDE1D, 0xDE1D,
    0xD5FC, 0xD5FC, 0xCDDC, 0xCDDC, 0xCDDC, 0xCDBB, 0xCDDB, 0xCDDB, 0xCDDC, 0xCDFC, 0xCDFC, 0xCDFC,
    0xDE9F, 0xDE9F, 0xDE9F, 0xDE9F, 0xDE9F, 0xDE9F, 0xDE9F, 0xDEBF, 0xE6FF, 0xE6FF, 0xEF1F, 0xEF3F,
    0xEF1F, 0xE6FF, 0xEF3F, 0xF75F, 0xF73F, 0xF75F, 0xF75F, 0xF75F, 0xF73F, 0xF71F, 0xF71F, 0xF73F,
    0xEEFF, 0xE67F, 0xE67F, 0xDE7F, 0xDE5E, 0xDE5E, 0xDE5E, 0xDE5E, 0xDE3D, 0xDE3D, 0xDE3D, 0xD63D,
    0xD63C, 0xDE3D, 0xD63C, 0xD63C, 0xD61C, 0xD61C, 0xD61B, 0xD5FB, 0xD5FA, 0xEB4F, 0xFAAB, 0xFACB,
    0xFAAA, 0xEAE9, 0xB36B, 0xB38C, 0xB36B, 0xB34B, 0xB34B, 0xB34B, 0xB32B, 0xB32B, 0xB32B, 0xB30B,
    0xB32B, 0xAAEA, 0xAACA, 0xAB0B, 0xA2CA, 0xAAEA, 0xB32C, 0xC3F0, 0xC3F0, 0xBB8E, 0xCC31, 0xBB6E,
    0xC36E, 0xD452, 0xD473, 0xD473, 0xD473, 0xD452, 0xCC32, 0xCC52, 0xCBAF, 0xD3AE, 0xF5B9, 0xEDFB,
    0xE61B, 0xE61C, 0xE61C, 0xDE1C, 0xDDFB, 0xDDFB, 0xDDFC, 0xD5FC, 0xD5DB, 0xCDBB, 0xCDBB, 0xCDBB,
    0xD5DB, 0xDE5D, 0xE69E, 0xE69E, 0xE67D, 0xE65D, 0xEEBF, 0xEEBF, 0xEEBF, 0xEEDF, 0xEEDF, 0xE69E,
    0xEEBF, 0xF6DF, 0xF6DF, 0xF6DE, 0xF6DF, 0xEE9E, 0xDE3D, 0xDE1D, 0xD5FC, 0xD5FC, 0xCDDC, 0xCDDC,
    0xCDDB, 0xCDBB, 0xCDDC, 0xCDDC, 0xCDDC, 0xCDFC, 0xCDFC, 0xCDFC, 0xDE9F, 0xDE9F, 0xDE9F, 0xDE9F,
    0xDE9F, 0xDE9F, 0xDE9F, 0xDEBF, 0xE6FF, 0xEF1F, 0xE71F, 0xE6FF, 0xE6DF, 0xE6FF, 0xEF3F, 0xF73F,
    0xF75F, 0xF75F, 0xF75F, 0xF75F, 0xF71F, 0xEEFF, 0xEEFF, 0xF71F, 0xEEFF, 0xE69F, 0xE67E, 0xDE7E,
    0xDE5E, 0xDE5E, 0xDE5E, 0xDE5E, 0xDE3D, 0xDE3D, 0xDE3D, 0xDE3D, 0xD63D, 0xD63C, 0xD63C, 0xD63C,
    0xD61C, 0xD61C, 0xD5FB, 0xD5FB, 0xD5FB, 0xDCD6, 0xFAAB, 0xFAAB, 0xFAAA, 0xF2CA, 0xC34B, 0xB36C,
    0xB36B, 0xB34B, 0xB34B, 0xB32B, 0xB32B, 0xB32B, 0xB32B, 0xB30B, 0xB30B, 0xB2EA, 0xA268, 0x9A07,
    0x91C6, 0xA248, 0xA289, 0xBB6D, 0xC3AF, 0xBB4E, 0xCC31, 0xCC10, 0xBB4D, 0xCBF0, 0xD452, 0xD473,
    0xD452, 0xD432, 0xCC31, 0xCC52, 0xD410, 0xDC93, 0xF5FA, 0xEDFB, 0xEE1B, 0xE61B, 0xE61C, 0xDE1C,
    0xDDFC, 0xDDFC, 0xDDFC, 0xD5FC, 0xD5DB, 0xD5BB, 0xCDDB, 0xCDBB, 0xCDDB, 0xD5FC, 0xDE1C, 0xDE3D,
    0xD61C, 0xDE3D, 0xEEBF, 0xEEDF, 0xEEBF, 0xEEDF, 0xF6FF, 0xEEBE, 0xEE9E, 0xEEDF, 0xEE9E, 0xE67D,
    0xE67D, 0xE65D, 0xDE1C, 0xD5FC, 0xD5FC, 0xD5FC, 0xCDDC, 0xCDDB, 0xCDDB, 0xCDDB, 0xCDDC, 0xCDDC,
    0xCDDC, 0xCDDC, 0xCDDC, 0xCDFC, 0xDE9F, 0xDE9F, 0xDE9F, 0xDE9F, 0xDE9F, 0xDEBF, 0xDE9F, 0xDEDF,
    0xEF3F, 0xEF5F, 0xF77F, 0xF75F, 0xEF3F, 0xEF1F, 0xF75F, 0xF77F, 0xFF7F, 0xFF7F, 0xFF7F, 0xF75F,
    0xEF1F, 0xF75F, 0xFF5F, 0xFF7F, 0xFF7F, 0xF71F, 0xEE9F, 0xE67E, 0xDE7E, 0xDE5E, 0xDE5E, 0xDE3D,
    0xDE3D, 0xDE3D, 0xD63D, 0xDE3D, 0xD63D, 0xD63C, 0xD61C, 0xD61C, 0xD61C, 0xD61B, 0xD5FB, 0xD5FB,
    0xD5DA, 0xD5DA, 0xEBD1, 0xFA6A, 0xFACB, 0xF2AA, 0xCB2B, 0xB36B, 0xB36B, 0xB34B, 0xB32A, 0xB32A,
    0xB32A, 0xB32A, 0xB30A, 0xB30B, 0xB30B, 0xB30B, 0xB2EA, 0xAAA9, 0xAAAA, 0xB30B, 0xB32B, 0xBB6D,
    0xCBF0, 0xD452, 0xD473, 0xD472, 0xC3CF, 0xC3AF, 0xD432, 0xD452, 0xD452, 0xD431, 0xCC31, 0xCC51,
    0xD451, 0xE598, 0xEDFB, 0xEDFB, 0xEE1B, 0xE61C, 0xE61C, 0xDE1C, 0xDE1C, 0xDDFC, 0xDDFC, 0xDDFC,
    0xD5DC, 0xD5DB, 0xD5DB, 0xCDBA, 0xD5FC, 0xE67D, 0xE67E, 0xE67D, 0xDE5D, 0xDE5D, 0xEEBF, 0xEEDF,
    0xEEBF, 0xEEDF, 0xF6FF, 0xEEBF, 0xEE9E, 0xEEBE, 0xE69E, 0xEE9E, 0xF6DF, 0xF6DE, 0xDE3D, 0xDE1D,
    0xD61D, 0xD5FC, 0xCDDC, 0xCDDC, 0xCDDB, 0xCDDB, 0xCDDB, 0xCDDC, 0xCDFC, 0xC5FC, 0xC5FC, 0xC5DC,
    0xDE9F, 0xDE9F, 0xDE9F, 0xDEBF, 0xDEBF, 0xDEBF, 0xDEBF, 0xE6FF, 0xEF3F, 0xEF3F, 0xEF5F, 0xEF3F,
    0xEF3F, 0xEEFF, 0xE6FF, 0xEF3F, 0xF75F, 0xF75F, 0xF71F, 0xEEFF, 0xF71F, 0xF73F, 0xF73F, 0xF73F,
    0xF75F, 0xF71F, 0xEE9F, 0xE67E, 0xDE5E, 0xDE5E, 0xDE3D, 0xDE3D, 0xDE3D, 0xD63D, 0xD63D, 0xD63D,
    0xD63C, 0xD61C, 0xD61C, 0xD61C, 0xD61C, 0xD61B, 0xD5FB, 0xD5FB, 0xD5DA, 0xD5DA, 0xD537, 0xE2AC,
    0xF2CB, 0xE2AA, 0xBAEA, 0xB34B, 0xB34B, 0xAB2A, 0xAB2A, 0xB32A, 0xB32A, 0xB32A, 0xB30A, 0xB30A,
    0xB2EA, 0xB30B, 0xB30B, 0xB30B, 0xBB4C, 0xCBCF, 0xCBEF, 0xCBEF, 0xCC11, 0xD452, 0xD473, 0xD473,
    0xCC11, 0xC3AF, 0xCC11, 0xD452, 0xCC31, 0xCC31, 0xCC51, 0xCC51, 0xDD15, 0xEDFA, 0xEDFA, 0xEE1B,
    0xE61B, 0xE61C, 0xE61C, 0xE5FC, 0xE5FC, 0xDDFC, 0xDDFC, 0xDDFC, 0xD5DC, 0xD5DB, 0xCDBA, 0xCDBB,
    0xDE1C, 0xDE7D, 0xE67D, 0xE67D, 0xE67D, 0xDE5D, 0xDE7D, 0xE6BE, 0xEEBF, 0xEEBF, 0xEEBF, 0xEEBE,
    0xEEBF, 0xEEDF, 0xEEBE, 0xEEBE, 0xF6DE, 0xEEBE, 0xDE3D, 0xDE1D, 0xDE1D, 0xD5FC, 0xCDDC, 0xCDDC,
    0xCDDB, 0xCDDB, 0xCDDC, 0xCDFC, 0xCDFC, 0xC5FC, 0xC5FC, 0xC5DC, 0xDE9F, 0xDE9F, 0xDEBF, 0xDEBF,
    0xDEBF, 0xDEDF, 0xDEBF, 0xEF1F, 0xEF3F, 0xEF5F, 0xF75F, 0xF77F, 0xF77F, 0xF77F, 0xF75F, 0xE6FF,
    0xEF1F, 0xEEFF, 0xEEFF, 0xF71F, 0xFF5F, 0xFF3F, 0xF71F, 0xF71F, 0xF71F, 0xF6FF, 0xEEBF, 0xF6FF,
    0xEEBF, 0xDE5E, 0xDE3D, 0xDE3D, 0xDE3D, 0xDE3D, 0xD63D, 0xD61C, 0xD61C, 0xD61C, 0xD61C, 0xD61C,
    0xD5FB, 0xD5FB, 0xD5FB, 0xD5FB, 0xD5DA, 0xD5BA, 0xD5DA, 0xD412, 0xDACB, 0xDB0C, 0xBACA, 0xAAEA,
    0xB34B, 0xAB2B, 0xAB2A, 0xAB2A, 0xB32A, 0xB30A, 0xB30A, 0xB2EA, 0xB2EA, 0xB2EB, 0xB30B, 0xB32C,
    0xBB4D, 0xC3CF, 0xCC10, 0xC3EF, 0xCC31, 0xD473, 0xD473, 0xD473, 0xD431, 0xC3CF, 0xCC10, 0xCC31,
    0xCC51, 0xCC31, 0xCC92, 0xDD76, 0xE5D9, 0xE5FA, 0xE5FA, 0xE5FB, 0xE5FB, 0xE61B, 0xE61C, 0xE61C,
    0xE5FC, 0xDDFC, 0xDDFC, 0xDDFC, 0xD5FC, 0xD5DB, 0xD5FC, 0xD61C, 0xE67D, 0xE69E, 0xE69E, 0xE6BE,
    0xEEBE, 0xE6BE, 0xE67E, 0xE67E, 0xEEBF, 0xEEBF, 0xEEBF, 0xEEBF, 0xF6DF, 0xF6FF, 0xF6FF, 0xF6FF,
    0xF6FF, 0xF6FF, 0xEE7E, 0xDE3D, 0xDE1C, 0xD5FC, 0xCDDC, 0xCDDC, 0xCDDB, 0xCDDC, 0xCDDC, 0xCDFC,
    0xCDFC, 0xC5FC, 0xCDDC, 0xCDDC, 0xDE9F, 0xDE9F, 0xDE9F, 0xDEBF, 0xE6BF, 0xE6FF, 0xE6DF, 0xE6FF,
    0xEF1F, 0xEF1F, 0xEEFF, 0xE6FF, 0xEF3F, 0xF75F, 0xEF3F, 0xEEFF, 0xEEDF, 0xEEDF, 0xEEDF, 0xF73F,
    0xF73F, 0xEEFF, 0xEEDF, 0xEEDF, 0xEEDF, 0xEE9E, 0xEE9E, 0xF6FF, 0xEEBF, 0xE69E, 0xE69E, 0xE67E,
    0xDE3D, 0xDE3D, 0xDE1D, 0xD61C, 0xD61C, 0xD61C, 0xD61C, 0xD61C, 0xD61B, 0xD5FB, 0xD5FB, 0xD5DB,
    0xD5BA, 0xD5B9, 0xD5BA, 0xD598, 0xCBAF, 0xCB0B, 0xBAA9, 0xAAA9, 0xB32B, 0xAB2B, 0xAB2A, 0xAB2A,
    0xB32A, 0xB30A, 0xB30A, 0xB30A, 0xB2EA, 0xB30B, 0xB30B, 0xB32C, 0xB30B, 0xB30C, 0xB32C, 0xB32C,
    0xB32C, 0xBB8E, 0xD452, 0xD492, 0xD451, 0xCBEF, 0xCC10, 0xCC31, 0xCC30, 0xCC30, 0xD514, 0xE63B,
    0xE5FA, 0xE5FA, 0xE5FB, 0xE5FB, 0xE5FB, 0xE5FB, 0xE61B, 0xDE1C, 0xDDFC, 0xE5FC, 0xDDFC, 0xDDFC,
    0xDDFC, 0xDE3C, 0xDE5D, 0xDE3C, 0xD61C, 0xD61C, 0xDE3D, 0xDE7E, 0xE6BE, 0xEEDF, 0xE69E, 0xDE3D,
    0xDE3D, 0xDE3D, 0xE67E, 0xEEDF, 0xF6FF, 0xF71F, 0xEEBE, 0xE67D, 0xEEBE, 0xEEBE, 0xEE9E, 0xEE9E,
    0xEE7E, 0xD5FC, 0xCDDB, 0xCDDB, 0xCDDC, 0xCDFC, 0xCDFC, 0xCDFC, 0xCDFC, 0xCDFC, 0xCDFC, 0xCDFC,
    0xDE9F, 0xDEBF, 0xE6FF, 0xEF3F, 0xE6FF, 0xE6DF, 0xE6FF, 0xEF3F, 0xEF5F, 0xEF5F, 0xEF5F, 0xE6FF,
    0xE6DF, 0xEEFF, 0xEF1F, 0xF73F, 0xFF3F, 0xF71F, 0xEEFF, 0xEEDF, 0xEEDF, 0xF6DF, 0xF71F, 0xFF3F,
    0xFF3F, 0xF6FF, 0xEEBF, 0xEEBF, 0xEEBF, 0xEEDF, 0xF6FF, 0xF6FF, 0xEE9E, 0xDE3D, 0xDE3D, 0xDE1C,
    0xD61C, 0xD61C, 0xD61C, 0xD61C, 0xD5FB, 0xD5FB, 0xD5FB, 0xD5FB, 0xDDFB, 0xE63B, 0xEE5C, 0xEE5C,
    0xE5D9, 0xDC93, 0xE471, 0xCB6C, 0xC3CD, 0xAB2B, 0xAB2A, 0xAB2A, 0xB30A, 0xB30A, 0xB30A, 0xB30A,
    0xB2EA, 0xB2EA, 0xAAEA, 0xA289, 0xA268, 0xAAEA, 0xAB2B, 0xB36C, 0xAAEB, 0xAACA, 0x9268, 0xB34C,
    0xCC10, 0xCC10, 0xCC10, 0xCC30, 0xCC30, 0xCC30, 0xE597, 0xE61B, 0xE5FA, 0xE5FA, 0xE5FB, 0xE5FB,
    0xE5FB, 0xE5FB, 0xE61B, 0xDDFC, 0xE5FC, 0xE63C, 0xEE7D, 0xF69E, 0xEE9E, 0xD61C, 0xD5FB, 0xDE5D,
    0xE67E, 0xE67D, 0xE67E, 0xE67E, 0xDE5D, 0xD61C, 0xDE5D, 0xE67E, 0xE67E, 0xE69E, 0xE69E, 0xE69E,
    0xE67E, 0xE69E, 0xEE9E, 0xEE9E, 0xEE9E, 0xEE9E, 0xE67D, 0xE65D, 0xE67D, 0xDE5D, 0xDE1C, 0xD5FC,
    0xCDDB, 0xCDDC, 0xCDFC, 0xCDFC, 0xCDFC, 0xCDFC, 0xCDFC, 0xCDFC, 0xDE9F, 0xDE9F, 0xDEBF, 0xDEBF,
    0xDEBF, 0xDE9F, 0xDE9F, 0xDE9F, 0xDE9F, 0xDEBF, 0xDE9F, 0xDE9F, 0xDE9F, 0xDEBF, 0xE6BF, 0xE6BF,
    0xE6BF, 0xE6BF, 0xE69F, 0xE67E, 0xE69E, 0xE69E, 0xE67E, 0xE69E, 0xE69E, 0xE67E, 0xE67E, 0xE65E,
    0xE67E, 0xE67E, 0xE67E, 0xE65D, 0xDE5D, 0xDE1D, 0xD61C, 0xD61C, 0xD61C, 0xD61C, 0xD61C, 0xD5FB,
    0xD5FB, 0xD5FB, 0xD5FB, 0xD5FA, 0xDE1B, 0xDE1B, 0xDE1B, 0xDE1B, 0xDDDA, 0xE5FA, 0xEE1A, 0xDCD3,
    0xDC6F, 0xB36C, 0xAB2A, 0xAB2A, 0xB32A, 0xB30A, 0xB30A, 0xB2EA, 0xB2EA, 0xA268, 0x91C5, 0x89C5,
    0x9A47, 0xB32B, 0xB38D, 0xBBCE, 0xA2EB, 0xAB0B, 0x7985, 0x9A68, 0xC3EF, 0xCC10, 0xC410, 0xCC30,
    0xCC30, 0xCC71, 0xE5D9, 0xE61A, 0xDDFA, 0xE5FA, 0xE5DB, 0xDDFB, 0xE5FB, 0xE5FB, 0xE5FB, 0xE61C,
    0xE63C, 0xEE7D, 0xF69E, 0xF6BE, 0xF6BE, 0xDE1C, 0xDE3C, 0xE67D, 0xE69E, 0xE6BE, 0xEEBF, 0xEEDF,
    0xDE7D, 0xDE3C, 0xE69E, 0xEEBF, 0xEEDF, 0xEEDF, 0xF6FF, 0xF6FF, 0xEEBE, 0xEEBF, 0xF6FF, 0xF6FF,
    0xF6FF, 0xF71F, 0xF6FF, 0xE67E, 0xE69E, 0xEEDF, 0xEEBF, 0xE69E, 0xD61C, 0xCDFB, 0xCDFC, 0xCDDB,
    0xCDDB, 0xCDDB, 0xCDFC, 0xCDFC, 0xD67F, 0xD67F, 0xD67F, 0xD67F, 0xD67F, 0xD67F, 0xD65F, 0xD65F,
    0xD65F, 0xD65F, 0xD67F, 0xD67E, 0xDE7F, 0xDE7F, 0xDE7F, 0xDE7E, 0xDE7E, 0xDE7F, 0xDE7E, 0xDE7E,
    0xDE5E, 0xDE5E, 0xDE5E, 0xDE3E, 0xDE5E, 0xDE5E, 0xDE3D, 0xDE3D, 0xDE3D, 0xDE3D, 0xDE1D, 0xD61D,
    0xD61C, 0xD61C, 0xD61C, 0xD5FC, 0xD5FC, 0xD5FC, 0xD5FC, 0xD5FB, 0xD5FB, 0xCDFB, 0xCDDA, 0xD5DA,
    0xCDB9, 0xCD99, 0xCD99, 0xCD99, 0xD5B9, 0xD5B9, 0xDDD9, 0xD556, 0xD42F, 0xC3CE, 0xAB0A, 0xAB2A,
    0xAB2A, 0xB30A, 0xB30A, 0xB2EA, 0xB2C9, 0xAA68, 0x9185, 0x8164, 0x8184, 0x81C5, 0x81E6, 0x8A07,
    0x79A5, 0x7144, 0x9A69, 0xCBEF, 0xCC10, 0xC410, 0xC410, 0xCC30, 0xCC30, 0xD4B3, 0xE61A, 0xE5FA,
    0xE5FA, 0xDDFA, 0xDDDA, 0xDDDA, 0xDDDA, 0xE5DB, 0xE5DB, 0xDDDB, 0xDDDB, 0xDDDB, 0xD5DB, 0xD5BA,
    0xD5BA, 0xCD9A, 0xCD9A, 0xCD9A, 0xCD9A, 0xCDBB, 0xCDBB, 0xCDBB, 0xCDDB, 0xCDDB, 0xCDDB, 0xCDDB,
    0xD5FC, 0xD5FC, 0xD5FC, 0xDE1C, 0xDE1C, 0xDE1C, 0xDE1C, 0xDE1C, 0xDE1C, 0xDE1C, 0xDE1C, 0xD61C,
    0xD61C, 0xD61C, 0xD5FC, 0xD5FC, 0xCDDB, 0xCDDB, 0xC5DB, 0xC5DB, 0xC5DB, 0xC5DB, 0xC5DB, 0xC5DC,
    0xD67F, 0xD69F, 0xD69F, 0xD67F, 0xD67F, 0xD67F, 0xD67F, 0xD67F, 0xD67F, 0xD65F, 0xDE7E, 0xDE7E,
    0xDE7E, 0xDE7E, 0xDE7E, 0xDE7E, 0xDE7E, 0xDE7F, 0xDE9E, 0xDE7E, 0xDE7E, 0xDE5E, 0xDE5E, 0xDE5E,
    0xDE5E, 0xDE5E, 0xDE3D, 0xDE3E, 0xDE3E, 0xDE3D, 0xDE3D, 0xD63D, 0xD61C, 0xD61C, 0xD61C, 0xD61C,
    0xD5FC, 0xD5FC, 0xD5FB, 0xD5FB, 0xD5FB, 0xCDFB, 0xD5DA, 0xCDDA, 0xD5DA, 0xD5BA, 0xD5BA, 0xD5B9,
    0xD5B9, 0xD5B9, 0xDDB9, 0xDDB8, 0xD40F, 0xCC0F, 0xAB0A, 0xAB2A, 0xB32A, 0xB30A, 0xB30A, 0xB30A,
    0xB2EA, 0xB2EA, 0xB2AA, 0xAA69, 0xAA89, 0xB32C, 0xBB6D, 0xB32C, 0x9228, 0x89C7, 0xC3AE, 0xD431,
    0xCC31, 0xCC10, 0xCC10, 0xCC31, 0xCC10, 0xDD56, 0xE61B, 0xE5FA, 0xE5FA, 0xDDDA, 0xDDDA, 0xDDDA,
    0xDDDA, 0xDDDB, 0xDDDB, 0xDDDB, 0xDDDB, 0xDDDB, 0xD5DB, 0xD5BA, 0xD5BA, 0xCDBA, 0xC59A, 0xC59A,
    0xCD9A, 0xCD9B, 0xCDBB, 0xCDBB, 0xCDBB, 0xCDDB, 0xCDDB, 0xD5DB, 0xD5FC, 0xCDFC, 0xD5FC, 0xD5FC,
    0xD5FC, 0xD61C, 0xD61C, 0xD5FC, 0xD5FC, 0xD5FC, 0xD5FB, 0xD5DB, 0xD5FC, 0xCDDB, 0xCDDB, 0xCDDB,
    0xCDDB, 0xCDDB, 0xC5DB, 0xC5DB, 0xC5DB, 0xC5DB, 0xC5DB, 0xC5DB, 0xDE9F, 0xD69F, 0xD69F, 0xDE7F,
    0xD69F, 0xD67F, 0xD67F, 0xD67E, 0xD65E, 0xD65E, 0xD65E, 0xD67E, 0xD67E, 0xD67E, 0xDE7E, 0xDE7E,
    0xDE7F, 0xDE7F, 0xDE9E, 0xE67E, 0xE67E, 0xE65E, 0xE65E, 0xE65E, 0xE65E, 0xE65E, 0xDE3D, 0xDE3D,
    0xDE3D, 0xDE3D, 0xDE3D, 0xDE3D, 0xD61C, 0xD61C, 0xD61C, 0xD5FB, 0xD5FB, 0xD5FB, 0xD5FB, 0xD5FB,
    0xD5FB, 0xD5DA, 0xCDDA, 0xCDDA, 0xCDDA, 0xCDBA, 0xCDDA, 0xD5DA, 0xD5D9, 0xD5D9, 0xDDB9, 0xDDF9,
    0xD430, 0xDC2F, 0xB32C, 0xB30A, 0xB32A, 0xAB2A, 0xB30A, 0xB30A, 0xB30A, 0xB2EA, 0xB2CA, 0xBACB,
    0xC36D, 0xCBEF, 0xCC71, 0xC40F, 0xBB8E, 0xBB4D, 0xCC10, 0xCC31, 0xCC31, 0xCC31, 0xCC31, 0xC430,
    0xC431, 0xDDB8, 0xE61A, 0xE5FA, 0xE5FA, 0xDDFA, 0xDDDA, 0xDDDA, 0xDDDA, 0xDDDB, 0xDDDB, 0xDDDB,
    0xDDDB, 0xD5DA, 0xD5DA, 0xD5BA, 0xD5BA, 0xCDBA, 0xCD9A, 0xCDBA, 0xCD9B, 0xCD9B, 0xC5BB, 0xCDBB,
    0xCDBB, 0xCDBB, 0xCDBB, 0xD5DC, 0xD5FC, 0xD5FC, 0xD5FC, 0xD5FC, 0xD5FC, 0xD5FC, 0xDE1C, 0xD5FC,
    0xD5FC, 0xD5FC, 0xD5FC, 0xD5FC, 0xD5FC, 0xCDDB, 0xCDDB, 0xCDDB, 0xCDDB, 0xC5DB, 0xC5DB, 0xC5DB,
    0xC5BB, 0xC5BB, 0xC5BB, 0xC5DB, 0xDE9F, 0xDEBF, 0xDEBF, 0xDEBF, 0xDEBF, 0xDE9F, 0xE6BF, 0xE6BF,
    0xE6BF, 0xE6BE, 0xE6BE, 0xDE9E, 0xDE9E, 0xE69E, 0xE69E, 0xE6BF, 0xEEBF, 0xE6BF, 0xE6BE, 0xE69E,
    0xE69E, 0xE69E, 0xE69E, 0xE67E, 0xE67E, 0xE67E, 0xDE5D, 0xDE3D, 0xE63D, 0xDE3D, 0xDE3D, 0xDE3D,
    0xD5FC, 0xD61C, 0xD5FB, 0xD5FB, 0xD5FB, 0xD5FB, 0xD5FB, 0xD5DB, 0xCDDA, 0xCDDA, 0xCDDA, 0xCDBA,
    0xCDBA, 0xCDDA, 0xD5DA, 0xD5DA, 0xD5DA, 0xD5DA, 0xD5D9, 0xE63A, 0xD492, 0xDBEE, 0xCBEE, 0xAB0A,
    0xB32A, 0xB30A, 0xB30A, 0xB30A, 0xB30A, 0xB30A, 0xB2AA, 0xBA8A, 0xC30C, 0xC32D, 0xC34E, 0xBB2D,
    0xC34D, 0xCBCF, 0xCBD0, 0xC3F0, 0xC410, 0xC3F0, 0xC3F0, 0xC3F0, 0xD4D3, 0xE5FA, 0xDDFA, 0xDDFA,
    0xE5FA, 0xDDFA, 0xDDDA, 0xDDDA, 0xDDDA, 0xDDDB, 0xDDDB, 0xDDDB, 0xDDDA, 0xD5BA, 0xD5BA, 0xD59A,
    0xCD9A, 0xCD9A, 0xCD9A, 0xCD9A, 0xC57A, 0xC59A, 0xC59A, 0xC59A, 0xCD9A, 0xCD9B, 0xCDBB, 0xD5BB,
    0xD5DB, 0xD5DB, 0xD5DC, 0xD5FC, 0xD5DC, 0xD5FC, 0xD5FC, 0xD5FC, 0xD5FC, 0xD5FC, 0xD5FB, 0xD5FB,
    0xCDFB, 0xCDDB, 0xCDDB, 0xCDDB, 0xC5DB, 0xC5DB, 0xC5BB, 0xC5BB, 0xC5BB, 0xC5BB, 0xC5BB, 0xC5DB,
    0xE6DF, 0xEF3F, 0xF73F, 0xF73F, 0xEEFF, 0xEEFF, 0xF73F, 0xF71F, 0xF71F, 0xF71F, 0xF71F, 0xEEDF,
    0xEEBF, 0xF71F, 0xF71F, 0xF71F, 0xFF3F, 0xFF5F, 0xF71F, 0xEEDF, 0xFF3F, 0xFF3F, 0xFF3F, 0xFF1F,
    0xF71F, 0xF71F, 0xF6DE, 0xF6DF, 0xF6FF, 0xF6FF, 0xF71F, 0xEEBE, 0xDE1C, 0xD61C, 0xD5FB, 0xD5FB,
    0xD5FB, 0xD5FB, 0xD5FB, 0xCDDA, 0xCDDA, 0xCDDA, 0xCDDA, 0xCDBA, 0xD5FB, 0xDE3B, 0xDE5C, 0xDE5C,
    0xE65C, 0xDE3B, 0xD5D9, 0xE5F9, 0xDD14, 0xC32B, 0xDC50, 0xAB2B, 0xB30A, 0xAB2A, 0xAB2A, 0xAB2A,
    0xB30A, 0xB30A, 0xB2AA, 0xAA69, 0xB249, 0xBA8A, 0xC2AB, 0xC2EC, 0xD3AE, 0xD451, 0xCCF4, 0xCCF4,
    0xC4F4, 0xC515, 0xC4D4, 0xCCF5, 0xD597, 0xDDD9, 0xDDFA, 0xDDFA, 0xDDFA, 0xE5DA, 0xDDDA, 0xDDDA,
    0xDDDA, 0xDDDA, 0xDDDA, 0xDDDB, 0xDDDA, 0xDDFB, 0xDE1B, 0xDE1B, 0xDDFB, 0xDE1B, 0xD5DB, 0xD5FB,
    0xD5FB, 0xD5FB, 0xD5DB, 0xD5FB, 0xD5FB, 0xD5DB, 0xDE1C, 0xDE1C, 0xDE3C, 0xDE3C, 0xE63D, 0xE65D,
    0xDE1C, 0xDE3D, 0xDE5D, 0xDE3C, 0xDE3C, 0xDE3C, 0xDE1C, 0xD5FB, 0xD5FB, 0xD5FC, 0xCDFB, 0xCDDB,
    0xCDDB, 0xC5BB, 0xC5BB, 0xC5BB, 0xC5BB, 0xC5BB, 0xC5BB, 0xC5BB, 0xEF1F, 0xF73F, 0xF73F, 0xF73F,
    0xE6FF, 0xEF1F, 0xF75F, 0xF73F, 0xF73F, 0xF73F, 0xF73F, 0xEEFF, 0xEEDF, 0xF73F, 0xF73F, 0xFF3F,
    0xFF3F, 0xFF5F, 0xF71F, 0xEEDF, 0xFF5F, 0xFF3F, 0xFF3F, 0xFF3F, 0xFF3F, 0xF71F, 0xEEDE, 0xF6FF,
    0xFF1F, 0xFF1F, 0xFF1F, 0xEEBE, 0xDE3C, 0xD5FC, 0xD5FB, 0xD5FB, 0xD5FB, 0xD5DB, 0xD5DA, 0xCDDA,
    0xCDDA, 0xCDBA, 0xCDB9, 0xCDB9, 0xDE3B, 0xE67C, 0xE67C, 0xE65C, 0xE65C, 0xDE1B, 0xCD15, 0xED96,
    0xED54, 0xB30B, 0xC38C, 0xB32B, 0xAB0A, 0xAB0A, 0xAB0A, 0xAB2A, 0xB32A, 0xB30A, 0xB2EA, 0xB289,
    0xAA29, 0xB229, 0xBA6A, 0xC30C, 0xCBCF, 0xC430, 0xBD75, 0xB555, 0xBDB7, 0xBD97, 0xCDF9, 0xCDD9,
    0xD61A, 0xD5B8, 0xDDD9, 0xDDFA, 0xDDDA, 0xDDDA, 0xDDDA, 0xDDDA, 0xDDDA, 0xDDDA, 0xDDDA, 0xD5DA,
    0xD5DA, 0xDE1B, 0xEE9D, 0xEE9D, 0xEE9D, 0xEE9D, 0xE65C, 0xEE9D, 0xEEBE, 0xE69D, 0xEE9D, 0xEEBE,
    0xEEBE, 0xE69D, 0xF6DF, 0xF6FF, 0xF6FF, 0xF71F, 0xFF3F, 0xFF3F, 0xF6BE, 0xF6DF, 0xFF1F, 0xFF1F,
    0xFF1F, 0xF6FF, 0xF6FF, 0xEE9D, 0xEEBE, 0xEEDE, 0xEEDE, 0xEEBE, 0xE69D, 0xD61C, 0xCDDB, 0xCDDB,
    0xCDDB, 0xCDDB, 0xCDDB, 0xCDDB, 0xE6FF, 0xEF1F, 0xF73F, 0xF73F, 0xE6FF, 0xEF1F, 0xEF3F, 0xEF3F,
    0xEF1F, 0xF73F, 0xF73F, 0xEEDF, 0xEEDF, 0xF73F, 0xF73F, 0xFF3F, 0xFF3F, 0xFF5F, 0xF71F, 0xEEDF,
    0xFF3F, 0xFF3F, 0xFF1F, 0xFF3F, 0xFF3F, 0xFF3F, 0xEEDE, 0xF6FF, 0xF6FF, 0xF6FF, 0xFF1F, 0xEE9E,
    0xD61C, 0xD5FB, 0xD5FB, 0xD5FB, 0xD5DB, 0xCDDA, 0xCDDA, 0xCDBA, 0xCDB9, 0xCDB9, 0xCDB9, 0xCDB9,
    0xDE1B, 0xE65C, 0xDE5C, 0xE65B, 0xDE3B, 0xD5B9, 0xABCE, 0xED73, 0xED33, 0xB32B, 0xAACA, 0xAAEA,
    0xAB0A, 0xAB0A, 0xAB0A, 0xAB2A, 0xAB2A, 0xB32B, 0xB30B, 0xB2EB, 0xBAEB, 0xBB2C, 0xC36E, 0xCBAE,
    0xBBAE, 0x9B8D, 0x9C50, 0x7B6D, 0x7B4C, 0x7B2C, 0x834D, 0x72EB, 0x9431, 0xA451, 0xDDB9, 0xDDFA,
    0xDDDA, 0xDDDA, 0xDDDA, 0xDDBA, 0xDDBA, 0xDDBA, 0xD5BA, 0xD5BA, 0xD5BA, 0xDDFB, 0xE65C, 0xE63C,
    0xEE5C, 0xE65C, 0xDE1B, 0xE63C, 0xE65C, 0xE65C, 0xE65C, 0xE67D, 0xE67D, 0xDE5C, 0xEE9D, 0xEEBE,
    0xEEBE, 0xEEBE, 0xF6DF, 0xFF1F, 0xEE9E, 0xEEBE, 0xF6DF, 0xF6DE, 0xF6BE, 0xF6BE, 0xF6DE, 0xE67D,
    0xE69E, 0xE6BE, 0xE69D, 0xE69D, 0xE69D, 0xD61C, 0xCDDB, 0xCDBB, 0xCDBB, 0xCDDB, 0xCDDB, 0xCDDB,
    0xEEFF, 0xEF1F, 0xF73F, 0xEF1F, 0xE6BF, 0xE6FF, 0xEF3F, 0xEF1F, 0xEF1F, 0xEF1F, 0xEF1F, 0xE6BF,
    0xEEDF, 0xF71F, 0xF71F, 0xF73F, 0xFF3F, 0xFF3F, 0xF6FF, 0xEEDF, 0xF71F, 0xF6FF, 0xFF1F, 0xF71F,
    0xF71F, 0xF71F, 0xF6DE, 0xF6DF, 0xF6DE, 0xF6DE, 0xF6FE, 0xEE9D, 0xD5FB, 0xD5FB, 0xD5FB, 0xD5DB,
    0xCDDA, 0xCDBA, 0xCDB9, 0xCDB9, 0xCDB9, 0xCDB9, 0xCDB9, 0xCDB9, 0xD5FA, 0xDE1A, 0xDE1B, 0xDE1B,
    0xDDD9, 0xBCB3, 0x8AC9, 0xDD11, 0xE512, 0xBB4C, 0xAAEA, 0xAAC9, 0xA2C9, 0xAAEA, 0xAB0A, 0xAB0A,
    0xAB2A, 0xAB2B, 0xB32B, 0xB30B, 0xBB4D, 0xC3AE, 0xC3CF, 0xC3CF, 0xBBAE, 0x82EA, 0x834C, 0x8BCD,
    0x838D, 0x8B8D, 0x836D, 0x7B0B, 0x7B4D, 0xA430, 0xDDD9, 0xDDFA, 0xDDDA, 0xDDBA, 0xDDBA, 0xDDBA,
    0xDDB9, 0xDDBA, 0xD59A, 0xD599, 0xD599, 0xDDFB, 0xEE7D, 0xE65C, 0xEE7D, 0xEE7C, 0xDE1B, 0xE65C,
    0xE67D, 0xE67C, 0xE67C, 0xE67C, 0xE65C, 0xDE5C, 0xE67D, 0xEE9D, 0xEE9E, 0xEEBE, 0xF6DE, 0xF6DE,
    0xEE9E, 0xEE9E, 0xF6BE, 0xEEBE, 0xEE9E, 0xEEBE, 0xEEBE, 0xE67D, 0xE65D, 0xE69E, 0xE67D, 0xE67D,
    0xE69D, 0xD61C, 0xCDDB, 0xCDDB, 0xCDDB, 0xCDDB, 0xCDBB, 0xCDDB, 0xEF1F, 0xF73F, 0xF73F, 0xEF3F,
    0xE6DF, 0xEF1F, 0xEF3F, 0xEF3F, 0xEF3F, 0xEF3F, 0xEF1F, 0xE6DF, 0xEEFF, 0xF73F, 0xF73F, 0xFF3F,
    0xFF5F, 0xFF5F, 0xF71F, 0xEEDF, 0xFF3F, 0xFF1F, 0xFF3F, 0xFF3F, 0xFF3F, 0xFF3F, 0xF6FE, 0xFEFF,
    0xFEFF, 0xF6FE, 0xF6FE, 0xE69D, 0xD5FB, 0xD5FB, 0xD5DB, 0xCDDA, 0xCDDA, 0xCDBA, 0xCDB9, 0xCDB9,
    0xCDB9, 0xCDB9, 0xCDB9, 0xCDB9, 0xD5FA, 0xDE1A, 0xDE1A, 0xD5D9, 0xC4B4, 0x9B4D, 0x7A67, 0xCCAF,
    0xDCD1, 0xB34C, 0xAACA, 0xAAC9, 0xA2A9, 0xA2C9, 0xA2E9, 0xAB09, 0xAB0A, 0xAB2A, 0xAB2B, 0xB30B,
    0xB30C, 0xBB6D, 0xBBAF, 0xC3AE, 0xB38D, 0x830B, 0x834C, 0x8B8D, 0x8BAD, 0x8BAD, 0x838D, 0x83AF,
    0x8BEF, 0xAC91, 0xDDF9, 0xDDDA, 0xDDB9, 0xDDB9, 0xDDB9, 0xD599, 0xD599, 0xD599, 0xD599, 0xD599,
    0xCD99, 0xDDFB, 0xE65C, 0xE65C, 0xE65C, 0xE65C, 0xD5FB, 0xE65C, 0xE67C, 0xE65C, 0xE65C, 0xE65C,
    0xE67C, 0xDE3C, 0xEE7D, 0xEEBE, 0xF6BE, 0xEEBE, 0xF6DE, 0xF6FE, 0xEE9E, 0xEE9E, 0xF6BE, 0xF6BE,
    0xEEBE, 0xEEBE, 0xEEBE, 0xE67D, 0xE65D, 0xE69E, 0xE69E, 0xE69D, 0xE69D, 0xDE3C, 0xCDDB, 0xCDDB,
    0xCDDB, 0xCDBB, 0xCDBB, 0xC5DB, 0xDE9E, 0xDEBE, 0xDEBE, 0xDE9E, 0xD69E, 0xDEBE, 0xDEBE, 0xDEBE,
    0xDEBE, 0xDEBE, 0xDE9E, 0xDE7E, 0xE6BE, 0xE6BE, 0xE6BE, 0xEEBE, 0xEEBE, 0xEEDE, 0xEEBE, 0xE6BE,
    0xEEBE, 0xEEBE, 0xEEBE, 0xEEBE, 0xF6BE, 0xEEBE, 0xE69D, 0xEE9E, 0xEE9E, 0xE69D, 0xE67D, 0xDE3C,
    0xD5FB, 0xD5FB, 0xCDDA, 0xCDDA, 0xCDBA, 0xCDBA, 0xCDB9, 0xCDB9, 0xCDB9, 0xCDB9, 0xCDB9, 0xCDB9,
    0xD5D9, 0xDDFA, 0xDDD9, 0xBC93, 0xA32C, 0x8AA9, 0x7226, 0xCCAF, 0xCC6F, 0xB34B, 0xAAC9, 0xAAC9,
    0xA2C9, 0xA2A8, 0xA2A9, 0xA2C9, 0xA2E9, 0xA2E9, 0xAAEA, 0xAAEA, 0xAAEA, 0xB30B, 0xBB6D, 0xBB6D,
    0xAB4C, 0x830B, 0x832B, 0x8B8D, 0x838D, 0x838D, 0x838D, 0x83CF, 0x8C10, 0xAC92, 0xDDD9, 0xDDB9,
    0xD5B9, 0xD599, 0xD599, 0xD599, 0xD599, 0xD599, 0xD599, 0xD599, 0xCD79, 0xDDDA, 0xDE1B, 0xDE1C,
    0xDE3C, 0xE65C, 0xD5FB, 0xDE3C, 0xDE5C, 0xDE5C, 0xDE3C, 0xDE3C, 0xDE3C, 0xD61B, 0xE65D, 0xEE9D,
    0xEE9D, 0xEE9D, 0xEE9E, 0xEEBE, 0xE67D, 0xE67D, 0xEE9E, 0xEE9E, 0xEE9E, 0xEE9E, 0xEE9E, 0xE65D,
    0xDE5D, 0xE69E, 0xDE7D, 0xE69D, 0xE69E, 0xD63C, 0xCDDB, 0xCDDB, 0xCDDB, 0xCDDB, 0xCDBB, 0xC5BB,
    0xEF1F, 0xEF3F, 0xF75F, 0xE71F, 0xDEBF, 0xEF3F, 0xEF3F, 0xEF3F, 0xEF3F, 0xF73F, 0xF71F, 0xE6BF,
    0xEEFF, 0xEEFF, 0xF6FF, 0xF71F, 0xF71F, 0xF71F, 0xEEDF, 0xEEDE, 0xF71F, 0xF71F, 0xF6FF, 0xF6FF,
    0xF6FF, 0xF6FE, 0xEEBE, 0xF6DE, 0xF6DE, 0xF6DE, 0xF6DE, 0xE69D, 0xD5FB, 0xD5DB, 0xCDDA, 0xCDBA,
    0xCDBA, 0xCDB9, 0xCDB9, 0xCDB9, 0xCD98, 0xCD98, 0xCD98, 0xCD98, 0xD5D9, 0xD5B8, 0xBC71, 0x92EA,
    0x8248, 0x7227, 0x61E5, 0xBCB0, 0xC40E, 0xB32B, 0xAAC9, 0xAAA9, 0xA2A9, 0xA2A8, 0xA2A8, 0xA2A8,
    0xA2A8, 0xA2A9, 0xA2A9, 0xA2A8, 0xA2A9, 0xA2A9, 0xAAEA, 0xB32C, 0xAB4C, 0x8B2B, 0x8B4C, 0x834C,
    0x838D, 0x836D, 0x7B6D, 0x838E, 0x8BEF, 0xAC92, 0xDDD9, 0xD5B9, 0xD5B9, 0xD599, 0xD599, 0xD599,
    0xD599, 0xD599, 0xD579, 0xCD79, 0xCD79, 0xD5BA, 0xD5DA, 0xD5DA, 0xD5FB, 0xD5FB, 0xCDBA, 0xD5FA,
    0xD61B, 0xD5FB, 0xD5FB, 0xD5FA, 0xD5FA, 0xD5DA, 0xD5FB, 0xDE1C, 0xDE1B, 0xDE1B, 0xDE1B, 0xDE1B,
    0xDE1B, 0xD5FB, 0xDE1C, 0xDE1B, 0xD5FB, 0xD5FB, 0xD5FB, 0xD5FB, 0xCDDB, 0xCDFB, 0xCDFB, 0xD5FB,
    0xD61C, 0xCDDB, 0xC5BB, 0xCDBB, 0xCDBA, 0xC5BA, 0xC5BA, 0xC5BB, 0xEF1F, 0xEF3F, 0xF73F, 0xE6FF,
    0xE6DF, 0xEF3F, 0xF73F, 0xEF3F, 0xF73F, 0xF73F, 0xEF1F, 0xE6BF, 0xF71F, 0xF71F, 0xF73F, 0xF73F,
    0xFF3F, 0xFF3F, 0xF6FF, 0xF6FF, 0xFF3F, 0xFF3F, 0xFF3F, 0xFF1F, 0xFF1F, 0xFF1F, 0xF6DE, 0xFEFF,
    0xFEDE, 0xFEDE, 0xFEFE, 0xE69D, 0xD5FB, 0xD5DA, 0xD5DA, 0xCDBA, 0xCDB9, 0xCDB9, 0xCDB9, 0xCD98,
    0xCD98, 0xCD98, 0xCD98, 0xCDB8, 0xD597, 0xBC50, 0x8AC9, 0x69C5, 0x69A5, 0x59C5, 0x49A4, 0xAC6F,
    0xB40E, 0xAAEA, 0xAACA, 0xA2A9, 0xA2A9, 0xA288, 0x9A88, 0x9A68, 0x9A67, 0x9A88, 0x9A67, 0x9A67,
    0x9A88, 0x9A88, 0xA2A9, 0xAB0C, 0xAB6C, 0x8B2B, 0x8B4C, 0x832C, 0x838D, 0x838D, 0x838D, 0x7B6D,
    0x8BEF, 0xAC92, 0xDDF9, 0xDDD9, 0xD5B9, 0xD5B9, 0xD598, 0xD599, 0xD599, 0xD599, 0xD599, 0xD599,
    0xCD78, 0xD5BA, 0xE63C, 0xE63C, 0xE65C, 0xE65C, 0xDE1B, 0xE65C, 0xE67D, 0xE69D, 0xE67D, 0xE67C,
    0xEE9D, 0xE65C, 0xE65C, 0xEE9D, 0xEEBD, 0xEEBD, 0xEEBE, 0xEEBE, 0xEE9D, 0xE67D, 0xEEBE, 0xEE9D,
    0xE69D, 0xE69D, 0xEE9D, 0xE67D, 0xD63C, 0xDE7D, 0xE69D, 0xE69D, 0xE69D, 0xDE5D, 0xCDDB, 0xCDDB,
    0xCDDB, 0xCDDB, 0xC5DA, 0xC5DB, 0xEF1F, 0xEF1F, 0xEF1F, 0xE6DF, 0xE6DF, 0xEF3F, 0xEF1F, 0xEF1F,
    0xF71F, 0xF71F, 0xEEFF, 0xE6BF, 0xF71F, 0xF71F, 0xF71F, 0xF71F, 0xF71F, 0xFF1F, 0xF6DF, 0xF6FF,
    0xFF1F, 0xFEFF, 0xFEFF, 0xFEFF, 0xFEFF, 0xF6FF, 0xEEBE, 0xFEDE, 0xF6BE, 0xF6BE, 0xF6DE, 0xE65C,
    0xD5FA, 0xD5DA, 0xD5DA, 0xCDB9, 0xCDB9, 0xCD99, 0xCD98, 0xCD98, 0xCD98, 0xCD98, 0xD577, 0xC4F3,
    0xABAD, 0x8A88, 0x61C4, 0x5143, 0x4943, 0x4983, 0x4163, 0x9C0E, 0xB470, 0xA2EA, 0xAAA9, 0xA2A9,
    0xA289, 0x9A88, 0x9A67, 0x9A67, 0x9A67, 0x9A47, 0x9A67, 0x9A67, 0x9A68, 0xA288, 0xAACA, 0xB36D,
    0xAB8D, 0x930B, 0x832B, 0x832B, 0x836C, 0x836D, 0x838D, 0x836D, 0x8BCF, 0xAC92, 0xAC51, 0xBCB3,
    0xDDB8, 0xDDD9, 0xDDB9, 0xD598, 0xD598, 0xD598, 0xD599, 0xD578, 0xCD78, 0xD5BA, 0xE61B, 0xDE3B,
    0xE63B, 0xE63C, 0xD5FA, 0xDE1B, 0xDE5C, 0xDE5C, 0xDE5C, 0xDE5C, 0xE65C, 0xDE3B, 0xDE3C, 0xE67D,
    0xE69D, 0xE69D, 0xEE9D, 0xEE9D, 0xE67C, 0xE65C, 0xE69D, 0xE67D, 0xE67D, 0xE67D, 0xE67D, 0xDE5C,
    0xD61B, 0xDE7D, 0xE67D, 0xE67D, 0xE69D, 0xDE5D, 0xCDDB, 0xCDDB, 0xCDDB, 0xCDDB, 0xC5DA, 0xC5DB,
    0xEF1F, 0xEF1F, 0xEF1F, 0xE6BF, 0xE6DF, 0xF73F, 0xEF1F, 0xEF1F, 0xF71F, 0xEF1F, 0xEEDF, 0xE69E,
    0xF6FF, 0xF6FF, 0xF6FF, 0xF6FF, 0xF6FF, 0xF6FF, 0xEEBE, 0xF6FF, 0xFF1F, 0xFEFF, 0xFEFF, 0xFEFF,
    0xFEFF, 0xF6BE, 0xEE9D, 0xF6BE, 0xF69E, 0xF6BE, 0xF6DE, 0xE65C, 0xD5DA, 0xD5DA, 0xD5B9, 0xCDB9,
    0xCD99, 0xCD98, 0xCD98, 0xCD98, 0xCD76, 0xBC92, 0xAB8D, 0x92C9, 0x7A05, 0x5983, 0x4942, 0x4142,
    0x4142, 0x4983, 0x4162, 0x836B, 0xB4B2, 0x9B2C, 0xA2A9, 0xA2A9, 0xA289, 0x9A68, 0x9A47, 0x9A47,
    0x9A47, 0x9A47, 0x9A68, 0x9A68, 0x9A68, 0xA289, 0xAAEA, 0xB38D, 0xAB6D, 0x8B2B, 0x830B, 0x8B4C,
    0x836C, 0x836D, 0x836D, 0x7B4D, 0x8BCF, 0xACB3, 0x728A, 0x5164, 0x7A89, 0xA3CE, 0xCD14, 0xDDB8,
    0xE5B9, 0xDD99, 0xD598, 0xD578, 0xCD58, 0xD599, 0xE61B, 0xE61B, 0xE63B, 0xE63C, 0xDDFB, 0xDE3C,
    0xE65C, 0xE65C, 0xE65C, 0xE65C, 0xE67D, 0xDE3C, 0xD61B, 0xE65C, 0xE67C, 0xE67C, 0xE67C, 0xEE9D,
    0xE67C, 0xDE3C, 0xE67D, 0xE65D, 0xE65C, 0xE65D, 0xE67D, 0xDE5C, 0xD61B, 0xDE5D, 0xDE7D, 0xE67D,
    0xE67D, 0xDE5C, 0xCDDB, 0xCDDB, 0xCDFB, 0xCDDA, 0xC5DA, 0xC5DA, 0xEF1F, 0xF73F, 0xF73F, 0xE6BF,
    0xE6DF, 0xEF1F, 0xEF1F, 0xEF1F, 0xF71F, 0xEF1F, 0xEEDF, 0xE69E, 0xF71F, 0xF71F, 0xF71F, 0xF71F,
    0xF71F, 0xF71F, 0xEEBE, 0xF6DF, 0xFEFF, 0xFEFF, 0xFEFF, 0xFEFF, 0xFEFF, 0xF6BE, 0xEE9E, 0xF6BE,
    0xF69D, 0xF69D, 0xF6BD, 0xE63C, 0xD5B9, 0xD5B9, 0xD5B9, 0xCD98, 0xCD98, 0xCD98, 0xCD56, 0xBC71,
    0xA38C, 0x8A88, 0x7A06, 0x71C5, 0x4942, 0x4142, 0x4142, 0x4142, 0x4142, 0x4163, 0x4142, 0x6AA7,
    0xB4F3, 0x9BCF, 0x9A69, 0xA2AA, 0xA289, 0xA268, 0x9A48, 0x9A48, 0x9A48, 0x9A48, 0x9A68, 0x9A68,
    0x9A68, 0xA289, 0xAAEA, 0xB34D, 0xA34C, 0x8B2B, 0x8B2B, 0x834C, 0x836D, 0x838D, 0x7B4D, 0x7B6D,
    0x8BEF, 0xB514, 0x8B8E, 0x4944, 0x5144, 0x4923, 0x61A5, 0x82A9, 0xABEF, 0xCCF4, 0xDDB7, 0xDDB8,
    0xD578, 0xD5B9, 0xE61B, 0xE61B, 0xDE1B, 0xE61B, 0xDDFA, 0xDE1B, 0xDE3C, 0xDE3C, 0xDE5C, 0xE65C,
    0xE67C, 0xDE3C, 0xDE1B, 0xE67D, 0xE69D, 0xE69D, 0xE69D, 0xEE9D, 0xE67C, 0xDE3C, 0xE69D, 0xE67D,
    0xE67D, 0xE67D, 0xE67D, 0xE67C, 0xD61B, 0xE65D, 0xE69D, 0xE69D, 0xE69D, 0xE67D, 0xCDFB, 0xCDDB,
    0xCDDB, 0xCDDB, 0xC5DA, 0xC5BA, 0xEF1F, 0xEF3F, 0xEEFF, 0xDE9E, 0xE6DF, 0xEF1F, 0xEEFF, 0xEEFF,
    0xEF1F, 0xEEFF, 0xE6BE, 0xE69E, 0xF71F, 0xF6FF, 0xEEFF, 0xF6FF, 0xF6FF, 0xF6FF, 0xE69E, 0xF6DF,
    0xFEFE, 0xF6DE, 0xF6DE, 0xF6DE, 0xF6DE, 0xEEBE, 0xEE7D, 0xF69D, 0xF69D, 0xEE7D, 0xEE7D, 0xDDFA,
    0xD599, 0xD598, 0xD598, 0xD597, 0xCD35, 0xBC71, 0xA34C, 0x8A67, 0x69E4, 0x5983, 0x5163, 0x5163,
    0x4142, 0x4142, 0x4142, 0x4142, 0x4142, 0x4162, 0x3942, 0x5A24, 0xACB2, 0xA493, 0x92EB, 0x9A89,
    0xA2AA, 0xA289, 0xA269, 0xA289, 0xA289, 0xA289, 0xA268, 0xA268, 0xA268, 0xA268, 0xAACA, 0xB34C,
    0xA36C, 0x934C, 0x8B2B, 0x834C, 0x836C, 0x838D, 0x7B4D, 0x7B6D, 0x8BF0, 0xB4F5, 0x9C52, 0x4945,
    0x4985, 0x4965, 0x4944, 0x4143, 0x4923, 0x61A5, 0x8289, 0xABCE, 0xC4D4, 0xDD98, 0xE63B, 0xE63B,
    0xE61B, 0xE61A, 0xDDFA, 0xDE1B, 0xE63B, 0xE63B, 0xE65C, 0xE65C, 0xE65C, 0xDE3B, 0xD5FB, 0xE67C,
    0xE67C, 0xE67C, 0xE67C, 0xE67C, 0xE65C, 0xDE1B, 0xE65C, 0xE65C, 0xDE5C, 0xDE5C, 0xE65C, 0xDE7C,
    0xD5FB, 0xDE5C, 0xE67D, 0xE69D, 0xE69D, 0xE67D, 0xCDDB, 0xCDDB, 0xCDDB, 0xCDDB, 0xCDBB, 0xC5BB,
    0xE6DF, 0xE6DF, 0xDEBF, 0xD67E, 0xE6BE, 0xE6DF, 0xE6DF, 0xE6DF, 0xE6DF, 0xE6BF, 0xDE9E, 0xDE7E,
    0xEEDF, 0xEEDF, 0xEEDF, 0xEEDF, 0xEEDF, 0xEEDF, 0xE69E, 0xF6DE, 0xF6DE, 0xF6DE, 0xF6DE, 0xF6BE,
    0xF6BE, 0xEE9D, 0xEE7D, 0xEE9D, 0xEE7C, 0xEE7C, 0xEE5C, 0xD5B9, 0xD598, 0xD577, 0xCD15, 0xC471,
    0xAB8C, 0x8A87, 0x71E4, 0x5983, 0x4942, 0x4942, 0x4142, 0x4142, 0x4142, 0x4142, 0x4142, 0x4142,
    0x3962, 0x3962, 0x3962, 0x41A3, 0x9C4F, 0xACF5, 0xAC94, 0x9AAB, 0xA28A, 0xA2AA, 0xA2AA, 0xAACA,
    0xAAEB, 0xAACB, 0xAA89, 0xA268, 0xA268, 0xA269, 0xAAAA, 0xB34C, 0xA36C, 0x8B0B, 0x830B, 0x832C,
    0x834C, 0x838D, 0x7B6D, 0x7B4D, 0x8BEF, 0xACD4, 0xB536, 0x4986, 0x4985, 0x4985, 0x4165, 0x4165,
    0x4164, 0x4144, 0x4123, 0x4943, 0x61A5, 0x7A89, 0xAC10, 0xD576, 0xE619, 0xEE3A, 0xE5FA, 0xDE1B,
    0xE63B, 0xE65B, 0xE65C, 0xE65C, 0xE67C, 0xDE5C, 0xD5FA, 0xE67D, 0xE67D, 0xE67D, 0xE67D, 0xE67C,
    0xE65C, 0xDE3C, 0xE65D, 0xE65C, 0xDE5C, 0xDE5C, 0xDE7D, 0xE67D, 0xD61B, 0xDE3C, 0xE67D, 0xE67D,
    0xE69D, 0xE67D, 0xCDFB, 0xCDDB, 0xCDDB, 0xCDDB, 0xCDDB, 0xCDDB, 0xE6FF, 0xE6FF, 0xE6DF, 0xDE9E,
    0xE6DE, 0xE6DF, 0xE6DE, 0xE6DE, 0xE6BE, 0xE6BE, 0xDE7E, 0xDE7E, 0xE6BE, 0xE6BE, 0xEEBE, 0xE6BE,
    0xEEBE, 0xEEBE, 0xE67D, 0xEE9E, 0xEE9E, 0xEE9D, 0xE67D, 0xE67C, 0xEE7C, 0xE63C, 0xE63B, 0xEE5C,
    0xEE5B, 0xE63B, 0xDDFA, 0xCD77, 0xC515, 0xBC71, 0xABAC, 0x92C8, 0x7A05, 0x5983, 0x5142, 0x4942,
    0x4142, 0x4142, 0x4142, 0x4142, 0x3962, 0x3962, 0x3942, 0x3942, 0x3962, 0x3942, 0x3942, 0x3962,
    0x8BCC, 0xACD4, 0xBD78, 0xB494, 0x9AAB, 0xA28A, 0xA2AA, 0xAAEB, 0xB30C, 0xB32C, 0xB2EB, 0xAAAA,
    0xA289, 0xA289, 0xA2AA, 0xAB2B, 0x9B4B, 0x8B2B, 0x832B, 0x7B4C, 0x834C, 0x838D, 0x7B4D, 0x7B6D,
    0x8BCF, 0xAC93, 0xC5DA, 0x5A2A, 0x4165, 0x4985, 0x4185, 0x4165, 0x4165, 0x4144, 0x4144, 0x4144,
    0x4144, 0x4123, 0x4923, 0x61C6, 0x82CA, 0xB430, 0xD576, 0xDDF9, 0xE63B, 0xDE1B, 0xDE1B, 0xDE1B,
    0xDDFA, 0xD5DA, 0xCD99, 0xDE3B, 0xDE3B, 0xDE1B, 0xDE3B, 0xDE3B, 0xDE1B, 0xD5FB, 0xDE1C, 0xDE1C,
    0xD63C, 0xD63C, 0xDE3C, 0xDE3C, 0xD61B, 0xDE1C, 0xDE5C, 0xE67D, 0xE67D, 0xE65C, 0xCDDB, 0xCDDB,
    0xCDDB, 0xCDDB, 0xCDFB, 0xCDDB, 0xEF1F, 0xEF1F, 0xEEFF, 0xE6BF, 0xEF1F, 0xEF1F, 0xEF1F, 0xEF1F,
    0xEEFF, 0xEEFF, 0xE6BE, 0xEEBF, 0xF6FF, 0xEEFF, 0xF71F, 0xF6FF, 0xEEFF, 0xEEFF, 0xE69D, 0xF6FF,
    0xF6FE, 0xF6DE, 0xF6DE, 0xF6DE, 0xF6BD, 0xEE9D, 0xEE5B, 0xE61B, 0xE5D9, 0xDD98, 0xCD15, 0xBC71,
    0xABAD, 0x9AE9, 0x8226, 0x61A3, 0x5142, 0x4942, 0x4942, 0x4142, 0x4142, 0x4142, 0x4142, 0x4142,
    0x3962, 0x3942, 0x3942, 0x3942, 0x3942, 0x3942, 0x3942, 0x3941, 0x7308, 0xA4B2, 0xB516, 0xC5BA,
    0xAC33, 0xA2AB, 0xA2AB, 0xAACB, 0xB32C, 0xB34D, 0xB34D, 0xB30C, 0xAAEC, 0xAAEB, 0xAAEB, 0xAB2C,
    0x9B0B, 0x8B2C, 0x7B0B, 0x834C, 0x834C, 0x7B4C, 0x7B6D, 0x7B6E, 0x93EF, 0xA473, 0xCDFB, 0x7B2F,
    0x4145, 0x4186, 0x4185, 0x4165, 0x3965, 0x3944, 0x3944, 0x3944, 0x4144, 0x4144, 0x4144, 0x4124,
    0x4103, 0x4943, 0x61E6, 0x8B2C, 0xBCB3, 0xDDD9, 0xE63B, 0xE61B, 0xDE1B, 0xD5FA, 0xCDB9, 0xD5FA,
    0xD61A, 0xD5FA, 0xD5FB, 0xD5FB, 0xD5FA, 0xCDBA, 0xCDDA, 0xCDDA, 0xCDDA, 0xCDDA, 0xCDDA, 0xD5DB,
    0xCDDA, 0xCDFB, 0xD61B, 0xD61B, 0xDE3B, 0xDE3C, 0xD5FB, 0xCDDB, 0xCDDB, 0xCDDB, 0xCDDB, 0xCDFB,
    0xEF1F, 0xF73F, 0xEEFF, 0xE6BE, 0xEF1F, 0xEF1F, 0xEF1F, 0xEF1F, 0xEF1F, 0xEEFF, 0xE69E, 0xEEBF,
    0xEEDF, 0xEEFF, 0xEEFF, 0xEEFF, 0xF71F, 0xEEDF, 0xE69D, 0xF6FE, 0xF6DE, 0xEEBD, 0xEEBD, 0xEEBD,
    0xEE7C, 0xE63B, 0xE5FA, 0xDD98, 0xD515, 0xC471, 0xABAD, 0x9AE9, 0x8246, 0x69C4, 0x5162, 0x4942,
    0x4942, 0x4142, 0x4142, 0x4142, 0x4142, 0x4142, 0x3962, 0x4163, 0x3962, 0x3942, 0x3942, 0x3942,
    0x3941, 0x3941, 0x3942, 0x3121, 0x5224, 0x9C50, 0xACD5, 0xBD79, 0xBD99, 0xA3B1, 0xA2AB, 0xAACB,
    0xB30C, 0xB34D, 0xBB6E, 0xBB6E, 0xBB4E, 0xB32D, 0xB32D, 0xB32C, 0x92EB, 0x834C, 0x834C, 0x7B4C,
    0x7B4D, 0x7B4D, 0x734D, 0x7B6E, 0x83AF, 0xAC94, 0xCDFC, 0x9C75, 0x4166, 0x4186, 0x4166, 0x4165,
    0x3965, 0x3945, 0x3945, 0x3944, 0x3944, 0x3964, 0x3964, 0x3944, 0x4144, 0x4144, 0x3923, 0x4103,
    0x5185, 0x7ACA, 0xBC92, 0xDDD8, 0xE65B, 0xE65B, 0xD5FA, 0xE65B, 0xE67C, 0xE69C, 0xEE9D, 0xEE9D,
    0xE69D, 0xDE3C, 0xE65D, 0xE67D, 0xE65D, 0xE65C, 0xE65C, 0xE67D, 0xDE3C, 0xDE3C, 0xE69E, 0xE69D,
    0xE69D, 0xEE9D, 0xDE1C, 0xCDDB, 0xCDDB, 0xCDDB, 0xCDFB, 0xCDFB, 0xDE9E, 0xE6BE, 0xDE9E, 0xDE9E,
    0xDEBE, 0xE6BE, 0xE6BE, 0xE6BE, 0xDE9E, 0xDE9E, 0xDE5D, 0xE67D, 0xE69E, 0xE69E, 0xE69E, 0xE6BE,
    0xE69E, 0xE69D, 0xDE7C, 0xE69D, 0xEE9D, 0xEE9D, 0xEE9D, 0xEE9C, 0xE65B, 0xE5F9, 0xCD35, 0xBC50,
    0xAB8D, 0x92E9, 0x8246, 0x69C4, 0x5963, 0x4962, 0x4142, 0x4142, 0x4142, 0x4142, 0x4143, 0x4162,
    0x4162, 0x3962, 0x3962, 0x4163, 0x4163, 0x3962, 0x3942, 0x3941, 0x3941, 0x3921, 0x3141, 0x3141,
    0x4182, 0x83CC, 0x9C92, 0xB537, 0xBDBA, 0xBD59, 0xA34F, 0xA2CB, 0xAB0C, 0xB34D, 0xBB6E, 0xBB8F,
    0xBB8F, 0xBB8F, 0xBB4E, 0xBB4D, 0x92AA, 0x72CB, 0x730C, 0x72EC, 0x72EC, 0x6B0C, 0x62AB, 0x6AED,
    0x730C, 0xA494, 0xC5DC, 0xB55A, 0x51C9, 0x4166, 0x4166, 0x4165, 0x4165, 0x3965, 0x3965, 0x3945,
    0x3944, 0x3944, 0x3944, 0x3944, 0x3944, 0x3944, 0x3944, 0x3924, 0x3924, 0x3903, 0x4944, 0x7268,
    0xA3EF, 0xCD97, 0xDE1A, 0xDE3B, 0xE63B, 0xE65B, 0xE65C, 0xE67C, 0xE69D, 0xDE3C, 0xE65C, 0xE67D,
    0xE65D, 0xE65C, 0xE65C, 0xE67D, 0xDE5C, 0xDE3C, 0xE69E, 0xEE9E, 0xEE9E, 0xEEBE, 0xDE3C, 0xD5FB,
    0xD5FC, 0xD5FC, 0xCDFB, 0xCDFB, 0xE6DF, 0xE6DF, 0xDE9E, 0xDE9E, 0xE6FF, 0xE6DF, 0xE6DF, 0xE6DF,
    0xE6DE, 0xE6BE, 0xD63C, 0xE69E, 0xE6BE, 0xE6BE, 0xE69D, 0xE69D, 0xE69D, 0xE67C, 0xDE5C, 0xE65C,
    0xEE7C, 0xEE7C, 0xE67C, 0xE65B, 0xDDB8, 0xC4B2, 0xAB8C, 0x92C9, 0x8227, 0x71C5, 0x5983, 0x4943,
    0x4142, 0x4142, 0x4142, 0x4143, 0x4143, 0x4163, 0x4163, 0x4163, 0x4163, 0x4162, 0x3942, 0x4183,
    0x4183, 0x3963, 0x3942, 0x3141, 0x3121, 0x3122, 0x3121, 0x3141, 0x3141, 0x62A7, 0x9430, 0xA4D5,
    0xB559, 0xC5BB, 0xBCD7, 0xA30E, 0xAB0D, 0xB34E, 0xBB8F, 0xC3AF, 0xBBB0, 0xBB8F, 0xBB6E, 0xBB4D,
    0xAB0C, 0x8BAF, 0xA4B4, 0x9C94, 0x8C52, 0x9CD5, 0x9CD5, 0xAD97, 0xBDD9, 0xBD37, 0xBD9B, 0xC5DC,
    0x6A8D, 0x4146, 0x4166, 0x4165, 0x4165, 0x4165, 0x4165, 0x3965, 0x3965, 0x3945, 0x3944, 0x3944,
    0x3944, 0x3944, 0x3944, 0x3944, 0x3944, 0x3924, 0x3924, 0x3903, 0x4103, 0x61E6, 0x936D, 0xCD56,
    0xE63B, 0xD5FA, 0xD5DA, 0xD5FA, 0xD5FA, 0xCDDA, 0xD5FB, 0xD5DB, 0xD5DA, 0xD5DA, 0xD5DB, 0xD5FB,
    0xCDDA, 0xCDDA, 0xD61B, 0xDE1C, 0xDE3C, 0xDE3C, 0xD61C, 0xCDDB, 0xCDFB, 0xCDFB, 0xCDFB, 0xCDFB,
    0xEEFF, 0xEEFF, 0xE6BE, 0xDE9E, 0xEEFF, 0xE6DF, 0xE6DE, 0xE6DE, 0xE6DE, 0xE6BE, 0xDE5D, 0xE6BE,
    0xEEBE, 0xEEBE, 0xEEBE, 0xEEBE, 0xEEBD, 0xE69D, 0xE65C, 0xE67C, 0xE65C, 0xE63B, 0xDDB8, 0xCCF4,
    0xB3EF, 0x9AEA, 0x8267, 0x71E6, 0x59A4, 0x5163, 0x4143, 0x4143, 0x4143, 0x4163, 0x4163, 0x4163,
    0x4163, 0x4163, 0x4163, 0x4183, 0x4183, 0x3983, 0x3963, 0x4184, 0x4184, 0x3963, 0x3942, 0x3121,
    0x3121, 0x3121, 0x3121, 0x3121, 0x3121, 0x49E4, 0x83AD, 0x9452, 0xACF6, 0xBD79, 0xC5BB, 0xB495,
    0xAB2E, 0xB34E, 0xBB8F, 0xBBB0, 0xC3D0, 0xC3D0, 0xC38F, 0xBB4E, 0xBB4E, 0xA36E, 0x8B6E, 0x836E,
    0x838F, 0x8BCF, 0x8BF0, 0x9C72, 0xAC92, 0xAC94, 0xC59C, 0xC5FD, 0x8351, 0x4126, 0x4166, 0x4166,
    0x4186, 0x4165, 0x4165, 0x4165, 0x3965, 0x3945, 0x3945, 0x3945, 0x3944, 0x3924, 0x3924, 0x3944,
    0x3944, 0x3944, 0x3944, 0x3924, 0x3924, 0x3903, 0x3903, 0x61E7, 0xB493, 0xE65C, 0xE65B, 0xE65C,
    0xDE5C, 0xD5FA, 0xDE3C, 0xDE3C, 0xDE3C, 0xDE3C, 0xDE3C, 0xDE5C, 0xDE1C, 0xD5FB, 0xDE5C, 0xE67D,
    0xE67D, 0xE67D, 0xDE3C, 0xCDFB, 0xCDFB, 0xD5FB, 0xD5FB, 0xCDFC, 0xEF3F, 0xEF1F, 0xE6DE, 0xE6BE,
    0xEEFF, 0xEEFF, 0xEEDF, 0xEEFF, 0xEEFF, 0xE6DE, 0xDE7D, 0xEEDE, 0xEEDE, 0xEEBE, 0xEEBE, 0xEEBE,
    0xE69D, 0xE67D, 0xE65B, 0xDE1A, 0xDDD9, 0xCD35, 0xBC30, 0xA34C, 0x8AA9, 0x7A27, 0x61C5, 0x5184,
    0x4963, 0x4143, 0x4143, 0x4143, 0x4163, 0x4163, 0x4163, 0x4163, 0x4163, 0x4163, 0x4183, 0x4184,
    0x4184, 0x3963, 0x3963, 0x41A4, 0x4184, 0x3964, 0x3943, 0x3122, 0x3121, 0x3101, 0x3101, 0x3121,
    0x3121, 0x3962, 0x6B09, 0x83CF, 0x9473, 0xB517, 0xBD9A, 0xC5BB, 0xB475, 0xAB4F, 0xBB8F, 0xC3D1,
    0xC3D1, 0xC3F1, 0xC3D1, 0xC3B0, 0xC38F, 0xB36E, 0xA32D, 0x8228, 0x7A07, 0x7268, 0x82AA, 0xA40F,
    0xB492, 0xBD79, 0xBDBC, 0xC5FC, 0x9C55, 0x4926, 0x4166, 0x4166, 0x4186, 0x3965, 0x4165, 0x4165,
    0x3945, 0x3945, 0x3945, 0x3945, 0x3945, 0x3945, 0x3944, 0x3944, 0x3924, 0x3944, 0x3945, 0x3945,
    0x3944, 0x3944, 0x3944, 0x3903, 0x51A5, 0xC515, 0xE65C, 0xDE3B, 0xE63B, 0xDDFA, 0xDE3C, 0xDE3C,
    0xDE3C, 0xDE3C, 0xDE3C, 0xDE5C, 0xDE3C, 0xD5FB, 0xE67D, 0xE69D, 0xE69D, 0xEEBD, 0xDE3C, 0xCDFB,
    0xD5FB, 0xD5FB, 0xD5FB, 0xD5FC, 0xDE9E, 0xDE9D, 0xD65D, 0xDE7D, 0xDE9E, 0xDE7D, 0xDE7D, 0xDE7D,
    0xDE9D, 0xDE7D, 0xDE5D, 0xE69D, 0xE67D, 0xE69D, 0xE67D, 0xE67D, 0xE67D, 0xE63B, 0xDDD9, 0xD555,
    0xBC51, 0xAB8D, 0x92E9, 0x8267, 0x7205, 0x61A4, 0x5164, 0x4943, 0x4143, 0x4143, 0x4143, 0x4163,
    0x4163, 0x4163, 0x4163, 0x4163, 0x4183, 0x4183, 0x4184, 0x4184, 0x4184, 0x3963, 0x3963, 0x41A5,
    0x4184, 0x3984, 0x3963, 0x3122, 0x3121, 0x3101, 0x3101, 0x3121, 0x3121, 0x3121, 0x5A67, 0x7B6C,
    0x83F0, 0xA4B5, 0xBD59, 0xC5BB, 0xC5BB, 0xBC75, 0xBB70, 0xC3D1, 0xC3F2, 0xCBF2, 0xCBF2, 0xCBD1,
    0xC3D0, 0xC3D0, 0xB38E, 0x928A, 0x93CF, 0x93F1, 0x832D, 0xB472, 0xC599, 0xC5BB, 0xBDBB, 0xC5DC,
    0xACD7, 0x4967, 0x4166, 0x4186, 0x3966, 0x3966, 0x4165, 0x3965, 0x3945, 0x3945, 0x3945, 0x3945,
    0x3945, 0x3945, 0x3944, 0x3945, 0x3945, 0x3945, 0x3945, 0x3965, 0x3945, 0x3945, 0x3945, 0x3945,
    0x3924, 0x6A6A, 0xD5DA, 0xE63C, 0xE65C, 0xDDFB, 0xDE3B, 0xE63C, 0xDE3C, 0xDE1B, 0xDE3C, 0xDE3C,
    0xDE3C, 0xD5FB, 0xE67D, 0xEE9D, 0xEE9D, 0xEE9D, 0xDE3C, 0xD5DB, 0xD5FC, 0xD61C, 0xD5FC, 0xD5FC,
    0xEEFF, 0xE6BE, 0xDE7D, 0xDEBE, 0xE6DE, 0xE6BE, 0xE6BE, 0xE6BE, 0xE6BE, 0xDE7D, 0xDE5C, 0xE67D,
    0xE69D, 0xE67D, 0xE67C, 0xDE7C, 0xDE1B, 0xCCF5, 0xB410, 0xA36C, 0x8AC9, 0x7A47, 0x6A06, 0x59C4,
    0x5184, 0x4943, 0x4943, 0x4143, 0x4143, 0x4143, 0x4163, 0x3963, 0x3963, 0x3963, 0x3963, 0x4163,
    0x4163, 0x4184, 0x4184, 0x4184, 0x4184, 0x3943, 0x3984, 0x4184, 0x3984, 0x3984, 0x3963, 0x3122,
    0x3102, 0x3101, 0x3101, 0x2901, 0x2921, 0x3121, 0x49E5, 0x732B, 0x7B8E, 0x9452, 0xAD17, 0xBD9A,
    0xBDBB, 0xC59C, 0xBC76, 0xBBD2, 0xC3F2, 0xCC12, 0xCC13, 0xCBF2, 0xCBF1, 0xC3CF, 0xA36D, 0x9C73,
    0x9CD6, 0xA517, 0xAD57, 0xB537, 0xC59B, 0xC5BB, 0xC5BB, 0xC5BC, 0xB4F8, 0x49A8, 0x4166, 0x4186,
    0x3966, 0x3965, 0x3965, 0x3965, 0x3945, 0x3945, 0x3945, 0x3945, 0x3944, 0x3944, 0x3945, 0x3945,
    0x3945, 0x3945, 0x3965, 0x3965, 0x3965, 0x3965, 0x3965, 0x3965, 0x4145, 0x4145, 0xAC94, 0xDE1B,
    0xCDBA, 0xCD99, 0xD5DA, 0xD5FA, 0xD5DA, 0xCDDA, 0xD5FB, 0xD61B, 0xD61B, 0xCDDA, 0xD61B, 0xDE3C,
    0xDE3C, 0xDE5C, 0xDE1C, 0xD5DB, 0xD5FC, 0xD61C, 0xD61C, 0xD61C, 0xEEFE, 0xE6BE, 0xDE7D, 0xDEBE,
    0xE6DF, 0xE6DE, 0xEEDE, 0xEEDE, 0xE6DE, 0xDE7D, 0xDE7C, 0xE6BD, 0xE6BD, 0xE69D, 0xE69D, 0xDE1A,
    0xAC11, 0x92EA, 0x8288, 0x7226, 0x61E5, 0x59A4, 0x5163, 0x4943, 0x4143, 0x4143, 0x4143, 0x4143,
    0x4143, 0x4143, 0x4143, 0x3943, 0x3963, 0x3963, 0x4163, 0x3963, 0x4164, 0x4184, 0x4184, 0x4184,
    0x3984, 0x3963, 0x41A4, 0x41A5, 0x3985, 0x3984, 0x3964, 0x3143, 0x3122, 0x3101, 0x3101, 0x3101,
    0x2901, 0x3121, 0x3983, 0x730A, 0x7B4D, 0x8BF0, 0xA4B5, 0xB559, 0xBD9B, 0xBDBC, 0xC59C, 0xC4D8,
    0xC3F3, 0xC412, 0xCC13, 0xCC12, 0xCBF1, 0xBB4D, 0xA32C, 0xA4D5, 0xAD17, 0xAD58, 0x9495, 0xB4F7,
    0xBDBB, 0xC5BB, 0xC5BB, 0xC5BC, 0xB519, 0x49A8, 0x4166, 0x4166, 0x3966, 0x3965, 0x3965, 0x3945,
    0x3945, 0x3945, 0x3945, 0x3945, 0x3944, 0x3944, 0x3945, 0x3945, 0x3945, 0x3945, 0x3965, 0x3965,
    0x3965, 0x3945, 0x3945, 0x3965, 0x3945, 0x3944, 0x8B6E, 0xDE1B, 0xDE1B, 0xD5DA, 0xD5FB, 0xDE1B,
    0xD61B, 0xD61B, 0xD61B, 0xDE3C, 0xDE1B, 0xD5FB, 0xE67C, 0xE67D, 0xE67D, 0xEE9D, 0xE67D, 0xD5FB,
    0xD5FC, 0xDE1C, 0xD61C, 0xD61C, 0xE6DE, 0xE69D, 0xDE5C, 0xDEBE, 0xE6DE, 0xE69D, 0xE69D, 0xE6BD,
    0xE6BD, 0xDE5C, 0xDE5C, 0xE69D, 0xE67C, 0xE67C, 0xE67C, 0xBC94, 0x8249, 0x71E6, 0x61A5, 0x5184,
    0x4963, 0x4163, 0x4143, 0x4143, 0x4143, 0x4143, 0x4143, 0x4143, 0x4143, 0x3943, 0x3943, 0x3963,
    0x3963, 0x3963, 0x3963, 0x3964, 0x4184, 0x4184, 0x41A5, 0x41A5, 0x3984, 0x3964, 0x41A5, 0x41A5,
    0x41A5, 0x3984, 0x3984, 0x3943, 0x3122, 0x3102, 0x3101, 0x3101, 0x3101, 0x2901, 0x3141, 0x6AE9,
    0x7B8D, 0x8BD0, 0x9C74, 0xAD18, 0xBD9B, 0xBD9B, 0xC5BC, 0xC5BC, 0xCCF9, 0xC434, 0xC3F2, 0xC412,
    0xBB90, 0xAAEB, 0xB3CF, 0xA4B5, 0x9454, 0x9C95, 0x9474, 0xB559, 0xC5BB, 0xBDBB, 0xC5BB, 0xC5BC,
    0xB4F8, 0x4987, 0x4146, 0x4166, 0x3966, 0x3965, 0x3965, 0x3945, 0x3945, 0x3945, 0x3945, 0x3945,
    0x3945, 0x3944, 0x3945, 0x3965, 0x3965, 0x3965, 0x3945, 0x3945, 0x3965, 0x3965, 0x3945, 0x3945,
    0x3945, 0x3945, 0x6A69, 0xD5D9, 0xDE3B, 0xD5DA, 0xD5FB, 0xDE3C, 0xDE3C, 0xDE3C, 0xDE3C, 0xDE3C,
    0xDE3C, 0xD5FB, 0xE67D, 0xE69D, 0xEE9D, 0xEEBE, 0xE69D, 0xD5FC, 0xD61C, 0xDE1C, 0xDE1C, 0xDE1C,
    0xEEDE, 0xE69D, 0xDE5D, 0xE6BE, 0xE6BE, 0xE69D, 0xE69D, 0xE6BD, 0xE6BD, 0xDE5C, 0xDE7C, 0xE69D,
    0xE69D, 0xE67C, 0xDE1A, 0x9B4F, 0x69A7, 0x5985, 0x4944, 0x4143, 0x4143, 0x4163, 0x4163, 0x4163,
    0x4143, 0x3943, 0x3943, 0x3943, 0x3963, 0x3963, 0x3943, 0x3943, 0x3963, 0x3963, 0x3963, 0x4184,
    0x4184, 0x39A5, 0x39A5, 0x39A5, 0x3164, 0x3984, 0x41A5, 0x41A5, 0x39A5, 0x3984, 0x3984, 0x3143,
    0x3123, 0x3122, 0x3101, 0x2901, 0x2901, 0x2901, 0x3121, 0x6AC9, 0x83CE, 0x8BF0, 0x9C73, 0xACF7,
    0xB559, 0xBD9B, 0xBDBB, 0xC5BC, 0xCDBC, 0xCD5A, 0xC414, 0xB390, 0xA2ED, 0xB34E, 0xCCD4, 0xAD17,
    0xAD17, 0xAD37, 0xAD17, 0xBD9A, 0xC5BB, 0xBDBB, 0xBDBB, 0xC5DC, 0xACB6, 0x4167, 0x4166, 0x4166,
    0x3966, 0x3966, 0x3965, 0x3965, 0x3945, 0x3945, 0x3945, 0x3945, 0x3945, 0x3944, 0x3945, 0x3965,
    0x3945, 0x3945, 0x3945, 0x3965, 0x3965, 0x3965, 0x3945, 0x3945, 0x3965, 0x3945, 0x51E7, 0xC577,
    0xDE3B, 0xD5D9, 0xD5FA, 0xDE3C, 0xDE3C, 0xDE3C, 0xDE3C, 0xDE3C, 0xDE3C, 0xDE1B, 0xE67D, 0xEEBD,
    0xEEBE, 0xEEDE, 0xEE9E, 0xD61C, 0xDE1C, 0xDE3D, 0xDE3D, 0xDE1D, 0xE6BE, 0xE69D, 0xDE5C, 0xE6BE,
    0xE69E, 0xE69D, 0xE69D, 0xE69D, 0xE6BD, 0xDE5C, 0xDE5C, 0xE69D, 0xE67C, 0xE67C, 0xC557, 0x826C,
    0x6187, 0x5144, 0x4143, 0x4143, 0x4163, 0x4163, 0x4143, 0x4143, 0x4143, 0x3943, 0x3943, 0x3963,
    0x3943, 0x3943, 0x3963, 0x3963, 0x3963, 0x3963, 0x3983, 0x3984, 0x41A5, 0x39A5, 0x39A5, 0x39A5,
    0x3163, 0x39A4, 0x41A5, 0x39A5, 0x39A5, 0x3985, 0x3984, 0x3964, 0x3143, 0x3122, 0x2922, 0x2901,
    0x2901, 0x2901, 0x2900, 0x62A8, 0x9410, 0x9431, 0x9C94, 0xACD6, 0xB538, 0xB57A, 0xBDBB, 0xC5BC,
    0xC5BC, 0xC59B, 0xC4F8, 0xB3B1, 0xB3D1, 0xC4D5, 0xCD37, 0xB558, 0xB579, 0xBD99, 0xB579, 0xBD9B,
    0xBDBB, 0xBDBB, 0xBDBB, 0xC5DC, 0x9C34, 0x4146, 0x4166, 0x4166, 0x3966, 0x3966, 0x3965, 0x3965,
    0x3965, 0x3945, 0x3945, 0x3145, 0x3144, 0x3144, 0x3945, 0x3945, 0x3945, 0x3945, 0x3945, 0x3965,
    0x3945, 0x3945, 0x3945, 0x3145, 0x3945, 0x3945, 0x4985, 0xB4D4, 0xDE3B, 0xD5D9, 0xD5DA, 0xDE1B,
    0xDE1B, 0xDE1B, 0xDE1B, 0xDE1B, 0xDE3C, 0xDE1B, 0xE67D, 0xE69D, 0xEE9D, 0xEEBE, 0xE69D, 0xDE1C,
    0xDE1C, 0xDE3D, 0xDE3D, 0xDE1C, 0xE6BD, 0xDE7C, 0xDE5C, 0xE69E, 0xE69D, 0xE69D, 0xE67C, 0xE67C,
    0xE69C, 0xD63B, 0xDE5C, 0xE67C, 0xE65C, 0xDE3B, 0xAC53, 0x720A, 0x5986, 0x4943, 0x4143, 0x4143,
    0x4143, 0x4143, 0x4143, 0x4143, 0x4143, 0x3943, 0x3943, 0x3943, 0x3943, 0x3963, 0x3963, 0x3963,
    0x3963, 0x3963, 0x3984, 0x39A4, 0x41A5, 0x41A5, 0x39A5, 0x3984, 0x3164, 0x41A5, 0x41A5, 0x41A5,
    0x39A5, 0x3985, 0x3985, 0x3164, 0x3143, 0x3142, 0x3122, 0x2901, 0x2901, 0x2921, 0x2900, 0x5A46,
    0x9430, 0x9431, 0x9C93, 0xACF6, 0xB538, 0xB559, 0xB55A, 0xB55A, 0xAD18, 0xACB6, 0xB4D7, 0xBCF6,
    0xC516, 0xBD16, 0xBD17, 0xB579, 0xB57A, 0xBD9A, 0xBD99, 0xBD9B, 0xBDBB, 0xBDBB, 0xBD9B, 0xC5DB,
    0x8390, 0x3925, 0x4166, 0x3966, 0x3966, 0x3966, 0x3965, 0x3965, 0x3965, 0x3965, 0x3945, 0x3945,
    0x3145, 0x3144, 0x3144, 0x3144, 0x3144, 0x3145, 0x3145, 0x3145, 0x3145, 0x3144, 0x3144, 0x3144,
    0x3144, 0x3944, 0x4165, 0xA452, 0xE63B, 0xDDFA, 0xD5FA, 0xDE1B, 0xDE1B, 0xDE1B, 0xDE3C, 0xDE3C,
    0xDE3C, 0xDE1B, 0xE67D, 0xEE9D, 0xEE9D, 0xEEBE, 0xEE9E, 0xDE1C, 0xDE1C, 0xDE1C, 0xDE1C, 0xDE1C,
    0xE6DE, 0xE6BD, 0xDE9D, 0xE6BE, 0xE6BE, 0xE6BE, 0xE6BD, 0xE6BD, 0xE6BD, 0xD63B, 0xE67C, 0xE69D,
    0xE67C, 0xDE1B, 0x9370, 0x61A9, 0x5145, 0x4143, 0x4143, 0x4143, 0x4143, 0x4143, 0x3943, 0x3943,
    0x3943, 0x3943, 0x3943, 0x3943, 0x3943, 0x3942, 0x3943, 0x3963, 0x3163, 0x3163, 0x3983, 0x39A5,
    0x41A5, 0x39A5, 0x39A5, 0x3984, 0x3985, 0x3985, 0x3984, 0x3985, 0x3985, 0x3985, 0x3985, 0x3164,
    0x3143, 0x3143, 0x3122, 0x2922, 0x2902, 0x2922, 0x2901, 0x41A4, 0x8BEF, 0x9430, 0x9C72, 0x9C94,
    0x9433, 0x83B1, 0x7BB1, 0x8390, 0x8BB0, 0x9C32, 0xAC73, 0xB4B4, 0xB4B4, 0xAC73, 0xAC94, 0xB579,
    0xB579, 0xB599, 0xBD99, 0xBDBB, 0xC5BB, 0xBDBB, 0xBD9B, 0xC59A, 0x626A, 0x3946, 0x4166, 0x3966,
    0x3966, 0x3966, 0x3966, 0x3945, 0x3966, 0x3966, 0x3965, 0x3965, 0x3145, 0x3144, 0x3144, 0x3144,
    0x3144, 0x3144, 0x3144, 0x3144, 0x3144, 0x3124, 0x3124, 0x3124, 0x3123, 0x3124, 0x4144, 0x93CF,
    0xDE1A, 0xDDFA, 0xD5FA, 0xDE1B, 0xDE1B, 0xDE1B, 0xDE3C, 0xDE5C, 0xDE5C, 0xDE3C, 0xE67D, 0xEE9E,
    0xEEBE, 0xEEDE, 0xEEDE, 0xD61C, 0xDE1C, 0xDE1C, 0xDE1C, 0xDE1D, 0xD65C, 0xD65C, 0xD63C, 0xD63C,
    0xD63C, 0xD63C, 0xD63B, 0xD63B, 0xD61B, 0xCDFA, 0xD61B, 0xDE1B, 0xDE1A, 0xD5DA, 0x8B0F, 0x6188,
    0x4945, 0x4143, 0x4143, 0x4143, 0x4143, 0x3943, 0x3943, 0x3943, 0x3943, 0x3943, 0x3943, 0x3943,
    0x3942, 0x3942, 0x3942, 0x3963, 0x3163, 0x3963, 0x3983, 0x39A5, 0x39C5, 0x41C5, 0x39A5, 0x3985,
    0x3164, 0x49E6, 0x72A9, 0x59E6, 0x3964, 0x3985, 0x3984, 0x3164, 0x3143, 0x3143, 0x2942, 0x2922,
    0x2922, 0x2922, 0x3122, 0x3121, 0x730A, 0x8BAD, 0x93EF, 0x9C72, 0x8BF1, 0x734E, 0x6AEC, 0x628B,
    0x628A, 0x72EB, 0x834D, 0x9BF0, 0xA452, 0x9C11, 0xA432, 0xBD79, 0xA4F7, 0xAD38, 0xBD99, 0xB579,
    0xBD9A, 0xC5BB, 0xC5BA, 0x9C73, 0x4145, 0x3966, 0x4166, 0x3966, 0x3966, 0x3966, 0x3966, 0x3145,
    0x3966, 0x3966, 0x3965, 0x3965, 0x3165, 0x3144, 0x2924, 0x3124, 0x3144, 0x3144, 0x3144, 0x3144,
    0x3124, 0x3123, 0x3103, 0x3103, 0x3103, 0x3124, 0x3944, 0x7B0C, 0xD5F9, 0xDDD9, 0xD5D9, 0xD5DA,
    0xD5FA, 0xD61B, 0xDE1B, 0xDE3B, 0xDE3C, 0xDE1B, 0xE63C, 0xE67D, 0xE67C, 0xE67D, 0xE65D, 0xDDFC,
    0xDE1C, 0xDE1C, 0xDE1C, 0xDE1D, 0xDE7C, 0xD61B, 0xD61B, 0xD63B, 0xD5FB, 0xD5FA, 0xD5FA, 0xCDDA,
    0xCDB9, 0xC5B9, 0xCDB9, 0xCDB9, 0xCDB9, 0xCD99, 0x8B0F, 0x5967, 0x4944, 0x4143, 0x4143, 0x4143,
    0x3943, 0x3943, 0x3943, 0x3943, 0x3943, 0x3942, 0x3942, 0x3942, 0x3942, 0x3142, 0x3162, 0x3163,
    0x3963, 0x3963, 0x3984, 0x39A5, 0x39C5, 0x39C5, 0x39A5, 0x3164, 0x6227, 0xB3CD, 0xC3ED, 0xAACA,
    0x61A6, 0x3964, 0x3964, 0x3964, 0x3144, 0x3143, 0x3143, 0x3142, 0x3142, 0x3122, 0x3142, 0x3122,
    0x4184, 0x6AC9, 0x838C, 0xA4D4, 0xB536, 0xAD36, 0xAD15, 0xACD4, 0x9C73, 0x8BD1, 0x836F, 0x836F,
    0x8BB0, 0x83B0, 0xA453, 0xBD79, 0x9496, 0xA4F7, 0xBDBA, 0x8BD1, 0x624A, 0x8B8F, 0x83CF, 0x49C7,
    0x3945, 0x4166, 0x3966, 0x3966, 0x3966, 0x3966, 0x3966, 0x3966, 0x3966, 0x3966, 0x3965, 0x3965,
    0x3165, 0x3144, 0x2924, 0x3124, 0x3144, 0x3144, 0x3124, 0x3124, 0x3124, 0x2903, 0x3103, 0x3103,
    0x3103, 0x3924, 0x3924, 0x6A8A, 0xD5B8, 0xD5D9, 0xCD98, 0xCD98, 0xCD99, 0xCDB9, 0xCDB9, 0xCDB9,
    0xD5DA, 0xD5B9, 0xD5DA, 0xD5DA, 0xD5FA, 0xDDFA, 0xD5FA, 0xD5FB, 0xDE1C, 0xDE1C, 0xDE1C, 0xDE1C,
    0xE6BD, 0xD65C, 0xDE7D, 0xE6DE, 0xE6BD, 0xE6BD, 0xE6BD, 0xE6BD, 0xDE7C, 0xD5FA, 0xE67C, 0xDE7C,
    0xDE3B, 0xCD78, 0x82EF, 0x5967, 0x4944, 0x4143, 0x4143, 0x3943, 0x3943, 0x3943, 0x3943, 0x3943,
    0x3943, 0x3942, 0x3942, 0x3142, 0x3142, 0x3142, 0x3142, 0x3163, 0x3963, 0x3963, 0x3964, 0x39A5,
    0x39C5, 0x39C5, 0x3185, 0x6247, 0xBBEE, 0xC3AC, 0xBB2B, 0xBAEA, 0x9229, 0x4965, 0x3964, 0x3943,
    0x3143, 0x3143, 0x3143, 0x3143, 0x3143, 0x3122, 0x3143, 0x3143, 0x3122, 0x4A06, 0x6288, 0x7B4D,
    0x9C93, 0xAD15, 0xB556, 0xB557, 0xB557, 0xB557, 0xB557, 0xAD37, 0xA516, 0xA4F6, 0xACF5, 0xBD58,
    0xB579, 0xBD99, 0xB578, 0xA4B4, 0x7B0C, 0x51E6, 0x3103, 0x3944, 0x3965, 0x3965, 0x3986, 0x3986,
    0x3965, 0x3966, 0x3966, 0x3966, 0x3966, 0x3966, 0x3165, 0x3165, 0x3165, 0x3144, 0x2924, 0x3124,
    0x3144, 0x3124, 0x3124, 0x3124, 0x3103, 0x2903, 0x2903, 0x2903, 0x3103, 0x3124, 0x3944, 0x5A28,
    0xCD97, 0xDDF9, 0xD5D9, 0xD5D9, 0xD5DA, 0xD5DA, 0xD5FA, 0xDE1B, 0xDE3B, 0xDE1B, 0xDE1B, 0xE65C,
    0xE67C, 0xE67D, 0xE67D, 0xDE1C, 0xDE1C, 0xDE1C, 0xDE1C, 0xDE1C, 0xDE9D, 0xD63C, 0xDE7C, 0xE69D,
    0xDE9D, 0xDE9D, 0xE69D, 0xE69D, 0xDE5C, 0xD5FA, 0xE67C, 0xDE5B, 0xDE3B, 0xBCD6, 0x828E, 0x5987,
    0x4124, 0x4143, 0x4143, 0x3942, 0x3942, 0x3943, 0x3943, 0x3943, 0x3943, 0x3142, 0x3142, 0x3142,
    0x3142, 0x3142, 0x3142, 0x3163, 0x3963, 0x3963, 0x3983, 0x39A5, 0x41C5, 0x39A5, 0x5A27, 0xB3ED,
    0xC3AC, 0xBB0A, 0xBACA, 0xB28A, 0x8A07, 0x51A6, 0x4964, 0x59A5, 0x6A07, 0x4184, 0x3943, 0x3943,
    0x3143, 0x3123, 0x3143, 0x3143, 0x3143, 0x3984, 0x5227, 0x49E7, 0x5A49, 0x6AEC, 0x6B0D, 0x6B0E,
    0x6B2F, 0x7BB0, 0x83F2, 0x9433, 0x9C95, 0x9CB5, 0xACD5, 0xBD78, 0xB599, 0xB599, 0xB557, 0xA493,
    0x9411, 0x8BAE, 0x4185, 0x3944, 0x3965, 0x3965, 0x3965, 0x3966, 0x3965, 0x3966, 0x3966, 0x3166,
    0x3166, 0x3165, 0x3165, 0x3165, 0x3165, 0x3144, 0x3124, 0x3124, 0x3144, 0x3124, 0x3124, 0x3124,
    0x3103, 0x2903, 0x28E3, 0x2902, 0x3103, 0x3124, 0x3944, 0x51C6, 0xC556, 0xDE1A, 0xDDFA, 0xDE1A,
    0xDE1B, 0xDE3B, 0xDE5B, 0xE65C, 0xE67C, 0xE65C, 0xE65C, 0xF6DE, 0xF6FE, 0xF6FF, 0xF6DF, 0xDE3D,
    0xDE1C, 0xDE1C, 0xDE1C, 0xDE1C, 0xDE9D, 0xD63B, 0xDE5C, 0xE67D, 0xDE7C, 0xDE5C, 0xDE5C, 0xDE7C,
    0xD63B, 0xD5FA, 0xDE5C, 0xDE3B, 0xDE3A, 0xAC13, 0x7A2C, 0x5987, 0x4123, 0x4143, 0x3942, 0x3922,
    0x3122, 0x3142, 0x3942, 0x3942, 0x3942, 0x3942, 0x3142, 0x3142, 0x3142, 0x3142, 0x3162, 0x3163,
    0x3163, 0x3983, 0x3184, 0x39A5, 0x39A5, 0x51E6, 0xABCD, 0xC40E, 0xBB4B, 0xB2A9, 0xB289, 0xA248,
    0x71A5, 0x5985, 0x7A28, 0xB34C, 0xCB8D, 0xA2AA, 0x4123, 0x3943, 0x3143, 0x3123, 0x3143, 0x3143,
    0x3143, 0x41A5, 0x9C71, 0x8C10, 0x8C11, 0x9C73, 0x9473, 0x8C12, 0x83D1, 0x7BB0, 0x734F, 0x6AEE,
    0x6AEE, 0x6B0F, 0x9433, 0xBD78, 0xB558, 0xB558, 0xAD16, 0x83AF, 0x72EC, 0x730B, 0x4185, 0x3945,
    0x3965, 0x3965, 0x3965, 0x3966, 0x3965, 0x3966, 0x3966, 0x3166, 0x3165, 0x3165, 0x3165, 0x3165,
    0x3145, 0x3144, 0x3144, 0x3144, 0x3144, 0x3144, 0x3123, 0x3103, 0x3103, 0x28E3, 0x28E3, 0x28E2,
    0x3103, 0x3123, 0x3944, 0x4985, 0xB4D4, 0xDE1A, 0xD5F9, 0xD5FA, 0xDE1A, 0xDE1B, 0xDE3B, 0xE65C,
    0xE67C, 0xE63B, 0xE65C, 0xF6DE, 0xF6DE, 0xF6DE, 0xF6DE, 0xDE3C, 0xDE1C, 0xDE1C, 0xDE1C, 0xDE3C,
    0xE69D, 0xD63C, 0xDE7D, 0xE69D, 0xE67C, 0xDE5C, 0xDE5C, 0xDE7C, 0xD61B, 0xD5FA, 0xE65B, 0xDE3B,
    0xDE1A, 0xA3D2, 0x71EA, 0x5986, 0x4123, 0x3922, 0x3922, 0x3122, 0x3121, 0x3121, 0x3142, 0x3942,
    0x3942, 0x3142, 0x3142, 0x3121, 0x3121, 0x3141, 0x3142, 0x3162, 0x3163, 0x3983, 0x3184, 0x39A5,
    0x39A5, 0x82E9, 0xC42E, 0xBBAC, 0xAAE9, 0xAA88, 0xAA48, 0x89E6, 0x69A5, 0x79E7, 0xBB2C, 0xD34C,
    0xD34C, 0xD34D, 0x5964, 0x3123, 0x3943, 0x3123, 0x3143, 0x3143, 0x3143, 0x3984, 0x9C92, 0xA4D3,
    0xA4D4, 0xBD97, 0xBDB8, 0xBDB9, 0xBDB9, 0xBDB8, 0xBD78, 0xB557, 0xAD16, 0xA4F6, 0xACF6, 0xB536,
    0xB536, 0xB536, 0xACF5, 0x732D, 0x49C6, 0x4144, 0x30E2, 0x3944, 0x3965, 0x3965, 0x3965, 0x3965,
    0x3965, 0x3165, 0x3166, 0x3166, 0x3165, 0x3165, 0x3145, 0x3145, 0x3145, 0x3124, 0x3124, 0x3124,
    0x3124, 0x3124, 0x3123, 0x2903, 0x2903, 0x28E3, 0x28E2, 0x2902, 0x3103, 0x3123, 0x3143, 0x4165,
    0xAC93, 0xDE1A, 0xD5D9, 0xD5FA, 0xDDFA, 0xDE1A, 0xDE1B, 0xE63B, 0xE67C, 0xE63C, 0xE65C, 0xF6BE,
    0xF6DE, 0xF6DE, 0xF6BE, 0xDE3C, 0xDE1C, 0xDE1C, 0xDE1C, 0xDE1C, 0xD65C, 0xD61B, 0xDE3C, 0xDE5C,
    0xDE5B, 0xD63B, 0xDE3B, 0xD63B, 0xD5FA, 0xD5FA, 0xDE1B, 0xDE1A, 0xDE1A, 0x9BB1, 0x6988, 0x5166,
    0x3902, 0x3902, 0x3922, 0x3101, 0x3101, 0x2901, 0x3121, 0x3121, 0x3122, 0x3121, 0x3121, 0x2921,
    0x2921, 0x2921, 0x2921, 0x3141, 0x3162, 0x3983, 0x3984, 0x3184, 0x49C5, 0xAB8B, 0xC3AC, 0xB309,
    0xAAA8, 0xAA88, 0x9A27, 0x79A5, 0x79E6, 0xB30A, 0xD36C, 0xD2EB, 0xD30B, 0xDB4D, 0x79A6, 0x38E2,
    0x3903, 0x3123, 0x3143, 0x3143, 0x3143, 0x3143, 0x62AA, 0x734D, 0x6AEC, 0x7B8E, 0x8C11, 0x9C73,
    0xA4B4, 0xAD16, 0xB557, 0xB578, 0xBD98, 0xBD98, 0xBD77, 0xA472, 0x838E, 0xA4B4, 0xA4D4, 0x9452,
    0x8BCF, 0x72EB, 0x3124, 0x3144, 0x3945, 0x3965, 0x3965, 0x3965, 0x3165, 0x3165, 0x3166, 0x3166,
    0x3165, 0x3165, 0x3145, 0x2945, 0x2944, 0x3124, 0x3124, 0x3124, 0x3124, 0x3124, 0x2923, 0x2903,
    0x2903, 0x28E3, 0x2902, 0x2902, 0x3103, 0x3123, 0x3123, 0x4145, 0xA452, 0xDE1A, 0xD5F9, 0xD5FA,
    0xDDFA, 0xDE1B, 0xE63B, 0xE65C, 0xEE7C, 0xE65B, 0xE65C, 0xF6DE, 0xF6DE, 0xF6FF, 0xF6DE, 0xE63D,
    0xDE1C, 0xDE1C, 0xDE1C, 0xDE1C, 0xC5BA, 0xC5BA, 0xC5B9, 0xC5B9, 0xC5B9, 0xC599, 0xC599, 0xC599,
    0xC578, 0xC578, 0xC578, 0xC578, 0xCDB9, 0xABF2, 0x79C9, 0x5165, 0x4103, 0x3902, 0x3101, 0x3101,
    0x3101, 0x2901, 0x3101, 0x3101, 0x2901, 0x2901, 0x2901, 0x2900, 0x2900, 0x2900, 0x2900, 0x2920,
    0x3142, 0x3983, 0x3184, 0x3184, 0x6247, 0xBBCC, 0xB32A, 0xAAA8, 0xAAC9, 0xAAA9, 0x9206, 0x8A06,
    0xAB09, 0xD3ED, 0xDB8C, 0xE36C, 0xEBAD, 0xE3CE, 0xC34D, 0x928A, 0x7208, 0x4965, 0x2903, 0x3164,
    0x3143, 0x3143, 0x3184, 0x5228, 0x5A69, 0x5A6A, 0x5A6A, 0x5A8B, 0x62AB, 0x62AB, 0x62AB, 0x62CC,
    0x6B0D, 0x7B4E, 0x838F, 0x9C11, 0x72CC, 0x9411, 0xA4B3, 0x9451, 0x8BF0, 0x9410, 0x49C6, 0x3124,
    0x3945, 0x3965, 0x3965, 0x3165, 0x3165, 0x3165, 0x3166, 0x3166, 0x3165, 0x3165, 0x3145, 0x2945,
    0x2944, 0x3124, 0x3124, 0x3124, 0x3124, 0x3124, 0x2923, 0x2903, 0x2903, 0x28E3, 0x28E3, 0x3102,
    0x3103, 0x3123, 0x3123, 0x4144, 0xA452, 0xDE1A, 0xD5FA, 0xD5FA, 0xDDFA, 0xDE1B, 0xDE1B, 0xDE1B,
    0xDE3B, 0xDE1A, 0xDE1B, 0xE67C, 0xEE9D, 0xEE9D, 0xEE7D, 0xDE1C, 0xDDFC, 0xDE1C, 0xDE1C, 0xD61C,
    0xCDFA, 0xCDDA, 0xCDDA, 0xCDDA, 0xC5D9, 0xC5B9, 0xC5B9, 0xC5B9, 0xC598, 0xC578, 0xC598, 0xC598,
    0xCD98, 0xB413, 0x926C, 0x69E7, 0x4943, 0x3902, 0x3902, 0x3101, 0x3101, 0x3101, 0x3101, 0x3101,
    0x2901, 0x2900, 0x2900, 0x2900, 0x2900, 0x2900, 0x2900, 0x2900, 0x3121, 0x3183, 0x31A3, 0x3163,
    0x82C8, 0xB38B, 0xA2C8, 0xA288, 0xB2E9, 0xAAA8, 0xA288, 0xCBCC, 0xD40E, 0xD40E, 0xDBCD, 0xE3EE,
    0xE3EF, 0xDBCF, 0xD3CF, 0xCBD0, 0xC3D0, 0xB3AF, 0x7249, 0x3143, 0x3163, 0x3143, 0x41A5, 0x8C51,
    0x9CD4, 0xA516, 0xAD37, 0xAD36, 0xA4F6, 0x9C94, 0x8C32, 0x83D0, 0x7B90, 0x732E, 0x628B, 0x93AF,
    0x7AEC, 0x838E, 0x730C, 0x5228, 0x4986, 0x5A28, 0x3965, 0x3124, 0x3945, 0x3965, 0x3965, 0x3165,
    0x3165, 0x3185, 0x3185, 0x3165, 0x3165, 0x3165, 0x2945, 0x2945, 0x3124, 0x3124, 0x3124, 0x3124,
    0x3124, 0x2924, 0x2903, 0x2903, 0x2903, 0x28E2, 0x28E3, 0x3103, 0x3103, 0x3123, 0x3123, 0x3944,
    0x9C31, 0xDE1A, 0xCDB9, 0xCDB9, 0xC598, 0xC558, 0xC558, 0xC578, 0xCD78, 0xCD78, 0xCD78, 0xCD99,
    0xCDB9, 0xCD99, 0xD5BA, 0xD5DB, 0xDDFC, 0xDDFC, 0xDDFC, 0xD5FC, 0xDE7C, 0xDE5C, 0xE6BD, 0xDE9C,
    0xDE7C, 0xDE7C, 0xDE7C, 0xDE7C, 0xCDD9, 0xD63A, 0xDE5B, 0xDE3B, 0xDE3A, 0xBC94, 0x928C, 0x8AAB,
    0x7227, 0x4963, 0x3921, 0x3121, 0x3101, 0x3101, 0x2901, 0x2901, 0x2900, 0x2900, 0x2900, 0x2900,
    0x2900, 0x2900, 0x2900, 0x2900, 0x2900, 0x3162, 0x3183, 0x3983, 0x9B4A, 0xAB2A, 0x9A67, 0xA287,
    0xB2E9, 0xAAA9, 0xB30A, 0xD3EE, 0xD3ED, 0xD3EE, 0xD3CE, 0xD3CF, 0xCBCF, 0xCBAF, 0xCBAF, 0xCBAF,
    0xCBD0, 0xCC11, 0xCC11, 0x59C6, 0x3143, 0x3143, 0x3984, 0x8C51, 0xA535, 0xAD56, 0xB578, 0xB599,
    0xBDB9, 0xBDB9, 0xBDB9, 0xBDB9, 0xB598, 0xB577, 0xB557, 0xACB4, 0x834D, 0x6AEC, 0x628A, 0x6289,
    0x5207, 0x3103, 0x20A2, 0x3144, 0x3165, 0x3965, 0x3965, 0x3165, 0x3165, 0x3165, 0x3165, 0x3165,
    0x3165, 0x3145, 0x2945, 0x2944, 0x3124, 0x3124, 0x3124, 0x2923, 0x2923, 0x2903, 0x2903, 0x2903,
    0x2903, 0x2902, 0x2902, 0x2903, 0x3103, 0x3123, 0x3123, 0x3944, 0x9C10, 0xDE1A, 0xCDB9, 0xCD98,
    0xCD98, 0xCD78, 0xCD78, 0xCD78, 0xCD78, 0xD599, 0xCD99, 0xD5B9, 0xD5BA, 0xD5DA, 0xD5DA, 0xDDFB,
    0xDDFB, 0xDDFB, 0xDDFB, 0xDDFC, 0xDE5B, 0xDE3B, 0xE6BD, 0xDE7C, 0xDE5C, 0xDE7C, 0xDE7C, 0xDE5C,
    0xCDD9, 0xDE3B, 0xDE5B, 0xDE3A, 0xDE3A, 0xC517, 0x8A8D, 0x92AC, 0x8ACB, 0x7268, 0x4142, 0x3101,
    0x3101, 0x3101, 0x2901, 0x2901, 0x2900, 0x2900, 0x2900, 0x2900, 0x20E0, 0x20E0, 0x20E0, 0x20E0,
    0x2900, 0x3162, 0x3162, 0x5A46, 0xBBCC, 0xA2E9, 0x9A47, 0xA267, 0xAAC9, 0xAAC9, 0xAAA9, 0xBB2B,
    0xCBAD, 0xCBCE, 0xCBAE, 0xC3AE, 0xC3AF, 0xC38F, 0xC36E, 0xC38F, 0xCBD0, 0xCBF0, 0xD411, 0x7A69,
    0x3123, 0x3144, 0x3164, 0x5248, 0x5ACB, 0x62EC, 0x6B2D, 0x7B8F, 0x83F1, 0x9452, 0x9C93, 0xA4D5,
    0xAD16, 0xB556, 0xBD77, 0xBD36, 0x838E, 0x730D, 0x8C11, 0x9C51, 0x93F0, 0x6AAA, 0x28E2, 0x3144,
    0x3165, 0x3165, 0x3965, 0x3165, 0x3165, 0x3165, 0x3166, 0x3165, 0x3165, 0x3145, 0x2945, 0x2944,
    0x2924, 0x3124, 0x3124, 0x2923, 0x2903, 0x2903, 0x2903, 0x2903, 0x2903, 0x28E2, 0x2902, 0x2902,
    0x3103, 0x3123, 0x3123, 0x3944, 0x9C10, 0xDE3A, 0xD5FA, 0xDE1A, 0xE63A, 0xE63B, 0xEE5B, 0xEE5B,
    0xE65C, 0xEE5C, 0xEE7C, 0xF6BD, 0xF6BD, 0xF6DE, 0xF6DE, 0xFEFF, 0xF6DE, 0xE63C, 0xDDFC, 0xDE1C,
    0xD61B, 0xD65B, 0xE69C, 0xDE5B, 0xDE3B, 0xDE3B, 0xDE5B, 0xD63B, 0xCDF9, 0xD63A, 0xD63A, 0xD61A,
    0xD61A, 0xD598, 0x8AAD, 0x828B, 0x8ACB, 0x8AEA, 0x6206, 0x3101, 0x3100, 0x2900, 0x3101, 0x3101,
    0x3101, 0x3101, 0x2900, 0x2900, 0x20E0, 0x20E0, 0x20E0, 0x20E0, 0x2900, 0x2941, 0x3141, 0x8309,
    0xB3AB, 0x9AA8, 0x9A47, 0x9A68, 0xA2A9, 0xAAAA, 0xA289, 0xAA89, 0xBB0A, 0xC34C, 0xC34C, 0xBB4D,
    0xB30C, 0xAAEC, 0xAAAB, 0xAA8B, 0xAAAB, 0xAB0D, 0xC38E, 0x7A28, 0x3123, 0x3144, 0x3164, 0x39C5,
    0x62CB, 0x630C, 0x6B2D, 0x62EC, 0x62AC, 0x5A8B, 0x5A8B, 0x5A6B, 0x5A6A, 0x5A6A, 0x5A6B, 0x838F,
    0x836E, 0x7B4E, 0x7B4E, 0x838E, 0x838E, 0x7B6D, 0x3144, 0x3144, 0x3165, 0x3165, 0x3165, 0x3165,
    0x3165, 0x3165, 0x3165, 0x3145, 0x3145, 0x3145, 0x2945, 0x2924, 0x2924, 0x2924, 0x2903, 0x2903,
    0x2903, 0x2903, 0x2903, 0x2903, 0x28E2, 0x28E2, 0x2902, 0x2902, 0x3103, 0x3103, 0x3103, 0x3944,
    0x9C51, 0xDE3A, 0xD5FA, 0xDDFA, 0xDE1A, 0xE61A, 0xE61A, 0xE63B, 0xE65C, 0xE65C, 0xEE5C, 0xF6BE,
    0xF6DE, 0xF6FE, 0xF6DE, 0xFEFF, 0xFEDE, 0xEE5D, 0xDDFC, 0xDE1C, 0xCDFA, 0xD63B, 0xDE5C, 0xDE5B,
    0xDE3B, 0xDE3B, 0xDE5B, 0xD61A, 0xCDD9, 0xD63A, 0xD61A, 0xD5F9, 0xD5F9, 0xD5F9, 0x9B70, 0x7A2A,
    0x82AA, 0x82AA, 0x7267, 0x3942, 0x2900, 0x2900, 0x3101, 0x3101, 0x3101, 0x3100, 0x3100, 0x2900,
    0x20E0, 0x20E0, 0x20E0, 0x20E0, 0x2100, 0x2920, 0x3162, 0xA36A, 0xB36A, 0x9A68, 0x9A47, 0x9A68,
    0xA2A9, 0xA2AA, 0xA2A9, 0xAA89, 0xAAA9, 0xB2EA, 0xC34D, 0xC34E, 0xA28A, 0x89E8, 0x7986, 0x7966,
    0x7987, 0x81E8, 0x8A09, 0x6185, 0x3123, 0x3143, 0x3143, 0x4A48, 0xAD35, 0xAD76, 0xB597, 0xB597,
    0xAD57, 0xAD36, 0xA4D5, 0x9C94, 0x8C12, 0x83B1, 0x732E, 0x83B0, 0x834E, 0x7B4E, 0x3945, 0x3945,
    0x3924, 0x3924, 0x28E2, 0x3144, 0x3165, 0x3145, 0x3165, 0x3165, 0x3165, 0x3165, 0x3165, 0x3145,
    0x3145, 0x3145, 0x2944, 0x2924, 0x2924, 0x2924, 0x2903, 0x2903, 0x2903, 0x2903, 0x2903, 0x2903,
    0x28E2, 0x28E2, 0x2902, 0x2902, 0x3103, 0x3103, 0x3103, 0x3964, 0xA472, 0xDE3A, 0xD5FA, 0xDDFA,
    0xDDFA, 0xDE1A, 0xE61A, 0xE61B, 0xE63B, 0xE61B, 0xE61B, 0xEE7D, 0xF6BE, 0xF6BE, 0xF69E, 0xF6BE,
    0xF6BE, 0xEE5D, 0xDDFC, 0xDDFC, 0xCDFA, 0xD61B, 0xDE7C, 0xDE5B, 0xDE3B, 0xDE3B, 0xDE5B, 0xD61A,
    0xCDD9, 0xDE3A, 0xDE3A, 0xD5FA, 0xD5FA, 0xDE1A, 0xAC53, 0x720A, 0x69E8, 0x61E6, 0x59E5, 0x4142,
    0x3100, 0x3101, 0x3100, 0x3100, 0x3100, 0x3100, 0x3100, 0x2900, 0x28E0, 0x20E0, 0x20E0, 0x20E0,
    0x2100, 0x2920, 0x3982, 0xABAB, 0xB38B, 0x9A88, 0x9A88, 0xA289, 0xA2A9, 0xA289, 0xAAA9, 0xAAAA,
    0xB2CA, 0xBB0B, 0xD3AE, 0xD3F0, 0xC38E, 0xAAEC, 0x924A, 0x7987, 0x60E5, 0x5905, 0x5125, 0x4124,
    0x3944, 0x3144, 0x3143, 0x4A07, 0xA4F4, 0xAD56, 0xAD56, 0xB598, 0xBD99, 0xBDB9, 0xBDB9, 0xBDB9,
    0xBD99, 0xBD99, 0xBD98, 0xB516, 0x7B2E, 0x7B4E, 0x72EC, 0x7B2D, 0x628A, 0x3103, 0x20A1, 0x3144,
    0x3165, 0x3165, 0x3165, 0x3165, 0x3165, 0x3165, 0x3145, 0x3145, 0x3145, 0x3145, 0x2944, 0x2924,
    0x2924, 0x2923, 0x2903, 0x2903, 0x2903, 0x2903, 0x2903, 0x28E2, 0x20E2, 0x28E2, 0x28E2, 0x2902,
    0x3103, 0x3103, 0x3103, 0x4184, 0xAC92, 0xDE1A, 0xD5F9, 0xDDFA, 0xDE1A, 0xE61A, 0xE61B, 0xE61B,
    0xE63B, 0xE63B, 0xE63C, 0xEE9D, 0xF69E, 0xF6BE, 0xF6BE, 0xF6BE, 0xF6BE, 0xEE7D, 0xDDFC, 0xDDFC,
    0xCDFA, 0xD61A, 0xDE5B, 0xD63B, 0xD63A, 0xDE3B, 0xDE5B, 0xD5FA, 0xCDD9, 0xD63A, 0xD61A, 0xD61A,
    0xD5F9, 0xDE1A, 0xC516, 0x722A, 0x5165, 0x4103, 0x3902, 0x3901, 0x30E0, 0x28E0, 0x28E0, 0x2900,
    0x2900, 0x2900, 0x2900, 0x2900, 0x2100, 0x20E0, 0x20E0, 0x20E0, 0x2100, 0x2920, 0x4182, 0xBBCC,
    0xC3CC, 0xA2A8, 0xA288, 0xA289, 0xA289, 0xA289, 0xAAA9, 0xB2CA, 0xB2CB, 0xC30C, 0xD3AE, 0xD3D0,
    0xCBD0, 0xCBF1, 0xCC11, 0xC3D0, 0x92CC, 0x4905, 0x4124, 0x3924, 0x3144, 0x3144, 0x3144, 0x3164,
    0x5227, 0x62AA, 0x62CB, 0x6B0C, 0x7B6E, 0x83AF, 0x83D0, 0x8C12, 0x9453, 0x9C94, 0xA4F5, 0xAD15,
    0x7B4E, 0x838F, 0x9411, 0x9C31, 0x8BCF, 0x5A48, 0x20C1, 0x3144, 0x3165, 0x3165, 0x3165, 0x3165,
    0x3165, 0x3165, 0x3145, 0x3145, 0x3145, 0x2945, 0x2944, 0x2924, 0x2903, 0x2903, 0x2903, 0x2903,
    0x2903, 0x2903, 0x28E2, 0x20E2, 0x20E2, 0x28E2, 0x28E2, 0x28E2, 0x2903, 0x3103, 0x3103, 0x4185,
    0xACB2, 0xDE19, 0xDDF9, 0xDE1A, 0xDE1A, 0xE61B, 0xE63B, 0xE63B, 0xE63C, 0xE65C, 0xE65C, 0xEE9D,
    0xF6BE, 0xF6DE, 0xF6DE, 0xF6BE, 0xF6DE, 0xEE7D, 0xDDFB, 0xDE1C, 0xCDF9, 0xD63B, 0xDE5B, 0xDE5B,
    0xD63B, 0xD65B, 0xDE5B, 0xD5FA, 0xCDD9, 0xDE3A, 0xD61A, 0xD61A, 0xD5FA, 0xD5F9, 0xCD78, 0x728C,
    0x4925, 0x38E3, 0x30E1, 0x30E1, 0x28E0, 0x28E0, 0x28E0, 0x28E0, 0x2900, 0x2900, 0x2900, 0x2900,
    0x2100, 0x20E0, 0x20E0, 0x20E0, 0x2100, 0x2900, 0x4182, 0xBC0C, 0xC3CC, 0xA2A9, 0xA2A9, 0xA289,
    0x9A89, 0xA289, 0xA289, 0xAAAA, 0xB2CA, 0xBACB, 0xC34D, 0xD3B0, 0xCBD0, 0xCBF1, 0xC3F1, 0xC3F1,
    0xC3F1, 0x7A4A, 0x3904, 0x3924, 0x3144, 0x3144, 0x3144, 0x2943, 0x4A28, 0x736E, 0x83CF, 0x7B8E,
    0x6B2D, 0x62AC, 0x5A6A, 0x522A, 0x49E9, 0x49E8, 0x51E9, 0x6AEC, 0x7B4E, 0x834E, 0x6AAB, 0x6ACC,
    0x7B2C, 0x5A48, 0x20C2, 0x3144, 0x3165, 0x3165, 0x3165, 0x3165, 0x3165, 0x3165, 0x3145, 0x3145,
    0x3145, 0x2945, 0x2944, 0x2924, 0x2923, 0x2903, 0x2903, 0x2903, 0x2903, 0x2903, 0x28E2, 0x20E2,
    0x20E2, 0x28E2, 0x28E2, 0x28E2, 0x2903, 0x3103, 0x3103, 0x49A5, 0xB4F3, 0xDE19, 0xDDF9, 0xDDFA,
    0xDE1A, 0xE61B, 0xE61B, 0xE61B, 0xE63C, 0xE63C, 0xE63B, 0xEE5C, 0xEE7D, 0xEE9D, 0xF69D, 0xF69D,
    0xF6BE, 0xEE7D, 0xDDFC, 0xDE1C, 0xC5B8, 0xCDFA, 0xCDFA, 0xCDFA, 0xCDF9, 0xCDFA, 0xCDFA, 0xC5B8,
    0xCDB9, 0xD5D9, 0xCDD9, 0xCDB9, 0xCDB9, 0xD5D9, 0xCD98, 0x7AAE, 0x4946, 0x3903, 0x3902, 0x3101,
    0x28E0, 0x28E0, 0x28E0, 0x28E0, 0x28E0, 0x2900, 0x2900, 0x2900, 0x20E0, 0x20E0, 0x20E0, 0x20E0,
    0x20E0, 0x20E0, 0x49A2, 0xB3AB, 0xAB09, 0xA2A8, 0xA2A8, 0xA2A9, 0xA2A9, 0xA289, 0xA289, 0xAAA9,
    0xAAAA, 0xB2AA, 0xBAEC, 0xC34E, 0xC36F, 0xC3B0, 0xBBB0, 0xBB90, 0xBB90, 0x928B, 0x3904, 0x3944,
    0x3144, 0x3144, 0x3143, 0x2922, 0x7BCF, 0xB598, 0xB598, 0xBD98, 0xB598, 0xBD78, 0xB558, 0xACF6,
    0x9CB5, 0x9433, 0x83B0, 0x8BD1, 0x7B2E, 0x7B2D, 0x3904, 0x3924, 0x28C2, 0x2081, 0x28E3, 0x3144,
    0x3165, 0x3165, 0x3165, 0x3165, 0x3165, 0x3165, 0x3145, 0x3145, 0x2945, 0x2945, 0x2944, 0x2924,
    0x2904, 0x2903, 0x2903, 0x2903, 0x2903, 0x2902, 0x28E2, 0x20E2, 0x20C2, 0x28E2, 0x28E2, 0x28E2,
    0x2902, 0x3102, 0x3103, 0x51C6, 0xBD14, 0xDE19, 0xDDF9, 0xDDFA, 0xE61B, 0xE63B, 0xE61B, 0xE63B,
    0xE65C, 0xEE3C, 0xE63C, 0xEE7D, 0xEE9D, 0xF69D, 0xF69D, 0xF6BE, 0xF6DE, 0xEE9E, 0xDDFC, 0xDE1C,
    0xCE1A, 0xDE5B, 0xD65B, 0xDE5B, 0xD65B, 0xD65B, 0xDE5B, 0xCDD9, 0xD61A, 0xDE1A, 0xD5FA, 0xD5F9,
    0xD5D9, 0xD5F9, 0xBD16, 0x7AEE, 0x51A7, 0x3903, 0x3902, 0x3101, 0x2901, 0x28E0, 0x28E0, 0x28E0,
    0x20E0, 0x20E0, 0x20E0, 0x20E0, 0x20E0, 0x20C0, 0x20C0, 0x20C0, 0x20E0, 0x2100, 0x4182, 0x9AE8,
    0x9A88, 0xA2A8, 0xA2A9, 0xA2A9, 0xA2A9, 0x9A89, 0x9A88, 0xA289, 0xAA89, 0xAA8A, 0xB30C, 0xBB4E,
    0xBB8F, 0xC3B0, 0xBB90, 0xAAEE, 0xB30E, 0x926B, 0x3904, 0x3944, 0x3144, 0x3144, 0x3144, 0x2923,
    0x630B, 0xAD15, 0xAD16, 0xAD36, 0xB557, 0xB578, 0xBD78, 0xBD98, 0xBD98, 0xBD98, 0xBD78, 0xB516,
    0x7B2D, 0x730D, 0x730C, 0x8B8E, 0x5A28, 0x2081, 0x2903, 0x3164, 0x3164, 0x3165, 0x3145, 0x3145,
    0x3145, 0x3145, 0x3145, 0x2944, 0x2945, 0x2945, 0x2944, 0x2924, 0x2903, 0x2903, 0x2903, 0x2903,
    0x2903, 0x2902, 0x20E2, 0x20E2, 0x20C2, 0x20C2, 0x20E2, 0x28E2, 0x28E2, 0x3102, 0x3123, 0x51E6,
    0xBD35, 0xDDF9, 0xD5D9, 0xD5D9, 0xDDD9, 0xDDD9, 0xDDD9, 0xDDDA, 0xDDFA, 0xDDDA, 0xDDDA, 0xDDFB,
    0xE63C, 0xE63C, 0xE63C, 0xE65C, 0xEE5C, 0xE63C, 0xDDDC, 0xDDFC, 0xCDF9, 0xD65B, 0xD63B, 0xD63A,
    0xD61A, 0xD61A, 0xD61A, 0xCDD9, 0xD61A, 0xD61A, 0xD61A, 0xD5F9, 0xD5F9, 0xD5F9, 0xAC32, 0x82ED,
    0x6209, 0x3903, 0x3902, 0x3102, 0x2901, 0x2900, 0x28E0, 0x28E0, 0x20E0, 0x20E0, 0x20C0, 0x20E0,
    0x20C0, 0x20C0, 0x18C0, 0x18C0, 0x20E0, 0x2100, 0x3940, 0x9287, 0x9A88, 0xA2A8, 0xA2A9, 0xA2A9,
    0x9AA9, 0x9A88, 0x9A68, 0xA289, 0xAACA, 0xB32C, 0xBB8E, 0xC3D0, 0xC3F1, 0xC3D1, 0xBB4F, 0x922A,
    0x91A8, 0x71C7, 0x3104, 0x3124, 0x3124, 0x3144, 0x3144, 0x3143, 0x3164, 0x5227, 0x5A49, 0x5A4A,
    0x626A, 0x62AB, 0x6ACD, 0x7B2E, 0x8390, 0x8BD1, 0x9C33, 0xA473, 0x7B0D, 0x7B2D, 0x8BD0, 0x9C11,
    0x836E, 0x3103, 0x2902, 0x3144, 0x3144, 0x3145, 0x3145, 0x3145, 0x3145, 0x3145, 0x3145, 0x2944,
    0x2944, 0x2944, 0x2944, 0x2924, 0x2103, 0x2903, 0x2903, 0x2903, 0x2903, 0x28E2, 0x20E2, 0x20E2,
    0x20E2, 0x20E2, 0x20E2, 0x28E2, 0x28E2, 0x2902, 0x3103, 0x5A07, 0xC555, 0xDE19, 0xDE19, 0xE61A,
    0xE61A, 0xE61B, 0xE63B, 0xE63B, 0xE63C, 0xE63C, 0xE63B, 0xE65C, 0xEE7D, 0xEE7D, 0xF69D, 0xF69E,
    0xF6BE, 0xEE7D, 0xDDFC, 0xDE1C, 0xD61A, 0xDE5B, 0xD65B, 0xD63A, 0xD61A, 0xD61A, 0xD61A, 0xCDD8,
    0xD5F9, 0xD5F9, 0xD5F9, 0xD5F9, 0xD5F9, 0xCD77, 0x936F, 0x8AED, 0x6A49, 0x4124, 0x3902, 0x3102,
    0x3101, 0x2901, 0x28E0, 0x28E0, 0x28E0, 0x20E0, 0x20E0, 0x20E0, 0x20E0, 0x20C0, 0x18C0, 0x18C0,
    0x18C0, 0x20E0, 0x2900, 0x8287, 0x9AC8, 0xA2C9, 0xA2A9, 0x9AA9, 0x9AA9, 0x9A88, 0x9A68, 0xA2A9,
    0xAAEB, 0xBB4D, 0xC3CF, 0xC3D0, 0xC3F1, 0xBB90, 0xB30E, 0x89A8, 0x6905, 0x4924, 0x3124, 0x3124,
    0x3124, 0x3124, 0x3143, 0x3123, 0x3164, 0x732C, 0x83CF, 0x83CF, 0x83AF, 0x732E, 0x6ACD, 0x5A4B,
    0x5A0A, 0x51C9, 0x49A9, 0x624B, 0x72ED, 0x730D, 0x5A28, 0x5A49, 0x6AAA, 0x3103, 0x28E2, 0x3144,
    0x3144, 0x2944, 0x2944, 0x2944, 0x2944, 0x2944, 0x2944, 0x2944, 0x2944, 0x2944, 0x2944, 0x2924,
    0x2103, 0x2903, 0x2103, 0x2902, 0x28E2, 0x28E2, 0x20E2, 0x20E2, 0x20E2, 0x20E2, 0x20E2, 0x28E2,
    0x28E2, 0x2902, 0x3102, 0x5A27, 0xC575, 0xDE19, 0xDE19, 0xE61A, 0xE63B, 0xE65C, 0xEE5C, 0xEE5C,
    0xEE5C, 0xEE5C, 0xE61B, 0xE63C, 0xEE7D, 0xF69D, 0xF69E, 0xF6BE, 0xF6DF, 0xF6BE, 0xE61D, 0xDE1C,
    0xD61A, 0xD65B, 0xD65B, 0xD63A, 0xD61A, 0xD61A, 0xD61A, 0xCDB8, 0xD5F9, 0xD5F9, 0xD5F9, 0xD5F9,
    0xD5F9, 0xB4B4, 0x8AEC, 0x8AEC, 0x726A, 0x4944, 0x3902, 0x3102, 0x3101, 0x2901, 0x2901, 0x2900,
    0x2900, 0x2900, 0x2900, 0x2900, 0x20E0, 0x20C0, 0x18C0, 0x18C0, 0x18C0, 0x20E0, 0x28E0, 0x7A86,
    0x9AE8, 0x9AA8, 0xA2A9, 0x9AA9, 0x9AA9, 0x9A89, 0x9A88, 0x9A89, 0xA2AA, 0xB30B, 0xBB6E, 0xBB8E,
    0xB32D, 0x9A8B, 0x8A09, 0x5925, 0x4104, 0x3924, 0x3124, 0x3124, 0x3124, 0x3123, 0x2943, 0x2923,
    0x41C5, 0xB576, 0xBDB8, 0xB598, 0xB598, 0xB598, 0xB578, 0xAD37, 0xACF6, 0xA4B5, 0xA474, 0x9412,
    0x72EC, 0x6ACB, 0x3924, 0x38E3, 0x2060, 0x1860, 0x3103, 0x3143, 0x2944, 0x2944, 0x2944, 0x2944,
    0x2944, 0x2944, 0x2944, 0x2944, 0x2924, 0x2924, 0x2944, 0x2924, 0x2103, 0x2102, 0x2103, 0x28E2,
    0x20E2, 0x20E2, 0x20E2, 0x20E2, 0x20C1, 0x20E1, 0x20E2, 0x28E2, 0x28E2, 0x2902, 0x3102, 0x5A47,
    0xCD96, 0xDE19, 0xDE19, 0xE61A, 0xE63B, 0xE63B, 0xE65C, 0xEE5C, 0xEE7C, 0xEE7C, 0xE63B, 0xEE5C,
    0xF6BD, 0xF6BE, 0xF6DE, 0xF6BE, 0xF6DF, 0xF6BF, 0xE63D, 0xDE1C, 0xD63A, 0xD63B, 0xD61A, 0xD61A,
    0xD61A, 0xD61A, 0xD619, 0xCDB8, 0xD5FA, 0xD5FA, 0xD5F9, 0xD5F9, 0xD5D9, 0xA3D0, 0x8AAB, 0x8ACB,
    0x7A8A, 0x5185, 0x3902, 0x3102, 0x3102, 0x3101, 0x2901, 0x2901, 0x2900, 0x2900, 0x2901, 0x2900,
    0x2100, 0x20E0, 0x18C0, 0x18C0, 0x18C0, 0x18C0, 0x20C0, 0x7225, 0x9AC8, 0x9A88, 0xA2A9, 0x9AA9,
    0x9AA9, 0x9AA9, 0x9A89, 0x9A88, 0xA289, 0xAAEB, 0xB34C, 0xAAEB, 0x89C7, 0x7186, 0x5124, 0x3903,
    0x3904, 0x3904, 0x3924, 0x3124, 0x3123, 0x2923, 0x3143, 0x3123, 0x3184, 0x8410, 0x9CB4, 0x9CB5,
    0xA4F6, 0xAD17, 0xAD57, 0xAD57, 0xB558, 0xB578, 0xBD78, 0xACD4, 0x6ACC, 0x72EC, 0x7B4D, 0x8BAE,
    0x51E7, 0x1860, 0x3103, 0x3143, 0x2943, 0x2943, 0x2943, 0x2944, 0x2944, 0x2944, 0x2944, 0x2944,
    0x2924, 0x2924, 0x2924, 0x2923, 0x2103, 0x2102, 0x2102, 0x28E2, 0x20E2, 0x20E2, 0x20C1, 0x20C1,
    0x20C1, 0x20C1, 0x20C1, 0x28E1, 0x28E2, 0x2902, 0x3102, 0x5A28, 0xCD97, 0xDE19, 0xDE19, 0xE61A,
    0xE63B, 0xEE3B, 0xEE5C, 0xEE5C, 0xEE5C, 0xEE7C, 0xE63C, 0xE65C, 0xEE9D, 0xF6BE, 0xF6BE, 0xF6BE,
    0xF6BE, 0xF6BE, 0xDE3C, 0xDE1C, 0xD63A, 0xD63A, 0xD61A, 0xD5FA, 0xCE1A, 0xCE1A, 0xD619, 0xCDB8,
    0xCDF9, 0xD5F9, 0xCDF9, 0xD5D9, 0xC556, 0x930D, 0x8AAB, 0x8AAB, 0x828A, 0x59A6, 0x3902, 0x3102,
    0x3101, 0x3101, 0x2901, 0x2901, 0x2901, 0x2901, 0x2901, 0x2901, 0x2100, 0x20E0, 0x18C0, 0x18A0,
    0x18A0, 0x18C0, 0x18C0, 0x6204, 0xA2C9, 0x9A68, 0xA2A9, 0xA2AA, 0x9AA9, 0x9A89, 0x9A68, 0x9A89,
    0xA2CB, 0xB32C, 0xBB8E, 0xA28A, 0x6904, 0x40E3, 0x3903, 0x3924, 0x3924, 0x3904, 0x3104, 0x3124,
    0x3123, 0x2923, 0x3123, 0x3143, 0x2923, 0x39A5, 0x5249, 0x5A6A, 0x524A, 0x5229, 0x524A, 0x5A8B,
    0x6ACC, 0x730E, 0x838F, 0x8BF1, 0x6ACC, 0x730C, 0x8BAE, 0x9C10, 0x72EB, 0x2081, 0x3103, 0x2923,
    0x2923, 0x2923, 0x2923, 0x2924, 0x2924, 0x2924, 0x2924, 0x2924, 0x2944, 0x2923, 0x2923, 0x2923,
    0x2103, 0x2102, 0x2102, 0x28E2, 0x20E2, 0x20E2, 0x20C1, 0x20C1, 0x20C1, 0x20C1, 0x20C1, 0x20C1,
    0x28E1, 0x2902, 0x3102, 0x5A27, 0xD5B7, 0xDE19, 0xE619, 0xE61A, 0xEE3B, 0xEE5C, 0xEE5C, 0xEE5C,
    0xEE5C, 0xEE7D, 0xE63B, 0xE63B, 0xEE7C, 0xEE9D, 0xEE9D, 0xEE9D, 0xEE9D, 0xEE9D, 0xDE1C, 0xDDFC,
    0xD63B, 0xD63B, 0xD63A, 0xD61A, 0xD61A, 0xD61A, 0xD619, 0xCDD9, 0xD5F9, 0xD5F9, 0xCDD9, 0xD5F9,
    0xAC73, 0x8ACC, 0x92CB, 0x8AAA, 0x82A9, 0x69E6, 0x3902, 0x2901, 0x2901, 0x2901, 0x2901, 0x2901,
    0x2901, 0x2901, 0x2901, 0x2901, 0x2901, 0x2100, 0x20C0, 0x18A0, 0x18A0, 0x18A0, 0x2900, 0x8AE8,
    0xA309, 0x9A67, 0xA2A9, 0xA2AA, 0x9AA9, 0x9A89, 0x9A68, 0xA2CA, 0xBB4E, 0xBB6E, 0xC38E, 0x9A29,
    0x50C3, 0x3904, 0x3124, 0x3124, 0x3124, 0x3124, 0x3124, 0x3123, 0x2923, 0x2923, 0x2923, 0x3143,
    0x2903, 0x62AA, 0x9C72, 0x9472, 0x8C11, 0x83B0, 0x7B4E, 0x6AEC, 0x628B, 0x5A2A, 0x49A8, 0x626A,
    0x730D, 0x6ACB, 0x4985, 0x51A5, 0x4985, 0x2080, 0x2902, 0x2923, 0x2923, 0x2923, 0x2923, 0x2923,
    0x2924, 0x2924, 0x2923, 0x2923, 0x2923, 0x2923, 0x2923, 0x2923, 0x2103, 0x2102, 0x2102, 0x20E2,
    0x20E2, 0x20C1, 0x20C1, 0x20C1, 0x20C1, 0x20C1, 0x20C1, 0x20C1, 0x20C1, 0x28E2, 0x3102, 0x6247,
    0xD5B7, 0xE619, 0xE61A, 0xE61A, 0xEE3B, 0xEE3B, 0xEE5C, 0xEE5C, 0xEE7C, 0xEE7C, 0xE63B, 0xE65C,
    0xEE7D, 0xEE9D, 0xEE9D, 0xEE9D, 0xEE9D, 0xEE9D, 0xDE1B, 0xD5FB, 0xCDF9, 0xCDF9, 0xCDF9, 0xCDF9,
    0xCDF9, 0xCDF9, 0xCDF9, 0xCDD9, 0xCDF9, 0xCDD9, 0xCDD9, 0xCDB8, 0x9B8F, 0x92CB, 0x92CB, 0x92CA,
    0x8AAA, 0x7227, 0x4944, 0x3101, 0x2901, 0x2901, 0x2901, 0x2921, 0x2901, 0x2901, 0x2901, 0x2921,
    0x2921, 0x2100, 0x20C0, 0x18A0, 0x1880, 0x3921, 0x82E8, 0x9B6A, 0xA309, 0x9A67, 0xA2A9, 0xA2A9,
    0x9AA9, 0x9A89, 0x9AA9, 0xB34C, 0xC3AF, 0xC38F, 0xC38E, 0x81A6, 0x40C3, 0x3924, 0x3124, 0x3124,
    0x3124, 0x3123, 0x3123, 0x2903, 0x2903, 0x2923, 0x2923, 0x2943, 0x2902, 0x7B8E, 0xC5D8, 0xBD98,
    0xB577, 0xB577, 0xB557, 0xB537, 0xAD16, 0xACF6, 0xA474, 0x838F, 0x6AEC, 0x6AAA, 0x4984, 0x38E2,
    0x1820, 0x2060, 0x2902, 0x2923, 0x2923, 0x2923, 0x2923, 0x2903, 0x2923, 0x2923, 0x2923, 0x2923,
    0x2923, 0x2923, 0x2923, 0x2103, 0x2102, 0x2102, 0x20E2, 0x20E2, 0x20C1, 0x20C1, 0x20C1, 0x20C1,
    0x20C1, 0x20C1, 0x20C1, 0x20C1, 0x20C1, 0x28E2, 0x3102, 0x6268, 0xD5B7, 0xE619, 0xE61A, 0xE63A,
    0xEE3B, 0xEE5B, 0xEE5C, 0xEE5C, 0xEE7C, 0xEE9C, 0xE65C, 0xE65C, 0xEE9D, 0xEE9D, 0xEE9D, 0xEE9D,
    0xEEBD, 0xEEBD, 0xDE1C, 0xD5DB, 0xD63A, 0xD61A, 0xCE1A, 0xCDF9, 0xCDF9, 0xCDF9, 0xCDD9, 0xCDD9,
    0xCDD9, 0xCDD9, 0xCDD9, 0xBCF5, 0x92EC, 0x92EC, 0x9B0C, 0x9B0C, 0x9AEB, 0x8289, 0x6A07, 0x4143,
    0x2901, 0x2901, 0x2901, 0x2921, 0x2901, 0x2901, 0x2901, 0x2921, 0x2921, 0x2901, 0x20C0, 0x1880,
    0x3962, 0x8B2A, 0xA3AC, 0x8AE9, 0x9AE9, 0x9A88, 0xA289, 0x9A89, 0x9A89, 0x9A69, 0xA2CA, 0xBB8E,
    0xC3AF, 0xC3AF, 0xBB2D, 0x60E4, 0x38E3, 0x3924, 0x3124, 0x3124, 0x3123, 0x3123, 0x2903, 0x2903,
    0x2923, 0x2923, 0x2923, 0x2943, 0x2923, 0x5A89, 0x8C10, 0x8C10, 0x9452, 0x9C93, 0xA4B4, 0xACF5,
    0xACF5, 0xAD16, 0xACF5, 0x9411, 0x6AAC, 0x6AEC, 0x8B8D, 0x7B4C, 0x2081, 0x1860, 0x2902, 0x2923,
    0x2923, 0x2903, 0x2903, 0x2123, 0x2923, 0x2923, 0x2923, 0x2923, 0x2923, 0x2923, 0x2923, 0x2103,
    0x2102, 0x2102, 0x20E2, 0x20E2, 0x20C1, 0x20C1, 0x20C1, 0x20C1, 0x20C1, 0x20C1, 0x20C1, 0x20C1,
    0x20C1, 0x28E2, 0x3102, 0x6248, 0xD5B7, 0xDE19, 0xDE19, 0xE61A, 0xE61A, 0xE63B, 0xE63B, 0xE63B,
    0xE63B, 0xE65B, 0xE61B, 0xDE1B, 0xE63B, 0xE65C, 0xE65C, 0xE63C, 0xE63C, 0xE63C, 0xD5FB, 0xD5DB,
    0xD63B, 0xD63A, 0xD61A, 0xD61A, 0xD63A, 0xD63A, 0xCDF9, 0xCDF9, 0xD5FA, 0xCDD9, 0xCDD8, 0xA3F0,
    0x8ACB, 0x9AEC, 0x9B2C, 0xA32C, 0xA34C, 0x9B0B, 0x82A9, 0x4984, 0x2901, 0x2901, 0x2901, 0x2901,
    0x2901, 0x2901, 0x2901, 0x2922, 0x2922, 0x2101, 0x20C0, 0x3942, 0x832A, 0x9B8C, 0x8B0A, 0x69E5,
    0x8287, 0x9AA9, 0x9A88, 0x9A88, 0x9268, 0x9267, 0xA2CA, 0xBB8D, 0xBBAE, 0xC38E, 0xAAAB, 0x48A2,
    0x3903, 0x3124, 0x3124, 0x3123, 0x3123, 0x2903, 0x2903, 0x2903, 0x2923, 0x2923, 0x2943, 0x2943,
    0x3144, 0x3164, 0x41C6, 0x5208, 0x4A08, 0x4A08, 0x5209, 0x5208, 0x5229, 0x628B, 0x6AEC, 0x730C,
    0x6AAB, 0x6AEB, 0x7B4C, 0x838D, 0x3102, 0x2080, 0x2902, 0x2922, 0x2902, 0x2903, 0x2903, 0x2123,
    0x2923, 0x2923, 0x2923, 0x2923, 0x2923, 0x2923, 0x2903, 0x2102, 0x2102, 0x20E2, 0x20E2, 0x20E1,
    0x20C1, 0x20C1, 0x20C1, 0x20C1, 0x20C1, 0x20C1, 0x20C1, 0x20C1, 0x28E1, 0x28E2, 0x3102, 0x5A07,
    0xCDB6, 0xDE19, 0xDDF9, 0xDDFA, 0xDDFA, 0xDDFA, 0xDDFA, 0xDDFA, 0xDDFA, 0xDDFA, 0xD5FA, 0xD5DA,
    0xDDFA, 0xDE1B, 0xDE1B, 0xDE1B, 0xDE1B, 0xE63B, 0xD5DB, 0xD5BB, 0xD63A, 0xD61A, 0xCE1A, 0xCDFA,
    0xCE1A, 0xD61A, 0xCDD9, 0xCDD9, 0xCDF9, 0xCDD9, 0xC557, 0x8B0D, 0x92AB, 0x92CB, 0x9B2B, 0xA34C,
    0xA36C, 0xA34B, 0x8288, 0x4142, 0x28E1, 0x2901, 0x2901, 0x2901, 0x2901, 0x2901, 0x2901, 0x2921,
    0x2921, 0x20E1, 0x3963, 0x82EA, 0x934C, 0x8AE9, 0x61E5, 0x40E1, 0x69E5, 0xA2E9, 0x9288, 0x9267,
    0x9267, 0x9267, 0xA2C9, 0xB36D, 0xBB8E, 0xBB8E, 0x9229, 0x40A2, 0x3903, 0x3123, 0x3123, 0x3123,
    0x2923, 0x2923, 0x2923, 0x2923, 0x2923, 0x2923, 0x2943, 0x2943, 0x2943, 0x39C5, 0x8C51, 0x9493,
    0x9452, 0x8C12, 0x8BF1, 0x7B6E, 0x6AEC, 0x5A49, 0x3945, 0x51E7, 0x6AEB, 0x6ACB, 0x4163, 0x3942,
    0x2080, 0x20A0, 0x2902, 0x2902, 0x2902, 0x2903, 0x2903, 0x2903, 0x2123, 0x2923, 0x2923, 0x2923,
    0x2923, 0x2923, 0x2103, 0x20E2, 0x20E2, 0x20E2, 0x20E1, 0x20E1, 0x20C1, 0x20C1, 0x20C1, 0x20C1,
    0x20C1, 0x20C1, 0x20C1, 0x20C1, 0x28E1, 0x28E2, 0x3102, 0x5A27, 0xD5D7, 0xE63A, 0xE63A, 0xE63B,
    0xE63B, 0xEE5B, 0xEE5C, 0xE65C, 0xEE7C, 0xE65C, 0xE63B, 0xE63B, 0xEE9D, 0xEE9D, 0xEE9D, 0xEE9D,
    0xEEBD, 0xF6BD, 0xDE1B, 0xD5DB, 0xD61A, 0xD61A, 0xCDFA, 0xCDFA, 0xD5FA, 0xD61A, 0xCDD9, 0xCDD9,
    0xCDD9, 0xCDF9, 0xB473, 0x828B, 0x8A8A, 0x92AA, 0x9B0A, 0x9B2B, 0x9B2B, 0x92EA, 0x5984, 0x30C0,
    0x28E0, 0x2900, 0x2901, 0x2901, 0x2901, 0x2901, 0x2901, 0x2901, 0x2921, 0x41A4, 0x7AE9, 0x932C,
    0x82A9, 0x61C5, 0x4101, 0x30A0, 0x4942, 0x9AC8, 0x9287, 0x9267, 0x9267, 0x9267, 0xAAE9, 0xB36D,
    0xBB8E, 0xBB8E, 0x81C7, 0x38C2, 0x3924, 0x3123, 0x3123, 0x2923, 0x2923, 0x2923, 0x2923, 0x2923,
    0x2923, 0x2923, 0x2923, 0x2943, 0x2943, 0x41E6, 0xA535, 0xAD16, 0xAD16, 0xAD36, 0xAD36, 0xAD16,
    0xACF5, 0xACD5, 0x83AF, 0x6ACB, 0x6ACB, 0x72EB, 0x4184, 0x2040, 0x1840, 0x20A0, 0x2902, 0x2902,
    0x2102, 0x2902, 0x2903, 0x2903, 0x2923, 0x2923, 0x2923, 0x2923, 0x2123, 0x2123, 0x2102, 0x20E2,
    0x20E1, 0x20E1, 0x20E1, 0x20C1, 0x20C1, 0x20C0, 0x20C0, 0x20C0, 0x20C0, 0x20C1, 0x20C1, 0x28C1,
    0x20E1, 0x2902, 0x3122, 0x5A27, 0xD5D7, 0xE61A, 0xE61A, 0xE63A, 0xE63B, 0xE63B, 0xEE3B, 0xE63B,
    0xE65C, 0xE65C, 0xE61B, 0xDE1B, 0xE65C, 0xE65C, 0xE67C, 0xE65C, 0xE67C, 0xEE7C, 0xD5FB, 0xD5DB,
    0xD61A, 0xCE1A, 0xCDFA, 0xCDF9, 0xD5F9, 0xD5F9, 0xCDD9, 0xCDD9, 0xCDD9, 0xCDB8, 0x936F, 0x7A6A,
    0x7A28, 0x7A48, 0x8288, 0x8268, 0x7A67, 0x59A4, 0x30C0, 0x28C0, 0x28E0, 0x2900, 0x28E1, 0x2901,
    0x2101, 0x2901, 0x2901, 0x3142, 0x5A06, 0x82EA, 0x8B0B, 0x7A88, 0x59A4, 0x40E1, 0x30C0, 0x28C0,
    0x3100, 0x8A86, 0x9287, 0x9267, 0x9267, 0x9A87, 0xA2E9, 0xBB6D, 0xBB8E, 0xBB6D, 0x6145, 0x30C2,
    0x3103, 0x3123, 0x2923, 0x2923, 0x2923, 0x2903, 0x2903, 0x2923, 0x2123, 0x2123, 0x2923, 0x2943,
    0x2943, 0x3184, 0x6B2C, 0x62CB, 0x62CC, 0x732D, 0x83AF, 0x9411, 0xA493, 0xACD4, 0x9410, 0x72EB,
    0x6ACA, 0x730C, 0x72EB, 0x3943, 0x1840, 0x20C0, 0x2902, 0x2902, 0x2102, 0x2902, 0x2902, 0x2903,
    0x2903, 0x2123, 0x2923, 0x2123, 0x2123, 0x2103, 0x20E2, 0x20E2, 0x20E1, 0x20E1, 0x20E1, 0x20C1,
    0x20C0, 0x20A0, 0x20C0, 0x20C0, 0x20C0, 0x20C1, 0x20C1, 0x20C1, 0x28E1, 0x2902, 0x3102, 0x5A27,
    0xD5D7, 0xE619, 0xDE19, 0xE61A, 0xE63B, 0xE63B, 0xE63B, 0xE63B, 0xE63B, 0xE63B, 0xDE1B, 0xDE1B,
    0xE63C, 0xE63C, 0xE65C, 0xE65C, 0xE67C, 0xE67C, 0xD5FB, 0xD5BA, 0xD61A, 0xCE1A, 0xCE1A, 0xCDFA,
    0xCDF9, 0xCDF9, 0xC5B8, 0xCDB9, 0xCDD9, 0xB4F5, 0x7A6A, 0x69E8, 0x61A6, 0x61A5, 0x61C5, 0x59A4,
    0x4942, 0x30E0, 0x28C0, 0x28C0, 0x28E0, 0x20E0, 0x28E0, 0x28E0, 0x20E0, 0x20E0, 0x3963, 0x5A26,
    0x7AA9, 0x8AEA, 0x8288, 0x5984, 0x38E0, 0x30C0, 0x28E0, 0x28E0, 0x28E0, 0x69E4, 0x8A66, 0x9266,
    0x9246, 0x9267, 0xA2C8, 0xB34C, 0xBB8E, 0xAB2C, 0x5103, 0x30E2, 0x3103, 0x2903, 0x2923, 0x2923,
    0x2922, 0x2902, 0x2902, 0x2902, 0x2102, 0x2123, 0x2923, 0x2943, 0x2963, 0x2943, 0x5A89, 0x6B0D,
    0x62AB, 0x5208, 0x49A7, 0x4186, 0x4186, 0x51E8, 0x51A7, 0x51E7, 0x6ACA, 0x730B, 0x6AAA, 0x3922,
    0x1840, 0x20C0, 0x2902, 0x2102, 0x2102, 0x2102, 0x2102, 0x2102, 0x2103, 0x2103, 0x2123, 0x2123,
    0x2102, 0x2102, 0x20E2, 0x20E2, 0x20E1, 0x20E1, 0x20C1, 0x20C1, 0x20C0, 0x20C0, 0x20A0, 0x20C0,
    0x20C0, 0x20C1, 0x20C1, 0x20C1, 0x20E1, 0x2902, 0x3102, 0x5A27, 0xD5D7, 0xDE19, 0xDDF9, 0xDE1A,
    0xE63A, 0xE63B, 0xE63B, 0xE63B, 0xE63B, 0xE63B, 0xDE1B, 0xDE1B, 0xE65C, 0xE65C, 0xE67C, 0xE67C,
    0xE67C, 0xE67D, 0xD5FB, 0xCDBA, 0xD61A, 0xCE1A, 0xCE1A, 0xCDFA, 0xCDF9, 0xCE19, 0xCDD9, 0xCDB9,
    0xCDD9, 0x9BB0, 0x5986, 0x5144, 0x4943, 0x4122, 0x4122, 0x3900, 0x28C0, 0x28A0, 0x20A0, 0x20A0,
    0x20C0, 0x20C0, 0x28E0, 0x20E0, 0x20C0, 0x4183, 0x6267, 0x6A27, 0x8288, 0x8289, 0x61A4, 0x40C0,
    0x30A0, 0x28C0, 0x28C0, 0x28E0, 0x3100, 0x5982, 0x79E4, 0x8A26, 0x8A06, 0x9226, 0x9A87, 0xAB0B,
    0xB36D, 0x9A89, 0x40A1, 0x3102, 0x3103, 0x2923, 0x2923, 0x2903, 0x2902, 0x2102, 0x2102, 0x2102,
    0x2102, 0x2923, 0x2923, 0x2923, 0x2943, 0x2943, 0x9471, 0xAD16, 0xA4D5, 0x9C74, 0x9412, 0x83B0,
    0x628B, 0x49A7, 0x49A7, 0x49A6, 0x6ACA, 0x6AEA, 0x2080, 0x1020, 0x1860, 0x20C0, 0x20E1, 0x2102,
    0x2102, 0x2102, 0x2102, 0x2102, 0x2102, 0x2103, 0x2103, 0x2123, 0x2102, 0x20E2, 0x20E2, 0x20E2,
    0x20E1, 0x20E1, 0x20C1, 0x20C1, 0x20C0, 0x20C0, 0x20A0, 0x20C0, 0x20C0, 0x20C0, 0x20C1, 0x20C1,
    0x20E1, 0x2902, 0x3102, 0x5227, 0xCD97, 0xDE19, 0xDE19, 0xDE1A, 0xE61A, 0xE63B, 0xE63B, 0xE63B,
    0xE63B, 0xDE1A, 0xDE1A, 0xDDFA, 0xE63B, 0xE65C, 0xE65C, 0xE67C, 0xE67C, 0xE67C, 0xD5FB, 0xCDBA,
    0xD61A, 0xCE1A, 0xCDF9, 0xCDF9, 0xCDF9, 0xCDF9, 0xCDD9, 0xCDD9, 0xC556, 0x6A29, 0x4903, 0x3902,
    0x3902, 0x38E1, 0x30E0, 0x28C0, 0x20A0, 0x20A0, 0x28C0, 0x28E0, 0x28E0, 0x28E0, 0x28C0, 0x28E0,
    0x4183, 0x6A67, 0x6205, 0x61C5, 0x8268, 0x71E5, 0x40E0, 0x28A0, 0x28A0, 0x28C0, 0x28E0, 0x20C0,
    0x3941, 0x69C3, 0x71A3, 0x79C4, 0x81E5, 0x89E5, 0x9247, 0xA2C9, 0xAB0A, 0x71A5, 0x30C1, 0x3102,
    0x3103, 0x2903, 0x2903, 0x2902, 0x2102, 0x2102, 0x2102, 0x2102, 0x2102, 0x2923, 0x2923, 0x2923,
    0x2943, 0x2943, 0x7BCF, 0x9492, 0x9CB3, 0xACD5, 0xACF5, 0xACF6, 0x9C32, 0x836F, 0x8BCF, 0x6269,
    0x72EA, 0x732B, 0x3102, 0x1020, 0x1860, 0x20C0, 0x20E1, 0x20E2, 0x20E2, 0x20E2, 0x2102, 0x2102,
    0x2102, 0x2103, 0x2123, 0x2103, 0x2102, 0x20E2, 0x18C2, 0x18C2, 0x20C1, 0x20E1, 0x20C1, 0x20C1,
    0x20C0, 0x20C0, 0x20A0, 0x20A0, 0x20C0, 0x20C0, 0x20C0, 0x20C1, 0x20E1, 0x2901, 0x3102, 0x5A27,
    0xCD96, 0xDE19, 0xDE19, 0xDE19, 0xDE1A, 0xDE3B, 0xE63B, 0xE63B, 0xDE3B, 0xDE1A, 0xDE1A, 0xDDDA,
    0xE63B, 0xE65C, 0xE65C, 0xE65C, 0xE67C, 0xE67C, 0xD5FB, 0xCDBA, 0xC5B8, 0xC5D8, 0xC5D9, 0xC5D8,
    0xC5B8, 0xC5B8, 0xC598, 0xCDD9, 0xA452, 0x5985, 0x4924, 0x40E2, 0x38E1, 0x30E1, 0x30E1, 0x30E0,
    0x3101, 0x3941, 0x4983, 0x49A4, 0x3942, 0x28E0, 0x28E1, 0x49A4, 0x6246, 0x51E4, 0x4142, 0x61E5,
    0x7226, 0x4922, 0x28A0, 0x28A0, 0x20C0, 0x28E0, 0x28E0, 0x20C0, 0x4982, 0x7205, 0x71A4, 0x7183,
    0x79A4, 0x79C4, 0x81E5, 0x9226, 0x8A05, 0x40C0, 0x30C1, 0x3102, 0x2902, 0x2902, 0x2102, 0x2102,
    0x20E2, 0x20E2, 0x2102, 0x2102, 0x2102, 0x2102, 0x2922, 0x2923, 0x2943, 0x2123, 0x3144, 0x3985,
    0x49C6, 0x5A28, 0x6AAA, 0x72EC, 0x72EB, 0x6AAA, 0x72EB, 0x51C6, 0x72EA, 0x732B, 0x49E6, 0x1020,
    0x1860, 0x20C0, 0x20E1, 0x20E1, 0x20E1, 0x20E2, 0x2102, 0x2102, 0x2102, 0x2103, 0x2102, 0x2102,
    0x20E2, 0x18E2, 0x18E2, 0x18E1, 0x20E1, 0x20E1, 0x20C1, 0x20C0, 0x20A0, 0x20A0, 0x20A0, 0x20A0,
    0x20C0, 0x20C0, 0x20C0, 0x20C0, 0x20E1, 0x2902, 0x3102, 0x5206, 0xC555, 0xDE19, 0xDDF9, 0xDE1A,
    0xDE1A, 0xDE1A, 0xDE3B, 0xE63B, 0xDE3B, 0xDE3B, 0xDE1A, 0xDDFA, 0xDE3B, 0xE65C, 0xE67C, 0xE69D,
    0xE67D, 0xE67D, 0xD5FB, 0xCD9A, 0xD63A, 0xD63A, 0xD61A, 0xD61A, 0xCE19, 0xCDF9, 0xCDD9, 0xCDB9,
    0x8B4E, 0x61C6, 0x61E7, 0x59A6, 0x5185, 0x51A5, 0x51C5, 0x51C5, 0x59C5, 0x59E6, 0x6206, 0x59A5,
    0x4122, 0x3922, 0x51A4, 0x5A05, 0x4983, 0x30C0, 0x4921, 0x6A25, 0x5183, 0x28A0, 0x20A0, 0x20A0,
    0x20C0, 0x28E0, 0x28E0, 0x28E0, 0x51C4, 0x7205, 0x71A4, 0x7183, 0x71A4, 0x79C4, 0x7183, 0x6942,
    0x48C0, 0x2060, 0x28C0, 0x28E2, 0x2902, 0x2102, 0x2102, 0x20E2, 0x20E2, 0x20E2, 0x20E2, 0x2102,
    0x2102, 0x2102, 0x2922, 0x2923, 0x2943, 0x2923, 0x5AA9, 0x732C, 0x732C, 0x6ACB, 0x5208, 0x3944,
    0x3903, 0x3103, 0x30E2, 0x3903, 0x730B, 0x6A89, 0x30E2, 0x1020, 0x1880, 0x20C0, 0x20E1, 0x20E1,
    0x20E1, 0x20E1, 0x2102, 0x2102, 0x2102, 0x2102, 0x2102, 0x2102, 0x18E2, 0x18E2, 0x18E2, 0x18E1,
    0x20C1, 0x20E1, 0x20C0, 0x20C0, 0x20C0, 0x20C0, 0x20A0, 0x20A0, 0x20C0, 0x20C0, 0x20C0, 0x20C0,
    0x20E1, 0x2902, 0x2902, 0x49E5, 0xBD35, 0xDDF9, 0xD5D9, 0xD5D9, 0xD5D9, 0xD5D9, 0xD5D9, 0xD5D9,
    0xCDD9, 0xD5D9, 0xCDB9, 0xCD99, 0xCDB9, 0xCDB9, 0xCDB9, 0xCD99, 0xC599, 0xC599, 0xC599, 0xC59A,
    0xCE3A, 0xCE1A, 0xCE19, 0xCE19, 0xCDF9, 0xCDF9, 0xCDD9, 0xC578, 0x7AED, 0x7228, 0x6A28, 0x6A07,
    0x6A27, 0x6227, 0x6206, 0x6A27, 0x6A27, 0x7247, 0x7226, 0x5984, 0x4143, 0x51C5, 0x6206, 0x4163,
    0x28C0, 0x30A0, 0x5183, 0x6204, 0x30E0, 0x2080, 0x20A0, 0x20A0, 0x20C0, 0x20E0, 0x28E0, 0x28E0,
    0x59A4, 0x71E5, 0x71A4, 0x71C4, 0x71E5, 0x71C4, 0x5101, 0x3040, 0x1840, 0x2080, 0x28C0, 0x28E1,
    0x2902, 0x2102, 0x20E2, 0x20E2, 0x20E2, 0x20E1, 0x20E1, 0x2102, 0x2102, 0x2102, 0x2922, 0x2923,
    0x2943, 0x2122, 0x8C30, 0xAD55, 0xAD15, 0xACF5, 0x9C93, 0x83AF, 0x7B4D, 0x732C, 0x72EB, 0x4985,
    0x7B2C, 0x5A27, 0x1000, 0x1040, 0x1880, 0x20C0, 0x20C1, 0x18E1, 0x20E1, 0x20E1, 0x20E1, 0x20E2,
    0x2102, 0x2102, 0x2102, 0x20E2, 0x18E2, 0x18E2, 0x18E2, 0x18E1, 0x20C1, 0x18C1, 0x18C0, 0x18C0,
    0x20C0, 0x20A0, 0x18A0, 0x18A0, 0x20A0, 0x20C0, 0x20C0, 0x20C0, 0x20C0, 0x20E1, 0x2901, 0x49C5,
    0xB4F4, 0xD5F9, 0xD5FA, 0xD61A, 0xD61A, 0xD61A, 0xD61A, 0xD61A, 0xD61A, 0xD61A, 0xD5FA, 0xD5FA,
    0xD5FA, 0xD61B, 0xDE1B, 0xDE3B, 0xDE3B, 0xDE3B, 0xD5FB, 0xC59A, 0xCE1A, 0xCE1A, 0xCDF9, 0xCDF9,
    0xCDF9, 0xCDD9, 0xCDD9, 0xBD16, 0x7AAC, 0x7249, 0x6A27, 0x7227, 0x7227, 0x61E6, 0x6A06, 0x7A68,
    0x7A68, 0x7A47, 0x69C5, 0x5143, 0x5184, 0x61E6, 0x51A4, 0x28C0, 0x2080, 0x3100, 0x59E4, 0x4182,
    0x20A0, 0x2080, 0x20A0, 0x20A0, 0x20C0, 0x20C0, 0x28E0, 0x28E0, 0x4962, 0x69C4, 0x69A4, 0x71E5,
    0x7A05, 0x69A4, 0x2840, 0x1020, 0x1840, 0x1880, 0x20C0, 0x2901, 0x2101, 0x20E2, 0x20E2, 0x20E2,
    0x20E2, 0x20E1, 0x20E1, 0x20E1, 0x20E2, 0x2102, 0x2123, 0x2923, 0x2943, 0x2122, 0x5AA9, 0x7B8D,
    0x83AE, 0x8BF0, 0x83CF, 0x838E, 0x83AE, 0x8BCF, 0x8BEF, 0x49A6, 0x72EB, 0x62A9, 0x2080, 0x1020,
    0x1880, 0x20C0, 0x20C0, 0x18C0, 0x20C1, 0x20C1, 0x20E1, 0x20E1, 0x2102, 0x2102, 0x2102, 0x18E2,
    0x18E2, 0x18E2, 0x18E2, 0x18C1, 0x18C1, 0x18C1, 0x18C0, 0x18A0, 0x18A0, 0x18A0, 0x18A0, 0x1880,
    0x1880, 0x1880, 0x18A0, 0x18A0, 0x18A0, 0x20A0, 0x20C0, 0x4184, 0xACD4, 0xD5FA, 0xD5FA, 0xD5FA,
    0xD61A, 0xD5FA, 0xD5FA, 0xD5FA, 0xD5FA, 0xD5FA, 0xD5FA, 0xD5FA, 0xD5FA, 0xD61B, 0xDE3B, 0xDE3C,
    0xDE3C, 0xDE5C, 0xD5FB, 0xC599, 0xD61A, 0xCE19, 0xCDF9, 0xCDF9, 0xCDF9, 0xC5D9, 0xCDD9, 0xB516,
    0x7AAC, 0x6A29, 0x69E6, 0x6A06, 0x61E5, 0x61C5, 0x7226, 0x7A88, 0x7A47, 0x61A4, 0x5122, 0x4902,
    0x61C5, 0x59C5, 0x30E0, 0x1880, 0x20A0, 0x4161, 0x51E4, 0x28E0, 0x1880, 0x1880, 0x18A0, 0x20A0,
    0x20A0, 0x20C0, 0x20E0, 0x20E0, 0x4141, 0x61C4, 0x69A4, 0x71E5, 0x71E5, 0x5963, 0x2020, 0x1020,
    0x1040, 0x1880, 0x20C0, 0x2901, 0x2101, 0x20E2, 0x20E2, 0x20E2, 0x20E2, 0x20E1, 0x20E1, 0x20E2,
    0x20E2, 0x2102, 0x2123, 0x2923, 0x2943, 0x2102, 0x3984, 0x5228, 0x4A07, 0x4185, 0x3123, 0x3103,
    0x3944, 0x41A5, 0x51E7, 0x30E3, 0x732B, 0x5A88, 0x2080, 0x1020, 0x1880, 0x20C0, 0x20C0, 0x18C0,
    0x20C1, 0x20C1, 0x20E1, 0x20E1, 0x20E2, 0x2102, 0x20E2, 0x18E2, 0x18E2, 0x18E2, 0x18E2, 0x18C1,
    0x18C1, 0x18C0, 0x18A0, 0x18A0, 0x1880, 0x1880, 0x1880, 0x1880, 0x1880, 0x1880, 0x1880, 0x1880,
    0x1880, 0x18A0, 0x20A0, 0x3964, 0xACD4, 0xD5FA, 0xD5FA, 0xD5FA, 0xD5FA, 0xD5FA, 0xD5FA, 0xD5FA,
    0xD5FA, 0xD5FA, 0xD5FA, 0xD5DA, 0xD5DA, 0xD5FB, 0xD61B, 0xDE1B, 0xDE1B, 0xDE1B, 0xD5FA, 0xC579,
    0xCE1A, 0xCDF9, 0xCDF9, 0xCDF9, 0xCDD9, 0xC5B9, 0xC5B9, 0xBD16, 0x728B, 0x59A6, 0x5984, 0x61C5,
    0x61C5, 0x7226, 0x7A66, 0x6A05, 0x5983, 0x40E0, 0x38A0, 0x4963, 0x61E5, 0x3901, 0x2080, 0x20A0,
    0x28E0, 0x41A2, 0x3961, 0x18A0, 0x18A0, 0x1880, 0x1880, 0x18A0, 0x18A0, 0x18A0, 0x20C0, 0x20C0,
    0x4141, 0x61C4, 0x61C4, 0x61C4, 0x59C4, 0x5183, 0x2040, 0x1020, 0x1060, 0x1880, 0x1880, 0x20E0,
    0x20E2, 0x20E2, 0x20E2, 0x2101, 0x20E1, 0x20E2, 0x20E1, 0x20E2, 0x2102, 0x2102, 0x2903, 0x2923,
    0x2943, 0x20E2, 0x6B0B, 0x9C93, 0x8C52, 0x736E, 0x5A49, 0x49E7, 0x4185, 0x4164, 0x3903, 0x30E2,
    0x732C, 0x5207, 0x0800, 0x1040, 0x1880, 0x20C0, 0x20C0, 0x18C0, 0x20C0, 0x20C1, 0x20E1, 0x20E1,
    0x20E1, 0x18E2, 0x18E2, 0x18C1, 0x18E1, 0x18E1, 0x18E1, 0x18C1, 0x18C1, 0x18A0, 0x1880, 0x1880,
    0x1880, 0x1880, 0x1880, 0x1880, 0x1880, 0x1880, 0x18A0, 0x18A0, 0x20A0, 0x20C1, 0x20C0, 0x41E6,
    0xB516, 0xCDFA, 0xCDFA, 0xD5FA, 0xD5FA, 0xD5FA, 0xD5FA, 0xD5FA, 0xD5FA, 0xD5FA, 0xD5FA, 0xD5DA,
    0xD5DA, 0xD5FA, 0xD5FB, 0xD61B, 0xD61B, 0xD5FB, 0xCDDA, 0xC579, 0xCE19, 0xCDF9, 0xCDD9, 0xCDF9,
    0xCDD9, 0xC5B9, 0xC5B9, 0xBD57, 0x6A4A, 0x4924, 0x5985, 0x61E5, 0x7226, 0x6A25, 0x61C3, 0x5141,
    0x4100, 0x28A0, 0x4141, 0x6204, 0x4942, 0x2080, 0x20A0, 0x20C0, 0x3101, 0x4182, 0x20E0, 0x18A0,
    0x18A0, 0x1880, 0x1880, 0x2920, 0x4A25, 0x20E0, 0x18C0, 0x20C0, 0x3121, 0x59C4, 0x5183, 0x4962,
    0x59C4, 0x51A4, 0x1860, 0x1020, 0x1060, 0x1880, 0x1060, 0x18C0, 0x20E1, 0x20E1, 0x20E1, 0x20E1,
    0x20E1, 0x20E2, 0x20E2, 0x20E2, 0x2102, 0x2103, 0x2123, 0x2123, 0x2943, 0x2102, 0x5ACA, 0x9C72,
    0x9472, 0x9451, 0x8BF0, 0x8BCF, 0x83AE, 0x83AE, 0x7B4C, 0x3964, 0x730B, 0x49E6, 0x0800, 0x1040,
    0x1880, 0x20C0, 0x20C0, 0x18C0, 0x18C0, 0x20C1, 0x20E1, 0x20E1, 0x18E1, 0x18E1, 0x18E1, 0x18C1,
    0x18E1, 0x18E1, 0x18C1, 0x18C1, 0x18C1, 0x18A0, 0x1080, 0x1080, 0x1080, 0x1080, 0x1880, 0x18A0,
    0x18C0, 0x18C0, 0x20C0, 0x20E1, 0x2102, 0x2102, 0x20E2, 0x6AEC, 0xBD98, 0xCDDA, 0xCDDA, 0xD5DA,
    0xD5DA, 0xD5DA, 0xD5DA, 0xD5DA, 0xD5FA, 0xD5FA, 0xD5DA, 0xCDD9, 0xD5DA, 0xD5FA, 0xD5FA, 0xD5FA,
    0xD61B, 0xD5FA, 0xCDBA, 0xC558, 0xCE19, 0xCDF9, 0xCDF9, 0xCDF9, 0xCDD9, 0xC5B9, 0xCDB9, 0xBD57,
    0x622A, 0x5166, 0x61E6, 0x6A06, 0x69E5, 0x5142, 0x40E0, 0x28C0, 0x20A0, 0x30E0, 0x5A04, 0x59C3,
    0x30C0, 0x20A0, 0x20C0, 0x20C0, 0x2900, 0x2920, 0x18A0, 0x18A0, 0x1880, 0x20C0, 0x62C7, 0x4A04,
    0x6AE8, 0x5225, 0x20C0, 0x18C0, 0x2900, 0x4182, 0x38E0, 0x3100, 0x51C4, 0x49C5, 0x2080, 0x1020,
    0x1040, 0x1060, 0x1060, 0x1880, 0x20C0, 0x20E1, 0x20E1, 0x20E1, 0x20E1, 0x20E1, 0x20E2, 0x20E2,
    0x2102, 0x2102, 0x2923, 0x2923, 0x2943, 0x2122, 0x3164, 0x41C5, 0x41A5, 0x41E6, 0x5227, 0x6289,
    0x6ACA, 0x730B, 0x730B, 0x3944, 0x732B, 0x49E6, 0x0800, 0x1040, 0x1880, 0x20C0, 0x20C0, 0x18C0,
    0x18C0, 0x18C1, 0x18C1, 0x20E1, 0x20E1, 0x20C1, 0x18C1, 0x18C1, 0x18C1, 0x18C1, 0x18C1, 0x18C1,
    0x18C0, 0x18A0, 0x1080, 0x1060, 0x0840, 0x1060, 0x1080, 0x18A0, 0x20C0, 0x20E1, 0x20E1, 0x2101,
    0x2922, 0x2923, 0x41C7, 0x8C32, 0xC5B9, 0xC5DA, 0xCDDA, 0xCDDA, 0xD5DA, 0xD5DA, 0xD5DA, 0xD5DA,
    0xD5FA, 0xD5DA, 0xCDDA, 0xCDB9, 0xCDD9, 0xD5FA, 0xD5FA, 0xD5FA, 0xD5FA, 0xD5FA, 0xCDDA, 0xC558,
    0xCDD9, 0xC5D9, 0xC5D9, 0xCDD9, 0xCDD9, 0xC5B9, 0xCDB9, 0xBD16, 0x61E9, 0x6208, 0x6A07, 0x61E5,
    0x4921, 0x38C0, 0x2880, 0x1880, 0x18A0, 0x3982, 0x5A04, 0x4142, 0x28A0, 0x20A0, 0x20C0, 0x20C0,
    0x20E0, 0x20A0, 0x1880, 0x1880, 0x1880, 0x2900, 0xA48E, 0x6B08, 0x49C3, 0x4A04, 0x20C0, 0x18A0,
    0x20E0, 0x3101, 0x20A0, 0x3100, 0x51E5, 0x49E5, 0x20C0, 0x1020, 0x1040, 0x1060, 0x1060, 0x1060,
    0x18C0, 0x20E1, 0x20E1, 0x20E1, 0x20E1, 0x20E1, 0x20E2, 0x2102, 0x2102, 0x2102, 0x2923, 0x2123,
    0x2943, 0x2102, 0x4A27, 0x732C, 0x5207, 0x4185, 0x3943, 0x30E2, 0x28E2, 0x30E1, 0x30C2, 0x3103,
    0x7B2C, 0x49C6, 0x0800, 0x1040, 0x1880, 0x20C0, 0x18C0, 0x18C0, 0x18C0, 0x18C0, 0x18C1, 0x18C1,
    0x20E1, 0x18C1, 0x18C1, 0x18C1, 0x18E1, 0x18E1, 0x18E1, 0x18C1, 0x18C0, 0x1880, 0x1080, 0x1060,
    0x0840, 0x0860, 0x1080, 0x18C0, 0x20C1, 0x20E1, 0x20E1, 0x2101, 0x2122, 0x3185, 0x7BB0, 0xB578,
    0xC5B9, 0xC5DA, 0xC5DA, 0xCDDA, 0xCDFA, 0xCDFA, 0xD5DA, 0xD5DA, 0xD5DA, 0xD5DA, 0xCDDA, 0xCDB9,
    0xCDD9, 0xCDFA, 0xD5FA, 0xD5FA, 0xD5FA, 0xCDFA, 0xCDDA, 0xC578, 0xCDF9, 0xC5D9, 0xC5D9, 0xC5B9,
    0xC5B9, 0xC5B9, 0xCDB9, 0xBCF6, 0x620A, 0x6229, 0x59E6, 0x4922, 0x30C0, 0x28A0, 0x2080, 0x1880,
    0x20C0, 0x3961, 0x4982, 0x3921, 0x28C0, 0x28C0, 0x20C0, 0x20C0, 0x20C0, 0x1880, 0x1880, 0x1880,
    0x1880, 0x20C0, 0x93EB, 0x836A, 0x3100, 0x2900, 0x1880, 0x1880, 0x20C0, 0x20E0, 0x20A0, 0x3101,
    0x49E5, 0x49E5, 0x20C0, 0x0820, 0x1040, 0x1040, 0x1040, 0x1040, 0x18A0, 0x20E0, 0x20E1, 0x20E1,
    0x20E1, 0x20E1, 0x20E2, 0x2102, 0x2102, 0x2103, 0x2123, 0x2123, 0x2943, 0x1902, 0x5AAA, 0x9CB2,
    0x83AE, 0x838D, 0x838D, 0x7B4C, 0x6AEB, 0x6ACA, 0x6268, 0x3123, 0x732B, 0x49A5, 0x0800, 0x1040,
    0x1860, 0x20C0, 0x18C0, 0x18C0, 0x18C0, 0x18C0, 0x18C1, 0x18C1, 0x20E1, 0x18C1, 0x18C1, 0x18C1,
    0x18E1, 0x18C1, 0x18C1, 0x18C1, 0x18A0, 0x18A0, 0x1880, 0x18A0, 0x1080, 0x1080, 0x18A0, 0x18C0,
    0x20E1, 0x20E1, 0x20E1, 0x2102, 0x2903, 0x5AAB, 0xA4D6, 0xBD99, 0xC5B9, 0xC5BA, 0xC5B9, 0xCDB9,
    0xCDDA, 0xCDDA, 0xCDDA, 0xCDDA, 0xCDDA, 0xCDDA, 0xCDD9, 0xCDB9, 0xCDB9, 0xCDDA, 0xCDDA, 0xCDDA,
    0xCDDA, 0xCDDA, 0xCDD9, 0xC599, 0xCE19, 0xCDF9, 0xCDF9, 0xCDD9, 0xCDB9, 0xC5B8, 0xCDB9, 0xB4F6,
    0x6A2B, 0x61E8, 0x4944, 0x30A0, 0x28C0, 0x20A0, 0x1880, 0x1880, 0x28E0, 0x3100, 0x4141, 0x3101,
    0x28C0, 0x28C0, 0x20C0, 0x20C0, 0x18A0, 0x1880, 0x1880, 0x1880, 0x1880, 0x1880, 0x6286, 0x72E7,
    0x28A0, 0x2080, 0x1880, 0x1880, 0x18A0, 0x18A0, 0x18A0, 0x3121, 0x49E5, 0x49E5, 0x20C0, 0x0820,
    0x1040, 0x1040, 0x1040, 0x0840, 0x1080, 0x18C0, 0x20E1, 0x20E1, 0x20E1, 0x20E2, 0x2102, 0x2102,
    0x2102, 0x2123, 0x2123, 0x2923, 0x2943, 0x2102, 0x39A5, 0x62CA, 0x5A89, 0x62AA, 0x732B, 0x838C,
    0x838D, 0x8BCE, 0x7B8D, 0x3144, 0x732B, 0x41A5, 0x0800, 0x1040, 0x1060, 0x18C0, 0x18C0, 0x18A0,
    0x18C0, 0x18C1, 0x18C1, 0x18C1, 0x20E1, 0x18C1, 0x18C1, 0x18C1, 0x18E1, 0x18C1, 0x18C1, 0x18A0,
    0x18A0, 0x18A0, 0x1080, 0x18A0, 0x18A0, 0x10A0, 0x18C0, 0x20E0, 0x2101, 0x20E1, 0x2102, 0x2944,
    0x528B, 0x9C74, 0xBD58, 0xC5B9, 0xC5B9, 0xC5B9, 0xC5B9, 0xC5B9, 0xC5B9, 0xC5B9, 0xC5B9, 0xCDB9,
    0xCDB9, 0xCDB9, 0xCDB9, 0xCDB9, 0xC599, 0xCDB9, 0xC599, 0xCD99, 0xC599, 0xC5B9, 0xC5B9, 0xC599,
    0xCDF9, 0xCDD9, 0xCDD9, 0xCDD9, 0xC5B8, 0xC5B8, 0xCDB9, 0xB516, 0x6A2B, 0x59C7, 0x38C1, 0x2880,
    0x28A0, 0x20A0, 0x1880, 0x20A0, 0x20E0, 0x28C0, 0x3941, 0x30C0, 0x28C0, 0x28C0, 0x20C0, 0x20C0,
    0x18A0, 0x1880, 0x1880, 0x1880, 0x1880, 0x1860, 0x3100, 0x49E3, 0x20A0, 0x1880, 0x1880, 0x1080,
    0x1880, 0x1880, 0x1880, 0x28E0, 0x41C4, 0x49E5, 0x2901, 0x0840, 0x1040, 0x1040, 0x0840, 0x0840,
    0x0860, 0x10A0, 0x20C0, 0x20E1, 0x20C1, 0x20E1, 0x1902, 0x2102, 0x2122, 0x2123, 0x2123, 0x2123,
    0x2943, 0x2122, 0x2923, 0x3143, 0x3122, 0x30E2, 0x30E1, 0x3102, 0x3923, 0x4164, 0x41A5, 0x3124,
    0x732B, 0x49C5, 0x0800, 0x1040, 0x1060, 0x18C0, 0x18C0, 0x18A0, 0x18C0, 0x18C1, 0x18C1, 0x20E1,
    0x20E1, 0x20C1, 0x18C1, 0x18C1, 0x18C1, 0x18C1, 0x18C1, 0x1880, 0x1080, 0x1080, 0x1080, 0x18A0,
    0x18A0, 0x18A0, 0x18C0, 0x20E1, 0x2102, 0x41E6, 0x6B2D, 0x83F1, 0xA4B5, 0xBD58, 0xBD99, 0xC5B9,
    0xC5B9, 0xC5B9, 0xCDB9, 0xCDB9, 0xC5D9, 0xC5D9, 0xC5D9, 0xCDB9, 0xCDD9, 0xC5B9, 0xC5B9, 0xC5B9,
    0xCDBA, 0xCDDA, 0xCDDA, 0xCDDA, 0xCDDA, 0xCDDA, 0xC5BA, 0xC5B9, 0xCDF9, 0xCDD9, 0xCDD9, 0xC5D9,
    0xC5B8, 0xC5B8, 0xCDB8, 0xB4D5, 0x620A, 0x4945, 0x2880, 0x2880, 0x20A0, 0x18A0, 0x1880, 0x20C0,
    0x20C0, 0x20C0, 0x3121, 0x28A0, 0x28C0, 0x20C0, 0x20C0, 0x18A0, 0x18A0, 0x18A0, 0x1880, 0x1880,
    0x1880, 0x1880, 0x1880, 0x20A0, 0x1880, 0x1880, 0x1880, 0x1880, 0x1880, 0x1880, 0x1880, 0x1880,
    0x20C0, 0x2900, 0x20C0, 0x1060, 0x1040, 0x1040, 0x0840, 0x0840, 0x0840, 0x1060, 0x18C0, 0x20E1,
    0x20E1, 0x20E1, 0x2101, 0x2102, 0x2102, 0x2123, 0x2123, 0x2123, 0x2943, 0x2102, 0x3184, 0x6B2B,
    0x730B, 0x6AEA, 0x6288, 0x5A27, 0x49A5, 0x4163, 0x30E2, 0x3103, 0x730B, 0x41A4, 0x0800, 0x1040,
    0x1060, 0x20C0, 0x18C0, 0x18A0, 0x18C0, 0x18C0, 0x18C1, 0x18C1, 0x20E1, 0x18C1, 0x18C1, 0x18C1,
    0x18C1, 0x18C1, 0x18C1, 0x1080, 0x1060, 0x1060, 0x1080, 0x1080, 0x1080, 0x1080, 0x18A0, 0x18C0,
    0x2901, 0x5AAA, 0xACF5, 0xBD78, 0xBD78, 0xBD99, 0xC599, 0xC599, 0xC5B9, 0xC5BA, 0xC5D9, 0xC5D9,
    0xC5B9, 0xC5B9, 0xC5B9, 0xC5B9, 0xC5D9, 0xC5D9, 0xC5B9, 0xC5BA, 0xCDBA, 0xCDDA, 0xCDDA, 0xCDBA,
    0xC5BA, 0xC5BA, 0xC5BA, 0xC5BA,
};
static const uint8_t NEXTBOT_SPRITE_ALPHA[16384] __attribute__((aligned(16))) = {
    29, 16, 16, 16, 16, 16, 16, 16, 16, 16, 16, 16, 16, 16, 16, 16, 16, 16, 16, 16,
    16, 16, 16, 16, 16, 16, 16, 16, 16, 16, 16, 16, 16, 16, 16, 16, 16, 16, 16, 16,
    16, 16, 16, 16, 16, 16, 16, 16, 16, 16, 16, 16, 16, 16, 16, 16, 16, 16, 16, 16,
    16, 16, 16, 16, 16, 16, 16, 16, 16, 16, 16, 16, 16, 16, 16, 16, 16, 16, 16, 16,
    16, 16, 16, 16, 16, 16, 16, 16, 16, 16, 16, 16, 16, 16, 16, 16, 16, 16, 16, 16,
    16, 16, 16, 16, 16, 16, 16, 16, 16, 16, 16, 16, 16, 16, 16, 16, 16, 16, 16, 16,
    16, 16, 16, 16, 16, 16, 16, 16, 12, 0, 0, 0, 0, 0, 0, 0, 0, 0, 0, 0,
    0, 0, 0, 0, 0, 0, 0, 0, 0, 0, 0, 0, 0, 0, 0, 0, 0, 0, 0, 0,
    0, 0, 0, 0, 0, 0, 0, 0, 0, 0, 0, 0, 0, 0, 0, 0, 0, 0, 0, 0,
    0, 0, 0, 0, 0, 0, 0, 0, 0, 0, 0, 0, 0, 0, 0, 0, 0, 0, 0, 0,
    0, 0, 0, 0, 0, 0, 0, 0, 0, 0, 0, 0, 0, 0, 0, 0, 0, 0, 0, 0,
    0, 0, 0, 0, 0, 0, 0, 0, 0, 0, 0, 0, 0, 0, 0, 0, 0, 0, 0, 0,
    0, 0, 0, 0, 0, 0, 0, 0, 0, 0, 0, 0, 0, 0, 0, 0, 16, 0, 0, 0,
    0, 0, 0, 0, 0, 0, 0, 0, 0, 0, 0, 0, 0, 0, 0, 0, 0, 0, 0, 0,
    0, 0, 0, 0, 0, 0, 0, 0, 0, 0, 0, 0, 0, 0, 0, 0, 0, 0, 0, 0,
    0, 0, 0, 0, 0, 0, 0, 0, 0, 0, 0, 0, 0, 0, 0, 0, 0, 0, 0, 0,
    0, 0, 0, 0, 0, 0, 0, 0, 0, 0, 0, 0, 0, 0, 0, 0, 0, 0, 0, 0,
    0, 0, 0, 0, 0, 0, 0, 0, 0, 0, 0, 0, 0, 0, 0, 0, 0, 0, 0, 0,
    0, 0, 0, 0, 0, 0, 0, 0, 0, 0, 0, 0, 0, 0, 0, 0, 0, 0, 0, 0,
    0, 0, 0, 0, 16, 0, 0, 0, 0, 0, 0, 0, 0, 0, 0, 0, 0, 0, 0, 0,
    0, 0, 0, 0, 0, 0, 0, 0, 0, 0, 0, 0, 0, 0, 0, 0, 0, 0, 0, 0,
    0, 0, 0, 0, 0, 0, 0, 0, 0, 0, 0, 0, 0, 0, 0, 0, 0, 0, 0, 0,
    0, 4, 6, 2, 0, 0, 0, 0, 0, 0, 0, 0, 0, 0, 0, 0, 0, 0, 0, 0,
    0, 0, 0, 0, 0, 0, 0, 0, 0, 0, 0, 0, 0, 0, 0, 0, 0, 0, 0, 0,
    0, 0, 0, 0, 0, 0, 0, 0, 0, 0, 0, 0, 0, 0, 0, 0, 0, 0, 0, 0,
    0, 0, 0, 0, 0, 0, 0, 0, 0, 0, 0, 0, 16, 0, 0, 0, 0, 0, 0, 0,
    0, 0, 0, 0, 0, 0, 0, 0, 0, 0, 0, 0, 0, 0, 0, 0, 0, 0, 0, 0,
    0, 0, 0, 0, 0, 0, 0, 0, 0, 0, 0, 0, 0, 0, 0, 0, 0, 0, 0, 0,
    0, 0, 0, 0, 0, 1, 2, 5, 8, 8, 8, 8, 8, 7, 7, 7, 3, 0, 0, 0,
    0, 0, 0, 0, 0, 0, 0, 0, 0, 0, 0, 0, 0, 0, 0, 0, 0, 0, 0, 0,
    0, 0, 0, 0, 0, 0, 0, 0, 0, 0, 0, 0, 0, 0, 0, 0, 0, 0, 0, 0,
    0, 0, 0, 0, 0, 0, 0, 0, 0, 0, 0, 0, 0, 0, 0, 0, 0, 0, 0, 0,
    16, 0, 0, 0, 0, 0, 0, 0, 0, 0, 0, 0, 0, 0, 0, 0, 0, 0, 0, 0,
    0, 0, 0, 0, 0, 0, 0, 0, 0, 0, 0, 0, 0, 0, 0, 0, 0, 0, 0, 0,
    0, 0, 0, 0, 0, 0, 0, 0, 0, 0, 1, 2, 8, 10, 13, 18, 18, 26, 32, 26,
    25, 20, 17, 9, 7, 3, 1, 0, 0, 0, 0, 0, 0, 0, 0, 0, 0, 0, 0, 0,
    0, 0, 0, 0, 0, 0, 0, 0, 0, 0, 0, 0, 0, 0, 0, 0, 0, 0, 0, 0,
    0, 0, 0, 0, 0, 0, 0, 0, 0, 0, 0, 0, 0, 0, 0, 0, 0, 0, 0, 0,
    0, 0, 0, 0, 0, 0, 0, 0, 16, 0, 0, 0, 0, 0, 0, 0, 0, 0, 0, 0,
    0, 0, 0, 0, 0, 0, 0, 0, 0, 0, 0, 0, 0, 0, 0, 0, 0, 0, 0, 0,
    0, 0, 0, 0, 0, 0, 0, 0, 0, 0, 0, 0, 0, 0, 0, 0, 1, 6, 12, 17,
    20, 30, 37, 41, 46, 54, 60, 57, 51, 44, 36, 29, 16, 9, 7, 3, 0, 0, 0, 0,
    0, 0, 0, 0, 0, 0, 0, 0, 0, 0, 0, 0, 0, 0, 0, 0, 0, 0, 0, 0,
    0, 0, 0, 0, 0, 0, 0, 0, 0, 0, 0, 0, 0, 0, 0, 0, 0, 0, 0, 0,
    0, 0, 0, 0, 0, 0, 0, 0, 0, 0, 0, 0, 0, 0, 0, 0, 16, 0, 0, 0,
    0, 0, 0, 0, 0, 0, 0, 0, 0, 0, 0, 0, 0, 0, 0, 0, 0, 0, 0, 0,
    0, 0, 0, 0, 0, 0, 0, 0, 0, 0, 0, 0, 0, 0, 0, 0, 0, 0, 0, 0,
    0, 0, 0, 12, 14, 21, 32, 45, 56, 63, 75, 87, 96, 98, 102, 101, 93, 84, 69, 53,
    41, 26, 13, 7, 3, 0, 0, 0, 0, 0, 0, 0, 0, 0, 0, 0, 0, 0, 0, 0,
    0, 0, 0, 0, 0, 0, 0, 0, 0, 0, 0, 0, 0, 0, 0, 0, 0, 0, 0, 0,
    0, 0, 0, 0, 0, 0, 0, 0, 0, 0, 0, 0, 0, 0, 0, 0, 0, 0, 0, 0,
    0, 0, 0, 0, 16, 0, 0, 0, 0, 0, 0, 0, 0, 0, 0, 0, 0, 0, 0, 0,
    0, 0, 0, 0, 0, 0, 0, 0, 0, 0, 0, 0, 0, 0, 0, 0, 0, 0, 0, 0,
    0, 0, 0, 0, 0, 0, 0, 0, 0, 6, 14, 25, 43, 59, 72, 90, 105, 122, 133, 142,
    156, 160, 160, 157, 151, 137, 116, 94, 66, 45, 27, 14, 3, 1, 0, 0, 0, 0, 0, 0,
    0, 0, 0, 0, 0, 0, 0, 0, 0, 0, 0, 0, 0, 0, 0, 0, 0, 0, 0, 0,
    0, 0, 0, 0, 0, 0, 0, 0, 0, 0, 0, 0, 0, 0, 0, 0, 0, 0, 0, 0,
    0, 0, 0, 0, 0, 0, 0, 0, 0, 0, 0, 0, 16, 0, 0, 0, 0, 0, 0, 0,
    0, 0, 0, 0, 0, 0, 0, 0, 0, 0, 0, 0, 0, 0, 0, 0, 0, 0, 0, 0,
    0, 0, 0, 0, 0, 0, 0, 0, 0, 0, 0, 0, 0, 0, 0, 0, 11, 13, 37, 52,
    79, 100, 129, 147, 164, 180, 192, 201, 207, 214, 211, 209, 202, 255, 255, 255, 255, 255, 255, 255,
    255, 255, 255, 255, 255, 0, 0, 0, 0, 0, 0, 0, 0, 0, 0, 0, 0, 0, 0, 0,
    0, 0, 0, 0, 0, 0, 0, 0, 0, 0, 0, 0, 0, 0, 0, 0, 0, 0, 0, 0,
    0, 0, 0, 0, 0, 0, 0, 0, 0, 0, 0, 0, 0, 0, 0, 0, 0, 0, 0, 0,
    16, 0, 0, 0, 0, 0, 0, 0, 0, 0, 0, 0, 0, 0, 0, 0, 0, 0, 0, 0,
    0, 0, 0, 0, 0, 0, 0, 0, 0, 0, 0, 0, 0, 0, 0, 0, 0, 0, 0, 0,
    0, 0, 0, 10, 14, 44, 68, 97, 128, 159, 182, 203, 216, 225, 232, 236, 240, 243, 241, 240,
    255, 255, 255, 255, 255, 255, 255, 255, 255, 255, 255, 255, 255, 255, 255, 0, 0, 0, 0, 0,
    0, 0, 0, 0, 0, 0, 0, 0, 0, 0, 0, 0, 0, 0, 0, 0, 0, 0, 0, 0,
    0, 0, 0, 0, 0, 0, 0, 0, 0, 0, 0, 0, 0, 0, 0, 0, 0, 0, 0, 0,
    0, 0, 0, 0, 0, 0, 0, 0, 16, 0, 0, 0, 0, 0, 0, 0, 0, 0, 0, 0,
    0, 0, 0, 0, 0, 0, 0, 0, 0, 0, 0, 0, 0, 0, 0, 0, 0, 0, 0, 0,
    0, 0, 0, 0, 0, 0, 0, 0, 0, 0, 5, 11, 43, 66, 106, 145, 181, 209, 227, 237,
    243, 248, 251, 252, 255, 255, 252, 251, 255, 255, 255, 255, 255, 255, 255, 255, 255, 255, 255, 255,
    255, 255, 255, 255, 0, 0, 0, 0, 0, 0, 0, 0, 0, 0, 0, 0, 0, 0, 0, 0,
    0, 0, 0, 0, 0, 0, 0, 0, 0, 0, 0, 0, 0, 0, 0, 0, 0, 0, 0, 0,
    0, 0, 0, 0, 0, 0, 0, 0, 0, 0, 0, 0, 0, 0, 0, 0, 16, 0, 0, 0,
    0, 0, 0, 0, 0, 0, 0, 0, 0, 0, 0, 0, 0, 0, 0, 0, 0, 0, 0, 0,
    0, 0, 0, 0, 0, 0, 0, 0, 0, 0, 0, 0, 0, 0, 0, 0, 0, 2, 11, 35,
    61, 103, 148, 189, 221, 239, 247, 252, 253, 254, 254, 254, 255, 255, 255, 255, 255, 255, 255, 255,
    255, 255, 255, 255, 255, 255, 255, 255, 255, 255, 255, 255, 255, 255, 0, 0, 0, 0, 0, 0,
    0, 0, 0, 0, 0, 0, 0, 0, 0, 0, 0, 0, 0, 0, 0, 0, 0, 0, 0, 0,
    0, 0, 0, 0, 0, 0, 0, 0, 0, 0, 0, 0, 0, 0, 0, 0, 0, 0, 0, 0,
    0, 0, 0, 0, 16, 0, 0, 0, 0, 0, 0, 0, 0, 0, 0, 0, 0, 0, 0, 0,
    0, 0, 0, 0, 0, 0, 0, 0, 0, 0, 0, 0, 0, 0, 0, 0, 0, 0, 0, 0,
    0, 0, 0, 0, 0, 6, 18, 46, 85, 135, 187, 222, 243, 251, 255, 255, 255, 255, 255, 255,
    255, 255, 255, 255, 255, 255, 255, 255, 255, 255, 255, 255, 255, 255, 255, 255, 255, 255, 255, 255,
    255, 255, 255, 0, 0, 0, 0, 0, 0, 0, 0, 0, 0, 0, 0, 0, 0, 0, 0, 0,
    0, 0, 0, 0, 0, 0, 0, 0, 0, 0, 0, 0, 0, 0, 0, 0, 0, 0, 0, 0,
    0, 0, 0, 0, 0, 0, 0, 0, 0, 0, 0, 0, 16, 0, 0, 0, 0, 0, 0, 0,
    0, 0, 0, 0, 0, 0, 0, 0, 0, 0, 0, 0, 0, 0, 0, 0, 0, 0, 0, 0,
    0, 0, 0, 0, 0, 0, 0, 0, 0, 0, 0, 0, 1, 10, 35, 65, 112, 169, 214, 240,
    251, 254, 255, 255, 255, 255, 255, 255, 255, 255, 255, 255, 255, 255, 255, 255, 255, 255, 255, 255,
    255, 255, 255, 255, 255, 255, 255, 255, 255, 255, 255, 255, 0, 0, 0, 0, 0, 0, 0, 0,
    0, 0, 0, 0, 0, 0, 0, 0, 0, 0, 0, 0, 0, 0, 0, 0, 0, 0, 0, 0,
    0, 0, 0, 0, 0, 0, 0, 0, 0, 0, 0, 0, 0, 0, 0, 0, 0, 0, 0, 0,
    16, 0, 0, 0, 0, 0, 0, 0, 0, 0, 0, 0, 0, 0, 0, 0, 0, 0, 0, 0,
    0, 0, 0, 0, 0, 0, 0, 0, 0, 0, 0, 0, 0, 0, 0, 0, 0, 0, 0, 0,
    6, 13, 42, 82, 135, 191, 229, 249, 254, 254, 255, 255, 255, 255, 255, 255, 255, 255, 255, 255,
    255, 255, 255, 255, 255, 255, 255, 255, 255, 255, 255, 255, 255, 255, 255, 255, 255, 255, 255, 255,
    255, 0, 0, 0, 0, 0, 0, 0, 0, 0, 0, 0, 0, 0, 0, 0, 0, 0, 0, 0,
    0, 0, 0, 0, 0, 0, 0, 0, 0, 0, 0, 0, 0, 0, 0, 0, 0, 0, 0, 0,
    0, 0, 0, 0, 0, 0, 0, 0, 16, 0, 0, 0, 0, 0, 0, 0, 0, 0, 0, 0,
    0, 0, 0, 0, 0, 0, 0, 0, 0, 0, 0, 0, 0, 0, 0, 0, 0, 0, 0, 0,
    0, 0, 0, 0, 0, 0, 0, 0, 8, 18, 48, 93, 151, 204, 238, 252, 254, 255, 255, 255,
    255, 255, 255, 255, 255, 255, 255, 255, 255, 255, 255, 255, 255, 255, 255, 255, 255, 255, 255, 255,
    255, 255, 255, 255, 255, 255, 255, 255, 255, 0, 0, 0, 0, 0, 0, 0, 0, 0, 0, 0,
    0, 0, 0, 0, 0, 0, 0, 0, 0, 0, 0, 0, 0, 0, 0, 0, 0, 0, 0, 0,
    0, 0, 0, 0, 0, 0, 0, 0, 0, 0, 0, 0, 0, 0, 0, 0, 16, 0, 0, 0,
    0, 0, 0, 0, 0, 0, 0, 0, 0, 0, 0, 0, 0, 0, 0, 0, 0, 0, 0, 0,
    0, 0, 0, 0, 0, 0, 0, 0, 0, 0, 0, 0, 0, 0, 0, 0, 10, 19, 51, 101,
    158, 209, 242, 253, 254, 255, 255, 255, 255, 255, 255, 255, 255, 255, 255, 255, 255, 255, 255, 255,
    255, 255, 255, 255, 255, 255, 255, 255, 255, 255, 255, 255, 255, 255, 255, 255, 255, 255, 0, 0,
    0, 0, 0, 0, 0, 0, 0, 0, 0, 0, 0, 0, 0, 0, 0, 0, 0, 0, 0, 0,
    0, 0, 0, 0, 0, 0, 0, 0, 0, 0, 0, 0, 0, 0, 0, 0, 0, 0, 0, 0,
    0, 0, 0, 0, 16, 0, 0, 0, 0, 0, 0, 0, 0, 0, 0, 0, 0, 0, 0, 0,
    0, 0, 0, 0, 0, 0, 0, 0, 0, 0, 0, 0, 0, 0, 0, 0, 0, 0, 0, 0,
    0, 0, 0, 0, 8, 18, 50, 99, 157, 211, 242, 253, 254, 255, 255, 255, 255, 255, 255, 255,
    255, 255, 255, 255, 255, 255, 255, 255, 255, 255, 255, 255, 255, 255, 255, 255, 255, 255, 255, 255,
    255, 255, 255, 255, 255, 255, 0, 0, 0, 0, 0, 0, 0, 0, 0, 0, 0, 0, 0, 0,
    0, 0, 0, 0, 0, 0, 0, 0, 0, 0, 0, 0, 0, 0, 0, 0, 0, 0, 0, 0,
    0, 0, 0, 0, 0, 0, 0, 0, 0, 0, 0, 0, 16, 0, 0, 0, 0, 0, 0, 0,
    0, 0, 0, 0, 0, 0, 0, 0, 0, 0, 0, 0, 0, 0, 0, 0, 0, 0, 0, 0,
    0, 0, 0, 0, 0, 0, 0, 0, 0, 0, 0, 0, 8, 18, 44, 91, 146, 202, 255, 255,
    255, 255, 255, 255, 255, 255, 255, 255, 255, 255, 255, 255, 255, 255, 255, 255, 255, 255, 255, 255,
    255, 255, 255, 255, 255, 255, 255, 255, 255, 255, 255, 255, 255, 255, 0, 0, 0, 0, 0, 0,
    0, 0, 0, 0, 0, 0, 0, 0, 0, 0, 0, 0, 0, 0, 0, 0, 0, 0, 0, 0,
    0, 0, 0, 0, 0, 0, 0, 0, 0, 0, 0, 0, 0, 0, 0, 0, 0, 0, 0, 0,
    16, 0, 0, 0, 0, 0, 0, 0, 0, 0, 0, 0, 0, 0, 0, 0, 0, 0, 0, 0,
    0, 0, 0, 0, 0, 0, 0, 0, 0, 0, 0, 0, 0, 0, 0, 0, 0, 0, 0, 0,
    6, 11, 39, 77, 131, 187, 255, 255, 255, 255, 255, 255, 255, 255, 255, 255, 255, 255, 255, 255,
    255, 255, 255, 255, 255, 255, 255, 255, 255, 255, 255, 255, 255, 255, 255, 255, 255, 255, 255, 255,
    255, 255, 0, 0, 0, 0, 0, 0, 0, 0, 0, 0, 0, 0, 0, 0, 0, 0, 0, 0,
    0, 0, 0, 0, 0, 0, 0, 0, 0, 0, 0, 0, 0, 0, 0, 0, 0, 0, 0, 0,
    0, 0, 0, 0, 0, 0, 0, 0, 16, 0, 0, 0, 0, 0, 0, 0, 0, 0, 0, 0,
    0, 0, 0, 0, 0, 0, 0, 0, 0, 0, 0, 0, 0, 0, 0, 0, 0, 0, 0, 0,
    0, 0, 0, 0, 0, 0, 0, 0, 0, 10, 35, 64, 107, 165, 209, 255, 255, 255, 255, 255,
    255, 255, 255, 255, 255, 255, 255, 255, 255, 255, 255, 255, 255, 255, 255, 255, 255, 255, 255, 255,
    255, 255, 255, 255, 255, 255, 255, 255, 255, 255, 0, 0, 0, 0, 0, 0, 0, 0, 0, 0,
    0, 0, 0, 0, 0, 0, 0, 0, 0, 0, 0, 0, 0, 0, 0, 0, 0, 0, 0, 0,
    0, 0, 0, 0, 0, 0, 0, 0, 0, 0, 0, 0, 0, 0, 0, 0, 16, 0, 0, 0,
    0, 0, 0, 0, 0, 0, 0, 0, 0, 0, 0, 0, 0, 0, 0, 0, 0, 0, 0, 0,
    0, 0, 0, 0, 0, 0, 0, 0, 0, 0, 0, 0, 0, 0, 0, 0, 0, 10, 23, 47,
    84, 130, 179, 216, 255, 255, 255, 255, 255, 255, 255, 255, 255, 255, 255, 255, 255, 255, 255, 255,
    255, 255, 255, 255, 255, 255, 255, 255, 255, 255, 255, 255, 255, 255, 255, 255, 255, 255, 0, 0,
    0, 0, 0, 0, 0, 0, 0, 0, 0, 0, 0, 0, 0, 0, 0, 0, 0, 0, 0, 0,
    0, 0, 0, 0, 0, 0, 0, 0, 0, 0, 0, 0, 0, 0, 0, 0, 0, 0, 0, 0,
    0, 0, 0, 0, 16, 0, 0, 0, 0, 0, 0, 0, 0, 0, 0, 0, 0, 0, 0, 0,
    0, 0, 0, 0, 0, 0, 0, 0, 0, 0, 0, 0, 0, 0, 0, 0, 0, 0, 0, 0,
    0, 0, 0, 0, 0, 0, 10, 35, 56, 99, 138, 179, 255, 255, 255, 255, 255, 255, 255, 255,
    255, 255, 255, 255, 255, 255, 255, 255, 255, 255, 255, 255, 255, 255, 255, 255, 255, 255, 255, 255,
    255, 255, 255, 255, 255, 255, 0, 0, 0, 0, 0, 0, 0, 0, 0, 0, 0, 0, 0, 0,
    0, 0, 0, 0, 0, 0, 0, 0, 0, 0, 0, 0, 0, 0, 0, 0, 0, 0, 0, 0,
    0, 0, 0, 0, 0, 0, 0, 0, 0, 0, 0, 0, 16, 0, 0, 0, 0, 0, 0, 0,
    0, 0, 0, 0, 0, 0, 0, 0, 0, 0, 0, 0, 0, 0, 0, 0, 0, 0, 0, 0,
    0, 0, 0, 0, 0, 0, 0, 0, 0, 0, 0, 0, 0, 0, 5, 16, 36, 64, 97, 255,
    255, 255, 255, 255, 255, 255, 255, 255, 255, 255, 255, 255, 255, 255, 255, 255, 255, 255, 255, 255,
    255, 255, 255, 255, 255, 255, 255, 255, 255, 255, 255, 255, 255, 255, 0, 0, 0, 0, 0, 0,
    0, 0, 0, 0, 0, 0, 0, 0, 0, 0, 0, 0, 0, 0, 0, 0, 0, 0, 0, 0,
    0, 0, 0, 0, 0, 0, 0, 0, 0, 0, 0, 0, 0, 0, 0, 0, 0, 0, 0, 0,
    16, 0, 0, 0, 0, 0, 0, 0, 0, 0, 0, 0, 0, 0, 0, 0, 0, 0, 0, 0,
    0, 0, 0, 0, 0, 0, 0, 0, 0, 0, 0, 0, 0, 0, 0, 0, 0, 0, 0, 0,
    0, 0, 0, 10, 18, 37, 57, 255, 255, 255, 255, 255, 255, 255, 255, 255, 255, 255, 255, 255,
    255, 255, 255, 255, 255, 255, 255, 255, 255, 255, 255, 255, 255, 255, 255, 255, 255, 255, 255, 255,
    255, 255, 255, 0, 0, 0, 0, 0, 0, 0, 0, 0, 0, 0, 0, 0, 0, 0, 0, 0,
    0, 0, 0, 0, 0, 0, 0, 0, 0, 0, 0, 0, 0, 0, 0, 0, 0, 0, 0, 0,
    0, 0, 0, 0, 0, 0, 0, 0, 16, 0, 0, 0, 0, 0, 0, 0, 0, 0, 0, 0,
    0, 0, 0, 0, 0, 0, 0, 0, 0, 0, 0, 0, 0, 0, 0, 0, 0, 0, 0, 0,
    0, 0, 0, 0, 0, 0, 0, 0, 0, 0, 0, 0, 8, 15, 255, 255, 255, 255, 255, 255,
    255, 255, 255, 255, 255, 255, 255, 255, 255, 255, 255, 255, 255, 255, 255, 255, 255, 255, 255, 255,
    255, 255, 255, 255, 255, 255, 255, 255, 255, 255, 255, 0, 0, 0, 0, 0, 0, 0, 0, 0,
    0, 0, 0, 0, 0, 0, 0, 0, 0, 0, 0, 0, 0, 0, 0, 0, 0, 0, 0, 0,
    0, 0, 0, 0, 0, 0, 0, 0, 0, 0, 0, 0, 0, 0, 0, 0, 16, 0, 0, 0,
    0, 0, 0, 0, 0, 0, 0, 0, 0, 0, 0, 0, 0, 0, 0, 0, 0, 0, 0, 0,
    0, 0, 0, 0, 0, 0, 0, 0, 0, 0, 0, 0, 0, 0, 0, 0, 0, 0, 0, 0,
    0, 10, 255, 255, 255, 255, 255, 255, 255, 255, 255, 255, 255, 255, 255, 255, 255, 255, 255, 255,
    255, 255, 255, 255, 255, 255, 255, 255, 255, 255, 255, 255, 255, 255, 255, 255, 255, 255, 255, 0,
    0, 0, 0, 0, 0, 0, 0, 0, 0, 0, 0, 0, 0, 0, 0, 0, 0, 0, 0, 0,
    0, 0, 0, 0, 0, 0, 0, 0, 0, 0, 0, 0, 0, 0, 0, 0, 0, 0, 0, 0,
    0, 0, 0, 0, 16, 0, 0, 0, 0, 0, 0, 0, 0, 0, 0, 0, 0, 0, 0, 0,
    0, 0, 0, 0, 0, 0, 0, 0, 0, 0, 0, 0, 0, 0, 0, 0, 0, 0, 0, 0,
    0, 0, 0, 0, 0, 0, 0, 0, 0, 0, 255, 255, 255, 255, 255, 255, 255, 255, 255, 255,
    255, 255, 255, 255, 255, 255, 255, 255, 255, 255, 255, 255, 255, 255, 255, 255, 255, 255, 255, 255,
    255, 255, 255, 255, 255, 255, 255, 0, 0, 0, 0, 0, 0, 0, 0, 0, 0, 0, 0, 0,
    0, 0, 0, 0, 0, 0, 0, 0, 0, 0, 0, 0, 0, 0, 0, 0, 0, 0, 0, 0,
    0, 0, 0, 0, 0, 0, 0, 0, 0, 0, 0, 0, 16, 0, 0, 0, 0, 0, 0, 0,
    0, 0, 0, 0, 0, 0, 0, 0, 0, 0, 0, 0, 0, 0, 0, 0, 0, 0, 0, 0,
    0, 0, 0, 0, 0, 0, 0, 0, 0, 0, 0, 0, 0, 0, 0, 0, 0, 0, 255, 255,
    255, 255, 255, 255, 255, 255, 255, 255, 255, 255, 255, 255, 255, 255, 255, 255, 255, 255, 255, 255,
    255, 255, 255, 255, 255, 255, 255, 255, 255, 255, 255, 255, 255, 255, 255, 0, 0, 0, 0, 0,
    0, 0, 0, 0, 0, 0, 0, 0, 0, 0, 0, 0, 0, 0, 0, 0, 0, 0, 0, 0,
    0, 0, 0, 0, 0, 0, 0, 0, 0, 0, 0, 0, 0, 0, 0, 0, 0, 0, 0, 0,
    16, 0, 0, 0, 0, 0, 0, 0, 0, 0, 0, 0, 0, 0, 0, 0, 0, 0, 0, 0,
    0, 0, 0, 0, 0, 0, 0, 0, 0, 0, 0, 0, 0, 0, 0, 0, 0, 0, 0, 0,
    0, 0, 0, 0, 0, 0, 255, 255, 255, 255, 255, 255, 255, 255, 255, 255, 255, 255, 255, 255,
    255, 255, 255, 255, 255, 255, 255, 255, 255, 255, 255, 255, 255, 255, 255, 255, 255, 255, 255, 255,
    255, 255, 255, 0, 0, 0, 0, 0, 0, 0, 0, 0, 0, 0, 0, 0, 0, 0, 0, 0,
    0, 0, 0, 0, 0, 0, 0, 0, 0, 0, 0, 0, 0, 0, 0, 0, 0, 0, 0, 0,
    0, 0, 0, 0, 0, 0, 0, 0, 16, 0, 0, 0, 0, 0, 0, 0, 0, 0, 0, 0,
    0, 0, 0, 0, 0, 0, 0, 0, 0, 0, 0, 0, 0, 0, 0, 0, 0, 0, 0, 0,
    0, 0, 0, 0, 0, 0, 0, 0, 0, 0, 0, 0, 0, 0, 255, 255, 255, 255, 255, 255,
    255, 255, 255, 255, 255, 255, 255, 255, 255, 255, 255, 255, 255, 255, 255, 255, 255, 255, 255, 255,
    255, 255, 255, 255, 255, 255, 255, 255, 255, 255, 0, 0, 0, 0, 0, 0, 0, 0, 0, 0,
    0, 0, 0, 0, 0, 0, 0, 0, 0, 0, 0, 0, 0, 0, 0, 0, 0, 0, 0, 0,
    0, 0, 0, 0, 0, 0, 0, 0, 0, 0, 0, 0, 0, 0, 0, 0, 16, 0, 0, 0,
    0, 0, 0, 0, 0, 0, 0, 0, 0, 0, 0, 0, 0, 0, 0, 0, 0, 0, 0, 0,
    0, 0, 0, 0, 0, 0, 0, 0, 0, 0, 0, 0, 0, 0, 0, 0, 0, 0, 0, 0,
    0, 0, 255, 255, 255, 255, 255, 255, 255, 255, 255, 255, 255, 255, 255, 255, 255, 255, 255, 255,
    255, 255, 255, 255, 255, 255, 255, 255, 255, 255, 255, 255, 255, 255, 255, 255, 255, 0, 0, 0,
    0, 0, 0, 0, 0, 0, 0, 0, 0, 0, 0, 0, 0, 0, 0, 0, 0, 0, 0, 0,
    0, 0, 0, 0, 0, 0, 0, 0, 0, 0, 0, 0, 0, 0, 0, 0, 0, 0, 0, 0,
    0, 0, 0, 0, 16, 0, 0, 0, 0, 0, 0, 0, 0, 0, 0, 0, 0, 0, 0, 0,
    0, 0, 0, 0, 0, 0, 0, 0, 0, 0, 0, 0, 0, 0, 0, 0, 0, 0, 0, 0,
    0, 0, 0, 0, 0, 0, 0, 0, 0, 0, 255, 255, 255, 255, 255, 255, 255, 255, 255, 255,
    255, 255, 255, 255, 255, 255, 255, 255, 255, 255, 255, 255, 255, 255, 255, 255, 255, 255, 255, 255,
    255, 255, 255, 255, 255, 0, 0, 0, 0, 0, 0, 0, 0, 0, 0, 0, 0, 0, 0, 0,
    0, 0, 0, 0, 0, 0, 0, 0, 0, 0, 0, 0, 0, 0, 0, 0, 0, 0, 0, 0,
    0, 0, 0, 0, 0, 0, 0, 0, 0, 0, 0, 0, 16, 0, 0, 0, 0, 0, 0, 0,
    0, 0, 0, 0, 0, 0, 0, 0, 0, 0, 0, 0, 0, 0, 0, 0, 0, 0, 0, 0,
    0, 0, 0, 0, 0, 0, 0, 0, 0, 0, 0, 0, 0, 0, 0, 0, 0, 0, 255, 255,
    255, 255, 255, 255, 255, 255, 255, 255, 255, 255, 255, 255, 255, 255, 255, 255, 255, 255, 255, 255,
    255, 255, 255, 255, 255, 255, 255, 255, 255, 255, 255, 255, 255, 0, 0, 0, 0, 0, 0, 0,
    0, 0, 0, 0, 0, 0, 0, 0, 0, 0, 0, 0, 0, 0, 0, 0, 0, 0, 0, 0,
    0, 0, 0, 0, 0, 0, 0, 0, 0, 0, 0, 0, 0, 0, 0, 0, 0, 0, 0, 0,
    16, 0, 0, 0, 0, 0, 0, 0, 0, 0, 0, 0, 0, 0, 0, 0, 0, 0, 0, 0,
    0, 0, 0, 0, 0, 0, 0, 0, 0, 0, 0, 0, 0, 0, 0, 0, 0, 0, 0, 0,
    0, 0, 0, 0, 0, 0, 0, 255, 255, 255, 255, 255, 255, 255, 255, 255, 255, 255, 255, 255,
    255, 255, 255, 255, 255, 255, 255, 255, 255, 255, 255, 255, 255, 255, 255, 255, 255, 255, 255, 255,
    255, 0, 0, 0, 0, 0, 0, 0, 0, 0, 0, 0, 0, 0, 0, 0, 0, 0, 0, 0,
    0, 0, 0, 0, 0, 0, 0, 0, 0, 0, 0, 0, 0, 0, 0, 0, 0, 0, 0, 0,
    0, 0, 0, 0, 0, 0, 0, 0, 16, 0, 0, 0, 0, 0, 0, 0, 0, 0, 0, 0,
    0, 0, 0, 0, 0, 0, 0, 0, 0, 0, 0, 0, 0, 0, 0, 0, 0, 0, 0, 0,
    0, 0, 0, 0, 0, 0, 0, 0, 0, 0, 0, 0, 0, 0, 0, 255, 255, 255, 255, 255,
    255, 255, 255, 255, 255, 255, 255, 255, 255, 255, 255, 255, 255, 255, 255, 255, 255, 255, 255, 255,
    255, 255, 255, 255, 255, 255, 255, 255, 255, 255, 0, 0, 0, 0, 0, 0, 0, 0, 0, 0,
    0, 0, 0, 0, 0, 0, 0, 0, 0, 0, 0, 0, 0, 0, 0, 0, 0, 0, 0, 0,
    0, 0, 0, 0, 0, 0, 0, 0, 0, 0, 0, 0, 0, 0, 0, 0, 16, 0, 0, 0,
    0, 0, 0, 0, 0, 0, 0, 0, 0, 0, 0, 0, 0, 0, 0, 0, 0, 0, 0, 0,
    0, 0, 0, 0, 0, 0, 0, 0, 0, 0, 0, 0, 0, 0, 0, 0, 0, 0, 0, 0,
    0, 0, 0, 255, 255, 255, 255, 255, 255, 255, 255, 255, 255, 255, 255, 255, 255, 255, 255, 255,
    255, 255, 255, 255, 255, 255, 255, 255, 255, 255, 255, 255, 255, 255, 255, 255, 255, 255, 255, 0,
    0, 0, 0, 0, 0, 0, 0, 0, 0, 0, 0, 0, 0, 0, 0, 0, 0, 0, 0, 0,
    0, 0, 0, 0, 0, 0, 0, 0, 0, 0, 0, 0, 0, 0, 0, 0, 0, 0, 0, 0,
    0, 0, 0, 0, 16, 0, 0, 0, 0, 0, 0, 0, 0, 0, 0, 0, 0, 0, 0, 0,
    0, 0, 0, 0, 0, 0, 0, 0, 0, 0, 0, 0, 0, 0, 0, 0, 0, 0, 0, 0,
    0, 0, 0, 0, 0, 0, 0, 0, 0, 0, 0, 255, 255, 255, 255, 255, 255, 255, 255, 255,
    255, 255, 255, 255, 255, 255, 255, 255, 255, 255, 255, 255, 255, 255, 255, 255, 255, 255, 255, 255,
    255, 255, 255, 255, 255, 255, 255, 0, 0, 0, 0, 0, 0, 0, 0, 0, 0, 0, 0, 0,
    0, 0, 0, 0, 0, 0, 0, 0, 0, 0, 0, 0, 0, 0, 0, 0, 0, 0, 0, 0,
    0, 0, 0, 0, 0, 0, 0, 0, 0, 0, 0, 0, 16, 0, 0, 0, 0, 0, 0, 0,
    0, 0, 0, 0, 0, 0, 0, 0, 0, 0, 0, 0, 0, 0, 0, 0, 0, 0, 0, 0,
    0, 0, 0, 0, 0, 0, 0, 0, 0, 0, 0, 0, 0, 0, 0, 0, 0, 0, 0, 255,
    255, 255, 255, 255, 255, 255, 255, 255, 255, 255, 255, 255, 255, 255, 255, 255, 255, 255, 255, 255,
    255, 255, 255, 255, 255, 255, 255, 255, 255, 255, 255, 255, 255, 255, 255, 0, 0, 0, 0, 0,
    0, 0, 0, 0, 0, 0, 0, 0, 0, 0, 0, 0, 0, 0, 0, 0, 0, 0, 0, 0,
    0, 0, 0, 0, 0, 0, 0, 0, 0, 0, 0, 0, 0, 0, 0, 0, 0, 0, 0, 0,
    16, 0, 0, 0, 0, 0, 0, 0, 0, 0, 0, 0, 0, 0, 0, 0, 0, 0, 0, 0,
    0, 0, 0, 0, 0, 0, 0, 0, 0, 0, 0, 0, 0, 0, 0, 0, 0, 0, 0, 0,
    0, 0, 0, 0, 0, 255, 255, 255, 255, 255, 255, 255, 255, 255, 255, 255, 255, 255, 255, 255,
    255, 255, 255, 255, 255, 255, 255, 255, 255, 255, 255, 255, 255, 255, 255, 255, 255, 255, 255, 255,
    255, 255, 255, 0, 0, 0, 0, 0, 0, 0, 0, 0, 0, 0, 0, 0, 0, 0, 0, 0,
    0, 0, 0, 0, 0, 0, 0, 0, 0, 0, 0, 0, 0, 0, 0, 0, 0, 0, 0, 0,
    0, 0, 0, 0, 0, 0, 0, 0, 16, 0, 0, 0, 0, 0, 0, 0, 0, 0, 0, 0,
    0, 0, 0, 0, 0, 0, 0, 0, 0, 0, 0, 0, 0, 0, 0, 0, 0, 0, 0, 0,
    0, 0, 0, 0, 0, 0, 0, 0, 0, 0, 0, 0, 0, 255, 255, 255, 255, 255, 255, 255,
    255, 255, 255, 255, 255, 255, 255, 255, 255, 255, 255, 255, 255, 255, 255, 255, 255, 255, 255, 255,
    255, 255, 255, 255, 255, 255, 255, 255, 255, 255, 0, 0, 0, 0, 0, 0, 0, 0, 0, 0,
    0, 0, 0, 0, 0, 0, 0, 0, 0, 0, 0, 0, 0, 0, 0, 0, 0, 0, 0, 0,
    0, 0, 0, 0, 0, 0, 0, 0, 0, 0, 0, 0, 0, 0, 0, 0, 16, 0, 0, 0,
    0, 0, 0, 0, 0, 0, 0, 0, 0, 0, 0, 0, 0, 0, 0, 0, 0, 0, 0, 0,
    0, 0, 0, 0, 0, 0, 0, 0, 0, 0, 0, 0, 0, 0, 0, 0, 0, 0, 0, 0,
    0, 255, 255, 255, 255, 255, 255, 255, 255, 255, 255, 255, 255, 255, 255, 255, 255, 255, 255, 255,
    255, 255, 255, 255, 255, 255, 255, 255, 255, 255, 255, 255, 255, 255, 255, 255, 255, 255, 0, 0,
    0, 0, 0, 0, 0, 0, 0, 0, 0, 0, 0, 0, 0, 0, 0, 0, 0, 0, 0, 0,
    0, 0, 0, 0, 0, 0, 0, 0, 0, 0, 0, 0, 0, 0, 0, 0, 0, 0, 0, 0,
    0, 0, 0, 0, 16, 0, 0, 0, 0, 0, 0, 0, 0, 0, 0, 0, 0, 0, 0, 0,
    0, 0, 0, 0, 0, 0, 0, 0, 0, 0, 0, 0, 0, 0, 0, 0, 0, 0, 0, 0,
    0, 0, 0, 0, 0, 0, 0, 0, 0, 0, 255, 255, 255, 255, 255, 255, 255, 255, 255, 255,
    255, 255, 255, 255, 255, 255, 255, 255, 255, 255, 255, 255, 255, 255, 255, 255, 255, 255, 255, 255,
    255, 255, 255, 255, 255, 255, 0, 0, 0, 0, 0, 0, 0, 0, 0, 0, 0, 0, 0, 0,
    0, 0, 0, 0, 0, 0, 0, 0, 0, 0, 0, 0, 0, 0, 0, 0, 0, 0, 0, 0,
    0, 0, 0, 0, 0, 0, 0, 0, 0, 0, 0, 0, 16, 0, 0, 0, 0, 0, 0, 0,
    0, 0, 0, 0, 0, 0, 0, 0, 0, 0, 0, 0, 0, 0, 0, 0, 0, 0, 0, 0,
    0, 0, 0, 0, 0, 0, 0, 0, 0, 0, 0, 0, 0, 0, 0, 0, 0, 0, 255, 255,
    255, 255, 255, 255, 255, 255, 255, 255, 255, 255, 255, 255, 255, 255, 255, 255, 255, 255, 255, 255,
    255, 255, 255, 255, 255, 255, 255, 255, 255, 255, 255, 255, 255, 0, 0, 0, 0, 0, 0, 0,
    0, 0, 0, 0, 0, 0, 0, 0, 0, 0, 0, 0, 0, 0, 0, 0, 0, 0, 0, 0,
    0, 0, 0, 0, 0, 0, 0, 0, 0, 0, 0, 0, 0, 0, 0, 0, 0, 0, 0, 0,
    16, 0, 0, 0, 0, 0, 0, 0, 0, 0, 0, 0, 0, 0, 0, 0, 0, 0, 0, 0,
    0, 0, 0, 0, 0, 0, 0, 0, 0, 0, 0, 0, 0, 0, 0, 0, 0, 0, 0, 0,
    0, 0, 0, 0, 0, 0, 0, 255, 255, 255, 255, 255, 255, 255, 255, 255, 255, 255, 255, 255,
    255, 255, 255, 255, 255, 255, 255, 255, 255, 255, 255, 255, 255, 255, 255, 255, 255, 255, 255, 255,
    0, 0, 0, 0, 0, 0, 0, 0, 0, 0, 0, 0, 0, 0, 0, 0, 0, 0, 0, 0,
    0, 0, 0, 0, 0, 0, 0, 0, 0, 0, 0, 0, 0, 0, 0, 0, 0, 0, 0, 0,
    0, 0, 0, 0, 0, 0, 0, 0, 16, 0, 0, 0, 0, 0, 0, 0, 0, 0, 0, 0,
    0, 0, 0, 0, 0, 0, 0, 0, 0, 0, 0, 0, 0, 0, 0, 0, 0, 0, 0, 0,
    0, 0, 0, 0, 0, 0, 0, 0, 0, 0, 0, 0, 0, 0, 0, 255, 255, 255, 255, 255,
    255, 255, 255, 255, 255, 255, 255, 255, 255, 255, 255, 255, 255, 255, 255, 255, 255, 255, 255, 255,
    255, 255, 255, 255, 255, 255, 255, 0, 0, 0, 0, 0, 0, 0, 0, 0, 0, 0, 0, 0,
    0, 0, 0, 0, 0, 0, 0, 0, 0, 0, 0, 0, 0, 0, 0, 0, 0, 0, 0, 0,
    0, 0, 0, 0, 0, 0, 0, 0, 0, 0, 0, 0, 0, 0, 0, 0, 16, 0, 0, 0,
    0, 0, 0, 0, 0, 0, 0, 0, 0, 0, 0, 0, 0, 0, 0, 0, 0, 0, 0, 0,
    0, 0, 0, 0, 0, 0, 0, 0, 0, 0, 0, 0, 0, 0, 0, 0, 0, 0, 0, 0,
    0, 0, 0, 0, 255, 255, 255, 255, 255, 255, 255, 255, 255, 255, 255, 255, 255, 255, 255, 255,
    255, 255, 255, 255, 255, 255, 255, 255, 255, 255, 255, 255, 255, 255, 255, 0, 0, 0, 0, 0,
    0, 0, 0, 0, 0, 0, 0, 0, 0, 0, 0, 0, 0, 0, 0, 0, 0, 0, 0, 0,
    0, 0, 0, 0, 0, 0, 0, 0, 0, 0, 0, 0, 0, 0, 0, 0, 0, 0, 0, 0,
    0, 0, 0, 0, 16, 0, 0, 0, 0, 0, 0, 0, 0, 0, 0, 0, 0, 0, 0, 0,
    0, 0, 0, 0, 0, 0, 0, 0, 0, 0, 0, 0, 0, 0, 0, 0, 0, 0, 0, 0,
    0, 0, 0, 0, 0, 0, 0, 0, 0, 0, 0, 0, 0, 255, 255, 255, 255, 255, 255, 255,
    255, 255, 255, 255, 255, 255, 255, 255, 255, 255, 255, 255, 255, 255, 255, 255, 255, 255, 255, 255,
    255, 255, 0, 0, 0, 0, 0, 0, 0, 0, 0, 0, 0, 0, 0, 0, 0, 0, 0, 0,
    0, 0, 0, 0, 0, 0, 0, 0, 0, 0, 0, 0, 0, 0, 0, 0, 0, 0, 0, 0,
    0, 0, 0, 0, 0, 0, 0, 0, 0, 0, 0, 0, 16, 0, 0, 0, 0, 0, 0, 0,
    0, 0, 0, 0, 0, 0, 0, 0, 0, 0, 0, 0, 0, 0, 0, 0, 0, 0, 0, 0,
    0, 0, 0, 0, 0, 0, 0, 0, 0, 0, 0, 0, 0, 0, 0, 0, 0, 0, 0, 0,
    0, 0, 0, 255, 255, 255, 255, 255, 255, 255, 255, 255, 255, 255, 255, 255, 255, 255, 255, 255,
    255, 255, 255, 255, 255, 255, 255, 255, 255, 255, 0, 0, 0, 0, 0, 0, 0, 0, 0, 0,
    0, 0, 0, 0, 0, 0, 0, 0, 0, 0, 0, 0, 0, 0, 0, 0, 0, 0, 0, 0,
    0, 0, 0, 0, 0, 0, 0, 0, 0, 0, 0, 0, 0, 0, 0, 0, 0, 0, 0, 0,
    16, 0, 0, 0, 0, 0, 0, 0, 0, 0, 0, 0, 0, 0, 0, 0, 0, 0, 0, 0,
    0, 0, 0, 0, 0, 0, 0, 0, 0, 0, 0, 0, 0, 0, 0, 0, 0, 0, 0, 0,
    0, 0, 0, 0, 0, 0, 0, 0, 0, 0, 0, 0, 255, 255, 255, 255, 255, 255, 255, 255,
    255, 255, 255, 255, 255, 255, 255, 255, 255, 255, 255, 255, 255, 255, 255, 255, 255, 255, 0, 0,
    0, 0, 0, 0, 0, 0, 0, 0, 0, 0, 0, 0, 0, 0, 0, 0, 0, 0, 0, 0,
    0, 0, 0, 0, 0, 0, 0, 0, 0, 0, 0, 0, 0, 0, 0, 0, 0, 0, 0, 0,
    0, 0, 0, 0, 0, 0, 0, 0, 16, 0, 0, 0, 0, 0, 0, 0, 0, 0, 0, 0,
    0, 0, 0, 0, 0, 0, 0, 0, 0, 0, 0, 0, 0, 0, 0, 0, 0, 0, 0, 0,
    0, 0, 0, 0, 0, 0, 0, 0, 0, 0, 0, 0, 0, 0, 0, 0, 0, 0, 0, 0,
    255, 255, 255, 255, 255, 255, 255, 255, 255, 255, 255, 255, 255, 255, 255, 255, 255, 255, 255, 255,
    255, 255, 255, 255, 255, 0, 0, 0, 0, 0, 0, 0, 0, 0, 0, 0, 0, 0, 0, 0,
    0, 0, 0, 0, 0, 0, 0, 0, 0, 0, 0, 0, 0, 0, 0, 0, 0, 0, 0, 0,
    0, 0, 0, 0, 0, 0, 0, 0, 0, 0, 0, 0, 0, 0, 0, 0, 16, 0, 0, 0,
    0, 0, 0, 0, 0, 0, 0, 0, 0, 0, 0, 0, 0, 0, 0, 0, 0, 0, 0, 0,
    0, 0, 0, 0, 0, 0, 0, 0, 0, 0, 0, 0, 0, 0, 0, 0, 0, 0, 0, 0,
    0, 0, 0, 0, 0, 0, 0, 0, 255, 255, 255, 255, 255, 255, 255, 255, 255, 255, 255, 255,
    255, 255, 255, 255, 255, 255, 255, 255, 255, 255, 255, 255, 255, 0, 0, 0, 0, 0, 0, 0,
    0, 0, 0, 0, 0, 0, 0, 0, 0, 0, 0, 0, 0, 0, 0, 0, 0, 0, 0, 0,
    0, 0, 0, 0, 0, 0, 0, 0, 0, 0, 0, 0, 0, 0, 0, 0, 0, 0, 0, 0,
    0, 0, 0, 0, 16, 0, 0, 0, 0, 0, 0, 0, 0, 0, 0, 0, 0, 0, 0, 0,
    0, 0, 0, 0, 0, 0, 0, 0, 0, 0, 0, 0, 0, 0, 0, 0, 0, 0, 0, 0,
    0, 0, 0, 0, 0, 0, 0, 0, 0, 0, 0, 0, 0, 0, 0, 0, 255, 255, 255, 255,
    255, 255, 255, 255, 255, 255, 255, 255, 255, 255, 255, 255, 255, 255, 255, 255, 255, 255, 255, 255,
    255, 0, 0, 0, 0, 0, 0, 0, 0, 0, 0, 0, 0, 0, 0, 0, 0, 0, 0, 0,
    0, 0, 0, 0, 0, 0, 0, 0, 0, 0, 0, 0, 0, 0, 0, 0, 0, 0, 0, 0,
    0, 0, 0, 0, 0, 0, 0, 0, 0, 0, 0, 0, 16, 0, 0, 0, 0, 0, 0, 0,
    0, 0, 0, 0, 0, 0, 0, 0, 0, 0, 0, 0, 0, 0, 0, 0, 0, 0, 0, 0,
    0, 0, 0, 0, 0, 0, 0, 0, 0, 0, 0, 0, 0, 0, 0, 0, 0, 0, 0, 0,
    0, 0, 0, 0, 255, 255, 255, 255, 255, 255, 255, 255, 255, 255, 255, 255, 255, 255, 255, 255,
    255, 255, 255, 255, 255, 255, 255, 255, 0, 0, 0, 0, 0, 0, 0, 0, 0, 0, 0, 0,
    0, 0, 0, 0, 0, 0, 0, 0, 0, 0, 0, 0, 0, 0, 0, 0, 0, 0, 0, 0,
    0, 0, 0, 0, 0, 0, 0, 0, 0, 0, 0, 0, 0, 0, 0, 0, 0, 0, 0, 0,
    16, 0, 0, 0, 0, 0, 0, 0, 0, 0, 0, 0, 0, 0, 0, 0, 0, 0, 0, 0,
    0, 0, 0, 0, 0, 0, 0, 0, 0, 0, 0, 0, 0, 0, 0, 0, 0, 0, 0, 0,
    0, 0, 0, 0, 0, 0, 0, 0, 0, 0, 0, 255, 255, 255, 255, 255, 255, 255, 255, 255,
    255, 255, 255, 255, 255, 255, 255, 255, 255, 255, 255, 255, 255, 255, 255, 255, 0, 0, 0, 0,
    0, 0, 0, 0, 0, 0, 0, 0, 0, 0, 0, 0, 0, 0, 0, 0, 0, 0, 0, 0,
    0, 0, 0, 0, 0, 0, 0, 0, 0, 0, 0, 0, 0, 0, 0, 0, 0, 0, 0, 0,
    0, 0, 0, 0, 0, 0, 0, 0, 16, 0, 0, 0, 0, 0, 0, 0, 0, 0, 0, 0,
    0, 0, 0, 0, 0, 0, 0, 0, 0, 0, 0, 0, 0, 0, 0, 0, 0, 0, 0, 0,
    0, 0, 0, 0, 0, 0, 0, 0, 0, 0, 0, 0, 0, 0, 0, 0, 0, 0, 255, 255,
    255, 255, 255, 255, 255, 255, 255, 255, 255, 255, 255, 255, 255, 255, 255, 255, 255, 255, 255, 255,
    255, 255, 255, 255, 255, 255, 0, 0, 0, 0, 0, 0, 0, 0, 0, 0, 0, 0, 0, 0,
    0, 0, 0, 0, 0, 0, 0, 0, 0, 0, 0, 0, 0, 0, 0, 0, 0, 0, 0, 0,
    0, 0, 0, 0, 0, 0, 0, 0, 0, 0, 0, 0, 0, 0, 0, 0, 16, 0, 0, 0,
    0, 0, 0, 0, 0, 0, 0, 0, 0, 0, 0, 0, 0, 0, 0, 0, 0, 0, 0, 0,
    0, 0, 0, 0, 0, 0, 0, 0, 0, 0, 0, 0, 0, 0, 0, 0, 0, 0, 0, 0,
    0, 0, 0, 0, 0, 0, 255, 255, 255, 255, 255, 255, 255, 255, 255, 255, 255, 255, 255, 255,
    255, 255, 255, 255, 255, 255, 255, 255, 255, 255, 255, 255, 255, 255, 0, 0, 0, 0, 0, 0,
    0, 0, 0, 0, 0, 0, 0, 0, 0, 0, 0, 0, 0, 0, 0, 0, 0, 0, 0, 0,
    0, 0, 0, 0, 0, 0, 0, 0, 0, 0, 0, 0, 0, 0, 0, 0, 0, 0, 0, 0,
    0, 0, 0, 0, 16, 0, 0, 0, 0, 0, 0, 0, 0, 0, 0, 0, 0, 0, 0, 0,
    0, 0, 0, 0, 0, 0, 0, 0, 0, 0, 0, 0, 0, 0, 0, 0, 0, 0, 0, 0,
    0, 0, 0, 0, 0, 0, 0, 0, 0, 0, 0, 0, 0, 255, 255, 255, 255, 255, 255, 255,
    255, 255, 255, 255, 255, 255, 255, 255, 255, 255, 255, 255, 255, 255, 255, 255, 255, 255, 255, 255,
    255, 255, 0, 0, 0, 0, 0, 0, 0, 0, 0, 0, 0, 0, 0, 0, 0, 0, 0, 0,
    0, 0, 0, 0, 0, 0, 0, 0, 0, 0, 0, 0, 0, 0, 0, 0, 0, 0, 0, 0,
    0, 0, 0, 0, 0, 0, 0, 0, 0, 0, 0, 0, 16, 0, 0, 0, 0, 0, 0, 0,
    0, 0, 0, 0, 0, 0, 0, 0, 0, 0, 0, 0, 0, 0, 0, 0, 0, 0, 0, 0,
    0, 0, 0, 0, 0, 0, 0, 0, 0, 0, 0, 0, 0, 0, 0, 0, 0, 0, 0, 0,
    255, 255, 255, 255, 255, 255, 255, 255, 255, 255, 255, 255, 255, 255, 255, 255, 255, 255, 255, 255,
    255, 255, 255, 255, 255, 255, 255, 255, 255, 255, 0, 0, 0, 0, 0, 0, 0, 0, 0, 0,
    0, 0, 0, 0, 0, 0, 0, 0, 0, 0, 0, 0, 0, 0, 0, 0, 0, 0, 0, 0,
    0, 0, 0, 0, 0, 0, 0, 0, 0, 0, 0, 0, 0, 0, 0, 0, 0, 0, 0, 0,
    16, 0, 0, 0, 0, 0, 0, 0, 0, 0, 0, 0, 0, 0, 0, 0, 0, 0, 0, 0,
    0, 0, 0, 0, 0, 0, 0, 0, 0, 0, 0, 0, 0, 0, 0, 0, 0, 0, 0, 0,
    0, 0, 0, 0, 0, 0, 0, 255, 255, 255, 255, 255, 255, 255, 255, 255, 255, 255, 255, 255,
    255, 255, 255, 255, 255, 255, 255, 255, 255, 255, 255, 255, 255, 255, 255, 255, 255, 255, 0, 0,
    0, 0, 0, 0, 0, 0, 0, 0, 0, 0, 0, 0, 0, 0, 0, 0, 0, 0, 0, 0,
    0, 0, 0, 0, 0, 0, 0, 0, 0, 0, 0, 0, 0, 0, 0, 0, 0, 0, 0, 0,
    0, 0, 0, 0, 0, 0, 0, 0, 16, 0, 0, 0, 0, 0, 0, 0, 0, 0, 0, 0,
    0, 0, 0, 0, 0, 0, 0, 0, 0, 0, 0, 0, 0, 0, 0, 0, 0, 0, 0, 0,
    0, 0, 0, 0, 0, 0, 0, 0, 0, 0, 0, 0, 0, 0, 255, 255, 255, 255, 255, 255,
    255, 255, 255, 255, 255, 255, 255, 255, 255, 255, 255, 255, 255, 255, 255, 255, 255, 255, 255, 255,
    255, 255, 255, 255, 255, 255, 0, 0, 0, 0, 0, 0, 0, 0, 0, 0, 0, 0, 0, 0,
    0, 0, 0, 0, 0, 0, 0, 0, 0, 0, 0, 0, 0, 0, 0, 0, 0, 0, 0, 0,
    0, 0, 0, 0, 0, 0, 0, 0, 0, 0, 0, 0, 0, 0, 0, 0, 16, 0, 0, 0,
    0, 0, 0, 0, 0, 0, 0, 0, 0, 0, 0, 0, 0, 0, 0, 0, 0, 0, 0, 0,
    0, 0, 0, 0, 0, 0, 0, 0, 0, 0, 0, 0, 0, 0, 0, 0, 0, 0, 0, 0,
    0, 255, 255, 255, 255, 255, 255, 255, 255, 255, 255, 255, 255, 255, 255, 255, 255, 255, 255, 255,
    255, 255, 255, 255, 255, 255, 255, 255, 255, 255, 255, 255, 255, 255, 255, 255, 0, 0, 0, 0,
    0, 0, 0, 0, 0, 0, 0, 0, 0, 0, 0, 0, 0, 0, 0, 0, 0, 0, 0, 0,
    0, 0, 0, 0, 0, 0, 0, 0, 0, 0, 0, 0, 0, 0, 0, 0, 0, 0, 0, 0,
    0, 0, 0, 0, 16, 0, 0, 0, 0, 0, 0, 0, 0, 0, 0, 0, 0, 0, 0, 0,
    0, 0, 0, 0, 0, 0, 0, 0, 0, 0, 0, 0, 0, 0, 0, 0, 0, 0, 0, 0,
    0, 0, 0, 0, 0, 0, 255, 255, 255, 255, 255, 255, 255, 255, 255, 255, 255, 255, 255, 255,
    255, 255, 255, 255, 255, 255, 255, 255, 255, 255, 255, 255, 255, 255, 255, 255, 255, 255, 255, 255,
    255, 255, 255, 255, 255, 0, 0, 0, 0, 0, 0, 0, 0, 0, 0, 0, 0, 0, 0, 0,
    0, 0, 0, 0, 0, 0, 0, 0, 0, 0, 0, 0, 0, 0, 0, 0, 0, 0, 0, 0,
    0, 0, 0, 0, 0, 0, 0, 0, 0, 0, 0, 0, 16, 0, 0, 0, 0, 0, 0, 0,
    0, 0, 0, 0, 0, 0, 0, 0, 0, 0, 0, 0, 0, 0, 0, 0, 0, 0, 0, 0,
    0, 0, 0, 0, 0, 0, 0, 0, 0, 0, 0, 0, 255, 255, 255, 255, 255, 255, 255, 255,
    255, 255, 255, 255, 255, 255, 255, 255, 255, 255, 255, 255, 255, 255, 255, 255, 255, 255, 255, 255,
    255, 255, 255, 255, 255, 255, 255, 255, 255, 255, 255, 255, 255, 255, 255, 255, 0, 0, 0, 0,
    0, 0, 0, 0, 0, 0, 0, 0, 0, 0, 0, 0, 0, 0, 0, 0, 0, 0, 0, 0,
    0, 0, 0, 0, 0, 0, 0, 0, 0, 0, 0, 0, 0, 0, 0, 0, 0, 0, 0, 0,
    16, 0, 0, 0, 0, 0, 0, 0, 0, 0, 0, 0, 0, 0, 0, 0, 0, 0, 0, 0,
    0, 0, 0, 0, 0, 0, 0, 0, 0, 0, 0, 0, 0, 0, 0, 0, 0, 0, 255, 255,
    255, 255, 255, 255, 255, 255, 255, 255, 255, 255, 255, 255, 255, 255, 255, 255, 255, 255, 255, 255,
    255, 255, 255, 255, 255, 255, 255, 255, 255, 255, 255, 255, 255, 255, 255, 255, 255, 255, 255, 255,
    255, 255, 255, 255, 255, 255, 255, 0, 0, 0, 0, 0, 0, 0, 0, 0, 0, 0, 0, 0,
    0, 0, 0, 0, 0, 0, 0, 0, 0, 0, 0, 0, 0, 0, 0, 0, 0, 0, 0, 0,
    0, 0, 0, 0, 0, 0, 0, 0, 16, 0, 0, 0, 0, 0, 0, 0, 0, 0, 0, 0,
    0, 0, 0, 0, 0, 0, 0, 0, 0, 0, 0, 0, 0, 0, 0, 0, 0, 0, 0, 0,
    0, 0, 0, 0, 255, 255, 255, 255, 255, 255, 255, 255, 255, 255, 255, 255, 255, 255, 255, 255,
    255, 255, 255, 255, 255, 255, 255, 255, 255, 255, 255, 255, 255, 255, 255, 255, 255, 255, 255, 255,
    255, 255, 255, 255, 255, 255, 255, 255, 255, 255, 255, 255, 255, 255, 255, 255, 255, 255, 0, 0,
    0, 0, 0, 0, 0, 0, 0, 0, 0, 0, 0, 0, 0, 0, 0, 0, 0, 0, 0, 0,
    0, 0, 0, 0, 0, 0, 0, 0, 0, 0, 0, 0, 0, 0, 0, 0, 16, 0, 0, 0,
    0, 0, 0, 0, 0, 0, 0, 0, 0, 0, 0, 0, 0, 0, 0, 0, 0, 0, 0, 0,
    0, 0, 0, 0, 0, 0, 0, 0, 0, 0, 255, 255, 255, 255, 255, 255, 255, 255, 255, 255,
    255, 255, 255, 255, 255, 255, 255, 255, 255, 255, 255, 255, 255, 255, 255, 255, 255, 255, 255, 255,
    255, 255, 255, 255, 255, 255, 255, 255, 255, 255, 255, 255, 255, 255, 255, 255, 255, 255, 255, 255,
    255, 255, 255, 255, 255, 255, 255, 255, 255, 0, 0, 0, 0, 0, 0, 0, 0, 0, 0, 0,
    0, 0, 0, 0, 0, 0, 0, 0, 0, 0, 0, 0, 0, 0, 0, 0, 0, 0, 0, 0,
    0, 0, 0, 0, 16, 0, 0, 0, 0, 0, 0, 0, 0, 0, 0, 0, 0, 0, 0, 0,
    0, 0, 0, 0, 0, 0, 0, 0, 0, 0, 0, 0, 0, 0, 0, 0, 255, 255, 255, 255,
    255, 255, 255, 255, 255, 255, 255, 255, 255, 255, 255, 255, 255, 255, 255, 255, 255, 255, 255, 255,
    255, 255, 255, 255, 255, 255, 255, 255, 255, 255, 255, 255, 255, 255, 255, 255, 255, 255, 255, 255,
    255, 255, 255, 255, 255, 255, 255, 255, 255, 255, 255, 255, 255, 255, 255, 255, 255, 255, 255, 255,
    0, 0, 0, 0, 0, 0, 0, 0, 0, 0, 0, 0, 0, 0, 0, 0, 0, 0, 0, 0,
    0, 0, 0, 0, 0, 0, 0, 0, 0, 0, 0, 0, 16, 0, 0, 0, 0, 0, 0, 0,
    0, 0, 0, 0, 0, 0, 0, 0, 0, 0, 0, 0, 0, 0, 0, 0, 0, 0, 0, 0,
    0, 0, 255, 255, 255, 255, 255, 255, 255, 255, 255, 255, 255, 255, 255, 255, 255, 255, 255, 255,
    255, 255, 255, 255, 255, 255, 255, 255, 255, 255, 255, 255, 255, 255, 255, 255, 255, 255, 255, 255,
    255, 255, 255, 255, 255, 255, 255, 255, 255, 255, 255, 255, 255, 255, 255, 255, 255, 255, 255, 255,
    255, 255, 255, 255, 255, 255, 255, 255, 255, 255, 0, 0, 0, 0, 0, 0, 0, 0, 0, 0,
    0, 0, 0, 0, 0, 0, 0, 0, 0, 0, 0, 0, 0, 0, 0, 0, 0, 0, 0, 0,
    16, 0, 0, 0, 0, 0, 0, 0, 0, 0, 0, 0, 0, 0, 0, 0, 0, 0, 0, 0,
    0, 0, 0, 0, 0, 0, 0, 255, 255, 255, 255, 255, 255, 255, 255, 255, 255, 255, 255, 255,
    255, 255, 255, 255, 255, 255, 255, 255, 255, 255, 255, 255, 255, 255, 255, 255, 255, 255, 255, 255,
    255, 255, 255, 255, 255, 255, 255, 255, 255, 255, 255, 255, 255, 255, 255, 255, 255, 255, 255, 255,
    255, 255, 255, 255, 255, 255, 255, 255, 255, 255, 255, 255, 255, 255, 255, 255, 255, 255, 255, 255,
    255, 0, 0, 0, 0, 0, 0, 0, 0, 0, 0, 0, 0, 0, 0, 0, 0, 0, 0, 0,
    0, 0, 0, 0, 0, 0, 0, 0, 16, 0, 0, 0, 0, 0, 0, 0, 0, 0, 0, 0,
    0, 0, 0, 0, 0, 0, 0, 0, 0, 0, 0, 0, 0, 0, 255, 255, 255, 255, 255, 255,
    255, 255, 255, 255, 255, 255, 255, 255, 255, 255, 255, 255, 255, 255, 255, 255, 255, 255, 255, 255,
    255, 255, 255, 255, 255, 255, 255, 255, 255, 255, 255, 255, 255, 255, 255, 255, 255, 255, 255, 255,
    255, 255, 255, 255, 255, 255, 255, 255, 255, 255, 255, 255, 255, 255, 255, 255, 255, 255, 255, 255,
    255, 255, 255, 255, 255, 255, 255, 255, 255, 255, 255, 0, 0, 0, 0, 0, 0, 0, 0, 0,
    0, 0, 0, 0, 0, 0, 0, 0, 0, 0, 0, 0, 0, 0, 0, 0, 16, 0, 0, 0,
    0, 0, 0, 0, 0, 0, 0, 0, 0, 0, 0, 0, 0, 0, 0, 0, 0, 0, 0, 0,
    255, 255, 255, 255, 255, 255, 255, 255, 255, 255, 255, 255, 255, 255, 255, 255, 255, 255, 255, 255,
    255, 255, 255, 255, 255, 255, 255, 255, 255, 255, 255, 255, 255, 255, 255, 255, 255, 255, 255, 255,
    255, 255, 255, 255, 255, 255, 255, 255, 255, 255, 255, 255, 255, 255, 255, 255, 255, 255, 255, 255,
    255, 255, 255, 255, 255, 255, 255, 255, 255, 255, 255, 255, 255, 255, 255, 255, 255, 255, 255, 255,
    0, 0, 0, 0, 0, 0, 0, 0, 0, 0, 0, 0, 0, 0, 0, 0, 0, 0, 0, 0,
    0, 0, 0, 0, 16, 0, 0, 0, 0, 0, 0, 0, 0, 0, 0, 0, 0, 0, 0, 0,
    0, 0, 0, 0, 0, 0, 255, 255, 255, 255, 255, 255, 255, 255, 255, 255, 255, 255, 255, 255,
    255, 255, 255, 255, 255, 255, 255, 255, 255, 255, 255, 255, 255, 255, 255, 255, 255, 255, 255, 255,
    255, 255, 255, 255, 255, 255, 255, 255, 255, 255, 255, 255, 255, 255, 255, 255, 255, 255, 255, 255,
    255, 255, 255, 255, 255, 255, 255, 255, 255, 255, 255, 255, 255, 255, 255, 255, 255, 255, 255, 255,
    255, 255, 255, 255, 255, 255, 255, 255, 255, 0, 0, 0, 0, 0, 0, 0, 0, 0, 0, 0,
    0, 0, 0, 0, 0, 0, 0, 0, 0, 0, 0, 0, 16, 0, 0, 0, 0, 0, 0, 0,
    0, 0, 0, 0, 0, 0, 0, 0, 0, 0, 0, 0, 255, 255, 255, 255, 255, 255, 255, 255,
    255, 255, 255, 255, 255, 255, 255, 255, 255, 255, 255, 255, 255, 255, 255, 255, 255, 255, 255, 255,
    255, 255, 255, 255, 255, 255, 255, 255, 255, 255, 255, 255, 255, 255, 255, 255, 255, 255, 255, 255,
    255, 255, 255, 255, 255, 255, 255, 255, 255, 255, 255, 255, 255, 255, 255, 255, 255, 255, 255, 255,
    255, 255, 255, 255, 255, 255, 255, 255, 255, 255, 255, 255, 255, 255, 255, 255, 255, 255, 0, 0,
    0, 0, 0, 0, 0, 0, 0, 0, 0, 0, 0, 0, 0, 0, 0, 0, 0, 0, 0, 0,
    16, 0, 0, 0, 0, 0, 0, 0, 0, 0, 0, 0, 0, 0, 0, 0, 0, 0, 255, 255,
    255, 255, 255, 255, 255, 255, 255, 255, 255, 255, 255, 255, 255, 255, 255, 255, 255, 255, 255, 255,
    255, 255, 255, 255, 255, 255, 255, 255, 255, 255, 255, 255, 255, 255, 255, 255, 255, 255, 255, 255,
    255, 255, 255, 255, 255, 255, 255, 255, 255, 255, 255, 255, 255, 255, 255, 255, 255, 255, 255, 255,
    255, 255, 255, 255, 255, 255, 255, 255, 255, 255, 255, 255, 255, 255, 255, 255, 255, 255, 255, 255,
    255, 255, 255, 255, 255, 255, 0, 0, 0, 0, 0, 0, 0, 0, 0, 0, 0, 0, 0, 0,
    0, 0, 0, 0, 0, 0, 0, 0, 16, 0, 0, 0, 0, 0, 0, 0, 0, 0, 0, 0,
    0, 0, 0, 0, 0, 255, 255, 255, 255, 255, 255, 255, 255, 255, 255, 255, 255, 255, 255, 255,
    255, 255, 255, 255, 255, 255, 255, 255, 255, 255, 255, 255, 255, 255, 255, 255, 255, 255, 255, 255,
    255, 255, 255, 255, 255, 255, 255, 255, 255, 255, 255, 255, 255, 255, 255, 255, 255, 255, 255, 255,
    255, 255, 255, 255, 255, 255, 255, 255, 255, 255, 255, 255, 255, 255, 255, 255, 255, 255, 255, 255,
    255, 255, 255, 255, 255, 255, 255, 255, 255, 255, 255, 255, 255, 255, 255, 0, 0, 0, 0, 0,
    0, 0, 0, 0, 0, 0, 0, 0, 0, 0, 0, 0, 0, 0, 0, 0, 16, 0, 0, 0,
    0, 0, 0, 0, 0, 0, 0, 0, 0, 0, 0, 0, 255, 255, 255, 255, 255, 255, 255, 255,
    255, 255, 255, 255, 255, 255, 255, 255, 255, 255, 255, 255, 255, 255, 255, 255, 255, 255, 255, 255,
    255, 255, 255, 255, 255, 255, 255, 255, 255, 255, 255, 255, 255, 255, 255, 255, 255, 255, 255, 255,
    255, 255, 255, 255, 255, 255, 255, 255, 255, 255, 255, 255, 255, 255, 255, 255, 255, 255, 255, 255,
    255, 255, 255, 255, 255, 255, 255, 255, 255, 255, 255, 255, 255, 255, 255, 255, 255, 255, 255, 255,
    255, 255, 255, 0, 0, 0, 0, 0, 0, 0, 0, 0, 0, 0, 0, 0, 0, 0, 0, 0,
    0, 0, 0, 0, 16, 0, 0, 0, 0, 0, 0, 0, 0, 0, 0, 0, 0, 0, 0, 255,
    255, 255, 255, 255, 255, 255, 255, 255, 255, 255, 255, 255, 255, 255, 255, 255, 255, 255, 255, 255,
    255, 255, 255, 255, 255, 255, 255, 255, 255, 255, 255, 255, 255, 255, 255, 255, 255, 255, 255, 255,
    255, 255, 255, 255, 255, 255, 255, 255, 255, 255, 255, 255, 255, 255, 255, 255, 255, 255, 255, 255,
    255, 255, 255, 255, 255, 255, 255, 255, 255, 255, 255, 255, 255, 255, 255, 255, 255, 255, 255, 255,
    255, 255, 255, 255, 255, 255, 255, 255, 255, 255, 255, 0, 0, 0, 0, 0, 0, 0, 0, 0,
    0, 0, 0, 0, 0, 0, 0, 0, 0, 0, 0, 0, 16, 0, 0, 0, 0, 0, 0, 0,
    0, 0, 0, 0, 0, 0, 0, 255, 255, 255, 255, 255, 255, 255, 255, 255, 255, 255, 255, 255,
    255, 255, 255, 255, 255, 255, 255, 255, 255, 255, 255, 255, 255, 255, 255, 255, 255, 255, 255, 255,
    255, 255, 255, 255, 255, 255, 255, 255, 255, 255, 255, 255, 255, 255, 255, 255, 255, 255, 255, 255,
    255, 255, 255, 255, 255, 255, 255, 255, 255, 255, 255, 255, 255, 255, 255, 255, 255, 255, 255, 255,
    255, 255, 255, 255, 255, 255, 255, 255, 255, 255, 255, 255, 255, 255, 255, 255, 255, 255, 255, 0,
    0, 0, 0, 0, 0, 0, 0, 0, 0, 0, 0, 0, 0, 0, 0, 0, 0, 0, 0, 0,
    16, 0, 0, 0, 0, 0, 0, 0, 0, 0, 0, 0, 0, 0, 255, 255, 255, 255, 255, 255,
    255, 255, 255, 255, 255, 255, 255, 255, 255, 255, 255, 255, 255, 255, 255, 255, 255, 255, 255, 255,
    255, 255, 255, 255, 255, 255, 255, 255, 255, 255, 255, 255, 255, 255, 255, 255, 255, 255, 255, 255,
    255, 255, 255, 255, 255, 255, 255, 255, 255, 255, 255, 255, 255, 255, 255, 255, 255, 255, 255, 255,
    255, 255, 255, 255, 255, 255, 255, 255, 255, 255, 255, 255, 255, 255, 255, 255, 255, 255, 255, 255,
    255, 255, 255, 255, 255, 255, 255, 0, 0, 0, 0, 0, 0, 0, 0, 0, 0, 0, 0, 0,
    0, 0, 0, 0, 0, 0, 0, 0, 16, 0, 0, 0, 0, 0, 0, 0, 0, 0, 0, 0,
    0, 0, 255, 255, 255, 255, 255, 255, 255, 255, 255, 255, 255, 255, 255, 255, 255, 255, 255, 255,
    255, 255, 255, 255, 255, 255, 255, 255, 255, 255, 255, 255, 255, 255, 255, 255, 255, 255, 255, 255,
    255, 255, 255, 255, 255, 255, 255, 255, 255, 255, 255, 255, 255, 255, 255, 255, 255, 255, 255, 255,
    255, 255, 255, 255, 255, 255, 255, 255, 255, 255, 255, 255, 255, 255, 255, 255, 255, 255, 255, 255,
    255, 255, 255, 255, 255, 255, 255, 255, 255, 255, 255, 255, 255, 255, 255, 0, 0, 0, 0, 0,
    0, 0, 0, 0, 0, 0, 0, 0, 0, 0, 0, 0, 0, 0, 0, 0, 16, 0, 0, 0,
    0, 0, 0, 0, 0, 0, 0, 0, 0, 0, 255, 255, 255, 255, 255, 255, 255, 255, 255, 255,
    255, 255, 255, 255, 255, 255, 255, 255, 255, 255, 255, 255, 255, 255, 255, 255, 255, 255, 255, 255,
    255, 255, 255, 255, 255, 255, 255, 255, 255, 255, 255, 255, 255, 255, 255, 255, 255, 255, 255, 255,
    255, 255, 255, 255, 255, 255, 255, 255, 255, 255, 255, 255, 255, 255, 255, 255, 255, 255, 255, 255,
    255, 255, 255, 255, 255, 255, 255, 255, 255, 255, 255, 255, 255, 255, 255, 255, 255, 255, 255, 255,
    255, 255, 255, 255, 0, 0, 0, 0, 0, 0, 0, 0, 0, 0, 0, 0, 0, 0, 0, 0,
    0, 0, 0, 0, 16, 0, 0, 0, 0, 0, 0, 0, 0, 0, 0, 0, 0, 0, 255, 255,
    255, 255, 255, 255, 255, 255, 255, 255, 255, 255, 255, 255, 255, 255, 255, 255, 255, 255, 255, 255,
    255, 255, 255, 255, 255, 255, 255, 255, 255, 255, 255, 255, 255, 255, 255, 255, 255, 255, 255, 255,
    255, 255, 255, 255, 255, 255, 255, 255, 255, 255, 255, 255, 255, 255, 255, 255, 255, 255, 255, 255,
    255, 255, 255, 255, 255, 255, 255, 255, 255, 255, 255, 255, 255, 255, 255, 255, 255, 255, 255, 255,
    255, 255, 255, 255, 255, 255, 255, 255, 255, 255, 255, 255, 0, 0, 0, 0, 0, 0, 0, 0,
    0, 0, 0, 0, 0, 0, 0, 0, 0, 0, 0, 0, 16, 0, 0, 0, 0, 0, 0, 0,
    0, 0, 0, 0, 0, 0, 255, 255, 255, 255, 255, 255, 255, 255, 255, 255, 255, 255, 255, 255,
    255, 255, 255, 255, 255, 255, 255, 255, 255, 255, 255, 255, 255, 255, 255, 255, 255, 255, 255, 255,
    255, 255, 255, 255, 255, 255, 255, 255, 255, 255, 255, 255, 255, 255, 255, 255, 255, 255, 255, 255,
    255, 255, 255, 255, 255, 255, 255, 255, 255, 255, 255, 255, 255, 255, 255, 255, 255, 255, 255, 255,
    255, 255, 255, 255, 255, 255, 255, 255, 255, 255, 255, 255, 255, 255, 255, 255, 255, 255, 255, 255,
    0, 0, 0, 0, 0, 0, 0, 0, 0, 0, 0, 0, 0, 0, 0, 0, 0, 0, 0, 0,
    16, 0, 0, 0, 0, 0, 0, 0, 0, 0, 0, 0, 0, 0, 255, 255, 255, 255, 255, 255,
    255, 255, 255, 255, 255, 255, 255, 255, 255, 255, 255, 255, 255, 255, 255, 255, 255, 255, 255, 255,
    255, 255, 255, 255, 255, 255, 255, 255, 255, 255, 255, 255, 255, 255, 255, 255, 255, 255, 255, 255,
    255, 255, 255, 255, 255, 255, 255, 255, 255, 255, 255, 255, 255, 255, 255, 255, 255, 255, 255, 255,
    255, 255, 255, 255, 255, 255, 255, 255, 255, 255, 255, 255, 255, 255, 255, 255, 255, 255, 255, 255,
    255, 255, 255, 255, 255, 255, 255, 255, 0, 0, 0, 0, 0, 0, 0, 0, 0, 0, 0, 0,
    0, 0, 0, 0, 0, 0, 0, 0, 16, 0, 0, 0, 0, 0, 0, 0, 0, 0, 0, 0,
    0, 0, 255, 255, 255, 255, 255, 255, 255, 255, 255, 255, 255, 255, 255, 255, 255, 255, 255, 255,
    255, 255, 255, 255, 255, 255, 255, 255, 255, 255, 255, 255, 255, 255, 255, 255, 255, 255, 255, 255,
    255, 255, 255, 255, 255, 255, 255, 255, 255, 255, 255, 255, 255, 255, 255, 255, 255, 255, 255, 255,
    255, 255, 255, 255, 255, 255, 255, 255, 255, 255, 255, 255, 255, 255, 255, 255, 255, 255, 255, 255,
    255, 255, 255, 255, 255, 255, 255, 255, 255, 255, 255, 255, 255, 255, 255, 255, 0, 0, 0, 0,
    0, 0, 0, 0, 0, 0, 0, 0, 0, 0, 0, 0, 0, 0, 0, 0, 16, 0, 0, 0,
    0, 0, 0, 0, 0, 0, 0, 0, 0, 0, 255, 255, 255, 255, 255, 255, 255, 255, 255, 255,
    255, 255, 255, 255, 255, 255, 255, 255, 255, 255, 255, 255, 255, 255, 255, 255, 255, 255, 255, 255,
    255, 255, 255, 255, 255, 255, 255, 255, 255, 255, 255, 255, 255, 255, 255, 255, 255, 255, 255, 255,
    255, 255, 255, 255, 255, 255, 255, 255, 255, 255, 255, 255, 255, 255, 255, 255, 255, 255, 255, 255,
    255, 255, 255, 255, 255, 255, 255, 255, 255, 255, 255, 255, 255, 255, 255, 255, 255, 255, 255, 255,
    255, 255, 255, 255, 0, 0, 0, 0, 0, 0, 0, 0, 0, 0, 0, 0, 0, 0, 0, 0,
    0, 0, 0, 0, 16, 0, 0, 0, 0, 0, 0, 0, 0, 0, 0, 0, 0, 0, 255, 255,
    255, 255, 255, 255, 255, 255, 255, 255, 255, 255, 255, 255, 255, 255, 255, 255, 255, 255, 255, 255,
    255, 255, 255, 255, 255, 255, 255, 255, 255, 255, 255, 255, 255, 255, 255, 255, 255, 255, 255, 255,
    255, 255, 255, 255, 255, 255, 255, 255, 255, 255, 255, 255, 255, 255, 255, 255, 255, 255, 255, 255,
    255, 255, 255, 255, 255, 255, 255, 255, 255, 255, 255, 255, 255, 255, 255, 255, 255, 255, 255, 255,
    255, 255, 255, 255, 255, 255, 255, 255, 255, 255, 255, 255, 0, 0, 0, 0, 0, 0, 0, 0,
    0, 0, 0, 0, 0, 0, 0, 0, 0, 0, 0, 0, 16, 0, 0, 0, 0, 0, 0, 0,
    0, 0, 0, 0, 0, 0, 255, 255, 255, 255, 255, 255, 255, 255, 255, 255, 255, 255, 255, 255,
    255, 255, 255, 255, 255, 255, 255, 255, 255, 255, 255, 255, 255, 255, 255, 255, 255, 255, 255, 255,
    255, 255, 255, 255, 255, 255, 255, 255, 255, 255, 255, 255, 255, 255, 255, 255, 255, 255, 255, 255,
    255, 255, 255, 255, 255, 255, 255, 255, 255, 255, 255, 255, 255, 255, 255, 255, 255, 255, 255, 255,
    255, 255, 255, 255, 255, 255, 255, 255, 255, 255, 255, 255, 255, 255, 255, 255, 255, 255, 255, 255,
    0, 0, 0, 0, 0, 0, 0, 0, 0, 0, 0, 0, 0, 0, 0, 0, 0, 0, 0, 0,
    16, 0, 0, 0, 0, 0, 0, 0, 0, 0, 0, 0, 0, 0, 255, 255, 255, 255, 255, 255,
    255, 255, 255, 255, 255, 255, 255, 255, 255, 255, 255, 255, 255, 255, 255, 255, 255, 255, 255, 255,
    255, 255, 255, 255, 255, 255, 255, 255, 255, 255, 255, 255, 255, 255, 255, 255, 255, 255, 255, 255,
    255, 255, 255, 255, 255, 255, 255, 255, 255, 255, 255, 255, 255, 255, 255, 255, 255, 255, 255, 255,
    255, 255, 255, 255, 255, 255, 255, 255, 255, 255, 255, 255, 255, 255, 255, 255, 255, 255, 255, 255,
    255, 255, 255, 255, 255, 255, 255, 255, 0, 0, 0, 0, 0, 0, 0, 0, 0, 0, 0, 0,
    0, 0, 0, 0, 0, 0, 0, 0, 16, 0, 0, 0, 0, 0, 0, 0, 0, 0, 0, 0,
    0, 0, 255, 255, 255, 255, 255, 255, 255, 255, 255, 255, 255, 255, 255, 255, 255, 255, 255, 255,
    255, 255, 255, 255, 255, 255, 255, 255, 255, 255, 255, 255, 255, 255, 255, 255, 255, 255, 255, 255,
    255, 255, 255, 255, 255, 255, 255, 255, 255, 255, 255, 255, 255, 255, 255, 255, 255, 255, 255, 255,
    255, 255, 255, 255, 255, 255, 255, 255, 255, 255, 255, 255, 255, 255, 255, 255, 255, 255, 255, 255,
    255, 255, 255, 255, 255, 255, 255, 255, 255, 255, 255, 255, 255, 255, 255, 255, 0, 0, 0, 0,
    0, 0, 0, 0, 0, 0, 0, 0, 0, 0, 0, 0, 0, 0, 0, 0, 16, 0, 0, 0,
    0, 0, 0, 0, 0, 0, 0, 0, 0, 0, 255, 255, 255, 255, 255, 255, 255, 255, 255, 255,
    255, 255, 255, 255, 255, 255, 255, 255, 255, 255, 255, 255, 255, 255, 255, 255, 255, 255, 255, 255,
    255, 255, 255, 255, 255, 255, 255, 255, 255, 255, 255, 255, 255, 255, 255, 255, 255, 255, 255, 255,
    255, 255, 255, 255, 255, 255, 255, 255, 255, 255, 255, 255, 255, 255, 255, 255, 255, 255, 255, 255,
    255, 255, 255, 255, 255, 255, 255, 255, 255, 255, 255, 255, 255, 255, 255, 255, 255, 255, 255, 255,
    255, 255, 255, 255, 0, 0, 0, 0, 0, 0, 0, 0, 0, 0, 0, 0, 0, 0, 0, 0,
    0, 0, 0, 0, 16, 0, 0, 0, 0, 0, 0, 0, 0, 0, 0, 0, 0, 0, 255, 255,
    255, 255, 255, 255, 255, 255, 255, 255, 255, 255, 255, 255, 255, 255, 255, 255, 255, 255, 255, 255,
    255, 255, 255, 255, 255, 255, 255, 255, 255, 255, 255, 255, 255, 255, 255, 255, 255, 255, 255, 255,
    255, 255, 255, 255, 255, 255, 255, 255, 255, 255, 255, 255, 255, 255, 255, 255, 255, 255, 255, 255,
    255, 255, 255, 255, 255, 255, 255, 255, 255, 255, 255, 255, 255, 255, 255, 255, 255, 255, 255, 255,
    255, 255, 255, 255, 255, 255, 255, 255, 255, 255, 255, 255, 0, 0, 0, 0, 0, 0, 0, 0,
    0, 0, 0, 0, 0, 0, 0, 0, 0, 0, 0, 0, 16, 0, 0, 0, 0, 0, 0, 0,
    0, 0, 0, 0, 0, 0, 255, 255, 255, 255, 255, 255, 255, 255, 255, 255, 255, 255, 255, 255,
    255, 255, 255, 255, 255, 255, 255, 255, 255, 255, 255, 255, 255, 255, 255, 255, 255, 255, 255, 255,
    255, 255, 255, 255, 255, 255, 255, 255, 255, 255, 255, 255, 255, 255, 255, 255, 255, 255, 255, 255,
    255, 255, 255, 255, 255, 255, 255, 255, 255, 255, 255, 255, 255, 255, 255, 255, 255, 255, 255, 255,
    255, 255, 255, 255, 255, 255, 255, 255, 255, 255, 255, 255, 255, 255, 255, 255, 255, 255, 255, 255,
    0, 0, 0, 0, 0, 0, 0, 0, 0, 0, 0, 0, 0, 0, 0, 0, 0, 0, 0, 0,
    16, 0, 0, 0, 0, 0, 0, 0, 0, 0, 0, 0, 0, 0, 0, 255, 255, 255, 255, 255,
    255, 255, 255, 255, 255, 255, 255, 255, 255, 255, 255, 255, 255, 255, 255, 255, 255, 255, 255, 255,
    255, 255, 255, 255, 255, 255, 255, 255, 255, 255, 255, 255, 255, 255, 255, 255, 255, 255, 255, 255,
    255, 255, 255, 255, 255, 255, 255, 255, 255, 255, 255, 255, 255, 255, 255, 255, 255, 255, 255, 255,
    255, 255, 255, 255, 255, 255, 255, 255, 255, 255, 255, 255, 255, 255, 255, 255, 255, 255, 255, 255,
    255, 255, 255, 255, 255, 255, 255, 255, 0, 0, 0, 0, 0, 0, 0, 0, 0, 0, 0, 0,
    0, 0, 0, 0, 0, 0, 0, 0, 16, 0, 0, 0, 0, 0, 0, 0, 0, 0, 0, 0,
    0, 0, 0, 255, 255, 255, 255, 255, 255, 255, 255, 255, 255, 255, 255, 255, 255, 255, 255, 255,
    255, 255, 255, 255, 255, 255, 255, 255, 255, 255, 255, 255, 255, 255, 255, 255, 255, 255, 255, 255,
    255, 255, 255, 255, 255, 255, 255, 255, 255, 255, 255, 255, 255, 255, 255, 255, 255, 255, 255, 255,
    255, 255, 255, 255, 255, 255, 255, 255, 255, 255, 255, 255, 255, 255, 255, 255, 255, 255, 255, 255,
    255, 255, 255, 255, 255, 255, 255, 255, 255, 255, 255, 255, 255, 255, 255, 255, 0, 0, 0, 0,
    0, 0, 0, 0, 0, 0, 0, 0, 0, 0, 0, 0, 0, 0, 0, 0, 16, 0, 0, 0,
    0, 0, 0, 0, 0, 0, 0, 0, 0, 0, 0, 255, 255, 255, 255, 255, 255, 255, 255, 255,
    255, 255, 255, 255, 255, 255, 255, 255, 255, 255, 255, 255, 255, 255, 255, 255, 255, 255, 255, 255,
    255, 255, 255, 255, 255, 255, 255, 255, 255, 255, 255, 255, 255, 255, 255, 255, 255, 255, 255, 255,
    255, 255, 255, 255, 255, 255, 255, 255, 255, 255, 255, 255, 255, 255, 255, 255, 255, 255, 255, 255,
    255, 255, 255, 255, 255, 255, 255, 255, 255, 255, 255, 255, 255, 255, 255, 255, 255, 255, 255, 255,
    255, 255, 255, 255, 0, 0, 0, 0, 0, 0, 0, 0, 0, 0, 0, 0, 0, 0, 0, 0,
    0, 0, 0, 0, 16, 0, 0, 0, 0, 0, 0, 0, 0, 0, 0, 0, 0, 0, 0, 255,
    255, 255, 255, 255, 255, 255, 255, 255, 255, 255, 255, 255, 255, 255, 255, 255, 255, 255, 255, 255,
    255, 255, 255, 255, 255, 255, 255, 255, 255, 255, 255, 255, 255, 255, 255, 255, 255, 255, 255, 255,
    255, 255, 255, 255, 255, 255, 255, 255, 255, 255, 255, 255, 255, 255, 255, 255, 255, 255, 255, 255,
    255, 255, 255, 255, 255, 255, 255, 255, 255, 255, 255, 255, 255, 255, 255, 255, 255, 255, 255, 255,
    255, 255, 255, 255, 255, 255, 255, 255, 255, 255, 255, 255, 0, 0, 0, 0, 0, 0, 0, 0,
    0, 0, 0, 0, 0, 0, 0, 0, 0, 0, 0, 0, 16, 0, 0, 0, 0, 0, 0, 0,
    0, 0, 0, 0, 0, 0, 0, 255, 255, 255, 255, 255, 255, 255, 255, 255, 255, 255, 255, 255,
    255, 255, 255, 255, 255, 255, 255, 255, 255, 255, 255, 255, 255, 255, 255, 255, 255, 255, 255, 255,
    255, 255, 255, 255, 255, 255, 255, 255, 255, 255, 255, 255, 255, 255, 255, 255, 255, 255, 255, 255,
    255, 255, 255, 255, 255, 255, 255, 255, 255, 255, 255, 255, 255, 255, 255, 255, 255, 255, 255, 255,
    255, 255, 255, 255, 255, 255, 255, 255, 255, 255, 255, 255, 255, 255, 255, 255, 255, 255, 255, 255,
    0, 0, 0, 0, 0, 0, 0, 0, 0, 0, 0, 0, 0, 0, 0, 0, 0, 0, 0, 0,
    16, 0, 0, 0, 0, 0, 0, 0, 0, 0, 0, 0, 0, 0, 255, 255, 255, 255, 255, 255,
    255, 255, 255, 255, 255, 255, 255, 255, 255, 255, 255, 255, 255, 255, 255, 255, 255, 255, 255, 255,
    255, 255, 255, 255, 255, 255, 255, 255, 255, 255, 255, 255, 255, 255, 255, 255, 255, 255, 255, 255,
    255, 255, 255, 255, 255, 255, 255, 255, 255, 255, 255, 255, 255, 255, 255, 255, 255, 255, 255, 255,
    255, 255, 255, 255, 255, 255, 255, 255, 255, 255, 255, 255, 255, 255, 255, 255, 255, 255, 255, 255,
    255, 255, 255, 255, 255, 255, 255, 255, 0, 0, 0, 0, 0, 0, 0, 0, 0, 0, 0, 0,
    0, 0, 0, 0, 0, 0, 0, 0, 16, 0, 0, 0, 0, 0, 0, 0, 0, 0, 0, 0,
    0, 0, 255, 255, 255, 255, 255, 255, 255, 255, 255, 255, 255, 255, 255, 255, 255, 255, 255, 255,
    255, 255, 255, 255, 255, 255, 255, 255, 255, 255, 255, 255, 255, 255, 255, 255, 255, 255, 255, 255,
    255, 255, 255, 255, 255, 255, 255, 255, 255, 255, 255, 255, 255, 255, 255, 255, 255, 255, 255, 255,
    255, 255, 255, 255, 255, 255, 255, 255, 255, 255, 255, 255, 255, 255, 255, 255, 255, 255, 255, 255,
    255, 255, 255, 255, 255, 255, 255, 255, 255, 255, 255, 255, 255, 255, 255, 255, 0, 0, 0, 0,
    0, 0, 0, 0, 0, 0, 0, 0, 0, 0, 0, 0, 0, 0, 0, 0, 16, 0, 0, 0,
    0, 0, 0, 0, 0, 0, 0, 0, 0, 0, 255, 255, 255, 255, 255, 255, 255, 255, 255, 255,
    255, 255, 255, 255, 255, 255, 255, 255, 255, 255, 255, 255, 255, 255, 255, 255, 255, 255, 255, 255,
    255, 255, 255, 255, 255, 255, 255, 255, 255, 255, 255, 255, 255, 255, 255, 255, 255, 255, 255, 255,
    255, 255, 255, 255, 255, 255, 255, 255, 255, 255, 255, 255, 255, 255, 255, 255, 255, 255, 255, 255,
    255, 255, 255, 255, 255, 255, 255, 255, 255, 255, 255, 255, 255, 255, 255, 255, 255, 255, 255, 255,
    255, 255, 255, 255, 0, 0, 0, 0, 0, 0, 0, 0, 0, 0, 0, 0, 0, 0, 0, 0,
    0, 0, 0, 0, 16, 0, 0, 0, 0, 0, 0, 0, 0, 0, 0, 0, 0, 255, 255, 255,
    255, 255, 255, 255, 255, 255, 255, 255, 255, 255, 255, 255, 255, 255, 255, 255, 255, 255, 255, 255,
    255, 255, 255, 255, 255, 255, 255, 255, 255, 255, 255, 255, 255, 255, 255, 255, 255, 255, 255, 255,
    255, 255, 255, 255, 255, 255, 255, 255, 255, 255, 255, 255, 255, 255, 255, 255, 255, 255, 255, 255,
    255, 255, 255, 255, 255, 255, 255, 255, 255, 255, 255, 255, 255, 255, 255, 255, 255, 255, 255, 255,
    255, 255, 255, 255, 255, 255, 255, 255, 255, 255, 255, 255, 0, 0, 0, 0, 0, 0, 0, 0,
    0, 0, 0, 0, 0, 0, 0, 0, 0, 0, 0, 0, 16, 0, 0, 0, 0, 0, 0, 0,
    0, 0, 0, 0, 0, 255, 255, 255, 255, 255, 255, 255, 255, 255, 255, 255, 255, 255, 255, 255,
    255, 255, 255, 255, 255, 255, 255, 255, 255, 255, 255, 255, 255, 255, 255, 255, 255, 255, 255, 255,
    255, 255, 255, 255, 255, 255, 255, 255, 255, 255, 255, 255, 255, 255, 255, 255, 255, 255, 255, 255,
    255, 255, 255, 255, 255, 255, 255, 255, 255, 255, 255, 255, 255, 255, 255, 255, 255, 255, 255, 255,
    255, 255, 255, 255, 255, 255, 255, 255, 255, 255, 255, 255, 255, 255, 255, 255, 255, 255, 255, 255,
    0, 0, 0, 0, 0, 0, 0, 0, 0, 0, 0, 0, 0, 0, 0, 0, 0, 0, 0, 0,
    16, 0, 0, 0, 0, 0, 0, 0, 0, 0, 0, 0, 0, 255, 255, 255, 255, 255, 255, 255,
    255, 255, 255, 255, 255, 255, 255, 255, 255, 255, 255, 255, 255, 255, 255, 255, 255, 255, 255, 255,
    255, 255, 255, 255, 255, 255, 255, 255, 255, 255, 255, 255, 255, 255, 255, 255, 255, 255, 255, 255,
    255, 255, 255, 255, 255, 255, 255, 255, 255, 255, 255, 255, 255, 255, 255, 255, 255, 255, 255, 255,
    255, 255, 255, 255, 255, 255, 255, 255, 255, 255, 255, 255, 255, 255, 255, 255, 255, 255, 255, 255,
    255, 255, 255, 255, 255, 255, 255, 255, 0, 0, 0, 0, 0, 0, 0, 0, 0, 0, 0, 0,
    0, 0, 0, 0, 0, 0, 0, 0, 16, 0, 0, 0, 0, 0, 0, 0, 0, 0, 0, 0,
    255, 255, 255, 255, 255, 255, 255, 255, 255, 255, 255, 255, 255, 255, 255, 255, 255, 255, 255, 255,
    255, 255, 255, 255, 255, 255, 255, 255, 255, 255, 255, 255, 255, 255, 255, 255, 255, 255, 255, 255,
    255, 255, 255, 255, 255, 255, 255, 255, 255, 255, 255, 255, 255, 255, 255, 255, 255, 255, 255, 255,
    255, 255, 255, 255, 255, 255, 255, 255, 255, 255, 255, 255, 255, 255, 255, 255, 255, 255, 255, 255,
    255, 255, 255, 255, 255, 255, 255, 255, 255, 255, 255, 255, 255, 255, 255, 255, 0, 0, 0, 0,
    0, 0, 0, 0, 0, 0, 0, 0, 0, 0, 0, 0, 0, 0, 0, 0, 16, 0, 0, 0,
    0, 0, 0, 0, 0, 0, 0, 0, 255, 255, 255, 255, 255, 255, 255, 255, 255, 255, 255, 255,
    255, 255, 255, 255, 255, 255, 255, 255, 255, 255, 255, 255, 255, 255, 255, 255, 255, 255, 255, 255,
    255, 255, 255, 255, 255, 255, 255, 255, 255, 255, 255, 255, 255, 255, 255, 255, 255, 255, 255, 255,
    255, 255, 255, 255, 255, 255, 255, 255, 255, 255, 255, 255, 255, 255, 255, 255, 255, 255, 255, 255,
    255, 255, 255, 255, 255, 255, 255, 255, 255, 255, 255, 255, 255, 255, 255, 255, 255, 255, 255, 255,
    255, 255, 255, 255, 0, 0, 0, 0, 0, 0, 0, 0, 0, 0, 0, 0, 0, 0, 0, 0,
    0, 0, 0, 0, 16, 0, 0, 0, 0, 0, 0, 0, 0, 0, 0, 255, 255, 255, 255, 255,
    255, 255, 255, 255, 255, 255, 255, 255, 255, 255, 255, 255, 255, 255, 255, 255, 255, 255, 255, 255,
    255, 255, 255, 255, 255, 255, 255, 255, 255, 255, 255, 255, 255, 255, 255, 255, 255, 255, 255, 255,
    255, 255, 255, 255, 255, 255, 255, 255, 255, 255, 255, 255, 255, 255, 255, 255, 255, 255, 255, 255,
    255, 255, 255, 255, 255, 255, 255, 255, 255, 255, 255, 255, 255, 255, 255, 255, 255, 255, 255, 255,
    255, 255, 255, 255, 255, 255, 255, 255, 255, 255, 255, 255, 0, 0, 0, 0, 0, 0, 0, 0,
    0, 0, 0, 0, 0, 0, 0, 0, 0, 0, 0, 0, 16, 0, 0, 0, 0, 0, 0, 0,
    0, 0, 0, 255, 255, 255, 255, 255, 255, 255, 255, 255, 255, 255, 255, 255, 255, 255, 255, 255,
    255, 255, 255, 255, 255, 255, 255, 255, 255, 255, 255, 255, 255, 255, 255, 255, 255, 255, 255, 255,
    255, 255, 255, 255, 255, 255, 255, 255, 255, 255, 255, 255, 255, 255, 255, 255, 255, 255, 255, 255,
    255, 255, 255, 255, 255, 255, 255, 255, 255, 255, 255, 255, 255, 255, 255, 255, 255, 255, 255, 255,
    255, 255, 255, 255, 255, 255, 255, 255, 255, 255, 255, 255, 255, 255, 255, 255, 255, 255, 255, 255,
    0, 0, 0, 0, 0, 0, 0, 0, 0, 0, 0, 0, 0, 0, 0, 0, 0, 0, 0, 0,
    16, 0, 0, 0, 0, 0, 0, 0, 0, 0, 0, 255, 255, 255, 255, 255, 255, 255, 255, 255,
    255, 255, 255, 255, 255, 255, 255, 255, 255, 255, 255, 255, 255, 255, 255, 255, 255, 255, 255, 255,
    255, 255, 255, 255, 255, 255, 255, 255, 255, 255, 255, 255, 255, 255, 255, 255, 255, 255, 255, 255,
    255, 255, 255, 255, 255, 255, 255, 255, 255, 255, 255, 255, 255, 255, 255, 255, 255, 255, 255, 255,
    255, 255, 255, 255, 255, 255, 255, 255, 255, 255, 255, 255, 255, 255, 255, 255, 255, 255, 255, 255,
    255, 255, 255, 255, 255, 255, 255, 255, 0, 0, 0, 0, 0, 0, 0, 0, 0, 0, 0, 0,
    0, 0, 0, 0, 0, 0, 0, 0, 16, 0, 0, 0, 0, 0, 0, 0, 0, 0, 255, 255,
    255, 255, 255, 255, 255, 255, 255, 255, 255, 255, 255, 255, 255, 255, 255, 255, 255, 255, 255, 255,
    255, 255, 255, 255, 255, 255, 255, 255, 255, 255, 255, 255, 255, 255, 255, 255, 255, 255, 255, 255,
    255, 255, 255, 255, 255, 255, 255, 255, 255, 255, 255, 255, 255, 255, 255, 255, 255, 255, 255, 255,
    255, 255, 255, 255, 255, 255, 255, 255, 255, 255, 255, 255, 255, 255, 255, 255, 255, 255, 255, 255,
    255, 255, 255, 255, 255, 255, 255, 255, 255, 255, 255, 255, 255, 255, 255, 255, 0, 0, 0, 0,
    0, 0, 0, 0, 0, 0, 0, 0, 0, 0, 0, 0, 0, 0, 0, 0, 16, 0, 0, 0,
    0, 0, 0, 0, 0, 0, 255, 255, 255, 255, 255, 255, 255, 255, 255, 255, 255, 255, 255, 255,
    255, 255, 255, 255, 255, 255, 255, 255, 255, 255, 255, 255, 255, 255, 255, 255, 255, 255, 255, 255,
    255, 255, 255, 255, 255, 255, 255, 255, 255, 255, 255, 255, 255, 255, 255, 255, 255, 255, 255, 255,
    255, 255, 255, 255, 255, 255, 255, 255, 255, 255, 255, 255, 255, 255, 255, 255, 255, 255, 255, 255,
    255, 255, 255, 255, 255, 255, 255, 255, 255, 255, 255, 255, 255, 255, 255, 255, 255, 255, 255, 255,
    255, 255, 255, 255, 0, 0, 0, 0, 0, 0, 0, 0, 0, 0, 0, 0, 0, 0, 0, 0,
    0, 0, 0, 0, 16, 0, 0, 0, 0, 0, 0, 0, 0, 0, 255, 255, 255, 255, 255, 255,
    255, 255, 255, 255, 255, 255, 255, 255, 255, 255, 255, 255, 255, 255, 255, 255, 255, 255, 255, 255,
    255, 255, 255, 255, 255, 255, 255, 255, 255, 255, 255, 255, 255, 255, 255, 255, 255, 255, 255, 255,
    255, 255, 255, 255, 255, 255, 255, 255, 255, 255, 255, 255, 255, 255, 255, 255, 255, 255, 255, 255,
    255, 255, 255, 255, 255, 255, 255, 255, 255, 255, 255, 255, 255, 255, 255, 255, 255, 255, 255, 255,
    255, 255, 255, 255, 255, 255, 255, 255, 255, 255, 255, 255, 0, 0, 0, 0, 0, 0, 0, 0,
    0, 0, 0, 0, 0, 0, 0, 0, 0, 0, 0, 0, 16, 0, 0, 0, 0, 0, 0, 0,
    0, 255, 255, 255, 255, 255, 255, 255, 255, 255, 255, 255, 255, 255, 255, 255, 255, 255, 255, 255,
    255, 255, 255, 255, 255, 255, 255, 255, 255, 255, 255, 255, 255, 255, 255, 255, 255, 255, 255, 255,
    255, 255, 255, 255, 255, 255, 255, 255, 255, 255, 255, 255, 255, 255, 255, 255, 255, 255, 255, 255,
    255, 255, 255, 255, 255, 255, 255, 255, 255, 255, 255, 255, 255, 255, 255, 255, 255, 255, 255, 255,
    255, 255, 255, 255, 255, 255, 255, 255, 255, 255, 255, 255, 255, 255, 255, 255, 255, 255, 255, 255,
    0, 0, 0, 0, 0, 0, 0, 0, 0, 0, 0, 0, 0, 0, 0, 0, 0, 0, 0, 0,
    16, 0, 0, 0, 0, 0, 0, 0, 0, 255, 255, 255, 255, 255, 255, 255, 255, 255, 255, 255,
    255, 255, 255, 255, 255, 255, 255, 255, 255, 255, 255, 255, 255, 255, 255, 255, 255, 255, 255, 255,
    255, 255, 255, 255, 255, 255, 255, 255, 255, 255, 255, 255, 255, 255, 255, 255, 255, 255, 255, 255,
    255, 255, 255, 255, 255, 255, 255, 255, 255, 255, 255, 255, 255, 255, 255, 255, 255, 255, 255, 255,
    255, 255, 255, 255, 255, 255, 255, 255, 255, 255, 255, 255, 255, 255, 255, 255, 255, 255, 255, 255,
    255, 255, 255, 255, 255, 255, 255, 255, 0, 0, 0, 0, 0, 0, 0, 0, 0, 0, 0, 0,
    0, 0, 0, 0, 0, 0, 0, 0, 16, 0, 0, 0, 0, 0, 0, 0, 255, 255, 255, 255,
    255, 255, 255, 255, 255, 255, 255, 255, 255, 255, 255, 255, 255, 255, 255, 255, 255, 255, 255, 255,
    255, 255, 255, 255, 255, 255, 255, 255, 255, 255, 255, 255, 255, 255, 255, 255, 255, 255, 255, 255,
    255, 255, 255, 255, 255, 255, 255, 255, 255, 255, 255, 255, 255, 255, 255, 255, 255, 255, 255, 255,
    255, 255, 255, 255, 255, 255, 255, 255, 255, 255, 255, 255, 255, 255, 255, 255, 255, 255, 255, 255,
    255, 255, 255, 255, 255, 255, 255, 255, 255, 255, 255, 255, 255, 255, 255, 255, 0, 0, 0, 0,
    0, 0, 0, 0, 0, 0, 0, 0, 0, 0, 0, 0, 0, 0, 0, 0, 16, 0, 0, 0,
    0, 0, 0, 0, 255, 255, 255, 255, 255, 255, 255, 255, 255, 255, 255, 255, 255, 255, 255, 255,
    255, 255, 255, 255, 255, 255, 255, 255, 255, 255, 255, 255, 255, 255, 255, 255, 255, 255, 255, 255,
    255, 255, 255, 255, 255, 255, 255, 255, 255, 255, 255, 255, 255, 255, 255, 255, 255, 255, 255, 255,
    255, 255, 255, 255, 255, 255, 255, 255, 255, 255, 255, 255, 255, 255, 255, 255, 255, 255, 255, 255,
    255, 255, 255, 255, 255, 255, 255, 255, 255, 255, 255, 255, 255, 255, 255, 255, 255, 255, 255, 255,
    255, 255, 255, 255, 0, 0, 0, 0, 0, 0, 0, 0, 0, 0, 0, 0, 0, 0, 0, 0,
    0, 0, 0, 0, 16, 0, 0, 0, 0, 0, 0, 0, 255, 255, 255, 255, 255, 255, 255, 255,
    255, 255, 255, 255, 255, 255, 255, 255, 255, 255, 255, 255, 255, 255, 255, 255, 255, 255, 255, 255,
    255, 255, 255, 255, 255, 255, 255, 255, 255, 255, 255, 255, 255, 255, 255, 255, 255, 255, 255, 255,
    255, 255, 255, 255, 255, 255, 255, 255, 255, 255, 255, 255, 255, 255, 255, 255, 255, 255, 255, 255,
    255, 255, 255, 255, 255, 255, 255, 255, 255, 255, 255, 255, 255, 255, 255, 255, 255, 255, 255, 255,
    255, 255, 255, 255, 255, 255, 255, 255, 255, 255, 255, 255, 0, 0, 0, 0, 0, 0, 0, 0,
    0, 0, 0, 0, 0, 0, 0, 0, 0, 0, 0, 0, 16, 0, 0, 0, 0, 0, 0, 0,
    255, 255, 255, 255, 255, 255, 255, 255, 255, 255, 255, 255, 255, 255, 255, 255, 255, 255, 255, 255,
    255, 255, 255, 255, 255, 255, 255, 255, 255, 255, 255, 255, 255, 255, 255, 255, 255, 255, 255, 255,
    255, 255, 255, 255, 255, 255, 255, 255, 255, 255, 255, 255, 255, 255, 255, 255, 255, 255, 255, 255,
    255, 255, 255, 255, 255, 255, 255, 255, 255, 255, 255, 255, 255, 255, 255, 255, 255, 255, 255, 255,
    255, 255, 255, 255, 255, 255, 255, 255, 255, 255, 255, 255, 255, 255, 255, 255, 255, 255, 255, 255,
    0, 0, 0, 0, 0, 0, 0, 0, 0, 0, 0, 0, 0, 0, 0, 0, 0, 0, 0, 0,
    16, 0, 0, 0, 0, 0, 0, 0, 255, 255, 255, 255, 255, 255, 255, 255, 255, 255, 255, 255,
    255, 255, 255, 255, 255, 255, 255, 255, 255, 255, 255, 255, 255, 255, 255, 255, 255, 255, 255, 255,
    255, 255, 255, 255, 255, 255, 255, 255, 255, 255, 255, 255, 255, 255, 255, 255, 255, 255, 255, 255,
    255, 255, 255, 255, 255, 255, 255, 255, 255, 255, 255, 255, 255, 255, 255, 255, 255, 255, 255, 255,
    255, 255, 255, 255, 255, 255, 255, 255, 255, 255, 255, 255, 255, 255, 255, 255, 255, 255, 255, 255,
    255, 255, 255, 255, 255, 255, 255, 255, 0, 0, 0, 0, 0, 0, 0, 0, 0, 0, 0, 0,
    0, 0, 0, 0, 0, 0, 0, 0, 16, 0, 0, 0, 0, 0, 0, 0, 255, 255, 255, 255,
    255, 255, 255, 255, 255, 255, 255, 255, 255, 255, 255, 255, 255, 255, 255, 255, 255, 255, 255, 255,
    255, 255, 255, 255, 255, 255, 255, 255, 255, 255, 255, 255, 255, 255, 255, 255, 255, 255, 255, 255,
    255, 255, 255, 255, 255, 255, 255, 255, 255, 255, 255, 255, 255, 255, 255, 255, 255, 255, 255, 255,
    255, 255, 255, 255, 255, 255, 255, 255, 255, 255, 255, 255, 255, 255, 255, 255, 255, 255, 255, 255,
    255, 255, 255, 255, 255, 255, 255, 255, 255, 255, 255, 255, 255, 255, 255, 255, 0, 0, 0, 0,
    0, 0, 0, 0, 0, 0, 0, 0, 0, 0, 0, 0, 0, 0, 0, 0, 16, 0, 0, 0,
    0, 0, 0, 0, 255, 255, 255, 255, 255, 255, 255, 255, 255, 255, 255, 255, 255, 255, 255, 255,
    255, 255, 255, 255, 255, 255, 255, 255, 255, 255, 255, 255, 255, 255, 255, 255, 255, 255, 255, 255,
    255, 255, 255, 255, 255, 255, 255, 255, 255, 255, 255, 255, 255, 255, 255, 255, 255, 255, 255, 255,
    255, 255, 255, 255, 255, 255, 255, 255, 255, 255, 255, 255, 255, 255, 255, 255, 255, 255, 255, 255,
    255, 255, 255, 255, 255, 255, 255, 255, 255, 255, 255, 255, 255, 255, 255, 255, 255, 255, 255, 255,
    255, 255, 255, 0, 0, 0, 0, 0, 0, 0, 0, 0, 0, 0, 0, 0, 0, 0, 0, 0,
    0, 0, 0, 0, 16, 0, 0, 0, 0, 0, 0, 0, 255, 255, 255, 255, 255, 255, 255, 255,
    255, 255, 255, 255, 255, 255, 255, 255, 255, 255, 255, 255, 255, 255, 255, 255, 255, 255, 255, 255,
    255, 255, 255, 255, 255, 255, 255, 255, 255, 255, 255, 255, 255, 255, 255, 255, 255, 255, 255, 255,
    255, 255, 255, 255, 255, 255, 255, 255, 255, 255, 255, 255, 255, 255, 255, 255, 255, 255, 255, 255,
    255, 255, 255, 255, 255, 255, 255, 255, 255, 255, 255, 255, 255, 255, 255, 255, 255, 255, 255, 255,
    255, 255, 255, 255, 255, 255, 255, 255, 255, 255, 0, 0, 0, 0, 0, 0, 0, 0, 0, 0,
    0, 0, 0, 0, 0, 0, 0, 0, 0, 0, 0, 0, 16, 0, 0, 0, 0, 0, 0, 0,
    255, 255, 255, 255, 255, 255, 255, 255, 255, 255, 255, 255, 255, 255, 255, 255, 255, 255, 255, 255,
    255, 255, 255, 255, 255, 255, 255, 255, 255, 255, 255, 255, 255, 255, 255, 255, 255, 255, 255, 255,
    255, 255, 255, 255, 255, 255, 255, 255, 255, 255, 255, 255, 255, 255, 255, 255, 255, 255, 255, 255,
    255, 255, 255, 255, 255, 255, 255, 255, 255, 255, 255, 255, 255, 255, 255, 255, 255, 255, 255, 255,
    255, 255, 255, 255, 255, 255, 255, 255, 255, 255, 255, 255, 255, 255, 255, 255, 255, 255, 0, 0,
    0, 0, 0, 0, 0, 0, 0, 0, 0, 0, 0, 0, 0, 0, 0, 0, 0, 0, 0, 0,
    16, 0, 0, 0, 0, 0, 0, 0, 255, 255, 255, 255, 255, 255, 255, 255, 255, 255, 255, 255,
    255, 255, 255, 255, 255, 255, 255, 255, 255, 255, 255, 255, 255, 255, 255, 255, 255, 255, 255, 255,
    255, 255, 255, 255, 255, 255, 255, 255, 255, 255, 255, 255, 255, 255, 255, 255, 255, 255, 255, 255,
    255, 255, 255, 255, 255, 255, 255, 255, 255, 255, 255, 255, 255, 255, 255, 255, 255, 255, 255, 255,
    255, 255, 255, 255, 255, 255, 255, 255, 255, 255, 255, 255, 255, 255, 255, 255, 255, 255, 255, 255,
    255, 255, 255, 255, 255, 0, 0, 0, 0, 0, 0, 0, 0, 0, 0, 0, 0, 0, 0, 0,
    0, 0, 0, 0, 0, 0, 0, 0, 16, 0, 0, 0, 0, 0, 0, 0, 255, 255, 255, 255,
    255, 255, 255, 255, 255, 255, 255, 255, 255, 255, 255, 255, 255, 255, 255, 255, 255, 255, 255, 255,
    255, 255, 255, 255, 255, 255, 255, 255, 255, 255, 255, 255, 255, 255, 255, 255, 255, 255, 255, 255,
    255, 255, 255, 255, 255, 255, 255, 255, 255, 255, 255, 255, 255, 255, 255, 255, 255, 255, 255, 255,
    255, 255, 255, 255, 255, 255, 255, 255, 255, 255, 255, 255, 255, 255, 255, 255, 255, 255, 255, 255,
    255, 255, 255, 255, 255, 255, 255, 255, 255, 255, 255, 0, 0, 0, 0, 0, 0, 0, 0, 0,
    0, 0, 0, 0, 0, 0, 0, 0, 0, 0, 0, 0, 0, 0, 0, 0, 3, 0, 0, 0,
    0, 0, 0, 0, 255, 255, 255, 255, 255, 255, 255, 255, 255, 255, 255, 255, 255, 255, 255, 255,
    255, 255, 255, 255, 255, 255, 255, 255, 255, 255, 255, 255, 255, 255, 255, 255, 255, 255, 255, 255,
    255, 255, 255, 255, 255, 255, 255, 255, 255, 255, 255, 255, 255, 255, 255, 255, 255, 255, 255, 255,
    255, 255, 255, 255, 255, 255, 255, 255, 255, 255, 255, 255, 255, 255, 255, 255, 255, 255, 255, 255,
    255, 255, 255, 255, 255, 255, 255, 255, 255, 255, 255, 255, 255, 255, 255, 255, 255, 255, 0, 0,
    0, 0, 0, 0, 0, 0, 0, 0, 0, 0, 0, 0, 0, 0, 0, 0, 0, 0, 0, 0,
    0, 0, 0, 0,
};
#endif /* BACKROOMS_GENERATED_NEXTBOT_SPRITE_H */
