/* Embedded PSP texture data. */
#ifndef BACKROOMS_GENERATED_POOLS_CEILING_H
#define BACKROOMS_GENERATED_POOLS_CEILING_H
#include <stdint.h>
#define POOLS_CEILING_WIDTH 128
#define POOLS_CEILING_HEIGHT 128
static const uint16_t POOLS_CEILING_PIXELS[16384] __attribute__((aligned(16))) = {
    0xBDD5, 0xC5F6, 0xC616, 0xC637, 0xCE37, 0xCE37, 0xC636, 0xC636, 0xC636, 0xC636, 0xC637, 0xC637,
    0xC637, 0xC637, 0xC637, 0xC637, 0xCE57, 0xCE57, 0xCE57, 0xCE57, 0xCE57, 0xCE57, 0xCE77, 0xCE77,
    0xCE57, 0xCE57, 0xCE57, 0xCE57, 0xCE57, 0xD678, 0xD6B9, 0xD698, 0xC5F6, 0xBDF5, 0xC636, 0xCE57,
    0xCE57, 0xCE57, 0xCE57, 0xCE37, 0xCE37, 0xCE57, 0xCE57, 0xCE57, 0xCE57, 0xCE57, 0xCE37, 0xCE37,
    0xCE37, 0xCE37, 0xCE57, 0xCE57, 0xCE37, 0xCE37, 0xCE37, 0xCE37, 0xCE37, 0xCE37, 0xCE37, 0xCE37,
    0xC636, 0xCE57, 0xCE78, 0xCE57, 0xBDD5, 0xBDB5, 0xC5F6, 0xC616, 0xC616, 0xC616, 0xC616, 0xC616,
    0xC636, 0xC636, 0xCE36, 0xCE36, 0xCE36, 0xCE36, 0xC636, 0xC636, 0xCE36, 0xCE36, 0xC636, 0xC636,
    0xC616, 0xC616, 0xC636, 0xC636, 0xCE36, 0xCE36, 0xC636, 0xC636, 0xC616, 0xCE37, 0xCE78, 0xCE57,
    0xBDD5, 0xBDD5, 0xC616, 0xCE36, 0xCE36, 0xCE36, 0xCE36, 0xCE36, 0xCE36, 0xCE36, 0xCE36, 0xCE36,
    0xCE36, 0xCE37, 0xCE36, 0xCE37, 0xCE57, 0xCE57, 0xCE57, 0xCE57, 0xCE57, 0xCE57, 0xCE57, 0xCE57,
    0xCE57, 0xCE57, 0xCE57, 0xCE57, 0xCE57, 0xCE57, 0xD678, 0xD698, 0xBDD5, 0xBDF6, 0xC616, 0xC637,
    0xC636, 0xC636, 0xC636, 0xC636, 0xC636, 0xC636, 0xC637, 0xC637, 0xC637, 0xC637, 0xC637, 0xCE37,
    0xCE57, 0xCE57, 0xCE57, 0xCE57, 0xCE57, 0xCE57, 0xCE57, 0xCE57, 0xCE57, 0xCE57, 0xCE57, 0xCE57,
    0xCE57, 0xD678, 0xD6B9, 0xD678, 0xC5F6, 0xBDF5, 0xC636, 0xCE57, 0xCE57, 0xCE57, 0xCE57, 0xCE37,
    0xCE37, 0xCE57, 0xCE57, 0xCE57, 0xCE57, 0xCE57, 0xCE37, 0xCE36, 0xCE37, 0xCE37, 0xCE37, 0xCE37,
    0xCE37, 0xCE37, 0xCE37, 0xCE37, 0xCE37, 0xCE37, 0xCE37, 0xC636, 0xC636, 0xCE57, 0xD678, 0xCE57,
    0xBDD5, 0xBDB4, 0xC5F6, 0xC616, 0xC616, 0xC616, 0xC616, 0xC616, 0xC616, 0xC636, 0xC636, 0xCE36,
    0xC636, 0xC636, 0xC636, 0xC636, 0xC636, 0xC636, 0xC636, 0xC616, 0xC616, 0xC616, 0xC616, 0xC636,
    0xC636, 0xCE36, 0xC636, 0xC636, 0xC616, 0xCE37, 0xCE78, 0xCE57, 0xBDD5, 0xBDD5, 0xC616, 0xCE36,
    0xC636, 0xCE36, 0xCE36, 0xCE36, 0xCE36, 0xCE36, 0xCE36, 0xCE36, 0xCE36, 0xCE36, 0xCE36, 0xCE36,
    0xCE37, 0xCE57, 0xCE57, 0xCE57, 0xCE57, 0xCE57, 0xCE57, 0xCE57, 0xCE57, 0xCE57, 0xCE57, 0xCE57,
    0xCE57, 0xCE57, 0xD678, 0xD698, 0xBDD5, 0xBDF5, 0xC616, 0xC636, 0xC636, 0xC636, 0xC636, 0xC636,
    0xC616, 0xC636, 0xC637, 0xCE57, 0xCE37, 0xCE37, 0xCE37, 0xCE57, 0xCE57, 0xCE57, 0xCE57, 0xCE57,
    0xCE57, 0xCE57, 0xCE57, 0xCE57, 0xCE57, 0xCE57, 0xCE57, 0xCE57, 0xCE57, 0xCE78, 0xD699, 0xD678,
    0xC5F6, 0xBDF5, 0xC636, 0xCE57, 0xCE57, 0xCE57, 0xCE57, 0xCE57, 0xCE57, 0xCE57, 0xCE37, 0xCE36,
    0xCE36, 0xC636, 0xC636, 0xC636, 0xCE36, 0xCE37, 0xCE37, 0xCE37, 0xCE37, 0xCE36, 0xC636, 0xC636,
    0xC636, 0xC636, 0xC636, 0xC636, 0xC636, 0xCE57, 0xD678, 0xCE57, 0xBDD5, 0xBDB4, 0xC5F5, 0xC616,
    0xC616, 0xC616, 0xC616, 0xC616, 0xC616, 0xC616, 0xC636, 0xC636, 0xC636, 0xC636, 0xC616, 0xC616,
    0xC616, 0xC616, 0xC616, 0xC616, 0xC616, 0xC616, 0xC616, 0xC616, 0xC636, 0xC636, 0xC636, 0xC636,
    0xC616, 0xCE36, 0xCE57, 0xCE57, 0xBDF5, 0xBDD5, 0xC616, 0xC636, 0xC616, 0xC616, 0xCE36, 0xCE36,
    0xCE36, 0xCE36, 0xCE36, 0xCE36, 0xCE36, 0xCE36, 0xCE36, 0xCE36, 0xCE36, 0xCE37, 0xCE57, 0xCE57,
    0xCE57, 0xCE57, 0xCE37, 0xCE36, 0xCE36, 0xCE36, 0xCE37, 0xCE57, 0xCE57, 0xCE57, 0xD678, 0xD698,
    0xBDD5, 0xBDD5, 0xC616, 0xC636, 0xC636, 0xC636, 0xC636, 0xC636, 0xC616, 0xC636, 0xC636, 0xCE37,
    0xCE37, 0xCE37, 0xCE37, 0xCE57, 0xCE57, 0xCE57, 0xCE57, 0xCE57, 0xCE57, 0xCE57, 0xCE57, 0xCE57,
    0xCE57, 0xCE57, 0xCE57, 0xCE57, 0xCE57, 0xCE77, 0xD698, 0xD678, 0xC5F6, 0xBDF5, 0xC636, 0xCE57,
    0xCE57, 0xCE57, 0xCE57, 0xCE57, 0xCE57, 0xCE37, 0xCE36, 0xC636, 0xC636, 0xC636, 0xC616, 0xC636,
    0xC636, 0xCE36, 0xC636, 0xC636, 0xCE36, 0xC636, 0xC636, 0xC636, 0xC636, 0xC636, 0xC636, 0xC636,
    0xC636, 0xCE37, 0xD678, 0xCE57, 0xBDD5, 0xBDB4, 0xC5F5, 0xC616, 0xC616, 0xC616, 0xC616, 0xC616,
    0xC616, 0xC616, 0xC616, 0xC636, 0xC616, 0xC616, 0xC616, 0xC616, 0xC616, 0xC616, 0xC616, 0xC616,
    0xC616, 0xC616, 0xC616, 0xC616, 0xC616, 0xC636, 0xC636, 0xC636, 0xC616, 0xCE36, 0xCE77, 0xCE57,
    0xBDF5, 0xBDD5, 0xC616, 0xC616, 0xC616, 0xC616, 0xC636, 0xCE36, 0xCE36, 0xCE36, 0xCE36, 0xCE36,
    0xCE36, 0xCE36, 0xC636, 0xCE36, 0xCE36, 0xCE37, 0xCE57, 0xCE57, 0xCE57, 0xCE57, 0xCE37, 0xCE36,
    0xCE36, 0xCE36, 0xCE37, 0xCE37, 0xCE37, 0xCE57, 0xD678, 0xD698, 0xBDD5, 0xBDD5, 0xC616, 0xC636,
    0xC636, 0xC636, 0xC636, 0xC636, 0xC636, 0xC636, 0xC636, 0xC637, 0xC637, 0xC637, 0xCE37, 0xCE57,
    0xCE57, 0xCE57, 0xCE57, 0xCE57, 0xCE57, 0xCE57, 0xCE57, 0xCE57, 0xCE57, 0xCE57, 0xCE57, 0xCE57,
    0xCE57, 0xCE77, 0xD698, 0xD678, 0xC5F5, 0xBDD5, 0xC616, 0xCE37, 0xCE37, 0xCE37, 0xCE37, 0xCE37,
    0xCE37, 0xCE37, 0xCE36, 0xC636, 0xC636, 0xC636, 0xC616, 0xC616, 0xC636, 0xC636, 0xC636, 0xC636,
    0xC636, 0xC636, 0xC636, 0xC636, 0xC636, 0xC616, 0xC616, 0xC616, 0xC616, 0xCE37, 0xD678, 0xCE57,
    0xBDD5, 0xBDB4, 0xC5F6, 0xC616, 0xC616, 0xC616, 0xC616, 0xC616, 0xC616, 0xC616, 0xC616, 0xC616,
    0xC616, 0xC616, 0xC616, 0xC616, 0xC616, 0xC616, 0xC616, 0xC616, 0xC616, 0xC616, 0xC616, 0xC616,
    0xC616, 0xC616, 0xC636, 0xC636, 0xC616, 0xCE36, 0xD678, 0xCE57, 0xBDF5, 0xBDD5, 0xC5F6, 0xC616,
    0xC616, 0xC616, 0xC636, 0xC636, 0xC636, 0xCE36, 0xCE36, 0xCE36, 0xCE36, 0xCE36, 0xCE36, 0xCE36,
    0xCE36, 0xCE36, 0xCE37, 0xCE57, 0xCE57, 0xCE57, 0xCE37, 0xCE36, 0xCE36, 0xCE37, 0xCE37, 0xCE37,
    0xCE37, 0xCE57, 0xD678, 0xD698, 0xBDD5, 0xBDF5, 0xC616, 0xC636, 0xC637, 0xC637, 0xC636, 0xC636,
    0xC636, 0xC636, 0xC636, 0xC636, 0xC636, 0xC636, 0xCE37, 0xCE57, 0xCE57, 0xCE57, 0xCE57, 0xCE57,
    0xCE57, 0xCE57, 0xCE57, 0xCE57, 0xCE57, 0xCE57, 0xCE57, 0xCE57, 0xCE57, 0xCE57, 0xD698, 0xCE78,
    0xC5F5, 0xBDD5, 0xC616, 0xCE37, 0xCE36, 0xC636, 0xCE36, 0xCE36, 0xCE36, 0xCE36, 0xCE36, 0xC636,
    0xC636, 0xC636, 0xC616, 0xC616, 0xC636, 0xC636, 0xC636, 0xC636, 0xC636, 0xC636, 0xC636, 0xC636,
    0xC636, 0xC616, 0xC616, 0xC616, 0xC616, 0xCE36, 0xCE77, 0xCE57, 0xBDD5, 0xBDB4, 0xC5F6, 0xC616,
    0xC616, 0xC616, 0xC616, 0xC616, 0xC616, 0xC616, 0xC616, 0xC616, 0xC616, 0xC616, 0xC616, 0xC616,
    0xC616, 0xC616, 0xC616, 0xC616, 0xC616, 0xC616, 0xC616, 0xC616, 0xC616, 0xC616, 0xC636, 0xC616,
    0xC616, 0xCE36, 0xCE78, 0xCE57, 0xBDD5, 0xBDB4, 0xC5F5, 0xC616, 0xC616, 0xC616, 0xC616, 0xC616,
    0xC636, 0xC636, 0xCE36, 0xCE36, 0xCE36, 0xCE36, 0xCE36, 0xCE36, 0xCE36, 0xCE36, 0xCE36, 0xCE57,
    0xCE57, 0xCE57, 0xCE37, 0xCE37, 0xCE37, 0xCE37, 0xCE37, 0xCE37, 0xCE37, 0xCE57, 0xD678, 0xD698,
    0xBDD5, 0xBDF5, 0xC616, 0xC637, 0xC637, 0xC637, 0xC636, 0xC636, 0xC636, 0xC636, 0xC636, 0xC636,
    0xC636, 0xC636, 0xCE37, 0xCE37, 0xCE37, 0xCE57, 0xCE57, 0xCE57, 0xCE57, 0xCE57, 0xCE57, 0xCE57,
    0xCE37, 0xCE37, 0xCE57, 0xCE57, 0xCE57, 0xCE77, 0xD698, 0xCE78, 0xC5F5, 0xBDD5, 0xC616, 0xCE37,
    0xCE36, 0xC636, 0xCE36, 0xCE36, 0xC636, 0xC636, 0xCE36, 0xCE36, 0xC636, 0xC636, 0xC616, 0xC616,
    0xC616, 0xC616, 0xC636, 0xC636, 0xC616, 0xC636, 0xC636, 0xC636, 0xC636, 0xC636, 0xC636, 0xC636,
    0xC616, 0xCE36, 0xCE77, 0xCE57, 0xBDD5, 0xBDB4, 0xC5F5, 0xC616, 0xC616, 0xC616, 0xC616, 0xC616,
    0xC616, 0xC616, 0xC616, 0xC616, 0xC616, 0xC616, 0xC616, 0xC616, 0xC616, 0xC616, 0xC616, 0xC616,
    0xC616, 0xC616, 0xC616, 0xC616, 0xC636, 0xC636, 0xC636, 0xC616, 0xC616, 0xCE36, 0xCE57, 0xCE57,
    0xBDD5, 0xBDB4, 0xC5F5, 0xC616, 0xC616, 0xC616, 0xC616, 0xC616, 0xC616, 0xC636, 0xCE36, 0xCE36,
    0xC636, 0xC636, 0xCE36, 0xCE36, 0xCE36, 0xCE36, 0xCE37, 0xCE57, 0xCE57, 0xCE57, 0xCE37, 0xCE37,
    0xCE57, 0xCE57, 0xCE37, 0xCE37, 0xCE57, 0xCE57, 0xD678, 0xD698, 0xBDD5, 0xBDF5, 0xC616, 0xC637,
    0xC637, 0xC637, 0xC636, 0xC636, 0xCE36, 0xC636, 0xC636, 0xC636, 0xC636, 0xC636, 0xCE36, 0xCE37,
    0xCE37, 0xCE37, 0xCE57, 0xCE57, 0xCE57, 0xCE57, 0xCE57, 0xCE57, 0xCE37, 0xCE37, 0xCE57, 0xCE57,
    0xCE57, 0xCE77, 0xD698, 0xCE78, 0xC5F5, 0xBDD5, 0xC616, 0xCE37, 0xCE36, 0xC636, 0xCE36, 0xC636,
    0xC636, 0xC636, 0xCE36, 0xCE36, 0xC636, 0xC636, 0xC616, 0xC616, 0xC616, 0xC616, 0xC616, 0xC616,
    0xC616, 0xC616, 0xC616, 0xC636, 0xC636, 0xC636, 0xC636, 0xC636, 0xC616, 0xCE36, 0xCE77, 0xCE57,
    0xBDD5, 0xBDB4, 0xC5F5, 0xC616, 0xC616, 0xC616, 0xC616, 0xC616, 0xC616, 0xC616, 0xC616, 0xC616,
    0xC616, 0xC616, 0xC616, 0xC616, 0xC616, 0xC616, 0xC616, 0xC616, 0xC616, 0xC616, 0xC616, 0xC616,
    0xC636, 0xC636, 0xC616, 0xC616, 0xC616, 0xCE37, 0xCE77, 0xCE57, 0xBDD5, 0xBDB4, 0xC5F5, 0xC616,
    0xC616, 0xC616, 0xC616, 0xC616, 0xC636, 0xC636, 0xCE36, 0xCE36, 0xC636, 0xC636, 0xCE36, 0xCE36,
    0xCE36, 0xCE36, 0xCE36, 0xCE57, 0xCE57, 0xCE57, 0xCE57, 0xCE57, 0xCE57, 0xCE57, 0xCE57, 0xCE37,
    0xCE57, 0xCE57, 0xD678, 0xD698, 0xBDD5, 0xBDF5, 0xC616, 0xCE37, 0xCE37, 0xC636, 0xC636, 0xC636,
    0xC636, 0xC636, 0xC636, 0xC636, 0xCE36, 0xCE36, 0xCE36, 0xCE36, 0xCE37, 0xCE37, 0xCE37, 0xCE57,
    0xCE57, 0xCE57, 0xCE57, 0xCE57, 0xCE57, 0xCE57, 0xCE57, 0xCE57, 0xCE57, 0xCE57, 0xD698, 0xD678,
    0xC5F5, 0xBDD5, 0xC616, 0xCE37, 0xCE36, 0xC636, 0xC636, 0xC636, 0xC636, 0xC636, 0xC636, 0xC636,
    0xC636, 0xC636, 0xC636, 0xC636, 0xC616, 0xC616, 0xC616, 0xC616, 0xC616, 0xC616, 0xC616, 0xC616,
    0xC636, 0xC636, 0xC616, 0xC616, 0xC616, 0xCE36, 0xCE77, 0xCE57, 0xBDD5, 0xBDB4, 0xC5F6, 0xC616,
    0xC616, 0xC616, 0xC616, 0xC616, 0xC616, 0xC616, 0xC616, 0xC616, 0xC616, 0xC616, 0xC616, 0xC616,
    0xC616, 0xC616, 0xC616, 0xC616, 0xC616, 0xC616, 0xC616, 0xC616, 0xC616, 0xC616, 0xC616, 0xC616,
    0xC616, 0xCE37, 0xCE78, 0xCE57, 0xBDD5, 0xBDB4, 0xC5F5, 0xC616, 0xC616, 0xC616, 0xC636, 0xCE36,
    0xCE36, 0xCE36, 0xCE36, 0xC636, 0xC636, 0xC636, 0xCE36, 0xCE36, 0xCE36, 0xCE36, 0xCE36, 0xCE36,
    0xCE37, 0xCE57, 0xCE57, 0xCE57, 0xCE57, 0xCE57, 0xCE57, 0xCE57, 0xCE37, 0xCE57, 0xD678, 0xD698,
    0xBDD5, 0xBDF5, 0xC616, 0xCE37, 0xCE37, 0xCE36, 0xC636, 0xC636, 0xC636, 0xC636, 0xCE36, 0xCE36,
    0xCE36, 0xCE36, 0xCE36, 0xCE36, 0xCE37, 0xCE37, 0xCE37, 0xCE37, 0xCE57, 0xCE57, 0xCE57, 0xCE57,
    0xCE57, 0xCE57, 0xCE57, 0xCE57, 0xCE57, 0xCE57, 0xD698, 0xD678, 0xC5F5, 0xBDD5, 0xC616, 0xCE37,
    0xCE36, 0xC636, 0xC636, 0xC636, 0xC636, 0xC636, 0xC636, 0xC636, 0xC636, 0xC636, 0xC636, 0xC616,
    0xC616, 0xC616, 0xC616, 0xC616, 0xC616, 0xC616, 0xC616, 0xC636, 0xC636, 0xC636, 0xC616, 0xC616,
    0xC616, 0xCE36, 0xCE78, 0xCE57, 0xBDD5, 0xBDB5, 0xC5F6, 0xC616, 0xC616, 0xC616, 0xC616, 0xC616,
    0xC616, 0xC616, 0xC616, 0xC616, 0xC616, 0xC616, 0xC616, 0xC616, 0xC616, 0xC616, 0xC616, 0xC616,
    0xC616, 0xC616, 0xC616, 0xC616, 0xC616, 0xC616, 0xC616, 0xC616, 0xC616, 0xCE37, 0xD678, 0xCE57,
    0xBDD5, 0xBDB4, 0xC5F5, 0xC616, 0xC616, 0xC616, 0xC636, 0xCE36, 0xCE36, 0xCE36, 0xCE36, 0xC636,
    0xC636, 0xC636, 0xCE36, 0xCE36, 0xCE36, 0xCE36, 0xCE36, 0xCE36, 0xCE37, 0xCE37, 0xCE57, 0xCE57,
    0xCE57, 0xCE57, 0xCE57, 0xCE57, 0xCE57, 0xCE57, 0xCE78, 0xD678, 0xBDB5, 0xBDD5, 0xC616, 0xCE37,
    0xCE37, 0xCE37, 0xC636, 0xC636, 0xCE36, 0xCE36, 0xCE36, 0xCE37, 0xCE37, 0xCE36, 0xC636, 0xC636,
    0xCE37, 0xCE37, 0xCE37, 0xCE37, 0xCE37, 0xCE57, 0xCE57, 0xCE57, 0xCE57, 0xCE57, 0xCE57, 0xCE57,
    0xCE57, 0xCE57, 0xD698, 0xCE78, 0xBDF5, 0xBDD5, 0xC616, 0xCE37, 0xCE36, 0xC636, 0xC636, 0xC616,
    0xC616, 0xC616, 0xC616, 0xC616, 0xC636, 0xC636, 0xC616, 0xC616, 0xC616, 0xC616, 0xC616, 0xC616,
    0xC616, 0xC636, 0xC636, 0xC636, 0xC636, 0xC616, 0xC636, 0xC636, 0xC616, 0xCE37, 0xCE78, 0xCE57,
    0xBDD5, 0xBDB5, 0xC616, 0xC636, 0xC616, 0xC616, 0xC616, 0xC616, 0xC616, 0xC616, 0xC616, 0xC616,
    0xC616, 0xC616, 0xC616, 0xC616, 0xC616, 0xC616, 0xC616, 0xC616, 0xC616, 0xC616, 0xC616, 0xC616,
    0xC616, 0xC616, 0xC616, 0xC616, 0xC616, 0xCE37, 0xD678, 0xCE57, 0xBDD5, 0xBDB4, 0xC5F5, 0xC636,
    0xC636, 0xC636, 0xC636, 0xC636, 0xC636, 0xCE36, 0xCE36, 0xCE36, 0xCE36, 0xCE36, 0xCE36, 0xCE36,
    0xCE36, 0xCE36, 0xCE36, 0xCE36, 0xCE37, 0xCE37, 0xCE37, 0xCE57, 0xCE57, 0xCE57, 0xCE57, 0xCE57,
    0xCE57, 0xCE57, 0xCE78, 0xD678, 0xBDD5, 0xBDD5, 0xC616, 0xC637, 0xCE37, 0xCE37, 0xC636, 0xC636,
    0xCE36, 0xCE36, 0xCE37, 0xCE37, 0xCE37, 0xCE36, 0xC636, 0xC636, 0xCE37, 0xCE37, 0xCE37, 0xC637,
    0xCE37, 0xCE57, 0xCE57, 0xCE57, 0xCE57, 0xCE57, 0xCE57, 0xCE57, 0xCE57, 0xCE57, 0xD698, 0xCE77,
    0xBDD5, 0xBDB5, 0xC616, 0xCE36, 0xCE36, 0xC636, 0xC636, 0xC616, 0xC616, 0xC616, 0xC616, 0xC616,
    0xC636, 0xC616, 0xC616, 0xC616, 0xC636, 0xC636, 0xC616, 0xC616, 0xC636, 0xC636, 0xC636, 0xC636,
    0xC636, 0xC616, 0xC636, 0xC636, 0xC616, 0xCE37, 0xD678, 0xCE57, 0xBDD5, 0xBDB4, 0xC616, 0xC636,
    0xC616, 0xC616, 0xC616, 0xC636, 0xC636, 0xC636, 0xC616, 0xC616, 0xC616, 0xC616, 0xC616, 0xC616,
    0xC616, 0xC616, 0xC616, 0xC616, 0xC616, 0xC616, 0xC616, 0xC616, 0xC616, 0xC616, 0xC616, 0xC616,
    0xC616, 0xCE37, 0xD678, 0xCE57, 0xBDD5, 0xBDB4, 0xC616, 0xCE36, 0xC636, 0xC636, 0xC616, 0xC616,
    0xC636, 0xC636, 0xCE36, 0xCE36, 0xCE36, 0xCE36, 0xCE36, 0xCE36, 0xCE36, 0xCE36, 0xCE36, 0xCE36,
    0xCE37, 0xCE37, 0xCE37, 0xCE57, 0xCE57, 0xCE57, 0xCE57, 0xCE57, 0xCE57, 0xCE57, 0xD678, 0xD698,
    0xBDD5, 0xBDF5, 0xC616, 0xC637, 0xCE37, 0xCE36, 0xC636, 0xC636, 0xCE36, 0xCE36, 0xCE37, 0xCE37,
    0xCE37, 0xCE36, 0xCE36, 0xCE37, 0xCE57, 0xCE57, 0xCE37, 0xC637, 0xC637, 0xCE37, 0xCE57, 0xCE57,
    0xCE57, 0xCE57, 0xCE57, 0xCE57, 0xCE57, 0xCE57, 0xD698, 0xCE57, 0xBDD5, 0xBDB5, 0xC616, 0xC636,
    0xC636, 0xC636, 0xC636, 0xC636, 0xC636, 0xC636, 0xC636, 0xC636, 0xC636, 0xC616, 0xC616, 0xC616,
    0xC636, 0xC636, 0xC616, 0xC616, 0xC616, 0xC616, 0xC636, 0xC636, 0xC616, 0xC616, 0xC636, 0xC636,
    0xC636, 0xCE37, 0xD678, 0xCE57, 0xBDD5, 0xBDB4, 0xC616, 0xC636, 0xC616, 0xC616, 0xC636, 0xC636,
    0xC636, 0xC636, 0xC636, 0xC636, 0xC636, 0xC616, 0xC616, 0xC616, 0xC636, 0xC616, 0xC616, 0xC616,
    0xC616, 0xC616, 0xC616, 0xC616, 0xC616, 0xC616, 0xC616, 0xC616, 0xC616, 0xCE37, 0xD678, 0xCE57,
    0xBDD5, 0xBDD5, 0xC616, 0xCE36, 0xCE36, 0xC636, 0xC616, 0xC616, 0xC636, 0xCE36, 0xCE37, 0xCE37,
    0xCE37, 0xCE37, 0xCE36, 0xCE36, 0xC636, 0xCE36, 0xCE36, 0xCE36, 0xCE37, 0xCE57, 0xCE57, 0xCE57,
    0xCE57, 0xCE57, 0xCE57, 0xCE57, 0xCE57, 0xCE57, 0xD678, 0xD698, 0xBDD5, 0xBDF5, 0xC616, 0xC636,
    0xC636, 0xC636, 0xC636, 0xC636, 0xCE36, 0xCE37, 0xCE37, 0xCE37, 0xCE37, 0xCE37, 0xCE37, 0xCE57,
    0xCE57, 0xCE57, 0xCE37, 0xC637, 0xC636, 0xCE37, 0xCE57, 0xCE57, 0xCE57, 0xCE57, 0xCE57, 0xCE57,
    0xCE37, 0xCE57, 0xD698, 0xCE57, 0xBDD5, 0xBDB5, 0xC5F6, 0xC616, 0xC636, 0xC636, 0xC636, 0xC636,
    0xC636, 0xC636, 0xC636, 0xC636, 0xC636, 0xC616, 0xC616, 0xC636, 0xC636, 0xC636, 0xC636, 0xC616,
    0xC616, 0xC616, 0xC616, 0xC616, 0xC616, 0xC636, 0xC636, 0xC636, 0xC636, 0xCE37, 0xD678, 0xCE57,
    0xBDD5, 0xBDB5, 0xC616, 0xC636, 0xC636, 0xC636, 0xC636, 0xCE36, 0xC636, 0xC636, 0xC636, 0xC636,
    0xC636, 0xC636, 0xC616, 0xC616, 0xC616, 0xC616, 0xC616, 0xC616, 0xC616, 0xC616, 0xC616, 0xC616,
    0xC616, 0xC616, 0xC616, 0xC616, 0xC616, 0xCE36, 0xD678, 0xCE57, 0xBDF5, 0xBDD5, 0xC616, 0xC636,
    0xC636, 0xC636, 0xC616, 0xC616, 0xC636, 0xC636, 0xCE36, 0xCE37, 0xCE37, 0xCE37, 0xCE36, 0xCE36,
    0xCE36, 0xCE36, 0xCE36, 0xCE37, 0xCE57, 0xCE57, 0xCE57, 0xCE57, 0xCE57, 0xCE57, 0xCE57, 0xCE57,
    0xCE57, 0xCE57, 0xD678, 0xD698, 0xBDD5, 0xBDF5, 0xC616, 0xC636, 0xC636, 0xC636, 0xC636, 0xC636,
    0xCE37, 0xCE37, 0xCE57, 0xCE57, 0xCE57, 0xCE57, 0xCE57, 0xCE57, 0xCE57, 0xCE57, 0xCE37, 0xC636,
    0xCE37, 0xCE37, 0xCE37, 0xCE37, 0xCE37, 0xCE37, 0xCE37, 0xCE37, 0xCE37, 0xCE57, 0xD678, 0xCE57,
    0xBDD5, 0xBDB5, 0xC5F6, 0xC616, 0xC616, 0xC636, 0xC636, 0xC636, 0xC636, 0xC636, 0xC636, 0xC636,
    0xC636, 0xC636, 0xC636, 0xC636, 0xCE36, 0xCE36, 0xC636, 0xC636, 0xC636, 0xC636, 0xC636, 0xC636,
    0xC636, 0xC636, 0xC636, 0xC636, 0xC636, 0xCE57, 0xD678, 0xCE57, 0xBDD5, 0xBDD5, 0xC616, 0xCE36,
    0xCE36, 0xC636, 0xC636, 0xC636, 0xC636, 0xC636, 0xCE36, 0xCE36, 0xC636, 0xC616, 0xC616, 0xC616,
    0xC616, 0xC616, 0xC616, 0xC616, 0xC616, 0xC616, 0xC616, 0xC616, 0xC616, 0xC616, 0xC616, 0xC616,
    0xC616, 0xC636, 0xCE78, 0xCE57, 0xBDD5, 0xBDD5, 0xC616, 0xC636, 0xC636, 0xC636, 0xC636, 0xC636,
    0xC636, 0xC636, 0xCE36, 0xCE36, 0xCE37, 0xCE37, 0xCE36, 0xCE36, 0xCE36, 0xCE37, 0xCE37, 0xCE37,
    0xCE57, 0xCE57, 0xCE57, 0xCE57, 0xCE57, 0xCE57, 0xCE57, 0xCE57, 0xCE57, 0xCE57, 0xD678, 0xD698,
    0xBDD5, 0xBDD5, 0xC616, 0xC636, 0xC636, 0xC636, 0xC636, 0xC637, 0xCE37, 0xCE37, 0xCE57, 0xCE57,
    0xCE57, 0xCE57, 0xCE57, 0xCE57, 0xCE57, 0xCE57, 0xCE37, 0xCE37, 0xCE37, 0xCE37, 0xCE37, 0xCE37,
    0xCE37, 0xCE37, 0xCE37, 0xCE37, 0xCE37, 0xCE57, 0xD678, 0xCE57, 0xBDD5, 0xBDB5, 0xC5F6, 0xC636,
    0xC636, 0xC636, 0xCE36, 0xCE36, 0xC636, 0xC636, 0xC636, 0xC636, 0xC636, 0xC636, 0xCE36, 0xCE36,
    0xCE36, 0xCE36, 0xC636, 0xC636, 0xC636, 0xC636, 0xC636, 0xC636, 0xC636, 0xCE36, 0xCE36, 0xC636,
    0xC636, 0xCE57, 0xD678, 0xCE57, 0xBDD5, 0xBDD5, 0xC616, 0xCE36, 0xCE36, 0xC636, 0xC636, 0xC636,
    0xC636, 0xC636, 0xCE36, 0xCE36, 0xC636, 0xC616, 0xC616, 0xC616, 0xC616, 0xC616, 0xC616, 0xC616,
    0xC616, 0xC616, 0xC616, 0xC616, 0xC616, 0xC616, 0xC616, 0xC616, 0xC616, 0xC636, 0xCE77, 0xCE57,
    0xBDD5, 0xBDB5, 0xC616, 0xC636, 0xC616, 0xC636, 0xC636, 0xCE36, 0xC636, 0xC636, 0xCE36, 0xCE36,
    0xCE37, 0xCE37, 0xCE36, 0xCE36, 0xCE37, 0xCE37, 0xCE37, 0xCE57, 0xCE57, 0xCE57, 0xCE57, 0xCE57,
    0xCE57, 0xCE57, 0xCE57, 0xCE57, 0xCE57, 0xCE57, 0xD678, 0xD698, 0xBDB5, 0xBDD5, 0xC616, 0xC616,
    0xC636, 0xC636, 0xC636, 0xC637, 0xCE37, 0xCE57, 0xCE57, 0xCE57, 0xCE37, 0xCE37, 0xCE57, 0xCE57,
    0xCE57, 0xCE57, 0xCE37, 0xCE37, 0xCE37, 0xCE37, 0xCE57, 0xCE57, 0xCE37, 0xCE37, 0xCE37, 0xCE37,
    0xCE37, 0xCE57, 0xD698, 0xCE57, 0xBDF5, 0xBDD5, 0xC616, 0xCE36, 0xCE36, 0xCE36, 0xCE36, 0xCE36,
    0xCE36, 0xCE36, 0xCE36, 0xCE36, 0xCE36, 0xCE36, 0xCE36, 0xCE36, 0xCE36, 0xCE36, 0xC636, 0xC636,
    0xCE36, 0xCE36, 0xCE36, 0xCE36, 0xCE36, 0xCE37, 0xCE37, 0xCE37, 0xCE36, 0xCE57, 0xD678, 0xCE57,
    0xBDD5, 0xBDB4, 0xC5F5, 0xC616, 0xC636, 0xC636, 0xC636, 0xCE36, 0xC636, 0xC636, 0xC636, 0xC636,
    0xC616, 0xC616, 0xC616, 0xC616, 0xC616, 0xC616, 0xC616, 0xC616, 0xC616, 0xC616, 0xC616, 0xC616,
    0xC616, 0xC616, 0xC616, 0xC616, 0xC616, 0xCE36, 0xCE78, 0xCE57, 0xBDD5, 0xBDB4, 0xC5F6, 0xC636,
    0xC616, 0xC636, 0xC636, 0xCE36, 0xCE36, 0xCE36, 0xCE36, 0xCE36, 0xCE37, 0xCE37, 0xCE57, 0xCE57,
    0xCE57, 0xCE57, 0xCE57, 0xCE57, 0xCE57, 0xCE57, 0xCE57, 0xCE57, 0xCE57, 0xCE57, 0xCE57, 0xCE57,
    0xCE57, 0xCE57, 0xD678, 0xD698, 0xBDB5, 0xBDD5, 0xC5F6, 0xC616, 0xC616, 0xC636, 0xC636, 0xC637,
    0xCE37, 0xCE37, 0xCE37, 0xCE37, 0xCE37, 0xCE37, 0xCE57, 0xCE57, 0xCE57, 0xCE57, 0xCE57, 0xCE37,
    0xCE37, 0xCE37, 0xCE57, 0xCE57, 0xCE37, 0xCE37, 0xCE37, 0xCE37, 0xCE37, 0xCE57, 0xD698, 0xCE78,
    0xBDF5, 0xBDD5, 0xC616, 0xCE36, 0xCE36, 0xCE36, 0xCE36, 0xCE36, 0xCE36, 0xCE36, 0xCE36, 0xCE36,
    0xCE36, 0xCE36, 0xCE37, 0xCE37, 0xCE36, 0xCE36, 0xCE36, 0xCE36, 0xCE36, 0xCE36, 0xCE36, 0xCE36,
    0xCE36, 0xCE37, 0xCE37, 0xCE37, 0xCE37, 0xCE57, 0xD678, 0xCE57, 0xBDD5, 0xBDB4, 0xC5F5, 0xC616,
    0xC636, 0xC636, 0xC636, 0xCE36, 0xC636, 0xC636, 0xC636, 0xC636, 0xC636, 0xC616, 0xC616, 0xC616,
    0xC616, 0xC616, 0xC616, 0xC616, 0xC616, 0xC616, 0xC616, 0xC616, 0xC616, 0xC616, 0xC616, 0xC616,
    0xC616, 0xCE36, 0xCE78, 0xCE57, 0xBDD5, 0xBDB4, 0xC5F6, 0xCE36, 0xC636, 0xC636, 0xCE36, 0xCE37,
    0xCE36, 0xCE36, 0xCE36, 0xCE36, 0xCE36, 0xCE37, 0xCE57, 0xCE57, 0xCE57, 0xCE57, 0xCE57, 0xCE57,
    0xCE57, 0xCE57, 0xCE57, 0xCE57, 0xCE57, 0xCE57, 0xCE57, 0xCE57, 0xCE57, 0xCE77, 0xD678, 0xD698,
    0xBDD5, 0xBDD5, 0xC5F6, 0xC616, 0xC616, 0xC636, 0xC637, 0xC637, 0xC637, 0xC637, 0xCE37, 0xCE37,
    0xCE37, 0xCE37, 0xCE57, 0xCE57, 0xCE57, 0xCE57, 0xCE57, 0xCE57, 0xCE37, 0xCE37, 0xCE37, 0xCE37,
    0xCE37, 0xCE37, 0xCE37, 0xCE36, 0xCE36, 0xCE57, 0xD698, 0xCE77, 0xBDD5, 0xBDD5, 0xC616, 0xCE37,
    0xCE36, 0xCE36, 0xCE36, 0xCE36, 0xCE36, 0xCE36, 0xCE36, 0xCE37, 0xCE37, 0xCE37, 0xCE37, 0xCE36,
    0xCE36, 0xCE36, 0xCE36, 0xCE36, 0xCE36, 0xCE36, 0xCE36, 0xCE36, 0xCE36, 0xCE36, 0xCE37, 0xCE37,
    0xCE37, 0xCE57, 0xD678, 0xCE57, 0xBDD5, 0xBDB5, 0xC616, 0xC636, 0xC636, 0xC636, 0xC636, 0xC636,
    0xCE36, 0xCE36, 0xC636, 0xC636, 0xC636, 0xCE36, 0xCE36, 0xC636, 0xC616, 0xC616, 0xC616, 0xC616,
    0xC616, 0xC616, 0xC616, 0xC616, 0xC616, 0xC616, 0xC616, 0xC616, 0xC616, 0xCE36, 0xCE78, 0xCE37,
    0xBDD5, 0xBDB4, 0xC616, 0xCE36, 0xC636, 0xC636, 0xCE36, 0xCE37, 0xCE37, 0xCE57, 0xCE57, 0xCE36,
    0xCE36, 0xCE36, 0xCE57, 0xCE57, 0xCE57, 0xCE57, 0xCE57, 0xCE57, 0xCE57, 0xCE57, 0xCE57, 0xCE57,
    0xCE57, 0xCE57, 0xCE57, 0xCE57, 0xCE57, 0xCE77, 0xD678, 0xD698, 0xBDD5, 0xBDD5, 0xC5F6, 0xC616,
    0xC616, 0xC636, 0xC637, 0xC637, 0xC637, 0xC636, 0xCE37, 0xCE37, 0xCE37, 0xCE37, 0xCE37, 0xCE57,
    0xCE57, 0xCE57, 0xCE57, 0xCE37, 0xCE37, 0xCE37, 0xCE37, 0xCE37, 0xCE37, 0xCE37, 0xCE36, 0xC636,
    0xC636, 0xCE57, 0xD698, 0xCE57, 0xBDD5, 0xBDD5, 0xC616, 0xCE37, 0xCE36, 0xCE36, 0xCE36, 0xCE36,
    0xCE36, 0xCE36, 0xCE36, 0xCE36, 0xCE36, 0xCE36, 0xCE36, 0xCE36, 0xCE36, 0xCE36, 0xCE36, 0xCE36,
    0xCE36, 0xCE36, 0xCE36, 0xCE36, 0xCE37, 0xCE37, 0xCE36, 0xCE36, 0xCE36, 0xCE57, 0xD678, 0xCE57,
    0xBDD5, 0xBDB5, 0xC616, 0xCE36, 0xCE36, 0xC636, 0xC636, 0xC636, 0xCE36, 0xCE36, 0xCE36, 0xC636,
    0xCE36, 0xCE36, 0xCE36, 0xCE36, 0xC636, 0xC616, 0xC616, 0xC616, 0xC616, 0xC616, 0xC616, 0xC616,
    0xC616, 0xC616, 0xC616, 0xC616, 0xC616, 0xCE36, 0xCE78, 0xCE57, 0xBDD5, 0xBDB4, 0xC5F6, 0xC636,
    0xC636, 0xC636, 0xCE37, 0xCE37, 0xCE57, 0xCE57, 0xCE57, 0xCE56, 0xCE36, 0xCE36, 0xCE57, 0xCE57,
    0xCE57, 0xCE57, 0xCE57, 0xCE57, 0xCE57, 0xCE57, 0xCE57, 0xCE57, 0xCE57, 0xCE57, 0xCE57, 0xCE57,
    0xCE57, 0xCE77, 0xD678, 0xD698, 0xBDB4, 0xBDD5, 0xC5F6, 0xC616, 0xC636, 0xC636, 0xC636, 0xC637,
    0xC637, 0xC637, 0xC637, 0xC637, 0xC636, 0xC636, 0xC636, 0xCE37, 0xCE37, 0xCE37, 0xCE37, 0xCE37,
    0xCE37, 0xC636, 0xC636, 0xC636, 0xCE37, 0xCE37, 0xCE37, 0xCE37, 0xCE36, 0xCE57, 0xD678, 0xCE57,
    0xBDD5, 0xBDD5, 0xC616, 0xCE36, 0xC636, 0xC636, 0xC636, 0xC636, 0xC636, 0xCE36, 0xCE36, 0xCE36,
    0xCE36, 0xCE36, 0xCE36, 0xCE36, 0xCE36, 0xCE36, 0xCE37, 0xCE37, 0xCE36, 0xCE37, 0xCE37, 0xCE37,
    0xCE37, 0xCE37, 0xCE37, 0xCE36, 0xCE36, 0xCE57, 0xD678, 0xCE57, 0xBDD5, 0xBDD5, 0xC616, 0xCE36,
    0xCE36, 0xC636, 0xC616, 0xC616, 0xCE36, 0xCE36, 0xCE36, 0xCE36, 0xCE36, 0xCE36, 0xCE36, 0xCE36,
    0xC636, 0xC636, 0xC616, 0xC616, 0xC616, 0xC616, 0xC616, 0xC616, 0xC616, 0xC616, 0xC616, 0xC616,
    0xC616, 0xCE36, 0xD678, 0xCE57, 0xBDD5, 0xBDB4, 0xC5F5, 0xC616, 0xC616, 0xC636, 0xCE37, 0xCE37,
    0xCE57, 0xCE57, 0xCE57, 0xCE57, 0xCE36, 0xCE36, 0xCE37, 0xCE57, 0xCE57, 0xCE57, 0xCE57, 0xCE57,
    0xCE57, 0xCE57, 0xCE57, 0xCE57, 0xCE57, 0xCE57, 0xCE57, 0xCE57, 0xCE57, 0xCE57, 0xD678, 0xD698,
    0xBDB4, 0xBDD5, 0xC616, 0xC616, 0xC636, 0xC636, 0xC636, 0xC636, 0xC637, 0xC637, 0xC637, 0xC637,
    0xC636, 0xC636, 0xC636, 0xCE37, 0xCE37, 0xCE37, 0xCE37, 0xCE37, 0xCE36, 0xC636, 0xC636, 0xC636,
    0xCE37, 0xCE37, 0xCE37, 0xCE37, 0xCE36, 0xCE57, 0xD678, 0xCE57, 0xBDD5, 0xBDD5, 0xC616, 0xC636,
    0xC636, 0xC616, 0xC616, 0xC636, 0xC636, 0xCE36, 0xCE36, 0xCE36, 0xCE36, 0xCE36, 0xCE36, 0xCE36,
    0xCE36, 0xCE36, 0xCE37, 0xCE37, 0xCE37, 0xCE37, 0xCE37, 0xCE37, 0xCE37, 0xCE37, 0xCE37, 0xCE36,
    0xCE36, 0xCE37, 0xD678, 0xCE57, 0xBDD5, 0xBDD5, 0xC616, 0xCE36, 0xCE36, 0xCE36, 0xC616, 0xC616,
    0xCE36, 0xCE36, 0xCE36, 0xCE36, 0xCE36, 0xCE36, 0xCE36, 0xCE36, 0xC636, 0xC636, 0xC616, 0xC616,
    0xC616, 0xC616, 0xC616, 0xC616, 0xC616, 0xC616, 0xC616, 0xC616, 0xC616, 0xCE36, 0xD678, 0xCE57,
    0xBDD5, 0xBDB4, 0xC5F5, 0xC616, 0xC616, 0xC636, 0xCE36, 0xCE36, 0xCE36, 0xCE57, 0xCE57, 0xCE57,
    0xCE37, 0xCE37, 0xCE37, 0xCE37, 0xCE37, 0xCE57, 0xCE57, 0xCE57, 0xCE57, 0xCE57, 0xCE57, 0xCE57,
    0xCE57, 0xCE57, 0xCE57, 0xCE57, 0xCE57, 0xCE57, 0xD678, 0xD698, 0xBDB4, 0xBDD5, 0xC616, 0xC636,
    0xC616, 0xC636, 0xC636, 0xCE37, 0xC636, 0xC637, 0xCE57, 0xCE37, 0xC637, 0xC636, 0xCE36, 0xCE37,
    0xCE37, 0xCE37, 0xCE37, 0xCE37, 0xCE37, 0xCE36, 0xC636, 0xC636, 0xCE37, 0xCE37, 0xCE37, 0xCE37,
    0xC636, 0xCE57, 0xD678, 0xCE57, 0xBDD5, 0xBDD5, 0xC616, 0xC636, 0xC636, 0xC636, 0xC636, 0xCE36,
    0xCE36, 0xCE36, 0xCE36, 0xC636, 0xC636, 0xC636, 0xC636, 0xCE36, 0xCE36, 0xCE36, 0xCE37, 0xCE37,
    0xCE57, 0xCE57, 0xCE37, 0xCE37, 0xCE37, 0xCE37, 0xCE37, 0xCE36, 0xCE36, 0xCE37, 0xD678, 0xCE57,
    0xBDD5, 0xBDB5, 0xC616, 0xCE37, 0xCE37, 0xCE36, 0xC636, 0xC616, 0xC636, 0xC636, 0xC636, 0xCE36,
    0xCE36, 0xCE36, 0xCE36, 0xCE36, 0xC636, 0xC616, 0xC616, 0xC616, 0xC616, 0xC616, 0xC616, 0xC616,
    0xC616, 0xC616, 0xC616, 0xC616, 0xC616, 0xCE36, 0xD678, 0xCE57, 0xBDD5, 0xBDB4, 0xC5F6, 0xC636,
    0xC636, 0xC636, 0xCE36, 0xCE36, 0xCE36, 0xCE36, 0xCE57, 0xCE57, 0xCE57, 0xCE37, 0xCE37, 0xCE37,
    0xCE57, 0xCE57, 0xCE37, 0xCE37, 0xCE57, 0xCE57, 0xCE57, 0xCE57, 0xCE57, 0xCE57, 0xCE57, 0xCE57,
    0xCE57, 0xCE57, 0xD678, 0xD698, 0xBDB5, 0xBDD5, 0xC616, 0xC636, 0xC616, 0xC616, 0xC636, 0xC636,
    0xCE37, 0xCE37, 0xCE57, 0xCE57, 0xCE37, 0xCE37, 0xCE37, 0xCE37, 0xCE37, 0xCE37, 0xCE37, 0xCE37,
    0xCE37, 0xCE37, 0xCE36, 0xCE36, 0xCE37, 0xCE37, 0xCE37, 0xCE36, 0xC636, 0xCE57, 0xCE78, 0xCE57,
    0xBDD5, 0xBDD5, 0xC616, 0xC636, 0xC636, 0xC636, 0xCE36, 0xCE36, 0xCE37, 0xCE36, 0xCE36, 0xC636,
    0xC636, 0xC636, 0xC636, 0xCE36, 0xCE36, 0xCE36, 0xCE37, 0xCE37, 0xCE57, 0xCE57, 0xCE37, 0xCE37,
    0xCE37, 0xCE37, 0xCE36, 0xCE36, 0xCE36, 0xCE57, 0xD678, 0xCE57, 0xBDD5, 0xBDB5, 0xC616, 0xCE37,
    0xCE37, 0xCE36, 0xC636, 0xC636, 0xC616, 0xC616, 0xC636, 0xCE36, 0xCE36, 0xCE36, 0xCE36, 0xC636,
    0xC636, 0xC616, 0xC616, 0xC616, 0xC616, 0xC616, 0xC616, 0xC616, 0xC616, 0xC616, 0xC616, 0xC616,
    0xC616, 0xCE36, 0xCE77, 0xCE57, 0xBDD5, 0xBDB4, 0xC616, 0xC636, 0xC636, 0xC636, 0xCE36, 0xCE36,
    0xCE36, 0xCE36, 0xCE57, 0xCE57, 0xCE57, 0xCE57, 0xCE37, 0xCE37, 0xCE57, 0xCE57, 0xCE37, 0xCE37,
    0xCE57, 0xCE57, 0xCE57, 0xCE57, 0xCE57, 0xCE57, 0xCE57, 0xCE57, 0xCE57, 0xCE57, 0xD678, 0xD698,
    0xBDD5, 0xBDF5, 0xC616, 0xC636, 0xC636, 0xC616, 0xC616, 0xC636, 0xCE37, 0xCE57, 0xCE57, 0xCE57,
    0xCE37, 0xCE37, 0xCE37, 0xCE37, 0xCE37, 0xCE37, 0xCE37, 0xCE37, 0xCE37, 0xCE37, 0xCE37, 0xCE37,
    0xCE37, 0xCE37, 0xCE37, 0xCE36, 0xCE36, 0xCE57, 0xD678, 0xCE57, 0xBDD5, 0xBDD5, 0xC616, 0xCE36,
    0xC636, 0xC636, 0xCE36, 0xCE36, 0xCE37, 0xCE36, 0xCE36, 0xCE36, 0xCE36, 0xCE36, 0xCE36, 0xCE36,
    0xCE36, 0xCE37, 0xCE37, 0xCE37, 0xCE57, 0xCE57, 0xCE57, 0xCE57, 0xCE37, 0xCE37, 0xCE36, 0xC636,
    0xCE36, 0xCE57, 0xD678, 0xCE57, 0xBDD5, 0xBDB5, 0xC616, 0xCE37, 0xCE36, 0xC636, 0xC636, 0xC616,
    0xC636, 0xC636, 0xCE36, 0xCE36, 0xC636, 0xC636, 0xC636, 0xC636, 0xC636, 0xC636, 0xC616, 0xC616,
    0xC616, 0xC616, 0xC616, 0xC616, 0xC616, 0xC636, 0xC636, 0xC616, 0xC616, 0xCE36, 0xCE77, 0xCE37,
    0xBDD5, 0xBDB5, 0xC616, 0xC636, 0xCE36, 0xCE36, 0xCE36, 0xCE36, 0xCE36, 0xCE36, 0xCE57, 0xCE57,
    0xCE57, 0xCE57, 0xCE57, 0xCE57, 0xCE57, 0xCE57, 0xCE57, 0xCE57, 0xCE57, 0xCE57, 0xCE57, 0xCE57,
    0xCE57, 0xCE57, 0xCE57, 0xCE57, 0xCE57, 0xCE57, 0xD678, 0xD698, 0xBDD5, 0xBDF5, 0xC616, 0xC636,
    0xC636, 0xC636, 0xC616, 0xC636, 0xCE37, 0xCE57, 0xCE57, 0xCE57, 0xCE37, 0xCE37, 0xCE37, 0xCE37,
    0xCE37, 0xCE37, 0xCE37, 0xCE37, 0xCE37, 0xCE37, 0xCE37, 0xCE37, 0xCE37, 0xCE37, 0xCE37, 0xCE36,
    0xCE36, 0xCE57, 0xD678, 0xCE57, 0xBDD5, 0xBDD5, 0xC616, 0xCE36, 0xC636, 0xCE36, 0xCE36, 0xCE36,
    0xCE37, 0xCE36, 0xCE36, 0xCE36, 0xCE36, 0xCE36, 0xCE36, 0xCE36, 0xCE37, 0xCE57, 0xCE57, 0xCE57,
    0xCE57, 0xCE57, 0xCE57, 0xCE37, 0xCE37, 0xCE37, 0xCE36, 0xCE36, 0xCE36, 0xCE57, 0xD678, 0xCE57,
    0xBDD5, 0xBDB5, 0xC616, 0xCE36, 0xCE36, 0xC636, 0xC616, 0xC616, 0xC636, 0xC636, 0xCE36, 0xC636,
    0xC636, 0xC636, 0xC636, 0xC636, 0xC636, 0xC636, 0xC636, 0xC616, 0xC616, 0xC616, 0xC616, 0xC616,
    0xC636, 0xC636, 0xC636, 0xC636, 0xC616, 0xCE36, 0xCE57, 0xCE37, 0xBDD5, 0xBDB5, 0xC616, 0xC636,
    0xCE36, 0xCE36, 0xCE36, 0xCE36, 0xCE36, 0xCE37, 0xCE37, 0xCE57, 0xCE57, 0xCE57, 0xCE57, 0xCE57,
    0xCE57, 0xCE57, 0xCE57, 0xCE57, 0xCE57, 0xCE57, 0xCE57, 0xCE57, 0xCE57, 0xCE57, 0xCE57, 0xCE57,
    0xCE57, 0xCE57, 0xD678, 0xD698, 0xBDD5, 0xBDF5, 0xC616, 0xC636, 0xC636, 0xC636, 0xC636, 0xC636,
    0xCE36, 0xCE37, 0xCE37, 0xCE37, 0xCE37, 0xCE37, 0xCE37, 0xCE37, 0xCE37, 0xCE37, 0xCE37, 0xCE37,
    0xCE37, 0xCE37, 0xCE57, 0xCE57, 0xCE37, 0xCE37, 0xCE57, 0xCE57, 0xCE36, 0xCE57, 0xD678, 0xCE57,
    0xBDD5, 0xBDD5, 0xC616, 0xCE36, 0xC636, 0xCE36, 0xCE36, 0xCE37, 0xCE36, 0xCE36, 0xCE36, 0xCE36,
    0xCE36, 0xCE36, 0xCE36, 0xCE57, 0xCE57, 0xCE57, 0xCE57, 0xCE57, 0xCE37, 0xCE37, 0xCE37, 0xCE37,
    0xCE37, 0xCE37, 0xCE37, 0xCE37, 0xCE37, 0xCE57, 0xD678, 0xCE57, 0xBDD5, 0xBDD5, 0xC616, 0xCE36,
    0xCE36, 0xC636, 0xC616, 0xC616, 0xC636, 0xC636, 0xC636, 0xC636, 0xC636, 0xC636, 0xC636, 0xCE36,
    0xCE36, 0xC636, 0xC636, 0xC636, 0xC616, 0xC616, 0xC616, 0xC616, 0xC636, 0xC636, 0xC636, 0xC636,
    0xC616, 0xCE36, 0xCE77, 0xCE57, 0xBDD5, 0xBDD5, 0xC616, 0xC636, 0xC636, 0xC636, 0xCE36, 0xCE36,
    0xCE37, 0xCE37, 0xCE37, 0xCE37, 0xCE57, 0xCE57, 0xCE57, 0xCE57, 0xCE57, 0xCE57, 0xCE57, 0xCE57,
    0xCE57, 0xCE57, 0xCE57, 0xCE57, 0xCE57, 0xCE57, 0xCE57, 0xCE57, 0xCE57, 0xCE77, 0xD678, 0xD698,
    0xBDD5, 0xBDF5, 0xC616, 0xC636, 0xC636, 0xC636, 0xC636, 0xC636, 0xCE36, 0xCE37, 0xCE37, 0xCE37,
    0xCE37, 0xCE37, 0xCE37, 0xCE37, 0xCE37, 0xCE37, 0xCE37, 0xCE37, 0xCE37, 0xCE37, 0xCE57, 0xCE57,
    0xCE37, 0xCE37, 0xCE57, 0xCE57, 0xCE37, 0xCE57, 0xD678, 0xCE57, 0xBDD5, 0xBDD5, 0xC616, 0xCE36,
    0xCE36, 0xCE36, 0xCE37, 0xCE37, 0xCE36, 0xCE36, 0xCE36, 0xCE36, 0xCE36, 0xCE36, 0xCE36, 0xCE57,
    0xCE57, 0xCE57, 0xCE57, 0xCE57, 0xCE37, 0xCE37, 0xCE37, 0xCE37, 0xCE37, 0xCE37, 0xCE37, 0xCE37,
    0xCE37, 0xCE57, 0xD698, 0xCE57, 0xBDD5, 0xBDD5, 0xC616, 0xCE36, 0xCE36, 0xC636, 0xC636, 0xC636,
    0xC636, 0xC636, 0xC636, 0xC636, 0xC636, 0xC636, 0xC636, 0xCE36, 0xCE37, 0xCE36, 0xC636, 0xC636,
    0xC636, 0xC616, 0xC616, 0xC616, 0xC636, 0xC636, 0xC636, 0xC636, 0xC616, 0xCE37, 0xCE78, 0xCE57,
    0xBDD5, 0xBDD5, 0xC616, 0xC636, 0xC636, 0xCE36, 0xCE36, 0xCE37, 0xCE37, 0xCE57, 0xCE37, 0xCE37,
    0xCE57, 0xCE57, 0xCE57, 0xCE57, 0xCE57, 0xCE57, 0xCE57, 0xCE57, 0xCE57, 0xCE57, 0xCE57, 0xCE57,
    0xCE57, 0xCE57, 0xCE57, 0xCE57, 0xCE57, 0xCE77, 0xD678, 0xD698, 0xBDD5, 0xBDD5, 0xC616, 0xCE36,
    0xCE36, 0xCE36, 0xCE36, 0xCE36, 0xCE36, 0xCE36, 0xCE36, 0xCE36, 0xCE36, 0xCE36, 0xCE37, 0xCE57,
    0xCE57, 0xCE57, 0xCE57, 0xCE37, 0xCE37, 0xCE37, 0xCE37, 0xCE37, 0xCE37, 0xCE37, 0xCE37, 0xCE37,
    0xCE37, 0xCE57, 0xD678, 0xCE57, 0xBDD5, 0xBDD5, 0xC616, 0xCE36, 0xCE36, 0xCE37, 0xCE37, 0xCE37,
    0xCE36, 0xCE36, 0xCE36, 0xCE36, 0xCE36, 0xCE36, 0xCE36, 0xCE36, 0xCE57, 0xCE57, 0xCE57, 0xCE57,
    0xCE57, 0xCE57, 0xCE57, 0xCE57, 0xCE57, 0xCE57, 0xCE57, 0xCE57, 0xCE37, 0xCE57, 0xD698, 0xCE77,
    0xC5F5, 0xBDD5, 0xC616, 0xCE36, 0xCE36, 0xCE36, 0xCE36, 0xCE36, 0xCE36, 0xCE37, 0xCE37, 0xCE36,
    0xC636, 0xC636, 0xC636, 0xC636, 0xCE36, 0xCE36, 0xC636, 0xC636, 0xC636, 0xC636, 0xC636, 0xC636,
    0xC616, 0xC636, 0xC636, 0xC636, 0xC636, 0xCE37, 0xD678, 0xCE57, 0xBDD5, 0xBDD5, 0xC616, 0xCE36,
    0xCE36, 0xCE36, 0xCE37, 0xCE37, 0xCE37, 0xCE37, 0xCE37, 0xCE37, 0xCE57, 0xCE57, 0xCE57, 0xCE57,
    0xCE57, 0xCE57, 0xCE57, 0xCE57, 0xCE57, 0xCE57, 0xCE57, 0xCE57, 0xCE57, 0xCE57, 0xCE57, 0xCE57,
    0xCE57, 0xCE77, 0xD678, 0xD698, 0xBDB4, 0xBDD5, 0xC5F6, 0xC616, 0xC616, 0xC616, 0xC616, 0xC616,
    0xC616, 0xC616, 0xC616, 0xC616, 0xC616, 0xC616, 0xC636, 0xC636, 0xC636, 0xC636, 0xC636, 0xC636,
    0xC616, 0xC616, 0xC616, 0xC616, 0xC616, 0xC616, 0xC616, 0xC616, 0xC616, 0xCE37, 0xCE78, 0xCE57,
    0xBDD5, 0xBDB4, 0xC5F5, 0xC616, 0xC636, 0xC636, 0xC636, 0xC636, 0xC616, 0xC616, 0xC616, 0xC616,
    0xC616, 0xC616, 0xC616, 0xC616, 0xC636, 0xC636, 0xCE36, 0xCE36, 0xCE36, 0xCE36, 0xC636, 0xC636,
    0xC636, 0xC636, 0xCE37, 0xCE37, 0xC636, 0xCE37, 0xD678, 0xCE57, 0xBDD5, 0xBDB4, 0xC5F6, 0xC616,
    0xC616, 0xC616, 0xC616, 0xC616, 0xC616, 0xC616, 0xC616, 0xC616, 0xC616, 0xC616, 0xC616, 0xC616,
    0xC616, 0xC616, 0xC616, 0xC616, 0xC616, 0xC616, 0xC616, 0xC616, 0xC616, 0xC616, 0xC616, 0xC616,
    0xC616, 0xC636, 0xCE57, 0xCE37, 0xBDD5, 0xBDB4, 0xC5F5, 0xC616, 0xC616, 0xC616, 0xC616, 0xC616,
    0xC636, 0xC636, 0xC616, 0xC616, 0xC636, 0xCE36, 0xCE36, 0xCE36, 0xCE36, 0xCE36, 0xCE36, 0xCE36,
    0xCE36, 0xCE36, 0xCE36, 0xCE36, 0xCE36, 0xCE36, 0xCE37, 0xCE37, 0xCE37, 0xCE57, 0xCE77, 0xCE78,
    0xB594, 0xBDB4, 0xBDD5, 0xBDD5, 0xBDD5, 0xBDD5, 0xBDD5, 0xBDD5, 0xBDF5, 0xBDF5, 0xBDD5, 0xBDD5,
    0xBDD5, 0xBDD5, 0xC5F5, 0xC5F5, 0xC5F5, 0xC5F5, 0xC5F5, 0xC5F5, 0xC5F5, 0xC5F5, 0xC5F5, 0xC5F5,
    0xC5F5, 0xC5F5, 0xBDF5, 0xBDF5, 0xC5F5, 0xC616, 0xCE36, 0xC616, 0xBDB4, 0xBDB4, 0xBDD5, 0xC5F5,
    0xC5F5, 0xC5F5, 0xC5F5, 0xC5F5, 0xC5F5, 0xC5F5, 0xC5F5, 0xC5F5, 0xBDD5, 0xBDD5, 0xBDD5, 0xBDF5,
    0xBDF5, 0xBDF5, 0xC5F5, 0xC5F5, 0xC5F5, 0xC5F5, 0xC5F5, 0xC5F5, 0xC5F5, 0xC5F5, 0xC5F6, 0xC5F6,
    0xC5F6, 0xC616, 0xC637, 0xC616, 0xBDB4, 0xB594, 0xBDD5, 0xC5F5, 0xBDF5, 0xBDF5, 0xBDD5, 0xBDD5,
    0xBDF5, 0xBDF5, 0xC5F5, 0xC5F5, 0xBDF5, 0xBDD5, 0xBDF5, 0xC5F5, 0xC5F5, 0xC5F5, 0xC5F5, 0xC5F5,
    0xBDF5, 0xBDD5, 0xBDD5, 0xBDD5, 0xBDD5, 0xBDD5, 0xBDF5, 0xBDD5, 0xBDD5, 0xC5F5, 0xC616, 0xC5F6,
    0xBDB4, 0xB5B4, 0xBDD5, 0xBDF5, 0xBDF5, 0xBDD5, 0xBDD5, 0xBDF5, 0xC5F5, 0xC5F5, 0xBDF5, 0xBDF5,
    0xC5F5, 0xC5F5, 0xBDF5, 0xC5F5, 0xC5F5, 0xC5F5, 0xC5F5, 0xC5F5, 0xC5F5, 0xC5F5, 0xC5F6, 0xC616,
    0xC5F5, 0xC5F5, 0xC5F6, 0xC5F6, 0xC616, 0xC616, 0xC636, 0xCE37, 0xB594, 0xBDB4, 0xBDD5, 0xBDD5,
    0xBDD5, 0xBDD5, 0xBDD5, 0xBDF5, 0xBDF5, 0xBDF5, 0xBDD5, 0xBDD5, 0xBDD5, 0xBDF5, 0xC5F5, 0xC5F5,
    0xC5F5, 0xBDF5, 0xBDF5, 0xC5F5, 0xC5F5, 0xC5F5, 0xC5F5, 0xC5F5, 0xC5F5, 0xC5F5, 0xC5F5, 0xC5F5,
    0xC5F5, 0xC616, 0xCE37, 0xC616, 0xBDB5, 0xBDB4, 0xBDD5, 0xC5F5, 0xC5F5, 0xC5F5, 0xC5F5, 0xC5F5,
    0xC5F5, 0xC5F5, 0xC5F5, 0xC5F5, 0xBDD5, 0xBDD5, 0xBDF5, 0xBDF5, 0xBDF5, 0xBDF5, 0xC5F5, 0xC5F5,
    0xC5F6, 0xC5F6, 0xC5F6, 0xC5F5, 0xC5F5, 0xC5F5, 0xC616, 0xC616, 0xC5F6, 0xC616, 0xC637, 0xC616,
    0xBDB4, 0xB594, 0xBDD5, 0xC5F5, 0xC5F5, 0xBDF5, 0xBDD5, 0xBDD5, 0xBDF5, 0xC5F5, 0xC5F5, 0xC5F5,
    0xBDF5, 0xBDF5, 0xC5F5, 0xC5F5, 0xC5F5, 0xC5F5, 0xC5F5, 0xC5F5, 0xC5F5, 0xBDD5, 0xBDD5, 0xBDD5,
    0xBDD5, 0xBDD5, 0xBDF5, 0xBDF5, 0xBDD5, 0xC5F5, 0xC616, 0xC616, 0xBDB5, 0xBDB4, 0xBDD5, 0xBDD5,
    0xBDD5, 0xBDD5, 0xBDD5, 0xBDD5, 0xC5F5, 0xC5F5, 0xC5F5, 0xC5F5, 0xC5F5, 0xC5F5, 0xBDF5, 0xBDF5,
    0xC5F5, 0xC5F5, 0xC5F5, 0xC5F5, 0xC5F5, 0xC5F5, 0xC5F6, 0xC5F5, 0xC5F5, 0xC5F5, 0xC5F5, 0xC5F6,
    0xC5F6, 0xC616, 0xC636, 0xC636, 0xBDD5, 0xBDD5, 0xC616, 0xC616, 0xC616, 0xC636, 0xC616, 0xC616,
    0xC616, 0xC616, 0xC616, 0xC616, 0xC616, 0xC616, 0xC636, 0xC636, 0xC636, 0xC636, 0xC636, 0xC636,
    0xC636, 0xC636, 0xC636, 0xC636, 0xC636, 0xC636, 0xCE36, 0xCE36, 0xCE36, 0xCE57, 0xD678, 0xCE57,
    0xBDF5, 0xBDD5, 0xC616, 0xCE36, 0xCE36, 0xCE36, 0xCE36, 0xCE36, 0xCE36, 0xCE36, 0xCE36, 0xCE36,
    0xCE36, 0xC636, 0xC636, 0xC636, 0xC636, 0xC636, 0xCE37, 0xCE37, 0xCE37, 0xCE37, 0xCE37, 0xCE37,
    0xCE37, 0xCE37, 0xCE57, 0xCE57, 0xCE37, 0xCE57, 0xCE78, 0xCE57, 0xBDD5, 0xBDD5, 0xC616, 0xCE37,
    0xCE37, 0xC636, 0xC616, 0xC616, 0xC616, 0xC616, 0xC636, 0xC636, 0xC616, 0xC616, 0xC636, 0xC636,
    0xC636, 0xC636, 0xC616, 0xC636, 0xC636, 0xC636, 0xC616, 0xC616, 0xC616, 0xC616, 0xC616, 0xC616,
    0xC616, 0xC636, 0xCE57, 0xCE37, 0xBDD5, 0xBDD5, 0xC5F6, 0xC616, 0xC616, 0xC616, 0xC616, 0xC616,
    0xC636, 0xC636, 0xC636, 0xC636, 0xCE36, 0xC636, 0xC636, 0xC636, 0xC636, 0xC636, 0xC636, 0xCE36,
    0xCE36, 0xCE36, 0xC636, 0xC636, 0xC636, 0xC636, 0xC636, 0xC636, 0xCE36, 0xCE37, 0xCE57, 0xCE77,
    0xBDD5, 0xC5F5, 0xC616, 0xCE36, 0xCE37, 0xCE37, 0xCE37, 0xCE36, 0xCE36, 0xCE36, 0xCE37, 0xCE37,
    0xCE36, 0xCE37, 0xCE37, 0xCE37, 0xCE57, 0xCE57, 0xCE37, 0xCE37, 0xCE57, 0xCE57, 0xCE57, 0xCE37,
    0xCE37, 0xCE37, 0xCE57, 0xCE57, 0xCE57, 0xCE77, 0xD698, 0xCE78, 0xC5F5, 0xBDD5, 0xC616, 0xCE57,
    0xCE57, 0xCE57, 0xCE57, 0xCE57, 0xCE57, 0xCE57, 0xCE57, 0xCE57, 0xCE57, 0xCE57, 0xCE57, 0xCE57,
    0xCE57, 0xCE57, 0xCE57, 0xCE57, 0xCE57, 0xCE57, 0xCE57, 0xCE57, 0xCE57, 0xCE57, 0xCE57, 0xCE77,
    0xCE57, 0xCE77, 0xD698, 0xCE78, 0xC5F6, 0xBDF5, 0xCE36, 0xCE57, 0xCE57, 0xCE57, 0xCE37, 0xCE37,
    0xCE37, 0xCE37, 0xCE57, 0xCE57, 0xCE37, 0xCE37, 0xCE37, 0xCE37, 0xCE37, 0xCE37, 0xCE37, 0xCE37,
    0xCE37, 0xCE37, 0xC636, 0xC636, 0xC636, 0xC636, 0xCE36, 0xCE36, 0xC636, 0xCE57, 0xCE78, 0xCE57,
    0xBDF5, 0xBDD5, 0xC616, 0xC636, 0xCE36, 0xCE36, 0xCE36, 0xCE37, 0xCE37, 0xCE37, 0xCE57, 0xCE57,
    0xCE57, 0xCE57, 0xCE37, 0xCE36, 0xCE36, 0xCE36, 0xCE57, 0xCE57, 0xCE57, 0xCE37, 0xCE36, 0xCE36,
    0xCE36, 0xCE36, 0xCE36, 0xCE37, 0xCE37, 0xCE57, 0xCE78, 0xD678, 0xBDD5, 0xC5F5, 0xC616, 0xCE36,
    0xCE36, 0xCE36, 0xC636, 0xC636, 0xC636, 0xC636, 0xC636, 0xC636, 0xC636, 0xC636, 0xCE36, 0xCE37,
    0xCE37, 0xCE37, 0xCE57, 0xCE57, 0xCE57, 0xCE57, 0xCE37, 0xCE36, 0xCE36, 0xCE36, 0xCE36, 0xCE37,
    0xCE57, 0xCE57, 0xD698, 0xCE78, 0xBDF5, 0xBDD5, 0xC616, 0xCE37, 0xCE36, 0xCE37, 0xCE57, 0xCE57,
    0xCE57, 0xCE57, 0xCE57, 0xCE57, 0xCE57, 0xCE57, 0xCE57, 0xCE57, 0xCE57, 0xCE57, 0xCE57, 0xCE57,
    0xCE57, 0xCE57, 0xCE57, 0xCE57, 0xCE57, 0xCE57, 0xCE57, 0xCE57, 0xCE57, 0xCE77, 0xD698, 0xD678,
    0xC5F6, 0xBDD5, 0xC636, 0xCE57, 0xCE57, 0xCE37, 0xCE37, 0xCE37, 0xCE37, 0xCE37, 0xCE57, 0xCE37,
    0xCE37, 0xC636, 0xC636, 0xC636, 0xC636, 0xC636, 0xC636, 0xC636, 0xCE36, 0xCE37, 0xC636, 0xC636,
    0xC616, 0xC616, 0xC616, 0xC616, 0xC616, 0xCE37, 0xCE77, 0xCE57, 0xBDD5, 0xBDB4, 0xC5F6, 0xC636,
    0xC636, 0xC636, 0xC636, 0xC636, 0xCE36, 0xCE37, 0xCE37, 0xCE37, 0xCE36, 0xCE36, 0xCE36, 0xCE36,
    0xCE36, 0xCE36, 0xCE36, 0xCE36, 0xCE36, 0xCE36, 0xCE36, 0xCE36, 0xCE36, 0xCE36, 0xCE36, 0xCE36,
    0xCE36, 0xCE57, 0xD677, 0xD678, 0xBDD5, 0xC5F5, 0xC616, 0xCE36, 0xCE36, 0xCE36, 0xC616, 0xC616,
    0xC616, 0xC616, 0xC636, 0xC636, 0xC636, 0xC636, 0xC636, 0xCE36, 0xCE37, 0xCE37, 0xCE57, 0xCE57,
    0xCE57, 0xCE37, 0xCE37, 0xCE36, 0xCE36, 0xCE36, 0xCE36, 0xCE37, 0xCE37, 0xCE57, 0xD698, 0xCE78,
    0xBDF5, 0xBDD5, 0xC616, 0xCE36, 0xCE36, 0xCE36, 0xCE57, 0xCE57, 0xCE57, 0xCE57, 0xCE57, 0xCE57,
    0xCE57, 0xCE57, 0xCE57, 0xCE57, 0xCE37, 0xCE37, 0xCE57, 0xCE57, 0xCE57, 0xCE57, 0xCE57, 0xCE57,
    0xCE57, 0xCE57, 0xCE57, 0xCE57, 0xCE57, 0xCE57, 0xD698, 0xD678, 0xC5F6, 0xBDD5, 0xC616, 0xCE57,
    0xCE37, 0xCE37, 0xCE37, 0xCE37, 0xCE37, 0xCE37, 0xCE37, 0xCE37, 0xCE37, 0xC636, 0xC636, 0xC636,
    0xC636, 0xC636, 0xC636, 0xC636, 0xC636, 0xC636, 0xC636, 0xC636, 0xC616, 0xC616, 0xC616, 0xC616,
    0xC616, 0xCE36, 0xCE77, 0xCE37, 0xBDD5, 0xBDB4, 0xC5F5, 0xC616, 0xC616, 0xC616, 0xC636, 0xC636,
    0xC636, 0xC636, 0xC636, 0xC636, 0xC636, 0xC636, 0xCE36, 0xCE36, 0xC636, 0xC636, 0xCE36, 0xCE36,
    0xCE36, 0xCE36, 0xC636, 0xC636, 0xC636, 0xC636, 0xCE36, 0xCE36, 0xCE36, 0xCE57, 0xD677, 0xD678,
    0xBDD5, 0xC5F5, 0xC616, 0xCE36, 0xCE36, 0xCE36, 0xC616, 0xC616, 0xC616, 0xC636, 0xC636, 0xCE36,
    0xCE36, 0xCE36, 0xCE36, 0xCE37, 0xCE37, 0xCE37, 0xCE57, 0xCE57, 0xCE37, 0xCE37, 0xCE37, 0xCE36,
    0xCE36, 0xCE36, 0xCE37, 0xCE37, 0xCE57, 0xCE57, 0xD698, 0xCE78, 0xC5F5, 0xBDD5, 0xC616, 0xCE36,
    0xCE36, 0xCE36, 0xCE37, 0xCE57, 0xCE57, 0xCE57, 0xCE57, 0xCE57, 0xCE57, 0xCE57, 0xCE37, 0xCE37,
    0xCE37, 0xCE37, 0xCE57, 0xCE57, 0xCE57, 0xCE57, 0xCE57, 0xCE57, 0xCE57, 0xCE57, 0xCE57, 0xCE57,
    0xCE57, 0xCE57, 0xD698, 0xD678, 0xC5F5, 0xBDD5, 0xC616, 0xCE37, 0xCE37, 0xCE37, 0xCE37, 0xCE37,
    0xCE37, 0xCE37, 0xCE37, 0xCE37, 0xCE37, 0xC636, 0xC636, 0xC636, 0xC636, 0xC636, 0xC636, 0xC636,
    0xC636, 0xC636, 0xC636, 0xC636, 0xC636, 0xC616, 0xC616, 0xC616, 0xC616, 0xCE36, 0xCE77, 0xCE57,
    0xBDD5, 0xBDB4, 0xC5F5, 0xC616, 0xC616, 0xC616, 0xC616, 0xC636, 0xC636, 0xC636, 0xC636, 0xC636,
    0xC636, 0xC636, 0xCE36, 0xCE36, 0xC616, 0xC616, 0xCE36, 0xCE36, 0xCE36, 0xC636, 0xC636, 0xC636,
    0xC616, 0xC636, 0xCE36, 0xCE36, 0xCE36, 0xCE57, 0xD677, 0xD678, 0xBDD5, 0xC5F5, 0xC616, 0xCE36,
    0xCE36, 0xCE36, 0xC616, 0xC616, 0xC616, 0xC636, 0xCE36, 0xCE36, 0xCE36, 0xCE36, 0xCE37, 0xCE37,
    0xCE37, 0xCE37, 0xCE37, 0xCE57, 0xCE37, 0xCE37, 0xCE37, 0xCE37, 0xCE37, 0xCE37, 0xCE37, 0xCE37,
    0xCE37, 0xCE57, 0xD698, 0xCE78, 0xC5F5, 0xBDD5, 0xC616, 0xCE36, 0xCE36, 0xCE36, 0xCE37, 0xCE37,
    0xCE57, 0xCE57, 0xCE57, 0xCE57, 0xCE57, 0xCE57, 0xCE37, 0xCE37, 0xCE37, 0xCE37, 0xCE57, 0xCE57,
    0xCE57, 0xCE57, 0xCE57, 0xCE57, 0xCE57, 0xCE57, 0xCE57, 0xCE57, 0xCE57, 0xCE57, 0xD698, 0xD678,
    0xC5F5, 0xBDD5, 0xC616, 0xCE37, 0xCE37, 0xCE37, 0xCE37, 0xCE37, 0xCE37, 0xCE37, 0xCE37, 0xCE37,
    0xCE37, 0xC636, 0xC636, 0xC636, 0xC636, 0xC636, 0xCE36, 0xCE37, 0xCE36, 0xC636, 0xC636, 0xC636,
    0xC636, 0xC636, 0xC616, 0xC616, 0xC616, 0xCE37, 0xCE78, 0xCE57, 0xBDD5, 0xBDB4, 0xC5F5, 0xC616,
    0xC616, 0xC616, 0xC616, 0xC636, 0xC636, 0xC636, 0xC636, 0xC636, 0xC636, 0xC636, 0xCE36, 0xCE36,
    0xC636, 0xC636, 0xCE36, 0xCE36, 0xCE36, 0xC636, 0xC636, 0xC636, 0xC636, 0xCE36, 0xCE36, 0xCE36,
    0xCE36, 0xCE57, 0xD677, 0xD678, 0xBDD5, 0xC5F5, 0xC616, 0xCE36, 0xCE36, 0xCE36, 0xCE36, 0xC636,
    0xC636, 0xC636, 0xCE36, 0xCE36, 0xCE37, 0xCE37, 0xCE36, 0xCE36, 0xCE37, 0xCE37, 0xCE37, 0xCE37,
    0xCE37, 0xCE37, 0xCE37, 0xCE37, 0xCE37, 0xCE37, 0xCE37, 0xCE37, 0xCE37, 0xCE57, 0xD698, 0xCE77,
    0xC5F5, 0xBDD5, 0xC616, 0xCE37, 0xCE37, 0xCE37, 0xCE37, 0xCE37, 0xCE37, 0xCE57, 0xCE57, 0xCE57,
    0xCE57, 0xCE37, 0xCE57, 0xCE57, 0xCE57, 0xCE57, 0xCE57, 0xCE57, 0xCE57, 0xCE57, 0xCE57, 0xCE57,
    0xCE57, 0xCE57, 0xCE57, 0xCE57, 0xCE57, 0xCE77, 0xD698, 0xD678, 0xC5F5, 0xBDD5, 0xC616, 0xCE57,
    0xCE37, 0xCE37, 0xCE37, 0xCE37, 0xCE57, 0xCE57, 0xCE37, 0xCE37, 0xCE37, 0xCE36, 0xC636, 0xC636,
    0xC636, 0xCE36, 0xCE37, 0xCE37, 0xCE37, 0xCE36, 0xC636, 0xC636, 0xC636, 0xC636, 0xC636, 0xC636,
    0xC636, 0xCE37, 0xD678, 0xCE57, 0xBDD5, 0xBDB4, 0xC5F6, 0xC616, 0xC616, 0xC616, 0xC616, 0xC636,
    0xC636, 0xC636, 0xC636, 0xC636, 0xC636, 0xC636, 0xCE36, 0xCE36, 0xCE36, 0xCE36, 0xCE37, 0xCE36,
    0xCE36, 0xCE36, 0xC636, 0xC636, 0xCE36, 0xCE36, 0xCE36, 0xCE36, 0xCE36, 0xCE57, 0xCE77, 0xD678,
    0xBDD5, 0xC5F5, 0xC616, 0xCE36, 0xCE36, 0xCE36, 0xCE36, 0xCE36, 0xCE36, 0xCE36, 0xCE36, 0xCE36,
    0xCE36, 0xCE37, 0xCE36, 0xCE36, 0xCE37, 0xCE37, 0xCE37, 0xCE37, 0xCE37, 0xCE37, 0xCE37, 0xCE37,
    0xCE37, 0xCE37, 0xCE37, 0xCE37, 0xCE37, 0xCE57, 0xD698, 0xCE77, 0xBDF5, 0xBDD5, 0xC616, 0xCE37,
    0xCE37, 0xCE37, 0xCE57, 0xCE57, 0xCE57, 0xCE57, 0xCE57, 0xCE57, 0xCE57, 0xCE57, 0xCE57, 0xCE57,
    0xCE57, 0xCE57, 0xCE57, 0xCE57, 0xCE57, 0xCE57, 0xCE57, 0xCE57, 0xCE57, 0xCE57, 0xCE57, 0xCE57,
    0xCE57, 0xCE78, 0xD698, 0xD678, 0xC5F5, 0xBDD5, 0xC616, 0xCE57, 0xCE37, 0xCE37, 0xCE37, 0xCE57,
    0xCE57, 0xCE57, 0xCE37, 0xCE37, 0xCE37, 0xCE37, 0xCE36, 0xCE36, 0xCE36, 0xCE37, 0xCE37, 0xCE37,
    0xCE37, 0xCE36, 0xC636, 0xC636, 0xC636, 0xC636, 0xC636, 0xC636, 0xC636, 0xCE57, 0xD678, 0xCE57,
    0xBDD5, 0xBDB4, 0xC5F6, 0xC616, 0xC616, 0xC616, 0xC636, 0xC636, 0xC636, 0xCE36, 0xCE36, 0xCE36,
    0xCE36, 0xCE36, 0xCE36, 0xCE36, 0xCE36, 0xCE36, 0xCE36, 0xCE36, 0xCE36, 0xCE36, 0xC636, 0xCE36,
    0xCE36, 0xCE36, 0xCE36, 0xCE37, 0xCE36, 0xCE57, 0xCE77, 0xD678, 0xBDD5, 0xC5F5, 0xC636, 0xCE36,
    0xCE36, 0xCE36, 0xCE36, 0xCE36, 0xCE36, 0xCE36, 0xCE36, 0xCE36, 0xCE36, 0xCE36, 0xCE36, 0xCE36,
    0xCE36, 0xCE37, 0xCE37, 0xCE37, 0xCE37, 0xCE36, 0xCE37, 0xCE37, 0xCE37, 0xCE37, 0xCE37, 0xCE37,
    0xCE37, 0xCE57, 0xD698, 0xCE57, 0xBDD5, 0xBDD5, 0xC616, 0xCE37, 0xCE37, 0xCE37, 0xCE57, 0xCE57,
    0xCE57, 0xCE57, 0xCE57, 0xCE57, 0xCE57, 0xCE57, 0xCE57, 0xCE57, 0xCE57, 0xCE57, 0xCE57, 0xCE57,
    0xCE57, 0xCE57, 0xCE57, 0xCE57, 0xCE57, 0xCE57, 0xCE57, 0xCE57, 0xCE57, 0xD678, 0xD698, 0xCE78,
    0xC5F5, 0xBDD5, 0xC616, 0xCE37, 0xCE57, 0xCE57, 0xCE57, 0xCE57, 0xCE57, 0xCE57, 0xCE57, 0xCE37,
    0xCE37, 0xCE37, 0xCE37, 0xCE37, 0xCE57, 0xCE57, 0xCE37, 0xCE37, 0xCE36, 0xCE36, 0xC636, 0xC616,
    0xC636, 0xC636, 0xCE36, 0xCE36, 0xC636, 0xCE57, 0xD698, 0xCE57, 0xBDD5, 0xBDB4, 0xC5F6, 0xC636,
    0xC636, 0xC636, 0xC636, 0xCE36, 0xCE36, 0xCE36, 0xCE36, 0xCE36, 0xCE36, 0xCE36, 0xCE36, 0xCE36,
    0xCE36, 0xCE36, 0xCE36, 0xCE36, 0xCE36, 0xC636, 0xCE36, 0xCE36, 0xCE36, 0xCE36, 0xCE36, 0xCE36,
    0xCE36, 0xCE57, 0xD677, 0xD698, 0xBDD5, 0xC5F5, 0xC636, 0xCE36, 0xCE36, 0xCE36, 0xCE36, 0xCE36,
    0xCE36, 0xCE36, 0xC636, 0xC636, 0xCE36, 0xCE36, 0xCE36, 0xCE36, 0xCE36, 0xCE36, 0xCE36, 0xCE36,
    0xCE36, 0xCE36, 0xCE37, 0xCE37, 0xCE36, 0xCE36, 0xCE37, 0xCE37, 0xCE37, 0xCE57, 0xD698, 0xCE57,
    0xBDD5, 0xBDD5, 0xC616, 0xCE36, 0xCE36, 0xCE37, 0xCE57, 0xCE57, 0xCE57, 0xCE57, 0xCE57, 0xCE57,
    0xCE57, 0xCE57, 0xCE57, 0xCE57, 0xCE57, 0xCE57, 0xCE57, 0xCE57, 0xCE57, 0xCE57, 0xCE57, 0xCE57,
    0xCE57, 0xCE57, 0xCE57, 0xCE57, 0xCE57, 0xD678, 0xD698, 0xCE78, 0xBDF5, 0xBDD5, 0xC616, 0xCE37,
    0xCE57, 0xCE57, 0xCE57, 0xCE57, 0xCE57, 0xCE57, 0xCE57, 0xCE57, 0xCE37, 0xCE37, 0xCE37, 0xCE37,
    0xCE57, 0xCE57, 0xCE37, 0xCE37, 0xCE36, 0xCE36, 0xC636, 0xC636, 0xC636, 0xC636, 0xCE36, 0xCE36,
    0xCE36, 0xCE57, 0xD698, 0xCE77, 0xBDD5, 0xBDB4, 0xC616, 0xC636, 0xCE36, 0xCE36, 0xCE36, 0xCE36,
    0xCE37, 0xCE37, 0xCE36, 0xCE36, 0xCE36, 0xCE36, 0xCE36, 0xCE36, 0xCE36, 0xCE36, 0xCE36, 0xCE36,
    0xC636, 0xC636, 0xCE36, 0xCE36, 0xCE36, 0xCE36, 0xCE36, 0xCE36, 0xCE36, 0xCE57, 0xD677, 0xD698,
    0xBDD5, 0xC5F5, 0xC616, 0xCE36, 0xC636, 0xC636, 0xC636, 0xCE36, 0xCE36, 0xCE36, 0xCE36, 0xCE36,
    0xCE36, 0xCE36, 0xCE36, 0xCE36, 0xCE36, 0xCE36, 0xCE36, 0xCE36, 0xCE36, 0xCE36, 0xCE37, 0xCE37,
    0xCE37, 0xCE37, 0xCE37, 0xCE37, 0xCE37, 0xCE57, 0xD698, 0xCE77, 0xBDD5, 0xBDD4, 0xC616, 0xCE36,
    0xCE37, 0xCE57, 0xCE57, 0xCE57, 0xCE57, 0xCE57, 0xCE57, 0xCE57, 0xCE57, 0xCE57, 0xCE57, 0xCE57,
    0xCE57, 0xCE57, 0xCE57, 0xCE57, 0xCE57, 0xCE57, 0xCE57, 0xCE57, 0xCE57, 0xCE57, 0xCE57, 0xCE57,
    0xCE57, 0xCE77, 0xD698, 0xCE78, 0xBDF5, 0xBDD5, 0xC616, 0xCE37, 0xCE57, 0xCE57, 0xCE57, 0xCE57,
    0xCE57, 0xCE57, 0xCE57, 0xCE57, 0xCE37, 0xCE37, 0xCE37, 0xCE37, 0xCE57, 0xCE57, 0xCE57, 0xCE37,
    0xCE36, 0xCE36, 0xC636, 0xC636, 0xC636, 0xC636, 0xCE36, 0xCE36, 0xC636, 0xCE57, 0xD698, 0xCE77,
    0xBDF5, 0xBDD5, 0xC616, 0xC636, 0xCE36, 0xCE36, 0xCE36, 0xCE36, 0xCE37, 0xCE37, 0xCE37, 0xCE36,
    0xCE36, 0xCE36, 0xCE36, 0xCE36, 0xCE36, 0xCE36, 0xCE36, 0xCE36, 0xCE36, 0xCE36, 0xCE36, 0xCE36,
    0xC636, 0xCE36, 0xCE36, 0xCE36, 0xCE36, 0xCE57, 0xD678, 0xD698, 0xBDD5, 0xC5F5, 0xC616, 0xCE36,
    0xC636, 0xC636, 0xC636, 0xCE36, 0xCE36, 0xCE36, 0xCE36, 0xCE36, 0xCE36, 0xCE36, 0xCE36, 0xCE36,
    0xCE36, 0xCE36, 0xCE36, 0xCE36, 0xCE36, 0xCE36, 0xCE37, 0xCE37, 0xCE37, 0xCE37, 0xCE37, 0xCE37,
    0xCE37, 0xCE57, 0xD698, 0xCE77, 0xBDD5, 0xBDD5, 0xC616, 0xCE37, 0xCE57, 0xCE57, 0xCE57, 0xCE57,
    0xCE57, 0xCE57, 0xCE57, 0xCE57, 0xCE57, 0xCE57, 0xCE57, 0xCE57, 0xCE57, 0xCE57, 0xCE57, 0xCE57,
    0xCE57, 0xCE57, 0xCE57, 0xCE57, 0xCE57, 0xCE57, 0xCE57, 0xCE57, 0xCE57, 0xCE77, 0xD698, 0xD678,
    0xBDF5, 0xBDD5, 0xC616, 0xCE37, 0xCE57, 0xCE57, 0xCE37, 0xCE37, 0xCE37, 0xCE37, 0xCE57, 0xCE57,
    0xCE37, 0xCE37, 0xCE37, 0xCE37, 0xCE57, 0xCE57, 0xCE57, 0xCE37, 0xCE36, 0xC636, 0xC636, 0xC636,
    0xC636, 0xC636, 0xCE36, 0xCE36, 0xC636, 0xCE57, 0xD678, 0xCE57, 0xBDF5, 0xBDD5, 0xC616, 0xC636,
    0xCE36, 0xCE36, 0xC636, 0xC636, 0xCE37, 0xCE37, 0xCE37, 0xCE36, 0xC636, 0xC636, 0xCE36, 0xCE36,
    0xCE36, 0xCE36, 0xCE36, 0xCE36, 0xCE36, 0xCE36, 0xCE36, 0xCE36, 0xC636, 0xCE36, 0xCE36, 0xCE36,
    0xCE36, 0xCE57, 0xCE77, 0xD698, 0xBDD5, 0xC5F5, 0xC616, 0xCE36, 0xCE36, 0xCE36, 0xCE36, 0xCE36,
    0xCE36, 0xCE36, 0xCE36, 0xCE36, 0xCE36, 0xCE36, 0xCE36, 0xCE37, 0xCE36, 0xCE36, 0xCE36, 0xCE36,
    0xCE37, 0xCE37, 0xCE37, 0xCE37, 0xCE37, 0xCE57, 0xCE57, 0xCE57, 0xCE37, 0xCE57, 0xD698, 0xCE57,
    0xBDF5, 0xBDD5, 0xC616, 0xCE37, 0xCE57, 0xCE57, 0xCE57, 0xCE57, 0xCE57, 0xCE57, 0xCE57, 0xCE57,
    0xCE57, 0xCE57, 0xCE57, 0xCE57, 0xCE57, 0xCE57, 0xCE57, 0xCE57, 0xCE57, 0xCE57, 0xCE57, 0xCE57,
    0xCE57, 0xCE57, 0xCE57, 0xCE57, 0xCE57, 0xCE77, 0xD698, 0xD678, 0xBDD5, 0xBDB5, 0xC616, 0xCE37,
    0xCE57, 0xCE57, 0xCE37, 0xCE37, 0xCE37, 0xCE37, 0xCE57, 0xCE57, 0xCE37, 0xCE37, 0xCE57, 0xCE57,
    0xCE37, 0xCE37, 0xCE37, 0xCE37, 0xCE36, 0xC636, 0xC636, 0xC636, 0xC636, 0xC636, 0xCE36, 0xC636,
    0xC636, 0xCE37, 0xD678, 0xCE57, 0xBDD5, 0xBDB4, 0xC616, 0xC636, 0xC636, 0xC636, 0xC636, 0xC636,
    0xCE37, 0xCE37, 0xCE36, 0xC636, 0xC636, 0xC636, 0xC636, 0xC636, 0xC636, 0xC636, 0xC636, 0xC636,
    0xC636, 0xC636, 0xC636, 0xC636, 0xCE36, 0xCE36, 0xCE36, 0xCE36, 0xCE36, 0xCE36, 0xCE77, 0xD678,
    0xBDD5, 0xC5F5, 0xC616, 0xCE36, 0xCE36, 0xCE36, 0xCE36, 0xCE36, 0xCE36, 0xCE36, 0xCE36, 0xCE36,
    0xCE36, 0xCE36, 0xCE37, 0xCE37, 0xCE57, 0xCE36, 0xCE36, 0xCE36, 0xCE37, 0xCE37, 0xCE37, 0xCE37,
    0xCE37, 0xCE57, 0xCE57, 0xCE57, 0xCE57, 0xCE57, 0xD698, 0xCE77, 0xBDF5, 0xBDD5, 0xC616, 0xCE57,
    0xCE57, 0xCE57, 0xCE57, 0xCE57, 0xCE57, 0xCE57, 0xCE57, 0xCE57, 0xCE57, 0xCE57, 0xCE57, 0xCE57,
    0xCE57, 0xCE57, 0xCE57, 0xCE57, 0xCE57, 0xCE57, 0xCE57, 0xCE57, 0xCE57, 0xCE57, 0xCE57, 0xCE57,
    0xCE57, 0xCE77, 0xD698, 0xD678, 0xBDD5, 0xBDB5, 0xC616, 0xCE37, 0xCE37, 0xCE57, 0xCE37, 0xCE37,
    0xCE37, 0xCE37, 0xCE57, 0xCE57, 0xCE37, 0xCE37, 0xCE57, 0xCE57, 0xCE57, 0xCE37, 0xCE37, 0xCE36,
    0xC636, 0xC616, 0xC616, 0xC616, 0xC636, 0xC636, 0xCE36, 0xC636, 0xC636, 0xCE37, 0xD678, 0xCE57,
    0xBDD5, 0xBDB4, 0xC616, 0xC636, 0xC636, 0xC636, 0xC636, 0xC636, 0xCE37, 0xCE37, 0xCE36, 0xC636,
    0xC636, 0xC636, 0xC636, 0xC636, 0xC636, 0xC636, 0xC636, 0xC636, 0xC636, 0xC636, 0xC636, 0xC636,
    0xCE36, 0xCE36, 0xCE36, 0xCE36, 0xCE36, 0xCE36, 0xCE77, 0xD677, 0xBDD5, 0xBDD5, 0xC616, 0xC636,
    0xCE36, 0xCE36, 0xC636, 0xC636, 0xCE36, 0xCE37, 0xCE36, 0xCE36, 0xCE36, 0xCE36, 0xCE36, 0xCE36,
    0xCE36, 0xCE36, 0xCE36, 0xCE36, 0xCE57, 0xCE57, 0xCE57, 0xCE37, 0xCE37, 0xCE57, 0xCE57, 0xCE57,
    0xCE57, 0xCE57, 0xD698, 0xCE78, 0xC5F5, 0xBDF5, 0xC636, 0xCE57, 0xCE57, 0xCE57, 0xCE57, 0xCE57,
    0xCE37, 0xCE57, 0xCE57, 0xCE57, 0xCE57, 0xCE57, 0xCE57, 0xCE57, 0xCE57, 0xCE57, 0xCE57, 0xCE57,
    0xCE57, 0xCE57, 0xCE57, 0xCE57, 0xCE57, 0xCE57, 0xCE57, 0xCE57, 0xCE57, 0xCE77, 0xD698, 0xD678,
    0xC5F5, 0xBDD5, 0xC616, 0xCE36, 0xCE37, 0xCE37, 0xCE57, 0xCE57, 0xCE57, 0xCE57, 0xCE57, 0xCE57,
    0xCE37, 0xCE37, 0xCE57, 0xCE57, 0xCE57, 0xCE37, 0xCE37, 0xCE36, 0xC616, 0xC616, 0xC616, 0xC636,
    0xC636, 0xC636, 0xCE36, 0xC636, 0xC636, 0xCE37, 0xD678, 0xCE57, 0xBDD5, 0xBDB4, 0xC5F6, 0xC636,
    0xC636, 0xC636, 0xC636, 0xC636, 0xCE37, 0xCE37, 0xC636, 0xC636, 0xCE36, 0xCE36, 0xCE36, 0xCE36,
    0xCE36, 0xCE36, 0xCE36, 0xCE36, 0xC636, 0xC636, 0xC636, 0xC636, 0xCE36, 0xCE36, 0xCE36, 0xCE36,
    0xCE36, 0xCE57, 0xCE77, 0xD678, 0xBDD5, 0xBDD5, 0xC616, 0xC636, 0xCE36, 0xCE36, 0xC636, 0xC636,
    0xC636, 0xCE36, 0xCE36, 0xCE36, 0xCE36, 0xCE36, 0xCE36, 0xCE36, 0xCE36, 0xCE36, 0xCE36, 0xCE36,
    0xCE57, 0xCE57, 0xCE57, 0xCE57, 0xCE37, 0xCE37, 0xCE57, 0xCE57, 0xCE57, 0xCE57, 0xD698, 0xCE78,
    0xC5F6, 0xBDF5, 0xCE36, 0xCE57, 0xCE57, 0xCE57, 0xCE57, 0xCE57, 0xCE57, 0xCE57, 0xCE57, 0xCE57,
    0xCE57, 0xCE57, 0xCE57, 0xCE57, 0xCE57, 0xCE57, 0xCE57, 0xCE57, 0xCE57, 0xCE57, 0xCE57, 0xCE57,
    0xCE57, 0xCE57, 0xCE57, 0xCE57, 0xCE57, 0xCE77, 0xD698, 0xD678, 0xC5F5, 0xBDD5, 0xC616, 0xCE36,
    0xCE37, 0xCE57, 0xCE57, 0xCE57, 0xCE57, 0xCE57, 0xCE57, 0xCE37, 0xCE37, 0xCE37, 0xCE57, 0xCE57,
    0xCE57, 0xCE37, 0xCE37, 0xCE36, 0xC636, 0xC616, 0xC636, 0xC636, 0xC636, 0xC636, 0xCE36, 0xCE36,
    0xC636, 0xCE57, 0xD678, 0xCE57, 0xBDD5, 0xBDB5, 0xC5F6, 0xC636, 0xC636, 0xC636, 0xC636, 0xC636,
    0xCE36, 0xCE36, 0xCE36, 0xCE36, 0xCE36, 0xCE36, 0xCE36, 0xCE36, 0xCE36, 0xCE36, 0xCE36, 0xCE36,
    0xC636, 0xC636, 0xC636, 0xC636, 0xCE36, 0xCE36, 0xCE36, 0xCE36, 0xCE36, 0xCE57, 0xCE77, 0xD678,
    0xBDD5, 0xBDF5, 0xC616, 0xCE36, 0xCE36, 0xCE36, 0xC636, 0xC636, 0xC636, 0xCE36, 0xCE36, 0xCE37,
    0xCE37, 0xCE37, 0xCE36, 0xCE36, 0xCE36, 0xCE36, 0xCE36, 0xCE36, 0xCE36, 0xCE37, 0xCE57, 0xCE57,
    0xCE37, 0xCE37, 0xCE57, 0xCE57, 0xCE37, 0xCE57, 0xD698, 0xD678, 0xC616, 0xC5F5, 0xC636, 0xCE57,
    0xCE57, 0xCE57, 0xCE57, 0xCE57, 0xCE57, 0xCE57, 0xCE57, 0xCE57, 0xCE57, 0xCE57, 0xCE57, 0xCE57,
    0xCE57, 0xCE57, 0xCE57, 0xCE57, 0xCE57, 0xCE57, 0xCE57, 0xCE57, 0xCE57, 0xCE57, 0xCE57, 0xCE57,
    0xCE57, 0xCE77, 0xD698, 0xD678, 0xBDD5, 0xBDB5, 0xC616, 0xCE37, 0xCE37, 0xCE57, 0xCE57, 0xCE57,
    0xCE57, 0xCE57, 0xCE37, 0xCE36, 0xCE36, 0xCE36, 0xCE57, 0xCE57, 0xCE57, 0xCE37, 0xCE37, 0xCE36,
    0xCE36, 0xC636, 0xC636, 0xC636, 0xC636, 0xC636, 0xCE36, 0xCE36, 0xC636, 0xCE57, 0xD698, 0xCE78,
    0xBDF5, 0xBDD5, 0xC616, 0xCE36, 0xCE36, 0xCE36, 0xC636, 0xC636, 0xCE36, 0xCE36, 0xCE36, 0xCE36,
    0xCE36, 0xCE36, 0xCE36, 0xC636, 0xC636, 0xC636, 0xCE36, 0xCE36, 0xC636, 0xC636, 0xC636, 0xC636,
    0xCE36, 0xCE36, 0xCE36, 0xCE36, 0xCE36, 0xCE57, 0xCE77, 0xD678, 0xBDD5, 0xBDF5, 0xC616, 0xCE36,
    0xCE36, 0xCE36, 0xC636, 0xC636, 0xC636, 0xCE36, 0xCE36, 0xCE37, 0xCE37, 0xCE37, 0xCE36, 0xCE36,
    0xCE36, 0xCE36, 0xCE36, 0xCE36, 0xCE36, 0xCE36, 0xCE37, 0xCE57, 0xCE57, 0xCE57, 0xCE57, 0xCE37,
    0xCE37, 0xCE57, 0xD698, 0xD678, 0xC616, 0xC5F5, 0xCE36, 0xCE57, 0xCE57, 0xCE57, 0xCE57, 0xCE57,
    0xCE57, 0xCE57, 0xCE57, 0xCE57, 0xCE57, 0xCE57, 0xCE57, 0xCE57, 0xCE57, 0xCE57, 0xCE57, 0xCE57,
    0xCE57, 0xCE56, 0xCE36, 0xCE36, 0xCE57, 0xCE57, 0xCE57, 0xCE57, 0xCE57, 0xCE77, 0xD698, 0xD677,
    0xBDD5, 0xBDB5, 0xC616, 0xCE37, 0xCE57, 0xCE57, 0xCE57, 0xCE57, 0xCE57, 0xCE57, 0xCE37, 0xCE36,
    0xCE36, 0xCE36, 0xCE37, 0xCE57, 0xCE37, 0xCE37, 0xCE37, 0xCE37, 0xCE36, 0xCE36, 0xC636, 0xC636,
    0xC636, 0xCE36, 0xCE36, 0xCE36, 0xCE36, 0xCE57, 0xD698, 0xCE78, 0xBDF5, 0xBDD5, 0xC616, 0xCE36,
    0xCE36, 0xCE36, 0xCE36, 0xCE36, 0xCE36, 0xCE36, 0xCE36, 0xCE36, 0xCE36, 0xC636, 0xC636, 0xC636,
    0xC636, 0xC636, 0xCE36, 0xCE36, 0xC636, 0xC636, 0xC636, 0xCE36, 0xCE36, 0xCE36, 0xCE36, 0xCE36,
    0xCE36, 0xCE57, 0xD677, 0xD678, 0xBDD5, 0xBDF5, 0xC616, 0xC636, 0xC636, 0xCE36, 0xCE36, 0xCE37,
    0xCE37, 0xCE36, 0xCE36, 0xCE37, 0xCE37, 0xCE57, 0xCE57, 0xCE37, 0xCE36, 0xCE36, 0xCE36, 0xCE36,
    0xCE36, 0xCE36, 0xCE36, 0xCE37, 0xCE57, 0xCE57, 0xCE57, 0xCE37, 0xCE37, 0xCE57, 0xD698, 0xD698,
    0xC616, 0xC5F5, 0xCE36, 0xCE57, 0xCE57, 0xCE57, 0xCE57, 0xCE57, 0xCE57, 0xCE57, 0xCE57, 0xCE57,
    0xCE57, 0xCE57, 0xCE37, 0xCE57, 0xCE57, 0xCE57, 0xCE57, 0xCE37, 0xCE57, 0xCE57, 0xCE37, 0xCE37,
    0xCE37, 0xCE57, 0xCE57, 0xCE57, 0xCE57, 0xCE57, 0xD698, 0xCE57, 0xC5F5, 0xBDD5, 0xC616, 0xCE37,
    0xCE57, 0xCE57, 0xCE37, 0xCE37, 0xCE37, 0xCE37, 0xCE37, 0xCE37, 0xCE36, 0xCE36, 0xCE37, 0xCE37,
    0xCE37, 0xCE37, 0xCE37, 0xCE37, 0xCE36, 0xCE36, 0xC636, 0xC636, 0xCE36, 0xCE36, 0xCE37, 0xCE37,
    0xCE37, 0xCE57, 0xD698, 0xCE77, 0xBDF5, 0xBDD5, 0xC616, 0xCE36, 0xCE36, 0xCE36, 0xCE36, 0xCE36,
    0xCE36, 0xCE36, 0xCE36, 0xCE36, 0xC636, 0xC636, 0xC636, 0xC636, 0xC636, 0xC616, 0xC636, 0xC636,
    0xC636, 0xC636, 0xCE36, 0xCE36, 0xCE36, 0xCE36, 0xCE36, 0xCE36, 0xCE36, 0xCE57, 0xCE77, 0xD678,
    0xBDD5, 0xBDF5, 0xC616, 0xC636, 0xC636, 0xC636, 0xCE36, 0xCE37, 0xCE37, 0xCE37, 0xCE36, 0xCE36,
    0xCE37, 0xCE57, 0xCE57, 0xCE57, 0xCE37, 0xCE36, 0xCE36, 0xCE36, 0xCE36, 0xCE36, 0xCE37, 0xCE57,
    0xCE57, 0xCE57, 0xCE57, 0xCE37, 0xCE57, 0xCE77, 0xD698, 0xD698, 0xC616, 0xC5F5, 0xCE36, 0xCE57,
    0xCE57, 0xCE57, 0xCE57, 0xCE57, 0xCE57, 0xCE57, 0xCE57, 0xCE57, 0xCE57, 0xCE57, 0xCE37, 0xCE37,
    0xCE57, 0xCE57, 0xCE37, 0xCE37, 0xCE37, 0xCE57, 0xCE37, 0xCE37, 0xCE37, 0xCE37, 0xCE57, 0xCE57,
    0xCE57, 0xCE57, 0xD698, 0xCE57, 0xC5F5, 0xBDD5, 0xC616, 0xCE37, 0xCE57, 0xCE37, 0xCE36, 0xCE36,
    0xCE37, 0xCE37, 0xCE37, 0xCE37, 0xCE37, 0xCE37, 0xCE37, 0xCE37, 0xCE37, 0xCE37, 0xCE37, 0xCE37,
    0xCE36, 0xCE36, 0xCE36, 0xCE36, 0xCE36, 0xCE37, 0xCE37, 0xCE37, 0xCE37, 0xCE57, 0xD698, 0xCE77,
    0xC5F5, 0xBDD5, 0xC616, 0xCE36, 0xCE36, 0xCE36, 0xCE36, 0xCE36, 0xCE36, 0xCE36, 0xCE36, 0xCE36,
    0xC636, 0xC636, 0xC636, 0xC636, 0xC636, 0xC616, 0xC616, 0xC616, 0xC616, 0xC636, 0xCE36, 0xCE36,
    0xC636, 0xCE36, 0xCE36, 0xCE36, 0xCE36, 0xCE57, 0xCE77, 0xD678, 0xBDD5, 0xBDF5, 0xC616, 0xC636,
    0xC636, 0xC636, 0xCE36, 0xCE36, 0xCE37, 0xCE37, 0xCE36, 0xCE37, 0xCE37, 0xCE57, 0xCE37, 0xCE57,
    0xCE57, 0xCE57, 0xCE36, 0xCE36, 0xCE36, 0xCE37, 0xCE57, 0xCE57, 0xCE57, 0xCE57, 0xCE57, 0xCE57,
    0xCE57, 0xCE77, 0xD698, 0xD698, 0xC616, 0xC5F5, 0xCE36, 0xCE57, 0xCE57, 0xCE57, 0xCE57, 0xCE57,
    0xCE57, 0xCE57, 0xCE57, 0xCE57, 0xCE57, 0xCE57, 0xCE37, 0xCE37, 0xCE37, 0xCE37, 0xCE36, 0xCE36,
    0xCE37, 0xCE37, 0xCE57, 0xCE57, 0xCE57, 0xCE57, 0xCE57, 0xCE37, 0xCE36, 0xCE57, 0xD678, 0xCE57,
    0xBDD5, 0xBDD5, 0xC616, 0xCE37, 0xCE37, 0xCE37, 0xCE36, 0xCE36, 0xCE36, 0xCE37, 0xCE37, 0xCE37,
    0xCE37, 0xCE37, 0xCE37, 0xCE37, 0xCE37, 0xCE37, 0xCE37, 0xCE37, 0xCE36, 0xCE36, 0xCE36, 0xCE36,
    0xCE36, 0xCE36, 0xCE37, 0xCE37, 0xCE37, 0xCE57, 0xD698, 0xCE77, 0xC5F5, 0xBDD5, 0xC616, 0xCE36,
    0xCE36, 0xCE36, 0xCE36, 0xCE36, 0xCE36, 0xCE36, 0xCE36, 0xCE36, 0xC636, 0xC636, 0xC636, 0xC636,
    0xC636, 0xC616, 0xC616, 0xC616, 0xC616, 0xC616, 0xCE36, 0xCE36, 0xC636, 0xCE36, 0xCE36, 0xCE36,
    0xCE36, 0xCE57, 0xD677, 0xD698, 0xBDD5, 0xC5F5, 0xC616, 0xC636, 0xC636, 0xC636, 0xC636, 0xCE36,
    0xCE36, 0xCE36, 0xCE36, 0xCE36, 0xCE57, 0xCE57, 0xCE37, 0xCE57, 0xCE57, 0xCE57, 0xCE36, 0xCE36,
    0xCE36, 0xCE57, 0xCE57, 0xCE57, 0xCE57, 0xCE57, 0xCE57, 0xCE57, 0xCE57, 0xCE77, 0xD698, 0xD678,
    0xC616, 0xC5F5, 0xCE36, 0xCE57, 0xCE57, 0xCE57, 0xCE57, 0xCE57, 0xCE57, 0xCE57, 0xCE57, 0xCE57,
    0xCE57, 0xCE57, 0xCE37, 0xCE37, 0xCE37, 0xCE37, 0xCE36, 0xC636, 0xCE36, 0xCE37, 0xCE57, 0xCE57,
    0xCE57, 0xCE57, 0xCE57, 0xCE37, 0xCE36, 0xCE57, 0xD678, 0xCE57, 0xBDD5, 0xBDB5, 0xC616, 0xCE37,
    0xCE37, 0xCE37, 0xC636, 0xCE36, 0xCE36, 0xCE37, 0xCE37, 0xCE37, 0xCE37, 0xCE37, 0xCE37, 0xCE37,
    0xCE37, 0xCE37, 0xCE37, 0xCE37, 0xCE37, 0xCE37, 0xCE37, 0xCE37, 0xCE37, 0xCE36, 0xCE37, 0xCE37,
    0xCE37, 0xCE57, 0xD698, 0xCE77, 0xC5F5, 0xBDD5, 0xC616, 0xCE36, 0xCE36, 0xCE36, 0xCE36, 0xCE36,
    0xCE36, 0xCE36, 0xCE36, 0xCE36, 0xC636, 0xC636, 0xC636, 0xC636, 0xC636, 0xC636, 0xC636, 0xC616,
    0xC616, 0xC616, 0xC636, 0xCE36, 0xC636, 0xCE36, 0xCE36, 0xCE36, 0xCE36, 0xCE57, 0xD678, 0xD698,
    0xBDD5, 0xC5F5, 0xC616, 0xC636, 0xC636, 0xC636, 0xC636, 0xC636, 0xCE36, 0xCE36, 0xCE36, 0xCE36,
    0xCE57, 0xCE57, 0xCE57, 0xCE57, 0xCE57, 0xCE57, 0xCE36, 0xCE36, 0xCE36, 0xCE56, 0xCE57, 0xCE57,
    0xCE57, 0xCE57, 0xCE57, 0xCE57, 0xCE57, 0xCE57, 0xD698, 0xD678, 0xC5F6, 0xC5F5, 0xCE36, 0xCE57,
    0xCE57, 0xCE57, 0xCE57, 0xCE57, 0xCE57, 0xCE57, 0xCE57, 0xCE57, 0xCE57, 0xCE57, 0xCE57, 0xCE57,
    0xCE57, 0xCE37, 0xCE36, 0xC636, 0xCE36, 0xCE37, 0xCE57, 0xCE57, 0xCE57, 0xCE57, 0xCE37, 0xCE36,
    0xCE36, 0xCE57, 0xD678, 0xCE57, 0xBDD5, 0xBDD5, 0xC616, 0xC636, 0xC636, 0xC636, 0xC636, 0xCE36,
    0xCE36, 0xCE37, 0xCE57, 0xCE37, 0xCE37, 0xCE37, 0xCE37, 0xCE37, 0xCE36, 0xCE36, 0xCE36, 0xCE36,
    0xCE37, 0xCE57, 0xCE57, 0xCE57, 0xCE37, 0xCE37, 0xCE36, 0xCE37, 0xCE37, 0xCE57, 0xD698, 0xCE78,
    0xC5F5, 0xBDD5, 0xC616, 0xCE36, 0xCE36, 0xCE36, 0xCE36, 0xCE36, 0xCE36, 0xCE36, 0xCE36, 0xCE36,
    0xC636, 0xC636, 0xC636, 0xC636, 0xCE36, 0xCE36, 0xCE36, 0xCE36, 0xC636, 0xC636, 0xC636, 0xC636,
    0xC636, 0xCE36, 0xCE36, 0xCE36, 0xCE36, 0xCE57, 0xD677, 0xD698, 0xBDD5, 0xC5F5, 0xC616, 0xC636,
    0xCE36, 0xCE36, 0xC636, 0xC636, 0xCE36, 0xCE36, 0xCE36, 0xCE36, 0xCE36, 0xCE37, 0xCE37, 0xCE57,
    0xCE57, 0xCE57, 0xCE56, 0xCE36, 0xCE36, 0xCE56, 0xCE57, 0xCE57, 0xCE57, 0xCE37, 0xCE57, 0xCE57,
    0xCE57, 0xCE57, 0xD698, 0xD678, 0xC5F5, 0xBDF5, 0xCE36, 0xCE57, 0xCE57, 0xCE57, 0xCE57, 0xCE57,
    0xCE57, 0xCE57, 0xCE57, 0xCE57, 0xCE57, 0xCE57, 0xCE57, 0xCE57, 0xCE57, 0xCE37, 0xCE36, 0xCE36,
    0xCE36, 0xCE37, 0xCE57, 0xCE57, 0xCE57, 0xCE57, 0xCE37, 0xCE36, 0xCE36, 0xCE57, 0xD678, 0xCE57,
    0xBDD5, 0xBDB5, 0xC616, 0xC636, 0xC636, 0xC636, 0xC636, 0xCE36, 0xCE37, 0xCE37, 0xCE57, 0xCE57,
    0xCE37, 0xCE37, 0xCE37, 0xCE37, 0xCE36, 0xCE36, 0xCE36, 0xCE36, 0xCE37, 0xCE57, 0xCE57, 0xCE57,
    0xCE37, 0xCE37, 0xCE36, 0xCE37, 0xCE37, 0xCE57, 0xD698, 0xCE78, 0xC5F5, 0xBDD5, 0xC616, 0xCE36,
    0xCE36, 0xCE36, 0xCE36, 0xCE36, 0xCE36, 0xCE36, 0xCE36, 0xCE36, 0xC636, 0xC616, 0xC636, 0xC636,
    0xCE36, 0xCE36, 0xCE36, 0xCE36, 0xCE36, 0xC636, 0xC636, 0xC636, 0xC636, 0xC636, 0xCE36, 0xCE36,
    0xCE36, 0xCE57, 0xCE77, 0xD678, 0xBDD5, 0xC5F5, 0xC636, 0xCE36, 0xCE36, 0xCE36, 0xC636, 0xC636,
    0xCE36, 0xCE36, 0xCE36, 0xCE36, 0xCE36, 0xCE36, 0xCE36, 0xCE36, 0xCE56, 0xCE57, 0xCE57, 0xCE57,
    0xCE57, 0xCE57, 0xCE57, 0xCE57, 0xCE57, 0xCE57, 0xCE57, 0xCE57, 0xCE37, 0xCE57, 0xD698, 0xD678,
    0xC5F5, 0xBDF5, 0xC636, 0xCE57, 0xCE57, 0xCE57, 0xCE57, 0xCE57, 0xCE57, 0xCE57, 0xCE57, 0xCE57,
    0xCE57, 0xCE57, 0xCE57, 0xCE57, 0xCE57, 0xCE37, 0xCE36, 0xCE36, 0xCE36, 0xCE37, 0xCE37, 0xCE57,
    0xCE57, 0xCE57, 0xCE37, 0xCE36, 0xCE36, 0xCE57, 0xD678, 0xCE57, 0xBDD5, 0xBDB4, 0xC616, 0xC636,
    0xC636, 0xC636, 0xCE36, 0xCE37, 0xCE37, 0xCE57, 0xCE57, 0xCE57, 0xCE37, 0xCE37, 0xCE57, 0xCE57,
    0xCE57, 0xCE37, 0xCE37, 0xCE37, 0xCE57, 0xCE57, 0xCE37, 0xCE37, 0xCE37, 0xCE36, 0xCE37, 0xCE37,
    0xCE37, 0xCE57, 0xD698, 0xCE78, 0xC5F5, 0xBDD5, 0xC616, 0xCE36, 0xCE36, 0xCE36, 0xCE37, 0xCE37,
    0xCE37, 0xCE37, 0xCE36, 0xCE36, 0xC636, 0xC616, 0xC616, 0xC636, 0xC636, 0xCE36, 0xCE36, 0xCE36,
    0xCE36, 0xCE36, 0xCE36, 0xCE36, 0xC636, 0xC636, 0xC636, 0xCE36, 0xCE36, 0xCE57, 0xCE77, 0xD678,
    0xBDD5, 0xC5F5, 0xC636, 0xCE37, 0xCE36, 0xCE36, 0xCE36, 0xCE36, 0xCE36, 0xCE36, 0xCE36, 0xCE36,
    0xCE36, 0xCE36, 0xCE36, 0xCE36, 0xCE56, 0xCE57, 0xCE57, 0xCE57, 0xCE57, 0xCE57, 0xCE57, 0xCE57,
    0xCE57, 0xCE57, 0xCE57, 0xCE57, 0xCE37, 0xCE57, 0xD698, 0xCE78, 0xC5F5, 0xBDF5, 0xC636, 0xCE57,
    0xCE57, 0xCE57, 0xCE57, 0xCE57, 0xCE57, 0xCE57, 0xCE57, 0xCE57, 0xCE57, 0xCE57, 0xCE57, 0xCE57,
    0xCE37, 0xCE37, 0xCE36, 0xCE36, 0xCE36, 0xCE36, 0xCE36, 0xCE36, 0xCE37, 0xCE37, 0xCE37, 0xCE36,
    0xCE36, 0xCE57, 0xD678, 0xCE57, 0xBDD5, 0xBDB4, 0xC616, 0xCE36, 0xC636, 0xCE36, 0xCE36, 0xCE37,
    0xCE37, 0xCE57, 0xCE57, 0xCE57, 0xCE37, 0xCE37, 0xCE37, 0xCE57, 0xCE57, 0xCE57, 0xCE57, 0xCE57,
    0xCE57, 0xCE37, 0xCE37, 0xCE37, 0xCE37, 0xCE37, 0xCE37, 0xCE37, 0xCE37, 0xCE57, 0xD698, 0xCE78,
    0xBDF5, 0xBDD5, 0xC616, 0xCE36, 0xCE36, 0xCE37, 0xCE37, 0xCE57, 0xCE57, 0xCE37, 0xCE36, 0xCE36,
    0xC636, 0xC636, 0xC636, 0xC636, 0xC636, 0xC636, 0xCE36, 0xCE36, 0xCE36, 0xCE36, 0xCE36, 0xCE36,
    0xCE36, 0xC636, 0xC636, 0xCE36, 0xCE36, 0xCE57, 0xCE77, 0xD678, 0xBDD5, 0xC5F5, 0xC616, 0xCE37,
    0xCE37, 0xCE37, 0xCE36, 0xCE36, 0xCE36, 0xCE36, 0xC636, 0xC636, 0xCE36, 0xCE36, 0xCE36, 0xCE37,
    0xCE57, 0xCE57, 0xCE56, 0xCE36, 0xCE36, 0xCE36, 0xCE36, 0xCE57, 0xCE57, 0xCE57, 0xCE57, 0xCE37,
    0xCE57, 0xCE57, 0xD698, 0xCE77, 0xC5F5, 0xBDF5, 0xC636, 0xCE57, 0xCE57, 0xCE57, 0xCE57, 0xCE57,
    0xCE57, 0xCE57, 0xCE57, 0xCE57, 0xCE57, 0xCE57, 0xCE57, 0xCE57, 0xCE37, 0xCE37, 0xCE37, 0xCE37,
    0xCE36, 0xCE36, 0xCE36, 0xCE36, 0xC636, 0xC636, 0xCE36, 0xCE36, 0xCE36, 0xCE57, 0xD678, 0xCE57,
    0xBDD5, 0xBDB5, 0xC616, 0xCE37, 0xCE36, 0xCE36, 0xCE36, 0xCE36, 0xCE37, 0xCE37, 0xCE37, 0xCE37,
    0xCE37, 0xCE37, 0xCE37, 0xCE37, 0xCE57, 0xCE57, 0xCE37, 0xCE37, 0xCE37, 0xCE37, 0xCE37, 0xCE57,
    0xCE57, 0xCE57, 0xCE37, 0xCE37, 0xCE57, 0xCE77, 0xD698, 0xCE78, 0xBDF5, 0xBDD5, 0xC616, 0xCE36,
    0xCE37, 0xCE37, 0xCE37, 0xCE37, 0xCE37, 0xCE37, 0xCE36, 0xCE36, 0xC636, 0xC636, 0xCE36, 0xCE36,
    0xC636, 0xC636, 0xC636, 0xCE36, 0xCE36, 0xCE36, 0xCE36, 0xCE36, 0xCE36, 0xCE36, 0xCE36, 0xCE36,
    0xCE36, 0xCE57, 0xCE77, 0xD678, 0xBDD5, 0xBDD5, 0xC616, 0xCE36, 0xCE37, 0xCE37, 0xCE36, 0xCE36,
    0xCE36, 0xC636, 0xC636, 0xC636, 0xC636, 0xCE36, 0xCE36, 0xCE37, 0xCE57, 0xCE57, 0xCE56, 0xCE36,
    0xCE36, 0xCE36, 0xCE36, 0xCE57, 0xCE57, 0xCE57, 0xCE57, 0xCE36, 0xCE57, 0xCE57, 0xD698, 0xCE78,
    0xC5F5, 0xBDD5, 0xC636, 0xCE57, 0xCE57, 0xCE57, 0xCE57, 0xCE57, 0xCE57, 0xCE57, 0xCE57, 0xCE57,
    0xCE57, 0xCE57, 0xCE57, 0xCE57, 0xCE37, 0xCE37, 0xCE37, 0xCE37, 0xCE36, 0xCE36, 0xCE36, 0xCE36,
    0xC636, 0xC636, 0xC636, 0xCE36, 0xCE37, 0xCE57, 0xD678, 0xCE57, 0xBDD5, 0xBDB5, 0xC616, 0xCE37,
    0xCE36, 0xCE36, 0xCE36, 0xCE36, 0xCE37, 0xCE37, 0xCE37, 0xCE37, 0xCE37, 0xCE37, 0xCE36, 0xCE36,
    0xCE37, 0xCE57, 0xCE37, 0xCE37, 0xCE37, 0xCE37, 0xCE37, 0xCE57, 0xCE57, 0xCE57, 0xCE57, 0xCE57,
    0xCE57, 0xCE77, 0xD698, 0xCE78, 0xBDF5, 0xBDD5, 0xC616, 0xCE36, 0xCE37, 0xCE37, 0xCE37, 0xCE37,
    0xCE37, 0xCE36, 0xCE36, 0xCE36, 0xCE36, 0xCE36, 0xCE36, 0xCE36, 0xC636, 0xC636, 0xC636, 0xC636,
    0xCE36, 0xCE36, 0xCE36, 0xCE36, 0xCE36, 0xCE36, 0xCE36, 0xCE36, 0xCE36, 0xCE36, 0xCE77, 0xD678,
    0xBDB5, 0xBDD5, 0xC616, 0xCE36, 0xCE36, 0xCE36, 0xCE36, 0xCE36, 0xCE36, 0xCE36, 0xCE36, 0xC636,
    0xC636, 0xCE36, 0xCE36, 0xCE37, 0xCE57, 0xCE57, 0xCE57, 0xCE37, 0xCE36, 0xCE36, 0xCE57, 0xCE57,
    0xCE57, 0xCE57, 0xCE57, 0xCE57, 0xCE36, 0xCE57, 0xD698, 0xD678, 0xC5F5, 0xBDD5, 0xC616, 0xCE37,
    0xCE37, 0xCE37, 0xCE57, 0xCE57, 0xCE57, 0xCE57, 0xCE57, 0xCE57, 0xCE57, 0xCE57, 0xCE57, 0xCE57,
    0xCE37, 0xCE37, 0xCE57, 0xCE57, 0xCE37, 0xCE37, 0xCE37, 0xCE37, 0xCE36, 0xC636, 0xC636, 0xCE36,
    0xCE36, 0xCE57, 0xD678, 0xCE57, 0xBDD5, 0xBDB5, 0xC616, 0xCE37, 0xCE37, 0xCE36, 0xCE37, 0xCE37,
    0xCE37, 0xCE36, 0xCE36, 0xCE36, 0xCE36, 0xCE36, 0xCE36, 0xCE36, 0xCE37, 0xCE37, 0xCE37, 0xCE37,
    0xCE37, 0xCE37, 0xCE37, 0xCE57, 0xCE57, 0xCE57, 0xCE57, 0xCE57, 0xCE57, 0xCE77, 0xD698, 0xD678,
    0xBDF5, 0xBDD5, 0xC616, 0xCE37, 0xCE36, 0xCE36, 0xCE36, 0xCE36, 0xCE37, 0xCE37, 0xCE36, 0xCE36,
    0xCE36, 0xCE36, 0xCE36, 0xCE36, 0xC636, 0xC636, 0xC636, 0xCE36, 0xCE36, 0xCE36, 0xC636, 0xC636,
    0xCE36, 0xCE36, 0xCE36, 0xCE36, 0xCE36, 0xCE37, 0xCE77, 0xD678, 0xBDB4, 0xBDD5, 0xC5F6, 0xC616,
    0xC616, 0xC616, 0xC616, 0xC616, 0xC616, 0xC616, 0xC616, 0xC616, 0xC616, 0xC616, 0xC616, 0xC636,
    0xC636, 0xCE36, 0xCE36, 0xCE36, 0xC616, 0xC636, 0xCE36, 0xCE36, 0xCE36, 0xCE36, 0xCE36, 0xCE36,
    0xC636, 0xCE57, 0xD678, 0xCE57, 0xBDD5, 0xBDD5, 0xC616, 0xC636, 0xC616, 0xC616, 0xC636, 0xC636,
    0xC636, 0xC636, 0xC636, 0xC636, 0xCE36, 0xCE36, 0xCE36, 0xCE36, 0xC636, 0xC636, 0xC636, 0xC636,
    0xC636, 0xC636, 0xC636, 0xC636, 0xC616, 0xC616, 0xC616, 0xC616, 0xC616, 0xCE37, 0xCE57, 0xCE37,
    0xBDB5, 0xBDB4, 0xC5F6, 0xC616, 0xC616, 0xC616, 0xC616, 0xC616, 0xC616, 0xC616, 0xC616, 0xC616,
    0xC616, 0xC616, 0xC616, 0xC616, 0xC616, 0xC636, 0xC636, 0xC636, 0xC636, 0xC636, 0xCE36, 0xCE36,
    0xCE36, 0xCE36, 0xCE36, 0xCE36, 0xCE36, 0xCE57, 0xD698, 0xCE57, 0xBDD5, 0xBDB4, 0xC5F6, 0xC616,
    0xC616, 0xC616, 0xC616, 0xC616, 0xC616, 0xC616, 0xC616, 0xC616, 0xC616, 0xC616, 0xC616, 0xC616,
    0xC616, 0xC616, 0xC616, 0xC616, 0xC616, 0xC616, 0xC616, 0xC616, 0xC616, 0xC616, 0xC616, 0xC616,
    0xC616, 0xC616, 0xCE37, 0xCE57, 0xB594, 0xB5B4, 0xBDD5, 0xC5F5, 0xBDF5, 0xBDD5, 0xBDD5, 0xBDD5,
    0xBDD5, 0xBDD5, 0xBDD5, 0xBDD5, 0xBDF5, 0xC5F5, 0xC5F5, 0xC5F5, 0xC5F5, 0xC5F5, 0xC5F5, 0xC5F5,
    0xC5F5, 0xC5F5, 0xC5F5, 0xC5F5, 0xC5F5, 0xC5F5, 0xC5F5, 0xC5F5, 0xC5F5, 0xC616, 0xCE37, 0xC636,
    0xBDB5, 0xBDB4, 0xBDD5, 0xC5F6, 0xC5F5, 0xC5F5, 0xC5F5, 0xC5F5, 0xC5F5, 0xC5F5, 0xC5F5, 0xC5F5,
    0xC5F6, 0xC5F6, 0xC5F5, 0xC5F5, 0xC5F5, 0xC5F5, 0xC5F5, 0xC5F5, 0xC5F5, 0xC5F5, 0xC5F5, 0xC5F5,
    0xC5F5, 0xC5F5, 0xBDF5, 0xBDF5, 0xC5F5, 0xC5F6, 0xC616, 0xC5F6, 0xB594, 0xB594, 0xBDD5, 0xC5F5,
    0xBDF5, 0xBDF5, 0xBDF5, 0xBDD5, 0xBDD5, 0xBDD5, 0xBDD5, 0xBDD5, 0xBDD5, 0xBDD5, 0xBDD5, 0xBDF5,
    0xC5F5, 0xC5F5, 0xC5F5, 0xC5F5, 0xC5F5, 0xC5F5, 0xC5F6, 0xC5F6, 0xC5F6, 0xC616, 0xC616, 0xC616,
    0xC616, 0xC616, 0xCE57, 0xC636, 0xBDB5, 0xB594, 0xBDD5, 0xC5F5, 0xBDD5, 0xBDD5, 0xBDD5, 0xBDD5,
    0xBDF5, 0xBDF5, 0xBDF5, 0xBDF5, 0xBDD5, 0xBDD5, 0xBDD5, 0xBDD5, 0xBDD5, 0xBDD5, 0xBDD5, 0xBDD5,
    0xBDD5, 0xBDD5, 0xC5F5, 0xC5F5, 0xBDF5, 0xBDF5, 0xBDF5, 0xBDD5, 0xBDD5, 0xBDF5, 0xC5F6, 0xC616,
    0xB594, 0xBDB4, 0xBDD5, 0xC5F5, 0xC5F5, 0xBDD5, 0xBDD5, 0xBDD5, 0xBDD5, 0xBDD5, 0xBDF5, 0xBDF5,
    0xC5F5, 0xC5F5, 0xC5F5, 0xC5F5, 0xC5F5, 0xC5F5, 0xC5F5, 0xC5F5, 0xC5F5, 0xC5F5, 0xC5F5, 0xC5F5,
    0xC5F5, 0xC5F5, 0xC5F6, 0xC5F6, 0xC5F6, 0xC616, 0xCE37, 0xC636, 0xBDD5, 0xBDB4, 0xBDD5, 0xC5F5,
    0xC5F5, 0xC5F5, 0xC5F5, 0xC5F5, 0xC5F5, 0xC5F5, 0xC5F5, 0xC5F5, 0xC5F5, 0xC5F6, 0xC5F5, 0xC5F5,
    0xC5F5, 0xC5F5, 0xC5F5, 0xC5F5, 0xC5F5, 0xC5F5, 0xC5F5, 0xC5F5, 0xC5F6, 0xC5F6, 0xC5F5, 0xC5F5,
    0xC5F5, 0xC5F6, 0xC616, 0xC616, 0xB5B4, 0xB594, 0xBDD5, 0xC5F5, 0xBDF5, 0xBDF5, 0xBDF5, 0xC5F5,
    0xC5D5, 0xC5D5, 0xBDF5, 0xBDD5, 0xBDD5, 0xBDD5, 0xBDD5, 0xC5F5, 0xC5F5, 0xC5F5, 0xC5F5, 0xC5F5,
    0xC5F5, 0xC5F5, 0xC5F6, 0xC5F6, 0xC5F6, 0xC616, 0xC616, 0xC616, 0xC616, 0xC616, 0xCE57, 0xC636,
    0xBDD5, 0xBDB4, 0xBDD5, 0xC5F5, 0xBDD5, 0xBDD5, 0xBDD5, 0xBDD5, 0xBDD5, 0xBDD5, 0xBDF5, 0xBDD5,
    0xBDD5, 0xBDD5, 0xBDD5, 0xBDD5, 0xBDD5, 0xBDD5, 0xBDD5, 0xBDD5, 0xBDD5, 0xBDF5, 0xC5F5, 0xC5F5,
    0xC5F5, 0xBDF5, 0xBDF5, 0xBDF5, 0xBDD5, 0xBDF5, 0xC616, 0xC616, 0xBDD5, 0xBDD5, 0xC616, 0xC636,
    0xC636, 0xC616, 0xC616, 0xC616, 0xC616, 0xC616, 0xC616, 0xC636, 0xC636, 0xC616, 0xC616, 0xC636,
    0xC636, 0xC636, 0xC636, 0xC636, 0xC636, 0xC636, 0xCE36, 0xCE36, 0xCE36, 0xCE36, 0xCE36, 0xCE36,
    0xCE36, 0xCE57, 0xD678, 0xCE57, 0xC5F5, 0xBDD5, 0xC616, 0xC636, 0xC616, 0xC616, 0xC636, 0xC636,
    0xCE36, 0xCE36, 0xCE36, 0xCE36, 0xC636, 0xC636, 0xCE36, 0xCE36, 0xCE36, 0xCE36, 0xCE36, 0xCE36,
    0xCE36, 0xC636, 0xC636, 0xC636, 0xCE36, 0xC636, 0xC636, 0xC616, 0xC636, 0xCE37, 0xCE77, 0xCE57,
    0xBDD5, 0xBDB5, 0xC616, 0xC636, 0xC616, 0xC616, 0xC636, 0xC636, 0xC636, 0xC636, 0xC636, 0xC616,
    0xC616, 0xC616, 0xC616, 0xC636, 0xC636, 0xC636, 0xC636, 0xC636, 0xCE36, 0xCE36, 0xCE36, 0xCE37,
    0xCE37, 0xCE37, 0xCE57, 0xCE57, 0xCE57, 0xCE57, 0xD698, 0xCE78, 0xC616, 0xC5F5, 0xC616, 0xC636,
    0xC616, 0xC616, 0xC616, 0xC616, 0xC616, 0xC616, 0xC616, 0xC616, 0xC616, 0xC616, 0xC616, 0xC616,
    0xC616, 0xC616, 0xC616, 0xC616, 0xC616, 0xC616, 0xC636, 0xC636, 0xC616, 0xC616, 0xC616, 0xC616,
    0xC616, 0xC636, 0xCE57, 0xCE57, 0xBDF5, 0xC5F6, 0xC636, 0xCE37, 0xCE37, 0xCE36, 0xC636, 0xC636,
    0xCE36, 0xCE36, 0xCE37, 0xCE37, 0xCE37, 0xCE37, 0xCE37, 0xCE37, 0xCE57, 0xCE57, 0xCE57, 0xCE57,
    0xCE57, 0xCE57, 0xCE57, 0xCE57, 0xCE57, 0xCE57, 0xCE57, 0xCE57, 0xCE57, 0xCE57, 0xD698, 0xD678,
    0xC5F6, 0xBDF5, 0xC616, 0xCE37, 0xCE37, 0xCE37, 0xCE57, 0xCE57, 0xCE57, 0xCE57, 0xCE57, 0xCE57,
    0xCE57, 0xCE57, 0xCE57, 0xCE57, 0xCE57, 0xCE57, 0xCE57, 0xCE57, 0xCE57, 0xCE57, 0xCE57, 0xCE57,
    0xCE57, 0xCE57, 0xCE37, 0xCE37, 0xCE37, 0xCE57, 0xD698, 0xCE77, 0xC5F5, 0xBDD5, 0xC616, 0xCE37,
    0xCE37, 0xCE37, 0xCE57, 0xCE57, 0xCE57, 0xCE57, 0xCE57, 0xCE37, 0xCE37, 0xCE37, 0xCE37, 0xCE37,
    0xCE57, 0xCE57, 0xCE37, 0xCE57, 0xCE57, 0xCE57, 0xCE57, 0xCE57, 0xCE57, 0xCE57, 0xCE57, 0xCE57,
    0xCE57, 0xD678, 0xD6B9, 0xD698, 0xC636, 0xC616, 0xCE36, 0xCE37, 0xCE36, 0xCE36, 0xCE36, 0xCE36,
    0xCE36, 0xCE36, 0xCE36, 0xCE36, 0xCE36, 0xCE36, 0xCE37, 0xCE37, 0xCE36, 0xCE36, 0xCE36, 0xCE36,
    0xCE37, 0xCE37, 0xCE37, 0xCE37, 0xCE37, 0xCE37, 0xCE37, 0xCE37, 0xCE37, 0xCE57, 0xCE78, 0xD698,
    0xBDD5, 0xC5F5, 0xC616, 0xCE36, 0xCE36, 0xCE36, 0xC636, 0xC636, 0xCE36, 0xCE36, 0xCE36, 0xCE36,
    0xCE36, 0xCE37, 0xCE37, 0xCE37, 0xCE57, 0xCE57, 0xCE57, 0xCE57, 0xCE57, 0xCE57, 0xCE57, 0xCE57,
    0xCE57, 0xCE57, 0xCE57, 0xCE57, 0xCE37, 0xCE57, 0xD698, 0xCE78, 0xC5F5, 0xBDD5, 0xC616, 0xCE36,
    0xCE36, 0xCE37, 0xCE57, 0xCE57, 0xCE57, 0xCE57, 0xCE57, 0xCE57, 0xCE37, 0xCE37, 0xCE37, 0xCE37,
    0xCE57, 0xCE57, 0xCE57, 0xCE37, 0xCE37, 0xCE37, 0xCE57, 0xCE57, 0xCE57, 0xCE57, 0xCE57, 0xCE57,
    0xCE57, 0xCE57, 0xD698, 0xCE77, 0xC5F5, 0xBDD5, 0xC616, 0xCE37, 0xCE37, 0xCE37, 0xCE37, 0xCE57,
    0xCE57, 0xCE57, 0xCE37, 0xCE37, 0xCE37, 0xCE37, 0xCE37, 0xCE37, 0xCE37, 0xCE37, 0xCE57, 0xCE57,
    0xCE57, 0xCE57, 0xCE57, 0xCE57, 0xCE57, 0xCE57, 0xCE57, 0xCE57, 0xCE57, 0xCE77, 0xD698, 0xD678,
    0xC616, 0xC5F5, 0xC636, 0xCE37, 0xCE36, 0xCE36, 0xCE37, 0xCE37, 0xCE37, 0xCE37, 0xCE36, 0xCE36,
    0xCE36, 0xCE36, 0xCE36, 0xCE37, 0xCE37, 0xCE36, 0xCE36, 0xCE36, 0xCE36, 0xCE36, 0xCE36, 0xCE36,
    0xCE36, 0xCE37, 0xCE37, 0xCE37, 0xCE37, 0xCE57, 0xCE78, 0xD678, 0xBDD5, 0xC5F5, 0xC616, 0xCE36,
    0xCE36, 0xCE36, 0xC636, 0xC636, 0xCE36, 0xCE36, 0xCE36, 0xCE36, 0xCE36, 0xCE36, 0xCE37, 0xCE37,
    0xCE57, 0xCE57, 0xCE57, 0xCE57, 0xCE57, 0xCE57, 0xCE57, 0xCE57, 0xCE57, 0xCE57, 0xCE57, 0xCE57,
    0xCE37, 0xCE57, 0xD698, 0xCE77, 0xBDF5, 0xBDD5, 0xC616, 0xCE36, 0xCE36, 0xCE37, 0xCE57, 0xCE57,
    0xCE57, 0xCE57, 0xCE37, 0xCE37, 0xCE37, 0xCE37, 0xCE37, 0xCE37, 0xCE37, 0xCE37, 0xCE37, 0xCE37,
    0xCE37, 0xCE37, 0xCE57, 0xCE57, 0xCE57, 0xCE57, 0xCE57, 0xCE57, 0xCE57, 0xCE57, 0xD698, 0xCE77,
    0xC5F5, 0xBDD5, 0xC616, 0xCE36, 0xCE37, 0xCE37, 0xCE37, 0xCE37, 0xCE57, 0xCE57, 0xCE37, 0xCE37,
    0xCE37, 0xCE37, 0xCE37, 0xCE37, 0xCE37, 0xCE37, 0xCE57, 0xCE57, 0xCE57, 0xCE57, 0xCE57, 0xCE57,
    0xCE57, 0xCE57, 0xCE57, 0xCE57, 0xCE57, 0xCE57, 0xD698, 0xD678, 0xC616, 0xC5F5, 0xC636, 0xCE37,
    0xCE36, 0xCE36, 0xCE37, 0xCE57, 0xCE57, 0xCE37, 0xCE37, 0xCE36, 0xCE36, 0xCE36, 0xCE36, 0xCE36,
    0xCE37, 0xCE37, 0xCE36, 0xCE36, 0xCE36, 0xCE36, 0xCE36, 0xCE36, 0xCE36, 0xCE36, 0xCE37, 0xCE37,
    0xCE36, 0xCE57, 0xCE77, 0xD678, 0xBDD5, 0xBDF5, 0xC616, 0xC636, 0xC636, 0xC636, 0xC636, 0xC636,
    0xCE36, 0xCE36, 0xC636, 0xC636, 0xC636, 0xCE36, 0xCE37, 0xCE57, 0xCE57, 0xCE57, 0xCE37, 0xCE37,
    0xCE37, 0xCE37, 0xCE37, 0xCE37, 0xCE37, 0xCE37, 0xCE37, 0xCE37, 0xCE37, 0xCE57, 0xD678, 0xCE57,
    0xBDF5, 0xBDD5, 0xC616, 0xCE36, 0xCE37, 0xCE37, 0xCE57, 0xCE57, 0xCE57, 0xCE37, 0xCE37, 0xCE36,
    0xCE36, 0xCE37, 0xCE37, 0xCE37, 0xCE37, 0xCE37, 0xCE37, 0xCE37, 0xCE37, 0xCE37, 0xCE37, 0xCE37,
    0xCE37, 0xCE37, 0xCE37, 0xCE57, 0xCE57, 0xCE57, 0xD698, 0xCE57, 0xBDD5, 0xBDD5, 0xC616, 0xCE36,
    0xCE36, 0xCE37, 0xCE37, 0xCE37, 0xCE57, 0xCE57, 0xCE37, 0xCE37, 0xCE37, 0xCE37, 0xCE36, 0xCE36,
    0xCE36, 0xCE37, 0xCE57, 0xCE57, 0xCE57, 0xCE57, 0xCE37, 0xCE37, 0xCE57, 0xCE57, 0xCE57, 0xCE57,
    0xCE57, 0xCE57, 0xD698, 0xD678, 0xC616, 0xC5F5, 0xC636, 0xCE37, 0xCE37, 0xCE37, 0xCE37, 0xCE37,
    0xCE37, 0xCE37, 0xCE57, 0xCE57, 0xCE37, 0xCE36, 0xCE36, 0xCE36, 0xCE36, 0xCE37, 0xCE36, 0xCE36,
    0xCE37, 0xCE37, 0xCE36, 0xCE36, 0xCE36, 0xCE36, 0xCE36, 0xCE36, 0xCE36, 0xCE57, 0xCE77, 0xD678,
    0xBDD5, 0xBDD5, 0xC616, 0xC636, 0xC636, 0xC636, 0xC636, 0xC636, 0xCE36, 0xC636, 0xC636, 0xC636,
    0xC636, 0xCE36, 0xCE37, 0xCE57, 0xCE57, 0xCE57, 0xCE37, 0xCE37, 0xCE37, 0xCE37, 0xCE37, 0xCE36,
    0xCE37, 0xCE37, 0xCE37, 0xCE37, 0xCE37, 0xCE57, 0xD678, 0xCE57, 0xBDF5, 0xBDD5, 0xC616, 0xCE36,
    0xCE37, 0xCE37, 0xCE37, 0xCE37, 0xCE37, 0xCE37, 0xCE37, 0xCE36, 0xCE36, 0xCE37, 0xCE37, 0xCE37,
    0xCE37, 0xCE37, 0xCE37, 0xCE37, 0xCE37, 0xCE37, 0xCE37, 0xCE37, 0xCE37, 0xCE37, 0xCE36, 0xCE37,
    0xCE37, 0xCE57, 0xD698, 0xCE57, 0xBDD5, 0xBDB5, 0xC616, 0xCE36, 0xCE36, 0xCE37, 0xCE37, 0xCE37,
    0xCE37, 0xCE37, 0xCE37, 0xCE36, 0xCE37, 0xCE37, 0xCE37, 0xCE37, 0xCE37, 0xCE57, 0xCE57, 0xCE57,
    0xCE57, 0xCE57, 0xCE37, 0xCE37, 0xCE57, 0xCE57, 0xCE57, 0xCE57, 0xCE57, 0xCE57, 0xD698, 0xD678,
    0xC5F6, 0xBDF5, 0xC616, 0xCE37, 0xCE37, 0xCE37, 0xCE37, 0xCE36, 0xCE36, 0xCE37, 0xCE57, 0xCE57,
    0xCE37, 0xCE36, 0xCE36, 0xC636, 0xCE36, 0xCE36, 0xCE36, 0xCE36, 0xCE36, 0xCE36, 0xCE36, 0xCE36,
    0xCE36, 0xCE36, 0xCE36, 0xCE36, 0xCE36, 0xCE37, 0xCE78, 0xD678, 0xBDD5, 0xBDF5, 0xC616, 0xC636,
    0xC636, 0xC636, 0xC636, 0xCE36, 0xC636, 0xC636, 0xC636, 0xC636, 0xCE36, 0xCE37, 0xCE37, 0xCE37,
    0xCE37, 0xCE37, 0xCE37, 0xCE37, 0xCE37, 0xCE37, 0xCE37, 0xCE36, 0xCE36, 0xCE36, 0xCE36, 0xCE36,
    0xCE37, 0xCE57, 0xD698, 0xCE77, 0xC5F5, 0xBDD5, 0xC616, 0xCE36, 0xCE37, 0xCE37, 0xCE37, 0xCE37,
    0xCE37, 0xCE37, 0xCE37, 0xCE37, 0xCE37, 0xCE37, 0xCE37, 0xCE37, 0xCE37, 0xCE37, 0xCE37, 0xCE37,
    0xCE57, 0xCE57, 0xCE37, 0xCE37, 0xCE37, 0xCE37, 0xCE37, 0xCE37, 0xCE37, 0xCE57, 0xD698, 0xCE77,
    0xBDF5, 0xBDD5, 0xC616, 0xCE36, 0xCE37, 0xCE37, 0xCE36, 0xCE36, 0xCE37, 0xCE37, 0xCE36, 0xCE36,
    0xCE36, 0xCE37, 0xCE37, 0xCE57, 0xCE57, 0xCE57, 0xCE57, 0xCE57, 0xCE57, 0xCE57, 0xCE37, 0xCE37,
    0xCE57, 0xCE57, 0xCE57, 0xCE57, 0xCE57, 0xD677, 0xD6B8, 0xD678, 0xC616, 0xBDF5, 0xC616, 0xCE37,
    0xCE37, 0xCE37, 0xCE37, 0xCE37, 0xCE37, 0xCE37, 0xCE37, 0xCE37, 0xCE37, 0xCE36, 0xCE36, 0xC636,
    0xC636, 0xC636, 0xC636, 0xCE36, 0xCE36, 0xCE36, 0xCE36, 0xCE36, 0xCE36, 0xCE36, 0xCE36, 0xCE36,
    0xCE36, 0xCE57, 0xCE78, 0xD698, 0xBDD5, 0xC5F5, 0xC616, 0xC636, 0xC636, 0xC636, 0xC636, 0xCE36,
    0xC636, 0xC636, 0xC636, 0xC636, 0xCE36, 0xCE37, 0xCE37, 0xCE37, 0xCE37, 0xCE37, 0xCE37, 0xCE37,
    0xCE37, 0xCE37, 0xCE36, 0xCE36, 0xCE36, 0xCE36, 0xCE36, 0xCE36, 0xCE37, 0xCE57, 0xD698, 0xCE78,
    0xC5F5, 0xBDD5, 0xC616, 0xCE36, 0xCE37, 0xCE37, 0xCE37, 0xCE37, 0xCE37, 0xCE37, 0xCE37, 0xCE57,
    0xCE37, 0xCE37, 0xCE37, 0xCE37, 0xCE37, 0xCE37, 0xCE37, 0xCE37, 0xCE57, 0xCE57, 0xCE37, 0xCE37,
    0xCE37, 0xCE37, 0xCE37, 0xCE37, 0xCE37, 0xCE57, 0xD698, 0xCE78, 0xC5F5, 0xBDD5, 0xC616, 0xCE37,
    0xCE37, 0xCE37, 0xCE36, 0xCE36, 0xCE37, 0xCE37, 0xCE36, 0xCE36, 0xCE36, 0xCE37, 0xCE57, 0xCE57,
    0xCE57, 0xCE57, 0xCE57, 0xCE57, 0xCE57, 0xCE57, 0xCE57, 0xCE57, 0xCE57, 0xCE57, 0xCE57, 0xCE57,
    0xCE57, 0xD678, 0xD6B8, 0xD678, 0xC616, 0xBDF5, 0xC636, 0xCE57, 0xCE57, 0xCE57, 0xCE57, 0xCE37,
    0xCE37, 0xCE37, 0xCE37, 0xCE37, 0xCE37, 0xCE36, 0xCE36, 0xC636, 0xC636, 0xC636, 0xC636, 0xCE36,
    0xCE36, 0xCE36, 0xC636, 0xC636, 0xCE36, 0xCE36, 0xCE36, 0xCE36, 0xCE36, 0xCE57, 0xD678, 0xD698,
    0xBDD5, 0xC5F5, 0xC616, 0xCE36, 0xC636, 0xC636, 0xC636, 0xC636, 0xC636, 0xC636, 0xC636, 0xC636,
    0xC636, 0xCE37, 0xCE37, 0xCE37, 0xCE37, 0xCE57, 0xCE37, 0xCE37, 0xCE37, 0xCE36, 0xCE36, 0xCE36,
    0xCE36, 0xCE36, 0xCE36, 0xCE36, 0xCE37, 0xCE57, 0xD698, 0xCE57, 0xBDD5, 0xBDD5, 0xC616, 0xCE36,
    0xCE36, 0xCE36, 0xCE37, 0xCE37, 0xCE57, 0xCE57, 0xCE37, 0xCE37, 0xCE37, 0xCE37, 0xCE37, 0xCE37,
    0xCE37, 0xCE37, 0xCE37, 0xCE57, 0xCE57, 0xCE37, 0xCE37, 0xCE37, 0xCE37, 0xCE37, 0xCE37, 0xCE37,
    0xCE37, 0xCE57, 0xD698, 0xCE77, 0xC5F5, 0xBDD5, 0xC616, 0xCE37, 0xCE37, 0xCE37, 0xCE37, 0xCE37,
    0xCE37, 0xCE37, 0xCE37, 0xCE36, 0xCE37, 0xCE37, 0xCE57, 0xCE57, 0xCE57, 0xCE57, 0xCE57, 0xCE57,
    0xCE57, 0xCE57, 0xCE57, 0xCE57, 0xCE57, 0xCE57, 0xCE57, 0xCE57, 0xCE57, 0xD677, 0xD698, 0xD678,
    0xC5F6, 0xC5F5, 0xCE36, 0xCE57, 0xCE57, 0xCE57, 0xCE57, 0xCE57, 0xCE37, 0xCE37, 0xCE37, 0xCE37,
    0xCE37, 0xCE37, 0xCE36, 0xC636, 0xCE36, 0xCE36, 0xCE37, 0xCE37, 0xCE37, 0xCE36, 0xC636, 0xC636,
    0xCE36, 0xCE36, 0xCE36, 0xCE36, 0xCE36, 0xCE57, 0xD678, 0xD698, 0xBDD5, 0xC5F5, 0xC616, 0xCE36,
    0xCE36, 0xC636, 0xC636, 0xC636, 0xC636, 0xC636, 0xC636, 0xC636, 0xC636, 0xC636, 0xCE37, 0xCE37,
    0xCE37, 0xCE37, 0xCE37, 0xCE37, 0xCE36, 0xCE36, 0xCE36, 0xCE36, 0xCE36, 0xCE36, 0xCE36, 0xCE36,
    0xCE36, 0xCE57, 0xD698, 0xCE57, 0xBDD5, 0xBDB5, 0xC616, 0xCE36, 0xCE36, 0xCE36, 0xCE36, 0xCE37,
    0xCE57, 0xCE57, 0xCE37, 0xCE37, 0xCE37, 0xCE37, 0xCE37, 0xCE37, 0xCE37, 0xCE37, 0xCE57, 0xCE57,
    0xCE37, 0xCE37, 0xCE37, 0xCE37, 0xCE37, 0xCE37, 0xCE37, 0xCE37, 0xCE37, 0xCE57, 0xD698, 0xCE77,
    0xC5F5, 0xBDD5, 0xC616, 0xCE37, 0xCE37, 0xCE37, 0xCE37, 0xCE37, 0xCE37, 0xCE37, 0xCE37, 0xCE37,
    0xCE37, 0xCE37, 0xCE57, 0xCE57, 0xCE57, 0xCE57, 0xCE57, 0xCE57, 0xCE57, 0xCE57, 0xCE57, 0xCE57,
    0xCE57, 0xCE57, 0xCE57, 0xCE57, 0xCE57, 0xCE77, 0xD698, 0xD678, 0xC5F6, 0xC5F5, 0xCE36, 0xCE57,
    0xCE57, 0xCE57, 0xCE57, 0xCE57, 0xCE57, 0xCE37, 0xCE37, 0xCE37, 0xCE37, 0xCE37, 0xCE36, 0xCE36,
    0xCE36, 0xCE36, 0xCE37, 0xCE37, 0xCE37, 0xCE36, 0xCE36, 0xCE36, 0xCE36, 0xCE36, 0xCE36, 0xCE37,
    0xCE37, 0xCE57, 0xD678, 0xD698, 0xBDD5, 0xBDF5, 0xC616, 0xCE37, 0xCE37, 0xCE37, 0xCE36, 0xC636,
    0xC636, 0xC636, 0xC636, 0xC636, 0xCE37, 0xCE37, 0xCE36, 0xCE37, 0xCE37, 0xCE37, 0xCE37, 0xCE36,
    0xCE36, 0xCE36, 0xCE36, 0xCE37, 0xCE37, 0xCE37, 0xCE37, 0xCE36, 0xCE36, 0xCE57, 0xD678, 0xCE57,
    0xBDD5, 0xBDD5, 0xC616, 0xCE36, 0xCE36, 0xCE36, 0xCE36, 0xCE36, 0xCE37, 0xCE37, 0xCE37, 0xCE37,
    0xCE37, 0xCE37, 0xCE37, 0xCE37, 0xCE37, 0xCE57, 0xCE57, 0xCE57, 0xCE37, 0xCE37, 0xCE57, 0xCE57,
    0xCE57, 0xCE37, 0xCE37, 0xCE36, 0xCE37, 0xCE57, 0xD698, 0xCE77, 0xC5F5, 0xBDD5, 0xC616, 0xCE37,
    0xCE37, 0xCE37, 0xCE37, 0xCE37, 0xCE37, 0xCE37, 0xCE37, 0xCE37, 0xCE37, 0xCE37, 0xCE57, 0xCE57,
    0xCE57, 0xCE57, 0xCE57, 0xCE57, 0xCE57, 0xCE57, 0xCE57, 0xCE57, 0xCE57, 0xCE57, 0xCE57, 0xCE57,
    0xCE57, 0xCE77, 0xD698, 0xD678, 0xC5F5, 0xBDD5, 0xC636, 0xCE57, 0xCE57, 0xCE57, 0xCE57, 0xCE57,
    0xCE57, 0xCE57, 0xCE37, 0xCE36, 0xCE36, 0xCE36, 0xCE37, 0xCE37, 0xCE37, 0xCE37, 0xCE37, 0xCE37,
    0xCE37, 0xCE36, 0xCE36, 0xCE36, 0xCE36, 0xCE37, 0xCE37, 0xCE37, 0xCE37, 0xCE57, 0xCE78, 0xD698,
    0xBDD5, 0xBDF5, 0xC616, 0xCE37, 0xCE37, 0xCE37, 0xCE36, 0xC636, 0xC636, 0xC636, 0xC636, 0xC636,
    0xCE37, 0xCE37, 0xCE36, 0xCE36, 0xCE37, 0xCE37, 0xCE36, 0xCE36, 0xCE36, 0xCE36, 0xCE37, 0xCE37,
    0xCE37, 0xCE37, 0xCE37, 0xCE37, 0xCE36, 0xCE57, 0xD678, 0xCE57, 0xBDD5, 0xBDD5, 0xC616, 0xCE36,
    0xCE36, 0xCE36, 0xCE36, 0xCE36, 0xCE36, 0xCE37, 0xCE37, 0xCE37, 0xCE37, 0xCE37, 0xCE37, 0xCE37,
    0xCE57, 0xCE57, 0xCE57, 0xCE57, 0xCE37, 0xCE37, 0xCE37, 0xCE57, 0xCE57, 0xCE57, 0xCE37, 0xCE37,
    0xCE37, 0xCE57, 0xD698, 0xCE57, 0xC5F5, 0xBDD5, 0xC616, 0xCE37, 0xCE37, 0xCE37, 0xCE37, 0xCE37,
    0xCE37, 0xCE37, 0xCE37, 0xCE37, 0xCE37, 0xCE37, 0xCE57, 0xCE57, 0xCE57, 0xCE57, 0xCE57, 0xCE57,
    0xCE57, 0xCE57, 0xCE57, 0xCE57, 0xCE57, 0xCE57, 0xCE57, 0xCE57, 0xCE57, 0xCE77, 0xD698, 0xD678,
    0xC5F5, 0xBDD5, 0xC636, 0xCE57, 0xCE57, 0xCE57, 0xCE57, 0xCE57, 0xCE57, 0xCE57, 0xCE37, 0xCE37,
    0xCE37, 0xCE37, 0xCE37, 0xCE37, 0xCE37, 0xCE37, 0xCE37, 0xCE37, 0xCE36, 0xCE36, 0xCE36, 0xCE37,
    0xCE37, 0xCE37, 0xCE37, 0xCE37, 0xCE37, 0xCE57, 0xCE78, 0xD698, 0xBDD5, 0xC5F5, 0xC616, 0xCE37,
    0xCE37, 0xCE37, 0xCE36, 0xC636, 0xC636, 0xC636, 0xC636, 0xC636, 0xCE36, 0xCE36, 0xCE36, 0xCE36,
    0xCE36, 0xCE36, 0xCE36, 0xCE36, 0xCE36, 0xCE36, 0xCE37, 0xCE37, 0xCE36, 0xCE36, 0xCE36, 0xCE37,
    0xCE37, 0xCE57, 0xD698, 0xCE57, 0xBDD5, 0xBDB5, 0xC616, 0xCE36, 0xCE37, 0xCE37, 0xCE37, 0xCE36,
    0xCE36, 0xCE37, 0xCE37, 0xCE37, 0xCE37, 0xCE37, 0xCE37, 0xCE37, 0xCE37, 0xCE37, 0xCE37, 0xCE37,
    0xCE37, 0xCE37, 0xCE37, 0xCE37, 0xCE57, 0xCE57, 0xCE57, 0xCE37, 0xCE37, 0xCE57, 0xD678, 0xCE57,
    0xBDD5, 0xBDD5, 0xC616, 0xCE37, 0xCE37, 0xCE37, 0xCE37, 0xCE37, 0xCE37, 0xCE37, 0xCE36, 0xCE36,
    0xCE36, 0xCE37, 0xCE57, 0xCE57, 0xCE57, 0xCE57, 0xCE57, 0xCE57, 0xCE57, 0xCE57, 0xCE37, 0xCE37,
    0xCE37, 0xCE57, 0xCE57, 0xCE57, 0xCE57, 0xCE77, 0xD698, 0xCE77, 0xC5F5, 0xBDD5, 0xC616, 0xCE57,
    0xCE57, 0xCE57, 0xCE57, 0xCE57, 0xCE57, 0xCE57, 0xCE57, 0xCE57, 0xCE57, 0xCE37, 0xCE37, 0xCE37,
    0xCE37, 0xCE37, 0xCE37, 0xCE37, 0xCE36, 0xCE36, 0xCE37, 0xCE37, 0xCE57, 0xCE37, 0xCE36, 0xCE36,
    0xCE37, 0xCE57, 0xCE78, 0xD678, 0xBDD5, 0xC5F5, 0xC616, 0xCE37, 0xCE37, 0xCE37, 0xCE37, 0xC636,
    0xC636, 0xC636, 0xC636, 0xC636, 0xCE36, 0xCE36, 0xCE36, 0xCE36, 0xCE36, 0xCE36, 0xCE36, 0xCE36,
    0xCE36, 0xCE36, 0xCE37, 0xCE37, 0xCE36, 0xCE36, 0xCE36, 0xCE36, 0xCE37, 0xCE57, 0xD698, 0xCE57,
    0xBDD5, 0xBDB4, 0xC616, 0xCE36, 0xCE36, 0xCE37, 0xCE37, 0xCE37, 0xCE37, 0xCE37, 0xCE37, 0xCE37,
    0xCE37, 0xCE37, 0xCE37, 0xCE37, 0xCE37, 0xCE37, 0xCE37, 0xCE37, 0xCE37, 0xCE37, 0xCE37, 0xCE37,
    0xCE57, 0xCE57, 0xCE57, 0xCE57, 0xCE37, 0xCE57, 0xD698, 0xCE57, 0xBDD5, 0xBDD5, 0xC616, 0xCE37,
    0xCE37, 0xCE37, 0xCE37, 0xCE37, 0xCE37, 0xCE37, 0xCE36, 0xCE36, 0xCE36, 0xCE37, 0xCE57, 0xCE57,
    0xCE57, 0xCE57, 0xCE57, 0xCE57, 0xCE57, 0xCE57, 0xCE37, 0xCE37, 0xCE37, 0xCE57, 0xCE57, 0xCE57,
    0xCE57, 0xCE77, 0xD698, 0xCE77, 0xBDF5, 0xBDD5, 0xC616, 0xCE57, 0xCE57, 0xCE57, 0xCE57, 0xCE57,
    0xCE57, 0xCE57, 0xCE57, 0xCE57, 0xCE57, 0xCE37, 0xCE37, 0xCE37, 0xCE37, 0xCE37, 0xCE37, 0xCE37,
    0xCE36, 0xCE36, 0xCE37, 0xCE37, 0xCE37, 0xCE37, 0xCE36, 0xCE36, 0xCE37, 0xCE57, 0xCE78, 0xD678,
    0xBDD5, 0xC5F5, 0xC616, 0xCE37, 0xCE37, 0xCE37, 0xCE37, 0xCE36, 0xC636, 0xC636, 0xC636, 0xC636,
    0xC636, 0xCE36, 0xCE37, 0xCE37, 0xCE36, 0xCE36, 0xCE36, 0xCE36, 0xCE36, 0xCE36, 0xCE36, 0xCE37,
    0xCE37, 0xCE36, 0xCE36, 0xCE36, 0xCE36, 0xCE57, 0xD698, 0xCE57, 0xBDD5, 0xBDB4, 0xC616, 0xCE36,
    0xCE36, 0xCE36, 0xCE36, 0xCE37, 0xCE37, 0xCE57, 0xCE57, 0xCE37, 0xCE37, 0xCE37, 0xCE37, 0xCE37,
    0xCE57, 0xCE57, 0xCE37, 0xCE37, 0xCE37, 0xCE37, 0xCE37, 0xCE37, 0xCE57, 0xCE57, 0xCE57, 0xCE57,
    0xCE57, 0xCE57, 0xD698, 0xCE77, 0xC5F5, 0xBDD5, 0xC616, 0xCE57, 0xCE57, 0xCE57, 0xCE37, 0xCE37,
    0xCE37, 0xCE37, 0xCE37, 0xCE37, 0xCE37, 0xCE57, 0xCE57, 0xCE57, 0xCE57, 0xCE57, 0xCE57, 0xCE57,
    0xCE57, 0xCE57, 0xCE37, 0xCE37, 0xCE57, 0xCE57, 0xCE57, 0xCE57, 0xCE57, 0xCE77, 0xD698, 0xCE78,
    0xC5F5, 0xBDD5, 0xC616, 0xCE57, 0xCE57, 0xCE57, 0xCE57, 0xCE57, 0xCE57, 0xCE57, 0xCE57, 0xCE57,
    0xCE37, 0xCE37, 0xCE37, 0xCE36, 0xCE36, 0xCE36, 0xCE36, 0xCE36, 0xCE36, 0xCE36, 0xCE36, 0xCE36,
    0xCE36, 0xCE36, 0xCE37, 0xCE37, 0xCE37, 0xCE57, 0xCE78, 0xD678, 0xBDD5, 0xC5F5, 0xC616, 0xCE37,
    0xCE37, 0xCE37, 0xCE37, 0xCE36, 0xC636, 0xC636, 0xC636, 0xC636, 0xC636, 0xCE37, 0xCE37, 0xCE37,
    0xCE36, 0xCE36, 0xCE36, 0xCE36, 0xCE36, 0xCE36, 0xCE36, 0xCE37, 0xCE36, 0xCE36, 0xCE36, 0xCE36,
    0xCE36, 0xCE57, 0xD698, 0xCE57, 0xBDD5, 0xBDB5, 0xC616, 0xCE36, 0xC636, 0xC636, 0xCE36, 0xCE36,
    0xCE57, 0xCE57, 0xCE57, 0xCE37, 0xCE37, 0xCE37, 0xCE37, 0xCE37, 0xCE37, 0xCE37, 0xCE37, 0xCE37,
    0xCE37, 0xCE37, 0xCE37, 0xCE57, 0xCE57, 0xCE57, 0xCE57, 0xCE57, 0xCE57, 0xCE57, 0xD698, 0xD678,
    0xC5F6, 0xBDD5, 0xC636, 0xCE57, 0xCE57, 0xCE57, 0xCE57, 0xCE57, 0xCE37, 0xCE37, 0xCE37, 0xCE37,
    0xCE57, 0xCE57, 0xCE57, 0xCE57, 0xCE57, 0xCE57, 0xCE57, 0xCE57, 0xCE57, 0xCE57, 0xCE57, 0xCE57,
    0xCE57, 0xCE57, 0xCE57, 0xCE57, 0xCE57, 0xCE57, 0xD698, 0xD678, 0xC5F5, 0xBDD5, 0xC616, 0xCE57,
    0xCE57, 0xCE57, 0xCE57, 0xCE57, 0xCE57, 0xCE57, 0xCE57, 0xCE57, 0xCE37, 0xCE37, 0xCE36, 0xCE36,
    0xCE36, 0xCE36, 0xCE36, 0xCE36, 0xCE36, 0xCE36, 0xCE36, 0xCE36, 0xCE36, 0xCE36, 0xCE37, 0xCE37,
    0xCE37, 0xCE57, 0xCE78, 0xD678, 0xBDD5, 0xC5F5, 0xC616, 0xC636, 0xC636, 0xC636, 0xC636, 0xC636,
    0xC636, 0xCE36, 0xCE37, 0xCE37, 0xCE37, 0xCE37, 0xCE37, 0xCE37, 0xCE36, 0xCE36, 0xCE36, 0xCE36,
    0xCE36, 0xCE36, 0xCE36, 0xCE36, 0xCE36, 0xCE36, 0xCE36, 0xCE36, 0xCE36, 0xCE57, 0xD678, 0xCE57,
    0xBDD5, 0xBDD5, 0xC616, 0xCE36, 0xC636, 0xC636, 0xCE36, 0xCE36, 0xCE57, 0xCE57, 0xCE57, 0xCE37,
    0xCE37, 0xCE36, 0xCE36, 0xCE36, 0xCE36, 0xCE36, 0xCE37, 0xCE57, 0xCE57, 0xCE57, 0xCE57, 0xCE57,
    0xCE57, 0xCE57, 0xCE57, 0xCE57, 0xCE37, 0xCE57, 0xD698, 0xD678, 0xC5F6, 0xBDD5, 0xC636, 0xCE57,
    0xCE57, 0xCE57, 0xCE57, 0xCE57, 0xCE57, 0xCE37, 0xCE36, 0xCE36, 0xCE57, 0xCE57, 0xCE57, 0xCE57,
    0xCE57, 0xCE57, 0xCE57, 0xCE57, 0xCE57, 0xCE57, 0xCE57, 0xCE57, 0xCE57, 0xCE57, 0xCE57, 0xCE57,
    0xCE57, 0xCE57, 0xD698, 0xD678, 0xC5F6, 0xBDD5, 0xC616, 0xCE37, 0xCE57, 0xCE57, 0xCE57, 0xCE57,
    0xCE57, 0xCE57, 0xCE57, 0xCE57, 0xCE57, 0xCE37, 0xCE36, 0xCE36, 0xCE36, 0xCE36, 0xCE36, 0xCE36,
    0xCE36, 0xCE36, 0xCE36, 0xCE36, 0xCE37, 0xCE37, 0xCE37, 0xCE37, 0xCE37, 0xCE57, 0xD678, 0xD698,
    0xBDF5, 0xC5F5, 0xC616, 0xC636, 0xC636, 0xC636, 0xC636, 0xC636, 0xC636, 0xCE36, 0xCE37, 0xCE37,
    0xCE37, 0xCE37, 0xCE37, 0xCE36, 0xCE36, 0xCE36, 0xCE36, 0xCE36, 0xCE36, 0xCE36, 0xCE36, 0xCE36,
    0xCE36, 0xCE36, 0xCE36, 0xCE36, 0xCE36, 0xCE57, 0xD678, 0xCE57, 0xBDD5, 0xBDD5, 0xC616, 0xC636,
    0xC636, 0xCE36, 0xCE36, 0xCE36, 0xCE57, 0xCE57, 0xCE37, 0xCE37, 0xCE36, 0xCE36, 0xCE36, 0xCE36,
    0xCE36, 0xCE36, 0xCE37, 0xCE57, 0xCE57, 0xCE57, 0xCE57, 0xCE57, 0xCE57, 0xCE57, 0xCE57, 0xCE57,
    0xCE37, 0xCE57, 0xD698, 0xD678, 0xC5F6, 0xBDD5, 0xC636, 0xCE57, 0xCE57, 0xCE57, 0xCE57, 0xCE57,
    0xCE57, 0xCE37, 0xCE36, 0xCE36, 0xCE57, 0xCE57, 0xCE57, 0xCE57, 0xCE57, 0xCE57, 0xCE57, 0xCE57,
    0xCE57, 0xCE57, 0xCE57, 0xCE57, 0xCE57, 0xCE57, 0xCE57, 0xCE57, 0xCE57, 0xCE57, 0xD698, 0xD678,
    0xC5F6, 0xBDF5, 0xC616, 0xCE37, 0xCE37, 0xCE57, 0xCE57, 0xCE57, 0xCE37, 0xCE37, 0xCE57, 0xCE57,
    0xCE57, 0xCE37, 0xCE36, 0xCE36, 0xCE36, 0xCE36, 0xCE36, 0xCE36, 0xC636, 0xC636, 0xCE36, 0xCE36,
    0xCE37, 0xCE37, 0xCE37, 0xCE37, 0xCE37, 0xCE57, 0xD678, 0xD698, 0xC5F5, 0xC5F5, 0xC616, 0xC636,
    0xC636, 0xCE36, 0xC636, 0xC636, 0xC636, 0xC636, 0xCE37, 0xCE37, 0xCE36, 0xC636, 0xC636, 0xCE36,
    0xCE36, 0xCE36, 0xCE36, 0xCE36, 0xCE36, 0xCE36, 0xCE36, 0xCE36, 0xCE36, 0xCE36, 0xCE36, 0xCE36,
    0xCE36, 0xCE57, 0xD678, 0xCE57, 0xBDD5, 0xBDB5, 0xC5F6, 0xC636, 0xC636, 0xCE36, 0xCE36, 0xCE36,
    0xCE57, 0xCE57, 0xCE37, 0xCE36, 0xCE36, 0xCE36, 0xCE36, 0xCE36, 0xCE36, 0xCE36, 0xCE37, 0xCE57,
    0xCE57, 0xCE57, 0xCE57, 0xCE57, 0xCE57, 0xCE57, 0xCE57, 0xCE57, 0xCE37, 0xCE57, 0xD698, 0xD678,
    0xC5F6, 0xBDD5, 0xC616, 0xCE37, 0xCE57, 0xCE57, 0xCE57, 0xCE57, 0xCE57, 0xCE37, 0xCE36, 0xCE36,
    0xCE37, 0xCE37, 0xCE57, 0xCE57, 0xCE37, 0xCE37, 0xCE37, 0xCE57, 0xCE57, 0xCE57, 0xCE57, 0xCE57,
    0xCE57, 0xCE57, 0xCE57, 0xCE57, 0xCE57, 0xCE57, 0xD698, 0xD678, 0xC5F5, 0xBDD5, 0xC616, 0xCE37,
    0xCE36, 0xCE36, 0xCE37, 0xCE37, 0xCE37, 0xCE37, 0xCE57, 0xCE57, 0xCE57, 0xCE37, 0xCE36, 0xCE36,
    0xCE36, 0xCE36, 0xCE36, 0xCE36, 0xC636, 0xC636, 0xCE36, 0xCE36, 0xCE37, 0xCE37, 0xCE36, 0xCE36,
    0xCE37, 0xCE57, 0xD678, 0xD698, 0xC5F5, 0xC5F5, 0xC616, 0xC636, 0xC636, 0xCE36, 0xC636, 0xC636,
    0xC636, 0xC636, 0xCE36, 0xCE36, 0xC636, 0xC636, 0xC636, 0xC636, 0xCE37, 0xCE37, 0xCE36, 0xCE36,
    0xCE36, 0xCE36, 0xCE36, 0xCE36, 0xCE36, 0xCE36, 0xCE36, 0xCE36, 0xCE36, 0xCE57, 0xD678, 0xCE57,
    0xBDD5, 0xBDB5, 0xC5F6, 0xC636, 0xCE36, 0xCE36, 0xCE36, 0xCE37, 0xCE37, 0xCE37, 0xCE36, 0xCE36,
    0xCE36, 0xCE36, 0xCE36, 0xCE36, 0xCE36, 0xCE37, 0xCE37, 0xCE37, 0xCE37, 0xCE57, 0xCE57, 0xCE57,
    0xCE57, 0xCE57, 0xCE57, 0xCE57, 0xCE57, 0xCE57, 0xD698, 0xD678, 0xC5F6, 0xBDD5, 0xC616, 0xCE37,
    0xCE57, 0xCE57, 0xCE57, 0xCE57, 0xCE57, 0xCE37, 0xCE37, 0xCE36, 0xCE36, 0xCE36, 0xCE36, 0xCE37,
    0xCE37, 0xCE37, 0xCE37, 0xCE37, 0xCE57, 0xCE57, 0xCE57, 0xCE57, 0xCE57, 0xCE57, 0xCE57, 0xCE57,
    0xCE57, 0xCE57, 0xD698, 0xD678, 0xC5F5, 0xBDD5, 0xC616, 0xCE36, 0xCE36, 0xCE36, 0xCE36, 0xCE37,
    0xCE37, 0xCE37, 0xCE57, 0xCE57, 0xCE37, 0xCE37, 0xCE36, 0xCE36, 0xCE36, 0xCE36, 0xCE36, 0xCE36,
    0xC636, 0xCE36, 0xCE36, 0xCE36, 0xCE37, 0xCE37, 0xCE36, 0xCE36, 0xCE37, 0xCE57, 0xCE78, 0xD698,
    0xBDF5, 0xC5F6, 0xC616, 0xC636, 0xC636, 0xC636, 0xC636, 0xC636, 0xC636, 0xC636, 0xC636, 0xC636,
    0xCE37, 0xCE37, 0xC636, 0xC636, 0xCE37, 0xCE37, 0xCE36, 0xCE36, 0xCE36, 0xCE36, 0xCE36, 0xCE36,
    0xCE36, 0xCE36, 0xCE36, 0xCE36, 0xCE36, 0xCE57, 0xD678, 0xCE57, 0xBDD5, 0xBDB5, 0xC5F6, 0xC636,
    0xCE36, 0xCE36, 0xCE36, 0xCE37, 0xCE37, 0xCE36, 0xCE36, 0xCE36, 0xCE36, 0xC636, 0xC636, 0xCE36,
    0xCE37, 0xCE37, 0xCE37, 0xCE36, 0xCE36, 0xCE37, 0xCE37, 0xCE57, 0xCE57, 0xCE57, 0xCE57, 0xCE57,
    0xCE57, 0xCE57, 0xD698, 0xCE77, 0xC5F6, 0xBDD5, 0xC636, 0xCE57, 0xCE57, 0xCE37, 0xCE57, 0xCE57,
    0xCE57, 0xCE57, 0xCE37, 0xCE36, 0xC636, 0xCE36, 0xCE36, 0xCE37, 0xCE37, 0xCE37, 0xCE37, 0xCE37,
    0xCE37, 0xCE37, 0xCE37, 0xCE37, 0xCE37, 0xCE57, 0xCE57, 0xCE57, 0xCE57, 0xCE57, 0xD698, 0xD678,
    0xC5F5, 0xBDD5, 0xC616, 0xCE36, 0xCE36, 0xCE36, 0xCE36, 0xCE36, 0xCE37, 0xCE37, 0xCE57, 0xCE57,
    0xCE37, 0xCE37, 0xCE37, 0xCE37, 0xCE36, 0xCE36, 0xCE36, 0xCE36, 0xCE36, 0xCE36, 0xCE36, 0xCE37,
    0xCE37, 0xCE37, 0xCE36, 0xCE36, 0xCE37, 0xCE57, 0xCE78, 0xD678, 0xBDF5, 0xC5F6, 0xC616, 0xCE37,
    0xC636, 0xC636, 0xC636, 0xC636, 0xC636, 0xC636, 0xC636, 0xC636, 0xCE37, 0xCE37, 0xCE37, 0xCE36,
    0xCE37, 0xCE37, 0xCE36, 0xCE36, 0xCE36, 0xCE36, 0xCE36, 0xCE36, 0xCE36, 0xCE36, 0xCE36, 0xCE36,
    0xCE36, 0xCE57, 0xD678, 0xCE57, 0xBDD5, 0xBDB4, 0xC5F6, 0xC636, 0xCE36, 0xCE36, 0xCE36, 0xCE36,
    0xCE36, 0xCE36, 0xCE36, 0xCE36, 0xCE36, 0xC636, 0xC636, 0xCE36, 0xCE37, 0xCE37, 0xCE36, 0xCE36,
    0xCE37, 0xCE37, 0xCE37, 0xCE57, 0xCE57, 0xCE57, 0xCE57, 0xCE57, 0xCE57, 0xCE57, 0xD698, 0xCE78,
    0xC5F6, 0xBDD5, 0xC636, 0xCE57, 0xCE37, 0xCE37, 0xCE37, 0xCE37, 0xCE37, 0xCE37, 0xCE37, 0xCE37,
    0xCE36, 0xCE36, 0xCE36, 0xCE37, 0xCE37, 0xCE37, 0xCE37, 0xCE37, 0xCE36, 0xCE36, 0xCE36, 0xCE36,
    0xCE37, 0xCE37, 0xCE57, 0xCE57, 0xCE37, 0xCE57, 0xD698, 0xCE78, 0xC5F5, 0xBDD5, 0xC616, 0xCE36,
    0xCE36, 0xCE36, 0xCE36, 0xCE36, 0xCE36, 0xCE37, 0xCE37, 0xCE57, 0xCE37, 0xCE37, 0xCE37, 0xCE37,
    0xCE37, 0xCE36, 0xCE36, 0xCE36, 0xCE36, 0xCE36, 0xCE37, 0xCE37, 0xCE37, 0xCE37, 0xCE36, 0xCE36,
    0xCE37, 0xCE57, 0xCE78, 0xD678, 0xBDD5, 0xC5F5, 0xC616, 0xCE37, 0xC636, 0xC636, 0xCE36, 0xCE36,
    0xC636, 0xC636, 0xC636, 0xC636, 0xCE37, 0xCE37, 0xCE37, 0xCE37, 0xCE37, 0xCE36, 0xCE36, 0xCE36,
    0xCE36, 0xCE36, 0xCE36, 0xCE36, 0xCE36, 0xCE36, 0xCE36, 0xCE36, 0xCE36, 0xCE37, 0xD678, 0xCE57,
    0xBDD5, 0xBDB4, 0xC5F6, 0xC636, 0xC636, 0xCE36, 0xCE36, 0xCE36, 0xCE36, 0xCE36, 0xCE36, 0xCE36,
    0xCE36, 0xCE36, 0xCE36, 0xCE36, 0xCE37, 0xCE37, 0xCE36, 0xCE37, 0xCE37, 0xCE37, 0xCE37, 0xCE37,
    0xCE57, 0xCE57, 0xCE57, 0xCE57, 0xCE57, 0xCE77, 0xD698, 0xCE78, 0xC5F6, 0xBDD5, 0xC636, 0xCE57,
    0xCE37, 0xCE37, 0xCE57, 0xCE37, 0xCE37, 0xCE37, 0xCE37, 0xCE37, 0xCE37, 0xCE37, 0xCE37, 0xCE57,
    0xCE57, 0xCE57, 0xCE37, 0xCE37, 0xCE37, 0xCE36, 0xC636, 0xC636, 0xCE37, 0xCE37, 0xCE57, 0xCE57,
    0xCE37, 0xCE57, 0xD698, 0xCE57, 0xC5F5, 0xBDD5, 0xC616, 0xCE36, 0xCE36, 0xCE36, 0xCE36, 0xCE36,
    0xCE36, 0xCE36, 0xCE36, 0xCE36, 0xCE36, 0xCE37, 0xCE37, 0xCE57, 0xCE37, 0xCE37, 0xCE36, 0xCE36,
    0xCE36, 0xCE36, 0xCE37, 0xCE37, 0xCE36, 0xCE36, 0xCE36, 0xCE36, 0xCE36, 0xCE37, 0xCE77, 0xD678,
    0xBDF5, 0xC5F5, 0xC636, 0xCE37, 0xCE36, 0xCE36, 0xCE37, 0xCE37, 0xC636, 0xC636, 0xC636, 0xCE36,
    0xCE37, 0xCE37, 0xCE37, 0xCE37, 0xCE37, 0xCE36, 0xCE36, 0xCE36, 0xCE36, 0xCE36, 0xCE36, 0xCE36,
    0xCE36, 0xCE36, 0xCE36, 0xCE36, 0xCE36, 0xCE57, 0xD678, 0xCE57, 0xBDD5, 0xBDB4, 0xC616, 0xC636,
    0xC636, 0xC636, 0xCE36, 0xCE36, 0xCE36, 0xCE36, 0xCE36, 0xCE36, 0xCE36, 0xCE36, 0xCE36, 0xCE36,
    0xCE37, 0xCE37, 0xCE37, 0xCE37, 0xCE57, 0xCE57, 0xCE57, 0xCE57, 0xCE57, 0xCE57, 0xCE57, 0xCE57,
    0xCE57, 0xCE77, 0xD698, 0xCE78, 0xC5F5, 0xBDD5, 0xC616, 0xCE37, 0xCE37, 0xCE37, 0xCE57, 0xCE37,
    0xCE37, 0xCE37, 0xCE37, 0xCE37, 0xCE37, 0xCE57, 0xCE57, 0xCE57, 0xCE57, 0xCE57, 0xCE57, 0xCE37,
    0xCE37, 0xCE37, 0xCE36, 0xCE36, 0xCE37, 0xCE37, 0xCE37, 0xCE37, 0xCE36, 0xCE57, 0xD678, 0xCE57,
    0xC5F5, 0xBDD5, 0xC616, 0xCE36, 0xCE36, 0xCE36, 0xCE36, 0xCE36, 0xCE36, 0xCE36, 0xCE36, 0xCE36,
    0xCE36, 0xCE36, 0xCE37, 0xCE37, 0xCE37, 0xCE37, 0xCE36, 0xCE36, 0xCE36, 0xCE37, 0xCE37, 0xCE37,
    0xCE36, 0xCE36, 0xCE36, 0xCE36, 0xCE36, 0xCE37, 0xCE77, 0xD678, 0xBDF5, 0xC5F6, 0xC636, 0xCE37,
    0xCE37, 0xCE37, 0xCE37, 0xCE37, 0xCE37, 0xCE36, 0xCE36, 0xCE36, 0xCE37, 0xCE37, 0xCE37, 0xCE37,
    0xCE37, 0xCE36, 0xCE36, 0xCE36, 0xCE36, 0xCE36, 0xCE36, 0xCE37, 0xCE37, 0xCE37, 0xCE36, 0xCE36,
    0xCE36, 0xCE57, 0xD678, 0xCE57, 0xBDD5, 0xBDB5, 0xC616, 0xCE36, 0xC636, 0xC636, 0xC636, 0xCE36,
    0xCE36, 0xCE36, 0xCE36, 0xCE36, 0xCE36, 0xCE36, 0xCE36, 0xCE36, 0xCE37, 0xCE57, 0xCE57, 0xCE57,
    0xCE57, 0xCE57, 0xCE57, 0xCE57, 0xCE57, 0xCE57, 0xCE57, 0xCE57, 0xCE57, 0xCE78, 0xD6B8, 0xD678,
    0xC5F5, 0xBDD5, 0xC616, 0xCE37, 0xCE37, 0xCE57, 0xCE37, 0xCE37, 0xCE37, 0xCE37, 0xCE37, 0xCE37,
    0xCE37, 0xCE37, 0xCE37, 0xCE57, 0xCE57, 0xCE57, 0xCE57, 0xCE37, 0xCE37, 0xCE37, 0xCE37, 0xCE36,
    0xCE36, 0xCE37, 0xCE37, 0xCE36, 0xCE36, 0xCE57, 0xD678, 0xCE57, 0xBDF5, 0xBDD5, 0xC616, 0xCE36,
    0xC636, 0xC636, 0xCE36, 0xCE36, 0xCE36, 0xCE37, 0xCE37, 0xCE37, 0xCE36, 0xCE36, 0xCE37, 0xCE37,
    0xCE37, 0xCE36, 0xCE36, 0xCE36, 0xCE37, 0xCE37, 0xCE37, 0xCE36, 0xCE36, 0xCE36, 0xC636, 0xC636,
    0xC636, 0xCE37, 0xCE77, 0xD678, 0xBDF5, 0xC5F6, 0xC636, 0xCE37, 0xCE37, 0xCE37, 0xCE37, 0xCE37,
    0xCE37, 0xCE37, 0xCE36, 0xCE36, 0xCE37, 0xCE37, 0xCE37, 0xCE37, 0xCE37, 0xCE37, 0xCE36, 0xCE36,
    0xCE36, 0xCE36, 0xCE36, 0xCE37, 0xCE37, 0xCE37, 0xCE36, 0xCE36, 0xCE36, 0xCE57, 0xD678, 0xCE57,
    0xBDD5, 0xBDB5, 0xC616, 0xCE36, 0xCE36, 0xCE36, 0xCE36, 0xCE36, 0xCE36, 0xCE36, 0xCE36, 0xCE36,
    0xCE36, 0xC636, 0xCE36, 0xCE36, 0xCE37, 0xCE57, 0xCE57, 0xCE57, 0xCE57, 0xCE57, 0xCE57, 0xCE57,
    0xCE57, 0xCE57, 0xCE57, 0xCE57, 0xCE57, 0xCE78, 0xD6B8, 0xD678, 0xC5F5, 0xBDD5, 0xC616, 0xCE37,
    0xCE57, 0xCE57, 0xCE37, 0xCE37, 0xCE37, 0xCE37, 0xCE57, 0xCE37, 0xCE37, 0xCE37, 0xCE37, 0xCE37,
    0xCE57, 0xCE57, 0xCE57, 0xCE37, 0xCE37, 0xCE37, 0xCE37, 0xCE37, 0xCE36, 0xCE36, 0xCE36, 0xCE36,
    0xCE36, 0xCE57, 0xD678, 0xCE57, 0xBDF5, 0xBDD5, 0xC616, 0xCE36, 0xC636, 0xC636, 0xCE36, 0xCE36,
    0xCE37, 0xCE37, 0xCE37, 0xCE37, 0xCE36, 0xCE36, 0xCE36, 0xCE37, 0xCE37, 0xCE36, 0xCE36, 0xCE37,
    0xCE37, 0xCE37, 0xCE36, 0xCE36, 0xCE36, 0xCE36, 0xCE36, 0xCE36, 0xC636, 0xCE37, 0xCE77, 0xD678,
    0xBDF5, 0xC5F6, 0xC636, 0xCE37, 0xCE37, 0xCE37, 0xCE37, 0xCE57, 0xCE57, 0xCE57, 0xCE37, 0xCE37,
    0xCE57, 0xCE57, 0xCE57, 0xCE57, 0xCE57, 0xCE57, 0xCE36, 0xCE36, 0xCE36, 0xCE36, 0xCE36, 0xCE36,
    0xCE36, 0xCE36, 0xCE36, 0xCE36, 0xCE36, 0xCE57, 0xD678, 0xCE57, 0xBDD5, 0xBDB4, 0xC616, 0xCE36,
    0xCE36, 0xCE36, 0xCE36, 0xCE36, 0xCE36, 0xCE36, 0xCE36, 0xCE36, 0xCE36, 0xCE36, 0xC636, 0xCE36,
    0xCE36, 0xCE37, 0xCE37, 0xCE57, 0xCE57, 0xCE57, 0xCE57, 0xCE57, 0xCE57, 0xCE57, 0xCE57, 0xCE57,
    0xCE57, 0xCE77, 0xD698, 0xCE78, 0xBDF5, 0xBDD5, 0xC616, 0xCE57, 0xCE57, 0xCE57, 0xCE37, 0xCE37,
    0xCE36, 0xCE37, 0xCE37, 0xCE37, 0xCE37, 0xCE36, 0xCE36, 0xCE36, 0xCE36, 0xCE36, 0xCE57, 0xCE57,
    0xCE37, 0xCE37, 0xCE37, 0xCE37, 0xCE36, 0xCE36, 0xCE36, 0xCE36, 0xCE36, 0xCE57, 0xD678, 0xCE57,
    0xC5F5, 0xBDD5, 0xC616, 0xCE36, 0xCE36, 0xCE36, 0xCE36, 0xCE36, 0xCE37, 0xCE37, 0xCE36, 0xCE36,
    0xCE36, 0xCE36, 0xCE36, 0xCE37, 0xCE37, 0xCE37, 0xCE37, 0xCE37, 0xCE37, 0xCE36, 0xCE36, 0xCE36,
    0xCE36, 0xCE37, 0xCE37, 0xCE37, 0xCE36, 0xCE37, 0xCE77, 0xD678, 0xBDF5, 0xC5F6, 0xC636, 0xCE37,
    0xCE36, 0xCE36, 0xCE37, 0xCE57, 0xCE57, 0xCE57, 0xCE37, 0xCE57, 0xCE57, 0xCE57, 0xCE57, 0xCE57,
    0xCE57, 0xCE57, 0xCE36, 0xCE36, 0xCE36, 0xCE36, 0xCE36, 0xCE36, 0xCE36, 0xCE36, 0xCE36, 0xCE36,
    0xCE36, 0xCE57, 0xD678, 0xCE57, 0xBDD5, 0xBDB4, 0xC616, 0xCE36, 0xCE36, 0xCE36, 0xCE36, 0xCE36,
    0xCE37, 0xCE36, 0xCE36, 0xCE36, 0xCE36, 0xCE36, 0xC636, 0xCE36, 0xCE36, 0xCE36, 0xCE37, 0xCE37,
    0xCE37, 0xCE37, 0xCE57, 0xCE57, 0xCE57, 0xCE57, 0xCE57, 0xCE57, 0xCE57, 0xCE77, 0xD698, 0xCE78,
    0xBDF5, 0xBDD5, 0xC616, 0xCE57, 0xCE57, 0xCE37, 0xCE37, 0xCE37, 0xCE37, 0xCE37, 0xCE37, 0xCE37,
    0xCE36, 0xCE36, 0xCE36, 0xCE36, 0xCE36, 0xCE36, 0xCE37, 0xCE57, 0xCE37, 0xCE37, 0xCE37, 0xCE36,
    0xCE36, 0xCE36, 0xCE36, 0xCE36, 0xCE36, 0xCE57, 0xD678, 0xCE57, 0xC5F5, 0xBDD5, 0xC616, 0xCE36,
    0xCE36, 0xCE36, 0xCE36, 0xCE36, 0xCE36, 0xCE36, 0xCE36, 0xCE36, 0xCE36, 0xCE37, 0xCE37, 0xCE37,
    0xCE37, 0xCE37, 0xCE37, 0xCE37, 0xCE36, 0xCE36, 0xCE36, 0xCE36, 0xCE37, 0xCE37, 0xCE37, 0xCE37,
    0xCE36, 0xCE37, 0xCE77, 0xD678, 0xBDF5, 0xC5F5, 0xC636, 0xCE37, 0xCE36, 0xCE36, 0xCE36, 0xCE37,
    0xCE37, 0xCE37, 0xCE37, 0xCE37, 0xCE57, 0xCE57, 0xCE57, 0xCE57, 0xCE57, 0xCE36, 0xCE36, 0xCE36,
    0xCE36, 0xCE36, 0xCE36, 0xCE36, 0xCE37, 0xCE37, 0xCE37, 0xCE36, 0xCE36, 0xCE57, 0xD678, 0xCE57,
    0xBDD5, 0xBDB4, 0xC616, 0xCE36, 0xCE36, 0xCE36, 0xCE36, 0xCE36, 0xCE36, 0xCE36, 0xCE36, 0xCE36,
    0xCE36, 0xC636, 0xCE36, 0xCE36, 0xCE36, 0xCE36, 0xCE57, 0xCE37, 0xCE37, 0xCE37, 0xCE37, 0xCE37,
    0xCE57, 0xCE57, 0xCE57, 0xCE57, 0xCE57, 0xCE77, 0xD698, 0xCE78, 0xC5F5, 0xBDD5, 0xC616, 0xCE57,
    0xCE37, 0xCE37, 0xCE37, 0xCE37, 0xCE37, 0xCE37, 0xCE37, 0xCE36, 0xCE36, 0xCE36, 0xCE36, 0xCE36,
    0xCE36, 0xCE36, 0xCE37, 0xCE37, 0xCE57, 0xCE37, 0xCE36, 0xCE36, 0xCE36, 0xCE36, 0xCE36, 0xCE36,
    0xC636, 0xCE57, 0xD698, 0xCE77, 0xC5F5, 0xBDD5, 0xC616, 0xCE36, 0xC636, 0xC636, 0xC636, 0xCE36,
    0xCE36, 0xCE36, 0xCE36, 0xCE37, 0xCE57, 0xCE57, 0xCE57, 0xCE37, 0xCE37, 0xCE37, 0xCE37, 0xCE36,
    0xCE36, 0xCE36, 0xCE36, 0xCE36, 0xCE36, 0xCE36, 0xCE36, 0xCE36, 0xCE36, 0xCE57, 0xCE78, 0xD698,
    0xBDD5, 0xBDF5, 0xC616, 0xC636, 0xC616, 0xC616, 0xC616, 0xC636, 0xC636, 0xC636, 0xC636, 0xC636,
    0xC636, 0xC636, 0xC636, 0xC636, 0xC636, 0xC636, 0xC636, 0xC636, 0xC616, 0xC616, 0xC616, 0xC616,
    0xC616, 0xC616, 0xC616, 0xC616, 0xC616, 0xCE37, 0xCE77, 0xCE57, 0xBDD5, 0xBDB4, 0xC5F5, 0xC616,
    0xC616, 0xC616, 0xC616, 0xC616, 0xC616, 0xC636, 0xC616, 0xC616, 0xC616, 0xC616, 0xC616, 0xC616,
    0xC616, 0xC636, 0xC636, 0xC636, 0xC636, 0xC636, 0xC636, 0xC636, 0xC636, 0xCE36, 0xCE36, 0xCE36,
    0xCE36, 0xCE57, 0xD678, 0xCE57, 0xBDD5, 0xBDB5, 0xC616, 0xC636, 0xC636, 0xC636, 0xC636, 0xC636,
    0xC636, 0xC636, 0xC616, 0xC616, 0xC616, 0xC616, 0xC616, 0xC616, 0xC616, 0xC616, 0xC636, 0xC636,
    0xC636, 0xC636, 0xC636, 0xC616, 0xC616, 0xC616, 0xC616, 0xC616, 0xC616, 0xCE36, 0xCE77, 0xCE57,
    0xBDD5, 0xBDB5, 0xC616, 0xC616, 0xC616, 0xC616, 0xC616, 0xC616, 0xC616, 0xC616, 0xC636, 0xC636,
    0xC636, 0xC636, 0xC636, 0xC636, 0xC616, 0xC616, 0xC616, 0xC616, 0xC616, 0xC616, 0xC616, 0xC616,
    0xC616, 0xC616, 0xC616, 0xC616, 0xC616, 0xCE36, 0xCE57, 0xCE78, 0xBDB4, 0xBDB5, 0xBDF5, 0xC5F5,
    0xC5F5, 0xC5F5, 0xC5F5, 0xC5F5, 0xC5F5, 0xC5F5, 0xC5F5, 0xC5F5, 0xC5F5, 0xC5F5, 0xC5F6, 0xC616,
    0xC5F6, 0xC5F5, 0xC5F5, 0xC5F5, 0xC5F5, 0xC5F5, 0xC5F5, 0xC5F5, 0xC5F5, 0xC5F5, 0xBDF5, 0xBDF5,
    0xC5F5, 0xC616, 0xCE37, 0xC616, 0xBDB4, 0xB594, 0xBDD5, 0xC5F5, 0xBDD5, 0xBDD5, 0xC5F5, 0xC5F5,
    0xC5F5, 0xC5F5, 0xC5F5, 0xC5F5, 0xC5F5, 0xC5F5, 0xC5F5, 0xC5F5, 0xC5F5, 0xC5F5, 0xC5F5, 0xC5F5,
    0xC5F5, 0xC5F6, 0xC5F6, 0xC5F6, 0xC5F6, 0xC5F6, 0xC5F6, 0xC5F6, 0xC616, 0xC616, 0xCE37, 0xC636,
    0xBDB5, 0xB5B4, 0xBDD5, 0xC5F5, 0xC5F5, 0xC5F5, 0xC5F5, 0xC5F5, 0xC5F6, 0xC5F6, 0xC5F5, 0xC5F5,
    0xC5F5, 0xC5F5, 0xC5F5, 0xC5F5, 0xC5F5, 0xC5F5, 0xC5F5, 0xC5F6, 0xC5F6, 0xC5F6, 0xC5F6, 0xC5F5,
    0xC5F5, 0xC5F5, 0xC5F5, 0xC5F5, 0xC5F5, 0xC616, 0xCE36, 0xC616, 0xBDB5, 0xBDB4, 0xBDD5, 0xC5F5,
    0xC5F5, 0xC5F5, 0xC5F5, 0xC5F5, 0xC5F5, 0xC5F5, 0xC5F5, 0xC5F5, 0xBDF5, 0xBDF5, 0xBDF5, 0xBDF5,
    0xC5F5, 0xC5F5, 0xC5F5, 0xC5F5, 0xC5F5, 0xC5F5, 0xC5F5, 0xC5F5, 0xC5F5, 0xC5F5, 0xBDF5, 0xBDF5,
    0xC5F5, 0xC5F6, 0xC616, 0xCE37, 0xBDB4, 0xBDD5, 0xC5F5, 0xC616, 0xC5F6, 0xC5F6, 0xC5F5, 0xC5F5,
    0xC5F5, 0xC5F5, 0xC5F5, 0xC5F5, 0xC5F5, 0xC5F6, 0xC616, 0xC616, 0xC616, 0xC616, 0xC5F6, 0xC5F5,
    0xC5F5, 0xC5F5, 0xC5F5, 0xC5F5, 0xC5F5, 0xC5F5, 0xC5F5, 0xC5F5, 0xC5F5, 0xC616, 0xCE37, 0xC616,
    0xBDB4, 0xB594, 0xBDD5, 0xC5F5, 0xC5F5, 0xC5F5, 0xC5F5, 0xC5F5, 0xC5F5, 0xC5F5, 0xC5F5, 0xC5F5,
    0xC5F5, 0xC5F5, 0xC5F5, 0xC5F5, 0xC5F5, 0xC5F5, 0xC5F5, 0xC5F6, 0xC616, 0xC616, 0xC5F6, 0xC5F6,
    0xC5F6, 0xC616, 0xC616, 0xC616, 0xC616, 0xC616, 0xCE37, 0xC616, 0xBDB5, 0xBDB4, 0xBDD5, 0xC5F5,
    0xC5F5, 0xC5F5, 0xC5F5, 0xC5F6, 0xC5F6, 0xC5F6, 0xC5F6, 0xC5F5, 0xC5F5, 0xC5F5, 0xC5F5, 0xC5F5,
    0xC5F5, 0xC5F5, 0xC5F5, 0xC5F6, 0xC5F6, 0xC5F6, 0xC5F6, 0xC5F6, 0xC5F5, 0xC5F5, 0xC5F5, 0xC5F5,
    0xC5F5, 0xC616, 0xCE36, 0xC616, 0xBDB5, 0xBDB4, 0xBDD5, 0xC5F5, 0xC5F5, 0xC5F5, 0xC5F5, 0xC5F5,
    0xC5F5, 0xC5F5, 0xC5F5, 0xC5F5, 0xBDF5, 0xBDD5, 0xBDD5, 0xBDF5, 0xC5F5, 0xC5F5, 0xC5F5, 0xC5F5,
    0xC5F5, 0xC5F5, 0xC5F5, 0xC5F5, 0xC5F5, 0xC5F5, 0xC5F5, 0xC5F5, 0xC5F5, 0xC5F6, 0xC616, 0xC636,
    0xC5F5, 0xC616, 0xC636, 0xCE37, 0xCE37, 0xCE37, 0xCE36, 0xCE36, 0xCE37, 0xCE36, 0xCE36, 0xCE36,
    0xCE37, 0xCE37, 0xCE37, 0xCE57, 0xCE57, 0xCE57, 0xCE37, 0xCE36, 0xC636, 0xCE36, 0xCE36, 0xCE37,
    0xCE37, 0xCE37, 0xCE37, 0xCE37, 0xCE37, 0xCE57, 0xD678, 0xCE57, 0xBDD5, 0xBDD5, 0xC616, 0xCE36,
    0xC616, 0xC616, 0xC616, 0xC616, 0xC636, 0xC636, 0xCE36, 0xCE36, 0xCE36, 0xC636, 0xC636, 0xC636,
    0xC636, 0xC636, 0xC636, 0xC636, 0xCE36, 0xCE36, 0xCE37, 0xCE37, 0xCE37, 0xCE37, 0xCE37, 0xCE37,
    0xCE37, 0xCE57, 0xCE78, 0xCE57, 0xBDF5, 0xBDD5, 0xC616, 0xC636, 0xC636, 0xC636, 0xC636, 0xC636,
    0xC636, 0xC636, 0xC636, 0xC616, 0xC616, 0xC616, 0xC616, 0xC636, 0xC636, 0xC636, 0xC636, 0xCE36,
    0xCE37, 0xCE37, 0xC636, 0xC636, 0xC636, 0xCE36, 0xCE36, 0xCE36, 0xC636, 0xCE37, 0xCE78, 0xCE57,
    0xBDD5, 0xBDD5, 0xC616, 0xCE36, 0xC636, 0xC636, 0xC636, 0xC636, 0xC636, 0xC636, 0xC636, 0xC636,
    0xC616, 0xC616, 0xC616, 0xC616, 0xC616, 0xC616, 0xC636, 0xC636, 0xCE36, 0xCE36, 0xC636, 0xC636,
    0xC636, 0xC636, 0xC636, 0xC636, 0xC636, 0xCE37, 0xCE57, 0xCE57, 0xC616, 0xC616, 0xCE37, 0xCE57,
    0xCE57, 0xCE57, 0xCE57, 0xCE57, 0xCE57, 0xCE57, 0xCE57, 0xCE57, 0xCE57, 0xCE57, 0xCE57, 0xCE57,
    0xCE57, 0xCE57, 0xCE57, 0xCE57, 0xCE57, 0xCE57, 0xCE57, 0xCE57, 0xCE57, 0xCE57, 0xCE57, 0xCE57,
    0xCE57, 0xCE77, 0xD698, 0xCE78, 0xC5F5, 0xBDD5, 0xC616, 0xCE37, 0xCE37, 0xCE37, 0xCE36, 0xCE36,
    0xCE37, 0xCE37, 0xCE57, 0xCE57, 0xCE57, 0xCE37, 0xCE37, 0xCE37, 0xCE37, 0xCE37, 0xCE37, 0xCE57,
    0xCE57, 0xCE57, 0xCE57, 0xCE57, 0xCE57, 0xCE57, 0xCE57, 0xCE57, 0xCE57, 0xCE77, 0xD698, 0xCE78,
    0xC5F6, 0xBDD5, 0xC616, 0xCE37, 0xCE37, 0xCE37, 0xCE37, 0xCE37, 0xCE37, 0xCE37, 0xCE37, 0xCE37,
    0xCE36, 0xCE36, 0xCE37, 0xCE37, 0xCE37, 0xCE37, 0xCE37, 0xCE37, 0xCE57, 0xCE57, 0xCE37, 0xCE37,
    0xCE37, 0xCE37, 0xCE37, 0xCE37, 0xCE37, 0xCE57, 0xD678, 0xCE57, 0xC5F5, 0xBDD5, 0xC616, 0xCE37,
    0xCE37, 0xCE37, 0xCE36, 0xCE37, 0xCE37, 0xCE37, 0xCE37, 0xCE37, 0xCE37, 0xCE37, 0xCE37, 0xCE36,
    0xCE36, 0xCE37, 0xCE37, 0xCE37, 0xCE37, 0xCE37, 0xCE37, 0xCE37, 0xCE37, 0xCE37, 0xCE37, 0xCE37,
    0xCE37, 0xCE57, 0xCE77, 0xD678, 0xC5F5, 0xC616, 0xCE36, 0xCE57, 0xCE57, 0xCE57, 0xCE57, 0xCE57,
    0xCE57, 0xCE57, 0xCE57, 0xCE57, 0xCE57, 0xCE57, 0xCE57, 0xCE57, 0xCE57, 0xCE57, 0xCE57, 0xCE57,
    0xCE37, 0xCE37, 0xCE57, 0xCE57, 0xCE57, 0xCE57, 0xCE57, 0xCE57, 0xCE57, 0xCE57, 0xD698, 0xCE77,
    0xBDF5, 0xBDD5, 0xC616, 0xCE36, 0xCE36, 0xCE36, 0xCE36, 0xCE36, 0xCE36, 0xCE36, 0xCE37, 0xCE37,
    0xCE37, 0xCE37, 0xCE36, 0xCE36, 0xCE36, 0xCE37, 0xCE37, 0xCE37, 0xCE37, 0xCE37, 0xCE37, 0xCE37,
    0xCE57, 0xCE57, 0xCE57, 0xCE57, 0xCE57, 0xCE57, 0xD698, 0xCE78, 0xC5F6, 0xBDD5, 0xC616, 0xCE36,
    0xCE36, 0xCE36, 0xCE36, 0xCE37, 0xCE37, 0xCE37, 0xCE37, 0xCE37, 0xCE36, 0xCE36, 0xCE36, 0xCE36,
    0xCE36, 0xCE36, 0xCE36, 0xCE36, 0xCE37, 0xCE37, 0xCE36, 0xCE36, 0xCE36, 0xC636, 0xC636, 0xCE36,
    0xCE36, 0xCE57, 0xD678, 0xCE57, 0xBDD5, 0xBDD5, 0xC616, 0xCE36, 0xCE36, 0xCE36, 0xCE36, 0xCE36,
    0xCE36, 0xCE36, 0xCE36, 0xCE36, 0xCE36, 0xCE36, 0xCE36, 0xCE36, 0xCE36, 0xCE36, 0xCE36, 0xCE37,
    0xCE37, 0xCE37, 0xCE36, 0xCE36, 0xCE36, 0xCE36, 0xC636, 0xC636, 0xCE36, 0xCE57, 0xCE77, 0xD678,
    0xC5F5, 0xC5F6, 0xCE36, 0xCE37, 0xCE37, 0xCE37, 0xCE37, 0xCE37, 0xCE57, 0xCE57, 0xCE57, 0xCE57,
    0xCE57, 0xCE57, 0xCE57, 0xCE57, 0xCE57, 0xCE57, 0xCE57, 0xCE57, 0xCE37, 0xCE37, 0xCE37, 0xCE57,
    0xCE57, 0xCE57, 0xCE37, 0xCE37, 0xCE57, 0xCE57, 0xD698, 0xCE77, 0xBDF5, 0xBDD5, 0xC616, 0xCE36,
    0xCE36, 0xCE36, 0xCE36, 0xCE36, 0xCE36, 0xCE36, 0xCE36, 0xCE37, 0xCE37, 0xCE37, 0xCE36, 0xCE36,
    0xCE36, 0xCE36, 0xCE37, 0xCE37, 0xCE37, 0xCE37, 0xCE36, 0xCE36, 0xCE37, 0xCE37, 0xCE37, 0xCE37,
    0xCE57, 0xCE57, 0xD698, 0xCE78, 0xC5F5, 0xBDD5, 0xC616, 0xC636, 0xC636, 0xC636, 0xC636, 0xC636,
    0xC636, 0xC636, 0xCE37, 0xCE36, 0xCE36, 0xCE36, 0xCE36, 0xCE36, 0xCE36, 0xCE36, 0xCE36, 0xCE36,
    0xCE36, 0xCE36, 0xCE36, 0xCE36, 0xC636, 0xC616, 0xC616, 0xC616, 0xC636, 0xCE57, 0xD678, 0xCE57,
    0xBDD5, 0xBDB5, 0xC616, 0xC636, 0xC636, 0xCE36, 0xCE36, 0xCE36, 0xCE36, 0xCE36, 0xC636, 0xCE36,
    0xCE36, 0xCE36, 0xCE36, 0xCE36, 0xCE36, 0xCE36, 0xCE36, 0xCE36, 0xCE36, 0xCE36, 0xCE36, 0xCE36,
    0xCE36, 0xCE36, 0xC636, 0xC636, 0xCE36, 0xCE37, 0xCE77, 0xD678, 0xC5F5, 0xC5F6, 0xCE36, 0xCE37,
    0xCE57, 0xCE57, 0xCE57, 0xCE57, 0xCE37, 0xCE57, 0xCE57, 0xCE57, 0xCE57, 0xCE57, 0xCE57, 0xCE57,
    0xCE57, 0xCE57, 0xCE57, 0xCE57, 0xCE57, 0xCE57, 0xCE37, 0xCE37, 0xCE57, 0xCE57, 0xCE37, 0xCE36,
    0xCE37, 0xCE57, 0xD698, 0xCE77, 0xBDF5, 0xBDD5, 0xC616, 0xCE36, 0xCE36, 0xCE37, 0xCE37, 0xCE37,
    0xCE36, 0xCE36, 0xCE36, 0xCE36, 0xCE37, 0xCE37, 0xCE36, 0xCE36, 0xCE36, 0xCE36, 0xCE37, 0xCE37,
    0xCE37, 0xCE37, 0xCE36, 0xCE36, 0xCE37, 0xCE57, 0xCE37, 0xCE37, 0xCE37, 0xCE57, 0xD698, 0xCE57,
    0xBDD5, 0xBDB5, 0xC616, 0xC636, 0xCE36, 0xCE36, 0xC636, 0xC636, 0xC636, 0xC636, 0xC636, 0xCE36,
    0xCE36, 0xCE36, 0xCE36, 0xCE36, 0xCE37, 0xCE37, 0xC636, 0xC636, 0xC636, 0xCE36, 0xCE36, 0xC636,
    0xC636, 0xC636, 0xC636, 0xC636, 0xC636, 0xCE57, 0xD678, 0xCE57, 0xBDD5, 0xBDB4, 0xC616, 0xC636,
    0xCE36, 0xCE36, 0xCE36, 0xCE36, 0xCE36, 0xCE36, 0xC636, 0xCE36, 0xCE36, 0xCE36, 0xCE36, 0xCE36,
    0xCE36, 0xCE36, 0xCE36, 0xCE36, 0xCE36, 0xCE36, 0xCE36, 0xCE36, 0xCE36, 0xCE36, 0xC636, 0xC636,
    0xCE36, 0xCE37, 0xCE77, 0xD678, 0xC5F5, 0xC5F6, 0xC636, 0xCE37, 0xCE57, 0xCE57, 0xCE57, 0xCE57,
    0xCE57, 0xCE57, 0xCE57, 0xCE57, 0xCE57, 0xCE57, 0xCE57, 0xCE57, 0xCE57, 0xCE57, 0xCE57, 0xCE57,
    0xCE57, 0xCE57, 0xCE37, 0xCE37, 0xCE57, 0xCE57, 0xCE37, 0xCE36, 0xCE37, 0xCE57, 0xD698, 0xCE78,
    0xBDF5, 0xBDD5, 0xC616, 0xCE36, 0xCE37, 0xCE37, 0xCE37, 0xCE37, 0xCE37, 0xCE36, 0xCE36, 0xCE36,
    0xCE37, 0xCE37, 0xCE36, 0xCE36, 0xCE36, 0xCE36, 0xCE37, 0xCE37, 0xCE37, 0xCE37, 0xCE36, 0xCE36,
    0xCE37, 0xCE37, 0xCE37, 0xCE37, 0xCE37, 0xCE57, 0xD698, 0xCE57, 0xBDD5, 0xBDB5, 0xC616, 0xC636,
    0xCE37, 0xCE37, 0xC636, 0xC636, 0xC636, 0xC636, 0xC636, 0xC636, 0xCE36, 0xCE36, 0xCE37, 0xCE37,
    0xCE37, 0xCE36, 0xC636, 0xC636, 0xC636, 0xC636, 0xC636, 0xC636, 0xC636, 0xC636, 0xC636, 0xC636,
    0xC636, 0xCE57, 0xD678, 0xCE57, 0xBDD5, 0xBDB4, 0xC5F6, 0xC636, 0xCE36, 0xCE36, 0xCE36, 0xCE36,
    0xCE36, 0xCE36, 0xCE36, 0xCE36, 0xCE36, 0xCE36, 0xCE36, 0xCE36, 0xCE36, 0xCE36, 0xCE36, 0xCE36,
    0xCE36, 0xCE36, 0xCE36, 0xCE36, 0xCE36, 0xCE36, 0xCE36, 0xCE36, 0xCE36, 0xCE37, 0xCE57, 0xD678,
    0xBDF5, 0xC5F5, 0xC636, 0xCE57, 0xCE37, 0xCE57, 0xCE57, 0xCE57, 0xCE57, 0xCE57, 0xCE57, 0xCE57,
    0xCE57, 0xCE57, 0xCE57, 0xCE57, 0xCE57, 0xCE57, 0xCE57, 0xCE57, 0xCE57, 0xCE57, 0xCE37, 0xCE37,
    0xCE57, 0xCE57, 0xCE37, 0xCE36, 0xCE37, 0xCE57, 0xD698, 0xCE78, 0xBDF5, 0xBDD5, 0xC616, 0xCE37,
    0xCE57, 0xCE57, 0xCE37, 0xCE37, 0xCE37, 0xCE37, 0xCE37, 0xCE37, 0xCE37, 0xCE37, 0xCE37, 0xCE37,
    0xCE37, 0xCE37, 0xCE37, 0xCE57, 0xCE57, 0xCE57, 0xCE37, 0xCE36, 0xCE36, 0xCE36, 0xCE36, 0xCE37,
    0xCE57, 0xCE57, 0xD698, 0xCE77, 0xBDD5, 0xBDB5, 0xC616, 0xC636, 0xCE36, 0xCE37, 0xC636, 0xC636,
    0xC636, 0xC636, 0xC636, 0xC636, 0xCE36, 0xCE37, 0xCE36, 0xCE36, 0xCE36, 0xC636, 0xC636, 0xC636,
    0xC636, 0xC636, 0xC636, 0xC636, 0xCE36, 0xCE36, 0xCE36, 0xC636, 0xC636, 0xCE57, 0xD678, 0xCE57,
    0xBDD5, 0xBDB4, 0xC5F5, 0xC616, 0xC616, 0xC636, 0xC636, 0xC636, 0xCE36, 0xCE36, 0xCE36, 0xCE36,
    0xCE36, 0xCE36, 0xCE36, 0xCE36, 0xCE36, 0xCE36, 0xCE36, 0xCE36, 0xCE36, 0xCE36, 0xCE36, 0xCE36,
    0xCE36, 0xCE36, 0xCE36, 0xCE36, 0xCE36, 0xCE37, 0xCE57, 0xD678, 0xBDD5, 0xC5F5, 0xCE36, 0xCE57,
    0xCE57, 0xCE57, 0xCE57, 0xCE57, 0xCE57, 0xCE57, 0xCE57, 0xCE57, 0xCE57, 0xCE57, 0xCE57, 0xCE57,
    0xCE57, 0xCE57, 0xCE57, 0xCE57, 0xCE57, 0xCE57, 0xCE57, 0xCE57, 0xCE57, 0xCE57, 0xCE37, 0xCE37,
    0xCE37, 0xCE57, 0xD698, 0xCE78, 0xBDF5, 0xBDD5, 0xC616, 0xCE37, 0xCE57, 0xCE57, 0xCE37, 0xCE37,
    0xCE57, 0xCE57, 0xCE37, 0xCE37, 0xCE37, 0xCE37, 0xCE57, 0xCE57, 0xCE37, 0xCE37, 0xCE57, 0xCE57,
    0xCE57, 0xCE57, 0xCE37, 0xCE36, 0xC636, 0xC636, 0xCE36, 0xCE37, 0xCE57, 0xCE57, 0xD698, 0xCE77,
    0xBDD5, 0xBDB5, 0xC616, 0xC636, 0xC636, 0xC636, 0xC636, 0xC636, 0xC636, 0xC636, 0xC636, 0xC636,
    0xC636, 0xCE36, 0xCE36, 0xCE36, 0xC636, 0xC636, 0xC616, 0xC636, 0xC636, 0xC636, 0xC636, 0xC636,
    0xCE36, 0xCE36, 0xCE36, 0xCE36, 0xC636, 0xCE37, 0xD678, 0xCE57, 0xBDD5, 0xBDB4, 0xC5F5, 0xC616,
    0xC616, 0xC616, 0xC636, 0xC636, 0xCE36, 0xCE36, 0xCE36, 0xCE36, 0xCE36, 0xCE36, 0xCE36, 0xCE36,
    0xCE36, 0xCE36, 0xCE36, 0xCE36, 0xCE36, 0xCE36, 0xCE36, 0xCE36, 0xCE36, 0xCE36, 0xCE36, 0xCE36,
    0xCE36, 0xCE57, 0xCE77, 0xD678, 0xC5F5, 0xC5F6, 0xCE36, 0xCE57, 0xCE57, 0xCE57, 0xCE57, 0xCE57,
    0xCE57, 0xCE57, 0xCE57, 0xCE57, 0xCE57, 0xCE57, 0xCE57, 0xCE57, 0xCE77, 0xCE57, 0xCE57, 0xCE57,
    0xCE57, 0xCE57, 0xCE57, 0xCE57, 0xCE57, 0xCE57, 0xCE57, 0xCE57, 0xCE37, 0xCE57, 0xD698, 0xCE78,
    0xBDF5, 0xBDD5, 0xC616, 0xCE57, 0xCE37, 0xCE37, 0xCE57, 0xCE57, 0xCE57, 0xCE57, 0xCE37, 0xCE37,
    0xCE36, 0xCE37, 0xCE37, 0xCE37, 0xCE37, 0xCE37, 0xCE57, 0xCE57, 0xCE57, 0xCE37, 0xCE36, 0xCE36,
    0xC636, 0xC636, 0xCE37, 0xCE57, 0xCE37, 0xCE57, 0xD698, 0xCE77, 0xBDF5, 0xBDD5, 0xC616, 0xC636,
    0xC636, 0xC636, 0xC636, 0xC636, 0xCE36, 0xCE36, 0xC636, 0xC636, 0xC636, 0xC636, 0xCE36, 0xCE36,
    0xC636, 0xC636, 0xC636, 0xC636, 0xC636, 0xC636, 0xC636, 0xC636, 0xCE36, 0xCE36, 0xC636, 0xC636,
    0xC636, 0xCE37, 0xD678, 0xCE57, 0xBDD5, 0xBDB4, 0xC5F5, 0xC616, 0xC616, 0xC616, 0xC636, 0xCE36,
    0xCE36, 0xCE36, 0xCE36, 0xCE36, 0xCE36, 0xCE36, 0xCE36, 0xCE36, 0xCE36, 0xCE36, 0xCE36, 0xCE36,
    0xCE36, 0xCE36, 0xCE36, 0xCE36, 0xCE36, 0xCE36, 0xCE36, 0xCE36, 0xCE36, 0xCE57, 0xCE77, 0xD678,
    0xC5F5, 0xC5F6, 0xCE36, 0xCE57, 0xCE57, 0xCE57, 0xCE57, 0xCE57, 0xCE57, 0xCE57, 0xCE57, 0xCE57,
    0xCE57, 0xCE57, 0xCE57, 0xCE57, 0xCE77, 0xCE77, 0xCE57, 0xCE57, 0xCE57, 0xCE57, 0xCE57, 0xCE57,
    0xCE57, 0xCE57, 0xCE57, 0xCE57, 0xCE57, 0xCE57, 0xD698, 0xCE78, 0xC5F5, 0xBDD5, 0xC616, 0xCE57,
    0xCE37, 0xCE37, 0xCE57, 0xCE57, 0xCE57, 0xCE57, 0xCE37, 0xCE37, 0xCE37, 0xCE37, 0xCE37, 0xCE37,
    0xCE37, 0xCE37, 0xCE57, 0xCE57, 0xCE37, 0xCE37, 0xCE37, 0xCE36, 0xC636, 0xC636, 0xCE37, 0xCE57,
    0xCE37, 0xCE57, 0xD698, 0xCE57, 0xBDF5, 0xBDD5, 0xC616, 0xC636, 0xC636, 0xC636, 0xC636, 0xC636,
    0xCE36, 0xCE36, 0xC636, 0xC636, 0xC636, 0xCE36, 0xCE36, 0xCE36, 0xCE36, 0xC636, 0xC636, 0xC636,
    0xC636, 0xC636, 0xC616, 0xC616, 0xC636, 0xC636, 0xC636, 0xC636, 0xC636, 0xCE37, 0xD678, 0xCE57,
    0xBDD5, 0xBDB4, 0xC5F5, 0xC616, 0xC616, 0xC616, 0xC636, 0xCE36, 0xCE36, 0xCE36, 0xCE36, 0xCE36,
    0xCE36, 0xCE36, 0xCE36, 0xCE36, 0xCE36, 0xCE36, 0xCE36, 0xCE36, 0xCE36, 0xCE36, 0xCE36, 0xCE36,
    0xCE36, 0xCE36, 0xCE36, 0xCE36, 0xCE36, 0xCE57, 0xCE77, 0xD678, 0xBDF5, 0xC5F6, 0xCE36, 0xCE57,
    0xCE37, 0xCE57, 0xCE57, 0xCE57, 0xCE57, 0xCE57, 0xCE57, 0xCE57, 0xCE57, 0xCE57, 0xCE57, 0xCE57,
    0xCE57, 0xCE57, 0xCE57, 0xCE57, 0xCE57, 0xCE57, 0xCE57, 0xCE57, 0xCE57, 0xCE57, 0xCE57, 0xCE57,
    0xCE57, 0xCE57, 0xD698, 0xCE78, 0xC5F5, 0xBDD5, 0xC616, 0xCE57, 0xCE37, 0xCE37, 0xCE57, 0xCE57,
    0xCE57, 0xCE37, 0xCE37, 0xCE37, 0xCE37, 0xCE37, 0xCE37, 0xCE37, 0xCE37, 0xCE37, 0xCE37, 0xCE37,
    0xCE37, 0xCE37, 0xCE37, 0xCE36, 0xC636, 0xC636, 0xCE37, 0xCE37, 0xCE36, 0xCE57, 0xD698, 0xCE77,
    0xBDD5, 0xBDD5, 0xC616, 0xC636, 0xC636, 0xC636, 0xC636, 0xC636, 0xC636, 0xC636, 0xC636, 0xC636,
    0xC636, 0xCE36, 0xCE37, 0xCE36, 0xCE36, 0xCE36, 0xC636, 0xC636, 0xC636, 0xC636, 0xC616, 0xC616,
    0xC616, 0xC616, 0xC616, 0xC616, 0xC636, 0xCE37, 0xD678, 0xCE57, 0xBDD5, 0xBDB4, 0xC5F6, 0xC636,
    0xC616, 0xC616, 0xC636, 0xCE36, 0xCE36, 0xCE36, 0xCE36, 0xCE36, 0xCE36, 0xCE36, 0xCE36, 0xCE36,
    0xCE36, 0xCE36, 0xC636, 0xC636, 0xCE36, 0xCE36, 0xCE36, 0xCE36, 0xCE36, 0xCE36, 0xCE36, 0xCE36,
    0xCE36, 0xCE37, 0xCE57, 0xD677, 0xBDF5, 0xC5F5, 0xC636, 0xCE36, 0xCE37, 0xCE57, 0xCE57, 0xCE57,
    0xCE57, 0xCE57, 0xCE57, 0xCE57, 0xCE57, 0xCE57, 0xCE57, 0xCE57, 0xCE57, 0xCE57, 0xCE57, 0xCE57,
    0xCE57, 0xCE57, 0xCE57, 0xCE57, 0xCE57, 0xCE57, 0xCE57, 0xCE57, 0xCE57, 0xCE57, 0xD698, 0xCE77,
    0xC5F5, 0xBDD5, 0xC616, 0xCE57, 0xCE37, 0xCE37, 0xCE57, 0xCE57, 0xCE57, 0xCE37, 0xCE37, 0xCE37,
    0xCE37, 0xCE37, 0xCE36, 0xCE36, 0xCE37, 0xCE37, 0xCE36, 0xCE37, 0xCE37, 0xCE37, 0xCE37, 0xCE37,
    0xCE36, 0xCE36, 0xCE36, 0xCE36, 0xCE36, 0xCE57, 0xD698, 0xCE77, 0xBDD5, 0xBDB5, 0xC616, 0xC636,
    0xC636, 0xC636, 0xC636, 0xC636, 0xC636, 0xC636, 0xC636, 0xC636, 0xCE37, 0xCE37, 0xCE37, 0xCE36,
    0xCE36, 0xCE36, 0xC636, 0xC636, 0xC636, 0xC636, 0xC616, 0xC616, 0xC616, 0xC616, 0xC616, 0xC616,
    0xC636, 0xCE37, 0xD678, 0xCE57, 0xBDD5, 0xBDB4, 0xC5F5, 0xC636, 0xC616, 0xC636, 0xCE36, 0xCE36,
    0xCE36, 0xCE36, 0xCE36, 0xCE36, 0xC636, 0xCE36, 0xCE36, 0xCE36, 0xCE36, 0xC636, 0xC636, 0xC636,
    0xCE36, 0xCE36, 0xCE36, 0xCE36, 0xCE36, 0xCE36, 0xCE36, 0xCE36, 0xCE36, 0xCE37, 0xCE57, 0xD677,
    0xBDD5, 0xC5F5, 0xC636, 0xCE37, 0xCE57, 0xCE57, 0xCE57, 0xCE57, 0xCE57, 0xCE57, 0xCE57, 0xCE57,
    0xCE57, 0xCE57, 0xCE57, 0xCE57, 0xCE57, 0xCE57, 0xCE57, 0xCE57, 0xCE57, 0xCE57, 0xCE57, 0xCE57,
    0xCE57, 0xCE57, 0xCE57, 0xCE57, 0xCE57, 0xCE57, 0xD698, 0xCE77, 0xBDD5, 0xBDD5, 0xC616, 0xCE57,
    0xCE37, 0xCE37, 0xCE37, 0xCE57, 0xCE57, 0xCE57, 0xCE57, 0xCE37, 0xCE37, 0xCE36, 0xCE36, 0xCE36,
    0xCE37, 0xCE36, 0xC636, 0xC636, 0xCE37, 0xCE37, 0xCE37, 0xCE37, 0xCE36, 0xCE36, 0xCE36, 0xCE36,
    0xCE36, 0xCE57, 0xD698, 0xCE57, 0xBDD5, 0xBDB4, 0xC616, 0xC636, 0xC636, 0xC636, 0xC636, 0xC636,
    0xC636, 0xC636, 0xC636, 0xC636, 0xCE37, 0xCE37, 0xCE36, 0xCE36, 0xCE36, 0xCE36, 0xC636, 0xC636,
    0xC616, 0xC616, 0xC636, 0xC636, 0xC616, 0xC616, 0xC616, 0xC616, 0xC616, 0xCE37, 0xD678, 0xCE57,
    0xBDD5, 0xBDB4, 0xC5F5, 0xC616, 0xC636, 0xC636, 0xCE36, 0xCE36, 0xCE36, 0xCE36, 0xCE36, 0xCE36,
    0xCE36, 0xCE36, 0xCE36, 0xCE36, 0xC636, 0xC636, 0xC636, 0xC636, 0xCE36, 0xCE36, 0xCE36, 0xCE36,
    0xCE36, 0xC636, 0xC636, 0xC636, 0xCE36, 0xCE57, 0xCE77, 0xD678, 0xBDD5, 0xC5F5, 0xC616, 0xCE37,
    0xCE57, 0xCE57, 0xCE57, 0xCE57, 0xCE37, 0xCE37, 0xCE57, 0xCE57, 0xCE57, 0xCE57, 0xCE57, 0xCE57,
    0xCE57, 0xCE57, 0xCE57, 0xCE57, 0xCE57, 0xCE57, 0xCE57, 0xCE57, 0xCE57, 0xCE57, 0xCE57, 0xCE57,
    0xCE37, 0xCE57, 0xD698, 0xCE57, 0xBDD5, 0xBDB4, 0xC616, 0xCE57, 0xCE37, 0xCE37, 0xCE37, 0xCE37,
    0xCE57, 0xCE57, 0xCE57, 0xCE57, 0xCE37, 0xCE36, 0xCE36, 0xCE36, 0xCE37, 0xCE37, 0xC636, 0xC636,
    0xCE37, 0xCE37, 0xCE37, 0xCE37, 0xCE36, 0xCE36, 0xCE36, 0xCE36, 0xCE36, 0xCE57, 0xD678, 0xCE57,
    0xBDD5, 0xBDB4, 0xC5F6, 0xC636, 0xC636, 0xC636, 0xC636, 0xC636, 0xC636, 0xC636, 0xC636, 0xC636,
    0xC636, 0xCE36, 0xCE36, 0xCE36, 0xCE36, 0xCE36, 0xC636, 0xC636, 0xC636, 0xC636, 0xC636, 0xC636,
    0xC616, 0xC616, 0xC616, 0xC616, 0xC616, 0xCE37, 0xD678, 0xCE57, 0xBDD5, 0xBDB4, 0xC5F5, 0xC636,
    0xC636, 0xC636, 0xCE36, 0xCE36, 0xCE36, 0xCE36, 0xCE36, 0xCE36, 0xCE36, 0xCE36, 0xCE36, 0xCE36,
    0xC636, 0xC636, 0xC636, 0xC636, 0xCE36, 0xCE36, 0xCE36, 0xCE36, 0xCE36, 0xC636, 0xC636, 0xC636,
    0xCE36, 0xCE57, 0xCE77, 0xD678, 0xBDD5, 0xC5F5, 0xC616, 0xCE36, 0xCE37, 0xCE57, 0xCE57, 0xCE57,
    0xCE57, 0xCE57, 0xCE37, 0xCE57, 0xCE57, 0xCE57, 0xCE57, 0xCE57, 0xCE57, 0xCE57, 0xCE57, 0xCE57,
    0xCE57, 0xCE57, 0xCE57, 0xCE57, 0xCE57, 0xCE57, 0xCE57, 0xCE57, 0xCE37, 0xCE57, 0xD698, 0xCE57,
    0xBDD5, 0xBDB4, 0xC616, 0xCE57, 0xCE37, 0xCE37, 0xCE37, 0xCE37, 0xCE57, 0xCE57, 0xCE57, 0xCE57,
    0xCE37, 0xCE36, 0xCE36, 0xCE36, 0xCE37, 0xCE37, 0xCE37, 0xCE37, 0xCE37, 0xCE37, 0xCE37, 0xCE37,
    0xCE37, 0xCE36, 0xCE36, 0xCE36, 0xCE36, 0xCE57, 0xD678, 0xCE57, 0xBDD5, 0xBDB4, 0xC5F6, 0xC636,
    0xC636, 0xC636, 0xC636, 0xC636, 0xC636, 0xC616, 0xC616, 0xC616, 0xC616, 0xC636, 0xC636, 0xC636,
    0xCE36, 0xCE36, 0xC636, 0xC636, 0xC636, 0xC636, 0xC636, 0xC636, 0xC636, 0xC636, 0xC636, 0xC636,
    0xC636, 0xCE57, 0xD678, 0xCE57, 0xBDD5, 0xBDB5, 0xC616, 0xC636, 0xC636, 0xC636, 0xCE36, 0xCE36,
    0xC636, 0xC636, 0xC636, 0xC636, 0xC636, 0xC636, 0xC636, 0xCE36, 0xCE36, 0xCE36, 0xC636, 0xC636,
    0xC636, 0xC636, 0xC636, 0xCE36, 0xCE36, 0xCE36, 0xC636, 0xC636, 0xCE36, 0xCE37, 0xCE77, 0xD678,
    0xBDD5, 0xC5F5, 0xC616, 0xCE36, 0xCE37, 0xCE57, 0xCE57, 0xCE57, 0xCE57, 0xCE57, 0xCE57, 0xCE57,
    0xCE57, 0xCE57, 0xCE57, 0xCE57, 0xCE57, 0xCE57, 0xCE57, 0xCE57, 0xCE57, 0xCE57, 0xCE57, 0xCE57,
    0xCE57, 0xCE57, 0xCE57, 0xCE57, 0xCE37, 0xCE57, 0xD698, 0xCE57, 0xBDD5, 0xBDB4, 0xC616, 0xCE37,
    0xCE36, 0xCE36, 0xCE37, 0xCE37, 0xCE57, 0xCE57, 0xCE57, 0xCE57, 0xCE37, 0xCE36, 0xCE36, 0xCE37,
    0xCE37, 0xCE57, 0xCE57, 0xCE37, 0xCE37, 0xCE37, 0xCE37, 0xCE37, 0xCE36, 0xCE36, 0xCE36, 0xCE36,
    0xCE36, 0xCE57, 0xD678, 0xCE57, 0xBDD5, 0xBDB4, 0xC5F5, 0xC636, 0xC636, 0xC636, 0xC636, 0xC636,
    0xC616, 0xC616, 0xC616, 0xC616, 0xC616, 0xC616, 0xC636, 0xC636, 0xCE36, 0xCE36, 0xC636, 0xCE36,
    0xCE36, 0xCE36, 0xCE36, 0xC636, 0xC636, 0xC636, 0xC636, 0xC636, 0xCE36, 0xCE57, 0xD678, 0xCE57,
    0xBDD5, 0xBDD5, 0xC616, 0xC636, 0xC636, 0xC636, 0xCE36, 0xCE36, 0xC636, 0xC636, 0xC636, 0xC636,
    0xC636, 0xC636, 0xC636, 0xC636, 0xCE36, 0xCE36, 0xCE36, 0xC636, 0xC636, 0xC636, 0xC636, 0xC636,
    0xCE36, 0xCE36, 0xC636, 0xC636, 0xCE36, 0xCE37, 0xCE77, 0xD678, 0xBDF5, 0xC5F5, 0xC636, 0xCE36,
    0xCE57, 0xCE57, 0xCE57, 0xCE57, 0xCE57, 0xCE57, 0xCE57, 0xCE57, 0xCE57, 0xCE57, 0xCE57, 0xCE57,
    0xCE57, 0xCE57, 0xCE57, 0xCE57, 0xCE57, 0xCE57, 0xCE57, 0xCE57, 0xCE57, 0xCE57, 0xCE57, 0xCE37,
    0xCE37, 0xCE57, 0xD698, 0xCE57, 0xBDD5, 0xBDB4, 0xC616, 0xCE37, 0xCE36, 0xCE36, 0xCE37, 0xCE37,
    0xCE37, 0xCE37, 0xCE57, 0xCE57, 0xCE37, 0xCE36, 0xCE37, 0xCE57, 0xCE57, 0xCE57, 0xCE57, 0xCE57,
    0xCE37, 0xCE37, 0xCE37, 0xCE36, 0xCE36, 0xCE36, 0xCE36, 0xCE36, 0xCE36, 0xCE57, 0xD678, 0xCE57,
    0xBDD5, 0xBDB4, 0xC5F5, 0xC636, 0xC636, 0xC636, 0xC636, 0xC636, 0xC616, 0xC616, 0xC636, 0xCE36,
    0xCE36, 0xC636, 0xC616, 0xC636, 0xCE36, 0xCE36, 0xCE36, 0xCE36, 0xCE36, 0xCE36, 0xCE36, 0xCE36,
    0xCE36, 0xCE36, 0xCE36, 0xCE36, 0xC636, 0xCE57, 0xD678, 0xCE57, 0xBDF5, 0xBDD5, 0xC616, 0xC636,
    0xCE36, 0xCE36, 0xC636, 0xC636, 0xC636, 0xC636, 0xCE36, 0xCE36, 0xCE36, 0xCE36, 0xC636, 0xC636,
    0xC636, 0xC636, 0xCE36, 0xCE36, 0xCE36, 0xCE36, 0xC636, 0xC636, 0xCE36, 0xCE36, 0xC636, 0xC636,
    0xCE36, 0xCE37, 0xCE77, 0xD678, 0xBDF5, 0xC5F5, 0xCE36, 0xCE57, 0xCE57, 0xCE57, 0xCE57, 0xCE57,
    0xCE57, 0xCE57, 0xCE57, 0xCE57, 0xCE57, 0xCE57, 0xCE57, 0xCE57, 0xCE57, 0xCE57, 0xCE57, 0xCE57,
    0xCE57, 0xCE57, 0xCE57, 0xCE57, 0xCE57, 0xCE57, 0xCE57, 0xCE37, 0xCE37, 0xCE57, 0xD698, 0xCE57,
    0xBDD5, 0xBDB4, 0xC616, 0xCE36, 0xCE36, 0xCE37, 0xCE37, 0xCE37, 0xCE37, 0xCE37, 0xCE57, 0xCE57,
    0xCE37, 0xCE37, 0xCE37, 0xCE57, 0xCE57, 0xCE57, 0xCE57, 0xCE57, 0xCE37, 0xCE37, 0xCE36, 0xCE36,
    0xCE36, 0xCE36, 0xCE36, 0xCE36, 0xCE36, 0xCE57, 0xD678, 0xCE57, 0xBDD5, 0xBDB4, 0xC5F6, 0xC636,
    0xC636, 0xC636, 0xC636, 0xC636, 0xC616, 0xC616, 0xCE36, 0xCE36, 0xCE36, 0xCE36, 0xC636, 0xC636,
    0xCE36, 0xCE36, 0xCE36, 0xCE36, 0xCE36, 0xCE36, 0xCE36, 0xCE36, 0xCE36, 0xCE36, 0xCE36, 0xCE36,
    0xCE36, 0xCE57, 0xD678, 0xCE57, 0xBDD5, 0xBDB5, 0xC616, 0xC636, 0xC636, 0xCE36, 0xCE36, 0xC636,
    0xC636, 0xC636, 0xCE36, 0xCE36, 0xC636, 0xC636, 0xC636, 0xC636, 0xC636, 0xC636, 0xCE36, 0xCE36,
    0xCE36, 0xCE36, 0xC636, 0xC636, 0xCE36, 0xCE36, 0xC636, 0xC636, 0xCE36, 0xCE37, 0xCE77, 0xD678,
    0xC5F5, 0xC616, 0xCE36, 0xCE57, 0xCE57, 0xCE57, 0xCE57, 0xCE57, 0xCE57, 0xCE57, 0xCE57, 0xCE57,
    0xCE57, 0xCE57, 0xCE57, 0xCE57, 0xCE57, 0xCE57, 0xCE57, 0xCE57, 0xCE57, 0xCE57, 0xCE37, 0xCE37,
    0xCE57, 0xCE57, 0xCE57, 0xCE57, 0xCE36, 0xCE57, 0xD698, 0xCE77, 0xBDD5, 0xBDB4, 0xC616, 0xCE36,
    0xCE37, 0xCE37, 0xCE37, 0xCE57, 0xCE57, 0xCE57, 0xCE57, 0xCE57, 0xCE37, 0xCE37, 0xCE37, 0xCE37,
    0xCE57, 0xCE57, 0xCE57, 0xCE57, 0xCE37, 0xCE36, 0xCE36, 0xCE36, 0xCE36, 0xCE36, 0xCE36, 0xCE36,
    0xCE36, 0xCE57, 0xD678, 0xCE57, 0xBDD5, 0xBDB4, 0xC616, 0xC636, 0xC636, 0xC636, 0xC636, 0xC636,
    0xC616, 0xC616, 0xCE36, 0xCE36, 0xCE36, 0xCE36, 0xC636, 0xC636, 0xCE36, 0xCE36, 0xCE36, 0xCE36,
    0xCE36, 0xCE36, 0xCE36, 0xCE36, 0xCE36, 0xCE36, 0xCE36, 0xCE36, 0xCE36, 0xCE57, 0xD678, 0xCE57,
    0xBDD5, 0xBDB4, 0xC616, 0xC636, 0xC636, 0xC636, 0xCE36, 0xCE36, 0xC636, 0xC636, 0xC636, 0xC636,
    0xC616, 0xC616, 0xC636, 0xC636, 0xCE36, 0xCE36, 0xCE36, 0xCE36, 0xCE36, 0xC636, 0xCE36, 0xCE36,
    0xCE36, 0xCE36, 0xC636, 0xC636, 0xCE36, 0xCE37, 0xCE77, 0xD678, 0xC5F5, 0xC616, 0xCE37, 0xCE57,
    0xCE57, 0xCE57, 0xCE37, 0xCE37, 0xCE57, 0xCE57, 0xCE57, 0xCE57, 0xCE57, 0xCE57, 0xCE57, 0xCE57,
    0xCE57, 0xCE57, 0xCE57, 0xCE57, 0xCE57, 0xCE57, 0xCE37, 0xCE37, 0xCE57, 0xCE57, 0xCE57, 0xCE57,
    0xCE37, 0xCE57, 0xD698, 0xCE77, 0xBDD5, 0xBDB4, 0xC616, 0xCE36, 0xCE37, 0xCE37, 0xCE37, 0xCE57,
    0xCE57, 0xCE57, 0xCE57, 0xCE57, 0xCE37, 0xCE37, 0xCE37, 0xCE37, 0xCE57, 0xCE57, 0xCE57, 0xCE37,
    0xCE36, 0xCE36, 0xCE36, 0xCE36, 0xCE36, 0xCE36, 0xCE36, 0xCE36, 0xC636, 0xCE57, 0xD678, 0xCE57,
    0xBDD5, 0xBDD5, 0xC616, 0xC636, 0xC636, 0xC616, 0xC636, 0xC636, 0xC616, 0xC616, 0xCE36, 0xCE36,
    0xCE36, 0xCE36, 0xC636, 0xC636, 0xCE36, 0xCE36, 0xCE36, 0xCE36, 0xC616, 0xC616, 0xCE36, 0xCE36,
    0xCE36, 0xCE36, 0xCE36, 0xCE36, 0xCE36, 0xCE37, 0xD678, 0xCE57, 0xBDD5, 0xBDB4, 0xC615, 0xCE36,
    0xC636, 0xC636, 0xCE36, 0xCE36, 0xCE36, 0xC636, 0xC636, 0xC636, 0xC616, 0xC616, 0xC636, 0xC636,
    0xCE36, 0xCE36, 0xCE36, 0xCE36, 0xCE36, 0xCE36, 0xCE36, 0xCE36, 0xCE36, 0xCE36, 0xC636, 0xC636,
    0xCE36, 0xCE37, 0xCE77, 0xD678, 0xC5F5, 0xC616, 0xCE37, 0xCE57, 0xCE57, 0xCE57, 0xCE37, 0xCE37,
    0xCE36, 0xCE57, 0xCE57, 0xCE57, 0xCE57, 0xCE57, 0xCE57, 0xCE57, 0xCE57, 0xCE57, 0xCE57, 0xCE57,
    0xCE37, 0xCE37, 0xCE36, 0xCE36, 0xCE57, 0xCE57, 0xCE57, 0xCE57, 0xCE37, 0xCE57, 0xD698, 0xCE77,
    0xBDD5, 0xBDB4, 0xC616, 0xCE36, 0xCE37, 0xCE37, 0xCE37, 0xCE37, 0xCE37, 0xCE37, 0xCE57, 0xCE57,
    0xCE37, 0xCE37, 0xCE57, 0xCE57, 0xCE57, 0xCE57, 0xCE57, 0xCE36, 0xCE36, 0xCE36, 0xCE36, 0xCE36,
    0xCE36, 0xCE36, 0xCE36, 0xC636, 0xCE36, 0xCE57, 0xD678, 0xCE57, 0xBDD5, 0xBDD5, 0xC616, 0xC636,
    0xC636, 0xC636, 0xCE36, 0xC636, 0xC636, 0xC636, 0xC636, 0xC636, 0xC636, 0xC636, 0xC636, 0xCE36,
    0xCE36, 0xCE36, 0xCE36, 0xCE36, 0xC616, 0xC616, 0xCE36, 0xCE36, 0xCE36, 0xCE36, 0xCE36, 0xCE36,
    0xCE36, 0xCE36, 0xD678, 0xCE57, 0xBDD5, 0xBDB4, 0xC5F5, 0xCE36, 0xCE36, 0xCE36, 0xCE36, 0xCE36,
    0xCE36, 0xCE36, 0xC636, 0xC636, 0xC636, 0xC636, 0xC636, 0xC636, 0xC636, 0xCE36, 0xCE36, 0xCE36,
    0xCE36, 0xCE36, 0xCE36, 0xCE36, 0xCE36, 0xC636, 0xC636, 0xC636, 0xCE36, 0xCE37, 0xCE57, 0xD678,
    0xC5F5, 0xC616, 0xCE37, 0xCE57, 0xCE57, 0xCE57, 0xCE37, 0xCE37, 0xCE36, 0xCE36, 0xCE57, 0xCE57,
    0xCE57, 0xCE57, 0xCE57, 0xCE57, 0xCE57, 0xCE57, 0xCE57, 0xCE57, 0xCE37, 0xCE37, 0xCE36, 0xCE37,
    0xCE57, 0xCE57, 0xCE57, 0xCE57, 0xCE37, 0xCE57, 0xD698, 0xCE77, 0xBDD5, 0xBDB4, 0xC616, 0xCE36,
    0xCE37, 0xCE37, 0xCE37, 0xCE37, 0xCE37, 0xCE37, 0xCE37, 0xCE37, 0xCE36, 0xCE36, 0xCE36, 0xCE57,
    0xCE57, 0xCE57, 0xCE37, 0xCE36, 0xCE36, 0xCE36, 0xCE36, 0xCE36, 0xCE36, 0xCE36, 0xC636, 0xC636,
    0xCE36, 0xCE37, 0xD678, 0xCE57, 0xBDD5, 0xBDB4, 0xC616, 0xC636, 0xC636, 0xC636, 0xCE36, 0xCE36,
    0xC636, 0xC636, 0xC636, 0xC616, 0xC636, 0xC636, 0xC636, 0xC636, 0xCE36, 0xCE36, 0xCE36, 0xCE36,
    0xC616, 0xC636, 0xCE36, 0xCE36, 0xCE36, 0xCE36, 0xCE36, 0xCE36, 0xC616, 0xCE37, 0xD678, 0xCE57,
    0xBDD5, 0xBDB4, 0xC5F5, 0xC636, 0xCE36, 0xCE36, 0xCE36, 0xCE36, 0xCE36, 0xCE36, 0xC636, 0xC636,
    0xC636, 0xC636, 0xC636, 0xC636, 0xC636, 0xCE36, 0xCE36, 0xCE36, 0xCE36, 0xCE36, 0xCE36, 0xCE36,
    0xC636, 0xC636, 0xC636, 0xC636, 0xC636, 0xCE36, 0xCE57, 0xCE77, 0xC5F5, 0xC616, 0xCE36, 0xCE57,
    0xCE37, 0xCE37, 0xCE37, 0xCE37, 0xCE36, 0xCE37, 0xCE57, 0xCE57, 0xCE57, 0xCE57, 0xCE57, 0xCE57,
    0xCE57, 0xCE57, 0xCE57, 0xCE57, 0xCE57, 0xCE37, 0xCE37, 0xCE37, 0xCE57, 0xCE57, 0xCE37, 0xCE37,
    0xCE57, 0xCE57, 0xD698, 0xCE57, 0xBDD5, 0xBDB5, 0xC616, 0xCE36, 0xCE37, 0xCE37, 0xCE37, 0xCE37,
    0xCE37, 0xCE36, 0xCE36, 0xCE36, 0xCE36, 0xCE36, 0xC636, 0xCE36, 0xCE57, 0xCE57, 0xCE37, 0xCE36,
    0xCE36, 0xC636, 0xC616, 0xC616, 0xC636, 0xC636, 0xC636, 0xC636, 0xCE36, 0xCE37, 0xD678, 0xCE57,
    0xBDD5, 0xBDB4, 0xC5F6, 0xC616, 0xC636, 0xCE36, 0xCE36, 0xCE36, 0xCE36, 0xCE36, 0xC636, 0xC636,
    0xC636, 0xC636, 0xC616, 0xC636, 0xCE36, 0xCE36, 0xCE36, 0xCE36, 0xCE36, 0xCE36, 0xCE36, 0xCE36,
    0xC636, 0xC636, 0xCE36, 0xCE36, 0xC616, 0xCE37, 0xD678, 0xCE57, 0xBDD5, 0xBDB4, 0xC5F5, 0xC616,
    0xC636, 0xC636, 0xC636, 0xC636, 0xCE36, 0xCE36, 0xCE36, 0xCE36, 0xC636, 0xC636, 0xC636, 0xC636,
    0xCE36, 0xCE36, 0xCE36, 0xCE36, 0xC636, 0xC636, 0xC636, 0xC636, 0xC636, 0xC636, 0xCE36, 0xC636,
    0xC616, 0xCE36, 0xCE57, 0xCE77, 0xC5F5, 0xC616, 0xCE36, 0xCE57, 0xCE37, 0xCE36, 0xCE37, 0xCE37,
    0xCE36, 0xCE37, 0xCE57, 0xCE57, 0xCE37, 0xCE37, 0xCE57, 0xCE57, 0xCE57, 0xCE57, 0xCE57, 0xCE57,
    0xCE57, 0xCE57, 0xCE37, 0xCE37, 0xCE57, 0xCE57, 0xCE36, 0xCE36, 0xCE37, 0xCE57, 0xD698, 0xCE57,
    0xBDD5, 0xBDD5, 0xC616, 0xCE36, 0xCE37, 0xCE37, 0xCE36, 0xCE36, 0xCE36, 0xCE36, 0xCE36, 0xCE36,
    0xCE36, 0xCE36, 0xC616, 0xC636, 0xCE36, 0xCE57, 0xCE37, 0xCE36, 0xC636, 0xC636, 0xC616, 0xC616,
    0xC636, 0xC636, 0xC636, 0xC636, 0xCE36, 0xCE37, 0xD677, 0xCE57, 0xBDD5, 0xBDB4, 0xC5F5, 0xC616,
    0xC636, 0xCE36, 0xCE36, 0xCE36, 0xCE36, 0xCE36, 0xC636, 0xC636, 0xC636, 0xC636, 0xC636, 0xC636,
    0xC636, 0xCE36, 0xCE36, 0xCE36, 0xCE36, 0xCE36, 0xCE36, 0xCE36, 0xC636, 0xC636, 0xCE36, 0xCE36,
    0xC636, 0xCE57, 0xD678, 0xCE57, 0xBDD5, 0xBDB4, 0xC5F5, 0xC636, 0xC636, 0xCE36, 0xCE36, 0xCE36,
    0xCE36, 0xCE36, 0xCE36, 0xCE36, 0xC636, 0xC636, 0xC636, 0xCE36, 0xCE36, 0xCE36, 0xCE36, 0xCE36,
    0xC616, 0xC616, 0xC636, 0xC636, 0xC636, 0xCE36, 0xCE36, 0xCE36, 0xC616, 0xCE36, 0xCE57, 0xCE57,
    0xC5F5, 0xC5F6, 0xC636, 0xCE37, 0xCE37, 0xCE37, 0xCE57, 0xCE57, 0xCE37, 0xCE37, 0xCE37, 0xCE37,
    0xCE37, 0xCE37, 0xCE57, 0xCE57, 0xCE37, 0xCE37, 0xCE57, 0xCE57, 0xCE57, 0xCE37, 0xCE37, 0xCE37,
    0xCE57, 0xCE57, 0xCE36, 0xCE36, 0xCE36, 0xCE57, 0xD678, 0xCE57, 0xBDD5, 0xBDB4, 0xC616, 0xCE36,
    0xCE36, 0xCE37, 0xCE36, 0xCE36, 0xCE36, 0xCE36, 0xCE36, 0xCE36, 0xCE36, 0xCE36, 0xC616, 0xC636,
    0xCE36, 0xCE36, 0xCE36, 0xCE36, 0xC636, 0xC616, 0xC616, 0xC616, 0xC636, 0xCE36, 0xCE36, 0xCE36,
    0xC636, 0xCE37, 0xD677, 0xCE57, 0xBDD5, 0xBDB4, 0xC5F6, 0xC636, 0xC636, 0xC636, 0xCE36, 0xCE36,
    0xCE36, 0xCE36, 0xC636, 0xC636, 0xCE36, 0xCE36, 0xCE36, 0xC636, 0xC636, 0xCE36, 0xCE36, 0xCE36,
    0xCE36, 0xCE37, 0xCE36, 0xCE36, 0xCE36, 0xCE36, 0xCE36, 0xCE36, 0xCE36, 0xCE57, 0xD698, 0xCE57,
    0xBDD5, 0xBDB4, 0xC616, 0xCE36, 0xCE36, 0xCE36, 0xCE36, 0xCE36, 0xCE36, 0xCE36, 0xCE36, 0xC636,
    0xC636, 0xC636, 0xC636, 0xCE36, 0xCE37, 0xCE37, 0xCE36, 0xC636, 0xC636, 0xC636, 0xC636, 0xC636,
    0xCE36, 0xCE36, 0xCE36, 0xCE36, 0xCE36, 0xCE36, 0xCE57, 0xCE57, 0xBDD5, 0xC5F5, 0xC636, 0xCE37,
    0xCE37, 0xCE37, 0xCE37, 0xCE37, 0xCE37, 0xCE37, 0xCE37, 0xCE37, 0xCE37, 0xCE37, 0xCE57, 0xCE57,
    0xCE37, 0xCE37, 0xCE57, 0xCE57, 0xCE37, 0xCE37, 0xCE37, 0xCE37, 0xCE57, 0xCE57, 0xCE36, 0xCE36,
    0xCE36, 0xCE57, 0xD678, 0xCE57, 0xBDF5, 0xBDD5, 0xC616, 0xCE36, 0xCE36, 0xCE36, 0xCE36, 0xCE36,
    0xCE36, 0xCE36, 0xCE36, 0xCE36, 0xCE36, 0xCE36, 0xC636, 0xC616, 0xCE36, 0xCE36, 0xCE36, 0xCE36,
    0xC636, 0xC616, 0xC616, 0xC636, 0xCE36, 0xCE36, 0xCE36, 0xCE36, 0xC636, 0xCE37, 0xD677, 0xCE57,
    0xBDD5, 0xBDB4, 0xC616, 0xC636, 0xC616, 0xC616, 0xC636, 0xCE36, 0xCE36, 0xCE36, 0xCE36, 0xC636,
    0xCE36, 0xCE36, 0xCE36, 0xCE36, 0xC636, 0xC636, 0xCE36, 0xCE36, 0xCE36, 0xCE36, 0xCE36, 0xCE36,
    0xCE36, 0xCE36, 0xCE36, 0xCE36, 0xCE36, 0xCE57, 0xD698, 0xCE77, 0xBDD5, 0xBDD5, 0xC616, 0xCE36,
    0xCE36, 0xCE36, 0xCE37, 0xCE37, 0xCE36, 0xCE36, 0xCE36, 0xC636, 0xC636, 0xC636, 0xCE36, 0xCE36,
    0xCE37, 0xCE37, 0xCE36, 0xC636, 0xC636, 0xC636, 0xC636, 0xCE36, 0xCE36, 0xCE36, 0xCE36, 0xCE36,
    0xCE36, 0xCE36, 0xCE57, 0xCE57, 0xBDD5, 0xBDF5, 0xC616, 0xCE37, 0xCE37, 0xCE37, 0xCE36, 0xCE36,
    0xCE37, 0xCE57, 0xCE57, 0xCE57, 0xCE57, 0xCE57, 0xCE37, 0xCE57, 0xCE57, 0xCE57, 0xCE57, 0xCE37,
    0xCE37, 0xCE37, 0xCE37, 0xCE36, 0xCE37, 0xCE37, 0xCE37, 0xCE37, 0xCE37, 0xCE57, 0xD698, 0xCE77,
    0xC5F5, 0xBDD5, 0xC616, 0xCE36, 0xC636, 0xC636, 0xCE36, 0xCE36, 0xCE36, 0xCE36, 0xCE36, 0xCE36,
    0xCE36, 0xC636, 0xC636, 0xC616, 0xC636, 0xC636, 0xCE36, 0xCE36, 0xC636, 0xC616, 0xC636, 0xCE36,
    0xCE36, 0xCE36, 0xCE36, 0xCE36, 0xC636, 0xCE37, 0xD678, 0xCE57, 0xBDD5, 0xBDB4, 0xC616, 0xC636,
    0xC616, 0xC616, 0xC616, 0xC636, 0xCE36, 0xCE36, 0xCE36, 0xCE36, 0xC636, 0xC636, 0xC636, 0xC636,
    0xCE36, 0xCE36, 0xCE36, 0xCE36, 0xCE36, 0xCE36, 0xC636, 0xC636, 0xC636, 0xC636, 0xCE36, 0xCE36,
    0xCE36, 0xCE57, 0xD698, 0xCE77, 0xC5F5, 0xBDD5, 0xC616, 0xCE36, 0xCE36, 0xCE36, 0xCE37, 0xCE37,
    0xCE36, 0xCE36, 0xCE36, 0xCE36, 0xC636, 0xC636, 0xCE36, 0xCE36, 0xCE37, 0xCE37, 0xC636, 0xC636,
    0xC636, 0xC636, 0xC636, 0xCE36, 0xCE36, 0xCE36, 0xCE36, 0xCE36, 0xCE36, 0xCE36, 0xCE57, 0xCE57,
    0xBDD5, 0xBDF5, 0xC616, 0xCE36, 0xCE36, 0xCE36, 0xCE36, 0xCE36, 0xCE37, 0xCE57, 0xCE57, 0xCE57,
    0xCE57, 0xCE37, 0xCE37, 0xCE37, 0xCE57, 0xCE57, 0xCE37, 0xCE37, 0xCE37, 0xCE37, 0xCE36, 0xCE36,
    0xCE36, 0xCE36, 0xCE36, 0xCE37, 0xCE37, 0xCE57, 0xD698, 0xCE77, 0xC5F5, 0xBDD5, 0xC616, 0xC636,
    0xC636, 0xC636, 0xCE36, 0xCE36, 0xCE36, 0xCE36, 0xCE36, 0xC636, 0xC636, 0xC636, 0xC616, 0xC616,
    0xC636, 0xC636, 0xC636, 0xC636, 0xC616, 0xC616, 0xC636, 0xCE36, 0xCE36, 0xCE36, 0xCE36, 0xC636,
    0xC636, 0xCE37, 0xD678, 0xCE57, 0xBDD5, 0xBDB4, 0xC616, 0xC636, 0xC636, 0xC616, 0xC616, 0xC616,
    0xC636, 0xCE36, 0xCE36, 0xCE36, 0xC636, 0xC616, 0xC616, 0xC616, 0xC636, 0xCE36, 0xCE36, 0xCE36,
    0xC636, 0xC636, 0xC636, 0xC636, 0xC636, 0xC636, 0xCE36, 0xCE36, 0xCE36, 0xCE57, 0xD698, 0xCE77,
    0xC5F5, 0xBDD5, 0xC616, 0xCE36, 0xCE36, 0xCE36, 0xCE37, 0xCE37, 0xCE36, 0xCE36, 0xCE36, 0xCE36,
    0xCE36, 0xC636, 0xCE36, 0xCE36, 0xCE36, 0xCE36, 0xC636, 0xC636, 0xC636, 0xC636, 0xC636, 0xC636,
    0xCE36, 0xCE36, 0xCE36, 0xCE36, 0xCE36, 0xCE36, 0xCE57, 0xCE57, 0xBDD5, 0xC5F5, 0xC616, 0xCE36,
    0xC636, 0xC636, 0xCE36, 0xCE36, 0xCE36, 0xCE37, 0xCE37, 0xCE37, 0xCE37, 0xCE37, 0xCE36, 0xCE36,
    0xCE57, 0xCE57, 0xCE37, 0xCE37, 0xCE36, 0xCE36, 0xCE36, 0xCE36, 0xCE36, 0xCE36, 0xCE36, 0xCE36,
    0xCE37, 0xCE57, 0xD698, 0xCE57, 0xC5F5, 0xBDD5, 0xC616, 0xC636, 0xC636, 0xC636, 0xCE36, 0xCE36,
    0xCE36, 0xCE36, 0xC636, 0xC636, 0xC636, 0xC616, 0xC616, 0xC616, 0xC616, 0xC616, 0xC616, 0xC616,
    0xC616, 0xC616, 0xC636, 0xCE36, 0xCE36, 0xC636, 0xC636, 0xC636, 0xCE36, 0xCE57, 0xD678, 0xCE57,
    0xBDD5, 0xBDB4, 0xC5F6, 0xC636, 0xC636, 0xC636, 0xC616, 0xC616, 0xC636, 0xC636, 0xCE36, 0xC636,
    0xC616, 0xC616, 0xC616, 0xC616, 0xC616, 0xC636, 0xC636, 0xC636, 0xC636, 0xC636, 0xCE36, 0xC636,
    0xC616, 0xC616, 0xCE36, 0xCE36, 0xCE36, 0xCE57, 0xD698, 0xCE57, 0xBDF5, 0xBDD5, 0xC616, 0xCE36,
    0xCE36, 0xCE36, 0xCE36, 0xCE36, 0xCE36, 0xCE36, 0xCE36, 0xCE36, 0xCE36, 0xCE36, 0xC636, 0xCE36,
    0xCE36, 0xCE36, 0xC636, 0xC616, 0xC636, 0xC636, 0xC616, 0xC616, 0xC616, 0xC636, 0xC636, 0xC636,
    0xCE36, 0xCE36, 0xCE57, 0xCE77, 0xBDD5, 0xBDD5, 0xC616, 0xC616, 0xC616, 0xC616, 0xC616, 0xC616,
    0xC636, 0xC636, 0xC636, 0xC636, 0xCE36, 0xCE36, 0xC636, 0xC636, 0xC636, 0xCE36, 0xCE36, 0xCE36,
    0xC636, 0xC636, 0xCE36, 0xCE36, 0xCE36, 0xCE36, 0xCE36, 0xCE36, 0xCE36, 0xCE57, 0xD678, 0xCE57,
    0xBDD5, 0xBDB4, 0xC5F6, 0xC616, 0xC616, 0xC616, 0xC616, 0xC616, 0xC616, 0xC616, 0xC616, 0xC616,
    0xC616, 0xC616, 0xC616, 0xC616, 0xC616, 0xC616, 0xC616, 0xC616, 0xC616, 0xC616, 0xC616, 0xC616,
    0xC616, 0xC616, 0xC616, 0xC616, 0xC616, 0xCE36, 0xCE57, 0xCE37, 0xBDB4, 0xB594, 0xC5F5, 0xC616,
    0xC616, 0xC616, 0xC616, 0xC616, 0xC616, 0xC616, 0xC616, 0xC616, 0xC616, 0xC616, 0xC616, 0xC616,
    0xC616, 0xC616, 0xC616, 0xC616, 0xC616, 0xC616, 0xC616, 0xC616, 0xC616, 0xC616, 0xC616, 0xC616,
    0xC616, 0xCE37, 0xD678, 0xCE57, 0xBDD5, 0xBDB5, 0xC5F6, 0xC616, 0xC616, 0xC616, 0xC616, 0xC616,
    0xC616, 0xC616, 0xC616, 0xC616, 0xC616, 0xC616, 0xC616, 0xC616, 0xC616, 0xC616, 0xC616, 0xC616,
    0xC616, 0xC616, 0xC616, 0xC616, 0xC616, 0xC616, 0xC616, 0xC616, 0xC616, 0xCE36, 0xCE57, 0xCE57,
    0xBDB4, 0xBDB5, 0xC5F6, 0xC616, 0xC5F6, 0xC5F5, 0xC5F5, 0xC5F5, 0xC5F6, 0xC5F6, 0xC5F6, 0xC616,
    0xC616, 0xC616, 0xC616, 0xC616, 0xC616, 0xC616, 0xC616, 0xC616, 0xC616, 0xC616, 0xC616, 0xC616,
    0xC616, 0xC616, 0xC616, 0xC616, 0xC616, 0xCE36, 0xCE57, 0xCE37, 0xBDB5, 0xB594, 0xC5F5, 0xC616,
    0xC5F6, 0xC5F6, 0xC616, 0xC616, 0xC5F5, 0xC5F5, 0xC5F5, 0xC5F5, 0xC5F5, 0xC5F5, 0xC5F5, 0xC5F5,
    0xC5F6, 0xC5F5, 0xC5F5, 0xC5F5, 0xC5F5, 0xC5F6, 0xC616, 0xC616, 0xC616, 0xC5F6, 0xC5F6, 0xC5F6,
    0xC5F6, 0xC616, 0xCE37, 0xC616, 0xB594, 0xB574, 0xBDD5, 0xC5F5, 0xC5F5, 0xC5F5, 0xC5F5, 0xC5F6,
    0xC616, 0xC616, 0xC5F6, 0xC5F5, 0xC5F5, 0xC5F5, 0xC5F5, 0xC5F5, 0xC5F5, 0xC5F5, 0xC5F5, 0xC5F6,
    0xC5F5, 0xC5F5, 0xC5F5, 0xC5F5, 0xC5F5, 0xC5F5, 0xC5F6, 0xC616, 0xC5F6, 0xC616, 0xCE57, 0xCE37,
    0xBDD5, 0xBDB4, 0xC5F5, 0xC5F6, 0xC5F5, 0xC5F5, 0xC5F5, 0xC5F5, 0xC5F5, 0xC5F5, 0xC5F6, 0xC616,
    0xC616, 0xC5F6, 0xC5F6, 0xC5F5, 0xC5F6, 0xC5F6, 0xC5F5, 0xC5F5, 0xC5F5, 0xC5F5, 0xC5F5, 0xC5F5,
    0xC5F5, 0xC5F5, 0xC5F6, 0xC5F6, 0xC5F5, 0xC5F6, 0xC636, 0xCE37, 0xB594, 0xBDB4, 0xC5F5, 0xC5F6,
    0xC5F5, 0xBDF5, 0xC5F5, 0xC5F5, 0xC5F5, 0xC5F5, 0xC5F5, 0xC5F6, 0xC5F6, 0xC616, 0xC5F6, 0xC5F6,
    0xC5F6, 0xC5F6, 0xC616, 0xC616, 0xC5F6, 0xC5F6, 0xC5F5, 0xC5F5, 0xC5F6, 0xC616, 0xC616, 0xC616,
    0xC616, 0xC636, 0xCE57, 0xCE37, 0xBDB4, 0xB594, 0xBDD5, 0xC5F6, 0xC5F6, 0xC5F5, 0xC5F6, 0xC5F5,
    0xC5F5, 0xBDD5, 0xC5F5, 0xC5F5, 0xBDD5, 0xBDD5, 0xBDD5, 0xBDF5, 0xC5F5, 0xC5F5, 0xC5F5, 0xBDD5,
    0xC5F5, 0xC5F5, 0xC5F6, 0xC5F6, 0xC5F6, 0xC5F6, 0xC5F6, 0xC5F6, 0xC5F5, 0xC616, 0xCE36, 0xC616,
    0xB594, 0xB573, 0xBDB5, 0xBDD5, 0xBDD5, 0xBDD5, 0xBDD5, 0xC5F5, 0xC5F6, 0xC5F6, 0xC5F5, 0xBDD5,
    0xC5F5, 0xC5F5, 0xBDF5, 0xBDF5, 0xC5F5, 0xC5F5, 0xC5F5, 0xC5F5, 0xC5F5, 0xC5F5, 0xBDF5, 0xBDF5,
    0xBDF5, 0xC5F5, 0xC5F5, 0xC5F5, 0xC5F5, 0xC616, 0xCE37, 0xC636, 0xBDB5, 0xBDB4, 0xBDD5, 0xC5F5,
    0xBDD5, 0xBDD5, 0xBDD5, 0xC5F5, 0xC5F5, 0xC5F5, 0xC5F5, 0xC5F5, 0xC5F6, 0xC5F5, 0xC5F5, 0xBDF5,
    0xC5D5, 0xC5F5, 0xC5F5, 0xC5F5, 0xBDD5, 0xBDD5, 0xBDD5, 0xBDD5, 0xBDD5, 0xC5F5, 0xC5F5, 0xC5F5,
    0xC5F5, 0xC5F5, 0xC616, 0xC636,
};
#define POOLS_CEILING_MIP1_SIZE 64
static const uint16_t POOLS_CEILING_MIP1_PIXELS[4096] __attribute__((aligned(16))) = {
    0xBDF5, 0xC636, 0xC636, 0xC636, 0xC636, 0xC637, 0xC637, 0xC637, 0xCE57, 0xCE57, 0xCE57, 0xCE57,
    0xCE57, 0xCE57, 0xCE77, 0xD698, 0xC5F5, 0xCE36, 0xCE57, 0xCE37, 0xCE37, 0xCE57, 0xCE57, 0xCE37,
    0xCE37, 0xCE37, 0xCE37, 0xCE37, 0xCE37, 0xC636, 0xCE37, 0xCE57, 0xBDB5, 0xC616, 0xC616, 0xC616,
    0xC616, 0xC636, 0xC636, 0xC636, 0xC636, 0xC616, 0xC616, 0xC616, 0xC636, 0xC636, 0xCE36, 0xCE57,
    0xBDD5, 0xC616, 0xC636, 0xCE36, 0xCE36, 0xCE36, 0xCE36, 0xCE36, 0xCE37, 0xCE57, 0xCE57, 0xCE57,
    0xCE57, 0xCE57, 0xCE57, 0xD678, 0xBDD5, 0xC616, 0xC636, 0xC636, 0xC616, 0xC637, 0xCE37, 0xCE37,
    0xCE57, 0xCE57, 0xCE57, 0xCE57, 0xCE57, 0xCE57, 0xCE57, 0xD698, 0xC5F5, 0xCE36, 0xCE57, 0xCE57,
    0xCE37, 0xCE36, 0xC636, 0xC636, 0xC636, 0xC636, 0xC636, 0xC636, 0xC636, 0xC636, 0xCE36, 0xCE57,
    0xBDB5, 0xC616, 0xC616, 0xC616, 0xC616, 0xC616, 0xC616, 0xC616, 0xC616, 0xC616, 0xC616, 0xC616,
    0xC616, 0xC636, 0xC636, 0xCE57, 0xBDD5, 0xC616, 0xC616, 0xC636, 0xCE36, 0xCE36, 0xCE36, 0xC636,
    0xCE36, 0xCE57, 0xCE57, 0xCE36, 0xCE36, 0xCE37, 0xCE57, 0xD678, 0xBDD5, 0xC616, 0xC636, 0xC636,
    0xC636, 0xC636, 0xC636, 0xCE37, 0xCE57, 0xCE57, 0xCE57, 0xCE57, 0xCE57, 0xCE57, 0xCE57, 0xD678,
    0xBDD5, 0xC636, 0xCE36, 0xCE36, 0xCE36, 0xC636, 0xC636, 0xC616, 0xC636, 0xC636, 0xC636, 0xC636,
    0xC616, 0xC616, 0xC636, 0xCE57, 0xBDB5, 0xC616, 0xC616, 0xC616, 0xC616, 0xC616, 0xC616, 0xC616,
    0xC616, 0xC616, 0xC616, 0xC616, 0xC616, 0xC616, 0xC636, 0xCE57, 0xBDD5, 0xC616, 0xC616, 0xC616,
    0xC636, 0xCE36, 0xCE36, 0xCE36, 0xCE36, 0xCE37, 0xCE57, 0xCE36, 0xCE37, 0xCE37, 0xCE57, 0xD698,
    0xBDD5, 0xC636, 0xC637, 0xC636, 0xC636, 0xC636, 0xC636, 0xCE37, 0xCE37, 0xCE57, 0xCE57, 0xCE57,
    0xCE37, 0xCE57, 0xCE57, 0xD678, 0xBDD5, 0xC636, 0xC636, 0xC636, 0xC636, 0xCE36, 0xC636, 0xC616,
    0xC616, 0xC616, 0xC616, 0xC616, 0xC636, 0xC636, 0xC636, 0xCE57, 0xBDB5, 0xC616, 0xC616, 0xC616,
    0xC616, 0xC616, 0xC616, 0xC616, 0xC616, 0xC616, 0xC616, 0xC616, 0xC636, 0xC616, 0xC636, 0xCE57,
    0xBDD5, 0xC615, 0xC616, 0xC616, 0xC636, 0xCE36, 0xC636, 0xCE36, 0xCE36, 0xCE37, 0xCE57, 0xCE37,
    0xCE57, 0xCE37, 0xCE57, 0xD678, 0xBDD5, 0xC636, 0xC636, 0xC636, 0xC636, 0xC636, 0xCE36, 0xCE36,
    0xCE37, 0xCE37, 0xCE57, 0xCE57, 0xCE57, 0xCE57, 0xCE57, 0xD698, 0xBDD5, 0xC636, 0xC636, 0xC636,
    0xC636, 0xC636, 0xC636, 0xC616, 0xC616, 0xC616, 0xC616, 0xC616, 0xC636, 0xC616, 0xC636, 0xCE57,
    0xBDD5, 0xC616, 0xC616, 0xC616, 0xC616, 0xC616, 0xC616, 0xC616, 0xC616, 0xC616, 0xC616, 0xC616,
    0xC616, 0xC616, 0xC636, 0xCE77, 0xBDB4, 0xC616, 0xC616, 0xC636, 0xCE36, 0xC636, 0xC636, 0xCE36,
    0xCE36, 0xCE36, 0xCE37, 0xCE57, 0xCE57, 0xCE57, 0xCE57, 0xD678, 0xBDD5, 0xC636, 0xCE37, 0xC636,
    0xCE36, 0xCE36, 0xCE36, 0xC636, 0xCE37, 0xC637, 0xCE37, 0xCE57, 0xCE57, 0xCE57, 0xCE57, 0xD678,
    0xBDD5, 0xC616, 0xC636, 0xC616, 0xC616, 0xC616, 0xC616, 0xC616, 0xC616, 0xC616, 0xC616, 0xC636,
    0xC616, 0xC636, 0xC636, 0xCE57, 0xBDD5, 0xC616, 0xC616, 0xC616, 0xC616, 0xC616, 0xC616, 0xC616,
    0xC616, 0xC616, 0xC616, 0xC616, 0xC616, 0xC616, 0xC636, 0xCE57, 0xBDB4, 0xC616, 0xC636, 0xC616,
    0xC636, 0xCE36, 0xCE36, 0xCE36, 0xCE36, 0xCE36, 0xCE37, 0xCE37, 0xCE57, 0xCE57, 0xCE57, 0xD678,
    0xBDD5, 0xC636, 0xC636, 0xC636, 0xCE36, 0xCE37, 0xCE36, 0xCE37, 0xCE57, 0xC637, 0xC637, 0xCE57,
    0xCE57, 0xCE57, 0xCE57, 0xCE78, 0xBDD5, 0xC616, 0xC636, 0xC636, 0xC636, 0xC636, 0xC616, 0xC616,
    0xC636, 0xC616, 0xC616, 0xC616, 0xC616, 0xC636, 0xC636, 0xCE57, 0xBDD5, 0xC616, 0xC616, 0xC636,
    0xC636, 0xC636, 0xC616, 0xC616, 0xC616, 0xC616, 0xC616, 0xC616, 0xC616, 0xC616, 0xC616, 0xCE57,
    0xBDD5, 0xC616, 0xC636, 0xC616, 0xC636, 0xCE36, 0xCE37, 0xCE36, 0xC636, 0xCE36, 0xCE37, 0xCE57,
    0xCE57, 0xCE57, 0xCE57, 0xD678, 0xBDD5, 0xC616, 0xC636, 0xC636, 0xCE37, 0xCE57, 0xCE57, 0xCE57,
    0xCE57, 0xC636, 0xCE37, 0xCE37, 0xCE37, 0xCE37, 0xCE37, 0xCE78, 0xBDD5, 0xC616, 0xC616, 0xC636,
    0xC636, 0xC636, 0xC636, 0xC636, 0xCE36, 0xC636, 0xC636, 0xC636, 0xC636, 0xC636, 0xCE37, 0xCE57,
    0xBDD5, 0xC616, 0xC636, 0xC636, 0xC636, 0xCE36, 0xC616, 0xC616, 0xC616, 0xC616, 0xC616, 0xC616,
    0xC616, 0xC616, 0xC616, 0xCE57, 0xBDD5, 0xC616, 0xC616, 0xC636, 0xC636, 0xCE36, 0xCE37, 0xCE36,
    0xCE37, 0xCE37, 0xCE57, 0xCE57, 0xCE57, 0xCE57, 0xCE57, 0xD698, 0xBDD5, 0xC616, 0xC616, 0xC636,
    0xCE37, 0xCE37, 0xCE37, 0xCE57, 0xCE57, 0xCE37, 0xCE37, 0xCE57, 0xCE37, 0xCE37, 0xCE57, 0xD678,
    0xBDD5, 0xC616, 0xCE36, 0xCE36, 0xCE36, 0xCE36, 0xCE36, 0xCE36, 0xCE36, 0xC636, 0xCE36, 0xCE36,
    0xCE36, 0xCE37, 0xCE37, 0xCE57, 0xBDD5, 0xC616, 0xC636, 0xC636, 0xC636, 0xC636, 0xC616, 0xC616,
    0xC616, 0xC616, 0xC616, 0xC616, 0xC616, 0xC616, 0xC636, 0xCE57, 0xBDB5, 0xC616, 0xC616, 0xC636,
    0xCE36, 0xCE36, 0xCE36, 0xCE57, 0xCE57, 0xCE57, 0xCE57, 0xCE57, 0xCE57, 0xCE57, 0xCE57, 0xD698,
    0xBDD5, 0xC616, 0xC616, 0xC637, 0xC636, 0xCE37, 0xCE37, 0xCE37, 0xCE57, 0xCE37, 0xCE37, 0xCE37,
    0xCE37, 0xC636, 0xCE37, 0xCE78, 0xBDD5, 0xC636, 0xCE36, 0xCE36, 0xCE36, 0xCE36, 0xCE36, 0xCE36,
    0xCE36, 0xCE36, 0xCE36, 0xCE36, 0xCE36, 0xCE36, 0xCE37, 0xD678, 0xBDD5, 0xC616, 0xC636, 0xC636,
    0xCE36, 0xC636, 0xC636, 0xCE36, 0xC616, 0xC616, 0xC616, 0xC616, 0xC616, 0xC616, 0xC616, 0xCE57,
    0xBDB4, 0xC616, 0xC636, 0xCE36, 0xCE37, 0xCE36, 0xCE36, 0xCE57, 0xCE57, 0xCE57, 0xCE57, 0xCE57,
    0xCE57, 0xCE57, 0xCE57, 0xD698, 0xBDB5, 0xC616, 0xC636, 0xC636, 0xC637, 0xC637, 0xC636, 0xC636,
    0xCE37, 0xCE37, 0xC636, 0xC636, 0xCE37, 0xCE37, 0xCE37, 0xCE77, 0xBDD5, 0xC616, 0xC616, 0xC616,
    0xC636, 0xCE36, 0xCE36, 0xCE36, 0xCE36, 0xCE37, 0xCE37, 0xCE37, 0xCE37, 0xCE36, 0xCE37, 0xCE78,
    0xBDD5, 0xC616, 0xC636, 0xC616, 0xCE36, 0xCE36, 0xCE36, 0xCE36, 0xC636, 0xC616, 0xC616, 0xC616,
    0xC616, 0xC616, 0xC636, 0xCE57, 0xBDB5, 0xC616, 0xC616, 0xCE36, 0xCE36, 0xCE57, 0xCE36, 0xCE37,
    0xCE37, 0xCE57, 0xCE57, 0xCE57, 0xCE57, 0xCE57, 0xCE57, 0xD698, 0xBDB5, 0xC616, 0xC616, 0xC636,
    0xC636, 0xCE37, 0xC636, 0xCE36, 0xCE37, 0xCE37, 0xCE36, 0xC636, 0xCE37, 0xCE36, 0xCE37, 0xCE57,
    0xBDD5, 0xC616, 0xC636, 0xC636, 0xCE36, 0xC636, 0xC636, 0xC636, 0xCE36, 0xCE37, 0xCE57, 0xCE37,
    0xCE37, 0xCE36, 0xCE37, 0xCE57, 0xBDD5, 0xC616, 0xCE36, 0xC616, 0xC616, 0xC636, 0xCE36, 0xC636,
    0xC616, 0xC616, 0xC616, 0xC616, 0xC616, 0xC616, 0xC636, 0xCE57, 0xBDB5, 0xC616, 0xC636, 0xCE36,
    0xCE36, 0xCE57, 0xCE37, 0xCE37, 0xCE57, 0xCE37, 0xCE57, 0xCE57, 0xCE57, 0xCE57, 0xCE57, 0xD678,
    0xBDD5, 0xC616, 0xC616, 0xC616, 0xCE37, 0xCE57, 0xCE37, 0xCE37, 0xCE37, 0xCE37, 0xCE37, 0xCE37,
    0xCE37, 0xCE36, 0xCE36, 0xCE77, 0xBDD5, 0xC616, 0xC636, 0xCE36, 0xCE36, 0xCE36, 0xCE36, 0xCE36,
    0xCE37, 0xCE37, 0xCE57, 0xCE37, 0xCE37, 0xC636, 0xCE37, 0xCE77, 0xBDD5, 0xC636, 0xC636, 0xC616,
    0xC636, 0xC636, 0xC636, 0xC636, 0xC636, 0xC616, 0xC616, 0xC616, 0xC616, 0xC616, 0xC636, 0xCE57,
    0xBDD5, 0xC616, 0xCE36, 0xCE36, 0xCE36, 0xCE37, 0xCE57, 0xCE57, 0xCE57, 0xCE57, 0xCE57, 0xCE57,
    0xCE57, 0xCE57, 0xCE57, 0xD698, 0xBDD5, 0xC636, 0xC636, 0xC636, 0xCE36, 0xCE37, 0xCE37, 0xCE37,
    0xCE37, 0xCE37, 0xCE37, 0xCE57, 0xCE37, 0xCE57, 0xCE57, 0xCE77, 0xBDD5, 0xC616, 0xC636, 0xCE36,
    0xCE36, 0xCE36, 0xCE36, 0xCE36, 0xCE57, 0xCE57, 0xCE37, 0xCE37, 0xCE37, 0xCE37, 0xCE57, 0xD678,
    0xBDD5, 0xC616, 0xC636, 0xC616, 0xC636, 0xC636, 0xC636, 0xC636, 0xC636, 0xC636, 0xC616, 0xC616,
    0xC636, 0xC636, 0xC636, 0xCE57, 0xBDD5, 0xC616, 0xC636, 0xCE36, 0xCE37, 0xCE37, 0xCE57, 0xCE57,
    0xCE57, 0xCE57, 0xCE57, 0xCE57, 0xCE57, 0xCE57, 0xCE57, 0xD678, 0xBDD5, 0xC616, 0xC616, 0xC616,
    0xC616, 0xC616, 0xC616, 0xCE36, 0xCE36, 0xCE36, 0xC636, 0xCE36, 0xC636, 0xC636, 0xCE36, 0xCE57,
    0xBDD5, 0xC616, 0xC636, 0xC636, 0xC636, 0xC636, 0xC616, 0xC636, 0xCE36, 0xCE37, 0xCE37, 0xCE36,
    0xCE37, 0xCE37, 0xCE37, 0xCE78, 0xBDD5, 0xC616, 0xC636, 0xC616, 0xC636, 0xC636, 0xC616, 0xC616,
    0xC616, 0xC616, 0xC616, 0xC616, 0xC616, 0xC616, 0xC636, 0xCE57, 0xBDD5, 0xC616, 0xC636, 0xC636,
    0xC636, 0xC636, 0xCE37, 0xCE57, 0xCE57, 0xCE37, 0xCE37, 0xCE37, 0xCE57, 0xCE57, 0xCE57, 0xD678,
    0xB594, 0xBDD5, 0xBDD5, 0xBDD5, 0xBDF5, 0xBDD5, 0xBDD5, 0xC5F5, 0xBDF5, 0xBDF5, 0xC5F5, 0xC5F5,
    0xC5F5, 0xBDF5, 0xC5F6, 0xC636, 0xBDB4, 0xBDF5, 0xC5F5, 0xC5F5, 0xC5F5, 0xC5F5, 0xBDD5, 0xBDD5,
    0xBDF5, 0xC5F5, 0xC5F5, 0xC5F5, 0xC5F5, 0xC5F6, 0xC5F6, 0xC616, 0xB594, 0xBDF5, 0xBDF5, 0xBDD5,
    0xBDF5, 0xC5F5, 0xBDD5, 0xBDF5, 0xC5F5, 0xC5F5, 0xBDD5, 0xBDD5, 0xBDD5, 0xBDD5, 0xBDD5, 0xC616,
    0xBDB4, 0xBDD5, 0xBDD5, 0xBDD5, 0xC5F5, 0xBDF5, 0xC5F5, 0xBDF5, 0xC5F5, 0xC5F5, 0xC5F5, 0xC5F5,
    0xC5F5, 0xC5F6, 0xC616, 0xC636, 0xBDD5, 0xC616, 0xC636, 0xC636, 0xC636, 0xC636, 0xC636, 0xCE36,
    0xCE37, 0xC636, 0xCE37, 0xCE36, 0xCE36, 0xCE37, 0xCE57, 0xCE78, 0xBDD5, 0xC636, 0xCE36, 0xCE37,
    0xCE57, 0xCE37, 0xCE37, 0xCE37, 0xCE37, 0xCE57, 0xCE57, 0xCE57, 0xCE57, 0xCE57, 0xCE57, 0xCE78,
    0xBDD5, 0xCE36, 0xCE37, 0xC636, 0xC636, 0xCE37, 0xC636, 0xC636, 0xC636, 0xC636, 0xCE36, 0xC616,
    0xC616, 0xC616, 0xC636, 0xCE57, 0xBDD5, 0xC616, 0xC616, 0xC636, 0xCE36, 0xCE36, 0xCE37, 0xC636,
    0xC636, 0xCE36, 0xCE36, 0xCE36, 0xCE36, 0xCE36, 0xCE37, 0xCE77, 0xBDD5, 0xC636, 0xCE36, 0xC616,
    0xC616, 0xC636, 0xC636, 0xCE36, 0xCE37, 0xCE57, 0xCE37, 0xCE36, 0xCE36, 0xCE36, 0xCE57, 0xD678,
    0xBDD5, 0xC636, 0xCE36, 0xCE57, 0xCE57, 0xCE57, 0xCE57, 0xCE57, 0xCE37, 0xCE57, 0xCE57, 0xCE57,
    0xCE57, 0xCE57, 0xCE57, 0xD698, 0xC5F5, 0xCE36, 0xCE37, 0xCE37, 0xCE37, 0xCE37, 0xC636, 0xC636,
    0xC636, 0xC636, 0xC636, 0xC636, 0xC616, 0xC616, 0xC636, 0xCE57, 0xBDD5, 0xC616, 0xC616, 0xC636,
    0xC636, 0xCE36, 0xC636, 0xCE36, 0xC636, 0xCE36, 0xCE36, 0xC636, 0xC636, 0xCE36, 0xCE37, 0xD678,
    0xBDD5, 0xC616, 0xCE36, 0xC616, 0xC616, 0xCE36, 0xCE36, 0xCE36, 0xCE37, 0xCE37, 0xCE37, 0xCE36,
    0xCE36, 0xCE37, 0xCE57, 0xD678, 0xBDD5, 0xC636, 0xCE36, 0xCE37, 0xCE57, 0xCE57, 0xCE57, 0xCE37,
    0xCE37, 0xCE57, 0xCE57, 0xCE57, 0xCE57, 0xCE57, 0xCE57, 0xD678, 0xBDD5, 0xC636, 0xCE37, 0xCE37,
    0xCE37, 0xCE37, 0xC636, 0xC636, 0xC636, 0xC636, 0xC636, 0xC636, 0xC616, 0xC616, 0xC636, 0xCE57,
    0xBDB5, 0xC616, 0xC616, 0xC616, 0xC636, 0xC636, 0xC636, 0xCE36, 0xC616, 0xCE36, 0xC636, 0xC636,
    0xC616, 0xCE36, 0xCE37, 0xD678, 0xBDD5, 0xC636, 0xCE36, 0xCE36, 0xC636, 0xCE36, 0xCE36, 0xCE36,
    0xCE37, 0xCE37, 0xCE37, 0xCE37, 0xCE37, 0xCE37, 0xCE57, 0xD678, 0xBDD5, 0xC636, 0xCE37, 0xCE37,
    0xCE37, 0xCE57, 0xCE37, 0xCE57, 0xCE57, 0xCE57, 0xCE57, 0xCE57, 0xCE57, 0xCE57, 0xCE57, 0xD678,
    0xBDD5, 0xC636, 0xCE37, 0xCE37, 0xCE57, 0xCE37, 0xCE36, 0xC636, 0xCE36, 0xCE37, 0xCE36, 0xC636,
    0xC636, 0xC636, 0xC636, 0xCE78, 0xBDD5, 0xC616, 0xC616, 0xC636, 0xC636, 0xC636, 0xC636, 0xCE36,
    0xCE36, 0xCE36, 0xCE36, 0xC636, 0xCE36, 0xCE36, 0xCE37, 0xD678, 0xBDF5, 0xC636, 0xCE36, 0xCE36,
    0xCE36, 0xC636, 0xCE36, 0xCE36, 0xCE36, 0xCE36, 0xCE36, 0xCE37, 0xCE36, 0xCE37, 0xCE57, 0xCE78,
    0xBDD5, 0xC616, 0xCE36, 0xCE57, 0xCE57, 0xCE57, 0xCE57, 0xCE57, 0xCE57, 0xCE57, 0xCE57, 0xCE57,
    0xCE57, 0xCE57, 0xCE57, 0xD698, 0xBDD5, 0xC636, 0xCE57, 0xCE57, 0xCE57, 0xCE37, 0xCE37, 0xCE37,
    0xCE57, 0xCE37, 0xCE36, 0xC616, 0xC636, 0xCE36, 0xCE37, 0xCE78, 0xBDD5, 0xC616, 0xC636, 0xC636,
    0xCE36, 0xCE36, 0xCE36, 0xCE36, 0xCE36, 0xCE36, 0xC636, 0xCE36, 0xCE36, 0xCE36, 0xCE37, 0xD678,
    0xBDD5, 0xC636, 0xC636, 0xC636, 0xCE36, 0xCE36, 0xCE36, 0xCE36, 0xCE36, 0xCE36, 0xCE36, 0xCE37,
    0xCE37, 0xCE37, 0xCE57, 0xD678, 0xBDD5, 0xC636, 0xCE37, 0xCE57, 0xCE57, 0xCE57, 0xCE57, 0xCE57,
    0xCE57, 0xCE57, 0xCE57, 0xCE57, 0xCE57, 0xCE57, 0xCE57, 0xD698, 0xBDD5, 0xC636, 0xCE57, 0xCE37,
    0xCE37, 0xCE57, 0xCE37, 0xCE37, 0xCE57, 0xCE37, 0xC636, 0xC636, 0xC636, 0xCE36, 0xCE36, 0xCE78,
    0xBDD5, 0xC616, 0xCE36, 0xC636, 0xCE37, 0xCE36, 0xC636, 0xCE36, 0xCE36, 0xCE36, 0xCE36, 0xCE36,
    0xC636, 0xCE36, 0xCE36, 0xD678, 0xBDD5, 0xC616, 0xCE36, 0xCE36, 0xCE36, 0xCE36, 0xCE36, 0xCE36,
    0xCE36, 0xCE36, 0xCE37, 0xCE37, 0xCE37, 0xCE57, 0xCE57, 0xD678, 0xBDD5, 0xC636, 0xCE57, 0xCE57,
    0xCE57, 0xCE57, 0xCE57, 0xCE57, 0xCE57, 0xCE57, 0xCE57, 0xCE57, 0xCE57, 0xCE57, 0xCE57, 0xD698,
    0xBDD5, 0xC636, 0xCE37, 0xCE37, 0xCE37, 0xCE57, 0xCE37, 0xCE57, 0xCE37, 0xCE37, 0xC636, 0xC616,
    0xC636, 0xC636, 0xC636, 0xCE77, 0xBDD5, 0xC616, 0xC636, 0xC636, 0xCE37, 0xC636, 0xC636, 0xC636,
    0xC636, 0xC636, 0xC636, 0xC636, 0xCE36, 0xCE36, 0xCE36, 0xCE77, 0xBDD5, 0xC616, 0xCE36, 0xC636,
    0xC636, 0xCE36, 0xCE36, 0xCE36, 0xCE36, 0xCE36, 0xCE57, 0xCE37, 0xCE37, 0xCE57, 0xCE57, 0xD678,
    0xC5F5, 0xCE37, 0xCE57, 0xCE57, 0xCE37, 0xCE57, 0xCE57, 0xCE57, 0xCE57, 0xCE57, 0xCE57, 0xCE57,
    0xCE57, 0xCE57, 0xCE57, 0xD698, 0xBDD5, 0xC616, 0xCE37, 0xCE57, 0xCE57, 0xCE37, 0xCE37, 0xCE57,
    0xCE37, 0xCE36, 0xC616, 0xC616, 0xC636, 0xC636, 0xCE36, 0xCE78, 0xBDD5, 0xC616, 0xC636, 0xC636,
    0xCE36, 0xC636, 0xCE36, 0xCE36, 0xCE36, 0xCE36, 0xC636, 0xC636, 0xCE36, 0xCE36, 0xCE36, 0xCE77,
    0xBDD5, 0xC616, 0xCE36, 0xC636, 0xC636, 0xCE36, 0xCE37, 0xCE36, 0xCE36, 0xCE36, 0xCE36, 0xCE37,
    0xCE37, 0xCE37, 0xCE57, 0xD698, 0xC5F5, 0xCE37, 0xCE57, 0xCE57, 0xCE57, 0xCE57, 0xCE57, 0xCE57,
    0xCE57, 0xCE57, 0xCE56, 0xCE36, 0xCE57, 0xCE57, 0xCE57, 0xD698, 0xBDD5, 0xC636, 0xCE37, 0xCE57,
    0xCE57, 0xCE36, 0xCE36, 0xCE37, 0xCE37, 0xCE36, 0xCE36, 0xC636, 0xC636, 0xCE36, 0xCE37, 0xCE78,
    0xBDD5, 0xC616, 0xCE36, 0xC636, 0xCE36, 0xCE36, 0xC636, 0xC636, 0xC636, 0xCE36, 0xC636, 0xC636,
    0xCE36, 0xCE36, 0xCE36, 0xD677, 0xBDD5, 0xC616, 0xC636, 0xCE36, 0xCE36, 0xCE36, 0xCE37, 0xCE37,
    0xCE36, 0xCE36, 0xCE36, 0xCE36, 0xCE57, 0xCE37, 0xCE57, 0xD698, 0xC5F6, 0xCE36, 0xCE57, 0xCE57,
    0xCE57, 0xCE57, 0xCE57, 0xCE37, 0xCE57, 0xCE37, 0xCE37, 0xCE37, 0xCE37, 0xCE57, 0xCE57, 0xD678,
    0xBDD5, 0xCE36, 0xCE37, 0xCE36, 0xCE37, 0xCE37, 0xCE36, 0xCE37, 0xCE37, 0xCE37, 0xCE36, 0xC636,
    0xCE36, 0xCE37, 0xCE57, 0xD678, 0xBDD5, 0xC636, 0xCE36, 0xCE36, 0xCE36, 0xCE36, 0xC636, 0xC636,
    0xC616, 0xC616, 0xC636, 0xCE36, 0xC636, 0xCE36, 0xCE36, 0xD677, 0xBDD5, 0xC616, 0xC636, 0xC636,
    0xCE36, 0xCE36, 0xCE37, 0xCE37, 0xCE57, 0xCE36, 0xCE36, 0xCE57, 0xCE57, 0xCE57, 0xCE57, 0xD698,
    0xC5F6, 0xCE37, 0xCE57, 0xCE57, 0xCE57, 0xCE57, 0xCE57, 0xCE37, 0xCE37, 0xC636, 0xCE37, 0xCE57,
    0xCE57, 0xCE37, 0xCE37, 0xD678, 0xBDD5, 0xC636, 0xCE37, 0xC636, 0xCE36, 0xCE37, 0xCE37, 0xCE37,
    0xCE37, 0xCE37, 0xCE36, 0xCE36, 0xCE36, 0xCE37, 0xCE57, 0xD678, 0xBDD5, 0xC636, 0xCE36, 0xCE36,
    0xCE36, 0xCE36, 0xC636, 0xC636, 0xC616, 0xC616, 0xC616, 0xC636, 0xC636, 0xCE36, 0xCE37, 0xD678,
    0xBDD5, 0xC616, 0xC636, 0xC636, 0xCE36, 0xCE36, 0xCE36, 0xCE37, 0xCE57, 0xCE36, 0xCE36, 0xCE57,
    0xCE37, 0xCE57, 0xCE57, 0xD698, 0xC5F5, 0xCE37, 0xCE57, 0xCE57, 0xCE57, 0xCE57, 0xCE57, 0xCE57,
    0xCE37, 0xC636, 0xCE37, 0xCE57, 0xCE57, 0xCE36, 0xCE37, 0xCE77, 0xBDD5, 0xC616, 0xC636, 0xC636,
    0xCE36, 0xCE37, 0xCE37, 0xCE37, 0xCE36, 0xCE36, 0xCE37, 0xCE57, 0xCE37, 0xCE36, 0xCE57, 0xD678,
    0xBDD5, 0xC636, 0xCE36, 0xCE36, 0xCE36, 0xCE36, 0xC616, 0xC636, 0xCE36, 0xCE36, 0xC636, 0xC636,
    0xC636, 0xCE36, 0xCE36, 0xD678, 0xBDD5, 0xCE36, 0xCE36, 0xC636, 0xCE36, 0xCE36, 0xCE36, 0xCE36,
    0xCE56, 0xCE57, 0xCE57, 0xCE57, 0xCE57, 0xCE57, 0xCE57, 0xD678, 0xBDF5, 0xCE36, 0xCE57, 0xCE57,
    0xCE57, 0xCE57, 0xCE57, 0xCE57, 0xCE37, 0xCE36, 0xCE36, 0xCE36, 0xCE37, 0xCE36, 0xCE37, 0xCE57,
    0xBDD5, 0xC616, 0xC636, 0xCE36, 0xCE37, 0xCE57, 0xCE37, 0xCE37, 0xCE37, 0xCE37, 0xCE37, 0xCE37,
    0xCE36, 0xCE37, 0xCE57, 0xD678, 0xBDD5, 0xC616, 0xCE36, 0xCE37, 0xCE37, 0xCE36, 0xC616, 0xC616,
    0xC636, 0xCE36, 0xCE36, 0xCE36, 0xC636, 0xC636, 0xCE37, 0xCE77, 0xBDD5, 0xC636, 0xCE37, 0xCE36,
    0xC636, 0xC636, 0xC636, 0xCE36, 0xCE57, 0xCE36, 0xCE36, 0xCE36, 0xCE57, 0xCE36, 0xCE57, 0xD678,
    0xBDF5, 0xCE36, 0xCE57, 0xCE57, 0xCE57, 0xCE57, 0xCE57, 0xCE57, 0xCE37, 0xCE37, 0xCE36, 0xCE36,
    0xC636, 0xCE36, 0xCE37, 0xCE77, 0xBDB5, 0xC616, 0xCE36, 0xCE36, 0xCE37, 0xCE37, 0xCE37, 0xCE36,
    0xCE37, 0xCE37, 0xCE37, 0xCE37, 0xCE57, 0xCE37, 0xCE57, 0xD678, 0xBDD5, 0xC616, 0xCE37, 0xCE37,
    0xCE36, 0xCE36, 0xC636, 0xCE36, 0xC636, 0xC636, 0xCE36, 0xCE36, 0xCE36, 0xCE36, 0xCE36, 0xCE77,
    0xBDB5, 0xC616, 0xC616, 0xC636, 0xC616, 0xC616, 0xC616, 0xCE36, 0xCE36, 0xCE36, 0xCE36, 0xCE36,
    0xCE36, 0xCE36, 0xCE37, 0xD678, 0xBDD5, 0xC616, 0xC636, 0xCE36, 0xCE36, 0xCE37, 0xCE37, 0xCE37,
    0xCE36, 0xCE36, 0xC636, 0xCE36, 0xC616, 0xC616, 0xCE36, 0xCE57, 0xBDB5, 0xC616, 0xC636, 0xC636,
    0xC616, 0xC616, 0xC616, 0xC636, 0xC636, 0xCE36, 0xCE36, 0xCE36, 0xCE37, 0xCE37, 0xCE57, 0xD678,
    0xBDD5, 0xC616, 0xC636, 0xC636, 0xCE36, 0xC636, 0xC636, 0xC636, 0xC616, 0xC616, 0xC616, 0xC616,
    0xC616, 0xC616, 0xC636, 0xCE57, 0xB594, 0xBDF5, 0xBDD5, 0xBDD5, 0xBDD5, 0xBDD5, 0xBDF5, 0xC5F5,
    0xC5F5, 0xC5F5, 0xC5F5, 0xC5F5, 0xC5F5, 0xC5F5, 0xC616, 0xCE36, 0xBDB4, 0xBDF5, 0xC5F5, 0xC5F5,
    0xC5F5, 0xC5F5, 0xC5F5, 0xC5F5, 0xC5F5, 0xC5F5, 0xC5F5, 0xC5F5, 0xC5F5, 0xBDF5, 0xC5F5, 0xC616,
    0xB594, 0xBDD5, 0xBDF5, 0xBDD5, 0xBDD5, 0xBDD5, 0xBDD5, 0xBDD5, 0xC5F5, 0xC5F5, 0xC5F5, 0xC5F6,
    0xC5F6, 0xC616, 0xC616, 0xCE37, 0xBDB4, 0xBDD5, 0xBDD5, 0xBDD5, 0xBDD5, 0xBDD5, 0xBDD5, 0xBDD5,
    0xBDD5, 0xBDD5, 0xBDD5, 0xC5F5, 0xBDF5, 0xBDD5, 0xBDD5, 0xC616, 0xBDD5, 0xC636, 0xC636, 0xC616,
    0xC616, 0xC636, 0xCE36, 0xCE36, 0xCE37, 0xCE36, 0xCE37, 0xCE37, 0xCE37, 0xCE57, 0xCE57, 0xD678,
    0xBDF5, 0xC616, 0xC636, 0xCE36, 0xCE37, 0xCE37, 0xCE36, 0xCE37, 0xCE37, 0xCE37, 0xCE36, 0xCE36,
    0xCE36, 0xCE36, 0xCE37, 0xCE77, 0xBDD5, 0xC616, 0xC636, 0xCE36, 0xCE37, 0xCE36, 0xC636, 0xCE36,
    0xCE36, 0xCE36, 0xCE37, 0xCE37, 0xCE57, 0xCE57, 0xCE57, 0xD698, 0xC616, 0xC636, 0xC616, 0xC636,
    0xC636, 0xC636, 0xC616, 0xC636, 0xC636, 0xC636, 0xC636, 0xC636, 0xC636, 0xCE36, 0xCE37, 0xCE77,
    0xBDD5, 0xC636, 0xCE36, 0xC636, 0xCE36, 0xCE36, 0xCE36, 0xCE37, 0xCE57, 0xCE57, 0xCE57, 0xCE57,
    0xCE57, 0xCE57, 0xCE57, 0xD678, 0xBDD5, 0xC636, 0xCE36, 0xCE57, 0xCE57, 0xCE37, 0xCE37, 0xCE37,
    0xCE37, 0xCE37, 0xCE37, 0xCE57, 0xCE57, 0xCE57, 0xCE57, 0xD678, 0xBDD5, 0xC636, 0xCE37, 0xCE37,
    0xCE57, 0xCE37, 0xCE37, 0xCE37, 0xCE37, 0xCE57, 0xCE57, 0xCE57, 0xCE57, 0xCE57, 0xCE57, 0xD698,
    0xC5F6, 0xCE36, 0xCE36, 0xCE37, 0xCE37, 0xCE36, 0xCE36, 0xCE36, 0xCE36, 0xCE36, 0xCE36, 0xCE36,
    0xCE36, 0xCE37, 0xCE37, 0xD678, 0xBDD5, 0xC616, 0xC636, 0xC636, 0xC636, 0xC636, 0xC636, 0xCE37,
    0xCE57, 0xCE37, 0xCE37, 0xCE36, 0xCE37, 0xCE37, 0xCE37, 0xCE78, 0xBDD5, 0xC636, 0xCE37, 0xCE37,
    0xCE37, 0xCE36, 0xCE36, 0xCE37, 0xCE37, 0xCE37, 0xCE37, 0xCE37, 0xCE37, 0xCE36, 0xCE57, 0xD678,
    0xBDD5, 0xC616, 0xCE36, 0xCE37, 0xCE37, 0xCE36, 0xCE37, 0xCE36, 0xCE37, 0xCE57, 0xCE57, 0xCE37,
    0xCE57, 0xCE57, 0xCE57, 0xD698, 0xC5F5, 0xCE36, 0xCE37, 0xCE36, 0xCE36, 0xCE57, 0xCE36, 0xC636,
    0xCE36, 0xCE36, 0xCE36, 0xCE36, 0xCE36, 0xCE36, 0xCE37, 0xD678, 0xBDD5, 0xC616, 0xC636, 0xC636,
    0xC636, 0xC636, 0xCE36, 0xCE37, 0xCE37, 0xCE37, 0xCE37, 0xCE36, 0xCE36, 0xCE36, 0xCE57, 0xD678,
    0xBDD5, 0xC636, 0xCE37, 0xCE37, 0xCE37, 0xCE37, 0xCE37, 0xCE37, 0xCE37, 0xCE37, 0xCE57, 0xCE37,
    0xCE37, 0xCE37, 0xCE57, 0xD678, 0xBDD5, 0xC616, 0xCE37, 0xCE36, 0xCE37, 0xCE36, 0xCE36, 0xCE37,
    0xCE57, 0xCE57, 0xCE57, 0xCE37, 0xCE57, 0xCE57, 0xCE57, 0xD698, 0xC5F5, 0xCE36, 0xCE37, 0xCE37,
    0xCE37, 0xCE37, 0xCE36, 0xC636, 0xC636, 0xC636, 0xCE36, 0xC636, 0xCE36, 0xCE36, 0xCE37, 0xD678,
    0xBDD5, 0xC636, 0xC636, 0xC636, 0xC636, 0xC636, 0xC636, 0xCE37, 0xCE37, 0xCE37, 0xCE36, 0xCE36,
    0xCE36, 0xCE36, 0xCE57, 0xCE78, 0xBDD5, 0xC616, 0xCE36, 0xCE37, 0xCE57, 0xCE37, 0xCE37, 0xCE37,
    0xCE37, 0xCE37, 0xCE37, 0xCE37, 0xCE37, 0xCE37, 0xCE37, 0xD678, 0xBDD5, 0xC636, 0xCE37, 0xCE37,
    0xCE37, 0xCE36, 0xCE37, 0xCE57, 0xCE57, 0xCE57, 0xCE57, 0xCE57, 0xCE57, 0xCE57, 0xCE57, 0xD698,
    0xC5F5, 0xCE37, 0xCE57, 0xCE57, 0xCE37, 0xCE37, 0xCE37, 0xC636, 0xCE36, 0xCE37, 0xCE36, 0xC636,
    0xCE36, 0xCE36, 0xCE37, 0xD678, 0xBDD5, 0xC636, 0xCE37, 0xC636, 0xC636, 0xC636, 0xCE37, 0xCE36,
    0xCE37, 0xCE36, 0xCE36, 0xCE36, 0xCE37, 0xCE36, 0xCE37, 0xCE78, 0xBDD5, 0xC616, 0xCE36, 0xCE36,
    0xCE37, 0xCE37, 0xCE37, 0xCE37, 0xCE37, 0xCE57, 0xCE37, 0xCE37, 0xCE37, 0xCE36, 0xCE57, 0xD678,
    0xBDD5, 0xC636, 0xCE37, 0xCE37, 0xCE37, 0xCE37, 0xCE37, 0xCE57, 0xCE57, 0xCE57, 0xCE57, 0xCE57,
    0xCE57, 0xCE57, 0xCE57, 0xD678, 0xC5F5, 0xCE36, 0xCE57, 0xCE57, 0xCE57, 0xCE36, 0xCE36, 0xCE37,
    0xCE37, 0xCE37, 0xCE36, 0xCE36, 0xCE36, 0xCE37, 0xCE57, 0xD678, 0xBDD5, 0xC636, 0xCE37, 0xC636,
    0xC636, 0xC636, 0xCE36, 0xCE36, 0xCE36, 0xCE36, 0xCE36, 0xCE37, 0xCE36, 0xCE36, 0xCE57, 0xCE78,
    0xBDD5, 0xC616, 0xCE36, 0xCE36, 0xCE36, 0xCE37, 0xCE37, 0xCE37, 0xCE37, 0xCE37, 0xCE37, 0xCE37,
    0xCE57, 0xCE57, 0xCE57, 0xCE78, 0xBDD5, 0xC636, 0xCE37, 0xCE37, 0xCE37, 0xCE36, 0xCE36, 0xCE57,
    0xCE57, 0xCE57, 0xCE57, 0xCE37, 0xCE37, 0xCE57, 0xCE57, 0xD678, 0xBDD5, 0xC636, 0xCE57, 0xCE57,
    0xCE57, 0xCE57, 0xCE37, 0xCE37, 0xCE37, 0xCE37, 0xCE36, 0xCE37, 0xCE37, 0xCE36, 0xCE37, 0xCE78,
    0xBDD5, 0xC636, 0xCE37, 0xCE36, 0xC636, 0xC636, 0xC636, 0xCE37, 0xCE36, 0xCE36, 0xCE36, 0xCE36,
    0xCE36, 0xCE36, 0xCE37, 0xCE78, 0xBDD5, 0xC616, 0xC636, 0xCE36, 0xCE37, 0xCE37, 0xCE37, 0xCE37,
    0xCE37, 0xCE37, 0xCE37, 0xCE37, 0xCE57, 0xCE57, 0xCE57, 0xD678, 0xBDF5, 0xCE36, 0xCE57, 0xCE37,
    0xCE37, 0xCE37, 0xCE57, 0xCE57, 0xCE57, 0xCE57, 0xCE57, 0xCE37, 0xCE57, 0xCE57, 0xCE57, 0xD678,
    0xBDD5, 0xCE36, 0xCE57, 0xCE57, 0xCE57, 0xCE57, 0xCE37, 0xCE36, 0xCE36, 0xCE36, 0xCE36, 0xCE36,
    0xCE36, 0xCE37, 0xCE37, 0xCE78, 0xBDF5, 0xC616, 0xC636, 0xC636, 0xC636, 0xCE37, 0xCE37, 0xCE36,
    0xCE36, 0xCE36, 0xCE36, 0xCE36, 0xCE36, 0xCE36, 0xCE36, 0xCE78, 0xBDD5, 0xC616, 0xC636, 0xCE36,
    0xCE57, 0xCE37, 0xCE36, 0xCE36, 0xCE36, 0xCE37, 0xCE57, 0xCE57, 0xCE57, 0xCE57, 0xCE57, 0xD698,
    0xC5F5, 0xCE36, 0xCE57, 0xCE57, 0xCE37, 0xCE36, 0xCE57, 0xCE57, 0xCE57, 0xCE57, 0xCE57, 0xCE57,
    0xCE57, 0xCE57, 0xCE57, 0xD698, 0xC5F5, 0xCE36, 0xCE37, 0xCE57, 0xCE37, 0xCE57, 0xCE37, 0xCE36,
    0xCE36, 0xCE36, 0xC636, 0xCE36, 0xCE37, 0xCE37, 0xCE57, 0xD678, 0xC5F5, 0xC616, 0xC636, 0xC636,
    0xC636, 0xCE36, 0xC636, 0xC636, 0xCE36, 0xCE36, 0xCE36, 0xCE36, 0xCE36, 0xCE36, 0xCE36, 0xCE77,
    0xBDD5, 0xC616, 0xC636, 0xCE36, 0xCE37, 0xCE36, 0xCE36, 0xCE36, 0xCE36, 0xCE37, 0xCE37, 0xCE57,
    0xCE57, 0xCE57, 0xCE57, 0xD678, 0xC5F5, 0xCE36, 0xCE57, 0xCE57, 0xCE37, 0xCE36, 0xCE36, 0xCE36,
    0xCE37, 0xCE37, 0xCE57, 0xCE57, 0xCE57, 0xCE57, 0xCE57, 0xD678, 0xBDF5, 0xC636, 0xCE36, 0xCE36,
    0xCE37, 0xCE57, 0xCE37, 0xCE36, 0xCE36, 0xCE36, 0xC636, 0xCE36, 0xCE37, 0xCE36, 0xCE37, 0xD678,
    0xC5F5, 0xC636, 0xC636, 0xC636, 0xC636, 0xC636, 0xCE37, 0xC636, 0xCE37, 0xCE36, 0xCE36, 0xCE36,
    0xCE36, 0xCE36, 0xCE36, 0xCE57, 0xBDD5, 0xC616, 0xCE36, 0xCE36, 0xCE36, 0xCE36, 0xC636, 0xC636,
    0xCE37, 0xCE36, 0xCE36, 0xCE37, 0xCE57, 0xCE57, 0xCE57, 0xD678, 0xBDF5, 0xCE36, 0xCE37, 0xCE37,
    0xCE37, 0xCE36, 0xC636, 0xCE36, 0xCE37, 0xCE37, 0xCE36, 0xCE36, 0xCE37, 0xCE57, 0xCE57, 0xD678,
    0xBDD5, 0xC636, 0xCE36, 0xCE36, 0xCE36, 0xCE37, 0xCE37, 0xCE37, 0xCE36, 0xCE36, 0xCE36, 0xCE36,
    0xCE37, 0xCE36, 0xCE37, 0xD678, 0xC5F5, 0xC636, 0xC636, 0xCE36, 0xC636, 0xC636, 0xCE37, 0xCE37,
    0xCE36, 0xCE36, 0xCE36, 0xCE36, 0xCE36, 0xCE36, 0xCE36, 0xCE57, 0xBDB5, 0xC616, 0xC636, 0xCE36,
    0xCE36, 0xCE36, 0xCE36, 0xCE36, 0xCE37, 0xCE36, 0xCE37, 0xCE37, 0xCE57, 0xCE57, 0xCE57, 0xD678,
    0xBDF5, 0xCE36, 0xCE37, 0xCE37, 0xCE37, 0xCE37, 0xCE37, 0xCE37, 0xCE57, 0xCE37, 0xCE36, 0xC636,
    0xCE37, 0xCE37, 0xCE37, 0xCE78, 0xBDD5, 0xC616, 0xCE36, 0xCE36, 0xCE36, 0xCE36, 0xCE36, 0xCE37,
    0xCE37, 0xCE36, 0xCE36, 0xCE37, 0xCE36, 0xCE36, 0xCE37, 0xCE78, 0xC5F5, 0xCE36, 0xCE37, 0xCE37,
    0xCE36, 0xCE36, 0xCE37, 0xCE37, 0xCE36, 0xCE36, 0xCE36, 0xCE36, 0xCE37, 0xCE36, 0xCE37, 0xCE77,
    0xBDD5, 0xC616, 0xC636, 0xC636, 0xCE36, 0xCE36, 0xC636, 0xCE36, 0xCE37, 0xCE57, 0xCE57, 0xCE57,
    0xCE57, 0xCE57, 0xCE57, 0xD698, 0xBDD5, 0xC636, 0xCE37, 0xCE37, 0xCE37, 0xCE37, 0xCE37, 0xCE37,
    0xCE57, 0xCE37, 0xCE37, 0xCE36, 0xCE36, 0xCE36, 0xCE37, 0xCE78, 0xBDD5, 0xC616, 0xC636, 0xCE36,
    0xCE36, 0xCE37, 0xCE36, 0xCE36, 0xCE36, 0xCE36, 0xCE37, 0xCE36, 0xCE36, 0xC636, 0xCE36, 0xCE78,
    0xC5F5, 0xCE36, 0xCE36, 0xCE37, 0xCE57, 0xCE37, 0xCE57, 0xCE57, 0xCE57, 0xCE36, 0xCE36, 0xCE36,
    0xCE36, 0xCE36, 0xCE37, 0xCE57, 0xBDD5, 0xC616, 0xCE36, 0xCE36, 0xCE36, 0xCE36, 0xCE36, 0xC636,
    0xCE36, 0xCE37, 0xCE37, 0xCE57, 0xCE57, 0xCE57, 0xCE57, 0xD678, 0xBDD5, 0xC636, 0xCE37, 0xCE37,
    0xCE36, 0xCE37, 0xCE36, 0xCE36, 0xCE36, 0xCE37, 0xCE37, 0xCE36, 0xCE36, 0xCE36, 0xCE37, 0xCE78,
    0xBDD5, 0xC616, 0xCE36, 0xCE36, 0xCE36, 0xCE36, 0xCE36, 0xCE36, 0xCE37, 0xCE37, 0xCE36, 0xCE36,
    0xCE36, 0xCE37, 0xCE37, 0xCE78, 0xBDF5, 0xC636, 0xC636, 0xC636, 0xCE36, 0xCE36, 0xCE36, 0xCE36,
    0xCE36, 0xCE36, 0xC636, 0xC636, 0xC636, 0xC616, 0xCE36, 0xCE57, 0xBDB4, 0xC616, 0xC616, 0xC616,
    0xCE36, 0xC636, 0xC616, 0xC636, 0xC636, 0xCE36, 0xCE36, 0xCE36, 0xCE37, 0xCE37, 0xCE57, 0xD678,
    0xBDD5, 0xC636, 0xC636, 0xC636, 0xC636, 0xC636, 0xC636, 0xC616, 0xC636, 0xCE36, 0xCE36, 0xC636,
    0xC636, 0xC636, 0xC636, 0xCE77, 0xBDD5, 0xC616, 0xC616, 0xC616, 0xC636, 0xCE36, 0xCE36, 0xCE36,
    0xC636, 0xC636, 0xC636, 0xC636, 0xC616, 0xC636, 0xC636, 0xCE78, 0xBDB4, 0xC5F5, 0xC5F5, 0xC5F5,
    0xC5F5, 0xC5F5, 0xC5F5, 0xC5F6, 0xC5F6, 0xC5F5, 0xC5F5, 0xC5F5, 0xC5F5, 0xC5F5, 0xC5F6, 0xC636,
    0xB5B4, 0xBDD5, 0xBDD5, 0xC5F5, 0xC5F5, 0xC5F5, 0xC5F5, 0xC5F5, 0xC5F5, 0xC5F5, 0xC5F5, 0xC5F6,
    0xC5F6, 0xC5F6, 0xC616, 0xCE37, 0xBDB4, 0xBDF5, 0xC5F5, 0xC5F5, 0xC5F6, 0xC5F5, 0xC5F5, 0xC5F5,
    0xC5F5, 0xC5F5, 0xC5F6, 0xC5F5, 0xC5F5, 0xC5F5, 0xC5F6, 0xC616, 0xBDB4, 0xBDF5, 0xC5F5, 0xC5F5,
    0xC5F5, 0xC5F5, 0xBDD5, 0xBDD5, 0xC5F5, 0xC5F5, 0xC5F5, 0xC5F5, 0xC5F5, 0xBDF5, 0xC5F5, 0xC616,
    0xC5F6, 0xCE37, 0xCE57, 0xCE37, 0xCE37, 0xCE37, 0xCE57, 0xCE57, 0xCE57, 0xCE57, 0xCE37, 0xCE37,
    0xCE57, 0xCE57, 0xCE57, 0xCE78, 0xBDD5, 0xC616, 0xCE36, 0xC636, 0xCE36, 0xCE37, 0xCE37, 0xC636,
    0xC636, 0xCE36, 0xCE37, 0xCE37, 0xCE37, 0xCE57, 0xCE57, 0xCE78, 0xBDD5, 0xC616, 0xCE37, 0xC636,
    0xCE37, 0xC636, 0xC636, 0xCE36, 0xC636, 0xCE36, 0xCE37, 0xCE36, 0xCE36, 0xCE36, 0xCE37, 0xCE57,
    0xBDD5, 0xC636, 0xCE36, 0xCE36, 0xCE36, 0xC636, 0xCE36, 0xC636, 0xC636, 0xCE36, 0xCE36, 0xCE36,
    0xCE36, 0xCE36, 0xCE37, 0xCE57, 0xC5F5, 0xCE36, 0xCE37, 0xCE37, 0xCE57, 0xCE57, 0xCE57, 0xCE57,
    0xCE57, 0xCE57, 0xCE37, 0xCE57, 0xCE57, 0xCE37, 0xCE57, 0xCE78, 0xBDD5, 0xC616, 0xCE36, 0xCE36,
    0xCE36, 0xCE37, 0xCE37, 0xCE36, 0xCE36, 0xCE37, 0xCE37, 0xCE36, 0xCE37, 0xCE37, 0xCE57, 0xD678,
    0xBDD5, 0xC616, 0xC636, 0xC636, 0xC636, 0xCE36, 0xCE36, 0xCE36, 0xCE36, 0xCE36, 0xCE36, 0xCE36,
    0xC636, 0xC616, 0xCE37, 0xCE78, 0xBDD5, 0xC616, 0xC636, 0xCE36, 0xCE36, 0xC636, 0xCE36, 0xCE36,
    0xCE36, 0xCE36, 0xCE36, 0xCE36, 0xCE36, 0xC636, 0xCE36, 0xD678, 0xC5F5, 0xCE36, 0xCE57, 0xCE57,
    0xCE37, 0xCE57, 0xCE57, 0xCE57, 0xCE57, 0xCE57, 0xCE57, 0xCE37, 0xCE57, 0xCE36, 0xCE57, 0xD678,
    0xBDD5, 0xC616, 0xCE36, 0xCE37, 0xCE36, 0xCE36, 0xCE37, 0xCE36, 0xCE36, 0xCE37, 0xCE37, 0xCE36,
    0xCE37, 0xCE37, 0xCE57, 0xD678, 0xBDD5, 0xC616, 0xCE36, 0xC636, 0xC636, 0xC636, 0xCE36, 0xCE36,
    0xCE36, 0xC636, 0xC636, 0xC636, 0xC636, 0xC636, 0xCE36, 0xCE77, 0xBDD5, 0xC616, 0xCE36, 0xCE36,
    0xCE36, 0xC636, 0xCE36, 0xCE36, 0xCE36, 0xCE36, 0xCE36, 0xCE36, 0xCE36, 0xC636, 0xCE36, 0xCE77,
    0xC5F5, 0xCE36, 0xCE37, 0xCE57, 0xCE57, 0xCE57, 0xCE57, 0xCE57, 0xCE57, 0xCE57, 0xCE57, 0xCE37,
    0xCE57, 0xCE37, 0xCE57, 0xD678, 0xBDD5, 0xC636, 0xCE57, 0xCE37, 0xCE37, 0xCE37, 0xCE37, 0xCE37,
    0xCE37, 0xCE37, 0xCE57, 0xCE36, 0xC636, 0xCE36, 0xCE57, 0xD678, 0xBDD5, 0xC616, 0xC636, 0xC636,
    0xC636, 0xC636, 0xC636, 0xCE36, 0xC636, 0xC616, 0xC636, 0xC636, 0xCE36, 0xC636, 0xCE36, 0xCE57,
    0xBDB4, 0xC616, 0xC616, 0xC636, 0xCE36, 0xCE36, 0xCE36, 0xCE36, 0xCE36, 0xCE36, 0xCE36, 0xCE36,
    0xCE36, 0xCE36, 0xCE36, 0xCE77, 0xC5F5, 0xCE36, 0xCE57, 0xCE57, 0xCE57, 0xCE57, 0xCE57, 0xCE57,
    0xCE57, 0xCE57, 0xCE57, 0xCE57, 0xCE57, 0xCE57, 0xCE57, 0xD678, 0xBDD5, 0xCE36, 0xCE37, 0xCE57,
    0xCE57, 0xCE37, 0xCE36, 0xCE37, 0xCE37, 0xCE57, 0xCE37, 0xCE36, 0xC636, 0xCE37, 0xCE57, 0xCE78,
    0xBDD5, 0xC616, 0xC636, 0xC636, 0xCE36, 0xC636, 0xC636, 0xCE36, 0xC636, 0xC636, 0xC636, 0xC616,
    0xC636, 0xC636, 0xCE36, 0xCE57, 0xBDB5, 0xC616, 0xC616, 0xC636, 0xCE36, 0xCE36, 0xCE36, 0xCE36,
    0xCE36, 0xCE36, 0xCE36, 0xCE36, 0xCE36, 0xCE36, 0xCE37, 0xD678, 0xC5F5, 0xCE36, 0xCE37, 0xCE57,
    0xCE57, 0xCE57, 0xCE57, 0xCE57, 0xCE57, 0xCE57, 0xCE57, 0xCE57, 0xCE57, 0xCE57, 0xCE57, 0xD678,
    0xBDD5, 0xCE36, 0xCE37, 0xCE57, 0xCE37, 0xCE37, 0xCE37, 0xCE36, 0xCE37, 0xCE37, 0xCE37, 0xCE36,
    0xC636, 0xCE36, 0xCE57, 0xCE77, 0xBDD5, 0xC616, 0xC636, 0xC636, 0xC636, 0xC636, 0xC636, 0xCE36,
    0xCE36, 0xC636, 0xC636, 0xC616, 0xC616, 0xC616, 0xCE36, 0xCE77, 0xBDD5, 0xC616, 0xC616, 0xC636,
    0xCE36, 0xCE36, 0xC636, 0xCE36, 0xC636, 0xC636, 0xCE36, 0xCE36, 0xCE36, 0xCE36, 0xCE36, 0xCE77,
    0xBDF5, 0xCE36, 0xCE57, 0xCE57, 0xCE37, 0xCE57, 0xCE57, 0xCE57, 0xCE57, 0xCE57, 0xCE57, 0xCE57,
    0xCE57, 0xCE57, 0xCE57, 0xD678, 0xBDD5, 0xC636, 0xCE37, 0xCE37, 0xCE57, 0xCE37, 0xCE36, 0xCE36,
    0xCE36, 0xC636, 0xCE37, 0xCE37, 0xCE36, 0xCE36, 0xCE37, 0xCE77, 0xBDD5, 0xC616, 0xC636, 0xC636,
    0xC636, 0xC636, 0xC636, 0xCE36, 0xCE36, 0xC636, 0xC616, 0xC636, 0xC616, 0xC616, 0xCE36, 0xCE77,
    0xBDB5, 0xC616, 0xC636, 0xCE36, 0xCE36, 0xCE36, 0xCE36, 0xCE36, 0xC636, 0xC636, 0xCE36, 0xCE36,
    0xC636, 0xC636, 0xCE37, 0xCE77, 0xBDD5, 0xC636, 0xCE37, 0xCE57, 0xCE57, 0xCE37, 0xCE57, 0xCE57,
    0xCE57, 0xCE57, 0xCE57, 0xCE57, 0xCE57, 0xCE57, 0xCE57, 0xCE78, 0xBDD5, 0xCE36, 0xCE36, 0xCE37,
    0xCE57, 0xCE57, 0xCE36, 0xCE36, 0xCE37, 0xCE37, 0xCE37, 0xCE37, 0xCE36, 0xCE36, 0xCE37, 0xCE77,
    0xBDB5, 0xC616, 0xC636, 0xC636, 0xC616, 0xC616, 0xC616, 0xC636, 0xCE36, 0xC636, 0xC636, 0xC636,
    0xC636, 0xC636, 0xCE36, 0xCE77, 0xBDD5, 0xC616, 0xC636, 0xCE36, 0xC636, 0xC636, 0xC636, 0xC636,
    0xCE36, 0xC636, 0xC636, 0xC636, 0xCE36, 0xC636, 0xCE37, 0xD677, 0xC5F5, 0xCE36, 0xCE57, 0xCE57,
    0xCE57, 0xCE57, 0xCE57, 0xCE57, 0xCE57, 0xCE57, 0xCE57, 0xCE57, 0xCE57, 0xCE37, 0xCE57, 0xCE78,
    0xBDB4, 0xC636, 0xCE36, 0xCE37, 0xCE37, 0xCE57, 0xCE36, 0xCE37, 0xCE57, 0xCE57, 0xCE37, 0xCE36,
    0xCE36, 0xCE36, 0xCE36, 0xCE57, 0xBDB5, 0xC616, 0xC636, 0xC636, 0xC616, 0xC636, 0xC636, 0xC616,
    0xCE36, 0xCE36, 0xCE36, 0xCE36, 0xCE36, 0xCE36, 0xCE36, 0xCE78, 0xBDD5, 0xC616, 0xC636, 0xC636,
    0xC636, 0xCE36, 0xC636, 0xC636, 0xC636, 0xCE36, 0xCE36, 0xC636, 0xCE36, 0xC636, 0xCE36, 0xCE77,
    0xC5F5, 0xCE57, 0xCE57, 0xCE37, 0xCE57, 0xCE57, 0xCE57, 0xCE57, 0xCE57, 0xCE57, 0xCE57, 0xCE37,
    0xCE57, 0xCE57, 0xCE57, 0xD678, 0xBDD4, 0xC616, 0xCE37, 0xCE37, 0xCE57, 0xCE57, 0xCE37, 0xCE37,
    0xCE57, 0xCE37, 0xCE36, 0xCE36, 0xCE36, 0xCE36, 0xCE36, 0xCE77, 0xBDD5, 0xC616, 0xC616, 0xC636,
    0xC616, 0xCE36, 0xCE36, 0xC636, 0xCE36, 0xCE36, 0xC616, 0xCE36, 0xCE36, 0xCE36, 0xCE36, 0xCE77,
    0xBDB4, 0xC616, 0xC636, 0xCE36, 0xC636, 0xC636, 0xC616, 0xC636, 0xCE36, 0xCE36, 0xC636, 0xCE36,
    0xCE36, 0xC636, 0xCE36, 0xD677, 0xC5F6, 0xCE57, 0xCE57, 0xCE37, 0xCE36, 0xCE57, 0xCE57, 0xCE57,
    0xCE57, 0xCE57, 0xCE37, 0xCE36, 0xCE57, 0xCE57, 0xCE57, 0xD678, 0xBDD5, 0xC616, 0xCE37, 0xCE37,
    0xCE37, 0xCE37, 0xCE36, 0xCE37, 0xCE57, 0xCE37, 0xCE36, 0xCE36, 0xCE36, 0xC636, 0xCE36, 0xCE77,
    0xBDD5, 0xC616, 0xC636, 0xC636, 0xC636, 0xC616, 0xC636, 0xC636, 0xCE36, 0xCE36, 0xC616, 0xCE36,
    0xCE36, 0xCE36, 0xCE36, 0xCE57, 0xBDB4, 0xC616, 0xCE36, 0xCE36, 0xCE36, 0xC636, 0xC636, 0xC636,
    0xC636, 0xCE36, 0xCE36, 0xCE36, 0xC636, 0xC636, 0xCE36, 0xCE77, 0xC5F5, 0xCE37, 0xCE36, 0xCE37,
    0xCE36, 0xCE57, 0xCE37, 0xCE57, 0xCE57, 0xCE57, 0xCE37, 0xCE37, 0xCE57, 0xCE36, 0xCE57, 0xD678,
    0xBDD5, 0xC616, 0xCE37, 0xCE36, 0xCE36, 0xCE36, 0xCE36, 0xC636, 0xCE37, 0xCE36, 0xC636, 0xC616,
    0xC636, 0xC636, 0xCE36, 0xCE57, 0xBDB4, 0xC616, 0xC636, 0xCE36, 0xCE36, 0xC636, 0xC636, 0xC616,
    0xCE36, 0xCE36, 0xCE36, 0xCE36, 0xC636, 0xCE36, 0xCE36, 0xCE77, 0xBDB4, 0xC616, 0xC636, 0xC636,
    0xCE36, 0xCE36, 0xC636, 0xC636, 0xCE36, 0xCE36, 0xC616, 0xC636, 0xC636, 0xC636, 0xC636, 0xCE57,
    0xC5F5, 0xCE36, 0xCE37, 0xCE37, 0xCE37, 0xCE37, 0xCE37, 0xCE57, 0xCE37, 0xCE57, 0xCE37, 0xCE37,
    0xCE57, 0xCE36, 0xCE37, 0xCE77, 0xBDD5, 0xC616, 0xCE36, 0xCE36, 0xCE36, 0xCE36, 0xCE36, 0xC616,
    0xCE36, 0xCE36, 0xC616, 0xC616, 0xC636, 0xCE36, 0xCE36, 0xCE57, 0xBDD5, 0xC616, 0xC616, 0xC636,
    0xCE36, 0xC636, 0xCE36, 0xC636, 0xC636, 0xCE36, 0xCE36, 0xCE36, 0xCE36, 0xCE36, 0xCE57, 0xD678,
    0xBDD5, 0xC616, 0xCE36, 0xCE36, 0xCE36, 0xC636, 0xC636, 0xC636, 0xCE37, 0xC636, 0xC636, 0xC636,
    0xCE36, 0xCE36, 0xCE36, 0xCE57, 0xBDD5, 0xC636, 0xCE36, 0xCE36, 0xCE37, 0xCE57, 0xCE37, 0xCE37,
    0xCE57, 0xCE37, 0xCE37, 0xCE36, 0xCE36, 0xCE36, 0xCE37, 0xD678, 0xBDD5, 0xC616, 0xC636, 0xCE36,
    0xCE36, 0xCE36, 0xC636, 0xC616, 0xC636, 0xC636, 0xC616, 0xC636, 0xCE36, 0xC636, 0xCE36, 0xCE57,
    0xBDD5, 0xC616, 0xC616, 0xC616, 0xC636, 0xCE36, 0xC636, 0xC616, 0xC636, 0xCE36, 0xC636, 0xC636,
    0xC636, 0xCE36, 0xCE37, 0xD678, 0xBDD5, 0xC616, 0xCE36, 0xCE37, 0xCE36, 0xCE36, 0xC636, 0xCE36,
    0xCE36, 0xC636, 0xC636, 0xC636, 0xCE36, 0xCE36, 0xCE36, 0xCE57, 0xBDD5, 0xC616, 0xC616, 0xC636,
    0xCE36, 0xCE36, 0xCE36, 0xC636, 0xCE36, 0xCE36, 0xCE36, 0xCE36, 0xCE36, 0xCE36, 0xCE37, 0xCE78,
    0xBDD5, 0xC616, 0xC616, 0xC636, 0xC616, 0xC616, 0xC616, 0xC616, 0xC616, 0xC616, 0xC616, 0xC616,
    0xC616, 0xC616, 0xCE36, 0xCE57, 0xBDB4, 0xC616, 0xC616, 0xC616, 0xC616, 0xC616, 0xC616, 0xC616,
    0xC616, 0xC616, 0xC616, 0xC616, 0xC616, 0xC616, 0xCE36, 0xCE77, 0xBDD5, 0xC616, 0xC636, 0xC636,
    0xC636, 0xC636, 0xC636, 0xC616, 0xC636, 0xC616, 0xC616, 0xC616, 0xC616, 0xC616, 0xCE36, 0xCE57,
    0xBDB4, 0xC5F6, 0xC5F5, 0xC5F5, 0xC5F5, 0xC5F6, 0xC616, 0xC616, 0xC616, 0xC616, 0xC5F6, 0xC5F6,
    0xC616, 0xC616, 0xC616, 0xCE37, 0xBDB4, 0xC5F5, 0xC5F6, 0xC5F6, 0xC5F5, 0xC5F5, 0xBDD5, 0xBDF5,
    0xC5F5, 0xC5F5, 0xC5F5, 0xC5F6, 0xC5F6, 0xC5F6, 0xC5F6, 0xC616, 0xB594, 0xBDD5, 0xBDD5, 0xC5F5,
    0xC5F6, 0xC5F5, 0xC5F5, 0xC5F5, 0xC5F5, 0xC5F5, 0xC5F5, 0xC5F5, 0xC5F5, 0xC5F5, 0xC5F6, 0xCE37,
    0xBDB4, 0xC5F5, 0xBDF5, 0xC5F5, 0xC5F5, 0xC5F5, 0xC5F6, 0xC5F5, 0xC5F5, 0xC5F5, 0xBDD5, 0xBDF5,
    0xC5F5, 0xC5F5, 0xC5F5, 0xC636,
};
#define POOLS_CEILING_MIP2_SIZE 32
static const uint16_t POOLS_CEILING_MIP2_PIXELS[1024] __attribute__((aligned(16))) = {
    0xC5F6, 0xC636, 0xC636, 0xC637, 0xCE57, 0xCE57, 0xCE57, 0xD678, 0xC616, 0xCE57, 0xCE37, 0xC636,
    0xC636, 0xC636, 0xC636, 0xCE57, 0xBDD5, 0xC616, 0xC616, 0xC616, 0xC616, 0xC616, 0xC616, 0xCE37,
    0xC5F5, 0xC616, 0xCE36, 0xCE36, 0xCE37, 0xCE37, 0xCE37, 0xCE57, 0xC5F6, 0xC636, 0xC636, 0xC636,
    0xCE57, 0xCE57, 0xCE57, 0xCE77, 0xC5F6, 0xC636, 0xC636, 0xC616, 0xC616, 0xC616, 0xC616, 0xCE37,
    0xBDD5, 0xC616, 0xC616, 0xC616, 0xC616, 0xC616, 0xC616, 0xCE37, 0xC5F5, 0xC616, 0xC636, 0xC636,
    0xCE36, 0xCE37, 0xCE37, 0xCE77, 0xC5F6, 0xC636, 0xC636, 0xC636, 0xC637, 0xCE57, 0xCE57, 0xCE77,
    0xC5F6, 0xC616, 0xC616, 0xC616, 0xC616, 0xC616, 0xC616, 0xCE37, 0xBDF5, 0xC616, 0xC616, 0xC616,
    0xC616, 0xC616, 0xC616, 0xCE57, 0xBDF5, 0xC616, 0xC636, 0xC636, 0xCE36, 0xCE37, 0xCE57, 0xCE57,
    0xC5F6, 0xC636, 0xCE37, 0xCE37, 0xCE37, 0xC637, 0xCE37, 0xCE57, 0xBDF5, 0xC616, 0xC636, 0xC616,
    0xC636, 0xC616, 0xC616, 0xCE57, 0xC5F5, 0xC636, 0xC636, 0xC616, 0xC616, 0xC616, 0xC616, 0xCE37,
    0xC5F5, 0xC616, 0xC636, 0xCE36, 0xCE36, 0xCE57, 0xCE57, 0xCE77, 0xBDF5, 0xC636, 0xC637, 0xCE37,
    0xCE37, 0xCE37, 0xC637, 0xCE57, 0xC5F5, 0xCE36, 0xCE36, 0xCE36, 0xCE36, 0xCE36, 0xCE36, 0xCE57,
    0xC5F5, 0xC636, 0xC636, 0xC616, 0xC616, 0xC616, 0xC616, 0xCE37, 0xBDF5, 0xC636, 0xCE36, 0xCE36,
    0xCE57, 0xCE57, 0xCE57, 0xCE77, 0xBDF5, 0xC636, 0xC637, 0xC636, 0xCE37, 0xC636, 0xCE36, 0xCE57,
    0xC5F5, 0xC616, 0xC636, 0xC636, 0xCE36, 0xCE37, 0xCE36, 0xCE57, 0xC5F5, 0xC616, 0xC636, 0xC636,
    0xC616, 0xC616, 0xC616, 0xCE37, 0xBDD5, 0xC636, 0xCE36, 0xCE37, 0xCE37, 0xCE57, 0xCE57, 0xCE77,
    0xC5F6, 0xC616, 0xCE37, 0xCE37, 0xCE37, 0xCE37, 0xCE37, 0xCE57, 0xC5F5, 0xC636, 0xCE36, 0xCE36,
    0xCE37, 0xCE37, 0xCE36, 0xCE57, 0xC5F5, 0xC616, 0xC636, 0xC636, 0xC636, 0xC616, 0xC616, 0xCE37,
    0xC5F5, 0xC636, 0xCE36, 0xCE57, 0xCE57, 0xCE57, 0xCE57, 0xCE77, 0xBDD5, 0xC5F5, 0xC5F6, 0xC616,
    0xC616, 0xC616, 0xC616, 0xC636, 0xBDD5, 0xC616, 0xC616, 0xC5F5, 0xC616, 0xC616, 0xC616, 0xCE36,
    0xBDD5, 0xC5F6, 0xC616, 0xC5F6, 0xC616, 0xC5F6, 0xC5F5, 0xC616, 0xBDD5, 0xC5F6, 0xC616, 0xC616,
    0xC616, 0xC616, 0xC616, 0xCE37, 0xC5F6, 0xC636, 0xC616, 0xC636, 0xCE37, 0xCE36, 0xCE36, 0xCE57,
    0xC5F6, 0xCE36, 0xCE57, 0xCE37, 0xCE37, 0xCE57, 0xCE57, 0xCE77, 0xC616, 0xCE37, 0xCE36, 0xC636,
    0xC636, 0xC636, 0xC616, 0xCE37, 0xBDF5, 0xC616, 0xC636, 0xC636, 0xC636, 0xCE36, 0xC636, 0xCE57,
    0xC5F6, 0xC636, 0xC636, 0xCE36, 0xCE37, 0xCE36, 0xCE36, 0xCE57, 0xC5F5, 0xCE36, 0xCE57, 0xCE37,
    0xCE37, 0xCE57, 0xCE57, 0xCE77, 0xC5F6, 0xCE37, 0xCE37, 0xC636, 0xC636, 0xC636, 0xC616, 0xCE37,
    0xBDD5, 0xC616, 0xC636, 0xC636, 0xC636, 0xC636, 0xCE36, 0xCE57, 0xC615, 0xC636, 0xCE36, 0xCE36,
    0xCE36, 0xCE36, 0xCE36, 0xCE57, 0xC5F5, 0xCE37, 0xCE57, 0xCE57, 0xCE57, 0xCE57, 0xCE57, 0xCE78,
    0xC5F6, 0xCE37, 0xCE37, 0xCE37, 0xCE37, 0xC636, 0xC636, 0xCE57, 0xC5F5, 0xC636, 0xCE36, 0xCE36,
    0xCE36, 0xC636, 0xCE36, 0xCE57, 0xC5F5, 0xC636, 0xCE36, 0xCE36, 0xCE36, 0xCE37, 0xCE37, 0xCE57,
    0xC616, 0xCE57, 0xCE57, 0xCE57, 0xCE57, 0xCE57, 0xCE57, 0xD677, 0xC5F5, 0xCE37, 0xCE37, 0xCE37,
    0xCE37, 0xC616, 0xC636, 0xCE57, 0xBDF5, 0xC636, 0xC636, 0xC636, 0xC636, 0xC636, 0xCE36, 0xCE57,
    0xC5F5, 0xC636, 0xC636, 0xCE36, 0xCE36, 0xCE36, 0xCE37, 0xCE77, 0xC616, 0xCE57, 0xCE57, 0xCE37,
    0xCE57, 0xCE36, 0xCE37, 0xCE77, 0xC5F6, 0xCE37, 0xCE37, 0xCE36, 0xCE36, 0xC636, 0xCE36, 0xCE57,
    0xC5F5, 0xCE36, 0xCE36, 0xC636, 0xC616, 0xC636, 0xC636, 0xCE57, 0xC5F5, 0xC636, 0xCE36, 0xCE37,
    0xCE36, 0xCE36, 0xCE37, 0xCE77, 0xC616, 0xCE57, 0xCE57, 0xCE37, 0xCE36, 0xCE37, 0xCE37, 0xCE57,
    0xC5F5, 0xC636, 0xCE37, 0xCE37, 0xCE36, 0xCE36, 0xCE36, 0xCE57, 0xC5F5, 0xCE36, 0xCE36, 0xC616,
    0xC636, 0xC616, 0xC636, 0xCE57, 0xC5F6, 0xCE36, 0xCE36, 0xCE36, 0xCE36, 0xCE36, 0xCE37, 0xCE57,
    0xC616, 0xCE57, 0xCE57, 0xCE57, 0xCE36, 0xCE36, 0xCE36, 0xCE57, 0xC5F5, 0xC636, 0xCE37, 0xCE36,
    0xCE37, 0xCE37, 0xCE37, 0xCE77, 0xC5F5, 0xCE36, 0xCE36, 0xC636, 0xC636, 0xCE36, 0xC636, 0xCE57,
    0xBDD5, 0xC5F6, 0xC5F5, 0xC616, 0xC616, 0xC616, 0xC616, 0xCE37, 0xBDD5, 0xC616, 0xC616, 0xC616,
    0xC616, 0xC616, 0xC616, 0xC616, 0xBDD5, 0xC5F6, 0xC5F6, 0xC5F6, 0xC616, 0xC616, 0xC616, 0xCE37,
    0xBDD5, 0xC5F6, 0xC5F6, 0xC5F5, 0xC5F5, 0xC5F5, 0xC5F5, 0xC616, 0xC5F6, 0xC616, 0xC636, 0xCE36,
    0xCE37, 0xCE37, 0xCE37, 0xCE57, 0xC5F6, 0xCE36, 0xCE37, 0xCE36, 0xCE37, 0xCE36, 0xCE36, 0xCE57,
    0xC5F6, 0xCE36, 0xCE37, 0xCE36, 0xCE36, 0xCE37, 0xCE57, 0xCE77, 0xC616, 0xC636, 0xCE36, 0xC636,
    0xC636, 0xC636, 0xCE36, 0xCE57, 0xC5F5, 0xC636, 0xC636, 0xCE36, 0xCE37, 0xCE36, 0xCE36, 0xCE57,
    0xC5F6, 0xCE37, 0xCE36, 0xCE37, 0xCE37, 0xCE37, 0xCE36, 0xCE57, 0xC5F5, 0xCE36, 0xCE36, 0xCE36,
    0xCE57, 0xCE37, 0xCE57, 0xD677, 0xC616, 0xCE37, 0xCE37, 0xC636, 0xC636, 0xCE36, 0xCE36, 0xCE57,
    0xC5F6, 0xC636, 0xC636, 0xC636, 0xCE37, 0xCE36, 0xCE36, 0xCE57, 0xC5F5, 0xCE36, 0xCE37, 0xCE37,
    0xCE37, 0xCE37, 0xCE36, 0xCE57, 0xC5F6, 0xCE37, 0xCE36, 0xCE37, 0xCE57, 0xCE57, 0xCE57, 0xCE77,
    0xC616, 0xCE57, 0xCE37, 0xC636, 0xCE36, 0xC636, 0xCE36, 0xCE57, 0xC5F6, 0xC636, 0xC636, 0xC636,
    0xCE36, 0xCE36, 0xCE36, 0xCE57, 0xC5F5, 0xCE36, 0xCE37, 0xCE37, 0xCE37, 0xCE37, 0xCE57, 0xCE57,
    0xC5F6, 0xCE37, 0xCE36, 0xCE37, 0xCE57, 0xCE37, 0xCE57, 0xCE77, 0xC5F6, 0xCE57, 0xCE57, 0xCE37,
    0xCE36, 0xCE36, 0xCE36, 0xCE57, 0xC5F6, 0xC636, 0xC636, 0xCE36, 0xCE36, 0xCE36, 0xCE36, 0xCE57,
    0xC5F5, 0xC636, 0xCE37, 0xCE36, 0xCE36, 0xCE37, 0xCE57, 0xCE77, 0xC616, 0xCE57, 0xCE36, 0xCE37,
    0xCE37, 0xCE57, 0xCE57, 0xCE77, 0xC616, 0xCE37, 0xCE37, 0xCE36, 0xCE36, 0xC636, 0xCE36, 0xCE57,
    0xC616, 0xC636, 0xC636, 0xC636, 0xCE36, 0xCE36, 0xCE36, 0xCE57, 0xC5F5, 0xCE36, 0xCE36, 0xC636,
    0xCE36, 0xCE37, 0xCE57, 0xCE77, 0xC616, 0xCE37, 0xCE36, 0xCE36, 0xCE37, 0xC636, 0xCE37, 0xCE57,
    0xC5F6, 0xCE36, 0xCE36, 0xCE36, 0xCE36, 0xCE36, 0xCE36, 0xCE57, 0xC616, 0xCE36, 0xCE36, 0xCE37,
    0xCE36, 0xCE36, 0xCE36, 0xCE57, 0xC5F5, 0xC636, 0xCE36, 0xC636, 0xCE37, 0xCE57, 0xCE57, 0xCE78,
    0xC5F6, 0xCE37, 0xCE37, 0xCE36, 0xCE36, 0xCE36, 0xCE36, 0xCE57, 0xC5F5, 0xC636, 0xCE36, 0xCE36,
    0xCE36, 0xCE36, 0xCE36, 0xCE57, 0xBDF5, 0xC616, 0xC616, 0xC616, 0xC616, 0xC616, 0xC616, 0xC636,
    0xBDD5, 0xC5F6, 0xC616, 0xC616, 0xC616, 0xC616, 0xC616, 0xCE37, 0xBDD5, 0xC616, 0xC616, 0xC5F6,
    0xC616, 0xC616, 0xC616, 0xC636, 0xBDD5, 0xC616, 0xC616, 0xC616, 0xC616, 0xC616, 0xC5F6, 0xC636,
    0xC616, 0xCE37, 0xCE37, 0xCE57, 0xCE57, 0xCE37, 0xCE57, 0xCE57, 0xC5F5, 0xCE36, 0xCE36, 0xCE36,
    0xCE36, 0xCE37, 0xCE37, 0xCE57, 0xC5F6, 0xC636, 0xC636, 0xC636, 0xC636, 0xCE36, 0xC636, 0xCE57,
    0xC5F6, 0xC636, 0xC636, 0xCE36, 0xCE36, 0xCE36, 0xC636, 0xCE57, 0xC616, 0xCE37, 0xCE57, 0xCE57,
    0xCE57, 0xCE37, 0xCE37, 0xCE57, 0xC5F5, 0xCE36, 0xCE36, 0xCE36, 0xCE36, 0xCE36, 0xCE36, 0xCE57,
    0xBDF5, 0xC636, 0xC636, 0xCE36, 0xC636, 0xC636, 0xC636, 0xCE57, 0xBDD5, 0xC616, 0xC636, 0xCE36,
    0xCE36, 0xCE36, 0xCE36, 0xCE57, 0xC616, 0xCE57, 0xCE57, 0xCE57, 0xCE57, 0xCE57, 0xCE57, 0xCE57,
    0xC616, 0xCE37, 0xCE37, 0xCE36, 0xCE37, 0xCE36, 0xC636, 0xCE57, 0xC5F5, 0xC636, 0xC636, 0xC636,
    0xC636, 0xC616, 0xC616, 0xCE57, 0xBDF5, 0xC616, 0xCE36, 0xC636, 0xC636, 0xCE36, 0xCE36, 0xCE57,
    0xC616, 0xCE37, 0xCE37, 0xCE57, 0xCE57, 0xCE57, 0xCE57, 0xCE57, 0xC5F5, 0xCE37, 0xCE37, 0xCE36,
    0xCE36, 0xCE37, 0xCE36, 0xCE57, 0xBDF5, 0xC636, 0xC616, 0xC636, 0xC636, 0xC616, 0xC616, 0xCE57,
    0xC5F5, 0xC636, 0xC636, 0xC636, 0xC636, 0xC636, 0xC636, 0xCE57, 0xC616, 0xCE37, 0xCE57, 0xCE57,
    0xCE57, 0xCE57, 0xCE57, 0xCE57, 0xC5F5, 0xCE37, 0xCE37, 0xCE36, 0xCE37, 0xCE36, 0xCE36, 0xCE57,
    0xBDF5, 0xC616, 0xC616, 0xC636, 0xCE36, 0xC636, 0xCE36, 0xCE57, 0xC5F5, 0xC636, 0xC636, 0xC636,
    0xC636, 0xC636, 0xC636, 0xCE57, 0xC616, 0xCE37, 0xCE37, 0xCE57, 0xCE57, 0xCE37, 0xCE36, 0xCE57,
    0xC5F5, 0xCE36, 0xCE36, 0xCE36, 0xCE37, 0xC636, 0xC636, 0xCE57, 0xC5F5, 0xC636, 0xC636, 0xC616,
    0xCE36, 0xC636, 0xC636, 0xCE57, 0xBDD5, 0xC636, 0xC636, 0xC636, 0xC636, 0xC636, 0xC636, 0xCE37,
    0xC616, 0xCE36, 0xCE37, 0xCE37, 0xCE37, 0xCE36, 0xCE36, 0xCE57, 0xC5F5, 0xCE36, 0xCE36, 0xC616,
    0xC636, 0xC616, 0xC636, 0xCE37, 0xC5F5, 0xC616, 0xC636, 0xC636, 0xC636, 0xC636, 0xC636, 0xCE57,
    0xC5F5, 0xCE36, 0xCE36, 0xC636, 0xC636, 0xC636, 0xCE36, 0xCE37, 0xBDD5, 0xC616, 0xC616, 0xC616,
    0xC616, 0xC616, 0xC616, 0xCE37, 0xBDD5, 0xC616, 0xC5F6, 0xC5F6, 0xC5F5, 0xC616, 0xC616, 0xC636,
    0xBDB5, 0xC5F6, 0xC616, 0xC5F6, 0xC5F6, 0xC616, 0xC616, 0xCE36, 0xBDD5, 0xC616, 0xC616, 0xC616,
    0xC5F6, 0xC5F5, 0xC5F6, 0xC616,
};
#define POOLS_CEILING_MIP3_SIZE 16
static const uint16_t POOLS_CEILING_MIP3_PIXELS[256] __attribute__((aligned(16))) = {
    0xC616, 0xC636, 0xCE57, 0xCE57, 0xC616, 0xC636, 0xC636, 0xC636, 0xC5F5, 0xC616, 0xC616, 0xC636,
    0xC5F5, 0xC636, 0xCE36, 0xCE57, 0xC616, 0xC636, 0xC637, 0xCE57, 0xC616, 0xC616, 0xC616, 0xCE36,
    0xC5F6, 0xC616, 0xC616, 0xC636, 0xC616, 0xC636, 0xCE36, 0xCE57, 0xC616, 0xC636, 0xCE36, 0xCE37,
    0xC616, 0xC636, 0xCE36, 0xCE37, 0xC616, 0xC616, 0xC616, 0xC636, 0xC5F6, 0xCE36, 0xCE37, 0xCE57,
    0xC5F5, 0xC616, 0xC616, 0xC636, 0xC5F6, 0xC616, 0xC636, 0xCE36, 0xC5F5, 0xC616, 0xC616, 0xC616,
    0xC5F6, 0xC616, 0xC636, 0xCE37, 0xC616, 0xC636, 0xCE36, 0xCE57, 0xC616, 0xCE37, 0xCE37, 0xCE57,
    0xC616, 0xC636, 0xC636, 0xC636, 0xC5F6, 0xC636, 0xC636, 0xCE37, 0xC616, 0xCE36, 0xCE36, 0xCE57,
    0xC616, 0xCE57, 0xCE57, 0xCE57, 0xC616, 0xCE37, 0xC636, 0xCE37, 0xC616, 0xC636, 0xC636, 0xCE37,
    0xC616, 0xCE36, 0xCE36, 0xCE57, 0xC636, 0xCE57, 0xCE36, 0xCE57, 0xC616, 0xCE36, 0xCE36, 0xCE57,
    0xC616, 0xC636, 0xC616, 0xCE37, 0xC5F6, 0xC616, 0xC636, 0xCE36, 0xC616, 0xC636, 0xC616, 0xC636,
    0xC5F6, 0xC616, 0xC616, 0xCE37, 0xC5F6, 0xC616, 0xC616, 0xC616, 0xC616, 0xC636, 0xCE37, 0xCE57,
    0xC616, 0xCE36, 0xCE36, 0xCE57, 0xC616, 0xCE36, 0xCE37, 0xCE57, 0xC616, 0xC636, 0xC636, 0xCE37,
    0xC616, 0xC636, 0xCE36, 0xCE37, 0xC616, 0xCE37, 0xCE37, 0xCE57, 0xC616, 0xCE37, 0xCE37, 0xCE57,
    0xC636, 0xCE37, 0xC636, 0xCE37, 0xC616, 0xC636, 0xCE36, 0xCE36, 0xC616, 0xCE36, 0xCE36, 0xCE57,
    0xC616, 0xCE36, 0xCE36, 0xCE57, 0xC616, 0xCE36, 0xC636, 0xCE37, 0xC616, 0xC636, 0xC616, 0xC636,
    0xC5F5, 0xC616, 0xC636, 0xCE37, 0xC616, 0xC616, 0xC636, 0xC636, 0xC5F6, 0xC616, 0xC616, 0xC636,
    0xC636, 0xCE37, 0xCE37, 0xCE57, 0xC616, 0xCE36, 0xCE36, 0xCE57, 0xC616, 0xC636, 0xC636, 0xCE36,
    0xC616, 0xC636, 0xCE36, 0xCE36, 0xC636, 0xCE57, 0xCE57, 0xCE57, 0xC616, 0xCE36, 0xCE36, 0xCE37,
    0xC616, 0xC636, 0xC616, 0xCE36, 0xC5F6, 0xC636, 0xC636, 0xCE37, 0xC636, 0xCE57, 0xCE37, 0xCE57,
    0xC616, 0xCE36, 0xCE36, 0xCE36, 0xC5F6, 0xC616, 0xC636, 0xCE36, 0xC616, 0xC636, 0xC636, 0xCE36,
    0xC616, 0xC636, 0xC636, 0xCE37, 0xC5F6, 0xC616, 0xC616, 0xC616, 0xC5F5, 0xC616, 0xC616, 0xC636,
    0xC5F6, 0xC616, 0xC616, 0xC616,
};
#endif /* BACKROOMS_GENERATED_POOLS_CEILING_H */
