/* Generated by tools/convert_textures.py. Do not edit manually. */
#ifndef BACKROOMS_GENERATED_POOLS_WATER_H
#define BACKROOMS_GENERATED_POOLS_WATER_H
#include <stdint.h>
#define POOLS_WATER_WIDTH 128
#define POOLS_WATER_HEIGHT 128
static const uint16_t POOLS_WATER_PIXELS[16384] __attribute__((aligned(16))) = {
    0x6DF7, 0x65D6, 0x5DB5, 0x5595, 0x5595, 0x5595, 0x5595, 0x5DB5, 0x5DD6, 0x65F6, 0x65F6, 0x6E17,
    0x6E17, 0x6E17, 0x7617, 0x6E17, 0x65D6, 0x5DB5, 0x5595, 0x5DB5, 0x6DF6, 0x7617, 0x7617, 0x6DF7,
    0x65D6, 0x5DD6, 0x5DD6, 0x5DD6, 0x5DD6, 0x65D6, 0x65F7, 0x65F6, 0x5DB6, 0x5DB5, 0x5D95, 0x5D95,
    0x5DB5, 0x5DB5, 0x65D6, 0x65D6, 0x65D6, 0x65D6, 0x65D6, 0x65D6, 0x65D6, 0x65D6, 0x5D95, 0x5575,
    0x5574, 0x5574, 0x5574, 0x5574, 0x5595, 0x5DB5, 0x65D6, 0x65D6, 0x5DB6, 0x55B5, 0x5595, 0x5DB5,
    0x5DB5, 0x5DB5, 0x5DD6, 0x5DD6, 0x65F6, 0x65F6, 0x6DF6, 0x6DF7, 0x6DF6, 0x65F6, 0x65D6, 0x65D6,
    0x65F6, 0x6DF6, 0x65F6, 0x65D6, 0x5DB6, 0x5DB5, 0x5575, 0x5575, 0x5575, 0x5575, 0x5575, 0x5D95,
    0x65D6, 0x65D6, 0x5DB5, 0x5DB5, 0x5DB5, 0x5DB5, 0x65D6, 0x65D6, 0x65D6, 0x5DD6, 0x5DB6, 0x65D6,
    0x6DF7, 0x6E17, 0x65D6, 0x5DD6, 0x5DB6, 0x5DB5, 0x5DB5, 0x5DD6, 0x65D6, 0x65D6, 0x65D6, 0x65D6,
    0x65D6, 0x65F6, 0x7617, 0x7617, 0x65D6, 0x5D95, 0x5595, 0x5595, 0x5DB5, 0x5DB6, 0x5DB6, 0x5DB6,
    0x5DB5, 0x5D95, 0x5595, 0x5595, 0x5595, 0x5DB5, 0x65D6, 0x65F6, 0x6DF6, 0x65D6, 0x5DB5, 0x5D95,
    0x5595, 0x5595, 0x5595, 0x5DB5, 0x5DD6, 0x65D6, 0x65F6, 0x6E17, 0x6E17, 0x6E17, 0x6E17, 0x6DF7,
    0x65D6, 0x5DD6, 0x5DB5, 0x5DB6, 0x6DF6, 0x6DF7, 0x7617, 0x6DF7, 0x6DF6, 0x65D6, 0x65D6, 0x5DD6,
    0x5DD6, 0x65D6, 0x6DF7, 0x6DF6, 0x65D6, 0x5DB5, 0x5D95, 0x5D95, 0x5DB5, 0x5DB5, 0x65D6, 0x65D6,
    0x65F6, 0x65D6, 0x65D6, 0x65D6, 0x65D6, 0x5DB6, 0x5D95, 0x5575, 0x5574, 0x5574, 0x5574, 0x5595,
    0x5D95, 0x5DB5, 0x65D6, 0x65D6, 0x5DD6, 0x5DB5, 0x5DB5, 0x5DB5, 0x5DB5, 0x5DB5, 0x5DB5, 0x5DD6,
    0x65D6, 0x65D6, 0x65D6, 0x65F6, 0x65F6, 0x65F6, 0x65F6, 0x65F6, 0x6DF6, 0x6DF6, 0x65F6, 0x65D6,
    0x65D6, 0x5DB5, 0x5D95, 0x5D95, 0x5595, 0x5595, 0x5595, 0x5D95, 0x5DB6, 0x65D6, 0x5DB5, 0x5DB5,
    0x5DB5, 0x5DB5, 0x5DB5, 0x5DD6, 0x5DB5, 0x5DB5, 0x5DB5, 0x65D6, 0x6DF6, 0x6DF7, 0x65D6, 0x5DD6,
    0x5DB6, 0x5DB5, 0x5DB5, 0x5DB5, 0x5DD6, 0x5DD6, 0x5DB6, 0x5DB6, 0x65D6, 0x65F6, 0x7617, 0x7617,
    0x65D6, 0x5DB5, 0x5D95, 0x5D95, 0x5DB6, 0x65D6, 0x65D6, 0x65D6, 0x65D6, 0x5DB6, 0x5DB5, 0x5D95,
    0x5DB5, 0x5DB5, 0x65D6, 0x65D6, 0x65B6, 0x65B6, 0x5DB6, 0x5DB6, 0x5DB5, 0x5DB5, 0x5595, 0x5D95,
    0x5DB5, 0x65D6, 0x65F6, 0x6E16, 0x6E17, 0x6DF7, 0x6DF7, 0x6DF7, 0x6DF7, 0x6DF6, 0x65D6, 0x65D6,
    0x65D6, 0x65D6, 0x6DF6, 0x6E17, 0x7617, 0x6E17, 0x65F6, 0x65D6, 0x5DD6, 0x65D6, 0x6DF7, 0x6E17,
    0x65F6, 0x65D6, 0x5DB5, 0x5D95, 0x5DB5, 0x5DB5, 0x65D6, 0x65F6, 0x6DF6, 0x6DF6, 0x65D6, 0x5DB5,
    0x5D95, 0x5D95, 0x5D95, 0x5595, 0x5595, 0x5595, 0x5D95, 0x5D95, 0x5DB5, 0x5DB6, 0x65D6, 0x65D6,
    0x65D6, 0x65D6, 0x5DD6, 0x5DB6, 0x5DB6, 0x5DB5, 0x5DB5, 0x5DB5, 0x5DB5, 0x5DB5, 0x5DB5, 0x5DB5,
    0x65D6, 0x65F6, 0x6DF6, 0x6DF6, 0x6DF6, 0x6DF6, 0x6DF7, 0x6DF7, 0x65D6, 0x5DD6, 0x65D6, 0x65B5,
    0x5DB5, 0x5DB5, 0x5DB5, 0x5DB5, 0x5DB5, 0x5DB5, 0x5DB5, 0x5DB5, 0x5D95, 0x5D95, 0x5DB5, 0x5DB5,
    0x5D95, 0x5D95, 0x5DB5, 0x5DB6, 0x65D6, 0x65F6, 0x65D6, 0x65D6, 0x5DB6, 0x5D95, 0x5595, 0x5595,
    0x5595, 0x5D95, 0x5D95, 0x5DB5, 0x65D6, 0x65F6, 0x6DF6, 0x6DF6, 0x6DF6, 0x65D6, 0x5DB6, 0x5DB6,
    0x65D6, 0x6DF7, 0x6E17, 0x7617, 0x7617, 0x6DF7, 0x65D6, 0x5DB6, 0x5DB5, 0x5DB5, 0x5DB5, 0x5DB5,
    0x5DB5, 0x5DB5, 0x65D6, 0x65D6, 0x65D6, 0x5DB6, 0x5DB5, 0x5DB5, 0x5DB5, 0x5DD6, 0x65D6, 0x65F6,
    0x65D6, 0x65D6, 0x65F6, 0x6DF6, 0x6E17, 0x6E17, 0x65F6, 0x65D6, 0x65D6, 0x65D6, 0x65D6, 0x6DF6,
    0x6E17, 0x6E17, 0x65F6, 0x65D6, 0x5DD6, 0x65D6, 0x6DF6, 0x6DF7, 0x6DF6, 0x65D6, 0x5DB5, 0x5DB5,
    0x5DB5, 0x5DB6, 0x65F6, 0x6DF6, 0x6DF6, 0x6DF6, 0x65D6, 0x5DB5, 0x5D95, 0x5595, 0x5595, 0x5D95,
    0x5DB5, 0x5DB5, 0x5DB5, 0x5DB5, 0x5DB6, 0x5DD6, 0x5DD6, 0x65D6, 0x65F6, 0x65F6, 0x65D6, 0x5DD6,
    0x65D6, 0x5DB6, 0x5DB5, 0x5D95, 0x5D95, 0x5595, 0x5595, 0x5595, 0x5DB5, 0x65D6, 0x6DF6, 0x6DF6,
    0x65F6, 0x65F6, 0x6E17, 0x6DF7, 0x65D6, 0x65D6, 0x65D6, 0x65D6, 0x5DB5, 0x5DB5, 0x5DB6, 0x5DB6,
    0x5DB5, 0x5DB5, 0x5DB5, 0x5D95, 0x5595, 0x5D95, 0x5DB5, 0x5D95, 0x5595, 0x5595, 0x5595, 0x5DB5,
    0x5DD6, 0x65D6, 0x65D6, 0x65D6, 0x5DB6, 0x5DB5, 0x5595, 0x5575, 0x5575, 0x5595, 0x5595, 0x5DB5,
    0x65D6, 0x65D6, 0x65D6, 0x65D6, 0x6DF6, 0x6DF6, 0x65D6, 0x5DD6, 0x65D6, 0x6DF7, 0x6E17, 0x7617,
    0x7617, 0x6E17, 0x65F6, 0x65D6, 0x65D6, 0x5DB6, 0x5DB5, 0x5DB5, 0x5D95, 0x5DB5, 0x65F6, 0x6DF7,
    0x65F6, 0x65F6, 0x65F6, 0x65D6, 0x65D6, 0x5DD6, 0x5DB5, 0x5DB5, 0x5DB5, 0x5DB5, 0x5DD6, 0x65F6,
    0x6E17, 0x6E17, 0x65D6, 0x5DD6, 0x5DD6, 0x5DD6, 0x5DB6, 0x65D6, 0x65D6, 0x65D6, 0x65F6, 0x65D6,
    0x5DD6, 0x5DD6, 0x65F6, 0x65F6, 0x65D6, 0x65D6, 0x5DB5, 0x5DB5, 0x5DB5, 0x5DD6, 0x65F6, 0x6DF6,
    0x65D6, 0x65D6, 0x65D6, 0x5DB5, 0x5DB5, 0x5D95, 0x5595, 0x5DB5, 0x5DB6, 0x5DB6, 0x5DB5, 0x5DB5,
    0x5DD6, 0x5DD6, 0x5DB5, 0x5DB5, 0x5DD6, 0x65D6, 0x65D6, 0x65D6, 0x65D6, 0x5DB6, 0x5DB5, 0x5DB5,
    0x5595, 0x5575, 0x5574, 0x5575, 0x5595, 0x5DB5, 0x65D6, 0x65D6, 0x65D6, 0x65D6, 0x6DF6, 0x6DF6,
    0x65D6, 0x5DB6, 0x5DB6, 0x5DB5, 0x5DB5, 0x5DB5, 0x65D6, 0x65D6, 0x5DB5, 0x5D95, 0x5D95, 0x5D95,
    0x5D95, 0x5D95, 0x5DB5, 0x5D95, 0x5575, 0x5575, 0x5575, 0x5595, 0x5DB5, 0x5DD6, 0x65D6, 0x65F6,
    0x65D6, 0x5DD6, 0x5DB5, 0x5595, 0x5595, 0x5595, 0x5D95, 0x5DB5, 0x5DB5, 0x5DB5, 0x5DB5, 0x5DB6,
    0x65D6, 0x65D6, 0x5DB6, 0x5DB6, 0x5DB6, 0x65D6, 0x65D6, 0x65D6, 0x65F6, 0x65F6, 0x65F6, 0x65F6,
    0x65D6, 0x5DD6, 0x5DB5, 0x5595, 0x5D95, 0x5DB5, 0x65F6, 0x6DF6, 0x6DF6, 0x6DF6, 0x6DF6, 0x6DF6,
    0x65F6, 0x65D6, 0x5DB5, 0x5D95, 0x5595, 0x5595, 0x5DB6, 0x65D6, 0x6DF6, 0x6DF6, 0x65D6, 0x5DD6,
    0x65D6, 0x5DD6, 0x5DB5, 0x5DB5, 0x5DB5, 0x5DD6, 0x65D6, 0x65D6, 0x5DB6, 0x5DD6, 0x65D6, 0x65D6,
    0x65D6, 0x65D6, 0x65D6, 0x65D6, 0x5DB6, 0x65D6, 0x65D6, 0x65D6, 0x5DD6, 0x5DB6, 0x65D6, 0x65D6,
    0x5DB5, 0x5DB5, 0x5DB5, 0x5DB5, 0x65D6, 0x65D6, 0x5DB5, 0x5DB5, 0x5DB6, 0x5DB6, 0x5DB5, 0x5DB5,
    0x5DD6, 0x5DD6, 0x65F6, 0x65F6, 0x65D6, 0x65D6, 0x5DB6, 0x5DB5, 0x5595, 0x5575, 0x5574, 0x5574,
    0x5595, 0x5D95, 0x5DD6, 0x65D6, 0x5DD6, 0x65D6, 0x6DF6, 0x6DF6, 0x65D6, 0x5DB6, 0x5DB5, 0x5DB5,
    0x5DB5, 0x5DB5, 0x65D6, 0x65D6, 0x5DB5, 0x5DB5, 0x5DB5, 0x5DB5, 0x5DB5, 0x5DB5, 0x5DB5, 0x5D95,
    0x5575, 0x5575, 0x5575, 0x5595, 0x5595, 0x5DB5, 0x65D6, 0x65F6, 0x65F6, 0x65D6, 0x5DB6, 0x5DB5,
    0x5DB5, 0x5DB5, 0x5DB5, 0x5DB5, 0x5D95, 0x5D95, 0x5D95, 0x5DB5, 0x65F6, 0x65F6, 0x65D6, 0x5DB5,
    0x5DB5, 0x5DB5, 0x5DB5, 0x5DB5, 0x5DD6, 0x65D6, 0x65F6, 0x65F6, 0x65D6, 0x5DD6, 0x5DB5, 0x5595,
    0x5DB5, 0x5DB5, 0x65D6, 0x65D6, 0x65D6, 0x65D6, 0x65F6, 0x65F6, 0x6DF6, 0x65F6, 0x65D6, 0x5DB5,
    0x5D95, 0x5DB5, 0x65D6, 0x65D6, 0x65D6, 0x5DB6, 0x5DB6, 0x65D6, 0x65D6, 0x65D6, 0x5DB5, 0x5DB5,
    0x5DB5, 0x5DB5, 0x5DB5, 0x5DB5, 0x5DB5, 0x5DB6, 0x5DD6, 0x65D6, 0x65D6, 0x65D6, 0x6DF6, 0x6DF6,
    0x65D6, 0x65D6, 0x5DB6, 0x5DB5, 0x5DB5, 0x5DB6, 0x65D6, 0x65D6, 0x5DD5, 0x5DB5, 0x65D6, 0x65D6,
    0x65D6, 0x65D6, 0x5DB5, 0x5D95, 0x5DB5, 0x5DB5, 0x5D95, 0x5DB5, 0x5DB5, 0x65D6, 0x6E17, 0x7617,
    0x6DF7, 0x65F6, 0x65D6, 0x5DB5, 0x5D95, 0x5595, 0x5575, 0x5575, 0x5595, 0x5DB5, 0x5DB6, 0x65D6,
    0x65D6, 0x65D6, 0x6DF6, 0x6DF7, 0x65F6, 0x65D6, 0x5DB5, 0x5D95, 0x5D95, 0x5DB5, 0x65D6, 0x65D6,
    0x65D6, 0x65D6, 0x65D6, 0x65D6, 0x65D6, 0x5DB5, 0x5D95, 0x5595, 0x5575, 0x5575, 0x5575, 0x5575,
    0x5D95, 0x5DB5, 0x65D6, 0x65F6, 0x6DF6, 0x65F6, 0x5DD6, 0x5DB6, 0x5DD6, 0x65D6, 0x65D6, 0x5DB6,
    0x5D95, 0x5595, 0x5DB5, 0x5DD6, 0x6DF7, 0x6DF7, 0x65D6, 0x5DB5, 0x5D95, 0x5595, 0x5595, 0x5D95,
    0x5DB5, 0x5DB5, 0x65D6, 0x65D6, 0x65D6, 0x65D6, 0x5DB6, 0x5DB5, 0x5DB5, 0x5DB5, 0x5DB5, 0x5DB5,
    0x5DB5, 0x5DB6, 0x65D6, 0x65D6, 0x65D6, 0x65D6, 0x65D6, 0x5DB5, 0x5D95, 0x5DB5, 0x65D6, 0x65D6,
    0x5DB5, 0x5D95, 0x5DB5, 0x5DB6, 0x65D6, 0x65D6, 0x5DB5, 0x5DB5, 0x5DB5, 0x5DB5, 0x5DB5, 0x5DB6,
    0x5DB6, 0x5DB6, 0x5DD6, 0x5DD6, 0x5DD6, 0x65D6, 0x6DF6, 0x6DF6, 0x65D6, 0x65D6, 0x5DB6, 0x5DB5,
    0x5DB5, 0x5DB5, 0x65D6, 0x65D6, 0x65D6, 0x65D5, 0x65D6, 0x65D6, 0x65D6, 0x65D6, 0x5DB5, 0x5D95,
    0x5DB5, 0x5DB5, 0x5DB5, 0x5DB5, 0x5DB5, 0x65D6, 0x6E17, 0x7617, 0x7617, 0x6DF7, 0x65D6, 0x5DB5,
    0x5D95, 0x5D95, 0x5575, 0x5575, 0x5595, 0x5DB5, 0x5DB6, 0x65D6, 0x65D6, 0x65F6, 0x6DF7, 0x6DF7,
    0x65F6, 0x65D6, 0x5DB6, 0x5DB5, 0x5DB5, 0x5DB5, 0x65D6, 0x65D6, 0x65B6, 0x65D6, 0x65D6, 0x65F6,
    0x65F6, 0x65D6, 0x5DB5, 0x5595, 0x5595, 0x5595, 0x5575, 0x5595, 0x5D95, 0x5DB6, 0x65D6, 0x65D6,
    0x65F6, 0x65F6, 0x5DD6, 0x5DB6, 0x65D6, 0x65D6, 0x65D6, 0x65D6, 0x5DB5, 0x5D95, 0x5DB5, 0x65D6,
    0x6DF7, 0x6DF7, 0x65D6, 0x5DB5, 0x5595, 0x5595, 0x5595, 0x5595, 0x5595, 0x5DB5, 0x5DB6, 0x65D6,
    0x65D6, 0x65D6, 0x5DD6, 0x5DB5, 0x5DB5, 0x5DB5, 0x5D95, 0x5595, 0x5595, 0x5D95, 0x5D95, 0x5D95,
    0x5DB5, 0x5DB5, 0x5DB5, 0x5DB5, 0x5DB5, 0x5DB6, 0x6DF6, 0x6DF6, 0x5DB5, 0x5D95, 0x5D95, 0x5DB5,
    0x5DB5, 0x5DD6, 0x65D6, 0x65D6, 0x65F6, 0x65F6, 0x65D6, 0x65D6, 0x65D6, 0x65D6, 0x65D6, 0x5DB6,
    0x5DB5, 0x5DB5, 0x5DB6, 0x65B6, 0x5DB5, 0x5DB5, 0x65D6, 0x65D6, 0x5DB6, 0x5DB6, 0x5DB5, 0x5DB5,
    0x5DB5, 0x5DB5, 0x5DB5, 0x5DB5, 0x5DB5, 0x5DB5, 0x5DB5, 0x5DB5, 0x5DB6, 0x65D6, 0x65D6, 0x65D6,
    0x65D6, 0x65D6, 0x65F6, 0x6E17, 0x7617, 0x7617, 0x65D6, 0x5DB6, 0x5D95, 0x5595, 0x5575, 0x5595,
    0x5D95, 0x5DB5, 0x5DB6, 0x65D6, 0x65F6, 0x65F6, 0x6E17, 0x6DF7, 0x65D6, 0x5DD6, 0x5DD6, 0x5DD6,
    0x5DD6, 0x5DD6, 0x5DB6, 0x5DB5, 0x5DB5, 0x5DB5, 0x65D6, 0x65F6, 0x6E17, 0x6DF7, 0x65D6, 0x5DB5,
    0x5DB5, 0x5595, 0x5595, 0x5595, 0x5DB5, 0x5DB5, 0x65D6, 0x65F6, 0x65D6, 0x65D6, 0x5DD6, 0x5DB5,
    0x5DB6, 0x5DD6, 0x65D6, 0x5DB6, 0x5DB5, 0x5DB5, 0x5DB6, 0x65D6, 0x65D6, 0x65D6, 0x5DB6, 0x5DB5,
    0x5595, 0x5595, 0x5595, 0x5595, 0x5595, 0x5D95, 0x5DB5, 0x5DB6, 0x65D6, 0x65D6, 0x5DD6, 0x5DB6,
    0x5DB5, 0x5DB5, 0x5D95, 0x5595, 0x5595, 0x5595, 0x5D95, 0x5D95, 0x5DB5, 0x5DB5, 0x5DB5, 0x5DB5,
    0x5DB5, 0x65D6, 0x6DF6, 0x6DF6, 0x5DB5, 0x5D95, 0x5D95, 0x5DB5, 0x5DB5, 0x5DB5, 0x65D6, 0x65D6,
    0x65F6, 0x65D6, 0x65D6, 0x65D6, 0x65D6, 0x65D6, 0x65D6, 0x5DB6, 0x5DB5, 0x5DB5, 0x5DB6, 0x65B6,
    0x5DB5, 0x65B6, 0x65D6, 0x65D6, 0x65D6, 0x5DB6, 0x5DB5, 0x5DB5, 0x65B6, 0x65B6, 0x5DB5, 0x5DB5,
    0x5DB5, 0x5DB5, 0x5DB5, 0x5DB5, 0x5DB6, 0x65D6, 0x65D6, 0x65D6, 0x65D6, 0x65D6, 0x65D6, 0x65D6,
    0x6E17, 0x6E17, 0x65F6, 0x5DB6, 0x5DB5, 0x5D95, 0x5595, 0x5D95, 0x5DB5, 0x65B6, 0x5DD6, 0x65D6,
    0x65F6, 0x6DF7, 0x6E17, 0x6DF7, 0x65D6, 0x65D6, 0x65F6, 0x65F6, 0x65D6, 0x5DD6, 0x5DB5, 0x5D95,
    0x5D95, 0x5DB5, 0x65D6, 0x6DF6, 0x7617, 0x6E17, 0x65D6, 0x5DB5, 0x5DB5, 0x5DB5, 0x5DB5, 0x5DB5,
    0x5DB5, 0x5DD6, 0x65D6, 0x65F6, 0x65F6, 0x65D6, 0x65D6, 0x5DB6, 0x5DB5, 0x5DB5, 0x5DB6, 0x5DB6,
    0x5DB5, 0x5DB5, 0x5DD6, 0x65D6, 0x5DB6, 0x5DB6, 0x5DB6, 0x5DB5, 0x5DB5, 0x5D95, 0x5595, 0x5595,
    0x5595, 0x5D95, 0x5DB5, 0x5DB5, 0x5DB6, 0x5DD6, 0x5DB6, 0x5DB6, 0x5DB5, 0x5DB5, 0x5DB5, 0x5DB5,
    0x5DB5, 0x5DB5, 0x5DB5, 0x5DB6, 0x5DB6, 0x5DD6, 0x5DD6, 0x5DD6, 0x5DD6, 0x65D6, 0x65D6, 0x65B6,
    0x5D95, 0x5595, 0x5D95, 0x5DB5, 0x5DB5, 0x5DB6, 0x65D6, 0x65D6, 0x5DB6, 0x5DB5, 0x5D95, 0x5D95,
    0x5DB5, 0x5DB5, 0x65D6, 0x65D6, 0x65D6, 0x65F6, 0x6DF6, 0x6DF6, 0x65D6, 0x65D6, 0x65D6, 0x65D6,
    0x5DB6, 0x5DB5, 0x5DB5, 0x5DB6, 0x65D6, 0x65D6, 0x65D6, 0x5DD6, 0x5DB5, 0x5DB5, 0x5DB5, 0x5DB5,
    0x5DB5, 0x5DB5, 0x65D6, 0x65D6, 0x5DD6, 0x5DB5, 0x5DB5, 0x5DB5, 0x65D6, 0x6DF6, 0x65F6, 0x65D6,
    0x5DB6, 0x5DB5, 0x5D95, 0x5DB5, 0x65D6, 0x6DF6, 0x65D6, 0x65D6, 0x6DF6, 0x6E17, 0x6E17, 0x6E17,
    0x6E17, 0x6E17, 0x6E17, 0x6DF7, 0x65D6, 0x5DB5, 0x5DB5, 0x5D95, 0x5D95, 0x5DB6, 0x6DF6, 0x6E17,
    0x6E17, 0x6DF6, 0x65D6, 0x5DB5, 0x5DB5, 0x5DB5, 0x5DB5, 0x5DB6, 0x65D6, 0x65D6, 0x65D6, 0x65F6,
    0x6E17, 0x6E17, 0x65D6, 0x65B6, 0x5DB5, 0x5DB5, 0x5DB5, 0x5DB5, 0x5DB6, 0x5DB6, 0x5DB6, 0x5DB6,
    0x5DB6, 0x65D6, 0x65D6, 0x65D6, 0x65D6, 0x5DB6, 0x5DB5, 0x5DB5, 0x5DB5, 0x5DB5, 0x5D95, 0x5D95,
    0x5DB5, 0x5DB5, 0x5DB5, 0x5DB5, 0x5DB5, 0x5DB5, 0x5DB5, 0x5DB6, 0x65D6, 0x65D6, 0x65D6, 0x65D6,
    0x65D6, 0x5DD6, 0x5DB6, 0x5DD6, 0x65D6, 0x65D6, 0x65D6, 0x65B6, 0x5D95, 0x5D95, 0x5DB5, 0x5DB6,
    0x5DB5, 0x5DD6, 0x65D6, 0x65D6, 0x5DB5, 0x5D95, 0x5595, 0x5595, 0x5595, 0x5DB5, 0x65D6, 0x65D6,
    0x65F6, 0x6DF6, 0x6DF6, 0x6DF6, 0x65D6, 0x65D6, 0x65F6, 0x65D6, 0x5DB6, 0x5DB5, 0x5DB5, 0x5DB6,
    0x65D6, 0x65D6, 0x65D6, 0x65D6, 0x5DB5, 0x5DB5, 0x5DB5, 0x5DB5, 0x5DB5, 0x5DB5, 0x5DB5, 0x5DB5,
    0x5DB5, 0x5D95, 0x5595, 0x5D95, 0x5DB6, 0x65D6, 0x65D6, 0x65D6, 0x65D6, 0x5DB5, 0x5DB5, 0x5DB5,
    0x6DF6, 0x6DF7, 0x65D6, 0x65D6, 0x65D6, 0x6DF6, 0x6DF7, 0x6DF7, 0x6DF7, 0x6E17, 0x6E17, 0x6DF7,
    0x65D6, 0x5DB5, 0x5D95, 0x5595, 0x5D95, 0x5DB5, 0x65F6, 0x6DF7, 0x6E17, 0x6DF6, 0x5DD6, 0x5DB5,
    0x5DB6, 0x5DB6, 0x5DB6, 0x5DD6, 0x65D6, 0x65D6, 0x65D6, 0x65F6, 0x6E17, 0x7617, 0x6DF6, 0x65D6,
    0x5DB6, 0x5DB6, 0x65B6, 0x65B6, 0x5DB6, 0x5DB6, 0x5DB5, 0x5DB5, 0x5DB5, 0x5DB5, 0x65D6, 0x65D6,
    0x65D6, 0x65D6, 0x5DB6, 0x5DB5, 0x5DB5, 0x5DB5, 0x5D95, 0x5D95, 0x5D95, 0x5D95, 0x5DB5, 0x5DB5,
    0x5DB6, 0x5DB6, 0x5DB6, 0x5DD6, 0x65D6, 0x65D6, 0x65F6, 0x65F6, 0x65D6, 0x5DB6, 0x5DB5, 0x5DB5,
    0x65D6, 0x65D6, 0x6DF6, 0x65F6, 0x65D6, 0x65D6, 0x65D6, 0x65F6, 0x65D6, 0x65D6, 0x65F6, 0x65F6,
    0x5DD6, 0x5DB5, 0x5595, 0x5595, 0x5595, 0x5DB5, 0x65D6, 0x65F6, 0x65F6, 0x65F6, 0x65D6, 0x5DB6,
    0x5DB5, 0x5DB5, 0x65D6, 0x6DD6, 0x5DB6, 0x5DB5, 0x5DB5, 0x5DB5, 0x5DB5, 0x5DD6, 0x65D6, 0x65D6,
    0x5DB5, 0x5DB5, 0x5DB6, 0x5DD6, 0x65D6, 0x65D6, 0x5DB5, 0x5D95, 0x5595, 0x5595, 0x5595, 0x5D95,
    0x5DB5, 0x5DB5, 0x65B6, 0x5DB6, 0x5DB5, 0x5D95, 0x5595, 0x5DB5, 0x65D6, 0x65F6, 0x5DB6, 0x5DB5,
    0x5DB5, 0x5DB6, 0x65D6, 0x65D6, 0x65D6, 0x65D6, 0x6DF6, 0x6DF6, 0x65D6, 0x5DB5, 0x5D95, 0x5595,
    0x5595, 0x5D95, 0x5DB6, 0x65D6, 0x6DF7, 0x6DF7, 0x65D6, 0x5DB6, 0x5DB6, 0x5DB6, 0x65D6, 0x5DD6,
    0x5DB5, 0x5DB5, 0x5DB5, 0x5DD6, 0x65D6, 0x65F6, 0x65F6, 0x65F6, 0x65F6, 0x6DF6, 0x6DF6, 0x65D6,
    0x65B6, 0x5DB5, 0x5D95, 0x5D95, 0x5595, 0x5D95, 0x5D95, 0x5DB5, 0x65B6, 0x5DB6, 0x5DB5, 0x5DB5,
    0x5DB5, 0x5DB5, 0x5DB5, 0x5D95, 0x5595, 0x5595, 0x5595, 0x5D95, 0x65D6, 0x65D6, 0x5DD6, 0x5DD6,
    0x65D6, 0x65D6, 0x6DF6, 0x65F6, 0x65B6, 0x5DB5, 0x5D95, 0x5D95, 0x5DB6, 0x65D6, 0x6DF6, 0x6DF6,
    0x65D6, 0x65D6, 0x65F6, 0x65F6, 0x65D6, 0x65D6, 0x65F6, 0x65F6, 0x65D6, 0x5DB5, 0x5D95, 0x5D95,
    0x5DB5, 0x5DB6, 0x65D6, 0x65D6, 0x65F6, 0x65D6, 0x5DB6, 0x5DB5, 0x5DB5, 0x5DB5, 0x65D6, 0x65D6,
    0x5DB5, 0x5D95, 0x5DB5, 0x5DB5, 0x5DB5, 0x5DB6, 0x65D6, 0x65D6, 0x5DB5, 0x5DB5, 0x5DD6, 0x65D6,
    0x65F6, 0x65D6, 0x5DB5, 0x5595, 0x5595, 0x5595, 0x5D95, 0x5DB5, 0x5DB5, 0x5DB5, 0x5DB5, 0x5DB5,
    0x5D95, 0x5D95, 0x5595, 0x5DB5, 0x65D6, 0x65D6, 0x5DB5, 0x5D95, 0x5D95, 0x5D95, 0x5D95, 0x5DB5,
    0x5DB5, 0x5DB6, 0x65D6, 0x65F6, 0x5DD6, 0x5DB5, 0x5D95, 0x5595, 0x5595, 0x5595, 0x5595, 0x5DB5,
    0x65D6, 0x65F6, 0x65D6, 0x5DD6, 0x5DD6, 0x5DD6, 0x65D6, 0x5DB6, 0x5D95, 0x5595, 0x5D95, 0x5DB5,
    0x5DB6, 0x5DD6, 0x65D6, 0x65F6, 0x6DF6, 0x6DF7, 0x6DF7, 0x6DF6, 0x65B6, 0x5DB5, 0x5D95, 0x5595,
    0x5595, 0x5575, 0x5575, 0x5D95, 0x5DB5, 0x5DB6, 0x5DB5, 0x5DB6, 0x5DB6, 0x5DD6, 0x5DB6, 0x5DB5,
    0x5D95, 0x5D95, 0x5D95, 0x5D95, 0x65F6, 0x65D6, 0x65D6, 0x5DB5, 0x5DD6, 0x65D6, 0x6DF6, 0x6DF6,
    0x65B6, 0x5DB5, 0x5D95, 0x5D95, 0x5DB5, 0x5DD6, 0x65D6, 0x65F6, 0x65D6, 0x65D6, 0x5DD6, 0x5DD6,
    0x5DD6, 0x65D6, 0x65D6, 0x65D6, 0x65D6, 0x5DD6, 0x5DD6, 0x5DD6, 0x65D6, 0x5DD6, 0x5DB6, 0x5DB6,
    0x65D6, 0x65D6, 0x5DB5, 0x5DB5, 0x65D6, 0x65D6, 0x65D6, 0x5DB6, 0x5D95, 0x5D95, 0x5DB5, 0x5DB5,
    0x5DB6, 0x5DB6, 0x5DB5, 0x5DB5, 0x5DB5, 0x5DD6, 0x65F6, 0x65F6, 0x6E17, 0x65F6, 0x5DB6, 0x5D95,
    0x5D95, 0x5DB5, 0x5DB5, 0x5DB5, 0x5DB5, 0x5D95, 0x5D95, 0x5D95, 0x5DB5, 0x5DB5, 0x5595, 0x5DB5,
    0x65D6, 0x65D6, 0x5DB5, 0x5DB5, 0x5DB5, 0x5DB5, 0x5595, 0x5595, 0x5595, 0x5DB5, 0x65D6, 0x65D6,
    0x5DB6, 0x5DB5, 0x5DB5, 0x5DB5, 0x5DB5, 0x5D95, 0x5595, 0x5D95, 0x5DB6, 0x65D6, 0x65D6, 0x65D6,
    0x65D6, 0x5DD6, 0x5DB6, 0x5DB5, 0x5595, 0x5595, 0x5D95, 0x5DB5, 0x5DB5, 0x5DB6, 0x5DD6, 0x65F6,
    0x65F6, 0x6DF6, 0x65F6, 0x65D6, 0x65D6, 0x5DB5, 0x5DB5, 0x5D95, 0x5595, 0x5595, 0x5575, 0x5595,
    0x5D95, 0x5DB5, 0x5DB6, 0x5DD6, 0x65D6, 0x65F6, 0x65F6, 0x65D6, 0x5DD6, 0x5DB5, 0x5DB5, 0x5DB5,
    0x6DF6, 0x65F6, 0x65D6, 0x5DB5, 0x5DB5, 0x65D6, 0x65F6, 0x65F6, 0x5DB6, 0x5DB5, 0x5DB5, 0x5DB5,
    0x5DB6, 0x65D6, 0x65D6, 0x65D6, 0x65D6, 0x65D6, 0x5DD6, 0x5DD6, 0x5DD6, 0x5DD6, 0x65D6, 0x65D6,
    0x5DD6, 0x5DB6, 0x5DD6, 0x65D6, 0x65F6, 0x65D6, 0x5DB6, 0x5DB6, 0x65D6, 0x65D6, 0x5DB5, 0x5DB6,
    0x65D6, 0x65D6, 0x5DB6, 0x5DB5, 0x5D95, 0x5D95, 0x5DB5, 0x5DB6, 0x5DD6, 0x5DD6, 0x5DB5, 0x5DB5,
    0x5DB5, 0x5DB6, 0x65D6, 0x65F6, 0x6DF7, 0x65F6, 0x5DD6, 0x5DB5, 0x5DB6, 0x5DB6, 0x65D6, 0x5DD6,
    0x5DB5, 0x5DB5, 0x5595, 0x5595, 0x5D95, 0x5DB5, 0x5D95, 0x5DB5, 0x5DB6, 0x5DB6, 0x5DB5, 0x5D95,
    0x5DB5, 0x5DB5, 0x5595, 0x5575, 0x5595, 0x5D95, 0x65D6, 0x65D6, 0x5DD6, 0x5DB6, 0x5DB6, 0x5DB6,
    0x5DB6, 0x5DB5, 0x5DB5, 0x5D95, 0x5DB5, 0x5DB6, 0x65D6, 0x65D6, 0x65D6, 0x65D6, 0x65D6, 0x5DB6,
    0x5D95, 0x5595, 0x5D95, 0x5DB5, 0x5DB5, 0x5DB5, 0x5DD6, 0x65D6, 0x65F6, 0x65D6, 0x65D6, 0x65D6,
    0x65B6, 0x5DB5, 0x5DB5, 0x5DB5, 0x5D95, 0x5595, 0x5575, 0x5595, 0x5DB5, 0x5DB6, 0x5DD6, 0x65D6,
    0x65F6, 0x6DF6, 0x6DF6, 0x65F6, 0x65D6, 0x5DD6, 0x65D6, 0x65D6, 0x6DF7, 0x6DF6, 0x65D6, 0x5DB6,
    0x5DB6, 0x5DB6, 0x5DD6, 0x65B6, 0x5DB5, 0x5DB5, 0x5DD6, 0x65D6, 0x65F6, 0x6DF6, 0x65F6, 0x65F6,
    0x65F6, 0x65F6, 0x65F6, 0x65F6, 0x65D6, 0x65D6, 0x65D6, 0x65D6, 0x5DB5, 0x5DB5, 0x5DB5, 0x5DD6,
    0x65F6, 0x6DF7, 0x65F6, 0x65D6, 0x65D6, 0x65D6, 0x5DB6, 0x5DB5, 0x65D6, 0x65D6, 0x5DB5, 0x5D95,
    0x5D95, 0x5D95, 0x5DB5, 0x5DB6, 0x5DD6, 0x65D6, 0x65D6, 0x5DD6, 0x5DB5, 0x5DB5, 0x5DB6, 0x65D6,
    0x65D6, 0x65D6, 0x65D6, 0x5DD6, 0x65D6, 0x65D6, 0x5DD6, 0x5DD6, 0x5DB6, 0x5DB5, 0x5D95, 0x5595,
    0x5595, 0x5595, 0x5DB5, 0x5DB5, 0x5DB5, 0x5D95, 0x5575, 0x5575, 0x5D95, 0x5D95, 0x5595, 0x5595,
    0x5D95, 0x5DB5, 0x65D6, 0x65D6, 0x65D6, 0x65D6, 0x65D6, 0x65D6, 0x65D6, 0x65D6, 0x5DD6, 0x5DB5,
    0x5DB5, 0x5DB5, 0x5DB5, 0x5DD6, 0x65D6, 0x65F6, 0x65F6, 0x65D6, 0x5DB6, 0x5DB5, 0x5DB5, 0x5DB5,
    0x5DB5, 0x5DB5, 0x5DD6, 0x65D6, 0x65D6, 0x65D6, 0x5DB6, 0x5DB5, 0x5DB5, 0x5DB5, 0x5DB5, 0x5DB5,
    0x5D95, 0x5595, 0x5595, 0x5D95, 0x5DB6, 0x5DD6, 0x65F6, 0x65F7, 0x6E17, 0x6DF7, 0x65F6, 0x65D6,
    0x5DB5, 0x5DB5, 0x65D6, 0x65F6, 0x6DF6, 0x65D6, 0x65D6, 0x5DB6, 0x5DB6, 0x5DB5, 0x5DB5, 0x5DB5,
    0x5DB5, 0x5DB6, 0x65D6, 0x65F6, 0x6DF6, 0x6DF6, 0x65F6, 0x65F6, 0x65F6, 0x65F6, 0x65F6, 0x65F6,
    0x65D6, 0x65D6, 0x65D6, 0x5DD6, 0x5DB5, 0x5DB5, 0x5DB5, 0x5DB6, 0x65F6, 0x6DF6, 0x6DF6, 0x65F6,
    0x65F6, 0x65D6, 0x5DB6, 0x5DB6, 0x65D6, 0x65D6, 0x5DB5, 0x5D95, 0x5D95, 0x5DB5, 0x5DB5, 0x5DD6,
    0x65D6, 0x65F6, 0x65F6, 0x65D6, 0x5DB6, 0x5DB5, 0x5DB5, 0x5DB6, 0x5DD6, 0x65D6, 0x65F6, 0x65F6,
    0x65F6, 0x65D6, 0x65D6, 0x5DD6, 0x65D6, 0x5DD6, 0x5DB5, 0x5D95, 0x5595, 0x5D95, 0x5DB5, 0x5DB5,
    0x5DB5, 0x5D95, 0x5575, 0x5575, 0x5595, 0x5D95, 0x5595, 0x5D95, 0x5DB5, 0x5DB6, 0x5DD6, 0x65D6,
    0x65F6, 0x65F6, 0x65F6, 0x65F6, 0x65F6, 0x65F6, 0x65D6, 0x5DD6, 0x5DB5, 0x5D95, 0x5D95, 0x5DB5,
    0x65D6, 0x65F6, 0x6DF6, 0x65F6, 0x65D6, 0x5DB6, 0x5DB6, 0x5DB5, 0x5DB5, 0x5DB5, 0x5DD6, 0x5DD6,
    0x5DB5, 0x5DB5, 0x5D95, 0x5D95, 0x5DB5, 0x5DB5, 0x5DB5, 0x5DB6, 0x5DB6, 0x5DB6, 0x5DB5, 0x5DB6,
    0x65D6, 0x65F6, 0x65F7, 0x6E17, 0x6DF7, 0x6DF6, 0x65D6, 0x5DB5, 0x5DB5, 0x5DB5, 0x65D6, 0x65F6,
    0x65D6, 0x65D6, 0x5DB6, 0x5DB5, 0x5DB5, 0x5DB5, 0x5DB5, 0x5DB5, 0x5DB5, 0x5DB6, 0x65D6, 0x65D6,
    0x65D6, 0x65D6, 0x5DD6, 0x5DB6, 0x65D6, 0x65D6, 0x65F6, 0x65F6, 0x65F6, 0x65D6, 0x65D6, 0x5DB6,
    0x5DB5, 0x5DB5, 0x5DB5, 0x5DB5, 0x5DD6, 0x65D6, 0x65F6, 0x65F6, 0x65D6, 0x65D6, 0x5DB6, 0x5DD6,
    0x65D6, 0x65D6, 0x5DB5, 0x5DB5, 0x5DB5, 0x5DB6, 0x65D6, 0x65F6, 0x6E17, 0x6E17, 0x7617, 0x6DF7,
    0x65D6, 0x5DB6, 0x5DB5, 0x5DB6, 0x65D6, 0x65F6, 0x6E17, 0x6E17, 0x65F6, 0x65F6, 0x65F6, 0x65F6,
    0x65D6, 0x65D6, 0x65D6, 0x65D6, 0x5DB6, 0x5DB6, 0x5DD6, 0x5DD6, 0x5DB5, 0x5D95, 0x5595, 0x5595,
    0x5595, 0x5D95, 0x5D95, 0x5D95, 0x5DB5, 0x5DB6, 0x5DD6, 0x65D6, 0x65D6, 0x65D6, 0x65D6, 0x65F6,
    0x65F6, 0x65F6, 0x65D6, 0x5DD6, 0x5DB5, 0x5D95, 0x5595, 0x5D95, 0x5DB6, 0x65D6, 0x65F6, 0x65F6,
    0x65D6, 0x5DB6, 0x5DB6, 0x5DB6, 0x5DD6, 0x5DD6, 0x5DD6, 0x5DB5, 0x5D95, 0x5595, 0x5575, 0x5575,
    0x5595, 0x5D95, 0x5DB6, 0x65D6, 0x6DF7, 0x6DF7, 0x65F6, 0x65F6, 0x65F7, 0x6E17, 0x6E17, 0x6DF7,
    0x65F6, 0x65D6, 0x5DB5, 0x5DB5, 0x5DB5, 0x5DB5, 0x5DD6, 0x65F6, 0x5DD6, 0x5DB6, 0x5DB5, 0x5DB5,
    0x5DB5, 0x5DB5, 0x5DB5, 0x5DB5, 0x5DB6, 0x65D6, 0x65D6, 0x65D6, 0x65D6, 0x5DD6, 0x5DB5, 0x5DB5,
    0x5DB6, 0x5DD6, 0x65D6, 0x65D6, 0x65F6, 0x65F6, 0x5DD6, 0x5DB6, 0x5DB6, 0x5DB6, 0x5DB5, 0x5DB5,
    0x5DD6, 0x65D6, 0x65F6, 0x65D6, 0x65D6, 0x5DB6, 0x5DD6, 0x65D6, 0x65D6, 0x65D6, 0x5DB6, 0x5DB5,
    0x5DB6, 0x5DD6, 0x65D6, 0x65F6, 0x6E17, 0x6E17, 0x7617, 0x6DF7, 0x65D6, 0x5DB5, 0x5DB5, 0x5DB5,
    0x5DB6, 0x65D6, 0x6DF7, 0x6DF7, 0x65F6, 0x65D6, 0x65D6, 0x65F6, 0x65D6, 0x65D6, 0x65D6, 0x65D6,
    0x65D6, 0x65D6, 0x65F6, 0x65D6, 0x5DB5, 0x5D95, 0x5D95, 0x5D95, 0x5D95, 0x5D95, 0x5D95, 0x5D95,
    0x5DB6, 0x65D6, 0x65D6, 0x65D6, 0x65D6, 0x65D6, 0x65D6, 0x65D6, 0x65D6, 0x65D6, 0x65D6, 0x65D6,
    0x5DB5, 0x5D95, 0x5D95, 0x5DB5, 0x5DB6, 0x65D6, 0x65D6, 0x65D6, 0x65D6, 0x65D6, 0x65D6, 0x65D6,
    0x65D6, 0x65D6, 0x5DB6, 0x5DB5, 0x5595, 0x5575, 0x5575, 0x5575, 0x5575, 0x5595, 0x5DB5, 0x65D6,
    0x6E17, 0x6E17, 0x6DF7, 0x65F6, 0x65F6, 0x65F6, 0x65F6, 0x65F6, 0x65D6, 0x5DD6, 0x5DB5, 0x5DB5,
    0x5DB5, 0x5DB5, 0x65D6, 0x65D6, 0x5DB5, 0x5DB5, 0x5D95, 0x5D95, 0x5DB5, 0x5DB5, 0x5DB6, 0x5DD6,
    0x65D6, 0x65D6, 0x65D6, 0x65D6, 0x65D6, 0x5DD6, 0x5DB5, 0x5DB5, 0x5DB5, 0x5DB5, 0x5DB5, 0x65D6,
    0x65F6, 0x65F6, 0x5DD6, 0x5DD6, 0x65D6, 0x65D6, 0x65F6, 0x65F6, 0x65D6, 0x65D6, 0x65D6, 0x5DB6,
    0x5DB5, 0x5DB5, 0x5DD6, 0x65D6, 0x65D6, 0x65D6, 0x5DB6, 0x5DB6, 0x5DD6, 0x5DD6, 0x5DD6, 0x65D6,
    0x65F6, 0x65F6, 0x6DF6, 0x65D6, 0x5DB5, 0x5D95, 0x5595, 0x5595, 0x5595, 0x5DB5, 0x65D6, 0x65D6,
    0x5DB6, 0x5DB6, 0x5DD6, 0x65D6, 0x65D6, 0x65D6, 0x65D6, 0x65D6, 0x65D6, 0x65F6, 0x6DF6, 0x6DF6,
    0x5DB6, 0x5DB5, 0x5D95, 0x5D95, 0x5D95, 0x5D95, 0x5D95, 0x5DB5, 0x65D6, 0x6DF6, 0x6E17, 0x6DF7,
    0x65D6, 0x5DB6, 0x5DB5, 0x5DB5, 0x5DB5, 0x5DB6, 0x65D6, 0x65D6, 0x5DB5, 0x5DB5, 0x5DB5, 0x5DB6,
    0x65F6, 0x65F6, 0x65D6, 0x65D6, 0x65D6, 0x65F6, 0x65F6, 0x65F6, 0x65D6, 0x5DB6, 0x5DB6, 0x5DB5,
    0x5D95, 0x5595, 0x5595, 0x5595, 0x5595, 0x5595, 0x5DB5, 0x5DD6, 0x65F6, 0x65F6, 0x65D6, 0x5DB6,
    0x5DB5, 0x5DB5, 0x5DD6, 0x5DD6, 0x5DD6, 0x5DB5, 0x5DB5, 0x5DB5, 0x5DD6, 0x65D6, 0x65D6, 0x65F6,
    0x5DB5, 0x5DB5, 0x5D95, 0x5D95, 0x5DB5, 0x5DB5, 0x65D6, 0x65D6, 0x65D6, 0x65D6, 0x5DB6, 0x5DB6,
    0x5DD6, 0x5DB6, 0x5DB5, 0x5DB5, 0x5D95, 0x5D95, 0x5DB5, 0x5DD6, 0x65F6, 0x65F6, 0x65D6, 0x5DD6,
    0x65F6, 0x65F6, 0x6DF6, 0x65F6, 0x65D6, 0x5DB5, 0x5DB5, 0x5D95, 0x5D95, 0x5DB5, 0x65D6, 0x65D6,
    0x65D6, 0x5DD6, 0x5DB6, 0x5DB6, 0x5DB6, 0x5DB5, 0x5DB5, 0x5DB5, 0x65D6, 0x65D6, 0x65D6, 0x65D6,
    0x5DB5, 0x5595, 0x5595, 0x5595, 0x5595, 0x5595, 0x5DB5, 0x5DB6, 0x5DB6, 0x5DB6, 0x5DB6, 0x5DB6,
    0x5DB5, 0x5DB5, 0x5DB6, 0x65D6, 0x65D6, 0x65F6, 0x6DF6, 0x6DF6, 0x5DB6, 0x5D95, 0x5D95, 0x5D95,
    0x5D95, 0x5D95, 0x5D95, 0x5DB5, 0x65D6, 0x6DF6, 0x6E17, 0x6DF7, 0x65D6, 0x5DB5, 0x5D95, 0x5D95,
    0x5D95, 0x5DB5, 0x65D6, 0x65D6, 0x5DB5, 0x5DB5, 0x5DD6, 0x65D6, 0x65F6, 0x65F6, 0x65D6, 0x5DD6,
    0x65D6, 0x65F6, 0x6E17, 0x6DF6, 0x65D6, 0x5DB6, 0x5DB5, 0x5DB5, 0x5DB5, 0x5DB5, 0x5DB5, 0x5D95,
    0x5595, 0x5D95, 0x5DB6, 0x65D6, 0x65F6, 0x65D6, 0x5DB6, 0x5D95, 0x5595, 0x5595, 0x5DB5, 0x5DB6,
    0x5DD6, 0x5DB6, 0x5DB5, 0x5DD6, 0x65F6, 0x65F6, 0x65F6, 0x65D6, 0x65D6, 0x5DD6, 0x5DB5, 0x5DB5,
    0x5DB5, 0x5DB6, 0x65F6, 0x65F6, 0x65D6, 0x5DB5, 0x5D95, 0x5D95, 0x5DB5, 0x5DB5, 0x5DB5, 0x5DB5,
    0x5D95, 0x5DB5, 0x5DB5, 0x5DD6, 0x65F6, 0x6DF6, 0x65F6, 0x65F6, 0x6DF6, 0x6DF7, 0x65F6, 0x65D6,
    0x5D95, 0x5595, 0x5575, 0x5575, 0x5595, 0x5DB5, 0x65D6, 0x65F6, 0x65F6, 0x65D6, 0x5DB6, 0x5DB5,
    0x5D95, 0x5595, 0x5595, 0x5D95, 0x5DB5, 0x5DD6, 0x65D6, 0x5DB6, 0x5DB5, 0x5595, 0x5595, 0x5595,
    0x5595, 0x5D95, 0x5DB5, 0x65D6, 0x65D6, 0x65D6, 0x5DB6, 0x5DB5, 0x5D95, 0x5D95, 0x5D95, 0x5D95,
    0x5DB5, 0x5DB6, 0x65D6, 0x65D6, 0x5DB5, 0x5D95, 0x5575, 0x5574, 0x5574, 0x5575, 0x5595, 0x5DB5,
    0x5DB6, 0x65D6, 0x65F6, 0x65F6, 0x5DB5, 0x5D95, 0x5D95, 0x5D95, 0x5D95, 0x5DB5, 0x65D6, 0x65D6,
    0x65D6, 0x65D6, 0x65F6, 0x65F6, 0x65F6, 0x65D6, 0x5DB6, 0x5DD6, 0x65D6, 0x65F6, 0x6E17, 0x6DF7,
    0x65D6, 0x5DB5, 0x5DB6, 0x5DB6, 0x65D6, 0x65D6, 0x65D6, 0x5DB6, 0x5DB5, 0x5DB5, 0x65D6, 0x65F6,
    0x6DF7, 0x65D6, 0x5DB5, 0x5595, 0x5575, 0x5595, 0x5DB5, 0x5DB6, 0x65D6, 0x65D6, 0x5DB6, 0x65D6,
    0x6E17, 0x6E17, 0x65F6, 0x65D6, 0x65D6, 0x65D6, 0x5DD6, 0x5DB5, 0x5DB5, 0x5DD6, 0x65F6, 0x65F6,
    0x65D6, 0x5DB5, 0x5D95, 0x5595, 0x5595, 0x5D95, 0x5DB5, 0x5DB5, 0x5DB5, 0x5DB5, 0x5DB5, 0x5DD6,
    0x65F6, 0x65F6, 0x65F6, 0x65F6, 0x65F6, 0x65F6, 0x65D6, 0x5DB5, 0x5595, 0x5575, 0x5574, 0x5574,
    0x5595, 0x5DB5, 0x65D6, 0x65F6, 0x65F6, 0x65D6, 0x5DB5, 0x5D95, 0x5595, 0x5595, 0x5595, 0x5595,
    0x5DB5, 0x5DB5, 0x5DB6, 0x5DB6, 0x5DB5, 0x5D95, 0x5595, 0x5595, 0x5595, 0x5D95, 0x5DB5, 0x65D6,
    0x65F6, 0x65F6, 0x5DB6, 0x5DB5, 0x5D95, 0x5D95, 0x5595, 0x5D95, 0x5D95, 0x5DB5, 0x65D6, 0x5DD6,
    0x5DB5, 0x5D95, 0x5574, 0x5554, 0x5554, 0x5574, 0x5595, 0x5D95, 0x5DB5, 0x65D6, 0x65F6, 0x65D6,
    0x5DB5, 0x5D95, 0x5D95, 0x5D95, 0x5D95, 0x5DB5, 0x5DD6, 0x65D6, 0x65D6, 0x65D6, 0x65F6, 0x65F6,
    0x65D6, 0x5DB6, 0x5DB5, 0x5DB6, 0x65D6, 0x65F6, 0x6DF7, 0x6DF6, 0x5DD6, 0x5DB5, 0x5DB6, 0x65D6,
    0x65D6, 0x65D6, 0x65D6, 0x65D6, 0x5DB6, 0x5DB6, 0x65D6, 0x6DF6, 0x6DF7, 0x65D6, 0x5DB5, 0x5595,
    0x5575, 0x5595, 0x5D95, 0x5DB5, 0x65D6, 0x65D6, 0x5DD6, 0x65D6, 0x6E17, 0x6E17, 0x65F6, 0x65D6,
    0x65D6, 0x65D6, 0x65D6, 0x5DD6, 0x5DB6, 0x65D6, 0x65D6, 0x65D6, 0x65D6, 0x65D6, 0x5DB6, 0x5DB5,
    0x5D95, 0x5D95, 0x5DB5, 0x5DB6, 0x5DB5, 0x5DB5, 0x5DB5, 0x5DB5, 0x5DB6, 0x5DD6, 0x65D6, 0x65D6,
    0x5DD6, 0x5DD6, 0x5DB5, 0x5DB5, 0x5DB5, 0x5D95, 0x5595, 0x5595, 0x5D95, 0x5DD6, 0x65F6, 0x65F6,
    0x65D6, 0x5DD6, 0x5DB5, 0x5D95, 0x5595, 0x5595, 0x5595, 0x5595, 0x5DB5, 0x5DB5, 0x5DB6, 0x5DB6,
    0x5DB5, 0x5DB5, 0x5595, 0x5595, 0x5595, 0x5595, 0x5DB5, 0x65D6, 0x65F6, 0x65F6, 0x5DB6, 0x5DB5,
    0x5DB5, 0x5DB5, 0x5DB5, 0x5DB5, 0x5DB6, 0x5DD6, 0x5DD6, 0x5DD6, 0x5DB5, 0x5D95, 0x5575, 0x5554,
    0x5574, 0x5574, 0x5595, 0x5595, 0x5DB5, 0x65D6, 0x6DF6, 0x6DF6, 0x65D6, 0x5DB5, 0x5DB5, 0x5D95,
    0x5595, 0x5D95, 0x5DB5, 0x5DB6, 0x5DB5, 0x5DD6, 0x65D6, 0x65D6, 0x5DB6, 0x5DB5, 0x5DB5, 0x5DD6,
    0x65D6, 0x65F6, 0x65D6, 0x65D6, 0x5DB5, 0x5DB5, 0x5DD6, 0x65D6, 0x65D6, 0x65D6, 0x65D6, 0x5DD6,
    0x5DB6, 0x5DB6, 0x65D6, 0x65D6, 0x6DF6, 0x65F6, 0x5DB6, 0x5D95, 0x5595, 0x5595, 0x5D95, 0x5D95,
    0x5DB5, 0x5DB6, 0x5DD6, 0x65D6, 0x65F6, 0x6DF6, 0x65F6, 0x65F6, 0x65D6, 0x65D6, 0x65D6, 0x65D6,
    0x65D6, 0x65D6, 0x65D6, 0x65D6, 0x65D6, 0x65D6, 0x65D6, 0x65D6, 0x65D6, 0x65D6, 0x65D6, 0x5DD6,
    0x5DB5, 0x5DB5, 0x5DB5, 0x5DB5, 0x5DB5, 0x5DB5, 0x5DD6, 0x5DD6, 0x5DB5, 0x5DB5, 0x5DB5, 0x5DB5,
    0x5DB6, 0x5DB6, 0x5DB5, 0x5DB5, 0x5DB5, 0x65D6, 0x65F6, 0x65F6, 0x65D6, 0x5DB5, 0x5D95, 0x5595,
    0x5595, 0x5595, 0x5595, 0x5D95, 0x5DB5, 0x5DB5, 0x5DD6, 0x5DD6, 0x5DD6, 0x5DB6, 0x5DB5, 0x5DB5,
    0x5D95, 0x5DB5, 0x5DB5, 0x65D6, 0x65F6, 0x65D6, 0x5DB6, 0x5DB5, 0x5DB5, 0x5DB5, 0x5DB5, 0x5DB5,
    0x65D6, 0x65D6, 0x65D6, 0x5DD6, 0x5DB5, 0x5DB5, 0x5595, 0x5575, 0x5575, 0x5575, 0x5595, 0x5DB5,
    0x5DB5, 0x65D6, 0x6E17, 0x6E17, 0x65F6, 0x5DD6, 0x5DB5, 0x5DB5, 0x5595, 0x5595, 0x5D95, 0x5DB5,
    0x5DB5, 0x5DB6, 0x65D6, 0x5DD6, 0x5DB5, 0x5D95, 0x5DB5, 0x5DB5, 0x65D6, 0x65D6, 0x65D6, 0x5DB6,
    0x5DB5, 0x5DB5, 0x5DD6, 0x65D6, 0x65D6, 0x5DD6, 0x5DD6, 0x5DD6, 0x5DD6, 0x5DD6, 0x65D6, 0x65D6,
    0x65D6, 0x65D6, 0x65D6, 0x5DB6, 0x5D95, 0x5D95, 0x5D95, 0x5D95, 0x5DB5, 0x5DB5, 0x5DB6, 0x5DD6,
    0x65D6, 0x65D6, 0x65F6, 0x65F6, 0x5DB5, 0x65D6, 0x65F6, 0x6DF6, 0x6DF6, 0x6DF6, 0x65D6, 0x65D6,
    0x65D6, 0x65F6, 0x6DF6, 0x6E17, 0x7637, 0x7617, 0x65F6, 0x5DD6, 0x5DB6, 0x5DB5, 0x5DB5, 0x5DB5,
    0x5DD6, 0x5DD6, 0x5DD6, 0x5DD6, 0x5DD6, 0x5DD6, 0x5DB5, 0x5DD6, 0x65D6, 0x65F6, 0x65D6, 0x5DD6,
    0x65D6, 0x65D6, 0x65F6, 0x65F6, 0x65D6, 0x5DB5, 0x5595, 0x5595, 0x5595, 0x5D95, 0x5DB5, 0x5DB5,
    0x5DD6, 0x5DD6, 0x5DD6, 0x65D6, 0x65F6, 0x65F6, 0x65D6, 0x65D6, 0x65D6, 0x65D6, 0x5DD6, 0x5DD6,
    0x65D6, 0x65D6, 0x5DB6, 0x5DB5, 0x5D95, 0x5D95, 0x5595, 0x5DB5, 0x65D6, 0x65D6, 0x65D6, 0x5DD6,
    0x5DB6, 0x5DB5, 0x5DB5, 0x5D95, 0x5595, 0x5595, 0x5DB5, 0x5DB5, 0x5DB5, 0x65D6, 0x6DF6, 0x6E17,
    0x6DF7, 0x65F6, 0x65D6, 0x5DB5, 0x5D95, 0x5D95, 0x5D95, 0x5DB5, 0x65D6, 0x65D6, 0x5DD6, 0x5DB5,
    0x5595, 0x5595, 0x5595, 0x5D95, 0x5DB5, 0x65D6, 0x65D6, 0x5DD6, 0x5DB5, 0x5DB5, 0x5DB6, 0x5DB6,
    0x5DB5, 0x5DB5, 0x5DD6, 0x65D6, 0x65D6, 0x65F6, 0x65D6, 0x65D6, 0x65D6, 0x65D6, 0x65D6, 0x65D6,
    0x5DB5, 0x5D95, 0x5D95, 0x5D95, 0x5D95, 0x5DB5, 0x5DB5, 0x5DB5, 0x5DB6, 0x5DD6, 0x65D6, 0x65D6,
    0x5DB5, 0x5DD6, 0x65F6, 0x6DF7, 0x6E17, 0x6E17, 0x65F6, 0x65D6, 0x65D6, 0x65F6, 0x6DF6, 0x6E17,
    0x7637, 0x7617, 0x65F6, 0x5DD6, 0x5DB5, 0x5DB5, 0x5DB5, 0x5DB5, 0x5DD6, 0x5DD6, 0x5DD6, 0x5DD6,
    0x65D6, 0x65D6, 0x65D6, 0x65D6, 0x65F6, 0x65F6, 0x65D6, 0x65D6, 0x5DD6, 0x65D6, 0x65F6, 0x65F6,
    0x65D6, 0x5DB5, 0x5D95, 0x5D95, 0x5DB5, 0x5DB6, 0x65D6, 0x65D6, 0x65D6, 0x65D6, 0x5DD6, 0x65D6,
    0x65F6, 0x6DF6, 0x65F6, 0x65F6, 0x65F6, 0x65F6, 0x65D6, 0x5DD6, 0x65D6, 0x65D6, 0x5DB6, 0x5DB5,
    0x5D95, 0x5595, 0x5595, 0x5DB5, 0x65D6, 0x65D6, 0x65D6, 0x5DD6, 0x5DB6, 0x5DB6, 0x5DB6, 0x5DB6,
    0x5DB6, 0x5DD6, 0x5DD6, 0x5DD6, 0x5DB6, 0x65D6, 0x65F6, 0x6DF7, 0x6DF7, 0x65F6, 0x65D6, 0x5DB5,
    0x5DB5, 0x5D95, 0x5D95, 0x5DB5, 0x65D6, 0x65D6, 0x5DD6, 0x5DB5, 0x5595, 0x5575, 0x5575, 0x5595,
    0x5DB5, 0x5DB6, 0x65D6, 0x65D6, 0x5DD6, 0x5DB6, 0x5DD6, 0x5DB6, 0x5DB5, 0x5DB5, 0x5DB5, 0x5DD6,
    0x65D6, 0x65F6, 0x65F6, 0x65D6, 0x5DB5, 0x5DB5, 0x65D6, 0x65D6, 0x5DB5, 0x5DB5, 0x5D95, 0x5DB5,
    0x5DB5, 0x5DB5, 0x5DB5, 0x5DB5, 0x5DB5, 0x5DB5, 0x5DB6, 0x65D6, 0x5DB5, 0x5DD6, 0x65F6, 0x65F6,
    0x6E17, 0x6E17, 0x6DF6, 0x65F6, 0x65F6, 0x65F6, 0x65D6, 0x65D6, 0x65D6, 0x65D6, 0x65D6, 0x5DB6,
    0x5DB5, 0x5DB5, 0x5DB5, 0x5DB5, 0x5DB5, 0x5DB6, 0x5DB6, 0x65D6, 0x65F6, 0x6E17, 0x6E17, 0x6DF7,
    0x65D6, 0x5DD6, 0x5DD6, 0x5DD6, 0x5DB5, 0x5DB5, 0x65D6, 0x65D6, 0x65D6, 0x65D6, 0x5DB6, 0x5DB6,
    0x65D6, 0x65F6, 0x7617, 0x7617, 0x65F6, 0x65D6, 0x5DB6, 0x5DD6, 0x6DF6, 0x6DF7, 0x6DF6, 0x6DF6,
    0x6DF6, 0x65F6, 0x65F6, 0x65F6, 0x65F6, 0x65F6, 0x5DD6, 0x5DB5, 0x5DB5, 0x5DB5, 0x5DB5, 0x5DB5,
    0x5DB5, 0x5DB6, 0x5DB6, 0x5DD6, 0x5DD6, 0x65D6, 0x65D6, 0x65D6, 0x6DF6, 0x6DF7, 0x65F6, 0x65F6,
    0x65F6, 0x65F6, 0x65D6, 0x65D6, 0x65D6, 0x65D6, 0x65D6, 0x5DB6, 0x5DB5, 0x5D95, 0x5595, 0x5DB5,
    0x65D6, 0x65F6, 0x65D6, 0x5DB6, 0x5595, 0x5575, 0x5595, 0x5595, 0x5D95, 0x5DB5, 0x65D6, 0x65F6,
    0x65F6, 0x65D6, 0x65D6, 0x5DD6, 0x5D95, 0x5595, 0x5595, 0x5D95, 0x5DB5, 0x5DD6, 0x65D6, 0x65D6,
    0x5DB5, 0x5DB5, 0x5DD6, 0x5DD6, 0x5DB6, 0x5DB5, 0x5DB5, 0x65D6, 0x65D6, 0x65D6, 0x65D6, 0x5DD6,
    0x5DB6, 0x5DB5, 0x5DB5, 0x5DB5, 0x5DB6, 0x5DD6, 0x65D6, 0x65D6, 0x65F6, 0x65F6, 0x65F6, 0x65F6,
    0x65F6, 0x65D6, 0x5DB6, 0x5DB5, 0x5DB5, 0x5DB6, 0x5DD6, 0x5DB6, 0x5DB5, 0x5DB5, 0x5DD6, 0x5DD6,
    0x5DB5, 0x5DB5, 0x5DB5, 0x5DB6, 0x65D6, 0x6DF7, 0x6E17, 0x6DF7, 0x65D6, 0x5DB6, 0x5DD6, 0x5DD6,
    0x5DB5, 0x5DB5, 0x5DD6, 0x65D6, 0x65D6, 0x65D6, 0x65D6, 0x65D6, 0x65D6, 0x65F6, 0x7617, 0x7617,
    0x65F6, 0x5DB6, 0x5DB5, 0x5DB5, 0x65D6, 0x65D6, 0x65D6, 0x65D6, 0x65F6, 0x65F6, 0x65F6, 0x65F6,
    0x65F6, 0x65F6, 0x5DD6, 0x5DB5, 0x5DB5, 0x5DB5, 0x5D95, 0x5D95, 0x5D95, 0x5DB5, 0x5DB5, 0x65D6,
    0x65D6, 0x65D6, 0x65D6, 0x65F6, 0x6DF7, 0x6E17, 0x6DF7, 0x65F6, 0x65F6, 0x65F6, 0x65D6, 0x5DD6,
    0x65D6, 0x65D6, 0x65F6, 0x65D6, 0x5DD6, 0x5DB5, 0x5DB5, 0x5DB5, 0x65D6, 0x65F6, 0x65D6, 0x65D6,
    0x5DB5, 0x5595, 0x5595, 0x5D95, 0x5DB5, 0x5DB5, 0x65D6, 0x65D6, 0x65D6, 0x65F6, 0x65D6, 0x5DD6,
    0x5D95, 0x5595, 0x5595, 0x5595, 0x5D95, 0x5DB5, 0x65D6, 0x65D6, 0x5DB5, 0x5DB5, 0x5DD6, 0x65D6,
    0x5DD6, 0x5DB6, 0x5DB6, 0x65D6, 0x65D6, 0x65D6, 0x65D6, 0x5DD6, 0x5DD6, 0x5DB6, 0x5DB6, 0x5DB6,
    0x5DB5, 0x5DB5, 0x5DB5, 0x5DB5, 0x5DB5, 0x65D6, 0x65F6, 0x65F6, 0x65D6, 0x5DD6, 0x5D95, 0x5595,
    0x5DB5, 0x5DB6, 0x65D6, 0x65D6, 0x65D6, 0x65D6, 0x65D6, 0x65D6, 0x5DB5, 0x5D95, 0x5595, 0x5595,
    0x5DB5, 0x5DD6, 0x65D6, 0x65D6, 0x5DB6, 0x5DB6, 0x5DD6, 0x65D6, 0x65D6, 0x65D6, 0x5DD6, 0x5DD6,
    0x5DB6, 0x5DB5, 0x5DB5, 0x5DB5, 0x5DD6, 0x65D6, 0x65D6, 0x65D6, 0x5DB6, 0x5D95, 0x5595, 0x5595,
    0x5D95, 0x5D95, 0x5D95, 0x5DB5, 0x65B6, 0x65D6, 0x6DF6, 0x6DF7, 0x65F6, 0x65D6, 0x5DB5, 0x5DB5,
    0x5D95, 0x5595, 0x5595, 0x5595, 0x5595, 0x5595, 0x5DB5, 0x65D6, 0x6DF7, 0x7617, 0x65F6, 0x65D6,
    0x65D6, 0x65D6, 0x65D6, 0x65D6, 0x65D6, 0x65D6, 0x65D6, 0x65F6, 0x65F6, 0x6DF7, 0x7617, 0x6E17,
    0x6DF6, 0x65D6, 0x65D6, 0x5DD6, 0x65D6, 0x65D6, 0x65D6, 0x65D6, 0x65D6, 0x5DB6, 0x5DB5, 0x5DB5,
    0x65D6, 0x65D6, 0x5DD6, 0x5DB6, 0x5DB6, 0x65D6, 0x65D6, 0x5DD6, 0x5DB5, 0x5595, 0x5D95, 0x5D95,
    0x5DB5, 0x5DB5, 0x5DB6, 0x5DB6, 0x5DB5, 0x5DB5, 0x65D6, 0x65F6, 0x65D6, 0x5DB6, 0x5DB5, 0x5DB5,
    0x5DB5, 0x5DB5, 0x5DB6, 0x5DD6, 0x5DD6, 0x5DD6, 0x5DD6, 0x5DD6, 0x5DB5, 0x5DB5, 0x5DB5, 0x5D95,
    0x5D95, 0x5DB5, 0x65F6, 0x6DF6, 0x65D6, 0x65D6, 0x5DB5, 0x5DB5, 0x5DB6, 0x5DD6, 0x65D6, 0x65D6,
    0x65D6, 0x65D6, 0x65D6, 0x65D6, 0x5DB5, 0x5595, 0x5575, 0x5595, 0x5D95, 0x5DB5, 0x5DD6, 0x65D6,
    0x5DB5, 0x5DB5, 0x5DB5, 0x65D6, 0x65D6, 0x65D6, 0x65D6, 0x5DD6, 0x5DD6, 0x5DB6, 0x5DB5, 0x5DB5,
    0x5DB5, 0x5DB6, 0x5DD6, 0x5DB6, 0x5D95, 0x5595, 0x5595, 0x5595, 0x5575, 0x5575, 0x5595, 0x5D95,
    0x5DB5, 0x65D6, 0x6DF6, 0x6DF6, 0x65D6, 0x5DD6, 0x5DB5, 0x5DB5, 0x5D95, 0x5595, 0x5595, 0x5595,
    0x5595, 0x5D95, 0x5DB6, 0x65D6, 0x6DF7, 0x6DF7, 0x65D6, 0x65D6, 0x65D6, 0x65D6, 0x5DD6, 0x5DD6,
    0x5DD6, 0x5DD6, 0x65D6, 0x65F6, 0x65F6, 0x6DF7, 0x7617, 0x7617, 0x6E17, 0x6DF6, 0x65D6, 0x5DD6,
    0x5DB5, 0x5DB6, 0x65D6, 0x6DF6, 0x65D6, 0x65D6, 0x5DB6, 0x5DB6, 0x65D6, 0x65D6, 0x5DD6, 0x5DB5,
    0x5DB5, 0x5DD6, 0x65D6, 0x65D6, 0x5DD6, 0x5DB5, 0x5DB5, 0x5DB5, 0x5DB5, 0x5DB5, 0x5DB6, 0x5DB5,
    0x5DB5, 0x5DB5, 0x65D6, 0x65F6, 0x65D6, 0x5DD6, 0x5DB5, 0x5D95, 0x5595, 0x5DB5, 0x5DB5, 0x5DD6,
    0x65F6, 0x65F6, 0x65D6, 0x5DD6, 0x5DB5, 0x5DB5, 0x5DB5, 0x5DB5, 0x5D95, 0x65B6, 0x6E17, 0x7617,
    0x6DF6, 0x65D6, 0x65D6, 0x5DD6, 0x65D6, 0x65D6, 0x5DD6, 0x5DB6, 0x5DB6, 0x65D6, 0x65D6, 0x65D6,
    0x5DB5, 0x5D95, 0x5D95, 0x5DB5, 0x5DB6, 0x65D6, 0x65D6, 0x65D6, 0x5DB5, 0x5DB5, 0x5DB5, 0x5DB5,
    0x65D6, 0x65D6, 0x65D6, 0x65D6, 0x65F6, 0x65F6, 0x5DD6, 0x5DB5, 0x5DB5, 0x5DB6, 0x65D6, 0x65B6,
    0x5D95, 0x5595, 0x5595, 0x5595, 0x5595, 0x5595, 0x5595, 0x5595, 0x5D95, 0x5DB6, 0x65D6, 0x65D6,
    0x5DD6, 0x5DB6, 0x5DD6, 0x5DD6, 0x5DD6, 0x5DB6, 0x5DB5, 0x5DB5, 0x5DB5, 0x5DB6, 0x5DD6, 0x5DD6,
    0x65D6, 0x5DB6, 0x5DB6, 0x5DB6, 0x65D6, 0x65D6, 0x5DB6, 0x5DB5, 0x5DB5, 0x5DD6, 0x65D6, 0x65D6,
    0x65D6, 0x65D6, 0x65F6, 0x6DF6, 0x6DF6, 0x65F6, 0x65D6, 0x5DB5, 0x5DB5, 0x5DB5, 0x65D6, 0x65F6,
    0x65D6, 0x65D6, 0x5DD6, 0x5DD6, 0x5DD6, 0x5DD6, 0x5DD6, 0x5DD6, 0x65D6, 0x65D6, 0x65F6, 0x65F6,
    0x65D6, 0x65D6, 0x65D6, 0x5DD6, 0x5DB6, 0x5DB5, 0x5DD6, 0x5DD6, 0x5DB5, 0x5DB6, 0x65F6, 0x65F6,
    0x65F6, 0x65D6, 0x5DD6, 0x5DB5, 0x5D95, 0x5D95, 0x5DB5, 0x65D6, 0x7617, 0x7617, 0x65F6, 0x5DD6,
    0x5DB5, 0x5DB5, 0x5DB5, 0x5DB5, 0x5DB5, 0x65D6, 0x6DF7, 0x7617, 0x6DF6, 0x65F6, 0x65F6, 0x65D6,
    0x65D6, 0x65D6, 0x5DB6, 0x5DB5, 0x5DB6, 0x5DB6, 0x5DB6, 0x5DB5, 0x5DB5, 0x5DB5, 0x5DB5, 0x5DD6,
    0x65D6, 0x65F6, 0x65F6, 0x65D6, 0x5DB5, 0x5DB5, 0x5D95, 0x5DB5, 0x5DB5, 0x5DD6, 0x5DD6, 0x65D6,
    0x6DF7, 0x6DF7, 0x65D6, 0x5DB6, 0x5DB5, 0x5DB5, 0x65D6, 0x65D6, 0x5DB5, 0x5D95, 0x5595, 0x5595,
    0x5595, 0x5595, 0x5595, 0x5595, 0x5DB5, 0x5DB6, 0x65D6, 0x65D6, 0x5DD6, 0x5DB6, 0x5DD6, 0x65D6,
    0x65D6, 0x65D6, 0x65D6, 0x65D6, 0x65D6, 0x65D6, 0x65D6, 0x5DD6, 0x5DB5, 0x5D95, 0x5D95, 0x5DB5,
    0x65D6, 0x65D6, 0x5DB5, 0x5DB5, 0x5DB5, 0x5DB6, 0x65D6, 0x65D6, 0x5DB6, 0x5DD6, 0x65D6, 0x65F6,
    0x65F6, 0x65F6, 0x5DD6, 0x5DB5, 0x5DB5, 0x5DB5, 0x5DD6, 0x65D6, 0x65D6, 0x65D6, 0x65D6, 0x5DD6,
    0x5DB6, 0x5DB5, 0x5DD6, 0x65D6, 0x65D6, 0x65D6, 0x65F6, 0x65F6, 0x65F6, 0x65F6, 0x65F6, 0x65F6,
    0x65D6, 0x65D6, 0x65D6, 0x65D6, 0x5DD6, 0x5DD6, 0x65D6, 0x65F6, 0x65F6, 0x65F6, 0x5DD6, 0x5DB5,
    0x5DB5, 0x5DB5, 0x5DB5, 0x65D6, 0x7637, 0x7637, 0x65F6, 0x5DD6, 0x5D95, 0x5DB5, 0x65D6, 0x65D6,
    0x65D6, 0x65D6, 0x65D6, 0x65D6, 0x65D6, 0x65F6, 0x6DF6, 0x6DF6, 0x65D6, 0x5DB6, 0x5DB5, 0x5DB5,
    0x5DB6, 0x5DB5, 0x5DB5, 0x5DB5, 0x5DB5, 0x5DB5, 0x65D6, 0x65F6, 0x6DF7, 0x6DF7, 0x65D6, 0x5DB6,
    0x5DB5, 0x5D95, 0x5595, 0x5595, 0x5595, 0x5DB5, 0x5DB5, 0x65D6, 0x6E17, 0x6E17, 0x65F6, 0x5DD6,
    0x5DB5, 0x5DB5, 0x5DD6, 0x65D6, 0x65B6, 0x5DB5, 0x5D95, 0x5575, 0x5575, 0x5575, 0x5595, 0x5D95,
    0x5DB5, 0x65D6, 0x65D6, 0x65D6, 0x5DD6, 0x5DB5, 0x5DB5, 0x65D6, 0x65F6, 0x6DF6, 0x65F6, 0x65F6,
    0x65F6, 0x65F6, 0x65F6, 0x65D6, 0x5DB5, 0x5D95, 0x5D95, 0x5D95, 0x65D6, 0x65D6, 0x5DB6, 0x5DB5,
    0x5DD6, 0x5DD6, 0x65D6, 0x5DB6, 0x5DB5, 0x5DB5, 0x5DD6, 0x65D6, 0x65F6, 0x65F6, 0x65D6, 0x5DB6,
    0x5DB5, 0x5DB5, 0x5DB5, 0x5DD6, 0x65F6, 0x65F6, 0x65D6, 0x5DB6, 0x5DB5, 0x5DB5, 0x5DB5, 0x5DD6,
    0x65D6, 0x65D6, 0x65F6, 0x6DF6, 0x6DF6, 0x6DF6, 0x65F6, 0x65F6, 0x6DF6, 0x6DF7, 0x6DF6, 0x65F6,
    0x65D6, 0x5DD6, 0x5DD6, 0x5DD6, 0x65D6, 0x65D6, 0x5DD6, 0x5DB5, 0x5DB5, 0x5DB5, 0x5DB6, 0x65D6,
    0x6E17, 0x6E17, 0x65D6, 0x5DD6, 0x5DB5, 0x5DB6, 0x65D6, 0x65D6, 0x65D6, 0x5DD6, 0x5DD6, 0x5DD6,
    0x65D6, 0x65D6, 0x6DF6, 0x6DF6, 0x65D6, 0x5DB6, 0x5DB6, 0x5DB6, 0x5DB5, 0x5DB5, 0x5D95, 0x5D95,
    0x5DB5, 0x5DB5, 0x65D6, 0x6DF6, 0x6E17, 0x6DF7, 0x65D6, 0x5DB5, 0x5DB5, 0x5D95, 0x5595, 0x5575,
    0x5575, 0x5595, 0x5DB5, 0x65D6, 0x6E17, 0x6E17, 0x6DF6, 0x65D6, 0x5DD6, 0x5DB6, 0x65D6, 0x65D6,
    0x65D6, 0x65D6, 0x5DB5, 0x5595, 0x5595, 0x5595, 0x5D95, 0x5DB6, 0x65D6, 0x65D6, 0x65D6, 0x65D6,
    0x5DB5, 0x5DB5, 0x5DB5, 0x5DD6, 0x65D6, 0x65D6, 0x65D6, 0x65D6, 0x65D6, 0x65F6, 0x65F6, 0x65D6,
    0x5DD6, 0x5DB5, 0x5D95, 0x5DB5, 0x65D6, 0x65D6, 0x5DB6, 0x5DB6, 0x5DD6, 0x65D6, 0x65D6, 0x5DB6,
    0x5DB5, 0x5DB5, 0x5DB6, 0x65D6, 0x65D6, 0x65D6, 0x5DD6, 0x5DB6, 0x5DB5, 0x5DB5, 0x5DB5, 0x5DB6,
    0x65F6, 0x6DF7, 0x65D6, 0x5DB6, 0x5DB5, 0x5DB5, 0x5DB6, 0x5DD6, 0x5DB6, 0x5DD6, 0x65D6, 0x65D6,
    0x65D6, 0x65D6, 0x65D6, 0x65F6, 0x6DF6, 0x6DF7, 0x6DF6, 0x65F6, 0x65D6, 0x5DB6, 0x5DB5, 0x5DB5,
    0x5DB5, 0x5DB6, 0x5DB6, 0x5DB6, 0x5DB5, 0x5DB6, 0x5DD6, 0x65D6, 0x65F6, 0x65F6, 0x5DD6, 0x5DB5,
    0x65D6, 0x65D6, 0x5DB5, 0x5D95, 0x5D95, 0x5D95, 0x5DB5, 0x5DB6, 0x5DB5, 0x5DD6, 0x65D6, 0x65F6,
    0x65D6, 0x65D6, 0x65D6, 0x5DD6, 0x5DB5, 0x5D95, 0x5595, 0x5595, 0x5D95, 0x5DB6, 0x65F6, 0x6DF7,
    0x6DF7, 0x65F6, 0x5DB5, 0x5D95, 0x5D95, 0x5D95, 0x5D95, 0x5D95, 0x5575, 0x5595, 0x5DB5, 0x5DD6,
    0x6DF6, 0x6E17, 0x6E17, 0x6E17, 0x6DF6, 0x65F6, 0x65F6, 0x65F6, 0x6DF6, 0x65D6, 0x65D6, 0x5DB5,
    0x5DB5, 0x5DB6, 0x65D6, 0x65F6, 0x65F6, 0x65D6, 0x65D6, 0x5DB5, 0x5DB5, 0x5D95, 0x5DB5, 0x5DB5,
    0x5DB5, 0x5DB5, 0x5DB5, 0x5DB5, 0x5DB6, 0x65D6, 0x65F6, 0x65F6, 0x65D6, 0x65D6, 0x5DB5, 0x5DB6,
    0x65D6, 0x65D6, 0x5DB6, 0x5DB6, 0x5DD6, 0x65D6, 0x65D6, 0x5DD6, 0x5DB5, 0x5DB5, 0x65D6, 0x65D6,
    0x5DB5, 0x5DB5, 0x5DB5, 0x5DB6, 0x5DB6, 0x5DB5, 0x5DB5, 0x5DB6, 0x65D6, 0x65F6, 0x65D6, 0x65D6,
    0x5DB6, 0x5DB6, 0x5DD6, 0x5DB6, 0x5DB5, 0x5D95, 0x5D95, 0x5D95, 0x5DB5, 0x5DB5, 0x5DB6, 0x5DD6,
    0x65D6, 0x65D6, 0x65D6, 0x65D6, 0x5DB5, 0x5DB5, 0x5595, 0x5595, 0x5D95, 0x5DB5, 0x5DB6, 0x65D6,
    0x65D6, 0x65D6, 0x65F6, 0x65D6, 0x65D6, 0x65B6, 0x5DB5, 0x5DB5, 0x6DF6, 0x65D6, 0x5D95, 0x5575,
    0x5575, 0x5595, 0x5DB5, 0x5DB5, 0x5DB5, 0x5DB5, 0x65D6, 0x65D6, 0x65D6, 0x65D6, 0x65D6, 0x65D6,
    0x5DB6, 0x5DB5, 0x5D95, 0x5D95, 0x5DB5, 0x5DB5, 0x65D6, 0x65F6, 0x65F6, 0x65D6, 0x5DB5, 0x5D95,
    0x5D95, 0x5DB5, 0x5DB5, 0x5DB5, 0x5595, 0x5595, 0x5D95, 0x5DB6, 0x65F6, 0x6DF7, 0x7617, 0x7617,
    0x6DF7, 0x65F6, 0x65F6, 0x65D6, 0x65D6, 0x65D6, 0x65D6, 0x5DB6, 0x5DB6, 0x65D6, 0x65F6, 0x6DF7,
    0x65F7, 0x65F6, 0x65D6, 0x5DB5, 0x5D95, 0x5D95, 0x5DB5, 0x5DB5, 0x5DB5, 0x5DB5, 0x5D95, 0x5D95,
    0x5DB5, 0x5DB5, 0x65D6, 0x65D6, 0x65D6, 0x65D6, 0x5DD6, 0x65D6, 0x6DF6, 0x65D6, 0x65B6, 0x5DB5,
    0x5DB6, 0x5DD6, 0x65D6, 0x5DD6, 0x5DB5, 0x5DB5, 0x65D6, 0x65B6, 0x5D95, 0x5D95, 0x5DB5, 0x5DB5,
    0x5DD6, 0x5DD6, 0x5DB6, 0x65D6, 0x65D6, 0x65F6, 0x65D6, 0x65D6, 0x5DD6, 0x5DD6, 0x65D6, 0x65D6,
    0x5DB5, 0x5D95, 0x5595, 0x5595, 0x5DB5, 0x5DB5, 0x5DB6, 0x5DB6, 0x5DD6, 0x5DD6, 0x5DB6, 0x5DB6,
    0x5DB5, 0x5DB5, 0x5595, 0x5595, 0x5595, 0x5D95, 0x5DB5, 0x65D6, 0x65D6, 0x65F6, 0x65F6, 0x65F6,
    0x5DD6, 0x5DB5, 0x5DB5, 0x5DB5, 0x65F6, 0x65D6, 0x5DB6, 0x5595, 0x5595, 0x5595, 0x5DB5, 0x5DB5,
    0x5DB5, 0x5DB5, 0x5DB5, 0x5DB6, 0x5DB6, 0x65D6, 0x65F6, 0x6DF7, 0x6DF6, 0x65F6, 0x65D6, 0x5DD6,
    0x5DB5, 0x5DB5, 0x5DB6, 0x5DD6, 0x65D6, 0x65D6, 0x5DB5, 0x5D95, 0x5D95, 0x5DB5, 0x5DB6, 0x5DB5,
    0x5DB5, 0x5D95, 0x5595, 0x5DB5, 0x5DD6, 0x65F6, 0x6DF7, 0x6DF7, 0x65D6, 0x5DD6, 0x5DB5, 0x5DB5,
    0x5DB5, 0x5DB5, 0x5DB5, 0x5DB5, 0x5DB5, 0x5DB5, 0x5DD6, 0x65D6, 0x6DF7, 0x6DF7, 0x65D6, 0x65D6,
    0x5DB5, 0x5DB5, 0x5DB5, 0x5DB5, 0x5DB5, 0x5DB5, 0x5D95, 0x5D95, 0x5595, 0x5595, 0x5DB5, 0x5DB6,
    0x5DD6, 0x65D6, 0x65D6, 0x65D6, 0x6DF7, 0x6DF7, 0x65B6, 0x5D95, 0x5D95, 0x5DB5, 0x5DB6, 0x5DB6,
    0x5DB5, 0x5DB5, 0x5DB6, 0x5DB5, 0x5595, 0x5595, 0x5D95, 0x5DB5, 0x65D6, 0x65D6, 0x65D6, 0x65F6,
    0x65F6, 0x65D6, 0x5DD6, 0x5DB6, 0x65D6, 0x65D6, 0x65F6, 0x65F6, 0x65D6, 0x65D6, 0x5DB6, 0x5DD6,
    0x65D6, 0x65D6, 0x65D6, 0x5DD6, 0x65D6, 0x65D6, 0x65D6, 0x5DB6, 0x65D6, 0x5DB6, 0x5DB5, 0x5D95,
    0x5595, 0x5595, 0x5D95, 0x5DB5, 0x65D6, 0x65F6, 0x65F6, 0x65F6, 0x65D6, 0x5DD6, 0x5DD6, 0x5DD6,
    0x65F6, 0x65D6, 0x5DD6, 0x5DB5, 0x5DB5, 0x5DB5, 0x5DB5, 0x5DB5, 0x5DB5, 0x5DB5, 0x5DB5, 0x5DB5,
    0x5DB5, 0x5DB6, 0x65D6, 0x6DF6, 0x6DF7, 0x6DF6, 0x65F6, 0x65D6, 0x5DD6, 0x5DB5, 0x5DB5, 0x5DB5,
    0x5DD6, 0x5DD6, 0x5DB5, 0x5DB5, 0x5DB5, 0x5DB5, 0x5DB6, 0x5DB5, 0x5DB5, 0x5D95, 0x5595, 0x5595,
    0x5DB5, 0x65D6, 0x65D6, 0x65D6, 0x5DB6, 0x5DB5, 0x5D95, 0x5D95, 0x5D95, 0x5D95, 0x5D95, 0x5DB5,
    0x5DB5, 0x5DB5, 0x5DB5, 0x5DD6, 0x65F6, 0x65F6, 0x65F6, 0x65D6, 0x65D6, 0x5DD6, 0x65D6, 0x65D6,
    0x5DB6, 0x5DB5, 0x5D95, 0x5D95, 0x5595, 0x5595, 0x5DB5, 0x5DB5, 0x5DD6, 0x65D6, 0x65D6, 0x65F6,
    0x6DF7, 0x6DF7, 0x65B6, 0x5DB5, 0x5D95, 0x5DB5, 0x5DB6, 0x65D6, 0x65D6, 0x65D6, 0x5DD6, 0x5DB5,
    0x5595, 0x5595, 0x5D95, 0x5DB5, 0x65D6, 0x65D6, 0x65F6, 0x65F6, 0x65F6, 0x5DD6, 0x5DB5, 0x5DB5,
    0x5DD6, 0x65D6, 0x65F6, 0x6DF6, 0x65F6, 0x65D6, 0x65D6, 0x65D6, 0x65F6, 0x65F6, 0x65D6, 0x65D6,
    0x65F6, 0x65F6, 0x65D6, 0x65D6, 0x65D6, 0x65D6, 0x5DB5, 0x5D95, 0x5595, 0x5595, 0x5D95, 0x5DB6,
    0x65F6, 0x6DF7, 0x65F6, 0x65D6, 0x5DD6, 0x5DD6, 0x65D6, 0x65D6, 0x6DF7, 0x65F6, 0x65D6, 0x5DD6,
    0x5DB5, 0x5DB5, 0x5DB5, 0x5DD6, 0x65D6, 0x65F6, 0x65D6, 0x5DB6, 0x5DB6, 0x5DB6, 0x65D6, 0x65D6,
    0x65D6, 0x65D6, 0x65D6, 0x5DD6, 0x65D6, 0x5DD6, 0x5DB6, 0x5DB6, 0x5DD6, 0x5DD6, 0x5DD6, 0x5DD6,
    0x5DB6, 0x5DB5, 0x5DB5, 0x5D95, 0x5D95, 0x5595, 0x5595, 0x5595, 0x5DB5, 0x5DB6, 0x5DB6, 0x5DB5,
    0x5D95, 0x5D95, 0x5D95, 0x5D95, 0x5D95, 0x5D95, 0x5D95, 0x5DB5, 0x5DB5, 0x5DB5, 0x5DB5, 0x5DB5,
    0x5DD6, 0x65D6, 0x65D6, 0x65F6, 0x65F6, 0x65F7, 0x6E17, 0x6DF7, 0x65D6, 0x5DB5, 0x5D95, 0x5D95,
    0x5DB5, 0x5DB6, 0x5DB6, 0x5DD6, 0x5DD6, 0x65D6, 0x65F6, 0x6DF6, 0x6DF6, 0x6DF6, 0x65D6, 0x65D6,
    0x65D6, 0x65D6, 0x65D6, 0x65D6, 0x65F6, 0x65F6, 0x65D6, 0x5DD6, 0x5DB5, 0x5D95, 0x5DB5, 0x5DB5,
    0x5DB5, 0x5DD6, 0x65F6, 0x65F6, 0x65D6, 0x5DB6, 0x5595, 0x5595, 0x5DB5, 0x5DD6, 0x65D6, 0x65F6,
    0x65D6, 0x65D6, 0x65D6, 0x65D6, 0x65D6, 0x65D6, 0x65D6, 0x65D6, 0x6DF7, 0x6DF7, 0x65F6, 0x65D6,
    0x65D6, 0x5DB6, 0x5DB5, 0x5DB5, 0x5D95, 0x5DB5, 0x5DB6, 0x65F6, 0x7617, 0x7617, 0x65D6, 0x5DB6,
    0x5DB5, 0x5DB5, 0x65D6, 0x65F6, 0x6DF7, 0x6DF7, 0x65F6, 0x65F6, 0x65D6, 0x5DD6, 0x5DB5, 0x65D6,
    0x65F6, 0x65F6, 0x65D6, 0x5DB6, 0x5DB5, 0x5DB5, 0x5DB5, 0x5DB5, 0x5DB6, 0x5DD6, 0x5DD6, 0x65D6,
    0x65D6, 0x65D6, 0x5DB6, 0x5DB6, 0x5DD6, 0x65D6, 0x65D6, 0x65F6, 0x65D6, 0x5DD6, 0x5DB5, 0x5D95,
    0x5DB5, 0x5DB5, 0x5DB5, 0x5DB5, 0x5DB6, 0x5DB6, 0x5DB5, 0x5DB5, 0x5D95, 0x5D95, 0x5D95, 0x5DB5,
    0x5DB5, 0x5DB5, 0x5DB5, 0x5DB5, 0x5DB5, 0x5D95, 0x5D95, 0x5595, 0x5DB5, 0x5DB5, 0x65D6, 0x65D6,
    0x65F6, 0x6DF7, 0x7617, 0x6E17, 0x65F6, 0x65D6, 0x5DB5, 0x5DB5, 0x5DD6, 0x65D6, 0x65D6, 0x65D6,
    0x5DD6, 0x65D6, 0x65D6, 0x65D6, 0x65D6, 0x65D6, 0x65D6, 0x65D6, 0x65D6, 0x65D6, 0x65D6, 0x65D6,
    0x6DF7, 0x6DF7, 0x65F6, 0x65D6, 0x5DB6, 0x5DB5, 0x5DB5, 0x5DB5, 0x5DB5, 0x5DB5, 0x65D6, 0x65D6,
    0x5DD6, 0x5DB5, 0x5D95, 0x5D95, 0x5DB5, 0x5DB6, 0x5DD6, 0x5DD6, 0x5DD6, 0x65D6, 0x65D6, 0x65D6,
    0x5DB6, 0x5DB6, 0x65B6, 0x65D6, 0x6DF6, 0x6DF7, 0x65F6, 0x65D6, 0x5DD6, 0x5DB6, 0x5DB5, 0x5DB5,
    0x5DB5, 0x5DB6, 0x65D6, 0x65F6, 0x6E17, 0x6E17, 0x65D6, 0x5DB6, 0x5DB5, 0x5DB5, 0x5DD6, 0x65D6,
    0x65F6, 0x65F6, 0x6DF7, 0x6DF7, 0x65F6, 0x65D6, 0x65D6, 0x65D6, 0x65F6, 0x65F6, 0x5DD6, 0x5DB5,
    0x5DB5, 0x5D95, 0x5D95, 0x5DB5, 0x5DB5, 0x5DD6, 0x65D6, 0x65D6, 0x65D6, 0x5DD6, 0x5DB6, 0x5DB6,
    0x5DD6, 0x65D6, 0x6DF6, 0x6E17, 0x65F6, 0x65F6, 0x65D6, 0x5DD6, 0x65D6, 0x65D6, 0x65F6, 0x65F6,
    0x65D6, 0x65D6, 0x65D6, 0x5DB5, 0x5DB5, 0x5D95, 0x5DB5, 0x5DB6, 0x65D6, 0x65D6, 0x5DD6, 0x5DB5,
    0x5DB5, 0x5D95, 0x5595, 0x5595, 0x5595, 0x5D95, 0x5DB5, 0x5DD6, 0x65D6, 0x65F6, 0x6E17, 0x7617,
    0x6E17, 0x65F6, 0x65D6, 0x65D6, 0x65F6, 0x65F6, 0x65F6, 0x65D6, 0x5DD6, 0x5DD6, 0x5DB6, 0x5DB6,
    0x5DB5, 0x5DB5, 0x5DB6, 0x5DB6, 0x5DB6, 0x5DB6, 0x65D6, 0x65F6, 0x7617, 0x7617, 0x6DF7, 0x65F6,
    0x5DD6, 0x5DB6, 0x5DB5, 0x5595, 0x5595, 0x5D95, 0x5DB5, 0x5DD6, 0x65D6, 0x65D6, 0x5DD6, 0x5DB6,
    0x5DB6, 0x5DB6, 0x5DB5, 0x5DB5, 0x5DB5, 0x5DB5, 0x65D6, 0x65D6, 0x5DB5, 0x5DB5, 0x5DB5, 0x5DB5,
    0x5DB6, 0x65B6, 0x5DD6, 0x5DD6, 0x5DB6, 0x5DB6, 0x5DB5, 0x5DB5, 0x5DB5, 0x5DD6, 0x65D6, 0x65D6,
    0x65D6, 0x65D6, 0x65F6, 0x65D6, 0x5DD6, 0x5DB5, 0x5DB5, 0x5DB5, 0x65D6, 0x65F6, 0x6DF6, 0x6E17,
    0x6DF7, 0x65F6, 0x65D6, 0x65D6, 0x65D6, 0x65D6, 0x5DB5, 0x5DB5, 0x5D95, 0x5D95, 0x5D95, 0x5DB5,
    0x5DB6, 0x65D6, 0x65F6, 0x65F6, 0x65F6, 0x65D6, 0x65D6, 0x65D6, 0x65D6, 0x65F6, 0x6DF7, 0x6E17,
    0x65F6, 0x65F6, 0x65D6, 0x65D6, 0x65F6, 0x65F6, 0x6DF7, 0x6DF6, 0x65F6, 0x65D6, 0x65D6, 0x65D6,
    0x5DB5, 0x5DB5, 0x5DB6, 0x5DB6, 0x65D6, 0x65D6, 0x5DD6, 0x5DB6, 0x5DB5, 0x5DB5, 0x5D95, 0x5595,
    0x5595, 0x5595, 0x5DB5, 0x5DD6, 0x5DD6, 0x65D6, 0x6E17, 0x7617, 0x6E17, 0x6DF7, 0x65F6, 0x65D6,
    0x65F6, 0x65F6, 0x65D6, 0x65D6, 0x5DD6, 0x5DD6, 0x5DB5, 0x5DB5, 0x5DB5, 0x5DB5, 0x5DB5, 0x5DB5,
    0x5DB5, 0x5DB5, 0x5DB6, 0x65D6, 0x6DF7, 0x6E17, 0x65F7, 0x65F6, 0x65D6, 0x5DD6, 0x5DB5, 0x5D95,
    0x5D95, 0x5DB5, 0x5DB5, 0x5DB6, 0x65D6, 0x65D6, 0x65D6, 0x65D6, 0x5DB6, 0x5DB5, 0x5D95, 0x5595,
    0x5D95, 0x5DB5, 0x5DD6, 0x5DD6, 0x5DB5, 0x5DB5, 0x5D95, 0x5595, 0x5D95, 0x5DB5, 0x5DB5, 0x5DB5,
    0x5DB5, 0x5DB5, 0x5DB5, 0x5DB5, 0x5DB5, 0x5DB6, 0x5DB6, 0x5DB5, 0x5DB5, 0x5DB6, 0x65D6, 0x65F6,
    0x65D6, 0x5DB6, 0x5DB5, 0x5DB5, 0x5DB6, 0x5DD6, 0x65F6, 0x65F6, 0x65F6, 0x65F6, 0x65D6, 0x5DB6,
    0x5DD6, 0x5DB5, 0x5D95, 0x5595, 0x5595, 0x5D95, 0x5D95, 0x5DB5, 0x65D6, 0x65F6, 0x6DF7, 0x6E17,
    0x6E17, 0x6E17, 0x6DF7, 0x6DF7, 0x6DF7, 0x65F6, 0x65F6, 0x65D6, 0x65D6, 0x5DD6, 0x5DB5, 0x5DB5,
    0x65D6, 0x65F6, 0x6E17, 0x6DF7, 0x65D6, 0x5DD6, 0x65D6, 0x65D6, 0x65D6, 0x5DB6, 0x5DB5, 0x5DB5,
    0x5DB5, 0x5DB6, 0x5DB6, 0x5DB5, 0x5DB5, 0x5DB5, 0x5DB5, 0x5DB5, 0x5D95, 0x5DB5, 0x5DB5, 0x5DB6,
    0x5DB6, 0x65D6, 0x6DF7, 0x6E17, 0x6E17, 0x6E17, 0x65F6, 0x65D6, 0x5DD6, 0x5DB6, 0x5DD6, 0x5DD6,
    0x5DD6, 0x5DB6, 0x5DB5, 0x5DB5, 0x5DB5, 0x5DB5, 0x5DB5, 0x5DB5, 0x5D95, 0x5D95, 0x5DB5, 0x5DB6,
    0x65D6, 0x65D6, 0x65D6, 0x65D6, 0x65F6, 0x65F6, 0x65D6, 0x5DD6, 0x65D6, 0x5DD6, 0x5DD6, 0x5DD6,
    0x65D6, 0x65D6, 0x65D6, 0x65D6, 0x5DB5, 0x5595, 0x5595, 0x5595, 0x5595, 0x5D95, 0x5DB5, 0x65D6,
    0x5DB5, 0x5DB5, 0x5DB5, 0x5D95, 0x5595, 0x5595, 0x5595, 0x5DB5, 0x5DB5, 0x5DB5, 0x5DB5, 0x5DB5,
    0x5DB5, 0x5DB5, 0x5595, 0x5595, 0x5595, 0x5D95, 0x5DD6, 0x65D6, 0x65D6, 0x65D6, 0x5DB6, 0x5DB5,
    0x65D6, 0x65D6, 0x65D6, 0x65F6, 0x65F6, 0x65F6, 0x65D6, 0x65D6, 0x65D6, 0x5DB5, 0x5D95, 0x5D95,
    0x5595, 0x5D95, 0x5DB5, 0x65D6, 0x65D6, 0x65D6, 0x6DF6, 0x6DF6, 0x6DF6, 0x6E17, 0x6E17, 0x6E17,
    0x6DF7, 0x65F6, 0x65D6, 0x5DD6, 0x5DB5, 0x5DB5, 0x5D95, 0x5DB5, 0x65D6, 0x6DF7, 0x7617, 0x6E17,
    0x65D6, 0x5DB6, 0x65D6, 0x65D6, 0x65D6, 0x65B6, 0x5DB5, 0x5DB5, 0x5DB5, 0x5DB5, 0x5DB5, 0x5DB5,
    0x5DB5, 0x5DB6, 0x5DD6, 0x5DD6, 0x5DB6, 0x5DB6, 0x5DB6, 0x5DB6, 0x5DD6, 0x5DD6, 0x65D6, 0x65F6,
    0x6DF6, 0x65F6, 0x65D6, 0x65D6, 0x5DB5, 0x5DB5, 0x65B6, 0x65D6, 0x5DB6, 0x5DB6, 0x5DB5, 0x5DB5,
    0x5DB5, 0x5DB5, 0x5DB5, 0x5DB5, 0x5D95, 0x5D95, 0x5D95, 0x5DB5, 0x5DB6, 0x5DD6, 0x5DD6, 0x5DD6,
    0x65D6, 0x65D6, 0x65D6, 0x65D6, 0x65D6, 0x65D6, 0x5DD6, 0x5DD6, 0x65D6, 0x65D6, 0x65D6, 0x65D6,
    0x5DB6, 0x5DB5, 0x5D95, 0x5595, 0x5595, 0x5DB5, 0x65B6, 0x65D6, 0x5DB6, 0x5DB5, 0x5DB5, 0x5DB5,
    0x5595, 0x5595, 0x5595, 0x5DB5, 0x5DB5, 0x5DB5, 0x5DB5, 0x5DB5, 0x5DB6, 0x5DB5, 0x5595, 0x5575,
    0x5575, 0x5595, 0x5DB5, 0x5DD6, 0x65D6, 0x65D6, 0x65D6, 0x65D6, 0x6DF7, 0x6DF6, 0x65D6, 0x65D6,
    0x65F6, 0x65F6, 0x6DF7, 0x6DF6, 0x65F6, 0x65D6, 0x5DB6, 0x5DB5, 0x5DB5, 0x5DB5, 0x65D6, 0x65D6,
    0x5DB6, 0x5DB5, 0x5DB5, 0x5DB5, 0x65D6, 0x65D6, 0x65F6, 0x65F6, 0x65D6, 0x65D6, 0x5DD6, 0x5DB6,
    0x5D95, 0x5595, 0x5D95, 0x5DB5, 0x5DD6, 0x6DF7, 0x7E37, 0x7E37, 0x65F6, 0x65D6, 0x65D6, 0x65D6,
    0x65D6, 0x65D6, 0x5DB6, 0x5DB5, 0x5D95, 0x5D95, 0x5DB5, 0x5DB5, 0x65D6, 0x65D6, 0x65D6, 0x65D6,
    0x6DF6, 0x6DF6, 0x65D6, 0x5DD6, 0x65D6, 0x5DD6, 0x5DB6, 0x5DB5, 0x5DB6, 0x5DB6, 0x5DB6, 0x5DB5,
    0x5D95, 0x5D95, 0x65D6, 0x65D6, 0x5DD6, 0x5DB5, 0x5DB5, 0x5DB5, 0x5DB5, 0x5DB5, 0x5DB5, 0x5DB5,
    0x5D95, 0x5D95, 0x5DB5, 0x5DB5, 0x5DD6, 0x5DD6, 0x5DB6, 0x5DB6, 0x5DB6, 0x5DD6, 0x5DD6, 0x65D6,
    0x65D6, 0x65D6, 0x5DB6, 0x5DB6, 0x5DB6, 0x65D6, 0x65D6, 0x6DF6, 0x6DF7, 0x6DF6, 0x65D6, 0x5DD6,
    0x5DD6, 0x65D6, 0x65D6, 0x65D6, 0x5DB6, 0x5DB5, 0x5DB5, 0x5DB5, 0x5595, 0x5595, 0x5595, 0x5DB5,
    0x5DD6, 0x65D6, 0x65D6, 0x65D6, 0x65D6, 0x5DB6, 0x5D95, 0x5595, 0x5595, 0x5595, 0x5595, 0x5DB5,
    0x5DB6, 0x65D6, 0x65D6, 0x65D6, 0x6E17, 0x6DF6, 0x65D6, 0x5DD6, 0x5DD6, 0x65D6, 0x6DF6, 0x6E17,
    0x65F6, 0x65D6, 0x65D6, 0x65D6, 0x5DB6, 0x5DD6, 0x65D6, 0x65D6, 0x5DB5, 0x5D95, 0x5595, 0x5D95,
    0x5DB5, 0x5DB6, 0x5DD6, 0x65D6, 0x65D6, 0x65D6, 0x5DD6, 0x5DB5, 0x5D95, 0x5595, 0x5D95, 0x5DB5,
    0x65D6, 0x6DF6, 0x7617, 0x7617, 0x65D6, 0x5DB6, 0x5DB6, 0x5DB6, 0x65D6, 0x65B6, 0x5DB6, 0x5DB6,
    0x5DB5, 0x5D95, 0x5DB5, 0x5DB5, 0x5DB6, 0x65D6, 0x65D6, 0x65D6, 0x6DF7, 0x6DF7, 0x65D6, 0x65D6,
    0x65D6, 0x65D6, 0x5DB5, 0x5595, 0x5595, 0x5DB5, 0x5DB5, 0x5D95, 0x5D95, 0x5DB5, 0x65D6, 0x65D6,
    0x5DB6, 0x5DB5, 0x5DB5, 0x5DB5, 0x5DD6, 0x5DD6, 0x5DD6, 0x5DB5, 0x5DB5, 0x5DB5, 0x5DB5, 0x5DB6,
    0x65D6, 0x65D6, 0x5DD6, 0x5DB6, 0x5DB5, 0x5DB5, 0x5DB6, 0x5DB6, 0x5DB6, 0x5DB6, 0x5DB6, 0x5DB6,
    0x5DB5, 0x5DB6, 0x65D6, 0x6DF6, 0x6E17, 0x6E17, 0x65F7, 0x65F6, 0x65F6, 0x65F6, 0x65F6, 0x65F6,
    0x65D6, 0x65D6, 0x5DD6, 0x5DB6, 0x5DB5, 0x5DB5, 0x5DB5, 0x5DB6, 0x65D6, 0x65D6, 0x65D6, 0x65D6,
    0x65D6, 0x65D6, 0x5DB5, 0x5D95, 0x5595, 0x5595, 0x5595, 0x5D95, 0x5DB5, 0x5DD6, 0x65D6, 0x65F6,
    0x65F6, 0x65D6, 0x5DB5, 0x5DB5, 0x5DB5, 0x5DB5, 0x65D6, 0x65F6, 0x65D6, 0x65F6, 0x6DF6, 0x6DF6,
    0x65D6, 0x65D6, 0x65D6, 0x5DD6, 0x5DB6, 0x5DB6, 0x5DB5, 0x5DB5, 0x5D95, 0x5DB5, 0x5DB6, 0x5DD6,
    0x65D6, 0x65D6, 0x65D6, 0x5DB6, 0x5DB5, 0x5D95, 0x5D95, 0x5DB5, 0x65D6, 0x65D6, 0x65F6, 0x65D6,
    0x5DB5, 0x5D95, 0x5D95, 0x5D95, 0x5D95, 0x5DB5, 0x65D6, 0x65D6, 0x5DB6, 0x5DB5, 0x5DB5, 0x5DB5,
    0x5DB5, 0x5DB5, 0x5DB6, 0x65D6, 0x65F6, 0x65F6, 0x65D6, 0x65D6, 0x6DF7, 0x65F6, 0x5DB6, 0x5DB5,
    0x5D95, 0x5D95, 0x5595, 0x5D95, 0x5D95, 0x5DB5, 0x5DB6, 0x5DB6, 0x5D95, 0x5D95, 0x5D95, 0x5DB5,
    0x5DD6, 0x65D6, 0x65F6, 0x65D6, 0x5DD6, 0x5DB5, 0x5DB5, 0x5DD6, 0x6E17, 0x6E17, 0x65D6, 0x5DB6,
    0x5DB5, 0x5D95, 0x5DB5, 0x5DB5, 0x5D95, 0x5DB5, 0x5DB5, 0x5DB5, 0x5DB5, 0x5DB5, 0x5DB5, 0x65D6,
    0x65F6, 0x6DF7, 0x6DF7, 0x6DF7, 0x6DF7, 0x6E17, 0x6E17, 0x6E17, 0x6E17, 0x6E17, 0x65F6, 0x65D6,
    0x5DD6, 0x5DD6, 0x65D6, 0x65D6, 0x65D6, 0x5DD6, 0x5DB6, 0x65D6, 0x65D6, 0x65D6, 0x5DD6, 0x5DB5,
    0x5DB5, 0x5595, 0x5D95, 0x5D95, 0x5DB5, 0x5DB6, 0x65D6, 0x65D6, 0x65F6, 0x65D6, 0x5DB6, 0x5DB5,
    0x5DB5, 0x5DB6, 0x65D6, 0x65D6, 0x65D6, 0x65D6, 0x6DF7, 0x6DF7, 0x65D6, 0x5DD6, 0x5DB5, 0x5DB5,
    0x5DB5, 0x5DB6, 0x5DB6, 0x5DB6, 0x5DB5, 0x5DB5, 0x5DB6, 0x65D6, 0x65F6, 0x65F6, 0x65D6, 0x5DD6,
    0x5DD6, 0x5DB6, 0x5DB5, 0x5DB6, 0x65D6, 0x65D6, 0x5DB6, 0x5DB5, 0x5D95, 0x5D95, 0x5595, 0x5595,
    0x5595, 0x5D95, 0x5DB5, 0x65B6, 0x5DB6, 0x5DB5, 0x5DB5, 0x5D95, 0x5D95, 0x5D95, 0x5DB5, 0x5DB6,
    0x65D6, 0x65D6, 0x65D6, 0x65D6, 0x65F6, 0x65F6, 0x65D6, 0x5DB6, 0x5DB5, 0x5D95, 0x5D95, 0x5D95,
    0x5DB5, 0x5DD6, 0x5DD6, 0x5DB5, 0x5D95, 0x5595, 0x5D95, 0x5DB5, 0x65D6, 0x65F6, 0x65F6, 0x65D6,
    0x5DB6, 0x5DB5, 0x5DB5, 0x5DD6, 0x6DF7, 0x6E17, 0x65F6, 0x65D6, 0x5DB6, 0x5DB5, 0x5D95, 0x5595,
    0x5595, 0x5595, 0x5DB5, 0x5DB5, 0x5DB5, 0x5DB5, 0x5DB5, 0x5DB5, 0x65D6, 0x65D6, 0x6DF7, 0x6DF7,
    0x6DF7, 0x6DF7, 0x65F7, 0x6DF7, 0x6E17, 0x6E17, 0x6DF7, 0x65F6, 0x65F6, 0x65F6, 0x65F6, 0x65F6,
    0x65D6, 0x5DD6, 0x5DD6, 0x5DD6, 0x65D6, 0x65D6, 0x65D6, 0x5DB6, 0x5DB5, 0x5DB5, 0x5DB5, 0x5DB5,
    0x5DB5, 0x5DB5, 0x5DD6, 0x65D6, 0x6E17, 0x6DF6, 0x65D6, 0x65D6, 0x65F6, 0x65F6, 0x65F6, 0x65D6,
    0x65D6, 0x65D6, 0x65F6, 0x65D6, 0x5DB6, 0x5D95, 0x5595, 0x5595, 0x5595, 0x5D95, 0x5DB5, 0x5DB6,
    0x5DB6, 0x5DB6, 0x65D6, 0x65D6, 0x6DF6, 0x6DF6, 0x65D6, 0x65D6, 0x65F6, 0x65F6, 0x65D6, 0x65D6,
    0x65D6, 0x5DB6, 0x5DB5, 0x5DB5, 0x5DB5, 0x5D95, 0x5D95, 0x5595, 0x5595, 0x5595, 0x5595, 0x5D95,
    0x5DB5, 0x5DB5, 0x5D95, 0x5595, 0x5595, 0x5595, 0x5595, 0x5DB5, 0x65D6, 0x65D6, 0x5DD6, 0x5DD6,
    0x65D6, 0x65D6, 0x65D6, 0x65D6, 0x5DB6, 0x5DB5, 0x5DB5, 0x5DB5, 0x65D6, 0x65D6, 0x65F6, 0x65D6,
    0x5DB5, 0x5DB5, 0x5DB5, 0x5DB6, 0x65D6, 0x65D6, 0x65D6, 0x5DD6, 0x5DB5, 0x5D95, 0x5DB5, 0x5DB6,
    0x65D6, 0x65D6, 0x65F6, 0x65F6, 0x65F6, 0x65D6, 0x5DB5, 0x5595, 0x5595, 0x5595, 0x5D95, 0x5DB5,
    0x5DB6, 0x5DB5, 0x5D95, 0x5D95, 0x5DB5, 0x5DB6, 0x65D6, 0x65D6, 0x65F6, 0x65F6, 0x65D6, 0x65D6,
    0x65F6, 0x6DF6, 0x6E17, 0x6E17, 0x6DF7, 0x65F6, 0x65F6, 0x65F6, 0x65F6, 0x65F6, 0x65F6, 0x65D6,
    0x65D6, 0x65D6, 0x5DB5, 0x5DB5, 0x5DD6, 0x5DD6, 0x5DD6, 0x5DB6, 0x5DB5, 0x5DB5, 0x5DB6, 0x5DD6,
    0x6E17, 0x6E17, 0x65F6, 0x65F6, 0x65F6, 0x65F6, 0x65F6, 0x65D6, 0x5DD6, 0x65D6, 0x65D6, 0x65D6,
    0x5DB5, 0x5595, 0x5575, 0x5575, 0x5575, 0x5595, 0x5DB5, 0x5DB5, 0x65D6, 0x65D6, 0x65D6, 0x65D6,
    0x6DF6, 0x65F6, 0x65D6, 0x5DD6, 0x65F6, 0x6DF6, 0x6DF6, 0x65F6, 0x5DD6, 0x5DB6, 0x5DB5, 0x5DB5,
    0x5DB5, 0x5DB5, 0x5D95, 0x5D95, 0x5595, 0x5595, 0x5595, 0x5D95, 0x5DB5, 0x5DB5, 0x5D95, 0x5D95,
    0x5D95, 0x5D95, 0x5D95, 0x5DB5, 0x65D6, 0x65D6, 0x5DD6, 0x5DD6, 0x65D6, 0x65D6, 0x65D6, 0x65D6,
    0x65D6, 0x65D6, 0x65D6, 0x65D6, 0x65F6, 0x6DF7, 0x6E17, 0x65F6, 0x5DD6, 0x5DB5, 0x5DB5, 0x5DD6,
    0x65D6, 0x65D6, 0x65D6, 0x5DB6, 0x5D95, 0x5595, 0x5D95, 0x5DB5, 0x5DB5, 0x5DD6, 0x65F6, 0x6DF6,
    0x6DF7, 0x65F6, 0x5DB6, 0x5595, 0x5595, 0x5595, 0x5D95, 0x5DB5, 0x65D6, 0x5DB6, 0x5D95, 0x5595,
    0x5595, 0x5D95, 0x5DB5, 0x5DD6, 0x65D6, 0x65D6, 0x5DD6, 0x5DD6, 0x65D6, 0x65F6, 0x65F6, 0x6DF7,
    0x6DF7, 0x65F6, 0x65F6, 0x65D6, 0x65D6, 0x65D6, 0x65F6, 0x65D6, 0x5DD6, 0x5DB5, 0x5DB5, 0x5DB5,
    0x5DD5, 0x65D6, 0x65D6, 0x65D6, 0x5DB5, 0x5DB5, 0x5DD6, 0x65D6, 0x6E17, 0x6E17, 0x6E17, 0x6DF7,
    0x6DF6, 0x65F6, 0x65D6, 0x65D6, 0x65D6, 0x5DD6, 0x5DD6, 0x5DB6, 0x5DB5, 0x5D95, 0x5595, 0x5575,
    0x5574, 0x5575, 0x5595, 0x5DB5, 0x65D6, 0x65D6, 0x65D6, 0x65D6, 0x65D6, 0x65D6, 0x5DD6, 0x5DB6,
    0x65D6, 0x65F6, 0x6DF6, 0x65F6, 0x65D6, 0x5DB6, 0x5DB5, 0x5DB5, 0x5DB5, 0x5DB5, 0x5D95, 0x5D95,
    0x5DB5, 0x5DB5, 0x5DB6, 0x5DD6, 0x5DB5, 0x5DB5, 0x5D95, 0x5D95, 0x5DB5, 0x5DB5, 0x5DB5, 0x5DB5,
    0x5DD6, 0x65D6, 0x65D6, 0x65D6, 0x65D6, 0x65D6, 0x65D6, 0x65D6, 0x65F6, 0x65F6, 0x65D6, 0x65F6,
    0x7617, 0x7637, 0x7637, 0x6E17, 0x65D6, 0x5DD6, 0x5DB6, 0x5DD6, 0x65D6, 0x65D6, 0x65D6, 0x5DB6,
    0x5D95, 0x5595, 0x5595, 0x5D95, 0x5DB5, 0x5DD6, 0x65F6, 0x6DF7, 0x65F6, 0x65D6, 0x5DB6, 0x5DB5,
    0x5D95, 0x5595, 0x5DB5, 0x5DB5, 0x65D6, 0x5DB6, 0x5595, 0x5595, 0x5595, 0x5595, 0x5595, 0x5DB6,
    0x65F6, 0x65F6, 0x65D6, 0x65D6, 0x65D6, 0x65D6, 0x65D6, 0x65D6, 0x65F6, 0x65D6, 0x5DB6, 0x5DB5,
    0x5DB5, 0x5DB5, 0x5DB6, 0x5DB5, 0x5DB5, 0x5DB5, 0x5595, 0x5595, 0x5DB5, 0x5DD6, 0x65D6, 0x65D6,
    0x65D6, 0x65D6, 0x65D6, 0x6DF6, 0x6DF7, 0x6DF7, 0x6DF6, 0x65F6, 0x65D6, 0x65D6, 0x65D6, 0x65D6,
    0x65F6, 0x65D6, 0x5DD6, 0x5DB6, 0x5DB5, 0x5DB5, 0x5D95, 0x5595, 0x5595, 0x5595, 0x5D95, 0x5DB5,
    0x65D6, 0x65F6, 0x65D6, 0x65D6, 0x65D6, 0x5DD6, 0x5DD6, 0x5DD6, 0x5DD6, 0x65D6, 0x6DF6, 0x6DF6,
    0x65D6, 0x5DB6, 0x5DB5, 0x5DB5, 0x5DB6, 0x5DB6, 0x5DB5, 0x5DB5, 0x5DD6, 0x65D6, 0x65D6, 0x65D6,
    0x5DB5, 0x5D95, 0x5D95, 0x5D95, 0x5DB5, 0x5DB5, 0x65D6, 0x65D6, 0x5DD6, 0x65D6, 0x65D6, 0x65D6,
    0x65D6, 0x5DD6, 0x5DD6, 0x5DD6, 0x65D6, 0x65D6, 0x65D6, 0x65F6, 0x7617, 0x7637, 0x7617, 0x6DF7,
    0x65D6, 0x5DD6, 0x5DD6, 0x5DD6, 0x65D6, 0x65D6, 0x65D6, 0x65D6, 0x5DB6, 0x5DB5, 0x5DB5, 0x5DB5,
    0x5DB5, 0x5DB6, 0x65F6, 0x65F6, 0x65D6, 0x5DD6, 0x5DD6, 0x5DB6, 0x5DB5, 0x5DB5, 0x5DB5, 0x5DB6,
    0x65D6, 0x5DD6, 0x5DB5, 0x5595, 0x5595, 0x5595, 0x5595, 0x5DB6, 0x65F6, 0x6DF6, 0x65F6, 0x65D6,
    0x5DD6, 0x5DB6, 0x5DB6, 0x5DB6, 0x5DD6, 0x5DD6, 0x5DB5, 0x5DB5, 0x5D95, 0x5D95, 0x5DB5, 0x5DB5,
    0x5D95, 0x5595, 0x5595, 0x5595, 0x5DB5, 0x5DB6, 0x65D6, 0x65D6, 0x65D6, 0x65F6, 0x65F6, 0x6DF6,
    0x65D6, 0x5DD6, 0x5DB5, 0x5DB5, 0x5DB5, 0x5DB5, 0x65D6, 0x65F6, 0x6DF7, 0x6DF6, 0x65D6, 0x5DD6,
    0x5DB6, 0x5DB6, 0x5DB5, 0x5DB5, 0x5DB5, 0x5DB5, 0x5DB5, 0x65D6, 0x6DF6, 0x6DF7, 0x65F6, 0x65D6,
    0x65D6, 0x65D6, 0x65D6, 0x65D6, 0x65D6, 0x65F6, 0x6DF6, 0x65F6, 0x65D6, 0x5DB6, 0x5DB5, 0x5DB5,
    0x5DD6, 0x65D6, 0x65F6, 0x6DF6, 0x6DF6, 0x65F6, 0x65D6, 0x65D6, 0x5D95, 0x5595, 0x5575, 0x5575,
    0x5D95, 0x5DB5, 0x65F6, 0x6DF6, 0x65F6, 0x65D6, 0x65D6, 0x5DD6, 0x5DB6, 0x5DB5, 0x5DB5, 0x5DB5,
    0x5DB5, 0x5DB5, 0x5DB5, 0x65D6, 0x6DF7, 0x6DF7, 0x65D6, 0x65D6, 0x65D6, 0x5DD6, 0x5DD6, 0x65D6,
    0x65F6, 0x65F6, 0x6DF6, 0x6DF6, 0x65D6, 0x65D6, 0x65D6, 0x65D6, 0x5DD6, 0x5DD6, 0x5DD6, 0x5DD6,
    0x5DD6, 0x5DD6, 0x65D6, 0x65D6, 0x5DB6, 0x5DB5, 0x5DB5, 0x5DD6, 0x65D6, 0x65D6, 0x5DB6, 0x5DB5,
    0x5DB5, 0x5D95, 0x5DB5, 0x5DB6, 0x65F6, 0x65F6, 0x65D6, 0x5DD6, 0x5DB6, 0x5DB5, 0x5DB5, 0x5DB5,
    0x5DB5, 0x5DB5, 0x5DB5, 0x5DB5, 0x5595, 0x5D95, 0x5DB5, 0x5DB5, 0x5595, 0x5595, 0x5595, 0x5595,
    0x5DB5, 0x5DD6, 0x65D6, 0x65F6, 0x65F6, 0x65F6, 0x65D6, 0x65D6, 0x5DB6, 0x5DB5, 0x5DB5, 0x5D95,
    0x5D95, 0x5DB5, 0x65D6, 0x65F6, 0x6DF7, 0x6DF6, 0x65D6, 0x65D6, 0x65D6, 0x65D6, 0x65D6, 0x5DD6,
    0x5DB5, 0x5DB6, 0x5DD6, 0x65D6, 0x65F6, 0x65F6, 0x65F6, 0x65D6, 0x5DD6, 0x5DB6, 0x5DD6, 0x65D6,
    0x5DD6, 0x65D6, 0x65D6, 0x65F6, 0x65D6, 0x65D6, 0x5DB6, 0x5DB6, 0x65D6, 0x65F6, 0x6DF7, 0x6DF7,
    0x6DF6, 0x65F6, 0x65D6, 0x65D6, 0x5D95, 0x5595, 0x5595, 0x5595, 0x5D95, 0x5DB6, 0x6DF6, 0x6DF7,
    0x65F6, 0x65D6, 0x5DD6, 0x5DB6, 0x5DB5, 0x5DB5, 0x5DB5, 0x5D95, 0x5D95, 0x5D95, 0x5DB5, 0x5DB6,
    0x65F6, 0x65F6, 0x5DD6, 0x5DD6, 0x5DD6, 0x5DD6, 0x5DD6, 0x5DD6, 0x65D6, 0x65D6, 0x65D6, 0x65D6,
    0x65D6, 0x65D6, 0x65F6, 0x65F6, 0x65D6, 0x5DD6, 0x5DB6, 0x5DB6, 0x5DB6, 0x5DD6, 0x65D6, 0x65D6,
    0x5DD6, 0x5DB6, 0x5DD6, 0x5DD6, 0x65D6, 0x65F6, 0x65D6, 0x65D6, 0x5DD6, 0x5DB6, 0x5DD6, 0x65D6,
    0x65F6, 0x65F6, 0x65D6, 0x5DD6, 0x5DB6, 0x5DB5, 0x5DB5, 0x5DB5, 0x5DB5, 0x5DB5, 0x5DD6, 0x5DB5,
    0x5D95, 0x5D95, 0x5DB6, 0x5DB5, 0x5DB5, 0x5D95, 0x5D95, 0x5DB5, 0x5DB5, 0x5DB6, 0x65D6, 0x65D6,
    0x65D6, 0x5DD6, 0x5DD6, 0x5DD6, 0x65D6, 0x65D6, 0x5DB6, 0x5DB5, 0x5DB5, 0x5DB5, 0x65D6, 0x65D6,
    0x65D6, 0x65D6, 0x65D6, 0x65D6, 0x65D6, 0x65D6, 0x5DD6, 0x5DB5, 0x5DB5, 0x5DB5, 0x5DD6, 0x65D6,
    0x5DD6, 0x5DD6, 0x5DD6, 0x5DD6, 0x5DB5, 0x5DB5, 0x5DB5, 0x5DB5, 0x5DB5, 0x5DB5, 0x5DB6, 0x65D6,
    0x6DF6, 0x6DF6, 0x65F6, 0x65D6, 0x65F6, 0x65F6, 0x6DF7, 0x6DF6, 0x65D6, 0x65D6, 0x65D6, 0x65D6,
    0x5DB6, 0x5DB5, 0x5DB5, 0x5DB5, 0x5DB6, 0x5DD6, 0x65D6, 0x65D6, 0x65D6, 0x65D6, 0x5DD6, 0x5DB6,
    0x5DB5, 0x5DB5, 0x5DB5, 0x5DB5, 0x5DB5, 0x5DB5, 0x5DB6, 0x65D6, 0x6DF6, 0x6DF7, 0x65D6, 0x5DD6,
    0x5DD6, 0x5DD6, 0x5DB5, 0x5DB5, 0x5DB5, 0x5DB5, 0x5DB5, 0x5DB5, 0x5DB5, 0x5DB5, 0x5DB6, 0x5DD6,
    0x65D6, 0x65D6, 0x5DB6, 0x5DB6, 0x5DB6, 0x5DB6, 0x5DD6, 0x5DD6, 0x5DD6, 0x5DD6, 0x65D6, 0x65D6,
    0x65F6, 0x65F6, 0x6DF6, 0x6DF6, 0x65F6, 0x65F6, 0x6DF7, 0x65F6, 0x65D6, 0x65D6, 0x5DD6, 0x5DD6,
    0x5DB6, 0x5DB5, 0x5DB5, 0x5DB5, 0x5DB5, 0x5DB5, 0x65D6, 0x65D6, 0x65D6, 0x65D6, 0x65D6, 0x65D6,
    0x65D6, 0x65D6, 0x65D6, 0x5DB6, 0x5DB5, 0x5DB5, 0x5DB5, 0x5DB5, 0x5DB5, 0x5DB5, 0x5DB6, 0x5DB6,
    0x65D6, 0x65D6, 0x65D6, 0x65D6, 0x65D6, 0x65D6, 0x65D6, 0x65D6, 0x5DD6, 0x5DB6, 0x65B6, 0x65D6,
    0x65D6, 0x65D6, 0x65D6, 0x5DB6, 0x5DB6, 0x5DD6, 0x65D6, 0x65D6, 0x5DB6, 0x5DB5, 0x5DB5, 0x5DB5,
    0x5DB5, 0x5DB5, 0x5595, 0x5595, 0x5595, 0x5595, 0x5D95, 0x5DB5, 0x65F6, 0x6DF6, 0x65F6, 0x65F6,
    0x65D6, 0x65F6, 0x65F6, 0x65F6, 0x65D6, 0x65D6, 0x65D6, 0x65F6, 0x65D6, 0x65D6, 0x65D6, 0x65D6,
    0x65D6, 0x5DD6, 0x5DB6, 0x5DB6, 0x5DD6, 0x65D6, 0x5DD6, 0x5DD6, 0x5DB6, 0x5DB6, 0x65D6, 0x65D6,
    0x65D6, 0x5DB6, 0x5DB6, 0x5DD6, 0x65D6, 0x65F6, 0x65D6, 0x65D6, 0x65D6, 0x65D6, 0x5DB5, 0x5DB5,
    0x5D95, 0x5D95, 0x5D95, 0x5D95, 0x5595, 0x5595, 0x5DB5, 0x5DB6, 0x65D6, 0x65D6, 0x5DD6, 0x5DB6,
    0x5DB6, 0x5DD6, 0x5DD6, 0x5DD6, 0x5DD6, 0x5DD6, 0x65D6, 0x65D6, 0x65D6, 0x65D6, 0x65F6, 0x65F6,
    0x65F6, 0x65F6, 0x6DF7, 0x6DF7, 0x65D6, 0x5DD6, 0x5DD6, 0x5DB6, 0x5DD6, 0x5DB6, 0x5DB5, 0x5DB5,
    0x5DB5, 0x5DD6, 0x65D6, 0x65F6, 0x65D6, 0x65D6, 0x65D6, 0x65D6, 0x65D6, 0x65D6, 0x65D6, 0x5DD6,
    0x5DB5, 0x5DB5, 0x5DB5, 0x5D95, 0x5DB5, 0x5DB5, 0x5DB5, 0x5DB5, 0x65D6, 0x65D6, 0x65F6, 0x6DF6,
    0x7617, 0x6E17, 0x65D6, 0x5DB5, 0x5D95, 0x5D95, 0x5D95, 0x5D95, 0x5D95, 0x5DB5, 0x65D6, 0x65F6,
    0x6DF6, 0x6E17, 0x6E17, 0x65F6, 0x5DD6, 0x5DB5, 0x5DB5, 0x5DB5, 0x5DB5, 0x5DB5, 0x5595, 0x5595,
    0x5595, 0x5575, 0x5595, 0x5D95, 0x65D6, 0x65D6, 0x65D6, 0x5DD6, 0x5DB6, 0x5DB6, 0x5DD6, 0x5DD6,
    0x65D6, 0x65D6, 0x6DF7, 0x6E17, 0x6E17, 0x6E17, 0x6E17, 0x6DF6, 0x65D6, 0x5DD6, 0x5DB5, 0x5DB5,
    0x5DB5, 0x5DB5, 0x65D6, 0x65D6, 0x65D6, 0x65D6, 0x65F6, 0x65F6, 0x65D6, 0x5DB6, 0x5DB5, 0x5DB5,
    0x5DB6, 0x65D6, 0x65D6, 0x65F6, 0x6DF7, 0x6DF6, 0x65D6, 0x5DB5, 0x5DB5, 0x5DB5, 0x5DB5, 0x5DB5,
    0x5D95, 0x5D95, 0x5DB5, 0x5DB6, 0x65F6, 0x65F6, 0x65D6, 0x5DD6, 0x65D6, 0x65D6, 0x65D6, 0x65D6,
    0x5DD6, 0x5DD6, 0x5DD6, 0x5DB6, 0x5DB5, 0x5DB5, 0x5DB5, 0x5DB6, 0x5DB6, 0x5DD6, 0x65F6, 0x65F6,
    0x65D6, 0x5DD6, 0x5DB6, 0x5DB6, 0x5DB6, 0x5DD6, 0x5DB6, 0x5DD6, 0x65D6, 0x65D6, 0x65D6, 0x65D6,
    0x65D6, 0x65D6, 0x5DB6, 0x5DB5, 0x5D95, 0x5D95, 0x5D95, 0x5DB5, 0x5DB6, 0x65D6, 0x65D6, 0x5DB6,
    0x5DB5, 0x5D95, 0x5D95, 0x5DB5, 0x5DD6, 0x65D6, 0x65D6, 0x6DF6, 0x7637, 0x7617, 0x65D6, 0x5D95,
    0x5595, 0x5575, 0x5575, 0x5575, 0x5575, 0x5DB5, 0x65D6, 0x6DF7, 0x6E17, 0x6E17, 0x6E17, 0x65F6,
    0x65D6, 0x5DB5, 0x5DB5, 0x5DB5, 0x5DB5, 0x5DB5, 0x5DB5, 0x5595, 0x5595, 0x5575, 0x5595, 0x5D95,
    0x5DB6, 0x65D6, 0x5DD6, 0x5DB6, 0x5DB5, 0x5DB5, 0x5DB5, 0x5DD6, 0x65D6, 0x65F6, 0x6DF6, 0x6DF7,
    0x6E17, 0x6E17, 0x6E17, 0x6DF7, 0x65D6, 0x5DB6, 0x5DB5, 0x5D95, 0x5D95, 0x5DB5, 0x5DD6, 0x65D6,
    0x65D6, 0x65F6, 0x65F6, 0x65F6, 0x65D6, 0x5DB6, 0x5D95, 0x5D95, 0x5D95, 0x5DB5, 0x65D6, 0x6DF6,
    0x6E17, 0x6DF7, 0x65D6, 0x5DB6, 0x5DB6, 0x5DB6, 0x5DB6, 0x5DB5, 0x5DB5, 0x5DB5, 0x5DB5, 0x5DB6,
    0x65F6, 0x65F6, 0x65D6, 0x5DB6, 0x5DB6, 0x65D6, 0x65D6, 0x65F6, 0x65D6, 0x65D6, 0x5DB6, 0x5DB5,
    0x5DB5, 0x5D95, 0x5D95, 0x5DB5, 0x5DB5, 0x5DB5, 0x65D6, 0x65F6, 0x65D6, 0x65D6, 0x5DD6, 0x5DD6,
    0x65D6, 0x65D6, 0x65D6, 0x5DD6, 0x65D6, 0x65D6, 0x5DB6, 0x65B6, 0x65D6, 0x65D6, 0x5DB5, 0x5595,
    0x5595, 0x5595, 0x5595, 0x5D95, 0x5DB6, 0x65D6, 0x65D6, 0x65D6, 0x5DB5, 0x5D95, 0x5D95, 0x5D95,
    0x5DB5, 0x5DB6, 0x5DD6, 0x65D6, 0x6E17, 0x6DF7, 0x65D6, 0x5DB5, 0x5595, 0x5575, 0x5574, 0x5575,
    0x5595, 0x5DB5, 0x65D6, 0x6DF7, 0x6E17, 0x6E17, 0x6DF6, 0x65F6, 0x65D6, 0x5DB6, 0x5DB5, 0x5DB5,
    0x5DD6, 0x5DD6, 0x5DB5, 0x5DB5, 0x5D95, 0x5595, 0x5595, 0x5DB5, 0x65D6, 0x65D6, 0x5DB6, 0x5DB5,
    0x5DB5, 0x5DB5, 0x5DB6, 0x5DD6, 0x65D6, 0x65D6, 0x65D6, 0x65D6, 0x65D6, 0x65F6, 0x65F6, 0x65F6,
    0x5DD6, 0x5DB5, 0x5D95, 0x5595, 0x5D95, 0x5DB5, 0x5DD6, 0x65D6, 0x5DD6, 0x65D6, 0x65D6, 0x65D6,
    0x65D6, 0x5DB6, 0x5DB5, 0x5D95, 0x5D95, 0x5DB5, 0x5DD6, 0x65F6, 0x7617, 0x7617, 0x65F6, 0x65D6,
    0x65D6, 0x5DD6, 0x5DB6, 0x5DB5, 0x5DB5, 0x5DB5, 0x5DB5, 0x5DD6, 0x65D6, 0x65D6, 0x5DB6, 0x5D95,
    0x5DB5, 0x5DB5, 0x65D6, 0x65F6, 0x6DF7, 0x6DF6, 0x5DB6, 0x5DB5, 0x5DB5, 0x5DB5, 0x5D95, 0x5595,
    0x5595, 0x5DB5, 0x65D6, 0x65F6, 0x6DF6, 0x6DF6, 0x65F6, 0x65F6, 0x6E17, 0x6E17, 0x65F6, 0x5DD6,
    0x5DB6, 0x5DB6, 0x5DB5, 0x5DB5, 0x65B6, 0x5DB6, 0x5DB5, 0x5D95, 0x5595, 0x5595, 0x5595, 0x5595,
    0x5DB5, 0x65D6, 0x65D6, 0x65D6, 0x5DB6, 0x5DB5, 0x5DB5, 0x5DB5, 0x5DB5, 0x5DB5, 0x5DB6, 0x65D6,
    0x65F6, 0x65F6, 0x65D6, 0x5DB6, 0x5D95, 0x5595, 0x5575, 0x5575, 0x5595, 0x5DB5, 0x65D6, 0x6DF6,
    0x6DF6, 0x6DF6, 0x65F6, 0x65D6, 0x65D6, 0x5DB5, 0x5DB5, 0x5DB5, 0x65D6, 0x65D6, 0x65D6, 0x65D6,
    0x5DB6, 0x5DB5, 0x5DB5, 0x5DB6, 0x65D6, 0x65D6, 0x5DB5, 0x5DB5, 0x5DB5, 0x5DB5, 0x5DB5, 0x5DB6,
    0x5DD6, 0x5DD6, 0x5DB6, 0x5DB6, 0x5DD6, 0x65D6, 0x65F6, 0x65F6, 0x5DD6, 0x5DB5, 0x5D95, 0x5595,
    0x5D95, 0x5DB5, 0x5DB6, 0x5DD6, 0x65D6, 0x65D6, 0x5DD6, 0x5DD6, 0x5DD6, 0x5DB6, 0x5DB6, 0x5DB5,
    0x5D95, 0x5DB5, 0x5DD6, 0x65F6, 0x6E17, 0x6E17, 0x65F6, 0x65D6, 0x65D6, 0x65D6, 0x5DB6, 0x5DB5,
    0x5DB5, 0x5DB5, 0x65D6, 0x65D6, 0x65D6, 0x65D6, 0x5DB5, 0x5D95, 0x5595, 0x5DB5, 0x5DD6, 0x65F6,
    0x6DF7, 0x6DF6, 0x5DB6, 0x5DB5, 0x5DB6, 0x5DB6, 0x5DB5, 0x5DB5, 0x5DB5, 0x5DB5, 0x65D6, 0x65D6,
    0x65D6, 0x65D6, 0x65D6, 0x65F6, 0x6E17, 0x6E17, 0x6DF7, 0x65D6, 0x5DD6, 0x5DB6, 0x5DB5, 0x5DB5,
    0x5DB5, 0x5DB5, 0x5D95, 0x5D95, 0x5DB5, 0x5DB5, 0x5595, 0x5D95, 0x5DB6, 0x65D6, 0x65D6, 0x65D6,
    0x5DB5, 0x5D95, 0x5D95, 0x5D95, 0x5DB6, 0x5DB6, 0x5DB6, 0x65D6, 0x65D6, 0x65D6, 0x65D6, 0x65D6,
    0x5DB6, 0x5DB5, 0x5595, 0x5595, 0x5595, 0x5DB5, 0x5DD6, 0x65D6, 0x65D6, 0x65D6, 0x65D6, 0x5DB6,
    0x5DB5, 0x5DB5, 0x5DB5, 0x5DB5, 0x65D6, 0x65F6, 0x6DF6, 0x6DF7, 0x6DF7, 0x6DF6, 0x65F6, 0x65D6,
    0x65D6, 0x5DB6, 0x5DB5, 0x5D95, 0x5595, 0x5595, 0x5D95, 0x5D95, 0x5DB5, 0x5DB5, 0x5DB5, 0x5DB5,
    0x5DB6, 0x65D6, 0x6DF7, 0x6DF7, 0x65D6, 0x5DB6, 0x5DB5, 0x5595, 0x5595, 0x5595, 0x5DB5, 0x5DB6,
    0x65D6, 0x65D6, 0x65D6, 0x5DD6, 0x5DB6, 0x5DB6, 0x65D6, 0x65D6, 0x5DB6, 0x5DB6, 0x5DD6, 0x65D6,
    0x65F6, 0x65F6, 0x65D6, 0x65D6, 0x65F6, 0x65D6, 0x5DB6, 0x5DB5, 0x5DB5, 0x5DB5, 0x65F6, 0x65F6,
    0x65D6, 0x5DD6, 0x5DB5, 0x5DB5, 0x5D95, 0x5DB5, 0x5DD6, 0x65D6, 0x65D6, 0x65D6, 0x5DB5, 0x5D95,
    0x5DB5, 0x5DB6, 0x5DD6, 0x65D6, 0x65D6, 0x5DD6, 0x5DB5, 0x5DB5, 0x5D95, 0x5D95, 0x5D95, 0x5DB6,
    0x65D6, 0x6DF7, 0x6E17, 0x6DF7, 0x65D6, 0x5DD6, 0x5DD6, 0x5DD6, 0x5DB5, 0x5D95, 0x5595, 0x5595,
    0x5D95, 0x5DB5, 0x5DB5, 0x5DB6, 0x65F6, 0x65F6, 0x65D6, 0x5DB5, 0x5D95, 0x5595, 0x5595, 0x5D95,
    0x5DB5, 0x5DB6, 0x5DB6, 0x5DD6, 0x5DD6, 0x65D6, 0x65D6, 0x65D6, 0x5DD6, 0x5DB5, 0x5DB5, 0x5D95,
    0x5DB5, 0x5DB5, 0x5DB5, 0x5DB6, 0x5DB6, 0x5DB6, 0x5DD6, 0x5DB6, 0x5DB5, 0x5DB5, 0x5DB5, 0x5DB6,
    0x65D6, 0x6DF6, 0x6DF7, 0x6E17, 0x6E17, 0x6E17, 0x6DF6, 0x65F6, 0x65D6, 0x5DB5, 0x5DB5, 0x5DB5,
    0x5D95, 0x5595, 0x5595, 0x5595, 0x5595, 0x5595, 0x5D95, 0x5DB5, 0x5DB5, 0x65D6, 0x6DF6, 0x6DF6,
    0x65D6, 0x5DD6, 0x5DB5, 0x5DB5, 0x5D95, 0x5D95, 0x5D95, 0x5DB5, 0x65D6, 0x65D6, 0x65D6, 0x65D6,
    0x5DD6, 0x5DD6, 0x65F6, 0x65F6, 0x65D6, 0x5DD6, 0x65D6, 0x65D6, 0x5DD6, 0x5DB6, 0x65D6, 0x65D6,
    0x65D6, 0x65D6, 0x5DB6, 0x5DB5, 0x5DB5, 0x65D6, 0x65F6, 0x65F6, 0x65D6, 0x5DB6, 0x5DB5, 0x5DB5,
    0x5DB5, 0x5DB5, 0x5DD6, 0x5DD6, 0x5DB6, 0x5DB5, 0x5D95, 0x5D95, 0x5DB5, 0x5DB6, 0x5DD6, 0x65D6,
    0x65D6, 0x65D6, 0x5DB5, 0x5D95, 0x5595, 0x5575, 0x5595, 0x5DB5, 0x5DD6, 0x65F6, 0x6DF7, 0x6DF7,
    0x65F6, 0x65D6, 0x65D6, 0x5DD6, 0x5DB5, 0x5D95, 0x5575, 0x5575, 0x5D95, 0x5DB5, 0x5DB5, 0x65D6,
    0x6DF6, 0x6DF6, 0x65B6, 0x5D95, 0x5595, 0x5595, 0x5595, 0x5595, 0x5D95, 0x5DB5, 0x5DB5, 0x5DB6,
    0x5DB6, 0x5DB6, 0x5DB5, 0x5DB5, 0x5DB5, 0x5DB5, 0x5DB5, 0x5DB5, 0x5DD6, 0x5DD6, 0x5DB5, 0x5DB5,
    0x5D95, 0x5DB5, 0x65D6, 0x65D6, 0x65D6, 0x65D6, 0x5DD6, 0x5DD6, 0x65D6, 0x65D6, 0x65F6, 0x65F6,
    0x65F6, 0x65F6, 0x65D6, 0x65D6, 0x5DD6, 0x5DD6, 0x5DD6, 0x5DB6, 0x5DB5, 0x5DB5, 0x5D95, 0x5595,
    0x5575, 0x5575, 0x5595, 0x5DB5, 0x5DB6, 0x5DD6, 0x65D6, 0x65D6, 0x5DD6, 0x5DD6, 0x5DD6, 0x5DB6,
    0x5DB6, 0x5DB5, 0x5DB5, 0x5DB5, 0x5DB5, 0x65D6, 0x65F6, 0x65F6, 0x65F6, 0x65F6, 0x6E17, 0x6E17,
    0x65F6, 0x65D6, 0x65D6, 0x5DB6, 0x5DB5, 0x5D95, 0x5D95, 0x5DB5, 0x5DB5, 0x5DB6, 0x5DD6, 0x65D6,
    0x65F6, 0x65F6, 0x65F6, 0x65D6, 0x5DD6, 0x5DB5, 0x5DB5, 0x5DB5, 0x5DB6, 0x5DD6, 0x5DD6, 0x5DB6,
    0x5DB6, 0x5DB5, 0x5D95, 0x5D95, 0x5DB5, 0x5DB5, 0x5DB5, 0x5DB5, 0x5DB5, 0x5DB6, 0x5DB6, 0x5DB5,
    0x5D95, 0x5595, 0x5595, 0x5DB5, 0x5DB6, 0x65D6, 0x65F6, 0x6DF6, 0x6DF6, 0x65F6, 0x65D6, 0x65D6,
    0x5DB5, 0x5D95, 0x5575, 0x5575, 0x5595, 0x5D95, 0x5DB5, 0x65D6, 0x65F6, 0x65F6, 0x65B6, 0x5DB5,
    0x5595, 0x5595, 0x5595, 0x5595, 0x5DB5, 0x5DB5, 0x5DD6, 0x65D6, 0x65D6, 0x65B6, 0x5DB5, 0x5DB5,
    0x5DB5, 0x5DB5, 0x5DB5, 0x5DB5, 0x65D6, 0x65D6, 0x5DB5, 0x5DB5, 0x5DB5, 0x5DB5, 0x65F6, 0x65F6,
    0x65F6, 0x65D6, 0x65D6, 0x5DD6, 0x5DB6, 0x5DB6, 0x65D6, 0x65D6, 0x65D6, 0x65D6, 0x65D6, 0x5DD6,
    0x5DB6, 0x5DB5, 0x5DD6, 0x65D6, 0x65D6, 0x5DD6, 0x5DB5, 0x5D95, 0x5595, 0x5D95, 0x5DB5, 0x5DB5,
    0x5DD6, 0x5DB6, 0x5DB5, 0x5DB5, 0x5DB5, 0x5DD6, 0x65D6, 0x65D6, 0x65D6, 0x5DD6, 0x5DB5, 0x5DB5,
    0x5DB5, 0x5DB6, 0x65D6, 0x65F6, 0x65F6, 0x65F6, 0x6DF7, 0x6DF7, 0x65F6, 0x65D6, 0x65D6, 0x5DB6,
    0x5DB5, 0x5D95, 0x5D95, 0x5DB5, 0x5DB5, 0x5DB5, 0x5DD6, 0x65D6, 0x6DF6, 0x6DF7, 0x65F6, 0x65D6,
    0x5DD6, 0x5DB5, 0x5DB5, 0x5DB5, 0x5DD6, 0x65D6, 0x65D6, 0x5DD6, 0x5DB6, 0x5DB6, 0x5DB6, 0x5DB5,
    0x5DB5, 0x5D95, 0x5595, 0x5595, 0x5DB5, 0x5DB5, 0x5DB6, 0x65D6, 0x5DB6, 0x5DB5, 0x5DB5, 0x5DB6,
    0x5DD6, 0x5DD6, 0x65D6, 0x65D6, 0x65F6, 0x65F6, 0x65D6, 0x5DB6, 0x5DB5, 0x5D95, 0x5595, 0x5575,
    0x5595, 0x5D95, 0x5DB5, 0x5DD6, 0x65D6, 0x65D6, 0x5DB6, 0x5DB5, 0x5D95, 0x5D95, 0x5D95, 0x5DB5,
    0x65D6, 0x65D6, 0x6DF6, 0x6DF7, 0x6DF6, 0x65D6, 0x65D6, 0x5DD6, 0x65D6, 0x65D6, 0x5DB5, 0x5DB5,
    0x5DB6, 0x5DB6, 0x5DB6, 0x5DB5, 0x5DD6, 0x65D6, 0x65F6, 0x6DF6, 0x6DF7, 0x65F6, 0x65F6, 0x65D6,
    0x5DB5, 0x5D95, 0x5DB5, 0x5DB6, 0x65D6, 0x65F6, 0x65D6, 0x5DD6, 0x5DB5, 0x5DB5, 0x5DB6, 0x65D6,
    0x65D6, 0x65D6, 0x65D6, 0x65D6, 0x65D6, 0x65D6, 0x65D6, 0x65D6, 0x65D6, 0x5DB6, 0x5D95, 0x5595,
    0x5D95, 0x5DB5, 0x65D6, 0x65D6, 0x65D6, 0x5DD6, 0x5DB5, 0x5DB5, 0x5DB5, 0x5DB6, 0x5DD6, 0x65D6,
    0x5DD6, 0x65D6, 0x65D6, 0x65D6, 0x5DD6, 0x5DD6, 0x5DD6, 0x5DD6, 0x5DD6, 0x5DD6, 0x5DD6, 0x5DB6,
    0x5DB5, 0x5DB5, 0x5DB6, 0x65D6, 0x6E17, 0x6E17, 0x65F6, 0x65D6, 0x5DD6, 0x5DB6, 0x5DB5, 0x5DB5,
    0x5DB6, 0x5DD6, 0x65D6, 0x65D6, 0x65F6, 0x6DF6, 0x6DF6, 0x65D6, 0x5DB5, 0x5595, 0x5595, 0x5595,
    0x5595, 0x5DB5, 0x5DB6, 0x65D6, 0x65F6, 0x65F6, 0x65F6, 0x65F6, 0x65D6, 0x5DB6, 0x5DB5, 0x5DB5,
    0x5DB6, 0x5DB6, 0x5DB6, 0x5DB5, 0x5DB5, 0x5D95, 0x5D95, 0x5D95, 0x5D95, 0x5DB5, 0x5DB6, 0x5DB6,
    0x65D6, 0x65D6, 0x5DB5, 0x5DB5, 0x5DB6, 0x65D6, 0x65D6, 0x65D6, 0x65D6, 0x65F6, 0x6DF6, 0x6DF7,
    0x6DF7, 0x6DF6, 0x65D6, 0x65D6, 0x65F6, 0x65F6, 0x5DD6, 0x5DB5, 0x5DB6, 0x5DB6, 0x5DD6, 0x65D6,
    0x65D6, 0x65D6, 0x65D6, 0x65F6, 0x65F6, 0x65F6, 0x65F6, 0x65D6, 0x5DB5, 0x5D95, 0x5D95, 0x5DB5,
    0x65D6, 0x65D6, 0x65D6, 0x5DB5, 0x5D95, 0x5D95, 0x5DB5, 0x65D6, 0x65F6, 0x65F6, 0x65F6, 0x65F6,
    0x65F6, 0x65F6, 0x6DF6, 0x65F6, 0x65D6, 0x5DB6, 0x5D95, 0x5595, 0x5595, 0x5DB5, 0x5DD6, 0x65D6,
    0x65D6, 0x65D6, 0x5DB6, 0x5DB6, 0x5DB6, 0x5DB6, 0x5DB6, 0x5DD6, 0x5DD6, 0x65D6, 0x5DD6, 0x5DB6,
    0x5DB5, 0x5DB5, 0x5DB6, 0x5DD6, 0x5DD6, 0x65D6, 0x65D6, 0x5DD6, 0x5DB5, 0x5DB5, 0x5DB5, 0x65D6,
    0x6DF6, 0x6E17, 0x65F6, 0x65D6, 0x5DD6, 0x5DB6, 0x5DB5, 0x5DB5, 0x5DD6, 0x65D6, 0x65D6, 0x65D6,
    0x65F6, 0x6E17, 0x7617, 0x6DF7, 0x5DD6, 0x5DB5, 0x5595, 0x5595, 0x5DB5, 0x5DB5, 0x5DD6, 0x65D6,
    0x65F6, 0x6E17, 0x6E17, 0x6DF7, 0x65D6, 0x5DB6, 0x5DB5, 0x5D95, 0x5DB5, 0x5DB5, 0x5DB5, 0x5DB5,
    0x5DB5, 0x5DB5, 0x5DB5, 0x5DB6, 0x5DB6, 0x5DB6, 0x5DB6, 0x5DB6, 0x5DB6, 0x5DB6, 0x5DB5, 0x5DB5,
    0x5DB6, 0x65D6, 0x65D6, 0x65D6, 0x65D6, 0x65D6, 0x65D6, 0x65D6, 0x65F6, 0x65F6, 0x65D6, 0x65D6,
    0x65F6, 0x65F6, 0x5DD6, 0x5DB5, 0x5DB6, 0x65D6, 0x65D6, 0x65D6, 0x65D6, 0x5DB6, 0x5DB5, 0x5DB5,
    0x5DB6, 0x65D6, 0x65F6, 0x65D6, 0x5DB5, 0x5DB5, 0x5DB5, 0x5DB5, 0x5DB6, 0x65B6, 0x5DB6, 0x5DB5,
    0x5D95, 0x5595, 0x5DB5, 0x65D6, 0x6DF6, 0x6E17, 0x6E17, 0x6DF7, 0x65F6, 0x65F6, 0x65F6, 0x65F6,
    0x65D6, 0x5DB6, 0x5DB5, 0x5DB5, 0x5D95, 0x5DB5, 0x5DB6, 0x5DD6, 0x65D6, 0x65D6, 0x5DD6, 0x5DB6,
    0x5DB6, 0x5DB6, 0x5DB6, 0x65D6, 0x65F6, 0x65F6, 0x65D6, 0x65D6, 0x5DB5, 0x5DB5, 0x5DB5, 0x5DB5,
    0x5DB5, 0x5DB6, 0x5DB6, 0x5DB5, 0x5DB5, 0x5DB5, 0x5DB5, 0x5DB6, 0x65F6, 0x6DF6, 0x65F6, 0x65D6,
    0x5DB6, 0x5DB5, 0x5DB6, 0x5DD6, 0x65D6, 0x65F6, 0x65D6, 0x65D6, 0x65D6, 0x6DF7, 0x7617, 0x7617,
    0x65F6, 0x5DD6, 0x5DD6, 0x5DD6, 0x65D6, 0x65D6, 0x65D6, 0x65D6, 0x6DF7, 0x6E17, 0x6E17, 0x6E17,
    0x65D6, 0x5DB6, 0x5DB5, 0x5595, 0x5595, 0x5595, 0x5D95, 0x5DB5, 0x5DB5, 0x5DB5, 0x65D6, 0x65D6,
    0x65F6, 0x65D6, 0x65D6, 0x65B6, 0x5DB6, 0x5DB5, 0x5595, 0x5D95, 0x5DB5, 0x65B6, 0x65D6, 0x65D6,
    0x65D6, 0x5DD6, 0x5DB6, 0x5DB6, 0x65D6, 0x65D6, 0x65D6, 0x65D6, 0x65F6, 0x65F6, 0x5DD6, 0x5DB6,
    0x5DD6, 0x65D6, 0x65D6, 0x65D6, 0x65D6, 0x5DB6, 0x5DB5, 0x5DB5, 0x5DB5, 0x5DB6, 0x65D6, 0x65D6,
    0x5DB6, 0x5DB5, 0x5DB6, 0x5DB6, 0x5DB5, 0x5DB5, 0x5DB5, 0x5D95, 0x5595, 0x5595, 0x5DB5, 0x5DD6,
    0x65F6, 0x6DF6, 0x6DF6, 0x6DF6, 0x65D6, 0x65D6, 0x65D6, 0x65D6, 0x5DD6, 0x5DB6, 0x5DB6, 0x5DB5,
    0x5DB5, 0x5DB5, 0x5DB6, 0x5DD6, 0x65D6, 0x65F6, 0x65D6, 0x65D6, 0x5DD6, 0x5DB6, 0x5DD6, 0x65D6,
    0x65F6, 0x65F6, 0x65F6, 0x65D6, 0x5DB6, 0x5DB5, 0x5D95, 0x5DB5, 0x5DB5, 0x5DB5, 0x5DB6, 0x5DB6,
    0x5DB5, 0x5DB5, 0x5DB5, 0x5DB5, 0x65D6, 0x65F6, 0x65D6, 0x65D6, 0x5DB5, 0x5DB5, 0x5DB5, 0x5DD6,
    0x65D6, 0x65D6, 0x65D6, 0x65D6, 0x65D6, 0x65F6, 0x7617, 0x7617, 0x65F7, 0x65D6, 0x5DD6, 0x65D6,
    0x65F6, 0x65F6, 0x65D6, 0x65D6, 0x65F6, 0x6DF6, 0x6DF7, 0x6DF6, 0x65D6, 0x5DD6, 0x5DB5, 0x5DB5,
    0x5DB5, 0x5DB5, 0x5DB5, 0x5DB5, 0x65B6, 0x65D6, 0x65F6, 0x65F6, 0x65F6, 0x65F6, 0x65D6, 0x5DB6,
    0x5DB6, 0x5DB5, 0x5D95, 0x5D95, 0x5DB5, 0x5DB5, 0x5DB6, 0x65D6, 0x5DB5, 0x5DB6, 0x65D6, 0x65D6,
    0x65B6, 0x5DB5, 0x5DB5, 0x5DB5, 0x65D6, 0x65D6, 0x65D6, 0x65D6, 0x5DB6, 0x5DD6, 0x65D6, 0x65F6,
    0x65D6, 0x65D6, 0x5DD6, 0x5DB6, 0x5DB6, 0x5DB6, 0x65D6, 0x65D6, 0x65D6, 0x5DD6, 0x5DD6, 0x5DB6,
    0x5DB5, 0x5DB5, 0x5DB5, 0x5DB5, 0x5D95, 0x5595, 0x5DB5, 0x5DB5, 0x5DD6, 0x65D6, 0x65D6, 0x5DB6,
    0x5DB6, 0x5DB6, 0x5DB6, 0x5DB5, 0x5DB5, 0x5DB6, 0x5DB6, 0x5DB6, 0x5DB5, 0x5DB5, 0x5DB6, 0x65D6,
    0x6DF7, 0x6E17, 0x6DF7, 0x6DF6, 0x65D6, 0x5DB6, 0x5DD6, 0x65D6, 0x65D6, 0x65D6, 0x6DF6, 0x65F6,
    0x5DB6, 0x5DB5, 0x5DB5, 0x5DB5, 0x5DB5, 0x5DB6, 0x65D6, 0x65D6, 0x65D6, 0x65D6, 0x5DD6, 0x5DD6,
    0x65D6, 0x65D6, 0x65D6, 0x65D6, 0x5DB6, 0x5DB5, 0x5DB5, 0x5DB5, 0x5DD6, 0x65D6, 0x5DB6, 0x5DD6,
    0x65D6, 0x65F6, 0x6DF7, 0x6E17, 0x65F6, 0x65D6, 0x5DD6, 0x5DD6, 0x5DD6, 0x5DD6, 0x5DD6, 0x5DB6,
    0x5DB6, 0x5DD6, 0x5DD6, 0x65D6, 0x65F6, 0x65F6, 0x65D6, 0x65D6, 0x65D6, 0x65D6, 0x65D6, 0x65F6,
    0x6DF6, 0x6DF7, 0x6E17, 0x6DF7, 0x65F6, 0x65D6, 0x5DB6, 0x5DB5, 0x5DB5, 0x5DB5, 0x5DB6, 0x5DB6,
    0x5DB6, 0x5DB5, 0x5DB5, 0x5DB5, 0x5DB5, 0x5DB6, 0x65D6, 0x65D6, 0x5DB5, 0x5DB5, 0x5D95, 0x5DB5,
    0x5DB5, 0x65D6, 0x65D6, 0x65D6, 0x5DB5, 0x5DB5, 0x65D6, 0x65F6, 0x65F6, 0x65D6, 0x65D6, 0x5DD6,
    0x5DB6, 0x5DB6, 0x5DD6, 0x65D6, 0x65D6, 0x65D6, 0x65D6, 0x5DD6, 0x5DB5, 0x5D95, 0x5DB5, 0x5DB5,
    0x5D95, 0x5DB5, 0x5DB6, 0x5DD6, 0x5DB6, 0x5DB6, 0x5DB5, 0x5DB5, 0x5DB5, 0x5DB5, 0x5DB5, 0x5DB5,
    0x5DB5, 0x5DB6, 0x5DB6, 0x5DB6, 0x5DB5, 0x5DB6, 0x65D6, 0x65D6, 0x6DF7, 0x6E17, 0x6DF7, 0x6DF6,
    0x65D6, 0x65D6, 0x65D6, 0x65D6, 0x65D6, 0x65F6, 0x6DF6, 0x65D6, 0x5DB5, 0x5D95, 0x5DB5, 0x5DB5,
    0x5DB5, 0x5DB6, 0x65D6, 0x65F6, 0x6DF6, 0x65F6, 0x65D6, 0x65D6, 0x65D6, 0x65D6, 0x65D6, 0x65D6,
    0x5DD6, 0x5DB5, 0x5D95, 0x5DB5, 0x65D6, 0x65D6, 0x5DD6, 0x5DD6, 0x65D6, 0x65D6, 0x65D6, 0x65D6,
    0x65D6, 0x65D6, 0x5DD6, 0x5DB6, 0x5DB5, 0x5DB5, 0x5DB5, 0x5DB5, 0x5DB5, 0x5DB5, 0x5DB5, 0x5DB6,
    0x65F6, 0x6DF7, 0x65F6, 0x65F6, 0x6DF7, 0x6DF6, 0x65F6, 0x65F6, 0x6DF7, 0x6DF7, 0x6DF7, 0x65F6,
    0x65F6, 0x65D6, 0x5DB5, 0x5DB5, 0x5DB5, 0x5DB5, 0x5DB6, 0x65D6, 0x5DB6, 0x5DB6, 0x5DB5, 0x5DB5,
    0x65D6, 0x65D6, 0x5DB6, 0x5DB5, 0x5DB5, 0x5D95, 0x5D95, 0x5D95, 0x5D95, 0x5DB5, 0x5DD6, 0x5DD6,
    0x5DB5, 0x5DB5, 0x65D6, 0x65D6, 0x65F6, 0x65F6, 0x65D6, 0x65D6, 0x65D6, 0x65D6, 0x5DD6, 0x65D6,
    0x65D6, 0x6DF6, 0x65F6, 0x65D6, 0x5DB5, 0x5DB5, 0x5DB5, 0x5DB5, 0x5DB5, 0x65D6, 0x65F6, 0x6DF6,
    0x65D6, 0x65D6, 0x5DD6, 0x5DB6, 0x5DB6, 0x5DB6, 0x5DD6, 0x5DD6, 0x5DD6, 0x5DB6, 0x5DB5, 0x5DB5,
    0x5DB5, 0x5DB5, 0x5DD6, 0x65D6, 0x65F6, 0x65F6, 0x65D6, 0x65D6, 0x65F6, 0x65F6, 0x65F6, 0x65F6,
    0x6DF7, 0x6DF6, 0x65D6, 0x5DB6, 0x5595, 0x5595, 0x5D95, 0x5DB5, 0x5DB5, 0x65D6, 0x65F6, 0x6E17,
    0x7617, 0x7617, 0x6DF7, 0x65F6, 0x65F6, 0x65D6, 0x5DB6, 0x5DB5, 0x5DD6, 0x5DB6, 0x5DB5, 0x5DB5,
    0x65F6, 0x6DF6, 0x65D6, 0x65D6, 0x65D6, 0x5DD6, 0x5DB6, 0x5DB5, 0x5DB6, 0x5DB6, 0x5DB6, 0x5DB5,
    0x5D95, 0x5D95, 0x5DB5, 0x5DB5, 0x5DB5, 0x5DB5, 0x5DB5, 0x5DB6, 0x65F6, 0x6E17, 0x6E17, 0x6E17,
    0x6DF7, 0x65F6, 0x65D6, 0x65D6, 0x65D6, 0x65D6, 0x65D6, 0x65D6, 0x65D6, 0x65D6, 0x5DB6, 0x5DB5,
    0x5DB5, 0x5DB5, 0x5DB6, 0x5DD6, 0x65D6, 0x65D6, 0x5DD6, 0x5DB6, 0x6DF6, 0x65D6, 0x5DD6, 0x5DB5,
    0x5DB5, 0x5DB5, 0x5DB5, 0x5DB5, 0x5DB5, 0x5DB5, 0x5DB6, 0x5DB6, 0x5DB5, 0x5DB5, 0x5DD6, 0x65D6,
    0x65D6, 0x65D6, 0x65D6, 0x5DD6, 0x65D6, 0x5DD6, 0x5DB5, 0x5DB5, 0x65D6, 0x65F6, 0x6DF6, 0x65F6,
    0x5DD6, 0x5DB5, 0x5DB5, 0x5DB5, 0x5DD6, 0x65D6, 0x6DF6, 0x6DF7, 0x65D6, 0x65D6, 0x5DD6, 0x5DB6,
    0x5DB5, 0x5DB5, 0x5DD6, 0x65D6, 0x65D6, 0x5DB6, 0x5DB5, 0x5D95, 0x5DB5, 0x5DB5, 0x5DB6, 0x5DD6,
    0x5DD6, 0x5DD6, 0x5DD6, 0x5DD6, 0x65D6, 0x65F6, 0x65D6, 0x65F6, 0x6DF7, 0x6DF6, 0x65D6, 0x5DB5,
    0x5595, 0x5595, 0x5DB5, 0x5DB6, 0x5DB5, 0x5DD6, 0x65D6, 0x6DF6, 0x7617, 0x7617, 0x6DF7, 0x65F6,
    0x65F6, 0x65F6, 0x5DB6, 0x5DB6, 0x5DD6, 0x5DD6, 0x5DB5, 0x5DD6, 0x6DF6, 0x6DF6, 0x65D6, 0x5DB6,
    0x5DB6, 0x5DB5, 0x5D95, 0x5D95, 0x5DB5, 0x5DB5, 0x5DB6, 0x5DB6, 0x5D95, 0x5595, 0x5D95, 0x5DB5,
    0x5DB5, 0x5DB5, 0x5DB5, 0x5DB6, 0x65F6, 0x6DF7, 0x6DF7, 0x6DF7, 0x6DF7, 0x6DF7, 0x65D6, 0x5DD6,
    0x5DB6, 0x5DB6, 0x5DB6, 0x5DD6, 0x65D6, 0x65D6, 0x5DB6, 0x5DB5, 0x5DB5, 0x5DB5, 0x5DB6, 0x5DD6,
    0x65D6, 0x65D6, 0x65D6, 0x65D6, 0x65D6, 0x65D6, 0x65D6, 0x65D6, 0x5DD6, 0x5DB6, 0x5DB6, 0x5DD6,
    0x5DD6, 0x5DD6, 0x5DD6, 0x5DB5, 0x5DB5, 0x5DB5, 0x5DD6, 0x65D6, 0x65D6, 0x65D6, 0x5DB5, 0x5DB5,
    0x5DB5, 0x5D95, 0x5595, 0x5D95, 0x5DB5, 0x65D6, 0x65F6, 0x65F6, 0x65D6, 0x5DB6, 0x5DB6, 0x5DD6,
    0x5DD6, 0x65D6, 0x65F6, 0x6DF6, 0x65F6, 0x65D6, 0x5DB6, 0x5DB5, 0x5D95, 0x5D95, 0x5DB6, 0x65D6,
    0x65D6, 0x65D6, 0x5DB6, 0x5DB5, 0x5D95, 0x5D95, 0x5D95, 0x5DB5, 0x5DB5, 0x5DB5, 0x5DB5, 0x5DB5,
    0x5DB6, 0x5DD6, 0x5DB6, 0x5DB6, 0x65D6, 0x65D6, 0x65D6, 0x5DB6, 0x5DB5, 0x5DB6, 0x65D6, 0x65D6,
    0x5DB5, 0x5DB5, 0x5DB5, 0x65D6, 0x6DF6, 0x6DF6, 0x65D6, 0x65D6, 0x65F6, 0x65F6, 0x65D6, 0x65D6,
    0x65D6, 0x5DD6, 0x5DD6, 0x5DD6, 0x65D6, 0x65D6, 0x5DB5, 0x5D95, 0x5595, 0x5595, 0x5D95, 0x5D95,
    0x5DB5, 0x5DB5, 0x65D6, 0x65D6, 0x5DB5, 0x5595, 0x5595, 0x5DB5, 0x5DD6, 0x5DD6, 0x5DD6, 0x65D6,
    0x65F6, 0x65F6, 0x65D6, 0x65D6, 0x6DF7, 0x6DF7, 0x65F6, 0x65D6, 0x5DB6, 0x5DB5, 0x5DB5, 0x5DB6,
    0x5DD6, 0x5DD6, 0x5DB5, 0x5DB5, 0x5DB5, 0x5DB5, 0x5DD6, 0x5DD6, 0x5DB6, 0x5DD6, 0x65D6, 0x65F6,
    0x65D6, 0x65D6, 0x65F6, 0x65F6, 0x65D6, 0x65D6, 0x65D6, 0x65D6, 0x65D6, 0x5DB6, 0x5DB6, 0x5DB5,
    0x5DB5, 0x5DB5, 0x65D6, 0x65D6, 0x65D6, 0x65D6, 0x5DB5, 0x5D95, 0x5595, 0x5595, 0x5575, 0x5575,
    0x5595, 0x5DB5, 0x65F6, 0x6DF6, 0x65D6, 0x65D6, 0x65D6, 0x65D6, 0x5DD6, 0x5DD6, 0x65D6, 0x65F6,
    0x65F6, 0x65D6, 0x5DB6, 0x5DB5, 0x5595, 0x5D95, 0x5DB5, 0x5DB5, 0x5DB6, 0x5DB6, 0x5DB6, 0x5DB5,
    0x5D95, 0x5D95, 0x5DB5, 0x5DB5, 0x5DB5, 0x5DB5, 0x5DB5, 0x5DB5, 0x5DB5, 0x5DB5, 0x5DB5, 0x5DB5,
    0x5DB5, 0x5DB6, 0x65B6, 0x65D6, 0x5DD6, 0x65D6, 0x6DF6, 0x65F6, 0x5DB6, 0x5D95, 0x5D95, 0x5DB5,
    0x65D6, 0x65F6, 0x65D6, 0x65D6, 0x65F6, 0x65F6, 0x65D6, 0x65D6, 0x5DD6, 0x5DD6, 0x5DD6, 0x65D6,
    0x65D6, 0x65D6, 0x5DB5, 0x5595, 0x5595, 0x5595, 0x5D95, 0x5D95, 0x5DB5, 0x5DB6, 0x65D6, 0x65D6,
    0x5DB6, 0x5DB5, 0x5DB5, 0x5DB6, 0x65D6, 0x65F6, 0x65F6, 0x65D6, 0x65F6, 0x65D6, 0x5DD6, 0x65D6,
    0x6DF6, 0x6DF6, 0x65D6, 0x5DB6, 0x5DB5, 0x5DB5, 0x5DB6, 0x5DD6, 0x65D6, 0x5DD6, 0x5DB5, 0x5D95,
    0x5DB5, 0x5DB5, 0x5DD6, 0x5DD6, 0x5DB6, 0x5DD6, 0x65D6, 0x65F6, 0x5DB6, 0x65D6, 0x65F6, 0x6DF7,
    0x6DF6, 0x65F6, 0x65F6, 0x65D6, 0x5DB5, 0x5D95, 0x5DB5, 0x5DB5, 0x5DD6, 0x65D6, 0x65D6, 0x65F6,
    0x65F6, 0x65F6, 0x65D6, 0x5DB6, 0x5D95, 0x5595, 0x5574, 0x5575, 0x5595, 0x5DB5, 0x65D6, 0x6DF6,
    0x65F6, 0x65F6, 0x65F6, 0x65D6, 0x5DD6, 0x5DB6, 0x5DD6, 0x65F6, 0x6E17, 0x6DF7, 0x65D6, 0x5DB5,
    0x5D95, 0x5595, 0x5595, 0x5595, 0x5D95, 0x5D95, 0x5DB5, 0x5DB5, 0x5DB5, 0x65B6, 0x65D6, 0x65D6,
    0x65D6, 0x65D6, 0x65D6, 0x65D6, 0x5DB6, 0x5DB5, 0x5DB5, 0x5D95, 0x5DB5, 0x5DB5, 0x5DB5, 0x65B6,
    0x65D6, 0x65D6, 0x65D6, 0x65D6, 0x5DB5, 0x5D95, 0x5D95, 0x5DB5, 0x65D6, 0x65F6, 0x6E17, 0x6DF7,
    0x65F6, 0x65D6, 0x5DB6, 0x5DB5, 0x5DB6, 0x5DD6, 0x65F6, 0x65F6, 0x65F6, 0x65D6, 0x5DB6, 0x5DB5,
    0x5D95, 0x5595, 0x5595, 0x5DB5, 0x5DB6, 0x65D6, 0x65F6, 0x65F6, 0x65D6, 0x65D6, 0x65D6, 0x65F6,
    0x6E17, 0x6E17, 0x6DF7, 0x65F6, 0x65D6, 0x5DD6, 0x5DB6, 0x5DB6, 0x65D6, 0x65D6, 0x5DB5, 0x5D95,
    0x5D95, 0x5DB5, 0x65D6, 0x65D6, 0x65D6, 0x65D6, 0x5DB5, 0x5D95, 0x5595, 0x5DB5, 0x65D6, 0x65D6,
    0x5DB6, 0x5DB6, 0x65D6, 0x65D6, 0x5DB5, 0x5DB5, 0x65D6, 0x65F6, 0x6E17, 0x6DF7, 0x65F6, 0x65D6,
    0x5DB5, 0x5D95, 0x5DB5, 0x5DB6, 0x65D6, 0x65F6, 0x6DF6, 0x6DF7, 0x6DF6, 0x65F6, 0x65F6, 0x65D6,
    0x5DB5, 0x5595, 0x5575, 0x5575, 0x5D95, 0x5DB5, 0x65D6, 0x65F6, 0x65F6, 0x6DF6, 0x6DF6, 0x65F6,
    0x5DD6, 0x5DB5, 0x5DB5, 0x65D6, 0x6DF7, 0x6E17, 0x65D6, 0x5DB6, 0x5D95, 0x5595, 0x5575, 0x5575,
    0x5595, 0x5D95, 0x5DB5, 0x65D6, 0x65D6, 0x65D6, 0x65F6, 0x65F6, 0x65D6, 0x65D6, 0x65D6, 0x65D6,
    0x5DD6, 0x5DB5, 0x5D95, 0x5595, 0x5D95, 0x5D95, 0x5DB5, 0x5DB5, 0x65D6, 0x65D6, 0x65D6, 0x65D6,
    0x5DB5, 0x5D95, 0x5D95, 0x5D95, 0x5DD6, 0x65F6, 0x6E17, 0x6E17, 0x65F6, 0x65D6, 0x5DB5, 0x5DB5,
    0x5DB5, 0x5DD6, 0x65F6, 0x6DF7, 0x6E17, 0x6DF7, 0x65D6, 0x5DB6, 0x5DB6, 0x5DB5, 0x5DB5, 0x5DB5,
    0x5DD6, 0x65D6, 0x65F6, 0x65F6, 0x6DF6, 0x6DF6, 0x65F6, 0x6DF7, 0x6E17, 0x6E17, 0x6DF7, 0x65F6,
    0x65D6, 0x5DD6, 0x5DB6, 0x5DB6, 0x65D6, 0x65B6, 0x5DB5, 0x5D95, 0x5595, 0x5DB5, 0x65D6, 0x65F6,
    0x65D6, 0x65D6, 0x5DB5, 0x5D95, 0x5D95, 0x5DB5, 0x65D6, 0x65D6, 0x65D6, 0x5DD6, 0x5DD6, 0x5DD6,
    0x5D95, 0x5D95, 0x5DB5, 0x65D6, 0x65F6, 0x6DF6, 0x65F6, 0x65D6, 0x5DD6, 0x5DB6, 0x5DB6, 0x5DD6,
    0x65F6, 0x6DF6, 0x7617, 0x7617, 0x6DF6, 0x65F6, 0x65F6, 0x65D6, 0x5DB6, 0x5DB5, 0x5595, 0x5D95,
    0x5DB5, 0x5DB6, 0x65D6, 0x65D6, 0x65D6, 0x65F6, 0x6DF6, 0x65F6, 0x5DB6, 0x5DB5, 0x5DB5, 0x5DB5,
    0x65D6, 0x65F6, 0x65D6, 0x5DD6, 0x5DB6, 0x5D95, 0x5595, 0x5595, 0x5595, 0x5DB5, 0x65D6, 0x65F6,
    0x6DF7, 0x6DF7, 0x65F6, 0x65D6, 0x5DB6, 0x5DB6, 0x5DD6, 0x5DD6, 0x5DB6, 0x5DB5, 0x5595, 0x5575,
    0x5575, 0x5575, 0x5595, 0x5DB5, 0x5DD6, 0x65D6, 0x65D6, 0x65D6, 0x5DB6, 0x5D95, 0x5595, 0x5D95,
    0x5DB5, 0x65D6, 0x65D6, 0x65F6, 0x65D6, 0x65D6, 0x5DB6, 0x5DB5, 0x5DB5, 0x5DB6, 0x65D6, 0x6E17,
    0x7637, 0x7617, 0x6DF7, 0x65D6, 0x65D6, 0x5DD6, 0x65D6, 0x65D6, 0x65D6, 0x65D6, 0x65D6, 0x65F6,
    0x6DF6, 0x6DF6, 0x65F6, 0x65F6, 0x65F6, 0x65F6, 0x65D6, 0x65D6, 0x5DD6, 0x5DB6, 0x5DB6, 0x65D6,
    0x65F6, 0x65F6, 0x65D6, 0x5DB5, 0x5DB5, 0x5DB5, 0x65F6, 0x65F6, 0x65D6, 0x65D6, 0x5DB6, 0x5DB6,
    0x5DD6, 0x65D6, 0x65F6, 0x6DF6, 0x65F6, 0x65D6, 0x5DB6, 0x5DB5, 0x5595, 0x5D95, 0x5DB5, 0x5DB6,
    0x65D6, 0x65F6, 0x65F6, 0x65F6, 0x65D6, 0x65D6, 0x5DD6, 0x5DD6, 0x65D6, 0x65F6, 0x6DF7, 0x6DF6,
    0x65D6, 0x65D6, 0x65D6, 0x65D6, 0x5DB6, 0x5DB5, 0x5D95, 0x5D95, 0x5DB5, 0x65D6, 0x65D6, 0x65D6,
    0x65D6, 0x65F6, 0x65F6, 0x65F6, 0x5DD6, 0x5DB5, 0x5DB5, 0x5DB5, 0x5DD6, 0x65D6, 0x65D6, 0x65D6,
    0x65D6, 0x65D6, 0x5DB6, 0x5DB5, 0x5DB5, 0x5DB6, 0x65D6, 0x65F6, 0x6E17, 0x6DF7, 0x65D6, 0x5DD6,
    0x5DB5, 0x5DB5, 0x5DB6, 0x5DD6, 0x5DD6, 0x5DB5, 0x5D95, 0x5575, 0x5575, 0x5575, 0x5595, 0x5D95,
    0x5DD6, 0x65D6, 0x65D6, 0x65D6, 0x65D6, 0x5DB6, 0x5DB5, 0x5DB5, 0x5DB5, 0x5DD6, 0x5DD6, 0x65D6,
    0x65D6, 0x65D6, 0x5DD6, 0x5DB6, 0x5DB5, 0x5DD6, 0x65D6, 0x6DF7, 0x7617, 0x7617, 0x6DF7, 0x65F6,
    0x65D6, 0x65D6, 0x65D6, 0x65D6, 0x65D6, 0x65D6, 0x65D6, 0x65D6, 0x65D6, 0x65D6, 0x65D6, 0x65D6,
    0x65D6, 0x65D6, 0x65D6, 0x65D6, 0x5DB6, 0x5DB5, 0x5DB5, 0x5DD6, 0x65F6, 0x65F6, 0x65D6, 0x5DB5,
    0x5DB5, 0x5DD6, 0x65D6, 0x65F6, 0x65D6, 0x5DD6, 0x5DD6, 0x5DD6, 0x65D6, 0x65F6, 0x65F6, 0x6DF6,
    0x6DF6, 0x65D6, 0x5DB6, 0x5DB5, 0x5D95, 0x5DB5, 0x5DB5, 0x5DB5, 0x5DD6, 0x65D6, 0x6DF6, 0x6DF7,
    0x6DF7, 0x6DF6, 0x65D6, 0x5DD6, 0x5DB6, 0x5DB6, 0x5DB5, 0x5DB5, 0x5DB5, 0x5DB5, 0x65D6, 0x65D6,
    0x5DB5, 0x5D95, 0x5595, 0x5D95, 0x5DB5, 0x65D6, 0x65D6, 0x65D6, 0x65F6, 0x65F6, 0x65D6, 0x65D6,
    0x65F6, 0x65F6, 0x65D6, 0x65D6, 0x5DD6, 0x5DD6, 0x5DD6, 0x65D6, 0x6DF7, 0x6E17, 0x6DF7, 0x65F6,
    0x65D6, 0x5DD6, 0x65D6, 0x65F6, 0x6DF7, 0x6DF7, 0x65D6, 0x5DD6, 0x5DB5, 0x5DB5, 0x5DB5, 0x5DB6,
    0x65D6, 0x65D6, 0x5DB5, 0x5D95, 0x5595, 0x5595, 0x5595, 0x5DB5, 0x65D6, 0x65D6, 0x65D6, 0x65F6,
    0x6DF6, 0x6DF6, 0x65D6, 0x65D6, 0x65D6, 0x65D6, 0x5DB5, 0x5DB5, 0x5DD6, 0x65D6, 0x65D6, 0x65D6,
    0x5DD6, 0x5DD6, 0x65F6, 0x65F6, 0x6DF6, 0x6DF6, 0x65F6, 0x65D6, 0x65D6, 0x65D6, 0x65D6, 0x65D6,
    0x65D6, 0x5DD6, 0x5DB6, 0x5DB5, 0x5DB5, 0x5DB5, 0x5DB6, 0x5DD6, 0x65D6, 0x65F6, 0x65D6, 0x65D6,
    0x5DB5, 0x5DB5, 0x5D95, 0x5DB5, 0x5DB6, 0x5DB6, 0x5DB5, 0x5DB5, 0x5DB6, 0x5DD6, 0x5DD6, 0x65D6,
    0x65D6, 0x65D6, 0x65D6, 0x65D6, 0x65F6, 0x65F6, 0x65D6, 0x65D6, 0x65D6, 0x65D6, 0x5DB6, 0x5DB5,
    0x5DB5, 0x5DB5, 0x5DB5, 0x5DB5, 0x5DD6, 0x65D6, 0x6DF6, 0x6DF7, 0x6E17, 0x6DF7, 0x65F6, 0x65D6,
    0x5DD6, 0x5DB5, 0x5D95, 0x5595, 0x5D95, 0x5DB5, 0x5DD6, 0x65D6, 0x5DB5, 0x5DB5, 0x5D95, 0x5DB5,
    0x5DB5, 0x65D6, 0x65D6, 0x65D6, 0x65F6, 0x65D6, 0x5DD6, 0x5DD5, 0x65D6, 0x65D6, 0x65D6, 0x65D6,
    0x5DB5, 0x5DB5, 0x5DB5, 0x65D6, 0x6E17, 0x7617, 0x6E17, 0x6E17, 0x65F6, 0x65D6, 0x65D6, 0x65F6,
    0x6DF6, 0x6DF6, 0x65F6, 0x65D6, 0x5DB6, 0x5DB5, 0x5DB5, 0x5DB6, 0x65D6, 0x65D6, 0x5DB6, 0x5DB5,
    0x5D95, 0x5D95, 0x5DB5, 0x5DB5, 0x65D6, 0x65D6, 0x65D6, 0x65D6, 0x6DF6, 0x6DF7, 0x65F6, 0x65F6,
    0x65D6, 0x65D6, 0x5DB5, 0x5DB5, 0x5DB5, 0x5DD6, 0x65D6, 0x65F6, 0x65F6, 0x65F6, 0x6DF7, 0x6DF6,
    0x65D6, 0x65D6, 0x65D6, 0x65D6, 0x65D6, 0x65D6, 0x5DD6, 0x5DD6, 0x65D6, 0x5DD6, 0x5DB5, 0x5DB5,
    0x5D95, 0x5D95, 0x5DB5, 0x5DD6, 0x65D6, 0x65F6, 0x65F6, 0x65D6, 0x5DB5, 0x5D95, 0x5595, 0x5D95,
    0x5DB5, 0x5DB6, 0x5DB5, 0x5DB6, 0x5DD6, 0x5DD6, 0x5DB6, 0x5DB6, 0x5DD6, 0x5DD6, 0x5DD6, 0x65D6,
    0x65F6, 0x65F6, 0x65D6, 0x5DD6, 0x65D6, 0x65D6, 0x5DB6, 0x5DB5, 0x5DB6, 0x5DB6, 0x5DB6, 0x5DB6,
    0x65D6, 0x65D6, 0x6DF6, 0x6DF6, 0x6DF6, 0x6DF7, 0x6DF7, 0x65F6, 0x65D6, 0x5DD6, 0x5DB5, 0x5DB5,
    0x5DB5, 0x5DB5, 0x65D6, 0x65D6, 0x65D6, 0x65D6, 0x5DB5, 0x5DB5, 0x5DB5, 0x5DB5, 0x5DD6, 0x65D6,
    0x65D6, 0x65D6, 0x5DB5, 0x5DB5, 0x5DB5, 0x5D95, 0x5D95, 0x5D95, 0x5D95, 0x5D95, 0x5595, 0x5DB5,
    0x65D6, 0x6DF7, 0x6E17, 0x6E17, 0x65F6, 0x65F6, 0x65F6, 0x65F6, 0x6DF6, 0x6DF6, 0x6DF7, 0x65D6,
    0x5DB6, 0x5DB5, 0x5DB5, 0x5DB6, 0x5DD6, 0x5DD6, 0x5DD6, 0x5DB5, 0x5DB5, 0x5DB5, 0x5DB5, 0x5DB6,
    0x5DB5, 0x5DB5, 0x5DB5, 0x5DB5, 0x65D6, 0x65F6, 0x65F6, 0x65F6, 0x65D6, 0x5DD6, 0x5DB5, 0x5DB5,
    0x5DB5, 0x5DB5, 0x5DD6, 0x65D6, 0x65F6, 0x6E17, 0x6E17, 0x6E17, 0x65F6, 0x5DD6, 0x65D6, 0x65D6,
    0x5DB6, 0x5DB6, 0x5DB6, 0x5DD6, 0x65D6, 0x65D6, 0x5DB6, 0x5DB5, 0x5DB5, 0x5DB5, 0x5DB6, 0x5DD6,
    0x65D6, 0x65D6, 0x65F6, 0x65D6, 0x5DB5, 0x5D95, 0x5595, 0x5D95, 0x5DB6, 0x65D6, 0x65D6, 0x65D6,
    0x65D6, 0x5DD6, 0x5DB5, 0x5D95, 0x5DB5, 0x5DB5, 0x5DB5, 0x5DB6, 0x65F6, 0x65F6, 0x65D6, 0x5DD6,
    0x65D6, 0x65D6, 0x65D6, 0x65D6, 0x5DB5, 0x5DB5, 0x5DB5, 0x5DB6, 0x65D6, 0x65D6, 0x65F6, 0x65F6,
    0x65F6, 0x65F6, 0x65F6, 0x65F6, 0x65F6, 0x65D6, 0x5DB5, 0x5DB5, 0x5DB5, 0x5DB5, 0x5DD6, 0x65D6,
    0x65F6, 0x65F6, 0x65D6, 0x65D6, 0x5DB5, 0x5DB5, 0x5DB5, 0x5DB5, 0x5DD6, 0x5DB6, 0x5DB5, 0x5DB5,
    0x5D95, 0x5D95, 0x5595, 0x5595, 0x5D95, 0x5D95, 0x5595, 0x5DB5, 0x5DD6, 0x65F6, 0x6E17, 0x6E17,
    0x65F6, 0x65D6, 0x65D6, 0x65D6, 0x65D6, 0x65F6, 0x6DF6, 0x6DF6, 0x65D6, 0x5DB6, 0x5DB6, 0x5DB6,
    0x5DD6, 0x65D6, 0x65D6, 0x5DD6, 0x5DB5, 0x5DB5, 0x5DD6, 0x5DB5, 0x5D95, 0x5D95, 0x5D95, 0x5DB5,
    0x5DB6, 0x5DD6, 0x65F6, 0x65F6, 0x65D6, 0x5DB6, 0x5DB5, 0x5DB5, 0x5D95, 0x5DB5, 0x5DB6, 0x65D6,
    0x65F7, 0x6E17, 0x6E17, 0x6DF7, 0x65D6, 0x5DD6, 0x65D6, 0x5DD6, 0x5DB5, 0x5DB5, 0x5DB5, 0x5DB6,
    0x5DD6, 0x65D6, 0x65D6, 0x5DD6, 0x5DB6, 0x5DB6, 0x5DD6, 0x5DD6, 0x5DD6, 0x65D6, 0x65F6, 0x65F6,
    0x5DB6, 0x5DB5, 0x5D95, 0x5DB5, 0x5DD6, 0x65D6, 0x65D6, 0x65D6, 0x65D6, 0x5DB6, 0x5DB5, 0x5595,
    0x5D95, 0x5DB5, 0x5DB5, 0x5DB6, 0x65F6, 0x65F6, 0x5DD6, 0x5DB6, 0x65D6, 0x65D6, 0x65D6, 0x5DD6,
    0x5595, 0x5595, 0x5DB5, 0x5DB5, 0x5DB5, 0x5DB5, 0x5DB6, 0x5DD6, 0x65D6, 0x65D6, 0x65D6, 0x65D6,
    0x5DD6, 0x5DD6, 0x5DB5, 0x5DB5, 0x5DB5, 0x5DB5, 0x5DB5, 0x5DD6, 0x65D6, 0x65F6, 0x6E17, 0x6DF7,
    0x5DD6, 0x5DB5, 0x5D95, 0x5D95, 0x5D95, 0x5DB5, 0x5DB5, 0x5DB5, 0x5DB5, 0x5DB5, 0x5DB5, 0x5DB5,
    0x5DB5, 0x5DB5, 0x5DB5, 0x5DB5, 0x5DB5, 0x5DD6, 0x65F6, 0x65F6, 0x65D6, 0x65D6, 0x5DB5, 0x5DB5,
    0x5DB6, 0x5DD6, 0x65D6, 0x65D6, 0x65D6, 0x65D6, 0x65D6, 0x65D6, 0x65D6, 0x65F6, 0x65F6, 0x65D6,
    0x5DB6, 0x5DB5, 0x5DB5, 0x5DB5, 0x5D95, 0x5595, 0x5D95, 0x5DB5, 0x5DB5, 0x5DD6, 0x65F6, 0x65F6,
    0x5DD6, 0x5DB6, 0x5DB5, 0x5D95, 0x5D95, 0x5DB5, 0x5DB6, 0x65D6, 0x65D6, 0x65F6, 0x65F6, 0x65D6,
    0x5DD6, 0x5DD6, 0x65D6, 0x65D6, 0x5DB6, 0x5DB5, 0x5595, 0x5595, 0x5DB5, 0x5DD6, 0x65D6, 0x65F6,
    0x65F6, 0x65D6, 0x5DD6, 0x5DB6, 0x5DB5, 0x5DB6, 0x65D6, 0x65D6, 0x5DD6, 0x5DB6, 0x5DB5, 0x5DB5,
    0x5DB5, 0x5DB5, 0x5DB5, 0x5DB5, 0x5DB5, 0x5DB5, 0x5DB5, 0x5D95, 0x5DB5, 0x5DB5, 0x5DB6, 0x65D6,
    0x6DF6, 0x65F6, 0x5DB6, 0x5DB5, 0x5DB5, 0x5DB5, 0x5DB5, 0x5DB5, 0x5DB5, 0x5DB5, 0x5DB5, 0x5DB5,
    0x5DB5, 0x5D95, 0x5D95, 0x5DB5, 0x5DB6, 0x65D6, 0x65D6, 0x65D6, 0x65D6, 0x65D6, 0x5DB5, 0x5DB5,
    0x5DB5, 0x5DB5, 0x5DB5, 0x5DB5, 0x65D6, 0x65F6, 0x7617, 0x6E17, 0x5DD6, 0x5D95, 0x5595, 0x5595,
    0x5595, 0x5595, 0x5D95, 0x5DB5, 0x65D6, 0x65D6, 0x5DD6, 0x5DB6, 0x5DB5, 0x5DB5, 0x5DB5, 0x5DB5,
    0x5DB5, 0x5DD6, 0x65F6, 0x65F6, 0x65D6, 0x5DB5, 0x5D95, 0x5595, 0x5595, 0x5DB5, 0x65D6, 0x65D6,
    0x65D6, 0x65D6, 0x65D6, 0x65D6, 0x65F6, 0x6DF6, 0x6DF7, 0x65F6, 0x5DB6, 0x5DB5, 0x5DB5, 0x5D95,
    0x5595, 0x5595, 0x5595, 0x5DB5, 0x5DB6, 0x65D6, 0x65F6, 0x65F6, 0x65D6, 0x5DB6, 0x5DB5, 0x5DB5,
    0x5D95, 0x5DB5, 0x5DB6, 0x5DD6, 0x65D6, 0x5DD6, 0x5DD6, 0x5DD6, 0x5DB5, 0x5DB6, 0x65D6, 0x65D6,
    0x5DD6, 0x5DB5, 0x5595, 0x5595, 0x5DB5, 0x5DD6, 0x65D6, 0x6DF6, 0x65D6, 0x65D6, 0x5DB5, 0x5DB5,
    0x5DB5, 0x5DB5, 0x65D6, 0x65D6, 0x5DD6, 0x5DD6, 0x5DD6, 0x5DB5, 0x5DB5, 0x5DB5, 0x5DB5, 0x5DB5,
    0x5DB5, 0x5DB5, 0x5DB5, 0x5DB6, 0x5DD6, 0x65D6, 0x65D6, 0x65D6, 0x6DF6, 0x65F6, 0x5DB6, 0x5DB5,
    0x5D95, 0x5D95, 0x5D95, 0x5DB5, 0x6DF6, 0x65D6, 0x65D6, 0x5DB5, 0x5D95, 0x5D95, 0x5595, 0x5D95,
    0x65B6, 0x65D6, 0x65D6, 0x65F6, 0x6DF6, 0x6DF6, 0x65D6, 0x5DB5, 0x5D95, 0x5595, 0x5595, 0x5DB5,
    0x5DB6, 0x65D6, 0x6DF6, 0x65F6, 0x5DB5, 0x5595, 0x5595, 0x5574, 0x5574, 0x5574, 0x5595, 0x5D95,
    0x65D6, 0x65D6, 0x5DB6, 0x5DB6, 0x5DB6, 0x5DD6, 0x5DD6, 0x5DB6, 0x5DB5, 0x65D6, 0x6E17, 0x6E17,
    0x65D6, 0x5DB5, 0x5D95, 0x5595, 0x5595, 0x5595, 0x5DB5, 0x5DB5, 0x5DB5, 0x5DB5, 0x5DB5, 0x5DB6,
    0x65D6, 0x6DF7, 0x6E17, 0x6DF7, 0x5DB6, 0x5D95, 0x5D95, 0x5595, 0x5595, 0x5595, 0x5595, 0x5DB5,
    0x65D6, 0x65F6, 0x6DF7, 0x6DF7, 0x65F6, 0x65D6, 0x5DB6, 0x5DB5, 0x5DB5, 0x5DB5, 0x5DB6, 0x5DD6,
    0x5DB6, 0x5DB5, 0x5DB5, 0x5DB5, 0x5DB5, 0x5DB5, 0x65D6, 0x65D6, 0x5DD6, 0x5DB6, 0x5DB5, 0x5DB5,
    0x5DB5, 0x5DD6, 0x65D6, 0x65D6, 0x5DB6, 0x5DB5, 0x5D95, 0x5D95, 0x5DB5, 0x5DD6, 0x65F6, 0x65F6,
    0x65D6, 0x5DD6, 0x5DD6, 0x5DB6, 0x5DB5, 0x5DB5, 0x65D6, 0x65D6, 0x5DB5, 0x5DB5, 0x5DB6, 0x65D6,
    0x6DF6, 0x6DF7, 0x65D6, 0x65D6, 0x65F6, 0x65D6, 0x5DD6, 0x5DB5, 0x5DB5, 0x5DB5, 0x5DB5, 0x5DB6,
    0x6DF6, 0x6DF6, 0x65D6, 0x5DB5, 0x5D95, 0x5595, 0x5595, 0x5D95, 0x5DB5, 0x65D6, 0x65D6, 0x65F6,
    0x6E17, 0x6E17, 0x65D6, 0x5DB5, 0x5D95, 0x5595, 0x5595, 0x5DB5, 0x5DB5, 0x65D6, 0x65F6, 0x65F6,
    0x5DB6, 0x5D95, 0x5595, 0x5574, 0x5574, 0x5574, 0x5575, 0x5D95, 0x65D6, 0x65D6, 0x5DB6, 0x5DB5,
    0x5DB6, 0x5DD6, 0x65D6, 0x65D6, 0x65D6, 0x65D6, 0x6E17, 0x6E17, 0x65D6, 0x5DB5, 0x5D95, 0x5595,
    0x5595, 0x5D95, 0x5DB5, 0x5DB5, 0x5D95, 0x5595, 0x5D95, 0x5DB5, 0x65D6, 0x65F6, 0x7617, 0x6E17,
    0x65D6, 0x5DB5, 0x5D95, 0x5D95, 0x5595, 0x5595, 0x5DB5, 0x5DB6, 0x65D6, 0x65D6, 0x65D6, 0x65D6,
    0x65D6, 0x65D6, 0x5DD6, 0x5DB6, 0x5DB5, 0x5DB5, 0x5DB5, 0x5DB5, 0x5DB5, 0x5DB5, 0x5DB5, 0x5DB5,
    0x5DB5, 0x5DB5, 0x65D6, 0x65D6, 0x65D6, 0x5DB6, 0x5DB5, 0x5DB5, 0x5DB6, 0x65D6, 0x65D6, 0x65D6,
    0x5DB5, 0x5595, 0x5595, 0x5595, 0x5DB5, 0x5DD6, 0x65F6, 0x6DF6, 0x65D6, 0x5DD6, 0x5DD6, 0x5DD6,
    0x5DB6, 0x5DD6, 0x65D6, 0x65D6, 0x5DB5, 0x5DB5, 0x5DB6, 0x65D6, 0x6E17, 0x6E17, 0x65D6, 0x65D6,
    0x65D6, 0x65D6, 0x65D6, 0x5DB6, 0x5DB5, 0x5DB5, 0x5DB6, 0x5DD6, 0x65D6, 0x65D6, 0x5DB5, 0x5D95,
    0x5595, 0x5575, 0x5595, 0x5595, 0x5DB5, 0x5DB5, 0x5DB5, 0x65D6, 0x6E17, 0x6E17, 0x65F6, 0x5DD6,
    0x5DB5, 0x5D95, 0x5D95, 0x5DB5, 0x5DB5, 0x65D6, 0x6DF6, 0x6DF6, 0x65D6, 0x5DB6, 0x5D95, 0x5575,
    0x5575, 0x5575, 0x5595, 0x5DB5, 0x65D6, 0x65D6, 0x5DB5, 0x5DB5, 0x5DB5, 0x65D6, 0x65D6, 0x65F6,
    0x65F6, 0x6DF6, 0x6E17, 0x65F6, 0x65D6, 0x5DB5, 0x5DB5, 0x5DB5, 0x5DB5, 0x5DD6, 0x65D6, 0x65D6,
    0x5DB5, 0x5D95, 0x5595, 0x5D95, 0x5DB5, 0x65D6, 0x6DF7, 0x6E17, 0x65F6, 0x65D6, 0x5DB6, 0x5DB5,
    0x5DB5, 0x5DB5, 0x5DD6, 0x5DD6, 0x5DB6, 0x5DB5, 0x5DB5, 0x5DB5, 0x5DB5, 0x5DB6, 0x5DD6, 0x5DD6,
    0x5DB6, 0x5DB6, 0x5DB5, 0x5DB5, 0x5D95, 0x5595, 0x5DB5, 0x5DB5, 0x5DB5, 0x5DB5, 0x5DB5, 0x5DB6,
    0x65D6, 0x65D6, 0x5DB6, 0x5DD6, 0x65D6, 0x65D6, 0x5DD6, 0x5DB6, 0x5DB6, 0x5DB5, 0x5D95, 0x5D95,
    0x5DB5, 0x5DB6, 0x65F6, 0x65F6, 0x5DD6, 0x5DB5, 0x65D6, 0x65D6, 0x5DD6, 0x5DD6, 0x65D6, 0x65D6,
    0x5DB5, 0x5D95, 0x5DB5, 0x5DB6, 0x65D6, 0x65F6, 0x65D6, 0x65D6, 0x65F6, 0x65F6, 0x65F6, 0x65D6,
    0x5DB5, 0x5DB5, 0x5DB6, 0x5DB6, 0x5DD6, 0x5DB6, 0x5DB5, 0x5D95, 0x5595, 0x5595, 0x5D95, 0x5D95,
    0x5D95, 0x5D95, 0x5DB5, 0x65D6, 0x6E17, 0x7617, 0x65F6, 0x65D6, 0x5DB5, 0x5DB5, 0x5DB5, 0x5DB5,
    0x5DB5, 0x5DB5, 0x65D6, 0x65F6, 0x65F6, 0x65D6, 0x5DB5, 0x5D95, 0x5D95, 0x5D95, 0x5DB5, 0x5DB6,
    0x65D6, 0x65D6, 0x5DB6, 0x5DB5, 0x5DB5, 0x65D6, 0x65F6, 0x6DF7, 0x65F6, 0x65F6, 0x65F6, 0x65D6,
    0x65D6, 0x5DB6, 0x5DB6, 0x5DB6, 0x5DD6, 0x65D6, 0x65D6, 0x65D6, 0x5DB5, 0x5D95, 0x5595, 0x5595,
    0x5DB5, 0x65D6, 0x6DF6, 0x6E17, 0x6DF7, 0x65F6, 0x65D6, 0x5DD6, 0x5DB6, 0x5DB6, 0x65D6, 0x65D6,
    0x5DB5, 0x5DB5, 0x5D95, 0x5D95, 0x5DB5, 0x5DB5, 0x5DD6, 0x65D6, 0x65D6, 0x65D6, 0x5DB6, 0x5DB5,
    0x5595, 0x5595, 0x5DB5, 0x5DB5, 0x5DB5, 0x5DB5, 0x5DB5, 0x5DB5, 0x5DB5, 0x5DB6, 0x5DB6, 0x5DD6,
    0x65D6, 0x65D6, 0x5DD6, 0x5DB6, 0x5DB6, 0x5DB6, 0x5DB5, 0x5DB5, 0x5DB5, 0x5DB5, 0x65D6, 0x65D6,
    0x5DB5, 0x5DB5, 0x5DD6, 0x65D6, 0x5DD6, 0x5DB6, 0x65D6, 0x5DB6, 0x5DB5, 0x5DB5, 0x5DB5, 0x5DB5,
    0x5DB6, 0x5DD6, 0x65D6, 0x65D6, 0x65F6, 0x65F6, 0x65F6, 0x65D6, 0x5DD6, 0x5DB6, 0x5DD6, 0x5DD6,
    0x5DB5, 0x5DB5, 0x5DB5, 0x5DB5, 0x5DB5, 0x5DB5, 0x5DB5, 0x5DB5, 0x5D95, 0x5D95, 0x5DB5, 0x65D6,
    0x7617, 0x7617, 0x6DF6, 0x65D6, 0x65D6, 0x5DB5, 0x5DB5, 0x5D95, 0x5DB5, 0x5DB5, 0x5DB5, 0x5DB6,
    0x65D6, 0x65D6, 0x5DB6, 0x5DB5, 0x5DB6, 0x5DD6, 0x65D6, 0x65D6, 0x65F6, 0x65F6, 0x65D6, 0x5DB6,
    0x5DB5, 0x5DD6, 0x65F6, 0x65F6, 0x65D6, 0x5DB6, 0x5DB5, 0x5DB5, 0x65D6, 0x65D6, 0x65D6, 0x65D6,
    0x65D6, 0x5DD6, 0x5DB5, 0x5DB5, 0x5D95, 0x5D95, 0x5D95, 0x5D95, 0x5DB5, 0x5DD6, 0x6DF6, 0x6E17,
    0x6DF7, 0x65F6, 0x65D6, 0x65D6, 0x65D6, 0x65D6, 0x65D6, 0x5DD6, 0x5DD6, 0x5DB5, 0x5DB5, 0x5DB5,
    0x5DB6, 0x5DD6, 0x5DD6, 0x65D6, 0x6DF6, 0x6DF6, 0x65B6, 0x5DB5, 0x5D95, 0x5D95, 0x5DB5, 0x5DB6,
    0x5DB6, 0x5DB5, 0x5DB5, 0x5D95, 0x5595, 0x5D95, 0x5D95, 0x5DB5, 0x65D6, 0x65D6, 0x65D6, 0x65D6,
    0x5DB6, 0x5DB6, 0x65D6, 0x65D6, 0x5DB5, 0x5DB5, 0x5DB5, 0x5DB5, 0x5D95, 0x5595, 0x5D95, 0x5DB5,
    0x5DB5, 0x5DB6, 0x5DB6, 0x5DB6, 0x65D6, 0x5DD6, 0x5DB5, 0x5DB5, 0x5DB5, 0x5DB6, 0x65D6, 0x65F6,
    0x65D6, 0x5DD6, 0x5DB6, 0x5DD6, 0x5DD6, 0x65D6, 0x65F6, 0x65F6, 0x5DB5, 0x5D95, 0x5D95, 0x5DB5,
    0x5DB5, 0x65D6, 0x65D6, 0x5DD6, 0x5DB5, 0x5D95, 0x5DB5, 0x65D6, 0x6E17, 0x6E17, 0x65F6, 0x65D6,
    0x65D6, 0x5DB6, 0x5DB5, 0x5D95, 0x5DB5, 0x5D95, 0x5D95, 0x5DB5, 0x65D6, 0x65D6, 0x65D6, 0x65D6,
    0x65D6, 0x65D6, 0x65D6, 0x65D6, 0x65F6, 0x65D6, 0x65D6, 0x5DD6, 0x5DB5, 0x5DD6, 0x65D6, 0x65D6,
    0x5DB6, 0x5D95, 0x5595, 0x5D95, 0x5DB6, 0x65D6, 0x65D6, 0x65D6, 0x65F6, 0x65D6, 0x5DB5, 0x5DB5,
    0x5DB5, 0x5DB5, 0x5DB5, 0x5DB5, 0x5DB5, 0x5DD6, 0x65F6, 0x6DF7, 0x65F6, 0x65F6, 0x65D6, 0x65D6,
    0x65D6, 0x65D6, 0x5DD6, 0x5DD6, 0x5DD6, 0x5DB6, 0x5DB5, 0x5DB6, 0x5DD6, 0x65D6, 0x65D6, 0x65F6,
    0x6DF7, 0x6DF7, 0x65D6, 0x5DB5, 0x5595, 0x5595, 0x5DB5, 0x5DB5, 0x5DB6, 0x5DB6, 0x5DB5, 0x5DB5,
    0x5595, 0x5595, 0x5D95, 0x5DB5, 0x5DB6, 0x65D6, 0x65D6, 0x65D6, 0x5DB6, 0x5DB6, 0x65D6, 0x65D6,
    0x5DB5, 0x5DB5, 0x5DB5, 0x5DB5, 0x5D95, 0x5D95, 0x5D95, 0x5DB5, 0x5DB5, 0x5DB6, 0x5DB6, 0x5DB6,
    0x65D6, 0x65D6, 0x5DB5, 0x5DB5, 0x5DB5, 0x5DB5, 0x65D6, 0x65F6, 0x5DD6, 0x5DB5, 0x5DB5, 0x5DB5,
    0x5DD6, 0x65D6, 0x65F6, 0x65F6, 0x5D95, 0x5D95, 0x5D95, 0x5DB5, 0x5DB5, 0x5DD6, 0x5DD6, 0x5DB6,
    0x5DB5, 0x5D95, 0x5DB5, 0x5DB6, 0x65D6, 0x65F6, 0x65D6, 0x5DD6, 0x5DB6, 0x5DB5, 0x5DB5, 0x5DB5,
    0x5DB5, 0x5DB5, 0x5D95, 0x5DB5, 0x5DD6, 0x65D6, 0x6DF6, 0x6DF6, 0x65F6, 0x65D6, 0x65D6, 0x5DD6,
    0x65D6, 0x65D6, 0x65D6, 0x65D6, 0x5DD6, 0x65D6, 0x65D6, 0x65D6, 0x5DB5, 0x5D95, 0x5595, 0x5595,
    0x5DB5, 0x5DB6, 0x65D6, 0x65F6, 0x6E17, 0x6DF7, 0x65D6, 0x5DB6, 0x5DB6, 0x5DB6, 0x65D6, 0x65D6,
    0x65D6, 0x65D6, 0x65F6, 0x65F6, 0x65D6, 0x5DD6, 0x5DB6, 0x5DB5, 0x5DB5, 0x5DB5, 0x5DB5, 0x5DB6,
    0x5DB6, 0x5DB5, 0x5DB5, 0x5DB6, 0x5DD6, 0x65D6, 0x65F6, 0x6DF7, 0x6E17, 0x6DF7, 0x5DB6, 0x5D95,
    0x5595, 0x5595, 0x5595, 0x5DB5, 0x5DB6, 0x5DD6, 0x5DD6, 0x5DD6, 0x5DB5, 0x5DB5, 0x5DB6, 0x5DB6,
    0x5DB6, 0x65D6, 0x65D6, 0x65D6, 0x5DB6, 0x5DB5, 0x5DB5, 0x5DB5, 0x5DB5, 0x5DB5, 0x5DB5, 0x5DB5,
    0x5DB6, 0x5DB6, 0x5DB6, 0x65D6, 0x65D6, 0x65D6, 0x65D6, 0x5DB6, 0x5DB6, 0x5DB5, 0x5DB5, 0x5DB5,
    0x5DB5, 0x5DB6, 0x65D6, 0x65D6, 0x5DB6, 0x5DB5, 0x5D95, 0x5DB5, 0x5DB5, 0x5DD6, 0x65D6, 0x65F6,
    0x5D95, 0x5D95, 0x5D95, 0x5DB5, 0x5DB5, 0x5DB5, 0x5DB5, 0x5DB5, 0x5DB5, 0x5DB5, 0x5DB5, 0x65B6,
    0x65D6, 0x65D6, 0x5DB6, 0x5DB6, 0x5DB6, 0x5DB5, 0x5DB5, 0x5DB5, 0x5DB5, 0x5DB5, 0x5DB5, 0x5DB5,
    0x5DD6, 0x65D6, 0x6DF6, 0x6DF6, 0x65D6, 0x65D6, 0x5DD6, 0x5DB6, 0x5DB5, 0x5DB5, 0x5DB6, 0x5DB6,
    0x5DD6, 0x65D6, 0x65D6, 0x65D6, 0x5DB5, 0x5D95, 0x5595, 0x5D95, 0x5DB5, 0x5DB6, 0x65D6, 0x65F6,
    0x7617, 0x6E17, 0x65D6, 0x5DD6, 0x5DB6, 0x5DD6, 0x65D6, 0x65D6, 0x65D6, 0x65D6, 0x65D6, 0x65D6,
    0x5DD6, 0x5DB5, 0x5DB5, 0x5DB5, 0x5D95, 0x5D95, 0x5DB5, 0x5DB5, 0x5DB6, 0x5DD6, 0x5DD6, 0x5DD6,
    0x65D6, 0x65D6, 0x65F6, 0x6DF7, 0x6E17, 0x6DF6, 0x5DB6, 0x5D95, 0x5595, 0x5595, 0x5595, 0x5D95,
    0x5DB5, 0x5DB6, 0x5DD6, 0x65D6, 0x65D6, 0x65D6, 0x65D6, 0x65D6, 0x65D6, 0x65D6, 0x65D6, 0x65D6,
    0x5DB6, 0x5DB5, 0x5D95, 0x5D95, 0x5D95, 0x5DB5, 0x5DB5, 0x5DB5, 0x5DD6, 0x65D6, 0x65D6, 0x65D6,
    0x65D6, 0x65D6, 0x65D6, 0x65D6, 0x5DB6, 0x5DB6, 0x5DB6, 0x5DB6, 0x5DB5, 0x5DB6, 0x65D6, 0x65D6,
    0x5DB6, 0x5DB5, 0x5DB5, 0x5DB5, 0x5DB5, 0x5DB6, 0x65D6, 0x65F6, 0x5DB5, 0x5DB5, 0x5DB5, 0x5DB5,
    0x5DB5, 0x5DB5, 0x5DB5, 0x5DB5, 0x65D6, 0x65D6, 0x65D6, 0x65D6, 0x65D6, 0x5DD6, 0x5DB5, 0x5DB5,
    0x65D6, 0x65D6, 0x65D6, 0x65D6, 0x5DD6, 0x5DB6, 0x5DB6, 0x5DD6, 0x65D6, 0x65D6, 0x5DD6, 0x5DD6,
    0x65D6, 0x65D6, 0x65D6, 0x65D6, 0x5DB5, 0x5D95, 0x5DB5, 0x5DB5, 0x5DB5, 0x5DB6, 0x65D6, 0x65D6,
    0x5DB6, 0x5DB5, 0x5DB5, 0x5DB5, 0x5DB6, 0x5DD6, 0x65D6, 0x65F6, 0x6E17, 0x6E17, 0x65D6, 0x5DD6,
    0x5DB5, 0x5DB5, 0x5DB5, 0x5DB5, 0x5DB5, 0x5DD6, 0x65D6, 0x65F6, 0x65D6, 0x5DB6, 0x5DB6, 0x5DB5,
    0x5D95, 0x5595, 0x5DB5, 0x5DB6, 0x65D6, 0x65D6, 0x65F6, 0x65F6, 0x65D6, 0x65D6, 0x65D6, 0x65D6,
    0x65D6, 0x65D6, 0x5DB5, 0x5DB5, 0x5DB5, 0x5DB5, 0x5DB5, 0x5D95, 0x5D95, 0x5D95, 0x5DB5, 0x5DB6,
    0x65D6, 0x65D6, 0x65D6, 0x65F6, 0x6DF6, 0x65F6, 0x65F6, 0x65D6, 0x5DB5, 0x5595, 0x5595, 0x5595,
    0x5595, 0x5D95, 0x5DB5, 0x5DB6, 0x65D6, 0x65F6, 0x65F6, 0x65F6, 0x65D6, 0x65D6, 0x65D6, 0x65D6,
    0x65D6, 0x65D6, 0x65D6, 0x65D6, 0x5DD6, 0x5DB6, 0x5DD6, 0x65D6, 0x5DB6, 0x5DB6, 0x5DD6, 0x5DB6,
    0x5DB6, 0x5DB6, 0x5DD6, 0x65D6, 0x5DB5, 0x5DB5, 0x5DB5, 0x5DB5, 0x5DB5, 0x5DB5, 0x5DB5, 0x5DB6,
    0x65D6, 0x65F6, 0x65F6, 0x65D6, 0x65D6, 0x5DD6, 0x5DB5, 0x5DB5, 0x65D6, 0x65D6, 0x65F6, 0x65D6,
    0x65D6, 0x65D6, 0x65D6, 0x65D6, 0x65D6, 0x5DD6, 0x5DB5, 0x5DB5, 0x5DB6, 0x65D6, 0x65D6, 0x65D6,
    0x5DB5, 0x5D95, 0x5595, 0x5595, 0x5DB5, 0x5DB6, 0x65D6, 0x65D6, 0x65D6, 0x5DD6, 0x5DD6, 0x65D6,
    0x65D6, 0x65D6, 0x65F6, 0x6DF6, 0x6E17, 0x6DF7, 0x65D6, 0x5DB6, 0x5DB5, 0x5D95, 0x5595, 0x5595,
    0x5595, 0x5DB5, 0x65D6, 0x65F6, 0x65D6, 0x65D6, 0x65D6, 0x5DB6, 0x5D95, 0x5D95, 0x5DB5, 0x5DB5,
    0x65D6, 0x65D6, 0x65F6, 0x65F6, 0x65D6, 0x65D6, 0x65D6, 0x65D6, 0x5DB6, 0x5DB5, 0x5DB5, 0x5DB6,
    0x5DB6, 0x5DB5, 0x5DB5, 0x5D95, 0x5595, 0x5595, 0x5DB5, 0x5DD6, 0x65F6, 0x6DF6, 0x6DF6, 0x6DF6,
    0x6DF6, 0x65F6, 0x65D6, 0x65D6, 0x5DB5, 0x5D95, 0x5595, 0x5595, 0x5595, 0x5595, 0x5DB5, 0x5DB6,
    0x65D6, 0x65F6, 0x65F6, 0x65F6, 0x65D6, 0x65D6, 0x65D6, 0x65D6, 0x65D6, 0x65D6, 0x65D6, 0x65D6,
    0x5DD6, 0x5DB6, 0x5DB6, 0x5DB5, 0x5DB6, 0x5DB6, 0x65D6, 0x65D6, 0x65D6, 0x65D6, 0x65D6, 0x65F6,
    0x5D95, 0x5D95, 0x5D95, 0x5D95, 0x5DB5, 0x5DB5, 0x5DB5, 0x65D6, 0x65D6, 0x65F6, 0x65D6, 0x65D6,
    0x65D6, 0x65D6, 0x65D6, 0x65D6, 0x65D6, 0x65D6, 0x65D6, 0x65D6, 0x65D6, 0x65F6, 0x65F6, 0x65F6,
    0x65D6, 0x5DD6, 0x5DB5, 0x5DB5, 0x5DB6, 0x65D6, 0x65D6, 0x65D6, 0x65D6, 0x5DB5, 0x5D95, 0x5595,
    0x5DB5, 0x5DB6, 0x5DD6, 0x65D6, 0x65D6, 0x65D6, 0x65D6, 0x65D6, 0x65D6, 0x65F6, 0x6DF7, 0x6DF7,
    0x65F7, 0x65D6, 0x65D6, 0x5DB6, 0x5DB5, 0x5D95, 0x5595, 0x5595, 0x5595, 0x5DB5, 0x65D6, 0x6DF6,
    0x65F6, 0x65D6, 0x65D6, 0x65D6, 0x5DB5, 0x5D95, 0x5D95, 0x5DB5, 0x65B6, 0x65D6, 0x65D6, 0x65D6,
    0x5DD6, 0x65D6, 0x65F6, 0x65D6, 0x5DB6, 0x5DB5, 0x5DB6, 0x5DB6, 0x5DB6, 0x5DB5, 0x5D95, 0x5595,
    0x5595, 0x5595, 0x5DB5, 0x65D6, 0x6DF7, 0x6E17, 0x6DF7, 0x6DF6, 0x65D6, 0x5DD6, 0x5DD6, 0x5DD6,
    0x5DB6, 0x5DB6, 0x5DB5, 0x5595, 0x5595, 0x5D95, 0x5DB5, 0x5DD6, 0x65F6, 0x6DF7, 0x6DF6, 0x65F6,
    0x65D6, 0x65D6, 0x5DD6, 0x5DB6, 0x5DB5, 0x5DB5, 0x5DB6, 0x5DD6, 0x5DD6, 0x5DB6, 0x5DB5, 0x5D95,
    0x5DB5, 0x5DB6, 0x65D6, 0x65F6, 0x6E17, 0x6E17, 0x6DF7, 0x6DF7, 0x5DB5, 0x5DB5, 0x5D95, 0x5D95,
    0x5DB5, 0x5DB5, 0x5DD6, 0x65D6, 0x65F6, 0x65F6, 0x65D6, 0x65D6, 0x65D6, 0x65D6, 0x65D6, 0x65D6,
    0x65D6, 0x65D6, 0x65D6, 0x65D6, 0x65D6, 0x65D6, 0x65F6, 0x65F6, 0x65D6, 0x5DD6, 0x5DB5, 0x5DB5,
    0x5DB6, 0x65D6, 0x65D6, 0x65D6, 0x65D6, 0x5DB6, 0x5DB5, 0x5D95, 0x5DB5, 0x5DB6, 0x5DD6, 0x65D6,
    0x65D6, 0x65F6, 0x65F6, 0x65D6, 0x65D6, 0x65F6, 0x6DF7, 0x6DF7, 0x65D6, 0x5DD6, 0x5DB6, 0x5DB6,
    0x5DB5, 0x5DB5, 0x5D95, 0x5D95, 0x5D95, 0x5DB5, 0x65F6, 0x6DF6, 0x65F6, 0x65F6, 0x65D6, 0x65D6,
    0x5DB5, 0x5DB5, 0x5D95, 0x5DB5, 0x65B6, 0x65D6, 0x65D6, 0x65D6, 0x5DB6, 0x5DB6, 0x65D6, 0x65D6,
    0x5DB6, 0x5DB6, 0x5DD6, 0x65D6, 0x5DD6, 0x5DB6, 0x5DB5, 0x5D95, 0x5595, 0x5DB5, 0x5DD6, 0x65D6,
    0x6DF7, 0x6DF7, 0x6DF6, 0x65D6, 0x5DB6, 0x5DB5, 0x5DB5, 0x5DB5, 0x5DB6, 0x5DB6, 0x5DB5, 0x5DB5,
    0x5D95, 0x5DB5, 0x5DB6, 0x5DD6, 0x65D6, 0x65F6, 0x65F6, 0x65F6, 0x65D6, 0x65D6, 0x5DD6, 0x5DB6,
    0x5DB5, 0x5DB5, 0x5DB5, 0x5DB5, 0x5DB6, 0x5DB6, 0x5D95, 0x5D95, 0x5DB5, 0x5DB5, 0x5DD6, 0x65F6,
    0x6E17, 0x7617, 0x6E17, 0x6E17, 0x65D6, 0x5DB6, 0x5DB5, 0x5D95, 0x5D95, 0x5DB5, 0x5DB6, 0x65D6,
    0x6DF6, 0x6DF6, 0x65D6, 0x5DB6, 0x5DB6, 0x5DB6, 0x65D6, 0x65D6, 0x65D6, 0x65D6, 0x65D6, 0x65D6,
    0x65D6, 0x65D6, 0x5DB6, 0x5DB6, 0x5DB6, 0x5DD6, 0x65D6, 0x65D6, 0x65D6, 0x5DD6, 0x5DB6, 0x5DB6,
    0x5DD6, 0x5DD6, 0x5DD6, 0x5DB6, 0x5DB6, 0x5DB6, 0x5DB6, 0x5DB6, 0x65D6, 0x65D6, 0x65D6, 0x65D6,
    0x5DD6, 0x5DD6, 0x65D6, 0x65D6, 0x5DD6, 0x5DB6, 0x5DB5, 0x5DB5, 0x5DB5, 0x5DB6, 0x65D6, 0x65D6,
    0x65D6, 0x65D6, 0x65F6, 0x6DF6, 0x65D6, 0x65D6, 0x5DB6, 0x5DB5, 0x5DB5, 0x5DB5, 0x5DB5, 0x5DB6,
    0x65D6, 0x65D6, 0x65D6, 0x65D6, 0x5DB6, 0x5DB5, 0x5DB5, 0x5DB5, 0x5DB6, 0x5DB6, 0x65D6, 0x65D6,
    0x65D6, 0x65D6, 0x65D6, 0x5DB6, 0x5DB5, 0x5DB6, 0x65D6, 0x65F6, 0x65F6, 0x65F6, 0x65D6, 0x5DB6,
    0x5DB5, 0x5D95, 0x5595, 0x5D95, 0x5DB5, 0x5DB5, 0x5DB6, 0x65B6, 0x5DB6, 0x5DB6, 0x5DD6, 0x5DD6,
    0x5DD6, 0x5DD6, 0x65D6, 0x65D6, 0x65D6, 0x65D6, 0x5DD6, 0x5DB6, 0x5DB5, 0x5DB5, 0x5D95, 0x5D95,
    0x5DB5, 0x5DB5, 0x5DB5, 0x5DB6, 0x5DB6, 0x5DB6, 0x5DB5, 0x5DB6, 0x65D6, 0x65F6, 0x6DF7, 0x6DF7,
    0x65D6, 0x65D6, 0x5DB5, 0x5D95, 0x5D95, 0x5DB5, 0x65D6, 0x65D6, 0x6DF6, 0x65D6, 0x5DB6, 0x5DB5,
    0x5DB5, 0x5DB5, 0x5DB6, 0x5DD6, 0x65D6, 0x65D6, 0x6DF6, 0x6DF6, 0x65D6, 0x5DB6, 0x5DB5, 0x5DB5,
    0x5DB5, 0x5DB5, 0x65D6, 0x65D6, 0x5DB6, 0x5DB6, 0x5DB5, 0x5DB6, 0x5DD6, 0x65D6, 0x65F6, 0x65D6,
    0x65D6, 0x5DB5, 0x5DB5, 0x5DB6, 0x5DD6, 0x65D6, 0x65D6, 0x65D6, 0x5DB6, 0x5DB5, 0x5DB5, 0x5DB5,
    0x5DB5, 0x5DB5, 0x5DB5, 0x5DB5, 0x5DB6, 0x5DD6, 0x65D6, 0x65D6, 0x65D6, 0x65D6, 0x65D6, 0x65D6,
    0x65D6, 0x65D6, 0x5DB6, 0x5DB6, 0x65D6, 0x65D6, 0x65D6, 0x65D6, 0x65D6, 0x65D6, 0x65D6, 0x65D6,
    0x5DB6, 0x5DB5, 0x5D95, 0x5DB5, 0x5DB5, 0x5DB6, 0x65D6, 0x65D6, 0x65F6, 0x65F6, 0x65D6, 0x65D6,
    0x5DD6, 0x5DD6, 0x65D6, 0x65F6, 0x65F6, 0x65D6, 0x65D6, 0x5DB6, 0x5DB5, 0x5D95, 0x5595, 0x5595,
    0x5D95, 0x5DB5, 0x65B6, 0x65D6, 0x65D6, 0x5DD6, 0x5DD6, 0x5DD6, 0x5DD6, 0x5DD6, 0x5DD6, 0x5DD6,
    0x5DD6, 0x5DD6, 0x65D6, 0x5DD6, 0x5DB6, 0x5DB5, 0x5595, 0x5595, 0x5595, 0x5DB5, 0x5DB6, 0x65D6,
    0x65D6, 0x5DD6, 0x5DB5, 0x5DB5, 0x5DB6, 0x5DD6, 0x65D6, 0x65F6, 0x65D6, 0x5DB6, 0x5DB5, 0x5DB5,
    0x5DB5, 0x5DB5, 0x65D6, 0x65D6, 0x65D6, 0x5DB6, 0x5D95, 0x5595, 0x5D95, 0x5D95, 0x5DB5, 0x5DB5,
    0x5DB6, 0x65D6, 0x6E17, 0x6E17, 0x65F6, 0x65D6, 0x5DB6, 0x5DB5, 0x5D95, 0x5595, 0x5D95, 0x5D95,
    0x5DB5, 0x5DB5, 0x5DB6, 0x5DD6, 0x65D6, 0x65F6, 0x6E17, 0x6DF7, 0x65D6, 0x5DB5, 0x5D95, 0x5DB5,
    0x5DB6, 0x65D6, 0x65D6, 0x65D6, 0x5DB6, 0x5DB5, 0x5D95, 0x5D95, 0x5DB5, 0x5DB5, 0x5DB6, 0x5DB6,
    0x5DB6, 0x5DD6, 0x5DD6, 0x5DD6, 0x5DB6, 0x5DB5, 0x5DB5, 0x5DB6, 0x5DD6, 0x65D6, 0x65D6, 0x65F6,
    0x6E17, 0x6E17, 0x65F6, 0x65D6, 0x5DD6, 0x5DB6, 0x65D6, 0x65D6, 0x65D6, 0x5DB6, 0x5DB5, 0x5D95,
    0x5DB5, 0x5DB6, 0x65D6, 0x65D6, 0x65D6, 0x65D6, 0x65D6, 0x65D6, 0x5DB6, 0x5DB6, 0x5DD6, 0x65D6,
    0x65F6, 0x65F6, 0x65F6, 0x65F6, 0x5DB6, 0x5DB5, 0x5595, 0x5595, 0x5D95, 0x5DB6, 0x65D6, 0x65D6,
    0x5DD6, 0x5DD6, 0x5DD6, 0x65D6, 0x65F6, 0x65F6, 0x65D6, 0x65D6, 0x5DD6, 0x5DD6, 0x65D6, 0x65D6,
    0x5DB6, 0x5DB5, 0x5595, 0x5595, 0x5DB5, 0x5DB6, 0x5DD6, 0x65D6, 0x65D6, 0x65D6, 0x5DD6, 0x5DB6,
    0x5DB6, 0x5DB6, 0x5DB6, 0x5DB6, 0x65D6, 0x65D6, 0x5DB6, 0x5DB5, 0x5DB5, 0x5DD6, 0x65D6, 0x65D6,
    0x65B6, 0x5DB5, 0x5D95, 0x5D95, 0x5D95, 0x5DB5, 0x5DB5, 0x5DB5, 0x5DB5, 0x65D6, 0x6E17, 0x6E17,
    0x65F6, 0x65D6, 0x5DB6, 0x5DB5, 0x5595, 0x5575, 0x5575, 0x5575, 0x5595, 0x5DB5, 0x5DB6, 0x5DD6,
    0x65D6, 0x6DF7, 0x7617, 0x6E17, 0x65D6, 0x5DB5, 0x5D95, 0x5D95, 0x5DB6, 0x65D6, 0x65D6, 0x65D6,
    0x65D6, 0x5DB5, 0x5D95, 0x5D95, 0x5DB5, 0x5DB5, 0x65D6, 0x65D6, 0x65D6, 0x65D6, 0x5DD6, 0x5DB5,
    0x5DB5, 0x5DB5, 0x5DB5, 0x5DB5, 0x5DD6, 0x65D6, 0x65D6, 0x65F6, 0x6E17, 0x6E17, 0x65F6, 0x65D6,
    0x5DB6, 0x5DB5, 0x5DB6, 0x5DD6, 0x65D6, 0x65D6, 0x5DB6, 0x5DB5, 0x5DB5, 0x5DB6, 0x5DB6, 0x65D6,
    0x65D6, 0x65D6, 0x65D6, 0x5DD6, 0x5DB5, 0x5DB5, 0x5DD6, 0x65D6, 0x65F6, 0x65F6, 0x6DF7, 0x65F6,
    0x65D6, 0x5DB5, 0x5D95, 0x5D95, 0x5DB5, 0x5DB6, 0x65D6, 0x65D6, 0x5DD6, 0x5DB6, 0x5DB6, 0x65D6,
    0x6DF6, 0x6DF6, 0x65F6, 0x65D6, 0x5DD6, 0x5DD6, 0x65D6, 0x65D6, 0x65D6, 0x5DB6, 0x5DB5, 0x5DB5,
    0x5DB6, 0x5DB6, 0x5DD6, 0x5DD6, 0x5DB6, 0x5DB6, 0x65D6, 0x5DD6, 0x5DB6, 0x5DB5, 0x5DB5, 0x5DB5,
    0x6DF6, 0x6DF6, 0x65D6, 0x65D6, 0x65D6, 0x65D6, 0x65D6, 0x65D6, 0x65D6, 0x65D6, 0x5DB5, 0x5DB5,
    0x65D6, 0x65D6, 0x5DB5, 0x5DB5, 0x5DB5, 0x65D6, 0x6DF6, 0x6DF6, 0x65D6, 0x65D6, 0x5DB5, 0x5D95,
    0x5575, 0x5575, 0x5575, 0x5575, 0x5595, 0x5DB5, 0x5DB5, 0x5DD6, 0x65D6, 0x65F7, 0x6E17, 0x6E17,
    0x65D6, 0x5DB6, 0x5DB5, 0x5DB5, 0x5DB6, 0x5DD6, 0x5DD6, 0x65D6, 0x65D6, 0x65D6, 0x5DB6, 0x5DB5,
    0x5DB5, 0x5DB6, 0x65D6, 0x6DF6, 0x6DF6, 0x65F6, 0x5DD6, 0x5DB6, 0x5DB5, 0x5DB5, 0x5DB5, 0x5DD6,
    0x65D6, 0x65D6, 0x65D6, 0x65D6, 0x65D6, 0x65D6, 0x65D6, 0x65D6, 0x5DB5, 0x5DB5, 0x5DB6, 0x5DD6,
    0x65D6, 0x65F6, 0x65F6, 0x65D6, 0x65D6, 0x5DD6, 0x5DB5, 0x5DB5, 0x5DB5, 0x5DB5, 0x5DB5, 0x5DB5,
    0x5D95, 0x5DB5, 0x65D6, 0x65F6, 0x65F6, 0x65F6, 0x65F6, 0x65D6, 0x5DD6, 0x5DB6, 0x5DB5, 0x5DB5,
    0x65D6, 0x65D6, 0x5DD6, 0x5DB6, 0x5DB6, 0x5DB5, 0x5DB5, 0x5DB5, 0x65D6, 0x65D6, 0x65F6, 0x65D6,
    0x5DD6, 0x5DD6, 0x5DB6, 0x65D6, 0x65D6, 0x65D6, 0x5DD6, 0x5DB6, 0x5DD6, 0x5DD6, 0x5DB6, 0x5DB6,
    0x5DB5, 0x5DB5, 0x5DB6, 0x65D6, 0x5DB6, 0x5DB5, 0x5DB6, 0x5DB6, 0x6DF6, 0x6DF6, 0x65D6, 0x65D6,
    0x65D6, 0x65D6, 0x5DD6, 0x5DD6, 0x65D6, 0x65D6, 0x5DB6, 0x5DB5, 0x65D6, 0x65D6, 0x5DB5, 0x5DB5,
    0x5DB5, 0x5DB6, 0x65D6, 0x65D6, 0x65D6, 0x65D6, 0x5DB5, 0x5D95, 0x5575, 0x5575, 0x5575, 0x5575,
    0x5D95, 0x5DB5, 0x5DB6, 0x65D6, 0x65D6, 0x65F6, 0x6E17, 0x6E17, 0x65F6, 0x5DD6, 0x5DB6, 0x5DB6,
    0x5DD6, 0x5DD6, 0x5DB6, 0x5DB6, 0x5DD6, 0x65D6, 0x5DD6, 0x5DB6, 0x5DB5, 0x5DB5, 0x65D6, 0x6DF6,
    0x6DF6, 0x65F6, 0x65D6, 0x5DD6, 0x5DB6, 0x5DB6, 0x5DD6, 0x5DD6, 0x65D6, 0x65D6, 0x5DB5, 0x5DB5,
    0x5DB5, 0x5DB5, 0x5DB6, 0x5DB6, 0x5DB5, 0x5DB5, 0x5DB5, 0x5DB6, 0x65D6, 0x65F6, 0x6DF7, 0x6DF7,
    0x65F6, 0x65D6, 0x5DB5, 0x5D95, 0x5DB5, 0x5D95, 0x5D95, 0x5D95, 0x5D95, 0x5DB5, 0x65D6, 0x65F6,
    0x65F6, 0x65F6, 0x65D6, 0x65D6, 0x5DB6, 0x5DB5, 0x5DB5, 0x5DB6, 0x65D6, 0x65D6, 0x5DB6, 0x5DB5,
    0x5DB5, 0x5DB5, 0x5D95, 0x5DB5, 0x5DB5, 0x5DD6, 0x65D6, 0x65D6, 0x5DD6, 0x5DD6, 0x5DB6, 0x65D6,
    0x65D6, 0x65D6, 0x65D6, 0x65D6, 0x65D6, 0x65D6, 0x65D6, 0x5DD6, 0x5DB6, 0x5DB6, 0x5DB6, 0x5DB6,
    0x5DB5, 0x5DB5, 0x5DB5, 0x5DB6, 0x65F6, 0x65D6, 0x5DB5, 0x5DB5, 0x65D6, 0x65D6, 0x5DB5, 0x5DB5,
    0x65D6, 0x5DB6, 0x5DB5, 0x5D95, 0x5DB5, 0x5DB5, 0x5DB5, 0x5D95, 0x5D95, 0x5DB5, 0x5DB5, 0x5DB6,
    0x65D6, 0x5DB6, 0x5D95, 0x5D95, 0x5595, 0x5595, 0x5595, 0x5D95, 0x5DB6, 0x65D6, 0x65D6, 0x65D6,
    0x65D6, 0x65F6, 0x6E17, 0x6E17, 0x65F6, 0x65D6, 0x5DD6, 0x5DD6, 0x65D6, 0x65D6, 0x5DB6, 0x5DB5,
    0x5DB5, 0x5DB5, 0x5DB5, 0x5DB5, 0x5DB5, 0x5DB5, 0x5DB5, 0x5DB6, 0x65D6, 0x65D6, 0x6DF7, 0x65F7,
    0x65F6, 0x65D6, 0x65F6, 0x65D6, 0x5DD6, 0x5DB5, 0x5D95, 0x5595, 0x5595, 0x5595, 0x5D95, 0x5DB5,
    0x5DB5, 0x5D95, 0x5D95, 0x5DB5, 0x5DB6, 0x65D6, 0x6E17, 0x6E17, 0x6DF7, 0x65D6, 0x5DD6, 0x5DB5,
    0x5DB5, 0x5DB5, 0x5DB5, 0x5DB5, 0x5DB5, 0x5DB6, 0x65D6, 0x65D6, 0x65D6, 0x65D6, 0x65D6, 0x5DD6,
    0x5DB5, 0x5DB5, 0x5D95, 0x5DB5, 0x65D6, 0x65D6, 0x5DB5, 0x5DB5, 0x5DB5, 0x5DB5, 0x5D95, 0x5D95,
    0x5D95, 0x5DB5, 0x5DB6, 0x5DD6, 0x65D6, 0x65D6, 0x65D6, 0x65D6, 0x5DB6, 0x5DB6, 0x5DB6, 0x65D6,
    0x6DF7, 0x6E17, 0x6DF7, 0x6DF6, 0x6DF6, 0x65F6, 0x5DD6, 0x5DB5, 0x5D95, 0x5D95, 0x5D95, 0x5D95,
    0x65D6, 0x5DD6, 0x5DB5, 0x5DB5, 0x5DD6, 0x5DD6, 0x5DB5, 0x5DB5, 0x5DB6, 0x5DB6, 0x5DB5, 0x5D95,
    0x5D95, 0x5D95, 0x5D95, 0x5D95, 0x5D95, 0x5D95, 0x5D95, 0x5DB5, 0x5DB6, 0x65B6, 0x5DB5, 0x5DB5,
    0x5DB5, 0x5D95, 0x5D95, 0x5DB5, 0x65D6, 0x65D6, 0x65D6, 0x65D6, 0x65D6, 0x65F6, 0x6E17, 0x6E17,
    0x65F6, 0x65D6, 0x65D6, 0x65D6, 0x65D6, 0x5DD6, 0x5DB6, 0x5DB6, 0x5DB6, 0x5DB6, 0x5DB5, 0x5DB5,
    0x5DB5, 0x5D95, 0x5595, 0x5D95, 0x5DB6, 0x65D6, 0x65F6, 0x6DF7, 0x65F6, 0x65F6, 0x65F6, 0x65D6,
    0x65D6, 0x5DB6, 0x5D95, 0x5595, 0x5575, 0x5575, 0x5595, 0x5D95, 0x5D95, 0x5D95, 0x5D95, 0x5DB5,
    0x5DB5, 0x65D6, 0x6DF7, 0x6E17, 0x6DF6, 0x65D6, 0x65D6, 0x5DB6, 0x5DB6, 0x5DB6, 0x5DB6, 0x5DD6,
    0x65D6, 0x65D6, 0x65D6, 0x65D6, 0x65D6, 0x5DB6, 0x5DB5, 0x5DB5, 0x5DB5, 0x5D95, 0x5DB5, 0x5DB5,
    0x65D6, 0x65D6, 0x5DB5, 0x5DB5, 0x5DB5, 0x5DB5, 0x5D95, 0x5D95, 0x5D95, 0x5DB5, 0x5DB5, 0x5DD6,
    0x65D6, 0x65F6, 0x65F6, 0x65D6, 0x5DB5, 0x5D95, 0x5DB5, 0x65D6, 0x6DF7, 0x6E17, 0x6DF7, 0x6DF7,
    0x6E17, 0x6DF6, 0x5DD6, 0x5DB5, 0x5D95, 0x5D95, 0x5D95, 0x5595, 0x5DB6, 0x5DB6, 0x5DB5, 0x5DB5,
    0x5DB5, 0x5DB5, 0x5DB5, 0x5DB5, 0x65D6, 0x65D6, 0x5DB5, 0x5D95, 0x5595, 0x5595, 0x5D95, 0x5DB5,
    0x5D95, 0x5D95, 0x5D95, 0x5DB5, 0x5DB6, 0x65D6, 0x65D6, 0x65D6, 0x65D6, 0x5DB5, 0x5DB5, 0x5DB5,
    0x5DB5, 0x5DD6, 0x5DB5, 0x5DB5, 0x5DB6, 0x5DD6, 0x65F6, 0x6DF6, 0x65F6, 0x65F6, 0x65D6, 0x65D6,
    0x5DD6, 0x5DD6, 0x65D6, 0x65D6, 0x65F6, 0x65F6, 0x5DB6, 0x5DB5, 0x5DB5, 0x5DB5, 0x5D95, 0x5D95,
    0x5D95, 0x5DB5, 0x5DD6, 0x65D6, 0x65F6, 0x65F6, 0x65D6, 0x5DD6, 0x65D6, 0x65D6, 0x5DB6, 0x5DB5,
    0x5D95, 0x5595, 0x5D95, 0x5D95, 0x5D95, 0x5D95, 0x5DB5, 0x5DB5, 0x5DD6, 0x65D6, 0x65D6, 0x65D6,
    0x65D6, 0x65D6, 0x65B6, 0x5DB6, 0x5DD6, 0x65D6, 0x65F6, 0x6DF7, 0x6DF7, 0x6DF7, 0x65F6, 0x65D6,
    0x5DD6, 0x5DB5, 0x5D95, 0x5595, 0x5595, 0x5D95, 0x5DB5, 0x5DD6, 0x65D6, 0x65D6, 0x5DB5, 0x5DB5,
    0x5DB5, 0x65B6, 0x5DB6, 0x5DB6, 0x5DB5, 0x5DB5, 0x5DB5, 0x65D6, 0x6DF6, 0x6E17, 0x65F6, 0x65D6,
    0x5DB5, 0x5D95, 0x5D95, 0x5DB5, 0x65D6, 0x65D6, 0x5DB6, 0x65D6, 0x65F6, 0x65F6, 0x65D6, 0x5DB5,
    0x5DB5, 0x5DB5, 0x5D95, 0x5D95, 0x5DB5, 0x5DB5, 0x5DB6, 0x5DD6, 0x5DB5, 0x5DB5, 0x5D95, 0x5DB5,
    0x5DB6, 0x65D6, 0x65D6, 0x5DB6, 0x5D95, 0x5D95, 0x5DB5, 0x5DB5, 0x5DB5, 0x5DB5, 0x5DB5, 0x5DB5,
    0x5DD6, 0x65D6, 0x6DF6, 0x6DF6, 0x65D6, 0x65D6, 0x5DB5, 0x5DB5, 0x65D6, 0x5DD6, 0x5DB5, 0x5DB5,
    0x5DB5, 0x5DB5, 0x65D6, 0x65F6, 0x6DF6, 0x6DF6, 0x65F6, 0x65D6, 0x5DD6, 0x5DD6, 0x65D6, 0x65F6,
    0x6DF7, 0x6DF6, 0x65D6, 0x5DB6, 0x5DB5, 0x5DB5, 0x5D95, 0x5595, 0x5595, 0x5D95, 0x5DB5, 0x5DD6,
    0x65D6, 0x65D6, 0x5DD6, 0x5DD6, 0x65D6, 0x65D6, 0x65D6, 0x65D6, 0x5DB5, 0x5DB5, 0x5DB5, 0x5DB5,
    0x5D95, 0x5DB5, 0x5DD6, 0x65D6, 0x65D6, 0x65D6, 0x5DD6, 0x5DB6, 0x65D6, 0x65D6, 0x65B6, 0x65B6,
    0x65D6, 0x65D6, 0x65F6, 0x6DF7, 0x6DF7, 0x6DF7, 0x65F6, 0x65D6, 0x65D6, 0x5DB6, 0x5D95, 0x5595,
    0x5595, 0x5D95, 0x5DB6, 0x65D6, 0x65D6, 0x65D6, 0x65D6, 0x65D6, 0x65D6, 0x65D6, 0x65D6, 0x65D6,
    0x5DB6, 0x5DB5, 0x5DB5, 0x65D6, 0x6DF7, 0x6E17, 0x65F6, 0x65D6, 0x5DB5, 0x5D95, 0x5D95, 0x5DB5,
    0x5DB5, 0x5DB6, 0x5DB5, 0x5DB6, 0x65F6, 0x6DF7, 0x65D6, 0x5DD6, 0x5DD6, 0x5DB5, 0x5DB5, 0x5D95,
    0x5D95, 0x5DB5, 0x65D6, 0x65D6, 0x65D6, 0x5DB5, 0x5D95, 0x5D95, 0x5DB5, 0x65D6, 0x6DF7, 0x6DF7,
    0x65D6, 0x5DD6, 0x65D6, 0x65D6, 0x5DB5, 0x5DB5, 0x5DB5, 0x5DB5, 0x65D6, 0x65D6, 0x6DF6, 0x6DF6,
    0x65D6, 0x65D6, 0x65D6, 0x65D6, 0x65F6, 0x65D6, 0x5DB5, 0x5D95, 0x5595, 0x5595, 0x5DB5, 0x65D6,
    0x6E17, 0x7617, 0x65F6, 0x65D6, 0x65D6, 0x65D6, 0x65F6, 0x6DF7, 0x6DF7, 0x6DF6, 0x65D6, 0x65D6,
    0x5DB6, 0x5DB5, 0x5D95, 0x5595, 0x5595, 0x5595, 0x5DB5, 0x5DB6, 0x65D6, 0x65D6, 0x5DD6, 0x5DD6,
    0x65D6, 0x65D6, 0x65D6, 0x65D6, 0x65D6, 0x65D6, 0x5DD6, 0x5DD6, 0x5DB6, 0x65D6, 0x6DF6, 0x6DF7,
    0x65F6, 0x65D6, 0x5DD6, 0x5DB6, 0x5DB6, 0x5DB6, 0x65B6, 0x65B6, 0x65D6, 0x65D6, 0x5DD6, 0x65D6,
    0x65D6, 0x65D6, 0x65D6, 0x65D6, 0x65D6, 0x65D6, 0x5DB6, 0x5DB5, 0x5D95, 0x5DB5, 0x5DD6, 0x65D6,
    0x6DF7, 0x6E17, 0x7617, 0x7617, 0x65F6, 0x65D6, 0x65D6, 0x5DB6, 0x5DB5, 0x5DB5, 0x5DB5, 0x5DB6,
    0x65F6, 0x6DF6, 0x65F6, 0x65D6, 0x65B6, 0x5DB5, 0x5D95, 0x5DB5, 0x5DB5, 0x5DB6, 0x5DB5, 0x5DD6,
    0x6DF7, 0x6DF7, 0x65F6, 0x65D6, 0x65D6, 0x5DB6, 0x5DB5, 0x5DB5, 0x5595, 0x5D95, 0x65D6, 0x65D6,
    0x65D6, 0x5DB6, 0x5D95, 0x5D95, 0x5DB5, 0x65D6, 0x6E17, 0x6E17, 0x65F6, 0x65D6, 0x65D6, 0x65D6,
    0x65D6, 0x5DD6, 0x5DB5, 0x5DB5, 0x5DD6, 0x65D6, 0x65D6, 0x65D6, 0x65D6, 0x65D6, 0x65D6, 0x65D6,
    0x65F6, 0x65F6, 0x65D6, 0x5DB5, 0x5DB5, 0x5DB5, 0x5DB6, 0x65F6, 0x7617, 0x7617, 0x65F6, 0x65D6,
    0x65D6, 0x65D6, 0x6DF6, 0x6E17, 0x6DF7, 0x6DF6, 0x65D6, 0x65D6, 0x5DB6, 0x5DB5, 0x5D95, 0x5595,
    0x5595, 0x5D95, 0x5DB5, 0x5DB6, 0x5DB6, 0x5DB6, 0x5DB6, 0x5DB6, 0x5DD6, 0x65D6, 0x65D6, 0x65D6,
    0x65D6, 0x65D6, 0x5DD6, 0x5DB6, 0x5DB6, 0x65D6, 0x6DF7, 0x6DF7, 0x65D6, 0x65D6, 0x65D6, 0x5DD6,
    0x5DB6, 0x5DB6, 0x5DB5, 0x5DB5, 0x5DB5, 0x5DB5, 0x5DB5, 0x5DB5, 0x5DB6, 0x5DB6, 0x5DB6, 0x5DB6,
    0x65D6, 0x65D6, 0x65D6, 0x5DD6, 0x5DB5, 0x5DB5, 0x5DD6, 0x65D6, 0x6DF7, 0x6E17, 0x7637, 0x7617,
    0x65D6, 0x5DB6, 0x5DB6, 0x5DB5, 0x5DB5, 0x5DB5, 0x5DB5, 0x5DB5, 0x65D6, 0x65F6, 0x65D6, 0x65D6,
    0x65D6, 0x5DB5, 0x5D95, 0x5D95, 0x5DB5, 0x5DB5, 0x5DB5, 0x5DB6, 0x65D6, 0x6DF7, 0x65F6, 0x65D6,
    0x65D6, 0x65D6, 0x5DB6, 0x5DB6, 0x5D95, 0x5D95, 0x5DB5, 0x5DB6, 0x5DB6, 0x5DB6, 0x5DB5, 0x5DB5,
    0x65D6, 0x6DF6, 0x6DF7, 0x6DF7, 0x65D6, 0x5DD6, 0x5DB6, 0x65D6, 0x65D6, 0x65D6, 0x65D6, 0x5DB5,
    0x5DB5, 0x5DB6, 0x65D6, 0x65D6, 0x65D6, 0x65D6, 0x65D6, 0x65D6, 0x65D6, 0x65D6, 0x65F6, 0x65F6,
    0x65D6, 0x65D6, 0x65F6, 0x6E17, 0x7637, 0x7617, 0x65D6, 0x5DB6, 0x5DD6, 0x65D6, 0x65F6, 0x6DF6,
    0x6E17, 0x6DF7, 0x65D6, 0x5DD6, 0x5DB6, 0x5DB5, 0x5D95, 0x5D95, 0x5DB5, 0x5DB6, 0x65D6, 0x65D6,
    0x5DB5, 0x5DB5, 0x5DB5, 0x5DB5, 0x5DB6, 0x5DD6, 0x65D6, 0x65D6, 0x5DB5, 0x5DB5, 0x5DB5, 0x5DB5,
    0x5DB5, 0x5DB6, 0x65D6, 0x65D6, 0x5DB6, 0x5DB6, 0x65D6, 0x65D6, 0x65D6, 0x5DB6, 0x5D95, 0x5D95,
    0x5595, 0x5D95, 0x5D95, 0x5DB5, 0x5DB5, 0x5DB5, 0x5D95, 0x5D95, 0x5DB5, 0x5DD6, 0x65D6, 0x65D6,
    0x5DD6, 0x5DB6, 0x5DB6, 0x5DB6, 0x65D6, 0x65F6, 0x6DF7, 0x65F6, 0x5DB6, 0x5DB5, 0x5DB5, 0x5DB5,
    0x5DB6, 0x5DD6, 0x5DD6, 0x5DD6, 0x5DD6, 0x5DD6, 0x5DB6, 0x5DB6, 0x5DB6, 0x5DB5, 0x5595, 0x5575,
    0x5595, 0x5595, 0x5595, 0x5595, 0x5DB6, 0x65D6, 0x65D6, 0x65D6, 0x65D6, 0x65D6, 0x65F6, 0x65F6,
    0x5DB5, 0x5DB5, 0x5DB5, 0x5DB6, 0x65D6, 0x65D6, 0x65D6, 0x65D6, 0x65F6, 0x6DF6, 0x6DF6, 0x65F6,
    0x5DD6, 0x5DB5, 0x5DB5, 0x5DB6, 0x65D6, 0x65D6, 0x65D6, 0x5DD6, 0x5DB5, 0x5DB5, 0x5DB5, 0x65D6,
    0x65D6, 0x65D6, 0x65D6, 0x5DD6, 0x5DD6, 0x65D6, 0x65F6, 0x6DF6, 0x65F6, 0x65F6, 0x65F7, 0x6E17,
    0x7617, 0x6E17, 0x65D6, 0x5DB6, 0x5DD6, 0x65D6, 0x65D6, 0x65F6, 0x6DF6, 0x6DF6, 0x65D6, 0x5DD6,
    0x5DB6, 0x5DB5, 0x5D95, 0x5DB5, 0x5DD6, 0x65D6, 0x65D6, 0x65D6, 0x5DB5, 0x5D95, 0x5D95, 0x5DB5,
    0x5DB6, 0x65D6, 0x5DD6, 0x5DB6, 0x5D95, 0x5595, 0x5595, 0x5595, 0x5DB5, 0x5DB5, 0x5DB6, 0x5DB6,
    0x5DB5, 0x5DB5, 0x65D6, 0x65D6, 0x65D6, 0x65D6, 0x5DB5, 0x5595, 0x5575, 0x5595, 0x5D95, 0x5DB5,
    0x5DB5, 0x5DB5, 0x5D95, 0x5595, 0x5DB5, 0x5DD6, 0x65D6, 0x65D6, 0x65D6, 0x5DD6, 0x5DB6, 0x5DB6,
    0x5DB6, 0x5DD6, 0x65D6, 0x5DD6, 0x5D95, 0x5595, 0x5D95, 0x5DB5, 0x5DB6, 0x5DD6, 0x65D6, 0x65D6,
    0x5DD6, 0x5DB6, 0x5DB6, 0x5DB6, 0x65D6, 0x5DB6, 0x5D95, 0x5595, 0x5595, 0x5595, 0x5595, 0x5595,
    0x5DB5, 0x5DB5, 0x5DB5, 0x5DD6, 0x65D6, 0x65D6, 0x65F6, 0x6DF7, 0x65D6, 0x65D6, 0x65D6, 0x65D6,
    0x6DF6, 0x6DF7, 0x6DF6, 0x6DF6, 0x65F6, 0x65D6, 0x65D6, 0x65D6, 0x5DB5, 0x5D95, 0x5D95, 0x5D95,
    0x5DB5, 0x65B6, 0x65D6, 0x5DD6, 0x5DB5, 0x5D95, 0x5D95, 0x5DB5, 0x65D6, 0x65D6, 0x65D6, 0x5DB6,
    0x5DB5, 0x5DB5, 0x65D6, 0x65D6, 0x65D6, 0x65D6, 0x65D6, 0x65F6, 0x6DF6, 0x6DF6, 0x65D6, 0x65D6,
    0x65D6, 0x65D6, 0x65D6, 0x65D6, 0x65D6, 0x65D6, 0x65D6, 0x5DD6, 0x5DB6, 0x5DB5, 0x5DB5, 0x5DB5,
    0x65D6, 0x65D6, 0x65D6, 0x65D6, 0x5DB6, 0x5D95, 0x5D95, 0x5DB5, 0x65D6, 0x65D6, 0x5DB6, 0x5D95,
    0x5575, 0x5575, 0x5595, 0x5D95, 0x5DB5, 0x5DB5, 0x5DD6, 0x5DB6, 0x5DB5, 0x5DB5, 0x5DB6, 0x65D6,
    0x65F6, 0x65D6, 0x65D6, 0x5DB5, 0x5D95, 0x5D95, 0x5DB5, 0x5DB6, 0x65D6, 0x65D6, 0x5DB5, 0x5DB5,
    0x5DD6, 0x5DD6, 0x65D6, 0x65D6, 0x65D6, 0x65D6, 0x5DD6, 0x5DB6, 0x5DB6, 0x5DB6, 0x5DB6, 0x5DB6,
    0x5D95, 0x5595, 0x5595, 0x5595, 0x5DB5, 0x5DB5, 0x65D6, 0x65D6, 0x65D6, 0x65D6, 0x65D6, 0x65D6,
    0x65F6, 0x65D6, 0x5DB5, 0x5DB5, 0x5DB5, 0x5DB5, 0x5DB5, 0x5DB6, 0x5DB6, 0x5DB5, 0x5DB5, 0x5DB5,
    0x5DB5, 0x5DD6, 0x65F6, 0x6DF6, 0x65D6, 0x65D6, 0x65D6, 0x65D6, 0x6DF6, 0x6DF7, 0x6DF7, 0x6DF6,
    0x65F6, 0x65D6, 0x65D6, 0x65D6, 0x5DB5, 0x5595, 0x5595, 0x5595, 0x5D95, 0x5D95, 0x5DB6, 0x5DB6,
    0x5DB5, 0x5D95, 0x5595, 0x5D95, 0x65D6, 0x65D6, 0x65D6, 0x5DB5, 0x5DB5, 0x5DB5, 0x65B6, 0x65D6,
    0x65D6, 0x65B5, 0x5DB6, 0x65D6, 0x65D6, 0x65D6, 0x65D6, 0x65D6, 0x5DD6, 0x5DD6, 0x5DD6, 0x65D6,
    0x65D6, 0x65D6, 0x65D6, 0x5DB6, 0x5DB6, 0x5DB5, 0x5DB5, 0x5DB5, 0x65D6, 0x65D6, 0x65D6, 0x65D6,
    0x5DB6, 0x5DB6, 0x5DB6, 0x65B6, 0x65D6, 0x65D6, 0x5DB5, 0x5D95, 0x5595, 0x5575, 0x5595, 0x5D95,
    0x5DB5, 0x5DB5, 0x5DB6, 0x5DB5, 0x5DB5, 0x5DB5, 0x5DB5, 0x5DD6, 0x65D6, 0x65F6, 0x65D6, 0x65D6,
    0x5DB5, 0x5DB5, 0x5DB6, 0x5DD6, 0x65D6, 0x65D6, 0x5DB5, 0x5DD6, 0x65D6, 0x65D6, 0x65D6, 0x65D6,
    0x65D6, 0x65D6, 0x5DB6, 0x5DB5, 0x5DB5, 0x5DB5, 0x5DB6, 0x5DB5, 0x5D95, 0x5595, 0x5575, 0x5575,
    0x5595, 0x5DB5, 0x65D6, 0x65F6, 0x65F6, 0x65F6, 0x65D6, 0x65F6, 0x6DF7, 0x6DF6, 0x65D6, 0x5DB6,
    0x5DB6, 0x5DB6, 0x5DB6, 0x5DB6, 0x5DB5, 0x5DB5, 0x5DB5, 0x5D95, 0x5D95, 0x5DB5, 0x65D6, 0x65F6,
    0x5DB5, 0x5DB5, 0x5DB5, 0x5DB5, 0x65D6, 0x65D6, 0x65D6, 0x65D6, 0x65F6, 0x6DF6, 0x6DF6, 0x65D6,
    0x5DB5, 0x5595, 0x5575, 0x5575, 0x5575, 0x5575, 0x5D95, 0x5D95, 0x5DB5, 0x5DB5, 0x5D95, 0x5DB5,
    0x65D6, 0x65D6, 0x65D6, 0x65D6, 0x5DD6, 0x5DB5, 0x5DB5, 0x5DB5, 0x5D95, 0x5D95, 0x5D95, 0x5DB5,
    0x5DB5, 0x5DB5, 0x5DB5, 0x5DB5, 0x5DB5, 0x5DB5, 0x65D6, 0x65F6, 0x65F6, 0x65D6, 0x5DB6, 0x5DB5,
    0x5DB5, 0x5DB5, 0x5DB6, 0x5DD6, 0x65D6, 0x65D6, 0x65D6, 0x65D6, 0x65D6, 0x65F6, 0x6DF6, 0x6DF6,
    0x65D6, 0x5DB6, 0x5DB5, 0x5DB5, 0x5D95, 0x5D95, 0x5D95, 0x5D95, 0x5D95, 0x5D95, 0x5D95, 0x5D95,
    0x5D95, 0x5D95, 0x5DB5, 0x5DB6, 0x65D6, 0x65D6, 0x65F6, 0x65F6, 0x65D6, 0x5DB6, 0x65D6, 0x5DD6,
    0x5DB5, 0x5DB5, 0x5DB5, 0x65D6, 0x6DF6, 0x6DF6, 0x65D6, 0x5DB6, 0x5DB6, 0x5DB6, 0x5DB5, 0x5D95,
    0x5D95, 0x5DB5, 0x5DB5, 0x5DB5, 0x5DB5, 0x5D95, 0x5575, 0x5575, 0x5575, 0x5595, 0x5DD6, 0x65D6,
    0x65F6, 0x65F6, 0x65F6, 0x6DF7, 0x6DF7, 0x6DF7, 0x65F6, 0x65D6, 0x65D6, 0x5DB6, 0x5DB5, 0x5D95,
    0x5595, 0x5595, 0x5D95, 0x5D95, 0x5595, 0x5D95, 0x5DB5, 0x65D6, 0x5DB5, 0x5DB5, 0x5D95, 0x5D95,
    0x5DB5, 0x5DB5, 0x5DB6, 0x65D6, 0x65D6, 0x65F6, 0x6DF6, 0x65D6, 0x5DB5, 0x5595, 0x5595, 0x5595,
    0x5575, 0x5575, 0x5595, 0x5D95, 0x5DB5, 0x5DB5, 0x5DB6, 0x65D6, 0x65D6, 0x65D6, 0x65D6, 0x65D6,
    0x65D6, 0x5DD6, 0x5DB5, 0x5DB5, 0x5D95, 0x5595, 0x5D95, 0x5DB5, 0x5DB5, 0x5DB5, 0x5DB5, 0x5DB5,
    0x5DB5, 0x5DB5, 0x65D6, 0x65F6, 0x6DF6, 0x6DF6, 0x5DB6, 0x5DB5, 0x5DB5, 0x5DB6, 0x5DD6, 0x65D6,
    0x65D6, 0x65D6, 0x65D6, 0x65D6, 0x65F6, 0x65F6, 0x6DF7, 0x6DF6, 0x5DB6, 0x5DB5, 0x5DB5, 0x5DB5,
    0x5DB5, 0x5DB5, 0x5DB5, 0x5D95, 0x5D95, 0x5D95, 0x5D95, 0x5D95, 0x5D95, 0x5DB5, 0x5DB5, 0x5DB6,
    0x5DB6, 0x65D6, 0x65F6, 0x65F6, 0x65D6, 0x5DD6, 0x65D6, 0x65D6, 0x5DB5, 0x5DB5, 0x5DB5, 0x65D6,
    0x6DF6, 0x6DF7, 0x65D6, 0x5DB6, 0x5DB6, 0x5DB5, 0x5DB5, 0x5D95, 0x5D95, 0x5D95, 0x5DB5, 0x65B6,
    0x5DB5, 0x5D95, 0x5595, 0x5595, 0x5575, 0x5595, 0x5DD6, 0x65D6, 0x65D6, 0x65F6, 0x65F6, 0x65F6,
    0x6DF6, 0x6DF6, 0x65F6, 0x65F6, 0x65D6, 0x65D6, 0x5DB5, 0x5D95, 0x5595, 0x5595, 0x5D95, 0x5D95,
    0x5595, 0x5D95, 0x5DB5, 0x65D6, 0x5D95, 0x5D95, 0x5D95, 0x5D95, 0x5D95, 0x5D95, 0x5DB5, 0x5DB5,
    0x65D6, 0x65D6, 0x65D6, 0x65D6, 0x5DB5, 0x5D95, 0x5DB5, 0x5DB5, 0x5D95, 0x5D95, 0x5D95, 0x5D95,
    0x5DB5, 0x65B6, 0x65D6, 0x6DF6, 0x65D6, 0x5DD6, 0x5DD6, 0x5DD6, 0x65D6, 0x65D6, 0x5DB5, 0x5DB5,
    0x5DB5, 0x5DB5, 0x5DB6, 0x5DD6, 0x65D6, 0x65D6, 0x5DB5, 0x5DB5, 0x5DB5, 0x5DB6, 0x65D6, 0x6DF6,
    0x6E17, 0x6DF7, 0x65B6, 0x5DB5, 0x5DD6, 0x5DD6, 0x65D6, 0x65D6, 0x65D6, 0x65D6, 0x65D6, 0x65F6,
    0x65F6, 0x65F6, 0x65F6, 0x65D6, 0x5DB5, 0x5DB5, 0x5DB5, 0x5DB5, 0x5DB5, 0x5DB5, 0x5DB5, 0x5DB5,
    0x5D95, 0x5D95, 0x5DB5, 0x65B6, 0x65D6, 0x65D6, 0x65D6, 0x5DD6, 0x5DD6, 0x65D6, 0x65D6, 0x65D6,
    0x5DB6, 0x5DB5, 0x65D6, 0x5DD6, 0x5DB5, 0x5DB5, 0x5DB5, 0x65D6, 0x6DF6, 0x6DF6, 0x65D6, 0x5DB6,
    0x65D6, 0x65D6, 0x5DB5, 0x5DB5, 0x5D95, 0x5DB5, 0x5DB5, 0x5DB6, 0x5DB5, 0x5DB5, 0x5DB5, 0x5DB5,
    0x5D95, 0x5DB5, 0x65D6, 0x65D6, 0x65D6, 0x5DD6, 0x5DD6, 0x5DD6, 0x65D6, 0x65D6, 0x65F6, 0x65F6,
    0x6DF6, 0x65D6, 0x5DB6, 0x5D95, 0x5D95, 0x5D95, 0x5D95, 0x5D95, 0x5DB5, 0x5DB5, 0x5DD6, 0x65D6,
    0x5D95, 0x5D95, 0x5D95, 0x5595, 0x5595, 0x5595, 0x5D95, 0x5DB5, 0x5DB6, 0x65D6, 0x65D6, 0x65D6,
    0x5DB6, 0x5DB5, 0x5DB5, 0x5DB5, 0x5DB5, 0x5D95, 0x5D95, 0x5D95, 0x5DB6, 0x65D6, 0x6DF6, 0x6DF6,
    0x65D6, 0x65D6, 0x5DB6, 0x5DB6, 0x65D6, 0x65D6, 0x5DB5, 0x5DB5, 0x5DB5, 0x5DB6, 0x5DD6, 0x65D6,
    0x65D6, 0x65D6, 0x5DB6, 0x5DB5, 0x5DB5, 0x5DB6, 0x65D6, 0x65F6, 0x6E17, 0x6DF7, 0x65D6, 0x5DB6,
    0x5DD6, 0x65D6, 0x65D6, 0x65D6, 0x65D6, 0x65D6, 0x65D6, 0x65D6, 0x65D6, 0x65D6, 0x65D6, 0x5DD6,
    0x5DB6, 0x5DB5, 0x5DB5, 0x5DB5, 0x5DB5, 0x5DB5, 0x5DB5, 0x5DB5, 0x5DB5, 0x5DB5, 0x5DB6, 0x65D6,
    0x6DD6, 0x6DD6, 0x65D6, 0x5DD6, 0x5DD6, 0x65D6, 0x65D6, 0x5DD6, 0x5DB5, 0x5DB5, 0x5DB6, 0x5DB6,
    0x5DB5, 0x5D95, 0x5DB5, 0x65D6, 0x65F6, 0x65F6, 0x5DD6, 0x5DB5, 0x5DB6, 0x65D6, 0x5DB5, 0x5DB5,
    0x5DB5, 0x5DB5, 0x5DB6, 0x5DD6, 0x65D6, 0x65D6, 0x65D6, 0x65D6, 0x65D6, 0x65D6, 0x65D6, 0x65D6,
    0x65D6, 0x5DB5, 0x5DB5, 0x5D95, 0x5DB5, 0x5DB5, 0x65D6, 0x65D6, 0x6DF6, 0x65D6, 0x65B6, 0x5DB5,
    0x5DB5, 0x5DB5, 0x5D95, 0x5DB5, 0x5DB6, 0x65D6, 0x5DD6, 0x5DD6, 0x5595, 0x5575, 0x5575, 0x5575,
    0x5595, 0x5595, 0x5D95, 0x5DB5, 0x5DD6, 0x65D6, 0x65D6, 0x65D6, 0x65D6, 0x5DD6, 0x5DB6, 0x5DB5,
    0x5D95, 0x5D95, 0x5595, 0x5D95, 0x5DB6, 0x65D6, 0x6DF7, 0x6DF7, 0x6DF6, 0x65D6, 0x5DD6, 0x5DD6,
    0x65D6, 0x65D6, 0x65B5, 0x5DB5, 0x5DD6, 0x5DD6, 0x5DD6, 0x65D6, 0x65D6, 0x65D6, 0x5DB5, 0x5D95,
    0x5DB5, 0x5DB5, 0x5DB5, 0x65D6, 0x6DF6, 0x6DF7, 0x6DF6, 0x65D6, 0x65D6, 0x5DD6, 0x5DB6, 0x5DB5,
    0x5DB6, 0x65D6, 0x65D6, 0x65D6, 0x5DB6, 0x5DB6, 0x5DB6, 0x65B6, 0x65D6, 0x65D6, 0x5DB5, 0x5D95,
    0x5D95, 0x5D95, 0x5595, 0x5D95, 0x5D95, 0x5DB5, 0x5DB6, 0x65B6, 0x65D6, 0x65D6, 0x65D6, 0x5DD6,
    0x5DD6, 0x5DD6, 0x5DD6, 0x5DB5, 0x5D95, 0x5D95, 0x5DB5, 0x5DB5, 0x5D95, 0x5D95, 0x5D95, 0x5DB5,
    0x65F6, 0x65F6, 0x5DD6, 0x5DB5, 0x5DB5, 0x5DB5, 0x5DB5, 0x5DB5, 0x5DB5, 0x5DB5, 0x5DD6, 0x65D6,
    0x65D6, 0x6DF6, 0x75F7, 0x7617, 0x7617, 0x7617, 0x65D6, 0x5DD6, 0x5DB6, 0x5DB5, 0x5595, 0x5575,
    0x5575, 0x5595, 0x5DB5, 0x5DB6, 0x65D6, 0x65D6, 0x5DB6, 0x5DB5, 0x5D95, 0x5D95, 0x5D95, 0x5DB5,
    0x5DB6, 0x5DD6, 0x5DB6, 0x5DB6, 0x5D95, 0x5D95, 0x5D95, 0x5D95, 0x5D95, 0x5D95, 0x5D95, 0x5DB5,
    0x5DD6, 0x65D6, 0x65D6, 0x65D6, 0x65F6, 0x65F6, 0x65D6, 0x65D6, 0x5DB5, 0x5DB5, 0x5D95, 0x5DB5,
    0x5DB6, 0x65D6, 0x65F6, 0x65F6, 0x65F6, 0x65D6, 0x5DB6, 0x5DB5, 0x65D6, 0x65D6, 0x65B5, 0x5DB6,
    0x65D6, 0x65D6, 0x65D6, 0x65D6, 0x65F6, 0x65D6, 0x5DB5, 0x5D95, 0x5DB5, 0x5DB5, 0x5DB5, 0x5DB6,
    0x65F6, 0x6DF7, 0x6DF7, 0x6DF7, 0x65D6, 0x5DD6, 0x5DB6, 0x5DB6, 0x65D6, 0x65D6, 0x65D6, 0x5DB6,
    0x5DB5, 0x5D95, 0x5D95, 0x5DB5, 0x65B6, 0x65B6, 0x5DB5, 0x5D95, 0x5D95, 0x5D95, 0x5595, 0x5595,
    0x5D95, 0x5DB5, 0x5DB5, 0x5DB6, 0x65D6, 0x65D6, 0x5DD6, 0x5DB6, 0x65D6, 0x65D6, 0x5DD6, 0x5DB5,
    0x5D95, 0x5595, 0x5DB5, 0x5DB5, 0x5DB5, 0x5D95, 0x5D95, 0x5DB5, 0x65D6, 0x65F6, 0x5DD6, 0x5DB5,
    0x5DB5, 0x5DB5, 0x5DB5, 0x5DB5, 0x5DB5, 0x5DD6, 0x5DD6, 0x65D6, 0x65D6, 0x65D6, 0x6DF7, 0x7617,
    0x7617, 0x6E17, 0x65D6, 0x5DD6, 0x5DB5, 0x5DB5, 0x5D95, 0x5575, 0x5575, 0x5595, 0x5D95, 0x5DB5,
    0x5DB5, 0x5DB6, 0x5DB6, 0x5DB6, 0x5D95, 0x5D95, 0x5D95, 0x5DB5, 0x5DB6, 0x5DB6, 0x5DB6, 0x5DB5,
    0x65B6, 0x65B6, 0x65D6, 0x5DB6, 0x5DB5, 0x5DB5, 0x5DB5, 0x5DD6, 0x5DD6, 0x65D6, 0x5DD6, 0x65D6,
    0x6DF7, 0x6E17, 0x6E17, 0x6DF6, 0x65F6, 0x65D6, 0x65D6, 0x5DB6, 0x5DB5, 0x5DB5, 0x5DB6, 0x5DD6,
    0x65D6, 0x5DD6, 0x5DB5, 0x5D95, 0x5D95, 0x5DB5, 0x5DB5, 0x5DB6, 0x65D6, 0x65F6, 0x6E17, 0x6E17,
    0x6DF6, 0x65F6, 0x5DD6, 0x5DB5, 0x5DB5, 0x5DB5, 0x5DB5, 0x5DB5, 0x5DD6, 0x65F6, 0x7617, 0x7617,
    0x65D6, 0x65D6, 0x65D6, 0x65F6, 0x6E17, 0x6E17, 0x65D6, 0x5DB6, 0x5DB5, 0x5D95, 0x5D95, 0x5595,
    0x5D95, 0x5D95, 0x5D95, 0x5DB5, 0x5DB5, 0x5DB5, 0x5D95, 0x5D95, 0x5D95, 0x5DB5, 0x5DB5, 0x5DB6,
    0x5DB6, 0x5DB6, 0x5DB6, 0x5DD6, 0x65D6, 0x65D6, 0x65D6, 0x5DB5, 0x5D95, 0x5595, 0x5DB5, 0x5DB5,
    0x65B6, 0x65B6, 0x5DB5, 0x5DB6, 0x65D6, 0x65D6, 0x65D6, 0x5DB6, 0x5DB5, 0x5DB5, 0x5DB5, 0x5DB5,
    0x5DD6, 0x5DD6, 0x5DB6, 0x5DB5, 0x5DB5, 0x5D95, 0x5DB5, 0x65B6, 0x65B6, 0x65D6, 0x65D6, 0x65D6,
    0x5DB5, 0x5DB5, 0x5DB5, 0x5D95, 0x5D95, 0x5D95, 0x5DB5, 0x5DB5, 0x5DB5, 0x5DB5, 0x5DB6, 0x5DB6,
    0x5DB5, 0x5DB5, 0x5DB5, 0x5DB5, 0x5DB5, 0x65B6, 0x5DB6, 0x5DB6, 0x65D6, 0x65D6, 0x65D6, 0x65D6,
    0x65D6, 0x65D6, 0x5DD6, 0x5DD6, 0x5DD6, 0x5DD6, 0x5DB5, 0x65D6, 0x6DF7, 0x6E17, 0x6E17, 0x6E17,
    0x65F6, 0x65D6, 0x65D6, 0x5DB6, 0x5DB5, 0x5D95, 0x5DB5, 0x5DB5, 0x5DD6, 0x5DB5, 0x5D95, 0x5595,
    0x5575, 0x5595, 0x5D95, 0x5DB5, 0x65D6, 0x65F6, 0x6E17, 0x6E17, 0x6DF6, 0x65D6, 0x65D6, 0x5DB6,
    0x5DB5, 0x5D95, 0x5D95, 0x5DB5, 0x5DB5, 0x65D6, 0x6DF7, 0x6E17, 0x65D6, 0x65D6, 0x65D6, 0x6DF6,
    0x7617, 0x7617, 0x65F6, 0x5DB6, 0x5DB5, 0x5D95, 0x5575, 0x5575, 0x5575, 0x5575, 0x5D95, 0x5D95,
    0x5DB5, 0x5DB5, 0x5DB5, 0x5DB5, 0x5DB5, 0x5DB6, 0x65D6, 0x65D6, 0x5DB6, 0x5DB6, 0x5DB6, 0x5DD6,
    0x65D6, 0x65D6, 0x65D6, 0x5DB6, 0x5D95, 0x5D95, 0x5DB5, 0x5DB5, 0x65D6, 0x65D6, 0x5DB6, 0x5DB6,
    0x5DD6, 0x65D6, 0x65D6, 0x65D6, 0x5DB6, 0x5DB5, 0x5DB5, 0x5DB5, 0x5DD6, 0x65D6, 0x5DB6, 0x5DB5,
    0x5D95, 0x5D95, 0x5D95, 0x5D95, 0x5D95, 0x5DB5, 0x65D6, 0x65D6, 0x65D6, 0x65B6, 0x65B6, 0x5DB6,
    0x5DB6, 0x5DB6, 0x5DB5, 0x5DB5, 0x5DB5, 0x5DB5, 0x5DB5, 0x5DB5, 0x5DB5, 0x5DB5, 0x5DB5, 0x5DB5,
    0x5DB5, 0x5DB5, 0x5DB5, 0x5DB5, 0x65D6, 0x65D6, 0x65D6, 0x65F6, 0x6E17, 0x6DF7, 0x65D6, 0x5DD6,
    0x5DB6, 0x5DB5, 0x5DB5, 0x5DB5, 0x65D6, 0x65D6, 0x65D6, 0x65D6, 0x5DB5, 0x5DB5, 0x5DB5, 0x5DB5,
    0x5DB5, 0x5D95, 0x5D95, 0x5DB5, 0x65D6, 0x65D6, 0x5DB5, 0x5D95, 0x5575, 0x5574, 0x5575, 0x5595,
    0x5DB5, 0x5DD6, 0x65D6, 0x65D6, 0x65D6, 0x65D6, 0x65D6, 0x5DD6, 0x5DB5, 0x5DB5, 0x5D95, 0x5595,
    0x5595, 0x5DB5, 0x65D6, 0x65D6, 0x65D6, 0x5DD6, 0x65D6, 0x6DF6, 0x6E17, 0x6DF7, 0x65F6, 0x65D6,
    0x5DB6, 0x5D95, 0x5595, 0x5575, 0x5575, 0x5575, 0x5595, 0x5D95, 0x5D95, 0x5DB5, 0x5DB6, 0x65D6,
    0x65D6, 0x65F6, 0x6DF7, 0x6DF7, 0x65D6, 0x65D6, 0x5DD6, 0x5DB6, 0x5DB5, 0x5DB6, 0x65D6, 0x65D6,
    0x5DB5, 0x5DB5, 0x5DB5, 0x5DB5, 0x5DB6, 0x5DB6, 0x5DB5, 0x5DB5, 0x5DB5, 0x5DD6, 0x65D6, 0x65D6,
    0x65D6, 0x65D6, 0x5DB5, 0x5DB5, 0x65D6, 0x65D6, 0x5DD6, 0x5DB6, 0x5DB5, 0x5DB5, 0x5DB5, 0x5DB5,
    0x5D95, 0x5DB5, 0x65D6, 0x65F6, 0x65F6, 0x65D6, 0x65D6, 0x65D6, 0x65D6, 0x65D6, 0x65D6, 0x65D6,
    0x5DB5, 0x5DB5, 0x5D95, 0x5D95, 0x5DB5, 0x5DB6, 0x5DD6, 0x5DB6, 0x5DB5, 0x5DB5, 0x5DB5, 0x5DB5,
    0x65D6, 0x65D6, 0x65D6, 0x65D6, 0x6E17, 0x6E17, 0x65F6, 0x65D6, 0x5DB6, 0x5DB5, 0x5D95, 0x5D95,
    0x5DB5, 0x5DB5, 0x5DB6, 0x5DB5, 0x5D95, 0x5D95, 0x5DB5, 0x5DB5, 0x5DB5, 0x5DB5, 0x5DB5, 0x5DB5,
    0x65D6, 0x65D6, 0x5DB6, 0x5D95, 0x5595, 0x5575, 0x5575, 0x5595, 0x5D95, 0x5DB5, 0x5DB6, 0x5DD6,
    0x65D6, 0x65D6, 0x65D6, 0x65D6, 0x5DB5, 0x5D95, 0x5595, 0x5595, 0x5595, 0x5D95, 0x5DB6, 0x65D6,
    0x5DB6, 0x5DB6, 0x65D6, 0x65D6, 0x65F6, 0x65F6, 0x65D6, 0x65D6, 0x5DB6, 0x5DB5, 0x5D95, 0x5595,
    0x5595, 0x5595, 0x5595, 0x5D95, 0x5D95, 0x5DB5, 0x65D6, 0x65D6, 0x65F6, 0x65F6, 0x7617, 0x7617,
    0x6DF6, 0x65D6, 0x65D6, 0x5DB5, 0x5DB5, 0x5DB5, 0x5DB6, 0x65D6, 0x65D6, 0x65D6, 0x5DB6, 0x5DB6,
    0x5DB5, 0x5DB5, 0x5DB5, 0x5DB5, 0x5DB5, 0x5DB5, 0x65D6, 0x65D6, 0x65D6, 0x65D6, 0x5DD6, 0x5DD6,
    0x65D6, 0x65D6, 0x65D6, 0x65D6, 0x65D6, 0x65D6, 0x5DB6, 0x5DB5, 0x5DB5, 0x5DB5, 0x65D6, 0x65F6,
    0x6DF6, 0x6DF6, 0x65D6, 0x65D6, 0x65D6, 0x65D6, 0x65D6, 0x65D6, 0x5DD6, 0x5DB5, 0x5D95, 0x5D95,
    0x5DB5, 0x5DB6, 0x65D6, 0x65D6, 0x5DB6, 0x5DB5, 0x5DB5, 0x5DB5, 0x5DB5, 0x5DB5, 0x5DB5, 0x5DB6,
    0x65D6, 0x6DF6, 0x6DF7, 0x6DF6, 0x5DB6, 0x5D95, 0x5595, 0x5595, 0x5D95, 0x5DB5, 0x5DB5, 0x5D95,
    0x5D95, 0x5D95, 0x5DB5, 0x5DB5, 0x5DB5, 0x5DB6, 0x5DD6, 0x65D6, 0x65D6, 0x65D6, 0x65D6, 0x5DB6,
    0x5DB5, 0x5D95, 0x5D95, 0x5D95, 0x5D95, 0x5D95, 0x5DB5, 0x5DB5, 0x65D6, 0x65D6, 0x65D6, 0x65D6,
    0x5DB5, 0x5D95, 0x5D95, 0x5D95, 0x5595, 0x5D95, 0x65B6, 0x65D6, 0x5DB5, 0x5D95, 0x5DB5, 0x5DB6,
    0x65D6, 0x65D6, 0x65D6, 0x65B6, 0x5DB5, 0x5DB5, 0x5D95, 0x5D95, 0x5DB5, 0x5D95, 0x5D95, 0x5D95,
    0x5DB5, 0x65D6, 0x65D6, 0x65D6, 0x65D6, 0x65D6, 0x65F6, 0x6DF6, 0x6DF6, 0x65D6, 0x65B6, 0x5DB5,
    0x5DB5, 0x5DB5, 0x5DB6, 0x65D6, 0x6DF6, 0x6DF7, 0x6DF6, 0x65D6, 0x5DB6, 0x5DB5, 0x5DB5, 0x5DB5,
    0x5DB5, 0x5DB5, 0x5DB5, 0x5DB5, 0x5DB5, 0x5DB5, 0x5DB5, 0x5DD6, 0x65D6, 0x65D6, 0x65D6, 0x65D6,
    0x65F6, 0x65F6, 0x65D6, 0x5DB6, 0x5DB6, 0x5DB6, 0x5DD6, 0x65D6, 0x6DF6, 0x65D6, 0x65D6, 0x5DB5,
    0x5DB6, 0x5DD6, 0x65D6, 0x65D6, 0x65D6, 0x5DB6, 0x5D95, 0x5D95, 0x5DB5, 0x5DB6, 0x65D6, 0x65F6,
    0x65D6, 0x5DB6, 0x5DB6, 0x5DB6, 0x5DB5, 0x5DB5, 0x5DB5, 0x5DB5, 0x5DD6, 0x65F6, 0x7617, 0x7617,
    0x65D6, 0x5DB5, 0x5D95, 0x5D95, 0x5D95, 0x5DB5, 0x5D95, 0x5D95, 0x5D95, 0x5D95, 0x5DB5, 0x5DB5,
    0x5DB5, 0x5DB5, 0x5DD6, 0x65D6, 0x6DF6, 0x6DF6, 0x65F6, 0x65D6, 0x65D6, 0x5DB6, 0x5DB5, 0x5DB5,
    0x5D95, 0x5D95, 0x5D95, 0x5DB5, 0x65D6, 0x65D6, 0x65D6, 0x5DB6, 0x5DB5, 0x5D95, 0x5D95, 0x5DB5,
    0x5595, 0x5DB5, 0x65D6, 0x65D6, 0x5DB5, 0x5D95, 0x5595, 0x5D95, 0x5DB5, 0x5DB6, 0x5DB5, 0x5DB5,
    0x5DB5, 0x5DB5, 0x5DB5, 0x5DB5, 0x5DB5, 0x5DB5, 0x5D95, 0x5D95, 0x5DB5, 0x65D6, 0x65D6, 0x65D6,
    0x5DB6, 0x5DB6, 0x5DD6, 0x65D6, 0x65F6, 0x65D6, 0x65D6, 0x5DB5, 0x5DB5, 0x5DB5, 0x5DB5, 0x65D6,
    0x6DF6, 0x6DF6, 0x6DF6, 0x65D6, 0x5DB6, 0x5DB6, 0x5DB6, 0x5DB6, 0x5DB6, 0x5DB5, 0x5D95, 0x5D95,
    0x5DB5, 0x5DB5, 0x5DB5, 0x5DB5, 0x5DB6, 0x65B6, 0x5DB6, 0x65D6, 0x65D6, 0x65F6, 0x65D6, 0x65D6,
    0x5DD6, 0x65D6, 0x65D6, 0x65D6, 0x65D6, 0x65D6, 0x5DB5, 0x5DB5, 0x5DB6, 0x5DB6, 0x5DD6, 0x65D6,
    0x65D6, 0x65D6, 0x65B6, 0x65B6, 0x65B6, 0x65D6, 0x65D6, 0x65D6, 0x65D6, 0x5DB6, 0x5DB6, 0x65B6,
    0x5DB5, 0x5DB5, 0x5DB5, 0x5DB5, 0x5DD6, 0x65F6, 0x7637, 0x7637, 0x6DF6, 0x65D6, 0x65D6, 0x65B6,
    0x5DB5, 0x5DB5, 0x5DB5, 0x5DB5, 0x5DB5, 0x5DB5, 0x5DB5, 0x5DB5, 0x5D95, 0x5D95, 0x5DB5, 0x65D6,
    0x6E17, 0x7637, 0x6E17, 0x6DF6, 0x6DF6, 0x65F6, 0x65D6, 0x5DB5, 0x5DB5, 0x5DB5, 0x5D95, 0x5DB5,
    0x5DB5, 0x5DD5, 0x5DB5, 0x5DB5, 0x5DB5, 0x5DB5, 0x5DB5, 0x5DB5, 0x5DB5, 0x5DB5, 0x6DD6, 0x6DD6,
    0x65B6, 0x5DB5, 0x5D95, 0x5595, 0x5595, 0x5595, 0x5D95, 0x5D95, 0x5D95, 0x5D95, 0x5DB5, 0x5D95,
    0x5595, 0x5595, 0x5D95, 0x5D95, 0x5DB5, 0x65D5, 0x65D6, 0x5DB6, 0x5DB5, 0x5D95, 0x5DB5, 0x5DB6,
    0x65F6, 0x65F6, 0x65D6, 0x5DB6, 0x5DB6, 0x5DB5, 0x5DB6, 0x5DB6, 0x5DB6, 0x5DB6, 0x5DB6, 0x65B6,
    0x65D6, 0x65D6, 0x65D6, 0x5DD6, 0x5DB5, 0x5DB5, 0x5595, 0x5575, 0x5595, 0x5595, 0x5DB5, 0x5DB5,
    0x5DB5, 0x5DB5, 0x5DB5, 0x5DB5, 0x5DB6, 0x65D6, 0x65D6, 0x65D6, 0x65D6, 0x65F6, 0x6DF7, 0x6DF6,
    0x65D6, 0x65D6, 0x5DB5, 0x5DB5, 0x5DB6, 0x5DD6, 0x65D6, 0x65D6, 0x65D6, 0x65F6, 0x6DF6, 0x6DF6,
    0x6DF6, 0x65D6, 0x65D6, 0x5DB6, 0x5DB5, 0x5DB5, 0x5DB5, 0x5DB5, 0x5DB5, 0x5DB5, 0x5DB5, 0x5DB5,
    0x5DD6, 0x6DF6, 0x7E37, 0x7E37, 0x6DF7, 0x65D6, 0x65D6, 0x65D6, 0x5DB6, 0x5DB5, 0x5DB6, 0x65B6,
    0x5DD6, 0x5DB6, 0x5DB5, 0x5D95, 0x5595, 0x5595, 0x5D95, 0x65D6, 0x7617, 0x7637, 0x6E17, 0x6E17,
    0x6E17, 0x6DF6, 0x65D6, 0x5DD6, 0x5DB5, 0x5DB5, 0x5D95, 0x5DB5, 0x5DB5, 0x5DB5, 0x5DB5, 0x5D95,
    0x5DB5, 0x5DB5, 0x5DB5, 0x5DB5, 0x5DB5, 0x5DB6, 0x6DF6, 0x6DF6, 0x65D6, 0x5DB5, 0x5D95, 0x5595,
    0x5575, 0x5595, 0x5D95, 0x5D95, 0x5D95, 0x5D95, 0x5DB5, 0x5D95, 0x5595, 0x5595, 0x5595, 0x5D95,
    0x5DB5, 0x5DB5, 0x5DD6, 0x5DB5, 0x5D95, 0x5595, 0x5595, 0x5DB5, 0x65D6, 0x65F6, 0x65D6, 0x5DD6,
    0x5DB6, 0x5DB6, 0x5DD6, 0x5DB5, 0x5DB5, 0x5D95, 0x5DB5, 0x5DB6, 0x65D6, 0x65D6, 0x65D6, 0x65D6,
    0x5DB5, 0x5D95, 0x5575, 0x5574, 0x5574, 0x5594, 0x5D95, 0x5DB5, 0x5D95, 0x5D95, 0x5DB5, 0x5DB5,
    0x5DB5, 0x5DB5, 0x65D6, 0x65D6, 0x65F6, 0x6DF6, 0x7617, 0x6E17, 0x65D6, 0x5DB6, 0x5DB5, 0x5DB5,
    0x5DD6, 0x65D6, 0x65D6, 0x65D6, 0x65D6, 0x6DF6, 0x7617, 0x7617, 0x7617, 0x6DF6, 0x65D6, 0x5DB5,
    0x5D95, 0x5D95, 0x5D95, 0x5D95,
};
#define POOLS_WATER_MIP1_SIZE 64
static const uint16_t POOLS_WATER_MIP1_PIXELS[4096] __attribute__((aligned(16))) = {
    0x65D6, 0x5D95, 0x5595, 0x5595, 0x65D6, 0x65F6, 0x6E17, 0x6E17, 0x5DD6, 0x5DB5, 0x6DF6, 0x6DF7,
    0x65D6, 0x5DD6, 0x65D6, 0x65F6, 0x5DB5, 0x5D95, 0x5DB5, 0x65D6, 0x65D6, 0x65D6, 0x65D6, 0x5595,
    0x5574, 0x5574, 0x5D95, 0x65D6, 0x5DB5, 0x5DB5, 0x5DB5, 0x5DD6, 0x65D6, 0x6DF6, 0x65F6, 0x65D6,
    0x65F6, 0x65D6, 0x5DB6, 0x5595, 0x5595, 0x5595, 0x65D6, 0x5DB5, 0x5DB5, 0x5DD5, 0x5DB6, 0x5DB6,
    0x6DF7, 0x65D6, 0x5DB5, 0x5DB5, 0x65D6, 0x5DD6, 0x65D6, 0x7617, 0x5DB6, 0x5595, 0x5DB6, 0x65D6,
    0x5DB6, 0x5595, 0x5DB5, 0x65D6, 0x5DB5, 0x5DD6, 0x5DB5, 0x5D95, 0x5DB5, 0x65F6, 0x6DF6, 0x6DF6,
    0x6DF7, 0x65D6, 0x65D6, 0x6DF6, 0x6E17, 0x65D6, 0x65D6, 0x6DF7, 0x65D6, 0x5DB5, 0x5DB5, 0x65F6,
    0x6DF6, 0x5DB5, 0x5D95, 0x5595, 0x5D95, 0x5D95, 0x5DB5, 0x65D6, 0x65D6, 0x5DD6, 0x5DB6, 0x5DB5,
    0x5D95, 0x5D95, 0x65D6, 0x6DF6, 0x65F6, 0x6DF7, 0x65D6, 0x65D6, 0x5DB5, 0x5DB5, 0x5DB5, 0x5DB5,
    0x5D95, 0x5DB5, 0x5595, 0x5DB5, 0x65D6, 0x65D6, 0x5DB5, 0x5595, 0x5595, 0x5D95, 0x65D6, 0x65F6,
    0x6DF6, 0x5DB6, 0x65F6, 0x6E17, 0x6E17, 0x65D6, 0x5DB6, 0x5DB5, 0x5D95, 0x65F6, 0x6DF6, 0x65F6,
    0x65D6, 0x5DB5, 0x5D95, 0x65D6, 0x6DF6, 0x65D6, 0x5DD6, 0x5DB5, 0x65D6, 0x65D6, 0x5DD6, 0x65D6,
    0x65D6, 0x5DB5, 0x5DB5, 0x65F6, 0x65D6, 0x5DD6, 0x5DB5, 0x5DB5, 0x5DD6, 0x5DB5, 0x5DB6, 0x5DB5,
    0x5DD6, 0x65D6, 0x65D6, 0x5DB5, 0x5575, 0x5574, 0x5D95, 0x65D6, 0x65D6, 0x6DF6, 0x5DD6, 0x5DB5,
    0x5DB5, 0x65D6, 0x5DB5, 0x5DB5, 0x5DB5, 0x5D95, 0x5575, 0x5575, 0x5DB5, 0x65D6, 0x65D6, 0x5DB5,
    0x5D95, 0x5DB5, 0x5DB5, 0x5DB5, 0x65D6, 0x5DB6, 0x5DB5, 0x5DD6, 0x65D6, 0x65F6, 0x65D6, 0x5D95,
    0x5DB5, 0x65D6, 0x65D6, 0x65D6, 0x65F6, 0x5DB5, 0x5D95, 0x65D6, 0x5DB5, 0x5DB5, 0x65D6, 0x5DB5,
    0x5DB5, 0x5DB5, 0x5DB5, 0x5DD6, 0x65D6, 0x6DF6, 0x65D6, 0x5DB5, 0x5DB5, 0x65D6, 0x5DB5, 0x65D6,
    0x65D6, 0x5D95, 0x5DB5, 0x5DB5, 0x5DD6, 0x6E17, 0x6DF7, 0x5DB5, 0x5D95, 0x5575, 0x5D95, 0x65D6,
    0x65D6, 0x6DF7, 0x65D6, 0x5DB5, 0x5DB5, 0x65D6, 0x65B6, 0x65D6, 0x65D6, 0x5D95, 0x5575, 0x5575,
    0x5DB5, 0x65D6, 0x65F6, 0x5DB6, 0x65D6, 0x65D6, 0x5D95, 0x5DB6, 0x6DF7, 0x5DB6, 0x5595, 0x5595,
    0x5DB5, 0x5DD6, 0x65D6, 0x5DB5, 0x5DB5, 0x5595, 0x5595, 0x5D95, 0x5DB5, 0x5DB5, 0x5DB5, 0x6DF6,
    0x5DB5, 0x5D95, 0x5DB5, 0x65D6, 0x65D6, 0x65D6, 0x65D6, 0x5DD6, 0x5DB5, 0x5DB6, 0x5DB5, 0x65D6,
    0x5DB6, 0x5DB5, 0x5DB5, 0x5DB5, 0x5DB5, 0x5DB5, 0x5DB6, 0x65D6, 0x65D6, 0x65F6, 0x7617, 0x65D6,
    0x5D95, 0x5595, 0x5DB5, 0x5DD6, 0x65F6, 0x6DF7, 0x65D6, 0x65D6, 0x5DD6, 0x5DB5, 0x5DB5, 0x65D6,
    0x6E17, 0x5DB6, 0x5DB5, 0x5D95, 0x5DB5, 0x65D6, 0x65D6, 0x5DB6, 0x5DB5, 0x5DB6, 0x5DB5, 0x5DD6,
    0x65D6, 0x5DB5, 0x5D95, 0x5595, 0x5595, 0x5DB5, 0x65D6, 0x5DB6, 0x5DB5, 0x5DB5, 0x5DB6, 0x65D6,
    0x5DD6, 0x5DB6, 0x65D6, 0x65D6, 0x5D95, 0x5DB5, 0x5DB5, 0x65D6, 0x5DB5, 0x5595, 0x5D95, 0x65D6,
    0x65F6, 0x6DF6, 0x65D6, 0x65D6, 0x5DB5, 0x5DB5, 0x65D6, 0x65D6, 0x5DB5, 0x5DB5, 0x5DB5, 0x5DB6,
    0x5DB5, 0x5D95, 0x65D6, 0x65D6, 0x5DB5, 0x5DB5, 0x6DF6, 0x65D6, 0x6DF6, 0x6E17, 0x6DF7, 0x6E17,
    0x5DB6, 0x5D95, 0x5DB5, 0x6DF7, 0x6DF7, 0x5DB6, 0x5DB5, 0x5DB6, 0x65D6, 0x65D6, 0x6E17, 0x65D6,
    0x5DB5, 0x5DB5, 0x5DB6, 0x5DB5, 0x5DB5, 0x65D6, 0x65B6, 0x5DB5, 0x5DB5, 0x5D95, 0x5D95, 0x5DB5,
    0x5DD6, 0x5DB6, 0x65D6, 0x65F6, 0x5DB6, 0x5D95, 0x65D6, 0x65F6, 0x65D6, 0x65F6, 0x65D6, 0x65F6,
    0x5DB5, 0x5595, 0x5DB5, 0x65D6, 0x65F6, 0x5DB6, 0x5DB5, 0x65D6, 0x5DB5, 0x5DB5, 0x5DB5, 0x65D6,
    0x5DB5, 0x5DD6, 0x65D6, 0x5D95, 0x5595, 0x5D95, 0x5DB5, 0x5DB5, 0x5D95, 0x5D95, 0x65D6, 0x5DB5,
    0x5DB5, 0x5DB5, 0x65B6, 0x65F6, 0x5DB6, 0x5595, 0x5595, 0x5DB5, 0x65F6, 0x5DD6, 0x5DB6, 0x5DD6,
    0x5DB5, 0x5DB5, 0x5DD6, 0x65F6, 0x6DF6, 0x6DF6, 0x5DB6, 0x5D95, 0x5595, 0x5D95, 0x5DB6, 0x5DB5,
    0x5DB5, 0x5DB5, 0x5595, 0x5595, 0x65F6, 0x5DB6, 0x65D6, 0x65F6, 0x5DB5, 0x5D95, 0x5DB6, 0x65D6,
    0x65D6, 0x5DD6, 0x5DD6, 0x65D6, 0x5DD6, 0x5DD6, 0x65D6, 0x5DB6, 0x65D6, 0x5DB5, 0x65D6, 0x5DB5,
    0x5D95, 0x5DB5, 0x5DB6, 0x5DB5, 0x5DB5, 0x65F6, 0x65F6, 0x5DB5, 0x5DB5, 0x5DD6, 0x5DB5, 0x5D95,
    0x5D95, 0x5D95, 0x5DB6, 0x5DB5, 0x5DB5, 0x5595, 0x5595, 0x65D6, 0x5DB6, 0x5DB5, 0x5DB5, 0x5595,
    0x5DB6, 0x65D6, 0x65D6, 0x5DB6, 0x5595, 0x5D95, 0x5DB5, 0x65D6, 0x65F6, 0x65D6, 0x5DB5, 0x5DB5,
    0x5595, 0x5575, 0x5DB5, 0x5DD6, 0x65F6, 0x65F6, 0x5DD6, 0x5DD6, 0x6DF6, 0x5DB6, 0x5DB5, 0x5DB5,
    0x5DB5, 0x65D6, 0x6DF6, 0x65F6, 0x65F6, 0x65F6, 0x65D6, 0x65D6, 0x5DB5, 0x5DB5, 0x65F6, 0x65F6,
    0x65D6, 0x5DB5, 0x65D6, 0x5DB5, 0x5D95, 0x5DB5, 0x65D6, 0x65D6, 0x5DB5, 0x5DB6, 0x65D6, 0x65D6,
    0x65D6, 0x5DD6, 0x5DB6, 0x5D95, 0x5595, 0x5DB5, 0x5D95, 0x5575, 0x5D95, 0x5595, 0x5DB5, 0x65D6,
    0x65D6, 0x65D6, 0x65D6, 0x5DD6, 0x5D95, 0x5DB5, 0x65D6, 0x65F6, 0x5DB6, 0x5DB5, 0x5DB5, 0x5DD6,
    0x5DB6, 0x5DB5, 0x5DB5, 0x5DB5, 0x5DB5, 0x5D95, 0x5DD6, 0x65F7, 0x6DF6, 0x65D6, 0x5DB5, 0x65D6,
    0x65D6, 0x5DB5, 0x5DB5, 0x5DB5, 0x5DB6, 0x65D6, 0x65D6, 0x5DB5, 0x5DD6, 0x65D6, 0x65F6, 0x5DD6,
    0x5DB5, 0x5DB5, 0x65D6, 0x65F6, 0x65D6, 0x5DD6, 0x65D6, 0x5DB5, 0x5DB5, 0x65D6, 0x6E17, 0x6DF7,
    0x65D6, 0x5DB5, 0x65D6, 0x6DF7, 0x65D6, 0x65D6, 0x65D6, 0x65D6, 0x65D6, 0x65D6, 0x5DB5, 0x5595,
    0x5595, 0x5D95, 0x5DB6, 0x65D6, 0x65D6, 0x65D6, 0x65F6, 0x65D6, 0x5D95, 0x5D95, 0x5DD6, 0x65D6,
    0x65D6, 0x5DD6, 0x5DD6, 0x5DB5, 0x5595, 0x5575, 0x5595, 0x65B6, 0x6DF7, 0x65F6, 0x65F6, 0x65F6,
    0x65D6, 0x5DB5, 0x5DB5, 0x65D6, 0x5DB5, 0x5D95, 0x5DB5, 0x5DD6, 0x65D6, 0x5DD6, 0x5DD6, 0x5DB5,
    0x5D95, 0x5DB6, 0x65F6, 0x5DD6, 0x65D6, 0x65F6, 0x65D6, 0x5DB5, 0x5DB5, 0x65D6, 0x65D6, 0x5DB6,
    0x5DB6, 0x5DB5, 0x65D6, 0x65D6, 0x5D95, 0x5595, 0x5595, 0x5DB6, 0x5DB6, 0x5DB6, 0x65B6, 0x65D6,
    0x65D6, 0x6DF6, 0x5DB5, 0x5D95, 0x5D95, 0x5D95, 0x65D6, 0x6DF7, 0x5DB6, 0x5DB5, 0x5DB5, 0x65D6,
    0x5DB5, 0x5DB6, 0x65F6, 0x65D6, 0x65D6, 0x65F6, 0x5DB6, 0x5DB5, 0x5D95, 0x5595, 0x5595, 0x5DB6,
    0x65F6, 0x5DB6, 0x5D95, 0x5DB6, 0x5DB6, 0x5DB5, 0x65D6, 0x65D6, 0x65D6, 0x5DB5, 0x5DB5, 0x65F6,
    0x5DB6, 0x5D95, 0x5D95, 0x5DB5, 0x5DB5, 0x5DB5, 0x65F6, 0x65F6, 0x65F6, 0x65D6, 0x5595, 0x5574,
    0x5D95, 0x65D6, 0x65D6, 0x5DB5, 0x5595, 0x5595, 0x5DB5, 0x5DB6, 0x5D95, 0x5595, 0x5595, 0x5DB6,
    0x65D6, 0x5DB5, 0x5D95, 0x5D95, 0x5DB5, 0x65D6, 0x5D95, 0x5574, 0x5574, 0x5595, 0x5DD6, 0x65F6,
    0x5DB5, 0x5D95, 0x5DB5, 0x65D6, 0x65D6, 0x65F6, 0x65D6, 0x5DB5, 0x65F6, 0x6DF7, 0x5DB6, 0x5DB6,
    0x65D6, 0x65D6, 0x5DB5, 0x65D6, 0x6DF6, 0x5D95, 0x5575, 0x5DB5, 0x65D6, 0x65D6, 0x6E17, 0x65D6,
    0x65D6, 0x65D6, 0x65D6, 0x65D6, 0x65D6, 0x5DB6, 0x5DB5, 0x5DB6, 0x5DB5, 0x5DB5, 0x5DB5, 0x5DD6,
    0x5DB5, 0x5DB5, 0x5DB5, 0x5D95, 0x5DB5, 0x65F6, 0x65D6, 0x5D95, 0x5595, 0x5595, 0x5DB5, 0x5DB6,
    0x5DB5, 0x5D95, 0x5595, 0x5DB6, 0x65F6, 0x5DB5, 0x5DB5, 0x5DB5, 0x5DB6, 0x5DD6, 0x5DB5, 0x5575,
    0x5574, 0x5595, 0x5DD6, 0x6DF6, 0x5DD6, 0x5DB5, 0x5595, 0x5DB5, 0x5DB5, 0x65D6, 0x5DB5, 0x5DB5,
    0x65D6, 0x65D6, 0x5DB5, 0x5DD6, 0x65D6, 0x5DD6, 0x5DD6, 0x65D6, 0x65D6, 0x5DB6, 0x5595, 0x5D95,
    0x5DB5, 0x5DD6, 0x65F6, 0x65F6, 0x5DB5, 0x65F6, 0x6DF6, 0x65D6, 0x65D6, 0x6E17, 0x7617, 0x65D6,
    0x5DB5, 0x5DB5, 0x5DD6, 0x5DD6, 0x5DD6, 0x5DD6, 0x65D6, 0x65D6, 0x65D6, 0x65F6, 0x5DB6, 0x5595,
    0x5DB5, 0x65D6, 0x5DD6, 0x5DD6, 0x65F6, 0x65D6, 0x65D6, 0x5DD6, 0x65D6, 0x5DB5, 0x5D95, 0x5D95,
    0x65D6, 0x5DD6, 0x5DB6, 0x5DB5, 0x5DB5, 0x5DB5, 0x5DB6, 0x6DF6, 0x65F6, 0x5DD6, 0x5D95, 0x5DB5,
    0x65D6, 0x5DB5, 0x5595, 0x5595, 0x5DB5, 0x65D6, 0x5DB5, 0x5DB6, 0x5DB5, 0x5DD6, 0x65D6, 0x65D6,
    0x5DB5, 0x65D6, 0x5DB5, 0x5D95, 0x5DB5, 0x5DB5, 0x5DB5, 0x65D6, 0x5DB6, 0x65D6, 0x6DF6, 0x65F6,
    0x65F6, 0x5DB6, 0x5DD6, 0x5DB6, 0x5DB5, 0x5DB5, 0x5DB5, 0x5DB6, 0x6DF6, 0x6E17, 0x65D6, 0x5DD6,
    0x5DB5, 0x65D6, 0x65D6, 0x5DD6, 0x65D6, 0x7617, 0x65D6, 0x5DB5, 0x65F6, 0x65D6, 0x65F6, 0x65F6,
    0x65F6, 0x5DB5, 0x5DB5, 0x5D95, 0x5DB5, 0x5DB6, 0x65D6, 0x65D6, 0x6DF7, 0x65F6, 0x65F6, 0x65D6,
    0x65D6, 0x65D6, 0x5DB5, 0x5DB5, 0x65D6, 0x65D6, 0x5595, 0x5595, 0x5DB5, 0x65D6, 0x65D6, 0x65D6,
    0x5595, 0x5595, 0x5DB5, 0x65D6, 0x5DB5, 0x5DD6, 0x5DB6, 0x5DB6, 0x65D6, 0x65D6, 0x5DB6, 0x5DB5,
    0x5DB5, 0x5DB5, 0x5DB5, 0x65F6, 0x65D6, 0x5D95, 0x5DB6, 0x65D6, 0x65D6, 0x65D6, 0x5D95, 0x5595,
    0x5DB5, 0x65D6, 0x5DB5, 0x5DD6, 0x65D6, 0x5DD6, 0x5DB6, 0x5DB5, 0x5DB6, 0x65D6, 0x5D95, 0x5595,
    0x5595, 0x5D95, 0x65B6, 0x6DF6, 0x65D6, 0x5DB5, 0x5595, 0x5595, 0x5595, 0x5DB6, 0x6DF7, 0x65D6,
    0x65D6, 0x65D6, 0x5DD6, 0x65D6, 0x6DF6, 0x7617, 0x6DF6, 0x65D6, 0x5DB6, 0x65D6, 0x65D6, 0x5DB5,
    0x65D6, 0x5DB5, 0x5DB6, 0x65D6, 0x5DB5, 0x5DB5, 0x5DB5, 0x5DB6, 0x5DB5, 0x65D6, 0x5DD6, 0x5DB5,
    0x5DB5, 0x5DB6, 0x65D6, 0x5DD6, 0x5DB5, 0x5DB5, 0x5DB5, 0x7617, 0x6DF6, 0x65D6, 0x65D6, 0x5DB6,
    0x5DB6, 0x65B6, 0x5D95, 0x5DB5, 0x65D6, 0x65D6, 0x5DB5, 0x5DB5, 0x5DD6, 0x65D6, 0x65F6, 0x5DB6,
    0x5DB5, 0x65B6, 0x5D95, 0x5595, 0x5595, 0x5595, 0x5DB5, 0x65D6, 0x5DB6, 0x5DD6, 0x65D6, 0x65D6,
    0x5DD6, 0x5DD6, 0x5DB5, 0x5DB5, 0x65D6, 0x5DB5, 0x5DB5, 0x65D6, 0x5DD6, 0x65F6, 0x65F6, 0x5DB5,
    0x5DB5, 0x65D6, 0x65D6, 0x5DD6, 0x5DD6, 0x5DD6, 0x65D6, 0x65F6, 0x65F6, 0x65D6, 0x5DD6, 0x5DD6,
    0x5DB6, 0x65F6, 0x65F6, 0x5DB6, 0x5D95, 0x5DD6, 0x7617, 0x65D6, 0x5DB5, 0x65D6, 0x65D6, 0x65D6,
    0x65D6, 0x6DF6, 0x5DB6, 0x5DB5, 0x5DB5, 0x5D95, 0x5DB5, 0x65D6, 0x6DF7, 0x5DD6, 0x5D95, 0x5575,
    0x5595, 0x5DD6, 0x6E17, 0x65D6, 0x5DB6, 0x65D6, 0x65B6, 0x5595, 0x5575, 0x5D95, 0x65D6, 0x65D6,
    0x5DB5, 0x5DB5, 0x65D6, 0x65D6, 0x65D6, 0x65D6, 0x5DB5, 0x5D95, 0x65D6, 0x5DB5, 0x5DD6, 0x5DB6,
    0x5DB5, 0x5DD6, 0x65D6, 0x5DB6, 0x5DB5, 0x5DB5, 0x65F6, 0x5DD6, 0x5DB5, 0x5DB6, 0x5DD6, 0x65D6,
    0x65D6, 0x65F6, 0x6DF6, 0x65F6, 0x5DD6, 0x5DB5, 0x5DD6, 0x5DB6, 0x5DB5, 0x65D6, 0x6DF7, 0x5DD6,
    0x65D6, 0x5D95, 0x5595, 0x5DB5, 0x5DB5, 0x65D6, 0x65D6, 0x65D6, 0x5DB5, 0x5D95, 0x5DB5, 0x65F6,
    0x65F6, 0x5D95, 0x5D95, 0x5D95, 0x5595, 0x5DB5, 0x6DF6, 0x6E17, 0x65F6, 0x65F6, 0x65D6, 0x5DB6,
    0x5DB5, 0x65F6, 0x65D6, 0x5DB6, 0x5D95, 0x5DB5, 0x5DB5, 0x5DB5, 0x5DB6, 0x65D6, 0x65D6, 0x5DB6,
    0x65D6, 0x5DB6, 0x5DD6, 0x5DD6, 0x5DB5, 0x65B6, 0x5D95, 0x5DB5, 0x5DB5, 0x5DB5, 0x65D6, 0x65D6,
    0x5DB6, 0x5DD6, 0x5D95, 0x5595, 0x5DB5, 0x5DB6, 0x5DD6, 0x5DB6, 0x5DB5, 0x5595, 0x5D95, 0x5DB6,
    0x65D6, 0x65F6, 0x5DB6, 0x5DB5, 0x65D6, 0x5DB5, 0x5595, 0x5DB5, 0x5DB5, 0x5DB5, 0x5DB6, 0x65F6,
    0x65F6, 0x65D6, 0x5DB5, 0x5DB5, 0x5DD6, 0x5DB5, 0x5DB5, 0x5DB5, 0x5D95, 0x5595, 0x5DD6, 0x65F6,
    0x5DB6, 0x5DB5, 0x5DB5, 0x5DB5, 0x5DB5, 0x5DD6, 0x65F6, 0x65D6, 0x5DB6, 0x5DB6, 0x5DB5, 0x5D95,
    0x5595, 0x5DB5, 0x5DD6, 0x65D6, 0x6DF7, 0x5DB5, 0x5D95, 0x5DB6, 0x5DB6, 0x5DB5, 0x5595, 0x5DB5,
    0x65D6, 0x65F6, 0x65D6, 0x5DB6, 0x65D6, 0x65F6, 0x65D6, 0x65D6, 0x65D6, 0x65D6, 0x65D6, 0x65D6,
    0x65D6, 0x5D95, 0x5595, 0x5DB5, 0x65F6, 0x65F6, 0x5DD6, 0x5DD6, 0x6DF7, 0x65D6, 0x5DB6, 0x5DB5,
    0x65F6, 0x5DD6, 0x5DB5, 0x5DB6, 0x5DD6, 0x5DD6, 0x65D6, 0x5DB6, 0x5DD6, 0x65D6, 0x5DB6, 0x5D95,
    0x5D95, 0x5D95, 0x5DB5, 0x5DB5, 0x5D95, 0x5D95, 0x5D95, 0x5DB5, 0x5D95, 0x5D95, 0x5DB5, 0x65D6,
    0x65F6, 0x6E17, 0x65D6, 0x5DB5, 0x5DB6, 0x5DD6, 0x65D6, 0x65D6, 0x65D6, 0x65D6, 0x65D6, 0x65D6,
    0x65F6, 0x65D6, 0x5DB5, 0x5DB5, 0x5DB5, 0x65D6, 0x5DB6, 0x5D95, 0x5DB5, 0x65D6, 0x65D6, 0x65D6,
    0x5DB6, 0x65D6, 0x6DF7, 0x65D6, 0x5DB6, 0x5DB5, 0x5DB5, 0x65D6, 0x6E17, 0x65D6, 0x5DB5, 0x5DD6,
    0x65D6, 0x6DF6, 0x65F6, 0x65D6, 0x65D6, 0x5DB5, 0x5D95, 0x5D95, 0x5DB6, 0x65D6, 0x65D6, 0x5DD6,
    0x65D6, 0x6DF6, 0x65F6, 0x5DD6, 0x65D6, 0x6DF6, 0x65D6, 0x5DD6, 0x5DB5, 0x5DB6, 0x65D6, 0x5DB6,
    0x5DB5, 0x5595, 0x5595, 0x5DB5, 0x65D6, 0x6E17, 0x6DF7, 0x65D6, 0x65F6, 0x65D6, 0x5DD6, 0x5DB5,
    0x5DB5, 0x5DB5, 0x5DB5, 0x65D6, 0x6E17, 0x65F6, 0x5DD6, 0x5D95, 0x5595, 0x5DB5, 0x65D6, 0x65D6,
    0x5DB6, 0x5D95, 0x5DB5, 0x5DD6, 0x5DB5, 0x5D95, 0x5DB5, 0x5DB5, 0x5DB5, 0x5DB5, 0x5DB5, 0x5DB6,
    0x65D6, 0x65D6, 0x5DB6, 0x5DB5, 0x5DD6, 0x65F6, 0x65F6, 0x65D6, 0x5DB6, 0x5D95, 0x5595, 0x5DB5,
    0x65D6, 0x6DF6, 0x6DF6, 0x6DF7, 0x65F6, 0x65D6, 0x5DB6, 0x5DB5, 0x65F6, 0x6E17, 0x5DD6, 0x65D6,
    0x65B6, 0x5DB5, 0x5DB5, 0x5DB5, 0x5DB5, 0x5DB5, 0x5DB5, 0x5DB5, 0x5DD6, 0x65F6, 0x6DF6, 0x65D6,
    0x5DB5, 0x5DB6, 0x5DB6, 0x5DB5, 0x5DB5, 0x5DB5, 0x5D95, 0x5DB5, 0x65D6, 0x5DD6, 0x65D6, 0x65D6,
    0x65D6, 0x5DD6, 0x65D6, 0x65D6, 0x5DB5, 0x5595, 0x5595, 0x5DB6, 0x5DB5, 0x5DB5, 0x5595, 0x5595,
    0x5DB5, 0x5DB5, 0x5DB5, 0x5575, 0x5595, 0x5DB6, 0x65D6, 0x5DD6, 0x6DF6, 0x65D6, 0x65D6, 0x6DF6,
    0x65D6, 0x5DB6, 0x5DB6, 0x65D6, 0x5DB5, 0x5D95, 0x5DD6, 0x65D6, 0x65D6, 0x5DB6, 0x5595, 0x5DB5,
    0x65F6, 0x7617, 0x65D6, 0x65D6, 0x65D6, 0x5DB5, 0x5D95, 0x5DB5, 0x65D6, 0x65D6, 0x6DF6, 0x65D6,
    0x65D6, 0x5DB5, 0x5DB5, 0x5DB5, 0x5D95, 0x65D6, 0x5DB5, 0x5DB5, 0x5DB6, 0x5DB5, 0x5D95, 0x5DB5,
    0x65D6, 0x5DB6, 0x5DB6, 0x5DD6, 0x5DD6, 0x5DB6, 0x5DB6, 0x65D6, 0x6DF7, 0x65D6, 0x65D6, 0x65D6,
    0x5DD6, 0x5DB5, 0x5595, 0x5DB5, 0x65D6, 0x65D6, 0x65D6, 0x5D95, 0x5595, 0x5595, 0x5DB6, 0x65D6,
    0x65D6, 0x5DB5, 0x5DB5, 0x65D6, 0x65D6, 0x6DF6, 0x65D6, 0x5DB6, 0x5DB5, 0x5DB5, 0x5D95, 0x5DB6,
    0x65D6, 0x5DD6, 0x5DB5, 0x5DB5, 0x65D6, 0x65D6, 0x5D95, 0x5595, 0x5D95, 0x65B6, 0x5DB5, 0x5D95,
    0x5D95, 0x5DB6, 0x65D6, 0x65D6, 0x65F6, 0x5DB6, 0x5D95, 0x5D95, 0x5DB5, 0x5DB6, 0x5D95, 0x5DB5,
    0x65D6, 0x65D6, 0x5DB5, 0x5DB6, 0x6DF7, 0x65D6, 0x5DB5, 0x5D95, 0x5595, 0x5DB5, 0x5DB5, 0x5DB5,
    0x65D6, 0x6DF7, 0x6DF7, 0x6DF7, 0x6E17, 0x65F6, 0x65D6, 0x65D6, 0x5DD6, 0x5DD6, 0x65D6, 0x5DB6,
    0x5DB5, 0x5D95, 0x5DB5, 0x65D6, 0x6E17, 0x65F6, 0x65F6, 0x65D6, 0x65D6, 0x65D6, 0x5D95, 0x5575,
    0x5595, 0x5DB5, 0x65B6, 0x65D6, 0x6DF6, 0x65D6, 0x65F6, 0x65D6, 0x5DB6, 0x5DB5, 0x5DB5, 0x5D95,
    0x5595, 0x5595, 0x5DB5, 0x5D95, 0x5595, 0x5DB5, 0x65D6, 0x5DD6, 0x65D6, 0x65D6, 0x5DB6, 0x5DB6,
    0x65F6, 0x65F6, 0x5DB5, 0x5DB5, 0x65D6, 0x5DD6, 0x5D95, 0x5DB5, 0x5DD6, 0x65F6, 0x65F6, 0x5D95,
    0x5595, 0x5DB5, 0x5DB6, 0x5595, 0x5D95, 0x5DD6, 0x65D6, 0x5DD6, 0x65F6, 0x6DF7, 0x65F6, 0x65F6,
    0x65D6, 0x65D6, 0x5DD6, 0x5DB5, 0x5DD6, 0x5DD6, 0x5DB5, 0x5DD6, 0x6E17, 0x6DF6, 0x65F6, 0x65D6,
    0x65D6, 0x5DB6, 0x5D95, 0x5595, 0x5575, 0x5D95, 0x65D6, 0x65D6, 0x65D6, 0x5DB6, 0x65D6, 0x6DF6,
    0x5DD6, 0x5DB5, 0x5DB5, 0x5DB5, 0x5DB5, 0x5DD6, 0x5DB5, 0x5D95, 0x5DB5, 0x5DB5, 0x5DD6, 0x65D6,
    0x65D6, 0x65D6, 0x65D6, 0x65F6, 0x7637, 0x6E17, 0x65D6, 0x5DB6, 0x65D6, 0x65D6, 0x5D95, 0x5D95,
    0x5DB5, 0x65F6, 0x65D6, 0x5DB6, 0x5D95, 0x5DB5, 0x5DD6, 0x5595, 0x5595, 0x5DB5, 0x65F6, 0x65D6,
    0x5DD6, 0x5DD6, 0x65D6, 0x5DB5, 0x5DB5, 0x5DB5, 0x5D95, 0x5595, 0x5DB5, 0x65D6, 0x65D6, 0x65F6,
    0x5DB6, 0x5DB5, 0x5DB5, 0x65D6, 0x6DF6, 0x65D6, 0x5DD6, 0x5DB5, 0x5DB5, 0x5DD6, 0x6DF6, 0x65D6,
    0x5DD6, 0x65D6, 0x65D6, 0x65F6, 0x65D6, 0x5DB5, 0x65D6, 0x6DF6, 0x65F6, 0x65D6, 0x5D95, 0x5575,
    0x5D95, 0x6DF6, 0x65D6, 0x5DD6, 0x5DB5, 0x5D95, 0x5D95, 0x5DB5, 0x6DF6, 0x65D6, 0x5DD6, 0x5DD6,
    0x65D6, 0x65D6, 0x65D6, 0x65D6, 0x5DD6, 0x5DB6, 0x5DD6, 0x65D6, 0x5DB6, 0x5DB6, 0x65D6, 0x5DD6,
    0x5DB5, 0x5DB6, 0x65F6, 0x65D6, 0x5DB5, 0x5DB5, 0x5DB5, 0x5DB5, 0x5D95, 0x5DB5, 0x5595, 0x5595,
    0x5DB5, 0x65D6, 0x65D6, 0x65D6, 0x65D6, 0x5DD6, 0x5DD6, 0x65D6, 0x65D6, 0x65D6, 0x65D6, 0x5DB6,
    0x5DB5, 0x65D6, 0x5DB6, 0x5DB5, 0x5DB5, 0x5D95, 0x5D95, 0x5DB5, 0x6DF6, 0x65F6, 0x65F6, 0x65F6,
    0x65D6, 0x65D6, 0x65D6, 0x5DB6, 0x5DD6, 0x65D6, 0x65D6, 0x5DD6, 0x5DB5, 0x5DB6, 0x5DB6, 0x5DB6,
    0x65F6, 0x65D6, 0x65D6, 0x5DB5, 0x5D95, 0x5DB5, 0x5D95, 0x5DB5, 0x65D6, 0x5DB6, 0x5DB6, 0x5DD6,
    0x5DD6, 0x65D6, 0x65D6, 0x65F6, 0x65F6, 0x6DF7, 0x65D6, 0x5DD6, 0x5DB5, 0x5DB5, 0x5DB5, 0x65D6,
    0x65D6, 0x65D6, 0x65D6, 0x5DD6, 0x5DB5, 0x5D95, 0x5DB5, 0x5DB5, 0x65D6, 0x65F6, 0x7617, 0x5DB6,
    0x5595, 0x5575, 0x5D95, 0x65D6, 0x6E17, 0x6DF6, 0x5DB5, 0x5DB5, 0x5DB5, 0x5595, 0x5575, 0x5595,
    0x65D6, 0x5DD6, 0x5DB5, 0x5DB6, 0x65D6, 0x6DF7, 0x6E17, 0x6DF7, 0x5DD6, 0x5D95, 0x5D95, 0x65D6,
    0x65D6, 0x65F6, 0x5DB6, 0x5D95, 0x5DB5, 0x65F6, 0x6DF7, 0x5DB6, 0x5DB5, 0x5DB5, 0x5D95, 0x5DB5,
    0x65F6, 0x5DD6, 0x65D6, 0x65D6, 0x65D6, 0x5DB6, 0x5DB5, 0x5DB5, 0x5DB5, 0x65D6, 0x65D6, 0x5DB6,
    0x5DD6, 0x5DD6, 0x65D6, 0x65D6, 0x65D6, 0x5DB5, 0x5595, 0x5D95, 0x65B6, 0x65D6, 0x5D95, 0x5D95,
    0x5DB5, 0x5DD6, 0x6DF6, 0x5DB6, 0x5595, 0x5574, 0x5D95, 0x65F6, 0x6DF7, 0x65F6, 0x5DD6, 0x5DB5,
    0x5DD6, 0x5DB5, 0x5DB5, 0x5DB5, 0x65D6, 0x5DB5, 0x5DB5, 0x5DB6, 0x65D6, 0x65D6, 0x65D6, 0x65F6,
    0x5DB6, 0x5595, 0x5D95, 0x5DB6, 0x5DD6, 0x65D6, 0x5DB6, 0x5DB5, 0x5D95, 0x65D6, 0x6E17, 0x65D6,
    0x65D6, 0x5DB5, 0x5DB5, 0x5DD6, 0x65D6, 0x5D95, 0x5DB5, 0x65D6, 0x6DF6, 0x5DB5, 0x5DB5, 0x5D95,
    0x5DB5, 0x65D6, 0x65D6, 0x65D6, 0x6E17, 0x65D6, 0x5DB6, 0x5DB5, 0x5DB5, 0x5D95, 0x5595, 0x5595,
    0x5DB6, 0x65D6, 0x5DB5, 0x5D95, 0x5DB6, 0x5DB6, 0x65D6, 0x65D6, 0x5DB5, 0x5D95, 0x5D95, 0x5DB6,
    0x5DD6, 0x5DB6, 0x5DB5, 0x5DB5, 0x65D6, 0x6DF7, 0x6DF7, 0x65F6, 0x5DD6, 0x5DB5, 0x5595, 0x5595,
    0x5D95, 0x5D95, 0x5DB6, 0x6DF6, 0x65D6, 0x5DB5, 0x5595, 0x5DB5, 0x65D6, 0x65D6, 0x5DB6, 0x65D6,
    0x5DD6, 0x65D6, 0x65D6, 0x65D6, 0x65D6, 0x5DB5, 0x5DB5, 0x65F6, 0x5DD6, 0x5DB5, 0x5DB5, 0x5DD6,
    0x65B6, 0x5D95, 0x5DB5, 0x5DD6, 0x65D6, 0x5DB5, 0x5595, 0x5D95, 0x65D6, 0x6DF7, 0x65D6, 0x5DD6,
    0x5D95, 0x5595, 0x5D95, 0x5DB5, 0x65F6, 0x5DB5, 0x5595, 0x5595, 0x5DB5, 0x5DB6, 0x5DB6, 0x5DB5,
    0x5DB5, 0x5DB5, 0x5DD6, 0x5DB5, 0x5DB5, 0x65D6, 0x65D6, 0x5DD6, 0x65D6, 0x65D6, 0x65D6, 0x65D6,
    0x5DB6, 0x5DD6, 0x5DB6, 0x5D95, 0x5595, 0x5D95, 0x5DB6, 0x5DB6, 0x5DB6, 0x5DD6, 0x5DB6, 0x5DB5,
    0x5DB5, 0x65F6, 0x65F6, 0x6DF7, 0x65D6, 0x5DD6, 0x5D95, 0x5D95, 0x5DB5, 0x65D6, 0x65F6, 0x65D6,
    0x5DB6, 0x5DB5, 0x5DD6, 0x5DD6, 0x5DB6, 0x5DB5, 0x5DB5, 0x5D95, 0x5DB5, 0x5DB5, 0x5DB5, 0x5DB5,
    0x5DD6, 0x65D6, 0x65F6, 0x65D6, 0x5D95, 0x5575, 0x5595, 0x5DB5, 0x65D6, 0x5DB5, 0x5595, 0x5595,
    0x65D6, 0x6DF6, 0x6DF6, 0x65D6, 0x65F6, 0x5DB5, 0x5DB6, 0x5DB6, 0x65D6, 0x65F6, 0x65F6, 0x65D6,
    0x5D95, 0x5DB5, 0x65D6, 0x65D6, 0x5DB5, 0x5DB6, 0x65D6, 0x65D6, 0x65D6, 0x65D6, 0x65D6, 0x5595,
    0x5DB5, 0x65D6, 0x65D6, 0x5DB5, 0x5DB5, 0x5DD6, 0x5DD6, 0x65D6, 0x5DB6, 0x5DD6, 0x5DD6, 0x5DD6,
    0x5DB5, 0x5DD6, 0x6DF7, 0x65D6, 0x5DB6, 0x5DB5, 0x5DD6, 0x65D6, 0x6DF6, 0x6DF7, 0x5DB5, 0x5595,
    0x5DB5, 0x5DD6, 0x65F6, 0x65F6, 0x5DD6, 0x5DB5, 0x5DB5, 0x5DB5, 0x5D95, 0x5DB5, 0x5DB5, 0x5DB6,
    0x5DB6, 0x5DB5, 0x5DB6, 0x65D6, 0x65D6, 0x5DB6, 0x65D6, 0x65D6, 0x65F6, 0x5DB6, 0x5DD6, 0x65D6,
    0x5DD6, 0x5DB5, 0x5DB6, 0x65D6, 0x5DB5, 0x5DB5, 0x5DB6, 0x5DB5, 0x5595, 0x5DB6, 0x6DF6, 0x6DF6,
    0x65D6, 0x65D6, 0x5DB6, 0x5DB5, 0x5D95, 0x5DB6, 0x65D6, 0x65D6, 0x5DB6, 0x5DD6, 0x65F6, 0x65D6,
    0x5DB5, 0x5DB5, 0x5DB5, 0x5DB5, 0x5DB5, 0x5DB5, 0x65F6, 0x65D6, 0x5DB5, 0x5DB6, 0x65D6, 0x65D6,
    0x65D6, 0x7617, 0x65D6, 0x5DD6, 0x65D6, 0x65D6, 0x6DF6, 0x6DF7, 0x5DD6, 0x5D95, 0x5D95, 0x5DB5,
    0x5DB6, 0x65D6, 0x65F6, 0x65B6, 0x5DB5, 0x5D95, 0x5DB5, 0x65D6, 0x5DB5, 0x65D6, 0x5DB5, 0x5DB5,
    0x65D6, 0x65D6, 0x5DB5, 0x65D6, 0x65D6, 0x5DD6, 0x5DB6, 0x65D6, 0x65D6, 0x5DD6, 0x5DB5, 0x5DB5,
    0x5D95, 0x5DB5, 0x5DB6, 0x5DB6, 0x5DB5, 0x5DB5, 0x5DB5, 0x5DB6, 0x5DB5, 0x65D6, 0x6DF7, 0x6DF7,
    0x65D6, 0x65D6, 0x65D6, 0x65D6, 0x5DB5, 0x5DB5, 0x5DB5, 0x65D6, 0x65D6, 0x65D6, 0x65D6, 0x65D6,
    0x5DB6, 0x5D95, 0x65D6, 0x5DB6, 0x65D6, 0x65F6, 0x65D6, 0x5DB6, 0x5DB6, 0x5DB5, 0x5DB5, 0x5DB6,
    0x65F6, 0x65D6, 0x65F6, 0x65F6, 0x6DF6, 0x6DF7, 0x65D6, 0x5DB5, 0x5DB5, 0x5DB6, 0x5DB6, 0x5DB5,
    0x65D6, 0x5DB5, 0x5DB5, 0x5D95, 0x5DB5, 0x5DB6, 0x5DB5, 0x65D6, 0x65D6, 0x65D6, 0x65D6, 0x5DB5,
    0x65D6, 0x65D6, 0x5DB5, 0x5DB5, 0x5DD6, 0x6DF6, 0x65D6, 0x5DB6, 0x5DB5, 0x5DD6, 0x5DB6, 0x5D95,
    0x5DB5, 0x5DD6, 0x65D6, 0x65D6, 0x65D6, 0x65F6, 0x6DF6, 0x5DB6, 0x5595, 0x5DB5, 0x5DB5, 0x65F6,
    0x7617, 0x65F6, 0x65F6, 0x5DB6, 0x5DB6, 0x5DB5, 0x6DF6, 0x65D6, 0x5DB6, 0x5DB5, 0x5DB5, 0x5DB5,
    0x5D95, 0x5DB5, 0x5DB5, 0x5DB5, 0x65F6, 0x6DF7, 0x6DF7, 0x65D6, 0x65D6, 0x5DD6, 0x65D6, 0x5DB5,
    0x5DB5, 0x5DB6, 0x65D6, 0x65D6, 0x65D6, 0x65D6, 0x5DD6, 0x5DD6, 0x5DB6, 0x5DB5, 0x5DB5, 0x65D6,
    0x65D6, 0x5DB5, 0x5D95, 0x5595, 0x5DB5, 0x65F6, 0x5DD6, 0x5DD6, 0x5DD6, 0x65F6, 0x65D6, 0x5DB5,
    0x5D95, 0x5DB6, 0x5DB6, 0x5DB5, 0x5D95, 0x5DB5, 0x5DB5, 0x5DB5, 0x5DB5, 0x5DB5, 0x5DD6, 0x5DB6,
    0x5DB6, 0x65D6, 0x5DB5, 0x5DB5, 0x65F6, 0x65D6, 0x65F6, 0x65D6, 0x5DD6, 0x5DD6, 0x65D6, 0x5D95,
    0x5595, 0x5D95, 0x5DB5, 0x65D6, 0x5DB5, 0x5DB5, 0x65D6, 0x65D6, 0x65F6, 0x65D6, 0x6DF7, 0x65D6,
    0x5DB5, 0x5DB6, 0x5DD6, 0x5DB5, 0x5DB5, 0x5DD6, 0x5DB6, 0x65D6, 0x5DB5, 0x65F6, 0x6DF6, 0x65D6,
    0x5D95, 0x5DB5, 0x65D6, 0x6DF6, 0x65F6, 0x65D6, 0x5D95, 0x5574, 0x5D95, 0x65D6, 0x65F6, 0x65F6,
    0x5DB5, 0x5DD6, 0x6DF7, 0x5DB6, 0x5595, 0x5595, 0x5D95, 0x5DB5, 0x65D6, 0x65D6, 0x65D6, 0x65D6,
    0x5DB5, 0x5D95, 0x5D95, 0x5DB5, 0x65D6, 0x65D6, 0x5DB5, 0x5D95, 0x65D6, 0x6DF7, 0x65D6, 0x5DB5,
    0x5DB6, 0x65F6, 0x6DF6, 0x5DB6, 0x5DB5, 0x5DB5, 0x5DD6, 0x65F6, 0x65D6, 0x65F6, 0x6E17, 0x65F6,
    0x5DD6, 0x5DB6, 0x65B6, 0x5D95, 0x5D95, 0x65D6, 0x65D6, 0x5D95, 0x5D95, 0x65D6, 0x5DB6, 0x5DD6,
    0x5D95, 0x5DB5, 0x65F6, 0x65F6, 0x65D6, 0x5DB6, 0x65F6, 0x6E17, 0x65D6, 0x65D6, 0x5DB5, 0x5D95,
    0x5DB5, 0x65D6, 0x65D6, 0x65F6, 0x5DB5, 0x5DB5, 0x65D6, 0x65D6, 0x5DB6, 0x5D95, 0x5DB5, 0x65D6,
    0x6DF7, 0x65D6, 0x5DB5, 0x5DB6, 0x5DB5, 0x5575, 0x5575, 0x5595, 0x65D6, 0x65D6, 0x5DB5, 0x5D95,
    0x5DB6, 0x65D6, 0x65D6, 0x5DB5, 0x5DB5, 0x65F6, 0x7617, 0x65F6, 0x65D6, 0x65D6, 0x65D6, 0x65D6,
    0x65F6, 0x65D6, 0x65D6, 0x65D6, 0x5DB6, 0x5DB6, 0x65F6, 0x5DB5, 0x5DB5, 0x65F6, 0x65D6, 0x5DB6,
    0x65D6, 0x65F6, 0x65F6, 0x5DB5, 0x5DB5, 0x5DB5, 0x65D6, 0x6DF6, 0x6DF7, 0x65D6, 0x5DB5, 0x5DB5,
    0x5DB5, 0x5DD6, 0x5DB5, 0x5D95, 0x65B5, 0x65D6, 0x65D6, 0x5DD6, 0x65D6, 0x65D6, 0x5DB5, 0x65D6,
    0x6E17, 0x6DF7, 0x65D6, 0x65F6, 0x6DF6, 0x65D6, 0x5DB5, 0x5DB5, 0x65D6, 0x5DB5, 0x5595, 0x5DB5,
    0x65D6, 0x65D6, 0x6DF6, 0x65F6, 0x65D6, 0x5DB5, 0x5DB5, 0x65D6, 0x65D6, 0x65F6, 0x65D6, 0x65D6,
    0x65D6, 0x5DD6, 0x5DD6, 0x5DB5, 0x5DB5, 0x5DB6, 0x65D6, 0x65D6, 0x5DB5, 0x5D95, 0x5DB6, 0x5DB5,
    0x5DB6, 0x5DB6, 0x5DD6, 0x65D6, 0x65F6, 0x65D6, 0x65D6, 0x5DB5, 0x5DB6, 0x5DB5, 0x65D6, 0x65F6,
    0x65F6, 0x65F6, 0x65D6, 0x5DB5, 0x5DB5, 0x65D6, 0x65D6, 0x5DB6, 0x5DB5, 0x5DB5, 0x65D6, 0x5DB5,
    0x5D95, 0x5595, 0x5D95, 0x5D95, 0x65D6, 0x6E17, 0x65F6, 0x65F6, 0x65F6, 0x6DF6, 0x5DB6, 0x5DB6,
    0x5DD6, 0x5DB6, 0x5DB5, 0x5DB5, 0x5D95, 0x5DB5, 0x65D6, 0x65F6, 0x5DD6, 0x5DB5, 0x5DB5, 0x5DD6,
    0x6E17, 0x6E17, 0x65D6, 0x5DD6, 0x5DB5, 0x5DB6, 0x65D6, 0x5DB6, 0x5DB5, 0x5DD6, 0x65D6, 0x65F6,
    0x5DB5, 0x5D95, 0x5DD6, 0x65D6, 0x5DD6, 0x5D95, 0x5DB5, 0x5DB5, 0x65F6, 0x5DD6, 0x65D6, 0x65D6,
    0x5D95, 0x5DB5, 0x5DB5, 0x5DB5, 0x5DD6, 0x65D6, 0x65D6, 0x5DB5, 0x5DB5, 0x5DB5, 0x65D6, 0x6E17,
    0x5DB5, 0x5595, 0x5595, 0x5DB5, 0x5DD6, 0x5DB5, 0x5DB5, 0x5DB5, 0x5DB5, 0x65F6, 0x65D6, 0x5D95,
    0x5DB5, 0x65D6, 0x65D6, 0x65D6, 0x65F6, 0x65F6, 0x5DB5, 0x5DB5, 0x5595, 0x5D95, 0x5DB6, 0x65F6,
    0x5DD6, 0x5DB5, 0x5D95, 0x5DD6, 0x65D6, 0x65D6, 0x5DB6, 0x65D6, 0x5DB5, 0x5595, 0x5DB6, 0x65D6,
    0x65D6, 0x5DB5, 0x5DB5, 0x65D6, 0x5DD6, 0x5DB5, 0x5DB5, 0x5DB5, 0x5DB5, 0x5DB5, 0x5DB6, 0x65D6,
    0x65F6, 0x5DB5, 0x5D95, 0x5D95, 0x6DF6, 0x65B6, 0x5D95, 0x5595, 0x65D6, 0x65D6, 0x6DF7, 0x5DB6,
    0x5595, 0x5595, 0x5DD6, 0x65F6, 0x5DB5, 0x5575, 0x5574, 0x5595, 0x65D6, 0x5DB6, 0x5DB6, 0x5DD6,
    0x65D6, 0x6E17, 0x5DB6, 0x5595, 0x5595, 0x5DB5, 0x5D95, 0x5DB5, 0x65D6, 0x6E17, 0x5DB5, 0x5D95,
    0x5595, 0x5DB5, 0x65D6, 0x65F6, 0x65D6, 0x5DB6, 0x5DB5, 0x5DB5, 0x5DB5, 0x5DB5, 0x5DB5, 0x65D6,
    0x5DB6, 0x5DB5, 0x5DB6, 0x65D6, 0x5DB5, 0x5595, 0x5DB5, 0x65F6, 0x65D6, 0x5DB6, 0x5DB5, 0x65D6,
    0x5DB5, 0x65D6, 0x6DF7, 0x65D6, 0x65D6, 0x5DB6, 0x5DB5, 0x5DB6, 0x65D6, 0x5D95, 0x5595, 0x5595,
    0x5D95, 0x5DB6, 0x6E17, 0x65D6, 0x5DB5, 0x5D95, 0x5DB5, 0x65F6, 0x65D6, 0x5D95, 0x5595, 0x5D95,
    0x65D6, 0x5DB5, 0x5DD6, 0x65F6, 0x65F6, 0x65F6, 0x5DB6, 0x5DB5, 0x5DB6, 0x65D6, 0x5DB5, 0x5595,
    0x5DB6, 0x6DF7, 0x65D6, 0x5DB6, 0x5DB5, 0x5DD6, 0x5DB5, 0x5D95, 0x5DB5, 0x5DD6, 0x65D6, 0x5DB5,
    0x5595, 0x5DB5, 0x5DB5, 0x5DB5, 0x5DB6, 0x5DB6, 0x65D6, 0x5DB6, 0x5DB5, 0x5DB5, 0x5DB5, 0x65D6,
    0x5DB5, 0x65D6, 0x5DB6, 0x65D6, 0x5DB5, 0x5DB5, 0x65D6, 0x65D6, 0x65F6, 0x65D6, 0x5DB5, 0x5DB6,
    0x5DB5, 0x5D95, 0x5DB5, 0x5DB5, 0x5D95, 0x5DB5, 0x6E17, 0x65F6, 0x5DB6, 0x5D95, 0x5D95, 0x5DB5,
    0x65D6, 0x65D6, 0x65D6, 0x65D6, 0x65D6, 0x5DD6, 0x5DB5, 0x65D6, 0x5DB5, 0x5D95, 0x65D6, 0x65D6,
    0x65D6, 0x5DB5, 0x5D95, 0x5D95, 0x5DB5, 0x6DF6, 0x65F6, 0x65D6, 0x65D6, 0x5DD6, 0x5DB6, 0x5DB5,
    0x5DD6, 0x65D6, 0x6DF6, 0x5DB5, 0x5595, 0x5DB5, 0x5DB5, 0x5DB5, 0x5595, 0x5DB5, 0x65D6, 0x65D6,
    0x5DB6, 0x65D6, 0x5DB5, 0x5DB5, 0x5D95, 0x5D95, 0x5DB5, 0x5DB6, 0x65D6, 0x5DB5, 0x5DB5, 0x65D6,
    0x5DB6, 0x5DB5, 0x65D6, 0x65F6, 0x5D95, 0x5D95, 0x5DB5, 0x5DB5, 0x5DB5, 0x5DB5, 0x65D6, 0x5DB6,
    0x5DB5, 0x5DB5, 0x5DB5, 0x5DB5, 0x65D6, 0x6DF6, 0x65D6, 0x5DD6, 0x5DB6, 0x5DD6, 0x5DD6, 0x65D6,
    0x5DB5, 0x5595, 0x5DB5, 0x65D6, 0x6E17, 0x5DD6, 0x5DB6, 0x65D6, 0x65D6, 0x65D6, 0x5DB6, 0x5DB5,
    0x5D95, 0x5DB5, 0x5DB6, 0x5DB6, 0x65D6, 0x65F6, 0x6DF7, 0x5DB5, 0x5595, 0x5D95, 0x5DB6, 0x5DD6,
    0x5DB6, 0x65D6, 0x65D6, 0x65D6, 0x5DB5, 0x5DB5, 0x5DB5, 0x5DB5, 0x5DB6, 0x65D6, 0x65D6, 0x65D6,
    0x5DB5, 0x5DB5, 0x5DB5, 0x65D6, 0x5DB5, 0x5D95, 0x5DB5, 0x65D6, 0x5DB5, 0x5DB5, 0x5DB5, 0x5DB5,
    0x65D6, 0x65D6, 0x65D6, 0x5DB5, 0x65D6, 0x65D6, 0x65D6, 0x65D6, 0x65D6, 0x5DB5, 0x5DB6, 0x65D6,
    0x5DB5, 0x5D95, 0x5DB5, 0x65D6, 0x5DB6, 0x5DB6, 0x5DD6, 0x65F6, 0x6E17, 0x65D6, 0x5DB5, 0x5595,
    0x5DB5, 0x65D6, 0x5DD6, 0x5DB6, 0x5D95, 0x5DB5, 0x65D6, 0x65F6, 0x65D6, 0x65D6, 0x5DB6, 0x5DB5,
    0x5DB5, 0x5D95, 0x5595, 0x5DB6, 0x65D6, 0x65F6, 0x65F6, 0x65D6, 0x5D95, 0x5595, 0x5595, 0x5DB5,
    0x65D6, 0x65F6, 0x65D6, 0x65D6, 0x65D6, 0x65D6, 0x5DB6, 0x5DB6, 0x5DB6, 0x65D6, 0x5DB6, 0x65D6,
    0x5D95, 0x5D95, 0x5DB5, 0x5DD6, 0x65F6, 0x65D6, 0x65D6, 0x65D6, 0x65D6, 0x65D6, 0x65D6, 0x65F6,
    0x65D6, 0x5DB5, 0x5DD6, 0x65D6, 0x5DB6, 0x5D95, 0x5DB5, 0x65D6, 0x65D6, 0x65D6, 0x65D6, 0x6DF7,
    0x65D6, 0x5DB6, 0x5DB5, 0x5595, 0x5D95, 0x65F6, 0x65F6, 0x65D6, 0x5DB5, 0x5D95, 0x65B6, 0x65D6,
    0x5DB6, 0x65D6, 0x5DB5, 0x5DB6, 0x5DB6, 0x5D95, 0x5595, 0x5DD6, 0x6DF7, 0x6DD6, 0x5DB6, 0x5DB6,
    0x5DB6, 0x5D95, 0x5D95, 0x5DB6, 0x65F6, 0x65F6, 0x65D6, 0x5DB6, 0x5DB5, 0x5DB6, 0x5DB6, 0x5D95,
    0x5DB5, 0x65D6, 0x6E17, 0x6DF7, 0x65D6, 0x5D95, 0x5D95, 0x65D6, 0x6DF6, 0x5DB6, 0x5DB5, 0x5DD6,
    0x65D6, 0x65D6, 0x65D6, 0x5DB5, 0x5DB5, 0x65D6, 0x5DB6, 0x5DB5, 0x5DD6, 0x65D6, 0x5DB6, 0x5DB5,
    0x65D6, 0x65D6, 0x5DB6, 0x5DB6, 0x5DB5, 0x5DB5, 0x5DB6, 0x65D6, 0x65D6, 0x65D6, 0x65D6, 0x5DB6,
    0x5DB6, 0x5DB6, 0x65D6, 0x65D6, 0x5DB5, 0x5DB5, 0x5DB6, 0x65D6, 0x65D6, 0x65D6, 0x5DB6, 0x65D6,
    0x65F6, 0x5DB6, 0x5D95, 0x5595, 0x5DB5, 0x65B6, 0x5DB6, 0x5DD6, 0x5DD6, 0x65D6, 0x5DD6, 0x5DD6,
    0x5DB5, 0x5595, 0x5DB5, 0x5DB6, 0x5DB6, 0x5DB5, 0x65D6, 0x65F6, 0x65D6, 0x5DB5, 0x5DB5, 0x65D6,
    0x5DB6, 0x5D95, 0x5D95, 0x5DB5, 0x5DB6, 0x6E17, 0x65D6, 0x5DB5, 0x5595, 0x5595, 0x5D95, 0x5DB6,
    0x65F6, 0x6E17, 0x5DB6, 0x5D95, 0x5DD6, 0x65D6, 0x5DB6, 0x5D95, 0x5DB5, 0x5DB6, 0x65D6, 0x5DB6,
    0x5DB5, 0x5DB5, 0x65D6, 0x65D6, 0x6E17, 0x65D6, 0x5DB6, 0x5DB6, 0x65D6, 0x5DB5, 0x5DB5, 0x65D6,
    0x65D6, 0x65D6, 0x5DB5, 0x65D6, 0x65F6, 0x65F6, 0x5DB6, 0x5D95, 0x5DB5, 0x65D6, 0x5DB6, 0x5DD6,
    0x65F6, 0x65D6, 0x5DD6, 0x65D6, 0x5DB6, 0x5595, 0x5DB5, 0x5DD6, 0x5DB6, 0x5DB6, 0x5DB5, 0x5DB5,
    0x6DF6, 0x65D6, 0x65D6, 0x65D6, 0x65D6, 0x5DB5, 0x65D6, 0x5DB5, 0x5DB5, 0x65D6, 0x65D6, 0x5D95,
    0x5575, 0x5575, 0x5D95, 0x5DB6, 0x65F6, 0x6E17, 0x65D6, 0x5DB5, 0x5DD6, 0x5DD6, 0x5DD6, 0x5DB6,
    0x5DB5, 0x65D6, 0x6DF6, 0x5DD6, 0x5DB5, 0x5DD6, 0x65D6, 0x5DB6, 0x5DB6, 0x5DD6, 0x5DB5, 0x5DB5,
    0x65D6, 0x65F6, 0x65D6, 0x5DB5, 0x5DB5, 0x5D95, 0x5DB5, 0x65D6, 0x65F6, 0x65D6, 0x5DB6, 0x5DB5,
    0x65D6, 0x5DB6, 0x5DB5, 0x5DB5, 0x65D6, 0x65D6, 0x5DD6, 0x5DB6, 0x65D6, 0x5DD6, 0x65D6, 0x5DB6,
    0x5DB6, 0x5DB6, 0x5DB5, 0x5DB5, 0x65D6, 0x5DB5, 0x5DD6, 0x5DB5, 0x5DB6, 0x5D95, 0x5D95, 0x5D95,
    0x5D95, 0x5DB5, 0x5DB6, 0x5D95, 0x5D95, 0x5D95, 0x65D6, 0x65D6, 0x65D6, 0x6E17, 0x65D6, 0x5DD6,
    0x5DD6, 0x5DB5, 0x5DB5, 0x5DB5, 0x5D95, 0x5DB5, 0x65D6, 0x65F6, 0x65F6, 0x65D6, 0x5DB6, 0x5595,
    0x5575, 0x5D95, 0x5D95, 0x5D95, 0x5DD6, 0x6DF7, 0x65F6, 0x5DB6, 0x5DB5, 0x5DB5, 0x5DB6, 0x65D6,
    0x65D6, 0x5DB6, 0x5DB5, 0x5DB5, 0x65D6, 0x5DB5, 0x5DB5, 0x5D95, 0x5D95, 0x5DB5, 0x65D6, 0x65D6,
    0x5DB5, 0x5DB6, 0x6DF7, 0x6DF6, 0x6DF6, 0x5DB5, 0x5D95, 0x5D95, 0x5DB5, 0x5DB6, 0x5DB5, 0x5DB5,
    0x65D6, 0x5DB6, 0x5595, 0x5DB5, 0x5D95, 0x5DB5, 0x65D6, 0x65D6, 0x65D6, 0x5DB5, 0x5DB5, 0x5DB5,
    0x5DB5, 0x65D6, 0x65F6, 0x65D6, 0x5DD6, 0x65D6, 0x65F6, 0x5DB6, 0x5DB5, 0x5595, 0x5D95, 0x5DD6,
    0x65D6, 0x5DD6, 0x65D6, 0x5DB6, 0x5D95, 0x5DB5, 0x5D95, 0x5DB6, 0x5DD6, 0x65D6, 0x65D6, 0x5DB6,
    0x65D6, 0x65F6, 0x6DF7, 0x65D6, 0x5DB6, 0x5595, 0x5595, 0x5DB6, 0x65D6, 0x5DB6, 0x65B6, 0x5DB6,
    0x5DB5, 0x5DB6, 0x6DF7, 0x65D6, 0x5D95, 0x5D95, 0x5DD6, 0x5DB6, 0x65F6, 0x5DD6, 0x5DB5, 0x5D95,
    0x5D95, 0x65D6, 0x5DB6, 0x5D95, 0x5DB6, 0x6DF7, 0x65D6, 0x65D6, 0x5DB5, 0x5DB5, 0x65D6, 0x65D6,
    0x65D6, 0x65D6, 0x65F6, 0x5DB5, 0x5D95, 0x65D6, 0x7617, 0x65D6, 0x65D6, 0x6DF7, 0x6DF7, 0x65D6,
    0x5DB5, 0x5595, 0x5595, 0x5DB5, 0x65D6, 0x5DB6, 0x5DD6, 0x65D6, 0x65D6, 0x5DD6, 0x5DB6, 0x6DF6,
    0x65D6, 0x5DB6, 0x5DB6, 0x5DB5, 0x5DB6, 0x5DB6, 0x5DD6, 0x65D6, 0x65D6, 0x5DB6, 0x5DB5, 0x65D6,
    0x6DF7, 0x7617, 0x65D6, 0x5DB6, 0x5DB5, 0x5DB5, 0x65F6, 0x65D6, 0x5DB5, 0x5D95, 0x5DB5, 0x5DB5,
    0x6DF7, 0x65D6, 0x65D6, 0x5DB5, 0x5D95, 0x5DB5, 0x5DB6, 0x5DB6, 0x65F6, 0x6DF6, 0x5DB6, 0x5DB6,
    0x65D6, 0x5DD6, 0x5DB5, 0x65D6, 0x65D6, 0x65D6, 0x65D6, 0x65F6, 0x65F6, 0x6DF7, 0x7617, 0x65D6,
    0x5DD6, 0x65F6, 0x6DF6, 0x65D6, 0x5DB5, 0x5D95, 0x5DB6, 0x65D6, 0x5DB5, 0x5DB5, 0x5DB6, 0x5DB6,
    0x5D95, 0x5595, 0x5DB5, 0x5DB6, 0x5DB5, 0x65D6, 0x65D6, 0x5D95, 0x5595, 0x5DB5, 0x5DB5, 0x5595,
    0x5DB6, 0x65D6, 0x5DD6, 0x5DB6, 0x65D6, 0x65D6, 0x5D95, 0x5DB5, 0x5DB6, 0x5DD6, 0x5DB6, 0x5DB6,
    0x5DB6, 0x5595, 0x5595, 0x5595, 0x5DB5, 0x65D6, 0x65D6, 0x65F6, 0x65D6, 0x65D6, 0x6DF6, 0x6DF6,
    0x65D6, 0x65D6, 0x5D95, 0x5595, 0x5DB5, 0x5DB6, 0x5D95, 0x5D95, 0x65D6, 0x5DB6, 0x5DB5, 0x65D6,
    0x65D6, 0x65D6, 0x65D6, 0x65D6, 0x65D6, 0x65D6, 0x65D6, 0x5DD6, 0x5DB5, 0x5DB5, 0x65D6, 0x65D6,
    0x5DB6, 0x5DB5, 0x65D6, 0x5DB5, 0x5575, 0x5595, 0x5DB5, 0x5DB6, 0x5DB5, 0x5DB6, 0x65D6, 0x65B6,
    0x5D95, 0x5DB6, 0x65D6, 0x5DB5, 0x65D6, 0x65D6, 0x65D6, 0x5DB6, 0x5DB5, 0x5DB6, 0x5D95, 0x5575,
    0x5D95, 0x65D6, 0x65D6, 0x65D6, 0x65F6, 0x5DB6, 0x5DB5, 0x5DB5, 0x5DB5, 0x5DB5, 0x5DB5, 0x65D6,
    0x5DB5, 0x5D95, 0x5DB6, 0x65D6, 0x65F6, 0x65F6, 0x5D95, 0x5575, 0x5575, 0x5D95, 0x5DB5, 0x5DB5,
    0x65D6, 0x65D6, 0x5DD6, 0x5DB5, 0x5D95, 0x5D95, 0x5DB5, 0x5DB5, 0x5DB5, 0x65D6, 0x6DF6, 0x5DB5,
    0x5DB5, 0x5DD6, 0x65D6, 0x65D6, 0x65F6, 0x6DF6, 0x5DB6, 0x5DB5, 0x5DB5, 0x5D95, 0x5D95, 0x5D95,
    0x5D95, 0x5DB5, 0x65D6, 0x65F6, 0x5DD6, 0x65D6, 0x5DB5, 0x5DB5, 0x6DF6, 0x5DB6, 0x5DB6, 0x5D95,
    0x5D95, 0x5DB5, 0x5D95, 0x5575, 0x5595, 0x65D6, 0x65D6, 0x65F6, 0x6DF6, 0x65D6, 0x65D6, 0x5D95,
    0x5595, 0x5D95, 0x5595, 0x5DB6, 0x5D95, 0x5D95, 0x5595, 0x5DB5, 0x65D6, 0x65D6, 0x5DB5, 0x5DB5,
    0x5D95, 0x5D95, 0x5DB6, 0x6DF6, 0x65D6, 0x5DB6, 0x65D6, 0x5DB5, 0x5DB5, 0x5DD6, 0x65D6, 0x5DB5,
    0x5DB5, 0x65D6, 0x6DF7, 0x5DB6, 0x5DD6, 0x65D6, 0x65D6, 0x65D6, 0x65D6, 0x65D6, 0x5DB5, 0x5DB5,
    0x5DB5, 0x5DB5, 0x5D95, 0x5DB6, 0x65D6, 0x65D6, 0x5DD6, 0x65D6, 0x5DB5, 0x5DB6, 0x5DB5, 0x5DB5,
    0x65F6, 0x5DB6, 0x5DB6, 0x5DB5, 0x5DB5, 0x5DB6, 0x5DB6, 0x5DB6, 0x5DB6, 0x65D6, 0x5DD6, 0x5DB5,
    0x5DB6, 0x65D6, 0x65D6, 0x5DB5, 0x5D95, 0x5D95, 0x5DB5, 0x5DD6, 0x5D95, 0x5595, 0x5595, 0x5D95,
    0x65D6, 0x65D6, 0x65D6, 0x5DB6, 0x5D95, 0x5D95, 0x65D6, 0x6DF6, 0x65F6, 0x5DB6, 0x65D6, 0x5DB5,
    0x5DD6, 0x65D6, 0x65D6, 0x5DB5, 0x5DB5, 0x5DB5, 0x6DF6, 0x6DF6, 0x65D6, 0x5DB5, 0x65D6, 0x65D6,
    0x5DB5, 0x5DB5, 0x65B6, 0x5D95, 0x5D95, 0x5595, 0x5D95, 0x5DB6, 0x65D6, 0x5DB6, 0x5DD6, 0x5DB5,
    0x5D95, 0x5DB5, 0x5D95, 0x5DB5, 0x65F6, 0x5DB5, 0x5DB5, 0x5DB5, 0x5DB5, 0x5DD6, 0x65D6, 0x75F7,
    0x7617, 0x65D6, 0x5DB5, 0x5595, 0x5575, 0x5DB5, 0x65B6, 0x5DB6, 0x5D95, 0x5DB5, 0x5DB6, 0x5DB5,
    0x65D6, 0x65D6, 0x5DD6, 0x5DB6, 0x5DD6, 0x5DD6, 0x6DF7, 0x6E17, 0x65D6, 0x65B6, 0x5DB5, 0x5DB5,
    0x5DD6, 0x5D95, 0x5D95, 0x5DB5, 0x65D6, 0x6E17, 0x65F6, 0x5DB6, 0x5DB5, 0x5DB5, 0x65D6, 0x6E17,
    0x65D6, 0x65D6, 0x6E17, 0x65D6, 0x5D95, 0x5575, 0x5595, 0x5D95, 0x5DB5, 0x5DB5, 0x5DB5, 0x5DB6,
    0x5DB6, 0x5DB6, 0x65D6, 0x65B6, 0x5D95, 0x5DB5, 0x65B6, 0x5DB5, 0x65D6, 0x5DD6, 0x5DB5, 0x5DB5,
    0x5DD6, 0x5DB5, 0x5D95, 0x5D95, 0x5DB5, 0x65D6, 0x5DB5, 0x5DB5, 0x5DB5, 0x5DB5, 0x5DB5, 0x5DB5,
    0x5DB5, 0x5DB5, 0x5DB5, 0x5DB5, 0x65D6, 0x65D6, 0x6DF7, 0x65D6, 0x5DB5, 0x5D95, 0x5DB6, 0x65D6,
    0x5DB5, 0x5DB5, 0x5D95, 0x5DB5, 0x65D6, 0x5D95, 0x5575, 0x5575, 0x5DB5, 0x65D6, 0x65D6, 0x65D6,
    0x5DB5, 0x5595, 0x5595, 0x65D6, 0x5DB6, 0x65D6, 0x6DF6, 0x65D6, 0x5DB5, 0x5595, 0x5575, 0x5595,
    0x5DB5, 0x65D6, 0x65F6, 0x6DF7, 0x65D6, 0x5DB6, 0x5DB5, 0x65D6, 0x5DB6, 0x5DB5, 0x5DB5, 0x5DB5,
    0x5DB5, 0x65D6, 0x65D6, 0x5DB5, 0x65D6, 0x5DD6, 0x5DB6, 0x5DB5, 0x5DB5, 0x65D6, 0x6DF6, 0x65D6,
    0x65D6, 0x65D6, 0x5DB5, 0x5D95, 0x5DB5, 0x65D6, 0x5DB5, 0x5DB5, 0x5DB5, 0x5DB5, 0x65D6, 0x6DF7,
    0x5DB5, 0x5595, 0x5D95, 0x5D95, 0x5D95, 0x5DB5, 0x5DB5, 0x5DD6, 0x65F6, 0x65D6, 0x5DB5, 0x5D95,
    0x5D95, 0x5DB5, 0x65D6, 0x65D6, 0x5D95, 0x5D95, 0x5D95, 0x65B6, 0x5D95, 0x5DB5, 0x5DB6, 0x5DB5,
    0x5DB5, 0x5D95, 0x5D95, 0x5D95, 0x5DB5, 0x65D6, 0x5DD6, 0x65D6, 0x65D6, 0x5DB6, 0x5DB5, 0x5DB6,
    0x6DF6, 0x65D6, 0x5DB6, 0x5DB5, 0x5DB5, 0x5DB5, 0x5DB5, 0x5DB5, 0x65D6, 0x65D6, 0x65D6, 0x65D6,
    0x5DB6, 0x65D6, 0x65D6, 0x5DB5, 0x5DB6, 0x65D6, 0x65D6, 0x5DB5, 0x5DB6, 0x65D6, 0x5DB6, 0x5DB6,
    0x5DB5, 0x5DB5, 0x65D6, 0x7E37, 0x65F6, 0x65D6, 0x5DB5, 0x5DB5, 0x5DB5, 0x5DB5, 0x5D95, 0x5DB5,
    0x7617, 0x6E17, 0x6DF6, 0x65D6, 0x5DB5, 0x5D95, 0x5DB5, 0x5DB5, 0x5DB5, 0x5DB5, 0x5DB5, 0x6DD6,
    0x5DB6, 0x5595, 0x5595, 0x5D95, 0x5D95, 0x5D95, 0x5595, 0x5D95, 0x5DB5, 0x5DB6, 0x5595, 0x5DB5,
    0x65F6, 0x65D6, 0x5DB6, 0x5DB5, 0x5DB5, 0x5DB5, 0x65D6, 0x65D6, 0x5DB5, 0x5575, 0x5574, 0x5DB5,
    0x5DB5, 0x5DB5, 0x5DB5, 0x65D6, 0x65F6, 0x6DF7, 0x65D6, 0x5DB5, 0x5DD6, 0x65D6, 0x65D6, 0x7617,
    0x6DF6, 0x5DB6, 0x5D95, 0x5D95,
};
#define POOLS_WATER_MIP2_SIZE 32
static const uint16_t POOLS_WATER_MIP2_PIXELS[1024] __attribute__((aligned(16))) = {
    0x5DB6, 0x5D95, 0x65D6, 0x6DF6, 0x65D6, 0x6DF6, 0x65D6, 0x65F6, 0x5DB5, 0x5DB6, 0x65D6, 0x5D95,
    0x5575, 0x5DB6, 0x5DB6, 0x5DB5, 0x5DB6, 0x65D6, 0x65F6, 0x5DB5, 0x5D95, 0x5DB5, 0x5DB5, 0x5DB5,
    0x65D6, 0x5DB5, 0x5DB5, 0x65F6, 0x5DB6, 0x65D6, 0x65D6, 0x5DB5, 0x5DB6, 0x65D6, 0x65D6, 0x5DB5,
    0x65D6, 0x5DB5, 0x5DB6, 0x5DD6, 0x65D6, 0x65D6, 0x5DB6, 0x5DB5, 0x5DB5, 0x5DB5, 0x65D6, 0x65D6,
    0x5575, 0x5DB5, 0x65D6, 0x5DB6, 0x5DB6, 0x5DB5, 0x5DB5, 0x5575, 0x5DB6, 0x65D6, 0x5DB5, 0x5DB5,
    0x65D6, 0x5DB5, 0x65D6, 0x5DB6, 0x5D95, 0x5DB5, 0x5DB5, 0x65D6, 0x5D95, 0x5DD6, 0x5DB6, 0x5DB6,
    0x65D6, 0x65D6, 0x5DB5, 0x65B6, 0x5DB5, 0x5DB6, 0x5DB6, 0x65D6, 0x5D95, 0x65D6, 0x6DF7, 0x65F6,
    0x5DB5, 0x65D6, 0x65D6, 0x5DB5, 0x5DD6, 0x65D6, 0x5DB5, 0x5DB5, 0x5DB6, 0x5DB5, 0x5D95, 0x5DB5,
    0x65D6, 0x65D6, 0x5DB5, 0x65D6, 0x65D6, 0x65D6, 0x5DB5, 0x5DB6, 0x65D6, 0x65B6, 0x5D95, 0x5DB5,
    0x5DD6, 0x5DB6, 0x5D95, 0x5D95, 0x5D95, 0x5DB6, 0x5D95, 0x5DB6, 0x5DB5, 0x5D95, 0x65D6, 0x5DB6,
    0x5D95, 0x5DD6, 0x65D6, 0x5DB5, 0x5595, 0x5DB5, 0x65D6, 0x5DB5, 0x65D6, 0x5DB5, 0x65B6, 0x65D6,
    0x65D6, 0x65D6, 0x5DB5, 0x65D6, 0x5DD6, 0x5DB6, 0x5DB5, 0x65F6, 0x5DB5, 0x65D6, 0x65D6, 0x5DB6,
    0x5DB5, 0x5595, 0x5595, 0x5DB6, 0x65D6, 0x65D6, 0x5D95, 0x65D6, 0x5DB6, 0x5DB5, 0x5D95, 0x5DB5,
    0x65D6, 0x65F6, 0x65D6, 0x5DD6, 0x5DB5, 0x5DB6, 0x5DB5, 0x5DB5, 0x5DB5, 0x65D6, 0x65D6, 0x5D95,
    0x5DB5, 0x5DB6, 0x5DB5, 0x65D6, 0x5595, 0x5DB5, 0x5DB6, 0x5DB5, 0x65D6, 0x5D95, 0x5595, 0x65D6,
    0x5DB5, 0x5DB5, 0x65D6, 0x65D6, 0x65F6, 0x5DB6, 0x5DB5, 0x5DB5, 0x65D6, 0x5D95, 0x5DB6, 0x65F6,
    0x65D6, 0x65D6, 0x65D6, 0x65D6, 0x5DB5, 0x5DB6, 0x5DB5, 0x5DB5, 0x65D6, 0x5DB5, 0x5D95, 0x5DB6,
    0x5DD6, 0x5DB5, 0x5DD6, 0x5DB5, 0x65D6, 0x5D95, 0x5595, 0x65D6, 0x5DD6, 0x5D95, 0x5DB6, 0x5D95,
    0x5DD6, 0x5DB5, 0x5DB5, 0x65D6, 0x65B6, 0x5D95, 0x5DB5, 0x65D6, 0x5DB5, 0x65D6, 0x5DD6, 0x5DB6,
    0x5DB6, 0x5DB5, 0x65D6, 0x5DB6, 0x5DD6, 0x5DB6, 0x65D6, 0x5DB5, 0x5DB5, 0x65D6, 0x5DD6, 0x5D95,
    0x5DB5, 0x65D6, 0x65F6, 0x65D6, 0x65F6, 0x5DB6, 0x65D6, 0x5DB5, 0x5DB5, 0x65D6, 0x5D95, 0x5DB5,
    0x5DB5, 0x5DB5, 0x5DB6, 0x5DD6, 0x5DB5, 0x65D6, 0x65D6, 0x5DB6, 0x5DB5, 0x5DB5, 0x65D6, 0x5D95,
    0x5DB5, 0x65D6, 0x5DB6, 0x5D95, 0x5595, 0x65D6, 0x5DB5, 0x65D6, 0x65D6, 0x5DB5, 0x5DB6, 0x5DB6,
    0x5DD6, 0x65D6, 0x5DB5, 0x65D6, 0x5DB5, 0x65D6, 0x65D6, 0x65D6, 0x5DD6, 0x5DD6, 0x5DB5, 0x65F6,
    0x5DB6, 0x5D95, 0x5DB5, 0x65D6, 0x5DB6, 0x5DB6, 0x5DB6, 0x5DB5, 0x5D95, 0x65F6, 0x65D6, 0x5DB5,
    0x5DB6, 0x65D6, 0x5DB5, 0x5DB5, 0x5DB5, 0x65D6, 0x65D6, 0x5DB6, 0x5DB5, 0x5D95, 0x5DD6, 0x65D6,
    0x65D6, 0x5DB5, 0x5DD6, 0x65D6, 0x5DB5, 0x5D95, 0x65D6, 0x5DB6, 0x65F6, 0x65D6, 0x65D6, 0x5DB5,
    0x5DD6, 0x5DD6, 0x65D6, 0x5DB6, 0x5DB5, 0x5DB6, 0x5D95, 0x5DB5, 0x5D95, 0x5DB5, 0x6DF7, 0x65D6,
    0x65D6, 0x65D6, 0x65B6, 0x65D6, 0x65F6, 0x5DB5, 0x5DB5, 0x5DB6, 0x5DB5, 0x5DD6, 0x5DB5, 0x65D6,
    0x5DB5, 0x5DB6, 0x65D6, 0x5DB5, 0x65D6, 0x65F6, 0x5DB5, 0x5DB5, 0x65D6, 0x65F6, 0x65D6, 0x5DB5,
    0x6DF7, 0x65D6, 0x5DB5, 0x5DB5, 0x5DB6, 0x65D6, 0x5DD6, 0x65D6, 0x5DB5, 0x5DB5, 0x5DB5, 0x5D95,
    0x5DD6, 0x5DD6, 0x5DB6, 0x65D6, 0x5DB6, 0x5DB6, 0x5DB5, 0x5595, 0x5DB6, 0x5D95, 0x5595, 0x5DD6,
    0x65D6, 0x65D6, 0x65D6, 0x5DB5, 0x5DB5, 0x5DB6, 0x65D6, 0x65D6, 0x5DB6, 0x5D95, 0x5D95, 0x5D95,
    0x5D95, 0x65D6, 0x65D6, 0x5DB5, 0x65D6, 0x5DB5, 0x65D6, 0x5DB5, 0x65D6, 0x5DB5, 0x5595, 0x5DB5,
    0x65D6, 0x65F6, 0x65F6, 0x65D6, 0x65D6, 0x5DB6, 0x5DB5, 0x5DB5, 0x65D6, 0x65D6, 0x65D6, 0x5DB5,
    0x5DB5, 0x65D6, 0x5DD6, 0x65D6, 0x5DB6, 0x65D6, 0x65D6, 0x5D95, 0x5DB6, 0x65D6, 0x5DB5, 0x5DD6,
    0x6DF7, 0x5DD6, 0x65D6, 0x5DB6, 0x5DD6, 0x5DD6, 0x5DB5, 0x5DB6, 0x5DB5, 0x65D6, 0x5DB5, 0x5DB5,
    0x5DB5, 0x5595, 0x5DB6, 0x65D6, 0x65D6, 0x65D6, 0x5DB5, 0x5DB6, 0x65D6, 0x5DB5, 0x5D95, 0x5D95,
    0x65D6, 0x65D6, 0x65D6, 0x65D6, 0x5DB6, 0x5DB6, 0x65D6, 0x5DB5, 0x65D6, 0x65D6, 0x5DB5, 0x5DB5,
    0x65D6, 0x5DD6, 0x5DD6, 0x5DD6, 0x65D6, 0x5DD6, 0x5DB6, 0x65D6, 0x65D6, 0x5DB5, 0x5DB5, 0x5D95,
    0x5DB6, 0x65D6, 0x5595, 0x5DB5, 0x65D6, 0x5DB5, 0x65D6, 0x65D6, 0x5DB5, 0x5D95, 0x5DB5, 0x65D6,
    0x5DB5, 0x5DB5, 0x65D6, 0x5DB6, 0x5DB6, 0x65D6, 0x5DB6, 0x5DD6, 0x5DB6, 0x5DB5, 0x5DB6, 0x5DB5,
    0x5DB5, 0x5DB6, 0x65F6, 0x5DB6, 0x5D95, 0x5D95, 0x65D6, 0x5D95, 0x65D6, 0x65D6, 0x5DB5, 0x5DB5,
    0x65D6, 0x65D6, 0x5DB5, 0x65D6, 0x5DB5, 0x5DB6, 0x5DB5, 0x5DB5, 0x5DB5, 0x5DB5, 0x5DB6, 0x65D6,
    0x5DD6, 0x5DB5, 0x5DB6, 0x65F6, 0x5DB5, 0x5DD6, 0x65D6, 0x5D95, 0x5DB5, 0x65D6, 0x5DB6, 0x5DB6,
    0x5D95, 0x5DB5, 0x5DB6, 0x5DB5, 0x5DB6, 0x5DB6, 0x65D6, 0x65D6, 0x5DB6, 0x5DD6, 0x5DB6, 0x5DB5,
    0x5D95, 0x65D6, 0x65D6, 0x5DB5, 0x5DB5, 0x65D6, 0x5DD6, 0x65D6, 0x5DB5, 0x5DB6, 0x5DB6, 0x65D6,
    0x5DB5, 0x65D6, 0x65F6, 0x5DD6, 0x5DD6, 0x65D6, 0x65D6, 0x5DB6, 0x65D6, 0x65D6, 0x5DB5, 0x5DB5,
    0x65D6, 0x5DB5, 0x5DB5, 0x5DB6, 0x65D6, 0x5DB5, 0x65D6, 0x5DB5, 0x65D6, 0x5DD6, 0x5DB5, 0x5DB5,
    0x5DB5, 0x5DB6, 0x5DD6, 0x65D6, 0x5DB5, 0x5DB6, 0x6DF6, 0x65D6, 0x5DB6, 0x65D6, 0x5D95, 0x5DB6,
    0x5D95, 0x5DB6, 0x65F6, 0x65D6, 0x5DB6, 0x5DB5, 0x5DB5, 0x65D6, 0x5DB5, 0x65F6, 0x5DB5, 0x65F6,
    0x65D6, 0x5D95, 0x5DB6, 0x65F6, 0x5DB5, 0x65D6, 0x5D95, 0x5DB5, 0x65D6, 0x5DB6, 0x5D95, 0x5D95,
    0x65D6, 0x5D95, 0x65D6, 0x5DB6, 0x65D6, 0x65F6, 0x5DB5, 0x65D6, 0x65D6, 0x65F6, 0x5DB6, 0x5DB6,
    0x5DB6, 0x5DB6, 0x65D6, 0x5DD6, 0x5DB5, 0x65D6, 0x65F6, 0x5DB5, 0x5DB5, 0x5DB5, 0x5DB5, 0x5DD6,
    0x5DB5, 0x5DB5, 0x6DF7, 0x65D6, 0x65F6, 0x5DB5, 0x5DB6, 0x5DB5, 0x5DB5, 0x65F6, 0x5DB5, 0x5DB6,
    0x65F6, 0x65D6, 0x5DB6, 0x5DB6, 0x5DB5, 0x65D6, 0x5D95, 0x5DB6, 0x5DB5, 0x5DB5, 0x65D6, 0x5DB6,
    0x5DB5, 0x5D95, 0x65D6, 0x65D6, 0x5DB5, 0x65F6, 0x5595, 0x5595, 0x5DB6, 0x5DB5, 0x65D6, 0x5DB5,
    0x5DB5, 0x5DB5, 0x65F6, 0x5D95, 0x5595, 0x65D6, 0x5DB6, 0x5DB5, 0x5DB6, 0x5DB6, 0x5DB5, 0x65D6,
    0x5DB5, 0x5DD6, 0x5DB6, 0x5DB5, 0x5DB5, 0x65D6, 0x65D6, 0x5DB5, 0x5DB5, 0x5D95, 0x5DB5, 0x6DF6,
    0x5DB5, 0x5DB5, 0x5DB6, 0x5DB5, 0x65D6, 0x65D6, 0x65D6, 0x5DB6, 0x5DB6, 0x5D95, 0x65D6, 0x65D6,
    0x5DB6, 0x5DB5, 0x5DB6, 0x65B6, 0x5D95, 0x5DB5, 0x5DB5, 0x65D6, 0x5DB5, 0x5DB5, 0x5DB5, 0x5DB5,
    0x5DB5, 0x65D6, 0x65D6, 0x5DD6, 0x5D95, 0x5DB5, 0x65B6, 0x5DB6, 0x5DB6, 0x5DB5, 0x65D6, 0x65D6,
    0x5DB5, 0x5DB6, 0x5DB5, 0x65D6, 0x65F6, 0x5DB5, 0x65D6, 0x5DB6, 0x5D95, 0x65D6, 0x65D6, 0x65B6,
    0x5D95, 0x5DB5, 0x65D6, 0x65D6, 0x5D95, 0x5D95, 0x65D6, 0x65D6, 0x5DB6, 0x5DB6, 0x5DB5, 0x5DD6,
    0x5DB5, 0x5DB5, 0x65D6, 0x5DD6, 0x65D6, 0x65D6, 0x5DB6, 0x5DB6, 0x5DB5, 0x5DB5, 0x65D6, 0x65D6,
    0x5DB6, 0x5DB5, 0x65D6, 0x65D6, 0x5DB5, 0x65D6, 0x5DB6, 0x5DB6, 0x5DB6, 0x5DB6, 0x65D6, 0x5DB5,
    0x5DB5, 0x5DB5, 0x65D6, 0x5DD6, 0x5DB5, 0x5DB5, 0x5DB6, 0x6DF6, 0x65D6, 0x65D6, 0x5DB5, 0x5DB5,
    0x65D6, 0x5DB6, 0x5575, 0x5DB5, 0x6DF6, 0x5DB5, 0x5DD6, 0x5DB5, 0x5DB6, 0x65D6, 0x5DB5, 0x65D6,
    0x65D6, 0x5DB5, 0x65D6, 0x5DB6, 0x5DB5, 0x5DB6, 0x65F6, 0x5DB5, 0x5DB6, 0x5DB5, 0x65D6, 0x5DD6,
    0x5DB6, 0x5DB6, 0x5DB6, 0x5DB5, 0x5DB5, 0x5DB5, 0x5DB5, 0x5D95, 0x5D95, 0x65B6, 0x5DB5, 0x5DB6,
    0x65D6, 0x65D6, 0x5DD6, 0x5DB6, 0x5D95, 0x65D6, 0x65D6, 0x5DB5, 0x5595, 0x5D95, 0x65D6, 0x65D6,
    0x5DD6, 0x65D6, 0x5DB5, 0x5DB5, 0x5DB6, 0x5DB5, 0x5DB5, 0x65D6, 0x5DB5, 0x65D6, 0x65D6, 0x5D95,
    0x5DB5, 0x5DB5, 0x65D6, 0x5DD6, 0x5DB6, 0x65D6, 0x65D6, 0x65D6, 0x65D6, 0x6DF6, 0x65D6, 0x65D6,
    0x5D95, 0x5DB5, 0x5DB5, 0x5DB6, 0x5DB5, 0x65D6, 0x5DB6, 0x5DB5, 0x5DB5, 0x5DB5, 0x5DB6, 0x5DB6,
    0x6DF6, 0x5DB5, 0x5DB5, 0x65D6, 0x5D95, 0x5D95, 0x65D6, 0x65D6, 0x5DB5, 0x65D6, 0x65D6, 0x5595,
    0x5D95, 0x5D95, 0x65D6, 0x5DB5, 0x5DB5, 0x5DB6, 0x5DD6, 0x65D6, 0x5DB5, 0x65D6, 0x65D6, 0x5DB5,
    0x5595, 0x5D95, 0x5DB5, 0x65D6, 0x5DB5, 0x5DB5, 0x65D6, 0x5DB5, 0x5DB5, 0x5595, 0x5DB5, 0x65D6,
    0x65D6, 0x5DB5, 0x5D95, 0x5DB5, 0x5595, 0x5D95, 0x65D6, 0x5DB5, 0x5D95, 0x65D6, 0x65D6, 0x5DB5,
    0x5DB6, 0x5DB6, 0x5DB6, 0x65F6, 0x5DB6, 0x65D6, 0x5DB6, 0x5DB5, 0x5D95, 0x5DB5, 0x65D6, 0x5DB6,
    0x5DB5, 0x5DB5, 0x65D6, 0x5DB5, 0x5DB5, 0x65D6, 0x65D6, 0x5DB5, 0x5DB5, 0x65B6, 0x5D95, 0x5DB5,
    0x65D6, 0x65D6, 0x5DB5, 0x65D6, 0x5DB5, 0x5DB5, 0x5DB5, 0x5595, 0x65D6, 0x65D6, 0x5D95, 0x65D6,
    0x65D6, 0x65F6, 0x5D95, 0x5595, 0x5DB5, 0x65D6, 0x5DB6, 0x5DB6, 0x5DB5, 0x5DB5, 0x5DD6, 0x5DB5,
    0x5DB6, 0x5DB5, 0x5DB6, 0x65D6, 0x5DB6, 0x5DB5, 0x5DB5, 0x5DB5, 0x5DB5, 0x6DF6, 0x5DB6, 0x5DB5,
    0x5DB5, 0x5DB5, 0x6DF6, 0x5DB6, 0x5D95, 0x5DB5, 0x5D95, 0x5DB5, 0x5D95, 0x5D95, 0x5D95, 0x5D95,
    0x5DB5, 0x5DB5, 0x65D6, 0x5DB5, 0x65D6, 0x5DD6, 0x5D95, 0x5D95, 0x5DB5, 0x65D6, 0x65D6, 0x65B6,
    0x5DD6, 0x65D6, 0x65D6, 0x5DB5,
};
#define POOLS_WATER_MIP3_SIZE 16
static const uint16_t POOLS_WATER_MIP3_PIXELS[256] __attribute__((aligned(16))) = {
    0x5DB5, 0x65D6, 0x65D6, 0x65D6, 0x5DB6, 0x5DB5, 0x5DB5, 0x5DD6, 0x5DB5, 0x65D6, 0x5DB5, 0x5D95,
    0x5DB6, 0x5DB5, 0x5DB6, 0x5DB6, 0x5DB5, 0x5DB5, 0x5DB6, 0x5DB6, 0x65D6, 0x5DB5, 0x5DB5, 0x5DB5,
    0x5DB5, 0x65D6, 0x5DB5, 0x5DB6, 0x5DB6, 0x5DB6, 0x5DB5, 0x5DB5, 0x5DB5, 0x5DB5, 0x5DD6, 0x5DB6,
    0x5DB6, 0x5DB6, 0x5DB5, 0x5DB6, 0x5DB5, 0x5DB5, 0x5DB6, 0x5DB6, 0x5DB6, 0x5DB5, 0x5DB6, 0x65D6,
    0x65D6, 0x65D6, 0x5DB5, 0x5DB6, 0x5DB6, 0x5DB5, 0x5DD6, 0x5DB5, 0x5DB6, 0x5DD6, 0x5DB6, 0x5DB5,
    0x5DB6, 0x5DB5, 0x5DB5, 0x5DB6, 0x5DB5, 0x65D6, 0x5DB5, 0x5DB5, 0x5DD6, 0x5DB5, 0x5DB5, 0x5DB5,
    0x5DB6, 0x5DB6, 0x5DB5, 0x5DD6, 0x5DB6, 0x65D6, 0x5DB5, 0x65D6, 0x65D6, 0x5DB5, 0x65D6, 0x5DB6,
    0x65D6, 0x5DB5, 0x5DB5, 0x65D6, 0x5DB6, 0x5DB5, 0x5DD6, 0x5DB6, 0x5DB6, 0x5DB5, 0x5DB5, 0x5DB5,
    0x65D6, 0x5DB6, 0x5DB5, 0x65D6, 0x5DB5, 0x5D95, 0x5DB6, 0x5DB5, 0x65D6, 0x5DB6, 0x5DD6, 0x5DB5,
    0x65D6, 0x65D6, 0x5DB5, 0x5DB6, 0x65D6, 0x5DB5, 0x5DD6, 0x5DB5, 0x5DB6, 0x65D6, 0x5DB5, 0x5DB6,
    0x65D6, 0x5DB5, 0x5DB6, 0x5DB6, 0x5DB6, 0x65D6, 0x5DB5, 0x5DB5, 0x5DB6, 0x5DB6, 0x65D6, 0x5DB6,
    0x5DB6, 0x5DB5, 0x5DB6, 0x65D6, 0x5DB5, 0x65D6, 0x5DB6, 0x65D6, 0x5DB6, 0x5DB6, 0x5DB5, 0x5DB5,
    0x65D6, 0x5DB6, 0x5DB5, 0x65D6, 0x65D6, 0x5DB5, 0x5DB6, 0x5DB5, 0x5DB5, 0x65D6, 0x65D6, 0x5DB5,
    0x65D6, 0x65D6, 0x5DB5, 0x5DB6, 0x5DB5, 0x65D6, 0x5DB5, 0x5DB5, 0x5DB5, 0x65D6, 0x5DB6, 0x5DB6,
    0x5DB6, 0x5DB5, 0x65D6, 0x5DB6, 0x5DB6, 0x5DB5, 0x5DB5, 0x5DB6, 0x5D95, 0x65D6, 0x5DB5, 0x5DB6,
    0x5DB6, 0x5DB6, 0x5DB6, 0x65D6, 0x5DB5, 0x65D6, 0x5D95, 0x5DB6, 0x5DB5, 0x5DB6, 0x5DB6, 0x5DB6,
    0x5DB5, 0x5DB6, 0x65D6, 0x5DB5, 0x5DB6, 0x5DD6, 0x5DB6, 0x5DB6, 0x5DB6, 0x5DB6, 0x5DB6, 0x5DB6,
    0x5DB5, 0x65D6, 0x5DB5, 0x5DB6, 0x5DB5, 0x5DB6, 0x5DB5, 0x5DB6, 0x65D6, 0x65D6, 0x5DB5, 0x5DB6,
    0x5DB5, 0x5DB6, 0x5DB6, 0x5DB5, 0x65B6, 0x5DB6, 0x5DB5, 0x5DB6, 0x5DB5, 0x5DB6, 0x5DB5, 0x5DB6,
    0x5DB5, 0x65D6, 0x5DD6, 0x5DB6, 0x5D95, 0x5DB6, 0x5DB5, 0x5DB6, 0x5DB5, 0x5DB6, 0x5DB6, 0x5DB5,
    0x65D6, 0x5DB6, 0x5DB5, 0x5DB5, 0x5DB5, 0x5DB5, 0x5DB6, 0x5D95, 0x5DB5, 0x5DB6, 0x5DB5, 0x5DB5,
    0x5DB5, 0x65D6, 0x5DB6, 0x5DB5,
};
#endif /* BACKROOMS_GENERATED_POOLS_WATER_H */
