/* Embedded PSP texture data. */
#ifndef BACKROOMS_GENERATED_POOLS_WALL_H
#define BACKROOMS_GENERATED_POOLS_WALL_H
#include <stdint.h>
#define POOLS_WALL_WIDTH 128
#define POOLS_WALL_HEIGHT 128
static const uint16_t POOLS_WALL_PIXELS[16384] __attribute__((aligned(16))) = {
    0xB69A, 0xC6DB, 0xC6DA, 0xC6DA, 0xC6DA, 0xBEDA, 0xBEDA, 0xC6DA, 0xC6FB, 0xC6DA, 0xC638, 0xC6DB,
    0xC6DB, 0xC6DA, 0xBEBA, 0xC6DA, 0xC6DA, 0xC6DB, 0xC6DA, 0xC6FB, 0xC6FB, 0xD6BA, 0xC6DA, 0xC6DA,
    0xC6DA, 0xC6DA, 0xC6DA, 0xC6DA, 0xBEDA, 0xC6FB, 0xC6DA, 0x9D95, 0xBEBA, 0xC6FB, 0xC6DA, 0xC6DB,
    0xC6FB, 0xC6DA, 0xC6DA, 0xC6DA, 0xC6DA, 0xC6DA, 0xCE58, 0xC6FB, 0xC6DA, 0xC6DA, 0xC6DB, 0xC6DA,
    0xC6DA, 0xC6FB, 0xC6FB, 0xC6DA, 0xBEBA, 0xD6DA, 0xC6DB, 0xCEFB, 0xC6FB, 0xCEFB, 0xC6FB, 0xC6FB,
    0xC6FB, 0xC6DB, 0xCEFB, 0xA5B6, 0xB659, 0xC6FB, 0xC6DB, 0xC6FB, 0xC6FB, 0xC6DB, 0xC6DA, 0xC6FB,
    0xC6DA, 0xC6DA, 0xD699, 0xCF1B, 0xC6FB, 0xC6DA, 0xC6DA, 0xC6FB, 0xCF1B, 0xC6FB, 0xC6FB, 0xC6FB,
    0xC6DA, 0xD6B9, 0xC6FB, 0xC6DB, 0xC6FB, 0xC6FB, 0xCEFB, 0xC6FB, 0xC6DA, 0xBEDA, 0xC6DA, 0x9D95,
    0xAE38, 0xC6DB, 0xC6FB, 0xC6FB, 0xC6DA, 0xBEDA, 0xBEDA, 0xBEDA, 0xBEBA, 0xBEBA, 0xCE99, 0xCF1B,
    0xC6DA, 0xC6DA, 0xC6DA, 0xC6DB, 0xC6FA, 0xC6DA, 0xBEDA, 0xBEDA, 0xBEBA, 0xD6B9, 0xC6DA, 0xBEDA,
    0xC6DA, 0xC6DA, 0xBEDA, 0xC6DA, 0xC6DA, 0xC6DA, 0xC6DA, 0xAE17, 0xAE58, 0xB678, 0xB679, 0xB679,
    0xB679, 0xB679, 0xAE78, 0xAE58, 0xB659, 0xAE58, 0xCE78, 0xAE58, 0xAE58, 0xB658, 0xAE78, 0xAE79,
    0xB679, 0xB679, 0xB679, 0xB679, 0xAE58, 0xD6DA, 0xB679, 0xAE58, 0xAE58, 0xB678, 0xB679, 0xB679,
    0xB679, 0xB679, 0xB679, 0x9D95, 0xAE58, 0xB679, 0xB679, 0xAE79, 0xB679, 0xAE79, 0xAE58, 0xAE78,
    0xAE58, 0xAE58, 0xCE79, 0xB679, 0xB679, 0xB679, 0xB679, 0xB659, 0xB679, 0xB679, 0xB679, 0xB679,
    0xB679, 0xDEFA, 0xAE78, 0xB679, 0xB679, 0xB679, 0xB679, 0xB679, 0xB679, 0xB679, 0xB679, 0x9DB6,
    0xAE38, 0xB679, 0xB679, 0xB679, 0xB699, 0xB679, 0xB679, 0xB679, 0xB679, 0xB679, 0xD6B9, 0xB679,
    0xB699, 0xB679, 0xB679, 0xB679, 0xB699, 0xB679, 0xB679, 0xB699, 0xAE58, 0xDEDA, 0xB679, 0xB679,
    0xB679, 0xAE78, 0xB679, 0xB679, 0xB679, 0xB679, 0xAE78, 0x9DB6, 0xAE18, 0xB679, 0xAE79, 0xAE58,
    0xAE78, 0xAE79, 0xAE78, 0xAE78, 0xAE78, 0xB678, 0xD699, 0xCEFA, 0xAE58, 0xAE58, 0xAE58, 0xAE58,
    0xB678, 0xB679, 0xB679, 0xB679, 0xAE58, 0xD6DA, 0xAE58, 0xAE58, 0xAE58, 0xAE58, 0xAE58, 0xAE58,
    0xB678, 0xAE58, 0xB679, 0x9DD6, 0xAE58, 0xB678, 0xB679, 0xB679, 0xAE78, 0xB679, 0xAE58, 0xB679,
    0xAE58, 0xB679, 0xCE79, 0xAE78, 0xAE58, 0xAE58, 0xAE58, 0xB678, 0xB659, 0xB679, 0xB679, 0xB679,
    0xAE58, 0xD6DA, 0xAE58, 0xB658, 0xAE58, 0xB679, 0xB678, 0xB679, 0xB699, 0xB679, 0xB679, 0x9DB6,
    0xAE59, 0xB679, 0xB679, 0xB679, 0xAE79, 0xAE58, 0xAE58, 0xAE59, 0xAE58, 0xBEBA, 0xD6BA, 0xB679,
    0xB679, 0xB679, 0xB659, 0xB658, 0xB679, 0xB679, 0xB679, 0xB679, 0xB679, 0xDEDA, 0xAE78, 0xAE79,
    0xB679, 0xB679, 0xB679, 0xB699, 0xB679, 0xB679, 0xB679, 0x9DB6, 0xAE38, 0xB679, 0xE77C, 0xCEDA,
    0xDF1A, 0xB679, 0xB679, 0xB679, 0xB679, 0xB679, 0xD6B9, 0xB699, 0xB699, 0xB679, 0xC6DA, 0xD71B,
    0xB679, 0xB679, 0xB679, 0xB679, 0xAE58, 0xDEBA, 0xB679, 0xB679, 0xB658, 0xAE58, 0xB678, 0xAE79,
    0xB679, 0xB679, 0xB679, 0x95B6, 0xAE38, 0xB699, 0xAE78, 0xAE58, 0xAE78, 0xAE79, 0xAE58, 0xAE78,
    0xAE78, 0xB679, 0xE71B, 0xCEDA, 0xAE58, 0xAE78, 0xB679, 0xAE58, 0xAE58, 0xB679, 0xB679, 0xB679,
    0xAE58, 0xD6BA, 0xAE58, 0xAE58, 0xAE58, 0xAE58, 0xAE58, 0xAE58, 0xAE58, 0xAE58, 0xB659, 0x95B6,
    0xAE58, 0xB658, 0xB679, 0xB679, 0xB679, 0xAE58, 0xAE58, 0xAE58, 0xB679, 0xB679, 0xD699, 0xAE58,
    0xAE78, 0xAE58, 0xAE58, 0xAE58, 0xAE58, 0xAE58, 0xB678, 0xB679, 0xBE99, 0xDEDA, 0xB658, 0xAE58,
    0xB678, 0xAE58, 0xAE78, 0xB679, 0xB679, 0xB679, 0xB679, 0x9DB5, 0xAE58, 0xB679, 0xB679, 0xB679,
    0xB679, 0xAE58, 0xAE58, 0xAE58, 0xAE58, 0xBEBA, 0xD6B9, 0xB679, 0xB679, 0xB679, 0xAE79, 0xB658,
    0xAE58, 0xB679, 0xB679, 0xAE59, 0xB679, 0xDEFA, 0xAE79, 0xB679, 0xB679, 0xB679, 0xB679, 0xB679,
    0xB679, 0xB679, 0xB679, 0x9DB6, 0xAE38, 0xB679, 0xF7BC, 0xE77C, 0xB658, 0xB679, 0xB679, 0xAE58,
    0xB679, 0xB679, 0xDEDA, 0xB699, 0xB699, 0xBEB9, 0xB679, 0xB679, 0xB679, 0xB699, 0xB699, 0xB679,
    0xAE58, 0xD6BA, 0xB679, 0xB679, 0xAE79, 0xB679, 0xAE79, 0xB679, 0xAE79, 0xB679, 0xB679, 0x95B6,
    0xA638, 0xB699, 0xB679, 0xAE59, 0xAE78, 0xAE58, 0xAE79, 0xAE58, 0xB679, 0xB679, 0xDEDA, 0xC6DA,
    0xAE58, 0xB678, 0xB679, 0xAE58, 0xAE79, 0xB679, 0xB679, 0xAE58, 0xAE58, 0xD6BA, 0xAE58, 0xAE58,
    0xAE58, 0xAE58, 0xAE58, 0xAE58, 0xAE58, 0xAE58, 0xAE58, 0x95B6, 0xAE38, 0xB658, 0xAE58, 0xB658,
    0xAE58, 0xAE58, 0xAE58, 0xAE58, 0xAE58, 0xAE58, 0xCE58, 0xAE58, 0xAE58, 0xAE58, 0xAE58, 0xAE78,
    0xAE59, 0xAE58, 0xB658, 0xB659, 0xC6BA, 0xD6DA, 0xAE58, 0xAE58, 0xAE58, 0xAE58, 0xB678, 0xB679,
    0xB679, 0xB679, 0xB679, 0x9D95, 0xAE38, 0xB678, 0xB658, 0xB679, 0xB679, 0xAE78, 0xAE58, 0xAE58,
    0xB679, 0xBEB9, 0xD699, 0xB679, 0xB679, 0xAE78, 0xB659, 0xAE79, 0xB679, 0xB679, 0xB679, 0xB679,
    0xB679, 0xDEFA, 0xB678, 0xB679, 0xAE79, 0xB679, 0xB679, 0xB679, 0xB679, 0xB679, 0xB679, 0x9595,
    0xA618, 0xB679, 0xB679, 0xB679, 0xD71A, 0xE77C, 0xB679, 0xB679, 0xB679, 0xB679, 0xD699, 0xB679,
    0xB699, 0xB679, 0xB679, 0xCF1A, 0xB679, 0xB679, 0xB699, 0xB679, 0xB678, 0xDEDA, 0xB679, 0xB679,
    0xB658, 0xB679, 0xAE78, 0xAE79, 0xB679, 0xB679, 0xB679, 0x9DB6, 0xA638, 0xB678, 0xB679, 0xB678,
    0xAE58, 0xAE59, 0xAE58, 0xAE59, 0xAE58, 0xB658, 0xD699, 0xBEBA, 0xAE58, 0xAE78, 0xB679, 0xAE58,
    0xAE58, 0xAE58, 0xAE78, 0xB678, 0xAE58, 0xD6B9, 0xAE58, 0xAE58, 0xAE58, 0xAE58, 0xAE58, 0xAE58,
    0xAE58, 0xAE58, 0xAE58, 0x95B6, 0xA638, 0xAE58, 0xAE58, 0xAE58, 0xAE58, 0xAE58, 0xAE58, 0xAE58,
    0xAE58, 0xAE58, 0xD6B9, 0xAE58, 0xAE58, 0xAE58, 0xAE58, 0xB679, 0xAE58, 0xAE78, 0xAE58, 0xAE58,
    0xAE38, 0xD6BA, 0xAE58, 0xAE58, 0xAE58, 0xAE58, 0xB658, 0xAE78, 0xAE78, 0xB679, 0xB678, 0x9D95,
    0xAE38, 0xB678, 0xB679, 0xB679, 0xB679, 0xAE79, 0xAE58, 0xAE58, 0xAE58, 0xAE58, 0xCE79, 0xAE58,
    0xAE58, 0xAE78, 0xAE79, 0xAE79, 0xAE79, 0xB679, 0xB679, 0xAE79, 0xB678, 0xDEFB, 0xAE79, 0xB679,
    0xB679, 0xB679, 0xB679, 0xB679, 0xAE78, 0xAE58, 0xAE78, 0x9595, 0xAE38, 0xB678, 0xAE58, 0xAE78,
    0xB679, 0xDF3B, 0xB679, 0xB679, 0xB679, 0xB678, 0xD699, 0xAE78, 0xB678, 0xB679, 0xB679, 0xB679,
    0xAE78, 0xB679, 0xB679, 0xAE78, 0xAE58, 0xD6B9, 0xAE58, 0xAE58, 0xAE58, 0xAE58, 0xB699, 0xB678,
    0xAE79, 0xAE78, 0xB678, 0x9DD6, 0x9DD7, 0xAE58, 0xAE58, 0xAE58, 0xAE78, 0xAE58, 0xAE58, 0xAE58,
    0xAE58, 0xB679, 0xDEDA, 0xAE38, 0xAE58, 0xAE58, 0xAE59, 0xAE58, 0xAE58, 0xAE58, 0xAE58, 0xAE58,
    0xAE58, 0xD6BA, 0xAE58, 0xAE58, 0xAE38, 0xAE58, 0xAE58, 0xAE38, 0xAE58, 0xAE58, 0xAE58, 0x95B6,
    0xAE58, 0xAE58, 0xAE58, 0xAE58, 0xAE38, 0xAE38, 0xAE58, 0xAE58, 0xAE38, 0xAE58, 0xD699, 0xAE58,
    0xAE58, 0xAE58, 0xAE58, 0xAE58, 0xAE59, 0xAE58, 0xAE58, 0xAE58, 0xAE38, 0xDEFA, 0xAE58, 0xAE58,
    0xAE58, 0xAE58, 0xAE58, 0xB658, 0xB658, 0xAE58, 0xAE78, 0x9D95, 0xAE38, 0xB679, 0xB658, 0xAE58,
    0xAE58, 0xB679, 0xAE58, 0xAE58, 0xAE58, 0xAE58, 0xD6B9, 0xB679, 0xAE58, 0xAE58, 0xAE58, 0xAE58,
    0xAE58, 0xB678, 0xB678, 0xB658, 0xB659, 0xDEDB, 0xAE58, 0xAE78, 0xB679, 0xAE78, 0xAE78, 0xB678,
    0xB658, 0xAE58, 0xAE58, 0x9DB6, 0xA617, 0xAE58, 0xB679, 0xAE78, 0xB679, 0xB679, 0xB679, 0xB679,
    0xAE59, 0xB678, 0xD699, 0xAE58, 0xAE58, 0xB679, 0xAE58, 0xAE58, 0xB679, 0xB678, 0xB678, 0xAE58,
    0xB678, 0xD6BA, 0xAE58, 0xAE58, 0xAE58, 0xAE58, 0xAE58, 0xB678, 0xB678, 0xAE58, 0xAE58, 0x9DB6,
    0xA5F7, 0xAE38, 0xAE58, 0xAE58, 0xAE58, 0xAE58, 0xAE58, 0xAE58, 0xAE58, 0xAE58, 0xDEBA, 0xAE58,
    0xAE58, 0xAE38, 0xAE58, 0xAE58, 0xAE58, 0xAE58, 0xAE58, 0xAE58, 0xAE58, 0xD699, 0xAE38, 0xAE38,
    0xAE38, 0xAE38, 0xAE58, 0xAE38, 0xAE58, 0xAE38, 0xAE58, 0x9DD6, 0xA638, 0xAE38, 0xAE38, 0xAE38,
    0xAE38, 0xAE38, 0xAE38, 0xAE38, 0xAE38, 0xAE58, 0xCE78, 0xAE58, 0xAE58, 0xAE38, 0xAE58, 0xAE58,
    0xAE58, 0xAE58, 0xAE58, 0xAE58, 0xAE38, 0xDEDA, 0xAE38, 0xAE38, 0xAE38, 0xAE58, 0xAE58, 0xAE58,
    0xAE58, 0xAE58, 0xAE58, 0x9575, 0xAE38, 0xB678, 0xAE58, 0xAE58, 0xAE58, 0xB658, 0xAE58, 0xAE58,
    0xAE58, 0xAE58, 0xD6BA, 0xAE58, 0xAE58, 0xAE58, 0xAE38, 0xAE38, 0xAE58, 0xAE58, 0xAE58, 0xAE58,
    0xAE58, 0xDEFB, 0xAE58, 0xAE58, 0xAE58, 0xAE58, 0xAE58, 0xAE58, 0xAE58, 0xAE58, 0xB678, 0x9575,
    0xA5F7, 0xAE58, 0xAE58, 0xAE58, 0xAE58, 0xAE58, 0xB679, 0xB679, 0xAE58, 0xAE58, 0xD69A, 0xAE58,
    0xAE58, 0xAE58, 0xAE58, 0xAE78, 0xB678, 0xAE58, 0xAE58, 0xAE58, 0xB658, 0xCE79, 0xAE38, 0xAE58,
    0xAE58, 0xAE58, 0xAE58, 0xAE58, 0xAE58, 0xAE58, 0xAE58, 0x9595, 0xA5F7, 0xAE58, 0xAE38, 0xAE38,
    0xAE38, 0xAE38, 0xAE58, 0xAE58, 0xAE58, 0xAE58, 0xD6B9, 0xAE58, 0xAE38, 0xA638, 0xAE38, 0xAE58,
    0xAE58, 0xAE58, 0xAE58, 0xAE38, 0xAE58, 0xD699, 0xAE58, 0xAE37, 0xAE38, 0xAE37, 0xAE38, 0xAE38,
    0xA637, 0xAE38, 0xAE38, 0x9DD6, 0xA638, 0xAE38, 0xAE38, 0xAE38, 0xAE38, 0xAE38, 0xA637, 0xA638,
    0xAE38, 0xAE58, 0xCE78, 0xB658, 0xAE58, 0xAE58, 0xAE58, 0xAE58, 0xAE58, 0xAE58, 0xB678, 0xB678,
    0xAE58, 0xDEFA, 0xAE38, 0xAE37, 0xAE38, 0xAE58, 0xAE38, 0xAE58, 0xAE58, 0xAE58, 0xAE58, 0x9575,
    0xAE58, 0xB679, 0xB679, 0xAE58, 0xAE58, 0xAE58, 0xAE58, 0xAE58, 0xAE58, 0xAE58, 0xCE78, 0xAE58,
    0xAE58, 0xAE58, 0xAE58, 0xAE58, 0xAE58, 0xAE58, 0xAE58, 0xAE58, 0xAE58, 0xDEFB, 0xAE58, 0xAE58,
    0xAE58, 0xAE58, 0xAE58, 0xAE58, 0xAE58, 0xAE58, 0xB679, 0x9595, 0xAE17, 0xAE58, 0xAE58, 0xAE58,
    0xAE58, 0xAE78, 0xB679, 0xAE78, 0xB679, 0xB699, 0xCE78, 0xAE78, 0xAE58, 0xAE58, 0xAE58, 0xAE58,
    0xB679, 0xAE58, 0xAE58, 0xB679, 0xAE58, 0xDEFB, 0xAE58, 0xAE38, 0xAE38, 0xAE58, 0xAE58, 0xAE58,
    0xAE58, 0xAE58, 0xAE58, 0x9DB6, 0xA5F7, 0xAE58, 0xAE58, 0xAE38, 0xAE38, 0xAE58, 0xAE38, 0xAE58,
    0xAE58, 0xB659, 0xD699, 0xAE58, 0xAE38, 0xAE38, 0xAE58, 0xAE58, 0xAE58, 0xAE38, 0xAE38, 0xAE58,
    0xAE58, 0xDEB9, 0xA638, 0xAE38, 0xAE38, 0xAE38, 0xAE58, 0xA638, 0xAE38, 0xA637, 0xAE38, 0x9DD6,
    0xA617, 0xAE38, 0xAE38, 0xAE38, 0xAE38, 0xAE38, 0xAE38, 0xAE38, 0xAE38, 0xAE38, 0xCE79, 0xB679,
    0xAE58, 0xAE58, 0xAE58, 0xAE58, 0xAE58, 0xAE58, 0xAE58, 0xB678, 0xAE38, 0xD6DA, 0xAE38, 0xAE38,
    0xAE38, 0xAE58, 0xAE58, 0xAE38, 0xAE58, 0xAE58, 0xAE58, 0x9575, 0xAE38, 0xB678, 0xB678, 0xAE58,
    0xAE58, 0xAE58, 0xAE58, 0xAE58, 0xAE58, 0xAE58, 0xCE78, 0xAE58, 0xAE58, 0xAE58, 0xAE58, 0xAE58,
    0xAE58, 0xAE58, 0xAE58, 0xAE78, 0xAE38, 0xDEDA, 0xAE58, 0xAE58, 0xAE58, 0xAE58, 0xAE58, 0xAE58,
    0xAE58, 0xAE58, 0xB678, 0x9DB5, 0xA618, 0xAE58, 0xAE58, 0xAE58, 0xAE58, 0xAE58, 0xAE58, 0xB679,
    0xBEB9, 0xB679, 0xCE58, 0xB679, 0xB679, 0xAE79, 0xAE58, 0xAE58, 0xAE58, 0xAE58, 0xAE58, 0xB679,
    0xAE58, 0xD6B9, 0xAE58, 0xAE58, 0xAE58, 0xAE58, 0xAE58, 0xAE58, 0xAE58, 0xAE58, 0xAE78, 0x9DB6,
    0x9DF7, 0xAE58, 0xAE38, 0xAE58, 0xAE58, 0xAE58, 0xAE38, 0xAE58, 0xAE58, 0xAE58, 0xD6B9, 0xAE58,
    0xAE58, 0xAE58, 0xAE58, 0xAE58, 0xAE58, 0xAE58, 0xAE58, 0xAE58, 0xAE38, 0xD6BA, 0xA638, 0xAE38,
    0xAE58, 0xAE38, 0xAE38, 0xA637, 0xAE38, 0xAE38, 0xAE38, 0x9DB6, 0xBDF6, 0xC617, 0xC617, 0xCE78,
    0xD699, 0xCE58, 0xCE78, 0xCE78, 0xD699, 0xC617, 0xCE58, 0xC637, 0xC658, 0xCE58, 0xD679, 0xC638,
    0xCE79, 0xBE17, 0xC658, 0xC637, 0xBDF7, 0xBDF6, 0xC638, 0xC638, 0xCE78, 0xCE78, 0xD699, 0xCE78,
    0xC637, 0xCE78, 0xC638, 0xB5D6, 0xB5B5, 0xC637, 0xCE58, 0xD699, 0xD699, 0xD699, 0xCE58, 0xCE78,
    0xC658, 0xC637, 0xC637, 0xCE58, 0xCE78, 0xCE79, 0xCE58, 0xD699, 0xD6B9, 0xD699, 0xD6B9, 0xCE99,
    0xBDF7, 0xC638, 0xC637, 0xC638, 0xD6B9, 0xCE78, 0xCE78, 0xD678, 0xCE79, 0xC617, 0xC637, 0xBE17,
    0xBE17, 0xC637, 0xCE58, 0xCE78, 0xCE79, 0xCE58, 0xC638, 0xCE78, 0xCE58, 0xBDF6, 0xCE58, 0xC637,
    0xC658, 0xC617, 0xCE78, 0xCE78, 0xCE78, 0xCE78, 0xCE78, 0xC617, 0xC617, 0xBE17, 0xCE58, 0xCE79,
    0xD699, 0xCE99, 0xD699, 0xCE79, 0xCE79, 0xCE58, 0xC658, 0xB5D6, 0xBDF6, 0xCE58, 0xC638, 0xCE78,
    0xCE99, 0xC638, 0xCE58, 0xCE78, 0xCE58, 0xC617, 0xBE16, 0xC658, 0xC637, 0xCE58, 0xCE79, 0xD699,
    0xCE79, 0xCE78, 0xCE78, 0xC658, 0xCE58, 0xC638, 0xC637, 0xD699, 0xCE78, 0xC637, 0xC637, 0xC637,
    0xC637, 0xC617, 0xC617, 0xBDD6, 0xAE58, 0xB679, 0xAE79, 0xB679, 0xB679, 0xB699, 0xB679, 0xB699,
    0xB699, 0xAE79, 0xD6B9, 0xB679, 0xB679, 0xB679, 0xB679, 0xB679, 0xB679, 0xB679, 0xB679, 0xB679,
    0xAE38, 0xDEDA, 0xBE99, 0xB699, 0xB699, 0xB699, 0xB699, 0xB699, 0xB679, 0xB679, 0xB679, 0x9DB6,
    0xAE59, 0xB699, 0xBEBA, 0xBEBA, 0xB679, 0xB699, 0xB679, 0xB699, 0xB699, 0xB699, 0xDEB9, 0xB699,
    0xBE9A, 0xB699, 0xB699, 0xB699, 0xB69A, 0xB699, 0xB699, 0xB699, 0xAE58, 0xDEFB, 0xB699, 0xB699,
    0xBE9A, 0xB69A, 0xB69A, 0xB69A, 0xB69A, 0xB679, 0xB679, 0x9DD6, 0xAE58, 0xB699, 0xB699, 0xBEBA,
    0xB699, 0xB699, 0xB699, 0xB699, 0xB699, 0xB699, 0xD6B9, 0xB679, 0xB699, 0xB69A, 0xB69A, 0xB699,
    0xB699, 0xB699, 0xB699, 0xB699, 0xAE79, 0xD6BA, 0xBE9A, 0xB699, 0xBEBA, 0xB6BA, 0xB679, 0xB679,
    0xB679, 0xB699, 0xB679, 0x95B6, 0xA618, 0xB699, 0xB699, 0xB699, 0xB679, 0xB679, 0xB679, 0xB699,
    0xB699, 0xB699, 0xD699, 0xBEBA, 0xB699, 0xB699, 0xB699, 0xB699, 0xB679, 0xB679, 0xB679, 0xB699,
    0xAE58, 0xD6BA, 0xB679, 0xB679, 0xB679, 0xB679, 0xB679, 0xB699, 0xB679, 0xB699, 0xB679, 0x9DB6,
    0xAE58, 0xAE58, 0xAE58, 0xAE58, 0xAE58, 0xB679, 0xB679, 0xB679, 0xB679, 0xB679, 0xD699, 0xAE79,
    0xAE58, 0xB679, 0xAE58, 0xB679, 0xB679, 0xB679, 0xB679, 0xB679, 0xAE38, 0xDEFB, 0xB679, 0xB679,
    0xB699, 0xB679, 0xB679, 0xB679, 0xB679, 0xB679, 0xB679, 0xA5D6, 0xAE59, 0xB679, 0xBEB9, 0xBE99,
    0xB699, 0xB679, 0xB679, 0xB679, 0xB679, 0xB679, 0xDEDA, 0xB679, 0xB699, 0xB679, 0xB699, 0xB699,
    0xB679, 0xB679, 0xB699, 0xB679, 0xAE58, 0xDEDA, 0xB679, 0xB679, 0xB679, 0xB679, 0xB679, 0xB679,
    0xB679, 0xB679, 0xB679, 0x9DB6, 0xAE58, 0xB679, 0xB679, 0xB699, 0xB699, 0xB699, 0xB699, 0xB679,
    0xB679, 0xB679, 0xD699, 0xB679, 0xB679, 0xB679, 0xB679, 0xB679, 0xB679, 0xB699, 0xB679, 0xB699,
    0xB679, 0xDEDA, 0xB699, 0xB699, 0xB679, 0xB699, 0xB679, 0xAE58, 0xB679, 0xB679, 0xB679, 0x9DF7,
    0xA617, 0xB679, 0xAE78, 0xAE79, 0xAE79, 0xAE79, 0xB679, 0xB679, 0xB679, 0xB679, 0xDEDA, 0xB679,
    0xB679, 0xB679, 0xB679, 0xB679, 0xB679, 0xAE58, 0xB678, 0xAE58, 0xAE58, 0xD6B9, 0xB659, 0xB678,
    0xB679, 0xB658, 0xB679, 0xB679, 0xB679, 0xB679, 0xB679, 0x9DD6, 0xAE58, 0xAE58, 0xAE58, 0xAE58,
    0xAE58, 0xB678, 0xB679, 0xAE78, 0xB679, 0xB679, 0xD699, 0xAE59, 0xB679, 0xB679, 0xAE78, 0xAE58,
    0xAE79, 0xB679, 0xB679, 0xB679, 0xAE38, 0xDEFA, 0xB679, 0xB679, 0xB679, 0xB679, 0xB679, 0xB679,
    0xAE79, 0xAE79, 0xAE78, 0xA5B6, 0xB679, 0xB679, 0xB699, 0xBEB9, 0xB699, 0xB679, 0xB679, 0xB679,
    0xB679, 0xB679, 0xD6BA, 0xB699, 0xB679, 0xB679, 0xB679, 0xB679, 0xB679, 0xB679, 0xB679, 0xB679,
    0xAE58, 0xE71B, 0xB679, 0xB679, 0xB679, 0xB679, 0xB679, 0xB679, 0xB679, 0xB679, 0xB679, 0x9D95,
    0xAE38, 0xB679, 0xB679, 0xB699, 0xB699, 0xB699, 0xB679, 0xB679, 0xB679, 0xB679, 0xD699, 0xB679,
    0xB679, 0xB679, 0xB679, 0xB679, 0xB679, 0xB679, 0xB679, 0xB679, 0xB679, 0xD6B9, 0xB679, 0xB679,
    0xB679, 0xB679, 0xB679, 0xB679, 0xAE79, 0xAE78, 0xAE79, 0x9DD6, 0xAE18, 0xAE58, 0xAE58, 0xAE79,
    0xAE79, 0xB679, 0xB679, 0xB679, 0xB679, 0xB679, 0xDEDA, 0xB679, 0xB679, 0xB679, 0xB679, 0xB679,
    0xAE58, 0xAE58, 0xAE58, 0xB679, 0xAE58, 0xD6B9, 0xB679, 0xB679, 0xAE58, 0xAE59, 0xB658, 0xB659,
    0xB679, 0xB679, 0xB679, 0x9DD6, 0xAE58, 0xAE58, 0xAE58, 0xAE58, 0xAE58, 0xAE58, 0xAE58, 0xB679,
    0xB679, 0xB679, 0xD679, 0xB679, 0xB678, 0xB679, 0xAE78, 0xB679, 0xB679, 0xAE78, 0xB679, 0xB679,
    0xAE38, 0xDEDA, 0xB679, 0xB679, 0xB679, 0xAE79, 0xB679, 0xB678, 0xAE79, 0xB679, 0xB679, 0xA5B6,
    0xAE58, 0xAE79, 0xB699, 0xBE99, 0xB679, 0xB679, 0xAE78, 0xB679, 0xB679, 0xB679, 0xD699, 0xB699,
    0xB679, 0xB679, 0xB679, 0xB679, 0xB679, 0xB679, 0xB679, 0xB699, 0xB678, 0xE6FB, 0xB679, 0xB679,
    0xB679, 0xB679, 0xB679, 0xB679, 0xB679, 0xB679, 0xB679, 0x9DB6, 0xAE38, 0xB679, 0xB679, 0xB679,
    0xB679, 0xB679, 0xB679, 0xB679, 0xB679, 0xB679, 0xD6BA, 0xB679, 0xB679, 0xB679, 0xB679, 0xB679,
    0xB679, 0xB679, 0xB679, 0xB679, 0xB679, 0xD6B9, 0xB679, 0xB679, 0xB679, 0xB679, 0xB679, 0xAE58,
    0xB679, 0xB679, 0xB679, 0x9DD6, 0xA5F7, 0xAE58, 0xAE78, 0xB679, 0xAE58, 0xB679, 0xB679, 0xB679,
    0xB679, 0xB679, 0xDEFA, 0xB679, 0xB679, 0xB679, 0xB679, 0xB679, 0xB679, 0xAE58, 0xAE58, 0xAE58,
    0xAE58, 0xD6BA, 0xB659, 0xB678, 0xAE58, 0xAE59, 0xAE58, 0xAE58, 0xAE58, 0xB679, 0xB679, 0x9DD6,
    0xA638, 0xB658, 0xAE78, 0xAE58, 0xAE58, 0xAE58, 0xAE58, 0xAE58, 0xB658, 0xAE58, 0xCE58, 0xB679,
    0xB679, 0xB679, 0xB679, 0xB679, 0xAE78, 0xB679, 0xB679, 0xB679, 0xAE38, 0xDEDA, 0xB679, 0xB678,
    0xB679, 0xAE78, 0xB679, 0xB679, 0xB679, 0xAE78, 0xB679, 0x9DB5, 0xAE58, 0xB679, 0xB679, 0xB679,
    0xB679, 0xB679, 0xB679, 0xB679, 0xB679, 0xB679, 0xD699, 0xB679, 0xB679, 0xB679, 0xB679, 0xB679,
    0xB679, 0xB679, 0xB679, 0xB679, 0xAE58, 0xDEFB, 0xB679, 0xB679, 0xB679, 0xB679, 0xB679, 0xB679,
    0xB679, 0xB679, 0xB679, 0x9DB6, 0xAE38, 0xB679, 0xB679, 0xB679, 0xB679, 0xB679, 0xB679, 0xB679,
    0xB679, 0xB679, 0xD6DA, 0xB679, 0xB679, 0xB679, 0xAE79, 0xB679, 0xB679, 0xB679, 0xB679, 0xB699,
    0xB678, 0xD699, 0xB679, 0xB679, 0xB679, 0xAE79, 0xB679, 0xB679, 0xAE79, 0xB679, 0xB679, 0x9DD6,
    0xA617, 0xAE79, 0xAE78, 0xAE78, 0xB679, 0xAE58, 0xB679, 0xB679, 0xB679, 0xB679, 0xDEDA, 0xB679,
    0xB679, 0xB679, 0xB679, 0xB679, 0xB679, 0xB679, 0xB679, 0xAE58, 0xAE58, 0xD6BA, 0xAE58, 0xB679,
    0xAE58, 0xAE58, 0xAE58, 0xAE58, 0xAE58, 0xAE58, 0xAE58, 0x9DD6, 0xA638, 0xAE58, 0xAE58, 0xAE58,
    0xAE58, 0xAE58, 0xAE58, 0xAE78, 0xAE58, 0xAE58, 0xD699, 0xB679, 0xB679, 0xAE58, 0xB679, 0xAE79,
    0xB679, 0xB679, 0xB679, 0xB679, 0xAE38, 0xD6DA, 0xAE58, 0xB658, 0xB679, 0xB679, 0xB679, 0xAE79,
    0xAE78, 0xB679, 0xB679, 0x9DB5, 0xAE38, 0xB679, 0xB679, 0xB679, 0xAE78, 0xB679, 0xB679, 0xB679,
    0xB679, 0xB679, 0xD6B9, 0xB678, 0xB679, 0xAE78, 0xB679, 0xB679, 0xB679, 0xB679, 0xB679, 0xB679,
    0xAE58, 0xDEDA, 0xB679, 0xB679, 0xB679, 0xB679, 0xB679, 0xB679, 0xB679, 0xB679, 0xB678, 0x9DB6,
    0xA617, 0xB678, 0xB679, 0xB679, 0xB679, 0xB679, 0xB679, 0xB679, 0xB679, 0xB679, 0xD6DA, 0xB679,
    0xB679, 0xB679, 0xB679, 0xB679, 0xAE79, 0xB679, 0xB679, 0xB679, 0xB679, 0xCE79, 0xB679, 0xB679,
    0xB679, 0xB679, 0xB679, 0xAE79, 0xB679, 0xB679, 0xB679, 0x9DD6, 0xA617, 0xB679, 0xB679, 0xB679,
    0xB679, 0xB679, 0xB679, 0xAE58, 0xB679, 0xB679, 0xDEDA, 0xAE58, 0xB678, 0xB679, 0xAE59, 0xB679,
    0xB679, 0xB679, 0xB679, 0xB679, 0xAE58, 0xCE58, 0xAE58, 0xB658, 0xB679, 0xB679, 0xAE58, 0xAE78,
    0xAE58, 0xAE58, 0xAE58, 0x95B6, 0xA638, 0xAE58, 0xAE58, 0xAE58, 0xAE58, 0xAE58, 0xAE58, 0xAE58,
    0xAE58, 0xAE58, 0xCE79, 0xAE59, 0xAE58, 0xAE58, 0xAE58, 0xB679, 0xB679, 0xB679, 0xB679, 0xB679,
    0xAE58, 0xDEDA, 0xAE58, 0xB658, 0xAE58, 0xB678, 0xB678, 0xB679, 0xAE79, 0xB679, 0xAE78, 0x9D95,
    0xAE38, 0xB679, 0xB678, 0xAE58, 0xAE78, 0xB679, 0xB679, 0xB679, 0xB679, 0xB679, 0xC638, 0xB679,
    0xB658, 0xAE58, 0xAE58, 0xAE58, 0xB679, 0xB679, 0xB679, 0xB679, 0xAE59, 0xE71B, 0xB679, 0xAE58,
    0xB679, 0xB679, 0xB679, 0xB679, 0xB679, 0xB679, 0xAE78, 0xA5B6, 0xA618, 0xB658, 0xAE58, 0xAE58,
    0xB679, 0xB679, 0xB659, 0xAE78, 0xB679, 0xB679, 0xDEFA, 0xB679, 0xAE79, 0xAE58, 0xB678, 0xB679,
    0xB679, 0xB679, 0xB679, 0xB679, 0xB679, 0xD699, 0xB679, 0xB659, 0xAE58, 0xAE58, 0xB679, 0xAE78,
    0xAE58, 0xB679, 0xAE78, 0x9DD6, 0xA617, 0xB679, 0xB679, 0xB679, 0xB679, 0xB679, 0xB658, 0xAE58,
    0xB679, 0xB679, 0xDEFA, 0xAE58, 0xB658, 0xAE58, 0xAE58, 0xAE58, 0xB679, 0xB679, 0xB679, 0xB679,
    0xB679, 0xD6DA, 0xAE58, 0xB658, 0xAE58, 0xB659, 0xB678, 0xAE78, 0xAE58, 0xAE58, 0xAE58, 0x95B6,
    0xA638, 0xAE38, 0xAE58, 0xAE58, 0xAE58, 0xAE58, 0xAE38, 0xAE38, 0xAE38, 0xAE58, 0xD6DA, 0xAE58,
    0xAE58, 0xAE38, 0xAE58, 0xAE58, 0xAE78, 0xB678, 0xB679, 0xB679, 0xAE38, 0xDEFA, 0xAE38, 0xAE38,
    0xAE38, 0xAE58, 0xAE58, 0xAE58, 0xAE58, 0xAE58, 0xAE58, 0x9D95, 0xA638, 0xAE58, 0xAE58, 0xAE58,
    0xAE58, 0xAE58, 0xAE58, 0xAE58, 0xAE58, 0xB679, 0xD6B9, 0xAE58, 0xAE58, 0xAE58, 0xAE58, 0xAE58,
    0xAE58, 0xAE78, 0xAE58, 0xB678, 0xAE58, 0xDEDA, 0xAE58, 0xAE58, 0xAE58, 0xAE58, 0xAE58, 0xAE79,
    0xAE58, 0xAE58, 0xB679, 0x9DB5, 0xA617, 0xAE58, 0xAE58, 0xAE58, 0xAE58, 0xAE58, 0xAE58, 0xAE58,
    0xAE79, 0xB679, 0xD6BA, 0xAE58, 0xAE58, 0xAE58, 0xAE58, 0xB679, 0xAE58, 0xAE58, 0xAE58, 0xB678,
    0xB679, 0xDEDA, 0xAE58, 0xAE58, 0xAE58, 0xAE58, 0xAE38, 0xAE58, 0xAE58, 0xAE58, 0xAE58, 0x9DD6,
    0xA617, 0xB678, 0xB679, 0xB679, 0xB658, 0xAE58, 0xAE38, 0xAE58, 0xAE58, 0xB679, 0xDEDA, 0xAE38,
    0xAE58, 0xAE58, 0xAE38, 0xAE58, 0xB678, 0xB658, 0xB679, 0xB679, 0xAE58, 0xD6BA, 0xB659, 0xB679,
    0xAE58, 0xAE58, 0xAE38, 0xAE58, 0xAE58, 0xAE38, 0xAE58, 0x95B6, 0xA637, 0xAE58, 0xAE58, 0xAE58,
    0xB679, 0xAE38, 0xAE38, 0xAE38, 0xAE58, 0xAE58, 0xCE58, 0xAE58, 0xAE58, 0xB678, 0xAE58, 0xB678,
    0xB658, 0xAE58, 0xB679, 0xBEB9, 0xA638, 0xD6BA, 0xAE58, 0xAE38, 0xAE38, 0xAE58, 0xAE38, 0xAE38,
    0xAE58, 0xAE58, 0xAE58, 0xA5D6, 0xA638, 0xAE58, 0xAE58, 0xAE58, 0xAE78, 0xAE58, 0xAE58, 0xAE58,
    0xB679, 0xB679, 0xCE99, 0xAE58, 0xAE58, 0xAE58, 0xAE58, 0xAE58, 0xAE58, 0xAE58, 0xB679, 0xAE58,
    0xAE38, 0xDEDA, 0xAE58, 0xAE58, 0xAE58, 0xAE58, 0xB678, 0xAE58, 0xB678, 0xAE58, 0xB679, 0x9DB5,
    0x9DF7, 0xAE58, 0xAE58, 0xAE58, 0xAE58, 0xAE58, 0xAE58, 0xAE58, 0xAE59, 0xAE59, 0xD699, 0xAE58,
    0xAE58, 0xAE58, 0xAE58, 0xB679, 0xAE58, 0xAE58, 0xAE58, 0xB679, 0xB658, 0xCE99, 0xAE58, 0xAE58,
    0xAE58, 0xAE58, 0xAE58, 0xAE58, 0xAE58, 0xAE58, 0xAE58, 0x9DD6, 0xA618, 0xB679, 0xB679, 0xB679,
    0xB679, 0xAE58, 0xAE38, 0xAE58, 0xAE58, 0xAE78, 0xD6BA, 0xAE58, 0xAE58, 0xAE58, 0xAE58, 0xAE58,
    0xAE58, 0xAE58, 0xB678, 0xBEB9, 0xAE38, 0xD6BA, 0xB679, 0xB679, 0xB678, 0xAE58, 0xAE38, 0xAE38,
    0xAE38, 0xAE58, 0xAE58, 0x9DD6, 0xA617, 0xA637, 0xAE58, 0xAE58, 0xAE38, 0xA637, 0xA637, 0xA617,
    0xA617, 0xA637, 0xCE38, 0xA638, 0xAE38, 0xAE58, 0xAE58, 0xAE58, 0xAE38, 0xAE38, 0xAE38, 0xAE38,
    0xAE38, 0xCE99, 0xA617, 0xA637, 0xA637, 0xA617, 0xA617, 0xA637, 0xA638, 0xA638, 0xAE58, 0x9D75,
    0xA617, 0xAE38, 0xA638, 0xAE38, 0xA638, 0xAE38, 0xAE38, 0xAE58, 0xA638, 0xAE38, 0xCE58, 0xA617,
    0xAE38, 0xAE38, 0xAE38, 0xAE38, 0xAE38, 0xAE38, 0xAE38, 0xAE38, 0xAE38, 0xDEDA, 0xAE38, 0xAE38,
    0xAE58, 0xAE58, 0xAE58, 0xAE58, 0xAE38, 0xAE58, 0xA638, 0x9DB6, 0xA617, 0xA638, 0xAE38, 0xAE38,
    0xAE38, 0xAE38, 0xAE38, 0xAE58, 0xAE38, 0xAE38, 0xCE79, 0xAE58, 0xA638, 0xAE38, 0xAE38, 0xAE38,
    0xAE38, 0xAE38, 0xAE58, 0xAE38, 0xAE38, 0xD699, 0xA617, 0xAE38, 0xAE38, 0xAE38, 0xAE38, 0xAE38,
    0xAE37, 0xA638, 0xAE58, 0x9DB6, 0xA5F7, 0xB658, 0xAE58, 0xAE58, 0xAE58, 0xAE38, 0xA638, 0xAE38,
    0xAE38, 0xA638, 0xD699, 0xA637, 0xAE38, 0xAE38, 0xAE38, 0xAE38, 0xA638, 0xAE38, 0xAE38, 0xA638,
    0xAE58, 0xD6B9, 0xAE58, 0xAE58, 0xAE58, 0xAE38, 0xA637, 0xA617, 0xA637, 0xA637, 0xA638, 0x9DD6,
    0xD6B9, 0xD699, 0xD6B9, 0xD6BA, 0xDEDA, 0xDEDA, 0xD699, 0xCE79, 0xD6DA, 0xD699, 0xCE78, 0xDEBA,
    0xDEDA, 0xD699, 0xDEBA, 0xDEDA, 0xDEDA, 0xDEDA, 0xDEDA, 0xD6B9, 0xDEDA, 0xD699, 0xDEBA, 0xD6BA,
    0xD6BA, 0xDEDA, 0xD6BA, 0xDEFA, 0xDEDA, 0xDEDA, 0xD6B9, 0xD6B9, 0xD6BA, 0xD6B9, 0xDEFB, 0xDEDA,
    0xDEDA, 0xDEDA, 0xD6BA, 0xDEDA, 0xDEDA, 0xDEDA, 0xCE58, 0xDEDA, 0xDEBA, 0xDEDA, 0xD6BA, 0xDEDA,
    0xDEFA, 0xDEDA, 0xD699, 0xDEDA, 0xDEDA, 0xDEDA, 0xDEDA, 0xD6BA, 0xDEDA, 0xDEFA, 0xD699, 0xDEFB,
    0xDEDA, 0xDEDA, 0xDEFB, 0xD6BA, 0xDEBA, 0xDEDA, 0xD6BA, 0xDEDA, 0xDEDA, 0xDEDA, 0xD699, 0xDEFA,
    0xDEDA, 0xDEBA, 0xD6B9, 0xDEDA, 0xDEDA, 0xCE58, 0xDEBA, 0xD6BA, 0xDEDA, 0xDF1B, 0xDEDA, 0xDEDA,
    0xD6BA, 0xD699, 0xD6BA, 0xDEDA, 0xDEDA, 0xDEFA, 0xDEDA, 0xDEDA, 0xDEDA, 0xD6BA, 0xD699, 0xD6DA,
    0xDEDA, 0xDEBA, 0xDEFB, 0xDEFA, 0xDEDA, 0xE6FB, 0xDEDA, 0xDEFA, 0xDEDA, 0xDEFB, 0xCE98, 0xDEFA,
    0xDEDA, 0xDEFA, 0xD6B9, 0xDEDA, 0xDEDA, 0xD6DA, 0xD699, 0xD699, 0xD6DA, 0xD699, 0xD6B9, 0xD6B9,
    0xD6B9, 0xDEDA, 0xDEDA, 0xD699, 0xDEBA, 0xD6BA, 0xDEDA, 0xD6BA, 0xAE58, 0xB659, 0xB679, 0xB679,
    0xB679, 0xB679, 0xB679, 0xB699, 0xB679, 0xB679, 0xCE58, 0xB679, 0xB679, 0xB679, 0xB699, 0xB679,
    0xB679, 0xB679, 0xB679, 0xB679, 0xAE38, 0xDF1B, 0xB679, 0xB679, 0xB679, 0xB679, 0xB679, 0xB699,
    0xB679, 0xB699, 0xB679, 0x9DB6, 0xAE58, 0xB679, 0xB679, 0xB679, 0xB679, 0xB679, 0xB679, 0xB679,
    0xB679, 0xB679, 0xCE79, 0xB679, 0xB679, 0xB699, 0xB679, 0xB679, 0xB699, 0xB679, 0xB679, 0xB679,
    0xAE58, 0xDEFA, 0xB679, 0xB679, 0xB679, 0xB699, 0xB699, 0xB679, 0xB679, 0xB679, 0xBE99, 0xA5D6,
    0xAE38, 0xB699, 0xCEFB, 0xC6DA, 0xCEDA, 0xC6DA, 0xC6B9, 0xC6BA, 0xB679, 0xB679, 0xDEDA, 0xB679,
    0xC6B9, 0xB699, 0xB699, 0xB699, 0xB679, 0xB679, 0xB679, 0xB699, 0xB659, 0xDEDA, 0xBE79, 0xB679,
    0xB679, 0xB679, 0xAE79, 0xB679, 0xB679, 0xB679, 0xAE58, 0x9DB6, 0xA618, 0xB679, 0xB679, 0xB679,
    0xB679, 0xB699, 0xB679, 0xB679, 0xB679, 0xB699, 0xD6B9, 0xB679, 0xB679, 0xB679, 0xB679, 0xB679,
    0xB679, 0xB679, 0xB699, 0xB679, 0xB658, 0xDEDA, 0xB679, 0xB679, 0xB679, 0xB679, 0xB679, 0xAE58,
    0xB679, 0xAE58, 0xAE58, 0x95B6, 0xAE38, 0xAE58, 0xB679, 0xB679, 0xB679, 0xB679, 0xB679, 0xB699,
    0xB679, 0xB679, 0xD699, 0xB679, 0xB679, 0xB679, 0xB679, 0xB679, 0xB679, 0xB679, 0xB679, 0xB679,
    0xAE58, 0xDEDB, 0xAE78, 0xB679, 0xB679, 0xB679, 0xB679, 0xB679, 0xB699, 0xB699, 0xB699, 0xA5D6,
    0xAE58, 0xB679, 0xB679, 0xB699, 0xB699, 0xB679, 0xB679, 0xB679, 0xB679, 0xB679, 0xD6DA, 0xB699,
    0xB699, 0xB679, 0xB699, 0xB699, 0xB679, 0xB679, 0xB679, 0xB679, 0xAE58, 0xE6FB, 0xB679, 0xB679,
    0xB699, 0xB679, 0xB699, 0xB679, 0xB679, 0xB699, 0xB679, 0x9DB6, 0xAE38, 0xB699, 0xBE99, 0xBEB9,
    0xB699, 0xB699, 0xB679, 0xB699, 0xB679, 0xB679, 0xDEDA, 0xB679, 0xB679, 0xB679, 0xB679, 0xB679,
    0xB679, 0xB679, 0xB679, 0xB679, 0xAE59, 0xD699, 0xB679, 0xB679, 0xB679, 0xB679, 0xB679, 0xB679,
    0xB699, 0xB679, 0xB679, 0xA5F7, 0xAE38, 0xB679, 0xB679, 0xB679, 0xB679, 0xB679, 0xB679, 0xB679,
    0xB679, 0xB699, 0xD6BA, 0xAE79, 0xB679, 0xB679, 0xB679, 0xB679, 0xB679, 0xB679, 0xB679, 0xB679,
    0xB679, 0xD6BA, 0xB699, 0xB679, 0xB679, 0xB679, 0xB679, 0xAE59, 0xAE79, 0xAE78, 0xAE58, 0x9DB6,
    0xAE58, 0xB678, 0xB679, 0xAE59, 0xB679, 0xB679, 0xB679, 0xB679, 0xB679, 0xB699, 0xCE79, 0xB679,
    0xB679, 0xB679, 0xB679, 0xB679, 0xB679, 0xB679, 0xAE78, 0xB679, 0xAE58, 0xDEFA, 0xB679, 0xB679,
    0xB679, 0xB679, 0xB679, 0xB679, 0xB679, 0xB699, 0xB699, 0xA5D6, 0xAE58, 0xB679, 0xB699, 0xB679,
    0xB699, 0xB679, 0xB679, 0xB679, 0xB679, 0xB679, 0xD699, 0xBE99, 0xB699, 0xB699, 0xB699, 0xB679,
    0xB679, 0xB679, 0xB679, 0xB679, 0xAE58, 0xDEFB, 0xB699, 0xB679, 0xB679, 0xB679, 0xB679, 0xB679,
    0xB679, 0xB699, 0xB679, 0x9DD6, 0xAE38, 0xB699, 0xBE99, 0xBE99, 0xB699, 0xB679, 0xB699, 0xB679,
    0xB699, 0xB679, 0xD6BA, 0xB679, 0xB679, 0xB679, 0xB679, 0xB679, 0xB679, 0xB679, 0xB679, 0xB679,
    0xB679, 0xD6BA, 0xB679, 0xB679, 0xB679, 0xB679, 0xAE79, 0xB679, 0xB679, 0xB699, 0xB679, 0x9DF6,
    0xAE38, 0xB679, 0xB679, 0xB679, 0xB679, 0xB699, 0xB679, 0xB679, 0xB679, 0xB699, 0xDEDA, 0xB679,
    0xB679, 0xB679, 0xB679, 0xB679, 0xB679, 0xB679, 0xB679, 0xB679, 0xB679, 0xDEFA, 0xB679, 0xB679,
    0xB679, 0xB679, 0xB679, 0xAE78, 0xAE58, 0xAE58, 0xAE58, 0x9DD6, 0xAE58, 0xAE58, 0xB658, 0xAE79,
    0xAE78, 0xB658, 0xAE78, 0xB679, 0xB679, 0xB679, 0xD699, 0xB679, 0xB679, 0xB679, 0xB679, 0xB679,
    0xAE78, 0xAE78, 0xB679, 0xB679, 0xAE58, 0xDEFB, 0xB679, 0xB679, 0xB679, 0xB679, 0xB679, 0xB679,
    0xB679, 0xB679, 0xB699, 0xA5B6, 0xAE58, 0xB679, 0xB679, 0xB679, 0xB679, 0xB679, 0xB679, 0xB679,
    0xB679, 0xB699, 0xDEDA, 0xB699, 0xB699, 0xB699, 0xB679, 0xB679, 0xB679, 0xB679, 0xB679, 0xB679,
    0xAE58, 0xDEFB, 0xB679, 0xB679, 0xB699, 0xB679, 0xB679, 0xB679, 0xB679, 0xB679, 0xB679, 0xA5D6,
    0xAE38, 0xB679, 0xB699, 0xB699, 0xB679, 0xB699, 0xB679, 0xB679, 0xB679, 0xB679, 0xDEDA, 0xB679,
    0xB679, 0xB679, 0xB679, 0xB679, 0xB679, 0xB679, 0xB699, 0xB699, 0xB679, 0xD699, 0xB679, 0xB679,
    0xB679, 0xAE79, 0xB679, 0xB699, 0xB679, 0xB679, 0xB679, 0x9DD6, 0xA618, 0xB679, 0xB679, 0xB679,
    0xB679, 0xB679, 0xB679, 0xB679, 0xB679, 0xB679, 0xD699, 0xB679, 0xB679, 0xB679, 0xB679, 0xB679,
    0xB679, 0xB679, 0xB679, 0xB679, 0xB679, 0xDEDA, 0xB679, 0xB679, 0xB679, 0xB678, 0xAE78, 0xAE78,
    0xAE58, 0xAE58, 0xAE58, 0x9DD6, 0xA638, 0xAE58, 0xAE58, 0xAE58, 0xB679, 0xAE58, 0xAE58, 0xB679,
    0xAE79, 0xAE78, 0xD699, 0xB679, 0xB679, 0xB679, 0xB679, 0xB679, 0xB678, 0xB679, 0xB679, 0xAE79,
    0xAE38, 0xDEFA, 0xB679, 0xB679, 0xB679, 0xAE79, 0xAE79, 0xB679, 0xB679, 0xB679, 0xB679, 0x9DB6,
    0xAE38, 0xB679, 0xB679, 0xB679, 0xB679, 0xAE78, 0xB679, 0xB679, 0xB679, 0xB679, 0xD699, 0xB699,
    0xB679, 0xB699, 0xB679, 0xB679, 0xB679, 0xB679, 0xB699, 0xB679, 0xAE58, 0xDEFB, 0xB679, 0xB679,
    0xB679, 0xB679, 0xB679, 0xB679, 0xAE79, 0xB679, 0xB679, 0x9DB6, 0xA617, 0xB679, 0xBE99, 0xB699,
    0xB699, 0xB679, 0xB679, 0xB679, 0xB679, 0xB699, 0xDEDA, 0xAE79, 0xB679, 0xB679, 0xB679, 0xB679,
    0xB679, 0xB679, 0xB679, 0xB679, 0xAE79, 0xD6B9, 0xB679, 0xB679, 0xB679, 0xB679, 0xB679, 0xB679,
    0xB679, 0xB679, 0xB679, 0x9DB6, 0xA617, 0xB679, 0xB679, 0xB679, 0xB679, 0xB679, 0xAE79, 0xAE79,
    0xB679, 0xB679, 0xD699, 0xB679, 0xB679, 0xB679, 0xAE79, 0xB679, 0xAE78, 0xAE78, 0xB679, 0xAE79,
    0xB679, 0xDEFA, 0xB658, 0xAE78, 0xB679, 0xAE78, 0xB678, 0xB678, 0xB679, 0xAE78, 0xB678, 0x95B6,
    0xA638, 0xAE58, 0xAE58, 0xB658, 0xB658, 0xAE58, 0xAE58, 0xAE58, 0xAE58, 0xAE78, 0xCE79, 0xB679,
    0xB679, 0xAE79, 0xAE58, 0xB679, 0xB679, 0xB679, 0xB679, 0xB679, 0xB679, 0xD6DA, 0xB699, 0xB699,
    0xB679, 0xB679, 0xB679, 0xAE59, 0xB679, 0xB679, 0xAE79, 0x9DB6, 0xAE58, 0xB678, 0xB679, 0xB679,
    0xB679, 0xB679, 0xB679, 0xB679, 0xB699, 0xB699, 0xD699, 0xB679, 0xB679, 0xB679, 0xB679, 0xB679,
    0xB699, 0xB679, 0xB679, 0xB679, 0xAE58, 0xE71B, 0xB679, 0xB679, 0xB679, 0xB679, 0xB679, 0xB679,
    0xB679, 0xB679, 0xB679, 0xA5D6, 0xAE38, 0xB679, 0xB679, 0xB679, 0xB679, 0xB699, 0xB679, 0xB679,
    0xB679, 0xB679, 0xD699, 0xB679, 0xB699, 0xB679, 0xB679, 0xB679, 0xB679, 0xB679, 0xB679, 0xB679,
    0xAE78, 0xD699, 0xAE78, 0xB679, 0xB679, 0xB679, 0xB679, 0xB679, 0xB678, 0xB679, 0xB678, 0x9DB6,
    0xA617, 0xB679, 0xB679, 0xB679, 0xB679, 0xB679, 0xB679, 0xB679, 0xB679, 0xB679, 0xDEDA, 0xB658,
    0xB679, 0xB679, 0xAE78, 0xAE78, 0xAE59, 0xB679, 0xB679, 0xB679, 0xAE58, 0xDEDA, 0xAE58, 0xAE58,
    0xB679, 0xAE59, 0xB679, 0xB679, 0xB679, 0xB678, 0xB679, 0x9DF6, 0xA638, 0xAE38, 0xAE38, 0xAE58,
    0xAE38, 0xAE58, 0xAE58, 0xAE58, 0xAE58, 0xAE58, 0xCE78, 0xAE58, 0xAE58, 0xAE58, 0xAE58, 0xB679,
    0xB679, 0xB679, 0xB679, 0xB679, 0xB679, 0xD6B9, 0xB679, 0xB699, 0xB679, 0xB679, 0xB679, 0xB658,
    0xAE58, 0xB679, 0xB679, 0x9DB6, 0xAE38, 0xAE58, 0xB678, 0xAE78, 0xAE79, 0xB679, 0xB679, 0xB699,
    0xB699, 0xB699, 0xD699, 0xB679, 0xAE58, 0xAE58, 0xAE78, 0xB679, 0xB679, 0xB679, 0xB679, 0xB679,
    0xBEB9, 0xDEFB, 0xAE58, 0xAE58, 0xB679, 0xB658, 0xAE58, 0xAE79, 0xB679, 0xB679, 0xB679, 0x9DD6,
    0xA617, 0xB679, 0xB679, 0xB679, 0xB679, 0xB679, 0xB679, 0xB679, 0xB699, 0xBE99, 0xD6BA, 0xAE58,
    0xB679, 0xAE78, 0xB679, 0xB679, 0xB679, 0xB679, 0xB679, 0xAE79, 0xB679, 0xD6BA, 0xB679, 0xB679,
    0xAE58, 0xB679, 0xAE59, 0xB679, 0xB678, 0xB679, 0xAE58, 0x9DD6, 0xA5F7, 0xAE78, 0xAE78, 0xAE58,
    0xAE58, 0xAE78, 0xAE58, 0xAE58, 0xB678, 0xB679, 0xD699, 0xAE58, 0xAE58, 0xB658, 0xAE58, 0xAE79,
    0xAE58, 0xAE58, 0xAE58, 0xAE58, 0xAE78, 0xD6DA, 0xAE58, 0xAE58, 0xAE58, 0xAE58, 0xAE78, 0xB679,
    0xAE58, 0xB678, 0xB679, 0x9DD6, 0xA617, 0xAE58, 0xAE58, 0xAE58, 0xAE58, 0xAE58, 0xAE38, 0xAE38,
    0xAE58, 0xAE58, 0xCE58, 0xAE58, 0xAE58, 0xAE58, 0xB658, 0xB658, 0xB679, 0xB678, 0xB679, 0xBEB9,
    0xAE38, 0xD6BA, 0xB679, 0xB679, 0xB679, 0xAE78, 0xAE58, 0xAE78, 0xAE78, 0xAE58, 0xB658, 0x9D95,
    0xAE38, 0xAE58, 0xAE58, 0xB679, 0xAE58, 0xB679, 0xB679, 0xB679, 0xB679, 0xB699, 0xD6B9, 0xAE58,
    0xB678, 0xAE58, 0xAE58, 0xAE58, 0xB679, 0xB679, 0xB699, 0xBEB9, 0xAE58, 0xDEDA, 0xAE58, 0xAE79,
    0xAE58, 0xAE58, 0xAE58, 0xAE58, 0xAE58, 0xAE58, 0xB679, 0x9DB6, 0xA618, 0xB678, 0xAE58, 0xAE79,
    0xB658, 0xB679, 0xB679, 0xB699, 0xB699, 0xBE99, 0xD699, 0xAE58, 0xAE58, 0xAE58, 0xB679, 0xB679,
    0xB679, 0xAE79, 0xAE58, 0xB679, 0xB679, 0xD6B9, 0xAE58, 0xAE58, 0xAE58, 0xAE58, 0xAE58, 0xAE58,
    0xAE58, 0xB679, 0xB678, 0x9DD6, 0xA5F7, 0xAE58, 0xAE58, 0xAE58, 0xAE58, 0xAE58, 0xAE58, 0xAE58,
    0xAE58, 0xAE58, 0xD6BA, 0xAE58, 0xAE58, 0xAE58, 0xAE58, 0xAE58, 0xAE58, 0xAE58, 0xAE58, 0xAE58,
    0xAE58, 0xD6B9, 0xAE58, 0xAE58, 0xAE58, 0xAE58, 0xAE58, 0xAE58, 0xB678, 0xB679, 0xB679, 0x9DD6,
    0xA617, 0xAE38, 0xAE38, 0xAE58, 0xAE58, 0xAE58, 0xAE38, 0xAE38, 0xAE58, 0xAE58, 0xC638, 0xAE58,
    0xAE58, 0xAE58, 0xB679, 0xB679, 0xAE58, 0xAE58, 0xBE99, 0xBEB9, 0xAE38, 0xD6DA, 0xB679, 0xB679,
    0xB679, 0xB679, 0xAE78, 0xAE58, 0xAE58, 0xB658, 0xAE58, 0x9DB6, 0xA638, 0xAE58, 0xAE58, 0xB679,
    0xB679, 0xAE58, 0xB679, 0xB679, 0xB699, 0xB699, 0xD699, 0xB678, 0xAE58, 0xAE58, 0xAE58, 0xB679,
    0xB679, 0xB679, 0xB699, 0xBEB9, 0xB658, 0xD6BA, 0xAE58, 0xAE58, 0xAE78, 0xAE58, 0xAE58, 0xAE58,
    0xAE58, 0xAE79, 0xB679, 0x9DB6, 0xA638, 0xB679, 0xB658, 0xB679, 0xB679, 0xB678, 0xB679, 0xB679,
    0xBE99, 0xB699, 0xD6BA, 0xAE78, 0xAE58, 0xAE58, 0xAE79, 0xB679, 0xB679, 0xAE79, 0xB679, 0xB679,
    0xB679, 0xD6BA, 0xAE58, 0xAE58, 0xAE58, 0xAE58, 0xB679, 0xB678, 0xAE78, 0xB679, 0xAE78, 0x9DF7,
    0x9DF7, 0xB658, 0xAE58, 0xAE58, 0xAE58, 0xAE58, 0xAE58, 0xAE58, 0xAE58, 0xAE58, 0xD6BA, 0xB658,
    0xAE58, 0xAE58, 0xAE58, 0xAE58, 0xAE58, 0xAE58, 0xAE58, 0xAE58, 0xAE58, 0xCE79, 0xAE58, 0xAE58,
    0xAE58, 0xAE58, 0xAE58, 0xAE58, 0xAE58, 0xBE99, 0xBE99, 0x9DB6, 0x9575, 0x9595, 0x9DB5, 0x9DD6,
    0x9DD6, 0x9DB5, 0x9DB5, 0x9595, 0x95B5, 0x9595, 0xC617, 0x9575, 0x9595, 0x9DB6, 0x9DB6, 0x9DB6,
    0x9DB6, 0x9D95, 0x9575, 0x9595, 0x9DB6, 0xD6DA, 0x9DD6, 0x9DD6, 0x9DD6, 0x9DD6, 0x9DB5, 0x9DB5,
    0x9DB6, 0x9595, 0x9DD6, 0x9554, 0x9595, 0x95B5, 0x9DD6, 0x9DD6, 0x9DF6, 0x9DD6, 0x9DD6, 0x9DD6,
    0x9DD6, 0x9DD6, 0xCE79, 0x9595, 0x9DD6, 0x9DB6, 0x9DF6, 0x9DB6, 0x95B5, 0x9DB6, 0x9DB6, 0x9DD6,
    0x95B6, 0xD6DA, 0x9DD6, 0x95B5, 0x9DB6, 0x9DD6, 0x9595, 0x9DB6, 0x9DB6, 0x9DD6, 0x9DB6, 0x9554,
    0x9575, 0x9D95, 0x9DB6, 0x9DD6, 0x9DB6, 0x9DD6, 0x9DD6, 0x9DB6, 0x9DD6, 0x9DB6, 0xCE58, 0x9DB5,
    0x9DB6, 0x9DD6, 0x9DD6, 0x9DD6, 0x9DD6, 0x9DD6, 0x9DB6, 0x9DB6, 0x9DB6, 0xD6B9, 0x9DB5, 0x9DD6,
    0x9DF6, 0xA5D6, 0x9DD6, 0x9DD6, 0x9DB6, 0x95B5, 0x9DB6, 0x8D54, 0x9575, 0x9DB6, 0x9DD6, 0x9DB6,
    0x9DD6, 0x95B5, 0x9DB6, 0x95B5, 0x9DB6, 0x9DB6, 0xD699, 0x8D74, 0x9DB6, 0x9595, 0x9DB6, 0x95B6,
    0x9DB6, 0x9DB6, 0x9595, 0x9DD6, 0x9595, 0xCE99, 0x95B5, 0x9DB6, 0x9DD6, 0x9DD6, 0x95B5, 0x9DB6,
    0x9DB5, 0x9DB6, 0x9595, 0x9575, 0xBEDA, 0xCF1C, 0xCEFB, 0xCF1B, 0xCF1C, 0xC6FB, 0xC6FB, 0xC6FB,
    0xCEFB, 0xCF1B, 0xD699, 0xC6FB, 0xC6FB, 0xCEFB, 0xCEFB, 0xCEFB, 0xCEFB, 0xCF1C, 0xCF1B, 0xCF1C,
    0xCF1C, 0xDF1B, 0xCF1C, 0xCF1B, 0xCEFB, 0xCF1B, 0xCEFB, 0xCEFB, 0xC6FB, 0xCF1B, 0xCF1B, 0x9D96,
    0xBEDB, 0xCF1B, 0xC6FB, 0xCF1C, 0xCEFB, 0xCF1B, 0xC6FB, 0xC6FB, 0xCF1B, 0xCEFB, 0xD679, 0xCF1C,
    0xCF1B, 0xCF1B, 0xC6FB, 0xCF1B, 0xCF1B, 0xCEFB, 0xCEFB, 0xC6FB, 0xCEFC, 0xE73C, 0xCF1C, 0xCF1C,
    0xCF3C, 0xCF1C, 0xCF1C, 0xCF1C, 0xCF3C, 0xCF1C, 0xCF1C, 0xAE17, 0xBE9A, 0xCF1C, 0xCF3C, 0xCF1C,
    0xC71B, 0xCF1C, 0xCF1B, 0xCEFB, 0xCEFB, 0xC6FB, 0xDEDA, 0xC6FB, 0xC6FB, 0xCF1C, 0xCF3C, 0xCF1C,
    0xCEFB, 0xCF1C, 0xCF1B, 0xCF1C, 0xCEFB, 0xD6B9, 0xCF1C, 0xCF1B, 0xCF1C, 0xCF1B, 0xCF1B, 0xCF1B,
    0xCF1B, 0xCF1B, 0xC6FB, 0xA618, 0xAE38, 0xCF1B, 0xC71B, 0xCEFB, 0xCF1B, 0xCF1C, 0xCF1C, 0xCF1B,
    0xCF1B, 0xCEFB, 0xD699, 0xCF1B, 0xCF1B, 0xCF1C, 0xCEFB, 0xCF1B, 0xC6FB, 0xC6FB, 0xC6FB, 0xC6DB,
    0xC6DB, 0xDEDA, 0xCEFB, 0xCF1B, 0xC6FB, 0xCF1B, 0xC6FB, 0xC6FB, 0xC6DB, 0xC6FB, 0xC6FB, 0xB659,
    0xB679, 0xB679, 0xB679, 0xB679, 0xB679, 0xB678, 0xB679, 0xB679, 0xB679, 0xB679, 0xCE58, 0xB679,
    0xB679, 0xB679, 0xB679, 0xB679, 0xB679, 0xB679, 0xB699, 0xB699, 0xAE58, 0xDEFB, 0xB699, 0xBE99,
    0xB699, 0xB699, 0xB679, 0xB699, 0xB679, 0xB679, 0xAE79, 0x9DB6, 0xAE79, 0xB699, 0xB699, 0xB699,
    0xB699, 0xB699, 0xB679, 0xB679, 0xB699, 0xB699, 0xD6B9, 0xB699, 0xB699, 0xB699, 0xB699, 0xB679,
    0xB699, 0xB679, 0xB679, 0xB679, 0xAE78, 0xE71B, 0xBE99, 0xBE99, 0xB699, 0xB699, 0xB699, 0xBE99,
    0xB699, 0xB699, 0xB699, 0x9DD6, 0xAE58, 0xB699, 0xBEBA, 0xB699, 0xBE99, 0xBE99, 0xB699, 0xB699,
    0xB699, 0xB699, 0xD6BA, 0xAE79, 0xB679, 0xB699, 0xB699, 0xB699, 0xB699, 0xB699, 0xBE99, 0xB699,
    0xB679, 0xDEDA, 0xB699, 0xB699, 0xBE99, 0xB699, 0xB679, 0xB699, 0xB699, 0xB699, 0xB699, 0x9DF7,
    0xA617, 0xB679, 0xB679, 0xB679, 0xB679, 0xB679, 0xB699, 0xB699, 0xB699, 0xB699, 0xDEDA, 0xB699,
    0xB699, 0xB679, 0xB679, 0xB679, 0xB679, 0xB679, 0xB679, 0xAE79, 0xAE58, 0xD6B9, 0xB699, 0xB679,
    0xB679, 0xB679, 0xB679, 0xB679, 0xB679, 0xB679, 0xB679, 0x9DD7, 0xAE79, 0xB679, 0xB679, 0xB679,
    0xB679, 0xB679, 0xB679, 0xB679, 0xB679, 0xB679, 0xD699, 0xB679, 0xB679, 0xB679, 0xB679, 0xB679,
    0xB679, 0xB699, 0xB679, 0xB679, 0xAE58, 0xDF1B, 0xB699, 0xB699, 0xB699, 0xB699, 0xB679, 0xB679,
    0xB679, 0xB679, 0xB679, 0x9DB6, 0xAE79, 0xB699, 0xB699, 0xB699, 0xB679, 0xB699, 0xB679, 0xB679,
    0xB699, 0xB699, 0xD699, 0xB699, 0xB679, 0xB699, 0xB699, 0xB679, 0xB679, 0xB699, 0xB679, 0xB679,
    0xAE58, 0xDEFB, 0xB699, 0xB699, 0xB699, 0xB699, 0xBE99, 0xB699, 0xB699, 0xBE99, 0xBE99, 0xA5D6,
    0xAE58, 0xB699, 0xB699, 0xB699, 0xBE99, 0xB699, 0xB699, 0xB699, 0xB679, 0xB679, 0xD699, 0xB679,
    0xB679, 0xB679, 0xB699, 0xB699, 0xB699, 0xB699, 0xB699, 0xB699, 0xB679, 0xD6BA, 0xB699, 0xB699,
    0xBE99, 0xB699, 0xB679, 0xB699, 0xB699, 0xB679, 0xB699, 0xA5F7, 0xA618, 0xB679, 0xB679, 0xB679,
    0xB679, 0xB679, 0xB679, 0xB699, 0xB679, 0xB699, 0xD699, 0xB699, 0xB699, 0xB679, 0xB679, 0xB679,
    0xB679, 0xB679, 0xB679, 0xAE58, 0xAE58, 0xDEFA, 0xB679, 0xB679, 0xB679, 0xB679, 0xB679, 0xB679,
    0xB679, 0xB679, 0xB679, 0x9DD6, 0xAE79, 0xB679, 0xB679, 0xB679, 0xB679, 0xB659, 0xB678, 0xB679,
    0xB679, 0xB679, 0xCE79, 0xB679, 0xB679, 0xB679, 0xB679, 0xB679, 0xB679, 0xB679, 0xB679, 0xB679,
    0xB659, 0xDEFA, 0xB699, 0xB679, 0xB699, 0xB699, 0xB699, 0xB679, 0xB679, 0xB679, 0xB679, 0xA5D6,
    0xAE59, 0xB699, 0xB699, 0xB679, 0xB699, 0xB679, 0xB679, 0xB679, 0xB679, 0xB679, 0xD6B9, 0xB699,
    0xB699, 0xB699, 0xB679, 0xB679, 0xB679, 0xB679, 0xB679, 0xB679, 0xAE58, 0xE6FB, 0xB699, 0xB699,
    0xB699, 0xB699, 0xB699, 0xB699, 0xB699, 0xB679, 0xB699, 0xA5D6, 0xAE58, 0xB699, 0xBE99, 0xBE99,
    0xB699, 0xB699, 0xB699, 0xB699, 0xB699, 0xB679, 0xD6BA, 0xB699, 0xAE79, 0xB679, 0xB679, 0xB699,
    0xB699, 0xB699, 0xB699, 0xB699, 0xB679, 0xDEDA, 0xB699, 0xB699, 0xBE99, 0xB679, 0xB679, 0xB699,
    0xB699, 0xB699, 0xB699, 0x9DD7, 0xA617, 0xB679, 0xB679, 0xB679, 0xB679, 0xB679, 0xB679, 0xB679,
    0xB699, 0xB699, 0xD699, 0xB699, 0xB679, 0xB679, 0xB679, 0xB679, 0xB679, 0xB679, 0xB679, 0xB679,
    0xAE58, 0xD6BA, 0xB679, 0xB679, 0xB679, 0xB679, 0xB679, 0xB679, 0xB678, 0xB679, 0xB679, 0x9DF7,
    0xAE59, 0xB679, 0xB679, 0xB679, 0xAE58, 0xAE78, 0xAE58, 0xAE58, 0xB659, 0xB679, 0xD679, 0xB679,
    0xAE58, 0xB679, 0xB679, 0xB679, 0xB679, 0xB679, 0xB679, 0xB679, 0xAE58, 0xDEFB, 0xB679, 0xB679,
    0xB679, 0xB699, 0xB679, 0xB679, 0xB679, 0xB699, 0xB699, 0x9DB6, 0xAE59, 0xB679, 0xB699, 0xB699,
    0xB679, 0xB679, 0xB679, 0xB679, 0xB679, 0xB679, 0xDEDA, 0xB699, 0xB699, 0xB679, 0xB679, 0xB679,
    0xB679, 0xB679, 0xB699, 0xB699, 0xAE58, 0xE71B, 0xB699, 0xB679, 0xB699, 0xB699, 0xB699, 0xB679,
    0xB679, 0xB699, 0xB699, 0xA5D6, 0xAE38, 0xB699, 0xB699, 0xB679, 0xB679, 0xB679, 0xB679, 0xB699,
    0xB699, 0xB679, 0xD6BA, 0xB679, 0xB679, 0xB679, 0xB699, 0xB679, 0xB679, 0xB679, 0xB699, 0xB699,
    0xB679, 0xDEBA, 0xB699, 0xB699, 0xB699, 0xB679, 0xB679, 0xB679, 0xB679, 0xB679, 0xB679, 0x9DF7,
    0xA617, 0xB679, 0xB679, 0xB679, 0xB679, 0xB679, 0xB679, 0xB699, 0xB679, 0xB679, 0xD6B9, 0xB699,
    0xB699, 0xB679, 0xB679, 0xAE58, 0xB679, 0xB679, 0xB679, 0xB679, 0xAE58, 0xDEBA, 0xB679, 0xB679,
    0xB679, 0xB679, 0xB659, 0xB679, 0xAE79, 0xAE78, 0xAE79, 0x9DD6, 0xAE58, 0xB678, 0xB679, 0xAE58,
    0xAE58, 0xAE58, 0xAE58, 0xAE58, 0xAE58, 0xAE58, 0xD699, 0xB679, 0xB679, 0xB679, 0xB679, 0xB679,
    0xB679, 0xB679, 0xB679, 0xB679, 0xAE38, 0xD6DB, 0xB679, 0xB679, 0xB679, 0xB679, 0xB699, 0xB679,
    0xB679, 0xB679, 0xB679, 0xA5D6, 0xAE58, 0xB679, 0xB679, 0xB679, 0xB679, 0xB679, 0xB679, 0xB679,
    0xB679, 0xB679, 0xD6BA, 0xB679, 0xB679, 0xB679, 0xB679, 0xB679, 0xB679, 0xB679, 0xB679, 0xB679,
    0xB659, 0xDF1B, 0xB679, 0xB679, 0xB679, 0xB679, 0xB679, 0xB679, 0xB679, 0xB679, 0xB679, 0xA5D6,
    0xA617, 0xB679, 0xB679, 0xB679, 0xB679, 0xB679, 0xB679, 0xB679, 0xB679, 0xB679, 0xD6BA, 0xB699,
    0xB679, 0xB699, 0xB699, 0xB699, 0xB679, 0xB679, 0xB679, 0xB679, 0xB658, 0xD6BA, 0xB679, 0xB679,
    0xB679, 0xB679, 0xB679, 0xB679, 0xB679, 0xB679, 0xB679, 0x9DD7, 0xA618, 0xB679, 0xB679, 0xB679,
    0xB699, 0xB679, 0xB679, 0xB679, 0xB679, 0xB679, 0xCE79, 0xAE58, 0xB679, 0xAE59, 0xB679, 0xB679,
    0xB679, 0xB679, 0xB679, 0xB679, 0xAE58, 0xDEDA, 0xB679, 0xAE79, 0xAE58, 0xAE58, 0xAE58, 0xAE58,
    0xAE58, 0xB679, 0xAE58, 0x9DF7, 0xAE38, 0xB679, 0xB679, 0xB678, 0xB679, 0xAE58, 0xAE58, 0xAE58,
    0xAE58, 0xAE58, 0xD699, 0xB679, 0xB679, 0xB679, 0xB679, 0xB679, 0xB679, 0xB679, 0xB679, 0xB679,
    0xAE38, 0xDEDA, 0xB679, 0xB679, 0xB678, 0xB679, 0xB679, 0xB679, 0xB679, 0xB679, 0xB699, 0x9DB6,
    0xAE38, 0xB659, 0xB679, 0xB679, 0xB679, 0xB679, 0xB679, 0xB679, 0xB679, 0xB699, 0xCE78, 0xB679,
    0xB679, 0xB679, 0xB679, 0xB679, 0xB699, 0xB699, 0xB699, 0xB699, 0xB679, 0xDEFB, 0xB679, 0xB679,
    0xB679, 0xB679, 0xB679, 0xB679, 0xB679, 0xB679, 0xB679, 0x9DD6, 0xA617, 0xB679, 0xB679, 0xB679,
    0xB679, 0xB679, 0xB679, 0xB699, 0xB679, 0xB679, 0xDEDA, 0xB699, 0xB699, 0xB699, 0xB699, 0xB699,
    0xB679, 0xB679, 0xB679, 0xB679, 0xB679, 0xD6B9, 0xB679, 0xB679, 0xB679, 0xB679, 0xB679, 0xB679,
    0xB679, 0xB679, 0xB699, 0x9DF6, 0xAE18, 0xB679, 0xB679, 0xB679, 0xB679, 0xB679, 0xB679, 0xB679,
    0xB679, 0xB679, 0xDEDA, 0xAE58, 0xAE58, 0xB679, 0xAE58, 0xB679, 0xB679, 0xB679, 0xAE79, 0xB679,
    0xB679, 0xD6BA, 0xB679, 0xAE58, 0xAE58, 0xAE58, 0xAE58, 0xAE58, 0xAE58, 0xAE58, 0xB659, 0x9DD6,
    0xAE38, 0xAE58, 0xAE58, 0xAE58, 0xAE58, 0xAE58, 0xAE58, 0xAE58, 0xAE58, 0xAE58, 0xD699, 0xB679,
    0xB679, 0xAE78, 0xAE58, 0xAE78, 0xAE58, 0xAE78, 0xAE58, 0xAE58, 0xAE38, 0xDEFB, 0xAE58, 0xAE58,
    0xAE58, 0xB678, 0xB679, 0xB679, 0xB679, 0xB679, 0xB679, 0x9DB6, 0xAE38, 0xAE58, 0xAE58, 0xAE58,
    0xAE79, 0xB679, 0xB679, 0xB679, 0xB679, 0xBEBA, 0xCE79, 0xAE79, 0xB679, 0xB679, 0xB679, 0xB679,
    0xB679, 0xB699, 0xB679, 0xB699, 0xAE58, 0xDEFA, 0xB679, 0xAE59, 0xB679, 0xAE58, 0xB679, 0xB679,
    0xB679, 0xB679, 0xB679, 0x9DB6, 0xA617, 0xB679, 0xAE58, 0xAE58, 0xAE58, 0xB679, 0xB679, 0xB679,
    0xB679, 0xB679, 0xDEBA, 0xB679, 0xB699, 0xB699, 0xB679, 0xB679, 0xB679, 0xB679, 0xB679, 0xB679,
    0xB679, 0xD6BA, 0xB679, 0xB679, 0xB679, 0xB679, 0xB679, 0xB679, 0xB679, 0xB679, 0xB679, 0x9DD6,
    0xA617, 0xB699, 0xB679, 0xB679, 0xB679, 0xB678, 0xB679, 0xB679, 0xB679, 0xB699, 0xD6BA, 0xAE58,
    0xAE58, 0xAE58, 0xAE58, 0xAE58, 0xB679, 0xB679, 0xB679, 0xB679, 0xB679, 0xDEDA, 0xAE58, 0xAE58,
    0xAE58, 0xAE58, 0xAE38, 0xAE58, 0xAE38, 0xAE58, 0xAE58, 0x9DD6, 0xA638, 0xAE58, 0xAE58, 0xAE58,
    0xAE58, 0xAE58, 0xAE58, 0xAE58, 0xAE58, 0xAE58, 0xD699, 0xB679, 0xB679, 0xB679, 0xAE58, 0xAE58,
    0xAE58, 0xAE58, 0xAE58, 0xB679, 0xAE58, 0xDEDA, 0xAE58, 0xAE58, 0xAE78, 0xAE78, 0xAE79, 0xB679,
    0xB679, 0xB699, 0xB699, 0xA5B6, 0xA638, 0xAE58, 0xAE58, 0xAE58, 0xAE58, 0xAE79, 0xB679, 0xB699,
    0xC6BA, 0xBE99, 0xCE58, 0xB679, 0xB678, 0xB679, 0xB679, 0xB679, 0xB679, 0xB699, 0xB699, 0xBEB9,
    0xB658, 0xDEDA, 0xAE58, 0xAE58, 0xAE78, 0xAE78, 0xAE78, 0xAE78, 0xAE78, 0xB679, 0xB679, 0x9DB6,
    0xA618, 0xB679, 0xAE58, 0xAE58, 0xAE58, 0xB679, 0xAE78, 0xB679, 0xB679, 0xB679, 0xD6BA, 0xB699,
    0xB699, 0xB699, 0xB699, 0xB679, 0xAE78, 0xAE78, 0xB679, 0xB679, 0xB679, 0xDEDA, 0xB679, 0xAE58,
    0xAE79, 0xAE79, 0xAE58, 0xAE58, 0xAE58, 0xAE79, 0xB679, 0x9DD6, 0xAE38, 0xB679, 0xB679, 0xB679,
    0xB679, 0xB679, 0xB679, 0xB679, 0xB679, 0xB699, 0xD6B9, 0xAE58, 0xAE58, 0xAE58, 0xAE58, 0xAE58,
    0xAE58, 0xB678, 0xB679, 0xBE99, 0xAE58, 0xD699, 0xAE58, 0xAE58, 0xAE58, 0xAE58, 0xAE38, 0xAE58,
    0xAE58, 0xAE38, 0xAE58, 0x9DD6, 0xA638, 0xAE58, 0xAE58, 0xB678, 0xAE58, 0xAE58, 0xAE58, 0xAE58,
    0xAE58, 0xAE58, 0xCE78, 0xB679, 0xB679, 0xB678, 0xB679, 0xAE78, 0xAE58, 0xAE58, 0xAE78, 0xB679,
    0xAE38, 0xDEFB, 0xAE58, 0xAE58, 0xAE58, 0xAE58, 0xB678, 0xB679, 0xB699, 0xB699, 0xBE99, 0xA5D6,
    0xAE38, 0xAE58, 0xAE58, 0xAE58, 0xB679, 0xB678, 0xB679, 0xB679, 0xBEB9, 0xBE99, 0xD699, 0xB678,
    0xB658, 0xB679, 0xB679, 0xB679, 0xB679, 0xB679, 0xBE99, 0xBE99, 0xAE58, 0xDEDA, 0xAE58, 0xAE58,
    0xB679, 0xAE79, 0xB678, 0xB678, 0xB658, 0xB679, 0xB679, 0xA5F6, 0xA617, 0xB658, 0xB678, 0xB679,
    0xAE58, 0xB678, 0xB679, 0xB679, 0xB679, 0xB679, 0xCE79, 0xB699, 0xBE99, 0xB699, 0xB699, 0xB679,
    0xB679, 0xB679, 0xB678, 0xB679, 0xAE58, 0xDEBA, 0xAE58, 0xAE58, 0xAE58, 0xAE58, 0xAE58, 0xAE58,
    0xAE78, 0xAE58, 0xB679, 0x9DD6, 0xA617, 0xB679, 0xB679, 0xB679, 0xB679, 0xB678, 0xB678, 0xB679,
    0xB679, 0xB679, 0xD6BA, 0xAE58, 0xAE58, 0xAE58, 0xAE58, 0xAE58, 0xAE58, 0xAE58, 0xB699, 0xBEB9,
    0xAE58, 0xD6BA, 0xAE58, 0xAE58, 0xB679, 0xAE58, 0xAE58, 0xAE58, 0xAE58, 0xAE38, 0xAE58, 0x9DD6,
    0xC617, 0xCE78, 0xD699, 0xD699, 0xD6B9, 0xD6B9, 0xD699, 0xCE99, 0xD699, 0xC637, 0xC637, 0xCE78,
    0xCE78, 0xD6B9, 0xD6B9, 0xCE79, 0xCE78, 0xCE78, 0xD699, 0xCE99, 0xC617, 0xC617, 0xD699, 0xD6B9,
    0xDEB9, 0xD6DA, 0xD699, 0xDEBA, 0xD6B9, 0xD699, 0xCE99, 0xC658, 0xC638, 0xC658, 0xCE58, 0xDEBA,
    0xDEFA, 0xD6BA, 0xD6B9, 0xCE99, 0xD6B9, 0xD6B9, 0xCE58, 0xCE78, 0xCE99, 0xD6B9, 0xD6B9, 0xD699,
    0xD6B9, 0xD699, 0xD699, 0xCE58, 0xC638, 0xCE78, 0xCE78, 0xD699, 0xD6B9, 0xD6BA, 0xCE99, 0xD6B9,
    0xD699, 0xCE78, 0xD6BA, 0xC637, 0xC658, 0xD699, 0xD6B9, 0xCE79, 0xD6BA, 0xD699, 0xD6B9, 0xD6DA,
    0xD6B9, 0xCE79, 0xC617, 0xC638, 0xCE58, 0xD6B9, 0xD6B9, 0xD6B9, 0xDEDA, 0xDEDA, 0xD699, 0xCE78,
    0xCE79, 0xCE58, 0xD699, 0xD6B9, 0xD6BA, 0xD699, 0xD6B9, 0xD6BA, 0xD6BA, 0xD699, 0xCE78, 0xBE17,
    0xC658, 0xD699, 0xD6BA, 0xD6B9, 0xD6B9, 0xD6B9, 0xD699, 0xCE99, 0xD6B9, 0xCE58, 0xC637, 0xCE78,
    0xCE78, 0xD699, 0xDEDA, 0xD699, 0xCE99, 0xD6B9, 0xD699, 0xCE58, 0xCE58, 0xCE79, 0xCE78, 0xCE78,
    0xCE79, 0xD6B9, 0xD699, 0xD6B9, 0xD6B9, 0xCE79, 0xCE78, 0xC637, 0xA638, 0xB679, 0xB679, 0xB679,
    0xB679, 0xB679, 0xB679, 0xB679, 0xB699, 0xB679, 0xD699, 0xB699, 0xB699, 0xB699, 0xB699, 0xB699,
    0xB69A, 0xB699, 0xB699, 0xB699, 0xAE59, 0xD6DA, 0xBE9A, 0xB699, 0xBE99, 0xBEBA, 0xB699, 0xB699,
    0xB699, 0xB699, 0xB699, 0x9D96, 0xAE58, 0xBE9A, 0xB699, 0xBEBA, 0xBE9A, 0xB699, 0xBEBA, 0xC6DA,
    0xC6DA, 0xCEFB, 0xD699, 0xBE9A, 0xBEBA, 0xBEBA, 0xB69A, 0xB699, 0xB699, 0xBE9A, 0xB699, 0xBEBA,
    0xB679, 0xDEFA, 0xBE9A, 0xBE9A, 0xBE99, 0xB69A, 0xB699, 0xBE9A, 0xBE9A, 0xC6DA, 0xC6DA, 0xA5D6,
    0xAE38, 0xBE9A, 0xC6FA, 0xCEFA, 0xCEFA, 0xC6DA, 0xC6DA, 0xC6BA, 0xC6DA, 0xB69A, 0xDEDA, 0xB699,
    0xC6FA, 0xBEBA, 0xBEBA, 0xBEBA, 0xB699, 0xBE9A, 0xBE9A, 0xB69A, 0xB679, 0xDEDA, 0xBEDA, 0xBE9A,
    0xBE99, 0xB699, 0xB699, 0xB699, 0xB699, 0xB699, 0xB699, 0x95D6, 0xAE38, 0xBEBA, 0xBE99, 0xBE99,
    0xB699, 0xB699, 0xB699, 0xB699, 0xB6B9, 0xBE9A, 0xD6B9, 0xB679, 0xB679, 0xB699, 0xB699, 0xB699,
    0xB699, 0xB699, 0xB699, 0xB699, 0xB679, 0xD6BA, 0xBEBA, 0xBEB9, 0xBE9A, 0xB699, 0xB699, 0xB699,
    0xB679, 0xB679, 0xB679, 0x9DD6, 0xA638, 0xAE58, 0xB659, 0xB679, 0xB679, 0xB679, 0xB679, 0xB679,
    0xB679, 0xB679, 0xCE79, 0xB679, 0xB679, 0xB679, 0xB699, 0xB699, 0xB699, 0xB699, 0xB699, 0xB679,
    0xAE58, 0xDEFB, 0xB699, 0xB679, 0xB699, 0xB699, 0xB699, 0xB699, 0xB699, 0xB679, 0xB679, 0x9DB6,
    0xB679, 0xB699, 0xB699, 0xB679, 0xB679, 0xB699, 0xB679, 0xBE99, 0xBE99, 0xBE99, 0xD699, 0xB699,
    0xB699, 0xBE99, 0xB699, 0xB699, 0xB699, 0xB699, 0xB699, 0xB699, 0xB679, 0xDEFB, 0xB699, 0xB699,
    0xB699, 0xB699, 0xBE99, 0xB699, 0xB699, 0xBE99, 0xB699, 0x9DD6, 0xAE59, 0xB699, 0xBE99, 0xB699,
    0xBE99, 0xB699, 0xB699, 0xB699, 0xB699, 0xB699, 0xD6BA, 0xB679, 0xB699, 0xB699, 0xBE99, 0xB699,
    0xB699, 0xB699, 0xB679, 0xB699, 0xB679, 0xD6DA, 0xB699, 0xB699, 0xB699, 0xB699, 0xB699, 0xB699,
    0xB699, 0xB699, 0xB679, 0x9DD6, 0xAE58, 0xB699, 0xB699, 0xB699, 0xB699, 0xB679, 0xB679, 0xB699,
    0xB699, 0xB679, 0xDEFB, 0xB679, 0xB659, 0xB679, 0xB679, 0xB699, 0xB699, 0xB699, 0xB679, 0xB679,
    0xAE79, 0xDEDA, 0xB699, 0xB699, 0xB699, 0xB679, 0xB679, 0xB679, 0xB679, 0xB679, 0xB679, 0x9DD6,
    0xA638, 0xB679, 0xAE58, 0xB679, 0xAE79, 0xB679, 0xB679, 0xB679, 0xB679, 0xB699, 0xD699, 0xB679,
    0xB679, 0xB679, 0xB699, 0xB699, 0xB699, 0xB699, 0xB699, 0xB699, 0xAE58, 0xDEFB, 0xB699, 0xB699,
    0xB699, 0xB699, 0xB699, 0xB699, 0xB699, 0xB679, 0xB679, 0xA5D6, 0xAE79, 0xB679, 0xB679, 0xB679,
    0xB679, 0xB699, 0xB679, 0xB699, 0xBE99, 0xBE99, 0xCE79, 0xB699, 0xB699, 0xB679, 0xB699, 0xB699,
    0xB699, 0xB699, 0xB699, 0xB699, 0xB679, 0xDEFB, 0xB699, 0xB699, 0xBE99, 0xB699, 0xB699, 0xB699,
    0xB699, 0xB699, 0xB699, 0x9DD6, 0xAE38, 0xBE99, 0xB699, 0xB679, 0xB699, 0xB699, 0xB699, 0xB679,
    0xB699, 0xB699, 0xD6BA, 0xB679, 0xB679, 0xBE99, 0xBE99, 0xB699, 0xB699, 0xB699, 0xB679, 0xB699,
    0xB679, 0xD6BA, 0xB699, 0xB699, 0xB699, 0xB699, 0xB679, 0xB699, 0xB699, 0xB679, 0xB679, 0xA5F7,
    0xAE38, 0xB679, 0xB679, 0xB699, 0xB699, 0xB699, 0xB679, 0xB679, 0xB679, 0xB699, 0xDEFA, 0xB658,
    0xB679, 0xB679, 0xB679, 0xB679, 0xB699, 0xB679, 0xB679, 0xB679, 0xB679, 0xDEDA, 0xB679, 0xB699,
    0xB679, 0xB679, 0xB679, 0xB679, 0xB679, 0xB659, 0xB679, 0x9DD6, 0xA638, 0xAE58, 0xB679, 0xAE58,
    0xAE78, 0xB679, 0xB658, 0xB679, 0xAE78, 0xB679, 0xCE58, 0xB679, 0xB679, 0xB679, 0xB679, 0xB699,
    0xB679, 0xB699, 0xB679, 0xB699, 0xAE58, 0xDEFB, 0xB699, 0xB699, 0xB699, 0xB679, 0xB679, 0xB679,
    0xB679, 0xB679, 0xB679, 0x9DB6, 0xB679, 0xB699, 0xB699, 0xB679, 0xB679, 0xB679, 0xB699, 0xB699,
    0xB699, 0xBE99, 0xCE79, 0xB699, 0xB699, 0xB699, 0xB699, 0xB699, 0xB699, 0xB699, 0xB699, 0xB699,
    0xB679, 0xDEDB, 0xB699, 0xB699, 0xB699, 0xB699, 0xB699, 0xB699, 0xB699, 0xB699, 0xB699, 0x9DD6,
    0xAE58, 0xBE99, 0xBE99, 0xB699, 0xB679, 0xB699, 0xB679, 0xB699, 0xB699, 0xB699, 0xDEDA, 0xB679,
    0xB679, 0xB699, 0xB679, 0xB679, 0xB679, 0xB679, 0xB699, 0xB699, 0xB679, 0xD6BA, 0xB699, 0xB679,
    0xB679, 0xB679, 0xB699, 0xB679, 0xB679, 0xB679, 0xB679, 0x9DF7, 0xAE18, 0xB699, 0xB699, 0xB699,
    0xB699, 0xB679, 0xB679, 0xB679, 0xB699, 0xB699, 0xDEDA, 0xB659, 0xB679, 0xB699, 0xB679, 0xB679,
    0xB679, 0xB679, 0xB679, 0xB679, 0xB679, 0xDEBA, 0xB679, 0xB679, 0xB679, 0xB679, 0xB679, 0xB679,
    0xB679, 0xB659, 0xB679, 0x9DD7, 0xAE38, 0xB679, 0xB679, 0xB679, 0xAE78, 0xB658, 0xAE58, 0xB679,
    0xB679, 0xB679, 0xCE79, 0xB679, 0xB679, 0xB679, 0xB679, 0xBE99, 0xB679, 0xB679, 0xB679, 0xB679,
    0xAE58, 0xDEFB, 0xB679, 0xB679, 0xB679, 0xB679, 0xB679, 0xB679, 0xB679, 0xB679, 0xB679, 0xA5B6,
    0xAE58, 0xB679, 0xB699, 0xB679, 0xB699, 0xB679, 0xB679, 0xB679, 0xB699, 0xB699, 0xCE79, 0xB699,
    0xB699, 0xB679, 0xB699, 0xB679, 0xB699, 0xB699, 0xB699, 0xB699, 0xB679, 0xDEDA, 0xB699, 0xB699,
    0xB699, 0xB699, 0xB699, 0xB699, 0xB679, 0xB699, 0xB699, 0xA5D6, 0xAE59, 0xBE99, 0xB699, 0xB699,
    0xB679, 0xB679, 0xB679, 0xB699, 0xB699, 0xB699, 0xD6BA, 0xB679, 0xB679, 0xB679, 0xB679, 0xB699,
    0xB679, 0xB679, 0xB679, 0xB679, 0xB679, 0xCE99, 0xB679, 0xB679, 0xB679, 0xB699, 0xB699, 0xB679,
    0xB679, 0xB679, 0xB679, 0x9DD6, 0xA617, 0xB679, 0xB699, 0xB679, 0xB679, 0xB679, 0xB679, 0xB679,
    0xB679, 0xB699, 0xD6BA, 0xB679, 0xB679, 0xB679, 0xB679, 0xB679, 0xB679, 0xB679, 0xB679, 0xB679,
    0xAE79, 0xDEFB, 0xB679, 0xB679, 0xB679, 0xB679, 0xB679, 0xB679, 0xAE58, 0xB679, 0xB679, 0x9DD6,
    0xAE38, 0xB679, 0xB679, 0xB679, 0xB679, 0xB679, 0xAE58, 0xB658, 0xAE58, 0xAE58, 0xD699, 0xAE59,
    0xB679, 0xAE79, 0xB679, 0xB679, 0xB679, 0xB679, 0xB679, 0xB679, 0xAE58, 0xD6DA, 0xB679, 0xB679,
    0xB679, 0xB679, 0xB679, 0xB679, 0xB679, 0xB679, 0xB679, 0x9DB5, 0xAE58, 0xB699, 0xB679, 0xB679,
    0xB679, 0xB679, 0xB679, 0xB679, 0xB699, 0xB699, 0xD699, 0xB699, 0xB699, 0xB699, 0xB679, 0xB699,
    0xB679, 0xB679, 0xB699, 0xB699, 0xB679, 0xDEDA, 0xB699, 0xB699, 0xB699, 0xBE99, 0xB699, 0xB699,
    0xB699, 0xB699, 0xB679, 0xA5F7, 0xAE38, 0xB699, 0xB699, 0xB699, 0xB679, 0xB679, 0xB679, 0xB699,
    0xB699, 0xB699, 0xDEDA, 0xB679, 0xB679, 0xB679, 0xB679, 0xB679, 0xB699, 0xBE99, 0xB679, 0xB679,
    0xB679, 0xD699, 0xB679, 0xB679, 0xB679, 0xB679, 0xB699, 0xB699, 0xB679, 0xB679, 0xB679, 0xA5F7,
    0xA5F7, 0xB679, 0xB679, 0xB679, 0xB679, 0xB679, 0xB699, 0xB679, 0xB679, 0xB679, 0xD6BA, 0xB679,
    0xB679, 0xB679, 0xB679, 0xB679, 0xB679, 0xAE79, 0xB679, 0xB679, 0xB679, 0xD6BA, 0xAE58, 0xAE58,
    0xAE78, 0xB679, 0xB679, 0xAE59, 0xB679, 0xB678, 0xB679, 0x9DD7, 0xAE58, 0xB679, 0xAE58, 0xB679,
    0xB679, 0xB679, 0xAE58, 0xAE58, 0xAE58, 0xAE58, 0xCE58, 0xAE58, 0xAE58, 0xAE58, 0xAE58, 0xAE79,
    0xB679, 0xB679, 0xB679, 0xB679, 0xB679, 0xDEFB, 0xB679, 0xB658, 0xAE58, 0xB679, 0xB679, 0xB679,
    0xB679, 0xB679, 0xB679, 0xA5D6, 0xAE59, 0xB679, 0xB679, 0xB679, 0xB679, 0xB679, 0xB678, 0xB679,
    0xB699, 0xB699, 0xCE58, 0xB679, 0xB679, 0xB679, 0xB679, 0xB679, 0xB679, 0xB679, 0xB679, 0xB699,
    0xB679, 0xDEFB, 0xB679, 0xB679, 0xB679, 0xB679, 0xB699, 0xB699, 0xB699, 0xB699, 0xB699, 0xA5D6,
    0xAE38, 0xB679, 0xB679, 0xB679, 0xB679, 0xB699, 0xB679, 0xB699, 0xB699, 0xB679, 0xD6BA, 0xB679,
    0xB679, 0xB679, 0xB679, 0xB699, 0xB679, 0xB679, 0xB699, 0xB679, 0xB699, 0xD6B9, 0xB679, 0xB679,
    0xB679, 0xB679, 0xB699, 0xBE99, 0xB699, 0xB679, 0xB679, 0x9DD6, 0xA617, 0xB679, 0xB679, 0xB679,
    0xB679, 0xB679, 0xB679, 0xB679, 0xB699, 0xB679, 0xD6BA, 0xB679, 0xB679, 0xB679, 0xB679, 0xB679,
    0xB679, 0xAE58, 0xAE58, 0xAE78, 0xAE58, 0xD6DA, 0xAE58, 0xAE58, 0xAE58, 0xAE58, 0xAE58, 0xB679,
    0xAE79, 0xB659, 0xAE58, 0xA5F7, 0xAE38, 0xB678, 0xB678, 0xAE58, 0xAE58, 0xAE58, 0xAE58, 0xAE58,
    0xAE58, 0xAE58, 0xCE58, 0xAE58, 0xAE58, 0xAE58, 0xAE58, 0xAE58, 0xB678, 0xB678, 0xAE58, 0xB679,
    0xB658, 0xDEFA, 0xAE58, 0xAE58, 0xAE58, 0xAE58, 0xB678, 0xB679, 0xB679, 0xB679, 0xB679, 0x9DB6,
    0xAE38, 0xAE59, 0xAE58, 0xAE78, 0xAE58, 0xB679, 0xAE58, 0xAE78, 0xAE78, 0xB679, 0xD6BA, 0xB679,
    0xB679, 0xAE79, 0xB679, 0xAE79, 0xB679, 0xAE79, 0xB679, 0xB679, 0xAE58, 0xDEFA, 0xB679, 0xB679,
    0xB659, 0xB679, 0xB679, 0xB699, 0xB699, 0xB699, 0xBEBA, 0xA5D6, 0xA638, 0xB678, 0xAE58, 0xAE58,
    0xAE58, 0xAE58, 0xAE58, 0xB679, 0xB679, 0xB699, 0xD6BA, 0xAE58, 0xAE78, 0xAE58, 0xB678, 0xB679,
    0xB699, 0xB699, 0xB699, 0xB699, 0xB678, 0xD6B9, 0xAE58, 0xB679, 0xB679, 0xB679, 0xB679, 0xB699,
    0xB699, 0xB699, 0xB699, 0xA5F6, 0xA5F7, 0xB679, 0xAE59, 0xB658, 0xB658, 0xB679, 0xB679, 0xB679,
    0xB699, 0xBEBA, 0xD6BA, 0xB679, 0xB679, 0xB679, 0xB679, 0xAE58, 0xAE58, 0xAE58, 0xAE38, 0xAE58,
    0xAE58, 0xD6B9, 0xAE58, 0xAE58, 0xAE38, 0xAE38, 0xAE58, 0xAE58, 0xAE58, 0xAE58, 0xAE58, 0x9DD6,
    0xAE58, 0xB678, 0xB678, 0xB679, 0xAE58, 0xAE58, 0xAE58, 0xAE38, 0xAE58, 0xAE78, 0xCE79, 0xAE58,
    0xAE58, 0xAE58, 0xAE58, 0xAE58, 0xB678, 0xAE58, 0xB678, 0xB679, 0xAE58, 0xDEFB, 0xB658, 0xAE58,
    0xAE78, 0xAE58, 0xAE58, 0xAE78, 0xAE79, 0xB679, 0xB679, 0x9DB6, 0xAE38, 0xAE58, 0xAE58, 0xAE58,
    0xB678, 0xAE78, 0xAE78, 0xAE58, 0xB679, 0xB679, 0xCE79, 0xB679, 0xB678, 0xAE79, 0xB678, 0xAE58,
    0xB679, 0xAE78, 0xB679, 0xB679, 0xB679, 0xDEFB, 0xB679, 0xB679, 0xB679, 0xB679, 0xB679, 0xB679,
    0xB699, 0xBEBA, 0xBEBA, 0x9DB5, 0xAE38, 0xB679, 0xB678, 0xB679, 0xB679, 0xAE79, 0xB679, 0xB678,
    0xB679, 0xB679, 0xD6BA, 0xB679, 0xB679, 0xB679, 0xB679, 0xB679, 0xB679, 0xB679, 0xB679, 0xBEBA,
    0xAE78, 0xDEDA, 0xB658, 0xAE79, 0xB679, 0xB679, 0xB679, 0xB699, 0xB699, 0xB699, 0xBEB9, 0xA5F7,
    0xA5F7, 0xB659, 0xAE58, 0xB679, 0xAE58, 0xB678, 0xB679, 0xB679, 0xC6BA, 0xBEB9, 0xD699, 0xB699,
    0xB699, 0xB679, 0xB679, 0xB679, 0xAE78, 0xAE58, 0xAE58, 0xAE58, 0xAE58, 0xD6BA, 0xAE58, 0xAE58,
    0xAE58, 0xAE58, 0xAE58, 0xAE58, 0xAE58, 0xAE58, 0xB679, 0x9DD6, 0xA617, 0xAE38, 0xAE58, 0xAE58,
    0xAE58, 0xAE38, 0xA637, 0xA638, 0xA638, 0xAE58, 0xCE58, 0xAE38, 0xAE38, 0xAE38, 0xAE38, 0xAE38,
    0xAE38, 0xAE58, 0xAE38, 0xAE58, 0xAE38, 0xD6B9, 0xAE38, 0xAE58, 0xAE58, 0xAE58, 0xAE58, 0xAE58,
    0xAE58, 0xAE58, 0xAE58, 0x9D95, 0xA638, 0xAE38, 0xAE58, 0xAE38, 0xAE38, 0xAE58, 0xAE58, 0xAE58,
    0xAE58, 0xAE58, 0xCE78, 0xAE58, 0xAE58, 0xAE58, 0xAE58, 0xAE38, 0xAE58, 0xAE58, 0xAE58, 0xAE58,
    0xAE38, 0xD6BA, 0xB658, 0xAE58, 0xB678, 0xB679, 0xB658, 0xAE58, 0xB679, 0xAE58, 0xB659, 0x9595,
    0xA638, 0xAE58, 0xAE58, 0xAE79, 0xAE58, 0xAE58, 0xB678, 0xAE78, 0xAE58, 0xAE58, 0xCE58, 0xAE58,
    0xAE58, 0xAE58, 0xAE58, 0xAE58, 0xAE58, 0xAE58, 0xAE58, 0xAE58, 0xAE58, 0xCE78, 0xAE58, 0xAE58,
    0xAE58, 0xAE58, 0xAE58, 0xAE58, 0xB658, 0xAE58, 0xAE58, 0x95B5, 0x9DD6, 0xAE38, 0xAE58, 0xAE58,
    0xAE58, 0xAE38, 0xAE58, 0xAE58, 0xB658, 0xAE58, 0xC638, 0xAE58, 0xB658, 0xB658, 0xAE58, 0xAE38,
    0xAE38, 0xAE38, 0xAE38, 0xAE38, 0xAE38, 0xD699, 0xAE38, 0xAE38, 0xAE38, 0xA637, 0xA637, 0xA637,
    0xA638, 0xA638, 0xAE38, 0x9DB6, 0xDEDA, 0xDEDA, 0xDEDA, 0xDEDA, 0xDEFB, 0xDEFB, 0xD6BA, 0xDEBA,
    0xD6BA, 0xDEDA, 0xD679, 0xD6B9, 0xDEDA, 0xDEDA, 0xDEDA, 0xDEDA, 0xDEFB, 0xDEFB, 0xDEFA, 0xDEDA,
    0xDEDA, 0xDEDA, 0xE73B, 0xD6B9, 0xDEFB, 0xDEFB, 0xDEDA, 0xE6FB, 0xDEFB, 0xDEDA, 0xDEDA, 0xDEFB,
    0xDEFA, 0xDEDA, 0xDEDA, 0xDEDA, 0xDEFB, 0xE71B, 0xDF1B, 0xDEFB, 0xE71B, 0xDEDA, 0xD6B9, 0xE6FB,
    0xDEFA, 0xE71B, 0xE71B, 0xDEFB, 0xDEFB, 0xDEDA, 0xDEFA, 0xD6BA, 0xDEDA, 0xDEDA, 0xDEFA, 0xDEFB,
    0xDEDA, 0xDEDA, 0xDEFB, 0xDEFB, 0xDEFB, 0xDEBA, 0xDEBA, 0xDEFA, 0xDEFA, 0xD6BA, 0xDEDA, 0xDEDA,
    0xDEDA, 0xDEFB, 0xD6BA, 0xE71B, 0xD6DA, 0xDEDA, 0xD699, 0xD6BA, 0xDEFB, 0xCE99, 0xDEFB, 0xE71B,
    0xDEFB, 0xDEFB, 0xDEFB, 0xDEDA, 0xE6FB, 0xD6B9, 0xDEDA, 0xDEDA, 0xDEFB, 0xDEDA, 0xDEDA, 0xDEFB,
    0xDEDA, 0xD6BA, 0xDEDA, 0xDEFB, 0xDEFA, 0xDEDA, 0xDEDA, 0xDEFA, 0xDEFB, 0xE71B, 0xDEDA, 0xDEFB,
    0xDEFB, 0xDEDA, 0xD6B9, 0xDEDA, 0xDEFB, 0xD6BA, 0xDEFB, 0xDEDA, 0xDEDA, 0xDEDA, 0xD6BA, 0xDEDA,
    0xDEDA, 0xDEDA, 0xDEDA, 0xDEFA, 0xD6BA, 0xDEFA, 0xDEFB, 0xDEFA, 0xDEDA, 0xDF1B, 0xD6BA, 0xDEFA,
    0xB679, 0xB679, 0xB679, 0xB679, 0xB679, 0xB679, 0xB679, 0xB679, 0xAE78, 0xAE58, 0xD6B9, 0xB699,
    0xB679, 0xB679, 0xB699, 0xB699, 0xB699, 0xB699, 0xB699, 0xB699, 0xAE38, 0xDEFB, 0xBE99, 0xBE99,
    0xB699, 0xBE99, 0xB679, 0xB679, 0xB679, 0xB679, 0xB679, 0x9DB6, 0xAE59, 0xB699, 0xB699, 0xB699,
    0xB699, 0xB699, 0xB699, 0xB699, 0xB699, 0xBE99, 0xCE78, 0xB699, 0xB699, 0xB699, 0xB699, 0xB699,
    0xB699, 0xB679, 0xB699, 0xBE99, 0xB659, 0xDEFB, 0xBE99, 0xBE99, 0xB699, 0xB699, 0xBE99, 0xB699,
    0xB699, 0xB699, 0xB679, 0x9DB6, 0xAE58, 0xB699, 0xB699, 0xB699, 0xBEBA, 0xB699, 0xB699, 0xB699,
    0xB699, 0xB699, 0xD6BA, 0xBE9A, 0xB699, 0xBE9A, 0xBE99, 0xB699, 0xBE99, 0xBE99, 0xB699, 0xBE99,
    0xB699, 0xD6BA, 0xB699, 0xB699, 0xB699, 0xB699, 0xB699, 0xB699, 0xB699, 0xB699, 0xB699, 0x9DF7,
    0xAE58, 0xB699, 0xB699, 0xB699, 0xB699, 0xB679, 0xB699, 0xB699, 0xBE99, 0xBE99, 0xD699, 0xBE99,
    0xBE99, 0xB699, 0xB699, 0xB679, 0xB679, 0xB679, 0xB679, 0xB679, 0xAE79, 0xDEDA, 0xB679, 0xB679,
    0xB679, 0xB679, 0xB679, 0xB679, 0xB679, 0xB679, 0xB679, 0x9DD6, 0xB679, 0xB679, 0xB679, 0xB699,
    0xB679, 0xB679, 0xB679, 0xAE58, 0xAE79, 0xAE58, 0xD679, 0xB679, 0xB699, 0xB679, 0xB699, 0xB699,
    0xB699, 0xBE99, 0xB699, 0xB699, 0xAE58, 0xDEFB, 0xBE99, 0xBE99, 0xB699, 0xB699, 0xB699, 0xB679,
    0xB679, 0xB679, 0xB679, 0xA5D6, 0xAE79, 0xB699, 0xB699, 0xB699, 0xB699, 0xB699, 0xB699, 0xB699,
    0xBE99, 0xB699, 0xDEDA, 0xB699, 0xBE99, 0xBE99, 0xB699, 0xBE99, 0xB699, 0xB699, 0xB679, 0xB699,
    0xAE58, 0xDEFB, 0xB699, 0xBE99, 0xBE99, 0xB699, 0xBE99, 0xB699, 0xB699, 0xB699, 0xB699, 0xA5D6,
    0xAE59, 0xB699, 0xB699, 0xBE99, 0xBE99, 0xB699, 0xB699, 0xB699, 0xB699, 0xB699, 0xD6B9, 0xB699,
    0xBE99, 0xB699, 0xBE99, 0xBE99, 0xB699, 0xB699, 0xBE99, 0xBE99, 0xB679, 0xDEDA, 0xB699, 0xBE99,
    0xB699, 0xB699, 0xBE99, 0xB679, 0xB699, 0xB699, 0xB679, 0xA5F7, 0xAE58, 0xB699, 0xB699, 0xBE99,
    0xB699, 0xB679, 0xB699, 0xBE99, 0xBE99, 0xBE99, 0xD699, 0xBE99, 0xB699, 0xBE99, 0xB699, 0xB679,
    0xB679, 0xB679, 0xB679, 0xB679, 0xAE59, 0xDEDA, 0xB679, 0xB679, 0xB699, 0xB699, 0xB679, 0xB679,
    0xB679, 0xB679, 0xB679, 0xA5F7, 0xB679, 0xB679, 0xB679, 0xB679, 0xB679, 0xB679, 0xB679, 0xB679,
    0xB679, 0xAE58, 0xC638, 0xB699, 0xB679, 0xB679, 0xB679, 0xB699, 0xB679, 0xB679, 0xB699, 0xB699,
    0xB658, 0xDEFA, 0xBE99, 0xB699, 0xB679, 0xB679, 0xB679, 0xB679, 0xB679, 0xB679, 0xB679, 0xA5D6,
    0xB679, 0xB699, 0xB699, 0xB679, 0xB679, 0xB679, 0xB679, 0xB699, 0xB699, 0xBE99, 0xD699, 0xB699,
    0xB699, 0xBEB9, 0xB699, 0xB679, 0xB679, 0xB699, 0xB679, 0xB699, 0xB678, 0xDEFB, 0xB699, 0xBE99,
    0xBE99, 0xB699, 0xB699, 0xB699, 0xB679, 0xB699, 0xB699, 0xA5D6, 0xAE38, 0xB699, 0xBE99, 0xB699,
    0xB699, 0xB679, 0xB679, 0xB679, 0xB699, 0xB699, 0xDEFA, 0xB699, 0xBE99, 0xBE99, 0xBE99, 0xB699,
    0xBE99, 0xB699, 0xB699, 0xB699, 0xB699, 0xD699, 0xBE99, 0xB699, 0xB699, 0xBE99, 0xB699, 0xB699,
    0xB699, 0xB679, 0xB679, 0x9DD6, 0xAE38, 0xB699, 0xB699, 0xB679, 0xB699, 0xB699, 0xB679, 0xB699,
    0xBE99, 0xBE99, 0xD6B9, 0xB699, 0xB699, 0xB699, 0xB699, 0xB699, 0xB679, 0xB679, 0xB679, 0xB679,
    0xB679, 0xDEFA, 0xB679, 0xB699, 0xB699, 0xB679, 0xB679, 0xB679, 0xB679, 0xAE79, 0xB679, 0x9DF6,
    0xAE79, 0xB679, 0xB679, 0xB679, 0xB679, 0xB679, 0xB658, 0xB679, 0xB679, 0xB679, 0xCE79, 0xB679,
    0xB699, 0xB679, 0xB699, 0xB679, 0xB679, 0xB679, 0xB679, 0xBE99, 0xB679, 0xDEFB, 0xB679, 0xB699,
    0xBE99, 0xB679, 0xB679, 0xB679, 0xB679, 0xB679, 0xB679, 0x9DB6, 0xB679, 0xB699, 0xB699, 0xB699,
    0xB679, 0xB679, 0xB679, 0xB679, 0xB699, 0xB699, 0xCE79, 0xB699, 0xB679, 0xBE99, 0xB699, 0xB679,
    0xB679, 0xB679, 0xB699, 0xB699, 0xAE58, 0xE71B, 0xB699, 0xB699, 0xB699, 0xB699, 0xB699, 0xB679,
    0xB699, 0xB699, 0xB699, 0xA5D6, 0xA638, 0xB699, 0xB699, 0xB699, 0xB699, 0xB679, 0xB679, 0xB699,
    0xB699, 0xB699, 0xDEDA, 0xB679, 0xBE99, 0xB699, 0xB699, 0xBE99, 0xB699, 0xB699, 0xB699, 0xB699,
    0xB679, 0xDEFB, 0xB699, 0xB699, 0xB699, 0xB699, 0xB699, 0xB679, 0xB679, 0xB679, 0xB699, 0x9DD6,
    0xAE38, 0xB679, 0xB679, 0xB699, 0xB679, 0xB679, 0xB679, 0xB679, 0xB699, 0xB699, 0xDEDA, 0xBE99,
    0xB699, 0xB699, 0xB699, 0xB679, 0xB679, 0xB679, 0xB679, 0xB679, 0xB679, 0xDEDA, 0xB679, 0xB679,
    0xB679, 0xB679, 0xB679, 0xB679, 0xB679, 0xB679, 0xB679, 0x9DD6, 0xAE58, 0xB679, 0xB679, 0xB679,
    0xAE78, 0xAE79, 0xB679, 0xB679, 0xB679, 0xB658, 0xD699, 0xB679, 0xB679, 0xB679, 0xB679, 0xB679,
    0xB679, 0xB679, 0xB679, 0xB679, 0xAE58, 0xDEFB, 0xB679, 0xB679, 0xB679, 0xB679, 0xB679, 0xB679,
    0xB679, 0xB679, 0xB679, 0xA5D6, 0xAE59, 0xB699, 0xB699, 0xB679, 0xB679, 0xB679, 0xB679, 0xB679,
    0xB679, 0xB679, 0xCE79, 0xB679, 0xB699, 0xB699, 0xB679, 0xB679, 0xB679, 0xB679, 0xB699, 0xB679,
    0xB658, 0xDEDA, 0xB699, 0xB699, 0xB699, 0xBE99, 0xB679, 0xB699, 0xB699, 0xB699, 0xB699, 0x9D95,
    0xAE38, 0xB699, 0xB699, 0xB699, 0xB699, 0xB699, 0xB679, 0xB679, 0xB699, 0xB699, 0xD6BA, 0xB699,
    0xB699, 0xB679, 0xB699, 0xB699, 0xB699, 0xB699, 0xB679, 0xB699, 0xB679, 0xD6BA, 0xB699, 0xB679,
    0xB679, 0xB679, 0xB679, 0xB679, 0xB679, 0xB679, 0xB679, 0x9DD6, 0xAE38, 0xB679, 0xB679, 0xB679,
    0xB679, 0xB679, 0xB679, 0xB679, 0xB679, 0xB699, 0xDEFB, 0xB679, 0xB679, 0xB679, 0xB679, 0xB679,
    0xB679, 0xB679, 0xB679, 0xB679, 0xB679, 0xD699, 0xB679, 0xB679, 0xB679, 0xB679, 0xB679, 0xB679,
    0xAE58, 0xB679, 0xAE58, 0x9DB6, 0xAE58, 0xB679, 0xB679, 0xB679, 0xB679, 0xB679, 0xAE58, 0xB679,
    0xAE58, 0xAE58, 0xCE79, 0xB679, 0xB679, 0xB679, 0xB679, 0xB679, 0xB679, 0xB679, 0xB679, 0xB679,
    0xAE58, 0xDF1B, 0xB679, 0xB679, 0xB679, 0xB679, 0xB679, 0xB699, 0xB679, 0xB679, 0xB679, 0xA5F7,
    0xB679, 0xB679, 0xB699, 0xB699, 0xB679, 0xB679, 0xB679, 0xB679, 0xB679, 0xB699, 0xD6DA, 0xB679,
    0xB699, 0xB679, 0xB679, 0xB679, 0xB699, 0xB679, 0xB679, 0xB679, 0xB679, 0xDEFA, 0xB699, 0xB699,
    0xB699, 0xB699, 0xB699, 0xB699, 0xB699, 0xB699, 0xB699, 0x9D95, 0xAE38, 0xB679, 0xB699, 0xB699,
    0xB679, 0xB699, 0xB699, 0xB699, 0xB679, 0xB699, 0xD6BA, 0xB699, 0xB679, 0xB699, 0xB699, 0xB699,
    0xB699, 0xB699, 0xB699, 0xB679, 0xB679, 0xD6B9, 0xB679, 0xB679, 0xB679, 0xB679, 0xB679, 0xB699,
    0xB699, 0xB679, 0xB679, 0x9DD6, 0xA618, 0xB679, 0xB679, 0xB699, 0xB679, 0xB679, 0xAE79, 0xB679,
    0xB679, 0xB679, 0xD6DA, 0xB679, 0xB679, 0xB679, 0xB679, 0xB679, 0xB679, 0xB679, 0xB679, 0xB679,
    0xB679, 0xDEBA, 0xB679, 0xB679, 0xB679, 0xB679, 0xB679, 0xB679, 0xB679, 0xB679, 0xB679, 0x95B6,
    0xA638, 0xAE58, 0xAE58, 0xAE58, 0xAE58, 0xAE78, 0xAE78, 0xB679, 0xB679, 0xAE78, 0xCE79, 0xB679,
    0xAE59, 0xAE58, 0xAE58, 0xB679, 0xB679, 0xAE58, 0xB679, 0xB679, 0xB658, 0xDEFB, 0xB679, 0xB679,
    0xAE78, 0xB679, 0xB679, 0xB679, 0xB679, 0xB679, 0xB679, 0xA5B6, 0xB659, 0xB699, 0xB699, 0xB679,
    0xB679, 0xB679, 0xAE59, 0xB679, 0xB679, 0xB679, 0xD6B9, 0xB679, 0xB679, 0xB679, 0xB679, 0xB679,
    0xB679, 0xB699, 0xB679, 0xB679, 0xB679, 0xDEDA, 0xB679, 0xB679, 0xB679, 0xB679, 0xB679, 0xB679,
    0xB679, 0xB679, 0xB699, 0x9DB6, 0xA617, 0xB679, 0xB679, 0xB679, 0xB679, 0xB699, 0xB699, 0xB699,
    0xB679, 0xB699, 0xD699, 0xB679, 0xB679, 0xB679, 0xB679, 0xB699, 0xB699, 0xB699, 0xB679, 0xB679,
    0xB699, 0xD6BA, 0xB679, 0xB679, 0xAE59, 0xB679, 0xB679, 0xB679, 0xB679, 0xB679, 0xB679, 0x9DD6,
    0xA5F7, 0xB679, 0xB679, 0xAE79, 0xB679, 0xB679, 0xAE58, 0xAE59, 0xB679, 0xB679, 0xD6B9, 0xB658,
    0xB658, 0xAE58, 0xB679, 0xB679, 0xB679, 0xB679, 0xB679, 0xB679, 0xB679, 0xDEDA, 0xB678, 0xB678,
    0xAE58, 0xAE58, 0xB679, 0xB679, 0xB679, 0xB679, 0xAE78, 0x9DD6, 0xA617, 0xAE58, 0xAE58, 0xAE58,
    0xAE58, 0xAE58, 0xAE58, 0xAE58, 0xAE58, 0xB679, 0xCE58, 0xAE58, 0xAE58, 0xAE58, 0xB658, 0xAE58,
    0xAE58, 0xAE58, 0xAE78, 0xB679, 0xAE58, 0xDEFB, 0xAE58, 0xAE58, 0xAE58, 0xB679, 0xB679, 0xAE58,
    0xB699, 0xB699, 0xBE99, 0x9DB6, 0xAE58, 0xB699, 0xB699, 0xB679, 0xB678, 0xAE58, 0xAE58, 0xAE58,
    0xB679, 0xB679, 0xCE78, 0xB679, 0xB679, 0xB679, 0xB679, 0xB679, 0xB679, 0xB679, 0xB679, 0xBEB9,
    0xAE78, 0xD6DA, 0xB679, 0xAE78, 0xB678, 0xAE78, 0xB679, 0xB679, 0xAE58, 0xB679, 0xB679, 0x9DD6,
    0xAE18, 0xB679, 0xAE79, 0xAE79, 0xB679, 0xB679, 0xB679, 0xB699, 0xB699, 0xBE99, 0xD699, 0xAE79,
    0xB679, 0xAE79, 0xB679, 0xB679, 0xB679, 0xB679, 0xB679, 0xBEBA, 0xB679, 0xCE79, 0xB679, 0xAE79,
    0xB679, 0xAE58, 0xB679, 0xB679, 0xB679, 0xB699, 0xBE99, 0x9DD6, 0x9DD7, 0xAE58, 0xAE58, 0xAE78,
    0xAE58, 0xAE58, 0xAE58, 0xAE78, 0xB679, 0xB679, 0xD699, 0xAE58, 0xAE58, 0xAE58, 0xAE58, 0xAE78,
    0xB679, 0xB678, 0xAE58, 0xB659, 0xAE58, 0xD6BA, 0xB679, 0xB679, 0xB678, 0xAE58, 0xAE58, 0xAE58,
    0xAE58, 0xAE58, 0xB658, 0x9DB6, 0xA617, 0xAE58, 0xAE58, 0xAE78, 0xAE58, 0xAE58, 0xAE58, 0xAE58,
    0xB658, 0xAE58, 0xD699, 0xAE58, 0xAE58, 0xAE58, 0xAE58, 0xAE58, 0xAE58, 0xAE58, 0xAE58, 0xB679,
    0xAE58, 0xDEFB, 0xAE58, 0xAE58, 0xB678, 0xB658, 0xB679, 0xB678, 0xB679, 0xBEBA, 0xBEB9, 0x9DB6,
    0xB659, 0xB699, 0xB699, 0xB679, 0xB679, 0xAE58, 0xAE58, 0xB658, 0xB679, 0xB679, 0xCE79, 0xAE58,
    0xB679, 0xB679, 0xB679, 0xB679, 0xB679, 0xB679, 0xB679, 0xBEB9, 0xAE58, 0xDEDA, 0xB679, 0xB678,
    0xB679, 0xB678, 0xB679, 0xAE79, 0xB678, 0xB679, 0xB679, 0xA5D7, 0xA617, 0xAE58, 0xAE79, 0xB679,
    0xB679, 0xB679, 0xB679, 0xB699, 0xBEB9, 0xBEB9, 0xD6BA, 0xAE58, 0xAE58, 0xB679, 0xB679, 0xB699,
    0xB679, 0xB679, 0xB699, 0xBEBA, 0xB679, 0xD699, 0xAE58, 0xAE58, 0xAE79, 0xB679, 0xAE58, 0xB658,
    0xB679, 0xB699, 0xBE99, 0x9DD6, 0x9DF7, 0xAE58, 0xAE58, 0xAE58, 0xAE78, 0xAE58, 0xAE58, 0xAE78,
    0xB679, 0xB679, 0xD6BA, 0xB678, 0xB678, 0xAE58, 0xAE58, 0xAE58, 0xAE58, 0xAE58, 0xAE58, 0xAE78,
    0xAE58, 0xDEDA, 0xB679, 0xB679, 0xB679, 0xB678, 0xAE58, 0xAE58, 0xAE58, 0xAE58, 0xAE58, 0x9DD6,
    0x8D54, 0x9595, 0x9DB6, 0x9595, 0x95B5, 0x95B5, 0x9595, 0x9595, 0x8D75, 0x9DB6, 0xC617, 0x9575,
    0x9DB5, 0x95B6, 0x9DB6, 0x95B5, 0x9DB6, 0x9DB6, 0x9DB6, 0x95B5, 0x9595, 0xD6DA, 0x9595, 0x9DB6,
    0x9DD6, 0xA5F6, 0x9DD6, 0x9DB6, 0x9DD6, 0x9595, 0x9595, 0x9D95, 0xA5F7, 0x9DD6, 0x9DD6, 0x9DD6,
    0x9DD6, 0x9DD6, 0x9DB6, 0x9DB6, 0x9DB6, 0x9DB6, 0xCE58, 0x9DB6, 0x9DB6, 0x9DD6, 0x9DD6, 0x9DB6,
    0x9DB6, 0x9DD6, 0x9DB6, 0x9DB6, 0x9DB6, 0xD6DA, 0x9DB6, 0x9DD6, 0x9DB6, 0x9DD6, 0x9595, 0x9DD6,
    0x9DD6, 0x95B5, 0x9DB6, 0x9575, 0x8D54, 0x9595, 0x9DD6, 0x9DD6, 0xA5D6, 0x9DD6, 0x95B5, 0x9DB6,
    0x95B5, 0x9DB6, 0xCE58, 0x95B5, 0x9DD6, 0x9DD6, 0x9DD6, 0x9DD6, 0x9DB6, 0xA5F6, 0x9DD6, 0x95B6,
    0x9DB6, 0xD699, 0x9595, 0x9DB6, 0x9DF6, 0x9DD6, 0x9DD6, 0x9DB6, 0x9DB6, 0x9DB6, 0x9595, 0x9575,
    0x9D95, 0x95B6, 0x9DB6, 0x9DD6, 0x9DD6, 0x95B6, 0x9595, 0x95B5, 0x95B6, 0x9DB6, 0xCE78, 0x9595,
    0x9595, 0x9DB6, 0x9DB6, 0x9DB6, 0x9DB6, 0x9DB5, 0x95B6, 0x9595, 0x9D95, 0xD6BA, 0x95B5, 0x9DB6,
    0x9DD6, 0x9DD6, 0x9DB6, 0x95B5, 0x9595, 0x9595, 0x9595, 0x9575, 0xC6FB, 0xC71B, 0xC6FB, 0xC6FB,
    0xC6FB, 0xC6FB, 0xC6FB, 0xC6FB, 0xC6FB, 0xC6DB, 0xD679, 0xC6FB, 0xC6FB, 0xC6FB, 0xC6FB, 0xC6FB,
    0xC71B, 0xC71B, 0xC6FB, 0xC6FB, 0xC6DB, 0xD6DA, 0xCEFB, 0xCF1B, 0xCEFB, 0xC6FB, 0xC6FB, 0xC6FB,
    0xC6FB, 0xC6FB, 0xC6FB, 0x9DB6, 0xC6DA, 0xCEFB, 0xCEFB, 0xC6FB, 0xC71B, 0xC6FB, 0xC6FB, 0xC6FB,
    0xC6FB, 0xCF1B, 0xD699, 0xCEFB, 0xCF1C, 0xC71B, 0xCEFB, 0xCF1B, 0xCEFB, 0xC6FB, 0xCEFB, 0xC6FB,
    0xC6FB, 0xDEFB, 0xCF1B, 0xCEFB, 0xCEFB, 0xCF1B, 0xCF1B, 0xCF1B, 0xCF1B, 0xC6FB, 0xC6FB, 0xA5F7,
    0xBEBA, 0xCF1C, 0xC6FB, 0xCF1B, 0xCF1B, 0xCF1B, 0xCF1B, 0xCEFB, 0xCF1C, 0xCF1B, 0xDEFA, 0xCEFB,
    0xC6FB, 0xC6FB, 0xC6FB, 0xC6FB, 0xC6FB, 0xC6FB, 0xC6FB, 0xC6FB, 0xC6DB, 0xD6DA, 0xCEFB, 0xC6FB,
    0xCF1B, 0xCEFB, 0xCEFB, 0xC6FB, 0xCEFB, 0xC6FB, 0xC6FB, 0xA617, 0xB67A, 0xCF1B, 0xC6FB, 0xCF1B,
    0xCF1B, 0xC6DB, 0xC6DB, 0xC6FB, 0xC6FB, 0xCF1B, 0xD699, 0xCEFB, 0xC6FB, 0xC6FB, 0xC6FB, 0xC6FB,
    0xC6FB, 0xC6FB, 0xC6FB, 0xC6FB, 0xC6FB, 0xDEDA, 0xCEFB, 0xC6FB, 0xC6FB, 0xC6FB, 0xC71B, 0xC6FB,
    0xC6FB, 0xC6DB, 0xC6FB, 0xB659, 0xB679, 0xB679, 0xB679, 0xB679, 0xB699, 0xB679, 0xB679, 0xB679,
    0xB679, 0xB679, 0xCE58, 0xB699, 0xB699, 0xB699, 0xB699, 0xB699, 0xB699, 0xB679, 0xB679, 0xB699,
    0xAE58, 0xDF1B, 0xBE99, 0xB699, 0xBE99, 0xB699, 0xB699, 0xB679, 0xB679, 0xB679, 0xB679, 0xA5F7,
    0xB679, 0xBE99, 0xBE99, 0xBE99, 0xB699, 0xB699, 0xB699, 0xB699, 0xB699, 0xB699, 0xCE79, 0xBE99,
    0xB699, 0xBE99, 0xB699, 0xB699, 0xB699, 0xB699, 0xB699, 0xB699, 0xB679, 0xDEFB, 0xBE99, 0xBE99,
    0xB699, 0xBE99, 0xB699, 0xB699, 0xB699, 0xB699, 0xB699, 0x9DB6, 0xAE59, 0xBE99, 0xBE99, 0xBE99,
    0xB699, 0xB699, 0xB699, 0xB679, 0xB699, 0xB679, 0xD6B9, 0xB699, 0xB699, 0xB699, 0xBE99, 0xB699,
    0xBE99, 0xB699, 0xB699, 0xB699, 0xB699, 0xD6B9, 0xBE99, 0xB699, 0xBE99, 0xB699, 0xB699, 0xB699,
    0xB699, 0xB699, 0xB699, 0xA5F7, 0xAE58, 0xB699, 0xB699, 0xBE99, 0xB699, 0xB699, 0xB679, 0xB699,
    0xB699, 0xB699, 0xDEFA, 0xB699, 0xB699, 0xB679, 0xB679, 0xB699, 0xB699, 0xB699, 0xB699, 0xB679,
    0xAE79, 0xDEDA, 0xB699, 0xB699, 0xB699, 0xB699, 0xB679, 0xB679, 0xAE79, 0xB679, 0xB659, 0x9DD6,
    0xB679, 0xB679, 0xB699, 0xB699, 0xB699, 0xB679, 0xB678, 0xB679, 0xB679, 0xB679, 0xCE79, 0xB699,
    0xB699, 0xB699, 0xB699, 0xB699, 0xB699, 0xB679, 0xB679, 0xB699, 0xAE58, 0xDEFB, 0xB699, 0xB699,
    0xB699, 0xB699, 0xB699, 0xB679, 0xB699, 0xB679, 0xB679, 0xA5D6, 0xB679, 0xBE99, 0xBE99, 0xBE99,
    0xB699, 0xB699, 0xB699, 0xB699, 0xB699, 0xB699, 0xD6DA, 0xBE9A, 0xB699, 0xB699, 0xBE99, 0xB699,
    0xB699, 0xB699, 0xB699, 0xB699, 0xB679, 0xE71B, 0xB699, 0xBE99, 0xBE99, 0xBE99, 0xB699, 0xB699,
    0xB699, 0xB699, 0xB699, 0xA5D6, 0xAE58, 0xBE99, 0xB699, 0xBE99, 0xB699, 0xB699, 0xB699, 0xB699,
    0xB679, 0xB699, 0xDEFB, 0xB699, 0xBE99, 0xB699, 0xBE99, 0xBE99, 0xB699, 0xB699, 0xB699, 0xB699,
    0xB679, 0xDEDA, 0xB699, 0xBE99, 0xBE99, 0xBE99, 0xB699, 0xB699, 0xB699, 0xB679, 0xB699, 0xA5F7,
    0xAE58, 0xB699, 0xB699, 0xB699, 0xB699, 0xB679, 0xB679, 0xB679, 0xB699, 0xB699, 0xD699, 0xB699,
    0xB699, 0xB699, 0xB699, 0xB679, 0xB699, 0xB699, 0xB679, 0xB679, 0xB679, 0xDEDA, 0xB699, 0xB699,
    0xB699, 0xB699, 0xB679, 0xB679, 0xB679, 0xB679, 0xB679, 0x9DF7, 0xB699, 0xB679, 0xB699, 0xB699,
    0xB679, 0xB679, 0xB679, 0xB679, 0xB679, 0xB679, 0xD679, 0xB699, 0xB699, 0xB699, 0xB699, 0xB699,
    0xB679, 0xB679, 0xB679, 0xB679, 0xB658, 0xE71B, 0xB679, 0xB699, 0xB679, 0xB699, 0xB699, 0xB679,
    0xB679, 0xB699, 0xB679, 0xA5B6, 0xB679, 0xBE99, 0xB699, 0xB699, 0xB699, 0xB699, 0xB699, 0xB699,
    0xBE99, 0xBE99, 0xD6B9, 0xB699, 0xB699, 0xB699, 0xB699, 0xB699, 0xB699, 0xB699, 0xB679, 0xB679,
    0xB679, 0xE71B, 0xB699, 0xBE99, 0xBE99, 0xBE99, 0xB699, 0xB699, 0xB699, 0xB699, 0xB699, 0x9DD6,
    0xAE38, 0xBE99, 0xBE99, 0xBE99, 0xB699, 0xB699, 0xB699, 0xB699, 0xB699, 0xB699, 0xDEDA, 0xB699,
    0xB699, 0xBE99, 0xBE99, 0xB699, 0xBE99, 0xB699, 0xB699, 0xB699, 0xB699, 0xDEDA, 0xBE9A, 0xBE99,
    0xBE99, 0xB679, 0xB679, 0xB679, 0xB679, 0xB679, 0xB679, 0x9DD6, 0xAE58, 0xB679, 0xB699, 0xB699,
    0xB699, 0xB679, 0xB679, 0xB679, 0xB699, 0xB699, 0xDEFA, 0xBE99, 0xB699, 0xB699, 0xB699, 0xB699,
    0xB679, 0xB679, 0xB679, 0xB699, 0xB679, 0xDEDA, 0xB699, 0xB699, 0xB679, 0xB699, 0xB679, 0xB679,
    0xB679, 0xB679, 0xB679, 0x9DF7, 0xAE79, 0xB679, 0xB679, 0xB679, 0xB679, 0xB678, 0xB658, 0xB679,
    0xB679, 0xB679, 0xD6B9, 0xB679, 0xB699, 0xB679, 0xB699, 0xB679, 0xB679, 0xB679, 0xB679, 0xB679,
    0xAE58, 0xDEFB, 0xB699, 0xB679, 0xB699, 0xB699, 0xB679, 0xB679, 0xB679, 0xB679, 0xB679, 0xA5D6,
    0xB679, 0xB699, 0xB699, 0xB699, 0xB699, 0xB699, 0xB699, 0xB699, 0xB699, 0xBE99, 0xCE78, 0xB699,
    0xB699, 0xB699, 0xB699, 0xB699, 0xB699, 0xB679, 0xB699, 0xB699, 0xB679, 0xE71B, 0xB699, 0xBE99,
    0xB699, 0xB699, 0xB679, 0xB699, 0xB699, 0xB699, 0xB699, 0x9DB6, 0xAE38, 0xBE99, 0xBE99, 0xBE99,
    0xB699, 0xB679, 0xB679, 0xB699, 0xB699, 0xB679, 0xD6DA, 0xB699, 0xB699, 0xB699, 0xB699, 0xB699,
    0xB699, 0xB699, 0xB679, 0xB699, 0xB699, 0xD6BA, 0xBE99, 0xBE99, 0xB699, 0xB699, 0xB679, 0xB679,
    0xB679, 0xB679, 0xB679, 0xA5D7, 0xA638, 0xB699, 0xB679, 0xB699, 0xB699, 0xB699, 0xB679, 0xB679,
    0xB679, 0xB699, 0xDEDA, 0xB699, 0xB699, 0xB699, 0xB699, 0xB679, 0xB679, 0xB679, 0xB679, 0xB699,
    0xB679, 0xD679, 0xB699, 0xB679, 0xB699, 0xB679, 0xB679, 0xAE59, 0xB679, 0xAE58, 0xB679, 0xA5F7,
    0xAE58, 0xB679, 0xB679, 0xAE58, 0xB679, 0xAE59, 0xB679, 0xB679, 0xB679, 0xB679, 0xCE78, 0xB679,
    0xB679, 0xB679, 0xB699, 0xB679, 0xB699, 0xB679, 0xB679, 0xB679, 0xAE58, 0xD6BA, 0xB679, 0xB679,
    0xB679, 0xB679, 0xB699, 0xB679, 0xB679, 0xB679, 0xB679, 0xA5D6, 0xAE58, 0xB679, 0xB699, 0xB679,
    0xB679, 0xB679, 0xB699, 0xB699, 0xB699, 0xB699, 0xD6BA, 0xB679, 0xB679, 0xB679, 0xB679, 0xB679,
    0xB679, 0xB679, 0xB699, 0xB699, 0xAE58, 0xDEFB, 0xB699, 0xB679, 0xB679, 0xB699, 0xB699, 0xB699,
    0xB699, 0xB699, 0xBE99, 0x9DB6, 0xAE38, 0xB699, 0xB679, 0xB679, 0xB699, 0xB679, 0xB679, 0xB699,
    0xB699, 0xB699, 0xD6BA, 0xB699, 0xB679, 0xB699, 0xB699, 0xB699, 0xB679, 0xB699, 0xB679, 0xB699,
    0xB679, 0xD6B9, 0xB679, 0xB679, 0xB679, 0xB679, 0xBE99, 0xB679, 0xB679, 0xB699, 0xB699, 0x9DD6,
    0xA617, 0xB679, 0xB679, 0xB679, 0xB679, 0xB679, 0xB699, 0xB679, 0xB679, 0xB679, 0xDEFB, 0xB679,
    0xB679, 0xB679, 0xB679, 0xB679, 0xB679, 0xB679, 0xB679, 0xB679, 0xAE78, 0xD6BA, 0xB679, 0xB679,
    0xAE79, 0xB679, 0xB679, 0xAE58, 0xAE58, 0xB679, 0xAE79, 0x9DD6, 0xA638, 0xAE58, 0xAE58, 0xB679,
    0xB679, 0xB679, 0xB679, 0xB679, 0xB679, 0xAE79, 0xC638, 0xAE59, 0xB679, 0xAE58, 0xAE78, 0xB679,
    0xB699, 0xB679, 0xB679, 0xB679, 0xB679, 0xDEFB, 0xB679, 0xB679, 0xB679, 0xB679, 0xB679, 0xB699,
    0xB679, 0xB679, 0xB679, 0xA5D6, 0xAE59, 0xB679, 0xB679, 0xB679, 0xB679, 0xB679, 0xB679, 0xB679,
    0xB679, 0xB699, 0xCE79, 0xB679, 0xB679, 0xB679, 0xB679, 0xB679, 0xB699, 0xB679, 0xB699, 0xB699,
    0xBE99, 0xDEDA, 0xB679, 0xB679, 0xB679, 0xB679, 0xB699, 0xB699, 0xB699, 0xB679, 0xB699, 0xA5D6,
    0xA618, 0xB679, 0xB679, 0xB679, 0xB679, 0xB679, 0xB679, 0xB679, 0xB679, 0xB699, 0xD69A, 0xB679,
    0xB679, 0xB699, 0xB679, 0xB679, 0xB699, 0xB679, 0xB679, 0xB699, 0xB679, 0xDEDA, 0xB679, 0xB679,
    0xB679, 0xB679, 0xB679, 0xB679, 0xB679, 0xB699, 0xB699, 0xA5D7, 0xA617, 0xB679, 0xB679, 0xB679,
    0xB679, 0xB699, 0xB679, 0xB679, 0xB679, 0xB679, 0xD6DA, 0xB679, 0xB679, 0xAE78, 0xAE58, 0xB679,
    0xB679, 0xB679, 0xB679, 0xB679, 0xB679, 0xDEDA, 0xB659, 0xB679, 0xB658, 0xAE58, 0xB679, 0xAE58,
    0xAE58, 0xAE58, 0xAE58, 0x9DD6, 0xA638, 0xAE58, 0xAE58, 0xAE58, 0xAE58, 0xB678, 0xB678, 0xB679,
    0xB679, 0xBEB9, 0xC638, 0xAE58, 0xAE58, 0xB658, 0xAE58, 0xAE58, 0xB679, 0xB679, 0xB679, 0xB679,
    0xB679, 0xDEDA, 0xB679, 0xAE58, 0xAE78, 0xB679, 0xB679, 0xB679, 0xB699, 0xB679, 0xB679, 0xA5B6,
    0xAE58, 0xAE79, 0xAE78, 0xB679, 0xAE78, 0xB679, 0xB678, 0xB679, 0xB679, 0xB679, 0xCE58, 0xB679,
    0xB658, 0xAE58, 0xB679, 0xAE58, 0xB679, 0xB699, 0xB679, 0xB699, 0xB699, 0xDEDA, 0xB679, 0xB679,
    0xB679, 0xB679, 0xB679, 0xB679, 0xB679, 0xAE58, 0xB679, 0x9DB6, 0xA5F7, 0xB679, 0xB678, 0xAE78,
    0xB679, 0xB679, 0xB679, 0xB679, 0xB679, 0xB679, 0xDEDA, 0xB679, 0xB679, 0xB679, 0xB679, 0xB679,
    0xB679, 0xB699, 0xB679, 0xB679, 0xB699, 0xD6BA, 0xB679, 0xB679, 0xB679, 0xB678, 0xAE58, 0xB678,
    0xAE78, 0xB679, 0xB679, 0x9DB6, 0xA617, 0xAE58, 0xB658, 0xB679, 0xB679, 0xB679, 0xB679, 0xB699,
    0xB679, 0xBEB9, 0xD6BA, 0xAE58, 0xAE58, 0xAE58, 0xAE58, 0xAE78, 0xAE58, 0xAE58, 0xB659, 0xB678,
    0xAE79, 0xCE79, 0xB679, 0xB678, 0xAE78, 0xAE58, 0xAE58, 0xAE58, 0xAE38, 0xAE58, 0xAE58, 0x9DD6,
    0xAE38, 0xAE58, 0xAE38, 0xAE58, 0xAE58, 0xB679, 0xB658, 0xB679, 0xC6BA, 0xB699, 0xC638, 0xAE58,
    0xAE58, 0xAE58, 0xB678, 0xB679, 0xB679, 0xB679, 0xB699, 0xBEBA, 0xAE38, 0xDEFB, 0xB678, 0xB678,
    0xAE78, 0xB679, 0xB679, 0xB679, 0xB699, 0xB699, 0xBE99, 0x9DB6, 0xAE58, 0xAE58, 0xAE58, 0xAE58,
    0xAE58, 0xAE58, 0xAE58, 0xB679, 0xB679, 0xB679, 0xCE79, 0xB679, 0xB678, 0xB658, 0xB679, 0xB679,
    0xB679, 0xB679, 0xB699, 0xBEBA, 0xAE58, 0xDEFB, 0xB678, 0xB679, 0xB679, 0xB679, 0xAE79, 0xB679,
    0xB679, 0xB679, 0xB679, 0x9DB6, 0xA617, 0xAE58, 0xAE58, 0xAE79, 0xB679, 0xB679, 0xB679, 0xB679,
    0xB679, 0xB679, 0xD6B9, 0xB699, 0xB699, 0xB679, 0xB679, 0xB679, 0xB699, 0xB679, 0xB679, 0xB679,
    0xB679, 0xDEDA, 0xB679, 0xB679, 0xB679, 0xAE78, 0xB679, 0xB679, 0xB679, 0xB679, 0xB679, 0x9DD6,
    0xA617, 0xB659, 0xB658, 0xB679, 0xB679, 0xB699, 0xB679, 0xB679, 0xBEB9, 0xBE99, 0xD6B9, 0xB678,
    0xAE58, 0xAE58, 0xAE58, 0xAE58, 0xAE58, 0xAE58, 0xAE58, 0xB679, 0xAE79, 0xDEDA, 0xAE58, 0xB678,
    0xB678, 0xAE58, 0xAE58, 0xAE58, 0xAE58, 0xAE58, 0xAE58, 0x9DD6, 0xAE38, 0xAE38, 0xAE38, 0xAE58,
    0xAE58, 0xAE58, 0xB658, 0xB678, 0xB679, 0xB679, 0xCE58, 0xB679, 0xB679, 0xAE58, 0xAE79, 0xAE79,
    0xB679, 0xB679, 0xBE99, 0xBEB9, 0xAE38, 0xD6FA, 0xAE58, 0xB678, 0xB678, 0xB678, 0xB678, 0xB679,
    0xB679, 0xB699, 0xBEB9, 0x9DB6, 0xAE38, 0xAE58, 0xAE58, 0xAE58, 0xB679, 0xAE58, 0xAE58, 0xAE58,
    0xB679, 0xB679, 0xCE58, 0xB679, 0xB679, 0xB679, 0xB679, 0xB679, 0xAE78, 0xB679, 0xBEB9, 0xBEB9,
    0xAE38, 0xDEDA, 0xB679, 0xB678, 0xB679, 0xB679, 0xAE78, 0xAE58, 0xB679, 0xB679, 0xB679, 0x9DD6,
    0xAE38, 0xB679, 0xB658, 0xB679, 0xAE79, 0xB679, 0xB679, 0xB679, 0xB679, 0xB679, 0xD699, 0xB679,
    0xB678, 0xB659, 0xB678, 0xB679, 0xB679, 0xB679, 0xAE79, 0xB679, 0xAE58, 0xD6BA, 0xB658, 0xB658,
    0xAE78, 0xAE59, 0xAE78, 0xAE58, 0xB679, 0xB679, 0xB699, 0xA5D6, 0xA5F7, 0xB658, 0xB679, 0xAE78,
    0xB679, 0xB679, 0xB679, 0xB679, 0xBE99, 0xBE99, 0xCE79, 0xAE58, 0xAE58, 0xAE58, 0xB678, 0xAE58,
    0xAE58, 0xAE58, 0xAE58, 0xB679, 0xB658, 0xD6B9, 0xAE58, 0xAE58, 0xB679, 0xAE78, 0xAE58, 0xAE58,
    0xAE58, 0xAE58, 0xAE58, 0x9DD6, 0xBE17, 0xC637, 0xD699, 0xD699, 0xD699, 0xD6BA, 0xD699, 0xCE58,
    0xCE99, 0xC617, 0xCE58, 0xC637, 0xCE78, 0xCE99, 0xD699, 0xCE58, 0xCE79, 0xCE78, 0xD699, 0xC658,
    0xC638, 0xBDD6, 0xCE58, 0xCE79, 0xD699, 0xD6B9, 0xCE78, 0xCE99, 0xD699, 0xCE79, 0xCE58, 0xB5D6,
    0xC638, 0xC658, 0xCE58, 0xD699, 0xD699, 0xD699, 0xD699, 0xCE78, 0xCE58, 0xC637, 0xCE58, 0xCE78,
    0xCE78, 0xD699, 0xCE99, 0xCE79, 0xD699, 0xCE79, 0xCE78, 0xCE99, 0xC617, 0xCE78, 0xC638, 0xD699,
    0xCE78, 0xCE78, 0xD699, 0xD699, 0xD699, 0xCE58, 0xC638, 0xBE17, 0xC658, 0xC637, 0xD6B9, 0xD699,
    0xD699, 0xD699, 0xD699, 0xCE99, 0xD6B9, 0xCE58, 0xC638, 0xC658, 0xCE78, 0xCE79, 0xCE79, 0xCE79,
    0xD699, 0xD699, 0xD699, 0xCE58, 0xCE79, 0xC657, 0xD699, 0xD699, 0xCE79, 0xD699, 0xC638, 0xD6B9,
    0xD699, 0xCE78, 0xCE78, 0xBE17, 0xBE17, 0xC658, 0xD699, 0xD699, 0xCE79, 0xD699, 0xD6B9, 0xCE99,
    0xCE99, 0xCE78, 0xBE17, 0xCE58, 0xCE78, 0xCE58, 0xD6B9, 0xD699, 0xCE79, 0xD699, 0xCE79, 0xCE78,
    0xC658, 0xCE58, 0xC637, 0xC638, 0xCE79, 0xCE99, 0xCE58, 0xCE79, 0xCE58, 0xC637, 0xC617, 0xBDF6,
    0xAE79, 0xB699, 0xBE9A, 0xB699, 0xB69A, 0xB699, 0xB699, 0xB699, 0xB699, 0xB679, 0xD6DA, 0xB69A,
    0xBEBA, 0xB69A, 0xB69A, 0xB699, 0xB699, 0xB69A, 0xB699, 0xB699, 0xAE58, 0xDEFB, 0xBE9A, 0xB699,
    0xB69A, 0xB699, 0xB69A, 0xB699, 0xB699, 0xB699, 0xB699, 0x9DD6, 0xB679, 0xBE9A, 0xB699, 0xB6BA,
    0xB69A, 0xB69A, 0xB699, 0xB699, 0xB699, 0xBE9A, 0xD6BA, 0xBE9A, 0xBEBA, 0xBE99, 0xB699, 0xB69A,
    0xB69A, 0xB699, 0xBE9A, 0xB699, 0xB679, 0xDEFB, 0xBE9A, 0xBEBA, 0xBEBA, 0xBEBA, 0xB699, 0xB69A,
    0xB699, 0xBEBA, 0xC6BA, 0xA5F7, 0xB659, 0xBE99, 0xBEBA, 0xCF1B, 0xD71B, 0xCEFB, 0xCEFA, 0xC6DA,
    0xBEBA, 0xB699, 0xDEDA, 0xBEBA, 0xCEFB, 0xC6DA, 0xBEBA, 0xBE9A, 0xBEBA, 0xBEBA, 0xBEBA, 0xBEBA,
    0xBE99, 0xD6BA, 0xBEBA, 0xBE9A, 0xBEBA, 0xBEBA, 0xB69A, 0xB699, 0xB69A, 0xB69A, 0xB699, 0x9DD6,
    0xAE58, 0xBEBA, 0xBE99, 0xBE9A, 0xB6BA, 0xB699, 0xB699, 0xB69A, 0xB699, 0xBEBA, 0xDEDA, 0xBE99,
    0xBE9A, 0xB69A, 0xB699, 0xB699, 0xB699, 0xB69A, 0xB699, 0xB699, 0xB679, 0xD6DA, 0xBE9A, 0xBE99,
    0xB699, 0xB699, 0xB699, 0xB679, 0xB679, 0xB679, 0xB699, 0x9DD6, 0xB679, 0xB679, 0xB679, 0xB679,
    0xB679, 0xB679, 0xB679, 0xB679, 0xB679, 0xB679, 0xD699, 0xB699, 0xB699, 0xB699, 0xB679, 0xB699,
    0xB699, 0xB699, 0xB699, 0xB699, 0xAE58, 0xDF1B, 0xB699, 0xB699, 0xB699, 0xB699, 0xB699, 0xB699,
    0xB699, 0xB679, 0xB679, 0x9DB6, 0xAE59, 0xB699, 0xB699, 0xB699, 0xB699, 0xB699, 0xB679, 0xB679,
    0xB699, 0xB699, 0xD679, 0xBE99, 0xBE99, 0xB699, 0xB699, 0xBE99, 0xB699, 0xB699, 0xB699, 0xB699,
    0xB679, 0xDEFB, 0xB699, 0xB699, 0xBE9A, 0xB699, 0xBE99, 0xB699, 0xB699, 0xBE99, 0xBE99, 0x9DB6,
    0xB679, 0xBE99, 0xBE99, 0xB699, 0xBE99, 0xB699, 0xB699, 0xB699, 0xB699, 0xB699, 0xD6BA, 0xB699,
    0xB699, 0xB699, 0xB699, 0xB699, 0xBE99, 0xBE99, 0xBE9A, 0xBE99, 0xB679, 0xD6BA, 0xBE99, 0xBE99,
    0xB699, 0xB699, 0xB679, 0xB679, 0xB679, 0xB679, 0xB679, 0xA5F7, 0xAE38, 0xB699, 0xB699, 0xB699,
    0xB699, 0xB679, 0xB699, 0xB699, 0xB699, 0xB699, 0xDEDA, 0xB699, 0xB699, 0xB699, 0xB699, 0xB699,
    0xB699, 0xB699, 0xB699, 0xB699, 0xB679, 0xCE99, 0xB699, 0xB679, 0xB699, 0xB679, 0xB679, 0xB679,
    0xB679, 0xAE58, 0xB679, 0x9DD6, 0xB679, 0xB679, 0xB679, 0xB679, 0xB679, 0xB679, 0xAE79, 0xB679,
    0xB679, 0xB679, 0xD699, 0xB699, 0xB699, 0xB699, 0xB699, 0xB699, 0xB699, 0xB679, 0xB679, 0xB699,
    0xAE58, 0xE71B, 0xB699, 0xB699, 0xB699, 0xB699, 0xB699, 0xB699, 0xB679, 0xB679, 0xB679, 0x9DB6,
    0xAE59, 0xB699, 0xB699, 0xBE99, 0xB679, 0xB679, 0xB679, 0xB679, 0xB699, 0xB699, 0xD6DA, 0xBE99,
    0xBE99, 0xB699, 0xB699, 0xB699, 0xB699, 0xB699, 0xB699, 0xB699, 0xB679, 0xDEFB, 0xB699, 0xB699,
    0xBE99, 0xB699, 0xB699, 0xB679, 0xB679, 0xB699, 0xB699, 0xA5B6, 0xAE79, 0xBE99, 0xB699, 0xBE99,
    0xB699, 0xBE99, 0xB699, 0xB699, 0xB699, 0xB699, 0xD699, 0xB699, 0xBE99, 0xBE99, 0xB699, 0xB699,
    0xB699, 0xB699, 0xB699, 0xBE99, 0xB679, 0xD69A, 0xBE9A, 0xB699, 0xB699, 0xB699, 0xB679, 0xB679,
    0xB679, 0xB679, 0xAE79, 0x9DD7, 0xAE38, 0xB699, 0xB699, 0xB699, 0xB699, 0xB679, 0xB679, 0xB699,
    0xB679, 0xB699, 0xDEDA, 0xB699, 0xB699, 0xB699, 0xB699, 0xB679, 0xB679, 0xB679, 0xB699, 0xB699,
    0xB679, 0xD699, 0xB699, 0xB699, 0xB679, 0xB699, 0xB679, 0xB679, 0xB679, 0xAE79, 0xB679, 0x9DD6,
    0xAE59, 0xB679, 0xB679, 0xB679, 0xB679, 0xB679, 0xAE79, 0xB679, 0xB679, 0xB679, 0xD699, 0xB699,
    0xB699, 0xB679, 0xB699, 0xB699, 0xB679, 0xB679, 0xB679, 0xB699, 0xB658, 0xD6DA, 0xBE99, 0xB699,
    0xB699, 0xB699, 0xB699, 0xB679, 0xB679, 0xB679, 0xB679, 0xA5D6, 0xAE58, 0xB699, 0xB699, 0xB679,
    0xB679, 0xB679, 0xB679, 0xB679, 0xB679, 0xB699, 0xDEDA, 0xBEBA, 0xBE99, 0xBE99, 0xB699, 0xB699,
    0xB699, 0xB679, 0xB699, 0xB699, 0xB679, 0xDEDA, 0xB699, 0xB679, 0xB699, 0xB699, 0xB679, 0xB679,
    0xB699, 0xB699, 0xB699, 0xA5F6, 0xAE59, 0xBE99, 0xB699, 0xB699, 0xB699, 0xB699, 0xB699, 0xB699,
    0xB699, 0xB699, 0xD699, 0xB699, 0xB699, 0xBE99, 0xB699, 0xB699, 0xB679, 0xB679, 0xB699, 0xBE99,
    0xB699, 0xD6BA, 0xB699, 0xBE99, 0xB699, 0xB679, 0xB679, 0xB679, 0xB679, 0xB679, 0xB679, 0xA5F7,
    0xAE18, 0xB699, 0xB699, 0xB699, 0xB699, 0xB679, 0xB679, 0xB679, 0xB699, 0xB699, 0xDEDA, 0xB699,
    0xB679, 0xB699, 0xB699, 0xB679, 0xB679, 0xB679, 0xB679, 0xB699, 0xB679, 0xDEBA, 0xB679, 0xB679,
    0xB679, 0xB679, 0xAE79, 0xB679, 0xB679, 0xB679, 0xB679, 0xA5F7, 0xAE58, 0xB679, 0xB679, 0xB679,
    0xB679, 0xAE78, 0xAE79, 0xB679, 0xB679, 0xB679, 0xCE79, 0xB699, 0xB679, 0xB679, 0xB679, 0xB679,
    0xB679, 0xB679, 0xB679, 0xB679, 0xAE58, 0xD6DA, 0xB679, 0xB699, 0xB699, 0xB699, 0xB679, 0xB699,
    0xB679, 0xB679, 0xB679, 0x9D96, 0xAE59, 0xB679, 0xB699, 0xB679, 0xB679, 0xB679, 0xB679, 0xB679,
    0xB699, 0xB699, 0xCE58, 0xBE99, 0xB699, 0xB699, 0xB699, 0xB679, 0xB679, 0xB679, 0xB699, 0xB699,
    0xB679, 0xE71B, 0xB699, 0xB699, 0xB699, 0xB699, 0xB699, 0xB679, 0xB679, 0xB679, 0xB699, 0x9DD6,
    0xAE58, 0xB699, 0xB699, 0xB699, 0xB679, 0xB679, 0xB679, 0xB699, 0xB699, 0xB699, 0xDEDA, 0xB679,
    0xB699, 0xB679, 0xB679, 0xB679, 0xB679, 0xB679, 0xB699, 0xB699, 0xB679, 0xCE78, 0xB699, 0xB699,
    0xB699, 0xB699, 0xB679, 0xB679, 0xB679, 0xB679, 0xB679, 0x9DD6, 0xA618, 0xB699, 0xB699, 0xB699,
    0xB699, 0xB699, 0xB679, 0xB679, 0xB699, 0xB699, 0xD699, 0xB679, 0xB679, 0xB679, 0xB679, 0xB679,
    0xB679, 0xAE79, 0xB679, 0xB679, 0xB679, 0xD6B9, 0xB679, 0xB679, 0xAE79, 0xB679, 0xB679, 0xB679,
    0xB679, 0xB679, 0xB679, 0x9DD6, 0xA638, 0xB678, 0xB679, 0xB679, 0xB679, 0xB679, 0xB679, 0xB679,
    0xB679, 0xB679, 0xCE58, 0xB679, 0xB679, 0xB679, 0xB679, 0xB679, 0xB679, 0xB679, 0xB679, 0xB679,
    0xAE58, 0xDEDA, 0xB679, 0xB679, 0xB679, 0xB699, 0xB699, 0xB699, 0xB699, 0xB679, 0xB699, 0x9DB6,
    0xAE59, 0xB679, 0xB679, 0xB679, 0xB679, 0xB679, 0xB679, 0xB699, 0xB699, 0xB699, 0xDEDA, 0xB699,
    0xB699, 0xB679, 0xB679, 0xB679, 0xBE99, 0xB679, 0xB699, 0xB699, 0xB679, 0xD6DA, 0xB679, 0xB699,
    0xB699, 0xB699, 0xB699, 0xB699, 0xB679, 0xB679, 0xB699, 0xA5F6, 0xA638, 0xB699, 0xB679, 0xB699,
    0xB679, 0xB679, 0xB679, 0xB699, 0xB699, 0xB699, 0xDEDA, 0xB679, 0xB679, 0xB679, 0xB679, 0xB679,
    0xB679, 0xB679, 0xB679, 0xB679, 0xB679, 0xD6BA, 0xB679, 0xB699, 0xB679, 0xB679, 0xB699, 0xB699,
    0xB699, 0xB699, 0xB699, 0x9DF6, 0xAE38, 0xB679, 0xB699, 0xB699, 0xB699, 0xB679, 0xB679, 0xB679,
    0xB699, 0xB699, 0xDEDA, 0xB679, 0xB679, 0xB679, 0xB679, 0xB679, 0xB679, 0xB679, 0xB679, 0xAE78,
    0xAE78, 0xDEDA, 0xAE58, 0xAE58, 0xAE58, 0xB659, 0xB679, 0xB679, 0xAE79, 0xAE78, 0xB679, 0x9DD6,
    0xAE38, 0xAE58, 0xAE58, 0xAE58, 0xB679, 0xB679, 0xB679, 0xB679, 0xB679, 0xB679, 0xD699, 0xB679,
    0xB678, 0xB679, 0xB679, 0xB679, 0xB679, 0xB679, 0xB679, 0xB679, 0xB678, 0xDEFB, 0xB679, 0xB679,
    0xAE59, 0xB679, 0xB679, 0xB699, 0xB679, 0xB679, 0xB679, 0xA5D6, 0xAE58, 0xB679, 0xB679, 0xB679,
    0xB679, 0xB679, 0xB679, 0xB679, 0xB699, 0xB699, 0xD699, 0xB679, 0xB679, 0xB679, 0xB679, 0xAE79,
    0xB679, 0xB679, 0xB679, 0xB679, 0xB679, 0xDEDA, 0xB699, 0xB679, 0xB699, 0xB679, 0xB679, 0xB679,
    0xB679, 0xB679, 0xB679, 0xA5D6, 0xA618, 0xB679, 0xB679, 0xAE79, 0xB679, 0xB679, 0xB699, 0xB679,
    0xB699, 0xB699, 0xDEDA, 0xB679, 0xAE79, 0xB679, 0xAE59, 0xAE79, 0xB679, 0xB679, 0xB679, 0xB679,
    0xB679, 0xDEFA, 0xB679, 0xB679, 0xB679, 0xB679, 0xB699, 0xB699, 0xB699, 0xB679, 0xB679, 0x9DD6,
    0xA5F7, 0xB679, 0xB679, 0xB679, 0xB679, 0xB699, 0xB699, 0xB699, 0xB679, 0xB679, 0xDEDA, 0xB679,
    0xB679, 0xB679, 0xAE58, 0xAE78, 0xB679, 0xB679, 0xB679, 0xB679, 0xB678, 0xD6BA, 0xAE58, 0xAE58,
    0xAE58, 0xAE58, 0xAE59, 0xB679, 0xB679, 0xAE58, 0xB679, 0x9DD6, 0xA638, 0xAE38, 0xAE38, 0xAE58,
    0xAE58, 0xB678, 0xB678, 0xB679, 0xB679, 0xBE99, 0xD679, 0xAE58, 0xAE58, 0xAE58, 0xAE58, 0xAE58,
    0xAE59, 0xB679, 0xB679, 0xB679, 0xAE58, 0xDF1B, 0xAE58, 0xAE58, 0xAE58, 0xAE58, 0xAE58, 0xAE78,
    0xB699, 0xB679, 0xBE99, 0xA5B6, 0xA638, 0xAE58, 0xAE58, 0xAE58, 0xAE78, 0xB679, 0xB679, 0xB679,
    0xB679, 0xBEB9, 0xD6B9, 0xB679, 0xAE78, 0xAE58, 0xAE58, 0xAE58, 0xB679, 0xAE58, 0xB679, 0xB679,
    0xB679, 0xD6BA, 0xB699, 0xB699, 0xB699, 0xB679, 0xB679, 0xAE58, 0xAE58, 0xB658, 0xB679, 0x9595,
    0xAE38, 0xAE58, 0xAE58, 0xAE58, 0xAE78, 0xB679, 0xAE79, 0xB679, 0xB699, 0xB699, 0xDEDA, 0xAE59,
    0xAE58, 0xAE58, 0xAE78, 0xB679, 0xAE79, 0xAE58, 0xAE79, 0xB679, 0xB679, 0xDEDA, 0xB679, 0xB679,
    0xAE78, 0xAE58, 0xB678, 0xB679, 0xB679, 0xB699, 0xB699, 0xA5D6, 0xA5F7, 0xAE58, 0xAE58, 0xAE58,
    0xAE58, 0xB679, 0xB679, 0xB699, 0xB699, 0xBEB9, 0xD6BA, 0xAE58, 0xAE58, 0xAE58, 0xAE58, 0xAE58,
    0xB679, 0xB679, 0xAE58, 0xAE58, 0xAE58, 0xD699, 0xAE58, 0xAE58, 0xAE58, 0xAE58, 0xAE38, 0xAE58,
    0xB679, 0xAE58, 0xAE78, 0x9DD6, 0xA638, 0xAE58, 0xAE58, 0xAE58, 0xAE58, 0xAE58, 0xAE58, 0xB679,
    0xC6DA, 0xB699, 0xCE78, 0xAE58, 0xAE58, 0xAE58, 0xAE58, 0xAE58, 0xAE58, 0xAE58, 0xB699, 0xBEB9,
    0xB678, 0xD6DA, 0xAE58, 0xAE58, 0xAE58, 0xAE58, 0xAE58, 0xB679, 0xB679, 0xB699, 0xBEB9, 0xA5D6,
    0xA638, 0xAE58, 0xB679, 0xB679, 0xB678, 0xB679, 0xAE58, 0xB679, 0xC6BA, 0xBEB9, 0xD6B9, 0xB679,
    0xB678, 0xAE58, 0xAE58, 0xB679, 0xB679, 0xAE78, 0xB679, 0xB679, 0xAE58, 0xDEFA, 0xB699, 0xB679,
    0xB699, 0xB679, 0xB679, 0xAE79, 0xAE58, 0xB679, 0xB679, 0x9DB6, 0xA617, 0xAE78, 0xAE78, 0xB679,
    0xAE58, 0xAE58, 0xAE78, 0xB679, 0xB699, 0xB679, 0xD6B9, 0xAE58, 0xB678, 0xAE58, 0xB678, 0xB679,
    0xB678, 0xAE79, 0xAE78, 0xB679, 0xB679, 0xD6B9, 0xB658, 0xAE58, 0xB679, 0xAE58, 0xB659, 0xB679,
    0xB679, 0xBE99, 0xBEB9, 0xA5F7, 0x9DD6, 0xAE58, 0xAE58, 0xAE58, 0xB678, 0xB679, 0xB678, 0xB699,
    0xBEBA, 0xBEB9, 0xD6B9, 0xAE58, 0xAE58, 0xAE58, 0xAE58, 0xAE58, 0xAE58, 0xAE58, 0xB679, 0xAE58,
    0xB679, 0xD699, 0xAE58, 0xAE58, 0xAE58, 0xAE58, 0xAE58, 0xAE58, 0xAE58, 0xAE58, 0xB679, 0x9DD6,
    0xA617, 0xA638, 0xAE38, 0xAE38, 0xAE38, 0xAE38, 0xAE38, 0xAE58, 0xAE38, 0xAE58, 0xCE58, 0xAE38,
    0xAE38, 0xAE58, 0xAE58, 0xAE58, 0xAE38, 0xAE58, 0xAE58, 0xAE58, 0xAE58, 0xD6BA, 0xAE38, 0xAE58,
    0xAE58, 0xAE58, 0xAE58, 0xAE58, 0xB658, 0xAE58, 0xB658, 0x9D95, 0xAE58, 0xB658, 0xAE58, 0xAE58,
    0xAE58, 0xAE58, 0xAE58, 0xAE58, 0xAE58, 0xAE58, 0xD699, 0xA638, 0xAE58, 0xAE58, 0xAE58, 0xAE58,
    0xAE58, 0xAE58, 0xAE58, 0xB658, 0xB658, 0xD6BA, 0xB679, 0xB678, 0xB679, 0xB679, 0xAE58, 0xAE58,
    0xAE58, 0xAE58, 0xAE38, 0xA5D6, 0xA617, 0xAE58, 0xAE58, 0xAE58, 0xAE58, 0xAE58, 0xAE58, 0xAE58,
    0xAE58, 0xB679, 0xDEDA, 0xAE58, 0xAE58, 0xAE58, 0xAE58, 0xAE58, 0xAE58, 0xAE58, 0xAE58, 0xAE58,
    0xAE58, 0xD6DA, 0xAE38, 0xAE58, 0xAE58, 0xAE58, 0xAE58, 0xAE58, 0xAE58, 0xAE58, 0xB678, 0x95B6,
    0xA5D6, 0xAE58, 0xAE58, 0xAE58, 0xAE58, 0xAE38, 0xAE58, 0xAE58, 0xAE58, 0xAE58, 0xD699, 0xA637,
    0xAE58, 0xAE38, 0xAE58, 0xAE58, 0xAE38, 0xAE38, 0xAE38, 0xAE38, 0xAE58, 0xD699, 0xA617, 0xA638,
    0xAE38, 0xA638, 0xA638, 0xA638, 0xA638, 0xA637, 0xAE38, 0x9DD6, 0xD699, 0xCE79, 0xD699, 0xD6DA,
    0xDEDA, 0xD6BA, 0xDEDA, 0xD6B9, 0xDEFA, 0xD6B9, 0xD699, 0xD6BA, 0xDEDA, 0xDEDA, 0xD6B9, 0xDEDA,
    0xD6B9, 0xDEDA, 0xD6BA, 0xD6BA, 0xDEBA, 0xD6B9, 0xDEFA, 0xD6B9, 0xD6BA, 0xDEDA, 0xD6BA, 0xDEDA,
    0xDEDA, 0xDEDA, 0xCE78, 0xDEFA, 0xDEFB, 0xD6BA, 0xD6B9, 0xDEDA, 0xD699, 0xDEDA, 0xD6B9, 0xDEDA,
    0xDEBA, 0xDEDA, 0xCE58, 0xDEDA, 0xD6DA, 0xD6B9, 0xD6B9, 0xDEDA, 0xDEDA, 0xD6BA, 0xDEDA, 0xD6BA,
    0xDEDA, 0xDEFB, 0xDEBA, 0xD699, 0xD6B9, 0xDEDA, 0xD6BA, 0xD699, 0xD6BA, 0xD6BA, 0xD6BA, 0xDEDA,
    0xDEFB, 0xD6B9, 0xD699, 0xDEFB, 0xDEFB, 0xD6DA, 0xD699, 0xDEDA, 0xDEFB, 0xDEDA, 0xD6BA, 0xDEDA,
    0xD6BA, 0xD6BA, 0xD6BA, 0xDEFA, 0xDEFA, 0xDEFB, 0xDEDA, 0xDEDA, 0xDEDA, 0xD699, 0xD699, 0xD699,
    0xDEDA, 0xDEDA, 0xD6BA, 0xDEFA, 0xDEBA, 0xDEFA, 0xDEDA, 0xDEFA, 0xDEFB, 0xD6BA, 0xD6DA, 0xDEDA,
    0xD6BA, 0xD6BA, 0xD6DA, 0xD6DA, 0xDEDA, 0xDEBA, 0xD699, 0xDEDA, 0xDEDA, 0xD6BA, 0xDEDA, 0xDEFB,
    0xDEDA, 0xDEDA, 0xDEDA, 0xD6DA, 0xDEBA, 0xD699, 0xD6BA, 0xD6B9, 0xDEDA, 0xD6BA, 0xDEFA, 0xDEDA,
    0xD699, 0xD6B9, 0xDEDA, 0xD6BA, 0xAE38, 0xB679, 0xB679, 0xB679, 0xB679, 0xB679, 0xB679, 0xB679,
    0xB699, 0xB679, 0xD699, 0xB679, 0xB679, 0xB699, 0xB699, 0xB699, 0xB699, 0xB679, 0xB679, 0xB679,
    0xAE38, 0xDF1B, 0xB699, 0xB679, 0xB699, 0xB699, 0xB679, 0xB679, 0xB679, 0xB699, 0xB679, 0xA5D6,
    0xAE38, 0xB699, 0xB699, 0xB699, 0xB679, 0xB679, 0xB679, 0xB699, 0xB699, 0xB699, 0xCE99, 0xB699,
    0xB679, 0xB679, 0xB699, 0xB679, 0xB679, 0xB679, 0xB699, 0xB699, 0xB679, 0xDEFB, 0xB699, 0xB699,
    0xB699, 0xB699, 0xB699, 0xB699, 0xB699, 0xB699, 0xB699, 0x9DD6, 0xAE58, 0xB699, 0xB699, 0xBE9A,
    0xBE99, 0xBE99, 0xB699, 0xB699, 0xB699, 0xB699, 0xD6BA, 0xB699, 0xB699, 0xBE99, 0xB699, 0xB699,
    0xB699, 0xBE99, 0xBE99, 0xBE99, 0xB679, 0xD6BA, 0xB679, 0xB679, 0xB699, 0xB699, 0xB699, 0xB679,
    0xB679, 0xB699, 0xB679, 0x9DF7, 0xAE18, 0xB679, 0xB699, 0xB699, 0xB699, 0xB679, 0xB699, 0xB679,
    0xB679, 0xB679, 0xD6B9, 0xB699, 0xB699, 0xB699, 0xB679, 0xB699, 0xB679, 0xB679, 0xB679, 0xB679,
    0xAE78, 0xDEBA, 0xB679, 0xB699, 0xB679, 0xB679, 0xB679, 0xB679, 0xB679, 0xB679, 0xB679, 0x9DB6,
    0xAE38, 0xB679, 0xB679, 0xB679, 0xB679, 0xB679, 0xB679, 0xB679, 0xB679, 0xB679, 0xDEBA, 0xB679,
    0xB679, 0xB699, 0xB699, 0xB699, 0xB679, 0xB679, 0xB679, 0xB679, 0xAE38, 0xDEFB, 0xB699, 0xB699,
    0xB699, 0xB699, 0xB699, 0xB679, 0xB699, 0xB699, 0xB679, 0xA5D6, 0xAE38, 0xB679, 0xB699, 0xBE99,
    0xB679, 0xB679, 0xB699, 0xB679, 0xB699, 0xB699, 0xD6BA, 0xB699, 0xB699, 0xB679, 0xB699, 0xB699,
    0xB699, 0xB699, 0xB699, 0xB699, 0xB679, 0xE71B, 0xB699, 0xB699, 0xB699, 0xB699, 0xB699, 0xB699,
    0xB699, 0xBE99, 0xB699, 0xA5D6, 0xAE59, 0xB699, 0xB699, 0xB699, 0xBE99, 0xBE99, 0xBE9A, 0xB699,
    0xB699, 0xB699, 0xD6DA, 0xB699, 0xB699, 0xB679, 0xBE99, 0xB699, 0xBE99, 0xB699, 0xBE99, 0xBE99,
    0xB679, 0xD6BA, 0xB679, 0xB679, 0xB699, 0xB699, 0xB699, 0xB679, 0xB679, 0xB679, 0xB679, 0x9DF7,
    0xAE38, 0xB679, 0xB679, 0xB699, 0xB699, 0xB679, 0xB699, 0xB679, 0xB699, 0xB679, 0xDEFA, 0xB679,
    0xB679, 0xB699, 0xBE99, 0xB679, 0xB679, 0xB679, 0xB679, 0xB679, 0xB679, 0xDEFA, 0xB679, 0xB679,
    0xB679, 0xB679, 0xB679, 0xB679, 0xB679, 0xB679, 0xB679, 0x9DD6, 0xAE58, 0xB679, 0xB679, 0xB679,
    0xB679, 0xB678, 0xB679, 0xB679, 0xB679, 0xB679, 0xCE58, 0xB679, 0xB679, 0xB699, 0xB679, 0xB679,
    0xB679, 0xB679, 0xB679, 0xB679, 0xAE58, 0xDEFB, 0xB699, 0xB699, 0xB699, 0xB699, 0xB699, 0xB699,
    0xB679, 0xB679, 0xB679, 0xA5B6, 0xAE58, 0xB679, 0xBE99, 0xB699, 0xB679, 0xB679, 0xB679, 0xB679,
    0xB679, 0xB699, 0xD699, 0xB699, 0xB699, 0xB699, 0xB699, 0xB679, 0xB679, 0xB679, 0xB699, 0xB679,
    0xB679, 0xE71B, 0xB699, 0xB699, 0xB699, 0xB699, 0xB699, 0xB679, 0xB699, 0xB699, 0xB699, 0xA5D6,
    0xB658, 0xBE99, 0xB699, 0xB699, 0xB699, 0xB699, 0xB699, 0xB699, 0xB699, 0xB699, 0xD6BA, 0xB679,
    0xB699, 0xB679, 0xB679, 0xB699, 0xB699, 0xB699, 0xB699, 0xB699, 0xB679, 0xD6BA, 0xB679, 0xB679,
    0xB699, 0xB699, 0xB699, 0xB679, 0xB679, 0xB679, 0xB679, 0x9DD6, 0xAE38, 0xB699, 0xB699, 0xB699,
    0xB699, 0xB699, 0xB699, 0xB679, 0xB679, 0xB679, 0xD6B9, 0xB679, 0xB699, 0xB699, 0xB679, 0xB679,
    0xB679, 0xB679, 0xB679, 0xB679, 0xB679, 0xD6B9, 0xB679, 0xB679, 0xB679, 0xB679, 0xAE78, 0xB679,
    0xAE58, 0xB658, 0xB679, 0x9DD6, 0xAE38, 0xB679, 0xB679, 0xB679, 0xAE58, 0xB679, 0xB679, 0xB679,
    0xB679, 0xB679, 0xD699, 0xB679, 0xB679, 0xB679, 0xB679, 0xB679, 0xB679, 0xB679, 0xB679, 0xB679,
    0xAE58, 0xDEDA, 0xB699, 0xB699, 0xB679, 0xB679, 0xB679, 0xB679, 0xB679, 0xB679, 0xB679, 0xA5B6,
    0xAE58, 0xB679, 0xB699, 0xB699, 0xB679, 0xB699, 0xB679, 0xB679, 0xB679, 0xB699, 0xD6DA, 0xB679,
    0xB699, 0xB699, 0xB699, 0xB699, 0xB679, 0xB699, 0xB699, 0xB699, 0xB679, 0xDEFA, 0xB699, 0xB699,
    0xB699, 0xB699, 0xB699, 0xB679, 0xB679, 0xB679, 0xB699, 0xA5D6, 0xAE38, 0xB699, 0xB699, 0xB699,
    0xB679, 0xB699, 0xB699, 0xB699, 0xB699, 0xB699, 0xDEFB, 0xB679, 0xB679, 0xB679, 0xB679, 0xB679,
    0xB679, 0xB699, 0xB699, 0xB699, 0xB699, 0xD69A, 0xB679, 0xB679, 0xB699, 0xB699, 0xB699, 0xB679,
    0xB679, 0xB679, 0xB679, 0x9DD6, 0xA617, 0xB699, 0xB679, 0xB699, 0xB679, 0xB679, 0xB679, 0xB679,
    0xB679, 0xB679, 0xD6BA, 0xB679, 0xB679, 0xB699, 0xB679, 0xB679, 0xB679, 0xB679, 0xB679, 0xB679,
    0xB679, 0xD6B9, 0xB679, 0xB679, 0xB679, 0xB679, 0xAE58, 0xAE58, 0xAE58, 0xAE58, 0xB679, 0x9DB6,
    0xAE38, 0xAE58, 0xAE58, 0xAE58, 0xB679, 0xAE58, 0xAE58, 0xAE58, 0xB679, 0xAE78, 0xD699, 0xAE59,
    0xB679, 0xB679, 0xB679, 0xB679, 0xB679, 0xB679, 0xB679, 0xB679, 0xA638, 0xDF1B, 0xB679, 0xB679,
    0xB679, 0xB679, 0xB679, 0xB679, 0xB679, 0xB699, 0xB679, 0x9DB6, 0xAE58, 0xB679, 0xB699, 0xB679,
    0xB679, 0xB679, 0xB699, 0xB699, 0xB679, 0xB679, 0xCE79, 0xB679, 0xB679, 0xB679, 0xB679, 0xB679,
    0xB679, 0xB679, 0xB699, 0xB699, 0xAE79, 0xE71B, 0xB699, 0xB699, 0xB679, 0xB699, 0xB679, 0xB679,
    0xB679, 0xB679, 0xB679, 0x9DD6, 0xAE38, 0xB699, 0xB679, 0xB699, 0xB679, 0xB679, 0xB679, 0xB679,
    0xB679, 0xB679, 0xDEDA, 0xAE79, 0xB679, 0xB679, 0xB679, 0xB679, 0xB679, 0xB679, 0xB699, 0xB679,
    0xB679, 0xD6B9, 0xB679, 0xB679, 0xB679, 0xB699, 0xB699, 0xB679, 0xB679, 0xB679, 0xB679, 0x9DD6,
    0xA5F7, 0xB679, 0xB679, 0xB679, 0xB699, 0xB679, 0xB679, 0xB679, 0xB679, 0xB679, 0xDEDA, 0xB679,
    0xB679, 0xB679, 0xB679, 0xB679, 0xB679, 0xB679, 0xB678, 0xB679, 0xAE78, 0xD6B9, 0xB679, 0xAE58,
    0xB679, 0xB679, 0xAE58, 0xAE58, 0xAE58, 0xAE58, 0xAE78, 0x95B6, 0xAE38, 0xB658, 0xB658, 0xB658,
    0xAE58, 0xAE78, 0xB678, 0xB658, 0xB658, 0xB679, 0xCE58, 0xB679, 0xB679, 0xB679, 0xB679, 0xB679,
    0xB679, 0xB679, 0xB679, 0xB679, 0xAE58, 0xDEFA, 0xB679, 0xB679, 0xB679, 0xB679, 0xB679, 0xB679,
    0xB679, 0xB679, 0xB679, 0xA5B6, 0xAE58, 0xB679, 0xB679, 0xB679, 0xB679, 0xB679, 0xB679, 0xB679,
    0xB679, 0xB679, 0xD6BA, 0xB679, 0xB679, 0xB679, 0xB679, 0xB679, 0xB679, 0xB679, 0xB679, 0xB699,
    0xAE59, 0xDEFB, 0xB699, 0xB679, 0xB699, 0xB699, 0xB699, 0xB679, 0xB679, 0xB679, 0xB679, 0xA5D6,
    0xA638, 0xB679, 0xB679, 0xB679, 0xB679, 0xB679, 0xB679, 0xB679, 0xB679, 0xB679, 0xDEDA, 0xB679,
    0xB679, 0xB679, 0xB679, 0xB679, 0xB679, 0xB679, 0xB679, 0xB679, 0xB679, 0xD699, 0xB699, 0xB679,
    0xB679, 0xB699, 0xB699, 0xB679, 0xB679, 0xB679, 0xB679, 0x9DD6, 0xA5F7, 0xB679, 0xB679, 0xB679,
    0xB679, 0xB699, 0xB699, 0xB699, 0xB679, 0xB679, 0xDEDA, 0xB679, 0xB679, 0xB679, 0xB679, 0xB679,
    0xB679, 0xB679, 0xB679, 0xB659, 0xAE78, 0xD6BA, 0xAE58, 0xAE58, 0xAE58, 0xAE58, 0xAE58, 0xB679,
    0xB679, 0xAE58, 0xB679, 0xA5F7, 0xA617, 0xAE58, 0xAE58, 0xAE38, 0xAE58, 0xAE58, 0xAE58, 0xAE58,
    0xAE58, 0xB679, 0xCE79, 0xAE78, 0xAE58, 0xAE58, 0xB658, 0xB679, 0xB679, 0xB679, 0xB679, 0xB679,
    0xAE58, 0xDEFA, 0xB679, 0xB679, 0xAE58, 0xB679, 0xAE79, 0xAE78, 0xAE78, 0xB679, 0xAE78, 0x9D95,
    0xAE58, 0xB679, 0xB678, 0xAE58, 0xB679, 0xB679, 0xB679, 0xB679, 0xB679, 0xBE99, 0xCE58, 0xB679,
    0xAE58, 0xAE58, 0xAE58, 0xB679, 0xB699, 0xB679, 0xB679, 0xB679, 0xB679, 0xDEDA, 0xB679, 0xB679,
    0xB679, 0xB699, 0xB699, 0xB679, 0xB679, 0xB699, 0xB679, 0x9DB6, 0xA618, 0xB679, 0xB679, 0xAE78,
    0xB679, 0xB679, 0xB679, 0xB679, 0xB679, 0xB679, 0xDEFA, 0xB679, 0xB679, 0xB679, 0xB679, 0xB679,
    0xB679, 0xAE79, 0xB679, 0xB679, 0xB679, 0xD6BA, 0xB679, 0xB679, 0xB679, 0xB679, 0xB679, 0xB679,
    0xB679, 0xB679, 0xAE58, 0x9DD6, 0xA617, 0xB679, 0xB679, 0xB659, 0xB679, 0xB679, 0xB679, 0xB679,
    0xB679, 0xB699, 0xDEFA, 0xB678, 0xB658, 0xAE58, 0xB659, 0xAE78, 0xB678, 0xAE79, 0xAE58, 0xAE58,
    0xAE58, 0xDEDA, 0xAE58, 0xAE58, 0xAE58, 0xAE58, 0xAE58, 0xB679, 0xB679, 0xAE58, 0xAE58, 0x9DD6,
    0xA638, 0xAE58, 0xAE38, 0xAE38, 0xAE38, 0xAE58, 0xAE58, 0xAE58, 0xAE58, 0xAE58, 0xCE78, 0xAE58,
    0xAE58, 0xAE58, 0xAE58, 0xB658, 0xB679, 0xB679, 0xB679, 0xBE99, 0xAE38, 0xD6DA, 0xAE58, 0xAE58,
    0xAE58, 0xAE58, 0xAE58, 0xAE58, 0xAE58, 0xAE58, 0xAE58, 0x9DB6, 0xAE38, 0xAE58, 0xAE58, 0xB658,
    0xAE78, 0xB679, 0xB679, 0xB679, 0xBEB9, 0xBEB9, 0xCE58, 0xB679, 0xB658, 0xAE58, 0xAE58, 0xB679,
    0xB679, 0xB679, 0xAE79, 0xB679, 0xAE58, 0xDEFB, 0xB679, 0xB679, 0xB679, 0xB679, 0xB679, 0xB679,
    0xB679, 0xB679, 0xBE99, 0xA5B6, 0xA617, 0xB658, 0xB658, 0xB659, 0xAE58, 0xB679, 0xB678, 0xB679,
    0xB679, 0xB679, 0xDEDA, 0xB679, 0xB679, 0xB679, 0xB679, 0xB679, 0xB678, 0xAE58, 0xAE58, 0xB679,
    0xAE58, 0xD699, 0xB679, 0xB699, 0xB679, 0xB679, 0xB679, 0xAE58, 0xAE58, 0xAE79, 0xB679, 0x9DD6,
    0xA617, 0xAE58, 0xAE58, 0xB678, 0xAE58, 0xB679, 0xB679, 0xB679, 0xB699, 0xBE99, 0xD6DA, 0xAE58,
    0xB658, 0xAE58, 0xAE58, 0xAE78, 0xAE58, 0xAE58, 0xAE38, 0xAE58, 0xAE58, 0xD6B9, 0xAE38, 0xAE38,
    0xAE58, 0xAE58, 0xAE58, 0xB678, 0xB679, 0xAE58, 0xB679, 0x9DB6, 0xA638, 0xAE38, 0xAE38, 0xAE38,
    0xAE38, 0xAE38, 0xAE38, 0xAE58, 0xAE58, 0xB658, 0xCE78, 0xAE58, 0xAE58, 0xAE58, 0xAE58, 0xB678,
    0xAE58, 0xAE58, 0xB679, 0xC6DA, 0xAE58, 0xDEFA, 0xAE58, 0xAE58, 0xAE58, 0xAE58, 0xAE58, 0xAE58,
    0xAE58, 0xB678, 0xB679, 0xA5D6, 0xA638, 0xB679, 0xB658, 0xAE58, 0xB679, 0xB658, 0xB679, 0xB679,
    0xBEB9, 0xBEB9, 0xD6B9, 0xB679, 0xB658, 0xB658, 0xAE58, 0xB679, 0xB678, 0xB679, 0xB679, 0xB699,
    0xAE58, 0xDEDB, 0xB679, 0xAE79, 0xB679, 0xB679, 0xB679, 0xB679, 0xB679, 0xC6BA, 0xBEB9, 0x9595,
    0xAE38, 0xAE58, 0xB658, 0xAE58, 0xB659, 0xB658, 0xB678, 0xB679, 0xB679, 0xB679, 0xD6BA, 0xB679,
    0xB679, 0xB679, 0xB679, 0xB679, 0xB679, 0xAE79, 0xB679, 0xB679, 0xB679, 0xCE78, 0xB699, 0xB679,
    0xB699, 0xB679, 0xB679, 0xAE58, 0xAE58, 0xB679, 0xB679, 0x9DD6, 0x9DF7, 0xAE58, 0xB658, 0xAE79,
    0xB679, 0xB679, 0xB679, 0xB679, 0xBEB9, 0xBEB9, 0xCE58, 0xB658, 0xAE58, 0xAE58, 0xAE58, 0xAE58,
    0xAE58, 0xAE58, 0xAE58, 0xAE58, 0xAE58, 0xD679, 0xAE58, 0xAE38, 0xAE58, 0xAE38, 0xAE58, 0xAE58,
    0xAE58, 0xBEB9, 0xB679, 0x9DB6, 0x8D75, 0x9595, 0x95B6, 0x9DB6, 0x9DD6, 0x95B5, 0x95B5, 0x95B5,
    0x9DD6, 0x9DD6, 0xC617, 0x95B5, 0x9DB6, 0x9DB6, 0x9DB6, 0x9DD6, 0x9DB6, 0x9DB6, 0x9DB6, 0x9DD6,
    0x9DD6, 0xDEFA, 0x9DB6, 0x9DB6, 0xA5F6, 0x9DD6, 0x95B5, 0x9DD6, 0x9DD6, 0x9DD6, 0x9DD6, 0x9554,
    0x9DB6, 0x95B6, 0x9DD6, 0x9DB6, 0xA5F6, 0x9DD6, 0x9DD6, 0x9DD6, 0xA5D6, 0xA5D6, 0xCE58, 0x9595,
    0x9DD6, 0xA5F7, 0xA617, 0x9DD6, 0x9DD6, 0x9DD6, 0x9DD6, 0xA617, 0x9DB6, 0xD6DA, 0x9DD6, 0x9DD6,
    0x9DD6, 0x9DD6, 0x9DB6, 0x9DD6, 0x9DD6, 0xA5F7, 0x9DD7, 0x9D75, 0x9575, 0x9DD6, 0xA5F6, 0x9DF6,
    0x9DD6, 0x9DF7, 0x9DD6, 0x9DD6, 0x9DD6, 0xA5F7, 0xCE78, 0x9DB6, 0x9DD6, 0x9DD6, 0x9DD6, 0x9DD6,
    0x9DD6, 0x9DD6, 0x95B6, 0x9DD6, 0xA5F7, 0xD6BA, 0x9DB6, 0x9DD6, 0xA5F6, 0x9DD6, 0x9DD6, 0x9DD6,
    0x9DD6, 0x9DD6, 0xA5F7, 0x8D34, 0x9574, 0x9DB6, 0x9DB6, 0x9DD6, 0xA5F6, 0x9DB6, 0x9DB6, 0x9DB6,
    0xA5F7, 0x9DF7, 0xD699, 0x9595, 0x9DB6, 0x9DB6, 0x9DD6, 0x9DB6, 0x95B5, 0x95B6, 0x9595, 0x9DD6,
    0x9DB6, 0xCE99, 0x95B5, 0x9DD6, 0x9DD6, 0x9DB6, 0x9DD6, 0x9DB6, 0x95B5, 0x9DB6, 0x9DB6, 0x9595,
    0xBEBA, 0xC6FB, 0xC6FB, 0xC71B, 0xCEFB, 0xCF1B, 0xCF1C, 0xCF1B, 0xCEFB, 0xC6FB, 0xD699, 0xC6FB,
    0xCEFB, 0xCEFB, 0xCEFB, 0xCF1B, 0xCEFB, 0xCF1C, 0xCEFB, 0xC6FB, 0xC6FB, 0xDEFA, 0xCF1B, 0xCF1B,
    0xCF1C, 0xCF1C, 0xCF1C, 0xCF1B, 0xCF1C, 0xCF1B, 0xCEFB, 0xA5B6, 0xC6FB, 0xCF1C, 0xCF1B, 0xCF1C,
    0xCF1B, 0xCF1B, 0xCF1C, 0xCF1C, 0xCF1B, 0xCF1B, 0xD699, 0xCF1C, 0xCF1B, 0xCEFB, 0xCEFB, 0xCF1C,
    0xCF1C, 0xCF1B, 0xCF1C, 0xCF1C, 0xCF1B, 0xDF1B, 0xCEFB, 0xCF1C, 0xCF1B, 0xCF1B, 0xCF1B, 0xCEFB,
    0xCEFB, 0xCEFB, 0xCF1C, 0xB618, 0xBE9A, 0xCF1B, 0xCF1B, 0xCF1B, 0xCEFB, 0xCF1B, 0xCEFB, 0xCEFB,
    0xCF1B, 0xCEFB, 0xDEFA, 0xCEFB, 0xC6FB, 0xCF1B, 0xCF1B, 0xCF1B, 0xCF1C, 0xCF1C, 0xCF1B, 0xCF1B,
    0xCF1C, 0xD6BA, 0xCF1C, 0xCEFB, 0xCF1B, 0xCF1C, 0xCF1B, 0xCF1B, 0xCF1B, 0xC6FB, 0xCEFB, 0xAE17,
    0xB679, 0xCF1C, 0xCF1C, 0xCF1C, 0xCF1B, 0xCEFB, 0xCEFB, 0xCF1B, 0xCF1C, 0xCF1C, 0xD699, 0xCF1C,
    0xCF1B, 0xCF1B, 0xC71B, 0xCF1C, 0xCEFB, 0xCF1B, 0xCF1B, 0xC6FB, 0xCEFB, 0xD6DA, 0xC6DB, 0xC6FB,
    0xC6FB, 0xCF1B, 0xCEFB, 0xC6DB, 0xC6FB, 0xC6DB, 0xCEFB, 0xB679, 0xAE59, 0xB679, 0xB679, 0xB679,
    0xB679, 0xB679, 0xB679, 0xB699, 0xB699, 0xB679, 0xCE99, 0xAE79, 0xB679, 0xB679, 0xB679, 0xB679,
    0xB679, 0xB699, 0xB679, 0xB679, 0xAE38, 0xDEFB, 0xBE99, 0xB699, 0xB699, 0xB699, 0xB699, 0xB699,
    0xB699, 0xB679, 0xB699, 0x9DB6, 0xAE59, 0xB699, 0xB679, 0xB679, 0xB679, 0xB699, 0xB699, 0xBE99,
    0xBE99, 0xBE99, 0xD679, 0xB699, 0xB699, 0xB699, 0xB699, 0xBE99, 0xBE99, 0xB699, 0xBE99, 0xBE99,
    0xB679, 0xD6DA, 0xB699, 0xB699, 0xB699, 0xB699, 0xB699, 0xB699, 0xB679, 0xB679, 0xB699, 0x9DB6,
    0xAE59, 0xB699, 0xB699, 0xB699, 0xB699, 0xB699, 0xB699, 0xB699, 0xB699, 0xB679, 0xD6B9, 0xB699,
    0xB699, 0xB699, 0xB699, 0xB699, 0xB699, 0xBE99, 0xBE9A, 0xBE99, 0xB679, 0xD699, 0xBE99, 0xB699,
    0xB699, 0xB699, 0xB699, 0xB679, 0xB679, 0xB679, 0xAE79, 0x9DB6, 0xAE38, 0xB679, 0xB699, 0xB699,
    0xB699, 0xB679, 0xB699, 0xB679, 0xB699, 0xB699, 0xD6BA, 0xB699, 0xB699, 0xB679, 0xB679, 0xB679,
    0xB679, 0xB679, 0xB679, 0xB679, 0xAE78, 0xD699, 0xB679, 0xB679, 0xB679, 0xB679, 0xB679, 0xB679,
    0xB679, 0xB679, 0xB679, 0x9DD6, 0xAE79, 0xB679, 0xB679, 0xB679, 0xAE58, 0xB679, 0xB679, 0xB679,
    0xB679, 0xB679, 0xD699, 0xAE79, 0xB679, 0xB699, 0xB679, 0xB679, 0xB679, 0xB679, 0xB679, 0xB679,
    0xAE58, 0xDEFB, 0xB699, 0xB699, 0xB679, 0xB699, 0xB679, 0xB679, 0xB699, 0xB699, 0xB699, 0x9DB6,
    0xB679, 0xB679, 0xB679, 0xB679, 0xB679, 0xB679, 0xB679, 0xB699, 0xB679, 0xB699, 0xCE79, 0xB679,
    0xB679, 0xB699, 0xB699, 0xB699, 0xB699, 0xB699, 0xB699, 0xBE99, 0xB679, 0xDEFA, 0xB699, 0xB699,
    0xBE99, 0xB699, 0xB699, 0xB699, 0xB699, 0xB679, 0xB679, 0x9DB6, 0xAE58, 0xB699, 0xB699, 0xB699,
    0xB699, 0xB699, 0xB679, 0xB699, 0xB679, 0xB679, 0xDEDA, 0xB699, 0xB699, 0xB679, 0xB679, 0xB699,
    0xB699, 0xB699, 0xBE99, 0xB699, 0xB679, 0xD6BA, 0xB699, 0xB699, 0xB679, 0xB679, 0xB679, 0xB679,
    0xB679, 0xB679, 0xB679, 0x9DD6, 0xAE38, 0xB679, 0xB679, 0xB699, 0xB699, 0xB699, 0xB679, 0xB679,
    0xB679, 0xB699, 0xDEDA, 0xBE99, 0xB679, 0xB679, 0xB679, 0xB679, 0xB679, 0xAE79, 0xB679, 0xB679,
    0xAE78, 0xD6BA, 0xB679, 0xB679, 0xB679, 0xB679, 0xB679, 0xB679, 0xB679, 0xB679, 0xB679, 0x9DD6,
    0xAE79, 0xB679, 0xB679, 0xAE58, 0xAE58, 0xB659, 0xB679, 0xB679, 0xB679, 0xB679, 0xD699, 0xAE79,
    0xB679, 0xB699, 0xB679, 0xB679, 0xB679, 0xAE58, 0xB679, 0xB679, 0xAE58, 0xDEFA, 0xB679, 0xB679,
    0xB679, 0xB679, 0xB679, 0xB679, 0xB679, 0xB679, 0xB679, 0xA5B6, 0xAE59, 0xB679, 0xB679, 0xB679,
    0xB679, 0xB679, 0xB679, 0xB679, 0xB699, 0xBE99, 0xD699, 0xB679, 0xB679, 0xB699, 0xB679, 0xB679,
    0xB699, 0xB699, 0xB699, 0xB699, 0xB679, 0xE6FB, 0xB679, 0xB679, 0xB699, 0xB679, 0xB679, 0xB679,
    0xB679, 0xB679, 0xB679, 0x9DB6, 0xAE38, 0xB699, 0xB679, 0xB699, 0xB699, 0xB679, 0xB699, 0xB679,
    0xB679, 0xB699, 0xDEDA, 0xB699, 0xB699, 0xB679, 0xB679, 0xB699, 0xB679, 0xB679, 0xB699, 0xB699,
    0xB699, 0xDEFA, 0xB679, 0xB679, 0xB679, 0xB679, 0xB679, 0xB678, 0xB679, 0xB679, 0xB679, 0xA617,
    0xA618, 0xB679, 0xB679, 0xB699, 0xB679, 0xB679, 0xB679, 0xB679, 0xB679, 0xB699, 0xD6DA, 0xB699,
    0xB679, 0xB679, 0xB679, 0xAE78, 0xB678, 0xAE79, 0xAE58, 0xAE58, 0xAE78, 0xD6BA, 0xB679, 0xB679,
    0xB679, 0xAE58, 0xAE58, 0xAE59, 0xAE58, 0xB658, 0xB679, 0x9DD6, 0xAE58, 0xB678, 0xAE58, 0xAE58,
    0xAE58, 0xAE58, 0xAE58, 0xAE58, 0xB678, 0xB679, 0xD699, 0xAE58, 0xB679, 0xB679, 0xB679, 0xB679,
    0xB679, 0xB679, 0xB679, 0xB679, 0xAE38, 0xD6BA, 0xB679, 0xB679, 0xB679, 0xB679, 0xB679, 0xB679,
    0xB679, 0xB679, 0xB679, 0x9D95, 0xAE59, 0xB679, 0xB679, 0xB679, 0xAE58, 0xB679, 0xB679, 0xB679,
    0xB679, 0xB679, 0xDEDA, 0xB679, 0xB679, 0xB679, 0xB679, 0xB679, 0xB679, 0xB679, 0xB679, 0xB699,
    0xB679, 0xDEDB, 0xB679, 0xB699, 0xB699, 0xB679, 0xB679, 0xB679, 0xB679, 0xB679, 0xB679, 0x9D95,
    0xAE18, 0xB679, 0xB699, 0xB679, 0xB679, 0xB679, 0xB679, 0xB679, 0xB699, 0xB699, 0xD6BA, 0xB699,
    0xB699, 0xB699, 0xB699, 0xB679, 0xB679, 0xB679, 0xB679, 0xB699, 0xB679, 0xD699, 0xB679, 0xB679,
    0xB679, 0xB679, 0xB679, 0xAE79, 0xB679, 0xB679, 0xB679, 0x9DD6, 0xA618, 0xB679, 0xB679, 0xB679,
    0xB678, 0xB679, 0xB679, 0xB679, 0xB679, 0xB679, 0xDEDA, 0xB679, 0xB679, 0xB679, 0xB679, 0xB679,
    0xB679, 0xAE58, 0xB679, 0xB679, 0xAE58, 0xD6BA, 0xB679, 0xB679, 0xB679, 0xB658, 0xAE58, 0xAE58,
    0xAE58, 0xAE58, 0xB658, 0x9DB6, 0xAE38, 0xAE58, 0xAE58, 0xAE58, 0xAE58, 0xAE58, 0xAE58, 0xAE58,
    0xAE58, 0xAE58, 0xCE79, 0xAE79, 0xB679, 0xB679, 0xB679, 0xAE78, 0xB679, 0xB679, 0xB679, 0xB679,
    0xAE38, 0xD6BA, 0xB679, 0xAE58, 0xB679, 0xB679, 0xAE79, 0xAE59, 0xB679, 0xB679, 0xB679, 0x9DB6,
    0xAE38, 0xB679, 0xB679, 0xB679, 0xB679, 0xB659, 0xAE59, 0xB679, 0xB679, 0xB679, 0xD6B9, 0xAE59,
    0xB679, 0xB679, 0xB679, 0xB679, 0xB679, 0xB679, 0xB679, 0xB679, 0xAE58, 0xDEDA, 0xB679, 0xB679,
    0xB679, 0xB699, 0xB679, 0xB679, 0xB679, 0xB679, 0xB679, 0x9DB5, 0xA5F7, 0xB679, 0xB679, 0xB679,
    0xB699, 0xB679, 0xB679, 0xB679, 0xB679, 0xB679, 0xDEBA, 0xB679, 0xB679, 0xB679, 0xB679, 0xB679,
    0xB679, 0xB679, 0xB679, 0xAE79, 0xB658, 0xD699, 0xB679, 0xB679, 0xB679, 0xB679, 0xB679, 0xB679,
    0xAE79, 0xAE79, 0xAE58, 0x9DD6, 0xA5F7, 0xB679, 0xB679, 0xB679, 0xB679, 0xB679, 0xAE58, 0xB679,
    0xB679, 0xB699, 0xD6DA, 0xB679, 0xB679, 0xB679, 0xB679, 0xB679, 0xB679, 0xAE58, 0xB679, 0xAE79,
    0xAE38, 0xD699, 0xB679, 0xAE58, 0xB679, 0xAE58, 0xAE58, 0xAE58, 0xAE58, 0xAE58, 0xB679, 0x9DB6,
    0xA638, 0xAE58, 0xAE58, 0xAE58, 0xAE58, 0xAE58, 0xAE58, 0xAE58, 0xB679, 0xAE78, 0xCE58, 0xAE58,
    0xAE58, 0xAE59, 0xAE58, 0xAE58, 0xB679, 0xB679, 0xB679, 0xB679, 0xB679, 0xD6BA, 0xAE58, 0xAE58,
    0xB658, 0xB679, 0xB659, 0xB658, 0xAE58, 0xB679, 0xB679, 0xA5D6, 0xAE38, 0xB679, 0xB679, 0xB679,
    0xAE59, 0xAE79, 0xB679, 0xB679, 0xB679, 0xB679, 0xCE79, 0xB679, 0xB679, 0xB679, 0xB658, 0xB679,
    0xB679, 0xB679, 0xB679, 0xB679, 0xAE58, 0xDEDA, 0xB679, 0xB679, 0xB679, 0xB679, 0xB679, 0xB699,
    0xB679, 0xB679, 0xB679, 0x9DB6, 0xA617, 0xB679, 0xB679, 0xB679, 0xB679, 0xB679, 0xB679, 0xB679,
    0xB679, 0xB679, 0xD6BA, 0xB679, 0xB679, 0xB679, 0xB679, 0xB679, 0xB679, 0xB679, 0xB679, 0xB679,
    0xB699, 0xDEDA, 0xB659, 0xB679, 0xB679, 0xB679, 0xB679, 0xB679, 0xB679, 0xAE78, 0xAE78, 0x9DF7,
    0xA617, 0xB679, 0xAE58, 0xB658, 0xB679, 0xAE79, 0xAE58, 0xB658, 0xB679, 0xB679, 0xDEDA, 0xB679,
    0xB679, 0xB678, 0xB678, 0xB679, 0xB679, 0xAE58, 0xAE58, 0xAE58, 0xAE58, 0xD6B9, 0xB679, 0xAE79,
    0xAE58, 0xAE58, 0xAE58, 0xAE58, 0xAE58, 0xAE58, 0xAE58, 0x9DD6, 0xA638, 0xAE58, 0xAE38, 0xAE38,
    0xAE38, 0xAE58, 0xAE38, 0xAE58, 0xAE58, 0xAE58, 0xCE58, 0xAE58, 0xAE58, 0xAE38, 0xAE58, 0xAE78,
    0xB679, 0xB679, 0xB679, 0xB679, 0xB658, 0xDEFB, 0xAE58, 0xAE58, 0xAE58, 0xAE58, 0xAE58, 0xAE58,
    0xAE78, 0xAE78, 0xAE58, 0x9DB6, 0xAE38, 0xAE58, 0xAE58, 0xAE58, 0xB679, 0xB679, 0xAE58, 0xAE58,
    0xAE58, 0xAE79, 0xD699, 0xB678, 0xAE58, 0xAE58, 0xAE58, 0xAE58, 0xB678, 0xAE58, 0xAE78, 0xAE78,
    0xAE58, 0xD6DA, 0xAE58, 0xB659, 0xAE58, 0xB658, 0xB658, 0xB699, 0xB679, 0xB679, 0xB679, 0x9DB5,
    0xA617, 0xB678, 0xAE58, 0xAE58, 0xAE79, 0xB679, 0xAE58, 0xAE78, 0xB679, 0xB679, 0xD699, 0xAE78,
    0xB679, 0xAE58, 0xAE58, 0xAE59, 0xB679, 0xB679, 0xB679, 0xB679, 0xBE99, 0xD699, 0xB679, 0xB679,
    0xAE58, 0xAE58, 0xAE58, 0xAE78, 0xAE58, 0xAE58, 0xAE58, 0x9DB6, 0xA5F7, 0xAE58, 0xAE58, 0xAE58,
    0xAE58, 0xAE79, 0xAE58, 0xB679, 0xAE78, 0xB679, 0xCE99, 0xB679, 0xB678, 0xB678, 0xB678, 0xB678,
    0xAE58, 0xAE58, 0xAE58, 0xAE58, 0xAE58, 0xD6BA, 0xAE58, 0xAE58, 0xAE58, 0xAE38, 0xAE38, 0xAE58,
    0xAE38, 0xAE38, 0xAE58, 0x9DD6, 0xA637, 0xAE38, 0xAE38, 0xA638, 0xAE38, 0xAE38, 0xAE58, 0xAE38,
    0xAE58, 0xAE58, 0xC638, 0xAE58, 0xAE58, 0xAE58, 0xAE58, 0xAE58, 0xAE58, 0xB679, 0xB699, 0xBE99,
    0xAE58, 0xDEFA, 0xAE58, 0xAE58, 0xAE58, 0xAE58, 0xAE78, 0xB678, 0xAE58, 0xB679, 0xB679, 0x9DB6,
    0xA638, 0xAE58, 0xAE58, 0xAE58, 0xAE58, 0xAE58, 0xAE58, 0xAE58, 0xAE58, 0xB679, 0xCE99, 0xAE58,
    0xAE58, 0xAE58, 0xAE58, 0xAE58, 0xAE58, 0xAE58, 0xAE58, 0xAE58, 0xAE58, 0xDEDA, 0xAE58, 0xAE58,
    0xAE58, 0xB678, 0xB678, 0xB679, 0xB679, 0xB699, 0xB699, 0x9D95, 0xA617, 0xAE58, 0xAE58, 0xAE78,
    0xAE58, 0xAE58, 0xAE58, 0xAE58, 0xB679, 0xAE78, 0xD6BA, 0xAE58, 0xAE58, 0xAE58, 0xAE58, 0xAE58,
    0xAE58, 0xAE58, 0xAE58, 0xB679, 0xB679, 0xD699, 0xAE58, 0xB658, 0xB679, 0xB679, 0xAE58, 0xAE58,
    0xAE58, 0xAE58, 0xAE58, 0x9DD6, 0xA5F7, 0xAE58, 0xAE58, 0xAE58, 0xAE58, 0xAE58, 0xAE58, 0xAE58,
    0xAE58, 0xB679, 0xCE99, 0xB679, 0xB678, 0xB679, 0xB679, 0xAE58, 0xAE58, 0xAE38, 0xAE38, 0xAE58,
    0xAE58, 0xD6BA, 0xAE38, 0xAE58, 0xAE38, 0xAE38, 0xAE38, 0xAE38, 0xA638, 0xAE58, 0xAE58, 0x95B6,
    0xA617, 0xAE58, 0xAE58, 0xAE38, 0xAE58, 0xAE58, 0xAE58, 0xAE58, 0xAE58, 0xAE58, 0xCE38, 0xAE58,
    0xAE58, 0xAE58, 0xAE58, 0xAE58, 0xAE78, 0xB658, 0xBEB9, 0xBE99, 0xAE38, 0xD6B9, 0xAE58, 0xAE58,
    0xAE58, 0xAE78, 0xAE59, 0xAE58, 0xB679, 0xAE78, 0xB678, 0xA5B6, 0xA638, 0xAE58, 0xAE58, 0xB679,
    0xB658, 0xAE58, 0xAE58, 0xAE58, 0xAE58, 0xAE78, 0xCE79, 0xAE58, 0xB658, 0xB679, 0xB658, 0xB678,
    0xB679, 0xB679, 0xAE78, 0xB679, 0xAE38, 0xDEDA, 0xAE58, 0xAE58, 0xB678, 0xAE79, 0xB678, 0xAE58,
    0xAE58, 0xBEB9, 0xBE99, 0x9DB6, 0xA5F7, 0xB658, 0xAE78, 0xB678, 0xAE78, 0xB658, 0xAE58, 0xAE58,
    0xAE78, 0xB678, 0xD679, 0xAE58, 0xAE58, 0xAE58, 0xAE78, 0xAE78, 0xAE58, 0xAE58, 0xAE78, 0xB679,
    0xAE58, 0xD6B9, 0xAE58, 0xB658, 0xB679, 0xB679, 0xB658, 0xAE58, 0xAE78, 0xAE58, 0xAE58, 0x95B5,
    0x9DF7, 0xAE38, 0xAE58, 0xB658, 0xAE58, 0xAE58, 0xAE58, 0xAE58, 0xAE78, 0xAE58, 0xD6B9, 0xAE58,
    0xB678, 0xB679, 0xB678, 0xAE58, 0xAE58, 0xAE58, 0xAE58, 0xAE58, 0xAE58, 0xD6BA, 0xAE38, 0xAE38,
    0xAE58, 0xAE38, 0xAE38, 0xAE38, 0xAE58, 0xAE38, 0xAE58, 0x95B6, 0xC637, 0xC637, 0xC637, 0xD699,
    0xCE78, 0xD699, 0xCE79, 0xCE79, 0xD699, 0xC637, 0xC637, 0xC637, 0xD699, 0xCE99, 0xD699, 0xCE99,
    0xD699, 0xCE79, 0xCE99, 0xC637, 0xC638, 0xBE17, 0xCE99, 0xD6DA, 0xD6BA, 0xCE99, 0xCE58, 0xCE99,
    0xD699, 0xD699, 0xCE78, 0xBE17, 0xBE17, 0xC637, 0xCE58, 0xD6BA, 0xDEDA, 0xDEDA, 0xD6BA, 0xCE99,
    0xD699, 0xCE99, 0xC658, 0xCE78, 0xCE99, 0xD6BA, 0xD6B9, 0xD6B9, 0xDEDA, 0xD699, 0xD699, 0xC658,
    0xC638, 0xC658, 0xCE79, 0xD699, 0xD699, 0xCE99, 0xD699, 0xD699, 0xD6B9, 0xCE58, 0xCE79, 0xBE17,
    0xBE17, 0xCE99, 0xCE99, 0xD699, 0xD6BA, 0xD6B9, 0xD6B9, 0xD6B9, 0xD699, 0xCE58, 0xC637, 0xBE17,
    0xC658, 0xD6B9, 0xD6BA, 0xCE78, 0xD6B9, 0xD699, 0xCE79, 0xC658, 0xC658, 0xC658, 0xCE78, 0xD699,
    0xD6B9, 0xCE99, 0xC638, 0xD6B9, 0xD6B9, 0xCE79, 0xCE78, 0xBDF7, 0xC638, 0xD699, 0xD6B9, 0xD6B9,
    0xD6BA, 0xD699, 0xD699, 0xCE78, 0xCE79, 0xCE78, 0xC637, 0xC658, 0xCE78, 0xCE78, 0xCE79, 0xD6B9,
    0xD699, 0xD699, 0xD699, 0xCE58, 0xCE58, 0xCE79, 0xCE58, 0xCE58, 0xD6B9, 0xD6B9, 0xCE79, 0xD699,
    0xD678, 0xCE79, 0xCE78, 0xC637, 0xAE79, 0xB699, 0xB699, 0xB679, 0xB679, 0xB679, 0xB679, 0xAE79,
    0xB679, 0xB679, 0xCE79, 0xB699, 0xB699, 0xB699, 0xB699, 0xB699, 0xB679, 0xB679, 0xB699, 0xB699,
    0xA638, 0xDEFB, 0xB699, 0xB699, 0xB699, 0xB699, 0xB699, 0xBEBA, 0xBE99, 0xC6DA, 0xC6BA, 0x9DB6,
    0xAE59, 0xBE9A, 0xB699, 0xB69A, 0xB699, 0xB679, 0xB679, 0xB699, 0xB699, 0xBE9A, 0xD6B9, 0xBE99,
    0xBE99, 0xB699, 0xB699, 0xB699, 0xB699, 0xB699, 0xB699, 0xB699, 0xAE58, 0xD6DA, 0xB69A, 0xB69A,
    0xB699, 0xB699, 0xB699, 0xBEBA, 0xC6BA, 0xC6DA, 0xCF1B, 0x9DB6, 0xAE38, 0xBE9A, 0xBEBA, 0xC6DA,
    0xC6BA, 0xC6DA, 0xC6BA, 0xBEBA, 0xB699, 0xB699, 0xDEDA, 0xBE99, 0xBEBA, 0xB699, 0xBEBA, 0xB699,
    0xB699, 0xB699, 0xB679, 0xB699, 0xB679, 0xD6B9, 0xBE99, 0xB699, 0xB699, 0xB699, 0xB699, 0xB679,
    0xB679, 0xB699, 0xB699, 0x95B6, 0xA618, 0xB699, 0xB699, 0xB679, 0xB679, 0xB679, 0xB679, 0xB699,
    0xB699, 0xB699, 0xD699, 0xB679, 0xB699, 0xB699, 0xB699, 0xB699, 0xB679, 0xB679, 0xAE79, 0xB679,
    0xAE58, 0xD699, 0xB699, 0xB699, 0xB699, 0xB679, 0xB699, 0xB679, 0xB679, 0xB679, 0xB679, 0x95B6,
    0xAE79, 0xB678, 0xB679, 0xAE79, 0xB679, 0xB679, 0xAE58, 0xAE58, 0xAE59, 0xAE58, 0xCE79, 0xB679,
    0xB679, 0xB679, 0xB679, 0xB679, 0xB658, 0xB658, 0xB679, 0xB679, 0xAE58, 0xD6DA, 0xB679, 0xB679,
    0xB679, 0xB679, 0xB679, 0xB679, 0xB699, 0xB699, 0xB699, 0xA5D6, 0xB679, 0xB679, 0xB679, 0xB679,
    0xB679, 0xB679, 0xB679, 0xB679, 0xB679, 0xB679, 0xD6B9, 0xB679, 0xB679, 0xB679, 0xB679, 0xB679,
    0xB679, 0xB679, 0xB679, 0xB679, 0xAE58, 0xDEFB, 0xB679, 0xB679, 0xB699, 0xB679, 0xB699, 0xB699,
    0xB679, 0xBE99, 0xB679, 0x9DB6, 0xAE58, 0xB699, 0xBE99, 0xB699, 0xB699, 0xB679, 0xB679, 0xB679,
    0xB679, 0xB679, 0xD6BA, 0xB679, 0xB679, 0xB679, 0xB679, 0xB679, 0xB679, 0xB679, 0xB679, 0xB679,
    0xAE59, 0xD6B9, 0xB679, 0xB699, 0xB679, 0xB679, 0xB679, 0xB679, 0xB679, 0xB679, 0xB679, 0x9DD6,
    0xA618, 0xAE59, 0xB679, 0xB679, 0xB679, 0xAE58, 0xAE79, 0xB679, 0xB679, 0xB679, 0xDEDA, 0xB679,
    0xB679, 0xB679, 0xB679, 0xB679, 0xB679, 0xAE58, 0xAE58, 0xAE58, 0xAE58, 0xD6B9, 0xB679, 0xB679,
    0xB678, 0xB679, 0xB679, 0xAE58, 0xAE58, 0xAE58, 0xB658, 0x9DB6, 0xAE79, 0xB679, 0xB658, 0xB678,
    0xB658, 0xAE58, 0xAE58, 0xAE58, 0xAE58, 0xAE58, 0xD699, 0xB679, 0xB679, 0xB679, 0xB679, 0xB679,
    0xB679, 0xAE58, 0xAE78, 0xB679, 0xAE38, 0xDEFB, 0xB679, 0xB679, 0xB679, 0xB679, 0xB679, 0xB679,
    0xB679, 0xB679, 0xB679, 0xA5D6, 0xAE59, 0xB679, 0xB679, 0xB679, 0xB679, 0xAE79, 0xB679, 0xB679,
    0xB679, 0xB679, 0xD699, 0xB679, 0xB679, 0xB679, 0xB679, 0xB679, 0xB679, 0xB679, 0xB679, 0xB679,
    0xAE58, 0xDEFA, 0xB679, 0xB679, 0xB679, 0xB679, 0xB679, 0xB679, 0xB679, 0xB679, 0xB679, 0x9DB6,
    0xAE38, 0xB699, 0xBE99, 0xB699, 0xB699, 0xBE99, 0xB679, 0xB679, 0xB679, 0xB679, 0xD6BA, 0xB679,
    0xB679, 0xB679, 0xB679, 0xB679, 0xB679, 0xB679, 0xB679, 0xB679, 0xAE59, 0xD6B9, 0xB679, 0xB679,
    0xB679, 0xB679, 0xB679, 0xB679, 0xB679, 0xAE58, 0xB679, 0x9DB6, 0x9DF7, 0xAE58, 0xB679, 0xB699,
    0xAE58, 0xAE58, 0xAE59, 0xAE58, 0xB679, 0xB679, 0xD6DA, 0xB659, 0xB679, 0xB679, 0xB679, 0xB679,
    0xAE59, 0xAE58, 0xAE58, 0xAE58, 0xAE58, 0xD699, 0xB679, 0xAE58, 0xB678, 0xB679, 0xAE58, 0xAE58,
    0xAE58, 0xAE58, 0xB679, 0x9DD6, 0xAE79, 0xB659, 0xB658, 0xB658, 0xAE58, 0xAE58, 0xAE58, 0xAE58,
    0xAE58, 0xAE58, 0xCE79, 0xB679, 0xB679, 0xB679, 0xB679, 0xAE79, 0xB678, 0xAE58, 0xB658, 0xB679,
    0xAE38, 0xDEFB, 0xB679, 0xB679, 0xB679, 0xB679, 0xB679, 0xB679, 0xB679, 0xB679, 0xB679, 0xA5B6,
    0xAE59, 0xB679, 0xB679, 0xB679, 0xB679, 0xB679, 0xB679, 0xB679, 0xB679, 0xB679, 0xD679, 0xB679,
    0xB679, 0xB679, 0xB679, 0xB679, 0xB679, 0xB679, 0xB678, 0xB679, 0xAE58, 0xDEFB, 0xB679, 0xB679,
    0xB679, 0xB679, 0xB679, 0xB679, 0xB679, 0xB679, 0xB679, 0x9DB6, 0xA617, 0xB699, 0xB699, 0xB699,
    0xB699, 0xB679, 0xB679, 0xB679, 0xB679, 0xB679, 0xD699, 0xB679, 0xB679, 0xB679, 0xB679, 0xB679,
    0xB679, 0xB679, 0xB679, 0xB679, 0xAE79, 0xD699, 0xB679, 0xB679, 0xB679, 0xB679, 0xB679, 0xB679,
    0xB679, 0xB679, 0xB679, 0x9DD6, 0xA5F7, 0xAE59, 0xB679, 0xB679, 0xAE58, 0xAE58, 0xAE58, 0xB679,
    0xB679, 0xB699, 0xD699, 0xB679, 0xB679, 0xB679, 0xB679, 0xAE58, 0xAE58, 0xAE58, 0xAE58, 0xB678,
    0xAE58, 0xD69A, 0xB679, 0xB658, 0xB679, 0xB678, 0xAE58, 0xAE58, 0xAE58, 0xB658, 0xAE58, 0x9DD6,
    0xAE38, 0xB658, 0xAE58, 0xAE58, 0xAE58, 0xAE58, 0xAE58, 0xAE58, 0xAE58, 0xAE58, 0xCE79, 0xB679,
    0xB678, 0xB658, 0xB679, 0xB658, 0xAE58, 0xAE58, 0xAE58, 0xB679, 0xAE38, 0xD6DB, 0xB679, 0xB679,
    0xB679, 0xAE59, 0xB658, 0xB678, 0xB658, 0xB679, 0xB679, 0x9DB6, 0xAE59, 0xB679, 0xB679, 0xB679,
    0xB679, 0xB679, 0xB679, 0xB679, 0xB679, 0xB699, 0xC617, 0xB679, 0xB679, 0xB679, 0xB679, 0xB679,
    0xB679, 0xAE59, 0xAE79, 0xB679, 0xAE38, 0xDEFB, 0xB679, 0xB679, 0xB679, 0xB679, 0xB659, 0xB679,
    0xB679, 0xB679, 0xB679, 0x9DB6, 0xAE38, 0xB679, 0xB679, 0xB679, 0xB679, 0xB679, 0xB659, 0xB679,
    0xB679, 0xB679, 0xCE79, 0xAE79, 0xB679, 0xB679, 0xB679, 0xB679, 0xB679, 0xB679, 0xB679, 0xB679,
    0xB679, 0xCE79, 0xB679, 0xB679, 0xB679, 0xB678, 0xB679, 0xB679, 0xAE58, 0xB679, 0xB679, 0x9DB6,
    0xA617, 0xB678, 0xB679, 0xB678, 0xB679, 0xAE58, 0xB658, 0xAE78, 0xB679, 0xB679, 0xD699, 0xB679,
    0xB679, 0xAE58, 0xAE58, 0xB658, 0xAE58, 0xAE58, 0xAE58, 0xAE58, 0xAE58, 0xD6BA, 0xB658, 0xAE58,
    0xAE58, 0xAE58, 0xAE58, 0xAE58, 0xAE58, 0xAE58, 0xB658, 0x9DB6, 0xAE38, 0xAE58, 0xAE58, 0xAE58,
    0xAE58, 0xAE58, 0xAE58, 0xAE58, 0xAE58, 0xAE58, 0xCE58, 0xAE58, 0xB679, 0xB659, 0xAE58, 0xAE58,
    0xB679, 0xB679, 0xAE58, 0xAE58, 0xAE38, 0xDEFA, 0xB658, 0xB659, 0xAE58, 0xAE78, 0xAE58, 0xAE58,
    0xAE78, 0xB679, 0xAE58, 0x9DB6, 0xAE38, 0xB679, 0xAE58, 0xAE78, 0xAE58, 0xB658, 0xB679, 0xB679,
    0xB679, 0xB679, 0xCE79, 0xAE78, 0xB679, 0xAE59, 0xB679, 0xB679, 0xB679, 0xB679, 0xB679, 0xAE58,
    0xAE38, 0xDEFB, 0xB679, 0xB679, 0xAE58, 0xAE58, 0xB679, 0xB679, 0xAE78, 0xAE58, 0xAE59, 0x9DB6,
    0xA638, 0xB679, 0xAE79, 0xAE58, 0xB679, 0xB679, 0xB679, 0xB679, 0xAE79, 0xB679, 0xDEBA, 0xB679,
    0xB679, 0xB679, 0xAE78, 0xB679, 0xB679, 0xB679, 0xB679, 0xB679, 0xAE79, 0xD6B9, 0xB679, 0xB659,
    0xB679, 0xB679, 0xB679, 0xB659, 0xB679, 0xAE58, 0xB679, 0x9DB6, 0x9DF7, 0xB678, 0xB679, 0xB679,
    0xB679, 0xB679, 0xB658, 0xAE58, 0xAE58, 0xB679, 0xDEDA, 0xAE58, 0xAE59, 0xAE58, 0xAE58, 0xAE58,
    0xAE58, 0xAE58, 0xAE58, 0xAE58, 0xAE58, 0xD699, 0xAE58, 0xAE58, 0xAE58, 0xAE58, 0xAE58, 0xAE58,
    0xAE58, 0xAE58, 0xAE58, 0x9DD6, 0xAE38, 0xAE58, 0xAE58, 0xAE38, 0xAE58, 0xAE58, 0xAE38, 0xAE58,
    0xAE58, 0xAE38, 0xD699, 0xAE58, 0xAE58, 0xAE38, 0xAE58, 0xAE58, 0xB678, 0xB678, 0xAE58, 0xAE58,
    0xB679, 0xD6DA, 0xAE58, 0xAE58, 0xAE58, 0xAE58, 0xAE58, 0xAE58, 0xAE58, 0xAE58, 0xAE58, 0x9D95,
    0xAE38, 0xAE58, 0xAE58, 0xAE58, 0xAE58, 0xB678, 0xB679, 0xAE78, 0xB679, 0xB679, 0xCE79, 0xB679,
    0xAE58, 0xAE58, 0xAE58, 0xAE78, 0xB679, 0xB679, 0xB679, 0xAE59, 0xB679, 0xDEFA, 0xB679, 0xAE58,
    0xAE58, 0xAE58, 0xAE58, 0xAE59, 0xAE58, 0xAE58, 0xB658, 0x9D95, 0xA618, 0xAE58, 0xB679, 0xAE58,
    0xB679, 0xB679, 0xAE79, 0xAE58, 0xB679, 0xB679, 0xD699, 0xB679, 0xB679, 0xB679, 0xB679, 0xB678,
    0xAE58, 0xAE79, 0xAE58, 0xB679, 0xB679, 0xDEDA, 0xB679, 0xB679, 0xAE58, 0xAE58, 0xAE58, 0xAE58,
    0xAE58, 0xAE78, 0xAE78, 0x9DB6, 0xA5F7, 0xB679, 0xB658, 0xAE58, 0xB658, 0xAE58, 0xAE38, 0xAE58,
    0xAE78, 0xAE58, 0xDEBA, 0xAE58, 0xAE58, 0xAE58, 0xAE58, 0xAE58, 0xAE58, 0xAE58, 0xAE58, 0xAE58,
    0xAE58, 0xD699, 0xAE38, 0xAE58, 0xAE38, 0xAE38, 0xAE38, 0xAE58, 0xAE38, 0xAE58, 0xAE58, 0x9DB6,
    0xAE38, 0xAE38, 0xA637, 0xAE38, 0xAE38, 0xAE38, 0xAE38, 0xAE38, 0xAE38, 0xAE38, 0xCE58, 0xAE38,
    0xAE38, 0xAE38, 0xAE38, 0xAE38, 0xB658, 0xB678, 0xB678, 0xAE78, 0xAE58, 0xD6DA, 0xAE58, 0xAE38,
    0xAE58, 0xAE38, 0xAE38, 0xAE58, 0xAE58, 0xAE38, 0xAE58, 0x9595, 0xAE38, 0xAE38, 0xAE38, 0xAE58,
    0xAE58, 0xAE58, 0xAE78, 0xB678, 0xB679, 0xB699, 0xCE79, 0xAE58, 0xAE38, 0xAE58, 0xAE38, 0xAE58,
    0xB678, 0xB678, 0xB679, 0xAE79, 0xAE58, 0xD6BA, 0xAE58, 0xAE58, 0xAE38, 0xAE58, 0xAE58, 0xAE58,
    0xAE58, 0xAE58, 0xAE58, 0x9575, 0xA5F7, 0xAE58, 0xAE38, 0xAE58, 0xAE58, 0xAE58, 0xAE58, 0xAE58,
    0xAE58, 0xAE78, 0xD6BA, 0xB679, 0xB679, 0xAE78, 0xB658, 0xAE78, 0xAE58, 0xAE38, 0xAE58, 0xAE58,
    0xB658, 0xD6BA, 0xAE58, 0xAE58, 0xAE58, 0xAE38, 0xAE38, 0xAE58, 0xAE38, 0xAE58, 0xAE58, 0x9DD6,
    0xA5D7, 0xB658, 0xAE58, 0xAE58, 0xAE58, 0xAE38, 0xAE38, 0xA658, 0xAE38, 0xAE58, 0xD6BA, 0xAE38,
    0xAE38, 0xAE38, 0xAE38, 0xAE38, 0xAE58, 0xAE58, 0xAE38, 0xAE58, 0xAE38, 0xDEDA, 0xAE38, 0xA637,
    0xA638, 0xAE38, 0xAE38, 0xAE38, 0xA638, 0xA617, 0xAE38, 0x9DB6, 0xA638, 0xAE38, 0xAE38, 0xAE38,
    0xAE38, 0xA638, 0xAE37, 0xA637, 0xAE38, 0xAE38, 0xCE58, 0xAE58, 0xAE38, 0xAE38, 0xAE38, 0xAE58,
    0xAE58, 0xAE58, 0xB678, 0xC6BA, 0xAE38, 0xD6DA, 0xAE58, 0xAE38, 0xAE58, 0xAE58, 0xAE38, 0xAE58,
    0xAE58, 0xAE58, 0xAE58, 0x9D95, 0xAE38, 0xAE58, 0xAE58, 0xAE58, 0xAE58, 0xB659, 0xAE58, 0xB658,
    0xC6BA, 0xB699, 0xCE79, 0xAE58, 0xAE58, 0xAE58, 0xAE58, 0xAE58, 0xB658, 0xB679, 0xB679, 0xBE99,
    0xAE58, 0xDEDA, 0xAE58, 0xAE58, 0xAE58, 0xAE58, 0xAE58, 0xAE58, 0xAE38, 0xAE58, 0xAE58, 0x9575,
    0xA5F7, 0xAE58, 0xAE58, 0xAE58, 0xAE58, 0xAE58, 0xAE58, 0xAE58, 0xB679, 0xB678, 0xD6BA, 0xB679,
    0xB679, 0xB678, 0xB658, 0xAE58, 0xAE58, 0xAE38, 0xAE58, 0xAE58, 0xAE58, 0xD6BA, 0xAE58, 0xAE38,
    0xAE58, 0xAE38, 0xAE58, 0xAE58, 0xAE38, 0xAE58, 0xAE58, 0x9DD6, 0xA5F7, 0xB678, 0xB678, 0xAE58,
    0xAE58, 0xAE58, 0xAE38, 0xAE58, 0xAE58, 0xAE58, 0xD6DA, 0xAE38, 0xAE38, 0xAE38, 0xAE58, 0xAE58,
    0xAE58, 0xAE58, 0xAE58, 0xAE58, 0xAE58, 0xD699, 0xAE38, 0xA638, 0xA637, 0xA637, 0xAE38, 0xAE38,
    0xA637, 0xAE37, 0xAE58, 0x9DD6, 0xA617, 0xAE38, 0xAE38, 0xAE38, 0xA637, 0xA637, 0xA617, 0xA637,
    0xA617, 0xAE37, 0xCE38, 0xA617, 0xA617, 0xA638, 0xA637, 0xAE38, 0xA617, 0xA638, 0xAE38, 0xAE38,
    0xA617, 0xCE99, 0xA617, 0xA638, 0xAE38, 0xAE38, 0xA638, 0xA638, 0xA638, 0xA637, 0xAE38, 0x9574,
    0xA617, 0xAE38, 0xAE38, 0xAE38, 0xAE38, 0xAE38, 0xAE38, 0xAE38, 0xAE58, 0xB658, 0xD6B9, 0xA638,
    0xAE38, 0xAE38, 0xAE38, 0xAE38, 0xAE38, 0xAE58, 0xAE38, 0xAE38, 0xAE17, 0xD699, 0xAE38, 0xAE38,
    0xAE58, 0xAE38, 0xAE38, 0xA617, 0xA638, 0xA618, 0xAE38, 0x9574, 0xA5F7, 0xAE38, 0xAE38, 0xAE58,
    0xA638, 0xAE38, 0xAE38, 0xAE58, 0xAE58, 0xAE38, 0xCE58, 0xB678, 0xB678, 0xAE58, 0xAE58, 0xAE58,
    0xAE38, 0xAE38, 0xAE58, 0xAE58, 0xAE38, 0xCE79, 0xAE37, 0xAE38, 0xAE38, 0xAE38, 0xAE38, 0xAE58,
    0xAE38, 0xAE38, 0xAE58, 0x9595, 0x9DD6, 0xAE58, 0xAE58, 0xAE58, 0xAE58, 0xAE38, 0xAE38, 0xAE38,
    0xA638, 0xA638, 0xD678, 0xA637, 0xA637, 0xAE38, 0xAE37, 0xAE37, 0xA637, 0xA638, 0xA617, 0xA617,
    0xA617, 0xCE79, 0xAE38, 0xA617, 0xA617, 0xA617, 0xA617, 0xA617, 0xA617, 0xA617, 0xA617, 0x9596,
    0xD6BA, 0xD679, 0xD699, 0xD6DA, 0xDEDA, 0xD6BA, 0xD699, 0xD6B9, 0xD699, 0xD6BA, 0xD699, 0xD699,
    0xD6BA, 0xD699, 0xD6BA, 0xDEDA, 0xDEBA, 0xD6BA, 0xDEDA, 0xDEDA, 0xD6BA, 0xD699, 0xDEFA, 0xDEDA,
    0xD6B9, 0xD699, 0xD699, 0xDEDA, 0xD6B9, 0xDEDA, 0xD699, 0xD6B9, 0xD6B9, 0xD6BA, 0xD6BA, 0xDEDA,
    0xDEFA, 0xD6BA, 0xD699, 0xDEDA, 0xD6BA, 0xDEFB, 0xD699, 0xDEDA, 0xDEDA, 0xDEDA, 0xD6BA, 0xD6BA,
    0xDEDA, 0xD6BA, 0xD6BA, 0xD6BA, 0xDEDA, 0xD6B9, 0xDEDA, 0xDEDA, 0xD699, 0xDEDA, 0xD6BA, 0xDEDA,
    0xDEDA, 0xD6BA, 0xD6BA, 0xD6BA, 0xDEFB, 0xDEBA, 0xDEFA, 0xDEFB, 0xDEDB, 0xDEFB, 0xDEDA, 0xDEFA,
    0xD679, 0xD6BA, 0xD699, 0xD699, 0xDEFB, 0xD679, 0xDEBA, 0xD6BA, 0xDEFA, 0xDEDA, 0xDEDA, 0xDEDA,
    0xDEDA, 0xD699, 0xDEBA, 0xD6BA, 0xDEBA, 0xDEFA, 0xDEDA, 0xDEFA, 0xDEDA, 0xD6BA, 0xDEDA, 0xD6BA,
    0xD6BA, 0xD6BA, 0xDEDA, 0xD6BA, 0xD6BA, 0xD699, 0xD699, 0xDEDA, 0xD6BA, 0xDEBA, 0xD678, 0xDEFA,
    0xD6B9, 0xCE79, 0xD699, 0xDEFA, 0xDEDA, 0xD6BA, 0xD6B9, 0xDEDA, 0xD6BA, 0xD679, 0xD6BA, 0xD6BA,
    0xD6B9, 0xD6B9, 0xDEDA, 0xD6BA, 0xD6BA, 0xDEDA, 0xD6BA, 0xD699, 0xAE58, 0xAE58, 0xAE58, 0xAE58,
    0xAE58, 0xAE38, 0xAE38, 0xAE38, 0xAE58, 0xAE58, 0xD699, 0xB679, 0xAE58, 0xAE58, 0xAE58, 0xAE58,
    0xAE58, 0xAE58, 0xAE58, 0xAE59, 0xA617, 0xDF1B, 0xB659, 0xB679, 0xB679, 0xB679, 0xAE59, 0xB678,
    0xB679, 0xAE58, 0xAE58, 0x9D95, 0xAE59, 0xB679, 0xB679, 0xB679, 0xB679, 0xAE79, 0xAE58, 0xAE58,
    0xB679, 0xB679, 0xD699, 0xB679, 0xB679, 0xB679, 0xB679, 0xB679, 0xB679, 0xAE58, 0xAE58, 0xAE58,
    0xAE38, 0xDEDA, 0xB679, 0xAE79, 0xB679, 0xB679, 0xAE58, 0xAE79, 0xAE59, 0xB679, 0xAE79, 0x9D95,
    0xAE38, 0xB679, 0xB679, 0xB679, 0xB679, 0xB679, 0xAE58, 0xB679, 0xB679, 0xB679, 0xD699, 0xAE59,
    0xB679, 0xB679, 0xB679, 0xAE59, 0xAE59, 0xAE58, 0xB679, 0xAE79, 0xB679, 0xD699, 0xB679, 0xB679,
    0xB679, 0xB678, 0xAE58, 0xB679, 0xAE58, 0xAE78, 0xAE58, 0x95B6, 0xA617, 0xB679, 0xB679, 0xB679,
    0xAE79, 0xAE59, 0xAE58, 0xAE58, 0xB659, 0xB679, 0xD6B9, 0xB679, 0xB679, 0xB679, 0xAE58, 0xAE58,
    0xAE78, 0xB658, 0xAE58, 0xAE58, 0xAE38, 0xDEDA, 0xB679, 0xAE58, 0xAE58, 0xAE58, 0xAE58, 0xAE58,
    0xAE58, 0xAE58, 0xAE58, 0x9DB6, 0xAE58, 0xAE58, 0xAE58, 0xAE58, 0xAE58, 0xAE58, 0xAE38, 0xAE38,
    0xAE38, 0xAE38, 0xCE58, 0xB679, 0xB659, 0xAE58, 0xAE58, 0xAE58, 0xB659, 0xAE58, 0xAE58, 0xAE58,
    0xA617, 0xDEFB, 0xB679, 0xB658, 0xB679, 0xB679, 0xB679, 0xB679, 0xB679, 0xAE58, 0xAE58, 0x9D96,
    0xAE59, 0xB678, 0xB679, 0xB679, 0xB679, 0xAE58, 0xAE58, 0xAE58, 0xB679, 0xAE58, 0xD6B9, 0xB679,
    0xB679, 0xB679, 0xB679, 0xB679, 0xB679, 0xAE58, 0xAE58, 0xAE58, 0xAE58, 0xDEFB, 0xAE58, 0xAE78,
    0xB679, 0xB679, 0xAE58, 0xAE58, 0xB679, 0xAE59, 0xB659, 0x9DB6, 0xAE38, 0xB679, 0xB679, 0xB679,
    0xB679, 0xAE78, 0xAE58, 0xAE79, 0xAE58, 0xAE58, 0xD6BA, 0xAE58, 0xB679, 0xB679, 0xB699, 0xB679,
    0xB679, 0xB679, 0xB679, 0xB679, 0xAE58, 0xD6BA, 0xB679, 0xB679, 0xAE78, 0xB679, 0xB679, 0xAE58,
    0xB658, 0xAE58, 0xAE58, 0x9DB6, 0xAE38, 0xB658, 0xB679, 0xB678, 0xB678, 0xAE58, 0xAE58, 0xAE58,
    0xB658, 0xB679, 0xD6BA, 0xAE58, 0xB658, 0xAE58, 0xB658, 0xAE58, 0xAE58, 0xAE58, 0xAE58, 0xAE58,
    0xAE38, 0xDEDA, 0xB679, 0xAE79, 0xAE58, 0xAE58, 0xAE58, 0xAE58, 0xAE58, 0xAE58, 0xAE58, 0x9DB6,
    0xAE58, 0xAE58, 0xAE58, 0xAE58, 0xAE58, 0xAE38, 0xAE38, 0xAE38, 0xAE58, 0xAE58, 0xCE79, 0xB679,
    0xB678, 0xAE58, 0xAE78, 0xAE58, 0xAE58, 0xAE58, 0xAE58, 0xAE58, 0xAE38, 0xDEDA, 0xB679, 0xB679,
    0xB659, 0xB679, 0xAE59, 0xAE58, 0xAE58, 0xAE58, 0xAE58, 0x9D95, 0xAE59, 0xB679, 0xB678, 0xB679,
    0xB679, 0xAE58, 0xAE58, 0xAE58, 0xAE58, 0xB679, 0xCE78, 0xB679, 0xB679, 0xB679, 0xB679, 0xB679,
    0xAE58, 0xAE58, 0xAE58, 0xAE58, 0xAE58, 0xD6BA, 0xAE59, 0xB679, 0xB679, 0xAE58, 0xAE58, 0xAE58,
    0xAE58, 0xB659, 0xAE58, 0x9DB5, 0xA618, 0xB679, 0xB679, 0xB679, 0xB678, 0xAE58, 0xAE58, 0xAE58,
    0xAE58, 0xAE58, 0xD6BA, 0xAE58, 0xB679, 0xB679, 0xAE78, 0xAE58, 0xB679, 0xAE58, 0xB679, 0xB679,
    0xAE58, 0xCE79, 0xB679, 0xB679, 0xB679, 0xB659, 0xAE58, 0xAE58, 0xAE58, 0xAE58, 0xAE58, 0x95B6,
    0xAE38, 0xB679, 0xB679, 0xB678, 0xB679, 0xAE58, 0xAE58, 0xAE58, 0xB679, 0xB679, 0xDEFA, 0xB679,
    0xB678, 0xB658, 0xB658, 0xB658, 0xAE38, 0xAE38, 0xAE38, 0xAE58, 0xAE38, 0xDEDA, 0xAE58, 0xAE58,
    0xB678, 0xAE58, 0xAE58, 0xAE58, 0xAE58, 0xAE58, 0xAE58, 0x95B5, 0xA638, 0xAE58, 0xB658, 0xAE58,
    0xAE58, 0xAE38, 0xAE38, 0xAE58, 0xAE58, 0xAE58, 0xD699, 0xAE58, 0xB658, 0xB678, 0xAE58, 0xAE58,
    0xAE38, 0xAE58, 0xAE58, 0xAE58, 0xAE38, 0xDEFA, 0xB658, 0xAE58, 0xB679, 0xB679, 0xAE58, 0xAE58,
    0xAE58, 0xAE58, 0xAE38, 0x9D95, 0xAE58, 0xB679, 0xB678, 0xB658, 0xAE58, 0xAE58, 0xAE58, 0xAE58,
    0xAE58, 0xAE59, 0xD699, 0xB679, 0xB679, 0xB679, 0xB679, 0xAE58, 0xAE58, 0xAE58, 0xAE58, 0xAE79,
    0xAE58, 0xD6DA, 0xB659, 0xB679, 0xAE78, 0xAE58, 0xAE78, 0xB659, 0xAE58, 0xAE58, 0xB679, 0x9DB5,
    0xA617, 0xB679, 0xB679, 0xB679, 0xAE58, 0xB658, 0xAE58, 0xAE58, 0xAE58, 0xAE58, 0xDEDA, 0xAE58,
    0xB679, 0xB678, 0xB679, 0xAE58, 0xAE58, 0xB679, 0xB679, 0xB678, 0xAE58, 0xD699, 0xB679, 0xB679,
    0xB678, 0xAE58, 0xAE58, 0xAE58, 0xAE58, 0xAE58, 0xAE58, 0x9595, 0xAE18, 0xB658, 0xB678, 0xB679,
    0xAE58, 0xAE58, 0xAE58, 0xAE58, 0xAE58, 0xAE59, 0xDEDA, 0xB679, 0xB658, 0xAE58, 0xB658, 0xAE38,
    0xAE58, 0xAE38, 0xAE58, 0xAE58, 0xAE38, 0xDEFA, 0xAE58, 0xAE58, 0xAE58, 0xAE58, 0xAE58, 0xAE58,
    0xAE58, 0xAE58, 0xAE58, 0x9DB6, 0xAE58, 0xAE58, 0xAE58, 0xAE58, 0xAE38, 0xAE58, 0xAE58, 0xAE38,
    0xAE38, 0xAE38, 0xD699, 0xAE58, 0xAE58, 0xAE58, 0xAE58, 0xAE58, 0xAE38, 0xAE38, 0xAE38, 0xAE58,
    0xAE38, 0xD6DA, 0xAE58, 0xAE58, 0xAE58, 0xAE58, 0xAE58, 0xAE58, 0xAE58, 0xAE58, 0xAE58, 0x9D95,
    0xAE38, 0xAE59, 0xB658, 0xAE58, 0xB658, 0xAE58, 0xAE58, 0xAE58, 0xAE58, 0xAE58, 0xD699, 0xB679,
    0xAE58, 0xB679, 0xAE58, 0xAE58, 0xAE58, 0xAE58, 0xAE58, 0xAE58, 0xAE38, 0xD6DA, 0xAE78, 0xB679,
    0xB659, 0xAE58, 0xAE58, 0xB678, 0xB658, 0xB658, 0xAE79, 0x9595, 0xA5F7, 0xB679, 0xB678, 0xAE58,
    0xB679, 0xAE58, 0xAE58, 0xAE58, 0xAE59, 0xAE58, 0xD6BA, 0xAE58, 0xAE78, 0xB658, 0xAE59, 0xAE58,
    0xAE58, 0xAE58, 0xAE78, 0xAE58, 0xAE38, 0xD6BA, 0xB658, 0xAE58, 0xAE58, 0xAE58, 0xAE58, 0xAE38,
    0xAE58, 0xAE58, 0xAE58, 0x9595, 0xA5F7, 0xB679, 0xB658, 0xAE58, 0xAE58, 0xAE58, 0xAE58, 0xAE58,
    0xAE58, 0xB658, 0xD6B9, 0xB678, 0xAE58, 0xB658, 0xAE58, 0xAE58, 0xAE58, 0xAE38, 0xAE58, 0xAE58,
    0xAE38, 0xD699, 0xAE58, 0xAE58, 0xAE58, 0xAE58, 0xAE38, 0xAE38, 0xAE38, 0xAE58, 0xAE38, 0x95B6,
    0xA638, 0xAE58, 0xAE58, 0xAE58, 0xAE58, 0xAE38, 0xAE58, 0xAE58, 0xAE38, 0xAE38, 0xCE79, 0xAE58,
    0xAE38, 0xAE58, 0xAE58, 0xAE58, 0xAE58, 0xAE38, 0xAE38, 0xAE58, 0xAE37, 0xDEFB, 0xAE58, 0xAE58,
    0xAE58, 0xAE58, 0xAE58, 0xAE78, 0xAE58, 0xAE58, 0xAE58, 0x9DB6, 0xA618, 0xAE58, 0xAE58, 0xAE58,
    0xAE58, 0xAE58, 0xAE58, 0xAE58, 0xAE58, 0xAE58, 0xD679, 0xAE58, 0xAE59, 0xAE58, 0xB679, 0xB679,
    0xAE58, 0xAE58, 0xAE58, 0xAE58, 0xAE38, 0xDEDB, 0xAE58, 0xB679, 0xAE58, 0xB679, 0xB658, 0xAE58,
    0xAE58, 0xB659, 0xAE58, 0x9DB6, 0xA5F7, 0xAE58, 0xAE58, 0xB678, 0xAE78, 0xB679, 0xB679, 0xAE58,
    0xAE58, 0xAE58, 0xD699, 0xAE58, 0xB678, 0xAE58, 0xB679, 0xAE79, 0xB679, 0xAE58, 0xAE58, 0xAE58,
    0xAE38, 0xCE79, 0xAE58, 0xAE58, 0xAE58, 0xAE78, 0xAE58, 0xAE58, 0xAE58, 0xAE58, 0xAE58, 0x9DD6,
    0x9DF7, 0xAE58, 0xAE58, 0xAE58, 0xAE58, 0xAE58, 0xAE58, 0xAE58, 0xAE38, 0xAE58, 0xD6BA, 0xAE58,
    0xAE58, 0xAE38, 0xAE38, 0xAE38, 0xAE58, 0xAE58, 0xAE58, 0xAE58, 0xAE38, 0xD6B9, 0xAE38, 0xAE58,
    0xAE58, 0xAE38, 0xAE38, 0xAE58, 0xAE58, 0xAE58, 0xAE58, 0x9DB6, 0xA617, 0xAE58, 0xAE58, 0xAE58,
    0xAE58, 0xAE38, 0xAE38, 0xAE38, 0xAE38, 0xAE38, 0xCE58, 0xAE38, 0xAE38, 0xAE38, 0xAE38, 0xAE58,
    0xAE38, 0xAE38, 0xAE58, 0xAE58, 0xAE38, 0xD6DA, 0xAE58, 0xAE58, 0xAE58, 0xAE58, 0xAE58, 0xAE58,
    0xAE58, 0xAE58, 0xAE58, 0x9D95, 0xA617, 0xAE38, 0xAE38, 0xAE58, 0xAE58, 0xAE58, 0xAE58, 0xAE58,
    0xAE58, 0xAE58, 0xD699, 0xAE58, 0xAE58, 0xAE58, 0xAE58, 0xAE58, 0xAE58, 0xAE58, 0xAE58, 0xAE58,
    0xAE38, 0xDEDA, 0xAE58, 0xB679, 0xAE58, 0xAE58, 0xAE58, 0xAE58, 0xAE58, 0xAE58, 0xAE58, 0x9DB5,
    0xA5F7, 0xAE58, 0xAE58, 0xAE58, 0xAE58, 0xB679, 0xB678, 0xB658, 0xAE58, 0xAE58, 0xCE79, 0xAE58,
    0xAE58, 0xB658, 0xAE78, 0xAE78, 0xAE78, 0xAE58, 0xAE58, 0xAE58, 0xAE58, 0xCE79, 0xAE58, 0xAE38,
    0xAE38, 0xAE58, 0xAE58, 0xAE58, 0xAE58, 0xAE58, 0xAE58, 0x9DF6, 0x9DD7, 0xAE38, 0xAE38, 0xAE58,
    0xAE58, 0xAE58, 0xAE58, 0xAE58, 0xAE58, 0xAE58, 0xCE79, 0xAE38, 0xAE58, 0xAE38, 0xAE38, 0xAE38,
    0xAE58, 0xAE58, 0xAE58, 0xAE38, 0xAE38, 0xDEBA, 0xA638, 0xA637, 0xAE38, 0xA637, 0xA637, 0xAE38,
    0xAE58, 0xAE58, 0xAE58, 0x9DD6, 0xA617, 0xAE37, 0xA637, 0xAE38, 0xAE38, 0xAE37, 0xAE37, 0xA617,
    0xA637, 0xA637, 0xCE58, 0xA637, 0xAE37, 0xAE38, 0xAE38, 0xAE37, 0xAE38, 0xAE38, 0xAE38, 0xAE58,
    0xA617, 0xD6BA, 0xA617, 0xAE38, 0xAE38, 0xAE38, 0xAE38, 0xAE58, 0xAE58, 0xAE58, 0xAE58, 0x9575,
    0xA5F7, 0xAE38, 0xA637, 0xAE58, 0xAE38, 0xAE38, 0xAE38, 0xAE58, 0xB658, 0xAE58, 0xCE58, 0xAE38,
    0xAE58, 0xAE58, 0xAE38, 0xAE37, 0xAE38, 0xAE38, 0xA638, 0xAE38, 0xA637, 0xD6BA, 0xAE58, 0xAE58,
    0xB658, 0xAE58, 0xAE58, 0xAE58, 0xAE58, 0xAE38, 0xB658, 0x9575, 0x9DF7, 0xAE38, 0xAE58, 0xAE58,
    0xAE38, 0xAE58, 0xAE58, 0xB678, 0xBE99, 0xAE58, 0xD699, 0xAE58, 0xAE58, 0xAE58, 0xAE58, 0xB658,
    0xAE58, 0xAE58, 0xAE38, 0xAE58, 0xAE38, 0xCE78, 0xAE38, 0xAE38, 0xAE38, 0xAE38, 0xAE38, 0xAE58,
    0xAE58, 0xAE58, 0xAE58, 0x9DD6, 0x9DD6, 0xAE38, 0xAE38, 0xAE38, 0xAE38, 0xAE38, 0xA637, 0xAE38,
    0xAE58, 0xAE58, 0xD699, 0xAE38, 0xAE38, 0xA637, 0xA637, 0xA637, 0xA638, 0xA637, 0xAE38, 0xAE58,
    0xAE38, 0xCE79, 0xA637, 0xA617, 0xAE37, 0xA637, 0xA617, 0xA617, 0xAE38, 0xA637, 0xAE38, 0x95B6,
    0xA617, 0xA617, 0xA617, 0xA637, 0xA637, 0xAE38, 0xA637, 0xA617, 0xAE38, 0xA637, 0xCE58, 0xAE38,
    0xA637, 0xA637, 0xAE38, 0xA637, 0xAE38, 0xAE38, 0xAE38, 0xAE38, 0xA617, 0xD6DA, 0xA617, 0xA637,
    0xAE38, 0xAE38, 0xAE38, 0xAE38, 0xAE58, 0xB679, 0xB679, 0x9575, 0x9DF7, 0xAE37, 0xAE38, 0xA637,
    0xAE58, 0xAE58, 0xAE58, 0xAE58, 0xAE58, 0xAE58, 0xC638, 0xAE38, 0xAE58, 0xAE38, 0xAE38, 0xAE38,
    0xAE38, 0xAE38, 0xAE38, 0xAE38, 0xA617, 0xD6DA, 0xAE38, 0xAE58, 0xAE58, 0xAE38, 0xAE38, 0xAE58,
    0xAE38, 0xAE38, 0xAE58, 0x9575, 0xA5F7, 0xAE38, 0xAE38, 0xAE58, 0xAE58, 0xAE58, 0xAE58, 0xAE38,
    0xB679, 0xB679, 0xD699, 0xAE58, 0xAE58, 0xAE58, 0xAE58, 0xAE58, 0xAE58, 0xAE38, 0xA637, 0xAE38,
    0xAE38, 0xCE58, 0xAE38, 0xAE38, 0xAE38, 0xA638, 0xAE38, 0xAE38, 0xAE38, 0xB678, 0xAE58, 0x9595,
    0x95B6, 0xAE37, 0xAE38, 0xAE38, 0xAE38, 0xA637, 0xAE38, 0xA638, 0xAE58, 0xAE58, 0xCE79, 0xA637,
    0xA638, 0xA637, 0xA637, 0xA637, 0xAE38, 0xA637, 0xAE38, 0xAE58, 0xAE38, 0xCE99, 0xA638, 0xA637,
    0xA637, 0xA617, 0xA617, 0xA637, 0xA637, 0xA638, 0xA637, 0x9595, 0x8D75, 0x8D74, 0x9595, 0x8D95,
    0x8D75, 0x8D75, 0x8D95, 0x9595, 0x8D75, 0x9595, 0xCE38, 0x9595, 0x8D95, 0x95B5, 0x95B5, 0x9595,
    0x9595, 0x9595, 0x9595, 0x9595, 0x8D75, 0xCE99, 0x8D75, 0x8D75, 0x8D95, 0x8D75, 0x8D75, 0x9595,
    0x9595, 0x9595, 0x9595, 0x8D13, 0x9595, 0x9595, 0x95B5, 0x9595, 0x8D95, 0x9595, 0x9595, 0x9595,
    0x9595, 0x9595, 0xCE58, 0x8D95, 0x8D95, 0x9595, 0x9595, 0x9595, 0x95B5, 0x95B5, 0x9595, 0x9595,
    0x9595, 0xD6BA, 0x9595, 0x95B5, 0x95B6, 0x9595, 0x95B5, 0x95B5, 0x9595, 0x9595, 0x9595, 0x8D54,
    0x9555, 0x9595, 0x9595, 0x9595, 0x9595, 0x9595, 0x9595, 0x95B5, 0x9595, 0x95B6, 0xCE79, 0x95B5,
    0x95B5, 0x95B5, 0x9595, 0x95B6, 0x95B5, 0x95B5, 0x95B5, 0x95B5, 0x9595, 0xC658, 0x8D95, 0x8D95,
    0x95B5, 0x9595, 0x8D75, 0x9595, 0x8D95, 0x8D95, 0x8D95, 0x8D54, 0x9575, 0x95B5, 0x9595, 0x95B5,
    0x9595, 0x8D75, 0x8D95, 0x9595, 0x95B5, 0x9595, 0xCE99, 0x8D75, 0x8D75, 0x9595, 0x8D75, 0x8D75,
    0x8D95, 0x8D74, 0x8D75, 0x8D75, 0x8D95, 0xCE79, 0x9595, 0x8D95, 0x95B5, 0x95B5, 0x9595, 0x95B5,
    0x8D95, 0x9595, 0x9595, 0x8D75,
};
#define POOLS_WALL_MIP1_SIZE 64
static const uint16_t POOLS_WALL_MIP1_PIXELS[4096] __attribute__((aligned(16))) = {
    0xB699, 0xBE99, 0xBE99, 0xB699, 0xBE99, 0xC679, 0xBE99, 0xB699, 0xBE9A, 0xBEBA, 0xC6BA, 0xB699,
    0xBE99, 0xBEB9, 0xBEBA, 0xAE17, 0xB699, 0xBE99, 0xBE99, 0xB699, 0xB699, 0xC699, 0xBE99, 0xBE99,
    0xBEBA, 0xBEBA, 0xCEBA, 0xBEBA, 0xBEBA, 0xBEBA, 0xBEBA, 0xAE38, 0xB679, 0xBEBA, 0xBEBA, 0xBEBA,
    0xBE99, 0xCEBA, 0xBEBA, 0xBEBA, 0xBEBA, 0xBEBA, 0xC699, 0xBEBA, 0xBEBA, 0xBEBA, 0xBE99, 0xAE17,
    0xB679, 0xBEBA, 0xB699, 0xB699, 0xB699, 0xCEBA, 0xB699, 0xBE99, 0xBEB9, 0xB699, 0xC699, 0xB699,
    0xB699, 0xB699, 0xB699, 0xAE58, 0xAE58, 0xB679, 0xAE78, 0xAE58, 0xB678, 0xBE78, 0xAE58, 0xAE58,
    0xAE58, 0xB679, 0xC699, 0xAE58, 0xAE58, 0xB678, 0xB679, 0xAE17, 0xAE59, 0xB679, 0xAE58, 0xAE58,
    0xB699, 0xC699, 0xB679, 0xAE58, 0xB679, 0xB679, 0xC6B9, 0xAE78, 0xB679, 0xB679, 0xB679, 0xA617,
    0xAE58, 0xE75B, 0xBE99, 0xB679, 0xB679, 0xC699, 0xB699, 0xC6BA, 0xB679, 0xB679, 0xC699, 0xB679,
    0xAE58, 0xAE79, 0xB679, 0xA617, 0xAE58, 0xAE58, 0xAE58, 0xAE58, 0xB679, 0xD6FA, 0xAE58, 0xAE58,
    0xAE78, 0xB678, 0xC699, 0xAE58, 0xAE58, 0xAE58, 0xAE58, 0xA617, 0xAE38, 0xAE58, 0xAE58, 0xAE58,
    0xAE58, 0xBE78, 0xAE58, 0xAE58, 0xAE58, 0xAE58, 0xC699, 0xAE58, 0xAE58, 0xB678, 0xB679, 0xA5F7,
    0xAE58, 0xB679, 0xAE79, 0xAE58, 0xB679, 0xBE79, 0xAE78, 0xAE79, 0xB679, 0xB679, 0xC6BA, 0xAE78,
    0xB679, 0xB679, 0xAE79, 0xA5F7, 0xAE58, 0xB678, 0xD71A, 0xB679, 0xB679, 0xC679, 0xB679, 0xBE99,
    0xB679, 0xB679, 0xC699, 0xAE58, 0xAE58, 0xB679, 0xAE78, 0xA617, 0xAE38, 0xAE58, 0xAE58, 0xAE58,
    0xAE58, 0xC699, 0xAE58, 0xAE58, 0xAE58, 0xAE58, 0xC679, 0xAE58, 0xAE58, 0xAE58, 0xAE58, 0xA5F7,
    0xAE38, 0xAE38, 0xAE38, 0xAE38, 0xAE58, 0xBE78, 0xAE38, 0xAE58, 0xAE58, 0xAE58, 0xC699, 0xAE38,
    0xAE58, 0xAE58, 0xAE58, 0xA5F7, 0xAE58, 0xAE58, 0xAE58, 0xAE58, 0xAE58, 0xC699, 0xAE58, 0xAE58,
    0xAE58, 0xAE58, 0xC699, 0xAE58, 0xAE58, 0xAE58, 0xAE58, 0xA5F7, 0xAE38, 0xAE58, 0xAE58, 0xB679,
    0xAE58, 0xC679, 0xAE58, 0xAE58, 0xAE78, 0xAE58, 0xC679, 0xAE58, 0xAE58, 0xAE58, 0xAE58, 0xA5F7,
    0xA617, 0xAE38, 0xAE58, 0xAE58, 0xAE58, 0xC679, 0xAE38, 0xAE38, 0xAE58, 0xAE58, 0xBE78, 0xAE38,
    0xAE38, 0xAE38, 0xAE38, 0xA617, 0xA638, 0xAE38, 0xAE38, 0xAE38, 0xAE38, 0xBE78, 0xAE58, 0xAE58,
    0xAE58, 0xB658, 0xC699, 0xAE38, 0xAE38, 0xAE38, 0xAE58, 0xA5D6, 0xAE58, 0xAE58, 0xAE58, 0xAE58,
    0xAE58, 0xBE58, 0xAE58, 0xAE58, 0xAE58, 0xAE58, 0xC699, 0xAE58, 0xAE58, 0xAE58, 0xAE58, 0xA5F7,
    0xAE38, 0xAE58, 0xAE58, 0xAE58, 0xB699, 0xBE58, 0xAE58, 0xAE58, 0xAE58, 0xAE58, 0xC699, 0xAE58,
    0xAE58, 0xAE58, 0xAE58, 0xA617, 0xA617, 0xAE38, 0xAE58, 0xAE58, 0xAE58, 0xBE79, 0xAE38, 0xAE58,
    0xAE58, 0xAE58, 0xC679, 0xA638, 0xAE38, 0xAE38, 0xAE38, 0xA5F7, 0xB638, 0xBE58, 0xC679, 0xBE79,
    0xBE78, 0xC678, 0xBE78, 0xBE78, 0xBE58, 0xBE58, 0xBE38, 0xBE58, 0xC679, 0xC699, 0xBE78, 0xB617,
    0xB638, 0xC699, 0xC699, 0xBE79, 0xBE78, 0xC678, 0xC699, 0xC679, 0xC699, 0xC699, 0xC658, 0xBE78,
    0xC699, 0xC699, 0xBE79, 0xB617, 0xBE58, 0xC679, 0xC679, 0xBE79, 0xBE58, 0xC678, 0xBE58, 0xC679,
    0xC679, 0xBE78, 0xC658, 0xC679, 0xC699, 0xC679, 0xBE79, 0xB617, 0xB638, 0xBE79, 0xBE79, 0xBE79,
    0xBE58, 0xC658, 0xBE79, 0xC679, 0xBE79, 0xBE78, 0xC678, 0xBE79, 0xBE58, 0xBE58, 0xBE58, 0xB617,
    0xAE58, 0xAE58, 0xAE58, 0xB679, 0xB679, 0xBE79, 0xB679, 0xAE58, 0xB679, 0xB679, 0xC699, 0xB679,
    0xB679, 0xB679, 0xB679, 0xA617, 0xB679, 0xBE99, 0xB679, 0xB679, 0xB679, 0xC699, 0xB679, 0xB679,
    0xB679, 0xB679, 0xC699, 0xB679, 0xB679, 0xB679, 0xB679, 0xA617, 0xAE58, 0xB679, 0xB699, 0xB679,
    0xB679, 0xC679, 0xB679, 0xB679, 0xB679, 0xB679, 0xC699, 0xB679, 0xB679, 0xB679, 0xAE79, 0xA617,
    0xAE38, 0xAE58, 0xAE79, 0xB679, 0xB679, 0xC699, 0xB679, 0xB679, 0xAE58, 0xAE58, 0xC679, 0xB678,
    0xAE58, 0xB679, 0xB679, 0xA617, 0xAE58, 0xAE58, 0xAE58, 0xAE58, 0xAE78, 0xBE79, 0xB679, 0xB679,
    0xB678, 0xB679, 0xC699, 0xB679, 0xAE79, 0xB679, 0xB679, 0xAE17, 0xAE58, 0xB679, 0xB679, 0xB679,
    0xB679, 0xC699, 0xB679, 0xB679, 0xB679, 0xB679, 0xC6BA, 0xB679, 0xB679, 0xB679, 0xB679, 0xA617,
    0xAE58, 0xB679, 0xB679, 0xB679, 0xB679, 0xC699, 0xB679, 0xB679, 0xB679, 0xB679, 0xC679, 0xB679,
    0xB679, 0xAE79, 0xAE79, 0xA617, 0xAE38, 0xAE78, 0xAE58, 0xB679, 0xB679, 0xC6B9, 0xB679, 0xB679,
    0xB679, 0xAE58, 0xC679, 0xB658, 0xAE58, 0xAE58, 0xAE58, 0xA617, 0xAE38, 0xAE58, 0xAE58, 0xAE58,
    0xAE58, 0xBE79, 0xAE58, 0xAE79, 0xB679, 0xB679, 0xC699, 0xAE58, 0xB678, 0xB679, 0xAE78, 0xA5F7,
    0xAE58, 0xAE58, 0xAE79, 0xB679, 0xB679, 0xBE79, 0xAE58, 0xAE58, 0xB679, 0xB679, 0xC6BA, 0xB679,
    0xB679, 0xB679, 0xB679, 0xA617, 0xAE38, 0xB679, 0xB679, 0xB679, 0xB679, 0xC699, 0xB679, 0xB679,
    0xB679, 0xB679, 0xBE79, 0xB679, 0xAE58, 0xB679, 0xB679, 0xA637, 0xAE38, 0xB679, 0xB679, 0xAE58,
    0xB679, 0xC699, 0xAE58, 0xAE58, 0xB679, 0xB679, 0xBE79, 0xAE58, 0xAE58, 0xAE58, 0xAE58, 0xA5F7,
    0xAE38, 0xAE58, 0xAE58, 0xAE38, 0xAE58, 0xBE79, 0xAE58, 0xAE58, 0xB658, 0xB679, 0xC679, 0xAE38,
    0xAE38, 0xAE38, 0xAE58, 0xA617, 0xAE38, 0xAE58, 0xAE58, 0xAE58, 0xB679, 0xBE79, 0xAE58, 0xAE58,
    0xAE58, 0xAE58, 0xC699, 0xAE58, 0xAE58, 0xAE58, 0xAE58, 0xA617, 0xA638, 0xAE58, 0xAE58, 0xAE58,
    0xAE79, 0xC679, 0xAE58, 0xAE58, 0xAE58, 0xAE58, 0xC699, 0xAE58, 0xAE58, 0xAE58, 0xAE58, 0xA617,
    0xAE58, 0xB679, 0xAE58, 0xAE58, 0xAE58, 0xC679, 0xAE58, 0xAE58, 0xAE58, 0xB679, 0xC679, 0xB679,
    0xAE58, 0xAE38, 0xAE38, 0xA617, 0xBE58, 0xC679, 0xC679, 0xBE58, 0xBE78, 0xC658, 0xC679, 0xC699,
    0xC699, 0xC679, 0xCE99, 0xBE78, 0xBE79, 0xBE79, 0xC679, 0xBE58, 0xBE78, 0xC699, 0xC679, 0xC679,
    0xC699, 0xC678, 0xC679, 0xC679, 0xC699, 0xBE79, 0xCEBA, 0xC679, 0xC699, 0xC679, 0xC699, 0xBE58,
    0xBE79, 0xC679, 0xC699, 0xC679, 0xC679, 0xCE99, 0xBE78, 0xBE79, 0xC699, 0xC679, 0xCE99, 0xBE79,
    0xC699, 0xC699, 0xBE79, 0xBE58, 0xC679, 0xC699, 0xC699, 0xC699, 0xC699, 0xCE99, 0xC699, 0xC679,
    0xC679, 0xBE78, 0xCE99, 0xC679, 0xC679, 0xBE78, 0xBE78, 0xBE58, 0xAE58, 0xB679, 0xB679, 0xB679,
    0xB679, 0xC679, 0xB679, 0xB679, 0xB679, 0xB679, 0xC699, 0xB679, 0xB679, 0xB679, 0xB699, 0xAE17,
    0xAE58, 0xB679, 0xB679, 0xB679, 0xB679, 0xC699, 0xB679, 0xB679, 0xB679, 0xB679, 0xC6BA, 0xB679,
    0xB679, 0xB679, 0xB679, 0xAE38, 0xB659, 0xC6BA, 0xBEBA, 0xBE99, 0xB679, 0xC699, 0xB699, 0xB679,
    0xB679, 0xB679, 0xC699, 0xB679, 0xB679, 0xB679, 0xB679, 0xA617, 0xAE58, 0xB679, 0xB679, 0xB679,
    0xB679, 0xC699, 0xB679, 0xB679, 0xB679, 0xB679, 0xC699, 0xB679, 0xB679, 0xB679, 0xAE58, 0xA617,
    0xAE58, 0xAE58, 0xB678, 0xB678, 0xB679, 0xC679, 0xB679, 0xB679, 0xB679, 0xB679, 0xC699, 0xB679,
    0xB679, 0xB679, 0xB679, 0xAE37, 0xAE58, 0xB679, 0xB679, 0xB679, 0xB679, 0xC6B9, 0xB699, 0xB679,
    0xB679, 0xB679, 0xC6BA, 0xB679, 0xB679, 0xB679, 0xB679, 0xAE38, 0xAE58, 0xB699, 0xB679, 0xB679,
    0xB679, 0xC699, 0xB679, 0xB679, 0xB679, 0xB679, 0xC699, 0xB679, 0xB679, 0xB679, 0xB679, 0xAE38,
    0xAE58, 0xB679, 0xB679, 0xB679, 0xB679, 0xC699, 0xB679, 0xB679, 0xB679, 0xB679, 0xC6B9, 0xB679,
    0xB679, 0xB679, 0xAE58, 0xA617, 0xAE38, 0xAE58, 0xB658, 0xAE58, 0xAE58, 0xC679, 0xB679, 0xB679,
    0xB679, 0xB679, 0xC699, 0xB679, 0xB679, 0xB679, 0xB679, 0xA617, 0xAE58, 0xB679, 0xB679, 0xB679,
    0xB679, 0xC699, 0xB679, 0xB679, 0xB679, 0xB679, 0xC6B9, 0xB679, 0xB679, 0xB679, 0xB679, 0xAE17,
    0xAE58, 0xB679, 0xB679, 0xB679, 0xB679, 0xC699, 0xB679, 0xB679, 0xB679, 0xB679, 0xC679, 0xB679,
    0xB679, 0xB679, 0xB679, 0xA617, 0xAE38, 0xB679, 0xB679, 0xB679, 0xB679, 0xC699, 0xB679, 0xAE78,
    0xAE78, 0xB679, 0xC699, 0xAE58, 0xAE79, 0xB678, 0xB678, 0xA617, 0xA638, 0xAE58, 0xAE58, 0xAE38,
    0xAE58, 0xBE58, 0xAE58, 0xAE58, 0xB679, 0xB679, 0xC699, 0xB679, 0xB679, 0xAE58, 0xAE58, 0xA5F7,
    0xAE58, 0xAE58, 0xB679, 0xB679, 0xB699, 0xC679, 0xAE58, 0xAE58, 0xB679, 0xB699, 0xC6BA, 0xAE58,
    0xAE58, 0xAE58, 0xAE58, 0xA617, 0xAE38, 0xAE78, 0xB679, 0xB679, 0xB699, 0xC679, 0xAE58, 0xB679,
    0xB679, 0xB679, 0xC699, 0xAE58, 0xAE58, 0xAE58, 0xAE78, 0xA617, 0xAE38, 0xAE58, 0xAE58, 0xAE58,
    0xAE58, 0xC679, 0xAE58, 0xAE58, 0xAE58, 0xAE58, 0xC699, 0xAE58, 0xAE58, 0xAE58, 0xB678, 0xA617,
    0x9DD6, 0xA5F7, 0xA5F7, 0xA5F6, 0xA5F7, 0xB617, 0xA5F7, 0xA617, 0xA5F7, 0xA617, 0xBE58, 0xAE17,
    0xAE37, 0xA617, 0xA5F7, 0x9DB6, 0xA5F7, 0xA617, 0xA617, 0xA617, 0xAE38, 0xBE38, 0xA617, 0xA617,
    0xA617, 0xAE38, 0xBE58, 0xA617, 0xA617, 0xA5F7, 0xA617, 0x9DD6, 0xA5F7, 0xA617, 0xA617, 0xAE17,
    0xAE37, 0xBE58, 0xA617, 0xA617, 0xA617, 0xA617, 0xBE78, 0xA617, 0xA617, 0xA617, 0xA617, 0x9DD6,
    0x9DD7, 0xA617, 0xA617, 0xA5F7, 0xA617, 0xBE58, 0xA5F7, 0xA617, 0xA5F7, 0xA5F7, 0xB638, 0xA5F7,
    0xA617, 0xA5F7, 0xA617, 0x9DD6, 0xBEBA, 0xBEBA, 0xBEBA, 0xBEBA, 0xBEBA, 0xC699, 0xBEBA, 0xBEBA,
    0xBEBA, 0xC6DA, 0xCEDA, 0xC6DA, 0xC6DA, 0xBEBA, 0xBEBA, 0xAE38, 0xBEBA, 0xC6DA, 0xBEDA, 0xBEBA,
    0xBEDA, 0xCEBA, 0xC6DA, 0xBEBA, 0xBEBA, 0xBEBA, 0xCEFB, 0xC6DA, 0xC6DB, 0xC6DA, 0xC6DB, 0xB658,
    0xBEBA, 0xC6DA, 0xC6DA, 0xBEDA, 0xBEDA, 0xCEBA, 0xBEDA, 0xC6DA, 0xC6DA, 0xC6DA, 0xCEBA, 0xC6DA,
    0xC6DA, 0xC6BA, 0xBEDA, 0xAE59, 0xB679, 0xBEBA, 0xBEBA, 0xBEDA, 0xBEDA, 0xCEBA, 0xBEDA, 0xBEBA,
    0xBEBA, 0xBEBA, 0xC6BA, 0xBEBA, 0xBEBA, 0xBEBA, 0xBEBA, 0xB659, 0xB679, 0xB679, 0xB679, 0xB679,
    0xB679, 0xC679, 0xB679, 0xB679, 0xB679, 0xB679, 0xC6BA, 0xB699, 0xB699, 0xB679, 0xB679, 0xAE17,
    0xB679, 0xB699, 0xB679, 0xB679, 0xB679, 0xC699, 0xB699, 0xB679, 0xB679, 0xB679, 0xC6BA, 0xB699,
    0xB699, 0xB699, 0xB679, 0xAE38, 0xB679, 0xB699, 0xB699, 0xB699, 0xB679, 0xC699, 0xB679, 0xB679,
    0xB699, 0xB699, 0xC699, 0xB699, 0xB699, 0xB679, 0xB679, 0xAE38, 0xAE38, 0xB679, 0xB679, 0xB679,
    0xB699, 0xC699, 0xB679, 0xB679, 0xB679, 0xAE79, 0xC699, 0xB679, 0xB679, 0xB679, 0xB679, 0xA638,
    0xAE58, 0xB678, 0xAE58, 0xAE58, 0xAE58, 0xC679, 0xB679, 0xB679, 0xB679, 0xB679, 0xC699, 0xB679,
    0xB679, 0xB679, 0xB679, 0xAE17, 0xB679, 0xB679, 0xB679, 0xB679, 0xB679, 0xC699, 0xB679, 0xB679,
    0xB679, 0xB679, 0xC6BA, 0xB679, 0xB679, 0xB679, 0xB679, 0xAE38, 0xAE58, 0xB679, 0xB679, 0xB679,
    0xB679, 0xC699, 0xB679, 0xB679, 0xB679, 0xB679, 0xC699, 0xB679, 0xB679, 0xB679, 0xB679, 0xAE38,
    0xAE58, 0xB679, 0xB679, 0xB679, 0xB679, 0xC699, 0xB679, 0xB679, 0xB679, 0xB679, 0xC699, 0xB679,
    0xAE58, 0xAE58, 0xAE58, 0xA617, 0xAE58, 0xAE58, 0xAE58, 0xAE58, 0xAE58, 0xC679, 0xB679, 0xB679,
    0xB679, 0xB678, 0xC699, 0xAE58, 0xAE78, 0xB679, 0xB679, 0xAE17, 0xAE58, 0xAE58, 0xB679, 0xB679,
    0xB699, 0xBE79, 0xB679, 0xB679, 0xB679, 0xB679, 0xC699, 0xAE79, 0xB679, 0xB679, 0xB679, 0xAE17,
    0xAE38, 0xB679, 0xB679, 0xB679, 0xB679, 0xC6BA, 0xB699, 0xB679, 0xB679, 0xB679, 0xC699, 0xB679,
    0xB679, 0xB679, 0xB679, 0xA638, 0xAE58, 0xB679, 0xB679, 0xB679, 0xB679, 0xC699, 0xAE58, 0xAE58,
    0xB679, 0xB679, 0xC699, 0xAE58, 0xAE58, 0xAE58, 0xAE58, 0xA617, 0xAE38, 0xAE58, 0xAE58, 0xAE58,
    0xAE58, 0xC679, 0xB678, 0xAE58, 0xAE58, 0xAE78, 0xC699, 0xAE58, 0xAE58, 0xB679, 0xB699, 0xAE37,
    0xAE58, 0xAE58, 0xAE78, 0xB679, 0xBEB9, 0xBE79, 0xB679, 0xB679, 0xB679, 0xBE99, 0xC699, 0xAE58,
    0xAE78, 0xAE78, 0xB678, 0xAE17, 0xAE38, 0xAE58, 0xAE58, 0xB679, 0xB679, 0xC699, 0xB699, 0xB679,
    0xB679, 0xB679, 0xC699, 0xAE58, 0xAE58, 0xAE58, 0xAE58, 0xA617, 0xAE58, 0xB679, 0xB679, 0xB679,
    0xB679, 0xC679, 0xAE58, 0xAE58, 0xAE58, 0xB699, 0xC679, 0xAE58, 0xAE58, 0xAE58, 0xAE38, 0xA617,
    0xBE58, 0xC699, 0xC699, 0xC679, 0xBE79, 0xC678, 0xC699, 0xC699, 0xC699, 0xC699, 0xC658, 0xC699,
    0xC6BA, 0xC699, 0xC699, 0xBE38, 0xBE58, 0xC699, 0xCEBA, 0xCEB9, 0xCEBA, 0xC679, 0xC6B9, 0xC699,
    0xC699, 0xC699, 0xC679, 0xC699, 0xC6B9, 0xC699, 0xC699, 0xBE58, 0xBE79, 0xCEBA, 0xCEDA, 0xCEBA,
    0xC6B9, 0xC678, 0xC699, 0xCEBA, 0xC6BA, 0xC699, 0xC679, 0xC6B9, 0xC699, 0xC699, 0xC699, 0xB638,
    0xBE79, 0xC6B9, 0xC699, 0xC699, 0xC699, 0xC678, 0xC679, 0xC699, 0xC699, 0xC699, 0xC679, 0xC699,
    0xC699, 0xC699, 0xC679, 0xB638, 0xAE58, 0xB658, 0xB679, 0xB679, 0xB679, 0xBE79, 0xB679, 0xB699,
    0xB699, 0xB679, 0xC699, 0xB679, 0xB699, 0xB699, 0xB679, 0xAE17, 0xB679, 0xB679, 0xB679, 0xB679,
    0xBE99, 0xC699, 0xB699, 0xB699, 0xB699, 0xB699, 0xC6BA, 0xB699, 0xB699, 0xB699, 0xB699, 0xAE38,
    0xB679, 0xB699, 0xB699, 0xB699, 0xB699, 0xC699, 0xB699, 0xB699, 0xB699, 0xB679, 0xC699, 0xB699,
    0xB699, 0xB699, 0xB679, 0xAE38, 0xB659, 0xB699, 0xB699, 0xB679, 0xB679, 0xC6B9, 0xB679, 0xB679,
    0xB679, 0xB679, 0xC699, 0xB699, 0xB679, 0xB679, 0xB679, 0xA617, 0xAE58, 0xB659, 0xAE78, 0xB678,
    0xB679, 0xBE79, 0xB679, 0xB679, 0xB679, 0xB679, 0xC699, 0xB679, 0xB679, 0xB679, 0xB679, 0xAE17,
    0xB679, 0xB679, 0xB679, 0xB679, 0xB699, 0xC679, 0xB679, 0xB699, 0xB699, 0xB699, 0xC6BA, 0xB699,
    0xB699, 0xB699, 0xB699, 0xAE38, 0xB679, 0xB699, 0xB679, 0xB679, 0xB699, 0xC699, 0xB679, 0xB679,
    0xB679, 0xB679, 0xC679, 0xB679, 0xB679, 0xB679, 0xB679, 0xAE38, 0xAE58, 0xB679, 0xB679, 0xB679,
    0xB699, 0xC699, 0xB679, 0xB679, 0xB679, 0xB679, 0xC699, 0xB679, 0xB679, 0xB679, 0xB659, 0xA617,
    0xAE58, 0xB659, 0xB679, 0xAE58, 0xAE58, 0xBE79, 0xAE58, 0xB679, 0xB679, 0xB679, 0xC699, 0xB679,
    0xB679, 0xB679, 0xB679, 0xAE17, 0xAE79, 0xB679, 0xB679, 0xB679, 0xB699, 0xC679, 0xB679, 0xB679,
    0xB679, 0xB679, 0xC6BA, 0xB679, 0xB679, 0xB699, 0xB699, 0xAE38, 0xB659, 0xB679, 0xB679, 0xB679,
    0xB679, 0xC699, 0xB679, 0xB679, 0xB679, 0xB679, 0xC699, 0xB679, 0xB679, 0xB699, 0xB679, 0xAE38,
    0xAE38, 0xB679, 0xB679, 0xB679, 0xB679, 0xC699, 0xB679, 0xB679, 0xB679, 0xAE79, 0xC699, 0xAE58,
    0xAE58, 0xAE59, 0xAE59, 0xAE37, 0xAE58, 0xB658, 0xAE58, 0xAE58, 0xAE58, 0xBE58, 0xAE58, 0xAE58,
    0xB678, 0xB678, 0xC699, 0xAE58, 0xAE58, 0xAE58, 0xB679, 0xAE17, 0xAE58, 0xAE58, 0xAE78, 0xAE58,
    0xB679, 0xC699, 0xAE79, 0xAE78, 0xAE79, 0xB679, 0xC6B9, 0xB679, 0xB679, 0xB679, 0xB699, 0xAE38,
    0xAE58, 0xAE78, 0xAE58, 0xB678, 0xB679, 0xC699, 0xB678, 0xB679, 0xB679, 0xB699, 0xC699, 0xAE58,
    0xB679, 0xB679, 0xB699, 0xAE38, 0xAE38, 0xAE58, 0xB658, 0xB679, 0xBEB9, 0xC699, 0xB679, 0xB678,
    0xAE58, 0xAE58, 0xC679, 0xAE58, 0xAE58, 0xAE58, 0xAE58, 0xA617, 0xC679, 0xC699, 0xC699, 0xBE79,
    0xC679, 0xC678, 0xC699, 0xC699, 0xC699, 0xC699, 0xCE99, 0xC699, 0xC699, 0xC699, 0xC699, 0xBE78,
    0xC699, 0xC699, 0xC699, 0xC699, 0xC699, 0xCE99, 0xC6B9, 0xC699, 0xC699, 0xC699, 0xCEB9, 0xC699,
    0xC699, 0xC699, 0xC699, 0xBE58, 0xC679, 0xC699, 0xC699, 0xC699, 0xC699, 0xCE79, 0xC679, 0xC6BA,
    0xC69A, 0xC699, 0xCE99, 0xC699, 0xC699, 0xC699, 0xC699, 0xBE78, 0xBE79, 0xC699, 0xC699, 0xC699,
    0xC699, 0xCE79, 0xC699, 0xC699, 0xC679, 0xC679, 0xCE99, 0xC699, 0xC679, 0xC699, 0xC699, 0xBE58,
    0xB679, 0xB679, 0xB679, 0xB679, 0xAE58, 0xC699, 0xB679, 0xB699, 0xB699, 0xB699, 0xC699, 0xBE99,
    0xB699, 0xB679, 0xB679, 0xAE17, 0xB679, 0xB699, 0xB699, 0xB699, 0xB699, 0xC699, 0xB699, 0xB699,
    0xB679, 0xB699, 0xC6BA, 0xBE99, 0xB699, 0xB699, 0xB699, 0xAE17, 0xB679, 0xB699, 0xB699, 0xB699,
    0xB699, 0xC6B9, 0xB699, 0xB699, 0xB699, 0xB699, 0xC699, 0xB699, 0xB699, 0xB699, 0xB699, 0xAE38,
    0xB679, 0xB699, 0xB679, 0xB699, 0xBE99, 0xC699, 0xB699, 0xB679, 0xB679, 0xB679, 0xC699, 0xB679,
    0xB679, 0xB679, 0xB679, 0xAE38, 0xB679, 0xB679, 0xB679, 0xB679, 0xB679, 0xBE79, 0xB679, 0xB679,
    0xB679, 0xB679, 0xC6B9, 0xB699, 0xB679, 0xB679, 0xB679, 0xAE17, 0xB679, 0xB699, 0xB679, 0xB679,
    0xB699, 0xC679, 0xB699, 0xB679, 0xB679, 0xB679, 0xC6BA, 0xB699, 0xB699, 0xB699, 0xB699, 0xAE38,
    0xAE58, 0xB699, 0xB679, 0xB679, 0xB699, 0xC6BA, 0xB699, 0xB699, 0xB699, 0xB699, 0xC699, 0xB699,
    0xB699, 0xB699, 0xB679, 0xAE38, 0xAE58, 0xB679, 0xB679, 0xB679, 0xB699, 0xC699, 0xB699, 0xB699,
    0xB679, 0xB679, 0xC6BA, 0xB679, 0xB679, 0xB679, 0xB679, 0xA637, 0xAE58, 0xB679, 0xB679, 0xB679,
    0xAE58, 0xC679, 0xB679, 0xB679, 0xB679, 0xB679, 0xC6B9, 0xB679, 0xB679, 0xB679, 0xB679, 0xAE38,
    0xB679, 0xB679, 0xB679, 0xB679, 0xB679, 0xC699, 0xB679, 0xB679, 0xB679, 0xB679, 0xC6B9, 0xB699,
    0xB699, 0xB679, 0xB699, 0xAE17, 0xAE59, 0xB699, 0xB679, 0xB679, 0xB679, 0xC699, 0xB679, 0xB699,
    0xB699, 0xB679, 0xC699, 0xB679, 0xB679, 0xB679, 0xB679, 0xA617, 0xAE58, 0xB679, 0xB679, 0xB679,
    0xB679, 0xC6B9, 0xB679, 0xB679, 0xB679, 0xB679, 0xC699, 0xB679, 0xB679, 0xB679, 0xB679, 0xA617,
    0xAE38, 0xAE58, 0xAE58, 0xAE58, 0xAE78, 0xBE58, 0xAE58, 0xAE58, 0xAE58, 0xB679, 0xC699, 0xB658,
    0xAE78, 0xB679, 0xB679, 0xAE17, 0xB679, 0xB679, 0xB679, 0xAE58, 0xB679, 0xC699, 0xB679, 0xB679,
    0xB679, 0xB679, 0xC699, 0xB679, 0xB678, 0xB679, 0xB679, 0xAE17, 0xAE38, 0xB679, 0xB679, 0xB679,
    0xB699, 0xC679, 0xB679, 0xB679, 0xB679, 0xB699, 0xC699, 0xB679, 0xAE58, 0xB679, 0xB679, 0xAE38,
    0xA618, 0xAE58, 0xB679, 0xAE58, 0xB679, 0xC679, 0xAE58, 0xAE58, 0xB679, 0xB679, 0xC699, 0xB679,
    0xAE58, 0xAE58, 0xAE58, 0xA617, 0x9DD6, 0xA5F7, 0xA5F7, 0xA5F7, 0xA5F7, 0xB617, 0xA5F7, 0xA5F7,
    0xA617, 0xA617, 0xBE78, 0xA5F7, 0xA617, 0xA617, 0xAE17, 0xA5D6, 0xAE38, 0xAE17, 0xA617, 0xA617,
    0xA617, 0xBE38, 0xA617, 0xA617, 0xA617, 0xAE17, 0xBE79, 0xA617, 0xA617, 0xA617, 0xA617, 0xA5D6,
    0x9DD6, 0xA617, 0xA617, 0xA617, 0xAE37, 0xBE38, 0xA617, 0xA617, 0xA617, 0xAE38, 0xBE58, 0xA5F7,
    0xA617, 0xA617, 0xA617, 0x9DD6, 0x9DD6, 0xA617, 0xA617, 0xA5F7, 0xA617, 0xBE58, 0xA5F7, 0xA617,
    0xA5F7, 0xA5F7, 0xBE58, 0xA617, 0xA617, 0xA5F7, 0xA5F7, 0x9DB6, 0xBEBA, 0xBEBA, 0xBEBA, 0xBEBA,
    0xBEBA, 0xC699, 0xBEBA, 0xBEBA, 0xBEBA, 0xBEBA, 0xCEBA, 0xC6DA, 0xBEBA, 0xBEBA, 0xBEBA, 0xAE38,
    0xBEBA, 0xBEDA, 0xBEDA, 0xBEBA, 0xBEDA, 0xCEBA, 0xC6DA, 0xBEDA, 0xBEBA, 0xBEBA, 0xCEDA, 0xC6DA,
    0xC6DA, 0xBEDA, 0xBEDA, 0xB658, 0xBEBA, 0xC6DA, 0xC6DA, 0xBEBA, 0xBEDA, 0xCEBA, 0xBEBA, 0xBEDA,
    0xBEDA, 0xBEBA, 0xCEBA, 0xBEBA, 0xC6DA, 0xBEDA, 0xBEBA, 0xAE58, 0xBE9A, 0xBEDA, 0xBEBA, 0xBEBA,
    0xBEDA, 0xCEBA, 0xBEBA, 0xBEBA, 0xBEBA, 0xBEBA, 0xCEBA, 0xBEBA, 0xBEBA, 0xBEBA, 0xBEBA, 0xB659,
    0xB679, 0xB699, 0xB679, 0xB679, 0xB679, 0xC679, 0xB699, 0xB699, 0xB679, 0xB679, 0xC6BA, 0xB699,
    0xB699, 0xB679, 0xB679, 0xAE17, 0xB699, 0xB699, 0xB699, 0xB699, 0xB699, 0xC6B9, 0xB699, 0xB699,
    0xB699, 0xB699, 0xCEBA, 0xB699, 0xBE99, 0xB699, 0xB699, 0xAE38, 0xB679, 0xBE99, 0xB699, 0xB699,
    0xB699, 0xCEBA, 0xB699, 0xB699, 0xB699, 0xB699, 0xC6BA, 0xBE99, 0xBE99, 0xB679, 0xB679, 0xAE38,
    0xB679, 0xB699, 0xB679, 0xB679, 0xB699, 0xC6B9, 0xB699, 0xB699, 0xB679, 0xB679, 0xC6B9, 0xB699,
    0xB699, 0xB679, 0xB679, 0xAE38, 0xAE79, 0xB679, 0xB679, 0xB679, 0xB679, 0xC679, 0xB679, 0xB679,
    0xB679, 0xB679, 0xC699, 0xB679, 0xB679, 0xB679, 0xB679, 0xAE17, 0xB679, 0xB679, 0xB679, 0xB699,
    0xB699, 0xC699, 0xB679, 0xB679, 0xB679, 0xB699, 0xC6BA, 0xB699, 0xB699, 0xB699, 0xB699, 0xAE17,
    0xB659, 0xB699, 0xB679, 0xB679, 0xB679, 0xC6BA, 0xB699, 0xB699, 0xB699, 0xB699, 0xC699, 0xB679,
    0xB679, 0xB679, 0xB679, 0xAE38, 0xAE58, 0xB679, 0xB679, 0xB679, 0xB679, 0xCEBA, 0xB679, 0xB679,
    0xB679, 0xB679, 0xC699, 0xB679, 0xB679, 0xAE79, 0xAE58, 0xA618, 0xAE38, 0xAE58, 0xB678, 0xB679,
    0xB679, 0xBE58, 0xAE58, 0xAE58, 0xB679, 0xB679, 0xC6BA, 0xB679, 0xB679, 0xB679, 0xB679, 0xAE17,
    0xAE59, 0xB679, 0xB679, 0xB679, 0xB679, 0xC679, 0xB679, 0xB679, 0xB679, 0xB679, 0xCEBA, 0xB679,
    0xB679, 0xB679, 0xB679, 0xAE18, 0xAE38, 0xB679, 0xB679, 0xB679, 0xB679, 0xC699, 0xB679, 0xB679,
    0xB679, 0xB679, 0xC699, 0xB679, 0xB679, 0xB679, 0xB679, 0xAE18, 0xAE38, 0xB679, 0xB679, 0xB679,
    0xB699, 0xC699, 0xAE58, 0xAE58, 0xAE58, 0xB679, 0xC699, 0xB659, 0xAE58, 0xAE58, 0xAE58, 0xA617,
    0xAE38, 0xAE58, 0xAE58, 0xB678, 0xBE99, 0xBE58, 0xAE58, 0xAE79, 0xB679, 0xBE99, 0xC699, 0xAE58,
    0xB678, 0xB679, 0xB699, 0xAE37, 0xAE58, 0xAE58, 0xAE58, 0xAE58, 0xB679, 0xBE78, 0xB679, 0xB679,
    0xB679, 0xBEB9, 0xC699, 0xB679, 0xB679, 0xAE78, 0xB679, 0xA617, 0xAE38, 0xAE58, 0xAE79, 0xB679,
    0xB679, 0xC699, 0xB679, 0xB679, 0xB679, 0xB679, 0xC699, 0xB658, 0xAE58, 0xAE78, 0xB679, 0xAE37,
    0xAE38, 0xB678, 0xB679, 0xB679, 0xBE99, 0xBE79, 0xAE58, 0xAE58, 0xAE58, 0xAE58, 0xC699, 0xAE58,
    0xAE58, 0xAE58, 0xAE58, 0xA617, 0xBE58, 0xC699, 0xC699, 0xC679, 0xBE78, 0xC679, 0xC699, 0xC679,
    0xC699, 0xC679, 0xC658, 0xC679, 0xC699, 0xC699, 0xC699, 0xB637, 0xBE58, 0xC699, 0xC699, 0xC679,
    0xBE79, 0xCE99, 0xC699, 0xC699, 0xC699, 0xC699, 0xC679, 0xC679, 0xC699, 0xC699, 0xC699, 0xBE38,
    0xBE58, 0xCEBA, 0xCEDA, 0xCEBA, 0xC699, 0xC679, 0xCEB9, 0xC699, 0xC699, 0xC699, 0xCE79, 0xC699,
    0xC699, 0xC699, 0xC699, 0xB638, 0xBE58, 0xC699, 0xC699, 0xC699, 0xC699, 0xC678, 0xC679, 0xC699,
    0xC699, 0xC699, 0xC679, 0xBE58, 0xC699, 0xC679, 0xBE58, 0xB617, 0xB679, 0xB679, 0xB679, 0xB679,
    0xB679, 0xC699, 0xB699, 0xB699, 0xB699, 0xB679, 0xC6BA, 0xB699, 0xB699, 0xB699, 0xB679, 0xAE17,
    0xB679, 0xB699, 0xB679, 0xB679, 0xB699, 0xC699, 0xB699, 0xB699, 0xB699, 0xB699, 0xC6BA, 0xB699,
    0xB699, 0xB699, 0xB699, 0xAE18, 0xB679, 0xB699, 0xB699, 0xB699, 0xB699, 0xC699, 0xB699, 0xB699,
    0xB699, 0xBE99, 0xC699, 0xBE99, 0xB699, 0xB679, 0xB679, 0xAE38, 0xB659, 0xB699, 0xB699, 0xB679,
    0xB699, 0xCEBA, 0xB699, 0xB679, 0xB679, 0xB699, 0xC679, 0xB679, 0xB699, 0xB679, 0xAE79, 0xA617,
    0xB679, 0xB679, 0xB679, 0xB679, 0xB679, 0xC679, 0xB679, 0xB679, 0xB679, 0xB679, 0xC699, 0xB679,
    0xB699, 0xB679, 0xB679, 0xAE17, 0xB679, 0xB679, 0xB679, 0xB679, 0xB699, 0xC699, 0xB699, 0xB699,
    0xB679, 0xB699, 0xC6BA, 0xB699, 0xB699, 0xB679, 0xB679, 0xAE38, 0xB679, 0xB699, 0xB679, 0xB699,
    0xB699, 0xC699, 0xB699, 0xB679, 0xB679, 0xB699, 0xC699, 0xB699, 0xB679, 0xB679, 0xB679, 0xAE38,
    0xAE58, 0xB699, 0xB699, 0xB679, 0xB699, 0xC699, 0xB679, 0xB679, 0xB679, 0xB679, 0xC699, 0xB679,
    0xB679, 0xB679, 0xB679, 0xA638, 0xAE58, 0xAE58, 0xB679, 0xB679, 0xB679, 0xC679, 0xB679, 0xB679,
    0xB679, 0xB679, 0xC699, 0xB679, 0xB679, 0xB679, 0xB679, 0xAE17, 0xB679, 0xB679, 0xB679, 0xB679,
    0xB699, 0xC699, 0xB679, 0xB679, 0xB679, 0xB679, 0xC699, 0xB679, 0xB699, 0xB679, 0xB679, 0xAE38,
    0xAE58, 0xB679, 0xB679, 0xB679, 0xB699, 0xC6B9, 0xB679, 0xB679, 0xB679, 0xB679, 0xC6B9, 0xB679,
    0xB679, 0xB699, 0xB699, 0xAE38, 0xAE58, 0xB679, 0xB679, 0xB679, 0xB699, 0xC6B9, 0xB679, 0xAE78,
    0xB679, 0xB679, 0xC699, 0xAE58, 0xAE58, 0xB679, 0xAE78, 0xA617, 0xA638, 0xAE58, 0xAE58, 0xB678,
    0xBE99, 0xBE78, 0xAE58, 0xAE58, 0xAE58, 0xB699, 0xC6B9, 0xAE58, 0xAE58, 0xB658, 0xB679, 0xAE38,
    0xAE58, 0xAE58, 0xAE78, 0xB679, 0xBEB9, 0xC699, 0xAE58, 0xAE58, 0xAE79, 0xB679, 0xC699, 0xB679,
    0xB679, 0xAE78, 0xAE58, 0xA617, 0xAE38, 0xAE58, 0xAE58, 0xAE79, 0xB699, 0xC699, 0xAE58, 0xB678,
    0xAE78, 0xAE79, 0xC699, 0xB658, 0xAE58, 0xB679, 0xB699, 0xAE58, 0xA617, 0xAE58, 0xB678, 0xB679,
    0xBEB9, 0xC679, 0xAE58, 0xAE58, 0xAE58, 0xAE58, 0xC679, 0xAE58, 0xAE58, 0xAE58, 0xAE58, 0xA617,
    0xBE58, 0xBE79, 0xC679, 0xC679, 0xC699, 0xC679, 0xC679, 0xC699, 0xC699, 0xC679, 0xCE99, 0xC699,
    0xC699, 0xC699, 0xC699, 0xBE58, 0xC699, 0xC699, 0xC699, 0xC699, 0xC699, 0xC679, 0xC699, 0xC699,
    0xC699, 0xC699, 0xCEBA, 0xC699, 0xC699, 0xBE79, 0xC679, 0xBE58, 0xC679, 0xC699, 0xC699, 0xC679,
    0xC699, 0xCEBA, 0xC679, 0xC699, 0xC699, 0xC699, 0xCE99, 0xBE58, 0xC699, 0xC699, 0xC699, 0xBE79,
    0xC679, 0xC699, 0xBE79, 0xC699, 0xC699, 0xCE79, 0xC679, 0xC699, 0xC699, 0xC699, 0xCE99, 0xBE79,
    0xBE79, 0xC699, 0xBE58, 0xBE58, 0xAE58, 0xB679, 0xB679, 0xB679, 0xB679, 0xC699, 0xB679, 0xB699,
    0xB679, 0xB679, 0xC69A, 0xB679, 0xB699, 0xB679, 0xB679, 0xAE17, 0xAE58, 0xB699, 0xB679, 0xB679,
    0xB699, 0xC699, 0xB679, 0xB679, 0xB679, 0xB699, 0xCEBA, 0xB699, 0xB699, 0xB699, 0xB699, 0xAE38,
    0xB679, 0xB699, 0xBE99, 0xB699, 0xB699, 0xC69A, 0xB699, 0xB699, 0xB699, 0xBE99, 0xC699, 0xB679,
    0xB699, 0xB679, 0xB679, 0xAE38, 0xAE58, 0xB699, 0xB679, 0xB679, 0xB679, 0xC699, 0xB699, 0xB679,
    0xB679, 0xB679, 0xC699, 0xB679, 0xB679, 0xB679, 0xB679, 0xA617, 0xAE58, 0xB679, 0xB678, 0xB679,
    0xB679, 0xC679, 0xB679, 0xB679, 0xB679, 0xB679, 0xC699, 0xB699, 0xB679, 0xB679, 0xB679, 0xAE17,
    0xAE59, 0xB699, 0xB679, 0xB679, 0xB679, 0xC699, 0xB699, 0xB699, 0xB679, 0xB699, 0xCEBA, 0xB699,
    0xB699, 0xB679, 0xB679, 0xAE38, 0xB679, 0xB699, 0xB679, 0xB699, 0xB699, 0xC6BA, 0xB679, 0xB679,
    0xB699, 0xB699, 0xC699, 0xB679, 0xB699, 0xB679, 0xB679, 0xA638, 0xAE58, 0xB679, 0xB679, 0xB679,
    0xB679, 0xC699, 0xB679, 0xB679, 0xB679, 0xB679, 0xC699, 0xB679, 0xB679, 0xAE58, 0xAE58, 0xA617,
    0xAE58, 0xAE58, 0xAE58, 0xAE58, 0xB678, 0xBE79, 0xB679, 0xB679, 0xB679, 0xB679, 0xC699, 0xB679,
    0xB679, 0xB679, 0xB679, 0xA617, 0xAE59, 0xB679, 0xB679, 0xB679, 0xB679, 0xC699, 0xB679, 0xB679,
    0xB679, 0xB699, 0xC6BA, 0xB699, 0xB679, 0xB679, 0xB679, 0xAE38, 0xAE58, 0xB679, 0xB679, 0xB679,
    0xB679, 0xC699, 0xB679, 0xB679, 0xB679, 0xB679, 0xC699, 0xB679, 0xB679, 0xB679, 0xB679, 0xA617,
    0xAE38, 0xB679, 0xB679, 0xB679, 0xB679, 0xC699, 0xB679, 0xB679, 0xB679, 0xB679, 0xC699, 0xAE58,
    0xAE58, 0xAE58, 0xAE58, 0xA617, 0xA638, 0xAE38, 0xAE58, 0xAE58, 0xAE58, 0xBE58, 0xAE58, 0xAE58,
    0xB679, 0xB679, 0xC699, 0xAE58, 0xAE58, 0xAE58, 0xAE58, 0xA617, 0xAE58, 0xAE58, 0xB679, 0xB679,
    0xBE99, 0xBE58, 0xAE58, 0xAE58, 0xB679, 0xB679, 0xC6BA, 0xB679, 0xB679, 0xB679, 0xB679, 0xAE17,
    0xAE38, 0xB678, 0xB679, 0xB679, 0xB679, 0xC6B9, 0xB679, 0xB679, 0xAE78, 0xB679, 0xC699, 0xB679,
    0xB679, 0xB678, 0xAE78, 0xA617, 0xAE38, 0xAE58, 0xB679, 0xB679, 0xB699, 0xC699, 0xAE58, 0xAE58,
    0xAE58, 0xAE58, 0xC679, 0xAE38, 0xAE58, 0xAE58, 0xB658, 0xA617, 0x9DD6, 0xA5F7, 0xA5F7, 0xA5F7,
    0xA617, 0xB617, 0xA5F7, 0xA617, 0xA617, 0xAE38, 0xBE79, 0xA617, 0xA617, 0xA617, 0xA617, 0xA5D6,
    0xA5F7, 0xA617, 0xA617, 0xA617, 0xAE58, 0xBE38, 0xAE37, 0xA637, 0xAE17, 0xAE38, 0xBE79, 0xA617,
    0xAE17, 0xA617, 0xAE38, 0xA5F6, 0xA5F7, 0xA617, 0xA617, 0xA617, 0xAE38, 0xBE58, 0xAE37, 0xAE37,
    0xA617, 0xA617, 0xBE58, 0xAE37, 0xAE38, 0xA617, 0xA617, 0x9DD6, 0x9DD6, 0xA617, 0xA617, 0xA617,
    0xAE58, 0xB638, 0xA617, 0xA617, 0xA5F7, 0xA617, 0xBE38, 0xA5F7, 0xA5F7, 0xA617, 0xA617, 0x9DD6,
    0xBE9A, 0xBEBA, 0xBEBA, 0xBEDA, 0xBEBA, 0xC699, 0xBEBA, 0xBEBA, 0xBEBA, 0xBEBA, 0xCEBA, 0xC6DA,
    0xBEDA, 0xC6DA, 0xBEDA, 0xAE38, 0xBEBA, 0xBEBA, 0xBEDA, 0xC6DA, 0xC6DA, 0xCEBA, 0xBEDA, 0xC6DA,
    0xC6DA, 0xC6DA, 0xCEDA, 0xBEDA, 0xBEDA, 0xBEDA, 0xBEBA, 0xB658, 0xBE9A, 0xC6DA, 0xBEDA, 0xBEBA,
    0xBEBA, 0xCEDA, 0xBEBA, 0xBEDA, 0xC6DA, 0xC6DA, 0xCEBA, 0xC6DA, 0xC6DA, 0xBEBA, 0xBEBA, 0xAE58,
    0xB699, 0xC6DA, 0xBEDA, 0xBEDA, 0xBEDA, 0xCEBA, 0xBEDA, 0xBEBA, 0xBEBA, 0xBEBA, 0xC6BA, 0xBEBA,
    0xBEBA, 0xBEBA, 0xBEBA, 0xB679, 0xB679, 0xB659, 0xAE58, 0xB679, 0xB679, 0xC679, 0xB679, 0xB679,
    0xB679, 0xB679, 0xC699, 0xB679, 0xB679, 0xB679, 0xB679, 0xAE17, 0xB679, 0xB679, 0xB679, 0xB679,
    0xB699, 0xC679, 0xB679, 0xB679, 0xB699, 0xB699, 0xC6BA, 0xB679, 0xB699, 0xB679, 0xB679, 0xAE17,
    0xB659, 0xB699, 0xB679, 0xB679, 0xB679, 0xCEBA, 0xB679, 0xB679, 0xB699, 0xB699, 0xC6B9, 0xB679,
    0xB679, 0xB679, 0xB679, 0xAE38, 0xAE58, 0xB679, 0xB679, 0xB679, 0xB679, 0xC6B9, 0xB679, 0xB679,
    0xAE79, 0xAE59, 0xC699, 0xB679, 0xAE59, 0xAE58, 0xB659, 0xA617, 0xAE58, 0xAE58, 0xAE58, 0xAE58,
    0xB678, 0xBE79, 0xB679, 0xB679, 0xB679, 0xB679, 0xBE79, 0xB679, 0xB679, 0xB679, 0xB679, 0xA5F7,
    0xAE58, 0xB679, 0xB679, 0xB679, 0xB679, 0xC699, 0xB679, 0xB679, 0xB679, 0xB679, 0xC699, 0xB679,
    0xB679, 0xB679, 0xB679, 0xA617, 0xAE38, 0xB679, 0xB679, 0xB679, 0xB679, 0xC699, 0xB679, 0xB679,
    0xB679, 0xB679, 0xC679, 0xB679, 0xB679, 0xB679, 0xB679, 0xA617, 0xAE38, 0xB679, 0xB679, 0xB679,
    0xB679, 0xC699, 0xB679, 0xB679, 0xAE58, 0xB679, 0xC679, 0xAE79, 0xAE58, 0xAE58, 0xAE58, 0xA617,
    0xAE38, 0xAE38, 0xAE58, 0xAE58, 0xAE58, 0xBE58, 0xAE58, 0xAE58, 0xB679, 0xB679, 0xC699, 0xAE58,
    0xAE58, 0xAE58, 0xAE78, 0xA617, 0xAE38, 0xAE78, 0xB679, 0xAE58, 0xB679, 0xC679, 0xAE58, 0xAE58,
    0xB678, 0xAE78, 0xC699, 0xB679, 0xB659, 0xB679, 0xB679, 0xAE17, 0xAE38, 0xB679, 0xB679, 0xB679,
    0xB679, 0xC699, 0xB678, 0xAE59, 0xB679, 0xB679, 0xC699, 0xB679, 0xB659, 0xAE78, 0xAE58, 0xA617,
    0xA638, 0xAE58, 0xAE79, 0xAE58, 0xB679, 0xC699, 0xB678, 0xB678, 0xAE58, 0xAE58, 0xC679, 0xAE58,
    0xAE58, 0xAE58, 0xAE38, 0xA617, 0xA637, 0xAE38, 0xAE38, 0xAE58, 0xAE58, 0xBE38, 0xAE58, 0xAE58,
    0xAE78, 0xBE99, 0xBE99, 0xAE58, 0xAE58, 0xAE58, 0xB678, 0xAE17, 0xAE38, 0xAE58, 0xAE58, 0xAE58,
    0xAE58, 0xBE78, 0xAE58, 0xAE58, 0xAE58, 0xAE78, 0xC699, 0xAE58, 0xAE78, 0xAE58, 0xB679, 0xAE17,
    0xAE38, 0xAE58, 0xAE58, 0xAE58, 0xAE78, 0xC679, 0xAE58, 0xAE58, 0xAE58, 0xAE78, 0xC679, 0xAE58,
    0xB679, 0xAE58, 0xAE58, 0xA617, 0xA617, 0xAE58, 0xAE58, 0xAE58, 0xB678, 0xC679, 0xB678, 0xAE58,
    0xAE58, 0xAE58, 0xC699, 0xAE38, 0xAE38, 0xAE38, 0xAE38, 0xA5F7, 0xBE58, 0xBE78, 0xC679, 0xBE79,
    0xBE79, 0xC658, 0xC699, 0xC699, 0xC679, 0xBE79, 0xC658, 0xC699, 0xC699, 0xC699, 0xC6B9, 0xB638,
    0xBE58, 0xC699, 0xC6B9, 0xC699, 0xC699, 0xC679, 0xC699, 0xC699, 0xC699, 0xBE79, 0xC678, 0xC699,
    0xC699, 0xC699, 0xCEB9, 0xBE58, 0xBE58, 0xC6B9, 0xCEBA, 0xCEB9, 0xC679, 0xC678, 0xC699, 0xC699,
    0xC699, 0xBE79, 0xC678, 0xC699, 0xC699, 0xC679, 0xC699, 0xB637, 0xBE58, 0xC699, 0xC699, 0xC679,
    0xC679, 0xC678, 0xBE79, 0xC699, 0xC699, 0xBE78, 0xC678, 0xBE79, 0xC699, 0xC699, 0xC679, 0xB638,
    0xB679, 0xB658, 0xB658, 0xAE58, 0xAE58, 0xC679, 0xB679, 0xB679, 0xB658, 0xB679, 0xC699, 0xB679,
    0xB679, 0xB679, 0xB679, 0xAE17, 0xB679, 0xB679, 0xB679, 0xB679, 0xB679, 0xC699, 0xB679, 0xB679,
    0xB679, 0xB679, 0xC699, 0xB679, 0xB679, 0xB679, 0xB679, 0xAE17, 0xB659, 0xB699, 0xB699, 0xB679,
    0xB679, 0xC699, 0xB679, 0xB679, 0xB679, 0xB679, 0xC679, 0xB679, 0xB679, 0xB679, 0xB679, 0xA617,
    0xA638, 0xB679, 0xAE58, 0xAE79, 0xB679, 0xC699, 0xB679, 0xB679, 0xAE58, 0xAE58, 0xBE79, 0xB678,
    0xB678, 0xAE58, 0xAE58, 0xA617, 0xAE58, 0xAE58, 0xAE58, 0xAE58, 0xAE58, 0xBE79, 0xB678, 0xB679,
    0xAE58, 0xAE58, 0xC699, 0xB679, 0xB679, 0xB679, 0xB679, 0xAE17, 0xB679, 0xB679, 0xB679, 0xB679,
    0xB679, 0xBE58, 0xB679, 0xB679, 0xB679, 0xAE79, 0xC699, 0xB679, 0xB679, 0xB659, 0xB679, 0xAE17,
    0xAE58, 0xB679, 0xB679, 0xB679, 0xB679, 0xC679, 0xB679, 0xB679, 0xB679, 0xB679, 0xBE79, 0xB679,
    0xB679, 0xB679, 0xB679, 0xA617, 0xAE38, 0xB678, 0xAE58, 0xAE58, 0xB679, 0xC679, 0xB679, 0xAE58,
    0xAE58, 0xAE58, 0xC679, 0xB658, 0xAE58, 0xAE58, 0xAE58, 0xA617, 0xAE38, 0xAE58, 0xAE58, 0xAE58,
    0xAE58, 0xBE58, 0xAE58, 0xAE58, 0xB678, 0xAE58, 0xC699, 0xAE58, 0xAE58, 0xAE58, 0xAE58, 0xA5F7,
    0xAE58, 0xAE58, 0xAE58, 0xB679, 0xB679, 0xBE79, 0xAE58, 0xAE58, 0xB679, 0xAE58, 0xC699, 0xB679,
    0xAE58, 0xAE58, 0xAE58, 0xA5F7, 0xAE38, 0xAE58, 0xB679, 0xAE79, 0xB679, 0xC699, 0xB679, 0xB679,
    0xAE79, 0xAE79, 0xC699, 0xB679, 0xAE58, 0xAE58, 0xAE58, 0xA617, 0xAE38, 0xB658, 0xAE58, 0xAE58,
    0xAE58, 0xC699, 0xAE58, 0xAE58, 0xAE58, 0xAE58, 0xBE79, 0xAE38, 0xAE58, 0xAE58, 0xAE58, 0xA5F7,
    0xAE38, 0xAE38, 0xAE38, 0xAE37, 0xAE38, 0xBE58, 0xAE38, 0xAE38, 0xAE58, 0xB679, 0xC699, 0xAE38,
    0xAE38, 0xAE38, 0xAE58, 0xA5F6, 0xAE38, 0xAE38, 0xAE58, 0xAE58, 0xB699, 0xBE58, 0xAE58, 0xAE58,
    0xB678, 0xB679, 0xC679, 0xAE58, 0xAE58, 0xAE58, 0xAE58, 0x9DD6, 0xA617, 0xAE58, 0xAE58, 0xAE58,
    0xAE58, 0xC699, 0xB678, 0xAE58, 0xAE38, 0xAE58, 0xC699, 0xAE58, 0xAE38, 0xAE58, 0xAE38, 0xA617,
    0xAE37, 0xAE58, 0xAE58, 0xAE38, 0xAE58, 0xBE79, 0xAE38, 0xAE38, 0xAE58, 0xAE58, 0xBE79, 0xA638,
    0xA637, 0xAE38, 0xA637, 0xA5F7, 0xBE58, 0xBE79, 0xBE79, 0xBE58, 0xBE78, 0xC658, 0xBE78, 0xC679,
    0xBE79, 0xC699, 0xC679, 0xC679, 0xBE78, 0xBE79, 0xBE79, 0xBE38, 0xBE78, 0xC679, 0xC679, 0xC679,
    0xC699, 0xCE99, 0xC679, 0xBE79, 0xC679, 0xBE79, 0xCE99, 0xC699, 0xBE79, 0xBE79, 0xBE79, 0xBE38,
    0xC679, 0xC699, 0xC699, 0xC699, 0xBE79, 0xCE79, 0xC699, 0xC679, 0xC699, 0xC699, 0xCE79, 0xBE79,
    0xC699, 0xC699, 0xC679, 0xBE58, 0xBE78, 0xC679, 0xBE79, 0xBE79, 0xBE79, 0xCE79, 0xBE58, 0xBE79,
    0xBE79, 0xBE78, 0xC678, 0xBE79, 0xBE58, 0xBE78, 0xBE78, 0xBE38, 0xAE58, 0xAE58, 0xAE58, 0xAE38,
    0xAE58, 0xBE79, 0xAE58, 0xAE58, 0xAE58, 0xAE58, 0xC699, 0xB658, 0xB679, 0xB679, 0xAE58, 0xA5F7,
    0xAE59, 0xB679, 0xAE58, 0xAE58, 0xB679, 0xC699, 0xB679, 0xB679, 0xAE78, 0xAE58, 0xC699, 0xAE58,
    0xB679, 0xAE58, 0xAE79, 0xA5F7, 0xAE58, 0xB679, 0xB679, 0xAE59, 0xAE58, 0xC679, 0xB679, 0xB679,
    0xAE59, 0xB679, 0xC679, 0xB679, 0xB679, 0xAE58, 0xAE58, 0xA617, 0xAE38, 0xB678, 0xAE58, 0xAE58,
    0xB679, 0xC699, 0xAE78, 0xAE58, 0xAE58, 0xAE58, 0xC679, 0xAE59, 0xAE58, 0xAE58, 0xAE58, 0xA617,
    0xAE58, 0xAE58, 0xAE38, 0xAE38, 0xAE58, 0xBE79, 0xAE58, 0xAE58, 0xAE58, 0xAE58, 0xC699, 0xB658,
    0xB679, 0xAE58, 0xAE58, 0xA5F7, 0xAE59, 0xB678, 0xAE58, 0xAE58, 0xAE58, 0xC679, 0xB679, 0xB658,
    0xAE58, 0xAE58, 0xC699, 0xB659, 0xAE58, 0xAE58, 0xAE58, 0xA5F7, 0xAE38, 0xB679, 0xAE58, 0xAE58,
    0xAE58, 0xC699, 0xB679, 0xAE58, 0xAE78, 0xB679, 0xBE78, 0xB679, 0xAE58, 0xAE58, 0xAE58, 0xA5F7,
    0xAE38, 0xB678, 0xAE58, 0xAE58, 0xAE58, 0xC699, 0xB658, 0xAE58, 0xAE38, 0xAE38, 0xC699, 0xAE58,
    0xAE58, 0xAE58, 0xAE58, 0xA5F7, 0xAE38, 0xAE58, 0xAE58, 0xAE38, 0xAE38, 0xBE78, 0xAE58, 0xAE58,
    0xAE38, 0xAE38, 0xC679, 0xAE58, 0xAE58, 0xAE58, 0xAE58, 0xA5F7, 0xAE38, 0xAE58, 0xAE58, 0xAE58,
    0xAE58, 0xC679, 0xAE58, 0xAE58, 0xAE58, 0xAE58, 0xC699, 0xAE78, 0xAE58, 0xAE58, 0xAE58, 0xA5F7,
    0xAE38, 0xAE58, 0xAE58, 0xAE58, 0xAE58, 0xC679, 0xAE58, 0xAE58, 0xAE58, 0xAE58, 0xBE79, 0xAE58,
    0xAE58, 0xAE58, 0xAE58, 0xA5F7, 0xA617, 0xAE58, 0xAE58, 0xAE58, 0xAE58, 0xC699, 0xAE58, 0xAE58,
    0xAE58, 0xAE58, 0xBE78, 0xAE58, 0xAE38, 0xAE38, 0xAE58, 0xA5F7, 0xA637, 0xAE38, 0xAE38, 0xAE38,
    0xAE38, 0xBE38, 0xAE38, 0xAE38, 0xAE38, 0xAE38, 0xBE79, 0xAE38, 0xAE38, 0xAE58, 0xAE58, 0xA5F6,
    0xA617, 0xAE38, 0xAE58, 0xAE58, 0xAE58, 0xBE58, 0xAE58, 0xAE38, 0xAE58, 0xAE38, 0xBE79, 0xAE58,
    0xAE58, 0xAE58, 0xAE58, 0xA5F7, 0xA617, 0xAE58, 0xAE58, 0xAE58, 0xB678, 0xBE78, 0xAE58, 0xAE58,
    0xAE58, 0xAE58, 0xBE58, 0xAE38, 0xAE38, 0xAE58, 0xAE58, 0xA617, 0xA617, 0xAE38, 0xAE38, 0xAE38,
    0xAE58, 0xBE58, 0xAE38, 0xA638, 0xAE38, 0xAE38, 0xBE78, 0xA637, 0xA637, 0xA617, 0xAE38, 0xA5F7,
    0x9DB6, 0x9DD6, 0x9DD6, 0x9DD6, 0x9DD6, 0xB617, 0x9DD6, 0x9DF6, 0x9DD6, 0x9DF6, 0xB638, 0x9DD6,
    0x9DD6, 0x9DD6, 0xA5F7, 0x9D95, 0x9DD6, 0x9DF6, 0x9DF6, 0x9DF6, 0x9DF7, 0xB617, 0x9DF6, 0x9DF6,
    0x9DF6, 0x9DF6, 0xBE58, 0x9DF7, 0x9DF7, 0xA5F7, 0x9DF6, 0x9DB5, 0x9DB6, 0x9DF6, 0x9DF6, 0x9DF6,
    0xA617, 0xBE38, 0xA5F7, 0xA5F7, 0x9DF6, 0x9DF6, 0xB617, 0x9DD6, 0x9DF6, 0x9DD6, 0x9DF6, 0x95B6,
    0x9DB6, 0x9DF6, 0x9DD6, 0x9DD6, 0x9DF7, 0xB637, 0x9DD6, 0x9DD6, 0x9DD6, 0x9DD6, 0xB637, 0x9DD6,
    0x9DF6, 0x9DD6, 0x9DD6, 0x95B6,
};
#define POOLS_WALL_MIP2_SIZE 32
static const uint16_t POOLS_WALL_MIP2_PIXELS[1024] __attribute__((aligned(16))) = {
    0xB679, 0xB679, 0xBE79, 0xB679, 0xB699, 0xBE99, 0xB679, 0xAE58, 0xB679, 0xB679, 0xBE99, 0xB679,
    0xB699, 0xBE99, 0xB699, 0xAE58, 0xBEBA, 0xB699, 0xBE99, 0xBEB9, 0xBE99, 0xBE99, 0xB699, 0xAE58,
    0xB679, 0xB679, 0xC6B9, 0xB679, 0xB679, 0xBE79, 0xB679, 0xAE58, 0xAE38, 0xAE38, 0xB658, 0xAE58,
    0xAE58, 0xB679, 0xAE58, 0xAE37, 0xAE58, 0xAE58, 0xB678, 0xAE58, 0xAE58, 0xBE79, 0xAE58, 0xAE38,
    0xAE58, 0xBE99, 0xBE79, 0xB679, 0xAE78, 0xB678, 0xAE58, 0xAE38, 0xAE38, 0xAE58, 0xBE78, 0xAE58,
    0xAE58, 0xB658, 0xAE38, 0xA617, 0xAE38, 0xB658, 0xBE58, 0xB658, 0xB658, 0xBE58, 0xB658, 0xAE37,
    0xB658, 0xB658, 0xBE58, 0xB678, 0xB679, 0xBE78, 0xBE79, 0xB638, 0xB658, 0xB678, 0xBE78, 0xB658,
    0xB678, 0xBE78, 0xB678, 0xAE38, 0xB638, 0xB658, 0xBE58, 0xB658, 0xB658, 0xBE58, 0xB658, 0xAE17,
    0xAE58, 0xAE58, 0xB679, 0xAE78, 0xB679, 0xBE79, 0xB679, 0xAE38, 0xB679, 0xB679, 0xBE79, 0xB679,
    0xB679, 0xBE99, 0xB679, 0xAE38, 0xB679, 0xB679, 0xBE79, 0xB679, 0xB679, 0xBE79, 0xB679, 0xAE38,
    0xAE58, 0xAE79, 0xBE99, 0xB679, 0xAE58, 0xBE79, 0xAE58, 0xAE38, 0xAE58, 0xAE58, 0xB658, 0xAE58,
    0xB679, 0xB678, 0xAE58, 0xAE38, 0xAE58, 0xAE58, 0xBE79, 0xAE58, 0xAE58, 0xBE79, 0xAE78, 0xAE38,
    0xAE58, 0xAE58, 0xBE79, 0xAE58, 0xAE58, 0xB679, 0xAE58, 0xAE38, 0xAE58, 0xAE58, 0xBE79, 0xAE58,
    0xB679, 0xB679, 0xAE58, 0xA617, 0xB658, 0xBE79, 0xBE79, 0xBE79, 0xBE79, 0xBE79, 0xBE79, 0xB658,
    0xB679, 0xBE79, 0xBE79, 0xBE79, 0xBE79, 0xC699, 0xBE79, 0xB658, 0xBE79, 0xBE99, 0xC699, 0xBE79,
    0xBE79, 0xBE79, 0xBE79, 0xB658, 0xBE79, 0xBE79, 0xC699, 0xBE79, 0xBE79, 0xC699, 0xBE79, 0xB658,
    0xAE58, 0xB658, 0xBE79, 0xB679, 0xB679, 0xBE99, 0xB679, 0xAE58, 0xB679, 0xB679, 0xBE99, 0xB679,
    0xB679, 0xBE99, 0xB679, 0xAE58, 0xB679, 0xB679, 0xBE99, 0xB679, 0xB679, 0xBE79, 0xB679, 0xAE58,
    0xAE58, 0xB679, 0xBE79, 0xB679, 0xB679, 0xBE79, 0xB678, 0xAE38, 0xA617, 0xA617, 0xAE37, 0xAE38,
    0xAE38, 0xB658, 0xAE38, 0xA617, 0xA638, 0xAE58, 0xB658, 0xAE38, 0xAE58, 0xB658, 0xAE38, 0xA617,
    0xA638, 0xAE58, 0xB658, 0xAE38, 0xAE38, 0xB658, 0xAE38, 0xA617, 0xA617, 0xA637, 0xB658, 0xAE37,
    0xA637, 0xB638, 0xAE38, 0xA617, 0xB699, 0xB699, 0xBE99, 0xB699, 0xBE9A, 0xC6BA, 0xBE99, 0xB658,
    0xB699, 0xBE99, 0xBE99, 0xBE99, 0xB699, 0xC6BA, 0xBEBA, 0xB679, 0xBE99, 0xBEBA, 0xBE9A, 0xBE9A,
    0xBEBA, 0xC6BA, 0xBE9A, 0xB679, 0xB679, 0xB699, 0xC699, 0xBE99, 0xB699, 0xBE99, 0xB699, 0xB679,
    0xAE58, 0xAE58, 0xB678, 0xB679, 0xB679, 0xBE79, 0xB679, 0xAE58, 0xAE59, 0xB679, 0xBE79, 0xB679,
    0xB679, 0xBE99, 0xB679, 0xAE58, 0xAE58, 0xB679, 0xBE99, 0xB679, 0xB679, 0xBE79, 0xB679, 0xAE58,
    0xAE58, 0xB679, 0xBE79, 0xAE58, 0xB679, 0xBE79, 0xAE58, 0xAE38, 0xB658, 0xB678, 0xBE78, 0xBE79,
    0xB679, 0xBE79, 0xBE79, 0xB658, 0xB658, 0xBE99, 0xC699, 0xBE99, 0xBE99, 0xBE79, 0xBE79, 0xB658,
    0xBE79, 0xBE99, 0xC699, 0xBE99, 0xBE99, 0xC699, 0xBE79, 0xB658, 0xBE79, 0xBE79, 0xBE79, 0xBE79,
    0xBE79, 0xBE79, 0xBE79, 0xB638, 0xAE58, 0xB679, 0xBE79, 0xB679, 0xB679, 0xBE99, 0xB679, 0xAE58,
    0xB679, 0xB679, 0xBE99, 0xB679, 0xB699, 0xBE99, 0xB699, 0xAE58, 0xB679, 0xB679, 0xBE99, 0xB699,
    0xB679, 0xBE99, 0xB679, 0xAE58, 0xB679, 0xB679, 0xBE99, 0xB679, 0xB679, 0xBE99, 0xB679, 0xAE38,
    0xAE58, 0xAE58, 0xB658, 0xAE58, 0xB678, 0xBE79, 0xB678, 0xAE38, 0xAE58, 0xB679, 0xBE79, 0xB679,
    0xB679, 0xBE99, 0xB679, 0xB658, 0xB658, 0xB679, 0xBE99, 0xB679, 0xB679, 0xBE79, 0xB679, 0xAE58,
    0xAE58, 0xB679, 0xBE99, 0xB679, 0xAE58, 0xB678, 0xAE58, 0xAE38, 0xBE79, 0xBE79, 0xBE79, 0xBE79,
    0xBE99, 0xC699, 0xBE99, 0xB658, 0xBE79, 0xBE99, 0xC699, 0xBE99, 0xBE99, 0xC699, 0xBE99, 0xBE79,
    0xBE79, 0xBE99, 0xC699, 0xBE99, 0xBE99, 0xC699, 0xBE99, 0xB679, 0xBE79, 0xBE99, 0xC699, 0xBE99,
    0xBE79, 0xC699, 0xBE79, 0xB658, 0xB679, 0xB679, 0xB679, 0xB679, 0xB679, 0xBE99, 0xB679, 0xAE58,
    0xB679, 0xB679, 0xBE99, 0xB679, 0xB679, 0xBE99, 0xB699, 0xAE58, 0xB679, 0xB679, 0xBE99, 0xB699,
    0xB699, 0xBE99, 0xB679, 0xAE58, 0xB679, 0xB679, 0xBE99, 0xB679, 0xB679, 0xBE79, 0xB679, 0xAE38,
    0xA617, 0xA637, 0xB638, 0xAE37, 0xAE38, 0xB658, 0xAE38, 0xAE37, 0xAE58, 0xAE38, 0xB658, 0xAE38,
    0xAE58, 0xB658, 0xAE38, 0xAE17, 0xA638, 0xAE58, 0xB658, 0xAE38, 0xAE58, 0xB658, 0xAE38, 0xAE37,
    0xA617, 0xAE38, 0xB658, 0xAE38, 0xAE38, 0xB658, 0xAE38, 0xA617, 0xB699, 0xB699, 0xBE99, 0xBE99,
    0xB699, 0xC6BA, 0xBE99, 0xB659, 0xBE9A, 0xBE9A, 0xC6BA, 0xBEBA, 0xBE9A, 0xC6BA, 0xBEBA, 0xB679,
    0xBE99, 0xBEBA, 0xC6BA, 0xBEBA, 0xBEBA, 0xC6BA, 0xBEBA, 0xB679, 0xB699, 0xB699, 0xC6BA, 0xBE99,
    0xB699, 0xC6BA, 0xB699, 0xB659, 0xAE58, 0xB678, 0xB679, 0xB679, 0xB679, 0xBE79, 0xB679, 0xAE58,
    0xB679, 0xB679, 0xBE79, 0xB679, 0xB679, 0xBE99, 0xB679, 0xAE58, 0xAE59, 0xB679, 0xBE99, 0xB679,
    0xB679, 0xBE99, 0xB679, 0xAE58, 0xAE58, 0xB679, 0xBE99, 0xB679, 0xB679, 0xBE79, 0xAE58, 0xAE38,
    0xB658, 0xBE79, 0xBE78, 0xBE79, 0xBE79, 0xBE79, 0xBE79, 0xB658, 0xB658, 0xBE79, 0xBE79, 0xBE79,
    0xBE99, 0xBE79, 0xBE79, 0xB658, 0xBE79, 0xBE99, 0xBE79, 0xBE79, 0xBE99, 0xC679, 0xBE79, 0xB658,
    0xB658, 0xBE79, 0xC679, 0xBE79, 0xB679, 0xBE79, 0xB678, 0xAE38, 0xB679, 0xB679, 0xBE79, 0xB679,
    0xB679, 0xBE99, 0xB699, 0xAE58, 0xB679, 0xB679, 0xBE99, 0xB699, 0xB679, 0xBE99, 0xB699, 0xAE58,
    0xB679, 0xB699, 0xBE99, 0xB699, 0xB699, 0xBE99, 0xB679, 0xAE58, 0xB679, 0xB679, 0xBE99, 0xB679,
    0xB679, 0xBE79, 0xB679, 0xAE38, 0xAE58, 0xB658, 0xBE79, 0xAE58, 0xB679, 0xBE79, 0xB679, 0xB658,
    0xAE58, 0xB679, 0xBE99, 0xB678, 0xB679, 0xBE99, 0xB679, 0xAE38, 0xAE58, 0xB679, 0xBE99, 0xB678,
    0xB679, 0xBE79, 0xB679, 0xAE58, 0xAE58, 0xB679, 0xBE99, 0xAE58, 0xAE58, 0xB678, 0xAE58, 0xAE38,
    0xB658, 0xBE79, 0xBE79, 0xBE79, 0xBE79, 0xC699, 0xBE79, 0xB658, 0xBE79, 0xBE79, 0xC699, 0xBE79,
    0xBE79, 0xC699, 0xBE99, 0xB658, 0xBE79, 0xBE99, 0xC699, 0xBE99, 0xBE99, 0xBE79, 0xBE99, 0xB679,
    0xBE79, 0xBE79, 0xC699, 0xBE79, 0xBE79, 0xC679, 0xBE79, 0xB658, 0xAE58, 0xAE58, 0xB679, 0xB679,
    0xB679, 0xBE99, 0xB679, 0xAE58, 0xB679, 0xB679, 0xBE79, 0xB679, 0xB679, 0xBE99, 0xB679, 0xAE58,
    0xB679, 0xB679, 0xBE99, 0xB679, 0xB679, 0xBE79, 0xB679, 0xAE58, 0xAE58, 0xB679, 0xBE99, 0xB679,
    0xB679, 0xBE79, 0xAE58, 0xAE38, 0xA617, 0xA617, 0xB638, 0xAE38, 0xAE58, 0xB658, 0xAE38, 0xA617,
    0xAE38, 0xAE58, 0xB658, 0xAE38, 0xAE58, 0xB679, 0xAE58, 0xAE38, 0xAE38, 0xAE38, 0xB678, 0xAE58,
    0xAE38, 0xB658, 0xAE58, 0xA617, 0xA617, 0xAE38, 0xB658, 0xAE38, 0xA637, 0xB638, 0xAE37, 0xA617,
    0xB699, 0xB699, 0xBE99, 0xB699, 0xB699, 0xBE9A, 0xBE9A, 0xB679, 0xB699, 0xBE9A, 0xC699, 0xBE9A,
    0xBEBA, 0xC6BA, 0xBEBA, 0xB679, 0xBE99, 0xBE99, 0xC6BA, 0xBE99, 0xBEBA, 0xC6BA, 0xBE99, 0xB679,
    0xB699, 0xBE99, 0xC6BA, 0xBE99, 0xB699, 0xBE99, 0xB699, 0xB659, 0xAE58, 0xAE58, 0xB658, 0xAE58,
    0xB679, 0xBE79, 0xB658, 0xAE38, 0xAE58, 0xAE58, 0xBE79, 0xB679, 0xB679, 0xBE79, 0xB679, 0xAE38,
    0xAE58, 0xB679, 0xBE79, 0xB679, 0xB679, 0xBE79, 0xB679, 0xAE38, 0xAE58, 0xB678, 0xBE79, 0xB679,
    0xAE58, 0xB679, 0xAE58, 0xAE38, 0xB658, 0xB658, 0xBE58, 0xB678, 0xBE79, 0xBE79, 0xBE79, 0xB658,
    0xB658, 0xBE79, 0xBE79, 0xBE79, 0xBE79, 0xBE79, 0xBE79, 0xBE58, 0xB658, 0xBE99, 0xBE79, 0xBE79,
    0xB679, 0xBE79, 0xBE79, 0xB638, 0xB658, 0xB679, 0xBE78, 0xBE79, 0xB658, 0xBE78, 0xB658, 0xAE38,
    0xAE58, 0xAE58, 0xB659, 0xB679, 0xAE58, 0xBE79, 0xB679, 0xAE38, 0xB679, 0xB679, 0xBE79, 0xB679,
    0xB679, 0xBE79, 0xB679, 0xAE38, 0xB679, 0xB679, 0xBE79, 0xB679, 0xB679, 0xBE79, 0xB679, 0xAE38,
    0xAE58, 0xAE58, 0xBE79, 0xB679, 0xAE58, 0xB679, 0xAE58, 0xAE38, 0xAE38, 0xAE38, 0xB658, 0xAE38,
    0xAE58, 0xB679, 0xAE58, 0xA617, 0xAE38, 0xAE58, 0xBE79, 0xAE58, 0xB679, 0xBE79, 0xAE58, 0xA617,
    0xAE38, 0xAE58, 0xBE79, 0xB678, 0xAE58, 0xBE79, 0xAE58, 0xAE38, 0xAE38, 0xAE58, 0xB678, 0xAE38,
    0xAE58, 0xB658, 0xAE38, 0xA617, 0xB658, 0xB658, 0xBE58, 0xB658, 0xB678, 0xBE79, 0xB679, 0xB638,
    0xB679, 0xB679, 0xC699, 0xBE79, 0xB679, 0xBE79, 0xB679, 0xB638, 0xBE79, 0xBE79, 0xBE79, 0xBE79,
    0xBE79, 0xBE79, 0xBE79, 0xB658, 0xB658, 0xB678, 0xBE79, 0xB658, 0xB658, 0xBE79, 0xB658, 0xB638,
    0xAE58, 0xAE38, 0xB658, 0xAE58, 0xAE58, 0xBE79, 0xAE58, 0xAE17, 0xAE58, 0xAE58, 0xB658, 0xAE58,
    0xAE58, 0xBE79, 0xAE58, 0xAE38, 0xAE58, 0xAE58, 0xB679, 0xAE58, 0xAE58, 0xB658, 0xAE58, 0xA617,
    0xAE58, 0xAE58, 0xBE79, 0xAE58, 0xAE38, 0xB658, 0xAE38, 0xA617, 0xA5F7, 0xA5F7, 0xAE17, 0xA617,
    0xA617, 0xAE37, 0xA617, 0xA5F7, 0xA617, 0xA617, 0xAE38, 0xA617, 0xA617, 0xB638, 0xA617, 0xA5F7,
    0xA5F7, 0xA617, 0xB638, 0xA637, 0xA617, 0xAE17, 0xA617, 0xA5F7, 0x9DF7, 0xA617, 0xAE38, 0xA5F7,
    0xA617, 0xAE17, 0xA5F7, 0x9DF7,
};
#define POOLS_WALL_MIP3_SIZE 16
static const uint16_t POOLS_WALL_MIP3_PIXELS[256] __attribute__((aligned(16))) = {
    0xAE58, 0xB658, 0xB679, 0xAE58, 0xB679, 0xB679, 0xB679, 0xAE58, 0xB679, 0xBE79, 0xB679, 0xAE58,
    0xAE58, 0xB679, 0xB678, 0xAE38, 0xAE58, 0xB658, 0xB658, 0xAE58, 0xB678, 0xB679, 0xBE79, 0xB658,
    0xB658, 0xB679, 0xBE79, 0xB658, 0xB658, 0xB679, 0xB658, 0xAE38, 0xB658, 0xB658, 0xB679, 0xB658,
    0xB658, 0xB679, 0xBE79, 0xB658, 0xB679, 0xB679, 0xB679, 0xB658, 0xB678, 0xB679, 0xBE79, 0xAE58,
    0xAE38, 0xAE58, 0xB658, 0xAE38, 0xAE58, 0xB658, 0xB679, 0xAE38, 0xAE58, 0xB658, 0xB658, 0xAE38,
    0xAE38, 0xB658, 0xB658, 0xAE38, 0xB679, 0xB679, 0xBE99, 0xB679, 0xB679, 0xBE99, 0xBE99, 0xB679,
    0xB679, 0xBE99, 0xBE99, 0xB679, 0xB679, 0xBE99, 0xB679, 0xAE58, 0xB658, 0xBE79, 0xBE79, 0xB679,
    0xB679, 0xBE99, 0xBE99, 0xB679, 0xBE79, 0xBE99, 0xBE79, 0xB658, 0xB679, 0xBE79, 0xBE79, 0xB658,
    0xB658, 0xB678, 0xBE79, 0xB658, 0xB679, 0xBE79, 0xBE99, 0xB679, 0xB679, 0xBE99, 0xBE99, 0xB679,
    0xB679, 0xBE79, 0xB679, 0xB658, 0xAE38, 0xB658, 0xB658, 0xAE58, 0xAE58, 0xB658, 0xB679, 0xAE58,
    0xAE58, 0xB679, 0xB679, 0xAE58, 0xAE58, 0xB658, 0xB658, 0xAE38, 0xB679, 0xB679, 0xBE99, 0xB679,
    0xB699, 0xBE99, 0xBE99, 0xB679, 0xB679, 0xBE99, 0xBE99, 0xB679, 0xB679, 0xBE99, 0xBE99, 0xAE58,
    0xB678, 0xBE79, 0xBE79, 0xB678, 0xB679, 0xBE79, 0xBE79, 0xB679, 0xB679, 0xBE79, 0xBE79, 0xB658,
    0xB679, 0xBE79, 0xBE79, 0xB658, 0xB658, 0xBE79, 0xBE79, 0xB658, 0xB679, 0xBE79, 0xBE79, 0xB678,
    0xB679, 0xBE79, 0xBE79, 0xB679, 0xB679, 0xBE79, 0xB679, 0xB658, 0xAE38, 0xB658, 0xB658, 0xAE38,
    0xAE58, 0xB658, 0xB679, 0xAE58, 0xAE58, 0xB679, 0xB678, 0xAE58, 0xAE58, 0xB658, 0xB658, 0xAE38,
    0xB679, 0xB679, 0xB679, 0xB679, 0xB679, 0xBE79, 0xBE99, 0xB679, 0xB679, 0xBE99, 0xBE99, 0xB679,
    0xB679, 0xBE99, 0xB679, 0xAE58, 0xB658, 0xB658, 0xB679, 0xB658, 0xB679, 0xBE79, 0xBE79, 0xB658,
    0xB679, 0xB679, 0xB679, 0xB658, 0xB658, 0xBE79, 0xB658, 0xAE58, 0xAE58, 0xB658, 0xB678, 0xAE38,
    0xB658, 0xB679, 0xB679, 0xAE38, 0xB658, 0xBE79, 0xB679, 0xAE58, 0xB658, 0xB658, 0xB658, 0xAE38,
    0xA617, 0xAE37, 0xAE38, 0xA617, 0xA638, 0xAE38, 0xAE38, 0xA617, 0xAE38, 0xAE58, 0xAE38, 0xA617,
    0xA617, 0xAE38, 0xAE38, 0xA617,
};
#endif /* BACKROOMS_GENERATED_POOLS_WALL_H */
