/* Generated by tools/convert_textures.py. Do not edit manually. */
#ifndef BACKROOMS_GENERATED_POOLS_FLOOR_H
#define BACKROOMS_GENERATED_POOLS_FLOOR_H
#include <stdint.h>
#define POOLS_FLOOR_WIDTH 128
#define POOLS_FLOOR_HEIGHT 128
static const uint16_t POOLS_FLOOR_PIXELS[16384] __attribute__((aligned(16))) = {
    0x9D34, 0x9D55, 0xA555, 0xA575, 0xADB6, 0xADB6, 0xA575, 0x9D55, 0xA555, 0x9D34, 0x9D14, 0x9D34,
    0xA575, 0xA596, 0xA595, 0xA595, 0xA595, 0xADB6, 0xADB6, 0xADB6, 0xAD96, 0xA575, 0xA534, 0x9D34,
    0xA554, 0xA555, 0xA596, 0xA596, 0xAD96, 0xAD96, 0xAD96, 0xA576, 0xA555, 0xA555, 0xA575, 0xAD96,
    0xADB6, 0xADB6, 0xADB6, 0xADB6, 0xADB6, 0xAD95, 0xA554, 0x9D34, 0x9D34, 0x9D34, 0xA555, 0xA555,
    0xA555, 0xA555, 0xA575, 0xA555, 0x9D55, 0x9D34, 0x9D34, 0xA534, 0xA555, 0xA575, 0xA575, 0xA575,
    0xA575, 0xA555, 0x9D34, 0x9D14, 0x9D13, 0x9D34, 0x9D54, 0xA555, 0x9D34, 0x9D34, 0x9D34, 0x9D54,
    0x9D55, 0xA575, 0xAD96, 0xAD96, 0xA575, 0xA555, 0x9D34, 0x9D34, 0x9D54, 0x9D54, 0xA555, 0xA555,
    0xA555, 0xA554, 0x9D34, 0x9D34, 0x9D34, 0x9D55, 0xA575, 0xA555, 0xA534, 0x9D34, 0x9D34, 0x9D34,
    0x9D14, 0x9D14, 0x9D35, 0xA555, 0xA575, 0xA575, 0xA575, 0xA555, 0xA555, 0x9D34, 0x9D13, 0x9CF3,
    0x9D13, 0x9D13, 0x9D34, 0x9D34, 0x9D55, 0x9D55, 0xA555, 0xA555, 0xA555, 0xA575, 0xA575, 0xA555,
    0x9D55, 0x9D35, 0x9D55, 0xA555, 0xA575, 0x9D55, 0x9D14, 0x9514, 0x9D14, 0x9D34, 0x9D55, 0xA575,
    0xA596, 0xA596, 0xA575, 0xA555, 0xA555, 0x9D55, 0x9D34, 0x9D34, 0xA575, 0xA596, 0xA575, 0xA575,
    0xA595, 0xAD96, 0xADB6, 0xADB6, 0xAD96, 0xA575, 0xA554, 0xA554, 0xA575, 0xA575, 0xA596, 0xAD96,
    0xAD96, 0xAD96, 0xAD96, 0xA596, 0xA555, 0xA555, 0xA575, 0xAD96, 0xADB6, 0xADB6, 0xADB6, 0xADB6,
    0xADB6, 0xAD96, 0xA555, 0xA534, 0x9D34, 0xA555, 0xA555, 0xA575, 0xA575, 0xA575, 0xA575, 0xA555,
    0x9D54, 0x9D34, 0x9D34, 0x9D34, 0xA554, 0xA555, 0xA555, 0xA575, 0xA575, 0xA555, 0xA555, 0x9D34,
    0x9D13, 0x9D13, 0x9D54, 0xA555, 0x9D34, 0x9D34, 0x9D55, 0x9D55, 0x9D55, 0xA575, 0xAD96, 0xAD96,
    0xA575, 0x9D55, 0x9D34, 0x9D34, 0x9D54, 0x9D54, 0x9D55, 0xA555, 0xA575, 0xA555, 0x9D34, 0x9D34,
    0x9D34, 0x9D55, 0xA555, 0xA555, 0xA555, 0xA554, 0x9D55, 0x9D34, 0x9D34, 0x9D34, 0x9D55, 0xA576,
    0xA596, 0xA596, 0xA575, 0xA555, 0xA555, 0x9D55, 0x9D14, 0x9D13, 0x9D13, 0x9D13, 0x9D34, 0x9D34,
    0x9D55, 0x9D55, 0x9D55, 0xA555, 0xA555, 0xA575, 0xA575, 0xA555, 0x9D35, 0x9D35, 0x9D55, 0x9D55,
    0x9D55, 0x9D35, 0x9D14, 0x94F3, 0x94F3, 0x94F3, 0x9D34, 0x9D55, 0x9D55, 0xA555, 0xA555, 0xA575,
    0xA575, 0xA575, 0x9D34, 0xA554, 0xA595, 0xA596, 0xA575, 0xA575, 0xA575, 0xA596, 0xADB6, 0xADB6,
    0xAD96, 0xAD95, 0xA575, 0xA575, 0xAD96, 0xADB6, 0xADB7, 0xADB7, 0xADB6, 0xADB6, 0xADB6, 0xAD96,
    0xA576, 0xA575, 0xA596, 0xA596, 0xA596, 0xAD96, 0xADB6, 0xADB6, 0xADB6, 0xAD96, 0xAD75, 0xA575,
    0xA575, 0xA575, 0xA575, 0xA575, 0xA576, 0xA576, 0xA575, 0xA555, 0x9D34, 0x9D34, 0x9D13, 0x9D13,
    0x9D34, 0x9D34, 0x9D55, 0x9D55, 0x9D55, 0xA575, 0xA575, 0xA555, 0x9D13, 0x9D13, 0x9D55, 0xA555,
    0x9D55, 0x9D35, 0x9D55, 0xA555, 0xA575, 0xA575, 0xA596, 0xA596, 0xA555, 0x9D55, 0x9D55, 0x9D35,
    0x9D34, 0x9D34, 0x9D35, 0xA555, 0xA576, 0xA575, 0xA554, 0x9D34, 0x9D34, 0x9D34, 0x9D55, 0xA555,
    0xA575, 0xA575, 0xA575, 0x9D55, 0x9D35, 0x9D55, 0xA576, 0xADB7, 0xADD7, 0xADB7, 0xA576, 0x9D55,
    0xA575, 0xA575, 0xA555, 0xA534, 0x9D34, 0x9D34, 0x9D14, 0x9D34, 0x9D55, 0x9D55, 0x9D35, 0x9D54,
    0xA555, 0xA575, 0xA555, 0x9D55, 0x9D34, 0x9D34, 0x9D34, 0x9D34, 0x9D14, 0x9514, 0x94F3, 0x94F3,
    0x94D3, 0x94F3, 0x9D14, 0x9D34, 0x9D34, 0x9D34, 0x9D55, 0xA555, 0xA555, 0xA555, 0x9D34, 0xA554,
    0xA575, 0xA575, 0xA575, 0xA555, 0xA555, 0xA575, 0xA596, 0xAD96, 0xAD96, 0xAD75, 0xA575, 0xA575,
    0xADB6, 0xADD7, 0xADD7, 0xADB7, 0xADB7, 0xADB6, 0xADB6, 0xAD96, 0xA575, 0xA575, 0xA576, 0xA596,
    0xA596, 0xA596, 0xAD96, 0xAD96, 0xAD96, 0xAD96, 0xAD75, 0xA575, 0xA575, 0xA575, 0xA575, 0xA576,
    0xA596, 0xA596, 0xA596, 0xA575, 0x9D34, 0x9D14, 0x9D13, 0x9D13, 0x9D34, 0x9D34, 0x9D34, 0x9D35,
    0x9D55, 0xA555, 0xA576, 0xA555, 0x9D13, 0x94F3, 0x9D34, 0x9D55, 0x9D35, 0x9D35, 0x9D55, 0x9D55,
    0x9D55, 0xA575, 0xA595, 0xA575, 0x9D55, 0x9D35, 0x9D55, 0x9D55, 0x9D35, 0x9D35, 0x9D35, 0xA555,
    0xAD96, 0xAD96, 0xA555, 0x9D34, 0x9D34, 0x9D35, 0x9D55, 0xA575, 0xA596, 0xA596, 0xA576, 0xA555,
    0x9D35, 0x9D55, 0xA596, 0xADD7, 0xADF7, 0xADD7, 0xA596, 0xA575, 0xA575, 0xA575, 0xA575, 0xA555,
    0x9D34, 0x9D34, 0x9D14, 0x9D34, 0x9D35, 0x9D55, 0x9D34, 0x9D34, 0xA555, 0xA555, 0x9D55, 0x9D34,
    0x9D34, 0x9D34, 0x9D34, 0x9D14, 0x9514, 0x94F3, 0x94D3, 0x94D3, 0x94F3, 0x9514, 0x9D34, 0x9D34,
    0x9D34, 0x9D34, 0x9D34, 0x9D34, 0x9D14, 0x9D14, 0x9D34, 0x9D34, 0x9D54, 0x9D55, 0x9D55, 0x9D55,
    0x9D54, 0x9D34, 0x9D55, 0xA555, 0xA575, 0xA575, 0xA555, 0xA555, 0xAD96, 0xADB6, 0xADB6, 0xADB6,
    0xADB6, 0xADB6, 0xAD96, 0xA576, 0xA555, 0xA555, 0xA576, 0xA596, 0xA596, 0xA596, 0xA596, 0xA575,
    0xA575, 0xA575, 0xAD75, 0xAD75, 0xA555, 0xA555, 0xA576, 0xA596, 0xA576, 0xA596, 0xA596, 0xA575,
    0x9D34, 0x9D14, 0x9D13, 0x9D13, 0x9D55, 0x9D55, 0x9D34, 0x9D34, 0x9D55, 0x9D55, 0x9D55, 0x9D34,
    0x94F3, 0x94F3, 0x9D14, 0x9D34, 0x9D35, 0x9D34, 0x9D34, 0x9D34, 0x9D55, 0x9D55, 0xA575, 0xA575,
    0x9D55, 0x9D34, 0x9D34, 0x9D55, 0x9D55, 0x9D55, 0x9D55, 0xA555, 0xADB6, 0xAD96, 0xA555, 0x9D34,
    0x9D34, 0x9D55, 0xA575, 0xA576, 0xA596, 0xA596, 0xA575, 0x9D55, 0x9D35, 0x9D55, 0xADB7, 0xADD7,
    0xADD7, 0xADB6, 0xA596, 0xA596, 0xA575, 0xA575, 0xA575, 0xA575, 0x9D34, 0x9D34, 0x9D35, 0x9D35,
    0x9D34, 0x9D34, 0x9D34, 0x9D35, 0xA555, 0xA555, 0x9D35, 0x9D34, 0x9D14, 0x9D34, 0x9D34, 0x9D14,
    0x94F4, 0x94F3, 0x94D3, 0x8CD3, 0x9D14, 0x9D14, 0x9D34, 0x9D34, 0x9D34, 0x9D34, 0x9D34, 0x9D34,
    0x9D14, 0x9D14, 0x9D34, 0x9D34, 0x9D34, 0x9D34, 0xA555, 0xA555, 0x9D34, 0x9D34, 0x9D34, 0x9D34,
    0xA555, 0xA575, 0xA534, 0xA554, 0xAD96, 0xADB6, 0xADB6, 0xADB6, 0xADB6, 0xADB6, 0xA596, 0xA575,
    0x9D35, 0x9D55, 0xA576, 0xAD96, 0xAD96, 0xA596, 0xA575, 0xA575, 0xA555, 0xA555, 0xA575, 0xA555,
    0xA534, 0x9D55, 0xA575, 0xA576, 0xA575, 0xA575, 0xA576, 0xA575, 0x9D34, 0x9D14, 0x9D13, 0x9D14,
    0x9D55, 0x9D55, 0x9D34, 0x9D34, 0x9D55, 0x9D55, 0x9D35, 0x9D14, 0x94F3, 0x94F3, 0x9514, 0x9D14,
    0x9D14, 0x9D14, 0x9D14, 0x9D14, 0x9D34, 0x9D55, 0xA555, 0xA555, 0x9D35, 0x9D34, 0x9D34, 0x9D55,
    0x9D55, 0x9D55, 0x9D35, 0xA555, 0xAD96, 0xAD96, 0xA555, 0x9D34, 0x9D34, 0x9D55, 0xA575, 0xA596,
    0xA596, 0xA596, 0xA575, 0x9D55, 0x9D34, 0x9D55, 0xA596, 0xADB7, 0xA596, 0xA596, 0xA596, 0xA596,
    0xA575, 0xA575, 0xA575, 0xA575, 0x9D34, 0x9D34, 0x9D35, 0x9D35, 0x9D34, 0x9D34, 0x9D34, 0x9D35,
    0xA555, 0xA555, 0x9D34, 0x9D14, 0x9D14, 0x9D14, 0x9D34, 0x9D14, 0x94F4, 0x94F3, 0x94D3, 0x8CD3,
    0x9D55, 0x9D55, 0x9D34, 0x9D34, 0x9D55, 0x9D55, 0xA555, 0xA555, 0x9D55, 0x9D34, 0x9D34, 0x9D34,
    0x9D34, 0x9D55, 0xA596, 0xA576, 0x9D34, 0x9D14, 0x9D34, 0xA555, 0xA575, 0xA555, 0x9D34, 0x9D34,
    0xA575, 0xA596, 0xAD96, 0xADB6, 0xADB6, 0xADB6, 0xA576, 0xA555, 0x9D55, 0xA555, 0xA596, 0xADB6,
    0xADB6, 0xAD96, 0xA596, 0xA575, 0xA555, 0xA555, 0xA555, 0xA534, 0x9D14, 0x9D14, 0x9D35, 0x9D55,
    0x9D55, 0x9D55, 0x9D55, 0x9D55, 0x9D34, 0x9D34, 0x9D14, 0x9D14, 0x9D34, 0x9D35, 0x9D55, 0x9D55,
    0x9D55, 0x9D55, 0x9D55, 0x9D34, 0x94F3, 0x94D3, 0x9513, 0x9D14, 0x9514, 0x9514, 0x9514, 0x9514,
    0x9D34, 0x9D34, 0x9D55, 0x9D35, 0x9D35, 0x9D34, 0x9D35, 0x9D35, 0x9D55, 0x9D55, 0x9D35, 0x9D55,
    0xA596, 0xA596, 0xA555, 0x9D34, 0x9D34, 0x9D55, 0xA576, 0xA596, 0xADB7, 0xADB6, 0xA576, 0x9D55,
    0x9D35, 0x9D34, 0x9D55, 0xA575, 0xA576, 0xA576, 0xA576, 0xA575, 0x9D55, 0xA555, 0xA575, 0xA575,
    0x9D55, 0x9D35, 0x9D35, 0x9D35, 0x9D34, 0x9D14, 0x9D14, 0x9D34, 0xA555, 0xA555, 0x9D34, 0x9D14,
    0x9D14, 0x9D14, 0x9D14, 0x9514, 0x9514, 0x94F4, 0x94F3, 0x94F3, 0xA575, 0xA555, 0x9D55, 0x9D55,
    0xA555, 0xA575, 0xA576, 0xA576, 0xA555, 0x9D55, 0x9D34, 0x9D34, 0x9D34, 0xA555, 0xA596, 0xA596,
    0xA555, 0x9D55, 0xA575, 0xA575, 0xA575, 0xA555, 0x9D34, 0x9D34, 0xA555, 0xA596, 0xAD96, 0xADB6,
    0xADB6, 0xADB6, 0xA576, 0xA555, 0xA555, 0xA555, 0xA596, 0xADB6, 0xADB7, 0xADB6, 0xA596, 0xA575,
    0xA575, 0xA575, 0xA555, 0xA534, 0x9D14, 0x9D14, 0x9D34, 0x9D35, 0x9D35, 0x9D55, 0x9D55, 0x9D54,
    0x9D34, 0x9D34, 0x9D14, 0x9D14, 0x9D34, 0x9D35, 0x9D55, 0x9D55, 0x9D55, 0x9D55, 0x9D55, 0x9D34,
    0x94F3, 0x94D3, 0x94F3, 0x9514, 0x94F3, 0x94F3, 0x9514, 0x9514, 0x9D14, 0x9D34, 0x9D35, 0x9D55,
    0x9D35, 0x9D35, 0x9D35, 0x9D55, 0x9D35, 0x9D35, 0x9D35, 0x9D55, 0xA575, 0xA575, 0xA555, 0x9D34,
    0x9D34, 0x9D55, 0xA576, 0xA596, 0xADB7, 0xADB6, 0xA596, 0xA575, 0x9D35, 0x9D35, 0x9D55, 0x9D55,
    0xA555, 0xA555, 0x9D55, 0x9D55, 0x9D55, 0x9D55, 0xA575, 0xA575, 0x9D55, 0x9D35, 0x9D35, 0x9D34,
    0x9D34, 0x9D14, 0x9D14, 0x9D34, 0xA555, 0xA555, 0x9D34, 0x9D34, 0x9D34, 0x9D34, 0x9D14, 0x9514,
    0x9514, 0x9514, 0x94F4, 0x94F4, 0xA575, 0xA555, 0xA555, 0xA555, 0xA575, 0xA576, 0xA576, 0xA575,
    0xA555, 0x9D55, 0x9D34, 0x9D34, 0xA555, 0xA575, 0xA576, 0xA596, 0xAD96, 0xAD96, 0xADB6, 0xAD96,
    0xA575, 0xA554, 0x9D34, 0x9D34, 0xA575, 0xAD96, 0xADB6, 0xADB6, 0xADB6, 0xADB6, 0xA596, 0xA575,
    0xA575, 0xA575, 0xA596, 0xADB6, 0xADB6, 0xAD96, 0xA575, 0xA575, 0xA576, 0xA596, 0xA575, 0xA575,
    0x9D34, 0x9D34, 0x9D34, 0x9D34, 0x9D55, 0x9D55, 0x9D55, 0x9D54, 0x9D34, 0x9D34, 0x9D14, 0x9D14,
    0x9D34, 0x9D34, 0x9D35, 0x9D35, 0x9D35, 0x9D55, 0xA555, 0x9D55, 0x9D13, 0x94F3, 0x94F3, 0x9513,
    0x94F3, 0x94F3, 0x9514, 0x9D14, 0x9D34, 0x9D34, 0x9D55, 0xA555, 0x9D55, 0x9D55, 0x9D55, 0x9D55,
    0x9D35, 0x9D34, 0x9D34, 0x9D35, 0xA575, 0xA575, 0xA555, 0x9D35, 0x9D34, 0x9D55, 0xA596, 0xA596,
    0xA596, 0xA596, 0xA596, 0xA596, 0xA575, 0xA575, 0xA596, 0xA596, 0x9D55, 0x9D35, 0x9D35, 0x9D55,
    0x9D55, 0x9D55, 0xA575, 0xA575, 0x9D55, 0x9D35, 0x9D35, 0x9D34, 0x9D34, 0x9D34, 0x9D34, 0x9D34,
    0xA535, 0xA555, 0x9D34, 0x9D34, 0x9D35, 0x9D35, 0x9D34, 0x9D34, 0x9D14, 0x9D14, 0x9D14, 0x9D14,
    0xA575, 0xA555, 0xA555, 0xA575, 0xA576, 0xA576, 0xA575, 0xA555, 0xA555, 0xA554, 0x9D34, 0x9D34,
    0xA555, 0xA575, 0xA575, 0xA575, 0xAD96, 0xADB6, 0xADB6, 0xAD96, 0xA555, 0xA534, 0x9D34, 0xA534,
    0xA555, 0xA576, 0xAD96, 0xAD96, 0xAD96, 0xA596, 0xA575, 0xA575, 0xA555, 0xA575, 0xAD96, 0xADB6,
    0xAD96, 0xA596, 0xA575, 0xA575, 0xA575, 0xA595, 0xA575, 0xA575, 0xA554, 0x9D34, 0x9D34, 0x9D34,
    0x9D55, 0x9D55, 0x9D55, 0x9D54, 0x9D34, 0x9D14, 0x9D13, 0x9D13, 0x9D34, 0x9D55, 0x9D35, 0x9D35,
    0x9D55, 0x9D55, 0x9D55, 0x9D34, 0x9CF3, 0x94F3, 0x94F3, 0x94F3, 0x94F3, 0x94F3, 0x9D14, 0x9D14,
    0x9D14, 0x9D34, 0x9D54, 0x9D55, 0x9D55, 0x9D55, 0x9D55, 0x9D34, 0x9D34, 0x9D14, 0x9D14, 0x9D34,
    0xA555, 0xA555, 0xA555, 0xA555, 0x9D35, 0x9D55, 0xA575, 0xA575, 0xA555, 0xA555, 0xA575, 0xA575,
    0xA555, 0xA575, 0xA596, 0xA596, 0x9D55, 0x9D35, 0x9D35, 0x9D35, 0x9D55, 0xA555, 0xA555, 0xA555,
    0x9D55, 0x9D34, 0x9D34, 0x9D34, 0x9D34, 0x9D34, 0x9D34, 0x9D34, 0x9D34, 0x9D34, 0x9D34, 0x9D34,
    0x9D34, 0x9D34, 0x9D34, 0x9D14, 0x9D14, 0x9D14, 0x9D14, 0x9D34, 0xA555, 0xA555, 0xA555, 0xA575,
    0xA575, 0xA575, 0xA555, 0xA555, 0xA555, 0xA554, 0x9D13, 0x9CF3, 0x9D14, 0xA534, 0xA554, 0xA555,
    0xA555, 0xA575, 0xAD75, 0xA575, 0xA534, 0x9D14, 0xA534, 0xA534, 0x9D34, 0xA534, 0xA555, 0xA555,
    0xA554, 0xA554, 0xA555, 0xA554, 0x9D34, 0xA554, 0xAD96, 0xADB6, 0xAD96, 0xA575, 0xA555, 0xA555,
    0xA555, 0xA575, 0xA554, 0xA534, 0xA534, 0x9D34, 0x9D14, 0x9D34, 0xA555, 0xA555, 0xA555, 0xA534,
    0x9D13, 0x9D13, 0x9D13, 0x9D13, 0xA554, 0xA575, 0xA555, 0xA555, 0xA555, 0xA554, 0x9D34, 0x9D13,
    0x94F3, 0x94F3, 0x94F3, 0x9CF3, 0x94F3, 0x94F3, 0x9CF3, 0x9D13, 0x9D14, 0x9D14, 0x9D14, 0x9D14,
    0x9D14, 0x9D14, 0x9D14, 0x9D14, 0x9D14, 0x9D14, 0x9D14, 0x9D34, 0xA534, 0xA534, 0xA534, 0xA554,
    0xA555, 0xA555, 0xA534, 0x9D34, 0x9D14, 0x9D14, 0x9D34, 0x9D34, 0x9D14, 0x9D34, 0xA575, 0xA576,
    0xA535, 0x9D34, 0x9D34, 0x9D34, 0x9D55, 0xA554, 0xA534, 0xA534, 0x9D34, 0x9D34, 0x9D34, 0x9D34,
    0x9D14, 0x9D14, 0x9D14, 0x9D14, 0x9D13, 0x9D13, 0x9D14, 0x9D14, 0x9D34, 0x9D14, 0x9D13, 0x9D13,
    0x9CF3, 0x9D14, 0x9D14, 0x9D34, 0xA555, 0xA555, 0xA555, 0xA555, 0xA575, 0xA555, 0xA554, 0xA554,
    0xA555, 0xA554, 0x9D13, 0x9CF3, 0x9D14, 0xA534, 0xA534, 0xA534, 0xA534, 0xA534, 0xA554, 0xA554,
    0x9D14, 0x9D14, 0xA534, 0xA534, 0x9D14, 0x9D14, 0x9D34, 0xA534, 0xA534, 0xA534, 0xA555, 0xA554,
    0x9D14, 0x9D34, 0xA575, 0xAD96, 0xA575, 0xA555, 0xA555, 0xA555, 0xA555, 0xA555, 0xA554, 0xA554,
    0xA534, 0x9D34, 0x9D14, 0x9D34, 0xA555, 0xA575, 0xA575, 0xA555, 0x9D33, 0x9D13, 0x9D13, 0x9D14,
    0xA555, 0xA575, 0xA555, 0xA555, 0xA555, 0xA555, 0x9D34, 0x9D13, 0x94D3, 0x94D3, 0x9CF3, 0x9D13,
    0x9CF3, 0x9CF3, 0x9CF3, 0x9D13, 0x9D14, 0x9D14, 0x9D13, 0x9D13, 0x9CF3, 0x9D14, 0x9D14, 0x9D14,
    0x9D14, 0x9D14, 0x9D14, 0x9D34, 0x9D34, 0xA534, 0xA534, 0xA554, 0xA555, 0xA555, 0xA554, 0x9D34,
    0x9D14, 0x9D13, 0x9D14, 0x9D14, 0x9D13, 0x9D14, 0xA555, 0xA555, 0x9D34, 0x9D34, 0x9D34, 0x9D34,
    0x9D55, 0xA554, 0xA534, 0xA534, 0x9D14, 0x9D14, 0x9D14, 0x9D14, 0x9D14, 0x9D14, 0x9D14, 0x9D13,
    0x9D13, 0x9D13, 0x9D14, 0x9D14, 0x9D14, 0x9D14, 0x9D13, 0x9D13, 0x9D13, 0x9D14, 0x9D34, 0xA555,
    0xA575, 0xA555, 0x9D35, 0x9D35, 0x9D35, 0x9D35, 0x9D34, 0x9D34, 0xA555, 0xA554, 0x9D13, 0x9D13,
    0xA554, 0xA555, 0xA554, 0x9D34, 0x9D34, 0x9D34, 0x9D34, 0x9D34, 0x9D34, 0x9D34, 0xA554, 0xA555,
    0x9D34, 0x9D34, 0x9D55, 0xA555, 0xA555, 0xA575, 0xA576, 0xA575, 0x9D34, 0x9D34, 0xA555, 0xA575,
    0xA575, 0xA555, 0x9D55, 0x9D55, 0xA555, 0xA575, 0xA575, 0xA575, 0xA555, 0x9D54, 0x9D34, 0x9D35,
    0xA575, 0xA596, 0xAD96, 0xAD96, 0xA554, 0x9D34, 0x9D13, 0x9D14, 0xA555, 0xA575, 0xA555, 0xA555,
    0xA555, 0x9D55, 0x9D35, 0x9D14, 0x94F3, 0x94D3, 0x9513, 0x9D14, 0x9D14, 0x9D14, 0x9D14, 0x9D34,
    0x9D34, 0x9D34, 0x9D34, 0x9D34, 0x9D14, 0x9D14, 0x9D34, 0x9D34, 0x9D35, 0x9D34, 0x9D14, 0x9D14,
    0x9D34, 0xA534, 0xA554, 0xA555, 0xA555, 0xA575, 0xA596, 0xA575, 0x9D34, 0x9D34, 0x9D34, 0x9D14,
    0x9D14, 0x9D14, 0x9D35, 0x9D35, 0x9D35, 0x9D35, 0x9D35, 0x9D55, 0x9D55, 0xA555, 0xA554, 0x9D34,
    0x9D34, 0x9D14, 0x9D14, 0x9D14, 0x9D14, 0x9D14, 0x9D14, 0x9D14, 0x9D14, 0x9D34, 0x9D34, 0x9D34,
    0x9D14, 0x9D14, 0x9D34, 0x9D34, 0x9D34, 0x9D34, 0xA555, 0xA575, 0xA575, 0xA555, 0x9D55, 0x9D35,
    0x9D35, 0x9D35, 0x9D54, 0xA555, 0xA575, 0xA575, 0x9D34, 0x9D34, 0xA555, 0xA575, 0xA555, 0x9D54,
    0x9D54, 0x9D34, 0x9D34, 0x9D34, 0x9D34, 0xA554, 0xA555, 0xA555, 0xA555, 0xA555, 0xA555, 0xA575,
    0xA596, 0xA596, 0xAD96, 0xA596, 0x9D55, 0x9D35, 0x9D55, 0xA575, 0xA576, 0xA576, 0xA576, 0x9D76,
    0x9D76, 0xA576, 0xA596, 0xA596, 0xA575, 0x9D55, 0x9D35, 0x9D55, 0xA575, 0xA596, 0xADB6, 0xAD96,
    0xA555, 0x9D34, 0x9D14, 0x9D34, 0xA555, 0xA576, 0xA576, 0x9D76, 0x9D55, 0x9D55, 0x9D55, 0x9D34,
    0x94F3, 0x94F3, 0x9D14, 0x9D14, 0x9D14, 0x9D14, 0x9D34, 0x9D35, 0x9D55, 0x9D55, 0x9D55, 0x9D35,
    0x9D34, 0x9D34, 0x9D35, 0x9D35, 0x9D55, 0x9D55, 0x9D34, 0x9D34, 0x9D34, 0xA534, 0x9D55, 0x9D55,
    0xA575, 0xA576, 0xA596, 0xA596, 0x9D55, 0x9D34, 0x9D34, 0x9D34, 0x9D14, 0x9514, 0x9514, 0x9D35,
    0x9D35, 0x9D55, 0x9D35, 0x9D55, 0x9D55, 0xA555, 0xA555, 0x9D34, 0x9D34, 0x9D34, 0x9D34, 0x9D34,
    0x9D34, 0x9D14, 0x9D14, 0x9D14, 0x9D34, 0x9D34, 0x9D35, 0x9D34, 0x9D34, 0x9D14, 0x9D34, 0x9D34,
    0x9D34, 0x9D55, 0xA576, 0xA596, 0xA576, 0xA576, 0xA576, 0x9D55, 0x9D55, 0x9D55, 0xA596, 0xAD96,
    0xAD96, 0xA576, 0xA555, 0x9D34, 0x9D55, 0xA555, 0xA555, 0xA555, 0x9D55, 0x9D55, 0x9D35, 0x9D35,
    0xA534, 0xA555, 0xA575, 0xA575, 0xA555, 0x9D55, 0xA576, 0xA596, 0xADB7, 0xADB7, 0xADB7, 0xA596,
    0xA575, 0xA555, 0xA575, 0xA596, 0xA596, 0xA596, 0xA596, 0xA576, 0xA576, 0xA576, 0xA596, 0xA596,
    0xA575, 0x9D55, 0x9D35, 0x9D35, 0x9D55, 0xA575, 0xA596, 0xA576, 0x9D34, 0x9D34, 0x9D34, 0x9D55,
    0xA576, 0xA576, 0xA576, 0x9D75, 0x9D55, 0x9D55, 0xA575, 0x9D55, 0x9514, 0x94F3, 0x9D14, 0x9D14,
    0x9D14, 0x9D14, 0x9D34, 0x9D35, 0x9D55, 0xA575, 0xA555, 0xA555, 0x9D35, 0x9D35, 0x9D35, 0x9D35,
    0x9D35, 0x9D55, 0x9D55, 0x9D55, 0xA555, 0xA555, 0x9D55, 0xA555, 0xA576, 0xA596, 0xA596, 0xA575,
    0x9D55, 0x9D55, 0x9D55, 0x9D35, 0x9514, 0x9514, 0x9514, 0x9D34, 0x9D35, 0x9D35, 0x9D35, 0x9D35,
    0x9D55, 0x9D55, 0xA555, 0x9D55, 0x9D35, 0x9D34, 0x9D34, 0x9D34, 0x9D34, 0x9D34, 0x9D34, 0x9D34,
    0xA554, 0xA555, 0x9D35, 0x9D34, 0x9D34, 0x9D14, 0x9514, 0x94F3, 0x9D14, 0x9D34, 0xA576, 0xADB6,
    0xA555, 0xA575, 0xA576, 0x9D75, 0x9D55, 0x9D55, 0xA596, 0xADB6, 0xAD96, 0xA596, 0xA555, 0xA555,
    0x9D55, 0x9D55, 0xA575, 0xA575, 0xA575, 0xA575, 0xA555, 0xA555, 0xA555, 0xA555, 0xA596, 0xA596,
    0xA575, 0xA575, 0xA596, 0xA596, 0xADB7, 0xADB7, 0xADB6, 0xA596, 0xA575, 0xA555, 0xA576, 0xA596,
    0xADB6, 0xADB6, 0xA5B6, 0xA596, 0xA596, 0xA596, 0xA596, 0xA596, 0xA575, 0xA575, 0x9D55, 0x9D55,
    0x9D55, 0xA575, 0xA596, 0xA576, 0x9D34, 0x9D34, 0x9D34, 0xA555, 0xA576, 0xA596, 0xA576, 0x9D75,
    0x9D55, 0x9D55, 0xA575, 0x9D55, 0x9D14, 0x94F3, 0x9D14, 0x9D14, 0x9D14, 0x9D14, 0x9D34, 0x9D35,
    0x9D55, 0xA575, 0xA576, 0xA575, 0x9D55, 0x9D35, 0x9D35, 0x9D35, 0x9D35, 0x9D35, 0x9D55, 0x9D55,
    0xA555, 0xA555, 0x9D55, 0xA555, 0xA576, 0xA576, 0xA575, 0x9D55, 0x9D55, 0x9D55, 0x9D55, 0x9D55,
    0x9514, 0x9514, 0x9514, 0x9D34, 0x9D34, 0x9D35, 0x9D35, 0x9D35, 0x9D55, 0x9D55, 0xA555, 0xA555,
    0x9D35, 0x9D35, 0x9D35, 0x9D35, 0x9D34, 0x9D34, 0x9D34, 0x9D34, 0x9D54, 0xA554, 0x9D34, 0x9D34,
    0x9D34, 0x9D34, 0x94F3, 0x94F3, 0x94F3, 0x9D34, 0xA576, 0xA596, 0x9D34, 0x9D34, 0x9D55, 0x9D55,
    0x9D55, 0x9D55, 0x9D55, 0xA575, 0xA576, 0xA576, 0xA555, 0x9D55, 0x9D55, 0x9D55, 0xA575, 0xA576,
    0xADB6, 0xADB6, 0xAD96, 0xA596, 0xA575, 0xA575, 0xADB6, 0xADB6, 0xA596, 0xA596, 0xA576, 0xA596,
    0xA596, 0xA596, 0xA576, 0xA575, 0x9D55, 0xA555, 0xA576, 0xA596, 0xA596, 0xADB6, 0xADB7, 0xADB7,
    0xA596, 0xA596, 0xA596, 0xA596, 0xA596, 0xA596, 0xA576, 0xA576, 0xA576, 0xA596, 0xA596, 0xA576,
    0xA555, 0xA555, 0x9D55, 0xA575, 0xA576, 0xA576, 0xA576, 0xA575, 0x9D55, 0x9D55, 0x9D55, 0x9D34,
    0x9D14, 0x9513, 0x9D14, 0x9D14, 0x9D14, 0x9D14, 0x9D34, 0x9D34, 0x9D55, 0xA575, 0xA596, 0xA596,
    0x9D55, 0x9D35, 0x9D55, 0x9D55, 0x9D35, 0x9D35, 0x9D35, 0x9D35, 0x9D34, 0x9D34, 0x9D34, 0x9D34,
    0x9D35, 0x9D55, 0x9D55, 0x9D55, 0x9D55, 0x9D55, 0x9D55, 0x9D55, 0x9D34, 0x9514, 0x9D34, 0x9D34,
    0x9D34, 0x9D34, 0x9D34, 0x9D34, 0x9D35, 0x9D55, 0xA575, 0xA555, 0x9D34, 0x9D34, 0x9D34, 0x9D34,
    0x9D34, 0x9D34, 0x9D55, 0x9D55, 0x9D34, 0x9D14, 0x9D14, 0x9D34, 0x9D55, 0x9D35, 0x9D14, 0x9514,
    0x9D14, 0x9D34, 0x9D55, 0xA576, 0x9D34, 0x9D34, 0x9D55, 0x9D55, 0x9D55, 0x9D55, 0x9D35, 0x9D55,
    0xA575, 0xA575, 0xA555, 0x9D55, 0x9D55, 0xA575, 0xA575, 0xA596, 0xADB6, 0xADB7, 0xADB6, 0xAD96,
    0xA575, 0xA575, 0xADB6, 0xADB7, 0xADB6, 0xA596, 0xA596, 0xA575, 0xA576, 0xA576, 0xA575, 0xA555,
    0x9D55, 0x9D55, 0xA576, 0xA596, 0xA596, 0xA5B6, 0xADB7, 0xADB7, 0xA596, 0xA596, 0xAD96, 0xAD96,
    0xA596, 0xA596, 0xA596, 0xA596, 0xA596, 0xA596, 0xA596, 0xA576, 0xA575, 0xA555, 0xA555, 0x9D55,
    0xA575, 0xA576, 0xA575, 0xA555, 0x9D55, 0x9D55, 0x9D35, 0x9D34, 0x9D14, 0x9513, 0x9D14, 0x9D34,
    0x9D34, 0x9D34, 0x9D34, 0x9D34, 0x9D35, 0x9D55, 0xA596, 0xA576, 0x9D55, 0x9D55, 0x9D55, 0x9D55,
    0x9D35, 0x9D35, 0x9D35, 0x9D35, 0x9D34, 0x9D34, 0x9D34, 0x9D34, 0x9D34, 0x9D34, 0x9D34, 0x9D55,
    0x9D35, 0x9D35, 0x9D55, 0x9D55, 0x9D34, 0x9D34, 0x9D34, 0x9D34, 0x9D34, 0x9D34, 0x9D34, 0x9D34,
    0x9D35, 0x9D55, 0xA575, 0xA555, 0x9D34, 0x9D34, 0x9D34, 0x9D34, 0x9D34, 0x9D34, 0x9D55, 0x9D55,
    0x9D34, 0x9D14, 0x9D14, 0x9D34, 0x9D55, 0x9D55, 0x9D14, 0x9D14, 0x9D14, 0x9D34, 0x9D55, 0x9D75,
    0x9D55, 0x9D55, 0x9D55, 0x9D55, 0x9D55, 0x9D55, 0x9D55, 0x9D55, 0x9D55, 0x9D55, 0xA555, 0xA555,
    0x9D55, 0xA575, 0xA575, 0xA575, 0xA596, 0xAD96, 0xADB6, 0xAD96, 0xA575, 0xA575, 0xA596, 0xAD96,
    0xADB6, 0xADB6, 0xA596, 0xA596, 0xA575, 0xA575, 0xA576, 0xA575, 0x9D34, 0x9D35, 0xA576, 0xA596,
    0xA596, 0xA596, 0xA596, 0xA596, 0xA596, 0xAD96, 0xADB6, 0xAD96, 0xA596, 0xA596, 0xA576, 0xA576,
    0xA596, 0xA596, 0xA576, 0xA575, 0xA555, 0xA554, 0x9D54, 0x9D55, 0x9D55, 0xA575, 0x9D55, 0x9D55,
    0x9D35, 0x9D35, 0x9D55, 0x9D35, 0x9D14, 0x9D14, 0x9D34, 0x9D34, 0x9D34, 0x9D34, 0x9D34, 0x9D34,
    0x9D34, 0x9D55, 0xA555, 0xA575, 0x9D55, 0x9D55, 0x9D55, 0x9D55, 0x9D35, 0x9D35, 0x9D55, 0x9D55,
    0xA555, 0x9D54, 0x9D34, 0x9D14, 0x9D14, 0x9D34, 0x9D34, 0x9D34, 0x9D34, 0x9D35, 0xA576, 0xA575,
    0x9D34, 0x9D14, 0x9D34, 0x9D34, 0x9D34, 0x9D34, 0x9D34, 0x9D34, 0x9D35, 0x9D55, 0xA555, 0xA555,
    0x9D34, 0x9D34, 0x9D34, 0x9D34, 0x9D34, 0x9D34, 0x9D35, 0x9D55, 0xA555, 0xA555, 0x9D34, 0x9D34,
    0x9D55, 0x9D35, 0x9D14, 0x9514, 0x9514, 0x9D34, 0x9D55, 0xA576, 0xA555, 0xA555, 0xA555, 0xA555,
    0xA555, 0x9D55, 0x9D55, 0x9D55, 0x9D55, 0x9D55, 0x9D34, 0x9D54, 0x9D55, 0xA555, 0xA575, 0xA575,
    0xA575, 0xA595, 0xAD96, 0xAD96, 0xA575, 0xA575, 0xA575, 0xA575, 0xA596, 0xAD96, 0xA596, 0xA595,
    0xA575, 0xA575, 0xA596, 0xA575, 0x9D34, 0x9D35, 0xA576, 0xA596, 0xA596, 0xA596, 0xA576, 0xA576,
    0xA596, 0xA596, 0xAD96, 0xAD96, 0xA596, 0xA576, 0xA576, 0xA576, 0xA596, 0xA596, 0xA576, 0xA575,
    0xA555, 0xA534, 0xA554, 0xA555, 0xA575, 0xA575, 0xA555, 0x9D55, 0x9D35, 0x9D35, 0xA555, 0x9D55,
    0x9D14, 0x9D14, 0x9D34, 0x9D34, 0x9D34, 0x9D34, 0x9D34, 0x9D34, 0x9D34, 0x9D34, 0x9D55, 0x9D55,
    0x9D55, 0x9D55, 0xA576, 0xA575, 0x9D55, 0x9D55, 0x9D55, 0x9D55, 0xA555, 0x9D54, 0x9D14, 0x9D13,
    0x9D14, 0x9D34, 0x9D34, 0x9D34, 0x9D34, 0x9D55, 0xA576, 0xA576, 0x9D35, 0x9D34, 0x9D35, 0x9D55,
    0x9D35, 0x9D35, 0x9D35, 0x9D55, 0x9D55, 0xA555, 0xA555, 0xA554, 0x9D34, 0x9D34, 0x9D35, 0x9D55,
    0x9D34, 0x9D34, 0x9D55, 0xA555, 0xA555, 0xA555, 0x9D55, 0x9D34, 0x9D55, 0x9D34, 0x9D14, 0x9D14,
    0x9D14, 0x9D34, 0x9D55, 0xA576, 0x9D55, 0x9D55, 0xA555, 0xA555, 0x9D55, 0x9D55, 0x9D55, 0xA555,
    0x9D55, 0x9D55, 0x9D34, 0x9D34, 0x9D34, 0xA555, 0xA555, 0xA575, 0xA575, 0xA575, 0xA575, 0xA576,
    0xA575, 0xA575, 0xA555, 0xA555, 0xA555, 0xA575, 0xA575, 0xA575, 0xA555, 0xA555, 0xA575, 0xA575,
    0xA555, 0x9D55, 0xA555, 0xA575, 0xA575, 0xA575, 0xA555, 0xA575, 0xA576, 0xA575, 0xA555, 0xA555,
    0xA575, 0xA596, 0xA596, 0xA596, 0xAD96, 0xAD96, 0xAD96, 0xA575, 0x9D34, 0x9D34, 0xA554, 0xA575,
    0xAD96, 0xADB6, 0xA575, 0xA555, 0xA555, 0xA555, 0xA555, 0x9D35, 0x9D14, 0x9D14, 0x9D34, 0x9D34,
    0x9D34, 0x9D34, 0xA554, 0xA554, 0x9D34, 0x9D34, 0x9D34, 0x9D34, 0xA555, 0xA575, 0xA576, 0xA576,
    0xA576, 0xA575, 0xA555, 0x9D55, 0xA534, 0x9D34, 0x9D14, 0x9D13, 0x9D14, 0x9D14, 0x9D34, 0x9D34,
    0x9D34, 0xA555, 0xA575, 0xA576, 0xA555, 0xA555, 0xA575, 0xA575, 0xA555, 0xA555, 0xA555, 0xA575,
    0xA576, 0xA575, 0xA555, 0xA555, 0xA555, 0xA555, 0xA575, 0xA575, 0xA575, 0xA575, 0xA555, 0xA555,
    0xA555, 0xA555, 0xA555, 0xA555, 0xA555, 0xA555, 0x9D34, 0x9D34, 0x9D54, 0x9D55, 0x9D55, 0x9D55,
    0x9D34, 0x9D34, 0xA555, 0xA555, 0x9D54, 0x9D55, 0xA555, 0xA555, 0xA555, 0x9D54, 0x9D14, 0x9D14,
    0x9D34, 0x9D55, 0xA555, 0xA575, 0xA555, 0xA555, 0xA575, 0xA575, 0xA575, 0xA555, 0x9D54, 0x9D34,
    0x9D35, 0x9D55, 0xA575, 0xA575, 0xA555, 0xA555, 0xA575, 0xA575, 0x9D55, 0x9D55, 0xA555, 0xA555,
    0xA555, 0xA555, 0xA555, 0xA555, 0xA576, 0xA575, 0xA534, 0xA534, 0xA576, 0xAD96, 0xA596, 0xAD96,
    0xAD96, 0xADB6, 0xADB6, 0xAD76, 0xA534, 0x9D14, 0xA555, 0xA575, 0xAD96, 0xAD96, 0xA575, 0xA575,
    0xA575, 0xA555, 0xA555, 0x9D55, 0x9D14, 0x9D14, 0x9D34, 0x9D34, 0x9D34, 0xA534, 0xA554, 0xA554,
    0xA554, 0xA554, 0x9D34, 0xA534, 0xA555, 0xA575, 0xA575, 0xA575, 0xA576, 0xA575, 0xA555, 0x9D35,
    0xA534, 0x9D34, 0x9D14, 0x9D14, 0x9D14, 0x9D14, 0x9D34, 0x9D34, 0x9D34, 0x9D35, 0xA555, 0xA575,
    0xA555, 0xA555, 0xA575, 0xA575, 0xA575, 0xA575, 0xA575, 0xA576, 0xA596, 0xA576, 0xA555, 0xA555,
    0xA555, 0xA555, 0xA575, 0xA575, 0xA575, 0xA575, 0xA555, 0xA555, 0xA554, 0xA555, 0xA555, 0xA555,
    0xA555, 0xA555, 0xA554, 0x9D54, 0xA555, 0xA555, 0x9D55, 0x9D55, 0x94F4, 0x9D14, 0x9D34, 0x9D55,
    0x9D35, 0x9D35, 0x9D55, 0xA555, 0xA555, 0xA554, 0x9D14, 0x9D14, 0x9D34, 0x9D55, 0xA575, 0xA575,
    0xA555, 0xA555, 0x9D55, 0xA555, 0xA555, 0xA555, 0x9D55, 0x9D55, 0x9D55, 0xA555, 0xA575, 0xA575,
    0xA555, 0x9D55, 0xA555, 0x9D55, 0x9D34, 0x9D34, 0x9D55, 0xA575, 0xA576, 0xA575, 0x9D55, 0x9D55,
    0xA576, 0xA575, 0x9D34, 0xA555, 0xA596, 0xAD96, 0xA596, 0xA596, 0xADB7, 0xADD7, 0xADD7, 0xAD96,
    0xA554, 0x9D34, 0xA555, 0xA575, 0xA575, 0xA575, 0x9D55, 0x9D55, 0xA575, 0xA575, 0xA575, 0x9D55,
    0x9D34, 0x9D14, 0x9D34, 0x9D34, 0x9D34, 0x9D34, 0x9D34, 0xA555, 0xA555, 0xA555, 0xA554, 0xA534,
    0xA555, 0xA555, 0x9D55, 0x9D55, 0xA555, 0xA555, 0x9D55, 0x9D55, 0xA555, 0xA534, 0x9D34, 0x9D34,
    0x9D34, 0x9D34, 0x9D35, 0x9D55, 0x9D35, 0x9D34, 0x9D34, 0x9D34, 0x9D34, 0x9D34, 0x9D35, 0x9D55,
    0x9D55, 0x9D55, 0x9D55, 0xA576, 0xA576, 0xA575, 0x9D34, 0x9D34, 0x9D34, 0x9D35, 0x9D35, 0x9D55,
    0xA555, 0xA555, 0xA555, 0xA555, 0xA554, 0xA555, 0xA555, 0xA575, 0xA575, 0xA555, 0x9D55, 0x9D35,
    0x9D55, 0x9D55, 0x9D55, 0x9D55, 0x9D14, 0x9D14, 0x9D34, 0x9D55, 0x9D55, 0x9D55, 0xA555, 0xA575,
    0xA575, 0xA555, 0x9D34, 0x9D14, 0x9D35, 0x9D55, 0xA576, 0xA576, 0xA575, 0xA555, 0x9D55, 0xA555,
    0xA555, 0xA555, 0xA555, 0x9D55, 0xA555, 0xA575, 0xA575, 0xA575, 0xA575, 0xA555, 0xA555, 0x9D55,
    0x9D34, 0x9D34, 0x9D55, 0xA576, 0xA576, 0xA575, 0x9D55, 0x9D55, 0xA576, 0xA576, 0x9D55, 0xA555,
    0xADB7, 0xADD7, 0xA596, 0xA596, 0xADD7, 0xADD7, 0xADD7, 0xADB6, 0xA555, 0x9D34, 0xA555, 0xA555,
    0xA555, 0x9D55, 0x9D35, 0x9D55, 0xA575, 0xA575, 0xA575, 0xA555, 0x9D34, 0x9D14, 0x9D34, 0x9D34,
    0x9D34, 0x9D34, 0x9D34, 0x9D55, 0xA555, 0xA575, 0xA575, 0xA555, 0xA555, 0x9D55, 0x9D55, 0x9D55,
    0x9D55, 0x9D55, 0x9D55, 0x9D55, 0xA555, 0xA555, 0x9D34, 0x9D34, 0x9D34, 0x9D34, 0x9D35, 0x9D55,
    0x9D35, 0x9D34, 0x9D34, 0x9D14, 0x9514, 0x9D14, 0x9D34, 0x9D35, 0x9D55, 0x9D55, 0x9D55, 0xA575,
    0xA576, 0xA575, 0x9D34, 0x9D34, 0x9D34, 0x9D34, 0x9D34, 0x9D34, 0x9D35, 0x9D55, 0x9D55, 0x9D55,
    0xA555, 0xA555, 0xA555, 0xA575, 0xA575, 0x9D55, 0x9D55, 0x9D35, 0x9D55, 0x9D55, 0x9D55, 0x9D55,
    0x9D55, 0x9D55, 0x9D55, 0x9D55, 0x9D55, 0x9D55, 0xA575, 0xA576, 0xA575, 0xA575, 0xA554, 0xA555,
    0xA575, 0xA576, 0xA576, 0xA576, 0xA576, 0xA575, 0xA575, 0xA575, 0xA575, 0xA555, 0xA555, 0xA575,
    0xA575, 0xA576, 0xA575, 0x9D75, 0xA575, 0xA575, 0xA575, 0xA575, 0x9D55, 0x9D55, 0xA576, 0xA576,
    0xA575, 0xA575, 0xA576, 0xA576, 0xA576, 0xA576, 0xA575, 0xAD96, 0xB618, 0xB618, 0xADD7, 0xADB6,
    0xADB7, 0xADD7, 0xADB7, 0xAD96, 0xA555, 0x9D34, 0x9D34, 0x9D34, 0x9D55, 0x9D55, 0x9D35, 0x9D35,
    0x9D35, 0x9D55, 0xA575, 0xA575, 0x9D34, 0x9D34, 0x9D34, 0x9D34, 0x9D55, 0x9D55, 0x9D35, 0x9D55,
    0x9D55, 0xA575, 0xA596, 0xA596, 0xA575, 0xA555, 0xA575, 0xA575, 0xA575, 0xA575, 0xA555, 0xA555,
    0xA555, 0xA555, 0x9D34, 0x9D34, 0x9D34, 0x9D34, 0x9D34, 0x9D34, 0x9D34, 0x9D34, 0x9D34, 0x9D34,
    0x9514, 0x9514, 0x9D34, 0x9D35, 0x9D55, 0x9D75, 0xA575, 0xA575, 0xA576, 0xA575, 0xA555, 0x9D55,
    0x9D35, 0x9D35, 0x9D35, 0x9D55, 0x9D35, 0x9D55, 0x9D55, 0xA555, 0xA575, 0xA575, 0xA575, 0x9D75,
    0x9D75, 0x9D55, 0x9D55, 0x9D35, 0x9D35, 0x9D55, 0xA575, 0xA576, 0xA555, 0xA555, 0x9D55, 0x9D55,
    0x9D55, 0x9D55, 0xA575, 0xA576, 0xA575, 0xA575, 0xA555, 0xA555, 0xA575, 0xA576, 0xA576, 0xA576,
    0xA576, 0xA576, 0xA576, 0xA575, 0xA575, 0xA575, 0xA555, 0xA575, 0xA575, 0xA575, 0x9D55, 0x9D55,
    0xA575, 0xA576, 0xA575, 0x9D55, 0x9D34, 0x9D35, 0xA575, 0xA576, 0x9D55, 0x9D55, 0xA576, 0xA576,
    0xA576, 0xA575, 0xA575, 0xAD96, 0xB618, 0xB618, 0xADD7, 0xADB7, 0xADD7, 0xADD7, 0xADB7, 0xA596,
    0xA555, 0xA534, 0x9D34, 0x9D55, 0x9D55, 0x9D55, 0x9D55, 0x9D35, 0x9D35, 0x9D55, 0xA575, 0xA555,
    0x9D34, 0x9D14, 0x9D34, 0x9D34, 0x9D55, 0x9D55, 0x9D35, 0x9D35, 0x9D55, 0xA575, 0xAD96, 0xAD96,
    0xA576, 0xA575, 0xA576, 0xA576, 0xA575, 0x9D75, 0x9D55, 0xA555, 0xA555, 0xA555, 0x9D55, 0x9D34,
    0x9D34, 0x9D34, 0x9D34, 0x9D34, 0x9D34, 0x9D34, 0x9D34, 0x9D34, 0x9514, 0x9514, 0x9D14, 0x9D35,
    0x9D55, 0x9D75, 0x9D55, 0xA555, 0xA575, 0xA575, 0xA575, 0xA555, 0x9D55, 0x9D35, 0x9D55, 0x9D55,
    0x9D35, 0x9D35, 0x9D55, 0x9D55, 0xA575, 0xA575, 0xA575, 0x9D75, 0x9D55, 0x9D55, 0x9D55, 0x9D35,
    0x9D35, 0x9D55, 0xA575, 0xA576, 0x9D34, 0x9D34, 0x9D55, 0x9D55, 0x9D55, 0x9D55, 0x9D55, 0x9D55,
    0xA575, 0xA555, 0x9D34, 0x9D34, 0xA555, 0xA575, 0xA575, 0xA575, 0xA596, 0xA596, 0xA575, 0xA575,
    0xA575, 0xA575, 0xA555, 0x9D55, 0xA555, 0x9D55, 0x9D55, 0x9D55, 0x9D55, 0x9D55, 0x9D35, 0x9D34,
    0x9514, 0x9514, 0x9D35, 0x9D55, 0x9D55, 0x9D55, 0xA576, 0xA576, 0xA576, 0xA575, 0xA555, 0xA575,
    0xADB6, 0xADD7, 0xADD7, 0xADD7, 0xB5F7, 0xB5F7, 0xADD7, 0xADB6, 0xA555, 0xA554, 0xA575, 0xA576,
    0x9D55, 0x9D55, 0x9D75, 0x9D55, 0x9D55, 0x9D55, 0x9D55, 0x9D55, 0x9D14, 0x9514, 0x9D34, 0x9D34,
    0x9D35, 0x9D55, 0x9D34, 0x9D34, 0x9D35, 0xA555, 0xAD96, 0xADB6, 0xA596, 0xA576, 0xA576, 0xA575,
    0x9D55, 0x9D55, 0x9D55, 0x9D55, 0x9D34, 0x9D34, 0x9D34, 0x9D35, 0x9D35, 0x9D35, 0x9D34, 0x9D14,
    0x9D14, 0x9D14, 0x9D34, 0x9D14, 0x9513, 0x9514, 0x9D14, 0x9D35, 0x9D55, 0x9D55, 0x9D55, 0x9D55,
    0x9D55, 0xA575, 0xA575, 0xA555, 0x9D55, 0x9D55, 0x9D55, 0x9D35, 0x9D34, 0x9D14, 0x9D34, 0x9D35,
    0xA555, 0xA555, 0xA575, 0x9D75, 0x9D55, 0x9D55, 0x9D55, 0x9D55, 0x9D55, 0x9D55, 0x9D55, 0x9D55,
    0x9D54, 0x9D55, 0xA555, 0x9D55, 0x9D55, 0x9D55, 0x9D55, 0x9D55, 0x9D55, 0x9D55, 0x9D34, 0x9D34,
    0x9D55, 0x9D55, 0x9D55, 0xA575, 0xA596, 0xA596, 0xA575, 0xA575, 0xA575, 0xA555, 0xA555, 0x9D55,
    0xA555, 0x9D55, 0x9D35, 0x9D35, 0x9D55, 0x9D35, 0x9D14, 0x94F3, 0x94F3, 0x94F3, 0x9D14, 0x9D35,
    0x9D55, 0x9D55, 0xA575, 0xA576, 0xA576, 0xA575, 0xA555, 0xA575, 0xA596, 0xADB6, 0xADD7, 0xADD7,
    0xB5F8, 0xB5F8, 0xB5F8, 0xADB7, 0xA555, 0xA555, 0xAD96, 0xAD96, 0xA575, 0x9D55, 0x9D75, 0x9D55,
    0x9D55, 0x9D35, 0x9D55, 0x9D55, 0x9514, 0x9514, 0x9D14, 0x9D34, 0x9D34, 0x9D34, 0x9D34, 0x9D34,
    0x9D34, 0xA555, 0xA575, 0xAD96, 0xA576, 0xA576, 0xA576, 0x9D75, 0x9D55, 0x9D35, 0x9D55, 0x9D35,
    0x9D34, 0x9D34, 0x9D34, 0x9D35, 0x9D35, 0x9D35, 0x9D34, 0x9D34, 0x9D14, 0x9D14, 0x9D34, 0x9D34,
    0x9513, 0x94F3, 0x9514, 0x9D35, 0x9D55, 0x9D55, 0x9D35, 0x9D35, 0x9D55, 0xA555, 0xA555, 0x9D55,
    0x9D55, 0x9D55, 0x9D55, 0x9D35, 0x9D14, 0x9514, 0x9D14, 0x9D34, 0x9D35, 0xA555, 0xA555, 0x9D75,
    0x9D55, 0x9D55, 0x9D55, 0x9D55, 0x9D55, 0x9D55, 0x9D55, 0x9D55, 0xA575, 0xA575, 0xA575, 0x9D75,
    0x9D55, 0x9D55, 0x9D55, 0x9D55, 0x9D55, 0x9D55, 0x9D34, 0x9D34, 0x9D34, 0x9D55, 0x9D55, 0xA555,
    0xA575, 0xA576, 0xA596, 0xA575, 0xA555, 0x9D34, 0xA555, 0xA555, 0xA575, 0xA555, 0x9D55, 0x9D55,
    0x9D34, 0x9D14, 0x94F3, 0x94D3, 0x94D3, 0x94F3, 0x9D14, 0x9D34, 0x9D55, 0x9D55, 0x9D55, 0xA575,
    0xA575, 0xA555, 0xA555, 0xA555, 0xA596, 0xADB6, 0xADB6, 0xADB7, 0xB5F7, 0xB618, 0xB618, 0xADD7,
    0xA575, 0xA555, 0xAD96, 0xADB6, 0xA576, 0x9D55, 0x9D55, 0x9D34, 0x9D34, 0x9D34, 0x9D55, 0x9D35,
    0x9514, 0x9514, 0x9D14, 0x9D34, 0x9D34, 0x9D14, 0x9D14, 0x9D34, 0x9D34, 0x9D55, 0xA555, 0xA555,
    0xA555, 0x9D55, 0x9D55, 0x9D55, 0x9D55, 0x9D55, 0x9D55, 0x9D35, 0x9D34, 0x9D34, 0x9D34, 0x9D34,
    0x9D34, 0x9D34, 0x9D34, 0x9D34, 0x9D34, 0x9D34, 0x9D55, 0x9D35, 0x9514, 0x94F4, 0x9D14, 0x9D35,
    0x9D35, 0x9D35, 0x9D35, 0x9D35, 0x9D55, 0x9D55, 0x9D35, 0x9D34, 0x9D35, 0x9D55, 0x9D35, 0x9D35,
    0x9D34, 0x9514, 0x9514, 0x9D14, 0x9D34, 0xA555, 0xA555, 0x9D55, 0x9D55, 0x9D55, 0x9D55, 0x9D55,
    0x9D55, 0x9D55, 0x9D35, 0x9D35, 0x9D35, 0x9D35, 0x9D35, 0x9D35, 0x9D34, 0x9D34, 0x9D14, 0x9D14,
    0x9D34, 0x9D14, 0x9D13, 0x9CF3, 0x94F3, 0x9513, 0x9D14, 0x9D14, 0x9D34, 0x9D35, 0xA555, 0xA555,
    0x9D34, 0x9D34, 0x9D34, 0x9D34, 0x9D34, 0x9D34, 0x9D14, 0x9514, 0x94F4, 0x94F3, 0x94D2, 0x8CB2,
    0x8CB2, 0x94B2, 0x94F3, 0x9514, 0x9D34, 0x9D34, 0x9D34, 0x9D34, 0x9D35, 0x9D35, 0x9D34, 0x9D55,
    0xA575, 0xA576, 0xA576, 0xA596, 0xADB6, 0xADB7, 0xADD7, 0xADB6, 0xA555, 0xA534, 0xA575, 0xA575,
    0x9D55, 0x9D34, 0x9514, 0x94F3, 0x94F3, 0x94F3, 0x9D14, 0x9514, 0x94F3, 0x94D3, 0x94F3, 0x9514,
    0x94F3, 0x94F3, 0x94F3, 0x94F3, 0x9514, 0x9D14, 0x9D14, 0x9D14, 0x9D14, 0x9D14, 0x9D34, 0x9D34,
    0x9D14, 0x9514, 0x9514, 0x9514, 0x9CF3, 0x9CF3, 0x94F3, 0x9514, 0x9514, 0x9514, 0x9514, 0x9514,
    0x9514, 0x9514, 0x9D34, 0x9D34, 0x94F3, 0x94D3, 0x94F4, 0x9514, 0x9514, 0x9514, 0x9514, 0x9514,
    0x9D34, 0x9D34, 0x9D14, 0x9D14, 0x9D14, 0x9514, 0x9514, 0x94F4, 0x94F3, 0x94F3, 0x94F3, 0x94F3,
    0x9D14, 0x9D34, 0x9D34, 0x9D34, 0x9D35, 0x9D35, 0x9D35, 0x9D34, 0x9D34, 0x9D14, 0x9D14, 0x9514,
    0x8CB2, 0x8CB2, 0x94D3, 0x94D3, 0x8CD3, 0x8CB2, 0x8CB2, 0x8CB2, 0x8CB2, 0x8CB2, 0x94B2, 0x8CB2,
    0x8C91, 0x8C92, 0x8CB2, 0x8CB2, 0x8CB2, 0x94D3, 0x94D3, 0x94F3, 0x9D14, 0x9D13, 0x94F3, 0x94D3,
    0x94B2, 0x8C92, 0x8C71, 0x8C91, 0x8CB2, 0x8CB2, 0x8C92, 0x8C91, 0x8471, 0x8C71, 0x8CB2, 0x94D3,
    0x94D3, 0x94D3, 0x94D3, 0x94D3, 0x94F3, 0x9514, 0x9D14, 0x9D14, 0x9D14, 0x9D14, 0x9D34, 0x9D34,
    0x9D34, 0x9D34, 0x9D34, 0x9D34, 0x9D13, 0x9CF3, 0x9D13, 0x94F3, 0x94F3, 0x94D3, 0x8CB2, 0x8C92,
    0x8C92, 0x8CB2, 0x8CB3, 0x8CB2, 0x8C92, 0x8C92, 0x8CB2, 0x8CB2, 0x8CB2, 0x8C92, 0x8C92, 0x8C92,
    0x8CB2, 0x94B2, 0x94D2, 0x94D3, 0x94D3, 0x94D3, 0x94D3, 0x8CD3, 0x8CD3, 0x8CB2, 0x8CB2, 0x8CB2,
    0x8CB2, 0x8C92, 0x8C92, 0x8C92, 0x8CB2, 0x8CB2, 0x8CB2, 0x8CB2, 0x8CB2, 0x8CB2, 0x94F3, 0x94D3,
    0x8CB2, 0x8C92, 0x8CB2, 0x8CB2, 0x8CB2, 0x8CB2, 0x8CB2, 0x8CD2, 0x94D3, 0x94D3, 0x94D3, 0x94D3,
    0x8CB2, 0x8CB2, 0x8C92, 0x8C92, 0x8C92, 0x8CB2, 0x8CB2, 0x8CB2, 0x94D3, 0x94F3, 0x94F3, 0x94F3,
    0x94F4, 0x94F3, 0x94D3, 0x94D3, 0x8CD3, 0x8CD3, 0x8CD3, 0x94D3, 0x8C92, 0x8CB2, 0x94D3, 0x94F3,
    0x94D3, 0x8CB2, 0x8CB2, 0x8CB2, 0x94D2, 0x94D2, 0x94D2, 0x94B2, 0x8C92, 0x8C92, 0x8CB2, 0x8CD3,
    0x94D3, 0x94D3, 0x94D3, 0x94F3, 0x9D14, 0x9D14, 0x9CF3, 0x94F3, 0x94D3, 0x94B2, 0x8C92, 0x8CB2,
    0x94D3, 0x94D3, 0x94D2, 0x8CB2, 0x8C91, 0x8C92, 0x94F3, 0x9514, 0x9514, 0x94F4, 0x94F4, 0x94F4,
    0x9D14, 0x9D34, 0x9D34, 0x9D14, 0x9D14, 0x9D14, 0x9D55, 0x9D55, 0x9D34, 0x9D34, 0x9D34, 0x9D34,
    0x9D14, 0x9D13, 0x9D14, 0x94F4, 0x94F3, 0x94D3, 0x8CD3, 0x8CB2, 0x8CB2, 0x8CB3, 0x94D3, 0x8CD3,
    0x8C92, 0x8C92, 0x8CB2, 0x8CD3, 0x8CB2, 0x8CB2, 0x8CB2, 0x8CB2, 0x8CB2, 0x94B2, 0x94D2, 0x94D2,
    0x94D2, 0x8CD3, 0x8CD3, 0x8CD3, 0x94D3, 0x94D3, 0x8CB2, 0x8CB2, 0x8CB2, 0x8C92, 0x8C92, 0x8CB2,
    0x8CB2, 0x8CB2, 0x8CD3, 0x94D3, 0x8CD3, 0x94D3, 0x94F3, 0x94F3, 0x8CD3, 0x8CB3, 0x8CD3, 0x8CD3,
    0x8CB2, 0x8CB2, 0x94D3, 0x94D3, 0x94F3, 0x94F3, 0x94F3, 0x94D3, 0x94D2, 0x8CB2, 0x8CB2, 0x8CB2,
    0x8CB2, 0x8CB2, 0x8CB2, 0x94D2, 0x94F3, 0x94F3, 0x94F3, 0x94F3, 0x9514, 0x94F4, 0x94F3, 0x8CD3,
    0x8CB2, 0x8CB2, 0x8CB3, 0x8CB3, 0x94F3, 0x9D14, 0xA555, 0xA555, 0x9D55, 0x9D35, 0x9D35, 0x9D55,
    0xA555, 0xA555, 0x9D34, 0x9D14, 0x9D14, 0x9D14, 0x9D34, 0x9D55, 0xA575, 0xA576, 0xA575, 0xA555,
    0xA555, 0xA555, 0xA555, 0xA575, 0xA575, 0xA575, 0xA555, 0xA555, 0xA575, 0xA575, 0xA555, 0x9D34,
    0x94F4, 0x9D14, 0xA576, 0xADB7, 0xADB7, 0xADB7, 0xADB6, 0xADB6, 0xADD7, 0xADB6, 0xA555, 0x9D55,
    0xA555, 0xA596, 0xADB7, 0xADD7, 0xADB7, 0xADB7, 0xADD7, 0xADB7, 0xA575, 0xA555, 0xA576, 0xA576,
    0x9D55, 0x9D55, 0x9D55, 0x9D35, 0x9D35, 0x9D35, 0x9D55, 0x9D34, 0x94F3, 0x94F3, 0x9D14, 0x9D34,
    0x9D34, 0x9D14, 0x9D34, 0x9D34, 0x9D14, 0x9D14, 0x9D13, 0x9CF3, 0x9513, 0x9514, 0x9514, 0x9D14,
    0x9D34, 0x9D35, 0x9D34, 0x9D34, 0x9D13, 0x9CF3, 0x9D14, 0x9D14, 0x9D34, 0x9D55, 0xA555, 0xA575,
    0xA555, 0xA555, 0xA555, 0x9D55, 0x9D14, 0x9D14, 0x9D55, 0xA575, 0x9D55, 0x9D55, 0xA575, 0xA576,
    0xA576, 0xA575, 0x9D34, 0x9D34, 0x9D34, 0x9D34, 0x9D35, 0x9D35, 0x9D55, 0x9D55, 0x9D34, 0x9D34,
    0x9D34, 0x9D34, 0x9D34, 0x9D55, 0xA555, 0xA555, 0x9D35, 0x9D14, 0x94F4, 0x94F4, 0x94F4, 0x94F4,
    0x9D34, 0x9D55, 0xA575, 0xA596, 0xA576, 0xA575, 0xA575, 0xA575, 0xA596, 0xA596, 0xA555, 0xA554,
    0xA555, 0xA555, 0xA575, 0xA596, 0xADB6, 0xADB7, 0xADB6, 0xA596, 0xA575, 0xA575, 0xA575, 0xA596,
    0xADB6, 0xADB6, 0xAD96, 0xAD96, 0xADB6, 0xAD96, 0xA596, 0xA555, 0x9D34, 0x9D55, 0xA596, 0xADD7,
    0xADF7, 0xADF7, 0xADD7, 0xADD7, 0xB5F8, 0xADD7, 0xA576, 0xA575, 0xAD96, 0xADD7, 0xB5F8, 0xB618,
    0xB618, 0xB618, 0xBE39, 0xB5F8, 0xAD96, 0xA575, 0xADB6, 0xADB7, 0xA596, 0xA576, 0xA596, 0xA576,
    0xA576, 0xA576, 0xA576, 0xA575, 0x9D14, 0x9D14, 0x9D55, 0xA555, 0x9D55, 0x9D55, 0x9D55, 0x9D55,
    0x9D55, 0x9D55, 0x9D34, 0x9D34, 0x9D34, 0x9D34, 0x9D34, 0x9D34, 0xA575, 0xA575, 0xA575, 0xA555,
    0x9D54, 0xA534, 0xA555, 0xA575, 0xA575, 0xA576, 0xA596, 0xAD96, 0xA596, 0xA596, 0xA576, 0xA555,
    0x9D34, 0x9D35, 0xA576, 0xA596, 0xA576, 0xA596, 0xA596, 0xA596, 0xAD96, 0xA596, 0xA555, 0x9D55,
    0xA555, 0xA575, 0xA576, 0xA576, 0xA576, 0xA576, 0xA575, 0xA575, 0xA555, 0xA555, 0xA555, 0xA575,
    0xA596, 0xA596, 0xA575, 0x9D55, 0x9D35, 0x9D14, 0x9D14, 0x9514, 0x9D55, 0x9D55, 0x9D55, 0x9D55,
    0x9D55, 0x9D55, 0x9D55, 0x9D55, 0x9D55, 0x9D55, 0x9D34, 0x9D34, 0x9D55, 0x9D55, 0x9D55, 0xA575,
    0xA576, 0xA596, 0xA596, 0xA576, 0xA555, 0xA555, 0xA555, 0xA575, 0xA575, 0xA555, 0x9D55, 0x9D55,
    0xA555, 0x9D55, 0x9D55, 0x9D34, 0x9514, 0x9D14, 0x9D55, 0xA576, 0xA596, 0xA596, 0xA596, 0xA596,
    0xADB7, 0xADB7, 0xA575, 0xA576, 0xADB7, 0xB5F8, 0xB5F8, 0xB618, 0xBE39, 0xBE59, 0xBE39, 0xB618,
    0xADB6, 0xA575, 0xAD96, 0xA596, 0xA576, 0xA576, 0xA596, 0xA576, 0x9D55, 0x9D55, 0xA576, 0xA555,
    0x9D14, 0x9D14, 0x9D34, 0x9D55, 0x9D55, 0x9D55, 0x9D55, 0x9D55, 0x9D55, 0x9D55, 0xA555, 0x9D34,
    0x9D34, 0x9D14, 0x9D14, 0x9D34, 0xA555, 0xA575, 0xA575, 0xA575, 0xA555, 0xA555, 0xA575, 0xA575,
    0xA575, 0xA575, 0xA576, 0xA576, 0xA575, 0x9D55, 0x9D55, 0x9D55, 0x9D14, 0x9D14, 0x9D34, 0x9D55,
    0x9D55, 0x9D55, 0x9D75, 0xA575, 0xA575, 0xA555, 0xA555, 0xA555, 0xA555, 0xA575, 0xA576, 0xA576,
    0xA555, 0x9D55, 0x9D55, 0xA575, 0xA575, 0xA575, 0xA575, 0xA555, 0xA576, 0xA576, 0x9D75, 0x9D55,
    0x9D55, 0x9D35, 0x9D35, 0x9D34, 0xA555, 0x9D55, 0x9D35, 0x9D55, 0x9D55, 0x9D55, 0x9D35, 0x9D34,
    0x9D34, 0x9D34, 0x9D34, 0x9D34, 0x9D55, 0x9D55, 0x9D55, 0x9D55, 0xA575, 0xA576, 0xA576, 0xA575,
    0xA555, 0xA555, 0x9D55, 0x9D55, 0x9D55, 0x9D55, 0x9D35, 0x9D35, 0x9D34, 0x9D34, 0x9D34, 0x9D14,
    0x94F4, 0x9514, 0x9D35, 0x9D55, 0x9D55, 0x9D55, 0xA576, 0xA576, 0xA596, 0xA596, 0xA575, 0xA576,
    0xADB7, 0xADD7, 0xADD7, 0xB5F8, 0xB618, 0xBE39, 0xB618, 0xB5F8, 0xAD96, 0xA575, 0xA596, 0xA596,
    0xA576, 0xA576, 0xA576, 0xA576, 0x9D55, 0x9D55, 0xA575, 0x9D55, 0x9D14, 0x94F4, 0x9D34, 0x9D55,
    0x9D55, 0x9D55, 0x9D35, 0x9D35, 0x9D55, 0x9D55, 0xA555, 0x9D34, 0x9D34, 0x9D14, 0x9D14, 0x9D34,
    0x9D55, 0xA555, 0xA555, 0xA555, 0xA555, 0xA555, 0xA575, 0xA575, 0xA575, 0xA575, 0x9D55, 0x9D55,
    0x9D55, 0x9D55, 0x9D55, 0x9D34, 0x9D14, 0x9514, 0x9514, 0x9514, 0x9D35, 0x9D35, 0x9D55, 0x9D55,
    0x9D35, 0x9D35, 0x9D35, 0xA555, 0xA555, 0xA575, 0xA576, 0xA576, 0x9D55, 0x9D55, 0x9D55, 0xA575,
    0xA575, 0xA575, 0xA575, 0x9D55, 0xA575, 0xA575, 0xA575, 0x9D75, 0x9D55, 0x9D55, 0x9D55, 0x9D55,
    0x9D55, 0x9D55, 0x9D55, 0x9D55, 0xA555, 0xA555, 0x9D55, 0x9D55, 0x9D34, 0x9D34, 0x9D55, 0xA555,
    0xA555, 0xA555, 0xA575, 0xA575, 0xA575, 0xA575, 0xA576, 0xA575, 0xA555, 0xA555, 0x9D55, 0x9D55,
    0x9D55, 0x9D55, 0x9D55, 0x9D35, 0x9D34, 0x9D34, 0x9D14, 0x9514, 0x94F3, 0x94F4, 0x9D35, 0x9D55,
    0x9D55, 0x9D56, 0xA576, 0xA576, 0xA596, 0xA576, 0xA555, 0xA575, 0xA596, 0xADB6, 0xADB7, 0xADB7,
    0xADD7, 0xADD7, 0xADD7, 0xADD7, 0xA596, 0xA575, 0xA596, 0xA596, 0xA576, 0xA576, 0xA576, 0xA575,
    0x9D55, 0x9D55, 0xA555, 0x9D35, 0x9514, 0x94F3, 0x9D34, 0x9D35, 0x9D55, 0x9D35, 0x9D14, 0x9D14,
    0x9D34, 0x9D35, 0x9D34, 0x9D34, 0x9D14, 0x9D14, 0x9D34, 0x9D34, 0x9D34, 0x9D35, 0x9D55, 0x9D55,
    0xA555, 0xA555, 0xA555, 0xA555, 0x9D55, 0x9D55, 0x9D35, 0x9D35, 0x9D35, 0x9D34, 0x9D34, 0x9D34,
    0x9D14, 0x9514, 0x9514, 0x9D34, 0x9D34, 0x9D34, 0x9D34, 0x9D34, 0x9D34, 0x9D34, 0x9D34, 0x9D55,
    0x9D55, 0x9D55, 0x9D55, 0x9D75, 0xA575, 0x9D55, 0x9D55, 0x9D55, 0xA555, 0xA555, 0x9D55, 0x9D55,
    0xA575, 0xA576, 0xA576, 0xA575, 0x9D55, 0x9D55, 0x9D55, 0xA555, 0x9D55, 0x9D55, 0x9D55, 0x9D55,
    0xA575, 0xA555, 0x9D55, 0x9D55, 0x9D55, 0x9D55, 0xA555, 0xA555, 0xA555, 0xA555, 0xA575, 0xA575,
    0xA575, 0xA575, 0xA575, 0xA575, 0xA555, 0xA555, 0xA555, 0x9D55, 0x9D55, 0x9D55, 0x9D55, 0x9D35,
    0x9D35, 0x9D34, 0x9D34, 0x9514, 0x94F3, 0x94F4, 0x9D35, 0x9D55, 0x9D55, 0x9D56, 0xA576, 0xA576,
    0xA576, 0xA576, 0xA555, 0xA555, 0xA576, 0xA596, 0xA596, 0xA596, 0xA596, 0xA596, 0xADB7, 0xADB6,
    0xA576, 0xA575, 0xA575, 0xA575, 0xA555, 0x9D55, 0xA555, 0x9D55, 0x9D55, 0x9D55, 0x9D55, 0x9D35,
    0x94F3, 0x94F3, 0x9D34, 0x9D35, 0x9D35, 0x9D35, 0x9D14, 0x9D14, 0x9D34, 0x9D34, 0x9D34, 0x9D14,
    0x9D14, 0x9D14, 0x9D35, 0x9D55, 0x9D34, 0x9D34, 0x9D55, 0x9D55, 0x9D34, 0x9D34, 0xA555, 0x9D55,
    0x9D35, 0x9D35, 0x9D35, 0x9D35, 0x9D34, 0x9D34, 0x9D34, 0x9D34, 0x9D14, 0x9D14, 0x9D14, 0x9D34,
    0x9D34, 0x9D14, 0x9D14, 0x9D14, 0x9514, 0x9D14, 0x9D34, 0xA555, 0x9D55, 0x9D55, 0x9D55, 0x9D55,
    0xA576, 0xA576, 0x9D55, 0x9D55, 0xA555, 0xA555, 0x9D55, 0x9D55, 0xA575, 0xA575, 0xA576, 0xA576,
    0x9D55, 0x9D55, 0x9D55, 0xA575, 0x9D35, 0x9D55, 0x9D55, 0x9D75, 0x9D55, 0x9D55, 0x9D55, 0x9D55,
    0xA575, 0xA575, 0xA575, 0xA555, 0xA555, 0xA555, 0xA555, 0xA575, 0xA575, 0xA575, 0xA555, 0xA555,
    0xA555, 0xA555, 0xA555, 0x9D55, 0x9D55, 0x9D55, 0x9D55, 0x9D55, 0x9D55, 0x9D35, 0x9D35, 0x9D14,
    0x94F3, 0x94F3, 0x9D35, 0x9D55, 0x9D55, 0x9D76, 0xA576, 0xA576, 0xA596, 0xA576, 0x9D55, 0x9D55,
    0xA575, 0xA576, 0xA596, 0xA596, 0xA576, 0xA575, 0xA596, 0xA576, 0xA575, 0xA555, 0xA555, 0x9D55,
    0x9D35, 0x9D35, 0xA575, 0xA555, 0x9D34, 0x9D34, 0x9D35, 0x9D34, 0x94F3, 0x94F3, 0x9D34, 0x9D35,
    0x9D34, 0x9D34, 0x9D34, 0x9D34, 0x9D35, 0x9D35, 0x9D14, 0x9D14, 0x9D14, 0x9D14, 0x9D34, 0x9D35,
    0x9D34, 0x9D35, 0x9D55, 0x9D35, 0x9D34, 0x9D34, 0x9D55, 0x9D55, 0x9D34, 0x9D34, 0x9D34, 0x9D34,
    0x9514, 0x9514, 0x9D14, 0x9D14, 0x9514, 0x9514, 0x9D14, 0x9D14, 0x9514, 0x9514, 0x9514, 0x9514,
    0x9514, 0x9D14, 0x9D55, 0xA575, 0x9D55, 0x9D55, 0x9D55, 0x9D55, 0xA576, 0xA596, 0xA575, 0xA575,
    0xA575, 0xA575, 0x9D55, 0x9D55, 0x9D55, 0x9D55, 0xA576, 0xA575, 0x9D55, 0x9D35, 0x9D55, 0x9D55,
    0x9D55, 0x9D55, 0xA576, 0xA576, 0xA555, 0x9D55, 0x9D55, 0x9D55, 0xA575, 0xA575, 0xA555, 0xA555,
    0xA555, 0xA555, 0xA555, 0xA555, 0xA575, 0xA575, 0xA575, 0xA575, 0xA575, 0xA555, 0xA555, 0x9D55,
    0x9D55, 0x9D55, 0x9D55, 0x9D55, 0x9D55, 0x9D55, 0x9D55, 0x9D34, 0x94F3, 0x9514, 0x9D35, 0x9D75,
    0x9D75, 0xA576, 0xA576, 0xA576, 0xA596, 0xA576, 0xA555, 0xA555, 0xA555, 0xA576, 0xA596, 0xA596,
    0xA596, 0xA575, 0xA575, 0xA575, 0xA555, 0xA555, 0x9D55, 0x9D35, 0x9D35, 0x9D55, 0xA575, 0xA575,
    0x9D34, 0x9D34, 0x9D34, 0x9D34, 0x9514, 0x9514, 0x9D34, 0x9D35, 0x9D34, 0x9D34, 0x9D34, 0x9D34,
    0x9D35, 0x9D34, 0x9D14, 0x9D14, 0x9D14, 0x9D14, 0x9D35, 0x9D55, 0x9D55, 0x9D55, 0x9D55, 0x9D55,
    0x9D34, 0x9D34, 0x9D55, 0x9D55, 0x9D35, 0x9D34, 0x9D34, 0x9D34, 0x9514, 0x9514, 0x9514, 0x9D14,
    0x9D14, 0x9D14, 0x9D14, 0x9D14, 0x9D14, 0x9514, 0x9514, 0x94F3, 0x9513, 0x9D34, 0xA555, 0xA575,
    0xA575, 0x9D55, 0x9D55, 0x9D55, 0xA576, 0xA576, 0xA575, 0xA555, 0xA575, 0xA575, 0x9D55, 0x9D55,
    0x9D35, 0x9D55, 0x9D55, 0x9D55, 0x9D55, 0x9D35, 0x9D35, 0x9D55, 0xA555, 0xA575, 0xA596, 0xA596,
    0xA575, 0xA555, 0x9D55, 0x9D55, 0xA575, 0xA575, 0xA555, 0xA554, 0xA555, 0xA555, 0xA555, 0xA555,
    0xA575, 0xA575, 0xA576, 0xA575, 0xA575, 0xA555, 0x9D55, 0x9D55, 0x9D55, 0x9D55, 0xA575, 0xA575,
    0xA575, 0xA575, 0xA575, 0x9D55, 0x9514, 0x9514, 0x9D55, 0xA575, 0xA576, 0xA576, 0xA575, 0xA576,
    0xA576, 0xA576, 0xA575, 0xA555, 0xA555, 0xA575, 0xADB6, 0xADB7, 0xADD6, 0xADB6, 0xA575, 0xA555,
    0xA555, 0xA555, 0xA555, 0xA555, 0xA575, 0xA575, 0xA575, 0xA575, 0x9D35, 0x9D34, 0x9D55, 0x9D34,
    0x9D14, 0x9514, 0x9D34, 0x9D55, 0x9D35, 0x9D35, 0x9D34, 0x9D34, 0x9D34, 0x9D34, 0x9D14, 0x9D14,
    0x9D14, 0x9D34, 0x9D35, 0x9D55, 0x9D55, 0x9D55, 0x9D55, 0xA555, 0xA555, 0xA555, 0xA555, 0x9D55,
    0x9D55, 0x9D55, 0x9D35, 0x9D34, 0x9D34, 0x9D34, 0x9D35, 0x9D35, 0x9D34, 0x9D34, 0x9D34, 0x9D34,
    0x9D14, 0x9D14, 0x9D14, 0x9D14, 0x9D14, 0x9D34, 0xA575, 0xA575, 0xA575, 0xA575, 0x9D55, 0x9D55,
    0xA575, 0xA575, 0xA555, 0x9D55, 0x9D34, 0x9D34, 0xA555, 0xA555, 0x9D55, 0x9D55, 0x9D55, 0x9D55,
    0x9D55, 0x9D55, 0x9D55, 0x9D55, 0xA555, 0xA555, 0xA576, 0xA576, 0xA575, 0xA555, 0x9D55, 0xA555,
    0xA575, 0xA575, 0x9D34, 0x9D34, 0x9D34, 0xA555, 0x9D54, 0x9D55, 0xA555, 0xA575, 0xA575, 0xA575,
    0xA555, 0xA555, 0xA555, 0x9D55, 0x9D55, 0x9D55, 0xA575, 0xA575, 0xA575, 0xA575, 0xA575, 0x9D55,
    0x9D14, 0x9D14, 0x9D55, 0xA575, 0xA576, 0xA576, 0xA575, 0xA575, 0xA575, 0xA575, 0xA575, 0xA555,
    0xA555, 0xA575, 0xADB6, 0xB5D7, 0xADD6, 0xADB6, 0xA575, 0xA555, 0xA554, 0xA554, 0xA555, 0xA555,
    0xA575, 0xA575, 0xA575, 0xA575, 0x9D55, 0x9D35, 0x9D35, 0x9D34, 0x9D14, 0x9D14, 0x9D34, 0x9D55,
    0x9D55, 0x9D35, 0x9D34, 0x9D34, 0x9D34, 0x9D34, 0x9D14, 0x9D13, 0x9D14, 0x9D14, 0x9D34, 0x9D55,
    0x9D55, 0xA555, 0x9D55, 0xA555, 0xA555, 0xA555, 0xA555, 0xA555, 0x9D55, 0x9D55, 0x9D54, 0x9D34,
    0x9D34, 0x9D34, 0x9D35, 0x9D34, 0x9D14, 0x9D14, 0x9D34, 0x9D34, 0x9D34, 0x9D14, 0x9D14, 0x9D14,
    0x9D14, 0x9D34, 0xA555, 0xA575, 0xA555, 0xA555, 0x9D55, 0x9D55, 0xA555, 0xA555, 0xA555, 0x9D35,
    0x9D14, 0x9D14, 0xA534, 0xA555, 0xA555, 0x9D55, 0x9D34, 0x9D34, 0x9D35, 0x9D55, 0x9D55, 0x9D55,
    0x9D14, 0x9D34, 0xA555, 0xA575, 0xA555, 0xA555, 0xA554, 0xA555, 0xA575, 0xA555, 0x9D13, 0x9D13,
    0x9D14, 0x9D14, 0x9D14, 0x9D34, 0xA555, 0xA555, 0xA554, 0xA534, 0xA534, 0xA534, 0xA555, 0xA555,
    0xA555, 0xA555, 0xA555, 0xA555, 0xA555, 0xA555, 0x9D34, 0x9D34, 0x9D14, 0x9D14, 0xA555, 0xA575,
    0xA575, 0xA575, 0xA555, 0xA555, 0xA575, 0xA575, 0xA554, 0xA534, 0xA555, 0xA575, 0xB5D7, 0xB5D7,
    0xAD95, 0xA575, 0xA555, 0xA554, 0xA534, 0xA534, 0xA534, 0xA554, 0xA555, 0xA575, 0xA555, 0xA555,
    0xA555, 0xA534, 0x9D34, 0x9D14, 0x9D13, 0x9D13, 0x9D34, 0xA555, 0xA555, 0xA554, 0x9D34, 0x9D34,
    0x9D34, 0x9D34, 0x9D13, 0x9D13, 0x9CF3, 0x9CF3, 0x9D14, 0x9D34, 0x9D34, 0x9D34, 0x9D34, 0x9D14,
    0x9D34, 0x9D34, 0x9D34, 0x9D34, 0x9D34, 0x9D34, 0x9D34, 0x9D34, 0x9D34, 0x9D34, 0x9D14, 0x9D14,
    0x9D13, 0x9D14, 0x9D34, 0x9D34, 0x9D34, 0x9D14, 0x9D14, 0x9D34, 0xA554, 0xA554, 0x9D34, 0x9D14,
    0x9D34, 0x9D34, 0xA555, 0xA555, 0xA555, 0xA555, 0xA555, 0xA534, 0x9D34, 0x9D14, 0x9D34, 0xA534,
    0xA534, 0x9D34, 0x9D34, 0x9D34, 0x9D34, 0x9D34, 0x9D34, 0x9D34, 0x94F3, 0x9D14, 0x9D34, 0xA555,
    0xA555, 0xA555, 0xA554, 0xA555, 0xA575, 0xA555, 0x9D13, 0x9CF3, 0x9D13, 0x9D14, 0x9D14, 0x9D34,
    0xA555, 0xA555, 0xA554, 0xA534, 0xA534, 0xA534, 0xA555, 0xA555, 0xA555, 0xA555, 0x9D55, 0x9D34,
    0xA555, 0x9D34, 0x9D34, 0x9D34, 0x9D14, 0x9D14, 0xA555, 0xA575, 0xA575, 0xA575, 0xA555, 0xA555,
    0xA575, 0xA575, 0xA534, 0xA534, 0xA555, 0xAD95, 0xB5D6, 0xB5D6, 0xA575, 0xA554, 0xA555, 0xA554,
    0xA534, 0xA534, 0xA534, 0xA534, 0xA555, 0xA555, 0xA555, 0xA555, 0xA555, 0xA535, 0x9D35, 0x9D34,
    0x9D13, 0x9D14, 0xA554, 0xA555, 0xA555, 0xA554, 0xA534, 0x9D34, 0x9D34, 0x9D34, 0x9D13, 0x9D13,
    0x94F3, 0x94F3, 0x9D14, 0x9D34, 0x9D34, 0x9D34, 0x9D14, 0x9D14, 0x9D13, 0x9D14, 0x9D34, 0x9D34,
    0x9D34, 0x9D34, 0x9D34, 0x9D34, 0x9D34, 0x9D34, 0x9D14, 0x9D13, 0x9CF3, 0x9D14, 0x9D34, 0x9D34,
    0x9D34, 0x9D14, 0x9D34, 0x9D34, 0xA555, 0xA555, 0x9D13, 0x9D13, 0x9D13, 0x9D34, 0xA555, 0xA555,
    0xA555, 0xA555, 0xA555, 0xA555, 0xA534, 0x9D34, 0x9D34, 0x9D34, 0x9D34, 0x9D34, 0x9D34, 0x9D34,
    0x9D34, 0x9D34, 0x9D14, 0x9D14, 0x9D14, 0x9D34, 0x9D35, 0x9D55, 0x9D55, 0x9D55, 0x9D55, 0x9D55,
    0xA555, 0x9D55, 0x9D14, 0x9D13, 0x9D14, 0x9D14, 0x9D14, 0x9D34, 0xA555, 0xA576, 0xA575, 0xA555,
    0xA555, 0xA555, 0xA555, 0x9D55, 0x9D55, 0x9D55, 0x9D55, 0x9D55, 0x9D55, 0x9D55, 0x9D55, 0x9D34,
    0x9D14, 0x9D34, 0x9D55, 0xA555, 0xA575, 0xA575, 0xA555, 0xA555, 0xA575, 0xA555, 0xA554, 0xA555,
    0xA575, 0xAD96, 0xADB6, 0xADB6, 0xA595, 0xA575, 0xA575, 0xA575, 0xA555, 0xA554, 0x9D54, 0x9D55,
    0x9D55, 0x9D55, 0x9D55, 0x9D55, 0x9D55, 0x9D55, 0xA555, 0x9D55, 0x9D14, 0x9D34, 0x9D55, 0xA555,
    0x9D55, 0x9D55, 0x9D35, 0x9D35, 0x9D55, 0x9D34, 0x9D13, 0x9D13, 0x9D14, 0x9D34, 0x9D34, 0x9D35,
    0x9D35, 0x9D35, 0x9D34, 0x9D34, 0x9D34, 0x9D34, 0xA555, 0xA555, 0x9D55, 0x9D35, 0x9D34, 0x9D34,
    0x9D34, 0x9D34, 0x9D14, 0x9D14, 0x9D14, 0x9D34, 0x9D55, 0x9D55, 0x9D34, 0x9D34, 0x9D34, 0x9D55,
    0xA575, 0xA555, 0x9D34, 0x9D13, 0x9D34, 0x9D34, 0x9D55, 0xA555, 0xA575, 0xA575, 0xA576, 0xA575,
    0xA555, 0xA554, 0xA554, 0xA554, 0x9D34, 0x9D34, 0x9D34, 0x9D34, 0x9D34, 0x9D34, 0x9D34, 0x9D34,
    0x9D34, 0x9D35, 0x9D35, 0x9D55, 0x9D55, 0x9D55, 0x9D55, 0x9D55, 0x9D55, 0x9D55, 0x9D34, 0x9D14,
    0x9D14, 0x9D14, 0x9D34, 0x9D35, 0x9D55, 0xA576, 0xA576, 0xA575, 0xA555, 0xA555, 0xA555, 0x9D55,
    0x9D55, 0x9D55, 0x9D55, 0x9D55, 0x9D55, 0x9D55, 0x9D55, 0x9D55, 0x9D14, 0x9D14, 0x9D55, 0x9D55,
    0xA555, 0xA555, 0x9D55, 0xA555, 0xA575, 0xA555, 0xA555, 0xA555, 0xA575, 0xA596, 0xA596, 0xA596,
    0xA576, 0xA575, 0xA575, 0xA575, 0xA555, 0xA554, 0x9D55, 0x9D55, 0x9D55, 0x9D55, 0x9D55, 0x9D55,
    0x9D55, 0x9D55, 0xA575, 0x9D55, 0x9D34, 0x9D34, 0x9D55, 0xA575, 0x9D55, 0x9D55, 0x9D35, 0x9D35,
    0x9D55, 0x9D34, 0x9D34, 0x9D14, 0x9D34, 0x9D35, 0x9D35, 0x9D35, 0x9D35, 0x9D35, 0x9D35, 0x9D35,
    0x9D34, 0xA535, 0xA555, 0xA555, 0x9D55, 0x9D55, 0x9D35, 0x9D34, 0x9D34, 0x9D34, 0x9D14, 0x9D14,
    0x9D14, 0x9D35, 0x9D55, 0x9D55, 0x9D34, 0x9D34, 0x9D35, 0x9D55, 0xA575, 0xA555, 0x9D34, 0x9D14,
    0x9D34, 0x9D55, 0x9D55, 0x9D55, 0xA575, 0xA576, 0xA576, 0xA576, 0xA555, 0xA555, 0xA555, 0xA555,
    0xA555, 0x9D55, 0x9D34, 0x9D34, 0x9D34, 0x9D34, 0x9D34, 0x9D35, 0x9D34, 0x9D34, 0x9D55, 0x9D55,
    0x9D34, 0x9D34, 0x9D55, 0x9D55, 0x9D55, 0x9D55, 0x9D34, 0x9D34, 0x9D34, 0x9D35, 0x9D35, 0x9D55,
    0x9D55, 0x9D55, 0xA575, 0xA575, 0xA575, 0xA555, 0xA555, 0x9D55, 0x9D55, 0x9D55, 0x9D55, 0x9D55,
    0x9D55, 0x9D55, 0x9D55, 0x9D35, 0x9514, 0x9514, 0x9D35, 0x9D55, 0x9D55, 0x9D55, 0x9D55, 0xA555,
    0xA575, 0xA575, 0x9D34, 0x9D34, 0x9D55, 0xA575, 0xA575, 0xA575, 0xA575, 0xA555, 0xA555, 0xA555,
    0x9D34, 0x9D34, 0xA555, 0xA575, 0xA575, 0x9D55, 0x9D55, 0x9D35, 0x9D55, 0x9D55, 0xA555, 0x9D55,
    0x9D35, 0x9D35, 0x9D75, 0xA575, 0x9D55, 0x9D55, 0x9D35, 0x9D35, 0x9D35, 0x9D35, 0x9D34, 0x9D34,
    0x9D35, 0x9D35, 0x9D34, 0x9D34, 0x9D34, 0x9D34, 0x9D35, 0x9D55, 0x9D35, 0xA555, 0xA555, 0x9D55,
    0x9D55, 0x9D35, 0x9D35, 0x9D35, 0x9D34, 0x9D34, 0x9D34, 0x9D14, 0x9514, 0x9D14, 0x9D35, 0x9D35,
    0x9D35, 0x9D34, 0x9D35, 0x9D55, 0xA575, 0xA555, 0x9D14, 0x9D14, 0x9D35, 0x9D55, 0x9D55, 0x9D55,
    0x9D55, 0x9D55, 0x9D55, 0xA555, 0xA555, 0xA555, 0xA555, 0xA555, 0xA576, 0xA576, 0xA555, 0x9D35,
    0x9D34, 0x9D55, 0xA555, 0xA575, 0x9D34, 0x9D34, 0x9D55, 0x9D35, 0x9D34, 0x9D34, 0x9D35, 0x9D55,
    0x9D55, 0x9D55, 0x9D34, 0x9D34, 0x9D35, 0x9D35, 0x9D55, 0x9D55, 0x9D55, 0x9D55, 0x9D55, 0xA575,
    0xA555, 0xA555, 0xA555, 0x9D55, 0x9D55, 0x9D55, 0x9D55, 0x9D55, 0x9D55, 0x9D55, 0x9D55, 0x9D35,
    0x9514, 0x9514, 0x9D35, 0x9D55, 0x9D55, 0x9D55, 0x9D55, 0xA575, 0xA575, 0xA575, 0x9D34, 0x9D34,
    0x9D34, 0x9D55, 0x9D55, 0xA555, 0x9D55, 0x9D55, 0xA555, 0x9D55, 0x9D34, 0x9D34, 0xA555, 0xA576,
    0xA576, 0xA576, 0x9D55, 0x9D55, 0x9D55, 0x9D55, 0xA575, 0x9D55, 0x9D35, 0x9D35, 0x9D55, 0xA575,
    0x9D55, 0x9D55, 0x9D35, 0x9D35, 0x9D35, 0x9D55, 0x9D55, 0x9D55, 0x9D35, 0x9D35, 0x9D34, 0x9D34,
    0x9D34, 0x9D34, 0x9D35, 0x9D55, 0x9D55, 0xA555, 0xA555, 0x9D55, 0x9D55, 0x9D35, 0x9D35, 0x9D35,
    0x9D34, 0x9D14, 0x9D34, 0x9D34, 0x9514, 0x9514, 0x9D35, 0x9D35, 0x9D35, 0x9D35, 0x9D35, 0x9D55,
    0xA575, 0x9D55, 0x9D34, 0x9D34, 0x9D55, 0x9D55, 0x9D55, 0x9D55, 0x9D55, 0x9D55, 0x9D55, 0x9D55,
    0xA555, 0xA554, 0x9D54, 0xA555, 0xA596, 0xA596, 0xA555, 0x9D55, 0x9D55, 0xA555, 0xA575, 0xA575,
    0x9D14, 0x9D34, 0x9D55, 0x9D55, 0x9D34, 0x9D34, 0x9D34, 0x9D35, 0x9D35, 0x9D55, 0xA555, 0xA555,
    0x9D35, 0x9D35, 0x9D55, 0x9D55, 0x9D55, 0x9D55, 0x9D55, 0x9D55, 0xA555, 0xA555, 0xA555, 0xA555,
    0x9D55, 0x9D55, 0x9D55, 0x9D55, 0x9D55, 0x9D55, 0x9D55, 0x9D35, 0x9514, 0x9514, 0x9D34, 0x9D35,
    0x9D55, 0x9D55, 0x9D55, 0xA555, 0xA575, 0xA555, 0x9D34, 0x9D14, 0x9D34, 0x9D34, 0x9D35, 0x9D55,
    0x9D55, 0x9D55, 0x9D55, 0x9D55, 0x9D34, 0xA534, 0xA555, 0xA576, 0xA596, 0xA596, 0xA576, 0x9D76,
    0x9D55, 0x9D55, 0xA576, 0xA575, 0x9D35, 0x9D34, 0x9D55, 0x9D55, 0x9D55, 0x9D55, 0x9D35, 0x9D35,
    0x9D55, 0x9D55, 0x9D55, 0x9D55, 0x9D35, 0x9D35, 0x9D35, 0x9D35, 0x9D34, 0x9D34, 0x9D35, 0x9D35,
    0x9D34, 0xA555, 0xA555, 0x9D55, 0x9D55, 0x9D55, 0x9D55, 0x9D34, 0x9514, 0x9514, 0x9D34, 0x9D34,
    0x9514, 0x9514, 0x9D35, 0x9D35, 0x9D35, 0x9D35, 0x9D55, 0x9D55, 0x9D55, 0x9D55, 0x9D34, 0x9D34,
    0xA555, 0xA575, 0x9D55, 0x9D55, 0x9D55, 0xA575, 0xA575, 0xA555, 0xA555, 0xA554, 0x9D34, 0x9D55,
    0xA596, 0xA596, 0xA555, 0x9D55, 0xA576, 0xA576, 0x9D55, 0x9D55, 0x9D14, 0x9D14, 0x9D34, 0x9D34,
    0x9D34, 0x9D34, 0x9D34, 0x9D34, 0x9D35, 0x9D55, 0xA555, 0xA555, 0x9D55, 0x9D55, 0x9D55, 0xA575,
    0xA575, 0xA575, 0x9D55, 0x9D55, 0xA555, 0xA555, 0xA575, 0xA575, 0x9D55, 0x9D55, 0x9D55, 0x9D55,
    0x9D55, 0x9D55, 0x9D55, 0x9D35, 0x9514, 0x94F4, 0x9D14, 0x9D35, 0x9D55, 0x9D55, 0x9D55, 0xA555,
    0xA575, 0xA555, 0x9D34, 0x9D34, 0x9D35, 0x9D35, 0x9D35, 0x9D35, 0x9D35, 0x9D55, 0x9D55, 0x9D55,
    0xA554, 0xA554, 0xA555, 0xA576, 0xA596, 0xA596, 0xA596, 0xA576, 0x9D55, 0x9D55, 0xA576, 0xA555,
    0x9D35, 0x9D34, 0x9D55, 0x9D55, 0x9D55, 0x9D55, 0x9D35, 0x9D35, 0x9D55, 0x9D55, 0x9D55, 0x9D34,
    0x9D35, 0x9D35, 0x9D55, 0x9D35, 0x9D34, 0x9D34, 0x9D34, 0x9D34, 0x9D34, 0xA555, 0xA555, 0x9D55,
    0x9D55, 0x9D55, 0x9D55, 0x9D34, 0x9D14, 0x9D14, 0x9D34, 0x9D34, 0x9514, 0x9514, 0x9514, 0x9D34,
    0x9D34, 0x9D35, 0x9D55, 0x9D55, 0x9D55, 0x9D55, 0x9D34, 0x9D34, 0xA575, 0xA575, 0x9D55, 0x9D55,
    0x9D55, 0xA555, 0xA575, 0xA555, 0xA554, 0x9D34, 0x9D34, 0x9D55, 0xA575, 0xA575, 0x9D55, 0xA555,
    0xA596, 0xA576, 0x9D55, 0x9D35, 0x94F3, 0x94F3, 0x9514, 0x9514, 0x9D13, 0x9513, 0x9513, 0x9D14,
    0x9D35, 0x9D55, 0xA555, 0xA555, 0x9D55, 0x9D55, 0xA555, 0xA575, 0xA575, 0xA575, 0x9D55, 0xA555,
    0xA555, 0xA575, 0xA575, 0xA576, 0xA575, 0x9D55, 0x9D55, 0x9D55, 0x9D75, 0x9D75, 0x9D55, 0x9D34,
    0x94F3, 0x94F3, 0x9D14, 0x9D34, 0x9D55, 0x9D55, 0xA575, 0xA575, 0x9D55, 0x9D55, 0x9D54, 0xA555,
    0xA575, 0xA575, 0x9D55, 0x9D34, 0x9D34, 0x9D34, 0x9D34, 0x9D34, 0x9D34, 0xA555, 0xA575, 0xA576,
    0xA576, 0xA576, 0xA576, 0xA576, 0xA575, 0x9D55, 0xA575, 0x9D55, 0x9D34, 0x9D34, 0x9D55, 0x9D55,
    0x9D55, 0x9D55, 0x9D34, 0x9D34, 0x9D35, 0x9D35, 0x9D34, 0x9D34, 0x9D34, 0x9D35, 0x9D55, 0x9D35,
    0x9D34, 0x9D14, 0x9D14, 0x9D34, 0xA555, 0xA555, 0x9D55, 0x9D55, 0x9D55, 0x9D35, 0x9D34, 0x9D34,
    0x9D14, 0x9D14, 0x9D34, 0x9D34, 0x9514, 0x94F4, 0x9514, 0x9514, 0x9D34, 0x9D34, 0x9D34, 0x9D55,
    0x9D55, 0x9D55, 0x9D34, 0x9D34, 0xA555, 0xA575, 0x9D55, 0x9D55, 0x9D55, 0x9D55, 0x9D55, 0x9D34,
    0x9D34, 0x9D34, 0x9D34, 0x9D34, 0x9D55, 0x9D55, 0xA555, 0xA555, 0xA575, 0xA555, 0x9D55, 0x9D55,
    0x9CF3, 0x9D13, 0x9D13, 0x9D13, 0x9D13, 0x9D13, 0x94F3, 0x9D14, 0x9D55, 0x9D55, 0xA555, 0xA555,
    0xA555, 0xA555, 0xA575, 0xA575, 0xA576, 0xA576, 0xA575, 0xA575, 0xA555, 0xA575, 0xA575, 0xA576,
    0xA575, 0xA575, 0x9D55, 0x9D55, 0xA575, 0xA575, 0xA575, 0x9D34, 0x9514, 0x94F3, 0x9D34, 0x9D35,
    0x9D55, 0xA555, 0xA575, 0xA575, 0x9D55, 0x9D55, 0xA555, 0xA575, 0xA596, 0xA576, 0xA555, 0x9D54,
    0x9D55, 0x9D55, 0x9D54, 0x9D54, 0xA554, 0xA555, 0xA576, 0xA596, 0xA576, 0xA576, 0xA576, 0xA576,
    0xA576, 0xA576, 0xA575, 0xA575, 0x9D55, 0x9D55, 0xA575, 0xA576, 0xA576, 0xA555, 0x9D55, 0x9D34,
    0x9D55, 0x9D35, 0x9D14, 0x9D13, 0x9D34, 0x9D35, 0x9D55, 0x9D55, 0x9D34, 0x9D14, 0x9D14, 0x9D34,
    0xA554, 0xA555, 0x9D55, 0x9D55, 0x9D55, 0x9D55, 0x9D35, 0x9D34, 0x9D34, 0x9D34, 0x9D34, 0x9D34,
    0x9514, 0x9514, 0x9514, 0x9D34, 0x9D34, 0x9D35, 0x9D55, 0x9D55, 0xA555, 0x9D55, 0x9D34, 0x9D34,
    0xA555, 0xA575, 0xA555, 0x9D55, 0x9D55, 0x9D34, 0x9D34, 0x9D34, 0x9D34, 0x9D34, 0x9D34, 0x9D34,
    0x9D54, 0x9D55, 0xA555, 0xA555, 0xA555, 0xA555, 0xA555, 0xA555, 0x9D14, 0x9D34, 0x9D34, 0x9D34,
    0x9D34, 0x9D34, 0x9D13, 0x9D34, 0x9D55, 0xA555, 0xA535, 0xA555, 0xA555, 0xA575, 0xA576, 0xA596,
    0xA596, 0xA596, 0xA596, 0xA575, 0xA555, 0xA555, 0xA575, 0xA576, 0xA576, 0xA576, 0xA575, 0xA575,
    0xA576, 0xA576, 0xA575, 0xA555, 0x9D34, 0x9D34, 0xA555, 0xA555, 0xA555, 0xA555, 0xA555, 0xA555,
    0x9D55, 0x9D55, 0xA554, 0xA555, 0xA575, 0xA575, 0xA555, 0xA555, 0xA555, 0xA575, 0xA575, 0xA555,
    0xA554, 0xA555, 0xA576, 0xA596, 0xA596, 0xA596, 0xA596, 0xAD96, 0xADB6, 0xADB6, 0xAD96, 0xA596,
    0xA575, 0xA576, 0xADB6, 0xADB7, 0xADB6, 0xA596, 0xA596, 0xA576, 0xA575, 0x9D55, 0x9D13, 0x9D13,
    0x9D34, 0x9D55, 0xA575, 0xA575, 0xA555, 0x9D34, 0x9D14, 0x9D14, 0xA534, 0xA555, 0xA555, 0xA555,
    0xA575, 0xA575, 0xA575, 0xA555, 0x9D55, 0x9D55, 0xA555, 0xA555, 0x9D34, 0x9D34, 0x9D55, 0xA555,
    0xA555, 0xA555, 0xA555, 0xA555, 0xA575, 0xA555, 0x9D34, 0x9D14, 0xA555, 0xA555, 0xA555, 0x9D34,
    0x9D34, 0x9D34, 0x9D34, 0x9D34, 0x9D13, 0x9D13, 0x9D34, 0xA555, 0xA555, 0xA555, 0xA555, 0xA555,
    0xA555, 0xA555, 0xA555, 0xA575, 0x9D34, 0x9D34, 0x9D55, 0x9D54, 0x9D34, 0x9D34, 0x9D34, 0x9D34,
    0x9D55, 0xA555, 0xA534, 0xA535, 0xA555, 0xA575, 0xA576, 0xA596, 0xA596, 0xA596, 0xA596, 0xA575,
    0xA555, 0xA555, 0xA575, 0xA576, 0xA576, 0xA576, 0xA575, 0xA575, 0xA575, 0xA575, 0xA575, 0xA555,
    0xA555, 0xA555, 0xA575, 0xA575, 0xA575, 0xA555, 0xA555, 0xA555, 0x9D55, 0x9D54, 0xA554, 0xA554,
    0xA555, 0xA555, 0xA555, 0xA555, 0xA575, 0xA575, 0xA575, 0xA555, 0xA555, 0xA555, 0xA575, 0xA596,
    0xA596, 0xA596, 0xA576, 0xA596, 0xAD96, 0xADB6, 0xAD96, 0xA596, 0xA575, 0xA576, 0xADB6, 0xADB7,
    0xADB6, 0xAD96, 0xA596, 0xA596, 0xA576, 0xA555, 0x9D14, 0x9D13, 0x9D34, 0xA555, 0xA575, 0xA575,
    0xA575, 0xA555, 0x9D34, 0x9D34, 0xA554, 0xA555, 0xA555, 0xA575, 0xA575, 0xA575, 0xA575, 0xA575,
    0x9D55, 0x9D55, 0xA555, 0xA555, 0x9D34, 0x9D34, 0xA555, 0xA575, 0xA555, 0xA555, 0xA555, 0xA555,
    0xA555, 0x9D55, 0x9D34, 0x9D34, 0x9D55, 0xA555, 0x9D55, 0x9D34, 0x9D34, 0x9D34, 0x9D34, 0x9D34,
    0x9D13, 0x9D13, 0x9D34, 0xA555, 0xA555, 0xA555, 0xA555, 0xA555, 0xA555, 0xA555, 0xA555, 0xA555,
    0x9D35, 0x9D55, 0x9D55, 0x9D55, 0x9D55, 0x9D34, 0x9D34, 0x9D34, 0x9D55, 0x9D55, 0x9D55, 0x9D55,
    0x9D55, 0x9D55, 0x9D55, 0xA576, 0xA576, 0xA576, 0xA575, 0xA575, 0xA555, 0xA575, 0xA576, 0xA576,
    0xA576, 0xA575, 0xA575, 0xA575, 0xA575, 0xA555, 0x9D55, 0x9D54, 0x9D55, 0x9D55, 0xA575, 0xA575,
    0xA575, 0xA575, 0xA575, 0xA575, 0x9D55, 0x9D34, 0x9D34, 0x9D54, 0x9D55, 0x9D55, 0x9D55, 0x9D55,
    0x9D55, 0x9D55, 0x9D55, 0xA554, 0xA555, 0xA555, 0xA555, 0xA575, 0xA575, 0xA575, 0x9D55, 0x9D55,
    0xA575, 0xA575, 0xA575, 0xA555, 0x9D55, 0x9D55, 0xA575, 0xA576, 0xA576, 0xA576, 0xA575, 0xA575,
    0xA575, 0xA575, 0x9D34, 0x9D34, 0x9D55, 0x9D55, 0xA575, 0xA575, 0xA575, 0xA555, 0xA555, 0xA555,
    0xA575, 0xA575, 0xA555, 0x9D55, 0xA575, 0xA575, 0xA575, 0xA575, 0x9D55, 0x9D55, 0x9D55, 0x9D34,
    0x9D14, 0x9D14, 0x9D35, 0x9D35, 0x9D34, 0x9D34, 0x9D34, 0x9D34, 0x9D34, 0x9D34, 0x9D34, 0x9D34,
    0x9D55, 0x9D55, 0x9D55, 0x9D34, 0x9D34, 0x9D34, 0x9D34, 0x9D34, 0x9D13, 0x9D13, 0x9D34, 0xA555,
    0xA555, 0xA555, 0xA555, 0x9D55, 0x9D55, 0x9D35, 0x9D35, 0x9D55, 0x9D55, 0x9D55, 0x9D55, 0x9D55,
    0x9D55, 0x9D35, 0x9D34, 0x9D34, 0x9D55, 0x9D55, 0x9D55, 0x9D55, 0x9D35, 0x9D55, 0x9D55, 0x9D55,
    0x9D76, 0x9D76, 0x9D75, 0xA575, 0xA575, 0xA575, 0xA576, 0xA576, 0xA576, 0xA575, 0xA575, 0xA575,
    0x9D55, 0x9D55, 0x9D34, 0x9D34, 0x9D55, 0x9D55, 0xA575, 0xA576, 0xA575, 0xA555, 0xA575, 0xA575,
    0x9D55, 0x9D34, 0x9D34, 0x9D34, 0x9D34, 0x9D55, 0x9D55, 0x9D55, 0x9D55, 0x9D55, 0x9D34, 0x9D54,
    0xA555, 0xA555, 0xA555, 0x9D55, 0x9D55, 0x9D55, 0x9D35, 0x9D35, 0x9D35, 0x9D55, 0x9D55, 0x9D55,
    0x9D34, 0x9D34, 0x9D55, 0x9D55, 0x9D55, 0x9D55, 0x9D55, 0x9D55, 0xA575, 0xA575, 0xA555, 0x9D55,
    0x9D55, 0x9D55, 0x9D55, 0x9D55, 0xA555, 0xA575, 0xA575, 0xA575, 0xA595, 0xA575, 0xA575, 0x9D55,
    0xA575, 0xA575, 0xA575, 0xA575, 0x9D55, 0x9D55, 0x9D55, 0x9D34, 0x9514, 0x9514, 0x9D34, 0x9D34,
    0x9D14, 0x9D14, 0x9D34, 0x9D34, 0x9D34, 0x9D34, 0x9D34, 0x9D34, 0x9D34, 0x9D55, 0x9D34, 0x9D34,
    0x9D34, 0x9D34, 0x9D34, 0x9D34, 0x9D13, 0x9D14, 0x9D34, 0x9D55, 0x9D55, 0x9D55, 0x9D55, 0x9D55,
    0x9D35, 0x9D34, 0x9D34, 0x9D35, 0x9D35, 0x9D55, 0x9D55, 0x9D55, 0x9D55, 0x9D55, 0x9D55, 0x9D55,
    0x9D55, 0x9D55, 0xA555, 0x9D55, 0x9D55, 0x9D55, 0x9D55, 0x9D55, 0x9D55, 0x9D75, 0x9D75, 0xA575,
    0xA575, 0xA575, 0xA575, 0xA576, 0xA575, 0xA575, 0xA575, 0x9D75, 0x9D55, 0x9D55, 0x9D34, 0x9D34,
    0x9D55, 0x9D55, 0xA576, 0xA576, 0x9D55, 0x9D55, 0x9D55, 0x9D55, 0x9D55, 0x9D55, 0x9D14, 0x9D14,
    0x9D34, 0x9D55, 0x9D55, 0x9D55, 0x9D55, 0x9D55, 0x9D55, 0x9D55, 0xA555, 0xA555, 0x9D55, 0x9D55,
    0x9D35, 0x9D35, 0x9D35, 0x9D35, 0x9D34, 0x9D35, 0x9D55, 0x9D55, 0x9D14, 0x9D14, 0x9D55, 0x9D55,
    0x9D55, 0x9D55, 0x9D55, 0x9D55, 0xA575, 0xA575, 0xA555, 0xA555, 0x9D55, 0x9D55, 0x9D55, 0x9D55,
    0x9D55, 0x9D55, 0x9D55, 0xA575, 0xAD96, 0xAD96, 0xA575, 0xA575, 0xA576, 0xA576, 0xA576, 0xA575,
    0x9D55, 0x9D55, 0x9D55, 0x9D35, 0x9D14, 0x9514, 0x9D34, 0x9D34, 0x9D34, 0x9D34, 0x9D34, 0x9D34,
    0x9D55, 0x9D35, 0x9D34, 0x9D34, 0x9D34, 0x9D35, 0x9D34, 0x9D34, 0x9D34, 0x9D34, 0x9D34, 0x9D34,
    0x9D34, 0x9D34, 0x9D34, 0x9D34, 0x9D35, 0x9D35, 0x9D55, 0x9D55, 0x9D35, 0x9D35, 0x9D55, 0x9D55,
    0x9D35, 0x9D35, 0x9D55, 0x9D55, 0x9D55, 0x9D55, 0x9D55, 0x9D55, 0x9D55, 0x9D55, 0xA555, 0x9D55,
    0x9D55, 0x9D55, 0x9D55, 0x9D55, 0x9D55, 0x9D55, 0x9D55, 0xA575, 0xA575, 0xA575, 0xA575, 0xA575,
    0xA575, 0xA575, 0xA575, 0x9D75, 0x9D55, 0x9D55, 0x9D34, 0x9D34, 0x9D35, 0x9D55, 0xA576, 0xA576,
    0x9D55, 0x9D55, 0x9D35, 0x9D55, 0x9D55, 0x9D35, 0x9D14, 0x9D13, 0x9D34, 0x9D34, 0x9D35, 0x9D55,
    0x9D55, 0x9D55, 0x9D55, 0x9D55, 0xA555, 0xA555, 0x9D55, 0x9D55, 0x9D35, 0x9D35, 0x9D35, 0x9D35,
    0x9D34, 0x9D35, 0x9D55, 0x9D35, 0x9514, 0x9514, 0x9D55, 0x9D55, 0x9D55, 0x9D55, 0x9D55, 0x9D55,
    0x9D55, 0xA575, 0xA555, 0xA555, 0x9D55, 0x9D55, 0x9D55, 0x9D55, 0x9D55, 0x9D55, 0x9D55, 0x9D55,
    0xA575, 0xA595, 0xA575, 0x9D55, 0xA575, 0xA576, 0xA575, 0xA575, 0x9D55, 0x9D55, 0x9D55, 0x9D35,
    0x9514, 0x9514, 0x9D14, 0x9D34, 0x9D35, 0x9D35, 0x9D34, 0x9D34, 0x9D55, 0x9D55, 0x9D34, 0x9D34,
    0x9D35, 0x9D35, 0x9D34, 0x9D14, 0x9D34, 0x9D34, 0x9D34, 0x9D34, 0x9D34, 0x9D34, 0x9D34, 0x9D55,
    0x9D55, 0x9D55, 0x9D55, 0x9D55, 0x9D55, 0x9D35, 0x9D35, 0x9D35, 0x9D35, 0x9D35, 0x9D55, 0x9D55,
    0x9D55, 0x9D55, 0x9D55, 0x9D55, 0x9D55, 0x9D55, 0x9D55, 0x9D55, 0x9D55, 0x9D55, 0x9D55, 0x9D55,
    0x9D55, 0x9D55, 0x9D55, 0x9D55, 0xA575, 0xA575, 0xA575, 0xA575, 0x9D55, 0xA555, 0xA575, 0xA575,
    0xA575, 0x9D55, 0x9D34, 0x9D14, 0x9D14, 0x9D34, 0x9D55, 0xA575, 0xA575, 0xA555, 0x9D55, 0x9D35,
    0x9D35, 0x9D34, 0x9D14, 0x9D14, 0x9D14, 0x9D14, 0x9D34, 0x9D34, 0x9D35, 0x9D55, 0x9D55, 0x9D55,
    0xA555, 0xA555, 0x9D55, 0x9D55, 0x9D55, 0x9D55, 0x9D35, 0x9D35, 0x9D55, 0x9D55, 0x9D35, 0x9D14,
    0x94F4, 0x9514, 0x9D35, 0x9D55, 0x9D55, 0x9D55, 0x9D35, 0x9D55, 0x9D55, 0xA575, 0xA555, 0x9D55,
    0x9D35, 0x9D35, 0x9D35, 0x9D55, 0x9D55, 0x9D55, 0x9D55, 0x9D55, 0xA555, 0xA555, 0x9D55, 0x9D55,
    0x9D55, 0x9D75, 0x9D55, 0x9D55, 0x9D55, 0x9D55, 0x9D35, 0x9D14, 0x94F4, 0x94F4, 0x9D14, 0x9D35,
    0x9D35, 0x9D35, 0x9D34, 0x9D34, 0x9D55, 0x9D55, 0x9D55, 0x9D54, 0x9D55, 0x9D35, 0x9514, 0x9514,
    0x9D34, 0x9D34, 0x9D34, 0x9D14, 0x9D14, 0x9D14, 0x9D55, 0xA575, 0xA576, 0xA575, 0xA555, 0x9D55,
    0x9D55, 0x9D35, 0x9514, 0x9514, 0x9D34, 0x9D34, 0x9D35, 0x9D35, 0x9D35, 0x9D35, 0x9D35, 0x9D55,
    0x9D55, 0x9D55, 0x9D55, 0x9D55, 0x9D35, 0x9D35, 0x9D55, 0x9D55, 0x9D35, 0x9D55, 0x9D55, 0x9D55,
    0xA575, 0xA575, 0xA575, 0x9D55, 0x9D55, 0x9D55, 0xA575, 0xA575, 0xA575, 0x9D55, 0x9D34, 0x9D14,
    0x9514, 0x9D14, 0x9D55, 0xA575, 0xA575, 0xA555, 0x9D55, 0x9D35, 0x9D35, 0x9D34, 0x9D34, 0x9D14,
    0x9D14, 0x9D14, 0x9D14, 0x9D34, 0x9D34, 0x9D35, 0x9D55, 0x9D55, 0xA555, 0xA555, 0x9D55, 0x9D55,
    0x9D55, 0x9D55, 0x9D35, 0x9D35, 0x9D55, 0x9D55, 0x9D35, 0x9D14, 0x94F4, 0x94F4, 0x9D34, 0x9D55,
    0x9D35, 0x9D35, 0x9D35, 0x9D35, 0x9D55, 0x9D55, 0x9D55, 0x9D55, 0x9D35, 0x9D35, 0x9D35, 0x9D35,
    0x9D55, 0x9D55, 0x9D35, 0x9D35, 0xA555, 0xA555, 0x9D55, 0x9D55, 0x9D55, 0x9D55, 0x9D55, 0x9D55,
    0x9D55, 0x9D55, 0x9D35, 0x9D34, 0x94F3, 0x94F3, 0x9D14, 0x9D35, 0x9D35, 0x9D35, 0x9D34, 0x9D34,
    0x9D55, 0x9D55, 0x9D55, 0x9D55, 0x9D35, 0x9D34, 0x9514, 0x9514, 0x9D34, 0x9D35, 0x9D34, 0x9D34,
    0x9D14, 0x9D14, 0x9D55, 0xA555, 0xA575, 0xA575, 0x9D55, 0x9D55, 0x9D55, 0x9D35, 0x9514, 0x9514,
    0x9514, 0x9514, 0x9D14, 0x9D34, 0x9D34, 0x9D34, 0x9D35, 0x9D55, 0x9D55, 0x9D55, 0x9D55, 0x9D34,
    0x9D34, 0x9D34, 0x9D34, 0x9D35, 0x9D55, 0x9D55, 0x9D55, 0xA575, 0xA575, 0xA575, 0xA575, 0x9D55,
    0x9D55, 0x9D55, 0xA555, 0xA555, 0xA555, 0x9D55, 0x9D34, 0x9D34, 0x9D14, 0x9D14, 0x9D55, 0xA555,
    0x9D55, 0x9D55, 0x9D34, 0x9D35, 0x9D55, 0x9D55, 0x9D34, 0x9D34, 0x9D34, 0x9D34, 0x9D14, 0x9D14,
    0x9D14, 0x9D34, 0x9D34, 0x9D55, 0xA555, 0xA555, 0x9D35, 0x9D35, 0x9D35, 0x9D35, 0x9D35, 0x9D35,
    0x9D35, 0x9D55, 0x9D55, 0x9D35, 0x9514, 0x94F4, 0x9D35, 0x9D35, 0x9D35, 0x9D34, 0x9D34, 0x9D35,
    0x9D55, 0x9D55, 0x9D55, 0x9D35, 0x9D35, 0x9D35, 0x9D35, 0x9D35, 0x9D35, 0x9D35, 0x9D35, 0x9D35,
    0x9D34, 0x9D34, 0x9D55, 0x9D55, 0x9D55, 0x9D55, 0x9D55, 0x9D55, 0xA555, 0xA555, 0xA555, 0x9D35,
    0x94F3, 0x94F3, 0x9D14, 0x9D35, 0x9D35, 0x9D34, 0x9514, 0x9D34, 0x9D55, 0x9D55, 0x9D55, 0x9D34,
    0x9D34, 0x9D34, 0x9514, 0x9D34, 0x9D55, 0x9D55, 0x9D35, 0x9D34, 0x9D34, 0x9D34, 0x9D34, 0x9D34,
    0x9D34, 0x9D34, 0x9D34, 0x9D34, 0x9D35, 0x9D34, 0x9D14, 0x9D14, 0x94D3, 0x94D3, 0x94F3, 0x94F4,
    0x94F4, 0x94F4, 0x9514, 0x9514, 0x9D14, 0x9D34, 0x9D34, 0x9D14, 0x94F3, 0x94F3, 0x94F4, 0x9514,
    0x9514, 0x9534, 0x9D34, 0x9D35, 0xA555, 0xA555, 0x9D34, 0x9D34, 0x9D34, 0x9D35, 0x9D34, 0x9D34,
    0x9D34, 0x9D34, 0x9514, 0x9514, 0x94F3, 0x9D14, 0x9D34, 0x9D34, 0x9D14, 0x9514, 0x9514, 0x9D14,
    0x9D34, 0x9D34, 0x9D14, 0x9D14, 0x9514, 0x9514, 0x94F3, 0x94F3, 0x94F3, 0x94F3, 0x94F3, 0x9D14,
    0x9D34, 0x9D34, 0x9D14, 0x9514, 0x9514, 0x9514, 0x9514, 0x9514, 0x9514, 0x9514, 0x9D34, 0x9D14,
    0x94D3, 0x94D3, 0x9514, 0x9514, 0x9514, 0x9514, 0x9514, 0x9514, 0x9514, 0x9D14, 0x9D14, 0x9D14,
    0x9514, 0x9514, 0x9514, 0x9514, 0x9514, 0x9D14, 0x9D14, 0x9D14, 0x9D14, 0x9D14, 0x9D14, 0x9D14,
    0x9514, 0x9D14, 0x9D34, 0x9D34, 0x9D34, 0x9D35, 0x9D35, 0x9D14, 0x8CD3, 0x8CB2, 0x94F3, 0x9514,
    0x9514, 0x94F3, 0x94F3, 0x94F3, 0x9D14, 0x9D34, 0x9D34, 0x9D14, 0x9514, 0x94F3, 0x94F4, 0x9514,
    0x9D34, 0x9D34, 0x9514, 0x9D14, 0x9D14, 0x9D14, 0x9514, 0x94F3, 0x94F3, 0x94F3, 0x94F3, 0x9514,
    0x9514, 0x9514, 0x94F3, 0x94F3, 0x8471, 0x8C92, 0x8CB2, 0x8CB3, 0x8CB2, 0x8CB2, 0x8CB2, 0x8CB2,
    0x8CD3, 0x94D3, 0x94D3, 0x94D2, 0x8CB2, 0x8C92, 0x8CB2, 0x8CB3, 0x8CB2, 0x8CB3, 0x8CD3, 0x94D3,
    0x9CF3, 0x9CF3, 0x94D3, 0x8CD3, 0x94F3, 0x94F3, 0x94D3, 0x94D3, 0x94D3, 0x94D3, 0x8CB2, 0x8CB2,
    0x94D3, 0x94D3, 0x94D3, 0x94D3, 0x8CB2, 0x8CB2, 0x8CB3, 0x8CD3, 0x94D3, 0x94D3, 0x94D3, 0x94D2,
    0x8CD2, 0x8CB2, 0x8C92, 0x8C92, 0x8CB2, 0x8CB2, 0x8CB2, 0x8CB2, 0x94F3, 0x94F3, 0x94F3, 0x94D3,
    0x8CD3, 0x8CD3, 0x8CD3, 0x8CD3, 0x8CD3, 0x8CD3, 0x8CD3, 0x8CB3, 0x8C92, 0x8C92, 0x8CB3, 0x8CD3,
    0x8CD3, 0x8CD3, 0x8CB2, 0x8CB3, 0x8CD3, 0x94D3, 0x94D3, 0x94D3, 0x8CB2, 0x8CB2, 0x8CB3, 0x8CD3,
    0x8CD3, 0x94D3, 0x94D3, 0x94D3, 0x94F3, 0x94F3, 0x94D3, 0x8CB3, 0x8CD3, 0x8CD3, 0x8CD3, 0x94D3,
    0x94D3, 0x94D3, 0x94D3, 0x8CB3, 0x8472, 0x8471, 0x8C92, 0x8C92, 0x8C92, 0x8C92, 0x8C92, 0x8CB2,
    0x8CB2, 0x94D3, 0x94F3, 0x94D3, 0x8CB2, 0x8CB2, 0x8CB2, 0x8CB2, 0x8CD3, 0x8CD3, 0x8CD3, 0x8CD3,
    0x94D3, 0x94D3, 0x94D2, 0x8CB2, 0x8CB2, 0x8CB2, 0x8CB2, 0x8CB2, 0x8CB2, 0x8CB2, 0x8CB2, 0x8C92,
    0x8C92, 0x8CB2, 0x94D3, 0x94F3, 0x94D3, 0x94D3, 0x94D3, 0x94D3, 0x94D3, 0x94F3, 0x94F3, 0x94F3,
    0x94D3, 0x8CD3, 0x94D3, 0x94D3, 0x8CD3, 0x8CD3, 0x94D3, 0x94F3, 0x9CF3, 0x9D13, 0x94F3, 0x94F3,
    0x9514, 0x9514, 0x94F3, 0x94F3, 0x94F3, 0x94D3, 0x94D2, 0x8CB2, 0x94D3, 0x94F3, 0x94F3, 0x94D3,
    0x94D3, 0x8CD3, 0x94D3, 0x94D3, 0x94D3, 0x94D3, 0x94D3, 0x94D3, 0x94F3, 0x94F3, 0x94D3, 0x94D3,
    0x94D3, 0x94D3, 0x8CD2, 0x94D3, 0x94F3, 0x9D13, 0x9514, 0x9514, 0x94F3, 0x94F3, 0x94D3, 0x94D3,
    0x8CD3, 0x8CD3, 0x8CD3, 0x8CB3, 0x8C92, 0x8C92, 0x8CB3, 0x8CD3, 0x8CD3, 0x8CD3, 0x8CD3, 0x8CD3,
    0x8CD3, 0x94D3, 0x94F3, 0x94D3, 0x8CB2, 0x8CB2, 0x8CD3, 0x8CD3, 0x8CD3, 0x94D3, 0x94D3, 0x94D3,
    0x94F3, 0x94F3, 0x94D3, 0x8CB3, 0x8CD3, 0x8CD3, 0x8CD3, 0x8CD3, 0x94D3, 0x8CD3, 0x8CB3, 0x8CB2,
    0x8C92, 0x8C92, 0x8C92, 0x8C92, 0x8C92, 0x8C92, 0x8C92, 0x8CB2, 0x8CB2, 0x94D3, 0x94D3, 0x94D3,
    0x94D2, 0x8CB2, 0x8CB2, 0x8CB2, 0x8CD3, 0x8CD3, 0x8CD3, 0x94D3, 0x94F3, 0x94F3, 0x94D3, 0x94D3,
    0x94D3, 0x94D3, 0x8CD2, 0x8CD2, 0x94D3, 0x8CB2, 0x8CB2, 0x8C92, 0x9D34, 0x9D35, 0xA576, 0xA596,
    0xA575, 0xA555, 0xA575, 0xA575, 0xA576, 0xA575, 0xA575, 0xA575, 0xA555, 0xA575, 0xA576, 0xA576,
    0x9D55, 0x9D55, 0x9D55, 0x9D55, 0xA555, 0xA555, 0xAD96, 0xADB6, 0xA596, 0xA596, 0xA576, 0xA575,
    0xA575, 0x9D55, 0x9D34, 0x9D14, 0x9D14, 0x9D34, 0x9D55, 0x9D55, 0x9D35, 0x9D35, 0x9D55, 0xA575,
    0xA575, 0xA555, 0x9D34, 0x9D34, 0xA576, 0xAD96, 0xA596, 0xA576, 0xA575, 0xA555, 0x9D55, 0x9D55,
    0xA555, 0xA575, 0xA596, 0xA596, 0xA576, 0xA575, 0x9D55, 0x9D55, 0x9D35, 0x9D35, 0x9514, 0x9514,
    0x94F3, 0x94F4, 0x9D34, 0x9D35, 0x9D35, 0x9D34, 0x9D34, 0x9D34, 0x9D34, 0x9D34, 0x9D55, 0x9D34,
    0x9D14, 0x9514, 0x9D34, 0x9D34, 0x9D34, 0x9D14, 0x9D14, 0x9D34, 0x9D34, 0x9D34, 0x9D34, 0x9D14,
    0x9D14, 0x9D14, 0x9D34, 0x9D34, 0x9D14, 0x9514, 0x94F3, 0x94F3, 0x94F3, 0x94F3, 0x9514, 0x9D14,
    0x9513, 0x94F3, 0x94F3, 0x94F3, 0x9D14, 0x9D14, 0x9D14, 0x9D14, 0x9D14, 0x9D14, 0x9514, 0x9514,
    0x9D34, 0x9D34, 0x9D34, 0x9D34, 0x9D34, 0xA554, 0xA555, 0xA555, 0x9D55, 0x9D55, 0x9D55, 0x9D55,
    0x9D34, 0x9D14, 0x94F3, 0x94D3, 0xA575, 0xA596, 0xADB6, 0xADB6, 0xA596, 0xA596, 0xA596, 0xA5B6,
    0xA596, 0xA596, 0xA596, 0xA596, 0xA596, 0xA596, 0xADB7, 0xADB6, 0xA596, 0xA576, 0xA596, 0xA576,
    0xA575, 0xAD96, 0xADD7, 0xADD7, 0xADB7, 0xADB7, 0xADB7, 0xADB6, 0xA596, 0xA575, 0xA555, 0x9D34,
    0x9D34, 0x9D55, 0xA575, 0xA596, 0xA575, 0xA575, 0xA596, 0xA596, 0xAD96, 0xA596, 0xA575, 0xA575,
    0xADB6, 0xADD7, 0xADB7, 0xADB7, 0xAD96, 0xA596, 0xA596, 0xA575, 0xA575, 0xA575, 0xADB6, 0xADB7,
    0xADB7, 0xA596, 0xA596, 0xA596, 0xA576, 0xA576, 0x9D55, 0x9D35, 0x9D14, 0x9D34, 0x9D55, 0x9D75,
    0x9D55, 0x9D55, 0x9D55, 0xA555, 0xA575, 0xA575, 0xA575, 0xA575, 0x9D55, 0x9D34, 0x9D55, 0x9D55,
    0x9D55, 0x9D55, 0x9D55, 0x9D55, 0xA555, 0xA555, 0x9D55, 0x9D55, 0x9D55, 0x9D55, 0x9D55, 0x9D55,
    0x9D35, 0x9D34, 0x9D34, 0x9D14, 0x9D14, 0x9D34, 0x9D55, 0x9D55, 0x9D34, 0x9D34, 0x9D14, 0x9D34,
    0x9D54, 0x9D54, 0x9D34, 0x9D34, 0x9D55, 0x9D55, 0x9D35, 0x9D55, 0x9D55, 0x9D55, 0xA555, 0xA555,
    0xA575, 0xA575, 0xA576, 0xA576, 0xA575, 0xA575, 0xA575, 0xA575, 0xA555, 0x9D55, 0x9D14, 0x9514,
    0xA575, 0xA575, 0xA575, 0xA575, 0xA575, 0x9D55, 0x9D55, 0x9D55, 0x9D55, 0x9D55, 0x9D55, 0xA555,
    0xA555, 0xA575, 0xA576, 0xA576, 0xA576, 0xA575, 0xA576, 0xA576, 0xA575, 0xA575, 0xA596, 0xA596,
    0xA596, 0xA576, 0xA576, 0xA576, 0xA576, 0xA575, 0xA555, 0x9D55, 0x9D54, 0x9D55, 0xA575, 0xA576,
    0xA575, 0xA555, 0xA576, 0xA576, 0xA576, 0xA575, 0xA555, 0xA555, 0xA575, 0xA575, 0xA575, 0xA575,
    0xA555, 0x9D55, 0x9D55, 0x9D55, 0xA554, 0xA555, 0xA576, 0xA596, 0xA596, 0xA596, 0xA596, 0xA596,
    0xA596, 0xA576, 0x9D55, 0x9D55, 0x9D34, 0x9D34, 0x9D55, 0x9D55, 0x9D55, 0xA575, 0xA555, 0xA575,
    0xA575, 0xA575, 0xA575, 0xA575, 0x9D55, 0x9D35, 0x9D55, 0x9D55, 0x9D55, 0x9D55, 0x9D55, 0x9D55,
    0xA555, 0xA555, 0x9D34, 0x9D34, 0x9D34, 0x9D34, 0x9D34, 0x9D35, 0x9D34, 0x9D34, 0x9D34, 0x9D34,
    0x9D34, 0x9D34, 0x9D55, 0x9D55, 0x9D34, 0x9D34, 0x9D34, 0x9D34, 0x9D55, 0x9D34, 0x9D34, 0x9D34,
    0x9D55, 0x9D55, 0x9D55, 0x9D55, 0x9D55, 0x9D55, 0xA575, 0xA575, 0xA575, 0xA575, 0xA575, 0xA575,
    0xA575, 0xA555, 0x9D55, 0x9D55, 0x9D34, 0x9D34, 0x9D34, 0x9D34, 0x9D55, 0x9D55, 0x9D55, 0x9D55,
    0x9D55, 0x9D35, 0x9D34, 0x9D34, 0x9D34, 0x9D34, 0x9D34, 0x9D34, 0x9D35, 0x9D55, 0x9D55, 0x9D55,
    0x9D55, 0x9D55, 0xA575, 0xA575, 0xA575, 0xA575, 0xA575, 0xA576, 0xA575, 0x9D55, 0xA575, 0xA575,
    0xA555, 0xA555, 0xA555, 0x9D55, 0x9D34, 0x9D55, 0xA575, 0xA575, 0xA555, 0x9D55, 0xA575, 0xA575,
    0xA555, 0xA555, 0xA555, 0x9D55, 0x9D35, 0x9D35, 0x9D34, 0x9D34, 0x9D34, 0x9D34, 0x9D34, 0x9D34,
    0x9D34, 0xA554, 0xA575, 0xA576, 0xA596, 0xA596, 0xA596, 0xA596, 0xA576, 0xA576, 0x9D75, 0x9D55,
    0x9D34, 0x9D34, 0x9D55, 0x9D55, 0x9D55, 0x9D55, 0xA575, 0xA575, 0xA575, 0xA575, 0xA575, 0xA555,
    0x9D35, 0x9D34, 0x9D34, 0x9D34, 0x9D34, 0x9D35, 0x9D35, 0x9D55, 0xA555, 0xA554, 0x9D34, 0x9D34,
    0x9D34, 0x9D34, 0x9D34, 0x9D34, 0x9D34, 0x9D35, 0x9D35, 0x9D35, 0x9D14, 0x9D14, 0x9D35, 0x9D55,
    0x9D34, 0x9D34, 0x9D34, 0x9D34, 0x9D34, 0x9D34, 0x9D34, 0x9D34, 0x9D35, 0x9D55, 0x9D55, 0x9D55,
    0x9D55, 0x9D55, 0xA575, 0xA575, 0xA575, 0xA575, 0xA575, 0xA555, 0xA555, 0x9D55, 0x9D55, 0x9D34,
    0x9D34, 0x9D34, 0x9D34, 0x9D34, 0x9D35, 0x9D35, 0x9D35, 0x9D35, 0x9D35, 0x9D34, 0x9D34, 0x9D34,
    0x9D34, 0x9D34, 0x9D35, 0x9D34, 0x9D34, 0x9D34, 0x9D55, 0x9D55, 0x9D55, 0x9D55, 0x9D55, 0xA555,
    0xA555, 0xA555, 0xA555, 0x9D55, 0x9D55, 0x9D55, 0x9D55, 0x9D55, 0x9D55, 0xA555, 0x9D55, 0x9D35,
    0x9D34, 0x9D34, 0x9D55, 0x9D55, 0x9D55, 0x9D55, 0x9D55, 0x9D55, 0xA555, 0x9D55, 0x9D34, 0x9D14,
    0x9D34, 0x9D35, 0x9D14, 0x9D14, 0x9D34, 0x9D34, 0x9D34, 0x9D34, 0x9D34, 0xA555, 0xA575, 0xA576,
    0xA576, 0xA576, 0xA576, 0xA576, 0xA576, 0xA575, 0x9D55, 0x9D35, 0x9D34, 0x9D35, 0xA555, 0xA575,
    0x9D55, 0x9D55, 0x9D75, 0x9D75, 0x9D55, 0x9D55, 0xA555, 0x9D55, 0x9D34, 0x9D34, 0x9D14, 0x9D14,
    0x9D14, 0x9D34, 0x9D34, 0x9D35, 0x9D34, 0x9D34, 0x9D34, 0x9D34, 0x9D34, 0x9D34, 0x9D34, 0x9D35,
    0x9D35, 0x9D35, 0x9D55, 0x9D35, 0x9514, 0x9514, 0x9D34, 0x9D35, 0x9D35, 0x9D35, 0x9D34, 0x9D34,
    0x9D34, 0x9D34, 0x9D34, 0x9D35, 0x9D35, 0x9D35, 0x9D35, 0x9D35, 0x9D55, 0x9D55, 0xA575, 0xA575,
    0xA575, 0xA575, 0xA555, 0x9D55, 0x9D55, 0x9D55, 0x9D55, 0x9D34, 0x9D34, 0x9D34, 0x9D14, 0x9D14,
    0x9D34, 0x9D34, 0x9D34, 0x9D34, 0x9D34, 0x9D34, 0x9D34, 0x9D34, 0x9D34, 0x9D34, 0x9D35, 0x9D34,
    0x9D14, 0x9D14, 0x9D35, 0x9D35, 0x9D35, 0x9D35, 0x9D55, 0x9D55, 0xA555, 0xA555, 0x9D55, 0x9D55,
    0x9D55, 0x9D55, 0x9D55, 0x9D55, 0x9D55, 0x9D55, 0x9D55, 0x9D34, 0x9D14, 0x9D14, 0x9D35, 0x9D55,
    0x9D55, 0x9D55, 0x9D55, 0x9D55, 0x9D55, 0x9D35, 0x9D14, 0x9D14, 0x9D34, 0x9D35, 0x9514, 0x9514,
    0x9D14, 0x9D34, 0x9D34, 0x9D34, 0x9D34, 0xA555, 0xA575, 0xA576, 0xA576, 0xA576, 0xA576, 0xA576,
    0xA576, 0x9D75, 0x9D55, 0x9D35, 0x9D34, 0x9D35, 0xA575, 0xA576, 0x9D75, 0x9D55, 0x9D76, 0x9D75,
    0x9D55, 0x9D55, 0x9D55, 0x9D35, 0x9D34, 0x9D14, 0x9513, 0x9513, 0x9513, 0x9D14, 0x9D34, 0x9D34,
    0x9D34, 0x9D34, 0x9D34, 0x9D34, 0x9D34, 0x9D34, 0x9D34, 0x9D35, 0x9D35, 0x9D35, 0x9D55, 0x9D34,
    0x9514, 0x9514, 0x9D34, 0x9D35, 0x9D55, 0x9D55, 0x9D34, 0x9D34, 0x9D14, 0x9D14, 0x9D34, 0x9D34,
    0x9D34, 0x9D34, 0x9D35, 0x9D35, 0x9D55, 0x9D55, 0x9D75, 0xA575, 0xA575, 0xA555, 0x9D55, 0x9D55,
    0x9D55, 0x9D55, 0x9D35, 0x9D34, 0x9D34, 0x9D14, 0x9514, 0x9514, 0x9D14, 0x9D14, 0x9514, 0x9D34,
    0x9D34, 0x9D34, 0x9D34, 0x9D34, 0x9D35, 0x9D35, 0x9D34, 0x9D34, 0x9D34, 0x9D34, 0x9D34, 0x9D34,
    0x9D34, 0x9D35, 0x9D35, 0x9D55, 0xA555, 0xA555, 0x9D55, 0x9D55, 0x9D35, 0x9D55, 0x9D55, 0x9D55,
    0x9D55, 0x9D55, 0x9D55, 0x9D34, 0x9D14, 0x9D14, 0x9D34, 0x9D35, 0x9D55, 0x9D55, 0x9D55, 0x9D55,
    0x9D55, 0x9D34, 0x9D14, 0x9D14, 0x9D34, 0x9D35, 0x9D14, 0x9D14, 0x9D34, 0x9D35, 0x9D55, 0x9D55,
    0xA554, 0xA555, 0xA555, 0xA576, 0xA596, 0xA596, 0xA576, 0x9D75, 0xA575, 0xA575, 0x9D55, 0x9D34,
    0x9D34, 0x9D35, 0xA576, 0xA596, 0xA576, 0xA576, 0xA576, 0xA575, 0x9D55, 0x9D34, 0x9D34, 0x9D14,
    0x9D14, 0x9513, 0x94F3, 0x94F3, 0x9513, 0x9D14, 0x9D34, 0x9D34, 0xA554, 0xA555, 0x9D34, 0x9D34,
    0x9D34, 0x9D34, 0x9D34, 0x9D34, 0x9D35, 0x9D35, 0x9D34, 0x9D14, 0x9514, 0x9514, 0x9D34, 0x9D55,
    0x9D55, 0x9D35, 0x9D34, 0x9D34, 0x9D34, 0x9D34, 0x9D14, 0x9D34, 0x9D34, 0x9D34, 0x9D35, 0x9D35,
    0x9D34, 0x9D34, 0x9D55, 0x9D75, 0xA575, 0xA575, 0xA555, 0x9D55, 0x9D34, 0x9D34, 0x9D34, 0x9D34,
    0x9D34, 0x9D14, 0x9514, 0x94F3, 0x9D14, 0x9D14, 0x9D14, 0x9D34, 0x9D34, 0x9D35, 0x9D34, 0x9D35,
    0x9D35, 0x9D35, 0x9D34, 0x9D34, 0x9D34, 0x9D34, 0x9D34, 0x9D34, 0x9D34, 0x9D34, 0x9D35, 0x9D55,
    0xA555, 0xA555, 0x9D55, 0x9D55, 0x9D35, 0x9D35, 0x9D55, 0x9D55, 0x9D55, 0x9D55, 0x9D55, 0x9D34,
    0x9D14, 0x9D14, 0x9D14, 0x9D34, 0x9D55, 0x9D55, 0x9D55, 0x9D55, 0x9D55, 0x9D34, 0x9D14, 0x9D14,
    0x9D34, 0x9D55, 0x9D34, 0x9D34, 0x9D34, 0x9D35, 0x9D35, 0x9D35, 0xA534, 0xA555, 0x9D55, 0xA576,
    0xA596, 0xA596, 0xA576, 0x9D75, 0xA575, 0x9D55, 0x9D55, 0x9D35, 0x9D34, 0x9D55, 0xA576, 0xA596,
    0xA576, 0xA576, 0xA575, 0xA555, 0x9D55, 0x9D34, 0x9D14, 0x9D14, 0x9D13, 0x94F3, 0x94F3, 0x94F3,
    0x9514, 0x9D14, 0x9D34, 0x9D34, 0xA554, 0xA555, 0x9D34, 0x9D34, 0x9D35, 0x9D34, 0x9D34, 0x9D34,
    0x9D35, 0x9D35, 0x9D34, 0x9514, 0x9514, 0x9514, 0x9D35, 0x9D35, 0x9D35, 0x9D34, 0x9D34, 0x9D34,
    0x9D34, 0x9D34, 0x9D14, 0x9D14, 0x9D34, 0x9D35, 0x9D35, 0x9D35, 0x9D34, 0x9D34, 0x9D55, 0x9D55,
    0xA555, 0xA555, 0x9D55, 0x9D54, 0x9D34, 0x9D34, 0x9D34, 0x9D34, 0x9D34, 0x9D34, 0x9514, 0x94F4,
    0x9D34, 0x9D34, 0x9D34, 0x9D34, 0x9D34, 0x9D34, 0x9D34, 0x9D35, 0x9D55, 0x9D55, 0x9D34, 0x9D34,
    0x9D34, 0x9D34, 0x9D35, 0x9D35, 0x9D34, 0x9D34, 0x9D34, 0x9D34, 0xA555, 0xA555, 0xA555, 0x9D55,
    0x9D55, 0x9D55, 0x9D55, 0x9D55, 0x9D55, 0x9D55, 0x9D55, 0x9D34, 0x9D14, 0x9D14, 0x9D34, 0x9D35,
    0x9D55, 0x9D55, 0x9D55, 0x9D55, 0x9D35, 0x9D34, 0x9D14, 0x9D14, 0x9D55, 0x9D55, 0x9D35, 0x9D34,
    0x9D35, 0x9D34, 0x9D34, 0x9D34, 0x9D34, 0xA555, 0xA555, 0xA576, 0xA576, 0xA576, 0xA576, 0x9D55,
    0x9D55, 0x9D55, 0x9D55, 0x9D55, 0x9D55, 0x9D55, 0xA575, 0xA576, 0xA576, 0xA575, 0xA555, 0x9D55,
    0x9D55, 0x9D55, 0x9D34, 0x9D14, 0x9D13, 0x94F3, 0x94F3, 0x94F3, 0x9D14, 0x9D34, 0x9D34, 0x9D34,
    0x9D34, 0x9D34, 0x9D34, 0x9D34, 0x9D55, 0x9D35, 0x9D34, 0x9D34, 0x9D34, 0x9D34, 0x9D34, 0x9D14,
    0x94F4, 0x9514, 0x9D34, 0x9D35, 0x9D34, 0x9D34, 0x9D34, 0x9D14, 0x9D14, 0x9D14, 0x9D34, 0x9D34,
    0x9D35, 0x9D35, 0x9D55, 0x9D55, 0x9D35, 0x9D55, 0x9D55, 0x9D55, 0x9D34, 0x9D14, 0x9D34, 0x9D34,
    0x9D34, 0x9D14, 0x9D14, 0x9D34, 0x9D34, 0x9D34, 0x9D14, 0x9D14, 0x9D34, 0x9D34, 0x9D35, 0x9D35,
    0x9D34, 0x9D34, 0x9D34, 0x9D34, 0x9D55, 0x9D55, 0x9D34, 0x9D34, 0x9D34, 0x9D34, 0x9D35, 0x9D35,
    0x9D34, 0x9D34, 0x9D34, 0x9D34, 0xA534, 0xA555, 0xA555, 0xA555, 0x9D55, 0x9D55, 0x9D55, 0x9D55,
    0x9D55, 0x9D34, 0x9D34, 0x9D34, 0x9D14, 0x9D14, 0x9D34, 0x9D34, 0x9D34, 0x9D34, 0x9D34, 0x9D34,
    0x9D34, 0x9D34, 0x9D13, 0x9D14, 0x9D55, 0x9D55, 0x9D35, 0x9D34, 0x9D35, 0x9D34, 0x9D14, 0x9D14,
    0x9D34, 0x9D34, 0x9D55, 0x9D55, 0x9D55, 0x9D55, 0x9D55, 0x9D55, 0x9D35, 0x9D35, 0x9D55, 0x9D55,
    0x9D34, 0x9D34, 0x9D55, 0x9D55, 0xA555, 0xA555, 0x9D34, 0x9D34, 0x9D54, 0x9D34, 0x9D14, 0x9D13,
    0x9CF3, 0x94F3, 0x94F3, 0x9D13, 0x9D14, 0x9D34, 0x9D34, 0x9D34, 0x9D34, 0x9D34, 0x9D34, 0x9D35,
    0x9D55, 0x9D35, 0x9D34, 0x9D14, 0x9D34, 0x9D34, 0x9D14, 0x9514, 0x94F3, 0x94F3, 0x9D14, 0x9D34,
    0x9D34, 0x9D14, 0x9D14, 0x9D14, 0x9D14, 0x9D14, 0x9D34, 0x9D34, 0x9D34, 0x9D34, 0x9D35, 0x9D35,
    0x9D34, 0x9D34, 0x9D55, 0x9D34, 0x9D13, 0x9CF3, 0x9D14, 0x9D34, 0x9D34, 0x9D14, 0x9D14, 0x9D34,
    0x9D34, 0x9D34, 0x9D34, 0x9D34, 0x9D34, 0x9D34, 0xA554, 0xA554, 0x9D55, 0x9D34, 0x9D14, 0x9D14,
    0x9D34, 0x9D34, 0x9D34, 0x9D34, 0x9D34, 0x9D34, 0x9D34, 0x9D34, 0x9D34, 0x9D34, 0xA534, 0xA534,
    0xA534, 0xA554, 0xA555, 0xA555, 0xA555, 0x9D34, 0x9D34, 0x9D34, 0x9D34, 0x9D14, 0x9D13, 0x9CF3,
    0x94F3, 0x9CF3, 0x9D14, 0x9D34, 0x9D14, 0x9D14, 0x9D14, 0x9D14, 0x9D34, 0x9D13, 0x9CF3, 0x9CF3,
    0x9D14, 0x9D34, 0x9D34, 0x9D34, 0x9D55, 0x9D34, 0x9D14, 0x9D13, 0x9D13, 0x9D14, 0x9D34, 0x9D34,
    0x9D34, 0x9D34, 0x9D34, 0x9D34, 0x9D14, 0x9D14, 0x9D14, 0x9D14, 0x9CF3, 0x9D13, 0x9D14, 0x9D34,
    0x9D34, 0x9D34, 0x9D13, 0x9D13, 0x9D14, 0x9D14, 0x9D13, 0x9CF3, 0x9CF3, 0x9CF3, 0x9D13, 0x9D14,
    0x9D14, 0x9D14, 0x9D34, 0x9D34, 0x9D34, 0xA534, 0xA555, 0xA555, 0xA555, 0x9D34, 0x9D14, 0x9D14,
    0x9D34, 0x9D34, 0x9513, 0x94F3, 0x94F3, 0x9CF3, 0x9CF3, 0x9D13, 0x9D14, 0x9D14, 0x9D14, 0x9D14,
    0x9D13, 0x9D13, 0x9D13, 0x9D13, 0x9D14, 0x9D14, 0x9D34, 0x9D34, 0x9D34, 0x9D14, 0x9D14, 0x9D13,
    0x9CF3, 0x9CF3, 0x9D14, 0x9D34, 0x9D34, 0x9D34, 0x9D34, 0x9D14, 0x9D34, 0x9D34, 0x9D14, 0x9D14,
    0xA555, 0xA555, 0xA555, 0xA555, 0xA555, 0x9D34, 0x9D14, 0x9D14, 0x9D34, 0x9D34, 0x9D34, 0x9D34,
    0x9D34, 0x9D34, 0x9D34, 0x9D34, 0xA555, 0xA555, 0xA555, 0xA554, 0xA554, 0xA554, 0xA554, 0xA554,
    0x9D34, 0x9D34, 0x9D14, 0x9D14, 0x9D14, 0x9D14, 0x9D13, 0x94F3, 0x94F3, 0x9CF3, 0x9D14, 0x9D34,
    0x9D14, 0x9D14, 0x9D14, 0x9D34, 0x9D34, 0x9D34, 0x9CF3, 0x9CF3, 0x9D14, 0x9D34, 0x9D35, 0xA555,
    0xA555, 0x9D55, 0x9D34, 0x9D14, 0x9D14, 0x9D34, 0x9D14, 0x9D34, 0x9D34, 0x9D34, 0x9D34, 0x9D34,
    0x9D34, 0x9D34, 0x9D14, 0x9D13, 0x9CF3, 0x9CF3, 0x9D14, 0x9D34, 0xA554, 0x9D34, 0x9CF3, 0x9CF3,
    0x9D14, 0x9D34, 0x9D14, 0x9D13, 0x9CF3, 0x9D13, 0x9D14, 0x9D14, 0x9D14, 0x9D14, 0x9D34, 0x9D34,
    0x9D34, 0xA534, 0xA555, 0xA555, 0xA555, 0x9D34, 0x9D14, 0x9D14, 0x9D34, 0x9D34, 0x94F3, 0x94F3,
    0x9CF3, 0x9CF3, 0x9CF3, 0x9D13, 0x9D34, 0x9D34, 0x9D14, 0x9D14, 0x9D14, 0x9D14, 0x9D14, 0x9D14,
    0x9D14, 0x9D34, 0x9D34, 0x9D34, 0x9D34, 0x9D14, 0x9D14, 0x9D13, 0x9CF3, 0x9CF3, 0x9D14, 0x9D34,
    0x9D34, 0xA534, 0x9D34, 0x9D34, 0x9D34, 0x9D34, 0x9D34, 0x9D14, 0xA575, 0xA575, 0xA575, 0xA555,
    0x9D55, 0x9D55, 0x9D34, 0x9D34, 0x9D34, 0x9D34, 0x9D34, 0x9D34, 0x9D34, 0x9D34, 0x9D34, 0x9D35,
    0x9D55, 0xA555, 0xA555, 0xA555, 0xA555, 0xA555, 0x9D34, 0x9D34, 0x9D34, 0x9D34, 0x9D34, 0x9D34,
    0x9D34, 0x9D34, 0x9D14, 0x9514, 0x94F3, 0x94F4, 0x9D34, 0x9D34, 0x9D34, 0x9D34, 0x9D34, 0x9D55,
    0xA555, 0xA555, 0x9D13, 0x9D13, 0x9D34, 0x9D55, 0x9D55, 0x9D55, 0xA575, 0xA575, 0x9D55, 0x9D55,
    0xA555, 0xA554, 0xA554, 0x9D34, 0x9D55, 0x9D55, 0xA555, 0xA575, 0xA575, 0xA575, 0x9D35, 0x9D34,
    0x9D34, 0x9D34, 0x9D55, 0xA555, 0xA575, 0xA555, 0x9D34, 0x9D34, 0x9D55, 0xA555, 0x9D55, 0x9D34,
    0x9D34, 0x9D34, 0x9D14, 0x9D34, 0x9D34, 0x9D34, 0x9D34, 0x9D34, 0x9D34, 0x9D34, 0x9D35, 0x9D55,
    0x9D55, 0x9D35, 0x9D34, 0x9D34, 0x9D35, 0x9D34, 0x9D14, 0x9514, 0x9D14, 0x9D14, 0x9D14, 0x9D34,
    0x9D35, 0x9D35, 0x9D34, 0x9D34, 0x9D34, 0x9D54, 0xA555, 0xA555, 0x9D55, 0x9D55, 0x9D55, 0x9D55,
    0x9D35, 0x9D34, 0x9D34, 0x9D14, 0x9CF3, 0x9CF3, 0x9D14, 0x9D34, 0x9D55, 0x9D55, 0x9D35, 0x9D35,
    0x9D55, 0x9D55, 0x9D34, 0x9D34, 0xA576, 0xA576, 0xA576, 0xA576, 0x9D55, 0x9D55, 0x9D34, 0x9D34,
    0x9D35, 0x9D55, 0x9D55, 0x9D54, 0x9D34, 0x9D34, 0x9D34, 0x9D35, 0x9D55, 0x9D55, 0x9D75, 0xA575,
    0xA575, 0xA555, 0x9D34, 0x9D34, 0x9D34, 0x9D34, 0x9D14, 0x9D34, 0x9D34, 0x9D34, 0x9D34, 0x9514,
    0x94F3, 0x9514, 0x9D34, 0x9D55, 0x9D35, 0x9D35, 0x9D35, 0x9D55, 0xA575, 0xA575, 0x9D34, 0x9D34,
    0x9D55, 0xA575, 0x9D75, 0x9D75, 0xA576, 0xA576, 0xA576, 0xA575, 0xA575, 0xA555, 0xA555, 0x9D55,
    0xA555, 0xA575, 0xA575, 0xA576, 0xA596, 0xA576, 0xA555, 0x9D55, 0x9D34, 0x9D55, 0xA575, 0xA576,
    0xA596, 0xA576, 0x9D55, 0x9D55, 0xA555, 0xA555, 0xA555, 0x9D55, 0x9D35, 0x9D34, 0x9D34, 0x9D34,
    0x9D34, 0x9D55, 0x9D55, 0x9D34, 0x9D34, 0x9D34, 0x9D35, 0x9D55, 0x9D35, 0x9D35, 0x9D55, 0x9D55,
    0x9D55, 0x9D34, 0x9D34, 0x9D14, 0x9D14, 0x9D14, 0x9D34, 0x9D35, 0x9D55, 0x9D35, 0x9D34, 0x9D34,
    0x9D55, 0xA555, 0xA575, 0xA575, 0xA575, 0xA575, 0x9D55, 0x9D55, 0x9D55, 0x9D35, 0x9D55, 0x9D34,
    0x9D14, 0x9D14, 0x9D34, 0x9D34, 0x9D55, 0x9D55, 0x9D55, 0x9D55, 0x9D55, 0x9D55, 0x9D55, 0x9D55,
    0x9D55, 0x9D55, 0xA576, 0xA576, 0x9D75, 0x9D55, 0x9D35, 0x9D35, 0x9D55, 0x9D55, 0xA555, 0xA555,
    0x9D55, 0x9D35, 0x9D34, 0x9D34, 0x9D35, 0x9D55, 0x9D55, 0x9D55, 0xA555, 0xA554, 0x9D34, 0x9D14,
    0x9D14, 0x9514, 0x9D14, 0x9D14, 0x9514, 0x9D14, 0x9D34, 0x9D14, 0x94F3, 0x9514, 0x9D55, 0x9D55,
    0x9D55, 0x9D35, 0x9D35, 0x9D55, 0xA575, 0xA555, 0x9D34, 0x9D34, 0x9D55, 0xA576, 0x9D76, 0x9D76,
    0xA575, 0xA576, 0xA576, 0xA576, 0xA575, 0xA555, 0x9D55, 0x9D55, 0xA575, 0xA576, 0xA575, 0xA575,
    0xA576, 0xA576, 0xA576, 0xA555, 0x9D35, 0x9D55, 0xA596, 0xA596, 0xA596, 0xA596, 0xA575, 0xA555,
    0x9D55, 0x9D55, 0x9D55, 0x9D34, 0x9D35, 0x9D35, 0x9D35, 0x9D34, 0x9D34, 0x9D55, 0x9D55, 0x9D55,
    0x9D34, 0x9D34, 0x9D55, 0x9D55, 0x9D35, 0x9D35, 0x9D55, 0x9D55, 0x9D35, 0x9D34, 0x9D34, 0x9D34,
    0x9514, 0x9514, 0x9D35, 0x9D55, 0x9D35, 0x9D35, 0x9D34, 0x9D34, 0x9D55, 0xA575, 0xA575, 0xA575,
    0xA575, 0x9D55, 0x9D55, 0x9D55, 0x9D35, 0x9D34, 0x9D35, 0x9D55, 0x9D34, 0x9D34, 0x9D34, 0x9D34,
    0x9D35, 0x9D35, 0x9D35, 0x9D35, 0x9D55, 0x9D55, 0x9D55, 0x9D55, 0x9D55, 0x9D55, 0xA575, 0xA575,
    0x9D75, 0x9D55, 0x9D35, 0x9D35, 0x9D55, 0x9D55, 0xA555, 0xA555, 0x9D55, 0x9D35, 0x9D34, 0x9D34,
    0x9D35, 0x9D55, 0x9D55, 0x9D55, 0xA555, 0x9D34, 0x9D34, 0x9D14, 0x9D14, 0x9514, 0x9D14, 0x9514,
    0x9514, 0x9D14, 0x9D34, 0x9D34, 0x94F3, 0x9514, 0x9D55, 0x9D55, 0x9D55, 0x9D35, 0x9D55, 0x9D55,
    0x9D55, 0x9D55, 0x9D34, 0x9D34, 0x9D55, 0xA576, 0x9D75, 0x9D75, 0xA575, 0xA576, 0xA576, 0xA576,
    0xA575, 0xA575, 0xA555, 0xA575, 0xA596, 0xA596, 0xA596, 0xA576, 0xA575, 0x9D55, 0xA575, 0x9D55,
    0x9D34, 0x9D55, 0xA596, 0xA5B6, 0xA596, 0xA596, 0xA575, 0xA575, 0x9D55, 0x9D55, 0xA555, 0x9D55,
    0x9D35, 0x9D35, 0x9D35, 0x9D35, 0x9D34, 0x9D55, 0x9D55, 0x9D55, 0x9D34, 0x9D34, 0x9D55, 0x9D55,
    0x9D34, 0x9D34, 0x9D55, 0x9D55, 0x9D35, 0x9D34, 0x9D34, 0x9D34, 0x9514, 0x9514, 0x9D35, 0x9D55,
    0x9D55, 0x9D35, 0x9D34, 0x9D35, 0x9D55, 0xA575, 0xA596, 0xA596, 0xA575, 0x9D55, 0x9D55, 0x9D55,
    0x9D35, 0x9D35, 0x9D55, 0x9D55, 0xA555, 0xA554, 0x9D35, 0x9D35, 0x9D35, 0x9D35, 0x9D35, 0x9D35,
    0x9D35, 0x9D55, 0x9D55, 0x9D76, 0x9D55, 0x9D75, 0x9D75, 0xA575, 0xA555, 0x9D55, 0x9D55, 0x9D55,
    0x9D55, 0x9D55, 0x9D34, 0x9D34, 0x9D34, 0x9D34, 0x9D34, 0x9D34, 0x9D35, 0x9D55, 0x9D55, 0x9D55,
    0x9D55, 0x9D34, 0x9D34, 0x9D34, 0x9D34, 0x9D34, 0x9D14, 0x9514, 0x9514, 0x9D14, 0x9D34, 0x9D34,
    0x9514, 0x9D14, 0x9D35, 0x9D55, 0x9D55, 0x9D55, 0x9D55, 0x9D55, 0x9D55, 0x9D55, 0x9D13, 0x9D14,
    0x9D55, 0x9D75, 0x9D55, 0x9D55, 0xA575, 0xA576, 0xA576, 0xA576, 0xA576, 0xA575, 0xA575, 0xA575,
    0xA596, 0xADB7, 0xADB7, 0xA5B6, 0xA576, 0x9D55, 0x9D35, 0x9D34, 0x9D14, 0x9D34, 0xA575, 0xA596,
    0xA576, 0xA575, 0xA575, 0xA575, 0x9D55, 0x9D55, 0xA555, 0xA555, 0x9D35, 0x9D35, 0x9D35, 0x9D35,
    0x9D55, 0x9D55, 0x9D35, 0x9D55, 0xA555, 0xA555, 0x9D55, 0x9D35, 0x9D34, 0x9D34, 0x9D55, 0x9D55,
    0x9D35, 0x9D34, 0x9D35, 0x9D35, 0x9D34, 0x9D34, 0x9D35, 0x9D55, 0x9D55, 0x9D55, 0x9D55, 0x9D35,
    0x9D55, 0xA555, 0xA596, 0xA596, 0xA575, 0x9D55, 0x9D55, 0x9D35, 0x9D55, 0x9D55, 0x9D55, 0x9D55,
    0x9D55, 0x9D55, 0x9D55, 0x9D35, 0x9D35, 0x9D35, 0x9D55, 0x9D55, 0x9D35, 0x9D55, 0x9D55, 0x9D55,
    0x9D75, 0x9D75, 0x9D75, 0x9D55, 0x9D55, 0x9D55, 0x9D55, 0x9D55, 0x9D55, 0x9D55, 0x9D34, 0x9D34,
    0x9D34, 0x9D34, 0x9D34, 0x9D34, 0x9D35, 0x9D35, 0x9D55, 0x9D55, 0x9D34, 0x9D34, 0x9D34, 0x9D34,
    0x9D34, 0x9D34, 0x9D14, 0x9D14, 0x9D14, 0x9D34, 0x9D34, 0x9D34, 0x9D34, 0x9D34, 0x9D35, 0x9D55,
    0x9D55, 0x9D55, 0x9D55, 0x9D55, 0x9D55, 0x9D55, 0x9D13, 0x9D14, 0x9D55, 0x9D75, 0x9D55, 0x9D55,
    0x9D75, 0xA576, 0xA576, 0xA576, 0xA575, 0xA575, 0xA575, 0xA596, 0xA5B6, 0xADB7, 0xADD7, 0xA5B6,
    0xA575, 0x9D35, 0x9D34, 0x9D14, 0x9D14, 0x9D34, 0xA575, 0xA596, 0xA575, 0xA575, 0xA575, 0xA575,
    0x9D55, 0x9D55, 0xA555, 0xA555, 0x9D35, 0x9D35, 0x9D55, 0x9D55, 0x9D55, 0x9D55, 0x9D34, 0x9D55,
    0xA555, 0xA555, 0x9D55, 0x9D34, 0x9D34, 0x9D35, 0x9D55, 0x9D55, 0x9D55, 0x9D35, 0x9D55, 0x9D55,
    0x9D34, 0x9D34, 0x9D35, 0x9D55, 0x9D55, 0x9D55, 0x9D55, 0x9D55, 0x9D55, 0xA555, 0xA575, 0xA596,
    0xA575, 0x9D55, 0x9D35, 0x9D34, 0x9D55, 0x9D55, 0x9D55, 0x9D55, 0x9D34, 0x9D34, 0x9D35, 0x9D35,
    0x9D35, 0x9D35, 0x9D55, 0x9D55, 0x9D35, 0x9D35, 0x9D55, 0x9D55, 0xA575, 0x9D75, 0x9D55, 0x9D55,
    0x9D55, 0x9D55, 0x9D55, 0x9D55, 0x9D55, 0x9D34, 0x9D14, 0x9D13, 0x9D14, 0x9D14, 0x9D34, 0x9D34,
    0x9D34, 0x9D34, 0x9D55, 0x9D55, 0x9D34, 0x9D34, 0x9D34, 0x9D34, 0x9D34, 0x9D34, 0x9D34, 0x9D14,
    0x9D34, 0x9D34, 0x9D34, 0x9D34, 0x9D14, 0x9D34, 0x9D35, 0x9D55, 0x9D55, 0x9D55, 0x9D55, 0x9D55,
    0x9D55, 0x9D55, 0x9D14, 0x9D14, 0x9D55, 0x9D75, 0x9D55, 0x9D55, 0xA575, 0xA576, 0x9D76, 0xA575,
    0xA575, 0xA575, 0xA575, 0xA575, 0xA596, 0xA596, 0xA596, 0xA596, 0xA575, 0x9D55, 0x9D34, 0x9D34,
    0x9D34, 0x9D55, 0xA596, 0xA596, 0xA596, 0xA576, 0xA576, 0xA575, 0x9D55, 0x9D55, 0x9D55, 0x9D55,
    0x9D34, 0x9D55, 0x9D55, 0x9D55, 0x9D55, 0x9D34, 0x9D35, 0x9D55, 0xA555, 0xA555, 0x9D34, 0x9D34,
    0x9D35, 0x9D55, 0x9D55, 0x9D55, 0x9D55, 0x9D55, 0x9D55, 0x9D55, 0x9D34, 0x9D34, 0x9D55, 0x9D55,
    0x9D35, 0x9D35, 0x9D55, 0x9D55, 0x9D55, 0x9D55, 0xA575, 0xA575, 0x9D55, 0x9D34, 0x9D14, 0x9D34,
    0x9D35, 0x9D55, 0x9D55, 0x9D34, 0x9D34, 0x9D34, 0x9D34, 0x9D35, 0x9D35, 0x9D35, 0x9D35, 0x9D34,
    0x9D34, 0x9D34, 0x9D35, 0x9D55, 0xA575, 0xA555, 0xA555, 0xA555, 0x9D55, 0x9D55, 0x9D35, 0x9D34,
    0x9D34, 0x9D34, 0x9D13, 0x9D13, 0x9D14, 0x9D14, 0x9D14, 0x9D34, 0x9D34, 0x9D55, 0xA555, 0xA555,
    0x9D34, 0x9D14, 0x9D34, 0x9D34, 0x9D34, 0x9D34, 0x9D34, 0x9D34, 0x9D34, 0x9D54, 0x9D34, 0x9D34,
    0x9D34, 0x9D34, 0x9D55, 0xA555, 0x9D55, 0x9D55, 0x9D55, 0x9D55, 0xA555, 0x9D55, 0x9D14, 0x9D34,
    0xA575, 0xA576, 0xA575, 0xA575, 0xA575, 0xA575, 0xA575, 0xA555, 0xA555, 0xA555, 0xA575, 0xA575,
    0xA596, 0xA596, 0xA596, 0xA576, 0xA575, 0xA555, 0x9D55, 0x9D55, 0x9D55, 0xA555, 0xA596, 0xA596,
    0xA596, 0xA596, 0xA576, 0xA575, 0xA555, 0x9D55, 0x9D34, 0x9D34, 0x9D34, 0x9D55, 0xA575, 0xA575,
    0xA555, 0x9D55, 0x9D55, 0x9D55, 0xA555, 0xA555, 0x9D34, 0x9D34, 0x9D55, 0x9D55, 0x9D55, 0xA555,
    0xA575, 0xA575, 0xA575, 0xA555, 0x9D35, 0x9D35, 0xA555, 0xA575, 0xA555, 0x9D55, 0x9D55, 0x9D55,
    0x9D55, 0x9D55, 0xA555, 0xA555, 0x9D55, 0x9D34, 0x9D14, 0x9D34, 0x9D35, 0x9D55, 0x9D55, 0x9D34,
    0x9D14, 0x9D14, 0x9D34, 0x9D55, 0x9D55, 0x9D55, 0x9D55, 0x9D35, 0x9D34, 0x9D34, 0x9D55, 0x9D55,
    0xA555, 0xA555, 0xA575, 0xA575, 0xA555, 0x9D34, 0x9D34, 0x9D34, 0x9D34, 0x9D34, 0x9D13, 0x9CF3,
    0x9D13, 0x9D14, 0x9D14, 0x9D14, 0xA555, 0xA575, 0xA555, 0xA554, 0x9D14, 0x9D13, 0x9D14, 0x9D34,
    0x9D34, 0x9D34, 0x9D34, 0x9D34, 0xA554, 0xA555, 0xA555, 0xA555, 0xA555, 0xA555, 0xA575, 0xA575,
    0xA575, 0xA555, 0xA555, 0xA555, 0xA555, 0x9D34, 0x9D14, 0xA534, 0xAD96, 0xADB6, 0xAD96, 0xAD96,
    0xA576, 0xA575, 0xA555, 0xA555, 0x9D34, 0xA534, 0xA555, 0xAD75, 0xADB6, 0xADB6, 0xAD96, 0xA596,
    0xA596, 0xA575, 0xA555, 0xA555, 0xA554, 0xA555, 0xA596, 0xAD96, 0xAD96, 0xAD96, 0xA576, 0xA575,
    0xA575, 0xA555, 0xA534, 0x9D34, 0x9D34, 0xA555, 0xA575, 0xA596, 0xA576, 0xA575, 0xA575, 0xA575,
    0xA555, 0xA555, 0x9D34, 0x9D34, 0xA555, 0xA575, 0xA575, 0xA575, 0xA575, 0xA575, 0xA576, 0xA575,
    0xA555, 0xA555, 0xA596, 0xAD96, 0xAD96, 0xA596, 0xA575, 0xA575, 0xA555, 0xA555, 0x9D34, 0x9D34,
    0x9D55, 0x9D55, 0x9D34, 0x9D34, 0x9D55, 0xA555, 0x9D55, 0x9D34, 0x9D34, 0xA534, 0xA555, 0xA575,
    0xA576, 0xA575, 0xA575, 0xA555, 0xA555, 0xA555, 0xA575, 0xA575, 0xA555, 0xA555, 0xA575, 0xA555,
    0xA555, 0x9D34, 0x9D34, 0x9D14, 0x9D34, 0x9D34, 0x9D13, 0x9CF3, 0x9D13, 0x9D13, 0x9D13, 0x9D14,
    0xA555, 0xA575, 0xA555, 0xA534, 0x9D14, 0x9D14, 0x9D34, 0x9D34, 0x9D34, 0x9D34, 0x9D14, 0x9D34,
    0x9D34, 0xA555, 0xA555, 0xA555, 0x9D55, 0xA555, 0xA575, 0xA576, 0xA575, 0xA555, 0xA555, 0xA555,
    0xA555, 0xA554, 0x9D34, 0xA534, 0xAD96, 0xADB6, 0xADB6, 0xAD96, 0xA575, 0xA575, 0xA555, 0xA554,
    0xA534, 0xA534, 0xAD95, 0xADB6, 0xB5D7, 0xB5D7, 0xADB7, 0xADB6, 0xADB6, 0xAD96, 0xA575, 0xA555,
    0xA555, 0xA555, 0xAD96, 0xADB7, 0xADD7, 0xADB7, 0xA596, 0xA576, 0xA575, 0xA555, 0x9D34, 0x9D34,
    0x9D34, 0xA555, 0xA576, 0xA596, 0xAD96, 0xA596, 0xA575, 0xA575, 0xA555, 0xA555, 0xA554, 0xA555,
    0xA575, 0xA575, 0xA575, 0xA575, 0xA555, 0xA575, 0xA575, 0xA575, 0xA555, 0xA555, 0xA576, 0xAD96,
    0xAD96, 0xA596, 0xA575, 0xA575, 0xA555, 0xA555, 0x9D34, 0x9D34, 0x9D55, 0x9D55, 0x9D34, 0x9D34,
    0x9D34, 0xA554, 0x9D54, 0x9D34, 0xA534, 0xA534, 0xA555, 0xA575, 0xA576, 0xA575, 0xA575, 0xA555,
    0xA555, 0xA555, 0xA575, 0xA575, 0xA555, 0xA555, 0xA555, 0xA555, 0xA555, 0x9D55, 0x9D14, 0x9D13,
    0x9D34, 0x9D34, 0x9CF3, 0x9CF3, 0x9D13, 0x9D13, 0x9513, 0x9D14, 0x9D55, 0xA555, 0x9D55, 0x9D55,
    0x9D34, 0x9D34, 0x9D34, 0x9D34, 0x9D34, 0x9D14, 0x9D14, 0x9D14, 0x9D34, 0x9D34, 0x9D34, 0x9D34,
    0x9D14, 0x9D35, 0x9D55, 0xA575, 0xA575, 0x9D55, 0x9D55, 0x9D55, 0xA575, 0xA575, 0x9D34, 0x9D34,
    0xA575, 0xA596, 0xA576, 0xA575, 0xA575, 0xA555, 0xA555, 0xA555, 0xA555, 0xAD95, 0xB5F7, 0xBE18,
    0xB618, 0xB5F8, 0xB5F8, 0xB5F8, 0xB5F7, 0xADD7, 0xADB6, 0xA576, 0xA555, 0xA576, 0xADD7, 0xB5F8,
    0xB618, 0xB5F8, 0xADB7, 0xA596, 0xA576, 0xA555, 0x9D34, 0x9D34, 0x9D35, 0xA555, 0xA575, 0xA576,
    0xA575, 0xA575, 0xA555, 0xA555, 0xA575, 0xA555, 0xA555, 0x9D55, 0xA555, 0x9D55, 0x9D55, 0x9D55,
    0x9D34, 0x9D35, 0x9D55, 0x9D55, 0x9D14, 0x9D34, 0x9D55, 0xA555, 0xA555, 0x9D55, 0x9D55, 0x9D55,
    0xA555, 0xA555, 0x9D34, 0x9D34, 0x9D55, 0x9D55, 0x9D34, 0x9D34, 0x9D34, 0x9D34, 0x9D34, 0x9D34,
    0x9D34, 0x9D34, 0x9D55, 0x9D55, 0x9D55, 0x9D55, 0x9D55, 0x9D35, 0x9D35, 0x9D55, 0xA555, 0xA555,
    0xA575, 0xA555, 0x9D55, 0x9D55, 0xA575, 0x9D55, 0x9D14, 0x9D14, 0x9D34, 0x9D34, 0x9D13, 0x9D13,
    0x9D13, 0x9514, 0x9514, 0x9D14, 0x9D55, 0x9D55, 0x9D55, 0x9D55, 0xA534, 0xA534, 0x9D35, 0x9D35,
    0x9D34, 0x9D14, 0x9D14, 0x9D14, 0x9D14, 0x9D14, 0x9D14, 0x9D14, 0x9514, 0x9D35, 0x9D55, 0x9D75,
    0x9D55, 0x9D55, 0x9D55, 0x9D55, 0xA575, 0xA575, 0x9D54, 0x9D34, 0xA575, 0xA576, 0xA575, 0xA575,
    0xA575, 0xA555, 0x9D55, 0xA555, 0xA575, 0xADB6, 0xB618, 0xBE38, 0xB618, 0xB618, 0xB618, 0xB618,
    0xB5F8, 0xB5D7, 0xADB6, 0xA596, 0xA575, 0xA596, 0xB5D7, 0xB618, 0xBE39, 0xB618, 0xADB7, 0xA596,
    0xA576, 0xA555, 0x9D34, 0x9D34, 0x9D34, 0xA555, 0xA575, 0xA575, 0xA575, 0xA555, 0xA555, 0xA555,
    0xA575, 0xA575, 0xA555, 0x9D55, 0x9D55, 0x9D55, 0x9D55, 0x9D35, 0x9D34, 0x9D34, 0x9D35, 0x9D35,
    0x9514, 0x9514, 0x9D35, 0x9D55, 0x9D55, 0x9D55, 0x9D35, 0x9D35, 0x9D55, 0xA555, 0x9D55, 0x9D54,
    0x9D55, 0x9D54, 0x9D34, 0x9D34, 0x9D34, 0x9D34, 0x9D34, 0x9D34, 0x9D34, 0x9D34, 0x9D35, 0x9D55,
    0x9D55, 0x9D35, 0x9D35, 0x9D34, 0x9D35, 0x9D55, 0xA555, 0xA555, 0xA575, 0xA575, 0xA555, 0x9D55,
    0x9D75, 0x9D55, 0x9D34, 0x9D34, 0x9D55, 0x9D55, 0x9D34, 0x9D14, 0x9D14, 0x9D14, 0x9514, 0x9D34,
    0x9D55, 0x9D55, 0xA575, 0xA575, 0xA555, 0xA555, 0x9D55, 0x9D55, 0x9D34, 0x9D34, 0x9D34, 0x9D34,
    0x9D34, 0x9D34, 0x9D34, 0x9D34, 0x9D34, 0x9D55, 0xA575, 0xA575, 0x9D55, 0x9D55, 0x9D55, 0x9D55,
    0xA575, 0xA575, 0x9D55, 0x9D55, 0xA555, 0xA575, 0xA575, 0xA575, 0xA576, 0xA575, 0x9D55, 0xA555,
    0xA575, 0xAD96, 0xADD7, 0xB5F7, 0xB5F8, 0xB618, 0xBE38, 0xB618, 0xB5F8, 0xADB7, 0xAD96, 0xA576,
    0xA576, 0xAD96, 0xADD7, 0xB618, 0xBE39, 0xB618, 0xADB7, 0xA576, 0xA576, 0xA575, 0x9D35, 0x9D34,
    0x9D34, 0x9D35, 0xA575, 0xA575, 0xA555, 0x9D55, 0x9D55, 0xA555, 0xA575, 0xA575, 0xA555, 0x9D55,
    0x9D55, 0x9D55, 0x9D55, 0x9D35, 0x9D34, 0x9D34, 0x9D35, 0x9D35, 0x9D14, 0x9D34, 0x9D55, 0x9D55,
    0x9D55, 0x9D55, 0x9D35, 0x9D35, 0x9D55, 0xA555, 0xA555, 0xA555, 0x9D55, 0x9D34, 0x9D34, 0x9D34,
    0x9D34, 0x9D34, 0x9D34, 0x9D55, 0xA554, 0xA554, 0x9D35, 0x9D35, 0x9D35, 0x9D35, 0x9D34, 0x9D34,
    0x9D34, 0x9D55, 0xA575, 0xA576, 0xA576, 0xA575, 0x9D55, 0x9D55, 0x9D55, 0x9D55, 0x9D35, 0x9D34,
    0x9D55, 0x9D55, 0x9D34, 0x9D14, 0x9D14, 0x9D14, 0x9D14, 0x9D34, 0x9D55, 0x9D55, 0xA575, 0xA575,
    0xA555, 0xA555, 0x9D55, 0x9D55, 0x9D35, 0x9D34, 0x9D34, 0x9D34, 0x9D34, 0x9D35, 0x9D35, 0x9D35,
    0x9D34, 0x9D35, 0xA575, 0xA575, 0x9D55, 0x9D35, 0x9D55, 0x9D55, 0xA555, 0xA555, 0xA555, 0x9D55,
    0xA575, 0xA576, 0xA575, 0xA576, 0xA576, 0xA575, 0xA555, 0xA555, 0xA575, 0xAD95, 0xADB6, 0xADD7,
    0xADD7, 0xB5F8, 0xBE38, 0xBE38, 0xB5F8, 0xADB7, 0xAD96, 0xA576, 0xA575, 0xA596, 0xADD7, 0xB5F8,
    0xBE39, 0xB618, 0xADB6, 0xA576, 0xA596, 0xA576, 0xA555, 0x9D34, 0x9D34, 0x9D35, 0xA555, 0xA575,
    0x9D55, 0x9D55, 0x9D35, 0x9D55, 0xA555, 0xA555, 0x9D55, 0x9D55, 0x9D55, 0x9D55, 0x9D55, 0x9D55,
    0x9D35, 0x9D34, 0x9D35, 0x9D34, 0x9D14, 0x9D34, 0x9D55, 0x9D55, 0xA555, 0x9D55, 0x9D35, 0x9D35,
    0x9D55, 0xA555, 0xA575, 0xA555, 0x9D55, 0x9D34, 0x9D35, 0x9D35, 0x9D34, 0x9D34, 0x9D34, 0x9D55,
    0xA555, 0xA555, 0x9D35, 0x9D35, 0x9D35, 0x9D35, 0x9D34, 0x9D34, 0x9D35, 0x9D55, 0xA575, 0xA576,
    0xA576, 0xA575, 0x9D55, 0x9D55, 0x9D55, 0x9D55, 0x9D55, 0x9D55, 0x9D55, 0x9D34, 0x9D13, 0x9CF3,
    0x9D14, 0x9D14, 0x9D14, 0x9D34, 0x9D34, 0x9D55, 0x9D55, 0x9D55, 0x9D55, 0x9D55, 0x9D55, 0x9D55,
    0x9D35, 0x9D34, 0x9D34, 0x9D34, 0x9D55, 0x9D55, 0x9D55, 0x9D55, 0x9D14, 0x9D14, 0x9D55, 0x9D55,
    0x9D35, 0x9D35, 0x9D55, 0x9D55, 0x9D55, 0xA555, 0xA555, 0xA555, 0xA575, 0xA576, 0xA575, 0xA575,
    0xA575, 0xA575, 0xA575, 0xA575, 0xA575, 0xA575, 0xAD96, 0xADB6, 0xADB7, 0xADF7, 0xBE38, 0xBE39,
    0xB618, 0xB5F7, 0xADB7, 0xA596, 0xA575, 0xA576, 0xADD7, 0xB5F8, 0xB5F8, 0xADD7, 0xA596, 0xA576,
    0xA596, 0xA596, 0xA575, 0xA575, 0xA555, 0xA555, 0x9D55, 0x9D55, 0x9D35, 0x9D35, 0x9D35, 0x9D55,
    0xA555, 0xA555, 0x9D35, 0x9D35, 0x9D55, 0x9D55, 0x9D55, 0x9D55, 0x9D55, 0x9D35, 0x9D35, 0x9D34,
    0x9514, 0x9514, 0x9D35, 0x9D55, 0x9D55, 0x9D55, 0x9D55, 0x9D55, 0x9D55, 0xA555, 0xA575, 0xA555,
    0x9D34, 0x9D34, 0x9D55, 0x9D55, 0x9D35, 0x9D34, 0x9D34, 0x9D55, 0xA555, 0xA555, 0x9D34, 0x9D34,
    0x9D34, 0x9D34, 0x9D35, 0x9D35, 0x9D35, 0x9D55, 0xA575, 0xA576, 0xA575, 0x9D55, 0x9D55, 0x9D35,
    0x9D35, 0x9D55, 0x9D55, 0x9D55, 0x9D55, 0x9D34, 0x9D13, 0x9CF3, 0x9D13, 0x9D14, 0x9D34, 0x9D34,
    0x9D34, 0x9D35, 0x9D55, 0x9D55, 0x9D54, 0x9D34, 0x9D34, 0x9D34, 0x9D34, 0x9D34, 0x9D34, 0x9D34,
    0x9D55, 0x9D55, 0x9D55, 0x9D34, 0x9514, 0x9514, 0x9D34, 0x9D55, 0x9D35, 0x9D35, 0x9D35, 0x9D55,
    0x9D55, 0x9D55, 0x9D54, 0xA555, 0xA575, 0xA575, 0x9D55, 0xA575, 0xA596, 0xA596, 0xA576, 0xA575,
    0xA575, 0xA575, 0xA596, 0xA596, 0xADB6, 0xADD7, 0xB618, 0xBE39, 0xBE38, 0xB618, 0xADD7, 0xA596,
    0xA575, 0xA576, 0xADF7, 0xB618, 0xADF7, 0xADD7, 0xA5B7, 0xA596, 0xA596, 0xA596, 0xA596, 0xA575,
    0xA575, 0xA555, 0x9D55, 0x9D35, 0x9D34, 0x9D34, 0x9D35, 0x9D55, 0xA555, 0xA555, 0x9D35, 0x9D35,
    0x9D55, 0x9D55, 0x9D55, 0x9D55, 0x9D55, 0x9D55, 0x9D35, 0x9D34, 0x94F3, 0x94F4, 0x9D34, 0x9D55,
    0x9D35, 0x9D35, 0x9D35, 0x9D55, 0x9D55, 0xA555, 0xA575, 0xA555, 0x9D34, 0x9D34, 0x9D35, 0x9D55,
    0x9D34, 0x9D34, 0x9D34, 0x9D34, 0xA554, 0xA554, 0x9D34, 0x9D34, 0x9D34, 0x9D34, 0x9D35, 0x9D55,
    0x9D55, 0x9D55, 0x9D55, 0xA575, 0x9D55, 0x9D35, 0x9D35, 0x9D35, 0x9D34, 0x9D34, 0x9D55, 0x9D55,
    0x9D35, 0x9D34, 0x9D13, 0x9D13, 0x9D14, 0x9D14, 0x9D34, 0x9D34, 0x9D55, 0x9D55, 0x9D55, 0x9D55,
    0x9D34, 0x9D34, 0x9D34, 0x9D34, 0x9D34, 0x9D34, 0x9D34, 0x9D34, 0x9D55, 0x9D55, 0x9D34, 0x9514,
    0x9514, 0x9514, 0x9D34, 0x9D34, 0x9D55, 0x9D35, 0x9D34, 0x9D34, 0x9D34, 0x9D34, 0x9D34, 0x9D54,
    0x9D55, 0x9D55, 0x9D55, 0xA575, 0xADD7, 0xADD7, 0xA576, 0xA575, 0xA595, 0xAD96, 0xAD96, 0xAD96,
    0xADB6, 0xADD7, 0xB618, 0xB638, 0xBE38, 0xB618, 0xADD7, 0xAD96, 0xA576, 0xA596, 0xB5F8, 0xB618,
    0xADF8, 0xADD7, 0xADD7, 0xADB7, 0xA596, 0xA596, 0xA575, 0xA575, 0xA575, 0xA555, 0x9D55, 0x9D34,
    0x9D34, 0x9D34, 0x9D34, 0x9D34, 0xA534, 0xA534, 0x9D35, 0x9D55, 0x9D55, 0x9D55, 0x9D55, 0x9D55,
    0x9D35, 0x9D35, 0x9D34, 0x9D34, 0x94F3, 0x94F3, 0x9D34, 0x9D35, 0x9D35, 0x9D35, 0x9D35, 0x9D55,
    0xA555, 0xA555, 0xA555, 0x9D54, 0x9D34, 0x9D34, 0x9D34, 0x9D34, 0x9D14, 0x9D14, 0x9D14, 0x9D34,
    0x9D34, 0x9D34, 0x9D34, 0x9D34, 0x9D34, 0x9D35, 0x9D55, 0x9D55, 0x9D55, 0x9D55, 0x9D55, 0xA555,
    0x94F4, 0x94F4, 0x9D14, 0x9514, 0x9513, 0x94F3, 0x9514, 0x9514, 0x9513, 0x94F3, 0x94F3, 0x94F3,
    0x94F3, 0x94F3, 0x9514, 0x9D14, 0x9D14, 0x9D34, 0x9D34, 0x9D14, 0x9D14, 0x9D13, 0x9D14, 0x9514,
    0x9D14, 0x9D14, 0x9D14, 0x9D14, 0x9D34, 0x9D14, 0x9514, 0x94F3, 0x94D3, 0x94D3, 0x94F3, 0x9514,
    0x9D14, 0x9514, 0x94F3, 0x94F3, 0x9D13, 0x9D13, 0x9D13, 0x9D14, 0x9D14, 0x9D14, 0x9D14, 0x9D55,
    0xADB6, 0xADB6, 0xA555, 0x9D34, 0xA575, 0xA575, 0xA576, 0xA576, 0xA596, 0xA596, 0xADB6, 0xADD7,
    0xADD7, 0xADD7, 0xAD96, 0xA575, 0x9D55, 0xA555, 0xADB6, 0xADD7, 0xADB7, 0xA596, 0xA596, 0xA596,
    0xA575, 0x9D55, 0xA555, 0xA554, 0x9D34, 0x9D34, 0x9D14, 0x9D14, 0x9514, 0x9514, 0x9514, 0x9D14,
    0x9D34, 0x9D34, 0x9D34, 0x9D14, 0x9D34, 0x9D34, 0x9D34, 0x9D14, 0x9514, 0x9514, 0x9514, 0x9513,
    0x94D3, 0x94D3, 0x94F4, 0x9514, 0x9514, 0x9514, 0x9514, 0x9D14, 0x9D34, 0x9D34, 0x9D34, 0x9D14,
    0x9D14, 0x94F3, 0x94F3, 0x94F3, 0x94F3, 0x94F3, 0x94F3, 0x94F3, 0x9D14, 0x9D14, 0x9D14, 0x9514,
    0x9514, 0x9514, 0x9D34, 0x9D34, 0x9D14, 0x9D14, 0x9D34, 0x9D34, 0x8C92, 0x8C92, 0x94D3, 0x94D3,
    0x8CB2, 0x8C92, 0x8C92, 0x8C91, 0x8C91, 0x8C92, 0x94B2, 0x94D2, 0x94B2, 0x8CB2, 0x8CB2, 0x8CD3,
    0x94D3, 0x94D3, 0x94D3, 0x94D3, 0x94F3, 0x94F3, 0x94D3, 0x8CD3, 0x94D3, 0x94D3, 0x94D3, 0x94D3,
    0x94F3, 0x94F3, 0x94D3, 0x8CB2, 0x8C91, 0x8C71, 0x8CB2, 0x8CB2, 0x8CB2, 0x8CB2, 0x8C92, 0x8C92,
    0x94D2, 0x94D3, 0x94D2, 0x94D2, 0x94F3, 0x94F3, 0x94D3, 0x94D3, 0x9D14, 0x9D14, 0x94F3, 0x9D14,
    0x9D34, 0xA554, 0x9D34, 0x9D35, 0x9D55, 0x9D35, 0x9D14, 0x9D14, 0x9D34, 0x9D35, 0x9D34, 0x9D14,
    0x94F3, 0x94F3, 0x9D14, 0x9D34, 0x9D14, 0x9D14, 0x9D34, 0x9D14, 0x94F4, 0x94F3, 0x9CF3, 0x9CF3,
    0x94D3, 0x94D3, 0x94D3, 0x94D3, 0x8CB2, 0x8CB2, 0x8CB2, 0x94D2, 0x9D13, 0x9D13, 0x94F3, 0x94D3,
    0x94D3, 0x94D3, 0x94D3, 0x94D3, 0x8CD3, 0x8CB2, 0x94D2, 0x8CB2, 0x8C92, 0x8C92, 0x8CB2, 0x8CB2,
    0x8CD3, 0x8CD3, 0x8CB3, 0x8CD3, 0x94D3, 0x94D3, 0x94D3, 0x94D3, 0x94D3, 0x8CB2, 0x8C92, 0x8C92,
    0x8CB2, 0x8CB2, 0x8C92, 0x8CB2, 0x94D2, 0x94D3, 0x94D3, 0x94D3, 0x8CD3, 0x8CD3, 0x94D3, 0x94D3,
    0x8CD3, 0x8CD3, 0x94D3, 0x94D3, 0x8C91, 0x8CB2, 0x94F3, 0x94F3, 0x94D2, 0x8CB2, 0x8CB2, 0x8C92,
    0x8C91, 0x8CB2, 0x94B2, 0x94D2, 0x94D3, 0x94D3, 0x94D3, 0x94D3, 0x94F3, 0x94F3, 0x94F3, 0x94F3,
    0x94D3, 0x94D3, 0x94D3, 0x94D3, 0x94D3, 0x94D3, 0x94D3, 0x94F3, 0x94F3, 0x94F3, 0x94F3, 0x94D3,
    0x8C91, 0x8C91, 0x8CB2, 0x94D3, 0x94D3, 0x8CD2, 0x8CB2, 0x8CB2, 0x94F3, 0x94F3, 0x94D2, 0x94D3,
    0x94F3, 0x94F4, 0x94F3, 0x94D3, 0x94F3, 0x94F3, 0x9514, 0x9D14, 0x9D34, 0xA534, 0x9D34, 0x9D34,
    0x9D34, 0x9D34, 0x94F4, 0x94F3, 0x9D14, 0x9D14, 0x9D14, 0x94F3, 0x94D3, 0x94D3, 0x94F4, 0x9D14,
    0x9514, 0x94F4, 0x9514, 0x9514, 0x94F3, 0x94F3, 0x9D13, 0x9CF3, 0x94D3, 0x94D3, 0x94D3, 0x94F3,
    0x8CD3, 0x8CB2, 0x8CB2, 0x94D2, 0x9CF3, 0x9CF3, 0x94F3, 0x94D3, 0x94D3, 0x94D3, 0x94F3, 0x94F3,
    0x94D3, 0x8CB2, 0x8CB2, 0x8CB2, 0x8C92, 0x8C92, 0x8CB2, 0x94D3, 0x94D3, 0x94D3, 0x94D3, 0x94D3,
    0x94D3, 0x94D3, 0x94D3, 0x94D3, 0x94D3, 0x8CD3, 0x8CB2, 0x8C92, 0x8CB2, 0x8CB2, 0x8CB2, 0x8CB2,
    0x94D3, 0x94F3, 0x94D3, 0x94D3, 0x8CD3, 0x94D3, 0x94F3, 0x94F3, 0x94D3, 0x8CD3, 0x94D3, 0x94D3,
    0x94F3, 0x9D14, 0x9D55, 0xA555, 0x9D55, 0x9D34, 0x9D34, 0x9D14, 0x9D14, 0x9D13, 0x9CF3, 0x9D13,
    0x9D34, 0x9D55, 0x9D55, 0x9D55, 0xA575, 0xA555, 0x9D55, 0x9D34, 0x9CF3, 0x94F3, 0x9D14, 0x9D34,
    0x9D14, 0x9D34, 0x9D34, 0x9D35, 0x9D55, 0x9D35, 0x9D34, 0x9514, 0x94F3, 0x94F3, 0x9D34, 0x9D35,
    0x9D55, 0x9D35, 0x9D34, 0x9D34, 0xA555, 0xA555, 0x9D34, 0x9D34, 0x9D55, 0x9D55, 0x9D55, 0x9D55,
    0xA575, 0xA575, 0xA555, 0xA555, 0xA555, 0xA555, 0xA555, 0xA555, 0xA555, 0x9D55, 0x9D55, 0x9D55,
    0xA575, 0xA575, 0xA555, 0x9D34, 0x94F3, 0x94F3, 0x9D55, 0xA575, 0xA555, 0x9D55, 0x9D55, 0x9D34,
    0x9D34, 0x9D34, 0xA575, 0xA555, 0x9D14, 0x9514, 0x9D35, 0x9D55, 0x9D34, 0x9D14, 0x9D13, 0x94F3,
    0x9CF3, 0x9D13, 0x9D34, 0x9D34, 0x9D34, 0x9D34, 0x9D55, 0x9D55, 0x9D34, 0x9514, 0x94F3, 0x94D3,
    0x94D2, 0x94D3, 0x9D34, 0x9D55, 0x9D34, 0x9D34, 0x9D34, 0x9D34, 0x9D35, 0x9D34, 0x9D14, 0x9D14,
    0x9D34, 0x9D34, 0x9D14, 0x9D14, 0x9D14, 0x9D14, 0x9D34, 0x9D34, 0x9D34, 0x9D34, 0x9D35, 0x9D35,
    0x9D35, 0x9D35, 0x9D55, 0x9D55, 0x9D35, 0x9D34, 0x9514, 0x9514, 0x9D34, 0x9D55, 0xA575, 0xA596,
    0xA596, 0xA575, 0xA555, 0x9D55, 0xA555, 0x9D54, 0x9D14, 0x9D34, 0xA575, 0xA596, 0xA576, 0xA596,
    0xA596, 0xA596, 0xA575, 0x9D55, 0x9D14, 0x9D14, 0x9D55, 0x9D55, 0x9D55, 0x9D55, 0x9D55, 0x9D55,
    0x9D55, 0x9D55, 0x9D55, 0x9D35, 0x9D14, 0x9D34, 0x9D55, 0xA576, 0xA576, 0xA576, 0xA576, 0xA576,
    0xA596, 0xA596, 0xA555, 0xA555, 0xA575, 0xA576, 0xA575, 0xA576, 0xA596, 0xAD96, 0xA596, 0xA596,
    0xA575, 0xA575, 0xA596, 0xA596, 0xA596, 0xA596, 0xA596, 0xA596, 0xA596, 0xA596, 0xA576, 0x9D55,
    0x9D14, 0x9D14, 0xA575, 0xA596, 0xA576, 0xA575, 0xA555, 0x9D55, 0x9D55, 0xA555, 0xAD96, 0xA596,
    0x9D55, 0x9D35, 0x9D75, 0xA575, 0xA575, 0xA555, 0x9D34, 0x9D14, 0x9D13, 0x9D14, 0x9D55, 0xA555,
    0x9D55, 0x9D55, 0xA575, 0xA575, 0x9D55, 0x9D35, 0x9D14, 0x9514, 0x94F3, 0x9D13, 0x9D55, 0xA575,
    0xA575, 0xA555, 0xA555, 0xA575, 0xA575, 0xA575, 0xA555, 0x9D34, 0x9D55, 0x9D55, 0x9D55, 0x9D55,
    0x9D55, 0x9D55, 0x9D55, 0x9D55, 0xA555, 0xA555, 0x9D55, 0x9D55, 0x9D55, 0x9D55, 0x9D75, 0xA575,
    0xA555, 0x9D55, 0x9D35, 0x9D34, 0x9D55, 0x9D55, 0xA555, 0xA575, 0x9D75, 0x9D55, 0x9D55, 0x9D55,
    0xA555, 0xA555, 0x9D34, 0x9D34, 0xA555, 0xA575, 0xA575, 0xA575, 0x9D55, 0x9D55, 0x9D55, 0x9D34,
    0x9D34, 0x9D34, 0x9D55, 0x9D55, 0x9D55, 0x9D55, 0x9D35, 0x9D35, 0x9D55, 0x9D55, 0x9D55, 0x9D35,
    0x9D14, 0x9D34, 0x9D55, 0xA576, 0xA575, 0xA576, 0xA596, 0xA596, 0xA576, 0xA575, 0xA555, 0xA555,
    0xA575, 0xA575, 0xA575, 0xA576, 0xA596, 0xA596, 0xA596, 0xA596, 0xAD96, 0xADB6, 0xB5D7, 0xB5F7,
    0xB5F7, 0xADD7, 0xADB7, 0xA596, 0xAD96, 0xA596, 0xA575, 0x9D55, 0x9D34, 0x9D34, 0x9D55, 0xA575,
    0xA576, 0xA575, 0x9D55, 0x9D34, 0x9D34, 0x9D55, 0xA596, 0xA596, 0x9D55, 0x9D55, 0x9D55, 0xA575,
    0xA575, 0xA555, 0x9D34, 0x9D34, 0x9D34, 0x9D34, 0x9D55, 0x9D55, 0x9D55, 0x9D55, 0x9D55, 0x9D55,
    0x9D55, 0x9D55, 0x9D35, 0x9D34, 0x9D14, 0x9D14, 0x9D34, 0xA555, 0xA575, 0xA575, 0x9D55, 0xA575,
    0xA576, 0xA576, 0xA575, 0x9D55, 0x9D55, 0x9D35, 0x9D35, 0x9D35, 0x9D35, 0x9D35, 0x9D35, 0x9D55,
    0xA555, 0xA555, 0x9D55, 0x9D55, 0x9D55, 0x9D55, 0x9D55, 0x9D55, 0x9D55, 0x9D35, 0x9D34, 0x9D14,
    0x9D55, 0x9D55, 0x9D55, 0x9D55, 0x9D55, 0x9D55, 0x9D35, 0x9D55, 0xA555, 0xA555, 0x9D34, 0x9D34,
    0x9D55, 0x9D55, 0x9D55, 0x9D55, 0x9D35, 0x9D35, 0x9D35, 0x9D34, 0x9D34, 0x9D34, 0x9D55, 0x9D55,
    0x9D55, 0x9D35, 0x9D34, 0x9D34, 0x9D35, 0x9D55, 0x9D55, 0x9D34, 0x9514, 0x9D14, 0x9D55, 0xA575,
    0xA576, 0xA576, 0xA576, 0xA576, 0xA575, 0xA555, 0xA555, 0xA555, 0xA575, 0xA576, 0xA576, 0xA576,
    0xA596, 0xA596, 0xA596, 0xA596, 0xAD96, 0xADB6, 0xB5D7, 0xB5F7, 0xB5F7, 0xB5F7, 0xADD7, 0xADB7,
    0xAD96, 0xA576, 0xA555, 0x9D34, 0x9D34, 0x9D34, 0x9D55, 0xA575, 0xA596, 0xA576, 0x9D55, 0x9D34,
    0x9D34, 0x9D55, 0xA575, 0xA576, 0xA575, 0x9D55, 0x9D55, 0x9D55, 0xA555, 0x9D55, 0x9D34, 0x9D34,
    0x9D34, 0x9D34, 0x9D34, 0x9D55, 0x9D35, 0x9D35, 0x9D35, 0x9D35, 0x9D55, 0x9D55, 0x9D55, 0x9D34,
    0x9D14, 0x9D14, 0x9D34, 0x9D55, 0xA555, 0xA575, 0x9D55, 0x9D55, 0xA576, 0xA576, 0xA575, 0x9D55,
    0x9D35, 0x9D34, 0x9D34, 0x9D34, 0x9D35, 0x9D35, 0x9D34, 0x9D35, 0xA555, 0xA555, 0x9D55, 0x9D35,
    0x9D55, 0x9D55, 0x9D55, 0x9D35, 0x9D35, 0x9D34, 0x9D14, 0x9514, 0x9D34, 0x9D34, 0x9D55, 0x9D55,
    0x9D55, 0x9D35, 0x9D34, 0x9D35, 0x9D55, 0xA555, 0x9D34, 0x9D34, 0x9D55, 0x9D55, 0x9D55, 0x9D55,
    0x9D35, 0x9D35, 0x9D35, 0x9D34, 0x9D34, 0x9D34, 0x9D34, 0x9D35, 0x9D34, 0x9D34, 0x9D14, 0x9D34,
    0x9D35, 0x9D35, 0x9D35, 0x9D34, 0x9514, 0x9514, 0x9D35, 0x9D55, 0xA576, 0xA576, 0xA555, 0x9D55,
    0xA575, 0xA575, 0xA555, 0xA555, 0xA576, 0xA596, 0xA576, 0xA576, 0xA596, 0xA596, 0xA576, 0xA575,
    0xA575, 0xAD96, 0xA596, 0xA596, 0xAD96, 0xADB7, 0xB5F8, 0xB5F8, 0xA596, 0xA575, 0x9D34, 0x9D14,
    0x9D14, 0x9D34, 0xA555, 0xA596, 0xADB7, 0xADB6, 0x9D55, 0x9D35, 0x9D35, 0x9D55, 0xA575, 0xA575,
    0xA576, 0xA575, 0x9D55, 0x9D55, 0x9D35, 0x9D34, 0x9D34, 0x9D14, 0x9D13, 0x9D13, 0x9D14, 0x9D34,
    0x9D34, 0x9D34, 0x9D34, 0x9D34, 0x9D55, 0x9D55, 0x9D35, 0x9D14, 0x94F3, 0x94F3, 0x9D34, 0x9D55,
    0x9D55, 0x9D55, 0x9D55, 0x9D55, 0xA576, 0xA575, 0xA555, 0x9D55, 0x9D34, 0x9D34, 0x9D34, 0x9D34,
    0x9D35, 0x9D35, 0x9D35, 0x9D35, 0xA555, 0xA555, 0x9D55, 0x9D35, 0x9D55, 0x9D55, 0x9D55, 0x9D55,
    0x9D35, 0x9D34, 0x9514, 0x9514, 0x9D14, 0x9D14, 0x9D35, 0x9D55, 0x9D35, 0x9D34, 0x9D34, 0x9D34,
    0x9D55, 0x9D55, 0x9D34, 0x9D34, 0x9D35, 0x9D55, 0x9D55, 0x9D55, 0x9D55, 0x9D35, 0x9D34, 0x9D34,
    0x9D34, 0x9D34, 0x9D34, 0x9D34, 0x9D34, 0x9D14, 0x9D34, 0x9D35, 0x9D35, 0x9D35, 0x9D35, 0x9D14,
    0x94F4, 0x9514, 0x9D34, 0x9D55, 0xA576, 0xA576, 0x9D55, 0x9D55, 0xA575, 0xA575, 0xA555, 0xA555,
    0xA576, 0xA596, 0xA576, 0xA576, 0xA596, 0xA596, 0xA575, 0xA555, 0xA575, 0xA575, 0xA555, 0xA555,
    0xA575, 0xA596, 0xB5F7, 0xB5F7, 0xA596, 0xA555, 0x9D35, 0x9D14, 0x9514, 0x9D14, 0xA555, 0xA596,
    0xADB6, 0xA596, 0x9D55, 0x9D55, 0x9D55, 0x9D55, 0xA555, 0xA575, 0xA576, 0xA576, 0xA555, 0x9D55,
    0x9D35, 0x9D34, 0x9D34, 0x9D34, 0x9D14, 0x9D13, 0x9D14, 0x9D34, 0x9D34, 0x9D34, 0x9D34, 0x9D34,
    0x9D35, 0x9D55, 0x9D35, 0x9D14, 0x94F3, 0x94F3, 0x9D34, 0x9D55, 0x9D55, 0x9D55, 0x9D55, 0x9D55,
    0x9D55, 0x9D55, 0x9D55, 0x9D34, 0x9D34, 0x9D34, 0x9D34, 0x9D34, 0x9D34, 0x9D35, 0x9D35, 0x9D35,
    0x9D35, 0x9D35, 0x9D35, 0x9D35, 0x9D35, 0x9D55, 0x9D55, 0x9D55, 0x9D35, 0x9D34, 0x9514, 0x9514,
    0x9D14, 0x9D14, 0x9D34, 0x9D35, 0x9D35, 0x9D34, 0x9D34, 0x9D34, 0x9D35, 0x9D35, 0x9D34, 0x9D34,
    0x9D34, 0x9D55, 0x9D55, 0x9D55, 0x9D55, 0x9D35, 0x9D14, 0x9D14, 0x9D14, 0x9D14, 0x9D14, 0x9D34,
    0x9D34, 0x9D34, 0x9D35, 0x9D35, 0x9D35, 0x9D35, 0x9D35, 0x9D14, 0x94F4, 0x94F4, 0x9D35, 0x9D55,
    0xA576, 0xA576, 0xA555, 0x9D55, 0xA575, 0xA575, 0x9D55, 0x9D55, 0xA575, 0xA575, 0xA575, 0xA575,
    0xA596, 0xA596, 0xA575, 0xA555, 0xA575, 0xA575, 0xA555, 0x9D55, 0x9D55, 0xA555, 0xA596, 0xADB6,
    0xA596, 0xA575, 0x9D55, 0x9D34, 0x9514, 0x9D14, 0x9D55, 0xA575, 0xA575, 0x9D55, 0x9D55, 0x9D55,
    0x9D75, 0xA576, 0xA575, 0xA575, 0xA555, 0xA555, 0xA575, 0xA575, 0x9D55, 0x9D55, 0x9D55, 0x9D55,
    0x9D34, 0x9D34, 0x9D34, 0x9D34, 0x9D34, 0x9D34, 0x9D34, 0x9D34, 0x9D34, 0x9D34, 0x9D55, 0x9D34,
    0x94F3, 0x94F3, 0x9D14, 0x9D55, 0x9D55, 0x9D55, 0x9D55, 0x9D55, 0x9D55, 0x9D55, 0x9D55, 0x9D34,
    0x9D35, 0x9D35, 0x9D34, 0x9D34, 0x9D34, 0x9D34, 0x9D35, 0x9D35, 0x9D34, 0x9D35, 0x9D55, 0x9D35,
    0x9D34, 0x9D34, 0x9D35, 0x9D55, 0x9D35, 0x9D35, 0x9D34, 0x9514, 0x9513, 0x9D14, 0x9D34, 0x9D35,
    0x9D34, 0x9D34, 0x9D34, 0x9D34, 0x9D34, 0x9D34, 0x9D34, 0x9D34, 0x9D34, 0x9D55, 0x9D55, 0x9D55,
    0x9D55, 0x9D35, 0x9D14, 0x9D14, 0x9D13, 0x9D13, 0x9D14, 0x9D14, 0x9D34, 0x9D34, 0x9D55, 0x9D55,
    0x9D55, 0x9D35, 0x9D34, 0x9D14, 0x94F3, 0x94F3, 0x9D34, 0x9D55, 0xA575, 0xA575, 0x9D55, 0x9D55,
    0xA576, 0xA575, 0xA555, 0xA555, 0xA575, 0xA575, 0xA575, 0xA575, 0xA596, 0xA596, 0xA575, 0xA555,
    0xA555, 0xA555, 0x9D55, 0x9D34, 0x9D34, 0x9D55, 0xA575, 0xA596, 0xA575, 0xA575, 0x9D75, 0x9D55,
    0x9514, 0x9D14, 0x9D55, 0xA575, 0x9D55, 0x9D35, 0x9D55, 0x9D55, 0xA575, 0xA576, 0xA575, 0xA575,
    0xA555, 0x9D55, 0xA576, 0xA576, 0x9D55, 0x9D55, 0x9D55, 0x9D55, 0x9D34, 0x9D34, 0x9D34, 0x9D34,
    0x9D34, 0x9D34, 0x9D34, 0x9D34, 0x9D34, 0x9D34, 0x9D34, 0x9D34, 0x94F3, 0x94F3, 0x9D14, 0x9D34,
    0x9D55, 0x9D55, 0x9D55, 0x9D55, 0x9D55, 0x9D55, 0xA555, 0xA555, 0x9D55, 0x9D35, 0x9D34, 0x9D34,
    0x9D34, 0x9D34, 0x9D35, 0x9D35, 0x9D34, 0x9D34, 0x9D55, 0x9D35, 0x9D34, 0x9D34, 0x9D35, 0x9D35,
    0x9D35, 0x9D34, 0x9D34, 0x9514, 0x94F3, 0x9D13, 0x9D34, 0x9D55, 0x9D34, 0x9D14, 0x9D14, 0x9D34,
    0x9D34, 0x9D34, 0x9D34, 0x9D34, 0x9D55, 0x9D55, 0x9D55, 0x9D55, 0x9D55, 0x9D55, 0x9D34, 0x9D14,
    0x9CF3, 0x9CF3, 0x9D14, 0x9D34, 0x9D34, 0x9D34, 0x9D35, 0x9D55, 0x9D55, 0x9D35, 0x9D34, 0x9513,
    0x94D2, 0x94D2, 0x9D14, 0x9D55, 0x9D55, 0x9D55, 0x9D55, 0x9D55, 0xA576, 0xA596, 0xA596, 0xA596,
    0xA596, 0xA596, 0xA576, 0xA596, 0xAD96, 0xAD96, 0xA596, 0xA575, 0xA555, 0xA554, 0xA554, 0xA554,
    0xA555, 0xA575, 0xA575, 0xA575, 0xA575, 0xA575, 0xA575, 0x9D55, 0x9D14, 0x9D34, 0xA555, 0xA575,
    0x9D55, 0x9D55, 0xA575, 0xA576, 0xA575, 0xA555, 0xA555, 0xA555, 0x9D55, 0xA555, 0xA576, 0xA576,
    0xA575, 0x9D55, 0x9D55, 0x9D55, 0x9D34, 0x9D34, 0x9D34, 0x9D54, 0x9D34, 0x9D34, 0x9D34, 0x9D34,
    0x9D34, 0x9D14, 0x9D14, 0x9513, 0x94D3, 0x94D3, 0x9513, 0x9D34, 0x9D55, 0x9D55, 0x9D55, 0x9D55,
    0x9D75, 0xA575, 0xA575, 0xA575, 0xA555, 0x9D55, 0x9D34, 0x9D34, 0x9D34, 0x9D55, 0x9D55, 0x9D55,
    0x9D34, 0x9D34, 0x9D35, 0x9D55, 0x9D35, 0x9D34, 0x9D34, 0x9D34, 0x9D34, 0x9D34, 0x9514, 0x9514,
    0x94F3, 0x9D13, 0x9D34, 0x9D34, 0x9D34, 0x9D14, 0x9D14, 0x9D14, 0x9D14, 0x9D14, 0x9D14, 0x9D34,
    0x9D34, 0x9D55, 0x9D55, 0x9D55, 0x9D55, 0x9D35, 0x9D34, 0x9D14, 0x94F3, 0x94F3, 0x9D14, 0x9D34,
    0x9D34, 0x9D34, 0x9D34, 0x9D34, 0x9D35, 0x9D34, 0x9D34, 0x94F3, 0x94B2, 0x94B2, 0x9D14, 0x9D34,
    0x9D34, 0x9D34, 0x9D34, 0xA555, 0xA575, 0xA576, 0xA575, 0xA575, 0xA575, 0xA575, 0xA575, 0xA575,
    0xA596, 0xA596, 0xA575, 0xA555, 0xA554, 0x9D34, 0xA534, 0xA554, 0xA555, 0xA555, 0xA555, 0xA555,
    0xA555, 0xA555, 0xA555, 0x9D55, 0x9D14, 0x9D14, 0xA555, 0xA575, 0x9D55, 0x9D55, 0xA575, 0xA575,
    0xA555, 0x9D55, 0x9D55, 0x9D55, 0x9D55, 0xA555, 0xA576, 0xA576, 0xA555, 0x9D55, 0xA555, 0x9D55,
    0x9D14, 0x9D13, 0x9D34, 0x9D34, 0x9D34, 0x9D34, 0x9D34, 0x9D34, 0x9D14, 0x9D14, 0x9513, 0x94F3,
    0x94D2, 0x94F3, 0x9D14, 0x9D34, 0x9D55, 0x9D55, 0x9D55, 0x9D55, 0xA555, 0xA575, 0xA555, 0xA555,
    0xA555, 0x9D55, 0x9D55, 0x9D55, 0x9D34, 0x9D34, 0x9D54, 0x9D54, 0x9D34, 0x9D34, 0x9D34, 0x9D55,
    0x9D55, 0x9D55, 0x9D34, 0x9D34, 0x9D34, 0x9D34, 0x9514, 0x94F3, 0x94D2, 0x94F3, 0x9D13, 0x9D34,
    0x9D14, 0x9D13, 0x9D13, 0x9CF3, 0x9CF3, 0x9CF3, 0x9CF3, 0x9D13, 0x9D34, 0x9D34, 0x9D54, 0x9D34,
    0x9D14, 0x9D14, 0x9D34, 0x9D13, 0x94F2, 0x94F3, 0x9D14, 0x9D34, 0xA534, 0x9D34, 0x9D34, 0x9D34,
    0x9D34, 0x9D34, 0x9D14, 0x94F3, 0x94B2, 0x94B2, 0x9CF3, 0x9D34, 0x9D34, 0x9D34, 0x9D34, 0xA554,
    0xA575, 0xA554, 0x9D13, 0x9CF3, 0x9D14, 0x9D34, 0x9D34, 0xA534, 0xA555, 0xA554, 0x9D34, 0x9D33,
    0x9D13, 0x9D34, 0x9D34, 0x9D34, 0x9D34, 0x9D34, 0x9D34, 0x9D34, 0xA555, 0xA555, 0x9D34, 0x9D14,
    0x9CF3, 0x9D13, 0xA534, 0xA555, 0xA555, 0x9D34, 0x9D34, 0x9D34, 0x9D34, 0x9D34, 0x9D14, 0x9D14,
    0x9D34, 0xA555, 0xA555, 0xA555, 0xA554, 0x9D34, 0xA555, 0xA534, 0x9D14, 0x9D13, 0x9D13, 0x9D14,
    0x9D14, 0x9D34, 0x9D34, 0x9D34, 0x9D14, 0x9D13, 0x94F3, 0x94D3, 0x94F3, 0x9D13, 0x9D34, 0xA555,
    0x9D34, 0x9D34, 0x9D34, 0x9D34, 0xA555, 0xA554, 0x9D14, 0x9D13, 0x9D34, 0xA555, 0xA575, 0xA555,
    0x9D34, 0x9D13, 0x9D13, 0x9D13, 0x9D13, 0x9D34, 0xA534, 0xA555, 0xA555, 0xA555, 0x9D34, 0x9D34,
    0x9D34, 0x9D14, 0x94F3, 0x94F3, 0x94D3, 0x94F3, 0x9D14, 0x9D34, 0x9D14, 0x9D14, 0x9D13, 0x9D13,
    0x9CF3, 0x9CF3, 0x9CF3, 0x9D13, 0x9D34, 0x9D34, 0x9D34, 0x9D34, 0x9D13, 0x9D13, 0x9D34, 0x9D14,
    0x9CF3, 0x9CF3, 0x9D14, 0x9D34, 0xA534, 0xA534, 0x9D34, 0x9D34, 0x9D34, 0x9D34, 0x9D34, 0x9CF3,
    0x94D2, 0x94B2, 0x9CF3, 0x9D34, 0x9D34, 0x9D54, 0x9D34, 0x9D54, 0xA555, 0xA534, 0x9CF3, 0x94D2,
    0x9CF3, 0x9D13, 0x9D13, 0x9D14, 0x9D34, 0x9D34, 0x9D14, 0x9D13, 0x9D13, 0x9D13, 0x9D34, 0x9D34,
    0x9D34, 0x9D34, 0x9D14, 0x9D34, 0xA555, 0xA555, 0x9D34, 0x9D14, 0x9CF3, 0x9CF3, 0x9D34, 0xA555,
    0xA555, 0x9D34, 0x9D34, 0x9D34, 0x9D34, 0x9D34, 0x9D13, 0x9D14, 0xA534, 0xA555, 0xA555, 0xA555,
    0xA554, 0x9D34, 0xA555, 0xA534, 0x9D13, 0x9D13, 0x9D13, 0x9D14, 0x9D14, 0x9D34, 0x9D34, 0x9D34,
    0x9D14, 0x9D14, 0x94F3, 0x94D3, 0x94F3, 0x9D13, 0x9D34, 0xA555, 0x9D34, 0x9D34, 0x9D34, 0x9D34,
    0xA555, 0xA534, 0x9D13, 0x9D13, 0x9D34, 0xA555, 0xA575, 0xA555, 0x9D14, 0x9D13, 0x9CF3, 0x9D13,
    0x9D13, 0x9D34, 0xA534, 0xA555, 0xA555, 0xA555, 0x9D34, 0x9D34, 0x9D34, 0x9D14, 0x9CF3, 0x94F3,
    0x9D14, 0x9D14, 0x9D34, 0x9D35, 0x9D34, 0x9D34, 0x9D34, 0x9D34, 0x9D34, 0x9D34, 0x9D34, 0x9D34,
    0x9D34, 0x9D34, 0x9D35, 0x9D34, 0x9D14, 0x9D14, 0x9D34, 0x9D34, 0x9D34, 0x9D14, 0x9D14, 0x9D14,
    0x9D34, 0x9D55, 0x9D55, 0x9D55, 0xA555, 0xA555, 0x9D55, 0x9D14, 0x94D2, 0x94D2, 0x9D14, 0x9D34,
    0x9D35, 0x9D35, 0x9D34, 0x9D34, 0x9D54, 0x9D34, 0x9D13, 0x9D13, 0x9D14, 0x9D14, 0x9D14, 0x9D14,
    0x9D34, 0x9D34, 0x9D34, 0x9D34, 0x9D14, 0x9D14, 0x9D34, 0x9D35, 0x9D35, 0x9D35, 0x9D35, 0x9D55,
    0xA555, 0xA575, 0xA555, 0x9D55, 0x9D14, 0x9D14, 0x9D34, 0x9D55, 0x9D55, 0x9D55, 0x9D35, 0x9D35,
    0x9D55, 0x9D55, 0x9D34, 0xA554, 0xA555, 0xA555, 0xA555, 0xA555, 0xA555, 0xA555, 0xA555, 0x9D54,
    0x9D14, 0x9D13, 0x9D14, 0x9D34, 0x9D34, 0x9D34, 0x9D34, 0x9D34, 0x9D34, 0x9D14, 0x9513, 0x94F3,
    0x94D3, 0x94F3, 0x9D14, 0x9D35, 0x9D34, 0x9D34, 0x9D34, 0x9D55, 0xA575, 0xA555, 0x9D34, 0x9D14,
    0x9D34, 0x9D34, 0x9D55, 0x9D34, 0x9D34, 0x9D14, 0x9D14, 0x9D14, 0x9D14, 0x9D34, 0x9D54, 0x9D55,
    0x9D55, 0x9D55, 0x9D55, 0x9D35, 0x9D34, 0x9D14, 0x9514, 0x9514, 0x9D34, 0x9D34, 0x9D55, 0x9D55,
    0x9D34, 0x9D34, 0x9D34, 0x9D34, 0x9D35, 0x9D35, 0x9D34, 0x9D34, 0x9D34, 0x9D34, 0x9D35, 0x9D34,
    0x9D14, 0x9D14, 0x9D34, 0x9D55, 0xA555, 0x9D34, 0x9D14, 0x9D14, 0x9D34, 0x9D35, 0x9D55, 0x9D55,
    0x9D55, 0xA555, 0xA555, 0x9D34, 0x94D3, 0x94D3, 0x9D14, 0x9D35, 0x9D55, 0x9D55, 0x9D35, 0x9D55,
    0x9D55, 0x9D54, 0x9D14, 0x9D13, 0x9D14, 0x9D14, 0x9D14, 0x9D34, 0x9D34, 0x9D35, 0x9D55, 0x9D35,
    0x9D34, 0x9D34, 0x9D35, 0x9D55, 0x9D55, 0x9D55, 0x9D55, 0x9D55, 0xA555, 0xA575, 0xA575, 0x9D55,
    0x9D14, 0x9514, 0x9D34, 0x9D35, 0x9D55, 0x9D55, 0x9D55, 0x9D55, 0x9D55, 0x9D55, 0x9D54, 0xA554,
    0xA555, 0xA555, 0xA555, 0x9D55, 0x9D55, 0x9D55, 0x9D55, 0x9D55, 0x9D34, 0x9D14, 0x9D34, 0x9D34,
    0x9D34, 0x9D35, 0x9D35, 0x9D35, 0x9D35, 0x9D34, 0x9D14, 0x94F4, 0x94F3, 0x94F3, 0x9514, 0x9D34,
    0x9D34, 0x9D34, 0x9D34, 0x9D55, 0xA575, 0xA575, 0x9D34, 0x9D34, 0x9D34, 0x9D34, 0x9D34, 0x9D34,
    0x9D34, 0x9D14, 0x9D14, 0x9D34, 0x9D34, 0x9D34, 0x9D55, 0x9D55, 0x9D55, 0x9D55, 0x9D55, 0x9D55,
    0x9D34, 0x9D34, 0x9D14, 0x9D14, 0x9D14, 0x9D34, 0x9D55, 0x9D55, 0x9D34, 0x9D14, 0x9D14, 0x9D34,
    0x9D35, 0x9D55, 0x9D34, 0x9D34, 0x9D35, 0x9D35, 0x9D34, 0x9D14, 0x9514, 0x9D14, 0x9D34, 0x9D35,
    0xA555, 0xA535, 0x9D34, 0x9514, 0x9D14, 0x9D34, 0x9D35, 0x9D35, 0x9D35, 0x9D55, 0x9D55, 0x9D34,
    0x94D3, 0x94D3, 0x9514, 0x9D34, 0x9D35, 0x9D55, 0x9D55, 0x9D55, 0xA575, 0xA555, 0x9D13, 0x9CF3,
    0x9D14, 0x9D34, 0x9D34, 0x9D34, 0x9D34, 0x9D34, 0x9D35, 0x9D55, 0xA555, 0xA555, 0x9D35, 0x9D55,
    0xA575, 0xA575, 0x9D35, 0x9D34, 0x9D55, 0x9D55, 0x9D55, 0x9D34, 0x9513, 0x94F3, 0x9D34, 0x9D35,
    0x9D35, 0x9D35, 0x9D55, 0x9D55, 0x9D55, 0x9D55, 0x9D34, 0x9D34, 0xA555, 0xA555, 0x9D55, 0x9D35,
    0x9D35, 0x9D35, 0x9D35, 0x9D35, 0x9D34, 0x9D34, 0x9D34, 0x9D34, 0x9D35, 0x9D55, 0x9D55, 0x9D55,
    0x9D35, 0x9D35, 0x9D34, 0x9D14, 0x94F4, 0x94F4, 0x9514, 0x9D34, 0x9D34, 0x9D34, 0x9D35, 0x9D55,
    0xA575, 0xA555, 0x9D34, 0x9D14, 0x9D34, 0x9D35, 0x9D35, 0x9D34, 0x9514, 0x9514, 0x9D34, 0x9D34,
    0x9D34, 0x9D34, 0x9D55, 0x9D55, 0x9D35, 0x9D34, 0x9D34, 0x9D35, 0x9D55, 0x9D55, 0x9D35, 0x9D35,
    0x9D14, 0x9D34, 0x9D55, 0x9D55, 0x9D34, 0x9D14, 0x9D14, 0x9D34, 0x9D35, 0x9D55, 0x9D34, 0x9D34,
    0x9D35, 0x9D35, 0x9D34, 0x9514, 0x9514, 0x9D14, 0x9D34, 0x9D34, 0xA555, 0xA555, 0x9D34, 0x9514,
    0x9D14, 0x9D34, 0x9D34, 0x9D35, 0x9D35, 0x9D35, 0x9D35, 0x9D14, 0x94D3, 0x94D3, 0x9514, 0x9D34,
    0x9D35, 0x9D55, 0x9D55, 0x9D75, 0xA575, 0xA555, 0x9CF3, 0x94F3, 0x9D14, 0x9D34, 0x9D14, 0x9D34,
    0x9D34, 0x9D55, 0x9D55, 0x9D55, 0xA575, 0xA555, 0x9D55, 0x9D55, 0xA575, 0xA555, 0x9D34, 0x9D34,
    0x9D55, 0x9D55, 0x9D55, 0x9D34, 0x94F3, 0x94F3, 0x9D34, 0x9D35, 0x9D55, 0x9D55, 0x9D55, 0x9D55,
    0x9D55, 0x9D55, 0x9D34, 0x9D34, 0x9D55, 0x9D55, 0x9D55, 0x9D35, 0x9D35, 0x9D35, 0x9D35, 0x9D35,
    0xA555, 0xA555, 0x9D34, 0x9D35, 0x9D55, 0x9D55, 0x9D55, 0x9D55, 0x9D35, 0x9D35, 0x9D34, 0x9D34,
    0x9514, 0x9514, 0x9514, 0x9D34, 0x9D34, 0x9D34, 0x9D35, 0x9D55, 0x9D55, 0x9D55, 0x9D34, 0x9D14,
    0x9D34, 0x9D55, 0x9D55, 0x9D34, 0x9514, 0x9514, 0x9D34, 0x9D34, 0x9D34, 0x9D55, 0x9D55, 0x9D55,
    0x9D55, 0x9D34, 0x9D34, 0x9D35, 0x9D55, 0x9D55, 0x9D35, 0x9D34, 0x9D34, 0x9D34, 0x9D55, 0x9D55,
    0x9D55, 0x9D55, 0x9D35, 0x9D35, 0x9D35, 0x9D35, 0x9D34, 0x9D34, 0x9D34, 0x9D34, 0x9D34, 0x9514,
    0x9514, 0x9D14, 0x9D34, 0x9D34, 0xA555, 0xA555, 0x9D34, 0x9D34, 0x9D34, 0x9D34, 0x9D35, 0x9D55,
    0x9D55, 0x9D55, 0x9D34, 0x9514, 0x94D3, 0x94D3, 0x9514, 0x9D35, 0x9D35, 0x9D55, 0x9D55, 0x9D55,
    0xA575, 0x9D55, 0x9D13, 0x94F3, 0x9D14, 0x9D14, 0x9514, 0x9514, 0x9D55, 0x9D55, 0x9D55, 0x9D55,
    0xA575, 0xA575, 0xA555, 0x9D55, 0x9D55, 0x9D35, 0x9D34, 0x9D34, 0x9D35, 0x9D55, 0x9D55, 0x9D35,
    0x94F3, 0x94F3, 0x9D34, 0x9D55, 0x9D55, 0x9D55, 0x9D55, 0x9D55, 0x9D55, 0x9D55, 0x9D35, 0x9D34,
    0x9D35, 0x9D55, 0x9D55, 0x9D55, 0x9D55, 0x9D55, 0x9D34, 0x9D34, 0xA555, 0xA555, 0x9D35, 0x9D35,
    0x9D55, 0x9D55, 0x9D55, 0x9D55, 0x9D35, 0x9D34, 0x9D35, 0x9D34, 0x9514, 0x94F4, 0x9514, 0x9D34,
    0x9D34, 0x9D34, 0x9D34, 0x9D35, 0x9D55, 0x9D55, 0x9D34, 0x9D34, 0x9D35, 0x9D55, 0x9D55, 0x9D35,
    0x9D14, 0x9D14, 0x9D34, 0x9D35, 0xA555, 0xA555, 0x9D55, 0x9D55, 0x9D55, 0x9D55, 0x9D35, 0x9D35,
    0x9D35, 0x9D34, 0x9514, 0x9514, 0x9D34, 0x9D34, 0x9D55, 0x9D55, 0x9D55, 0x9D55, 0x9D55, 0x9D55,
    0x9D55, 0x9D34, 0x9D34, 0x9D14, 0x9D14, 0x9D34, 0x9D34, 0x9D14, 0x9D14, 0x9D14, 0x9D34, 0x9D34,
    0xA555, 0xA555, 0x9D35, 0x9D34, 0x9D34, 0x9D34, 0x9D35, 0x9D55, 0x9D55, 0x9D55, 0x9D34, 0x9514,
    0x94D3, 0x94D3, 0x9514, 0x9D34, 0x9D35, 0x9D35, 0x9D55, 0x9D55, 0x9D55, 0x9D34, 0x9D13, 0x9513,
    0x9D34, 0x9D34, 0x9514, 0x9D14, 0x9D55, 0x9D55, 0x9D55, 0x9D55, 0xA555, 0xA555, 0xA555, 0x9D55,
    0x9D34, 0x9D34, 0x9D34, 0x9D34, 0x9D34, 0x9D35, 0x9D55, 0x9D34, 0x94F3, 0x94F3, 0x9D34, 0x9D55,
    0x9D55, 0x9D55, 0x9D55, 0x9D55, 0x9D55, 0x9D55, 0x9D35, 0x9D34, 0x9D35, 0x9D55, 0x9D55, 0x9D55,
    0x9D35, 0x9D34, 0x9D14, 0x9D14, 0x9D34, 0x9D34, 0x9D35, 0x9D35, 0x9D35, 0x9D35, 0x9D35, 0x9D35,
    0x9D34, 0x9D34, 0x9D35, 0x9D34, 0x94F4, 0x94F4, 0x9514, 0x9D34, 0x9D34, 0x9D34, 0x9D34, 0x9D34,
    0x9D35, 0x9D35, 0x9D55, 0x9D55, 0x9D55, 0x9D55, 0x9D55, 0x9D55, 0x9D34, 0x9D34, 0x9D34, 0x9D35,
    0xA555, 0xA555, 0x9D55, 0x9D55, 0x9D55, 0x9D55, 0x9D55, 0x9D35, 0x9D34, 0x9D34, 0x9514, 0x94F4,
    0x9D34, 0x9D34, 0x9D55, 0x9D55, 0x9D55, 0x9D55, 0x9D55, 0x9D55, 0x9D55, 0x9D34, 0x9D14, 0x9D14,
    0x9D14, 0x9D14, 0x9D34, 0x9D34, 0x9D34, 0x9D34, 0x9D34, 0x9D34, 0xA555, 0xA555, 0x9D55, 0x9D35,
    0x9D34, 0x9D34, 0x9D34, 0x9D34, 0x9D55, 0x9D55, 0x9D55, 0x9D34, 0x94F3, 0x94F3, 0x9514, 0x9D34,
    0x9D34, 0x9D34, 0x9D34, 0x9D34, 0x9D55, 0x9D34, 0x94F3, 0x9513, 0x9D34, 0x9D55, 0x9D55, 0x9D55,
    0x9D55, 0x9D55, 0x9D34, 0x9D34, 0x9D54, 0xA554, 0x9D55, 0x9D34, 0x9D34, 0x9D14, 0x9D14, 0x9D14,
    0x9D14, 0x9D14, 0x9D14, 0x9514, 0x94F3, 0x94F3, 0x9514, 0x9D34, 0x9D55, 0x9D55, 0x9D55, 0x9D55,
    0x9D55, 0x9D55, 0x9D34, 0x9D34, 0x9D55, 0x9D55, 0x9D34, 0x9D34, 0x9514, 0x94F3, 0x94F3, 0x94F3,
    0x9D13, 0x9D14, 0x9D34, 0x9D34, 0x9D35, 0x9D35, 0x9D34, 0x9D34, 0x9514, 0x9D14, 0x9D34, 0x9D34,
    0x94F4, 0x94F4, 0x9514, 0x9D34, 0x9D34, 0x9D34, 0x9D34, 0x9D34, 0x9D35, 0x9D35, 0x9D55, 0x9D55,
    0x9D55, 0x9D55, 0x9D55, 0x9D55, 0x9D35, 0x9D35, 0x9D34, 0x9D34, 0x9D34, 0x9D55, 0x9D35, 0x9D35,
    0x9D35, 0x9D35, 0x9D35, 0x9D35, 0x9D34, 0x9514, 0x9514, 0x9514, 0x9D34, 0x9D34, 0x9D55, 0xA555,
    0xA555, 0xA555, 0x9D55, 0x9D55, 0x9D55, 0x9D34, 0x9D13, 0x94F3, 0x94F3, 0x9514, 0x9D14, 0x9D34,
    0x9D34, 0x9D34, 0x9D14, 0x9D34, 0xA555, 0xA555, 0x9D55, 0x9D55, 0x9D34, 0x9D34, 0x9D34, 0x9D55,
    0x9D55, 0x9D55, 0x9D55, 0x9D34, 0x94F3, 0x94F3, 0x9D14, 0x9D34, 0x9D34, 0x9D34, 0x9D34, 0x9D34,
    0x9D34, 0x9D34, 0x94F3, 0x94F3, 0x9D34, 0x9D55, 0x9D55, 0x9D55, 0x9D55, 0x9D55, 0x9D34, 0x9D34,
    0x9D34, 0x9D34, 0x9D34, 0x9D34, 0x9D34, 0x9D34, 0x9D14, 0x9D14, 0x9D14, 0x9D14, 0x9514, 0x9514,
    0x9513, 0x9514, 0x9D34, 0x9D34, 0x9D55, 0x9D55, 0x9D55, 0x9D55, 0x9D55, 0x9D34, 0x9D14, 0x9D14,
    0x9D35, 0x9D55, 0x9D34, 0x9D14, 0x94F3, 0x94F3, 0x94F3, 0x94F3, 0x9CF3, 0x9D13, 0x9D14, 0x9D34,
    0x9D35, 0x9D34, 0x9D34, 0x9D34, 0x9D34, 0x9D34, 0x9D34, 0x9D34, 0x9514, 0x9514, 0x9D14, 0x9D34,
    0x9D34, 0x9D34, 0x9D34, 0x9D34, 0x9D34, 0x9D34, 0x9D34, 0x9D34, 0x9D35, 0x9D55, 0x9D55, 0x9D55,
    0x9D55, 0x9D55, 0x9D34, 0x9D34, 0x9D34, 0x9D34, 0x9D35, 0x9D35, 0x9D35, 0x9D34, 0x9D35, 0x9D34,
    0x9D34, 0x9D34, 0x9D34, 0x9D34, 0x9D34, 0xA554, 0xA555, 0xA575, 0xA575, 0xA555, 0x9D34, 0x9D34,
    0xA555, 0x9D34, 0x9CF3, 0x94D2, 0x94F3, 0x94F3, 0x9D13, 0x9D13, 0x9D13, 0x9D13, 0x9D13, 0x9D14,
    0x9D34, 0xA554, 0xA555, 0xA555, 0x9D34, 0x9D34, 0xA555, 0xA575, 0xA555, 0xA555, 0xA555, 0x9D34,
    0x9CF3, 0x94F3, 0x9D14, 0x9D34, 0x9D34, 0x9D34, 0x9D34, 0x9D34, 0x9D34, 0x9D14, 0x94D3, 0x94F3,
    0x9D34, 0x9D55, 0xA555, 0xA555, 0xA555, 0x9D55, 0x9D54, 0x9D34, 0xA554, 0xA554, 0xA554, 0xA555,
    0x9D54, 0x9D34, 0x9D34, 0x9D34, 0x9D34, 0x9D34, 0x9D14, 0x9D34, 0x9D34, 0x9D55, 0x9D55, 0x9D55,
    0x9D55, 0x9D55, 0x9D34, 0x9D34, 0x9D34, 0x9D34, 0x94F3, 0x94F3, 0x9D34, 0x9D34, 0x9D34, 0x9D14,
    0x9D14, 0x9D14, 0x9D13, 0x9D13, 0x9CF3, 0x9D13, 0x9D34, 0x9D55, 0x9D55, 0x9D55, 0x9D34, 0x9D34,
    0x9D54, 0x9D54, 0x9D34, 0x9D34, 0x9D14, 0x9D14, 0x9D14, 0x9D34, 0x9D34, 0x9D34, 0x9D34, 0x9D34,
    0x9D34, 0x9D34, 0x9D14, 0x9D14, 0x9D34, 0x9D34, 0x9D55, 0xA555, 0xA555, 0x9D55, 0x9D34, 0x9D34,
    0x9D34, 0xA534, 0xA555, 0x9D55, 0x9D55, 0x9D55, 0x9D35, 0x9D34, 0x9D34, 0x9D34, 0x9D34, 0x9D34,
    0x9D34, 0x9D54, 0xA555, 0xA575, 0xA555, 0xA555, 0x9D34, 0x9D34, 0xA555, 0x9D34, 0x9CF3, 0x94D2,
    0x94F3, 0x94F3, 0x9D13, 0x9D13, 0x9D13, 0x9D13, 0x9D13, 0x9D13, 0x9D34, 0xA534, 0xA554, 0x9D55,
    0x9D34, 0x9D34, 0xA575, 0xA575, 0xA575, 0xA555, 0xA555, 0x9D34, 0x94F3, 0x94F3, 0x9D14, 0x9D34,
    0x9D34, 0x9D34, 0x9D34, 0x9D34, 0x9D34, 0x9D34, 0x94D3, 0x94D3, 0x9D34, 0x9D55, 0xA555, 0xA555,
    0xA555, 0xA555, 0x9D55, 0x9D54, 0xA554, 0xA554, 0xA554, 0xA555, 0xA555, 0xA555, 0x9D34, 0x9D34,
    0x9D34, 0x9D34, 0x9D34, 0x9D34, 0x9D34, 0xA555, 0xA555, 0xA555, 0x9D55, 0x9D35, 0x9D34, 0x9D34,
    0x9D34, 0x9D34, 0x94F3, 0x94F3, 0x9D34, 0x9D34, 0x9D34, 0x9D34, 0x9D34, 0x9D34, 0x9D14, 0x9D14,
    0x9D13, 0x9D14, 0x9D34, 0xA555, 0x9D55, 0x9D55, 0x9D55, 0x9D55, 0xA555, 0xA555, 0x9D54, 0x9D34,
    0x9D14, 0x9D14, 0x9D14, 0x9D34, 0x9D34, 0x9D34, 0x9D54, 0x9D55, 0x9D55, 0x9D34, 0x9D14, 0x9D14,
    0x9D34, 0x9D34, 0x9D55, 0x9D55, 0xA555, 0x9D54, 0x9D34, 0x9D34, 0x9D34, 0xA534, 0xA555, 0xA555,
    0xA555, 0x9D55, 0x9D35, 0x9D34, 0x9D35, 0x9D35, 0x9D34, 0x9D34, 0x9D34, 0x9D34, 0x9D55, 0x9D55,
    0x9D34, 0x9D34, 0x9D34, 0x9D55, 0xA555, 0x9D54, 0x9D13, 0x94F3, 0x94F3, 0x9D14, 0x9D14, 0x9D34,
    0x9D34, 0x9D14, 0x9D14, 0x9D14, 0x9D34, 0x9D34, 0x9D34, 0x9D34, 0x9D34, 0x9D55, 0x9D55, 0xA575,
    0xA575, 0xA555, 0x9D35, 0x9D14, 0x94D3, 0x94D3, 0x9514, 0x9D34, 0x9D34, 0x9D34, 0x9D34, 0x9D55,
    0x9D55, 0x9D34, 0x94F3, 0x94F3, 0x9D34, 0x9D55, 0x9D55, 0x9D55, 0x9D55, 0x9D55, 0x9D55, 0x9D55,
    0xA554, 0x9D34, 0x9D34, 0x9D55, 0x9D55, 0xA555, 0x9D55, 0x9D34, 0x9D35, 0x9D34, 0x9D34, 0x9D14,
    0x9D13, 0x9D14, 0x9D55, 0x9D55, 0x9D55, 0x9D35, 0x9D34, 0x9D34, 0x9D34, 0x9D34, 0x9D14, 0x9D34,
    0x9D55, 0xA555, 0xA555, 0x9D55, 0x9D34, 0x9D34, 0x9D34, 0x9D14, 0x9D14, 0x9D14, 0x9D34, 0x9D34,
    0x9D34, 0x9D34, 0x9D55, 0x9D55, 0x9D55, 0x9D55, 0x9D34, 0x9D14, 0x94D3, 0x94D3, 0x9D14, 0x9D35,
    0x9D35, 0x9D55, 0x9D55, 0xA555, 0xA555, 0xA555, 0x9D34, 0x9D34, 0x9D34, 0x9D35, 0x9D34, 0x9D34,
    0x9D34, 0x9D34, 0x9D34, 0x9D34, 0x9D34, 0xA534, 0x9D55, 0x9D55, 0x9D55, 0x9D55, 0x9D35, 0x9D34,
    0x9D35, 0x9D35, 0x9D34, 0x9D34, 0x9D14, 0x9D34, 0x9D35, 0x9D35, 0x9D34, 0x9D34, 0x9D34, 0x9D55,
    0xA555, 0x9D55, 0x9D14, 0x9D13, 0x9D14, 0x9D14, 0x9D34, 0x9D34, 0x9D34, 0x9D34, 0x9D14, 0x9D34,
    0x9D34, 0x9D34, 0x9D34, 0x9D34, 0x9D55, 0x9D55, 0x9D55, 0x9D55, 0xA575, 0xA555, 0x9D34, 0x9D14,
    0x94D2, 0x94D3, 0x9514, 0x9D34, 0x9D34, 0x9D34, 0x9D35, 0x9D55, 0x9D75, 0x9D55, 0x9CF3, 0x94F3,
    0x9D54, 0x9D75, 0x9D55, 0x9D55, 0x9D55, 0x9D55, 0x9D55, 0x9D55, 0x9D54, 0x9D34, 0x9D34, 0x9D55,
    0x9D55, 0x9D55, 0x9D55, 0x9D34, 0x9D35, 0x9D34, 0x9D14, 0x9D14, 0x94F3, 0x9513, 0x9D34, 0x9D55,
    0x9D55, 0x9D34, 0x9D34, 0x9D34, 0x9D34, 0x9D34, 0x9D34, 0x9D34, 0x9D55, 0x9D55, 0xA555, 0x9D55,
    0x9D35, 0x9D34, 0x9D34, 0x9D14, 0x9D14, 0x9D14, 0x9D34, 0x9D34, 0x9D34, 0x9D34, 0x9D55, 0x9D55,
    0x9D55, 0x9D55, 0x9D34, 0x9D14, 0x94D3, 0x94D3, 0x9D34, 0x9D55, 0x9D55, 0x9D55, 0x9D55, 0xA555,
    0xA575, 0xA575, 0x9D54, 0x9D34, 0x9D55, 0x9D35, 0x9D34, 0x9D34, 0x9D34, 0x9D34, 0x9D54, 0x9D54,
    0x9D34, 0x9D34, 0x9D55, 0x9D55, 0x9D55, 0x9D55, 0x9D35, 0x9D35, 0x9D35, 0x9D35, 0x9D34, 0x9514,
    0x9D14, 0x9D14, 0x9D34, 0x9D35, 0x9D34, 0x9D34, 0x9D34, 0x9D55, 0xA575, 0xA575, 0x9D34, 0x9D34,
    0x9D34, 0x9D34, 0x9D34, 0x9D34, 0x9D34, 0x9D34, 0x9D34, 0x9D34, 0x9D34, 0x9D34, 0x9D34, 0x9D34,
    0x9D55, 0x9D55, 0x9D55, 0x9D55, 0xA555, 0xA555, 0x9D35, 0x9D14, 0x94D2, 0x94D3, 0x9D14, 0x9D55,
    0x9D35, 0x9D35, 0x9D35, 0x9D55, 0x9D75, 0x9D55, 0x9D13, 0x9513, 0x9D55, 0x9D75, 0x9D55, 0x9D55,
    0x9D55, 0x9D35, 0x9D55, 0x9D55, 0xA554, 0xA554, 0x9D55, 0x9D55, 0x9D55, 0x9D35, 0x9D34, 0x9D34,
    0x9D34, 0x9D34, 0x9D14, 0x9D14, 0x94F3, 0x9D13, 0x9D34, 0x9D35, 0x9D34, 0x9D34, 0x9D34, 0x9D34,
    0x9D14, 0x9D14, 0x9D34, 0x9D34, 0x9D35, 0x9D55, 0x9D35, 0x9D35, 0x9D55, 0x9D35, 0x9D34, 0x9D14,
    0x9D14, 0x9D14, 0x9D34, 0x9D34, 0x9D34, 0x9D34, 0x9D35, 0x9D55, 0x9D55, 0x9D55, 0x9D34, 0x9D14,
    0x94F3, 0x94F3, 0x9D34, 0x9D55, 0x9D35, 0x9D35, 0x9D55, 0x9D55, 0xA575, 0xA575, 0xA555, 0x9D55,
    0x9D55, 0x9D55, 0x9D35, 0x9D34, 0x9D34, 0x9D34, 0x9D34, 0x9D34, 0x9D34, 0x9D34, 0x9D34, 0x9D35,
    0x9D55, 0x9D55, 0x9D35, 0x9D35, 0x9D35, 0x9D35, 0x9D34, 0x9534, 0x9514, 0x9D14, 0x9D34, 0x9D35,
    0x9D35, 0x9D34, 0x9D34, 0x9D35, 0x9D55, 0xA555, 0x9D54, 0x9D34, 0x9D55, 0x9D35, 0x9D34, 0x9D34,
    0x9D34, 0x9D34, 0x9D34, 0x9D34, 0x9D34, 0x9D34, 0x9D34, 0x9D35, 0x9D55, 0x9D55, 0x9D55, 0x9D55,
    0x9D55, 0x9D55, 0x9D34, 0x9514, 0x94D2, 0x94D3, 0x9D14, 0x9D55, 0x9D55, 0x9D35, 0x9D35, 0x9D55,
    0x9D75, 0x9D55, 0x9D13, 0x9513, 0x9D55, 0x9D75, 0x9D55, 0x9D55, 0x9D35, 0x9D34, 0x9D35, 0x9D55,
    0x9D54, 0xA554, 0xA575, 0x9D55, 0x9D55, 0x9D34, 0x9D34, 0x9D34, 0x9D34, 0x9D34, 0x9D14, 0x9513,
    0x94F3, 0x9513, 0x9D34, 0x9D34, 0x9D34, 0x9D34, 0x9D34, 0x9D34, 0x9D14, 0x9D14, 0x9D34, 0x9D34,
    0x9D35, 0x9D35, 0x9D34, 0x9D34, 0x9D35, 0x9D35, 0x9D34, 0x9D14, 0x9D14, 0x9D14, 0x9D34, 0x9D34,
    0x9D34, 0x9D34, 0x9D35, 0x9D35, 0x9D55, 0x9D55, 0x9D34, 0x9514, 0x94F3, 0x9514, 0x9D34, 0x9D55,
    0x9D55, 0x9D35, 0x9D35, 0x9D55, 0x9D75, 0xA575, 0xA555, 0xA555, 0x9D55, 0x9D55, 0x9D35, 0x9D35,
    0x9D34, 0x9D34, 0x9D34, 0x9D34, 0x9D34, 0x9D34, 0x9D34, 0x9D35, 0x9D55, 0x9D55, 0x9D35, 0x9D35,
    0x9D35, 0x9D35, 0x9534, 0x9514, 0x94F3, 0x9514, 0x9D34, 0x9D35, 0x9D35, 0x9D34, 0x9D34, 0x9D34,
    0x9D55, 0x9D55, 0x9D34, 0x9D34, 0x9D55, 0x9D55, 0x9D34, 0x9D34, 0x9D14, 0x9D14, 0x9D14, 0x9D34,
    0x9D34, 0x9D34, 0x9D34, 0x9D34, 0x9D35, 0x9D55, 0x9D55, 0x9D55, 0x9D35, 0x9D34, 0x9D34, 0x9514,
    0x94D3, 0x94D3, 0x9514, 0x9D35, 0x9D55, 0x9D55, 0x9D55, 0x9D55, 0x9D55, 0x9D35, 0x94F3, 0x94F3,
    0x9D34, 0x9D55, 0x9D55, 0x9D35, 0x9D34, 0x9D34, 0x9D34, 0x9D34, 0x9D34, 0x9D34, 0x9D55, 0x9D55,
    0x9D35, 0x9D34, 0x9D34, 0x9D34, 0x9D35, 0x9D34, 0x9D14, 0x94F3, 0x94F3, 0x94F3, 0x9D34, 0x9D55,
    0x9D55, 0x9D35, 0x9D35, 0x9D34, 0x9D14, 0x9D14, 0x9D34, 0x9D54, 0x9D55, 0x9D55, 0x9D35, 0x9D34,
    0x9D34, 0x9D34, 0x9D34, 0x9D14, 0x9D14, 0x9D14, 0x9D34, 0x9D34, 0x9D34, 0x9D34, 0x9D34, 0x9D34,
    0x9D35, 0x9D34, 0x9D34, 0x9514, 0x94F3, 0x94F3, 0x9D34, 0x9D55, 0x9D55, 0x9D55, 0x9D34, 0x9D34,
    0x9D35, 0x9D55, 0xA575, 0xA575, 0x9D55, 0x9D35, 0x9D35, 0x9D35, 0x9D35, 0x9D34, 0x9D34, 0x9D34,
    0x9D34, 0x9D34, 0x9D34, 0x9D35, 0x9D35, 0x9D35, 0x9D35, 0x9D34, 0x9D35, 0x9D35, 0x9514, 0x9514,
    0x94F3, 0x94F4, 0x9D14, 0x9D34, 0x9D34, 0x9D34, 0x9D34, 0x9D34, 0x9D34, 0x9D34, 0x9D34, 0x9D34,
    0x9D35, 0x9D35, 0x9D34, 0x9D34, 0x9D14, 0x9D14, 0x9D14, 0x9D34, 0x9D34, 0x9D34, 0x9D34, 0x9D34,
    0x9D34, 0x9D35, 0x9D55, 0x9D55, 0x9D34, 0x9D34, 0x9D14, 0x9514, 0x94D3, 0x94D3, 0x9514, 0x9D35,
    0x9D55, 0x9D55, 0x9D55, 0x9D55, 0x9D55, 0x9D35, 0x94F3, 0x94F3, 0x9D34, 0x9D55, 0x9D34, 0x9D34,
    0x9D34, 0x9D34, 0x9D34, 0x9D14, 0x9D34, 0x9D34, 0x9D34, 0x9D35, 0x9D34, 0x9D34, 0x9D34, 0x9D34,
    0x9D34, 0x9D34, 0x9D14, 0x94F3, 0x94D3, 0x94F3, 0x9D34, 0x9D55, 0x9D55, 0x9D35, 0x9D35, 0x9D34,
    0x9D34, 0x9D14, 0x9D34, 0x9D34, 0x9D55, 0x9D55, 0x9D35, 0x9D34, 0x9534, 0x9514, 0x9D34, 0x9D14,
    0x9D14, 0x9D14, 0x9D34, 0x9D34, 0x9D34, 0x9D34, 0x9D14, 0x9D14, 0x9D34, 0x9D34, 0x9D34, 0x9514,
    0x94F3, 0x94F3, 0x9D34, 0x9D55, 0x9D55, 0x9D55, 0x9D34, 0x9D14, 0x9D34, 0x9D34, 0xA555, 0xA555,
    0x9D55, 0x9D35, 0x9D34, 0x9D34, 0x9D35, 0x9D34, 0x9D34, 0x9D34, 0x9D34, 0x9D34, 0x9D34, 0x9D34,
    0x9D35, 0x9D35, 0x9D34, 0x9D34, 0x9D35, 0x9D35, 0x9514, 0x9514, 0x94D3, 0x94F3, 0x9514, 0x9514,
    0x9D34, 0x9D34, 0x9D14, 0x9D14, 0x9D34, 0x9D34, 0x9D34, 0x9D34, 0x9D34, 0x9D34, 0x9D34, 0x9D34,
    0x9D14, 0x9D14, 0x9D34, 0x9D34, 0x9D34, 0x9D34, 0x9D34, 0x9D34, 0x9D34, 0x9D34, 0x9D35, 0x9D35,
    0x9D35, 0x9D34, 0x9D14, 0x94F4, 0x94D2, 0x94D3, 0x9D14, 0x9D55, 0x9D55, 0x9D55, 0x9D55, 0x9D55,
    0x9D55, 0x9D35, 0x9D14, 0x9D13, 0x9D34, 0x9D35, 0x9D14, 0x9D14, 0x9D35, 0x9D34, 0x9D14, 0x9D14,
    0x9D34, 0x9D34, 0x9D34, 0x9D34, 0x9D14, 0x9D14, 0x9D34, 0x9D34, 0x9D14, 0x9D14, 0x9D34, 0x9D14,
    0x94D3, 0x94D3, 0x9D14, 0x9D34, 0x9D34, 0x9D34, 0x9D34, 0x9D34, 0x9D34, 0x9D34, 0x9D14, 0x9D34,
    0x9D35, 0x9D35, 0x9D35, 0x9D35, 0x9D34, 0x9D34, 0x9514, 0x9D14, 0x9D34, 0x9D34, 0x9D34, 0x9D34,
    0x9D34, 0x9D34, 0x9D14, 0x9D14, 0x9D34, 0x9D34, 0x9D34, 0x9514, 0x94F3, 0x94F3, 0x9D34, 0x9D55,
    0x9D55, 0x9D55, 0x9D34, 0x9D34, 0x9D34, 0x9D34, 0x9D34, 0x9D35, 0x9D35, 0x9D34, 0x9D34, 0x9D14,
    0x9D34, 0x9D34, 0x9D34, 0x9D34, 0x9D34, 0x9D34, 0x9D14, 0x9D14, 0x9D35, 0x9D35, 0x9D34, 0x9D34,
    0x9D35, 0x9D35, 0x9D34, 0x9514, 0x8CD3, 0x94D3, 0x94F3, 0x94F4, 0x9514, 0x9514, 0x9514, 0x9514,
    0x9514, 0x9514, 0x9513, 0x9513, 0x9514, 0x9514, 0x9514, 0x9514, 0x9514, 0x9514, 0x9514, 0x9D34,
    0x9D34, 0x9D34, 0x9D14, 0x9D14, 0x9514, 0x9514, 0x9514, 0x9514, 0x9D14, 0x9D14, 0x9514, 0x94F3,
    0x8CB2, 0x94D2, 0x9D14, 0x9D35, 0x9D35, 0x9D34, 0x9D34, 0x9D34, 0x9D34, 0x9D34, 0x9D13, 0x9513,
    0x9D14, 0x9D14, 0x9514, 0x9514, 0x9D14, 0x9D14, 0x9514, 0x9D13, 0x9D34, 0x9D34, 0x9D14, 0x9514,
    0x94F3, 0x94F3, 0x9513, 0x9514, 0x94F3, 0x94F4, 0x9514, 0x9513, 0x94D2, 0x94D2, 0x94F3, 0x9514,
    0x9514, 0x9514, 0x9514, 0x9514, 0x9514, 0x9D14, 0x9D14, 0x9D14, 0x9514, 0x9514, 0x9534, 0x9534,
    0x9514, 0x9514, 0x9514, 0x9514, 0x9D14, 0x9D14, 0x9513, 0x9513, 0x9513, 0x9513, 0x94F3, 0x94F3,
    0x9513, 0x9514, 0x94F3, 0x94F3, 0x94D3, 0x94D3, 0x9514, 0x9D34, 0x9D34, 0x9D14, 0x9514, 0x94F4,
    0x94F4, 0x9514, 0x9D34, 0x9D34, 0x9D14, 0x9514, 0x9514, 0x9514, 0x9514, 0x9514, 0x9514, 0x9D14,
    0x9D34, 0x9D14, 0x9513, 0x9514, 0x9514, 0x9514, 0x9514, 0x9514, 0x9514, 0x9514, 0x9514, 0x9514,
    0x8C92, 0x8CB2, 0x8CB3, 0x8CD3, 0x8CD3, 0x8CD3, 0x8CD3, 0x8CD3, 0x8CD3, 0x94D3, 0x94D3, 0x94D3,
    0x94D3, 0x94D3, 0x94F3, 0x94F3, 0x94D3, 0x94D3, 0x94F3, 0x94F3, 0x94F3, 0x94F3, 0x94F3, 0x94D3,
    0x94D3, 0x94D3, 0x94D3, 0x94D3, 0x94F3, 0x94F3, 0x94F3, 0x94D3, 0x8CB2, 0x8CB2, 0x94F3, 0x94F3,
    0x94F3, 0x94F3, 0x94F3, 0x94F3, 0x94F3, 0x94F3, 0x94F3, 0x94F3, 0x94D3, 0x94F3, 0x94F4, 0x94F4,
    0x94F3, 0x94D3, 0x94D3, 0x94F3, 0x9D13, 0x9D13, 0x94D3, 0x8CB2, 0x8CB2, 0x8CB2, 0x8CB2, 0x8CD2,
    0x94D3, 0x94D3, 0x8CD3, 0x8CB2, 0x8C92, 0x8C92, 0x8CB2, 0x8CD3, 0x94D3, 0x94F3, 0x8CD3, 0x94D3,
    0x94F3, 0x9513, 0x94F3, 0x94F3, 0x94F3, 0x94F3, 0x94F4, 0x94F4, 0x94F3, 0x94F3, 0x94F3, 0x94F3,
    0x94D3, 0x94D2, 0x94D2, 0x94D2, 0x94D2, 0x8CD2, 0x8CB2, 0x8CB2, 0x8CB2, 0x8CB2, 0x8CB2, 0x8C92,
    0x8C92, 0x8CB2, 0x94F3, 0x94F4, 0x94F3, 0x94D3, 0x8CB3, 0x8CB2, 0x8CB2, 0x94D3, 0x9D14, 0x9D14,
    0x94F3, 0x94F3, 0x8CD3, 0x8CD3, 0x94F3, 0x94F3, 0x94D3, 0x94F3, 0x94F3, 0x94F3, 0x94D3, 0x94D3,
    0x94F3, 0x94F3, 0x94F3, 0x94D3, 0x8CD3, 0x8CD3, 0x8CD3, 0x8CD3, 0x8C92, 0x8C92, 0x8CB2, 0x8CB2,
    0x8CB3, 0x8CB3, 0x8CB3, 0x8CB3, 0x8CB3, 0x8CB3, 0x94D2, 0x94D2, 0x8CB2, 0x8CB3, 0x8CD3, 0x8CD3,
    0x8CB2, 0x8CD3, 0x94D3, 0x94D3, 0x94D3, 0x94D2, 0x94D3, 0x8CD2, 0x8CB2, 0x8CB2, 0x8CB2, 0x8CB3,
    0x8CD3, 0x94D3, 0x94D3, 0x8CD3, 0x8C92, 0x8C92, 0x94D3, 0x94D3, 0x8CB2, 0x8CB2, 0x94D3, 0x94D3,
    0x8CD3, 0x8CD3, 0x94D3, 0x94D3, 0x8CD2, 0x8CD3, 0x94F3, 0x94F3, 0x94D3, 0x8CB2, 0x8CD2, 0x94D3,
    0x9D13, 0x9CF3, 0x8CB2, 0x8C92, 0x8C92, 0x8C92, 0x8C92, 0x8CB2, 0x8CB2, 0x8CB2, 0x8CB2, 0x8C92,
    0x8C92, 0x8C92, 0x8C92, 0x8CB2, 0x8CD2, 0x8CD3, 0x8CB2, 0x8CB3, 0x94F3, 0x94F3, 0x94F3, 0x94F3,
    0x94D3, 0x8CD3, 0x8CD3, 0x8CD3, 0x8CD3, 0x8CD3, 0x8CD3, 0x8CD3, 0x8CB2, 0x8CB2, 0x8CB2, 0x8CB2,
    0x8CB2, 0x8CB2, 0x8CB2, 0x8C92, 0x8C92, 0x8C92, 0x8C71, 0x8C71, 0x8471, 0x8C92, 0x94D3, 0x94F3,
    0x94D3, 0x8CB2, 0x8C92, 0x8C92, 0x8C92, 0x8CB2, 0x94F3, 0x9514, 0x94F3, 0x8CD3, 0x8CD3, 0x8CD3,
    0x8CD3, 0x8CD3, 0x8CD3, 0x8CD3, 0x94D3, 0x94D3, 0x8CD3, 0x8CB3, 0x8CD3, 0x94D3, 0x8CD3, 0x8CD3,
    0x8CB2, 0x8C92, 0x8CB3, 0x8CB3,
};
#define POOLS_FLOOR_MIP1_SIZE 64
static const uint16_t POOLS_FLOOR_MIP1_PIXELS[4096] __attribute__((aligned(16))) = {
    0x9D34, 0xA575, 0xA596, 0xA555, 0x9D55, 0x9D34, 0xA576, 0xA575, 0xAD95, 0xADB6, 0xAD75, 0xA534,
    0xA555, 0xA596, 0xAD96, 0xA596, 0xA555, 0xA596, 0xADB6, 0xADB6, 0xAD96, 0xA554, 0x9D34, 0xA555,
    0xA555, 0xA555, 0x9D34, 0x9D34, 0xA555, 0xA575, 0xA555, 0x9D34, 0x9D13, 0x9D54, 0x9D34, 0x9D54,
    0xA555, 0xAD96, 0xA555, 0x9D34, 0x9D54, 0xA555, 0xA555, 0x9D34, 0x9D34, 0xA555, 0x9D34, 0x9D34,
    0x9D14, 0x9D55, 0xA576, 0xA555, 0x9D55, 0x9D13, 0x9D13, 0x9D34, 0x9D55, 0xA555, 0xA555, 0xA555,
    0x9D35, 0x9D55, 0x9D55, 0x9514, 0x94F3, 0x9D34, 0x9D35, 0xA555, 0xA555, 0x9D34, 0xA575, 0xA555,
    0xA575, 0xAD96, 0xAD95, 0xA575, 0xADB6, 0xADB7, 0xADB6, 0xAD96, 0xA575, 0xA596, 0xA596, 0xAD96,
    0xAD96, 0xA575, 0xA575, 0xA575, 0xA576, 0xA575, 0x9D34, 0x9D13, 0x9D34, 0x9D35, 0x9D55, 0xA575,
    0x9CF3, 0x9D55, 0x9D35, 0x9D55, 0xA575, 0xA575, 0x9D55, 0x9D35, 0x9D34, 0xA555, 0xAD96, 0x9D34,
    0x9D34, 0x9D55, 0xA575, 0xA575, 0x9D35, 0xA5B6, 0xADD7, 0xA575, 0xA575, 0xA555, 0x9D34, 0x9D14,
    0x9D55, 0x9D34, 0xA555, 0x9D55, 0x9D34, 0x9D14, 0x9514, 0x94D3, 0x9514, 0x9D34, 0x9D34, 0x9D34,
    0x9D14, 0x9D34, 0x9D34, 0x9D55, 0x9D34, 0x9D34, 0xA575, 0xA554, 0xAD96, 0xADB6, 0xADB6, 0xA576,
    0x9D55, 0xA596, 0xA596, 0xA575, 0xA575, 0xA575, 0xA555, 0xA576, 0xA576, 0xA575, 0x9D34, 0x9D13,
    0x9D55, 0x9D34, 0x9D55, 0x9D34, 0x94F3, 0x9D14, 0x9D34, 0x9D14, 0x9D55, 0xA555, 0x9D34, 0x9D34,
    0x9D55, 0x9D55, 0xAD96, 0xA554, 0x9D34, 0xA576, 0xA596, 0x9D55, 0x9D35, 0xADB7, 0xA5B6, 0xA596,
    0xA575, 0xA575, 0x9D34, 0x9D35, 0x9D34, 0x9D34, 0xA555, 0x9D34, 0x9D14, 0x9D14, 0x94F3, 0x8CD3,
    0xA555, 0x9D35, 0x9D55, 0xA575, 0x9D55, 0x9D34, 0x9D34, 0xA596, 0x9D34, 0xA555, 0xA555, 0x9D34,
    0xA575, 0xAD96, 0xADB6, 0xA575, 0xA555, 0xAD96, 0xADB6, 0xA575, 0xA555, 0xA554, 0x9D14, 0x9D35,
    0x9D55, 0x9D55, 0x9D34, 0x9D14, 0x9D34, 0x9D55, 0x9D55, 0x9D34, 0x94D3, 0x9513, 0x94F3, 0x9514,
    0x9D34, 0x9D35, 0x9D35, 0x9D35, 0x9D35, 0x9D35, 0xA576, 0x9D35, 0x9D34, 0xA596, 0xADB6, 0xA575,
    0x9D35, 0x9D55, 0xA576, 0xA555, 0x9D55, 0xA575, 0x9D55, 0x9D35, 0x9D14, 0x9D14, 0xA555, 0x9D34,
    0x9D14, 0x9514, 0x9514, 0x94F3, 0xA555, 0xA555, 0xA575, 0xA575, 0xA555, 0x9D34, 0xA555, 0xA575,
    0xAD96, 0xADB6, 0xA555, 0x9D34, 0xA575, 0xADB6, 0xAD96, 0xA575, 0xA555, 0xAD96, 0xAD96, 0xA575,
    0xA575, 0xA575, 0x9D34, 0x9D34, 0x9D55, 0x9D54, 0x9D34, 0x9D13, 0x9D34, 0x9D35, 0x9D55, 0x9D55,
    0x94F3, 0x94F3, 0x94F3, 0x9D14, 0x9D34, 0x9D55, 0x9D55, 0x9D55, 0x9D34, 0x9D34, 0xA555, 0xA555,
    0x9D35, 0xA576, 0xA575, 0xA576, 0xA555, 0xA596, 0x9D35, 0x9D35, 0x9D55, 0xA555, 0x9D35, 0x9D34,
    0x9D34, 0x9D34, 0x9D34, 0x9D34, 0x9D35, 0x9D34, 0x9D14, 0x9D14, 0xA555, 0xA555, 0xA575, 0xA555,
    0xA554, 0x9CF3, 0x9D34, 0xA554, 0xA554, 0xA554, 0x9D14, 0xA534, 0x9D14, 0xA554, 0xA554, 0xA554,
    0x9D34, 0xAD96, 0xA575, 0xA555, 0xA555, 0xA554, 0x9D34, 0x9D14, 0xA555, 0xA555, 0x9D13, 0x9D13,
    0xA555, 0xA555, 0xA555, 0x9D14, 0x94D3, 0x9CF3, 0x94F3, 0x9CF3, 0x9D14, 0x9D13, 0x9D14, 0x9D14,
    0x9D14, 0x9D14, 0x9D34, 0xA534, 0xA555, 0x9D34, 0x9D14, 0x9D14, 0x9D14, 0xA575, 0x9D34, 0x9D34,
    0x9D54, 0xA534, 0x9D14, 0x9D14, 0x9D14, 0x9D14, 0x9D13, 0x9D14, 0x9D14, 0x9D13, 0x9D13, 0x9D34,
    0xA555, 0x9D35, 0x9D35, 0x9D34, 0xA555, 0x9D14, 0xA555, 0x9D54, 0x9D34, 0x9D34, 0x9D34, 0xA555,
    0x9D55, 0xA555, 0xA576, 0xA576, 0x9D35, 0xA555, 0xA575, 0x9D55, 0xA575, 0xA575, 0x9D55, 0x9D35,
    0xA575, 0xAD96, 0xA554, 0x9D14, 0xA555, 0xA555, 0x9D55, 0x9D34, 0x94F3, 0x9D14, 0x9D14, 0x9D34,
    0x9D35, 0x9D34, 0x9D34, 0x9D34, 0x9D35, 0x9D14, 0x9D34, 0x9D55, 0xA575, 0xA596, 0x9D34, 0x9D34,
    0x9D14, 0x9D34, 0x9D35, 0x9D35, 0x9D55, 0x9D34, 0x9D34, 0x9D14, 0x9D14, 0x9D14, 0x9D34, 0x9D34,
    0x9D14, 0x9D34, 0x9D34, 0xA575, 0xA575, 0xA575, 0x9D55, 0xA596, 0xA596, 0xA555, 0x9D55, 0xA555,
    0xA555, 0xA555, 0xA555, 0xA575, 0xA555, 0xA596, 0xADB7, 0xA596, 0xA555, 0xA576, 0xA5B6, 0xA596,
    0xA576, 0xA596, 0xA575, 0x9D55, 0x9D55, 0xA576, 0x9D34, 0x9D34, 0xA576, 0x9D76, 0x9D55, 0xA555,
    0x94F3, 0x9D14, 0x9D14, 0x9D34, 0x9D55, 0xA575, 0x9D35, 0x9D35, 0x9D35, 0x9D55, 0xA555, 0x9D55,
    0xA576, 0xA575, 0x9D55, 0x9D55, 0x9514, 0x9514, 0x9D35, 0x9D35, 0x9D55, 0x9D55, 0x9D34, 0x9D34,
    0x9D34, 0x9D34, 0xA554, 0x9D34, 0x9D34, 0x94F3, 0x9D14, 0xA596, 0x9D34, 0x9D55, 0x9D55, 0x9D55,
    0xA575, 0x9D55, 0x9D55, 0xA576, 0xADB6, 0xAD96, 0xA575, 0xADB6, 0xA596, 0xA576, 0xA596, 0xA575,
    0x9D55, 0xA576, 0xA596, 0xADB7, 0xA596, 0xA596, 0xA596, 0xA576, 0xA596, 0xA596, 0xA555, 0x9D55,
    0xA576, 0xA575, 0x9D55, 0x9D34, 0x9513, 0x9D14, 0x9D14, 0x9D34, 0x9D55, 0xA596, 0x9D55, 0x9D55,
    0x9D35, 0x9D35, 0x9D34, 0x9D34, 0x9D34, 0x9D55, 0x9D35, 0x9D55, 0x9D34, 0x9D34, 0x9D34, 0x9D34,
    0x9D35, 0xA555, 0x9D34, 0x9D34, 0x9D34, 0x9D55, 0x9D34, 0x9D14, 0x9D55, 0x9D14, 0x9D34, 0x9D55,
    0x9D55, 0x9D55, 0x9D55, 0x9D55, 0x9D55, 0x9D55, 0x9D55, 0xA575, 0xA596, 0xAD96, 0xA575, 0xA576,
    0xADB6, 0xA596, 0xA575, 0xA575, 0x9D34, 0xA576, 0xA596, 0xA576, 0xA596, 0xAD96, 0xA596, 0xA576,
    0xA596, 0xA575, 0xA554, 0x9D54, 0xA575, 0x9D55, 0x9D35, 0x9D55, 0x9D14, 0x9D34, 0x9D34, 0x9D34,
    0x9D34, 0x9D55, 0x9D55, 0x9D55, 0x9D35, 0x9D55, 0x9D54, 0x9D14, 0x9D14, 0x9D34, 0x9D35, 0xA576,
    0x9D34, 0x9D34, 0x9D34, 0x9D35, 0x9D55, 0xA555, 0x9D34, 0x9D34, 0x9D34, 0x9D55, 0xA555, 0x9D34,
    0x9D35, 0x9D14, 0x9D14, 0x9D55, 0x9D34, 0xA555, 0x9D55, 0xA555, 0x9D55, 0x9D14, 0x9D34, 0xA555,
    0xA555, 0xA575, 0xA575, 0x9D34, 0x9D55, 0xA575, 0xA555, 0xA575, 0x9D55, 0xA555, 0xA555, 0xA555,
    0xA575, 0xA555, 0xA576, 0xA596, 0xAD96, 0xAD96, 0x9D34, 0xA555, 0xAD96, 0xA575, 0xA555, 0xA555,
    0x9D14, 0x9D34, 0x9D34, 0xA554, 0x9D34, 0x9D34, 0xA555, 0xA575, 0xA575, 0xA555, 0x9D34, 0x9D14,
    0x9D14, 0x9D34, 0x9D34, 0xA575, 0xA555, 0xA575, 0xA555, 0xA575, 0xA576, 0xA555, 0xA555, 0xA575,
    0xA575, 0xA555, 0xA554, 0xA555, 0xA555, 0x9D34, 0x9D55, 0x9D55, 0x9D14, 0x9D54, 0x9D35, 0xA555,
    0xA555, 0x9D14, 0x9D35, 0xA575, 0xA555, 0x9D55, 0xA555, 0x9D55, 0x9D55, 0xA575, 0x9D55, 0x9D55,
    0x9D34, 0xA555, 0xA575, 0x9D55, 0xA576, 0xA555, 0xADB6, 0xA596, 0xADD7, 0xADB7, 0xA534, 0xA555,
    0xA555, 0x9D55, 0xA575, 0xA555, 0x9D14, 0x9D34, 0x9D34, 0x9D34, 0xA555, 0xA555, 0x9D55, 0x9D55,
    0x9D55, 0x9D55, 0xA555, 0x9D34, 0x9D34, 0x9D35, 0x9D34, 0x9D34, 0x9D14, 0x9D34, 0x9D55, 0x9D55,
    0xA575, 0x9D34, 0x9D34, 0x9D34, 0x9D55, 0x9D55, 0xA555, 0xA555, 0xA555, 0x9D35, 0x9D55, 0x9D55,
    0x9D55, 0x9D55, 0x9D55, 0xA575, 0xA575, 0xA555, 0xA575, 0xA576, 0xA576, 0xA575, 0xA575, 0xA555,
    0xA575, 0x9D55, 0xA575, 0xA575, 0x9D35, 0xA576, 0x9D55, 0xA576, 0xA576, 0xA576, 0xB618, 0xADB7,
    0xADD7, 0xADB6, 0xA554, 0x9D34, 0x9D55, 0x9D35, 0x9D35, 0xA575, 0x9D34, 0x9D34, 0x9D55, 0x9D35,
    0xA555, 0xAD96, 0xA575, 0xA575, 0x9D75, 0x9D55, 0xA555, 0x9D34, 0x9D34, 0x9D34, 0x9D34, 0x9D34,
    0x9514, 0x9D34, 0x9D55, 0xA555, 0xA575, 0xA555, 0x9D35, 0x9D35, 0x9D35, 0x9D55, 0xA575, 0xA575,
    0x9D55, 0x9D35, 0x9D55, 0xA576, 0x9D34, 0x9D55, 0x9D55, 0x9D55, 0x9D55, 0x9D34, 0xA555, 0xA555,
    0xA596, 0xA575, 0xA575, 0x9D55, 0x9D55, 0x9D35, 0x9D55, 0x9D14, 0x94F3, 0x9D35, 0x9D55, 0xA576,
    0xA575, 0xA555, 0xADB6, 0xADD7, 0xB5F7, 0xADD7, 0xA555, 0xA596, 0x9D55, 0x9D55, 0x9D55, 0x9D55,
    0x9514, 0x9D34, 0x9D34, 0x9D34, 0x9D55, 0xAD96, 0xA576, 0xA575, 0x9D55, 0x9D55, 0x9D34, 0x9D34,
    0x9D35, 0x9D34, 0x9D14, 0x9D34, 0x94F3, 0x9D34, 0x9D55, 0x9D35, 0x9D55, 0xA555, 0x9D55, 0x9D35,
    0x9514, 0x9D34, 0xA555, 0x9D55, 0x9D55, 0x9D55, 0x9D55, 0x9D55, 0x9D55, 0x9D55, 0x9D35, 0x9D34,
    0x9D34, 0x9D13, 0x9D14, 0x9D34, 0xA555, 0xA575, 0x9D34, 0x9D54, 0x9D55, 0x9D34, 0x9514, 0x94D2,
    0x94D2, 0x9514, 0x9D35, 0x9D55, 0x9D55, 0x9D55, 0xA596, 0xA596, 0xADD7, 0xADD7, 0xA555, 0xA596,
    0x9D55, 0x9514, 0x9514, 0x9D34, 0x94F3, 0x9514, 0x9514, 0x9513, 0x9D34, 0x9D34, 0x9D34, 0x9D35,
    0x9D34, 0x9D34, 0x9D14, 0x9D14, 0x9514, 0x9514, 0x9514, 0x9D34, 0x94F3, 0x9514, 0x9D14, 0x9D34,
    0x9D35, 0x9D34, 0x9D34, 0x9514, 0x9514, 0x9514, 0x9D34, 0x9D55, 0x9D55, 0x9D55, 0x9D35, 0x9D34,
    0x8C92, 0x94D3, 0x8CB2, 0x8CB2, 0x8CB2, 0x94B2, 0x8C92, 0x8CB2, 0x94D3, 0x94D3, 0x9D14, 0x94F3,
    0x94B2, 0x8C91, 0x94D2, 0x8CB2, 0x8C71, 0x94D3, 0x94F3, 0x94F3, 0x9514, 0x9D14, 0x9D14, 0x9D35,
    0x9D34, 0x9D34, 0x9D13, 0x94F3, 0x94D3, 0x8CB2, 0x8CB2, 0x8CB3, 0x8C92, 0x8CB2, 0x8CB2, 0x8C92,
    0x8CB2, 0x94D2, 0x94D3, 0x8CD3, 0x8CD3, 0x8CB2, 0x8C92, 0x8C92, 0x8CB2, 0x8CB2, 0x8CB3, 0x94F3,
    0x8CB2, 0x8CB2, 0x8CB2, 0x94D3, 0x94F3, 0x94D3, 0x8CB2, 0x8C92, 0x8CB2, 0x8CB2, 0x94F3, 0x94F3,
    0x94F4, 0x94D3, 0x8CB3, 0x8CB3, 0x9D14, 0xA575, 0x9D55, 0x9D55, 0xA575, 0x9D34, 0x9D34, 0xA555,
    0xA596, 0xA576, 0xA555, 0xA575, 0xA596, 0xA575, 0xA596, 0xA555, 0x9D14, 0xA596, 0xADD7, 0xADB7,
    0xADD7, 0xA555, 0xA596, 0xB5F8, 0xB5F7, 0xB5F7, 0xA575, 0xA596, 0xA575, 0x9D55, 0x9D55, 0xA555,
    0x9513, 0x9D35, 0x9D35, 0x9D35, 0x9D34, 0x9D14, 0x9D14, 0x9D14, 0x9D55, 0x9D55, 0x9D14, 0x9D34,
    0x9D55, 0xA576, 0xA575, 0xA555, 0x9D34, 0xA575, 0xA575, 0xA576, 0xA576, 0x9D34, 0x9D55, 0x9D55,
    0x9D55, 0x9D55, 0xA534, 0x9D55, 0xA576, 0x9D55, 0x9514, 0x94F4, 0x9D55, 0x9D55, 0x9D55, 0x9D35,
    0x9D35, 0x9D34, 0x9D55, 0x9D55, 0xA576, 0xA576, 0xA555, 0x9D55, 0x9D55, 0x9D55, 0x9D55, 0x9D34,
    0x9514, 0x9D55, 0xA576, 0xA576, 0xAD96, 0xA575, 0xADD7, 0xB5F8, 0xBE39, 0xB618, 0xA596, 0xA596,
    0xA576, 0xA576, 0x9D55, 0xA555, 0x9D14, 0x9D35, 0x9D55, 0x9D55, 0x9D55, 0x9D34, 0x9D14, 0x9D14,
    0xA555, 0xA555, 0xA555, 0xA575, 0xA575, 0xA575, 0x9D55, 0x9D55, 0x9514, 0x9D34, 0x9D35, 0x9D55,
    0x9D55, 0x9D55, 0xA555, 0xA576, 0x9D55, 0x9D55, 0xA575, 0xA555, 0xA575, 0x9D55, 0x9D55, 0x9D35,
    0x9D55, 0x9D55, 0xA555, 0x9D55, 0x9D35, 0xA555, 0xA555, 0xA575, 0xA575, 0xA575, 0xA555, 0x9D55,
    0x9D55, 0x9D35, 0x9D34, 0x9514, 0x94F3, 0x9D55, 0x9D55, 0xA576, 0xA576, 0xA555, 0xA596, 0xAD96,
    0xADB6, 0xADB7, 0xA575, 0xA576, 0xA555, 0xA555, 0x9D55, 0x9D55, 0x94F3, 0x9D34, 0x9D35, 0x9D14,
    0x9D34, 0x9D34, 0x9D14, 0x9D34, 0x9D34, 0x9D55, 0x9D35, 0xA555, 0x9D35, 0x9D35, 0x9D34, 0x9D34,
    0x9D14, 0x9514, 0x9D34, 0x9D34, 0x9D14, 0x9D35, 0x9D55, 0x9D55, 0xA576, 0x9D55, 0xA555, 0x9D55,
    0xA575, 0xA576, 0x9D55, 0x9D55, 0x9D55, 0xA575, 0x9D55, 0x9D55, 0xA575, 0xA555, 0xA555, 0xA555,
    0xA575, 0xA555, 0xA555, 0x9D55, 0x9D55, 0x9D55, 0x9D55, 0x9D35, 0x94F3, 0x9D55, 0x9D75, 0xA576,
    0xA576, 0x9D55, 0xA575, 0xA596, 0xA575, 0xA575, 0xA555, 0x9D55, 0x9D35, 0xA575, 0x9D34, 0x9D34,
    0x94F3, 0x9D34, 0x9D34, 0x9D34, 0x9D35, 0x9D14, 0x9D14, 0x9D35, 0x9D35, 0x9D35, 0x9D34, 0x9D55,
    0x9D34, 0x9D34, 0x9514, 0x9514, 0x9514, 0x9D14, 0x9514, 0x94F4, 0x9D14, 0xA555, 0x9D55, 0x9D55,
    0xA576, 0xA555, 0xA575, 0x9D55, 0x9D55, 0xA575, 0x9D35, 0x9D55, 0xA555, 0xA576, 0xA575, 0x9D55,
    0xA575, 0x9D34, 0xA555, 0x9D55, 0xA575, 0xA575, 0xA555, 0x9D55, 0x9D55, 0xA575, 0xA575, 0xA555,
    0x9D14, 0x9D55, 0xA576, 0xA575, 0xA576, 0xA555, 0xA575, 0xADB6, 0xADB6, 0xA575, 0xA554, 0xA555,
    0xA575, 0xA575, 0x9D34, 0x9D34, 0x9514, 0x9D35, 0x9D35, 0x9D34, 0x9D34, 0x9D14, 0x9D14, 0x9D35,
    0x9D55, 0x9D55, 0xA555, 0xA555, 0x9D55, 0x9D34, 0x9D34, 0x9D34, 0x9D14, 0x9D34, 0x9D14, 0x9D14,
    0x9D14, 0xA575, 0xA555, 0x9D55, 0xA555, 0x9D55, 0x9D34, 0xA554, 0x9D55, 0x9D34, 0x9D35, 0x9D55,
    0x9D14, 0xA555, 0xA555, 0xA554, 0xA555, 0x9D13, 0x9D14, 0x9D14, 0xA555, 0xA534, 0xA534, 0xA555,
    0xA555, 0xA555, 0xA555, 0x9D34, 0x9D14, 0xA555, 0xA575, 0xA555, 0xA575, 0xA534, 0xA575, 0xB5D6,
    0xA575, 0xA554, 0xA534, 0xA534, 0xA555, 0xA555, 0xA535, 0x9D34, 0x9D13, 0xA555, 0xA554, 0x9D34,
    0x9D34, 0x9D13, 0x94F3, 0x9D14, 0x9D34, 0x9D14, 0x9D14, 0x9D34, 0x9D34, 0x9D34, 0x9D34, 0x9D14,
    0x9D13, 0x9D34, 0x9D14, 0x9D34, 0xA554, 0x9D13, 0x9D34, 0xA555, 0xA555, 0xA555, 0x9D34, 0x9D34,
    0x9D34, 0x9D34, 0x9D34, 0x9D14, 0x9D34, 0x9D55, 0x9D55, 0x9D55, 0x9D55, 0x9D14, 0x9D14, 0x9D34,
    0xA575, 0xA575, 0xA555, 0x9D55, 0x9D55, 0x9D55, 0x9D55, 0x9D55, 0x9D14, 0x9D55, 0xA555, 0xA555,
    0xA555, 0xA555, 0xA575, 0xAD96, 0xA575, 0xA575, 0xA554, 0x9D55, 0x9D55, 0x9D55, 0x9D55, 0x9D55,
    0x9D34, 0x9D55, 0x9D55, 0x9D35, 0x9D34, 0x9D14, 0x9D34, 0x9D35, 0x9D35, 0x9D34, 0x9D34, 0xA555,
    0x9D55, 0x9D34, 0x9D34, 0x9D14, 0x9D14, 0x9D55, 0x9D34, 0x9D35, 0xA555, 0x9D14, 0x9D34, 0x9D55,
    0xA575, 0xA576, 0xA555, 0xA555, 0x9D55, 0x9D34, 0x9D34, 0x9D34, 0x9D34, 0x9D35, 0x9D34, 0x9D35,
    0x9D55, 0x9D34, 0x9D35, 0x9D55, 0x9D55, 0xA575, 0xA555, 0x9D55, 0x9D55, 0x9D55, 0x9D55, 0x9D55,
    0x9514, 0x9D35, 0x9D55, 0xA555, 0xA575, 0x9D34, 0x9D55, 0xA555, 0xA555, 0xA555, 0x9D34, 0xA575,
    0xA576, 0x9D55, 0x9D55, 0x9D55, 0x9D35, 0x9D75, 0x9D55, 0x9D35, 0x9D35, 0x9D34, 0x9D35, 0x9D34,
    0x9D34, 0x9D35, 0x9D35, 0x9D55, 0x9D35, 0x9D35, 0x9D34, 0x9D14, 0x9514, 0x9D35, 0x9D34, 0x9D35,
    0xA555, 0x9D14, 0x9D55, 0x9D55, 0x9D55, 0x9D55, 0xA555, 0xA555, 0xA596, 0x9D55, 0x9D55, 0xA555,
    0x9D14, 0x9D35, 0x9D34, 0x9D34, 0x9D55, 0xA555, 0x9D35, 0x9D55, 0x9D55, 0x9D55, 0xA555, 0xA555,
    0x9D55, 0x9D55, 0x9D55, 0x9D55, 0x94F4, 0x9D34, 0x9D55, 0x9D55, 0xA555, 0x9D34, 0x9D34, 0x9D35,
    0x9D55, 0x9D55, 0xA534, 0xA575, 0xA596, 0xA576, 0x9D55, 0xA575, 0x9D34, 0x9D55, 0x9D55, 0x9D35,
    0x9D55, 0x9D55, 0x9D35, 0x9D35, 0x9D34, 0x9D34, 0x9D34, 0x9D55, 0x9D55, 0x9D35, 0x9514, 0x9D34,
    0x9514, 0x9D34, 0x9D35, 0x9D55, 0x9D55, 0x9D34, 0xA575, 0x9D55, 0x9D55, 0xA555, 0x9D54, 0x9D54,
    0xA575, 0x9D55, 0xA576, 0x9D55, 0x94F3, 0x9513, 0x9D13, 0x9513, 0x9D55, 0xA555, 0xA555, 0xA575,
    0xA575, 0xA555, 0xA555, 0xA575, 0xA575, 0x9D55, 0x9D75, 0x9D55, 0x94F3, 0x9D34, 0x9D55, 0xA575,
    0x9D55, 0xA555, 0xA575, 0x9D55, 0x9D34, 0x9D34, 0xA554, 0xA576, 0xA576, 0xA576, 0xA575, 0xA575,
    0x9D35, 0x9D55, 0x9D55, 0x9D34, 0x9D35, 0x9D14, 0x9D34, 0x9D55, 0x9D34, 0x9D14, 0xA555, 0x9D55,
    0x9D55, 0x9D34, 0x9D34, 0x9D34, 0x9514, 0x9514, 0x9D34, 0x9D55, 0x9D55, 0x9D34, 0xA555, 0x9D55,
    0x9D55, 0x9D34, 0x9D34, 0x9D34, 0x9D55, 0xA555, 0xA555, 0x9D55, 0x9D34, 0x9D34, 0x9D34, 0x9D14,
    0xA555, 0xA534, 0xA555, 0xA576, 0xA596, 0xA576, 0xA555, 0xA575, 0xA576, 0xA575, 0xA575, 0xA575,
    0x9D34, 0xA575, 0xA555, 0xA555, 0x9D54, 0xA554, 0xA555, 0xA555, 0xA555, 0xA555, 0xA555, 0xA576,
    0xA596, 0xA596, 0xAD96, 0xAD96, 0xA575, 0xADB6, 0xAD96, 0xA596, 0xA555, 0x9D13, 0x9D55, 0xA575,
    0xA555, 0x9D34, 0xA555, 0xA555, 0xA575, 0xA575, 0x9D55, 0xA555, 0x9D34, 0xA555, 0xA555, 0xA555,
    0xA555, 0x9D14, 0xA555, 0x9D34, 0x9D34, 0x9D34, 0x9D13, 0x9D34, 0xA555, 0xA555, 0xA555, 0xA555,
    0x9D55, 0x9D55, 0x9D35, 0x9D34, 0x9D55, 0x9D55, 0x9D55, 0x9D55, 0xA576, 0xA575, 0xA575, 0xA576,
    0xA575, 0xA575, 0x9D55, 0x9D34, 0x9D55, 0xA575, 0xA575, 0xA575, 0x9D55, 0x9D34, 0x9D55, 0x9D55,
    0x9D55, 0x9D54, 0xA555, 0xA555, 0x9D55, 0x9D55, 0x9D55, 0x9D55, 0x9D34, 0x9D55, 0xA575, 0x9D55,
    0xA575, 0x9D54, 0x9D55, 0x9D55, 0xA555, 0xA555, 0xA575, 0xA555, 0xA575, 0xA575, 0x9D55, 0x9D34,
    0x9514, 0x9D34, 0x9D34, 0x9D34, 0x9D34, 0x9D34, 0x9D55, 0x9D34, 0x9D34, 0x9D34, 0x9D13, 0x9D34,
    0x9D55, 0x9D55, 0x9D35, 0x9D34, 0x9D35, 0x9D55, 0x9D55, 0x9D55, 0x9D55, 0x9D55, 0x9D55, 0x9D55,
    0x9D55, 0xA575, 0xA575, 0xA575, 0xA575, 0x9D75, 0x9D55, 0x9D34, 0x9D55, 0xA576, 0x9D55, 0x9D55,
    0x9D55, 0x9D14, 0x9D34, 0x9D35, 0x9D55, 0x9D55, 0xA555, 0x9D55, 0x9D35, 0x9D35, 0x9D34, 0x9D35,
    0x9514, 0x9D55, 0x9D55, 0x9D55, 0xA555, 0xA555, 0x9D55, 0x9D55, 0x9D55, 0x9D55, 0xA595, 0xA575,
    0xA575, 0xA575, 0x9D55, 0x9D35, 0x9514, 0x9D34, 0x9D34, 0x9D34, 0x9D55, 0x9D34, 0x9D34, 0x9D34,
    0x9D34, 0x9D34, 0x9D34, 0x9D34, 0x9D35, 0x9D55, 0x9D35, 0x9D35, 0x9D35, 0x9D35, 0x9D35, 0x9D35,
    0x9D55, 0x9D55, 0x9D55, 0x9D55, 0x9D35, 0x9D55, 0xA575, 0xA555, 0x9D55, 0xA575, 0x9D55, 0x9D34,
    0x9D14, 0x9D55, 0xA555, 0x9D35, 0x9D34, 0x9D14, 0x9D14, 0x9D34, 0x9D34, 0x9D55, 0xA555, 0x9D55,
    0x9D55, 0x9D35, 0x9D55, 0x9D34, 0x94F4, 0x9D35, 0x9D35, 0x9D35, 0x9D55, 0x9D55, 0x9D35, 0x9D35,
    0x9D55, 0x9D35, 0xA555, 0x9D55, 0x9D55, 0x9D55, 0x9D55, 0x9D34, 0x94F4, 0x9D34, 0x9D35, 0x9D34,
    0x9D55, 0x9D55, 0x9D35, 0x9514, 0x9D34, 0x9D34, 0x9D14, 0x9D55, 0xA575, 0x9D55, 0x9D35, 0x9514,
    0x94F3, 0x9514, 0x9514, 0x9D34, 0x9D35, 0x9D34, 0x9514, 0x9D14, 0x9D34, 0x9D55, 0xA555, 0x9D55,
    0x9D35, 0x9D55, 0x9D35, 0x9D14, 0x9D14, 0x9D34, 0x9D34, 0x9D34, 0x9D34, 0x9D14, 0x9D14, 0x9514,
    0x9514, 0x9D14, 0x9D34, 0x9D14, 0x9D34, 0x9D34, 0x9D34, 0x9D35, 0x94F3, 0x9514, 0x9514, 0x9534,
    0x9D35, 0x9D34, 0x9D14, 0x9514, 0x9D34, 0x9D14, 0x9D34, 0x9D34, 0x9D35, 0x9D35, 0x9D55, 0x9D35,
    0x94D3, 0x9514, 0x9514, 0x9514, 0x9D34, 0x9D34, 0x9514, 0x9514, 0x9D34, 0x9D34, 0x9D34, 0x9D14,
    0x9514, 0x9514, 0x9D14, 0x9514, 0x8C92, 0x94D3, 0x8CB3, 0x8CB3, 0x94D3, 0x94D3, 0x8CB2, 0x8CD3,
    0x8CB3, 0x94D3, 0x9CF3, 0x94D3, 0x94F3, 0x94D3, 0x94D3, 0x8CB2, 0x94D3, 0x94D3, 0x8CB2, 0x94D3,
    0x94D3, 0x94D3, 0x94D3, 0x8CB2, 0x8CB2, 0x8CB2, 0x94F3, 0x94F3, 0x94D3, 0x8CD3, 0x8CD3, 0x8CB3,
    0x8C92, 0x8CB3, 0x8CD3, 0x8CB2, 0x8CD3, 0x94D3, 0x8CB2, 0x8CD3, 0x8CD3, 0x94D3, 0x94F3, 0x8CB3,
    0x8CD3, 0x8CD3, 0x94D3, 0x8CB3, 0x8471, 0x8C92, 0x8C92, 0x8C92, 0x8CB2, 0x94D3, 0x8CB2, 0x8CB2,
    0x8CD3, 0x8CD3, 0x94D3, 0x94D3, 0x8CB2, 0x8CB2, 0x8CB2, 0x8C92, 0x9D55, 0xA596, 0xA576, 0xA596,
    0xA596, 0xA575, 0xA576, 0xA596, 0x9D75, 0xA575, 0xA575, 0xADB7, 0xA596, 0xA596, 0xA575, 0x9D34,
    0x9D34, 0xA555, 0x9D55, 0xA575, 0xA575, 0xA555, 0xAD96, 0xAD96, 0xA576, 0xA575, 0xA575, 0xA596,
    0xA596, 0xA576, 0x9D55, 0x9D34, 0x9514, 0x9D55, 0x9D55, 0x9D55, 0x9D55, 0xA555, 0x9D34, 0x9D35,
    0x9D34, 0x9D34, 0x9D34, 0x9D34, 0x9D34, 0x9D34, 0x9D34, 0x9514, 0x9514, 0x9D34, 0x9D14, 0x9513,
    0x9D34, 0x9D14, 0x9D34, 0x9D34, 0x9D35, 0x9D35, 0xA555, 0xA575, 0xA555, 0x9D55, 0x9D34, 0x94F4,
    0x9D55, 0xA575, 0x9D55, 0x9D35, 0x9D35, 0x9D35, 0x9D55, 0xA575, 0xA575, 0xA575, 0xA575, 0xA576,
    0xA575, 0xA576, 0xA575, 0x9D55, 0x9D54, 0xA575, 0xA555, 0xA575, 0xA575, 0xA555, 0x9D55, 0x9D55,
    0x9D55, 0x9D34, 0xA554, 0xA576, 0xA596, 0xA596, 0xA576, 0x9D55, 0x9D34, 0x9D55, 0x9D55, 0xA555,
    0xA575, 0xA575, 0x9D34, 0x9D55, 0x9D35, 0x9D35, 0xA555, 0x9D34, 0x9D34, 0x9D34, 0x9D34, 0x9D34,
    0x9D14, 0x9D35, 0x9D34, 0x9D34, 0x9D34, 0x9D34, 0x9D55, 0x9D55, 0x9D55, 0xA575, 0xA575, 0xA575,
    0xA555, 0x9D55, 0x9D34, 0x9D34, 0x9D34, 0x9D34, 0x9D34, 0x9D34, 0x9D34, 0x9D34, 0x9D14, 0x9D35,
    0x9D35, 0x9D55, 0xA555, 0x9D55, 0x9D55, 0x9D55, 0x9D55, 0x9D35, 0x9D14, 0x9D55, 0x9D55, 0x9D55,
    0x9D55, 0x9D14, 0x9D34, 0x9514, 0x9D34, 0x9D34, 0x9D54, 0xA576, 0xA576, 0xA576, 0xA575, 0x9D55,
    0x9D34, 0xA575, 0x9D55, 0x9D75, 0x9D55, 0x9D55, 0x9D34, 0x9D13, 0x9D14, 0x9D34, 0x9D34, 0x9D34,
    0x9D34, 0x9D34, 0x9D35, 0x9D35, 0x9514, 0x9D34, 0x9D35, 0x9D34, 0x9D14, 0x9D34, 0x9D34, 0x9D35,
    0x9D55, 0xA575, 0xA575, 0x9D55, 0x9D55, 0x9D34, 0x9D34, 0x9514, 0x9D14, 0x9514, 0x9D34, 0x9D34,
    0x9D35, 0x9D34, 0x9D34, 0x9D34, 0x9D34, 0x9D35, 0xA555, 0x9D55, 0x9D35, 0x9D55, 0x9D55, 0x9D35,
    0x9D14, 0x9D34, 0x9D55, 0x9D55, 0x9D35, 0x9D14, 0x9D34, 0x9D14, 0x9D34, 0x9D35, 0xA555, 0xA555,
    0xA596, 0x9D75, 0xA575, 0x9D35, 0x9D34, 0xA576, 0xA576, 0xA575, 0x9D55, 0x9D14, 0x9513, 0x94F3,
    0x9514, 0x9D34, 0xA554, 0x9D34, 0x9D34, 0x9D34, 0x9D35, 0x9D14, 0x9514, 0x9D35, 0x9D34, 0x9D34,
    0x9D34, 0x9D14, 0x9D34, 0x9D35, 0x9D34, 0x9D55, 0xA555, 0x9D55, 0x9D34, 0x9D34, 0x9D34, 0x94F4,
    0x9D34, 0x9D34, 0x9D34, 0x9D34, 0x9D55, 0x9D34, 0x9D34, 0x9D35, 0x9D34, 0x9D34, 0xA554, 0x9D55,
    0x9D55, 0x9D55, 0x9D55, 0x9D34, 0x9D14, 0x9D34, 0x9D35, 0x9D34, 0x9D34, 0x9D14, 0x9D55, 0x9D34,
    0x9D34, 0x9D14, 0x9D34, 0x9D55, 0xA576, 0x9D55, 0x9D55, 0x9D55, 0x9D35, 0xA555, 0xA555, 0x9D55,
    0x9D54, 0x9D14, 0x94F3, 0x94F3, 0x9D14, 0x9D34, 0x9D34, 0x9D34, 0x9D35, 0x9D34, 0x9D34, 0x9D14,
    0x94F4, 0x9D34, 0x9D34, 0x9D14, 0x9D14, 0x9D34, 0x9D34, 0x9D35, 0x9D34, 0x9D55, 0x9D13, 0x9D34,
    0x9D14, 0x9D14, 0x9D34, 0x9D14, 0xA555, 0xA555, 0x9D34, 0x9D14, 0x9D34, 0x9D34, 0x9D34, 0x9D34,
    0x9D34, 0xA554, 0xA554, 0xA555, 0x9D34, 0x9D14, 0x9D14, 0x9CF3, 0x94F3, 0x9D14, 0x9D14, 0x9D14,
    0x9D34, 0x9CF3, 0x9D14, 0x9D34, 0x9D55, 0x9D14, 0x9D14, 0x9D34, 0x9D34, 0x9D34, 0x9D14, 0x9D14,
    0x9CF3, 0x9D34, 0x9D34, 0x9CF3, 0x9D14, 0x9D13, 0x9CF3, 0x9D14, 0x9D14, 0x9D34, 0x9D34, 0xA555,
    0xA534, 0x9D14, 0x9D34, 0x94F3, 0x9CF3, 0x9CF3, 0x9D14, 0x9D14, 0x9D13, 0x9D13, 0x9D14, 0x9D34,
    0x9D14, 0x9D13, 0x9CF3, 0x9D14, 0x9D34, 0x9D34, 0x9D34, 0x9D14, 0xA576, 0xA575, 0x9D55, 0x9D34,
    0x9D34, 0x9D34, 0x9D34, 0x9D34, 0x9D55, 0xA555, 0xA555, 0x9D34, 0x9D34, 0x9D14, 0x9D34, 0x9D14,
    0x94F3, 0x9D34, 0x9D34, 0x9D35, 0xA555, 0x9D14, 0x9D55, 0x9D55, 0xA575, 0xA555, 0xA555, 0x9D54,
    0x9D55, 0xA575, 0xA575, 0x9D35, 0x9D34, 0xA575, 0xA575, 0x9D34, 0x9D55, 0x9D55, 0x9D34, 0x9D34,
    0x9D34, 0x9D34, 0x9D34, 0x9D35, 0x9D35, 0x9D35, 0x9D34, 0x9D14, 0x9D14, 0x9D34, 0x9D35, 0x9D34,
    0x9D55, 0xA555, 0x9D55, 0x9D55, 0x9D35, 0x9D34, 0x9D13, 0x9D34, 0x9D55, 0x9D35, 0x9D55, 0x9D35,
    0x9D55, 0xA575, 0x9D55, 0x9D35, 0x9D55, 0xA555, 0x9D35, 0x9D34, 0x9D35, 0x9D55, 0xA554, 0x9D34,
    0x9514, 0x9514, 0x9514, 0x9D34, 0x94F4, 0x9D55, 0x9D35, 0x9D55, 0x9D55, 0x9D34, 0x9D55, 0x9D75,
    0xA575, 0xA576, 0xA575, 0x9D55, 0xA576, 0xA576, 0xA575, 0xA555, 0x9D35, 0xA596, 0xA596, 0xA575,
    0x9D55, 0x9D34, 0x9D35, 0x9D35, 0x9D34, 0x9D55, 0x9D34, 0x9D55, 0x9D34, 0x9D55, 0x9D34, 0x9D34,
    0x9514, 0x9D35, 0x9D35, 0x9D34, 0x9D55, 0xA575, 0xA575, 0x9D55, 0x9D35, 0x9D35, 0x9D34, 0x9D34,
    0x9D35, 0x9D35, 0x9D55, 0x9D55, 0x9D55, 0x9D55, 0x9D55, 0x9D55, 0x9D55, 0x9D34, 0x9D34, 0x9D34,
    0x9D35, 0x9D55, 0x9D34, 0x9D34, 0x9D34, 0x9514, 0x9D14, 0x9D34, 0x9D14, 0x9D55, 0x9D55, 0x9D55,
    0x9D55, 0x9D13, 0x9D55, 0x9D55, 0xA576, 0xA576, 0xA575, 0xA575, 0xA5B6, 0xADB7, 0x9D55, 0x9D34,
    0x9D14, 0xA576, 0xA575, 0xA575, 0x9D55, 0xA555, 0x9D35, 0x9D35, 0x9D55, 0x9D34, 0xA555, 0x9D35,
    0x9D34, 0x9D55, 0x9D35, 0x9D35, 0x9D34, 0x9D55, 0x9D55, 0x9D55, 0x9D55, 0xA576, 0x9D55, 0x9D35,
    0x9D55, 0x9D55, 0x9D34, 0x9D35, 0x9D35, 0x9D55, 0x9D35, 0x9D55, 0xA555, 0x9D55, 0x9D55, 0x9D35,
    0x9D34, 0x9D13, 0x9D14, 0x9D14, 0x9D34, 0x9D55, 0x9D34, 0x9D34, 0x9D34, 0x9D14, 0x9D34, 0x9D34,
    0x9D34, 0x9D55, 0x9D55, 0x9D55, 0x9D55, 0x9D14, 0xA575, 0x9D55, 0xA575, 0x9D75, 0xA555, 0xA575,
    0xA596, 0xA596, 0x9D55, 0x9D34, 0x9D55, 0xA596, 0xA596, 0xA575, 0x9D55, 0x9D34, 0x9D35, 0xA555,
    0x9D55, 0x9D55, 0xA555, 0x9D34, 0x9D55, 0x9D55, 0x9D75, 0x9D55, 0x9D34, 0x9D55, 0x9D55, 0x9D55,
    0x9D55, 0xA575, 0x9D34, 0x9D14, 0x9D55, 0x9D34, 0x9D14, 0x9D35, 0x9D55, 0x9D35, 0x9D34, 0x9D55,
    0xA555, 0xA555, 0x9D34, 0x9D34, 0x9D34, 0x9CF3, 0x9D13, 0x9D14, 0xA555, 0xA555, 0x9D14, 0x9D34,
    0x9D34, 0x9D34, 0xA554, 0xA555, 0xA555, 0xA575, 0xA555, 0xA555, 0xA554, 0x9D34, 0xAD96, 0xAD96,
    0xA575, 0xA555, 0xA534, 0xAD75, 0xADB7, 0xADB6, 0xA596, 0xA555, 0xA555, 0xAD96, 0xADB6, 0xA576,
    0xA575, 0x9D34, 0x9D55, 0xA576, 0xA576, 0xA575, 0xA555, 0x9D34, 0xA575, 0xA575, 0xA575, 0xA575,
    0xA555, 0xA596, 0xA596, 0xA575, 0xA555, 0x9D34, 0x9D55, 0x9D34, 0x9D54, 0x9D34, 0xA534, 0xA575,
    0xA575, 0xA555, 0xA555, 0xA575, 0xA555, 0x9D55, 0x9D55, 0x9D14, 0x9D34, 0x9CF3, 0x9D13, 0x9514,
    0x9D55, 0x9D55, 0x9D34, 0x9D34, 0x9D14, 0x9D14, 0x9D14, 0x9D14, 0x9D34, 0x9D55, 0x9D55, 0x9D55,
    0xA575, 0x9D34, 0xA575, 0xA575, 0xA555, 0xA555, 0xA575, 0xB618, 0xB618, 0xB618, 0xB5F7, 0xAD96,
    0xA575, 0xB5F8, 0xB618, 0xA596, 0xA575, 0x9D34, 0x9D55, 0xA575, 0xA575, 0xA555, 0xA555, 0xA555,
    0x9D55, 0x9D35, 0x9D34, 0x9D35, 0x9D14, 0x9D55, 0x9D55, 0x9D35, 0x9D55, 0x9D34, 0x9D54, 0x9D34,
    0x9D34, 0x9D34, 0x9D34, 0x9D55, 0x9D55, 0x9D35, 0x9D35, 0xA555, 0xA575, 0x9D55, 0x9D55, 0x9D34,
    0x9D55, 0x9D14, 0x9D14, 0x9D14, 0x9D55, 0xA575, 0xA555, 0x9D55, 0x9D34, 0x9D34, 0x9D34, 0x9D34,
    0x9D34, 0xA575, 0x9D55, 0x9D55, 0xA555, 0x9D55, 0xA575, 0xA575, 0xA575, 0xA555, 0xAD75, 0xADD7,
    0xB5F8, 0xBE38, 0xADD7, 0xA596, 0xA596, 0xB5F7, 0xBE38, 0xA596, 0xA576, 0x9D34, 0x9D34, 0xA575,
    0x9D55, 0x9D55, 0xA555, 0x9D55, 0x9D55, 0x9D55, 0x9D34, 0x9D34, 0x9D14, 0x9D55, 0x9D55, 0x9D35,
    0x9D55, 0xA555, 0x9D34, 0x9D34, 0x9D34, 0x9D34, 0xA554, 0x9D35, 0x9D35, 0x9D34, 0x9D35, 0xA575,
    0xA575, 0x9D55, 0x9D55, 0x9D55, 0x9D35, 0x9CF3, 0x9D14, 0x9D34, 0x9D34, 0x9D55, 0x9D54, 0x9D34,
    0x9D34, 0x9D34, 0x9D55, 0x9D55, 0x9514, 0x9D55, 0x9D35, 0x9D55, 0x9D55, 0x9D55, 0xA575, 0x9D55,
    0xA576, 0xA575, 0xA575, 0xA596, 0xADD7, 0xBE38, 0xB618, 0xADB6, 0xA575, 0xB5F7, 0xADD7, 0xA596,
    0xA596, 0xA575, 0xA555, 0x9D55, 0x9D34, 0x9D35, 0xA555, 0x9D35, 0x9D55, 0x9D55, 0x9D55, 0x9D34,
    0x94F4, 0x9D35, 0x9D55, 0x9D35, 0x9D55, 0xA555, 0x9D34, 0x9D55, 0x9D34, 0x9D34, 0xA554, 0x9D34,
    0x9D34, 0x9D35, 0x9D55, 0xA575, 0x9D14, 0x9D34, 0x9D14, 0x9D34, 0x9D14, 0x9CF3, 0x9513, 0x9D14,
    0x9D34, 0x9D34, 0x9D14, 0x9D14, 0x9D34, 0x9D34, 0x9D34, 0x9514, 0x94F3, 0x9D14, 0x9D34, 0x9D14,
    0x9D34, 0x9D34, 0x9D34, 0x9D55, 0xADB7, 0xA555, 0xA575, 0xA596, 0xAD96, 0xB5F7, 0xB5F7, 0xAD96,
    0xA575, 0xADD7, 0xADB7, 0xADB7, 0xA576, 0xA555, 0x9D55, 0x9D34, 0x9D14, 0x9D34, 0x9D34, 0x9D34,
    0x9D35, 0x9D35, 0x9D14, 0x9D14, 0x94F3, 0x9514, 0x9D14, 0x9D34, 0x9D55, 0x9D34, 0x9D14, 0x9513,
    0x94F3, 0x9513, 0x9D34, 0x9D14, 0x9D34, 0x9D34, 0x9D34, 0x9D35, 0x8C92, 0x94D3, 0x8CB2, 0x8C92,
    0x8C91, 0x94B2, 0x94D2, 0x8CD3, 0x94D3, 0x94D3, 0x94D3, 0x94D3, 0x94D3, 0x94D3, 0x94F3, 0x94D3,
    0x8C91, 0x8CB2, 0x8CB2, 0x8C92, 0x94D3, 0x94D2, 0x94F3, 0x94D3, 0x94F3, 0x9514, 0x9D34, 0x9D34,
    0x9D34, 0x9514, 0x9D14, 0x9D14, 0x94D3, 0x9D14, 0x9514, 0x9D14, 0x94F3, 0x9CF3, 0x94D3, 0x94D3,
    0x8CB2, 0x8CB2, 0x9CF3, 0x94D3, 0x94D3, 0x94D3, 0x8CB2, 0x8CB2, 0x8C92, 0x8CB2, 0x8CD3, 0x8CD3,
    0x94D3, 0x94D3, 0x8CD3, 0x8C92, 0x8CB2, 0x8CB2, 0x94D3, 0x94D3, 0x8CD3, 0x94D3, 0x8CD3, 0x94D3,
    0x9D14, 0xA575, 0xA555, 0x9D34, 0x9D34, 0x9D13, 0xA555, 0xA575, 0xA576, 0x9D55, 0x9D13, 0x9D35,
    0x9D34, 0x9D55, 0x9D55, 0x9D34, 0x9514, 0x9D55, 0x9D55, 0x9D55, 0xA575, 0x9D34, 0xA575, 0xA555,
    0xA576, 0xA575, 0xA575, 0xA575, 0xA576, 0xA575, 0xA576, 0x9D55, 0x9514, 0xA575, 0xA575, 0x9D55,
    0x9D34, 0xA575, 0x9D34, 0x9D55, 0x9D55, 0x9D14, 0x9D13, 0x9D34, 0x9D35, 0x9D55, 0x9D34, 0x94F3,
    0x94F3, 0x9D55, 0x9D55, 0x9D55, 0xA555, 0x9D34, 0x9D34, 0x9D34, 0x9D34, 0x9D35, 0x9D55, 0x9D55,
    0x9D55, 0x9D55, 0x9D35, 0x9D14, 0x9D55, 0x9D55, 0x9D55, 0x9D55, 0xA555, 0x9D34, 0x9D55, 0x9D55,
    0x9D55, 0x9D35, 0x9D34, 0x9D55, 0x9D55, 0x9D34, 0x9D55, 0x9D35, 0x9D14, 0x9D55, 0xA575, 0xA576,
    0xA575, 0xA555, 0xA575, 0xA575, 0xA596, 0xA596, 0xAD96, 0xB5D7, 0xB5F7, 0xADB7, 0xA596, 0x9D55,
    0x9D34, 0xA555, 0xA576, 0x9D34, 0x9D34, 0xA576, 0x9D55, 0x9D55, 0x9D55, 0x9D34, 0x9D34, 0x9D55,
    0x9D35, 0x9D35, 0x9D55, 0x9D34, 0x9D14, 0x9D55, 0xA555, 0x9D55, 0xA576, 0xA555, 0x9D35, 0x9D34,
    0x9D35, 0x9D35, 0xA555, 0x9D55, 0x9D55, 0x9D55, 0x9D35, 0x9D14, 0x9D14, 0x9D55, 0x9D35, 0x9D34,
    0x9D55, 0x9D34, 0x9D55, 0x9D55, 0x9D35, 0x9D34, 0x9D34, 0x9D34, 0x9D34, 0x9D34, 0x9D35, 0x9D34,
    0x9514, 0x9D35, 0xA576, 0x9D55, 0xA575, 0xA555, 0xA576, 0xA576, 0xA596, 0xA575, 0xA575, 0xA575,
    0xA596, 0xB5F7, 0xA576, 0x9D34, 0x9D14, 0xA575, 0xADB6, 0x9D55, 0x9D55, 0xA575, 0xA576, 0x9D55,
    0x9D34, 0x9D34, 0x9D13, 0x9D14, 0x9D34, 0x9D34, 0x9D35, 0x9D34, 0x94F3, 0x9D35, 0x9D55, 0x9D55,
    0x9D55, 0x9D55, 0x9D34, 0x9D34, 0x9D34, 0x9D35, 0x9D35, 0x9D35, 0x9D55, 0x9D55, 0x9D34, 0x9514,
    0x9D13, 0x9D34, 0x9D34, 0x9D34, 0x9D34, 0x9D34, 0x9D35, 0x9D55, 0x9D55, 0x9D14, 0x9D13, 0x9D14,
    0x9D34, 0x9D35, 0x9D35, 0x9D34, 0x94F3, 0x9D55, 0xA576, 0x9D55, 0xA575, 0xA555, 0xA575, 0xA575,
    0xA596, 0xA555, 0xA555, 0x9D55, 0x9D55, 0xA596, 0xA575, 0x9D55, 0x9514, 0x9D55, 0x9D55, 0x9D55,
    0xA575, 0xA575, 0xA555, 0xA575, 0x9D55, 0x9D55, 0x9D34, 0x9D34, 0x9D34, 0x9D34, 0x9D34, 0x9D34,
    0x94F3, 0x9D34, 0x9D55, 0x9D55, 0x9D55, 0x9D54, 0x9D35, 0x9D34, 0x9D34, 0x9D35, 0x9D34, 0x9D35,
    0x9D34, 0x9D35, 0x9D35, 0x9514, 0x94F3, 0x9D34, 0x9D14, 0x9D14, 0x9D34, 0x9D34, 0x9D55, 0x9D55,
    0x9D55, 0x9D34, 0x94F3, 0x9D14, 0x9D34, 0x9D34, 0x9D35, 0x9D14, 0x94B2, 0x9D34, 0x9D34, 0x9D55,
    0xA576, 0xA575, 0xA596, 0xA575, 0xA596, 0xA575, 0xA554, 0xA554, 0xA555, 0xA575, 0xA555, 0x9D55,
    0x9D14, 0xA555, 0x9D55, 0xA575, 0x9D55, 0xA555, 0x9D55, 0xA576, 0x9D55, 0x9D55, 0x9D14, 0x9D34,
    0x9D34, 0x9D34, 0x9D14, 0x9513, 0x94D3, 0x9D14, 0x9D55, 0x9D55, 0xA575, 0xA555, 0x9D55, 0x9D34,
    0x9D34, 0x9D55, 0x9D34, 0x9D35, 0x9D35, 0x9D34, 0x9D34, 0x94F4, 0x94D3, 0x9D14, 0x9D14, 0x9D13,
    0x9CF3, 0x9D13, 0x9D34, 0x9D34, 0x9D13, 0x9D14, 0x94F3, 0x9D14, 0x9D34, 0x9D34, 0x9D34, 0x9D13,
    0x94B2, 0x9D13, 0x9D34, 0x9D34, 0xA554, 0x9CF3, 0x9D13, 0x9D34, 0x9D34, 0x9D13, 0x9D13, 0x9D34,
    0x9D34, 0x9D34, 0xA555, 0x9D34, 0x9CF3, 0xA554, 0x9D54, 0x9D34, 0x9D34, 0x9D13, 0xA534, 0xA555,
    0x9D34, 0xA534, 0x9D13, 0x9D14, 0x9D14, 0x9D34, 0x9D14, 0x94D3, 0x94F3, 0x9D34, 0x9D34, 0x9D34,
    0xA554, 0x9D13, 0xA554, 0xA555, 0x9D13, 0x9D13, 0x9D14, 0xA554, 0xA555, 0x9D34, 0x9D14, 0x94F3,
    0x9D14, 0x9D35, 0x9D34, 0x9D34, 0x9D34, 0x9D34, 0x9D34, 0x9D34, 0x9D14, 0x9D34, 0x9D34, 0x9D14,
    0x9D34, 0x9D55, 0x9D55, 0x9D34, 0x94D2, 0x9D34, 0x9D35, 0x9D34, 0x9D54, 0x9D13, 0x9D14, 0x9D14,
    0x9D34, 0x9D34, 0x9D34, 0x9D35, 0x9D35, 0x9D55, 0xA555, 0x9D55, 0x9D14, 0x9D34, 0x9D55, 0x9D35,
    0x9D55, 0x9D34, 0xA555, 0xA555, 0x9D55, 0x9D55, 0x9D14, 0x9D34, 0x9D34, 0x9D35, 0x9D34, 0x94F3,
    0x94F3, 0x9D34, 0x9D34, 0x9D34, 0xA575, 0x9D34, 0x9D34, 0x9D34, 0x9D14, 0x9D14, 0x9D34, 0x9D55,
    0x9D55, 0x9D55, 0x9D14, 0x9D14, 0x9D14, 0x9D55, 0x9D14, 0x9D14, 0x9D35, 0x9D34, 0x9D35, 0x9D14,
    0x9514, 0x9D34, 0xA555, 0x9D14, 0x9D14, 0x9D35, 0x9D35, 0x9D34, 0x94D3, 0x9D34, 0x9D35, 0x9D55,
    0xA555, 0x9CF3, 0x9D14, 0x9D34, 0x9D34, 0x9D55, 0xA555, 0x9D55, 0xA555, 0x9D34, 0x9D55, 0x9D35,
    0x94F3, 0x9D35, 0x9D35, 0x9D55, 0x9D55, 0x9D34, 0x9D55, 0x9D35, 0x9D35, 0x9D35, 0x9D34, 0x9D34,
    0x9D55, 0x9D55, 0x9D35, 0x9D34, 0x94F4, 0x9D14, 0x9D34, 0x9D35, 0x9D55, 0x9D14, 0x9D34, 0x9D34,
    0x9514, 0x9D34, 0x9D34, 0x9D55, 0x9D35, 0x9D34, 0x9D55, 0x9D35, 0x9D34, 0x9D55, 0x9D55, 0x9D35,
    0x9D35, 0x9D34, 0x9D34, 0x9514, 0x9514, 0x9D34, 0xA555, 0x9D34, 0x9D34, 0x9D35, 0x9D55, 0x9D14,
    0x94D3, 0x9D34, 0x9D35, 0x9D55, 0x9D55, 0x9513, 0x9D14, 0x9514, 0x9D55, 0x9D55, 0xA555, 0x9D55,
    0x9D34, 0x9D34, 0x9D35, 0x9D35, 0x94F3, 0x9D34, 0x9D55, 0x9D55, 0x9D55, 0x9D34, 0x9D35, 0x9D55,
    0x9D35, 0x9D34, 0x9D34, 0x9D35, 0x9D35, 0x9D35, 0x9D34, 0x9D34, 0x94F4, 0x9514, 0x9D34, 0x9D34,
    0x9D35, 0x9D34, 0x9D35, 0x9D55, 0x9D34, 0x9D34, 0xA555, 0x9D55, 0x9D55, 0x9D35, 0x9D34, 0x9514,
    0x9D34, 0x9D55, 0x9D55, 0x9D55, 0x9D55, 0x9D13, 0x9514, 0x9D14, 0x9D34, 0x9D34, 0xA555, 0x9D35,
    0x9D34, 0x9D34, 0x9D55, 0x9D34, 0x94F3, 0x9D14, 0x9D34, 0x9D34, 0x9D34, 0x94F3, 0x9D35, 0x9D55,
    0x9D55, 0x9D34, 0x9D34, 0x9D34, 0x9D34, 0x9D14, 0x9D14, 0x9514, 0x94F3, 0x9D34, 0x9D55, 0x9D55,
    0x9D55, 0x9D14, 0x9D55, 0x9D34, 0x94F3, 0x94F3, 0x9CF3, 0x9D34, 0x9D34, 0x9D34, 0x9D14, 0x9D34,
    0x94F4, 0x9D34, 0x9D34, 0x9D34, 0x9D34, 0x9D34, 0x9D35, 0x9D55, 0x9D35, 0x9D34, 0x9D34, 0x9D35,
    0x9D34, 0x9D35, 0x9D34, 0x9514, 0x9D34, 0xA555, 0xA555, 0x9D34, 0x9D54, 0x94D3, 0x94F3, 0x9D13,
    0x9D13, 0x9D13, 0x9D34, 0xA555, 0x9D34, 0xA575, 0xA555, 0x9D34, 0x94F3, 0x9D34, 0x9D34, 0x9D34,
    0x9D34, 0x94D3, 0x9D34, 0xA555, 0x9D55, 0x9D54, 0xA554, 0xA554, 0x9D55, 0x9D34, 0x9D34, 0x9D34,
    0x9D34, 0x9D55, 0x9D55, 0x9D34, 0x9D34, 0x94F3, 0x9D34, 0x9D34, 0x9D14, 0x9D13, 0x9D13, 0x9D34,
    0x9D55, 0x9D34, 0x9D55, 0x9D34, 0x9D14, 0x9D14, 0x9D34, 0x9D34, 0x9D34, 0x9D14, 0x9D34, 0x9D55,
    0x9D55, 0x9D34, 0x9D34, 0x9D55, 0x9D55, 0x9D34, 0x9D34, 0x9D34, 0x9D14, 0x9D35, 0x9D34, 0x9D35,
    0x9D55, 0x9D13, 0x9D14, 0x9D14, 0x9D14, 0x9D14, 0x9D34, 0x9D34, 0x9D55, 0x9D55, 0xA555, 0x9D14,
    0x94D2, 0x9D14, 0x9D34, 0x9D35, 0x9D55, 0x94F3, 0x9D55, 0x9D55, 0x9D55, 0x9D55, 0x9D34, 0x9D35,
    0x9D55, 0x9D35, 0x9D34, 0x9D14, 0x9D13, 0x9D55, 0x9D35, 0x9D34, 0x9D34, 0x9D34, 0x9D55, 0x9D55,
    0x9D34, 0x9D14, 0x9D14, 0x9D34, 0x9D34, 0x9D55, 0x9D55, 0x9D34, 0x94D3, 0x9D34, 0x9D35, 0x9D55,
    0xA555, 0x9D34, 0x9D35, 0x9D34, 0x9D34, 0x9D34, 0x9D34, 0x9D55, 0x9D55, 0x9D34, 0x9D35, 0x9D34,
    0x9D14, 0x9D34, 0x9D34, 0x9D34, 0xA555, 0x9D34, 0x9D34, 0x9D34, 0x9D34, 0x9D34, 0x9D34, 0x9D34,
    0x9D55, 0x9D55, 0x9D55, 0x9D14, 0x94D2, 0x9D34, 0x9D35, 0x9D35, 0x9D55, 0x9513, 0x9D55, 0x9D55,
    0x9D35, 0x9D55, 0xA554, 0x9D55, 0x9D35, 0x9D34, 0x9D34, 0x9D14, 0x94F3, 0x9D34, 0x9D34, 0x9D34,
    0x9D14, 0x9D34, 0x9D35, 0x9D34, 0x9D35, 0x9D14, 0x9D14, 0x9D34, 0x9D34, 0x9D35, 0x9D55, 0x9D34,
    0x94F3, 0x9D35, 0x9D35, 0x9D55, 0xA575, 0xA555, 0x9D55, 0x9D35, 0x9D34, 0x9D34, 0x9D34, 0x9D34,
    0x9D55, 0x9D35, 0x9D35, 0x9514, 0x94F3, 0x9D34, 0x9D34, 0x9D34, 0x9D35, 0x9D34, 0x9D35, 0x9D34,
    0x9D14, 0x9D14, 0x9D34, 0x9D34, 0x9D35, 0x9D55, 0x9D34, 0x9514, 0x94D3, 0x9D34, 0x9D55, 0x9D55,
    0x9D55, 0x94F3, 0x9D35, 0x9D34, 0x9D34, 0x9D34, 0x9D34, 0x9D55, 0x9D34, 0x9D34, 0x9D34, 0x9513,
    0x94F3, 0x9D34, 0x9D35, 0x9D34, 0x9D14, 0x9D34, 0x9D55, 0x9D35, 0x9514, 0x9D14, 0x9D14, 0x9D34,
    0x9D34, 0x9D14, 0x9D34, 0x9514, 0x94F3, 0x9D55, 0x9D55, 0x9D34, 0x9D34, 0xA555, 0x9D35, 0x9D34,
    0x9D34, 0x9D34, 0x9D34, 0x9D34, 0x9D35, 0x9D34, 0x9D35, 0x9514, 0x94D3, 0x9514, 0x9514, 0x9514,
    0x9514, 0x9D14, 0x9D14, 0x9514, 0x9514, 0x9D34, 0x9D34, 0x9D34, 0x9514, 0x9D34, 0x9D34, 0x9514,
    0x94D2, 0x9D34, 0x9D55, 0x9D34, 0x9D34, 0x9D13, 0x9D34, 0x9514, 0x9D34, 0x9D14, 0x9D34, 0x9D34,
    0x94F3, 0x9D14, 0x9514, 0x9514, 0x94D2, 0x9D14, 0x9D34, 0x9514, 0x9D14, 0x9D14, 0x9D34, 0x9D35,
    0x9514, 0x9514, 0x9D14, 0x9D14, 0x9514, 0x9514, 0x9514, 0x94F4, 0x94D3, 0x9D34, 0x9D35, 0x9514,
    0x9D14, 0x9D34, 0x9D34, 0x9514, 0x9514, 0x9D34, 0x9D34, 0x9514, 0x9D34, 0x9514, 0x9514, 0x9514,
    0x8C92, 0x8CB2, 0x8CD3, 0x8CD3, 0x8CD3, 0x94D2, 0x8CD3, 0x94D3, 0x8CD3, 0x94F3, 0x94D3, 0x94D3,
    0x8CD2, 0x8CD3, 0x94F3, 0x94D3, 0x8C92, 0x94D3, 0x8CD3, 0x94F3, 0x94D3, 0x94D3, 0x8CD3, 0x94F3,
    0x94D3, 0x94D3, 0x9D13, 0x8CB2, 0x8CB2, 0x8CB2, 0x8CD3, 0x8CB2, 0x8C92, 0x8CB2, 0x8CD3, 0x8CD3,
    0x94F3, 0x94F3, 0x94D3, 0x94F3, 0x8CD3, 0x94D3, 0x94B2, 0x8CB2, 0x8CB2, 0x8CB2, 0x8CB2, 0x8C91,
    0x8C92, 0x94F3, 0x94D3, 0x8CB2, 0x8CB2, 0x9514, 0x94F3, 0x8CD3, 0x8CD3, 0x8CD3, 0x94F3, 0x8CD3,
    0x94D3, 0x8CD3, 0x8CB2, 0x8CD3,
};
#define POOLS_FLOOR_MIP2_SIZE 32
static const uint16_t POOLS_FLOOR_MIP2_PIXELS[1024] __attribute__((aligned(16))) = {
    0x9D34, 0xA555, 0x9D34, 0xA575, 0xAD96, 0xA575, 0xAD96, 0xAD96, 0xA575, 0xAD96, 0xA575, 0xA555,
    0xA575, 0x9D34, 0x9D55, 0x9D55, 0x9D34, 0x9D34, 0xA575, 0x9D55, 0x9D54, 0xA554, 0x9D55, 0xA555,
    0x9D55, 0xA596, 0x9D34, 0x9D14, 0x9D55, 0xA555, 0x9D34, 0x9514, 0x9D34, 0x9D35, 0x9D34, 0x9D55,
    0x9D34, 0xA555, 0xAD96, 0xA596, 0xA575, 0xA596, 0xA555, 0x9D35, 0xA555, 0x9D14, 0x9D34, 0x9D35,
    0x94F3, 0x9514, 0x9D35, 0x9D34, 0x9D55, 0xA575, 0x9D55, 0xA576, 0x9D55, 0xA576, 0xA555, 0x9D34,
    0x9D34, 0x9D34, 0x9D14, 0x94F3, 0xA555, 0xA555, 0x9D34, 0xA555, 0xA575, 0xA534, 0xA555, 0xA575,
    0xA575, 0xA575, 0xA555, 0x9D34, 0x9D55, 0x9D13, 0x9D55, 0x9D34, 0x94F3, 0x94F3, 0x9D14, 0x9D34,
    0x9D14, 0xA534, 0xA555, 0x9D55, 0xA555, 0x9D35, 0xA555, 0x9D34, 0x9D14, 0x9D14, 0x9D14, 0x9D14,
    0x9D55, 0x9D55, 0xA555, 0xA555, 0x9D35, 0xA555, 0xA555, 0xA596, 0xA555, 0xA576, 0xA576, 0x9D55,
    0xA575, 0x9D34, 0xA575, 0x9D55, 0x94F3, 0x9D14, 0x9D55, 0x9D34, 0x9D34, 0x9D35, 0xA575, 0x9D34,
    0x9514, 0x9D35, 0x9D55, 0x9D34, 0x9D14, 0x9D34, 0x9D14, 0x9D55, 0x9D55, 0x9D55, 0x9D55, 0xA555,
    0xAD96, 0xA596, 0xA596, 0xA575, 0xA555, 0xA596, 0xA596, 0xA576, 0xA576, 0xA555, 0xA575, 0x9D35,
    0x9D14, 0x9D34, 0x9D55, 0x9D55, 0x9D35, 0x9D34, 0x9D34, 0x9D55, 0x9D34, 0x9D34, 0x9D55, 0x9D34,
    0x9D34, 0x9D34, 0x9D34, 0x9D35, 0x9D34, 0x9D55, 0x9D34, 0x9D55, 0xA555, 0xA555, 0xA555, 0xA555,
    0x9D55, 0xA555, 0xA555, 0xA596, 0xADB6, 0xA554, 0xA575, 0xA555, 0x9D14, 0x9D34, 0xA554, 0xA555,
    0xA555, 0x9D34, 0x9D34, 0x9D35, 0x9D35, 0xA555, 0xA555, 0x9D55, 0xA555, 0xA555, 0x9D55, 0x9D55,
    0x9D55, 0x9D55, 0xA555, 0xA575, 0xA576, 0xA555, 0x9D55, 0x9D55, 0x9D34, 0x9D55, 0xA575, 0xADD7,
    0xADD7, 0xA555, 0x9D55, 0x9D55, 0x9D14, 0x9D34, 0xA575, 0xA575, 0x9D55, 0x9D34, 0x9D34, 0x9D34,
    0x9514, 0x9D55, 0xA555, 0x9D35, 0x9D34, 0xA555, 0x9D55, 0x9D55, 0x9514, 0x94F3, 0x94F3, 0x94D3,
    0x9D14, 0x9D14, 0x94F3, 0x94D2, 0x94D3, 0x9514, 0x9D34, 0x9D55, 0xA576, 0x9D34, 0x94F4, 0x94D3,
    0x94D3, 0x94D3, 0x94F3, 0x94F4, 0x94F3, 0x94D3, 0x94F3, 0x94F3, 0x94D3, 0x94F3, 0x9514, 0x94F3,
    0x94D3, 0x9D14, 0x9514, 0x94F4, 0x9D35, 0x9D55, 0x9D55, 0x9D55, 0xA576, 0xA555, 0xA575, 0x9D55,
    0x9D55, 0xA596, 0xA596, 0xADD7, 0xB5F8, 0xA596, 0xA576, 0x9D55, 0x9D14, 0x9D35, 0x9D34, 0x9D14,
    0x9D55, 0x9D54, 0xA575, 0x9D55, 0x9D34, 0x9D55, 0xA555, 0x9D55, 0x9D55, 0xA555, 0x9D55, 0x9D34,
    0x9D55, 0x9D55, 0x9D55, 0xA555, 0xA575, 0xA555, 0x9D55, 0x9D34, 0x9D14, 0x9D76, 0xA575, 0xA596,
    0xA596, 0xA575, 0x9D55, 0x9D35, 0x9D14, 0x9D34, 0x9D34, 0x9D14, 0x9D35, 0x9D35, 0x9D34, 0x9D14,
    0x9514, 0x9514, 0x9D34, 0x9D55, 0xA575, 0xA555, 0x9D55, 0x9D55, 0x9D55, 0xA555, 0x9D34, 0x9D34,
    0xA555, 0xA554, 0x9D55, 0x9D55, 0x9D34, 0xA575, 0xA555, 0xAD96, 0xA575, 0xA534, 0xA555, 0x9D34,
    0x9D34, 0x9D34, 0x9D14, 0x9D14, 0x9D34, 0x9D34, 0x9D34, 0x9D34, 0x9D14, 0x9D14, 0x9D34, 0x9D55,
    0xA555, 0x9D34, 0x9D34, 0x9D34, 0x9D34, 0x9D55, 0x9D34, 0x9D34, 0x9D55, 0xA555, 0x9D55, 0x9D55,
    0x9D34, 0x9D55, 0xA555, 0xA575, 0xA555, 0x9D55, 0x9D55, 0x9D55, 0x9D55, 0x9D35, 0x9D34, 0x9D34,
    0x9D34, 0x9D35, 0x9D35, 0x9D14, 0x9D34, 0x9D34, 0x9D34, 0x9D55, 0xA555, 0xA555, 0x9D55, 0x9D34,
    0x9D14, 0x9D14, 0x9D55, 0x9D55, 0x9D55, 0xA555, 0x9D55, 0x9D55, 0x9514, 0x9D55, 0x9D55, 0x9D55,
    0x9D54, 0xA555, 0xA576, 0x9D55, 0x9D55, 0x9D35, 0x9D34, 0x9D35, 0x9D34, 0x9D55, 0x9D35, 0x9D14,
    0x9514, 0x9D35, 0x9D34, 0x9D55, 0x9D55, 0x9D34, 0x9D55, 0x9D55, 0x9D34, 0x9D34, 0x9D55, 0xA555,
    0xA575, 0xA575, 0xA575, 0xA555, 0xA555, 0xA555, 0x9D34, 0x9D55, 0xA555, 0xA555, 0xA576, 0xA576,
    0xA575, 0xA575, 0x9D54, 0x9D55, 0x9D55, 0xA555, 0xA575, 0x9D55, 0x9D34, 0x9D35, 0x9D34, 0x9D34,
    0x9D34, 0x9D34, 0xA555, 0x9D55, 0x9D35, 0x9D35, 0x9D55, 0x9D55, 0x9D55, 0xA575, 0xA555, 0x9D35,
    0x9D55, 0x9D55, 0x9D34, 0x9D34, 0x9D55, 0x9D55, 0x9D35, 0x9D35, 0x9D34, 0x9D35, 0x9D55, 0x9D35,
    0x9D55, 0xA555, 0x9D55, 0x9D35, 0x9514, 0x9D34, 0x9D35, 0x9D34, 0x9D34, 0x9D34, 0x9D55, 0x9D34,
    0x94D3, 0x94F3, 0x9514, 0x94F3, 0x94F4, 0x9D14, 0x9514, 0x94F3, 0x94F3, 0x94F3, 0x94F3, 0x94F3,
    0x94D3, 0x9D14, 0x94F4, 0x94F4, 0x94D3, 0x94F3, 0x94F4, 0x94F3, 0x94F3, 0x94F3, 0x94F4, 0x94F4,
    0x8CB2, 0x94D3, 0x94F3, 0x94D3, 0x94F3, 0x94F3, 0x94D3, 0x94D3, 0xA575, 0x9D55, 0xA555, 0xA575,
    0xA575, 0xA576, 0xA576, 0x9D55, 0x9D55, 0xA575, 0xA555, 0xA575, 0x9D55, 0xA575, 0xA576, 0x9D55,
    0x9D34, 0x9D55, 0x9D55, 0x9D34, 0x9D34, 0x9D34, 0x9D34, 0x9D14, 0x9D14, 0x9D14, 0x9D34, 0x9D35,
    0x9D55, 0xA575, 0x9D55, 0x9D14, 0x9D34, 0x9D34, 0x9D34, 0x9D34, 0x9D35, 0x9D55, 0x9D55, 0x9D55,
    0x9D34, 0x9D55, 0x9D34, 0x9D34, 0x9D34, 0xA555, 0xA576, 0x9D55, 0x9D55, 0x9D75, 0x9D34, 0x9513,
    0x9D14, 0x9D34, 0x9D34, 0x9D34, 0x9D14, 0x9D34, 0x9D34, 0x9D34, 0x9D55, 0xA555, 0x9D34, 0x9514,
    0x9D34, 0x9D34, 0x9D34, 0x9D34, 0x9D34, 0xA554, 0x9D34, 0x9D34, 0x9D14, 0x9D34, 0x9D14, 0x9D34,
    0x9D34, 0x9D34, 0x9D55, 0x9D34, 0x9D34, 0x9D34, 0x9D14, 0x9CF3, 0x9D14, 0x9D34, 0x9D34, 0x9D14,
    0x9513, 0x9D14, 0x9D14, 0x9D34, 0x9D34, 0x9D14, 0x9D34, 0x9D14, 0x9D55, 0x9D35, 0x9D55, 0x9D34,
    0x9D55, 0x9D34, 0x9D14, 0x9D14, 0x9D14, 0x9D35, 0x9D34, 0x9D55, 0xA575, 0xA555, 0xA575, 0xA555,
    0x9D55, 0xA575, 0x9D55, 0x9D34, 0x9D34, 0x9D34, 0x9D35, 0x9D34, 0x9D14, 0x9D34, 0xA555, 0x9D55,
    0x9D34, 0x9D34, 0x9D35, 0x9D55, 0x9D55, 0x9D55, 0x9D34, 0x9D14, 0x9D34, 0x9D34, 0x9D14, 0x9D34,
    0x9D34, 0x9D55, 0x9D34, 0x9D55, 0xA575, 0xA575, 0xA596, 0x9D55, 0x9D55, 0xA575, 0x9D55, 0x9D35,
    0x9D35, 0x9D35, 0x9D55, 0x9D55, 0x9D35, 0x9D55, 0xA555, 0x9D35, 0x9D35, 0x9D34, 0x9D35, 0x9D35,
    0xA555, 0x9D34, 0x9D14, 0x9D14, 0x9D55, 0x9D34, 0x9D14, 0x9D34, 0x9D55, 0x9D55, 0x9D54, 0xA576,
    0xA555, 0xAD95, 0xB5D7, 0xAD96, 0xA596, 0xADB7, 0xA555, 0xA555, 0xA575, 0xA555, 0xA555, 0x9D55,
    0x9D55, 0xA555, 0x9D54, 0x9D34, 0x9D34, 0x9D34, 0x9D55, 0xA555, 0x9D55, 0x9D55, 0x9D34, 0x9D14,
    0x9D55, 0x9D55, 0x9D34, 0x9D35, 0x9D35, 0x9D55, 0x9D55, 0xA575, 0xA575, 0xAD96, 0xB5F8, 0xADB7,
    0xADB6, 0xADD7, 0xA575, 0x9D55, 0x9D35, 0x9D55, 0x9D55, 0x9D34, 0x9D34, 0x9D55, 0xA555, 0x9D34,
    0x9D34, 0x9D34, 0x9D34, 0x9D55, 0x94F3, 0x94D3, 0x94D3, 0x94F3, 0x94F4, 0x94F3, 0x94F3, 0x94F3,
    0x94D3, 0x94F3, 0x94F3, 0x9514, 0x9D55, 0xA555, 0xA575, 0xA575, 0x9D55, 0xA555, 0x9D34, 0x9514,
    0x94F3, 0x9D14, 0x9514, 0x94F3, 0x8CD3, 0x94F3, 0x9514, 0x94D3, 0x94D3, 0x94F3, 0x94F4, 0x94F4,
    0x9D55, 0x9D55, 0x9D34, 0x9D55, 0x9D55, 0x9D34, 0x9D35, 0x9D35, 0x9D34, 0xA575, 0xA555, 0xA575,
    0xA576, 0xAD96, 0xA596, 0xA575, 0x9D34, 0x9D55, 0xA555, 0x9D55, 0x9D34, 0x9D34, 0x9D35, 0x9D34,
    0x9D14, 0x9D55, 0x9D55, 0x9D34, 0x9D34, 0x9D55, 0x9D55, 0x9D34, 0x9D34, 0x9D34, 0x9D34, 0x9D55,
    0x9D34, 0x9D14, 0x9D34, 0x9D34, 0x9D14, 0xA575, 0xA555, 0xA575, 0xA575, 0xA555, 0xA596, 0x9D55,
    0x9D34, 0xA555, 0xA555, 0xA555, 0x9D35, 0x9D14, 0x9D34, 0x9D34, 0x9D14, 0x9D55, 0x9D55, 0x9D34,
    0x9D34, 0x9D35, 0x9D35, 0x9514, 0x9D13, 0x9D14, 0x9D14, 0x9D34, 0x9D34, 0x9D13, 0x9D34, 0x9D14,
    0x94F3, 0x9D34, 0xA554, 0xA554, 0xA555, 0x9D34, 0x9D54, 0x9D55, 0x9D34, 0x9D55, 0x9D34, 0xA555,
    0x9D55, 0x9D14, 0x9D34, 0x94F3, 0x9D13, 0x9D34, 0xA554, 0x9D55, 0x9D34, 0x9D34, 0x9D34, 0x9D14,
    0x9D34, 0x9D14, 0x9D34, 0x9D34, 0x9D34, 0x9D34, 0x9D34, 0x9D35, 0x94F3, 0x9D35, 0x9D34, 0x9D14,
    0x9D34, 0x9D34, 0x9D55, 0x9D55, 0x9D14, 0x9D35, 0x9D34, 0x9D55, 0x9D55, 0x9D34, 0x9D35, 0x9D14,
    0x9514, 0x9D34, 0x9D34, 0x9D34, 0x9D14, 0x9D34, 0x9D35, 0x9D34, 0x9D34, 0x9D55, 0x9D34, 0x9D14,
    0x9D14, 0x9D35, 0x9D34, 0x9D34, 0x94F3, 0x9D34, 0x9D14, 0x9D34, 0x9D55, 0x9D54, 0x9D34, 0x9D34,
    0x9514, 0x9D55, 0x9D34, 0x9D34, 0x9D14, 0x9D34, 0x9D34, 0x9D34, 0x9514, 0x9D34, 0x9D34, 0x9D35,
    0x9D34, 0x9D35, 0x9D35, 0x9514, 0x9D34, 0x9D34, 0x9D14, 0x9D13, 0x9D14, 0x9D34, 0x9D55, 0x9D55,
    0x94F3, 0x9D34, 0x9D14, 0x9D55, 0x9D55, 0x9D34, 0x9D55, 0x9D14, 0x9D34, 0x9D34, 0x9D14, 0x9D34,
    0x9D14, 0x9D14, 0x9D34, 0x9D34, 0x9D14, 0x9D34, 0x9D34, 0x9D34, 0x9D34, 0x9D34, 0x9D35, 0x9D34,
    0x9514, 0x9D34, 0x9D34, 0x9D34, 0x9D14, 0x9D34, 0x9D35, 0x9D34, 0x94F3, 0x9D35, 0x9D34, 0x9D55,
    0x9D34, 0x9D54, 0x9D34, 0x9D14, 0x9D14, 0x9D34, 0x9D34, 0x9D35, 0x9D34, 0x9D14, 0x9D34, 0x9D34,
    0x9514, 0x9D35, 0x9D55, 0x9D35, 0x9D34, 0x9D34, 0x9D35, 0x9514, 0x8CD3, 0x94F3, 0x94F3, 0x94F3,
    0x94F3, 0x94F3, 0x94F3, 0x94F3, 0x94D3, 0x9514, 0x94F3, 0x94F4, 0x94F3, 0x94F3, 0x94D3, 0x94F3,
    0x8CD2, 0x94F3, 0x9513, 0x9514, 0x94F3, 0x94F3, 0x94D3, 0x94D3, 0x94D3, 0x94F3, 0x94F3, 0x94F4,
    0x94F3, 0x94F3, 0x94F4, 0x94F3,
};
#define POOLS_FLOOR_MIP3_SIZE 16
static const uint16_t POOLS_FLOOR_MIP3_PIXELS[256] __attribute__((aligned(16))) = {
    0x9D34, 0x9D55, 0xA555, 0xA596, 0xA576, 0xA555, 0x9D34, 0x9D35, 0x9D14, 0x9D55, 0x9D55, 0xA555,
    0xA575, 0x9D34, 0x9D34, 0x9514, 0xA555, 0xA554, 0xA555, 0xA575, 0xA575, 0xA555, 0x9D34, 0x9D55,
    0x94F3, 0x9D34, 0x9D34, 0x9D55, 0x9D35, 0x9D34, 0x9D14, 0x9D34, 0x9D35, 0x9D55, 0xA575, 0xA575,
    0xA575, 0xA576, 0xA575, 0x9D55, 0x9D14, 0x9D55, 0x9D34, 0x9D34, 0x9D35, 0x9D35, 0x9D34, 0x9D35,
    0x9D34, 0x9D14, 0x9D34, 0x9D14, 0x9D14, 0xA575, 0xA575, 0x9D14, 0x94F3, 0x9D34, 0x9D14, 0x9514,
    0x9514, 0x9D14, 0x9D14, 0x9D34, 0x9D55, 0x9D55, 0xA555, 0x9D55, 0x9D55, 0xA596, 0xAD96, 0x9D55,
    0x9D34, 0x9D14, 0x9D35, 0x9D35, 0x9D34, 0x9D55, 0x9D55, 0x9D55, 0x9D35, 0x9D34, 0x9D55, 0x9D55,
    0x9D55, 0xA575, 0xA555, 0x9D55, 0x9D34, 0x9D14, 0x9D34, 0x9D34, 0x9D14, 0x9D34, 0x9D55, 0x9D34,
    0x9D34, 0x9D55, 0xA575, 0x9D55, 0x9D35, 0x9D55, 0xA555, 0xA575, 0x9D55, 0x9D35, 0x9D55, 0x9D35,
    0x9D34, 0x9D34, 0x9D34, 0x9D55, 0x9514, 0x9D14, 0x9D34, 0x9D34, 0x9D14, 0x9514, 0x9D14, 0x9514,
    0x9514, 0x9D14, 0x9D34, 0x9D14, 0x94F3, 0x9514, 0x9D14, 0x9514, 0x9D55, 0x9D55, 0xA555, 0x9D55,
    0x9D55, 0x9D55, 0x9D55, 0x9D55, 0x9D55, 0x9D34, 0x9D34, 0x9D34, 0x9D14, 0x9D34, 0x9D55, 0x9D34,
    0x9D35, 0x9D34, 0x9D34, 0x9D14, 0x9D14, 0x9D34, 0x9D55, 0x9D55, 0x9D55, 0x9D14, 0x9D34, 0x9D34,
    0x9D14, 0x9D34, 0x9D14, 0x9D34, 0x9D55, 0x9D14, 0x9D34, 0x9D34, 0x9D55, 0x9D55, 0xA575, 0xA596,
    0xA576, 0x9D55, 0x9D55, 0x9D55, 0x9D55, 0x9D35, 0x9D34, 0x9D55, 0x9D14, 0x94F3, 0x9D14, 0x9514,
    0x9514, 0x9D34, 0xA555, 0xAD96, 0xA596, 0x9D34, 0x9D14, 0x9514, 0x9514, 0x9D14, 0x9514, 0x9D14,
    0x9D34, 0x9D35, 0x9D34, 0x9D34, 0x9D55, 0xA555, 0xA575, 0xA576, 0x9D55, 0x9D55, 0x9D34, 0x9D34,
    0x9D34, 0x9D35, 0x9D35, 0x9D34, 0x9D14, 0x9D34, 0x9D14, 0x9D34, 0x9D14, 0x9D34, 0x9D34, 0x9D55,
    0x9D34, 0x9D55, 0x9D34, 0x9D14, 0x9D14, 0x9D34, 0x9D34, 0x9D34, 0x9D34, 0x9D14, 0x9D34, 0x9D34,
    0x9D14, 0x9D34, 0x9D34, 0x9D34, 0x9D34, 0x9D34, 0x9D14, 0x9D34, 0x9D14, 0x9D34, 0x9D34, 0x9D34,
    0x94F4, 0x9514, 0x9514, 0x9514, 0x94F4, 0x9514, 0x9D14, 0x94F3, 0x94F3, 0x9514, 0x9514, 0x94F3,
    0x9514, 0x9D14, 0x9514, 0x9514,
};
#endif /* BACKROOMS_GENERATED_POOLS_FLOOR_H */
