/* Generated by tools/convert_textures.py. Do not edit manually. */
#ifndef BACKROOMS_GENERATED_POOLS_LIGHT_H
#define BACKROOMS_GENERATED_POOLS_LIGHT_H
#include <stdint.h>
#define POOLS_LIGHT_WIDTH 128
#define POOLS_LIGHT_HEIGHT 128
static const uint16_t POOLS_LIGHT_PIXELS[16384] __attribute__((aligned(16))) = {
    0xB554, 0xB574, 0xBD95, 0xBDB5, 0xBDB5, 0xBDB5, 0xBDB5, 0xBDB5, 0xBDB5, 0xBDB5, 0xBDB5, 0xBDB5,
    0xBDB5, 0xBDB5, 0xBDB5, 0xBDB5, 0xBDB5, 0xBDD5, 0xBDD6, 0xBDD6, 0xC5D6, 0xC5D6, 0xC5D6, 0xC5D6,
    0xC5F6, 0xC5F6, 0xC5F6, 0xC5F6, 0xC5F6, 0xC5F6, 0xC5F6, 0xC5F6, 0xC5F6, 0xC5F6, 0xC5F6, 0xC5F6,
    0xC5F6, 0xC5F6, 0xC5F6, 0xC5F6, 0xC5F6, 0xC5F6, 0xC5F6, 0xC5F6, 0xC5F6, 0xC5F6, 0xC5F6, 0xC5F6,
    0xC5F6, 0xC5F6, 0xC5F6, 0xC5D6, 0xC5F6, 0xC5F6, 0xC5F6, 0xC5F6, 0xC5F6, 0xC5F6, 0xC5F6, 0xC5F6,
    0xC5F6, 0xC5F6, 0xC5F6, 0xC5F6, 0xC5F6, 0xC5F6, 0xC5F6, 0xC5F6, 0xC5F6, 0xC5F6, 0xC5F6, 0xC5D6,
    0xC5F6, 0xC5F6, 0xC5D6, 0xC5D6, 0xC5D6, 0xC5D6, 0xC5D6, 0xBDD6, 0xBDD5, 0xBDB5, 0xBDB5, 0xBDB5,
    0xBDB5, 0xBDB5, 0xBDB5, 0xBDB5, 0xBDB5, 0xBDB5, 0xBDB5, 0xBDB5, 0xBD95, 0xBD95, 0xBD95, 0xBD95,
    0xBD95, 0xBD95, 0xB594, 0xB574, 0xB594, 0xB594, 0xB594, 0xB594, 0xB574, 0xB574, 0xB574, 0xB574,
    0xB574, 0xB574, 0xB574, 0xB574, 0xB554, 0xB554, 0xB554, 0xB554, 0xAD54, 0xAD53, 0xAD53, 0xAD53,
    0xAD33, 0xAD33, 0xAD33, 0xAD33, 0xAD33, 0xAD33, 0xA513, 0xA512, 0xB574, 0xB574, 0xB594, 0xBD95,
    0xBDB5, 0xBDD5, 0xBDD5, 0xC5D5, 0xC5F6, 0xC5F6, 0xC5F6, 0xC5F6, 0xC5F6, 0xC5F6, 0xC5F6, 0xC5F6,
    0xC5F6, 0xC5F6, 0xC5F6, 0xC5F6, 0xC616, 0xC616, 0xC616, 0xC616, 0xCE16, 0xCE16, 0xCE16, 0xCE16,
    0xCE17, 0xCE17, 0xCE37, 0xCE37, 0xCE37, 0xCE37, 0xCE37, 0xCE37, 0xCE37, 0xCE37, 0xCE37, 0xCE37,
    0xCE37, 0xCE17, 0xCE37, 0xCE37, 0xCE37, 0xCE37, 0xCE37, 0xCE37, 0xCE37, 0xCE37, 0xCE17, 0xCE17,
    0xCE17, 0xCE17, 0xCE16, 0xCE17, 0xCE37, 0xCE37, 0xCE37, 0xCE37, 0xCE37, 0xCE37, 0xCE37, 0xCE37,
    0xCE37, 0xCE37, 0xCE37, 0xCE37, 0xCE37, 0xCE17, 0xCE16, 0xCE16, 0xCE16, 0xCE16, 0xCE16, 0xCE16,
    0xCE16, 0xCE16, 0xC616, 0xC616, 0xC5F6, 0xC5F6, 0xC5F6, 0xC5F6, 0xC5F6, 0xC5F6, 0xC5F6, 0xC5F6,
    0xC5F6, 0xC5F6, 0xC5F6, 0xC5F6, 0xC5F6, 0xC5D6, 0xC5D6, 0xC5D6, 0xC5D5, 0xC5D5, 0xBDD5, 0xBDD5,
    0xBDD5, 0xBDD5, 0xBDD5, 0xBDD5, 0xBDD5, 0xBDD5, 0xBDD5, 0xBDB5, 0xBDB5, 0xBDB5, 0xBDB5, 0xBDB4,
    0xBD94, 0xBD94, 0xBD94, 0xBD94, 0xBD94, 0xB594, 0xB594, 0xB594, 0xB574, 0xB574, 0xB574, 0xB553,
    0xAD33, 0xAD33, 0xAD33, 0xAD33, 0xB595, 0xB574, 0xB574, 0xB574, 0xC5D5, 0xC5F5, 0xCE15, 0xCE16,
    0xCE36, 0xCE36, 0xCE57, 0xCE57, 0xCE57, 0xCE57, 0xD657, 0xD657, 0xD657, 0xD657, 0xD657, 0xD677,
    0xD677, 0xD677, 0xD677, 0xD677, 0xD677, 0xD677, 0xD677, 0xD678, 0xD698, 0xD698, 0xD698, 0xD698,
    0xD698, 0xD698, 0xD698, 0xD698, 0xD698, 0xD698, 0xDE98, 0xDE98, 0xD698, 0xD698, 0xD698, 0xDE98,
    0xDE98, 0xDE98, 0xDE98, 0xDE98, 0xDE98, 0xD698, 0xD698, 0xD698, 0xD698, 0xD698, 0xD698, 0xD698,
    0xD698, 0xD698, 0xD698, 0xD698, 0xD698, 0xDE98, 0xDE98, 0xDE98, 0xDE98, 0xD698, 0xD698, 0xD698,
    0xD698, 0xD698, 0xD698, 0xD698, 0xD698, 0xD698, 0xD698, 0xD698, 0xD698, 0xD698, 0xD678, 0xD678,
    0xD677, 0xD677, 0xD678, 0xD678, 0xD677, 0xD677, 0xD677, 0xD677, 0xD677, 0xD677, 0xD677, 0xD677,
    0xD677, 0xD677, 0xD677, 0xD677, 0xD657, 0xD657, 0xD657, 0xD657, 0xD657, 0xCE57, 0xCE57, 0xCE57,
    0xCE57, 0xCE57, 0xCE57, 0xCE56, 0xCE36, 0xCE36, 0xCE36, 0xCE36, 0xCE36, 0xCE16, 0xCE16, 0xCE16,
    0xCE15, 0xCE15, 0xCE15, 0xCE15, 0xC5F5, 0xC5F5, 0xC5D5, 0xBD94, 0xB553, 0xAD33, 0xB554, 0xB574,
    0xBDB5, 0xBD95, 0xB574, 0xBD94, 0xCDF5, 0xD636, 0xD656, 0xD656, 0xD676, 0xDE77, 0xDE97, 0xDE97,
    0xDE97, 0xDE97, 0xDEB8, 0xDEB8, 0xDEB7, 0xDEB7, 0xDEB8, 0xDEB8, 0xDEB8, 0xDED8, 0xDEB8, 0xDED8,
    0xDED8, 0xE6D8, 0xE6D8, 0xE6D8, 0xE6D8, 0xE6D9, 0xE6D9, 0xE6D9, 0xE6D9, 0xE6D9, 0xE6D9, 0xE6D9,
    0xE6D9, 0xE6D9, 0xE6F9, 0xE6F9, 0xE6D9, 0xE6D9, 0xE6F9, 0xE6F9, 0xE6F9, 0xE6F9, 0xE6F9, 0xE6F9,
    0xE6F9, 0xE6F9, 0xE6F9, 0xE6F9, 0xE6F9, 0xE6F9, 0xE6F9, 0xE6F9, 0xE6F9, 0xE6F9, 0xE6F9, 0xE6F9,
    0xE6F9, 0xE6F9, 0xE6F9, 0xE6F9, 0xE6F9, 0xE6F9, 0xE6F9, 0xE6F9, 0xE6D9, 0xE6D9, 0xE6D9, 0xE6D9,
    0xE6F9, 0xE6F9, 0xE6F9, 0xE6D9, 0xE6D9, 0xE6D9, 0xE6D8, 0xE6D8, 0xE6D8, 0xE6D8, 0xE6D8, 0xE6D9,
    0xE6D8, 0xE6D8, 0xE6D8, 0xE6D8, 0xE6D8, 0xE6D8, 0xE6D8, 0xE6D8, 0xE6D8, 0xDED8, 0xDED8, 0xDEB8,
    0xDEB8, 0xDEB8, 0xDEB8, 0xDEB8, 0xDEB8, 0xDEB8, 0xDEB8, 0xDEB8, 0xDEB8, 0xDEB8, 0xDEB8, 0xDEB7,
    0xDE97, 0xDE97, 0xDE97, 0xDE97, 0xDE97, 0xDE97, 0xDE77, 0xDE77, 0xD676, 0xD676, 0xD676, 0xD656,
    0xD656, 0xD636, 0xCE35, 0xC5F5, 0xBD94, 0xB573, 0xB574, 0xB595, 0xBDB5, 0xBDB5, 0xBDB4, 0xC5F5,
    0xD636, 0xDE76, 0xDE96, 0xDE97, 0xDEB7, 0xE6B7, 0xE6B7, 0xE6D8, 0xE6D8, 0xE6D8, 0xE6D8, 0xE6D8,
    0xE6D8, 0xE6F8, 0xE6F8, 0xE6F8, 0xE6F8, 0xEEF8, 0xEEF8, 0xEEF8, 0xEEF8, 0xEEF8, 0xEEF8, 0xEEF9,
    0xEF19, 0xEF19, 0xEF19, 0xEF19, 0xEF19, 0xEF19, 0xEF19, 0xEF19, 0xEF19, 0xEF19, 0xEF19, 0xEF19,
    0xEF19, 0xEF19, 0xEF19, 0xEF39, 0xEF39, 0xEF19, 0xEF39, 0xEF39, 0xEF19, 0xEF19, 0xEF19, 0xEF19,
    0xEF19, 0xEF19, 0xEF19, 0xEF19, 0xEF19, 0xEF19, 0xEF39, 0xEF39, 0xEF39, 0xEF19, 0xEF19, 0xEF19,
    0xEF19, 0xEF19, 0xEF19, 0xEF19, 0xEF19, 0xEF19, 0xEF19, 0xEF19, 0xEF19, 0xEF19, 0xEF19, 0xEF19,
    0xEF19, 0xEF19, 0xEF19, 0xEF19, 0xEF19, 0xEF19, 0xEF19, 0xEF19, 0xEF19, 0xEF19, 0xEF19, 0xEF19,
    0xEF19, 0xEF19, 0xEF19, 0xEF19, 0xEEF9, 0xEEF8, 0xEEF8, 0xEEF8, 0xEEF8, 0xEEF8, 0xEEF8, 0xEEF8,
    0xEEF8, 0xEEF8, 0xEEF8, 0xE6F8, 0xE6F8, 0xE6F8, 0xE6F8, 0xE6D8, 0xE6D8, 0xE6D8, 0xE6D8, 0xE6D7,
    0xE6D7, 0xE6D7, 0xE6B7, 0xE6B7, 0xE6B7, 0xE6B7, 0xDE97, 0xDE97, 0xDE96, 0xDE76, 0xDE76, 0xD635,
    0xC5D4, 0xBD94, 0xBD94, 0xB595, 0xBDB5, 0xBDD5, 0xC5F5, 0xCE36, 0xDE76, 0xE697, 0xE6B7, 0xE6B7,
    0xE6D7, 0xE6D7, 0xE6D8, 0xE6D8, 0xEEF8, 0xEEF8, 0xEEF8, 0xEEF8, 0xEEF8, 0xEF18, 0xEF18, 0xEF19,
    0xEF19, 0xEF19, 0xEF19, 0xEF19, 0xEF19, 0xEF19, 0xEF19, 0xEF19, 0xEF39, 0xF739, 0xF739, 0xF739,
    0xF739, 0xF739, 0xF739, 0xF739, 0xF739, 0xF739, 0xF739, 0xF739, 0xF739, 0xF739, 0xF759, 0xF759,
    0xF759, 0xF759, 0xF759, 0xF759, 0xF739, 0xF739, 0xF739, 0xF739, 0xF759, 0xF759, 0xF759, 0xF759,
    0xF759, 0xF759, 0xF75A, 0xF75A, 0xF759, 0xF739, 0xF739, 0xF739, 0xF739, 0xF739, 0xF739, 0xF759,
    0xF759, 0xF759, 0xF759, 0xF759, 0xF759, 0xF759, 0xF759, 0xF739, 0xF739, 0xF739, 0xF739, 0xF739,
    0xF739, 0xF739, 0xF739, 0xF739, 0xF739, 0xF739, 0xF739, 0xF739, 0xF739, 0xF739, 0xF739, 0xEF39,
    0xEF39, 0xEF19, 0xEF19, 0xEF19, 0xEF19, 0xEF19, 0xEF19, 0xEF19, 0xEF19, 0xEF18, 0xEF18, 0xEF18,
    0xEF18, 0xEF18, 0xEF18, 0xEEF8, 0xEEF8, 0xEEF8, 0xEEF8, 0xEEF8, 0xEEF8, 0xEEF8, 0xE6F8, 0xE6D7,
    0xE6D7, 0xE6D7, 0xE6B7, 0xE6B7, 0xE6B7, 0xE696, 0xDE96, 0xDE56, 0xCDF5, 0xC5D4, 0xBDB5, 0xB595,
    0xBDB5, 0xC5D6, 0xCE16, 0xD656, 0xDE97, 0xE6B7, 0xE6D7, 0xE6D7, 0xE6D7, 0xE6D8, 0xE6F8, 0xEEF8,
    0xEEF8, 0xEEF8, 0xEEF8, 0xEF18, 0xEF18, 0xEF18, 0xEF19, 0xEF19, 0xEF19, 0xEF19, 0xEF39, 0xEF39,
    0xEF39, 0xEF39, 0xEF39, 0xEF39, 0xF739, 0xF739, 0xF739, 0xF739, 0xF759, 0xF759, 0xF759, 0xF759,
    0xF739, 0xF739, 0xF739, 0xF739, 0xF759, 0xF759, 0xF75A, 0xF75A, 0xF75A, 0xF75A, 0xF75A, 0xF75A,
    0xF75A, 0xF759, 0xF75A, 0xF75A, 0xF75A, 0xF75A, 0xF75A, 0xF75A, 0xF75A, 0xF75A, 0xF75A, 0xF75A,
    0xF75A, 0xF75A, 0xF75A, 0xF75A, 0xF75A, 0xF75A, 0xF75A, 0xF759, 0xF75A, 0xF75A, 0xF75A, 0xF75A,
    0xF75A, 0xF759, 0xF759, 0xF759, 0xF759, 0xF759, 0xF739, 0xF739, 0xF739, 0xF739, 0xF739, 0xF739,
    0xF739, 0xF739, 0xF739, 0xF739, 0xF739, 0xF739, 0xF739, 0xF739, 0xF739, 0xEF39, 0xEF39, 0xEF39,
    0xEF39, 0xEF39, 0xEF39, 0xEF19, 0xEF19, 0xEF19, 0xEF19, 0xEF19, 0xEF19, 0xEF18, 0xEF18, 0xEF18,
    0xEEF8, 0xEEF8, 0xEEF8, 0xEEF8, 0xEEF8, 0xEEF8, 0xEEF8, 0xE6D8, 0xE6D7, 0xE6D7, 0xE6B7, 0xE6B7,
    0xE6B7, 0xE6B7, 0xE697, 0xDE76, 0xCE15, 0xC5D5, 0xBDB5, 0xB595, 0xBDD6, 0xC5F6, 0xCE36, 0xD676,
    0xDE97, 0xE6D7, 0xE6D7, 0xE6D7, 0xE6D8, 0xE6F8, 0xEEF8, 0xEEF8, 0xEEF8, 0xEF18, 0xEF18, 0xEF19,
    0xEF19, 0xEF19, 0xEF19, 0xEF39, 0xEF39, 0xEF39, 0xF739, 0xF739, 0xF739, 0xF739, 0xF739, 0xF739,
    0xF739, 0xF739, 0xF739, 0xF759, 0xF75A, 0xF75A, 0xF75A, 0xF75A, 0xF75A, 0xF75A, 0xF75A, 0xF75A,
    0xF75A, 0xF75A, 0xF75A, 0xF75A, 0xF75A, 0xF75A, 0xF75A, 0xF75A, 0xF75A, 0xF75A, 0xF75A, 0xF75A,
    0xF75A, 0xF75A, 0xF75A, 0xF75A, 0xF75A, 0xF75A, 0xF75A, 0xF75A, 0xF75A, 0xF75A, 0xF75A, 0xF75A,
    0xF75A, 0xF75A, 0xF75A, 0xF75A, 0xF75A, 0xF75A, 0xF75A, 0xF75A, 0xF75A, 0xF75A, 0xF75A, 0xF75A,
    0xF75A, 0xF75A, 0xF75A, 0xF759, 0xF759, 0xF759, 0xF759, 0xF759, 0xF759, 0xF739, 0xF739, 0xF739,
    0xF739, 0xF739, 0xF759, 0xF759, 0xF739, 0xF739, 0xEF39, 0xEF39, 0xEF39, 0xEF39, 0xEF39, 0xEF39,
    0xEF39, 0xEF39, 0xEF39, 0xEF19, 0xEF19, 0xEF19, 0xEF18, 0xEF18, 0xEF18, 0xEF18, 0xEF18, 0xEEF8,
    0xEEF8, 0xEEF8, 0xEEF8, 0xEEF8, 0xE6D7, 0xE6D7, 0xE6D7, 0xE6B7, 0xE6B7, 0xE6B7, 0xE6B7, 0xDE96,
    0xD636, 0xC5F5, 0xBDB5, 0xB595, 0xBDD6, 0xC5F6, 0xCE36, 0xD676, 0xE6B7, 0xE6D7, 0xE6D7, 0xE6D7,
    0xE6F8, 0xEEF8, 0xEEF8, 0xEF18, 0xEF18, 0xEF18, 0xEF19, 0xEF19, 0xEF19, 0xEF39, 0xEF39, 0xEF39,
    0xEF39, 0xF739, 0xF739, 0xF739, 0xF739, 0xF739, 0xF739, 0xF759, 0xF759, 0xF759, 0xF759, 0xF759,
    0xF75A, 0xF75A, 0xF75A, 0xF75A, 0xF75A, 0xF75A, 0xF75A, 0xF75A, 0xF75A, 0xF75A, 0xF75A, 0xF75A,
    0xF75A, 0xF75A, 0xF75A, 0xF75A, 0xF75A, 0xF75A, 0xF75A, 0xF75A, 0xF75A, 0xF75A, 0xF75A, 0xF75A,
    0xF75A, 0xF75A, 0xF75A, 0xF75A, 0xF75A, 0xF75A, 0xF75A, 0xF75A, 0xF75A, 0xF75A, 0xF75A, 0xF75A,
    0xF75A, 0xF75A, 0xF75A, 0xF75A, 0xF75A, 0xF75A, 0xF75A, 0xF75A, 0xF75A, 0xF75A, 0xF75A, 0xF75A,
    0xF75A, 0xF75A, 0xF75A, 0xF75A, 0xF75A, 0xF75A, 0xF759, 0xF759, 0xF759, 0xF759, 0xF759, 0xF759,
    0xF759, 0xF739, 0xF739, 0xF739, 0xF739, 0xF739, 0xF739, 0xF739, 0xF739, 0xEF39, 0xEF39, 0xEF39,
    0xEF39, 0xEF39, 0xEF39, 0xEF39, 0xEF19, 0xEF19, 0xEF18, 0xEF18, 0xEEF8, 0xEEF8, 0xEEF8, 0xEEF8,
    0xE6D8, 0xE6D7, 0xE6D7, 0xE6D7, 0xE6B7, 0xE6B7, 0xE6B7, 0xDE97, 0xD636, 0xC5F5, 0xBDB5, 0xB594,
    0xBDD6, 0xC5F6, 0xCE36, 0xD677, 0xE6B7, 0xE6D7, 0xE6D8, 0xEEF8, 0xEEF8, 0xEEF8, 0xEF18, 0xEF18,
    0xEF19, 0xEF19, 0xEF19, 0xEF39, 0xF739, 0xF739, 0xF739, 0xF739, 0xF759, 0xF759, 0xF759, 0xF759,
    0xF759, 0xF759, 0xF75A, 0xF75A, 0xF75A, 0xF75A, 0xF75A, 0xF75A, 0xF75A, 0xF75A, 0xF75A, 0xF77A,
    0xF77A, 0xF75A, 0xF75A, 0xF77A, 0xF77A, 0xF77A, 0xF77A, 0xF77A, 0xF77A, 0xF77A, 0xF77A, 0xF77A,
    0xF77A, 0xF77A, 0xF77A, 0xF77A, 0xF77A, 0xF77A, 0xF77A, 0xF77A, 0xF77A, 0xF77A, 0xF77A, 0xF77A,
    0xF77A, 0xF77A, 0xF77A, 0xF77A, 0xF77A, 0xF77A, 0xF77A, 0xF77A, 0xF77A, 0xF77A, 0xF77A, 0xF77A,
    0xF77A, 0xF77A, 0xF77A, 0xF77A, 0xF77A, 0xF75A, 0xF75A, 0xF75A, 0xF75A, 0xF75A, 0xF75A, 0xF75A,
    0xF75A, 0xF75A, 0xF75A, 0xF75A, 0xF75A, 0xF75A, 0xF75A, 0xF75A, 0xF759, 0xF759, 0xF759, 0xF759,
    0xF759, 0xF759, 0xF759, 0xF739, 0xF739, 0xF739, 0xF739, 0xF739, 0xF739, 0xF739, 0xF739, 0xF739,
    0xF739, 0xF739, 0xEF39, 0xEF19, 0xEF18, 0xEF18, 0xEF18, 0xEEF8, 0xEEF8, 0xEEF8, 0xE6D7, 0xE6D7,
    0xE6D7, 0xE6D7, 0xE6D7, 0xE697, 0xD636, 0xC5F5, 0xBDB5, 0xB595, 0xC5D6, 0xC5F6, 0xCE36, 0xDE97,
    0xE6D7, 0xEEF8, 0xEEF8, 0xEF18, 0xEF18, 0xEF19, 0xEF19, 0xEF19, 0xEF39, 0xF739, 0xF739, 0xF759,
    0xF759, 0xF75A, 0xF75A, 0xF75A, 0xF75A, 0xF75A, 0xF75A, 0xF75A, 0xF75A, 0xF77A, 0xF77A, 0xF77A,
    0xF77A, 0xF77A, 0xF77A, 0xF77A, 0xF77A, 0xF77A, 0xF77A, 0xF77A, 0xF77A, 0xF77A, 0xF77A, 0xF77A,
    0xF77A, 0xFF7A, 0xFF7A, 0xFF9A, 0xFF7A, 0xF77A, 0xF77A, 0xF77A, 0xFF7A, 0xFF7A, 0xFF7A, 0xFF7A,
    0xFF7A, 0xFF9A, 0xFF9B, 0xFF9B, 0xFF7A, 0xFF7A, 0xFF9B, 0xFF7B, 0xF77A, 0xF77A, 0xFF7A, 0xFF7A,
    0xFF7A, 0xFF7A, 0xFF9A, 0xFF9B, 0xFF9B, 0xFF9B, 0xFF9A, 0xFF7A, 0xFF7A, 0xFF7A, 0xFF7A, 0xFF7A,
    0xF77A, 0xF77A, 0xF77A, 0xF77A, 0xF77A, 0xF77A, 0xF77A, 0xF77A, 0xF77A, 0xF77A, 0xF77A, 0xF77A,
    0xF77A, 0xF77A, 0xF77A, 0xF77A, 0xF75A, 0xF75A, 0xF75A, 0xF75A, 0xF75A, 0xF75A, 0xF75A, 0xF75A,
    0xF75A, 0xF759, 0xF759, 0xF759, 0xF759, 0xF759, 0xF759, 0xF759, 0xF739, 0xF739, 0xF739, 0xF739,
    0xEF39, 0xEF18, 0xEF18, 0xEF18, 0xEF18, 0xEF18, 0xEEF8, 0xEEF8, 0xEED8, 0xEED8, 0xEED8, 0xE6B7,
    0xD656, 0xCDF5, 0xBDB5, 0xBD95, 0xC5D6, 0xC5F6, 0xD657, 0xDE97, 0xE6D8, 0xEEF8, 0xEF18, 0xEF18,
    0xEF19, 0xEF19, 0xEF39, 0xF739, 0xF739, 0xF739, 0xF759, 0xF75A, 0xF75A, 0xF75A, 0xF77A, 0xF77A,
    0xF77A, 0xF77A, 0xF77A, 0xF77A, 0xF77A, 0xF77A, 0xF77A, 0xFF7A, 0xF77A, 0xF77A, 0xF77A, 0xFF7A,
    0xFF7A, 0xFF7A, 0xFF7A, 0xFF7A, 0xFF7A, 0xFF7A, 0xFF7A, 0xFF7A, 0xFF7A, 0xFF7A, 0xFF9A, 0xFF9B,
    0xFF9B, 0xFF9B, 0xFF9A, 0xFF9A, 0xFF9B, 0xFF9B, 0xFF7A, 0xFF7A, 0xFF9B, 0xFF9B, 0xFF9B, 0xFF9B,
    0xFF9B, 0xFF9B, 0xFF9B, 0xFF9B, 0xFF7B, 0xFF7B, 0xFF9B, 0xFF9B, 0xFF9B, 0xFF9B, 0xFF9B, 0xFF9B,
    0xFF9B, 0xFF9B, 0xFF9B, 0xFF9B, 0xFF9B, 0xFF9B, 0xFF9B, 0xFF9B, 0xFF7A, 0xFF7A, 0xFF9A, 0xFF9A,
    0xFF7A, 0xF77A, 0xF77A, 0xF77A, 0xFF7A, 0xFF7A, 0xFF7A, 0xFF7A, 0xF77A, 0xF77A, 0xFF7A, 0xF77A,
    0xF77A, 0xF77A, 0xF77A, 0xF77A, 0xF77A, 0xF77A, 0xF77A, 0xF77A, 0xF77A, 0xF75A, 0xF75A, 0xF75A,
    0xF759, 0xF75A, 0xF75A, 0xF75A, 0xF75A, 0xF759, 0xF759, 0xF759, 0xF739, 0xEF39, 0xEF39, 0xEF38,
    0xF739, 0xEF18, 0xEF18, 0xEEF8, 0xEEF8, 0xEEF8, 0xEEF8, 0xE6B7, 0xD656, 0xCE16, 0xBDB5, 0xBD95,
    0xC5F6, 0xC616, 0xD657, 0xDEB7, 0xE6D8, 0xEEF8, 0xEF18, 0xEF18, 0xEF19, 0xEF19, 0xEF39, 0xF739,
    0xF739, 0xF759, 0xF759, 0xF759, 0xF759, 0xF75A, 0xF77A, 0xF77A, 0xF77A, 0xF77A, 0xF77A, 0xF77A,
    0xF77A, 0xF77A, 0xF77A, 0xFF7A, 0xF77A, 0xF77A, 0xF77A, 0xF77A, 0xF77A, 0xF77A, 0xF77A, 0xF77A,
    0xF77A, 0xF77A, 0xF77A, 0xF77A, 0xFF7A, 0xFF7A, 0xFF7A, 0xFF7A, 0xFF9B, 0xFF9B, 0xFF7A, 0xFF7A,
    0xFF9B, 0xFF9B, 0xFF7A, 0xFF7A, 0xFF9B, 0xFF9B, 0xFF9B, 0xFF7B, 0xFF7B, 0xFF7B, 0xFF7B, 0xFF7B,
    0xFF7B, 0xFF7B, 0xFF9B, 0xFF9B, 0xFF9B, 0xFF9B, 0xFF9B, 0xFF9B, 0xFF9B, 0xFF9B, 0xFF9A, 0xFF7A,
    0xFF7A, 0xFF7A, 0xFF7A, 0xFF7A, 0xFF7A, 0xFF7A, 0xFF7A, 0xFF7A, 0xFF7A, 0xFF7A, 0xF77A, 0xF77A,
    0xF77A, 0xF77A, 0xF77A, 0xF77A, 0xF77A, 0xF77A, 0xF77A, 0xF77A, 0xF77A, 0xF77A, 0xF77A, 0xF77A,
    0xF77A, 0xF77A, 0xF75A, 0xF75A, 0xF77A, 0xF77A, 0xF77A, 0xF75A, 0xF75A, 0xF75A, 0xF75A, 0xF75A,
    0xF75A, 0xF75A, 0xF759, 0xF759, 0xF739, 0xF739, 0xF739, 0xF739, 0xEF39, 0xEF19, 0xEF18, 0xEF18,
    0xEEF8, 0xEEF8, 0xEEF8, 0xE6D7, 0xD677, 0xCE16, 0xBDD5, 0xBDB5, 0xC5F6, 0xCE16, 0xD677, 0xDEB8,
    0xE6F8, 0xEF18, 0xEF18, 0xEF19, 0xEF19, 0xEF39, 0xEF39, 0xF739, 0xF759, 0xF759, 0xF759, 0xF75A,
    0xF75A, 0xF77A, 0xF77A, 0xF77A, 0xF77A, 0xF77A, 0xF77A, 0xF77A, 0xF77A, 0xF77A, 0xFF9B, 0xFF9B,
    0xF79B, 0xF79A, 0xFF9A, 0xFF9A, 0xFF9A, 0xFF7A, 0xF77A, 0xF77A, 0xF77A, 0xF77A, 0xFF9B, 0xFF9B,
    0xFF9B, 0xFF9B, 0xFF9B, 0xFF9B, 0xFF9B, 0xFF9B, 0xFF9B, 0xFF9B, 0xFF9B, 0xFF9B, 0xFF9B, 0xFF9B,
    0xFF9B, 0xFF9B, 0xFF9B, 0xFF9B, 0xFF9B, 0xFF9B, 0xFF9B, 0xFF9B, 0xFF9B, 0xFF9B, 0xFF9B, 0xFF9B,
    0xFF9B, 0xFF9B, 0xFF9B, 0xFF9B, 0xFF9B, 0xFF9B, 0xFF9B, 0xFF9B, 0xFF9B, 0xFF9B, 0xFF9B, 0xFF9B,
    0xFF9B, 0xFF9B, 0xFF9B, 0xFF9B, 0xFF9B, 0xFF9B, 0xFF9B, 0xFF9A, 0xFF9A, 0xFF9A, 0xFF9A, 0xFF9A,
    0xFF9A, 0xFF9A, 0xFF7A, 0xFF7A, 0xF77A, 0xF77A, 0xF77A, 0xF77A, 0xF77A, 0xF77A, 0xF77A, 0xF77A,
    0xF77A, 0xF77A, 0xF77A, 0xF77A, 0xF77A, 0xF77A, 0xF75A, 0xF75A, 0xF77A, 0xF77A, 0xF759, 0xF759,
    0xF759, 0xF739, 0xF739, 0xF739, 0xF739, 0xF739, 0xEF19, 0xEF18, 0xEEF8, 0xEEF8, 0xEEF8, 0xE6D8,
    0xD677, 0xCE16, 0xC5D5, 0xBDB5, 0xC5F6, 0xCE17, 0xD677, 0xDEB8, 0xEEF8, 0xEF18, 0xEF19, 0xEF39,
    0xEF39, 0xF739, 0xF739, 0xF759, 0xF759, 0xF75A, 0xF75A, 0xF77A, 0xF77A, 0xF77A, 0xF77A, 0xF77A,
    0xF77A, 0xF77A, 0xFF9B, 0xFF9B, 0xFF9A, 0xFF9B, 0xFF9B, 0xFF9B, 0xFF9B, 0xFF9B, 0xFF9B, 0xFF9B,
    0xFF9B, 0xFF9B, 0xFF9B, 0xFF9B, 0xFF9B, 0xFF9B, 0xFF9B, 0xFF9B, 0xFF9B, 0xFF9B, 0xFF9B, 0xFF9B,
    0xFF9B, 0xFF9B, 0xFFBB, 0xFFBB, 0xFFBB, 0xFFBB, 0xFFBB, 0xFFBB, 0xFFBB, 0xFFBB, 0xFF9B, 0xFF9B,
    0xFF9B, 0xFF9B, 0xFF9B, 0xFF9B, 0xFFBB, 0xFFBB, 0xFFBB, 0xFFBB, 0xFFBB, 0xFFBB, 0xFFBB, 0xFFBB,
    0xFF9B, 0xFF9B, 0xFF9B, 0xFF9B, 0xFF9B, 0xFFBB, 0xFFBB, 0xFFBB, 0xFF9B, 0xFF9B, 0xFF9B, 0xFF9B,
    0xFF9B, 0xFF9B, 0xFF9B, 0xFF9B, 0xFF9B, 0xFF9B, 0xFF9B, 0xFF9B, 0xFF9B, 0xFF9B, 0xFF9B, 0xFF9B,
    0xFF9B, 0xFF9B, 0xFF9B, 0xFF9B, 0xFF9A, 0xFF9A, 0xFF9A, 0xFF9A, 0xFF9B, 0xFF9B, 0xFF9A, 0xFF7A,
    0xF77A, 0xF77A, 0xF77A, 0xF77A, 0xF77A, 0xF77A, 0xF77A, 0xF75A, 0xF75A, 0xF759, 0xF759, 0xF759,
    0xF759, 0xF739, 0xF739, 0xEF39, 0xEF18, 0xEF18, 0xEF18, 0xE6F8, 0xDE97, 0xCE36, 0xC5D5, 0xBDB5,
    0xC5F6, 0xCE37, 0xD677, 0xE6D8, 0xEEF8, 0xEF19, 0xF739, 0xF739, 0xF739, 0xF739, 0xF759, 0xF759,
    0xF75A, 0xF77A, 0xF77A, 0xF77A, 0xFF7A, 0xFF7A, 0xFF9A, 0xFF9A, 0xFF9A, 0xFF9A, 0xFF9B, 0xFF9B,
    0xFF9B, 0xFF9B, 0xFF9B, 0xFFBB, 0xFF9B, 0xFF9B, 0xFFBB, 0xFFBB, 0xFFBB, 0xFFBB, 0xFFBB, 0xFFBB,
    0xFF9B, 0xFF9B, 0xFFBB, 0xFFBB, 0xFFBB, 0xFFBB, 0xFFBB, 0xFFBB, 0xFFBB, 0xFFBB, 0xFFBB, 0xFFBB,
    0xFFBB, 0xFFBB, 0xFFBB, 0xFFBB, 0xFFBB, 0xFFBB, 0xFFBB, 0xFFBB, 0xFFBB, 0xFFBB, 0xFFBB, 0xFFBB,
    0xFFBB, 0xFFBB, 0xFFBB, 0xFFBB, 0xFFBC, 0xFFBC, 0xFFBB, 0xFFBB, 0xFFBB, 0xFFBB, 0xFFBB, 0xFFBB,
    0xFFBB, 0xFFBB, 0xFFBB, 0xFFBB, 0xFFBB, 0xFF9B, 0xFFBB, 0xFFBB, 0xFFBB, 0xFFBB, 0xFFBB, 0xFFBB,
    0xFFBB, 0xFFBB, 0xFF9B, 0xFF9B, 0xFF9B, 0xFF9B, 0xFF9B, 0xFF9B, 0xFFBB, 0xFFBB, 0xFFBB, 0xFF9B,
    0xFF9B, 0xFF9B, 0xFF9B, 0xFF9B, 0xFF9B, 0xFF9B, 0xFF9A, 0xFF9A, 0xFF7A, 0xF77A, 0xF77A, 0xF77A,
    0xF77A, 0xF77A, 0xF77A, 0xF77A, 0xF77A, 0xF77A, 0xF759, 0xF759, 0xF759, 0xF759, 0xF739, 0xF739,
    0xEF18, 0xEF18, 0xEF18, 0xEEF8, 0xDE97, 0xCE36, 0xC5D5, 0xBDB5, 0xC5F6, 0xCE37, 0xD697, 0xE6D8,
    0xEF18, 0xEF39, 0xF739, 0xF739, 0xF739, 0xF759, 0xF75A, 0xF75A, 0xF77A, 0xF77A, 0xF77A, 0xF77A,
    0xFF7A, 0xFF7A, 0xFF9A, 0xFF9A, 0xFF9A, 0xFF9A, 0xFF9B, 0xFF9B, 0xFF9B, 0xFF9B, 0xFF9B, 0xFFBB,
    0xFF9B, 0xFF9B, 0xFF9B, 0xFF9B, 0xFF9B, 0xFF9B, 0xFF9B, 0xFF9B, 0xFF9B, 0xFF9B, 0xFFBB, 0xFFBB,
    0xFF9B, 0xFF9B, 0xFF9B, 0xFF9B, 0xFF9B, 0xFFBB, 0xFFBB, 0xFFBB, 0xFFBB, 0xFFBB, 0xFFBB, 0xFFBB,
    0xFFBB, 0xFFBB, 0xFFBB, 0xFFBB, 0xFFBB, 0xFFBB, 0xFFBB, 0xFFBB, 0xFFBB, 0xFFBB, 0xFFBB, 0xFFBB,
    0xFFBC, 0xFFBB, 0xFFBB, 0xFFBB, 0xFFBB, 0xFFBB, 0xFF9B, 0xFF9B, 0xFFBB, 0xFFBB, 0xFFBB, 0xFFBB,
    0xFFBB, 0xFFBB, 0xFF9B, 0xFF9B, 0xFF9B, 0xFF9B, 0xFF9B, 0xFF9B, 0xFF9B, 0xFF9B, 0xFF9B, 0xFF9B,
    0xFF9B, 0xFF9B, 0xFF9B, 0xFF9B, 0xFFBB, 0xFFBB, 0xFFBB, 0xFF9B, 0xFF9B, 0xFF9B, 0xFF9B, 0xFF9B,
    0xFF9B, 0xFF9B, 0xFF9B, 0xFF9A, 0xFF9A, 0xFF9A, 0xFF7A, 0xF77A, 0xF77A, 0xF77A, 0xFF7A, 0xF77A,
    0xF77A, 0xF779, 0xF779, 0xF759, 0xF759, 0xF759, 0xF739, 0xF739, 0xEF38, 0xEF18, 0xEF18, 0xEEF8,
    0xDE97, 0xCE36, 0xC5F6, 0xBDB5, 0xC5F6, 0xCE37, 0xD698, 0xE6D8, 0xEF18, 0xF739, 0xF739, 0xF739,
    0xF759, 0xF75A, 0xF77A, 0xF77A, 0xF77A, 0xF77A, 0xF77A, 0xF77A, 0xFF7A, 0xFF9A, 0xFF9B, 0xFF9B,
    0xFF9B, 0xFF9B, 0xFF9B, 0xFF9B, 0xFF9B, 0xFF9B, 0xFFBB, 0xFFBB, 0xFF9B, 0xFF9B, 0xFF9B, 0xFF9B,
    0xFFBB, 0xFFBB, 0xFFBB, 0xFFBB, 0xFFBB, 0xFFBB, 0xFFBB, 0xFFBB, 0xFFBB, 0xFFBB, 0xFFBB, 0xFFBB,
    0xFFBB, 0xFFBB, 0xFFBB, 0xFFBB, 0xFFBB, 0xFFBB, 0xFFBB, 0xFFBB, 0xFFBB, 0xFFBB, 0xFFBB, 0xFFBB,
    0xFFBB, 0xFFBB, 0xFFBB, 0xFFBB, 0xFFBB, 0xFFBB, 0xFFBB, 0xFFBB, 0xFFBC, 0xFFBB, 0xFFBB, 0xFFBB,
    0xFFBB, 0xFFBB, 0xFFBB, 0xFFBB, 0xFFBB, 0xFFBB, 0xFFBB, 0xFFBB, 0xFFBB, 0xFFBB, 0xFFBB, 0xFFBB,
    0xFFBB, 0xFFBB, 0xFFBB, 0xFFBB, 0xFF9B, 0xFF9B, 0xFF9B, 0xFF9B, 0xFF9B, 0xFF9B, 0xFF9B, 0xFFBB,
    0xFFBB, 0xFFBB, 0xFFBB, 0xFF9B, 0xFF9B, 0xFF9B, 0xFF9B, 0xFF9B, 0xFF9B, 0xFF9B, 0xFF9B, 0xFF9B,
    0xFF9A, 0xFF9A, 0xFF9A, 0xFF9A, 0xF77A, 0xF77A, 0xFF9A, 0xFF9A, 0xF77A, 0xF77A, 0xF77A, 0xF77A,
    0xF759, 0xF759, 0xF739, 0xF739, 0xF739, 0xEF39, 0xEF38, 0xEEF8, 0xDE97, 0xCE36, 0xC5F6, 0xBDB5,
    0xC616, 0xCE37, 0xDE98, 0xE6D8, 0xEF18, 0xF739, 0xF739, 0xF759, 0xF759, 0xF75A, 0xF77A, 0xF77A,
    0xF77A, 0xFF7A, 0xFF9A, 0xFF9A, 0xFF9A, 0xFF9B, 0xFFBB, 0xFFBB, 0xFF9B, 0xFF9B, 0xFF9B, 0xFF9B,
    0xFF9B, 0xFFBB, 0xFFBB, 0xFFBB, 0xFFBB, 0xFFBB, 0xFFBB, 0xFFBB, 0xFFBB, 0xFFBB, 0xFFBB, 0xFFBB,
    0xFFBB, 0xFFBB, 0xFFBB, 0xFFBB, 0xFFBB, 0xFFBB, 0xFFBB, 0xFFBB, 0xFFBB, 0xFFBB, 0xFFBB, 0xFFBB,
    0xFFBB, 0xFFBB, 0xFFBB, 0xFFBB, 0xFFBC, 0xFFBC, 0xFFBC, 0xFFBC, 0xFFBC, 0xFFBC, 0xFFBC, 0xFFBC,
    0xFFBC, 0xFFBC, 0xFFBB, 0xFFBB, 0xFFBC, 0xFFBC, 0xFFBB, 0xFFBB, 0xFFBB, 0xFFBB, 0xFFBB, 0xFFBB,
    0xFFBB, 0xFFBB, 0xFFBB, 0xFFBB, 0xFFBB, 0xFFBB, 0xFFBB, 0xFFBB, 0xFFBB, 0xFFBB, 0xFFBB, 0xFFBB,
    0xFFBB, 0xFFBB, 0xFFBB, 0xFFBB, 0xFFBB, 0xFFBB, 0xFFBB, 0xFFBB, 0xFFBB, 0xFFBB, 0xFFBB, 0xFFBB,
    0xFF9B, 0xFF9B, 0xFF9B, 0xFF9B, 0xFF9B, 0xFF9B, 0xFF9B, 0xFF9B, 0xFF9A, 0xFF9A, 0xFF9A, 0xFF9A,
    0xFF9A, 0xFF9A, 0xFF9A, 0xFF9A, 0xFF7A, 0xF77A, 0xF77A, 0xF77A, 0xF759, 0xF759, 0xF759, 0xF739,
    0xF739, 0xF739, 0xEF39, 0xEEF8, 0xDE97, 0xCE56, 0xC5F6, 0xBDB5, 0xC616, 0xCE37, 0xDE98, 0xE6F8,
    0xEF19, 0xF739, 0xF739, 0xF759, 0xF75A, 0xF77A, 0xF77A, 0xF77A, 0xF77A, 0xFF7A, 0xFF9A, 0xFF9A,
    0xFF9B, 0xFF9B, 0xFFBB, 0xFFBB, 0xFFBB, 0xFF9B, 0xFF9B, 0xFFBB, 0xFFBB, 0xFFBB, 0xFFBB, 0xFFBB,
    0xFFBB, 0xFFBB, 0xFFBB, 0xFFBB, 0xFFBB, 0xFFBB, 0xFFBB, 0xFFBB, 0xFFBB, 0xFFBB, 0xFFBC, 0xFFBC,
    0xFFBC, 0xFFBC, 0xFFBC, 0xFFDC, 0xFFDC, 0xFFDC, 0xFFBB, 0xFFBB, 0xFFBC, 0xFFDC, 0xFFDC, 0xFFDC,
    0xFFDC, 0xFFDC, 0xFFDC, 0xFFDC, 0xFFDC, 0xFFDC, 0xFFDC, 0xFFDC, 0xFFDC, 0xFFDC, 0xFFBC, 0xFFBC,
    0xFFDC, 0xFFDC, 0xFFDC, 0xFFBC, 0xFFBC, 0xFFBC, 0xFFBC, 0xFFBC, 0xFFBC, 0xFFBC, 0xFFBC, 0xFFBC,
    0xFFBC, 0xFFBC, 0xFFBC, 0xFFDC, 0xFFDC, 0xFFBC, 0xFFBB, 0xFFBB, 0xFFBB, 0xFFBB, 0xFFBB, 0xFFBB,
    0xFFBB, 0xFFBB, 0xFFBB, 0xFFBB, 0xFFBB, 0xFFBB, 0xFFBB, 0xFFBB, 0xFFBB, 0xFFBB, 0xFFBB, 0xFFBB,
    0xFF9B, 0xFF9B, 0xFF9B, 0xFF9B, 0xFF9B, 0xFF9B, 0xFF9B, 0xFF9B, 0xFF9A, 0xFF9A, 0xFF9A, 0xFF9A,
    0xFF7A, 0xF77A, 0xFF7A, 0xF77A, 0xF759, 0xF759, 0xF759, 0xF739, 0xF739, 0xF739, 0xF739, 0xEEF8,
    0xDE97, 0xCE56, 0xC5F6, 0xBDB5, 0xC617, 0xCE37, 0xDE98, 0xE6F8, 0xEF19, 0xF739, 0xF739, 0xF759,
    0xF75A, 0xF77A, 0xF77A, 0xF77A, 0xF77A, 0xFF7A, 0xFF9A, 0xFF9A, 0xFF9B, 0xFFBB, 0xFFBB, 0xFFBB,
    0xFFBB, 0xFFBB, 0xFFBB, 0xFFBB, 0xFFBB, 0xFFBB, 0xFFBB, 0xFFBB, 0xFFBB, 0xFFBB, 0xFFBB, 0xFFBB,
    0xFFBB, 0xFFBB, 0xFFBB, 0xFFBB, 0xFFBC, 0xFFBC, 0xFFBC, 0xFFDC, 0xFFDC, 0xFFDC, 0xFFDC, 0xFFDC,
    0xFFDC, 0xFFDC, 0xFFDC, 0xFFDC, 0xFFDC, 0xFFDC, 0xFFDC, 0xFFDC, 0xFFDC, 0xFFDC, 0xFFDC, 0xFFDC,
    0xFFDC, 0xFFDC, 0xFFDC, 0xFFDC, 0xFFDC, 0xFFDC, 0xFFDC, 0xFFDC, 0xFFDC, 0xFFDC, 0xFFDC, 0xFFDC,
    0xFFDC, 0xFFDC, 0xFFDC, 0xFFDC, 0xFFBC, 0xFFBC, 0xFFDC, 0xFFDC, 0xFFDC, 0xFFDC, 0xFFDC, 0xFFDC,
    0xFFDC, 0xFFDC, 0xFFDC, 0xFFDC, 0xFFDC, 0xFFDC, 0xFFDC, 0xFFBC, 0xFFBC, 0xFFBC, 0xFFBC, 0xFFBC,
    0xFFBC, 0xFFBC, 0xFFBC, 0xFFBB, 0xFFBB, 0xFFBB, 0xFFBB, 0xFFBB, 0xFFBB, 0xFFBB, 0xFFBB, 0xFFBB,
    0xFFBB, 0xFF9B, 0xFF9B, 0xFF9B, 0xFF9B, 0xFF9B, 0xFF9A, 0xFF9A, 0xFF9A, 0xFF7A, 0xFF7A, 0xF77A,
    0xF77A, 0xF759, 0xF759, 0xF739, 0xF739, 0xF739, 0xF739, 0xEEF8, 0xDE97, 0xCE36, 0xC5F6, 0xBDD5,
    0xC617, 0xCE37, 0xDE98, 0xE6F8, 0xEF19, 0xF739, 0xF759, 0xF759, 0xF75A, 0xF77A, 0xF77A, 0xF77A,
    0xF77A, 0xFF9A, 0xFF9B, 0xFF9B, 0xFF9B, 0xFFBB, 0xFFBB, 0xFFBB, 0xFFBB, 0xFFBB, 0xFFBB, 0xFFBB,
    0xFFBB, 0xFFBB, 0xFFBB, 0xFFBB, 0xFFBB, 0xFFBB, 0xFFBC, 0xFFBC, 0xFFBB, 0xFFBB, 0xFFBC, 0xFFBC,
    0xFFBC, 0xFFDC, 0xFFDC, 0xFFDC, 0xFFDC, 0xFFDC, 0xFFDC, 0xFFDC, 0xFFDC, 0xFFDC, 0xFFDC, 0xFFDC,
    0xFFDC, 0xFFDC, 0xFFDC, 0xFFDC, 0xFFDC, 0xFFDC, 0xFFDC, 0xFFDC, 0xFFDC, 0xFFDC, 0xFFDC, 0xFFDC,
    0xFFDC, 0xFFDC, 0xFFDC, 0xFFDC, 0xFFDC, 0xFFDC, 0xFFDC, 0xFFDC, 0xFFDC, 0xFFDC, 0xFFDC, 0xFFDC,
    0xFFDC, 0xFFDC, 0xFFDC, 0xFFDC, 0xFFDC, 0xFFDC, 0xFFDC, 0xFFDC, 0xFFDC, 0xFFDC, 0xFFDC, 0xFFDC,
    0xFFDC, 0xFFDC, 0xFFDC, 0xFFDC, 0xFFDC, 0xFFDC, 0xFFBC, 0xFFBC, 0xFFDC, 0xFFDC, 0xFFBC, 0xFFBB,
    0xFFBB, 0xFFBB, 0xFFBB, 0xFFBB, 0xFFBB, 0xFFBB, 0xFFBB, 0xFFBB, 0xFFBB, 0xFFBB, 0xFF9B, 0xFFBB,
    0xFFBB, 0xFFBB, 0xFF9B, 0xFF9A, 0xFF9A, 0xFF9A, 0xFF7A, 0xF77A, 0xF77A, 0xF759, 0xF759, 0xF759,
    0xF739, 0xF739, 0xF739, 0xEF18, 0xDE97, 0xCE36, 0xC5F6, 0xBDD5, 0xCE17, 0xCE57, 0xDEB8, 0xE6F9,
    0xEF39, 0xF739, 0xF759, 0xF759, 0xF77A, 0xF77A, 0xFF7A, 0xFF9A, 0xFF9A, 0xFF9B, 0xFF9B, 0xFFBB,
    0xFFBB, 0xFFBB, 0xFFBB, 0xFFBB, 0xFFBB, 0xFFBB, 0xFFBB, 0xFFBB, 0xFFBB, 0xFFBB, 0xFFBB, 0xFFBB,
    0xFFBC, 0xFFBC, 0xFFBC, 0xFFBC, 0xFFBC, 0xFFDC, 0xFFDC, 0xFFDC, 0xFFDC, 0xFFDC, 0xFFDC, 0xFFDC,
    0xFFDC, 0xFFDC, 0xFFDC, 0xFFDC, 0xFFDC, 0xFFDC, 0xFFDC, 0xFFDC, 0xFFDC, 0xFFDC, 0xFFDC, 0xFFDC,
    0xFFDC, 0xFFDC, 0xFFDC, 0xFFDC, 0xFFDC, 0xFFDC, 0xFFDC, 0xFFDC, 0xFFDC, 0xFFDC, 0xFFDC, 0xFFDC,
    0xFFDC, 0xFFDC, 0xFFDC, 0xFFDC, 0xFFDC, 0xFFDC, 0xFFDC, 0xFFDC, 0xFFDC, 0xFFDC, 0xFFDC, 0xFFDC,
    0xFFDC, 0xFFDC, 0xFFDC, 0xFFDC, 0xFFDC, 0xFFDC, 0xFFDC, 0xFFDC, 0xFFDC, 0xFFDC, 0xFFDC, 0xFFDC,
    0xFFDC, 0xFFDC, 0xFFBC, 0xFFBC, 0xFFBC, 0xFFBC, 0xFFBC, 0xFFBB, 0xFFBB, 0xFFBB, 0xFFBB, 0xFFBB,
    0xFFBB, 0xFFBB, 0xFFBB, 0xFFBB, 0xFFBB, 0xFFBB, 0xFFBB, 0xFFBB, 0xFFBB, 0xFFBB, 0xFF9B, 0xFF9A,
    0xFF9A, 0xFF7A, 0xFF9A, 0xFF7A, 0xF77A, 0xF77A, 0xF759, 0xF759, 0xF759, 0xF739, 0xF739, 0xEF18,
    0xDEB7, 0xD657, 0xC5F6, 0xBDD5, 0xCE17, 0xCE57, 0xDEB8, 0xE6F9, 0xEF39, 0xF759, 0xF759, 0xF759,
    0xF77A, 0xF77A, 0xFF7A, 0xFF9A, 0xFF9B, 0xFF9B, 0xFF9B, 0xFFBB, 0xFFBB, 0xFFBB, 0xFFBB, 0xFFBB,
    0xFFBB, 0xFFBB, 0xFFBB, 0xFFBB, 0xFFBB, 0xFFBB, 0xFFBB, 0xFFBC, 0xFFBC, 0xFFBC, 0xFFBC, 0xFFDC,
    0xFFDC, 0xFFDC, 0xFFDC, 0xFFDC, 0xFFDC, 0xFFDC, 0xFFDC, 0xFFDC, 0xFFDC, 0xFFDC, 0xFFDC, 0xFFDC,
    0xFFDC, 0xFFDC, 0xFFDC, 0xFFDC, 0xFFDC, 0xFFDC, 0xFFDC, 0xFFDC, 0xFFDC, 0xFFDC, 0xFFDC, 0xFFDC,
    0xFFDC, 0xFFDC, 0xFFDC, 0xFFDC, 0xFFDC, 0xFFDC, 0xFFDC, 0xFFDC, 0xFFDC, 0xFFDC, 0xFFDC, 0xFFDC,
    0xFFDC, 0xFFDC, 0xFFDC, 0xFFDC, 0xFFDC, 0xFFDC, 0xFFDC, 0xFFDC, 0xFFDC, 0xFFDC, 0xFFDC, 0xFFDC,
    0xFFDC, 0xFFDC, 0xFFDC, 0xFFDC, 0xFFDC, 0xFFDC, 0xFFDC, 0xFFDC, 0xFFDC, 0xFFDC, 0xFFDC, 0xFFBC,
    0xFFBC, 0xFFBC, 0xFFBC, 0xFFBB, 0xFFBB, 0xFFBB, 0xFFBB, 0xFFBB, 0xFFBB, 0xFFBB, 0xFFBB, 0xFFBB,
    0xFFBB, 0xFFBB, 0xFFBB, 0xFFBB, 0xFFBB, 0xFFBB, 0xFF9B, 0xFF9A, 0xFF9A, 0xFF7A, 0xFF9A, 0xFF7A,
    0xF77A, 0xF77A, 0xF77A, 0xF759, 0xF759, 0xF759, 0xF759, 0xEF19, 0xDEB8, 0xD657, 0xC5F6, 0xBDD5,
    0xCE37, 0xCE57, 0xDEB8, 0xE6F9, 0xEF39, 0xF759, 0xF759, 0xF759, 0xF77A, 0xF77A, 0xF77A, 0xF77A,
    0xFF9A, 0xFF9B, 0xFF9B, 0xFF9B, 0xFFBB, 0xFFBB, 0xFFBB, 0xFFBB, 0xFFBB, 0xFFBB, 0xFFBB, 0xFFBB,
    0xFFBC, 0xFFDC, 0xFFDC, 0xFFDC, 0xFFDC, 0xFFDC, 0xFFDC, 0xFFDC, 0xFFDC, 0xFFDC, 0xFFDC, 0xFFDC,
    0xFFDC, 0xFFDC, 0xFFDC, 0xFFDC, 0xFFDC, 0xFFDC, 0xFFDC, 0xFFDC, 0xFFDC, 0xFFDC, 0xFFDC, 0xFFDC,
    0xFFDC, 0xFFDC, 0xFFDC, 0xFFDC, 0xFFDC, 0xFFDC, 0xFFDC, 0xFFDC, 0xFFDC, 0xFFDC, 0xFFDC, 0xFFDC,
    0xFFDC, 0xFFDC, 0xFFDC, 0xFFDC, 0xFFDC, 0xFFDC, 0xFFDC, 0xFFDC, 0xFFDC, 0xFFDC, 0xFFDC, 0xFFDC,
    0xFFDC, 0xFFDC, 0xFFDC, 0xFFDC, 0xFFDC, 0xFFDC, 0xFFDC, 0xFFDC, 0xFFDC, 0xFFDC, 0xFFDC, 0xFFDC,
    0xFFDC, 0xFFDC, 0xFFDC, 0xFFDC, 0xFFDC, 0xFFDC, 0xFFDC, 0xFFDC, 0xFFDC, 0xFFDC, 0xFFDC, 0xFFDC,
    0xFFDC, 0xFFBC, 0xFFBB, 0xFFBB, 0xFFBB, 0xFFBB, 0xFFBB, 0xFFBB, 0xFFBB, 0xFFBB, 0xFFBB, 0xFF9B,
    0xFF9B, 0xFF9B, 0xFF9B, 0xFF9A, 0xFF9A, 0xFF9A, 0xFF7A, 0xFF7A, 0xF77A, 0xF77A, 0xF77A, 0xF759,
    0xF759, 0xF759, 0xF759, 0xEF19, 0xDEB8, 0xD657, 0xC5F6, 0xBDD5, 0xCE37, 0xCE57, 0xDEB8, 0xE719,
    0xF739, 0xF759, 0xF759, 0xF75A, 0xF77A, 0xF77A, 0xF77A, 0xF77A, 0xFF9A, 0xFF9B, 0xFF9B, 0xFF9B,
    0xFFBB, 0xFFBB, 0xFFBB, 0xFFBB, 0xFFBB, 0xFFBB, 0xFFDC, 0xFFDC, 0xFFDC, 0xFFDC, 0xFFDC, 0xFFDC,
    0xFFDC, 0xFFDC, 0xFFDC, 0xFFDC, 0xFFDC, 0xFFDC, 0xFFDC, 0xFFDC, 0xFFDC, 0xFFDC, 0xFFDC, 0xFFDC,
    0xFFDC, 0xFFDC, 0xFFDC, 0xFFDC, 0xFFDC, 0xFFDC, 0xFFDC, 0xFFDC, 0xFFDC, 0xFFDC, 0xFFDD, 0xFFDC,
    0xFFDC, 0xFFDC, 0xFFDC, 0xFFDC, 0xFFDC, 0xFFDC, 0xFFDC, 0xFFDC, 0xFFDC, 0xFFDC, 0xFFDC, 0xFFDC,
    0xFFDC, 0xFFDC, 0xFFDC, 0xFFDC, 0xFFDC, 0xFFDC, 0xFFDC, 0xFFDD, 0xFFDC, 0xFFDC, 0xFFDC, 0xFFDC,
    0xFFDC, 0xFFDC, 0xFFDC, 0xFFDC, 0xFFDC, 0xFFDC, 0xFFDC, 0xFFDC, 0xFFDC, 0xFFDC, 0xFFDC, 0xFFDC,
    0xFFDC, 0xFFDC, 0xFFDC, 0xFFDC, 0xFFDC, 0xFFDC, 0xFFDC, 0xFFDC, 0xFFDC, 0xFFDC, 0xFFDC, 0xFFDC,
    0xFFDC, 0xFFDC, 0xFFBC, 0xFFBB, 0xFFBB, 0xFFBB, 0xFFBB, 0xFF9B, 0xFF9B, 0xFF9B, 0xFF9B, 0xFF9B,
    0xFF9A, 0xFF9A, 0xFF9A, 0xFF7A, 0xF77A, 0xF77A, 0xF77A, 0xF759, 0xF759, 0xF759, 0xF759, 0xEF19,
    0xDEB8, 0xD657, 0xC5F6, 0xBDD5, 0xCE37, 0xD657, 0xDEB8, 0xE719, 0xF759, 0xF75A, 0xF75A, 0xF77A,
    0xF77A, 0xF77A, 0xF77A, 0xFF9A, 0xFF9B, 0xFF9B, 0xFFBB, 0xFFBB, 0xFFBB, 0xFFBB, 0xFFBB, 0xFFBB,
    0xFFDC, 0xFFDC, 0xFFDC, 0xFFDC, 0xFFDC, 0xFFDC, 0xFFDC, 0xFFDC, 0xFFDC, 0xFFDC, 0xFFDC, 0xFFDC,
    0xFFDC, 0xFFDC, 0xFFDC, 0xFFDC, 0xFFDC, 0xFFDC, 0xFFDC, 0xFFDC, 0xFFDC, 0xFFDC, 0xFFDC, 0xFFDC,
    0xFFDD, 0xFFDD, 0xFFDD, 0xFFDD, 0xFFFD, 0xFFFD, 0xFFDD, 0xFFDD, 0xFFDD, 0xFFDD, 0xFFDD, 0xFFDD,
    0xFFDC, 0xFFDC, 0xFFDD, 0xFFDD, 0xFFDD, 0xFFFD, 0xFFFD, 0xFFFD, 0xFFFD, 0xFFFD, 0xFFFD, 0xFFDD,
    0xFFDC, 0xFFDC, 0xFFDD, 0xFFFD, 0xFFFD, 0xFFFD, 0xFFDD, 0xFFDD, 0xFFDC, 0xFFDC, 0xFFDC, 0xFFDC,
    0xFFDC, 0xFFDC, 0xFFDC, 0xFFDC, 0xFFDC, 0xFFDC, 0xFFDC, 0xFFDC, 0xFFDC, 0xFFDC, 0xFFDC, 0xFFDC,
    0xFFDC, 0xFFDC, 0xFFDC, 0xFFDC, 0xFFDC, 0xFFDC, 0xFFDC, 0xFFDC, 0xFFDC, 0xFFDC, 0xFFDC, 0xFFDC,
    0xFFBB, 0xFFBB, 0xFFBB, 0xFFBB, 0xFFBB, 0xFFBB, 0xFFBB, 0xFFBB, 0xFF9B, 0xFF9A, 0xFF9A, 0xFF9A,
    0xF79A, 0xF77A, 0xF77A, 0xF77A, 0xF759, 0xF759, 0xF759, 0xEF39, 0xDED8, 0xD677, 0xC5F6, 0xBDD5,
    0xCE37, 0xD657, 0xDEB8, 0xE719, 0xF759, 0xF77A, 0xF77A, 0xF77A, 0xF77A, 0xF77A, 0xFF9A, 0xFF9A,
    0xFF9B, 0xFFBB, 0xFFBB, 0xFFBB, 0xFFBB, 0xFFBB, 0xFFBB, 0xFFBC, 0xFFDC, 0xFFDC, 0xFFDC, 0xFFDC,
    0xFFDC, 0xFFDC, 0xFFDC, 0xFFDC, 0xFFDC, 0xFFDC, 0xFFDC, 0xFFDC, 0xFFDC, 0xFFDC, 0xFFDC, 0xFFDC,
    0xFFDC, 0xFFDC, 0xFFDD, 0xFFDD, 0xFFDD, 0xFFDD, 0xFFDD, 0xFFDD, 0xFFFD, 0xFFFD, 0xFFFD, 0xFFFD,
    0xFFFD, 0xFFFD, 0xFFDD, 0xFFDD, 0xFFDD, 0xFFDD, 0xFFFD, 0xFFFD, 0xFFDD, 0xFFDD, 0xFFDD, 0xFFDD,
    0xFFFD, 0xFFFD, 0xFFFD, 0xFFFD, 0xFFFD, 0xFFFD, 0xFFFD, 0xFFFD, 0xFFDC, 0xFFDC, 0xFFFD, 0xFFFD,
    0xFFFD, 0xFFFD, 0xFFDD, 0xFFDD, 0xFFDD, 0xFFDD, 0xFFDD, 0xFFDD, 0xFFDD, 0xFFDC, 0xFFDC, 0xFFDC,
    0xFFDC, 0xFFDC, 0xFFDC, 0xFFDC, 0xFFDC, 0xFFDC, 0xFFDC, 0xFFDC, 0xFFDC, 0xFFDC, 0xFFDC, 0xFFDC,
    0xFFDC, 0xFFDC, 0xFFDC, 0xFFDC, 0xFFDC, 0xFFDC, 0xFFDC, 0xFFDC, 0xFFBC, 0xFFBB, 0xFFBB, 0xFFBB,
    0xFFBB, 0xFFBB, 0xFFBB, 0xFFBB, 0xFF9B, 0xFF9B, 0xFF9A, 0xFF9A, 0xFF9A, 0xF77A, 0xF77A, 0xF77A,
    0xF75A, 0xF759, 0xF759, 0xEF39, 0xE6D8, 0xD677, 0xC5F6, 0xBDD5, 0xCE37, 0xD657, 0xDEB8, 0xE719,
    0xF739, 0xF759, 0xF77A, 0xF77A, 0xF77A, 0xF77A, 0xFF9A, 0xFF9A, 0xFF9B, 0xFFBB, 0xFFBB, 0xFFBB,
    0xFFBB, 0xFFBB, 0xFFBC, 0xFFBC, 0xFFBC, 0xFFBC, 0xFFBC, 0xFFDC, 0xFFDC, 0xFFDC, 0xFFDC, 0xFFDC,
    0xFFDC, 0xFFDC, 0xFFDC, 0xFFDC, 0xFFDC, 0xFFDC, 0xFFDC, 0xFFDC, 0xFFDC, 0xFFDC, 0xFFDC, 0xFFFD,
    0xFFFC, 0xFFFC, 0xFFFD, 0xFFFD, 0xFFFD, 0xFFFD, 0xFFDD, 0xFFDD, 0xFFFD, 0xFFFD, 0xFFFD, 0xFFFD,
    0xFFDC, 0xFFDC, 0xFFDC, 0xFFDD, 0xFFFD, 0xFFFD, 0xFFDD, 0xFFDD, 0xFFFD, 0xFFFD, 0xFFFD, 0xFFFD,
    0xFFFD, 0xFFFD, 0xFFFD, 0xFFFD, 0xFFDC, 0xFFDC, 0xFFDC, 0xFFDD, 0xFFDC, 0xFFDC, 0xFFDD, 0xFFDD,
    0xFFFD, 0xFFFD, 0xFFDC, 0xFFDC, 0xFFDD, 0xFFDD, 0xFFDC, 0xFFDC, 0xFFDC, 0xFFDC, 0xFFDC, 0xFFDC,
    0xFFDC, 0xFFDC, 0xFFDC, 0xFFDC, 0xFFDC, 0xFFDC, 0xFFDC, 0xFFDC, 0xFFDC, 0xFFDC, 0xFFDC, 0xFFDC,
    0xFFDC, 0xFFDC, 0xFFDC, 0xFFBC, 0xFFBB, 0xFFBB, 0xFFBB, 0xFFBB, 0xFFBB, 0xFFBB, 0xFFBB, 0xFF9B,
    0xFF9B, 0xFF9A, 0xFF9A, 0xFF9A, 0xFF9A, 0xF77A, 0xF77A, 0xF77A, 0xF75A, 0xF759, 0xF759, 0xEF39,
    0xE6D8, 0xD677, 0xC5F6, 0xBDD5, 0xCE37, 0xD657, 0xDEB8, 0xE719, 0xF739, 0xF759, 0xF77A, 0xF77A,
    0xF77A, 0xFF9A, 0xFF9A, 0xFF9B, 0xFF9B, 0xFFBB, 0xFFBB, 0xFFBB, 0xFFBB, 0xFFBB, 0xFFBC, 0xFFBC,
    0xFFBC, 0xFFBC, 0xFFBC, 0xFFDC, 0xFFDC, 0xFFDC, 0xFFDC, 0xFFDC, 0xFFDC, 0xFFDC, 0xFFDC, 0xFFDC,
    0xFFDC, 0xFFDC, 0xFFDC, 0xFFDC, 0xFFDC, 0xFFDC, 0xFFFD, 0xFFFD, 0xFFFD, 0xFFFD, 0xFFFD, 0xFFFD,
    0xFFFD, 0xFFFD, 0xFFDD, 0xFFDD, 0xFFFD, 0xFFFD, 0xFFFD, 0xFFFD, 0xFFDD, 0xFFDC, 0xFFDD, 0xFFFD,
    0xFFFD, 0xFFFD, 0xFFFD, 0xFFDD, 0xFFFD, 0xFFFD, 0xFFFD, 0xFFFD, 0xFFFD, 0xFFFD, 0xFFFD, 0xFFFD,
    0xFFDD, 0xFFDC, 0xFFDD, 0xFFDD, 0xFFDC, 0xFFDC, 0xFFDD, 0xFFDD, 0xFFFD, 0xFFFD, 0xFFDC, 0xFFDC,
    0xFFDD, 0xFFDD, 0xFFDC, 0xFFDC, 0xFFDC, 0xFFDC, 0xFFDC, 0xFFDC, 0xFFDC, 0xFFDC, 0xFFDC, 0xFFDC,
    0xFFDC, 0xFFDC, 0xFFDC, 0xFFDC, 0xFFDC, 0xFFDC, 0xFFDC, 0xFFDC, 0xFFDC, 0xFFDC, 0xFFDC, 0xFFBB,
    0xFFBB, 0xFFBB, 0xFFBB, 0xFFBB, 0xFFBB, 0xFFBB, 0xFFBB, 0xFF9B, 0xFF9B, 0xFF9A, 0xFF9A, 0xFF9A,
    0xFF9A, 0xFF7A, 0xF77A, 0xF77A, 0xF77A, 0xF759, 0xF759, 0xEF39, 0xE6D8, 0xD677, 0xC5F6, 0xBDD5,
    0xCE37, 0xCE57, 0xDEB8, 0xEF19, 0xF759, 0xF75A, 0xF77A, 0xF77A, 0xFF7A, 0xFF9A, 0xFF9B, 0xFFBB,
    0xFFBB, 0xFFBB, 0xFFBB, 0xFFBB, 0xFFBB, 0xFFDC, 0xFFDC, 0xFFDC, 0xFFDC, 0xFFDC, 0xFFDC, 0xFFDC,
    0xFFDC, 0xFFDC, 0xFFDC, 0xFFDC, 0xFFDC, 0xFFDC, 0xFFDC, 0xFFDC, 0xFFDC, 0xFFDC, 0xFFFC, 0xFFFD,
    0xFFFD, 0xFFFD, 0xFFFD, 0xFFFD, 0xFFFD, 0xFFFD, 0xFFFD, 0xFFFD, 0xFFFD, 0xFFFD, 0xFFDD, 0xFFDD,
    0xFFFD, 0xFFFD, 0xFFFD, 0xFFFD, 0xFFFD, 0xFFFD, 0xFFFD, 0xFFFD, 0xFFFD, 0xFFFD, 0xFFFD, 0xFFFD,
    0xFFFD, 0xFFFD, 0xFFFD, 0xFFFD, 0xFFFD, 0xFFFD, 0xFFFD, 0xFFFD, 0xFFFD, 0xFFFD, 0xFFFD, 0xFFFD,
    0xFFFD, 0xFFFD, 0xFFFD, 0xFFFD, 0xFFDD, 0xFFDD, 0xFFFD, 0xFFFD, 0xFFDD, 0xFFDD, 0xFFDC, 0xFFDC,
    0xFFDD, 0xFFDD, 0xFFDC, 0xFFDC, 0xFFDC, 0xFFDC, 0xFFFC, 0xFFFC, 0xFFDC, 0xFFDC, 0xFFDC, 0xFFDC,
    0xFFDC, 0xFFDC, 0xFFDC, 0xFFDC, 0xFFDC, 0xFFDC, 0xFFDC, 0xFFDC, 0xFFDC, 0xFFDC, 0xFFDC, 0xFFBB,
    0xFFBB, 0xFFBB, 0xFFBB, 0xFFBB, 0xFF9B, 0xFF9B, 0xFF9A, 0xFF9A, 0xFF9A, 0xFF7A, 0xF77A, 0xF77A,
    0xF77A, 0xF77A, 0xF759, 0xEF39, 0xDED8, 0xD677, 0xC616, 0xC5D6, 0xCE17, 0xCE57, 0xDEB8, 0xEF19,
    0xF759, 0xF75A, 0xF77A, 0xF77A, 0xFF9A, 0xFF9B, 0xFF9B, 0xFFBB, 0xFFBB, 0xFFBB, 0xFFBB, 0xFFBB,
    0xFFBB, 0xFFBB, 0xFFDB, 0xFFDC, 0xFFDC, 0xFFDC, 0xFFDC, 0xFFDC, 0xFFDC, 0xFFDC, 0xFFDC, 0xFFDC,
    0xFFDC, 0xFFDC, 0xFFDC, 0xFFDC, 0xFFDC, 0xFFDC, 0xFFDD, 0xFFFD, 0xFFFD, 0xFFFD, 0xFFFD, 0xFFFD,
    0xFFFD, 0xFFFD, 0xFFFD, 0xFFFD, 0xFFFD, 0xFFFD, 0xFFDD, 0xFFDD, 0xFFFD, 0xFFFD, 0xFFFD, 0xFFFD,
    0xFFFD, 0xFFFD, 0xFFFD, 0xFFFD, 0xFFFD, 0xFFFD, 0xFFFD, 0xFFFD, 0xFFFD, 0xFFFD, 0xFFFD, 0xFFFD,
    0xFFFD, 0xFFFD, 0xFFFD, 0xFFFD, 0xFFFD, 0xFFFD, 0xFFFD, 0xFFFD, 0xFFFD, 0xFFFD, 0xFFFD, 0xFFFD,
    0xFFDD, 0xFFDD, 0xFFFD, 0xFFFD, 0xFFDD, 0xFFDD, 0xFFDC, 0xFFDC, 0xFFDC, 0xFFDC, 0xFFDC, 0xFFDC,
    0xFFDC, 0xFFDC, 0xFFFC, 0xFFFC, 0xFFDC, 0xFFDC, 0xFFDC, 0xFFDC, 0xFFDC, 0xFFDC, 0xFFDC, 0xFFDC,
    0xFFDC, 0xFFDC, 0xFFDC, 0xFFDC, 0xFFDC, 0xFFDC, 0xFFDC, 0xFFDC, 0xFFBB, 0xFFBB, 0xFFBB, 0xFFBB,
    0xFFBB, 0xFF9B, 0xFF9B, 0xFF9A, 0xFF9A, 0xFF7A, 0xF77A, 0xF77A, 0xF77A, 0xF77A, 0xF75A, 0xEF39,
    0xE6D8, 0xD677, 0xC616, 0xC5D6, 0xCE17, 0xD657, 0xDEB8, 0xEF19, 0xF739, 0xF75A, 0xF75A, 0xF77A,
    0xFF7A, 0xFF9A, 0xFF9B, 0xFF9B, 0xFFBB, 0xFFBB, 0xFFBB, 0xFFBB, 0xFFBB, 0xFFBB, 0xFFBB, 0xFFDC,
    0xFFBC, 0xFFDC, 0xFFDC, 0xFFDC, 0xFFDC, 0xFFDC, 0xFFDC, 0xFFDC, 0xFFDC, 0xFFDC, 0xFFDC, 0xFFDC,
    0xFFDC, 0xFFDC, 0xFFDC, 0xFFDC, 0xFFDC, 0xFFDC, 0xFFFC, 0xFFFD, 0xFFDD, 0xFFDD, 0xFFDD, 0xFFDD,
    0xFFDD, 0xFFDD, 0xFFFD, 0xFFFD, 0xFFDC, 0xFFDC, 0xFFFD, 0xFFFD, 0xFFFD, 0xFFFD, 0xFFFD, 0xFFFD,
    0xFFFD, 0xFFFD, 0xFFFD, 0xFFFD, 0xFFDD, 0xFFDD, 0xFFFD, 0xFFFD, 0xFFFD, 0xFFFD, 0xFFDD, 0xFFDD,
    0xFFDD, 0xFFDD, 0xFFDD, 0xFFDD, 0xFFDD, 0xFFFD, 0xFFFD, 0xFFFD, 0xFFDD, 0xFFDD, 0xFFFD, 0xFFFD,
    0xFFDD, 0xFFDD, 0xFFDC, 0xFFDC, 0xFFDC, 0xFFDC, 0xFFDC, 0xFFDC, 0xFFDC, 0xFFDC, 0xFFDC, 0xFFDC,
    0xFFDC, 0xFFDC, 0xFFDC, 0xFFDC, 0xFFDC, 0xFFDC, 0xFFDC, 0xFFDC, 0xFFDC, 0xFFDC, 0xFFDC, 0xFFBB,
    0xFFBB, 0xFFBB, 0xFFBB, 0xFFBB, 0xFFBB, 0xFFBB, 0xFFBB, 0xFFBB, 0xFFBB, 0xFF9B, 0xFF9B, 0xFF9A,
    0xFF9A, 0xFF7A, 0xF77A, 0xF77A, 0xF77A, 0xF75A, 0xF75A, 0xEF39, 0xE6D8, 0xD677, 0xC616, 0xC5D6,
    0xCE37, 0xD657, 0xDED9, 0xEF19, 0xF759, 0xF75A, 0xF77A, 0xF77A, 0xFF7A, 0xFF9A, 0xFF9B, 0xFFBB,
    0xFFBB, 0xFFBB, 0xFFBB, 0xFFBB, 0xFFBB, 0xFFBB, 0xFFDC, 0xFFDC, 0xFFBC, 0xFFDC, 0xFFDC, 0xFFDC,
    0xFFDC, 0xFFDC, 0xFFDC, 0xFFDC, 0xFFDC, 0xFFDC, 0xFFDC, 0xFFDC, 0xFFDC, 0xFFDC, 0xFFDC, 0xFFDC,
    0xFFDC, 0xFFDC, 0xFFFD, 0xFFFD, 0xFFFD, 0xFFDD, 0xFFDD, 0xFFDD, 0xFFDD, 0xFFDD, 0xFFFD, 0xFFFD,
    0xFFDD, 0xFFDD, 0xFFFD, 0xFFFD, 0xFFFD, 0xFFFD, 0xFFFD, 0xFFFD, 0xFFFD, 0xFFFD, 0xFFFD, 0xFFFD,
    0xFFDD, 0xFFFD, 0xFFFD, 0xFFFD, 0xFFFD, 0xFFFD, 0xFFDD, 0xFFDD, 0xFFDD, 0xFFDD, 0xFFDD, 0xFFDD,
    0xFFDD, 0xFFDD, 0xFFFD, 0xFFFD, 0xFFFD, 0xFFFD, 0xFFFD, 0xFFFD, 0xFFDD, 0xFFDD, 0xFFDC, 0xFFDC,
    0xFFDC, 0xFFDC, 0xFFDD, 0xFFDC, 0xFFDC, 0xFFDC, 0xFFDC, 0xFFDC, 0xFFDC, 0xFFDC, 0xFFDC, 0xFFDC,
    0xFFDC, 0xFFDC, 0xFFDC, 0xFFDC, 0xFFDC, 0xFFDC, 0xFFDC, 0xFFDC, 0xFFBC, 0xFFBB, 0xFFBB, 0xFFBB,
    0xFFDC, 0xFFDB, 0xFFBB, 0xFFBB, 0xFFBB, 0xFFBB, 0xFF9B, 0xFF9A, 0xFF9A, 0xFF7A, 0xFF7A, 0xF77A,
    0xF77A, 0xF77A, 0xF77A, 0xEF39, 0xE6D8, 0xD677, 0xC616, 0xC5D6, 0xCE37, 0xD657, 0xDED9, 0xEF19,
    0xF75A, 0xF77A, 0xF77A, 0xFF7A, 0xFF9A, 0xFF9A, 0xFF9B, 0xFFBB, 0xFFBB, 0xFFBB, 0xFFBB, 0xFFBB,
    0xFFBB, 0xFFDC, 0xFFDC, 0xFFDC, 0xFFBC, 0xFFDC, 0xFFDC, 0xFFDC, 0xFFDC, 0xFFDC, 0xFFDC, 0xFFDC,
    0xFFDC, 0xFFFC, 0xFFFC, 0xFFFC, 0xFFDC, 0xFFDC, 0xFFDD, 0xFFFD, 0xFFFD, 0xFFFD, 0xFFFD, 0xFFFD,
    0xFFFD, 0xFFFD, 0xFFFD, 0xFFFD, 0xFFFD, 0xFFFD, 0xFFFD, 0xFFFD, 0xFFFD, 0xFFFD, 0xFFFD, 0xFFFD,
    0xFFFD, 0xFFFD, 0xFFFD, 0xFFFD, 0xFFFD, 0xFFFD, 0xFFFD, 0xFFFD, 0xFFFD, 0xFFFD, 0xFFFD, 0xFFFD,
    0xFFFD, 0xFFFD, 0xFFFD, 0xFFFD, 0xFFFD, 0xFFFD, 0xFFFD, 0xFFFD, 0xFFDD, 0xFFDD, 0xFFFD, 0xFFFD,
    0xFFFD, 0xFFFD, 0xFFFD, 0xFFFD, 0xFFFD, 0xFFFD, 0xFFFD, 0xFFFD, 0xFFFD, 0xFFFD, 0xFFFD, 0xFFFD,
    0xFFFD, 0xFFFD, 0xFFFD, 0xFFFD, 0xFFDD, 0xFFDD, 0xFFDD, 0xFFDC, 0xFFDC, 0xFFDC, 0xFFDC, 0xFFDC,
    0xFFDC, 0xFFDC, 0xFFDC, 0xFFDC, 0xFFDC, 0xFFDC, 0xFFDC, 0xFFDC, 0xFFDC, 0xFFDC, 0xFFBB, 0xFFBB,
    0xFFBB, 0xFFBB, 0xFFBB, 0xFF9B, 0xFF9A, 0xFF9A, 0xFF9A, 0xFF7A, 0xF77A, 0xF77A, 0xF77A, 0xEF39,
    0xE6D8, 0xD677, 0xC616, 0xBDD5, 0xCE37, 0xD658, 0xDED9, 0xEF19, 0xF75A, 0xF77A, 0xFF7A, 0xFF9A,
    0xFF9A, 0xFF9A, 0xFF9B, 0xFFBB, 0xFFBB, 0xFFBB, 0xFFBB, 0xFFBB, 0xFFDC, 0xFFDC, 0xFFDC, 0xFFDC,
    0xFFDC, 0xFFDC, 0xFFDC, 0xFFDC, 0xFFDC, 0xFFDC, 0xFFDC, 0xFFDC, 0xFFDC, 0xFFFD, 0xFFFD, 0xFFFD,
    0xFFDD, 0xFFDD, 0xFFFD, 0xFFFD, 0xFFFD, 0xFFFD, 0xFFFD, 0xFFFD, 0xFFFD, 0xFFFD, 0xFFFD, 0xFFFD,
    0xFFFD, 0xFFFD, 0xFFFD, 0xFFFD, 0xFFFD, 0xFFFD, 0xFFFD, 0xFFFD, 0xFFFD, 0xFFFD, 0xFFFD, 0xFFFD,
    0xFFFD, 0xFFFD, 0xFFFD, 0xFFFD, 0xFFFD, 0xFFFD, 0xFFFD, 0xFFFD, 0xFFFD, 0xFFFD, 0xFFFD, 0xFFFD,
    0xFFFD, 0xFFFD, 0xFFFD, 0xFFFD, 0xFFFD, 0xFFDD, 0xFFFD, 0xFFFD, 0xFFFD, 0xFFFD, 0xFFFD, 0xFFFD,
    0xFFFD, 0xFFFD, 0xFFFD, 0xFFFD, 0xFFFD, 0xFFFD, 0xFFFD, 0xFFFD, 0xFFFD, 0xFFFD, 0xFFFD, 0xFFFD,
    0xFFDD, 0xFFDD, 0xFFDD, 0xFFDC, 0xFFDC, 0xFFDC, 0xFFDC, 0xFFDC, 0xFFDC, 0xFFDC, 0xFFDC, 0xFFDC,
    0xFFDC, 0xFFDC, 0xFFDC, 0xFFDC, 0xFFBC, 0xFFBB, 0xFFBB, 0xFFBB, 0xFFBB, 0xFFBB, 0xFFBB, 0xFF9B,
    0xFF9A, 0xFF9A, 0xFF9A, 0xFF7A, 0xF77A, 0xF77A, 0xF77A, 0xEF39, 0xE6D8, 0xD677, 0xC616, 0xBDD5,
    0xCE37, 0xD657, 0xDED9, 0xEF19, 0xF75A, 0xF77A, 0xF77A, 0xF77A, 0xFF9A, 0xFF9A, 0xFF9B, 0xFFBB,
    0xFFBB, 0xFFBB, 0xFFBB, 0xFFBB, 0xFFDC, 0xFFDC, 0xFFDC, 0xFFDC, 0xFFDC, 0xFFDC, 0xFFDC, 0xFFDC,
    0xFFDC, 0xFFDC, 0xFFDC, 0xFFDC, 0xFFDC, 0xFFDC, 0xFFDD, 0xFFDD, 0xFFDD, 0xFFDD, 0xFFDD, 0xFFDD,
    0xFFDC, 0xFFDC, 0xFFFD, 0xFFFD, 0xFFFD, 0xFFFD, 0xFFFD, 0xFFFD, 0xFFFD, 0xFFFD, 0xFFFD, 0xFFFD,
    0xFFDD, 0xFFDD, 0xFFDD, 0xFFDD, 0xFFFD, 0xFFFD, 0xFFDD, 0xFFDD, 0xFFFD, 0xFFFD, 0xFFFD, 0xFFFD,
    0xFFFD, 0xFFFD, 0xFFFD, 0xFFFD, 0xFFFD, 0xFFFD, 0xFFFD, 0xFFFD, 0xFFFD, 0xFFFD, 0xFFFD, 0xFFFD,
    0xFFFD, 0xFFFD, 0xFFFD, 0xFFFD, 0xFFFD, 0xFFDD, 0xFFDD, 0xFFDD, 0xFFDD, 0xFFDD, 0xFFDD, 0xFFFD,
    0xFFFD, 0xFFFD, 0xFFFD, 0xFFDD, 0xFFDD, 0xFFDD, 0xFFDD, 0xFFDD, 0xFFFD, 0xFFFD, 0xFFDD, 0xFFDC,
    0xFFDC, 0xFFDC, 0xFFDC, 0xFFDC, 0xFFDC, 0xFFDC, 0xFFDC, 0xFFDC, 0xFFDC, 0xFFDC, 0xFFDC, 0xFFBB,
    0xFFBB, 0xFFBB, 0xFFBB, 0xFFBB, 0xFFBB, 0xFFBB, 0xFF9B, 0xFF9B, 0xFF9A, 0xFF9A, 0xFF7A, 0xFF7A,
    0xF77A, 0xF77A, 0xF77A, 0xF739, 0xE6D8, 0xD677, 0xC616, 0xBDD5, 0xCE37, 0xD657, 0xDED9, 0xEF19,
    0xF75A, 0xF77A, 0xF77A, 0xF77A, 0xFF9A, 0xFF9A, 0xFF9B, 0xFFBB, 0xFFBB, 0xFFBB, 0xFFBB, 0xFFBB,
    0xFFBB, 0xFFDC, 0xFFDC, 0xFFDC, 0xFFDC, 0xFFDC, 0xFFDC, 0xFFDC, 0xFFDC, 0xFFDC, 0xFFDC, 0xFFDC,
    0xFFDC, 0xFFDC, 0xFFDC, 0xFFDD, 0xFFDD, 0xFFDD, 0xFFDD, 0xFFDC, 0xFFDC, 0xFFDC, 0xFFFD, 0xFFFD,
    0xFFFD, 0xFFFD, 0xFFFD, 0xFFFD, 0xFFFD, 0xFFFD, 0xFFFD, 0xFFFD, 0xFFDD, 0xFFDD, 0xFFDD, 0xFFDD,
    0xFFFD, 0xFFFD, 0xFFDD, 0xFFDD, 0xFFFD, 0xFFFD, 0xFFFD, 0xFFFD, 0xFFFD, 0xFFFD, 0xFFFD, 0xFFFD,
    0xFFFD, 0xFFFD, 0xFFFD, 0xFFFD, 0xFFFD, 0xFFFD, 0xFFFD, 0xFFFD, 0xFFFD, 0xFFFD, 0xFFFD, 0xFFFD,
    0xFFDD, 0xFFDC, 0xFFDD, 0xFFDD, 0xFFDD, 0xFFDD, 0xFFDD, 0xFFFD, 0xFFFD, 0xFFFD, 0xFFFD, 0xFFDD,
    0xFFDD, 0xFFDD, 0xFFDC, 0xFFDC, 0xFFFC, 0xFFFC, 0xFFDC, 0xFFDC, 0xFFDC, 0xFFDC, 0xFFDC, 0xFFDC,
    0xFFDC, 0xFFDC, 0xFFDC, 0xFFDC, 0xFFDC, 0xFFDC, 0xFFBB, 0xFFBB, 0xFFBB, 0xFFBB, 0xFFBB, 0xFFBB,
    0xFFBB, 0xFFBB, 0xFF9B, 0xFF9A, 0xFF9A, 0xFF9A, 0xFF7A, 0xFF7A, 0xF77A, 0xF77A, 0xF77A, 0xF739,
    0xE6D8, 0xD677, 0xC616, 0xC5D5, 0xCE37, 0xD657, 0xDED9, 0xEF19, 0xF75A, 0xF77A, 0xF77A, 0xF77A,
    0xFF9A, 0xFF9B, 0xFF9B, 0xFFBB, 0xFFBB, 0xFFBB, 0xFFBB, 0xFFBB, 0xFFBB, 0xFFBB, 0xFFDC, 0xFFDC,
    0xFFDC, 0xFFDC, 0xFFDC, 0xFFDC, 0xFFDC, 0xFFDC, 0xFFDC, 0xFFDC, 0xFFDC, 0xFFDC, 0xFFDC, 0xFFDC,
    0xFFDC, 0xFFDC, 0xFFDD, 0xFFDD, 0xFFDC, 0xFFDC, 0xFFDC, 0xFFDC, 0xFFFD, 0xFFFD, 0xFFFD, 0xFFFD,
    0xFFFD, 0xFFFD, 0xFFDD, 0xFFDD, 0xFFFD, 0xFFFD, 0xFFFD, 0xFFFD, 0xFFFD, 0xFFFD, 0xFFDD, 0xFFDD,
    0xFFFD, 0xFFFD, 0xFFFD, 0xFFFD, 0xFFFD, 0xFFFD, 0xFFDD, 0xFFFD, 0xFFFD, 0xFFFD, 0xFFFD, 0xFFFD,
    0xFFFD, 0xFFFD, 0xFFFD, 0xFFFD, 0xFFFD, 0xFFDD, 0xFFFD, 0xFFFD, 0xFFFD, 0xFFFD, 0xFFFC, 0xFFFD,
    0xFFFD, 0xFFFD, 0xFFFD, 0xFFFD, 0xFFFD, 0xFFFD, 0xFFFD, 0xFFFD, 0xFFFD, 0xFFFC, 0xFFFC, 0xFFFC,
    0xFFDC, 0xFFDC, 0xFFDC, 0xFFDC, 0xFFDC, 0xFFDC, 0xFFDC, 0xFFDC, 0xFFDC, 0xFFDC, 0xFFDC, 0xFFDC,
    0xFFDC, 0xFFDC, 0xFFBB, 0xFFBB, 0xFFBB, 0xFFBB, 0xFFBB, 0xFFBB, 0xFFBB, 0xFFBB, 0xFF9B, 0xFF9A,
    0xFF9A, 0xFF9A, 0xFF9A, 0xFF7A, 0xF77A, 0xF75A, 0xF75A, 0xEF39, 0xE6D8, 0xD677, 0xC616, 0xC5D6,
    0xCE37, 0xD657, 0xDED9, 0xEF19, 0xF75A, 0xF77A, 0xF77A, 0xFF7A, 0xFF9A, 0xFF9B, 0xFFBB, 0xFFBB,
    0xFFBB, 0xFFBB, 0xFFBB, 0xFFBB, 0xFFBB, 0xFFBC, 0xFFDC, 0xFFDC, 0xFFDC, 0xFFDC, 0xFFDC, 0xFFDC,
    0xFFDC, 0xFFDC, 0xFFDC, 0xFFDC, 0xFFDC, 0xFFDC, 0xFFDD, 0xFFDD, 0xFFDC, 0xFFDD, 0xFFDD, 0xFFDD,
    0xFFDD, 0xFFDD, 0xFFDD, 0xFFFD, 0xFFFD, 0xFFFD, 0xFFFD, 0xFFFD, 0xFFFD, 0xFFFD, 0xFFFD, 0xFFFD,
    0xFFFD, 0xFFFD, 0xFFFD, 0xFFFD, 0xFFFD, 0xFFFD, 0xFFFD, 0xFFFD, 0xFFFD, 0xFFFD, 0xFFFD, 0xFFFD,
    0xFFFD, 0xFFFD, 0xFFFD, 0xFFFD, 0xFFFD, 0xFFFD, 0xFFFD, 0xFFFD, 0xFFFD, 0xFFFD, 0xFFFD, 0xFFFD,
    0xFFFD, 0xFFFD, 0xFFFD, 0xFFFD, 0xFFFD, 0xFFFD, 0xFFFD, 0xFFFD, 0xFFFD, 0xFFFD, 0xFFFD, 0xFFFD,
    0xFFFD, 0xFFFD, 0xFFFD, 0xFFFD, 0xFFFD, 0xFFFD, 0xFFFD, 0xFFFD, 0xFFFD, 0xFFDC, 0xFFDC, 0xFFDC,
    0xFFDC, 0xFFDC, 0xFFDC, 0xFFDC, 0xFFDC, 0xFFDC, 0xFFDC, 0xFFDC, 0xFFDC, 0xFFDC, 0xFFBB, 0xFFBB,
    0xFFBB, 0xFFBB, 0xFFBB, 0xFFBB, 0xFFBB, 0xFFBB, 0xFFBB, 0xFF9B, 0xFF9A, 0xFF9A, 0xFF9A, 0xFF7A,
    0xF77A, 0xF77A, 0xF77A, 0xEF39, 0xE6D8, 0xD677, 0xCE16, 0xC5D6, 0xCE37, 0xD678, 0xDED9, 0xEF3A,
    0xF75A, 0xFF7A, 0xFF7A, 0xFF9A, 0xFF9A, 0xFF9B, 0xFFBB, 0xFFBB, 0xFFBB, 0xFFBB, 0xFFBC, 0xFFDC,
    0xFFDC, 0xFFDC, 0xFFDC, 0xFFDC, 0xFFDC, 0xFFDC, 0xFFDC, 0xFFDC, 0xFFDC, 0xFFDC, 0xFFDC, 0xFFDC,
    0xFFDC, 0xFFDD, 0xFFFD, 0xFFFD, 0xFFFD, 0xFFFD, 0xFFFD, 0xFFFD, 0xFFFD, 0xFFFD, 0xFFFD, 0xFFFD,
    0xFFFD, 0xFFFD, 0xFFFD, 0xFFFD, 0xFFFD, 0xFFFD, 0xFFFD, 0xFFFD, 0xFFFD, 0xFFFD, 0xFFFD, 0xFFFD,
    0xFFFD, 0xFFFD, 0xFFFD, 0xFFFD, 0xFFFD, 0xFFFD, 0xFFFD, 0xFFFD, 0xFFFD, 0xFFFD, 0xFFFD, 0xFFFD,
    0xFFFD, 0xFFFD, 0xFFFD, 0xFFFD, 0xFFFD, 0xFFFD, 0xFFFD, 0xFFFD, 0xFFFD, 0xFFFD, 0xFFFD, 0xFFFD,
    0xFFFD, 0xFFFD, 0xFFFD, 0xFFFD, 0xFFFD, 0xFFFD, 0xFFFD, 0xFFFD, 0xFFFD, 0xFFFD, 0xFFFD, 0xFFFD,
    0xFFFD, 0xFFFD, 0xFFFD, 0xFFFD, 0xFFFD, 0xFFFD, 0xFFFD, 0xFFFD, 0xFFFD, 0xFFFD, 0xFFFD, 0xFFFD,
    0xFFFC, 0xFFDC, 0xFFDC, 0xFFDC, 0xFFDC, 0xFFDC, 0xFFDC, 0xFFDC, 0xFFDC, 0xFFDC, 0xFFBB, 0xFFBB,
    0xFFBB, 0xFFBB, 0xFFBB, 0xFFBB, 0xFF9B, 0xFF9B, 0xFF9A, 0xFF9A, 0xF77A, 0xF77A, 0xF77A, 0xF739,
    0xE6D8, 0xD677, 0xCE16, 0xC5D6, 0xCE37, 0xD678, 0xDED9, 0xEF3A, 0xF75A, 0xFF7A, 0xFF7A, 0xFF9A,
    0xFF9B, 0xFF9B, 0xFFBB, 0xFFBB, 0xFFBB, 0xFFBB, 0xFFBC, 0xFFDC, 0xFFDC, 0xFFDC, 0xFFDC, 0xFFDC,
    0xFFDC, 0xFFDC, 0xFFDC, 0xFFDC, 0xFFDC, 0xFFDC, 0xFFDC, 0xFFDC, 0xFFDC, 0xFFDD, 0xFFFD, 0xFFFD,
    0xFFFD, 0xFFFD, 0xFFFD, 0xFFFD, 0xFFFD, 0xFFFD, 0xFFFD, 0xFFFD, 0xFFFD, 0xFFFD, 0xFFFD, 0xFFFD,
    0xFFFD, 0xFFFD, 0xFFFD, 0xFFFD, 0xFFFD, 0xFFFD, 0xFFFD, 0xFFFD, 0xFFFD, 0xFFFD, 0xFFFD, 0xFFFD,
    0xFFFD, 0xFFFD, 0xFFFD, 0xFFFD, 0xFFFD, 0xFFFD, 0xFFFD, 0xFFFD, 0xFFFD, 0xFFFD, 0xFFFD, 0xFFFD,
    0xFFFD, 0xFFFD, 0xFFFD, 0xFFFD, 0xFFFD, 0xFFFD, 0xFFFD, 0xFFFD, 0xFFFD, 0xFFFD, 0xFFFD, 0xFFFD,
    0xFFFD, 0xFFFD, 0xFFFD, 0xFFFD, 0xFFFD, 0xFFFD, 0xFFFD, 0xFFFD, 0xFFFD, 0xFFFD, 0xFFFD, 0xFFFD,
    0xFFFD, 0xFFFD, 0xFFFD, 0xFFFD, 0xFFFD, 0xFFFD, 0xFFFD, 0xFFFD, 0xFFFC, 0xFFDC, 0xFFDC, 0xFFDC,
    0xFFDC, 0xFFDC, 0xFFDC, 0xFFDC, 0xFFDC, 0xFFDC, 0xFFDC, 0xFFBB, 0xFFBB, 0xFFBB, 0xFFBB, 0xFFBB,
    0xFF9B, 0xFF9B, 0xFF9A, 0xFF9A, 0xF77A, 0xF77A, 0xFF7A, 0xF759, 0xE6D8, 0xD677, 0xCE16, 0xC5D6,
    0xCE37, 0xD678, 0xDED9, 0xEF19, 0xF75A, 0xF77A, 0xFF7A, 0xFF9A, 0xFF9A, 0xFF9B, 0xFF9B, 0xFF9B,
    0xFFBB, 0xFFBB, 0xFFBB, 0xFFBB, 0xFFBB, 0xFFDC, 0xFFDC, 0xFFDC, 0xFFDC, 0xFFDC, 0xFFDC, 0xFFDC,
    0xFFDC, 0xFFDC, 0xFFDC, 0xFFDC, 0xFFDC, 0xFFDC, 0xFFDC, 0xFFDC, 0xFFFD, 0xFFFD, 0xFFFD, 0xFFFD,
    0xFFFD, 0xFFFD, 0xFFFD, 0xFFFD, 0xFFFD, 0xFFFD, 0xFFFD, 0xFFFD, 0xFFFD, 0xFFFD, 0xFFFD, 0xFFFD,
    0xFFFD, 0xFFFD, 0xFFFD, 0xFFFD, 0xFFFD, 0xFFFD, 0xFFFD, 0xFFFD, 0xFFFD, 0xFFFD, 0xFFFD, 0xFFFD,
    0xFFFD, 0xFFFD, 0xFFFD, 0xFFFD, 0xFFFD, 0xFFFD, 0xFFFD, 0xFFFD, 0xFFFD, 0xFFFD, 0xFFFD, 0xFFFD,
    0xFFFD, 0xFFFD, 0xFFFD, 0xFFFD, 0xFFFD, 0xFFFD, 0xFFFD, 0xFFFD, 0xFFFD, 0xFFFD, 0xFFFD, 0xFFFD,
    0xFFFD, 0xFFFD, 0xFFFD, 0xFFFD, 0xFFFD, 0xFFDD, 0xFFDD, 0xFFFD, 0xFFFD, 0xFFFD, 0xFFFD, 0xFFDD,
    0xFFDC, 0xFFDC, 0xFFDC, 0xFFDC, 0xFFDC, 0xFFDC, 0xFFDC, 0xFFDC, 0xFFDC, 0xFFDC, 0xFFDC, 0xFFDC,
    0xFFDC, 0xFFDB, 0xFFDB, 0xFFBB, 0xFFBB, 0xFFBB, 0xFFBB, 0xFFBB, 0xFF9B, 0xFF9A, 0xFF9A, 0xFF7A,
    0xF77A, 0xF77A, 0xF77A, 0xF739, 0xE6D8, 0xD677, 0xCE16, 0xC5D6, 0xCE37, 0xD678, 0xDED9, 0xEF19,
    0xF75A, 0xF77A, 0xFF7A, 0xFF9A, 0xFF9A, 0xFF9A, 0xFF9B, 0xFF9B, 0xFFBB, 0xFFBB, 0xFFBB, 0xFFBB,
    0xFFBB, 0xFFDC, 0xFFDC, 0xFFDC, 0xFFDC, 0xFFDC, 0xFFDC, 0xFFDC, 0xFFDC, 0xFFDC, 0xFFDC, 0xFFDC,
    0xFFDC, 0xFFDC, 0xFFDC, 0xFFDC, 0xFFFD, 0xFFFD, 0xFFFD, 0xFFFD, 0xFFFD, 0xFFFD, 0xFFFD, 0xFFFD,
    0xFFFD, 0xFFFD, 0xFFFD, 0xFFFD, 0xFFFD, 0xFFFD, 0xFFFD, 0xFFFD, 0xFFFD, 0xFFFD, 0xFFFD, 0xFFFD,
    0xFFFD, 0xFFFD, 0xFFFD, 0xFFFD, 0xFFFD, 0xFFFD, 0xFFFD, 0xFFFD, 0xFFFD, 0xFFFD, 0xFFFD, 0xFFFD,
    0xFFFD, 0xFFFD, 0xFFFD, 0xFFFD, 0xFFFD, 0xFFFD, 0xFFFD, 0xFFFD, 0xFFFD, 0xFFFD, 0xFFFD, 0xFFFD,
    0xFFFD, 0xFFFD, 0xFFFD, 0xFFFD, 0xFFFD, 0xFFFD, 0xFFFD, 0xFFFD, 0xFFFD, 0xFFFD, 0xFFFD, 0xFFFD,
    0xFFDD, 0xFFDD, 0xFFDD, 0xFFDD, 0xFFFD, 0xFFFD, 0xFFFD, 0xFFDD, 0xFFDC, 0xFFDC, 0xFFDC, 0xFFDC,
    0xFFDC, 0xFFDC, 0xFFDC, 0xFFDC, 0xFFDC, 0xFFDC, 0xFFDC, 0xFFDC, 0xFFDC, 0xFFDC, 0xFFDB, 0xFFBB,
    0xFFBB, 0xFFBB, 0xFFBB, 0xFFBB, 0xFF9B, 0xFF9A, 0xFF9A, 0xFF7A, 0xF77A, 0xF77A, 0xF77A, 0xF739,
    0xE6D8, 0xD677, 0xCE16, 0xC5D6, 0xCE37, 0xD678, 0xDED9, 0xEF19, 0xF75A, 0xF77A, 0xFF7A, 0xFF9A,
    0xFF9A, 0xFF9B, 0xFF9B, 0xFFBB, 0xFFBB, 0xFFBB, 0xFFBB, 0xFFBC, 0xFFDC, 0xFFDC, 0xFFDC, 0xFFDC,
    0xFFDC, 0xFFDC, 0xFFDC, 0xFFDC, 0xFFDC, 0xFFDC, 0xFFDC, 0xFFDC, 0xFFDC, 0xFFDC, 0xFFDC, 0xFFDC,
    0xFFFD, 0xFFFD, 0xFFDD, 0xFFFD, 0xFFFD, 0xFFFD, 0xFFFD, 0xFFFD, 0xFFFD, 0xFFFD, 0xFFFD, 0xFFFD,
    0xFFFD, 0xFFFD, 0xFFFD, 0xFFFD, 0xFFFD, 0xFFFD, 0xFFFD, 0xFFFD, 0xFFFD, 0xFFFD, 0xFFFD, 0xFFFD,
    0xFFFD, 0xFFFD, 0xFFFD, 0xFFFD, 0xFFFD, 0xFFFD, 0xFFFD, 0xFFFD, 0xFFFD, 0xFFFD, 0xFFFD, 0xFFFD,
    0xFFFD, 0xFFFD, 0xFFFD, 0xFFFD, 0xFFFD, 0xFFFD, 0xFFFD, 0xFFFD, 0xFFFD, 0xFFFD, 0xFFFD, 0xFFFD,
    0xFFFD, 0xFFFD, 0xFFFD, 0xFFFD, 0xFFFD, 0xFFFD, 0xFFFD, 0xFFFD, 0xFFFD, 0xFFFD, 0xFFDD, 0xFFDD,
    0xFFFD, 0xFFFD, 0xFFFD, 0xFFFD, 0xFFDD, 0xFFDC, 0xFFDC, 0xFFDC, 0xFFDC, 0xFFDC, 0xFFDC, 0xFFDC,
    0xFFDC, 0xFFDC, 0xFFDC, 0xFFDC, 0xFFDC, 0xFFDC, 0xFFDC, 0xFFDC, 0xFFBB, 0xFFBB, 0xFFBB, 0xFFBB,
    0xFF9B, 0xFF9A, 0xFF9A, 0xFF7A, 0xF77A, 0xF77A, 0xF77A, 0xF739, 0xE6D8, 0xD677, 0xCE16, 0xC5F6,
    0xCE37, 0xD657, 0xDED9, 0xEF19, 0xF75A, 0xF77A, 0xFF7A, 0xFF9A, 0xFF9A, 0xFF9B, 0xFF9B, 0xFFBB,
    0xFFBB, 0xFFBB, 0xFFBB, 0xFFBC, 0xFFBC, 0xFFDC, 0xFFDC, 0xFFDC, 0xFFDC, 0xFFDC, 0xFFDC, 0xFFDC,
    0xFFDC, 0xFFDC, 0xFFDC, 0xFFDC, 0xFFDD, 0xFFDD, 0xFFDC, 0xFFDD, 0xFFFD, 0xFFFD, 0xFFDD, 0xFFDD,
    0xFFFD, 0xFFFD, 0xFFFD, 0xFFFD, 0xFFFD, 0xFFFD, 0xFFFD, 0xFFFD, 0xFFFD, 0xFFFD, 0xFFFD, 0xFFFD,
    0xFFFD, 0xFFFD, 0xFFFD, 0xFFFD, 0xFFFD, 0xFFFD, 0xFFFD, 0xFFFD, 0xFFFD, 0xFFFD, 0xFFFD, 0xFFFD,
    0xFFFD, 0xFFFD, 0xFFFD, 0xFFFD, 0xFFFD, 0xFFFD, 0xFFFD, 0xFFFD, 0xFFFD, 0xFFFD, 0xFFFD, 0xFFFD,
    0xFFFD, 0xFFFD, 0xFFFD, 0xFFFD, 0xFFFD, 0xFFFD, 0xFFFD, 0xFFFD, 0xFFFD, 0xFFFD, 0xFFFD, 0xFFFD,
    0xFFFD, 0xFFFD, 0xFFFD, 0xFFFD, 0xFFFD, 0xFFFD, 0xFFDD, 0xFFDD, 0xFFFD, 0xFFFD, 0xFFFD, 0xFFFD,
    0xFFDC, 0xFFDC, 0xFFDC, 0xFFDC, 0xFFDC, 0xFFDC, 0xFFDC, 0xFFDC, 0xFFDC, 0xFFDC, 0xFFDC, 0xFFDC,
    0xFFDC, 0xFFDC, 0xFFDC, 0xFFBB, 0xFFBB, 0xFFBB, 0xFFBB, 0xFFBB, 0xFF9B, 0xFF9A, 0xFF9A, 0xFF7A,
    0xF77A, 0xF77A, 0xF77A, 0xF739, 0xE6D8, 0xD677, 0xCE16, 0xC5F6, 0xCE37, 0xD657, 0xDED9, 0xEF19,
    0xF75A, 0xF77A, 0xF77A, 0xFF9A, 0xFF9A, 0xFF9A, 0xFF9B, 0xFFBB, 0xFFBB, 0xFFBB, 0xFFBB, 0xFFBB,
    0xFFBB, 0xFFBB, 0xFFDC, 0xFFDC, 0xFFDC, 0xFFDC, 0xFFDC, 0xFFDC, 0xFFDC, 0xFFDC, 0xFFDC, 0xFFDC,
    0xFFDC, 0xFFDC, 0xFFFC, 0xFFFD, 0xFFFD, 0xFFFD, 0xFFFD, 0xFFFD, 0xFFDD, 0xFFDD, 0xFFFD, 0xFFFD,
    0xFFFD, 0xFFFD, 0xFFFD, 0xFFFD, 0xFFFD, 0xFFFD, 0xFFFD, 0xFFFD, 0xFFFD, 0xFFFD, 0xFFFD, 0xFFFD,
    0xFFFD, 0xFFFD, 0xFFFD, 0xFFFD, 0xFFFD, 0xFFFD, 0xFFFD, 0xFFFD, 0xFFFD, 0xFFFD, 0xFFFD, 0xFFFD,
    0xFFFD, 0xFFFD, 0xFFFD, 0xFFFD, 0xFFFD, 0xFFFD, 0xFFFD, 0xFFFD, 0xFFFD, 0xFFFD, 0xFFFD, 0xFFFD,
    0xFFFD, 0xFFFD, 0xFFFD, 0xFFFD, 0xFFFD, 0xFFFD, 0xFFFD, 0xFFFD, 0xFFFD, 0xFFFD, 0xFFFD, 0xFFFD,
    0xFFFD, 0xFFFD, 0xFFFD, 0xFFFD, 0xFFDD, 0xFFDC, 0xFFDC, 0xFFDC, 0xFFDC, 0xFFDC, 0xFFDC, 0xFFDC,
    0xFFDC, 0xFFDC, 0xFFDC, 0xFFDC, 0xFFDC, 0xFFDC, 0xFFDC, 0xFFDC, 0xFFBC, 0xFFBB, 0xFFBB, 0xFFBB,
    0xFFBB, 0xFFBB, 0xFFBB, 0xFFBB, 0xFF9B, 0xFF9A, 0xFF9A, 0xFF7A, 0xFF7A, 0xF77A, 0xF77A, 0xF739,
    0xE6D8, 0xD677, 0xCE16, 0xC5D6, 0xCE37, 0xD657, 0xDED9, 0xEF19, 0xF75A, 0xF77A, 0xF77A, 0xFF9A,
    0xFF9A, 0xFF9B, 0xFF9B, 0xFFBB, 0xFFBB, 0xFFBB, 0xFFBB, 0xFFBB, 0xFFBB, 0xFFBB, 0xFFBB, 0xFFDC,
    0xFFDC, 0xFFDC, 0xFFDC, 0xFFDC, 0xFFDC, 0xFFDC, 0xFFDC, 0xFFDC, 0xFFDC, 0xFFDD, 0xFFFD, 0xFFFD,
    0xFFFD, 0xFFFD, 0xFFFD, 0xFFFD, 0xFFDD, 0xFFDD, 0xFFFD, 0xFFFD, 0xFFFD, 0xFFFD, 0xFFFD, 0xFFFD,
    0xFFFD, 0xFFFD, 0xFFFD, 0xFFFD, 0xFFFD, 0xFFFD, 0xFFFD, 0xFFFD, 0xFFFD, 0xFFFD, 0xFFFD, 0xFFFD,
    0xFFFD, 0xFFFD, 0xFFFD, 0xFFFD, 0xFFFD, 0xFFFD, 0xFFFD, 0xFFFD, 0xFFFD, 0xFFFD, 0xFFFD, 0xFFFD,
    0xFFFD, 0xFFFD, 0xFFFD, 0xFFFD, 0xFFFD, 0xFFFD, 0xFFFD, 0xFFFD, 0xFFFD, 0xFFFD, 0xFFFD, 0xFFFD,
    0xFFFD, 0xFFFD, 0xFFFD, 0xFFFD, 0xFFFD, 0xFFFD, 0xFFFD, 0xFFFD, 0xFFFD, 0xFFFD, 0xFFFD, 0xFFFD,
    0xFFDC, 0xFFDC, 0xFFDC, 0xFFDC, 0xFFDC, 0xFFDC, 0xFFDC, 0xFFDC, 0xFFDC, 0xFFDC, 0xFFDC, 0xFFDC,
    0xFFDC, 0xFFDC, 0xFFDC, 0xFFDC, 0xFFBB, 0xFFBB, 0xFFBB, 0xFFBB, 0xFFBB, 0xFFBB, 0xFFBB, 0xFFBB,
    0xFF9B, 0xFF9A, 0xFF9A, 0xFF7A, 0xFF7A, 0xFF7A, 0xF77A, 0xF739, 0xE6D8, 0xD677, 0xCE16, 0xC5D6,
    0xCE17, 0xD657, 0xDED9, 0xEF19, 0xF75A, 0xF77A, 0xF77A, 0xFF9A, 0xFF9A, 0xFF9B, 0xFFBB, 0xFFBB,
    0xFFBB, 0xFFBB, 0xFFBC, 0xFFDC, 0xFFDC, 0xFFBC, 0xFFBB, 0xFFDC, 0xFFDC, 0xFFDC, 0xFFDC, 0xFFDC,
    0xFFDC, 0xFFDC, 0xFFDC, 0xFFDD, 0xFFDD, 0xFFDD, 0xFFFD, 0xFFFD, 0xFFFD, 0xFFFD, 0xFFDD, 0xFFDD,
    0xFFDD, 0xFFDD, 0xFFDD, 0xFFDD, 0xFFFD, 0xFFFD, 0xFFFD, 0xFFFD, 0xFFFD, 0xFFFD, 0xFFFD, 0xFFFD,
    0xFFFD, 0xFFFD, 0xFFFD, 0xFFFD, 0xFFFD, 0xFFFD, 0xFFFD, 0xFFFD, 0xFFFD, 0xFFFD, 0xFFFD, 0xFFFD,
    0xFFFD, 0xFFFD, 0xFFFD, 0xFFFD, 0xFFFD, 0xFFFD, 0xFFFD, 0xFFFD, 0xFFFD, 0xFFFD, 0xFFFD, 0xFFFD,
    0xFFFD, 0xFFFD, 0xFFFD, 0xFFFD, 0xFFFD, 0xFFFD, 0xFFFD, 0xFFFD, 0xFFDD, 0xFFDD, 0xFFDD, 0xFFDD,
    0xFFFD, 0xFFFD, 0xFFFD, 0xFFFD, 0xFFFD, 0xFFFD, 0xFFDD, 0xFFDD, 0xFFDD, 0xFFDD, 0xFFDC, 0xFFDC,
    0xFFDC, 0xFFDC, 0xFFDC, 0xFFDC, 0xFFDC, 0xFFDC, 0xFFDC, 0xFFDC, 0xFFDC, 0xFFDC, 0xFFDC, 0xFFDC,
    0xFFBC, 0xFFBB, 0xFFBB, 0xFFBB, 0xFFBB, 0xFFBB, 0xFFBB, 0xFFBB, 0xFF9B, 0xFF9B, 0xFF9A, 0xFF7A,
    0xFF7A, 0xF77A, 0xFF7A, 0xF759, 0xE6F9, 0xD678, 0xCE16, 0xC5D6, 0xCE17, 0xD657, 0xDED9, 0xEF19,
    0xF75A, 0xF77A, 0xF77A, 0xFF9A, 0xFF9B, 0xFF9B, 0xFFBB, 0xFFBB, 0xFFBB, 0xFFBB, 0xFFDC, 0xFFDC,
    0xFFDC, 0xFFDC, 0xFFDC, 0xFFDC, 0xFFDC, 0xFFDC, 0xFFDC, 0xFFDC, 0xFFDC, 0xFFDC, 0xFFDD, 0xFFDD,
    0xFFDD, 0xFFDD, 0xFFFD, 0xFFFD, 0xFFFD, 0xFFFD, 0xFFFD, 0xFFDD, 0xFFDD, 0xFFDD, 0xFFDD, 0xFFFD,
    0xFFFD, 0xFFFD, 0xFFFD, 0xFFFD, 0xFFFD, 0xFFFD, 0xFFFD, 0xFFFD, 0xFFFD, 0xFFFD, 0xFFFD, 0xFFFD,
    0xFFFD, 0xFFFD, 0xFFFD, 0xFFFD, 0xFFFD, 0xFFFD, 0xFFFD, 0xFFFD, 0xFFFD, 0xFFFD, 0xFFFD, 0xFFFD,
    0xFFFD, 0xFFFD, 0xFFFD, 0xFFFD, 0xFFFD, 0xFFFD, 0xFFFD, 0xFFFD, 0xFFFD, 0xFFFD, 0xFFFD, 0xFFFD,
    0xFFFD, 0xFFFD, 0xFFFD, 0xFFFD, 0xFFFD, 0xFFFD, 0xFFFD, 0xFFFD, 0xFFFD, 0xFFFD, 0xFFFD, 0xFFFD,
    0xFFFD, 0xFFFD, 0xFFFD, 0xFFDD, 0xFFDD, 0xFFDD, 0xFFDC, 0xFFDC, 0xFFDC, 0xFFDC, 0xFFDC, 0xFFDC,
    0xFFDC, 0xFFDC, 0xFFDC, 0xFFDC, 0xFFDC, 0xFFDC, 0xFFDC, 0xFFDC, 0xFFDC, 0xFFBC, 0xFFBB, 0xFFBB,
    0xFFBB, 0xFFBB, 0xFFBB, 0xFFBB, 0xFF9B, 0xFF9B, 0xFF9A, 0xFF7A, 0xF77A, 0xF77A, 0xFF7A, 0xF759,
    0xE6F9, 0xD678, 0xCE16, 0xC5D6, 0xCE17, 0xD657, 0xDED9, 0xEF19, 0xF75A, 0xF77A, 0xFF7A, 0xFF9A,
    0xFF9A, 0xFF9B, 0xFFBB, 0xFFBB, 0xFFBB, 0xFFBB, 0xFFDC, 0xFFDC, 0xFFDC, 0xFFDC, 0xFFDC, 0xFFDC,
    0xFFDC, 0xFFDC, 0xFFDC, 0xFFDC, 0xFFDC, 0xFFDC, 0xFFDD, 0xFFDD, 0xFFDD, 0xFFDD, 0xFFFD, 0xFFFD,
    0xFFFD, 0xFFFD, 0xFFFD, 0xFFFD, 0xFFFD, 0xFFFD, 0xFFFD, 0xFFFD, 0xFFFD, 0xFFFD, 0xFFFD, 0xFFFD,
    0xFFFD, 0xFFFD, 0xFFFD, 0xFFFD, 0xFFFD, 0xFFFD, 0xFFFD, 0xFFFD, 0xFFFD, 0xFFFD, 0xFFFD, 0xFFFD,
    0xFFFD, 0xFFFD, 0xFFFD, 0xFFFD, 0xFFFD, 0xFFFD, 0xFFFD, 0xFFFD, 0xFFFD, 0xFFFD, 0xFFFD, 0xFFFD,
    0xFFFD, 0xFFFD, 0xFFFD, 0xFFFD, 0xFFFD, 0xFFFD, 0xFFFD, 0xFFFD, 0xFFFD, 0xFFFD, 0xFFFD, 0xFFFD,
    0xFFFD, 0xFFFD, 0xFFFD, 0xFFFD, 0xFFFD, 0xFFFD, 0xFFFD, 0xFFFD, 0xFFFD, 0xFFFD, 0xFFFD, 0xFFFD,
    0xFFFD, 0xFFDD, 0xFFDD, 0xFFDD, 0xFFDD, 0xFFDC, 0xFFDC, 0xFFDC, 0xFFDC, 0xFFDC, 0xFFDC, 0xFFDC,
    0xFFDC, 0xFFDC, 0xFFDC, 0xFFDC, 0xFFDC, 0xFFDC, 0xFFBB, 0xFFBB, 0xFFBB, 0xFFBB, 0xFFBB, 0xFFBB,
    0xFF9B, 0xFF9A, 0xFF9A, 0xFF7A, 0xF77A, 0xF77A, 0xF77A, 0xF739, 0xE6D8, 0xD677, 0xC616, 0xC5D6,
    0xCE17, 0xCE57, 0xDED9, 0xEF19, 0xF75A, 0xF77A, 0xFF7A, 0xFF9A, 0xFF9A, 0xFF9B, 0xFFBB, 0xFFBB,
    0xFFBB, 0xFFBB, 0xFFBC, 0xFFDC, 0xFFDC, 0xFFDC, 0xFFDC, 0xFFDC, 0xFFDC, 0xFFDC, 0xFFDC, 0xFFDC,
    0xFFDC, 0xFFDC, 0xFFDD, 0xFFDD, 0xFFDD, 0xFFDD, 0xFFFD, 0xFFFD, 0xFFFD, 0xFFFD, 0xFFFD, 0xFFFD,
    0xFFFD, 0xFFFD, 0xFFFD, 0xFFFD, 0xFFFD, 0xFFFD, 0xFFFD, 0xFFFD, 0xFFFD, 0xFFFD, 0xFFFD, 0xFFFD,
    0xFFFD, 0xFFFD, 0xFFFD, 0xFFFD, 0xFFFD, 0xFFFD, 0xFFFD, 0xFFFD, 0xFFFD, 0xFFFD, 0xFFFD, 0xFFFD,
    0xFFFD, 0xFFFD, 0xFFFD, 0xFFFD, 0xFFFD, 0xFFFD, 0xFFFD, 0xFFFD, 0xFFFD, 0xFFFD, 0xFFFD, 0xFFFD,
    0xFFFD, 0xFFFD, 0xFFFD, 0xFFFD, 0xFFFD, 0xFFFD, 0xFFFD, 0xFFFD, 0xFFFD, 0xFFFD, 0xFFFD, 0xFFFD,
    0xFFFD, 0xFFFD, 0xFFFD, 0xFFFD, 0xFFFD, 0xFFFD, 0xFFFD, 0xFFFD, 0xFFFD, 0xFFDD, 0xFFDD, 0xFFDD,
    0xFFDC, 0xFFDC, 0xFFDC, 0xFFDC, 0xFFDC, 0xFFDC, 0xFFDC, 0xFFDC, 0xFFDC, 0xFFDC, 0xFFDC, 0xFFDC,
    0xFFDC, 0xFFDC, 0xFFBB, 0xFFBB, 0xFFBB, 0xFFBB, 0xFFBB, 0xFFBB, 0xFF9B, 0xFF9A, 0xFF9A, 0xFF7A,
    0xF77A, 0xF77A, 0xF77A, 0xF739, 0xE6D8, 0xD677, 0xC616, 0xC5D6, 0xCE17, 0xCE57, 0xDED9, 0xEF19,
    0xF75A, 0xF77A, 0xF77A, 0xFF9A, 0xFF9A, 0xFF9B, 0xFF9B, 0xFFBB, 0xFFBB, 0xFFBB, 0xFFBB, 0xFFDB,
    0xFFDC, 0xFFDC, 0xFFDC, 0xFFDC, 0xFFDC, 0xFFDC, 0xFFDC, 0xFFDC, 0xFFDC, 0xFFDC, 0xFFDD, 0xFFDD,
    0xFFDC, 0xFFDC, 0xFFFD, 0xFFFD, 0xFFFC, 0xFFDC, 0xFFDD, 0xFFDD, 0xFFFD, 0xFFFD, 0xFFFD, 0xFFFD,
    0xFFFD, 0xFFFD, 0xFFFD, 0xFFFD, 0xFFFD, 0xFFFD, 0xFFFD, 0xFFFD, 0xFFFD, 0xFFFD, 0xFFFD, 0xFFFD,
    0xFFFD, 0xFFFD, 0xFFFD, 0xFFFD, 0xFFFD, 0xFFFD, 0xFFFD, 0xFFFD, 0xFFFD, 0xFFFD, 0xFFFD, 0xFFFD,
    0xFFFD, 0xFFFD, 0xFFFD, 0xFFFD, 0xFFFD, 0xFFFD, 0xFFFD, 0xFFFD, 0xFFFD, 0xFFFD, 0xFFFD, 0xFFFD,
    0xFFFD, 0xFFFD, 0xFFFD, 0xFFFD, 0xFFFD, 0xFFFD, 0xFFFD, 0xFFFD, 0xFFFD, 0xFFFD, 0xFFFD, 0xFFFD,
    0xFFFD, 0xFFFD, 0xFFFD, 0xFFDD, 0xFFDD, 0xFFDD, 0xFFDD, 0xFFDC, 0xFFDC, 0xFFDC, 0xFFDC, 0xFFDC,
    0xFFDC, 0xFFDC, 0xFFDC, 0xFFDC, 0xFFDC, 0xFFDC, 0xFFDC, 0xFFDC, 0xFFDB, 0xFFBB, 0xFFBB, 0xFFBB,
    0xFFBB, 0xFFBB, 0xFFBB, 0xFF9B, 0xFF9A, 0xFF9A, 0xFF7A, 0xFF7A, 0xF77A, 0xF77A, 0xF77A, 0xF739,
    0xE6D8, 0xD677, 0xC616, 0xC5D6, 0xCE17, 0xCE57, 0xDED9, 0xEF19, 0xF75A, 0xFF7A, 0xFF7A, 0xFF9A,
    0xFF9A, 0xFF9B, 0xFF9B, 0xFFBB, 0xFFBB, 0xFFBB, 0xFFBB, 0xFFDB, 0xFFDC, 0xFFDC, 0xFFDC, 0xFFDC,
    0xFFDC, 0xFFDC, 0xFFDC, 0xFFDC, 0xFFDC, 0xFFDC, 0xFFDD, 0xFFDD, 0xFFDC, 0xFFDC, 0xFFFC, 0xFFFC,
    0xFFDC, 0xFFDC, 0xFFDD, 0xFFDD, 0xFFFD, 0xFFFD, 0xFFFD, 0xFFFD, 0xFFFD, 0xFFFD, 0xFFFD, 0xFFFD,
    0xFFFD, 0xFFFD, 0xFFFD, 0xFFFD, 0xFFFD, 0xFFFD, 0xFFFD, 0xFFFD, 0xFFFD, 0xFFFD, 0xFFFD, 0xFFFD,
    0xFFFD, 0xFFFD, 0xFFFD, 0xFFFD, 0xFFFD, 0xFFFD, 0xFFFD, 0xFFFD, 0xFFFD, 0xFFFD, 0xFFFD, 0xFFFD,
    0xFFFD, 0xFFFD, 0xFFFD, 0xFFFD, 0xFFFD, 0xFFFD, 0xFFFD, 0xFFFD, 0xFFFD, 0xFFFD, 0xFFFD, 0xFFFD,
    0xFFFD, 0xFFFD, 0xFFFD, 0xFFFD, 0xFFFD, 0xFFFD, 0xFFFD, 0xFFFD, 0xFFFD, 0xFFFD, 0xFFDD, 0xFFDD,
    0xFFDD, 0xFFDD, 0xFFDC, 0xFFDC, 0xFFDC, 0xFFDC, 0xFFDC, 0xFFDC, 0xFFDC, 0xFFDC, 0xFFDC, 0xFFDC,
    0xFFDC, 0xFFDC, 0xFFDC, 0xFFBB, 0xFFBB, 0xFFBB, 0xFFBB, 0xFFBB, 0xFFBB, 0xFFBB, 0xFFBB, 0xFF9B,
    0xFF9B, 0xFF9A, 0xFF9A, 0xFF7A, 0xF77A, 0xF77A, 0xF77A, 0xF739, 0xE6D8, 0xD677, 0xC616, 0xC5D6,
    0xCE17, 0xD657, 0xDED9, 0xEF3A, 0xF75A, 0xFF7A, 0xFF9A, 0xFF9A, 0xFF9B, 0xFF9B, 0xFFBB, 0xFFBB,
    0xFFBB, 0xFFBB, 0xFFDC, 0xFFDC, 0xFFDC, 0xFFDC, 0xFFDC, 0xFFDC, 0xFFDC, 0xFFDC, 0xFFDC, 0xFFDC,
    0xFFFD, 0xFFFD, 0xFFDD, 0xFFDD, 0xFFDD, 0xFFDD, 0xFFDD, 0xFFDD, 0xFFDD, 0xFFDD, 0xFFFD, 0xFFFD,
    0xFFFD, 0xFFFD, 0xFFFD, 0xFFFD, 0xFFFD, 0xFFFD, 0xFFFD, 0xFFFD, 0xFFFD, 0xFFFD, 0xFFFD, 0xFFFD,
    0xFFFD, 0xFFFD, 0xFFFD, 0xFFFD, 0xFFFD, 0xFFFD, 0xFFFD, 0xFFFD, 0xFFFD, 0xFFFD, 0xFFFD, 0xFFFD,
    0xFFFD, 0xFFFD, 0xFFFD, 0xFFFD, 0xFFFD, 0xFFFD, 0xFFFD, 0xFFFD, 0xFFFD, 0xFFFD, 0xFFFD, 0xFFFD,
    0xFFFD, 0xFFFD, 0xFFFD, 0xFFFD, 0xFFFD, 0xFFFD, 0xFFFD, 0xFFFD, 0xFFFD, 0xFFDD, 0xFFFD, 0xFFFD,
    0xFFFD, 0xFFFD, 0xFFFD, 0xFFFD, 0xFFFD, 0xFFDD, 0xFFFD, 0xFFFD, 0xFFDD, 0xFFDD, 0xFFDC, 0xFFDC,
    0xFFFD, 0xFFFD, 0xFFFC, 0xFFFC, 0xFFFC, 0xFFDC, 0xFFDC, 0xFFDC, 0xFFDC, 0xFFDC, 0xFFDC, 0xFFDC,
    0xFFBB, 0xFFBB, 0xFFBB, 0xFFBB, 0xFFBB, 0xFFBB, 0xFFBB, 0xFFBB, 0xFFBB, 0xFF9B, 0xFF9A, 0xFF9A,
    0xF77A, 0xF77A, 0xFF7A, 0xF759, 0xE6D8, 0xD677, 0xCE16, 0xC5D6, 0xCE37, 0xD657, 0xDED9, 0xEF3A,
    0xF77A, 0xFF9A, 0xFF9A, 0xFF9A, 0xFF9B, 0xFF9B, 0xFFBB, 0xFFBB, 0xFFBB, 0xFFBB, 0xFFDC, 0xFFDC,
    0xFFDC, 0xFFDC, 0xFFDC, 0xFFDC, 0xFFDC, 0xFFDC, 0xFFDC, 0xFFFC, 0xFFFD, 0xFFFD, 0xFFDD, 0xFFDD,
    0xFFDD, 0xFFDD, 0xFFDD, 0xFFDD, 0xFFDD, 0xFFDD, 0xFFFD, 0xFFFD, 0xFFFD, 0xFFFD, 0xFFFD, 0xFFFD,
    0xFFFD, 0xFFFD, 0xFFFD, 0xFFFD, 0xFFFD, 0xFFFD, 0xFFFD, 0xFFFD, 0xFFFD, 0xFFFD, 0xFFFD, 0xFFFD,
    0xFFFD, 0xFFFD, 0xFFFD, 0xFFFD, 0xFFFD, 0xFFFD, 0xFFFD, 0xFFFD, 0xFFFD, 0xFFFD, 0xFFFD, 0xFFFD,
    0xFFFD, 0xFFFD, 0xFFFD, 0xFFFD, 0xFFFD, 0xFFFD, 0xFFFD, 0xFFFD, 0xFFFD, 0xFFFD, 0xFFFD, 0xFFFD,
    0xFFFD, 0xFFFD, 0xFFFD, 0xFFFD, 0xFFFD, 0xFFDD, 0xFFFD, 0xFFFD, 0xFFFD, 0xFFFD, 0xFFFD, 0xFFFD,
    0xFFFD, 0xFFDD, 0xFFFD, 0xFFFD, 0xFFDD, 0xFFDD, 0xFFDC, 0xFFDC, 0xFFFD, 0xFFFD, 0xFFFD, 0xFFFD,
    0xFFFD, 0xFFDC, 0xFFDC, 0xFFDC, 0xFFDC, 0xFFDC, 0xFFDC, 0xFFDC, 0xFFBB, 0xFFBB, 0xFFBB, 0xFFBB,
    0xFFBB, 0xFFBB, 0xFFBB, 0xFFBB, 0xFFBB, 0xFF9B, 0xFF9A, 0xFF9A, 0xFF7A, 0xF77A, 0xF77A, 0xF759,
    0xE6F8, 0xD677, 0xCE16, 0xC5D6, 0xCE37, 0xD657, 0xDED9, 0xEF39, 0xF75A, 0xFF7A, 0xFF9A, 0xFF9A,
    0xFF9A, 0xFF9B, 0xFFBB, 0xFFBB, 0xFFBB, 0xFFBB, 0xFFBB, 0xFFDC, 0xFFDC, 0xFFDC, 0xFFDC, 0xFFDC,
    0xFFDC, 0xFFDC, 0xFFDC, 0xFFDC, 0xFFDC, 0xFFDC, 0xFFFC, 0xFFFD, 0xFFFD, 0xFFFD, 0xFFFD, 0xFFFC,
    0xFFDC, 0xFFDD, 0xFFFD, 0xFFFD, 0xFFDD, 0xFFFD, 0xFFFD, 0xFFFD, 0xFFFD, 0xFFFD, 0xFFFD, 0xFFFD,
    0xFFFD, 0xFFFD, 0xFFFD, 0xFFFD, 0xFFFD, 0xFFFD, 0xFFFD, 0xFFFD, 0xFFFD, 0xFFFD, 0xFFFD, 0xFFFD,
    0xFFFD, 0xFFFD, 0xFFFD, 0xFFFD, 0xFFFD, 0xFFFD, 0xFFFD, 0xFFFD, 0xFFFD, 0xFFFD, 0xFFFD, 0xFFFD,
    0xFFFD, 0xFFFD, 0xFFFD, 0xFFFD, 0xFFFD, 0xFFFD, 0xFFFD, 0xFFFD, 0xFFFD, 0xFFFD, 0xFFFD, 0xFFFD,
    0xFFFD, 0xFFFD, 0xFFFD, 0xFFFD, 0xFFFD, 0xFFFD, 0xFFFD, 0xFFFD, 0xFFFD, 0xFFFD, 0xFFFD, 0xFFFD,
    0xFFDD, 0xFFDD, 0xFFDC, 0xFFDC, 0xFFDC, 0xFFDC, 0xFFDC, 0xFFDC, 0xFFDC, 0xFFDC, 0xFFDC, 0xFFDC,
    0xFFDC, 0xFFDC, 0xFFDC, 0xFFDC, 0xFFBB, 0xFFBB, 0xFFBB, 0xFFBB, 0xFFBB, 0xFFBB, 0xFFBB, 0xFFBB,
    0xFFBB, 0xFF9B, 0xFF9A, 0xFF7A, 0xF77A, 0xF77A, 0xF77A, 0xF739, 0xE6D8, 0xD677, 0xCE16, 0xC5D6,
    0xCE37, 0xD678, 0xDED9, 0xEF19, 0xF75A, 0xFF7A, 0xFF9A, 0xFF9A, 0xFF9A, 0xFF9B, 0xFF9B, 0xFFBB,
    0xFFBB, 0xFFBB, 0xFFBB, 0xFFDC, 0xFFDC, 0xFFDC, 0xFFDC, 0xFFDC, 0xFFDC, 0xFFDC, 0xFFDC, 0xFFDC,
    0xFFDC, 0xFFDC, 0xFFFC, 0xFFFC, 0xFFFD, 0xFFFD, 0xFFFD, 0xFFFD, 0xFFDD, 0xFFDD, 0xFFFD, 0xFFFD,
    0xFFDD, 0xFFDD, 0xFFFD, 0xFFFD, 0xFFFD, 0xFFFD, 0xFFFD, 0xFFFD, 0xFFFD, 0xFFFD, 0xFFFD, 0xFFFD,
    0xFFFD, 0xFFFD, 0xFFFD, 0xFFFD, 0xFFFD, 0xFFFD, 0xFFFD, 0xFFFD, 0xFFFD, 0xFFFD, 0xFFFD, 0xFFFD,
    0xFFFD, 0xFFFD, 0xFFFD, 0xFFFD, 0xFFFD, 0xFFFD, 0xFFFD, 0xFFFD, 0xFFFD, 0xFFFD, 0xFFFD, 0xFFFD,
    0xFFFD, 0xFFFD, 0xFFFD, 0xFFFD, 0xFFFD, 0xFFFD, 0xFFFD, 0xFFFD, 0xFFFD, 0xFFFD, 0xFFFD, 0xFFFD,
    0xFFFD, 0xFFFD, 0xFFFD, 0xFFFD, 0xFFFD, 0xFFFD, 0xFFFD, 0xFFFD, 0xFFDD, 0xFFDD, 0xFFDD, 0xFFDC,
    0xFFDC, 0xFFDC, 0xFFDC, 0xFFDC, 0xFFDC, 0xFFDC, 0xFFDC, 0xFFDC, 0xFFDC, 0xFFDC, 0xFFDC, 0xFFDC,
    0xFFBC, 0xFFBB, 0xFFBB, 0xFFBB, 0xFFBB, 0xFFBB, 0xFFBB, 0xFFBB, 0xFF9B, 0xFF9A, 0xFF9A, 0xF77A,
    0xF77A, 0xF77A, 0xF77A, 0xEF39, 0xE6D8, 0xD677, 0xCE16, 0xC5D6, 0xCE37, 0xD678, 0xDED9, 0xEF1A,
    0xF75A, 0xFF9A, 0xFF9A, 0xFF9A, 0xFF9A, 0xFF9B, 0xFF9B, 0xFFBB, 0xFFBB, 0xFFBB, 0xFFBC, 0xFFDC,
    0xFFDC, 0xFFDC, 0xFFDC, 0xFFDC, 0xFFDC, 0xFFDC, 0xFFDC, 0xFFDC, 0xFFDC, 0xFFDC, 0xFFDC, 0xFFDD,
    0xFFDD, 0xFFDD, 0xFFFD, 0xFFFD, 0xFFFD, 0xFFFD, 0xFFDD, 0xFFDD, 0xFFDD, 0xFFDD, 0xFFFD, 0xFFFD,
    0xFFFD, 0xFFFD, 0xFFFD, 0xFFFD, 0xFFFD, 0xFFFD, 0xFFFD, 0xFFFD, 0xFFFD, 0xFFFD, 0xFFFD, 0xFFFD,
    0xFFFD, 0xFFFD, 0xFFFD, 0xFFFD, 0xFFFD, 0xFFFD, 0xFFFD, 0xFFFD, 0xFFFD, 0xFFFD, 0xFFFD, 0xFFFD,
    0xFFFD, 0xFFFD, 0xFFFD, 0xFFFD, 0xFFFD, 0xFFFD, 0xFFFD, 0xFFFD, 0xFFFD, 0xFFFD, 0xFFFD, 0xFFFD,
    0xFFFD, 0xFFFD, 0xFFFD, 0xFFFD, 0xFFFD, 0xFFFD, 0xFFFD, 0xFFFD, 0xFFFD, 0xFFFD, 0xFFFD, 0xFFFD,
    0xFFFD, 0xFFFD, 0xFFFD, 0xFFFD, 0xFFDD, 0xFFDD, 0xFFDD, 0xFFDD, 0xFFDC, 0xFFDC, 0xFFDC, 0xFFDC,
    0xFFDC, 0xFFDC, 0xFFDC, 0xFFDC, 0xFFDC, 0xFFDC, 0xFFDC, 0xFFDC, 0xFFDC, 0xFFDC, 0xFFBB, 0xFFBB,
    0xFFBB, 0xFFBB, 0xFFBB, 0xFFBB, 0xFF9B, 0xFF9A, 0xFF9A, 0xFF7A, 0xF77A, 0xF77A, 0xF77A, 0xF739,
    0xE6D8, 0xD677, 0xCE16, 0xC5D6, 0xCE37, 0xD658, 0xDED9, 0xEF1A, 0xF77A, 0xFF9A, 0xFF9A, 0xFF9A,
    0xFF9A, 0xFF9B, 0xFF9B, 0xFFBB, 0xFFBB, 0xFFBB, 0xFFBC, 0xFFDC, 0xFFDC, 0xFFDC, 0xFFDC, 0xFFDC,
    0xFFDC, 0xFFDC, 0xFFDC, 0xFFDC, 0xFFDC, 0xFFDC, 0xFFDC, 0xFFDC, 0xFFDD, 0xFFDD, 0xFFFD, 0xFFFD,
    0xFFFD, 0xFFFD, 0xFFDD, 0xFFDD, 0xFFDD, 0xFFDD, 0xFFFD, 0xFFFD, 0xFFFD, 0xFFFD, 0xFFFD, 0xFFFD,
    0xFFFD, 0xFFFD, 0xFFFD, 0xFFFD, 0xFFFD, 0xFFFD, 0xFFFD, 0xFFFD, 0xFFFD, 0xFFFD, 0xFFFD, 0xFFFD,
    0xFFFD, 0xFFFD, 0xFFFD, 0xFFFD, 0xFFFD, 0xFFFD, 0xFFFD, 0xFFFD, 0xFFFD, 0xFFFD, 0xFFFD, 0xFFFD,
    0xFFFD, 0xFFFD, 0xFFFD, 0xFFFD, 0xFFFD, 0xFFFD, 0xFFFD, 0xFFFD, 0xFFFD, 0xFFFD, 0xFFFD, 0xFFFD,
    0xFFFD, 0xFFFD, 0xFFFD, 0xFFFD, 0xFFFD, 0xFFFD, 0xFFFD, 0xFFFD, 0xFFFD, 0xFFFD, 0xFFFD, 0xFFFD,
    0xFFDD, 0xFFDD, 0xFFDD, 0xFFDD, 0xFFDC, 0xFFDC, 0xFFDC, 0xFFDC, 0xFFDC, 0xFFDC, 0xFFDC, 0xFFDC,
    0xFFDC, 0xFFDC, 0xFFDC, 0xFFDC, 0xFFDC, 0xFFDC, 0xFFBC, 0xFFBB, 0xFFBB, 0xFFBB, 0xFFBB, 0xFFBB,
    0xFF9B, 0xFF9A, 0xFF7A, 0xFF7A, 0xF77A, 0xF77A, 0xF77A, 0xF739, 0xE6D8, 0xD677, 0xCE16, 0xC5D6,
    0xCE37, 0xD658, 0xDED9, 0xEF3A, 0xF75A, 0xFF7A, 0xFF7A, 0xFF9A, 0xFF9A, 0xFF9A, 0xFF9B, 0xFF9B,
    0xFFBB, 0xFFBB, 0xFFBC, 0xFFBC, 0xFFDC, 0xFFDC, 0xFFDC, 0xFFDC, 0xFFDC, 0xFFDC, 0xFFDC, 0xFFDC,
    0xFFDC, 0xFFDC, 0xFFDC, 0xFFDC, 0xFFDC, 0xFFDC, 0xFFDC, 0xFFDD, 0xFFDD, 0xFFDD, 0xFFFD, 0xFFFD,
    0xFFFD, 0xFFFD, 0xFFFD, 0xFFFD, 0xFFFD, 0xFFFD, 0xFFFD, 0xFFFD, 0xFFFD, 0xFFFD, 0xFFFD, 0xFFFD,
    0xFFFD, 0xFFFD, 0xFFFD, 0xFFFD, 0xFFFD, 0xFFFD, 0xFFFD, 0xFFFD, 0xFFFD, 0xFFFD, 0xFFFD, 0xFFFD,
    0xFFFD, 0xFFFD, 0xFFFD, 0xFFFD, 0xFFFD, 0xFFFD, 0xFFFD, 0xFFFD, 0xFFFD, 0xFFFD, 0xFFFD, 0xFFFD,
    0xFFFD, 0xFFFD, 0xFFFD, 0xFFFD, 0xFFFD, 0xFFFD, 0xFFFD, 0xFFDD, 0xFFDD, 0xFFFD, 0xFFFD, 0xFFFD,
    0xFFFD, 0xFFFD, 0xFFFD, 0xFFFD, 0xFFFD, 0xFFFD, 0xFFDD, 0xFFDD, 0xFFDD, 0xFFDD, 0xFFDD, 0xFFDD,
    0xFFDC, 0xFFDC, 0xFFDC, 0xFFDC, 0xFFDC, 0xFFDC, 0xFFDC, 0xFFDC, 0xFFDC, 0xFFDC, 0xFFDC, 0xFFDC,
    0xFFDC, 0xFFDC, 0xFFBB, 0xFFBB, 0xFFBB, 0xFFBB, 0xFFBB, 0xFF9B, 0xFF9B, 0xFF9A, 0xFF7A, 0xF77A,
    0xF77A, 0xF77A, 0xF77A, 0xF739, 0xE6D8, 0xD677, 0xCE16, 0xC5D6, 0xCE37, 0xD658, 0xDED9, 0xEF3A,
    0xF75A, 0xFF7A, 0xFF7A, 0xFF9A, 0xFF9A, 0xFF9A, 0xFF9B, 0xFF9B, 0xFFBB, 0xFFBB, 0xFFBB, 0xFFBC,
    0xFFDC, 0xFFDC, 0xFFDC, 0xFFDC, 0xFFDC, 0xFFDC, 0xFFDC, 0xFFDC, 0xFFDC, 0xFFDC, 0xFFDC, 0xFFDC,
    0xFFDC, 0xFFDC, 0xFFDC, 0xFFDD, 0xFFDD, 0xFFDD, 0xFFFD, 0xFFFD, 0xFFFD, 0xFFFD, 0xFFFD, 0xFFFD,
    0xFFFD, 0xFFFD, 0xFFFD, 0xFFFD, 0xFFFD, 0xFFFD, 0xFFFD, 0xFFFD, 0xFFFD, 0xFFFD, 0xFFFD, 0xFFFD,
    0xFFFD, 0xFFFD, 0xFFFD, 0xFFFD, 0xFFFD, 0xFFFD, 0xFFFD, 0xFFFD, 0xFFFD, 0xFFFD, 0xFFFD, 0xFFFD,
    0xFFFD, 0xFFFD, 0xFFFD, 0xFFFD, 0xFFFD, 0xFFFD, 0xFFFD, 0xFFFD, 0xFFFD, 0xFFFD, 0xFFFD, 0xFFFD,
    0xFFFD, 0xFFFD, 0xFFDD, 0xFFDD, 0xFFDD, 0xFFDD, 0xFFFD, 0xFFFD, 0xFFFD, 0xFFFD, 0xFFFD, 0xFFFD,
    0xFFFD, 0xFFFD, 0xFFDD, 0xFFDD, 0xFFDD, 0xFFDD, 0xFFDD, 0xFFDD, 0xFFDC, 0xFFDC, 0xFFDC, 0xFFDC,
    0xFFDC, 0xFFDC, 0xFFDC, 0xFFDC, 0xFFDC, 0xFFDC, 0xFFDC, 0xFFDC, 0xFFDC, 0xFFBC, 0xFFBB, 0xFFBB,
    0xFFBB, 0xFFBB, 0xFFBB, 0xFF9B, 0xFF9B, 0xFF9A, 0xFF7A, 0xF77A, 0xF77A, 0xF77A, 0xF77A, 0xF739,
    0xE6D8, 0xD677, 0xCE16, 0xC5D6, 0xCE37, 0xD658, 0xDED9, 0xEF3A, 0xF75A, 0xFF7A, 0xFF7A, 0xFF9A,
    0xFF9A, 0xFF9B, 0xFF9B, 0xFF9B, 0xFFBB, 0xFFBB, 0xFFBB, 0xFFBC, 0xFFDC, 0xFFDC, 0xFFDC, 0xFFDC,
    0xFFDC, 0xFFDC, 0xFFDC, 0xFFDC, 0xFFDC, 0xFFDC, 0xFFDC, 0xFFDC, 0xFFDC, 0xFFDC, 0xFFDD, 0xFFDD,
    0xFFDD, 0xFFDD, 0xFFDD, 0xFFDD, 0xFFFD, 0xFFFD, 0xFFFD, 0xFFFD, 0xFFFD, 0xFFFD, 0xFFFD, 0xFFFD,
    0xFFFD, 0xFFFD, 0xFFFD, 0xFFFD, 0xFFFD, 0xFFFD, 0xFFFD, 0xFFFD, 0xFFFD, 0xFFFD, 0xFFFD, 0xFFFD,
    0xFFFD, 0xFFFD, 0xFFFD, 0xFFFD, 0xFFFD, 0xFFFD, 0xFFFD, 0xFFFD, 0xFFFD, 0xFFFD, 0xFFFD, 0xFFFD,
    0xFFFD, 0xFFFD, 0xFFFD, 0xFFFD, 0xFFFD, 0xFFFD, 0xFFFD, 0xFFFD, 0xFFFD, 0xFFFD, 0xFFFD, 0xFFFD,
    0xFFFD, 0xFFFD, 0xFFFD, 0xFFFD, 0xFFFD, 0xFFFD, 0xFFFD, 0xFFFD, 0xFFFD, 0xFFFD, 0xFFFD, 0xFFFD,
    0xFFFD, 0xFFFD, 0xFFDD, 0xFFDD, 0xFFDC, 0xFFDC, 0xFFDC, 0xFFDC, 0xFFDC, 0xFFDC, 0xFFDC, 0xFFDC,
    0xFFDC, 0xFFDC, 0xFFDC, 0xFFDC, 0xFFDC, 0xFFBB, 0xFFBB, 0xFFBB, 0xFFBB, 0xFFBB, 0xFFBB, 0xFF9B,
    0xFF9B, 0xFF9A, 0xFF9A, 0xFF7A, 0xF77A, 0xF77A, 0xF77A, 0xF739, 0xE6F9, 0xD677, 0xCE16, 0xC5D6,
    0xCE37, 0xD658, 0xDED9, 0xEF3A, 0xF75A, 0xFF7A, 0xFF9A, 0xFF9A, 0xFF9A, 0xFF9B, 0xFF9B, 0xFFBB,
    0xFFBB, 0xFFBB, 0xFFBB, 0xFFBB, 0xFFDC, 0xFFDC, 0xFFDC, 0xFFDC, 0xFFDC, 0xFFDC, 0xFFDC, 0xFFDC,
    0xFFDC, 0xFFDC, 0xFFDC, 0xFFDC, 0xFFDC, 0xFFDC, 0xFFDD, 0xFFDD, 0xFFDD, 0xFFDD, 0xFFDD, 0xFFDD,
    0xFFFD, 0xFFFD, 0xFFFD, 0xFFFD, 0xFFFD, 0xFFFD, 0xFFFD, 0xFFFD, 0xFFFD, 0xFFFD, 0xFFFD, 0xFFFD,
    0xFFFD, 0xFFFD, 0xFFFD, 0xFFFD, 0xFFFD, 0xFFFD, 0xFFFD, 0xFFFD, 0xFFFD, 0xFFFD, 0xFFFD, 0xFFFD,
    0xFFFD, 0xFFFD, 0xFFFD, 0xFFFD, 0xFFFD, 0xFFFD, 0xFFFD, 0xFFFD, 0xFFFD, 0xFFFD, 0xFFFD, 0xFFFD,
    0xFFFD, 0xFFFD, 0xFFFD, 0xFFFD, 0xFFFD, 0xFFFD, 0xFFFD, 0xFFFD, 0xFFFD, 0xFFFD, 0xFFFD, 0xFFFD,
    0xFFFD, 0xFFFD, 0xFFFD, 0xFFFD, 0xFFFD, 0xFFFD, 0xFFFD, 0xFFFD, 0xFFFD, 0xFFFD, 0xFFDD, 0xFFDD,
    0xFFFD, 0xFFFD, 0xFFDD, 0xFFDC, 0xFFDC, 0xFFDC, 0xFFDC, 0xFFDC, 0xFFDC, 0xFFDC, 0xFFDC, 0xFFDC,
    0xFFDC, 0xFFBB, 0xFFBB, 0xFFBB, 0xFFBB, 0xFFBB, 0xFFBB, 0xFFBB, 0xFF9B, 0xFF9A, 0xFF9A, 0xFF9A,
    0xF77A, 0xF77A, 0xF77A, 0xF739, 0xE6F9, 0xD678, 0xCE16, 0xC5D6, 0xCE17, 0xD658, 0xDED9, 0xEF3A,
    0xF75A, 0xFF7A, 0xFF9A, 0xFF9A, 0xFF9A, 0xFF9B, 0xFF9B, 0xFFBB, 0xFFBB, 0xFFBB, 0xFFBB, 0xFFBB,
    0xFFDC, 0xFFDC, 0xFFDC, 0xFFDC, 0xFFDC, 0xFFDC, 0xFFDC, 0xFFDC, 0xFFDC, 0xFFFC, 0xFFFC, 0xFFFC,
    0xFFFC, 0xFFFC, 0xFFDC, 0xFFDC, 0xFFFC, 0xFFFD, 0xFFFD, 0xFFFD, 0xFFFD, 0xFFFD, 0xFFFD, 0xFFFD,
    0xFFFD, 0xFFFD, 0xFFFD, 0xFFFD, 0xFFFD, 0xFFFD, 0xFFFD, 0xFFFD, 0xFFFD, 0xFFFD, 0xFFFD, 0xFFFD,
    0xFFFD, 0xFFFD, 0xFFFD, 0xFFFD, 0xFFFD, 0xFFFD, 0xFFFD, 0xFFFD, 0xFFFD, 0xFFFD, 0xFFFD, 0xFFFD,
    0xFFFD, 0xFFFD, 0xFFFD, 0xFFFD, 0xFFFD, 0xFFFD, 0xFFFD, 0xFFFD, 0xFFFD, 0xFFFD, 0xFFFD, 0xFFFD,
    0xFFFD, 0xFFFD, 0xFFFD, 0xFFFD, 0xFFFD, 0xFFFD, 0xFFFD, 0xFFFD, 0xFFDD, 0xFFDD, 0xFFFD, 0xFFFD,
    0xFFFD, 0xFFFD, 0xFFDD, 0xFFDD, 0xFFDD, 0xFFDD, 0xFFFD, 0xFFFD, 0xFFFD, 0xFFFD, 0xFFFD, 0xFFDD,
    0xFFDD, 0xFFDC, 0xFFDC, 0xFFDC, 0xFFDC, 0xFFDC, 0xFFDC, 0xFFDC, 0xFFBC, 0xFFBB, 0xFFBB, 0xFFBB,
    0xFFBB, 0xFFBB, 0xFFBB, 0xFFBB, 0xFF9B, 0xFF9B, 0xFF9A, 0xFF9A, 0xF77A, 0xF77A, 0xF77A, 0xF759,
    0xE6D9, 0xD677, 0xC616, 0xC5D5, 0xCE17, 0xD657, 0xDED9, 0xEF1A, 0xF75A, 0xFF7A, 0xFF7A, 0xFF9A,
    0xFF9A, 0xFF9B, 0xFF9B, 0xFFBB, 0xFFBB, 0xFFBB, 0xFFBB, 0xFFBB, 0xFFDC, 0xFFDC, 0xFFDC, 0xFFDC,
    0xFFDC, 0xFFDC, 0xFFDC, 0xFFDC, 0xFFDC, 0xFFDC, 0xFFDC, 0xFFFC, 0xFFFC, 0xFFFC, 0xFFDC, 0xFFDC,
    0xFFFC, 0xFFFD, 0xFFFD, 0xFFFD, 0xFFFD, 0xFFFD, 0xFFFD, 0xFFFD, 0xFFFD, 0xFFFD, 0xFFFD, 0xFFFD,
    0xFFFD, 0xFFFD, 0xFFFD, 0xFFFD, 0xFFFD, 0xFFFD, 0xFFFD, 0xFFFD, 0xFFFD, 0xFFFD, 0xFFFD, 0xFFFD,
    0xFFFD, 0xFFFD, 0xFFFD, 0xFFFD, 0xFFFD, 0xFFFD, 0xFFFD, 0xFFFD, 0xFFFD, 0xFFFD, 0xFFFD, 0xFFFD,
    0xFFFD, 0xFFFD, 0xFFFD, 0xFFFD, 0xFFFD, 0xFFFD, 0xFFFD, 0xFFFD, 0xFFFD, 0xFFFD, 0xFFFD, 0xFFFD,
    0xFFFD, 0xFFFD, 0xFFFD, 0xFFFD, 0xFFDD, 0xFFDD, 0xFFFD, 0xFFFD, 0xFFFD, 0xFFFD, 0xFFDD, 0xFFDD,
    0xFFDD, 0xFFDD, 0xFFFD, 0xFFFD, 0xFFFD, 0xFFFD, 0xFFFD, 0xFFDC, 0xFFDC, 0xFFDC, 0xFFDC, 0xFFDC,
    0xFFDC, 0xFFDC, 0xFFDC, 0xFFDC, 0xFFBC, 0xFFBC, 0xFFBB, 0xFFBB, 0xFFBB, 0xFFBB, 0xFFBB, 0xFFBB,
    0xFF9B, 0xFF9B, 0xFF9A, 0xFF7A, 0xF77A, 0xF77A, 0xF77A, 0xF739, 0xE6D8, 0xD677, 0xC616, 0xC5D5,
    0xCE17, 0xCE57, 0xDED9, 0xEF19, 0xF75A, 0xF77A, 0xF77A, 0xFF7A, 0xFF9A, 0xFF9B, 0xFF9B, 0xFFBB,
    0xFFBB, 0xFFBB, 0xFFBB, 0xFFBC, 0xFFBC, 0xFFDC, 0xFFDC, 0xFFDC, 0xFFDC, 0xFFDC, 0xFFDC, 0xFFDC,
    0xFFDC, 0xFFDC, 0xFFDC, 0xFFDC, 0xFFDC, 0xFFDC, 0xFFDC, 0xFFDC, 0xFFFD, 0xFFFD, 0xFFFD, 0xFFFD,
    0xFFDD, 0xFFFD, 0xFFFD, 0xFFFD, 0xFFFD, 0xFFFD, 0xFFFD, 0xFFFD, 0xFFFD, 0xFFFD, 0xFFFD, 0xFFFD,
    0xFFFD, 0xFFFD, 0xFFFD, 0xFFFD, 0xFFFD, 0xFFFD, 0xFFFD, 0xFFFD, 0xFFFD, 0xFFFD, 0xFFFD, 0xFFFD,
    0xFFFD, 0xFFFD, 0xFFFD, 0xFFFD, 0xFFFD, 0xFFFD, 0xFFFD, 0xFFFD, 0xFFFD, 0xFFFD, 0xFFFD, 0xFFFD,
    0xFFFD, 0xFFFD, 0xFFFD, 0xFFFD, 0xFFFD, 0xFFFD, 0xFFFD, 0xFFFD, 0xFFFD, 0xFFFD, 0xFFFD, 0xFFFC,
    0xFFFD, 0xFFFD, 0xFFFC, 0xFFFC, 0xFFFD, 0xFFFD, 0xFFDC, 0xFFDC, 0xFFFC, 0xFFFC, 0xFFFC, 0xFFFC,
    0xFFDC, 0xFFDC, 0xFFDC, 0xFFDC, 0xFFDC, 0xFFDC, 0xFFDC, 0xFFDC, 0xFFDC, 0xFFDC, 0xFFDC, 0xFFBB,
    0xFFBC, 0xFFBC, 0xFFBB, 0xFFBB, 0xFFBB, 0xFFBB, 0xFF9B, 0xFF9B, 0xFF9A, 0xFF9A, 0xFF9A, 0xFF7A,
    0xF77A, 0xF77A, 0xF77A, 0xF739, 0xE6D8, 0xD677, 0xC616, 0xC5D5, 0xCE17, 0xCE57, 0xDED9, 0xEF19,
    0xF75A, 0xF77A, 0xF77A, 0xFF9A, 0xFF9A, 0xFF9B, 0xFF9B, 0xFFBB, 0xFFBB, 0xFFBB, 0xFFBC, 0xFFDC,
    0xFFDC, 0xFFDC, 0xFFDC, 0xFFDC, 0xFFDC, 0xFFDC, 0xFFDC, 0xFFDC, 0xFFDC, 0xFFDC, 0xFFDC, 0xFFDC,
    0xFFDC, 0xFFDC, 0xFFDD, 0xFFDD, 0xFFFD, 0xFFFD, 0xFFFD, 0xFFFD, 0xFFFD, 0xFFFD, 0xFFFD, 0xFFFD,
    0xFFFD, 0xFFFD, 0xFFFD, 0xFFFD, 0xFFFD, 0xFFFD, 0xFFFD, 0xFFFD, 0xFFFD, 0xFFFD, 0xFFFD, 0xFFFD,
    0xFFFD, 0xFFFD, 0xFFFD, 0xFFFD, 0xFFFD, 0xFFFD, 0xFFFD, 0xFFFD, 0xFFFD, 0xFFFD, 0xFFFD, 0xFFFD,
    0xFFFD, 0xFFFD, 0xFFFD, 0xFFFD, 0xFFFD, 0xFFFD, 0xFFFD, 0xFFFD, 0xFFFD, 0xFFFD, 0xFFFD, 0xFFFD,
    0xFFFD, 0xFFFD, 0xFFFD, 0xFFFD, 0xFFFD, 0xFFFD, 0xFFFD, 0xFFFD, 0xFFFD, 0xFFFD, 0xFFFD, 0xFFFD,
    0xFFFD, 0xFFFD, 0xFFDD, 0xFFDC, 0xFFFC, 0xFFFC, 0xFFFC, 0xFFFC, 0xFFDC, 0xFFDC, 0xFFDC, 0xFFDC,
    0xFFDC, 0xFFDC, 0xFFDC, 0xFFDC, 0xFFDC, 0xFFDC, 0xFFDC, 0xFFBC, 0xFFDC, 0xFFBC, 0xFFBB, 0xFFBB,
    0xFFBB, 0xFFBB, 0xFF9B, 0xFF9B, 0xFF9A, 0xFF9A, 0xFF9A, 0xFF7A, 0xF77A, 0xF77A, 0xF77A, 0xF739,
    0xE6D8, 0xD677, 0xC616, 0xC5D5, 0xCE17, 0xD657, 0xDED9, 0xEF1A, 0xF75A, 0xF77A, 0xFF9A, 0xFF9A,
    0xFF9B, 0xFFBB, 0xFFBB, 0xFFBB, 0xFFBC, 0xFFDC, 0xFFDC, 0xFFDC, 0xFFDC, 0xFFDC, 0xFFDC, 0xFFDC,
    0xFFDC, 0xFFDC, 0xFFDC, 0xFFDC, 0xFFDC, 0xFFDC, 0xFFDC, 0xFFDC, 0xFFDD, 0xFFDD, 0xFFDD, 0xFFDD,
    0xFFFD, 0xFFFD, 0xFFFD, 0xFFFD, 0xFFFD, 0xFFFD, 0xFFFD, 0xFFFD, 0xFFFD, 0xFFFD, 0xFFFD, 0xFFFD,
    0xFFFD, 0xFFFD, 0xFFFD, 0xFFFD, 0xFFFD, 0xFFFD, 0xFFFD, 0xFFFD, 0xFFFD, 0xFFFD, 0xFFFD, 0xFFFD,
    0xFFFD, 0xFFFD, 0xFFFD, 0xFFFD, 0xFFFD, 0xFFFD, 0xFFFD, 0xFFFD, 0xFFFD, 0xFFFD, 0xFFFD, 0xFFFD,
    0xFFFD, 0xFFFD, 0xFFFD, 0xFFFD, 0xFFFD, 0xFFFD, 0xFFFD, 0xFFFD, 0xFFFD, 0xFFFD, 0xFFFD, 0xFFFD,
    0xFFFD, 0xFFFD, 0xFFFD, 0xFFFD, 0xFFFD, 0xFFFD, 0xFFFD, 0xFFFD, 0xFFFD, 0xFFFD, 0xFFFD, 0xFFFD,
    0xFFDD, 0xFFDD, 0xFFFD, 0xFFFD, 0xFFDD, 0xFFDC, 0xFFDC, 0xFFDC, 0xFFDC, 0xFFDC, 0xFFDC, 0xFFDC,
    0xFFDC, 0xFFDC, 0xFFDC, 0xFFDC, 0xFFDC, 0xFFDC, 0xFFBC, 0xFFBB, 0xFFBB, 0xFFBB, 0xFFBB, 0xFFBB,
    0xFF9B, 0xFF9A, 0xFF9A, 0xFF9A, 0xF77A, 0xF77A, 0xFF7A, 0xF739, 0xE6D9, 0xD677, 0xC616, 0xC5D5,
    0xCE17, 0xD657, 0xDED9, 0xEF1A, 0xF75A, 0xFF7A, 0xFF9A, 0xFF9A, 0xFF9B, 0xFFBB, 0xFFBB, 0xFFBB,
    0xFFBB, 0xFFDC, 0xFFDC, 0xFFDC, 0xFFDC, 0xFFDC, 0xFFDC, 0xFFDC, 0xFFDC, 0xFFDC, 0xFFDC, 0xFFDC,
    0xFFDC, 0xFFDC, 0xFFDC, 0xFFDD, 0xFFDD, 0xFFDD, 0xFFDD, 0xFFDD, 0xFFFD, 0xFFFD, 0xFFFD, 0xFFFD,
    0xFFFD, 0xFFFD, 0xFFFD, 0xFFFD, 0xFFFD, 0xFFFD, 0xFFFD, 0xFFFD, 0xFFFD, 0xFFFD, 0xFFFD, 0xFFFD,
    0xFFFD, 0xFFFD, 0xFFFD, 0xFFFD, 0xFFFD, 0xFFFD, 0xFFFD, 0xFFFD, 0xFFFD, 0xFFFD, 0xFFFD, 0xFFFD,
    0xFFFD, 0xFFFD, 0xFFFD, 0xFFFD, 0xFFFD, 0xFFFD, 0xFFFD, 0xFFFD, 0xFFFD, 0xFFFD, 0xFFFD, 0xFFFD,
    0xFFFD, 0xFFFD, 0xFFFD, 0xFFFD, 0xFFFD, 0xFFFD, 0xFFFD, 0xFFFD, 0xFFFD, 0xFFFD, 0xFFFD, 0xFFFD,
    0xFFFD, 0xFFFD, 0xFFFD, 0xFFFD, 0xFFFD, 0xFFFD, 0xFFFD, 0xFFFD, 0xFFDD, 0xFFDD, 0xFFDD, 0xFFDD,
    0xFFDD, 0xFFDC, 0xFFDC, 0xFFDC, 0xFFDC, 0xFFDC, 0xFFDC, 0xFFDC, 0xFFDC, 0xFFDC, 0xFFDC, 0xFFDC,
    0xFFDC, 0xFFDC, 0xFFBC, 0xFFBB, 0xFFBB, 0xFFBB, 0xFFBB, 0xFFBB, 0xFF9B, 0xFF9B, 0xFF9A, 0xFF9A,
    0xF77A, 0xF77A, 0xF77A, 0xF739, 0xE6D9, 0xD677, 0xC616, 0xC5D5, 0xCE17, 0xCE57, 0xDED9, 0xEF19,
    0xF75A, 0xFF7A, 0xFF7A, 0xFF9A, 0xFF9A, 0xFF9B, 0xFF9B, 0xFF9B, 0xFFBB, 0xFFBB, 0xFFBB, 0xFFBB,
    0xFFDC, 0xFFDC, 0xFFDC, 0xFFDC, 0xFFDC, 0xFFDC, 0xFFDC, 0xFFDC, 0xFFDC, 0xFFDC, 0xFFDC, 0xFFDC,
    0xFFDC, 0xFFDC, 0xFFDC, 0xFFDC, 0xFFDC, 0xFFDC, 0xFFDC, 0xFFDD, 0xFFDD, 0xFFFD, 0xFFFD, 0xFFFD,
    0xFFFD, 0xFFFD, 0xFFFD, 0xFFFD, 0xFFFD, 0xFFFD, 0xFFFD, 0xFFFD, 0xFFFD, 0xFFFD, 0xFFFD, 0xFFFD,
    0xFFFD, 0xFFFD, 0xFFFD, 0xFFFD, 0xFFFD, 0xFFFD, 0xFFFD, 0xFFFD, 0xFFFD, 0xFFFD, 0xFFFD, 0xFFFD,
    0xFFFD, 0xFFFD, 0xFFFD, 0xFFFD, 0xFFFD, 0xFFFD, 0xFFFD, 0xFFFD, 0xFFFD, 0xFFFD, 0xFFFD, 0xFFFD,
    0xFFFD, 0xFFFD, 0xFFFD, 0xFFFD, 0xFFFD, 0xFFFD, 0xFFFD, 0xFFFD, 0xFFFD, 0xFFFD, 0xFFFD, 0xFFFD,
    0xFFFD, 0xFFDD, 0xFFDD, 0xFFDD, 0xFFDD, 0xFFDD, 0xFFDC, 0xFFDC, 0xFFDC, 0xFFDC, 0xFFDC, 0xFFDC,
    0xFFDC, 0xFFDC, 0xFFDC, 0xFFDC, 0xFFDC, 0xFFDC, 0xFFDC, 0xFFBC, 0xFFBB, 0xFFBB, 0xFFBB, 0xFFBB,
    0xFFBB, 0xFFBB, 0xFF9B, 0xFF9B, 0xFF9B, 0xFF9A, 0xFF9A, 0xFF7A, 0xF77A, 0xF77A, 0xF77A, 0xF739,
    0xE6D8, 0xD677, 0xC616, 0xC5D6, 0xCE17, 0xCE57, 0xDED9, 0xEF19, 0xF75A, 0xFF7A, 0xFF7A, 0xFF7A,
    0xFF9A, 0xFF9B, 0xFF9B, 0xFF9B, 0xFFBB, 0xFFBB, 0xFFBB, 0xFFBB, 0xFFDC, 0xFFDC, 0xFFDC, 0xFFDC,
    0xFFDC, 0xFFDC, 0xFFDC, 0xFFDC, 0xFFDC, 0xFFDC, 0xFFDC, 0xFFDC, 0xFFDC, 0xFFDC, 0xFFDC, 0xFFDC,
    0xFFDC, 0xFFDC, 0xFFDC, 0xFFDC, 0xFFDD, 0xFFDD, 0xFFDD, 0xFFDD, 0xFFFD, 0xFFFD, 0xFFFD, 0xFFFD,
    0xFFFD, 0xFFDD, 0xFFFD, 0xFFFD, 0xFFFD, 0xFFFD, 0xFFFD, 0xFFFD, 0xFFFD, 0xFFFD, 0xFFFD, 0xFFFD,
    0xFFFD, 0xFFFD, 0xFFFD, 0xFFFD, 0xFFFD, 0xFFFD, 0xFFFD, 0xFFFD, 0xFFFD, 0xFFFD, 0xFFFD, 0xFFFD,
    0xFFFD, 0xFFFD, 0xFFFD, 0xFFFD, 0xFFFD, 0xFFFD, 0xFFFD, 0xFFFD, 0xFFFD, 0xFFFD, 0xFFFD, 0xFFFD,
    0xFFFD, 0xFFFD, 0xFFFD, 0xFFFD, 0xFFFD, 0xFFFD, 0xFFFD, 0xFFFD, 0xFFDD, 0xFFDD, 0xFFDD, 0xFFDD,
    0xFFDD, 0xFFDC, 0xFFDC, 0xFFDC, 0xFFDC, 0xFFDC, 0xFFDC, 0xFFDC, 0xFFDC, 0xFFDC, 0xFFDC, 0xFFDC,
    0xFFDC, 0xFFDC, 0xFFDC, 0xFFBB, 0xFFBB, 0xFFBB, 0xFFBB, 0xFFBB, 0xFFBB, 0xFFBB, 0xFF9B, 0xFF9B,
    0xFF9B, 0xFF9B, 0xFF7A, 0xF77A, 0xF77A, 0xF77A, 0xF75A, 0xEF39, 0xE6D8, 0xD677, 0xC616, 0xC5D6,
    0xC617, 0xCE57, 0xDEB9, 0xEF19, 0xF75A, 0xFF7A, 0xFF7A, 0xFF9A, 0xFF9A, 0xFF9B, 0xFF9B, 0xFFBB,
    0xFFBB, 0xFFBB, 0xFFBC, 0xFFDC, 0xFFDC, 0xFFDC, 0xFFDC, 0xFFDC, 0xFFDC, 0xFFDC, 0xFFDC, 0xFFDC,
    0xFFDD, 0xFFDD, 0xFFDD, 0xFFDD, 0xFFDD, 0xFFDD, 0xFFDD, 0xFFDD, 0xFFDD, 0xFFDD, 0xFFDD, 0xFFDD,
    0xFFFD, 0xFFFD, 0xFFFD, 0xFFFD, 0xFFFD, 0xFFFD, 0xFFFD, 0xFFFD, 0xFFFD, 0xFFFD, 0xFFFD, 0xFFFD,
    0xFFFD, 0xFFFD, 0xFFFD, 0xFFFD, 0xFFFD, 0xFFFD, 0xFFFD, 0xFFFD, 0xFFFD, 0xFFFD, 0xFFFD, 0xFFFD,
    0xFFFD, 0xFFFD, 0xFFFD, 0xFFFD, 0xFFFD, 0xFFFD, 0xFFFD, 0xFFFD, 0xFFFD, 0xFFFD, 0xFFFD, 0xFFFD,
    0xFFFD, 0xFFFD, 0xFFFD, 0xFFFD, 0xFFFD, 0xFFFD, 0xFFFD, 0xFFDD, 0xFFFD, 0xFFFD, 0xFFFD, 0xFFFD,
    0xFFFD, 0xFFFD, 0xFFFD, 0xFFFD, 0xFFFD, 0xFFFD, 0xFFDD, 0xFFDD, 0xFFDD, 0xFFDC, 0xFFDC, 0xFFDC,
    0xFFDC, 0xFFDC, 0xFFDC, 0xFFDC, 0xFFDC, 0xFFDC, 0xFFDC, 0xFFDC, 0xFFDC, 0xFFDC, 0xFFDC, 0xFFBC,
    0xFFBC, 0xFFBB, 0xFFBB, 0xFFBB, 0xFFBB, 0xFFBB, 0xFFBB, 0xFFBB, 0xFFBB, 0xFF9B, 0xFF9A, 0xF77A,
    0xF77A, 0xF75A, 0xF77A, 0xEF39, 0xE6D8, 0xD677, 0xC616, 0xC5D5, 0xC617, 0xCE57, 0xDEB9, 0xEF19,
    0xF75A, 0xFF7A, 0xFF9A, 0xFF9A, 0xFF9A, 0xFF9B, 0xFF9B, 0xFFBB, 0xFFBB, 0xFFBB, 0xFFBC, 0xFFDC,
    0xFFDC, 0xFFDC, 0xFFDC, 0xFFDC, 0xFFDC, 0xFFDC, 0xFFDC, 0xFFDC, 0xFFDD, 0xFFDD, 0xFFDD, 0xFFDD,
    0xFFDD, 0xFFDD, 0xFFFD, 0xFFFD, 0xFFDD, 0xFFDD, 0xFFDD, 0xFFDD, 0xFFFD, 0xFFFD, 0xFFFD, 0xFFFD,
    0xFFFD, 0xFFFD, 0xFFFD, 0xFFFD, 0xFFFD, 0xFFFD, 0xFFFD, 0xFFFD, 0xFFFD, 0xFFFD, 0xFFFD, 0xFFFD,
    0xFFFD, 0xFFFD, 0xFFFD, 0xFFFD, 0xFFFD, 0xFFFD, 0xFFFD, 0xFFFD, 0xFFFD, 0xFFFD, 0xFFFD, 0xFFFD,
    0xFFFD, 0xFFFD, 0xFFFD, 0xFFFD, 0xFFFD, 0xFFFD, 0xFFFD, 0xFFFD, 0xFFFD, 0xFFFD, 0xFFFD, 0xFFFD,
    0xFFFD, 0xFFFD, 0xFFDD, 0xFFDD, 0xFFFD, 0xFFFD, 0xFFFD, 0xFFFD, 0xFFFD, 0xFFFD, 0xFFFD, 0xFFFD,
    0xFFFD, 0xFFFD, 0xFFDD, 0xFFDD, 0xFFDD, 0xFFDC, 0xFFDC, 0xFFDC, 0xFFDC, 0xFFDC, 0xFFDC, 0xFFDC,
    0xFFDC, 0xFFDC, 0xFFDC, 0xFFDC, 0xFFDC, 0xFFDC, 0xFFDC, 0xFFDC, 0xFFBC, 0xFFBB, 0xFFBB, 0xFFBB,
    0xFFBB, 0xFFBB, 0xFFBB, 0xFFBB, 0xFFBB, 0xFF9B, 0xFF9A, 0xF77A, 0xF77A, 0xF75A, 0xF77A, 0xEF39,
    0xE6D8, 0xD677, 0xC616, 0xC5D5, 0xC616, 0xCE57, 0xDEB9, 0xEF19, 0xF75A, 0xFF7A, 0xFF7A, 0xFF9A,
    0xFF9A, 0xFF9B, 0xFF9B, 0xFFBB, 0xFFBB, 0xFFBB, 0xFFBB, 0xFFBB, 0xFFDC, 0xFFDC, 0xFFDC, 0xFFDC,
    0xFFDC, 0xFFDC, 0xFFDC, 0xFFDC, 0xFFDC, 0xFFDC, 0xFFDC, 0xFFDC, 0xFFDC, 0xFFDC, 0xFFDC, 0xFFDC,
    0xFFDC, 0xFFDC, 0xFFDC, 0xFFDC, 0xFFDC, 0xFFDD, 0xFFFD, 0xFFFD, 0xFFFD, 0xFFFD, 0xFFFD, 0xFFFD,
    0xFFFD, 0xFFFD, 0xFFFD, 0xFFFD, 0xFFFD, 0xFFFD, 0xFFFD, 0xFFFD, 0xFFFD, 0xFFFD, 0xFFFD, 0xFFFD,
    0xFFFD, 0xFFFD, 0xFFFD, 0xFFFD, 0xFFFD, 0xFFFD, 0xFFFD, 0xFFFD, 0xFFDD, 0xFFDD, 0xFFFD, 0xFFFD,
    0xFFFD, 0xFFFD, 0xFFFD, 0xFFFD, 0xFFFD, 0xFFFD, 0xFFFD, 0xFFFD, 0xFFFD, 0xFFFD, 0xFFFD, 0xFFFD,
    0xFFFD, 0xFFFD, 0xFFFD, 0xFFFD, 0xFFFD, 0xFFFD, 0xFFFD, 0xFFFD, 0xFFDD, 0xFFDD, 0xFFDD, 0xFFDC,
    0xFFDC, 0xFFDC, 0xFFDC, 0xFFDC, 0xFFDC, 0xFFDC, 0xFFDC, 0xFFDC, 0xFFDC, 0xFFDC, 0xFFDC, 0xFFDC,
    0xFFDC, 0xFFDC, 0xFFDC, 0xFFBB, 0xFFBB, 0xFFBB, 0xFFBB, 0xFFBB, 0xFFBB, 0xFFBB, 0xFFBB, 0xFFBB,
    0xFF9B, 0xFF9A, 0xFF9A, 0xF77A, 0xF77A, 0xF77A, 0xF77A, 0xEF39, 0xE6D8, 0xD677, 0xC5F6, 0xBDD5,
    0xC616, 0xCE57, 0xDEB9, 0xEF19, 0xF75A, 0xFF7A, 0xFF7A, 0xFF9A, 0xFF9A, 0xFF9B, 0xFF9B, 0xFFBB,
    0xFFBB, 0xFFBB, 0xFFBB, 0xFFBB, 0xFFDC, 0xFFDC, 0xFFDC, 0xFFDC, 0xFFDC, 0xFFDC, 0xFFDC, 0xFFDC,
    0xFFDC, 0xFFDC, 0xFFDC, 0xFFDC, 0xFFDC, 0xFFDC, 0xFFDC, 0xFFDC, 0xFFDC, 0xFFDC, 0xFFDC, 0xFFDC,
    0xFFDC, 0xFFDD, 0xFFFD, 0xFFFD, 0xFFFD, 0xFFFD, 0xFFDD, 0xFFDD, 0xFFFD, 0xFFFD, 0xFFFD, 0xFFFD,
    0xFFFD, 0xFFFD, 0xFFFD, 0xFFFD, 0xFFFD, 0xFFFD, 0xFFFD, 0xFFFD, 0xFFFD, 0xFFFD, 0xFFFD, 0xFFFD,
    0xFFFD, 0xFFFD, 0xFFFD, 0xFFFD, 0xFFDD, 0xFFFD, 0xFFFD, 0xFFFD, 0xFFFD, 0xFFFD, 0xFFFD, 0xFFFD,
    0xFFFD, 0xFFFD, 0xFFFD, 0xFFFD, 0xFFFD, 0xFFFD, 0xFFFD, 0xFFFD, 0xFFFD, 0xFFFD, 0xFFFD, 0xFFFD,
    0xFFFD, 0xFFFD, 0xFFFD, 0xFFFD, 0xFFDC, 0xFFDC, 0xFFDC, 0xFFDC, 0xFFDC, 0xFFDC, 0xFFDC, 0xFFDC,
    0xFFDC, 0xFFDC, 0xFFDC, 0xFFDC, 0xFFDC, 0xFFDC, 0xFFDC, 0xFFDC, 0xFFDC, 0xFFDC, 0xFFBC, 0xFFBB,
    0xFFBB, 0xFFBB, 0xFFBB, 0xFFBB, 0xFFBB, 0xFFBB, 0xFFBB, 0xFFBB, 0xFF9B, 0xFF9A, 0xFF9A, 0xF77A,
    0xF77A, 0xF77A, 0xF77A, 0xEF39, 0xE6D8, 0xD677, 0xC5F6, 0xBDD5, 0xC616, 0xCE57, 0xDEB9, 0xEF19,
    0xF75A, 0xF77A, 0xFF7A, 0xFF9A, 0xFF9A, 0xFF9B, 0xFFBB, 0xFFBB, 0xFFBB, 0xFFBB, 0xFFBC, 0xFFDC,
    0xFFDC, 0xFFDC, 0xFFDC, 0xFFDC, 0xFFDC, 0xFFDC, 0xFFDC, 0xFFDC, 0xFFDC, 0xFFDC, 0xFFDC, 0xFFDC,
    0xFFDC, 0xFFDD, 0xFFFD, 0xFFFD, 0xFFFD, 0xFFFD, 0xFFFD, 0xFFFD, 0xFFDD, 0xFFDD, 0xFFFD, 0xFFFD,
    0xFFFD, 0xFFFD, 0xFFFD, 0xFFFD, 0xFFFD, 0xFFFD, 0xFFFD, 0xFFFD, 0xFFFD, 0xFFFD, 0xFFFD, 0xFFFD,
    0xFFFD, 0xFFFD, 0xFFFD, 0xFFFD, 0xFFFD, 0xFFFD, 0xFFFD, 0xFFFD, 0xFFFD, 0xFFFD, 0xFFFD, 0xFFFD,
    0xFFFD, 0xFFFD, 0xFFFD, 0xFFFD, 0xFFFD, 0xFFFD, 0xFFFD, 0xFFFD, 0xFFFD, 0xFFFD, 0xFFFD, 0xFFFD,
    0xFFFD, 0xFFFD, 0xFFFD, 0xFFFD, 0xFFFD, 0xFFFD, 0xFFFD, 0xFFFD, 0xFFDD, 0xFFDD, 0xFFDD, 0xFFDD,
    0xFFDC, 0xFFDC, 0xFFDC, 0xFFDC, 0xFFDC, 0xFFDD, 0xFFDD, 0xFFDC, 0xFFDC, 0xFFDC, 0xFFDC, 0xFFDC,
    0xFFDC, 0xFFDC, 0xFFDC, 0xFFDC, 0xFFDC, 0xFFBC, 0xFFDC, 0xFFDC, 0xFFDC, 0xFFBB, 0xFFBB, 0xFFBB,
    0xFFBB, 0xFFBB, 0xFFBB, 0xFFBB, 0xFF9B, 0xFF9A, 0xFF9A, 0xFF7A, 0xF77A, 0xF77A, 0xF77A, 0xEF39,
    0xE6D8, 0xD677, 0xC5F6, 0xBDB5, 0xC616, 0xCE57, 0xDEB9, 0xEF1A, 0xF75A, 0xF77A, 0xFF7A, 0xFF9A,
    0xFF9A, 0xFF9B, 0xFFBB, 0xFFBB, 0xFFBB, 0xFFBB, 0xFFBC, 0xFFDC, 0xFFDC, 0xFFDC, 0xFFDC, 0xFFDC,
    0xFFDC, 0xFFDC, 0xFFDC, 0xFFDC, 0xFFDC, 0xFFDC, 0xFFDC, 0xFFDC, 0xFFDC, 0xFFDD, 0xFFFD, 0xFFFD,
    0xFFFD, 0xFFFD, 0xFFFD, 0xFFFD, 0xFFDD, 0xFFDD, 0xFFFD, 0xFFFD, 0xFFFD, 0xFFFD, 0xFFFD, 0xFFFD,
    0xFFFD, 0xFFFD, 0xFFFD, 0xFFFD, 0xFFFD, 0xFFFD, 0xFFFD, 0xFFFD, 0xFFFD, 0xFFFD, 0xFFFD, 0xFFFD,
    0xFFFD, 0xFFFD, 0xFFFD, 0xFFFD, 0xFFFD, 0xFFFD, 0xFFFD, 0xFFFD, 0xFFFD, 0xFFFD, 0xFFFD, 0xFFFD,
    0xFFFD, 0xFFFD, 0xFFFD, 0xFFFD, 0xFFFD, 0xFFFD, 0xFFFD, 0xFFFD, 0xFFFD, 0xFFFD, 0xFFFD, 0xFFFD,
    0xFFFD, 0xFFFD, 0xFFFD, 0xFFFD, 0xFFDD, 0xFFDD, 0xFFDD, 0xFFDD, 0xFFDD, 0xFFDC, 0xFFDC, 0xFFDC,
    0xFFDD, 0xFFDD, 0xFFDD, 0xFFDD, 0xFFDC, 0xFFDC, 0xFFDC, 0xFFDC, 0xFFDC, 0xFFDC, 0xFFDC, 0xFFDC,
    0xFFDC, 0xFFDC, 0xFFDC, 0xFFDC, 0xFFDC, 0xFFBC, 0xFFBB, 0xFFBB, 0xFFBB, 0xFFBB, 0xFFBB, 0xFFBB,
    0xFF9B, 0xFF9A, 0xFF9A, 0xFF7A, 0xF77A, 0xF77A, 0xF77A, 0xEF39, 0xE6D8, 0xD677, 0xC5F6, 0xBDD5,
    0xC616, 0xCE57, 0xDEB9, 0xEF19, 0xF75A, 0xFF7A, 0xFF7A, 0xFF9A, 0xFF9A, 0xFF9B, 0xFF9B, 0xFFBB,
    0xFFBB, 0xFFBB, 0xFFBB, 0xFFDC, 0xFFDC, 0xFFDC, 0xFFDC, 0xFFDC, 0xFFDC, 0xFFDC, 0xFFDC, 0xFFDC,
    0xFFDC, 0xFFDC, 0xFFDC, 0xFFDC, 0xFFDC, 0xFFDD, 0xFFDD, 0xFFDD, 0xFFDD, 0xFFDD, 0xFFDD, 0xFFDD,
    0xFFDD, 0xFFDD, 0xFFDD, 0xFFDD, 0xFFFD, 0xFFFD, 0xFFFD, 0xFFFD, 0xFFDD, 0xFFFD, 0xFFFD, 0xFFFD,
    0xFFFD, 0xFFFD, 0xFFFD, 0xFFFD, 0xFFDD, 0xFFFD, 0xFFFD, 0xFFFD, 0xFFFD, 0xFFFD, 0xFFFD, 0xFFFD,
    0xFFFD, 0xFFFD, 0xFFFD, 0xFFFD, 0xFFFD, 0xFFFD, 0xFFFD, 0xFFFD, 0xFFFD, 0xFFFD, 0xFFFD, 0xFFFD,
    0xFFFD, 0xFFFD, 0xFFFD, 0xFFFD, 0xFFFD, 0xFFFD, 0xFFFD, 0xFFFD, 0xFFFD, 0xFFFD, 0xFFFD, 0xFFFD,
    0xFFDD, 0xFFDD, 0xFFDD, 0xFFDD, 0xFFFD, 0xFFFD, 0xFFDC, 0xFFDC, 0xFFDD, 0xFFDD, 0xFFDD, 0xFFDD,
    0xFFDD, 0xFFDD, 0xFFDD, 0xFFDD, 0xFFDC, 0xFFDC, 0xFFDC, 0xFFDC, 0xFFDC, 0xFFDC, 0xFFDC, 0xFFDC,
    0xFFBC, 0xFFBC, 0xFFBB, 0xFFBB, 0xFFBB, 0xFFBB, 0xFFBB, 0xFFBB, 0xFF9B, 0xFF9B, 0xFF9A, 0xFF9A,
    0xFF7A, 0xF77A, 0xF77A, 0xEF39, 0xE6D8, 0xD677, 0xC5F6, 0xBDD5, 0xC616, 0xCE57, 0xDEB9, 0xEF19,
    0xF75A, 0xFF7A, 0xFF9A, 0xFF9A, 0xFF9A, 0xFF9B, 0xFF9B, 0xFFBB, 0xFFBB, 0xFFBB, 0xFFBB, 0xFFDC,
    0xFFDC, 0xFFDC, 0xFFDC, 0xFFDC, 0xFFDC, 0xFFDC, 0xFFDC, 0xFFDC, 0xFFDC, 0xFFDC, 0xFFDC, 0xFFDC,
    0xFFDC, 0xFFFD, 0xFFFD, 0xFFFD, 0xFFFD, 0xFFFD, 0xFFFD, 0xFFDD, 0xFFDD, 0xFFDD, 0xFFDD, 0xFFFD,
    0xFFFD, 0xFFFD, 0xFFFD, 0xFFFD, 0xFFFD, 0xFFDD, 0xFFFD, 0xFFFD, 0xFFFD, 0xFFFD, 0xFFFD, 0xFFFD,
    0xFFFD, 0xFFFD, 0xFFFD, 0xFFFD, 0xFFFD, 0xFFFD, 0xFFFD, 0xFFFD, 0xFFFD, 0xFFFD, 0xFFFD, 0xFFFD,
    0xFFFD, 0xFFFD, 0xFFFD, 0xFFFD, 0xFFFD, 0xFFFD, 0xFFFD, 0xFFFD, 0xFFFD, 0xFFFD, 0xFFFD, 0xFFFD,
    0xFFFD, 0xFFFD, 0xFFFD, 0xFFFD, 0xFFFD, 0xFFFD, 0xFFFD, 0xFFFD, 0xFFDD, 0xFFDD, 0xFFDD, 0xFFDD,
    0xFFFD, 0xFFFD, 0xFFDD, 0xFFDC, 0xFFDD, 0xFFDD, 0xFFDD, 0xFFDD, 0xFFDD, 0xFFDD, 0xFFDD, 0xFFDC,
    0xFFDC, 0xFFDC, 0xFFDC, 0xFFDC, 0xFFDC, 0xFFDC, 0xFFDC, 0xFFDC, 0xFFDC, 0xFFBC, 0xFFBB, 0xFFBB,
    0xFFBB, 0xFFBB, 0xFFBB, 0xFFBB, 0xFF9B, 0xFF9B, 0xFF9A, 0xFF9A, 0xFF9A, 0xF77A, 0xF77A, 0xEF39,
    0xE6D8, 0xD677, 0xC616, 0xBDD5, 0xC616, 0xCE57, 0xDEB8, 0xEF19, 0xF75A, 0xFF7A, 0xFF9A, 0xFF9A,
    0xFF9B, 0xFF9B, 0xFFBB, 0xFFBB, 0xFFBB, 0xFFBB, 0xFFDB, 0xFFDC, 0xFFDC, 0xFFDC, 0xFFDC, 0xFFDC,
    0xFFDC, 0xFFDC, 0xFFDC, 0xFFDC, 0xFFDC, 0xFFDC, 0xFFDC, 0xFFFD, 0xFFFD, 0xFFFD, 0xFFFD, 0xFFFD,
    0xFFFD, 0xFFFD, 0xFFFD, 0xFFFD, 0xFFFD, 0xFFFD, 0xFFFD, 0xFFFD, 0xFFFD, 0xFFFD, 0xFFFD, 0xFFFD,
    0xFFFD, 0xFFFD, 0xFFFD, 0xFFFD, 0xFFFD, 0xFFFD, 0xFFFD, 0xFFFD, 0xFFFD, 0xFFFD, 0xFFFD, 0xFFFD,
    0xFFFD, 0xFFFD, 0xFFFD, 0xFFFD, 0xFFFD, 0xFFFD, 0xFFFD, 0xFFFD, 0xFFFD, 0xFFFD, 0xFFFD, 0xFFFD,
    0xFFFD, 0xFFFD, 0xFFFD, 0xFFFD, 0xFFFD, 0xFFFD, 0xFFFD, 0xFFFD, 0xFFFD, 0xFFFD, 0xFFFD, 0xFFFD,
    0xFFFD, 0xFFFD, 0xFFFD, 0xFFFD, 0xFFFD, 0xFFFD, 0xFFFD, 0xFFFD, 0xFFFD, 0xFFFD, 0xFFFD, 0xFFFC,
    0xFFDC, 0xFFDC, 0xFFDC, 0xFFDD, 0xFFFD, 0xFFDD, 0xFFDC, 0xFFDC, 0xFFDC, 0xFFDC, 0xFFDC, 0xFFDC,
    0xFFDC, 0xFFDC, 0xFFDC, 0xFFDC, 0xFFDC, 0xFFBC, 0xFFBB, 0xFFBB, 0xFFBB, 0xFFBB, 0xFFBB, 0xFFBB,
    0xFF9B, 0xFF9B, 0xFF9A, 0xFF9A, 0xFF7A, 0xF77A, 0xF77A, 0xEF39, 0xE6D8, 0xD677, 0xC5F6, 0xBDD5,
    0xC616, 0xCE57, 0xDEB8, 0xEF19, 0xF75A, 0xFF7A, 0xFF7A, 0xFF9A, 0xFF9B, 0xFF9B, 0xFFBB, 0xFFBB,
    0xFFBB, 0xFFBB, 0xFFDB, 0xFFDC, 0xFFDC, 0xFFDC, 0xFFDC, 0xFFDC, 0xFFDC, 0xFFDC, 0xFFDC, 0xFFDC,
    0xFFDC, 0xFFDC, 0xFFDC, 0xFFFD, 0xFFFD, 0xFFFD, 0xFFFD, 0xFFFD, 0xFFFD, 0xFFFD, 0xFFFD, 0xFFFD,
    0xFFFD, 0xFFFD, 0xFFFD, 0xFFFD, 0xFFFD, 0xFFFD, 0xFFFD, 0xFFFD, 0xFFFD, 0xFFFD, 0xFFFD, 0xFFFD,
    0xFFFD, 0xFFFD, 0xFFFD, 0xFFFD, 0xFFFD, 0xFFFD, 0xFFFD, 0xFFFD, 0xFFFD, 0xFFFD, 0xFFFD, 0xFFFD,
    0xFFFD, 0xFFFD, 0xFFFD, 0xFFFD, 0xFFFD, 0xFFFD, 0xFFFD, 0xFFFD, 0xFFFD, 0xFFFD, 0xFFFD, 0xFFFD,
    0xFFFD, 0xFFFD, 0xFFFD, 0xFFFD, 0xFFFD, 0xFFFD, 0xFFFD, 0xFFFD, 0xFFFD, 0xFFFD, 0xFFFD, 0xFFFD,
    0xFFFD, 0xFFFD, 0xFFFD, 0xFFFD, 0xFFFD, 0xFFFD, 0xFFFC, 0xFFFC, 0xFFDC, 0xFFDC, 0xFFDC, 0xFFDC,
    0xFFDD, 0xFFDC, 0xFFDC, 0xFFDC, 0xFFDC, 0xFFDC, 0xFFDC, 0xFFDC, 0xFFDC, 0xFFDC, 0xFFDC, 0xFFDC,
    0xFFDC, 0xFFBC, 0xFFBB, 0xFFBB, 0xFFBB, 0xFFBB, 0xFFBB, 0xFFBB, 0xFF9B, 0xFF9B, 0xFF9A, 0xFF7A,
    0xF77A, 0xF77A, 0xF77A, 0xEF39, 0xE6D8, 0xD677, 0xC5F6, 0xBDD5, 0xC616, 0xCE57, 0xDEB9, 0xEF19,
    0xF75A, 0xF77A, 0xF77A, 0xFF7A, 0xFF9A, 0xFF9B, 0xFFBB, 0xFFBB, 0xFFBB, 0xFFBB, 0xFFBB, 0xFFBB,
    0xFFDC, 0xFFDC, 0xFFDC, 0xFFDC, 0xFFDC, 0xFFDC, 0xFFDC, 0xFFDC, 0xFFDC, 0xFFDC, 0xFFDC, 0xFFDC,
    0xFFDC, 0xFFFC, 0xFFFD, 0xFFFD, 0xFFFD, 0xFFFD, 0xFFFD, 0xFFDD, 0xFFDC, 0xFFDD, 0xFFFD, 0xFFFD,
    0xFFFD, 0xFFFD, 0xFFFD, 0xFFFD, 0xFFFD, 0xFFDD, 0xFFDD, 0xFFDD, 0xFFDD, 0xFFFD, 0xFFFD, 0xFFFD,
    0xFFFD, 0xFFFD, 0xFFFD, 0xFFFD, 0xFFFD, 0xFFFD, 0xFFFD, 0xFFFD, 0xFFFD, 0xFFFD, 0xFFFD, 0xFFFD,
    0xFFFD, 0xFFFD, 0xFFFD, 0xFFFD, 0xFFFD, 0xFFFD, 0xFFFD, 0xFFFD, 0xFFFD, 0xFFFD, 0xFFFD, 0xFFFD,
    0xFFFD, 0xFFFD, 0xFFFD, 0xFFFD, 0xFFFD, 0xFFFD, 0xFFFD, 0xFFFD, 0xFFDD, 0xFFDD, 0xFFDD, 0xFFDD,
    0xFFFD, 0xFFFD, 0xFFDC, 0xFFDC, 0xFFDC, 0xFFDC, 0xFFDC, 0xFFDC, 0xFFDC, 0xFFDC, 0xFFDC, 0xFFDC,
    0xFFDC, 0xFFDC, 0xFFDC, 0xFFDC, 0xFFDC, 0xFFDC, 0xFFDC, 0xFFDC, 0xFFBB, 0xFFBB, 0xFFBB, 0xFFBB,
    0xFFBB, 0xFFBB, 0xFFBB, 0xFF9B, 0xFF9B, 0xFF9A, 0xFF7A, 0xF77A, 0xF77A, 0xF77A, 0xF77A, 0xEF39,
    0xE6D8, 0xD677, 0xC5F6, 0xBDB5, 0xC616, 0xCE57, 0xDEB9, 0xEF19, 0xF75A, 0xF77A, 0xF77A, 0xF77A,
    0xFF9A, 0xFF9B, 0xFF9B, 0xFFBB, 0xFFBB, 0xFFBB, 0xFFBB, 0xFFBB, 0xFFDC, 0xFFDC, 0xFFDC, 0xFFDC,
    0xFFDC, 0xFFDC, 0xFFDC, 0xFFDC, 0xFFDC, 0xFFDC, 0xFFDC, 0xFFDC, 0xFFDC, 0xFFDC, 0xFFDC, 0xFFDD,
    0xFFFD, 0xFFFD, 0xFFDD, 0xFFDC, 0xFFDC, 0xFFDD, 0xFFFD, 0xFFFD, 0xFFFD, 0xFFFD, 0xFFFD, 0xFFFD,
    0xFFDD, 0xFFDD, 0xFFDD, 0xFFDD, 0xFFDD, 0xFFDD, 0xFFFD, 0xFFFD, 0xFFFD, 0xFFFD, 0xFFFD, 0xFFFD,
    0xFFFD, 0xFFFD, 0xFFFD, 0xFFFD, 0xFFFD, 0xFFFD, 0xFFFD, 0xFFFD, 0xFFFD, 0xFFFD, 0xFFFD, 0xFFFD,
    0xFFFD, 0xFFFD, 0xFFFD, 0xFFFD, 0xFFFD, 0xFFFD, 0xFFFD, 0xFFFD, 0xFFFD, 0xFFFD, 0xFFFD, 0xFFFD,
    0xFFFD, 0xFFFD, 0xFFFD, 0xFFFD, 0xFFDD, 0xFFDD, 0xFFDD, 0xFFDD, 0xFFFD, 0xFFFD, 0xFFDC, 0xFFDC,
    0xFFDC, 0xFFDC, 0xFFDC, 0xFFDC, 0xFFDC, 0xFFDC, 0xFFDC, 0xFFDC, 0xFFDC, 0xFFDC, 0xFFDC, 0xFFDC,
    0xFFDC, 0xFFDC, 0xFFDC, 0xFFDB, 0xFFBB, 0xFFBB, 0xFFBB, 0xFFBB, 0xFFBB, 0xFFBB, 0xFFBB, 0xFF9B,
    0xFF9B, 0xFF9A, 0xFF7A, 0xF77A, 0xF77A, 0xF77A, 0xF77A, 0xEF39, 0xE6D8, 0xD677, 0xC5F6, 0xBDB5,
    0xC616, 0xCE57, 0xDEB9, 0xEF19, 0xF75A, 0xF77A, 0xF77A, 0xF77A, 0xFF9A, 0xFF9B, 0xFF9B, 0xFFBB,
    0xFFBB, 0xFFBB, 0xFFBB, 0xFFBC, 0xFFDC, 0xFFDC, 0xFFDC, 0xFFDC, 0xFFDC, 0xFFDC, 0xFFDC, 0xFFDC,
    0xFFDC, 0xFFDC, 0xFFDC, 0xFFDC, 0xFFDC, 0xFFDC, 0xFFDD, 0xFFDD, 0xFFDD, 0xFFDD, 0xFFDD, 0xFFDD,
    0xFFDD, 0xFFFD, 0xFFFD, 0xFFFD, 0xFFFD, 0xFFFD, 0xFFFD, 0xFFFD, 0xFFFD, 0xFFFD, 0xFFFD, 0xFFFD,
    0xFFFD, 0xFFFD, 0xFFFD, 0xFFFD, 0xFFFD, 0xFFFD, 0xFFFD, 0xFFFD, 0xFFFD, 0xFFFD, 0xFFFD, 0xFFFD,
    0xFFFD, 0xFFFD, 0xFFFD, 0xFFFD, 0xFFFD, 0xFFFD, 0xFFFD, 0xFFFD, 0xFFFD, 0xFFFD, 0xFFFD, 0xFFFD,
    0xFFFD, 0xFFFD, 0xFFFD, 0xFFFD, 0xFFFD, 0xFFFD, 0xFFFD, 0xFFFD, 0xFFDD, 0xFFDD, 0xFFDD, 0xFFDD,
    0xFFDD, 0xFFDD, 0xFFDD, 0xFFDD, 0xFFFD, 0xFFFD, 0xFFDD, 0xFFDD, 0xFFDD, 0xFFDD, 0xFFDD, 0xFFDC,
    0xFFDC, 0xFFDC, 0xFFDC, 0xFFDC, 0xFFDC, 0xFFDC, 0xFFDC, 0xFFDC, 0xFFDC, 0xFFDC, 0xFFDC, 0xFFDC,
    0xFFBC, 0xFFBB, 0xFFBB, 0xFFBB, 0xFFBB, 0xFFBB, 0xFFBB, 0xFFBB, 0xFF9B, 0xFF9A, 0xFF7A, 0xF77A,
    0xF75A, 0xF75A, 0xF77A, 0xEF39, 0xE6D8, 0xD657, 0xC5F6, 0xBDB5, 0xC616, 0xCE37, 0xDEB8, 0xEF19,
    0xF75A, 0xF77A, 0xF77A, 0xF77A, 0xFF9A, 0xFF9B, 0xFF9B, 0xFF9B, 0xFF9B, 0xFFBB, 0xFFBB, 0xFFBC,
    0xFFDC, 0xFFDC, 0xFFDC, 0xFFDC, 0xFFDC, 0xFFDC, 0xFFDC, 0xFFDC, 0xFFDC, 0xFFDC, 0xFFDC, 0xFFDC,
    0xFFDC, 0xFFDC, 0xFFDC, 0xFFDD, 0xFFDC, 0xFFDC, 0xFFDD, 0xFFDD, 0xFFDD, 0xFFFD, 0xFFFD, 0xFFFD,
    0xFFFD, 0xFFFD, 0xFFFD, 0xFFFD, 0xFFFD, 0xFFFD, 0xFFFD, 0xFFFD, 0xFFFD, 0xFFFD, 0xFFFD, 0xFFFD,
    0xFFFD, 0xFFFD, 0xFFFD, 0xFFFD, 0xFFFD, 0xFFFD, 0xFFFD, 0xFFFD, 0xFFFD, 0xFFFD, 0xFFFD, 0xFFFD,
    0xFFFD, 0xFFFD, 0xFFFD, 0xFFFD, 0xFFFD, 0xFFFD, 0xFFFD, 0xFFFD, 0xFFFD, 0xFFFD, 0xFFFD, 0xFFFD,
    0xFFFD, 0xFFFD, 0xFFFD, 0xFFFD, 0xFFDD, 0xFFDD, 0xFFDD, 0xFFDD, 0xFFDD, 0xFFDD, 0xFFDD, 0xFFDD,
    0xFFFD, 0xFFFD, 0xFFDD, 0xFFDD, 0xFFDD, 0xFFDD, 0xFFDC, 0xFFDC, 0xFFDC, 0xFFDC, 0xFFDC, 0xFFDC,
    0xFFDC, 0xFFDC, 0xFFDC, 0xFFDC, 0xFFDC, 0xFFDC, 0xFFDC, 0xFFBC, 0xFFBC, 0xFFBB, 0xFFBB, 0xFFBB,
    0xFFBB, 0xFFBB, 0xFFBB, 0xFF9B, 0xFF9B, 0xFF9A, 0xF77A, 0xF77A, 0xF75A, 0xF75A, 0xF75A, 0xEF39,
    0xDED8, 0xD657, 0xC5F6, 0xBDB5, 0xC5F6, 0xCE37, 0xDEB8, 0xE719, 0xF759, 0xF77A, 0xF77A, 0xF77A,
    0xFF9A, 0xFF9A, 0xFF9B, 0xFF9B, 0xFF9B, 0xFFBB, 0xFFBB, 0xFFBB, 0xFFDC, 0xFFDC, 0xFFDC, 0xFFDC,
    0xFFDC, 0xFFDC, 0xFFDC, 0xFFDC, 0xFFDC, 0xFFDC, 0xFFDC, 0xFFDC, 0xFFDC, 0xFFDC, 0xFFDC, 0xFFDC,
    0xFFDC, 0xFFDC, 0xFFDC, 0xFFDC, 0xFFDC, 0xFFDC, 0xFFFD, 0xFFFD, 0xFFFD, 0xFFFD, 0xFFFD, 0xFFFD,
    0xFFFD, 0xFFFD, 0xFFFD, 0xFFFD, 0xFFFD, 0xFFFD, 0xFFDD, 0xFFDD, 0xFFDD, 0xFFDD, 0xFFFD, 0xFFFD,
    0xFFFD, 0xFFFD, 0xFFFD, 0xFFFD, 0xFFFD, 0xFFFD, 0xFFDD, 0xFFDD, 0xFFFD, 0xFFFD, 0xFFFD, 0xFFFD,
    0xFFFD, 0xFFFD, 0xFFFD, 0xFFFD, 0xFFFD, 0xFFFD, 0xFFDD, 0xFFDD, 0xFFDD, 0xFFDD, 0xFFDD, 0xFFDD,
    0xFFFD, 0xFFFD, 0xFFFD, 0xFFFD, 0xFFDD, 0xFFDD, 0xFFDD, 0xFFDD, 0xFFDD, 0xFFDD, 0xFFDC, 0xFFDC,
    0xFFDC, 0xFFDC, 0xFFDC, 0xFFDC, 0xFFDC, 0xFFDC, 0xFFDC, 0xFFDC, 0xFFDC, 0xFFDC, 0xFFDC, 0xFFDC,
    0xFFDC, 0xFFBC, 0xFFBB, 0xFFBB, 0xFFBB, 0xFFBB, 0xFFBB, 0xFFBB, 0xFFBB, 0xFFBB, 0xFFBB, 0xFF9B,
    0xFF9A, 0xF77A, 0xF77A, 0xF77A, 0xF75A, 0xF75A, 0xF759, 0xEF39, 0xDEB8, 0xD657, 0xC5F6, 0xBDB5,
    0xC5F6, 0xCE37, 0xDEB8, 0xE719, 0xF759, 0xF77A, 0xF77A, 0xF77A, 0xFF9A, 0xFF9A, 0xFF9B, 0xFF9B,
    0xFF9B, 0xFFBB, 0xFFBB, 0xFFBB, 0xFFDC, 0xFFDC, 0xFFDC, 0xFFBC, 0xFFDC, 0xFFDC, 0xFFDC, 0xFFDC,
    0xFFDC, 0xFFDC, 0xFFDC, 0xFFDC, 0xFFDC, 0xFFDC, 0xFFDC, 0xFFDC, 0xFFDC, 0xFFDC, 0xFFDC, 0xFFDC,
    0xFFDC, 0xFFDC, 0xFFFD, 0xFFFD, 0xFFFD, 0xFFFD, 0xFFFD, 0xFFFD, 0xFFFD, 0xFFFD, 0xFFFD, 0xFFFD,
    0xFFFD, 0xFFFD, 0xFFFD, 0xFFFD, 0xFFFD, 0xFFFD, 0xFFFD, 0xFFFD, 0xFFFD, 0xFFFD, 0xFFFD, 0xFFFD,
    0xFFFD, 0xFFFD, 0xFFDD, 0xFFDD, 0xFFFD, 0xFFFD, 0xFFFD, 0xFFFD, 0xFFFD, 0xFFFD, 0xFFFD, 0xFFFD,
    0xFFFD, 0xFFFD, 0xFFDD, 0xFFDD, 0xFFDD, 0xFFDD, 0xFFDD, 0xFFFD, 0xFFFD, 0xFFFD, 0xFFFD, 0xFFFD,
    0xFFDD, 0xFFDD, 0xFFDD, 0xFFDD, 0xFFDC, 0xFFDC, 0xFFDC, 0xFFDC, 0xFFDC, 0xFFDC, 0xFFDC, 0xFFDC,
    0xFFDC, 0xFFDC, 0xFFDC, 0xFFDC, 0xFFDC, 0xFFDC, 0xFFDC, 0xFFDC, 0xFFDC, 0xFFBC, 0xFFBB, 0xFFBB,
    0xFFBB, 0xFFBB, 0xFFBB, 0xFFBB, 0xFF9B, 0xFF9B, 0xFF9B, 0xFF9B, 0xFF9A, 0xF77A, 0xF77A, 0xF77A,
    0xF77A, 0xF75A, 0xF759, 0xEF39, 0xDED8, 0xD657, 0xC5F6, 0xBDB5, 0xC5F6, 0xCE37, 0xDEB8, 0xEF19,
    0xF75A, 0xF77A, 0xF77A, 0xFF7A, 0xFF9A, 0xFF9B, 0xFF9B, 0xFF9B, 0xFF9B, 0xFFBB, 0xFFBB, 0xFFBC,
    0xFFDC, 0xFFDC, 0xFFDC, 0xFFDC, 0xFFDC, 0xFFDC, 0xFFDC, 0xFFDC, 0xFFDC, 0xFFDC, 0xFFDC, 0xFFDC,
    0xFFDC, 0xFFDC, 0xFFFD, 0xFFFD, 0xFFFD, 0xFFFD, 0xFFFD, 0xFFFD, 0xFFDC, 0xFFDC, 0xFFFD, 0xFFFD,
    0xFFFD, 0xFFFD, 0xFFFD, 0xFFFD, 0xFFFD, 0xFFFD, 0xFFFD, 0xFFFD, 0xFFFD, 0xFFFD, 0xFFFD, 0xFFFD,
    0xFFFD, 0xFFFD, 0xFFFD, 0xFFFD, 0xFFFD, 0xFFFD, 0xFFFD, 0xFFFD, 0xFFFD, 0xFFFD, 0xFFFD, 0xFFFD,
    0xFFFD, 0xFFFD, 0xFFFD, 0xFFFD, 0xFFFD, 0xFFFD, 0xFFFD, 0xFFFD, 0xFFFD, 0xFFFD, 0xFFFD, 0xFFFD,
    0xFFFD, 0xFFFD, 0xFFFD, 0xFFFD, 0xFFFD, 0xFFFD, 0xFFFD, 0xFFFD, 0xFFDD, 0xFFDD, 0xFFFD, 0xFFFD,
    0xFFDC, 0xFFDC, 0xFFDC, 0xFFDC, 0xFFDC, 0xFFDC, 0xFFDC, 0xFFDC, 0xFFDC, 0xFFDC, 0xFFDC, 0xFFDC,
    0xFFDC, 0xFFDC, 0xFFDC, 0xFFDC, 0xFFDC, 0xFFDC, 0xFFDC, 0xFFBB, 0xFFBB, 0xFFBB, 0xFFBB, 0xFFBB,
    0xFFBB, 0xFFBB, 0xFF9B, 0xFF9B, 0xFF9B, 0xFF9A, 0xF77A, 0xF77A, 0xF77A, 0xF77A, 0xF77A, 0xEF39,
    0xE6D8, 0xD657, 0xC5F6, 0xBDB5, 0xC5F6, 0xCE37, 0xDEB8, 0xEF19, 0xF75A, 0xF77A, 0xF77A, 0xFF9A,
    0xFF9A, 0xFF9B, 0xFF9B, 0xFF9B, 0xFF9B, 0xFFBB, 0xFFBB, 0xFFBB, 0xFFDC, 0xFFDC, 0xFFDC, 0xFFDC,
    0xFFDC, 0xFFDC, 0xFFDC, 0xFFDC, 0xFFDC, 0xFFDC, 0xFFDC, 0xFFDC, 0xFFDC, 0xFFDC, 0xFFDD, 0xFFDD,
    0xFFFD, 0xFFFD, 0xFFFD, 0xFFFD, 0xFFDC, 0xFFDC, 0xFFDD, 0xFFFD, 0xFFFD, 0xFFFD, 0xFFFD, 0xFFFD,
    0xFFFD, 0xFFFD, 0xFFFD, 0xFFFD, 0xFFFD, 0xFFFD, 0xFFFD, 0xFFFD, 0xFFFD, 0xFFFD, 0xFFFD, 0xFFFD,
    0xFFFD, 0xFFFD, 0xFFFD, 0xFFFD, 0xFFFD, 0xFFFD, 0xFFFD, 0xFFFD, 0xFFFD, 0xFFFD, 0xFFFD, 0xFFFD,
    0xFFFD, 0xFFFD, 0xFFFD, 0xFFFD, 0xFFFD, 0xFFFD, 0xFFFD, 0xFFFD, 0xFFFD, 0xFFFD, 0xFFFD, 0xFFFD,
    0xFFFD, 0xFFFD, 0xFFFD, 0xFFFD, 0xFFDD, 0xFFDD, 0xFFFD, 0xFFFC, 0xFFDC, 0xFFDC, 0xFFDC, 0xFFDC,
    0xFFDC, 0xFFDC, 0xFFDC, 0xFFDC, 0xFFDC, 0xFFDC, 0xFFDC, 0xFFDC, 0xFFDC, 0xFFDC, 0xFFDC, 0xFFDC,
    0xFFDC, 0xFFDC, 0xFFDC, 0xFFBC, 0xFFBB, 0xFFBB, 0xFFBB, 0xFFBB, 0xFFBB, 0xFFBB, 0xFF9B, 0xFF9B,
    0xFF9B, 0xFF9A, 0xF77A, 0xF77A, 0xF77A, 0xF75A, 0xF75A, 0xEF39, 0xE6D8, 0xD657, 0xC5F6, 0xBDB5,
    0xC5F6, 0xCE37, 0xDEB8, 0xE719, 0xF759, 0xF77A, 0xF77A, 0xF77A, 0xFF9A, 0xFF9B, 0xFF9B, 0xFF9B,
    0xFF9B, 0xFF9B, 0xFFBB, 0xFFBB, 0xFFBB, 0xFFDC, 0xFFDC, 0xFFDC, 0xFFDC, 0xFFDC, 0xFFDC, 0xFFDC,
    0xFFDC, 0xFFDC, 0xFFDC, 0xFFDC, 0xFFDC, 0xFFDC, 0xFFDC, 0xFFDC, 0xFFDC, 0xFFDC, 0xFFDC, 0xFFDC,
    0xFFDC, 0xFFDC, 0xFFDC, 0xFFDC, 0xFFDD, 0xFFDD, 0xFFFD, 0xFFFD, 0xFFFD, 0xFFFD, 0xFFFD, 0xFFFD,
    0xFFFD, 0xFFFD, 0xFFFD, 0xFFFD, 0xFFFD, 0xFFFD, 0xFFFD, 0xFFFD, 0xFFFD, 0xFFFD, 0xFFFD, 0xFFFD,
    0xFFFD, 0xFFFD, 0xFFFD, 0xFFFD, 0xFFFD, 0xFFFD, 0xFFFD, 0xFFFD, 0xFFFD, 0xFFFD, 0xFFFD, 0xFFDD,
    0xFFDD, 0xFFDD, 0xFFFD, 0xFFFD, 0xFFFD, 0xFFFD, 0xFFFD, 0xFFFD, 0xFFFD, 0xFFFD, 0xFFFD, 0xFFDC,
    0xFFDC, 0xFFDC, 0xFFDC, 0xFFDC, 0xFFDC, 0xFFDC, 0xFFDC, 0xFFDC, 0xFFDC, 0xFFDC, 0xFFDC, 0xFFDC,
    0xFFDC, 0xFFDC, 0xFFDC, 0xFFDC, 0xFFDC, 0xFFDC, 0xFFDC, 0xFFDC, 0xFFDC, 0xFFDC, 0xFFBC, 0xFFBB,
    0xFFBB, 0xFFBB, 0xFFBB, 0xFFBB, 0xFFBB, 0xFFBB, 0xFF9B, 0xFF9B, 0xFF9B, 0xF79A, 0xF77A, 0xF77A,
    0xF75A, 0xF759, 0xF759, 0xEF39, 0xE6D8, 0xD657, 0xC5F6, 0xBDB5, 0xC5F6, 0xCE37, 0xDEB8, 0xE719,
    0xF759, 0xF77A, 0xF77A, 0xF77A, 0xFF9A, 0xFF9B, 0xFF9B, 0xFF9B, 0xFF9B, 0xFFBB, 0xFFBB, 0xFFBB,
    0xFFBB, 0xFFDC, 0xFFDC, 0xFFDC, 0xFFDC, 0xFFDC, 0xFFDC, 0xFFDC, 0xFFDC, 0xFFDC, 0xFFDC, 0xFFDC,
    0xFFDC, 0xFFDC, 0xFFDC, 0xFFDC, 0xFFDC, 0xFFDC, 0xFFDC, 0xFFDC, 0xFFDC, 0xFFDC, 0xFFDC, 0xFFDC,
    0xFFDC, 0xFFFD, 0xFFFD, 0xFFFD, 0xFFFD, 0xFFFD, 0xFFDD, 0xFFDD, 0xFFFD, 0xFFFD, 0xFFFD, 0xFFFD,
    0xFFFD, 0xFFFD, 0xFFFD, 0xFFFD, 0xFFFD, 0xFFFD, 0xFFFD, 0xFFFD, 0xFFFD, 0xFFFD, 0xFFFD, 0xFFFD,
    0xFFFD, 0xFFFD, 0xFFFD, 0xFFFD, 0xFFFD, 0xFFFD, 0xFFDD, 0xFFDD, 0xFFDD, 0xFFDD, 0xFFFD, 0xFFFD,
    0xFFFD, 0xFFFD, 0xFFFD, 0xFFFD, 0xFFFD, 0xFFFD, 0xFFFC, 0xFFDC, 0xFFDC, 0xFFDC, 0xFFDC, 0xFFDC,
    0xFFDC, 0xFFDC, 0xFFDC, 0xFFDC, 0xFFDC, 0xFFDC, 0xFFDC, 0xFFDC, 0xFFDC, 0xFFDC, 0xFFDC, 0xFFDC,
    0xFFDC, 0xFFDC, 0xFFDC, 0xFFDC, 0xFFDC, 0xFFDC, 0xFFBC, 0xFFBB, 0xFFBB, 0xFFBB, 0xFFBB, 0xFFBB,
    0xFFBB, 0xFFBB, 0xFF9B, 0xFF9B, 0xFF9B, 0xFF9A, 0xF77A, 0xF77A, 0xF759, 0xF759, 0xF759, 0xEF19,
    0xE6D8, 0xD657, 0xC5F6, 0xBDB5, 0xC5F6, 0xCE37, 0xDEB8, 0xE719, 0xF75A, 0xF77A, 0xF77A, 0xF77A,
    0xFF9A, 0xFF9B, 0xFF9B, 0xFFBB, 0xFFBB, 0xFFBB, 0xFFBB, 0xFFBB, 0xFFBB, 0xFFDC, 0xFFDC, 0xFFDC,
    0xFFDC, 0xFFDC, 0xFFDC, 0xFFDC, 0xFFDC, 0xFFDC, 0xFFDC, 0xFFDC, 0xFFDC, 0xFFDC, 0xFFDC, 0xFFDC,
    0xFFDC, 0xFFDC, 0xFFDD, 0xFFFD, 0xFFFD, 0xFFFD, 0xFFFD, 0xFFFD, 0xFFFD, 0xFFFD, 0xFFFD, 0xFFFD,
    0xFFFD, 0xFFFD, 0xFFFD, 0xFFFD, 0xFFFD, 0xFFFD, 0xFFFD, 0xFFFD, 0xFFFD, 0xFFFD, 0xFFFD, 0xFFFD,
    0xFFFD, 0xFFFD, 0xFFFD, 0xFFFD, 0xFFFD, 0xFFFD, 0xFFFD, 0xFFFD, 0xFFFD, 0xFFFD, 0xFFFD, 0xFFFD,
    0xFFFD, 0xFFFD, 0xFFFD, 0xFFFD, 0xFFFD, 0xFFFD, 0xFFFD, 0xFFFD, 0xFFFD, 0xFFFD, 0xFFFD, 0xFFFD,
    0xFFFD, 0xFFFD, 0xFFFD, 0xFFFD, 0xFFFD, 0xFFFD, 0xFFFD, 0xFFFD, 0xFFDD, 0xFFDC, 0xFFDC, 0xFFDC,
    0xFFDC, 0xFFDC, 0xFFDC, 0xFFDC, 0xFFDC, 0xFFDC, 0xFFDC, 0xFFDC, 0xFFDC, 0xFFDC, 0xFFDC, 0xFFDC,
    0xFFDC, 0xFFDC, 0xFFBB, 0xFFBB, 0xFFBB, 0xFFBB, 0xFFBB, 0xFFBB, 0xFFBB, 0xFFBB, 0xFF9B, 0xFF9B,
    0xFF9B, 0xFF9A, 0xFF7A, 0xF77A, 0xF75A, 0xF759, 0xF759, 0xEF39, 0xE6D8, 0xD657, 0xC5F6, 0xBDB5,
    0xC5F6, 0xCE36, 0xDEB8, 0xE719, 0xF75A, 0xF77A, 0xF77A, 0xF77A, 0xFF9A, 0xFF9B, 0xFF9B, 0xFFBB,
    0xFFBB, 0xFFBB, 0xFFBB, 0xFFBB, 0xFFBB, 0xFFDC, 0xFFDC, 0xFFDC, 0xFFDC, 0xFFDC, 0xFFDC, 0xFFDC,
    0xFFDC, 0xFFDC, 0xFFDC, 0xFFDC, 0xFFDC, 0xFFDC, 0xFFDC, 0xFFDC, 0xFFDC, 0xFFDC, 0xFFDC, 0xFFFD,
    0xFFFD, 0xFFFD, 0xFFFD, 0xFFFD, 0xFFFD, 0xFFFD, 0xFFFD, 0xFFFD, 0xFFFD, 0xFFFD, 0xFFFD, 0xFFFD,
    0xFFFD, 0xFFFD, 0xFFFD, 0xFFFD, 0xFFFD, 0xFFFD, 0xFFFD, 0xFFFD, 0xFFFD, 0xFFFD, 0xFFFD, 0xFFFD,
    0xFFFD, 0xFFFD, 0xFFFD, 0xFFFD, 0xFFFD, 0xFFFD, 0xFFFD, 0xFFFD, 0xFFFD, 0xFFFD, 0xFFFD, 0xFFFD,
    0xFFFD, 0xFFFD, 0xFFFD, 0xFFFD, 0xFFFD, 0xFFFD, 0xFFDD, 0xFFDC, 0xFFFD, 0xFFFD, 0xFFFD, 0xFFFD,
    0xFFFD, 0xFFFD, 0xFFFD, 0xFFFD, 0xFFDD, 0xFFDD, 0xFFDD, 0xFFDC, 0xFFDC, 0xFFDC, 0xFFDC, 0xFFDC,
    0xFFDC, 0xFFDC, 0xFFDC, 0xFFDC, 0xFFDC, 0xFFDC, 0xFFDC, 0xFFDC, 0xFFDC, 0xFFDC, 0xFFBB, 0xFFBB,
    0xFFBB, 0xFFBB, 0xFFBB, 0xFFBB, 0xFFBB, 0xFFBB, 0xFF9B, 0xFF9B, 0xFF9B, 0xFF9A, 0xFF7A, 0xF77A,
    0xF75A, 0xF759, 0xF759, 0xEF39, 0xE6D8, 0xD657, 0xC5F6, 0xBDB5, 0xC5D6, 0xCE16, 0xDEB8, 0xE719,
    0xF75A, 0xF77A, 0xF77A, 0xF77A, 0xFF7A, 0xFF9A, 0xFF9B, 0xFF9B, 0xFFBB, 0xFFBB, 0xFFBB, 0xFFBB,
    0xFFBB, 0xFFBB, 0xFFBB, 0xFFBB, 0xFFBB, 0xFFBC, 0xFFDC, 0xFFDC, 0xFFDC, 0xFFDC, 0xFFDC, 0xFFDC,
    0xFFDC, 0xFFDC, 0xFFDC, 0xFFDC, 0xFFDC, 0xFFDC, 0xFFDC, 0xFFDC, 0xFFDC, 0xFFDC, 0xFFDD, 0xFFDD,
    0xFFDC, 0xFFDC, 0xFFDD, 0xFFDD, 0xFFDD, 0xFFDD, 0xFFDC, 0xFFDC, 0xFFDC, 0xFFDC, 0xFFDD, 0xFFDD,
    0xFFDD, 0xFFDD, 0xFFDD, 0xFFDD, 0xFFDD, 0xFFDD, 0xFFDD, 0xFFFD, 0xFFFD, 0xFFFD, 0xFFFD, 0xFFFD,
    0xFFFD, 0xFFFD, 0xFFFD, 0xFFDD, 0xFFDD, 0xFFDD, 0xFFDC, 0xFFDC, 0xFFDC, 0xFFDC, 0xFFDD, 0xFFDD,
    0xFFDD, 0xFFDC, 0xFFDC, 0xFFDC, 0xFFDC, 0xFFDC, 0xFFDD, 0xFFDD, 0xFFDD, 0xFFDD, 0xFFDC, 0xFFDC,
    0xFFDC, 0xFFDC, 0xFFDC, 0xFFDC, 0xFFDC, 0xFFDC, 0xFFDC, 0xFFDC, 0xFFDC, 0xFFDC, 0xFFDC, 0xFFDC,
    0xFFDC, 0xFFDC, 0xFFDC, 0xFFBC, 0xFFBB, 0xFFBB, 0xFFBB, 0xFFBB, 0xFFBB, 0xFFBB, 0xFFBB, 0xFFBB,
    0xFF9B, 0xFF9B, 0xFF9B, 0xFF9A, 0xFF9A, 0xFF9A, 0xF77A, 0xF77A, 0xF759, 0xF759, 0xF759, 0xEF39,
    0xDEB8, 0xD657, 0xC5F5, 0xBDB5, 0xC5D6, 0xCE16, 0xDEB8, 0xE719, 0xF759, 0xF77A, 0xF77A, 0xF77A,
    0xF77A, 0xFF9A, 0xFF9B, 0xFF9B, 0xFFBB, 0xFFBB, 0xFFBB, 0xFFBB, 0xFFBB, 0xFFBB, 0xFFBB, 0xFFBB,
    0xFFBB, 0xFFBB, 0xFFBB, 0xFFDC, 0xFFDC, 0xFFDC, 0xFFDC, 0xFFDC, 0xFFDC, 0xFFDC, 0xFFDC, 0xFFDC,
    0xFFDC, 0xFFDC, 0xFFDC, 0xFFDC, 0xFFDC, 0xFFDC, 0xFFDC, 0xFFDD, 0xFFDC, 0xFFDC, 0xFFDC, 0xFFDD,
    0xFFDD, 0xFFDD, 0xFFDC, 0xFFDC, 0xFFDC, 0xFFDC, 0xFFDD, 0xFFDD, 0xFFDD, 0xFFDD, 0xFFDC, 0xFFDC,
    0xFFDD, 0xFFDD, 0xFFDD, 0xFFDD, 0xFFFD, 0xFFFD, 0xFFDD, 0xFFDD, 0xFFFD, 0xFFFD, 0xFFDD, 0xFFDD,
    0xFFDD, 0xFFDC, 0xFFDC, 0xFFDC, 0xFFDC, 0xFFDC, 0xFFDC, 0xFFDC, 0xFFDC, 0xFFDC, 0xFFDC, 0xFFDC,
    0xFFDC, 0xFFDC, 0xFFDC, 0xFFDD, 0xFFDD, 0xFFDD, 0xFFDC, 0xFFDC, 0xFFDC, 0xFFDC, 0xFFDC, 0xFFDC,
    0xFFDC, 0xFFDC, 0xFFDC, 0xFFDC, 0xFFDC, 0xFFDC, 0xFFDC, 0xFFDC, 0xFFDC, 0xFFDC, 0xFFBC, 0xFFBB,
    0xFFBB, 0xFFBB, 0xFFBB, 0xFFBB, 0xFFBB, 0xFFBB, 0xFFBB, 0xFFBB, 0xFF9B, 0xFF9B, 0xFF9B, 0xFF9A,
    0xFF9A, 0xF77A, 0xF77A, 0xF77A, 0xF759, 0xF759, 0xF759, 0xEF39, 0xDEB8, 0xD657, 0xC5D5, 0xBDB5,
    0xC5D6, 0xCE16, 0xDEB8, 0xE719, 0xF759, 0xF75A, 0xF75A, 0xF77A, 0xF77A, 0xFF9A, 0xFF9B, 0xFF9B,
    0xFFBB, 0xFFBB, 0xFFBB, 0xFFBB, 0xFFBB, 0xFFBB, 0xFFBB, 0xFFBB, 0xFFBB, 0xFFBB, 0xFFBB, 0xFFBB,
    0xFFBB, 0xFFDB, 0xFFDC, 0xFFDC, 0xFFDC, 0xFFDC, 0xFFDC, 0xFFDC, 0xFFDC, 0xFFDC, 0xFFDC, 0xFFDC,
    0xFFDC, 0xFFDC, 0xFFFD, 0xFFFD, 0xFFDD, 0xFFDD, 0xFFDD, 0xFFDD, 0xFFDD, 0xFFDD, 0xFFFD, 0xFFFD,
    0xFFFD, 0xFFFD, 0xFFFD, 0xFFFD, 0xFFFD, 0xFFFD, 0xFFDD, 0xFFDD, 0xFFDD, 0xFFDD, 0xFFFD, 0xFFFD,
    0xFFFD, 0xFFFD, 0xFFFD, 0xFFFD, 0xFFFD, 0xFFFD, 0xFFDD, 0xFFDD, 0xFFFD, 0xFFFD, 0xFFFC, 0xFFDC,
    0xFFDC, 0xFFDC, 0xFFFD, 0xFFFD, 0xFFFC, 0xFFFC, 0xFFFC, 0xFFDC, 0xFFDC, 0xFFDD, 0xFFDD, 0xFFDD,
    0xFFFD, 0xFFFD, 0xFFFD, 0xFFFD, 0xFFDC, 0xFFDC, 0xFFDC, 0xFFDC, 0xFFDC, 0xFFDC, 0xFFDC, 0xFFDC,
    0xFFDC, 0xFFDC, 0xFFDC, 0xFFDC, 0xFFDC, 0xFFBC, 0xFFBB, 0xFFBB, 0xFFBB, 0xFFBB, 0xFFBB, 0xFFBB,
    0xFFBB, 0xFFBB, 0xFFBB, 0xFFBB, 0xFF9B, 0xFF9B, 0xFF9B, 0xFF9A, 0xFF9A, 0xF77A, 0xF77A, 0xF77A,
    0xF759, 0xF759, 0xF759, 0xEF19, 0xDEB8, 0xD657, 0xC5D5, 0xBD95, 0xC5D6, 0xCE16, 0xDE98, 0xE6F9,
    0xF739, 0xF759, 0xF759, 0xF77A, 0xF77A, 0xFF9A, 0xFF9B, 0xFF9B, 0xFF9B, 0xFFBB, 0xFFBB, 0xFFBB,
    0xFFBB, 0xFFBB, 0xFFBB, 0xFFBB, 0xFFBB, 0xFFBB, 0xFFBB, 0xFFBB, 0xFFBB, 0xFFDC, 0xFFDC, 0xFFDC,
    0xFFDC, 0xFFDC, 0xFFDC, 0xFFDC, 0xFFDC, 0xFFDC, 0xFFDC, 0xFFDC, 0xFFDC, 0xFFDC, 0xFFDC, 0xFFDC,
    0xFFDD, 0xFFDD, 0xFFDC, 0xFFDC, 0xFFDD, 0xFFDD, 0xFFDC, 0xFFFC, 0xFFFD, 0xFFFD, 0xFFFD, 0xFFFD,
    0xFFFD, 0xFFDD, 0xFFDC, 0xFFDC, 0xFFDC, 0xFFDD, 0xFFFD, 0xFFFD, 0xFFFD, 0xFFFD, 0xFFFD, 0xFFFD,
    0xFFFD, 0xFFDD, 0xFFDD, 0xFFDD, 0xFFFD, 0xFFFC, 0xFFFC, 0xFFFC, 0xFFDC, 0xFFDC, 0xFFFD, 0xFFFD,
    0xFFFC, 0xFFFC, 0xFFFC, 0xFFDC, 0xFFDC, 0xFFDC, 0xFFDC, 0xFFDC, 0xFFFD, 0xFFFD, 0xFFFD, 0xFFDC,
    0xFFDC, 0xFFDC, 0xFFDC, 0xFFDC, 0xFFDC, 0xFFDC, 0xFFDC, 0xFFDC, 0xFFDC, 0xFFDC, 0xFFDC, 0xFFDC,
    0xFFBC, 0xFFBB, 0xFFBB, 0xFFBB, 0xFFBB, 0xFFBB, 0xFFBB, 0xFFBB, 0xFFBB, 0xFFBB, 0xFFBB, 0xFF9B,
    0xFF9B, 0xFF9B, 0xFF9A, 0xFF9A, 0xF77A, 0xF77A, 0xF77A, 0xF77A, 0xF759, 0xF759, 0xF759, 0xEF19,
    0xDEB8, 0xD657, 0xC5D5, 0xBD95, 0xC5D6, 0xCE16, 0xDE98, 0xE6F9, 0xEF39, 0xF759, 0xF759, 0xF77A,
    0xF77A, 0xF77A, 0xFF9A, 0xFF9B, 0xFF9B, 0xFF9B, 0xFFBB, 0xFFBB, 0xFFBB, 0xFFBB, 0xFFBB, 0xFFBB,
    0xFFBB, 0xFFBB, 0xFFBC, 0xFFBC, 0xFFDC, 0xFFDC, 0xFFDC, 0xFFDC, 0xFFDC, 0xFFDC, 0xFFDC, 0xFFDC,
    0xFFDC, 0xFFDC, 0xFFDC, 0xFFDC, 0xFFDC, 0xFFDC, 0xFFDC, 0xFFDC, 0xFFDC, 0xFFDC, 0xFFDC, 0xFFDC,
    0xFFDC, 0xFFDC, 0xFFDC, 0xFFDC, 0xFFDC, 0xFFDC, 0xFFDC, 0xFFDC, 0xFFDC, 0xFFDC, 0xFFDC, 0xFFDC,
    0xFFDC, 0xFFDC, 0xFFDC, 0xFFDC, 0xFFDC, 0xFFDC, 0xFFDC, 0xFFDC, 0xFFDC, 0xFFDC, 0xFFDC, 0xFFDC,
    0xFFDC, 0xFFDC, 0xFFDC, 0xFFDC, 0xFFDC, 0xFFDC, 0xFFDC, 0xFFDC, 0xFFDC, 0xFFDC, 0xFFDC, 0xFFDC,
    0xFFDC, 0xFFDC, 0xFFDC, 0xFFDC, 0xFFDC, 0xFFDC, 0xFFDC, 0xFFDC, 0xFFDC, 0xFFDC, 0xFFDC, 0xFFDC,
    0xFFDC, 0xFFDC, 0xFFDC, 0xFFDC, 0xFFDC, 0xFFBB, 0xFFBB, 0xFFBB, 0xFFBB, 0xFFBB, 0xFFBC, 0xFFBC,
    0xFFBB, 0xFFBB, 0xFFBB, 0xFFBB, 0xFF9B, 0xFF9B, 0xFF9B, 0xFF9B, 0xFF9B, 0xFF9B, 0xFF9A, 0xFF7A,
    0xF77A, 0xF77A, 0xF77A, 0xF77A, 0xF759, 0xF759, 0xF759, 0xEF19, 0xDEB8, 0xCE57, 0xC5D5, 0xBD95,
    0xC5D6, 0xCE16, 0xDE98, 0xE6F9, 0xEF39, 0xF759, 0xF759, 0xF77A, 0xF77A, 0xF77A, 0xF77A, 0xFF9A,
    0xFF9B, 0xFF9B, 0xFFBB, 0xFFBB, 0xFFBB, 0xFFBB, 0xFFBB, 0xFFBC, 0xFFBC, 0xFFBC, 0xFFBC, 0xFFBC,
    0xFFDC, 0xFFDC, 0xFFDC, 0xFFDC, 0xFFDC, 0xFFDC, 0xFFDC, 0xFFDC, 0xFFDC, 0xFFDC, 0xFFDC, 0xFFDC,
    0xFFDC, 0xFFDC, 0xFFDC, 0xFFDC, 0xFFDC, 0xFFDC, 0xFFDC, 0xFFDC, 0xFFDC, 0xFFDC, 0xFFDC, 0xFFDC,
    0xFFDC, 0xFFDC, 0xFFDC, 0xFFDC, 0xFFDC, 0xFFDC, 0xFFDC, 0xFFDC, 0xFFDC, 0xFFDC, 0xFFDC, 0xFFDC,
    0xFFDC, 0xFFDC, 0xFFDC, 0xFFDC, 0xFFDC, 0xFFDC, 0xFFDC, 0xFFDC, 0xFFDC, 0xFFDC, 0xFFDC, 0xFFDC,
    0xFFDC, 0xFFDC, 0xFFDC, 0xFFDC, 0xFFDC, 0xFFDC, 0xFFDC, 0xFFDC, 0xFFDC, 0xFFDC, 0xFFDC, 0xFFDC,
    0xFFDC, 0xFFDC, 0xFFDC, 0xFFDC, 0xFFDC, 0xFFDC, 0xFFDC, 0xFFDC, 0xFFDC, 0xFFDC, 0xFFDC, 0xFFDC,
    0xFFDC, 0xFFBC, 0xFFBB, 0xFFBB, 0xFFBB, 0xFFBB, 0xFFBB, 0xFFBB, 0xFFBB, 0xFFBB, 0xFFBB, 0xFF9B,
    0xFF9B, 0xFF9B, 0xFF9B, 0xFF9B, 0xFF9B, 0xFF9B, 0xFF9A, 0xFF9A, 0xF77A, 0xF77A, 0xF77A, 0xF77A,
    0xF75A, 0xF759, 0xF759, 0xEF19, 0xDEB8, 0xCE36, 0xC5D5, 0xBD95, 0xC5F6, 0xCE36, 0xDEB8, 0xE6F9,
    0xEF39, 0xF759, 0xF75A, 0xF77A, 0xF77A, 0xF77A, 0xFF9A, 0xFF9B, 0xFF9B, 0xFF9B, 0xFFBB, 0xFFBB,
    0xFFBB, 0xFFBB, 0xFFDC, 0xFFBC, 0xFFBC, 0xFFBB, 0xFFBB, 0xFFBB, 0xFFBB, 0xFFBC, 0xFFDC, 0xFFDC,
    0xFFDC, 0xFFDC, 0xFFDC, 0xFFDC, 0xFFDC, 0xFFDC, 0xFFDC, 0xFFDC, 0xFFDC, 0xFFDC, 0xFFDC, 0xFFDC,
    0xFFDC, 0xFFDC, 0xFFDC, 0xFFDC, 0xFFDC, 0xFFDC, 0xFFDC, 0xFFDC, 0xFFDC, 0xFFDC, 0xFFFD, 0xFFFD,
    0xFFDC, 0xFFDC, 0xFFDC, 0xFFDC, 0xFFDD, 0xFFDD, 0xFFDD, 0xFFDD, 0xFFDC, 0xFFDC, 0xFFDC, 0xFFDC,
    0xFFDC, 0xFFDC, 0xFFDC, 0xFFDC, 0xFFDD, 0xFFDD, 0xFFFD, 0xFFFD, 0xFFDD, 0xFFDD, 0xFFDD, 0xFFDD,
    0xFFDC, 0xFFDC, 0xFFDC, 0xFFDC, 0xFFDC, 0xFFDC, 0xFFDC, 0xFFDC, 0xFFDC, 0xFFDC, 0xFFDC, 0xFFDC,
    0xFFDC, 0xFFDC, 0xFFDC, 0xFFDC, 0xFFDC, 0xFFDC, 0xFFDC, 0xFFDC, 0xFFDC, 0xFFDC, 0xFFDC, 0xFFBC,
    0xFFBC, 0xFFBB, 0xFFBB, 0xFFBB, 0xFFBB, 0xFFBB, 0xFF9B, 0xFF9B, 0xFF9B, 0xFF9B, 0xFF9B, 0xFF9B,
    0xFF9B, 0xFF9B, 0xFF9B, 0xFF9B, 0xFF9A, 0xFF7A, 0xF77A, 0xF77A, 0xF75A, 0xF759, 0xF759, 0xEF19,
    0xDEB8, 0xCE36, 0xBDD5, 0xB594, 0xC5F6, 0xCE36, 0xDEB8, 0xE6F9, 0xEF39, 0xF759, 0xF75A, 0xF77A,
    0xF77A, 0xF77A, 0xFF9A, 0xFF9B, 0xFF9B, 0xFF9B, 0xFFBB, 0xFFBB, 0xFFBB, 0xFFBC, 0xFFDC, 0xFFBC,
    0xFFBB, 0xFFBB, 0xFFBB, 0xFFBB, 0xFFBB, 0xFFBC, 0xFFDC, 0xFFDC, 0xFFDC, 0xFFDC, 0xFFDC, 0xFFDC,
    0xFFDC, 0xFFDC, 0xFFDC, 0xFFDC, 0xFFDC, 0xFFDC, 0xFFDC, 0xFFDC, 0xFFDC, 0xFFDC, 0xFFDC, 0xFFDC,
    0xFFDC, 0xFFDC, 0xFFDC, 0xFFDC, 0xFFDC, 0xFFDC, 0xFFFD, 0xFFFD, 0xFFDD, 0xFFDD, 0xFFDD, 0xFFDD,
    0xFFDD, 0xFFDD, 0xFFDD, 0xFFDD, 0xFFDD, 0xFFDD, 0xFFDD, 0xFFDC, 0xFFDC, 0xFFDC, 0xFFDC, 0xFFDC,
    0xFFDD, 0xFFDD, 0xFFDD, 0xFFDD, 0xFFDD, 0xFFDD, 0xFFDD, 0xFFDD, 0xFFDD, 0xFFDC, 0xFFDC, 0xFFDC,
    0xFFDC, 0xFFDC, 0xFFDC, 0xFFDC, 0xFFDC, 0xFFDC, 0xFFDC, 0xFFDC, 0xFFDC, 0xFFDC, 0xFFDC, 0xFFDC,
    0xFFDC, 0xFFDC, 0xFFDC, 0xFFDC, 0xFFDC, 0xFFDC, 0xFFDC, 0xFFDC, 0xFFBC, 0xFFBB, 0xFFBB, 0xFFBB,
    0xFFBB, 0xFFBB, 0xFFBB, 0xFFBB, 0xFF9B, 0xFF9B, 0xFF9B, 0xFF9B, 0xFF9B, 0xFF9B, 0xFF9B, 0xFF9B,
    0xFF9B, 0xFF9A, 0xF77A, 0xF75A, 0xF759, 0xF759, 0xF739, 0xEF19, 0xDEB8, 0xCE36, 0xBDD5, 0xB594,
    0xC5D6, 0xCE16, 0xDE98, 0xE6F9, 0xEF39, 0xF759, 0xF75A, 0xF77A, 0xF77A, 0xF77A, 0xFF9A, 0xFF9B,
    0xFF9B, 0xFF9B, 0xFFBB, 0xFFBB, 0xFFBB, 0xFFBB, 0xFFBB, 0xFFBB, 0xFFBB, 0xFFBB, 0xFFBB, 0xFFBB,
    0xFFBB, 0xFFBC, 0xFFDC, 0xFFDC, 0xFFDC, 0xFFDC, 0xFFDC, 0xFFDC, 0xFFDC, 0xFFDC, 0xFFDC, 0xFFDC,
    0xFFDC, 0xFFDC, 0xFFDC, 0xFFDC, 0xFFDC, 0xFFDC, 0xFFDC, 0xFFDC, 0xFFDC, 0xFFDC, 0xFFDC, 0xFFDC,
    0xFFDC, 0xFFDC, 0xFFDC, 0xFFDC, 0xFFDC, 0xFFDC, 0xFFDD, 0xFFDD, 0xFFDC, 0xFFDC, 0xFFDD, 0xFFDD,
    0xFFDC, 0xFFDC, 0xFFDC, 0xFFDC, 0xFFDC, 0xFFDC, 0xFFDC, 0xFFDC, 0xFFDC, 0xFFDC, 0xFFDC, 0xFFDC,
    0xFFDC, 0xFFDC, 0xFFDC, 0xFFDC, 0xFFDC, 0xFFDC, 0xFFDC, 0xFFDC, 0xFFDC, 0xFFDC, 0xFFDC, 0xFFDC,
    0xFFDC, 0xFFDC, 0xFFDC, 0xFFDC, 0xFFDC, 0xFFDC, 0xFFDC, 0xFFDC, 0xFFDC, 0xFFDC, 0xFFDC, 0xFFDC,
    0xFFDC, 0xFFDC, 0xFFDC, 0xFFBB, 0xFFBB, 0xFFBB, 0xFFBB, 0xFFBB, 0xFFBB, 0xFFBB, 0xFFBB, 0xFFBB,
    0xFFBB, 0xFF9B, 0xFF9B, 0xFF9B, 0xFF9B, 0xFF9B, 0xFF9B, 0xFF9A, 0xFF9A, 0xFF7A, 0xF77A, 0xF75A,
    0xF759, 0xF739, 0xF739, 0xEF18, 0xDEB7, 0xCE36, 0xBDD5, 0xB594, 0xBDD5, 0xC616, 0xD698, 0xE6F9,
    0xEF39, 0xF759, 0xF759, 0xF77A, 0xF77A, 0xF77A, 0xFF9A, 0xFF9B, 0xFF9B, 0xFF9B, 0xFF9B, 0xFFBB,
    0xFFBB, 0xFFBB, 0xFFBB, 0xFFBB, 0xFFBB, 0xFFBB, 0xFFBB, 0xFFBB, 0xFFBB, 0xFFBB, 0xFFDC, 0xFFDC,
    0xFFDC, 0xFFDC, 0xFFDC, 0xFFDC, 0xFFDC, 0xFFDC, 0xFFDC, 0xFFDC, 0xFFDC, 0xFFDC, 0xFFDC, 0xFFDC,
    0xFFDC, 0xFFDC, 0xFFDC, 0xFFDC, 0xFFDC, 0xFFDC, 0xFFDC, 0xFFDC, 0xFFDC, 0xFFDC, 0xFFDC, 0xFFDC,
    0xFFDC, 0xFFDC, 0xFFDC, 0xFFDC, 0xFFDC, 0xFFDC, 0xFFDC, 0xFFDC, 0xFFDC, 0xFFDC, 0xFFDC, 0xFFDC,
    0xFFDC, 0xFFDC, 0xFFDC, 0xFFDC, 0xFFDC, 0xFFDC, 0xFFDC, 0xFFDC, 0xFFDC, 0xFFDC, 0xFFDC, 0xFFDC,
    0xFFDC, 0xFFDC, 0xFFDC, 0xFFDC, 0xFFDC, 0xFFDC, 0xFFDC, 0xFFDC, 0xFFDC, 0xFFDC, 0xFFDC, 0xFFDC,
    0xFFDC, 0xFFDC, 0xFFDC, 0xFFDC, 0xFFDC, 0xFFDC, 0xFFBC, 0xFFBC, 0xFFDC, 0xFFBB, 0xFFBB, 0xFFBB,
    0xFFBB, 0xFFBB, 0xFFBB, 0xFFBB, 0xFFBB, 0xFFBB, 0xFFBB, 0xFFBB, 0xFF9B, 0xFF9B, 0xFF9B, 0xFF9B,
    0xFF9B, 0xFF9B, 0xFF9A, 0xFF7A, 0xFF7A, 0xF77A, 0xF77A, 0xF759, 0xF759, 0xF739, 0xF739, 0xEEF8,
    0xDEB7, 0xCE36, 0xBDD5, 0xB594, 0xBDD5, 0xC616, 0xD698, 0xE6F9, 0xEF39, 0xF759, 0xF759, 0xF77A,
    0xF77A, 0xF77A, 0xFF9A, 0xFF9A, 0xFF9A, 0xFF9A, 0xFF9B, 0xFF9B, 0xFFBB, 0xFFBB, 0xFFBB, 0xFFBB,
    0xFFBB, 0xFFBB, 0xFFBB, 0xFFBB, 0xFFBB, 0xFFBB, 0xFFBB, 0xFFBB, 0xFFBC, 0xFFDC, 0xFFDC, 0xFFDC,
    0xFFDC, 0xFFDC, 0xFFDC, 0xFFDC, 0xFFDC, 0xFFDC, 0xFFDC, 0xFFDC, 0xFFDC, 0xFFDC, 0xFFDC, 0xFFDC,
    0xFFDC, 0xFFDC, 0xFFDC, 0xFFDC, 0xFFDC, 0xFFDC, 0xFFDC, 0xFFDC, 0xFFDC, 0xFFDC, 0xFFDC, 0xFFDC,
    0xFFDC, 0xFFDC, 0xFFDC, 0xFFDC, 0xFFDC, 0xFFDC, 0xFFDC, 0xFFDC, 0xFFDC, 0xFFDC, 0xFFDC, 0xFFDC,
    0xFFDC, 0xFFDC, 0xFFDC, 0xFFDC, 0xFFDC, 0xFFDC, 0xFFDC, 0xFFDC, 0xFFDC, 0xFFDC, 0xFFDC, 0xFFDC,
    0xFFDC, 0xFFDC, 0xFFDC, 0xFFDC, 0xFFDC, 0xFFDC, 0xFFDC, 0xFFBC, 0xFFBC, 0xFFBB, 0xFFBC, 0xFFBC,
    0xFFBB, 0xFFBB, 0xFFBB, 0xFFBB, 0xFFBB, 0xFFBB, 0xFFBB, 0xFFBB, 0xFFBB, 0xFFBB, 0xFFBB, 0xFFBB,
    0xFFBB, 0xFFBB, 0xFFBB, 0xFF9B, 0xFF9B, 0xFF9B, 0xFF9B, 0xFF9B, 0xFF9B, 0xFF9A, 0xFF9A, 0xF77A,
    0xF77A, 0xF77A, 0xF75A, 0xF759, 0xF759, 0xF739, 0xF739, 0xEEF8, 0xDE97, 0xCE36, 0xBDB5, 0xB594,
    0xBDD5, 0xC616, 0xD698, 0xE6F8, 0xEF19, 0xF759, 0xF759, 0xF75A, 0xF77A, 0xF77A, 0xFF7A, 0xFF9A,
    0xFF9A, 0xFF9A, 0xFF9B, 0xFF9B, 0xFF9B, 0xFF9B, 0xFFBB, 0xFFBB, 0xFFBB, 0xFFBB, 0xFFBB, 0xFFBB,
    0xFFBB, 0xFFBB, 0xFFBB, 0xFFBB, 0xFFBB, 0xFFBB, 0xFFBC, 0xFFBC, 0xFFDC, 0xFFDC, 0xFFDC, 0xFFDC,
    0xFFDC, 0xFFDC, 0xFFDC, 0xFFDC, 0xFFDC, 0xFFDC, 0xFFDC, 0xFFDC, 0xFFDC, 0xFFDC, 0xFFDC, 0xFFDC,
    0xFFDC, 0xFFDC, 0xFFDC, 0xFFDC, 0xFFDC, 0xFFDC, 0xFFDC, 0xFFDC, 0xFFDC, 0xFFDC, 0xFFDC, 0xFFDC,
    0xFFDC, 0xFFDC, 0xFFDC, 0xFFDC, 0xFFDC, 0xFFDC, 0xFFDC, 0xFFDC, 0xFFDC, 0xFFDC, 0xFFDC, 0xFFDC,
    0xFFDC, 0xFFDC, 0xFFDC, 0xFFDC, 0xFFDC, 0xFFDC, 0xFFDC, 0xFFDC, 0xFFDC, 0xFFDC, 0xFFDC, 0xFFDC,
    0xFFDC, 0xFFDC, 0xFFDC, 0xFFBC, 0xFFBB, 0xFFBB, 0xFFBB, 0xFFBB, 0xFFBB, 0xFFBB, 0xFFBB, 0xFFBB,
    0xFFBB, 0xFFBB, 0xFFBB, 0xFFBB, 0xFFBB, 0xFFBB, 0xFFBB, 0xFFBB, 0xFFBB, 0xFFBB, 0xFF9B, 0xFF9B,
    0xFF9B, 0xFF9B, 0xFF9B, 0xFF9A, 0xFF9A, 0xFF7A, 0xF77A, 0xF77A, 0xF77A, 0xF75A, 0xF759, 0xF759,
    0xF759, 0xF739, 0xF739, 0xEEF8, 0xDE97, 0xCE36, 0xBDB5, 0xB594, 0xBDB5, 0xC5F6, 0xD697, 0xE6F8,
    0xEF39, 0xF759, 0xF759, 0xF759, 0xF77A, 0xF77A, 0xFF7A, 0xFF9A, 0xFF9B, 0xFF9B, 0xFF9B, 0xFF9B,
    0xFF9B, 0xFF9B, 0xFFBB, 0xFFBB, 0xFFBB, 0xFFBB, 0xFFBB, 0xFFBB, 0xFFBB, 0xFFBB, 0xFFBB, 0xFFBB,
    0xFFBB, 0xFFBC, 0xFFBC, 0xFFDC, 0xFFDC, 0xFFDC, 0xFFDC, 0xFFDC, 0xFFDC, 0xFFDC, 0xFFDC, 0xFFDC,
    0xFFDC, 0xFFDC, 0xFFDC, 0xFFDC, 0xFFDC, 0xFFDC, 0xFFDC, 0xFFDC, 0xFFDC, 0xFFDC, 0xFFDC, 0xFFDC,
    0xFFDC, 0xFFDC, 0xFFDC, 0xFFDC, 0xFFDC, 0xFFDC, 0xFFDC, 0xFFDC, 0xFFDC, 0xFFDC, 0xFFDC, 0xFFDC,
    0xFFDC, 0xFFDC, 0xFFDC, 0xFFDC, 0xFFDC, 0xFFDC, 0xFFDC, 0xFFDC, 0xFFDC, 0xFFDC, 0xFFDC, 0xFFDC,
    0xFFDC, 0xFFDC, 0xFFDC, 0xFFDC, 0xFFDC, 0xFFDC, 0xFFDC, 0xFFDC, 0xFFDC, 0xFFDC, 0xFFDC, 0xFFDC,
    0xFFBB, 0xFFBB, 0xFFBB, 0xFFBB, 0xFFBB, 0xFFBB, 0xFFBB, 0xFFBB, 0xFFBB, 0xFFBB, 0xFFBB, 0xFFBB,
    0xFFBB, 0xFFBB, 0xFFBB, 0xFFBB, 0xFFBB, 0xFFBB, 0xFF9B, 0xFF9B, 0xFF9B, 0xFF9B, 0xFF9B, 0xFF9A,
    0xFF9A, 0xFF7A, 0xF77A, 0xF77A, 0xF77A, 0xF75A, 0xF759, 0xF739, 0xF739, 0xF739, 0xEF39, 0xEEF8,
    0xDE97, 0xCE36, 0xBDB5, 0xB574, 0xBDB5, 0xC5F6, 0xD697, 0xE6F8, 0xEF39, 0xF759, 0xF759, 0xF759,
    0xF75A, 0xF77A, 0xF77A, 0xFF9A, 0xFF9B, 0xFF9B, 0xFF9B, 0xFF9B, 0xFF9B, 0xFFBB, 0xFFBB, 0xFFBB,
    0xFFBB, 0xFFBB, 0xFFBB, 0xFFBB, 0xFFBB, 0xFFBB, 0xFFBB, 0xFFBB, 0xFFBC, 0xFFBC, 0xFFBC, 0xFFBC,
    0xFFDC, 0xFFDC, 0xFFDC, 0xFFDC, 0xFFDC, 0xFFDC, 0xFFDC, 0xFFDC, 0xFFDC, 0xFFDC, 0xFFDC, 0xFFDC,
    0xFFDC, 0xFFDC, 0xFFDC, 0xFFDC, 0xFFDC, 0xFFDC, 0xFFDC, 0xFFDC, 0xFFDC, 0xFFDC, 0xFFDC, 0xFFDC,
    0xFFDC, 0xFFDC, 0xFFDC, 0xFFDC, 0xFFDC, 0xFFDC, 0xFFDC, 0xFFDC, 0xFFDC, 0xFFDC, 0xFFDC, 0xFFDC,
    0xFFDC, 0xFFDC, 0xFFDC, 0xFFDC, 0xFFDC, 0xFFDC, 0xFFDC, 0xFFDC, 0xFFDC, 0xFFDC, 0xFFDC, 0xFFDC,
    0xFFDC, 0xFFDC, 0xFFDC, 0xFFDC, 0xFFDC, 0xFFDC, 0xFFDC, 0xFFDC, 0xFFBC, 0xFFBB, 0xFFBB, 0xFFBB,
    0xFFBB, 0xFFBB, 0xFFBB, 0xFFBB, 0xFFBB, 0xFFBB, 0xFFBB, 0xFFBB, 0xFFBB, 0xFFBB, 0xFFBB, 0xFFBB,
    0xFFBB, 0xFF9B, 0xFF9B, 0xFF9B, 0xFF9B, 0xFF9B, 0xFF9B, 0xFF9A, 0xFF9A, 0xFF7A, 0xF77A, 0xF77A,
    0xF77A, 0xF75A, 0xF759, 0xF739, 0xF739, 0xEF39, 0xEF39, 0xEEF8, 0xDE97, 0xCE36, 0xBDB5, 0xB574,
    0xBDB5, 0xC5F6, 0xD697, 0xE6F9, 0xEF39, 0xF759, 0xF759, 0xF75A, 0xF75A, 0xF77A, 0xF77A, 0xFF7A,
    0xFF9A, 0xFF9B, 0xFF9B, 0xFF9B, 0xFF9B, 0xFFBB, 0xFFBB, 0xFFBB, 0xFFBB, 0xFFBB, 0xFFBB, 0xFFBB,
    0xFFBB, 0xFFBB, 0xFFBB, 0xFFBC, 0xFFBC, 0xFFBB, 0xFFBB, 0xFFBB, 0xFFBC, 0xFFBC, 0xFFBC, 0xFFBC,
    0xFFBC, 0xFFBC, 0xFFBC, 0xFFBC, 0xFFDC, 0xFFDC, 0xFFDC, 0xFFDC, 0xFFDC, 0xFFDC, 0xFFDC, 0xFFDC,
    0xFFDC, 0xFFDC, 0xFFDC, 0xFFDC, 0xFFDC, 0xFFDC, 0xFFDC, 0xFFDC, 0xFFDC, 0xFFDC, 0xFFDC, 0xFFDC,
    0xFFDC, 0xFFDC, 0xFFDC, 0xFFDC, 0xFFDC, 0xFFDC, 0xFFDC, 0xFFDC, 0xFFDC, 0xFFDC, 0xFFDC, 0xFFDC,
    0xFFDC, 0xFFDC, 0xFFDC, 0xFFDC, 0xFFDC, 0xFFBC, 0xFFBC, 0xFFBC, 0xFFDC, 0xFFDC, 0xFFDC, 0xFFDC,
    0xFFDC, 0xFFDC, 0xFFBC, 0xFFBC, 0xFFBC, 0xFFBC, 0xFFBB, 0xFFBB, 0xFFBB, 0xFFBB, 0xFFBB, 0xFFBB,
    0xFFBB, 0xFFBB, 0xFFBB, 0xFFBB, 0xFFBB, 0xFFBB, 0xFF9B, 0xFF9B, 0xFF9B, 0xFF9B, 0xFF9B, 0xFF9B,
    0xFF9B, 0xFF9B, 0xFF9A, 0xFF9A, 0xFF9A, 0xF77A, 0xF77A, 0xF77A, 0xF77A, 0xF75A, 0xF759, 0xF759,
    0xF739, 0xF739, 0xEF39, 0xEEF8, 0xDE97, 0xCE36, 0xBDB5, 0xB574, 0xBDB5, 0xC5F6, 0xD677, 0xE6F8,
    0xEF39, 0xF759, 0xF759, 0xF75A, 0xF75A, 0xF75A, 0xF77A, 0xF77A, 0xF77A, 0xFF9A, 0xFF9B, 0xFF9B,
    0xFF9B, 0xFF9B, 0xFF9B, 0xFFBB, 0xFFBB, 0xFFBB, 0xFFBB, 0xFFBB, 0xFFBB, 0xFFBB, 0xFFBB, 0xFFBB,
    0xFFBB, 0xFFBB, 0xFFBB, 0xFFBB, 0xFFBB, 0xFFBC, 0xFFBB, 0xFFBB, 0xFFBC, 0xFFBC, 0xFFBB, 0xFFBB,
    0xFFBC, 0xFFBC, 0xFFBC, 0xFFBC, 0xFFDC, 0xFFDC, 0xFFDC, 0xFFDC, 0xFFDC, 0xFFDC, 0xFFDC, 0xFFDC,
    0xFFDC, 0xFFDC, 0xFFDC, 0xFFDC, 0xFFDC, 0xFFDC, 0xFFBC, 0xFFBC, 0xFFBC, 0xFFBC, 0xFFDC, 0xFFDC,
    0xFFBC, 0xFFDC, 0xFFDC, 0xFFDC, 0xFFDC, 0xFFDC, 0xFFBC, 0xFFBC, 0xFFDC, 0xFFDC, 0xFFDC, 0xFFDC,
    0xFFBC, 0xFFBC, 0xFFBC, 0xFFBC, 0xFFBC, 0xFFBC, 0xFFDC, 0xFFDC, 0xFFBC, 0xFFBC, 0xFFBC, 0xFFBB,
    0xFFBB, 0xFFBB, 0xFFBB, 0xFFBB, 0xFFBB, 0xFFBB, 0xFFBB, 0xFFBB, 0xFFBB, 0xFFBB, 0xFFBB, 0xFFBB,
    0xFF9B, 0xFF9B, 0xFF9B, 0xFF9B, 0xFF9B, 0xFF9B, 0xFF9B, 0xFF9A, 0xFF9A, 0xFF9A, 0xFF9A, 0xFF9A,
    0xF77A, 0xF77A, 0xF77A, 0xF77A, 0xF75A, 0xF759, 0xF759, 0xF739, 0xF739, 0xEF39, 0xEF39, 0xEEF8,
    0xDE97, 0xCE36, 0xBDB5, 0xB574, 0xBDB5, 0xC5F6, 0xD677, 0xE6F8, 0xEF19, 0xF739, 0xF739, 0xF759,
    0xF75A, 0xF75A, 0xF75A, 0xF77A, 0xF77A, 0xFF7A, 0xFF7A, 0xFF9B, 0xFF9B, 0xFF9B, 0xFF9B, 0xFF9B,
    0xFF9B, 0xFF9B, 0xFF9B, 0xFF9B, 0xFF9B, 0xFF9B, 0xFF9B, 0xFF9B, 0xFFBB, 0xFFBB, 0xFFBB, 0xFFBB,
    0xFFBB, 0xFFBB, 0xFFBB, 0xFFBB, 0xFFBB, 0xFFBB, 0xFFBB, 0xFFBB, 0xFFBB, 0xFFBB, 0xFFBB, 0xFFBB,
    0xFFBC, 0xFFBC, 0xFFBB, 0xFFBB, 0xFFBB, 0xFFBB, 0xFFBB, 0xFFBB, 0xFFBC, 0xFFBC, 0xFFBC, 0xFFBC,
    0xFFBB, 0xFFBB, 0xFFBB, 0xFFBB, 0xFFBB, 0xFFBB, 0xFFBC, 0xFFBC, 0xFFBC, 0xFFBC, 0xFFBC, 0xFFBC,
    0xFFBC, 0xFFBB, 0xFFBC, 0xFFBC, 0xFFBB, 0xFFBC, 0xFFBC, 0xFFBC, 0xFFBB, 0xFFBB, 0xFFBB, 0xFFBB,
    0xFFBC, 0xFFBC, 0xFFBC, 0xFFBB, 0xFFBB, 0xFFBB, 0xFFBB, 0xFFBB, 0xFFBB, 0xFFBB, 0xFFBB, 0xFF9B,
    0xFF9B, 0xFF9B, 0xFF9B, 0xFF9B, 0xFF9B, 0xFF9B, 0xFF9B, 0xFF9B, 0xFF9B, 0xFF9B, 0xFF9B, 0xFF9A,
    0xFF9A, 0xFF9A, 0xFF9A, 0xF77A, 0xF77A, 0xF77A, 0xFF7A, 0xF77A, 0xF77A, 0xF77A, 0xF75A, 0xF75A,
    0xF759, 0xF759, 0xF739, 0xF739, 0xEF39, 0xEF19, 0xEF19, 0xE6F8, 0xDE77, 0xCE16, 0xBDB5, 0xB574,
    0xBDB5, 0xC5F6, 0xD677, 0xE6D8, 0xEF19, 0xF739, 0xF739, 0xF739, 0xF759, 0xF75A, 0xF75A, 0xF77A,
    0xF77A, 0xF77A, 0xF77A, 0xFF7A, 0xFF9A, 0xFF9B, 0xFF9B, 0xFF9B, 0xFF9B, 0xFF9B, 0xFF9B, 0xFF9B,
    0xFF9B, 0xFF9B, 0xFF9B, 0xFF9B, 0xFFBB, 0xFFBB, 0xFFBB, 0xFFBB, 0xFFBB, 0xFFBB, 0xFFBB, 0xFFBB,
    0xFFBB, 0xFFBB, 0xFFBB, 0xFFBB, 0xFFBB, 0xFFBB, 0xFFBB, 0xFFBB, 0xFFBC, 0xFFBB, 0xFFBB, 0xFFBB,
    0xFFBB, 0xFFBB, 0xFFBB, 0xFFBB, 0xFFBB, 0xFFBB, 0xFFBB, 0xFFBB, 0xFFBB, 0xFFBB, 0xFFBB, 0xFFBB,
    0xFFBB, 0xFFBB, 0xFFBB, 0xFFBB, 0xFFBB, 0xFFBB, 0xFFBC, 0xFFBC, 0xFFBB, 0xFFBB, 0xFFBB, 0xFFBB,
    0xFFBB, 0xFFBB, 0xFFBB, 0xFFBB, 0xFFBB, 0xFFBB, 0xFFBB, 0xFFBB, 0xFFBB, 0xFFBB, 0xFFBB, 0xFFBB,
    0xFFBB, 0xFF9B, 0xFF9B, 0xFF9B, 0xFF9B, 0xFF9B, 0xFF9B, 0xFF9B, 0xFF9B, 0xFF9B, 0xFF9B, 0xFF9B,
    0xFF9B, 0xFF9B, 0xFF9B, 0xFF9B, 0xFF9B, 0xFF9B, 0xFF9A, 0xFF9A, 0xFF9A, 0xFF9A, 0xF77A, 0xF77A,
    0xF77A, 0xF77A, 0xF77A, 0xF77A, 0xF77A, 0xF75A, 0xF75A, 0xF759, 0xF739, 0xF739, 0xF739, 0xEF39,
    0xEF19, 0xEF19, 0xEF18, 0xE6D8, 0xDE77, 0xCE16, 0xBDB5, 0xB574, 0xBDB5, 0xC5F6, 0xD677, 0xE6D8,
    0xEF19, 0xF739, 0xF739, 0xF739, 0xF759, 0xF75A, 0xF75A, 0xF77A, 0xF77A, 0xF77A, 0xF77A, 0xF77A,
    0xF77A, 0xFF9A, 0xFF9B, 0xFF9B, 0xFF9B, 0xFF9B, 0xFF9B, 0xFF9B, 0xFFBB, 0xFFBB, 0xFFBB, 0xFFBB,
    0xFFBB, 0xFFBB, 0xFFBB, 0xFFBB, 0xFFBB, 0xFFBB, 0xFFBB, 0xFFBB, 0xFFBB, 0xFFBB, 0xFFBB, 0xFFBC,
    0xFFBC, 0xFFBC, 0xFFBC, 0xFFBC, 0xFFBC, 0xFFBC, 0xFFBB, 0xFFBB, 0xFFBB, 0xFFBB, 0xFFBB, 0xFFBC,
    0xFFBC, 0xFFBC, 0xFFBC, 0xFFBC, 0xFFBB, 0xFFBB, 0xFFBB, 0xFFBB, 0xFFBB, 0xFFBB, 0xFFBB, 0xFFBB,
    0xFFBB, 0xFFBB, 0xFFBC, 0xFFBC, 0xFFBB, 0xFFBB, 0xFFBB, 0xFFBC, 0xFFBB, 0xFFBB, 0xFFBB, 0xFFBB,
    0xFFBB, 0xFFBB, 0xFFBB, 0xFFBB, 0xFFBB, 0xFFBB, 0xFFBB, 0xFFBB, 0xFFBB, 0xFFBB, 0xFF9B, 0xFF9B,
    0xFFBB, 0xFFBB, 0xFF9B, 0xFF9B, 0xFF9B, 0xFF9B, 0xFF9B, 0xFF9B, 0xFF9B, 0xFFBB, 0xFFBB, 0xFF9B,
    0xFF9B, 0xFF9B, 0xFF9B, 0xFF9A, 0xFF9A, 0xF77A, 0xFF7A, 0xFF7A, 0xF77A, 0xF77A, 0xF77A, 0xF77A,
    0xF77A, 0xF75A, 0xF759, 0xF759, 0xF739, 0xF739, 0xEF39, 0xEF19, 0xEF19, 0xEF19, 0xEF18, 0xE6D8,
    0xDE77, 0xCE16, 0xBDB5, 0xB574, 0xBDB5, 0xC5F6, 0xD677, 0xE6D8, 0xEF19, 0xEF39, 0xF739, 0xF739,
    0xF739, 0xF759, 0xF75A, 0xF77A, 0xF77A, 0xF77A, 0xF77A, 0xF77A, 0xF77A, 0xF77A, 0xFF9B, 0xFF9B,
    0xFF9B, 0xFF9B, 0xFF9B, 0xFF9B, 0xFF9B, 0xFF9B, 0xFF9B, 0xFFBB, 0xFFBB, 0xFFBB, 0xFFBB, 0xFFBB,
    0xFFBB, 0xFFBB, 0xFFBB, 0xFFBB, 0xFF9B, 0xFFBB, 0xFFBB, 0xFFBC, 0xFFBC, 0xFFBC, 0xFFBC, 0xFFBC,
    0xFFBC, 0xFFBB, 0xFFBB, 0xFFBB, 0xFFBB, 0xFFBB, 0xFFBB, 0xFFBC, 0xFFBC, 0xFFBC, 0xFFBB, 0xFFBB,
    0xFFBB, 0xFFBB, 0xFFBB, 0xFFBB, 0xFFBB, 0xFFBB, 0xFFBB, 0xFFBB, 0xFFBB, 0xFFBC, 0xFFBC, 0xFFBC,
    0xFFBB, 0xFFBB, 0xFFBB, 0xFFBB, 0xFFBB, 0xFFBB, 0xFFBB, 0xFFBB, 0xFFBB, 0xFFBB, 0xFFBB, 0xFFBB,
    0xFFBB, 0xFFBB, 0xFFBB, 0xFFBB, 0xFFBB, 0xFF9B, 0xFF9B, 0xFF9B, 0xFF9B, 0xFF9B, 0xFF9B, 0xFF9B,
    0xFF9B, 0xFF9B, 0xFF9B, 0xFF9B, 0xFF9B, 0xFF9B, 0xFF9B, 0xFF9B, 0xFF9B, 0xFF9B, 0xFF9A, 0xFF9A,
    0xF77A, 0xF77A, 0xF77A, 0xF77A, 0xF77A, 0xF77A, 0xF77A, 0xF77A, 0xF77A, 0xF75A, 0xF759, 0xF759,
    0xF739, 0xF739, 0xEF39, 0xEF19, 0xEF19, 0xEF19, 0xEF18, 0xE6D8, 0xDE77, 0xCE16, 0xBDB5, 0xB574,
    0xBDB5, 0xC5F6, 0xD677, 0xE6D8, 0xEF18, 0xEF39, 0xF739, 0xF739, 0xF739, 0xF759, 0xF75A, 0xF77A,
    0xF77A, 0xF77A, 0xF77A, 0xF77A, 0xF77A, 0xF77A, 0xFF9A, 0xFF9B, 0xFF9B, 0xFF9B, 0xFF9B, 0xFF9B,
    0xFF9B, 0xFF9B, 0xFF9B, 0xFF9B, 0xFF9B, 0xFF9B, 0xFF9B, 0xFF9B, 0xFFBB, 0xFFBB, 0xFFBB, 0xFF9B,
    0xFF9B, 0xFF9B, 0xFFBB, 0xFFBB, 0xFFBB, 0xFFBB, 0xFFBB, 0xFFBB, 0xFFBB, 0xFFBB, 0xFFBB, 0xFFBB,
    0xFFBB, 0xFFBB, 0xFFBB, 0xFFBB, 0xFFBB, 0xFFBB, 0xFFBB, 0xFFBB, 0xFFBB, 0xFFBB, 0xFFBB, 0xFFBB,
    0xFFBB, 0xFFBB, 0xFFBB, 0xFFBB, 0xFFBB, 0xFFBC, 0xFFBC, 0xFFBC, 0xFFBB, 0xFFBB, 0xFFBB, 0xFFBB,
    0xFFBB, 0xFFBB, 0xFFBB, 0xFFBB, 0xFFBB, 0xFFBB, 0xFFBB, 0xFFBB, 0xFFBB, 0xFF9B, 0xFF9B, 0xFF9B,
    0xFF9B, 0xFF9B, 0xFF9B, 0xFF9B, 0xFF9B, 0xFF9B, 0xFF9B, 0xFF9B, 0xFF9B, 0xFF9B, 0xFF9B, 0xFF9B,
    0xFF9B, 0xFF9B, 0xFF9A, 0xFF9A, 0xFF9B, 0xFF9A, 0xFF7A, 0xF77A, 0xF77A, 0xF77A, 0xF77A, 0xF77A,
    0xF75A, 0xF75A, 0xF77A, 0xF77A, 0xF75A, 0xF75A, 0xF759, 0xF759, 0xF739, 0xF739, 0xEF39, 0xEF19,
    0xEF19, 0xEF18, 0xEF18, 0xE6D8, 0xD677, 0xCE15, 0xBD94, 0xB574, 0xBDB5, 0xC5F6, 0xD677, 0xE6D8,
    0xEF18, 0xEF39, 0xEF39, 0xF739, 0xF739, 0xF759, 0xF759, 0xF75A, 0xF77A, 0xF77A, 0xF77A, 0xF77A,
    0xF77A, 0xF77A, 0xF77A, 0xFF9A, 0xFF9B, 0xFF9B, 0xFF9B, 0xFF9B, 0xFF9B, 0xFF9B, 0xFF9B, 0xFF9B,
    0xFF9B, 0xFF9B, 0xFF9B, 0xFF9B, 0xFFBB, 0xFFBB, 0xFF9B, 0xFF9B, 0xFF9B, 0xFF9B, 0xFF9B, 0xFFBB,
    0xFF9B, 0xFF9B, 0xFFBB, 0xFFBB, 0xFF9B, 0xFF9B, 0xFF9B, 0xFF9B, 0xFFBB, 0xFFBB, 0xFFBB, 0xFFBB,
    0xFFBB, 0xFFBB, 0xFFBB, 0xFFBB, 0xFFBB, 0xFFBB, 0xFFBB, 0xFFBB, 0xFF9B, 0xFF9B, 0xFFBB, 0xFFBB,
    0xFFBB, 0xFFBB, 0xFFBC, 0xFFBB, 0xFF9B, 0xFF9B, 0xFF9B, 0xFF9B, 0xFF9B, 0xFF9B, 0xFF9B, 0xFF9B,
    0xFFBB, 0xFFBB, 0xFF9B, 0xFF9B, 0xFF9B, 0xFF9B, 0xFF9B, 0xFF9B, 0xFF9B, 0xFF9B, 0xFF9B, 0xFF9B,
    0xFF9B, 0xFF9B, 0xFF9B, 0xFF9B, 0xFF9B, 0xFF9B, 0xFF9B, 0xFF9B, 0xFF9B, 0xFF9A, 0xF77A, 0xF77A,
    0xFF7A, 0xFF7A, 0xF77A, 0xF77A, 0xF77A, 0xF77A, 0xF77A, 0xF75A, 0xF75A, 0xF75A, 0xF75A, 0xF75A,
    0xF75A, 0xF759, 0xF759, 0xF759, 0xF739, 0xF739, 0xEF39, 0xEF19, 0xEF18, 0xEF18, 0xEF18, 0xE6D8,
    0xD676, 0xCDF5, 0xBD94, 0xB574, 0xBD95, 0xC5D5, 0xD657, 0xDEB8, 0xEF18, 0xEF39, 0xEF39, 0xF739,
    0xF739, 0xF739, 0xF759, 0xF759, 0xF75A, 0xF75A, 0xF75A, 0xF77A, 0xF77A, 0xF77A, 0xF77A, 0xF77A,
    0xF77A, 0xFF9A, 0xFF9B, 0xFF9B, 0xFF9B, 0xFF9B, 0xFF9B, 0xFF9B, 0xFF9B, 0xFF9B, 0xFF9B, 0xFF9B,
    0xFF9B, 0xFF9B, 0xFF9B, 0xFF9B, 0xFF9B, 0xFF9B, 0xFF9B, 0xFF9B, 0xFF9B, 0xFF9B, 0xFF9B, 0xFF9B,
    0xFF9B, 0xFF9B, 0xFF9B, 0xFF9B, 0xFF9B, 0xFFBB, 0xFFBB, 0xFF9B, 0xFF9B, 0xFF9B, 0xFF9B, 0xFF9B,
    0xFF9B, 0xFF9B, 0xFF9B, 0xFF9B, 0xFF9B, 0xFF9B, 0xFF9B, 0xFFBB, 0xFFBB, 0xFFBB, 0xFFBB, 0xFF9B,
    0xFF9B, 0xFF9B, 0xFF9B, 0xFF9B, 0xFF9B, 0xFF9B, 0xFF9B, 0xFF9B, 0xFF9B, 0xFF9B, 0xFF9B, 0xFF9B,
    0xFF9B, 0xFF9B, 0xFF9B, 0xFF9B, 0xFF9B, 0xFF9B, 0xFF9B, 0xFF9B, 0xFF9B, 0xFF7A, 0xFF7A, 0xFF7A,
    0xFF7A, 0xFF9A, 0xFF9B, 0xFF9A, 0xFF9A, 0xFF9A, 0xF77A, 0xF77A, 0xF77A, 0xF77A, 0xF77A, 0xF77A,
    0xF77A, 0xF77A, 0xF75A, 0xF75A, 0xF75A, 0xF75A, 0xF75A, 0xF75A, 0xF759, 0xF759, 0xF739, 0xF739,
    0xF739, 0xEF39, 0xEF19, 0xEF19, 0xEF18, 0xEEF8, 0xEEF8, 0xE6D8, 0xD676, 0xCDF5, 0xBD94, 0xB574,
    0xBD95, 0xC5D5, 0xD657, 0xDEB8, 0xEEF8, 0xEF19, 0xEF19, 0xEF39, 0xF739, 0xF739, 0xF739, 0xF759,
    0xF759, 0xF75A, 0xF75A, 0xF75A, 0xF77A, 0xF77A, 0xF77A, 0xF77A, 0xF77A, 0xF77A, 0xFF7A, 0xFF7A,
    0xF77A, 0xFF9A, 0xFF9B, 0xFF9B, 0xFF9B, 0xFF9A, 0xF77A, 0xF77A, 0xFF9B, 0xFF9B, 0xFF9B, 0xFF9B,
    0xFF9B, 0xFF9B, 0xFF9B, 0xFF9B, 0xFF9B, 0xFF9B, 0xFF9B, 0xFF9B, 0xFF9B, 0xFF9B, 0xFF9B, 0xFF9B,
    0xFF9B, 0xFF9B, 0xFF9B, 0xFF9B, 0xFF9B, 0xFF9B, 0xFF9B, 0xFF9B, 0xFF9B, 0xFF9B, 0xFF9B, 0xFF9B,
    0xFF9B, 0xFF9B, 0xFF9B, 0xFF9B, 0xFF9B, 0xFF9B, 0xFF9B, 0xFF9B, 0xFF9B, 0xFF9B, 0xFF9B, 0xFF9B,
    0xFF9B, 0xFF9B, 0xFF9B, 0xFF9B, 0xFF9B, 0xFF9B, 0xFF9B, 0xFF9B, 0xFF9B, 0xFF9B, 0xFF9B, 0xFF9B,
    0xFF9B, 0xFF9B, 0xFF9B, 0xFF9B, 0xF77A, 0xF77A, 0xF77A, 0xF77A, 0xF77A, 0xF77A, 0xF77A, 0xF77A,
    0xF77A, 0xF77A, 0xF77A, 0xF77A, 0xF77A, 0xF77A, 0xF77A, 0xF77A, 0xF77A, 0xF75A, 0xF75A, 0xF75A,
    0xF75A, 0xF75A, 0xF75A, 0xF759, 0xF739, 0xF739, 0xF739, 0xF739, 0xEF39, 0xEF19, 0xEF19, 0xEF18,
    0xEEF8, 0xEEF8, 0xEEF8, 0xE6D7, 0xD656, 0xCDF5, 0xBD94, 0xB574, 0xBD95, 0xC5D5, 0xCE56, 0xDEB7,
    0xE6F8, 0xEF18, 0xEF18, 0xEF18, 0xEF19, 0xF739, 0xF739, 0xF739, 0xF739, 0xF739, 0xF75A, 0xF75A,
    0xF75A, 0xF75A, 0xF75A, 0xF75A, 0xF77A, 0xF77A, 0xF77A, 0xF77A, 0xF77A, 0xF77A, 0xF77A, 0xF77A,
    0xF77A, 0xF77A, 0xF77A, 0xF77A, 0xF77A, 0xFF9B, 0xFF9B, 0xFF9B, 0xFF9B, 0xFF9B, 0xFF9B, 0xFF9B,
    0xFF7B, 0xFF9B, 0xFF9B, 0xFF9B, 0xFF9B, 0xFF9B, 0xFF9B, 0xFF9B, 0xFF9B, 0xFF9B, 0xFF9B, 0xFF9B,
    0xFF9B, 0xFF9B, 0xFF9B, 0xFF9B, 0xFF9B, 0xFF9B, 0xFF9B, 0xFF9B, 0xFF9B, 0xFF9B, 0xFF9B, 0xFF9B,
    0xFF9B, 0xFF9B, 0xFF9B, 0xFF9B, 0xFF9B, 0xF79B, 0xF77B, 0xF77B, 0xF79B, 0xFF9B, 0xFF9B, 0xFF9B,
    0xFF9B, 0xFF9B, 0xF77B, 0xF77B, 0xF77B, 0xF77A, 0xF77A, 0xF77A, 0xF77A, 0xF77A, 0xF77A, 0xF77A,
    0xF77A, 0xF77A, 0xF77A, 0xF77A, 0xF77A, 0xF77A, 0xF77A, 0xF77A, 0xF77A, 0xF75A, 0xF75A, 0xF75A,
    0xF75A, 0xF75A, 0xF75A, 0xF75A, 0xF75A, 0xF75A, 0xF75A, 0xF75A, 0xF75A, 0xF759, 0xF739, 0xF739,
    0xF739, 0xEF39, 0xEF39, 0xEF19, 0xEF19, 0xEF19, 0xEF18, 0xEEF8, 0xEEF8, 0xEEF8, 0xEEF8, 0xE6B7,
    0xD656, 0xC5F5, 0xBD94, 0xB554, 0xBD95, 0xBDD5, 0xCE36, 0xDE97, 0xE6D8, 0xEF18, 0xEF18, 0xEF18,
    0xEF19, 0xEF19, 0xEF39, 0xEF39, 0xF739, 0xF739, 0xF739, 0xF75A, 0xF75A, 0xF75A, 0xF75A, 0xF75A,
    0xF75A, 0xF75A, 0xF75A, 0xF75A, 0xF77A, 0xF77A, 0xF77A, 0xF77A, 0xF77A, 0xF77A, 0xF77A, 0xF77A,
    0xF77A, 0xF77A, 0xF77A, 0xF77A, 0xF77A, 0xF77A, 0xF77A, 0xF77A, 0xF77A, 0xF77A, 0xF77B, 0xF77B,
    0xF77B, 0xF77B, 0xF79B, 0xF79B, 0xF79B, 0xF79B, 0xFF9B, 0xFF9B, 0xFF7B, 0xF77B, 0xF77B, 0xF77B,
    0xF79B, 0xF79B, 0xF79B, 0xF77B, 0xF77B, 0xF77B, 0xFF9B, 0xFF9B, 0xFF9B, 0xF79B, 0xF77B, 0xF77A,
    0xF77A, 0xF77A, 0xF77A, 0xF77A, 0xF77B, 0xF77B, 0xF77B, 0xF77B, 0xF77B, 0xF77A, 0xF77A, 0xF77A,
    0xF77A, 0xF77A, 0xF77A, 0xF77A, 0xF77A, 0xF77A, 0xF77A, 0xF77A, 0xF77A, 0xF77A, 0xF77A, 0xF75A,
    0xF75A, 0xF75A, 0xF75A, 0xF75A, 0xF75A, 0xF75A, 0xF75A, 0xF75A, 0xF75A, 0xF75A, 0xF75A, 0xF75A,
    0xF75A, 0xF75A, 0xF759, 0xF759, 0xF739, 0xF739, 0xEF39, 0xEF39, 0xEF39, 0xEF19, 0xEF19, 0xEF19,
    0xEF18, 0xEF18, 0xEEF8, 0xEEF8, 0xEEF8, 0xEEF8, 0xE6D8, 0xE6B7, 0xD656, 0xC5F5, 0xBD94, 0xB554,
    0xB594, 0xBDD5, 0xCE36, 0xDE97, 0xE6D8, 0xEEF8, 0xEEF8, 0xEF18, 0xEF18, 0xEF19, 0xEF19, 0xEF39,
    0xF739, 0xF739, 0xF739, 0xF759, 0xF759, 0xF759, 0xF759, 0xF75A, 0xF75A, 0xF75A, 0xF75A, 0xF75A,
    0xF75A, 0xF75A, 0xF77A, 0xF77A, 0xF77A, 0xF77A, 0xF77A, 0xF77A, 0xF77A, 0xF77A, 0xF77A, 0xF77A,
    0xF77A, 0xF77A, 0xF77A, 0xF77A, 0xF77A, 0xF77A, 0xF77A, 0xF77A, 0xF77A, 0xF77A, 0xF77A, 0xF77A,
    0xF77A, 0xF77A, 0xF77A, 0xF77A, 0xF77A, 0xF77A, 0xF77A, 0xF77A, 0xF77A, 0xF77A, 0xF77A, 0xF77A,
    0xF77A, 0xF77B, 0xF77B, 0xF77B, 0xF77A, 0xF77A, 0xF77A, 0xF77A, 0xF77A, 0xF77A, 0xF77A, 0xF77A,
    0xF77A, 0xF77A, 0xF77A, 0xF77A, 0xF77A, 0xF77A, 0xF77A, 0xF77A, 0xF77A, 0xF77A, 0xF77A, 0xF77A,
    0xF77A, 0xF77A, 0xF77A, 0xF77A, 0xF77A, 0xF75A, 0xF75A, 0xF75A, 0xF75A, 0xF75A, 0xF75A, 0xF75A,
    0xF75A, 0xF759, 0xF759, 0xF759, 0xF75A, 0xF75A, 0xF75A, 0xF75A, 0xF75A, 0xF739, 0xF739, 0xF739,
    0xEF39, 0xEF39, 0xEF39, 0xEF19, 0xEF19, 0xEF19, 0xEF19, 0xEF18, 0xEEF8, 0xEEF8, 0xEEF8, 0xEEF8,
    0xE6D8, 0xE6D8, 0xE6D7, 0xDEB7, 0xD656, 0xC5F5, 0xBD94, 0xB554, 0xB594, 0xBDD5, 0xCE36, 0xDE97,
    0xE6D8, 0xEEF8, 0xEEF8, 0xEF18, 0xEF18, 0xEF19, 0xEF19, 0xEF19, 0xF739, 0xF739, 0xF739, 0xF739,
    0xF759, 0xF759, 0xF759, 0xF759, 0xF759, 0xF75A, 0xF75A, 0xF75A, 0xF75A, 0xF75A, 0xF75A, 0xF75A,
    0xF77A, 0xF77A, 0xF77A, 0xF77A, 0xF77A, 0xF77A, 0xF77A, 0xF77A, 0xF77A, 0xF77A, 0xF77A, 0xF77A,
    0xF77A, 0xF77A, 0xF77A, 0xF77A, 0xF77A, 0xF77A, 0xF77A, 0xF77A, 0xF77A, 0xF77A, 0xF77A, 0xF77A,
    0xF77A, 0xF77A, 0xF77A, 0xF77A, 0xF77A, 0xF77A, 0xF77A, 0xF77A, 0xF77A, 0xF77A, 0xF77A, 0xF77A,
    0xF77A, 0xF77A, 0xF77A, 0xF77A, 0xF77A, 0xF77A, 0xF77A, 0xF77A, 0xF77A, 0xF77A, 0xF77A, 0xF77A,
    0xF77A, 0xF77A, 0xF77A, 0xF77A, 0xF77A, 0xF77A, 0xF77A, 0xF75A, 0xF75A, 0xF75A, 0xF77A, 0xF77A,
    0xF75A, 0xF75A, 0xF75A, 0xF75A, 0xF75A, 0xF75A, 0xF75A, 0xF75A, 0xF75A, 0xF759, 0xF759, 0xF739,
    0xF739, 0xF759, 0xF75A, 0xF759, 0xF739, 0xF739, 0xF739, 0xF739, 0xEF39, 0xEF39, 0xEF39, 0xEF19,
    0xEF19, 0xEF19, 0xEF19, 0xEF18, 0xEEF8, 0xEEF8, 0xEEF8, 0xE6D8, 0xE6D8, 0xE6D7, 0xE6D7, 0xDE97,
    0xD656, 0xC5F5, 0xB594, 0xB554, 0xB594, 0xBDB5, 0xCE36, 0xDE77, 0xE6D7, 0xEEF8, 0xEEF8, 0xEF18,
    0xEF18, 0xEF19, 0xEF19, 0xEF19, 0xF739, 0xF739, 0xF739, 0xF739, 0xF759, 0xF75A, 0xF75A, 0xF75A,
    0xF75A, 0xF75A, 0xF75A, 0xF75A, 0xF75A, 0xF75A, 0xF75A, 0xF77A, 0xF77A, 0xF77A, 0xF77A, 0xF77A,
    0xF77A, 0xF77A, 0xF77A, 0xF77A, 0xF77A, 0xF77A, 0xF77A, 0xF77A, 0xF77A, 0xF77A, 0xF77A, 0xF77A,
    0xF77A, 0xF77A, 0xF77A, 0xF77A, 0xF77A, 0xF77A, 0xF77A, 0xF77A, 0xF77A, 0xFF7A, 0xFF7A, 0xFF7A,
    0xFF7A, 0xF77A, 0xF77A, 0xF77A, 0xFF7A, 0xFF7A, 0xF77A, 0xF77A, 0xF77A, 0xF77A, 0xF77A, 0xF77A,
    0xF77A, 0xF77A, 0xF77A, 0xF77A, 0xF77A, 0xF77A, 0xF77A, 0xF77A, 0xF77A, 0xF77A, 0xF77A, 0xF77A,
    0xF77A, 0xF77A, 0xF77A, 0xF77A, 0xF77A, 0xF77A, 0xF75A, 0xF75A, 0xF75A, 0xF75A, 0xF75A, 0xF75A,
    0xF75A, 0xF75A, 0xF75A, 0xF75A, 0xF75A, 0xF75A, 0xF75A, 0xF759, 0xF759, 0xF759, 0xF759, 0xF759,
    0xF739, 0xF739, 0xF739, 0xF739, 0xF739, 0xEF39, 0xEF39, 0xEF19, 0xEF19, 0xEF19, 0xEF18, 0xEF18,
    0xEEF8, 0xEEF8, 0xEEF8, 0xEED8, 0xE6D7, 0xE6D7, 0xE6B7, 0xDE97, 0xD636, 0xC5D5, 0xB574, 0xAD53,
    0xB574, 0xBD95, 0xC5F5, 0xD636, 0xDE97, 0xE6D7, 0xE6D8, 0xE6F8, 0xEEF8, 0xEEF8, 0xEEF8, 0xEEF8,
    0xEF19, 0xEF19, 0xEF19, 0xEF19, 0xEF39, 0xEF39, 0xEF39, 0xEF39, 0xEF39, 0xEF39, 0xEF39, 0xEF39,
    0xEF39, 0xF739, 0xF73A, 0xF75A, 0xF75A, 0xF75A, 0xF75A, 0xF75A, 0xF75A, 0xF75A, 0xF75A, 0xF75A,
    0xF75A, 0xF75A, 0xF75A, 0xF75A, 0xF75A, 0xF75A, 0xF75A, 0xF75A, 0xF75A, 0xF75A, 0xF75A, 0xF75A,
    0xF75A, 0xF75A, 0xF75A, 0xF75A, 0xF75A, 0xF75A, 0xF75A, 0xF75A, 0xF75A, 0xF75A, 0xF75A, 0xF75A,
    0xF75A, 0xF75A, 0xF75A, 0xF75A, 0xF75A, 0xF75A, 0xF75A, 0xF75A, 0xF75A, 0xF75A, 0xF75A, 0xF75A,
    0xF75A, 0xF75A, 0xF75A, 0xF75A, 0xF75A, 0xF75A, 0xF75A, 0xF75A, 0xF75A, 0xF75A, 0xF75A, 0xF75A,
    0xF75A, 0xF75A, 0xF73A, 0xEF3A, 0xEF3A, 0xEF39, 0xEF39, 0xEF39, 0xEF39, 0xEF39, 0xEF39, 0xEF39,
    0xEF39, 0xEF39, 0xEF39, 0xEF39, 0xEF39, 0xEF39, 0xEF39, 0xEF19, 0xEF19, 0xEF19, 0xEF19, 0xEF19,
    0xEF19, 0xEF19, 0xEF19, 0xEEF8, 0xEEF8, 0xEEF8, 0xE6F8, 0xE6D8, 0xE6D8, 0xE6D8, 0xE6D8, 0xE6B7,
    0xE6B7, 0xDE97, 0xDE97, 0xD656, 0xCDF5, 0xBDB4, 0xB574, 0xAD53, 0xB574, 0xB574, 0xBD94, 0xC5D5,
    0xCE36, 0xD677, 0xDE97, 0xDE97, 0xDEB8, 0xDEB8, 0xDEB8, 0xDEB8, 0xE6D8, 0xE6D8, 0xE6D8, 0xE6D8,
    0xE6F9, 0xE6F9, 0xE6F9, 0xE6F9, 0xE6F9, 0xE6F9, 0xE6F9, 0xE6F9, 0xE6F9, 0xE6F9, 0xE6F9, 0xE6F9,
    0xE6F9, 0xE6F9, 0xE6F9, 0xE719, 0xE719, 0xE719, 0xE719, 0xE719, 0xE719, 0xE719, 0xE71A, 0xE71A,
    0xE71A, 0xE71A, 0xE719, 0xE719, 0xE719, 0xE719, 0xE719, 0xE719, 0xE719, 0xE71A, 0xE71A, 0xE71A,
    0xE71A, 0xE71A, 0xE71A, 0xE71A, 0xE719, 0xE719, 0xE719, 0xE719, 0xE719, 0xE719, 0xE719, 0xE719,
    0xE719, 0xE71A, 0xE719, 0xE719, 0xE719, 0xE719, 0xE719, 0xE719, 0xE719, 0xE719, 0xE719, 0xE719,
    0xE719, 0xE719, 0xE6F9, 0xE6F9, 0xE6F9, 0xE6F9, 0xE6F9, 0xE6F9, 0xE6F9, 0xE6F9, 0xE6F9, 0xE6F9,
    0xE6F9, 0xE6F9, 0xE6F9, 0xE6F9, 0xE6F9, 0xE6F9, 0xE6F9, 0xE6F9, 0xE6F9, 0xE6F9, 0xE6F9, 0xE6F8,
    0xE6D8, 0xE6D8, 0xE6D8, 0xE6D8, 0xE6D8, 0xE6D8, 0xE6D8, 0xE6D8, 0xE6D8, 0xDED8, 0xDEB8, 0xDEB8,
    0xDEB8, 0xDEB8, 0xDEB7, 0xDE97, 0xDE97, 0xDE97, 0xDE77, 0xD677, 0xD656, 0xD656, 0xD656, 0xCE15,
    0xBD94, 0xB553, 0xB553, 0xAD53, 0xB574, 0xB574, 0xB574, 0xBDB4, 0xC5F5, 0xCE36, 0xCE36, 0xCE57,
    0xD657, 0xD657, 0xD657, 0xD677, 0xD677, 0xD677, 0xD677, 0xD677, 0xD677, 0xD677, 0xD677, 0xD678,
    0xD698, 0xD698, 0xD698, 0xD698, 0xD698, 0xD698, 0xD698, 0xD698, 0xD698, 0xD698, 0xD698, 0xDE98,
    0xDE98, 0xDE98, 0xDEB8, 0xDEB8, 0xDE98, 0xDE98, 0xDEB8, 0xDEB8, 0xDEB8, 0xDEB8, 0xDE98, 0xDE98,
    0xD698, 0xD698, 0xD698, 0xDE98, 0xDE98, 0xDEB8, 0xDEB8, 0xDEB8, 0xDEB8, 0xDEB8, 0xDEB8, 0xDEB8,
    0xDE98, 0xDE98, 0xDE98, 0xDE98, 0xDE98, 0xDE98, 0xDE98, 0xDE98, 0xDE98, 0xDE98, 0xDE98, 0xDE98,
    0xDE98, 0xDE98, 0xDE98, 0xDE98, 0xD698, 0xD698, 0xD698, 0xD698, 0xD698, 0xD698, 0xD698, 0xD698,
    0xD698, 0xD698, 0xD698, 0xD698, 0xD698, 0xD698, 0xD698, 0xD698, 0xD698, 0xD698, 0xD698, 0xD698,
    0xD678, 0xD677, 0xD677, 0xD677, 0xD677, 0xD677, 0xD677, 0xD677, 0xD677, 0xD677, 0xD677, 0xD677,
    0xD657, 0xD657, 0xD657, 0xD657, 0xD657, 0xD657, 0xCE57, 0xCE57, 0xD657, 0xCE56, 0xCE36, 0xCE36,
    0xCE16, 0xCE16, 0xCE16, 0xCE15, 0xC5F5, 0xC5F5, 0xC5F5, 0xBDB4, 0xB573, 0xAD33, 0xAD33, 0xAD33,
    0xAD54, 0xB554, 0xB574, 0xBD95, 0xBDB5, 0xC5D5, 0xC5D5, 0xC5D5, 0xC5F6, 0xC5F6, 0xC5F6, 0xC5F6,
    0xC5F6, 0xC5F6, 0xC5F6, 0xC5F6, 0xC5F6, 0xC5F6, 0xC5F6, 0xC5F6, 0xC5F6, 0xC5F6, 0xC616, 0xC616,
    0xC616, 0xC616, 0xC616, 0xC616, 0xC5F6, 0xC5F6, 0xC616, 0xC616, 0xC616, 0xC616, 0xC616, 0xC616,
    0xC616, 0xC616, 0xC616, 0xC616, 0xC616, 0xC616, 0xC616, 0xC616, 0xC616, 0xC616, 0xC616, 0xC616,
    0xC616, 0xC617, 0xCE17, 0xCE17, 0xCE17, 0xCE17, 0xCE17, 0xC616, 0xC616, 0xC616, 0xC616, 0xC616,
    0xC617, 0xC617, 0xC617, 0xC617, 0xC617, 0xC616, 0xC616, 0xC616, 0xC616, 0xC616, 0xC616, 0xC616,
    0xC616, 0xC616, 0xC616, 0xC616, 0xC616, 0xC616, 0xC616, 0xC616, 0xC5F6, 0xC5F6, 0xC5F6, 0xC5F6,
    0xC5F6, 0xC5F6, 0xC5F6, 0xC5F6, 0xC5F6, 0xC5F6, 0xC5F6, 0xC5F6, 0xC5F6, 0xC5F6, 0xC5D6, 0xC5D6,
    0xC5D5, 0xC5D5, 0xBDD5, 0xBDD5, 0xBDD5, 0xBDD5, 0xBDD5, 0xBDD5, 0xBDB5, 0xBDB5, 0xBDB5, 0xBDB5,
    0xBDB5, 0xBDB5, 0xBDB5, 0xBDB5, 0xBDB5, 0xBDB5, 0xBD94, 0xBD94, 0xBD94, 0xBD94, 0xB594, 0xB574,
    0xB574, 0xB574, 0xB574, 0xB574, 0xAD53, 0xAD33, 0xAD33, 0xAD33, 0xAD53, 0xB554, 0xB595, 0xBD95,
    0xBDB5, 0xBDB5, 0xBDB5, 0xBDB5, 0xBDB5, 0xBDB5, 0xBDB5, 0xBDB5, 0xBDB5, 0xBDB5, 0xBD95, 0xBD95,
    0xBDB5, 0xBDB5, 0xBDB5, 0xBDB5, 0xBDB5, 0xBDB5, 0xBDD5, 0xBDD5, 0xBDB5, 0xBDB5, 0xBDD5, 0xBDD5,
    0xBDB5, 0xBDB5, 0xBDD5, 0xBDD5, 0xBDD5, 0xBDD5, 0xBDD6, 0xBDD6, 0xBDD5, 0xBDD5, 0xBDD5, 0xBDD5,
    0xBDD6, 0xBDD6, 0xBDD6, 0xBDD6, 0xBDD6, 0xBDD6, 0xBDD5, 0xBDD5, 0xBDD6, 0xBDD6, 0xC5D6, 0xC5D6,
    0xC5D6, 0xC5D6, 0xBDD6, 0xBDD6, 0xBDD5, 0xBDD5, 0xBDD6, 0xBDD6, 0xBDD6, 0xBDD6, 0xBDD6, 0xBDD6,
    0xBDD6, 0xBDD6, 0xBDD5, 0xBDD5, 0xBDD5, 0xBDD5, 0xBDD5, 0xBDD5, 0xBDD5, 0xBDD5, 0xBDB5, 0xBDB5,
    0xBDD5, 0xBDD5, 0xBDD5, 0xBDD5, 0xBDB5, 0xBDB5, 0xBDB5, 0xBDB5, 0xBDB5, 0xBDB5, 0xBDB5, 0xBDB5,
    0xBDB5, 0xBDB5, 0xBDB5, 0xBDB5, 0xBD95, 0xBD95, 0xBD95, 0xB595, 0xB594, 0xB594, 0xB594, 0xB594,
    0xB594, 0xB594, 0xB574, 0xB574, 0xB574, 0xB574, 0xB574, 0xB574, 0xB574, 0xB574, 0xB554, 0xB554,
    0xB554, 0xB554, 0xB554, 0xAD54, 0xAD53, 0xAD53, 0xAD33, 0xAD33, 0xAD33, 0xAD33, 0xAD33, 0xAD33,
    0xAD33, 0xAD33, 0xAD13, 0xAD13,
};
#define POOLS_LIGHT_MIP1_SIZE 64
static const uint16_t POOLS_LIGHT_MIP1_PIXELS[4096] __attribute__((aligned(16))) = {
    0xB574, 0xBD95, 0xBDB5, 0xBDD5, 0xBDD5, 0xC5D5, 0xBDD5, 0xBDD5, 0xC5D6, 0xC5F6, 0xC5F6, 0xC5F6,
    0xC5F6, 0xC5F6, 0xC5F6, 0xC616, 0xCE16, 0xC616, 0xC616, 0xCE16, 0xC616, 0xC616, 0xC616, 0xCE16,
    0xC616, 0xC5F6, 0xC5F6, 0xC5F6, 0xC616, 0xC616, 0xC616, 0xC616, 0xC616, 0xC616, 0xC616, 0xC5F6,
    0xC5F6, 0xC5F6, 0xC5F6, 0xC5F6, 0xC5D6, 0xC5D6, 0xC5D6, 0xC5D5, 0xBDD5, 0xBDD5, 0xBDB5, 0xBDB5,
    0xBDB5, 0xBDB5, 0xBDB5, 0xBDB5, 0xBD94, 0xBD95, 0xBD94, 0xB594, 0xB574, 0xB574, 0xB574, 0xB574,
    0xB553, 0xB553, 0xAD33, 0xAD13, 0xB595, 0xB574, 0xCDF5, 0xCE36, 0xD656, 0xD677, 0xD677, 0xD677,
    0xD677, 0xD697, 0xDE98, 0xDE98, 0xDE98, 0xDE98, 0xDEB8, 0xDEB8, 0xDEB8, 0xDEB8, 0xDEB8, 0xDEB8,
    0xDEB9, 0xDEB8, 0xDEB8, 0xDED9, 0xDEB9, 0xDEB8, 0xDEB8, 0xDEB8, 0xDEB8, 0xDEB8, 0xDEB8, 0xDEB8,
    0xDEB8, 0xDEB8, 0xDEB8, 0xDEB8, 0xDEB8, 0xDEB8, 0xDEB8, 0xDEB8, 0xDE98, 0xDE98, 0xDE98, 0xDE98,
    0xDE98, 0xDE98, 0xDE98, 0xDE98, 0xDE97, 0xD697, 0xD677, 0xD677, 0xD677, 0xD677, 0xD677, 0xD656,
    0xD656, 0xD656, 0xCE36, 0xCE36, 0xCE15, 0xC5D5, 0xB553, 0xB574, 0xBDB5, 0xC5F5, 0xDE76, 0xDE97,
    0xE6B7, 0xE6D7, 0xE6D8, 0xE6F8, 0xEEF8, 0xEEF8, 0xEF18, 0xEF18, 0xEF18, 0xEF19, 0xEF19, 0xEF19,
    0xEF39, 0xEF39, 0xEF39, 0xEF39, 0xEF19, 0xEF39, 0xEF39, 0xEF39, 0xEF39, 0xEF39, 0xEF39, 0xEF39,
    0xEF39, 0xEF39, 0xEF39, 0xEF39, 0xEF39, 0xEF39, 0xEF39, 0xEF39, 0xEF39, 0xEF39, 0xEF19, 0xEF19,
    0xEF19, 0xEF19, 0xEF19, 0xEF19, 0xEF19, 0xEF19, 0xEF19, 0xEF18, 0xEF18, 0xEF18, 0xEEF8, 0xEEF8,
    0xEEF8, 0xEEF8, 0xEEF8, 0xE6D8, 0xE6D8, 0xE6D7, 0xE6B7, 0xE6B7, 0xDE96, 0xDE56, 0xC5D4, 0xB595,
    0xBDD6, 0xCE36, 0xE6B7, 0xE6D7, 0xE6D8, 0xEEF8, 0xEEF8, 0xEF18, 0xEF18, 0xEF19, 0xEF19, 0xEF39,
    0xEF39, 0xEF39, 0xF739, 0xF739, 0xF759, 0xF759, 0xF739, 0xF739, 0xF759, 0xF75A, 0xF75A, 0xF75A,
    0xF75A, 0xF75A, 0xF75A, 0xF75A, 0xF75A, 0xF75A, 0xF75A, 0xF75A, 0xF75A, 0xF75A, 0xF75A, 0xF75A,
    0xF75A, 0xF75A, 0xF759, 0xF739, 0xF739, 0xF739, 0xF739, 0xF739, 0xF739, 0xF739, 0xF739, 0xEF39,
    0xEF39, 0xEF39, 0xEF19, 0xEF19, 0xEF19, 0xEF18, 0xEEF8, 0xEEF8, 0xEEF8, 0xEEF8, 0xE6D7, 0xE6B7,
    0xE6B7, 0xDE96, 0xCE15, 0xBD95, 0xC5D6, 0xD656, 0xE6B7, 0xE6D7, 0xEEF8, 0xEF18, 0xEF18, 0xEF19,
    0xEF39, 0xEF39, 0xF739, 0xF739, 0xF739, 0xF759, 0xF759, 0xF759, 0xF75A, 0xF75A, 0xF75A, 0xF75A,
    0xF75A, 0xF77A, 0xF75A, 0xF77A, 0xF77A, 0xF75A, 0xF75A, 0xF77A, 0xF77A, 0xF77A, 0xF75A, 0xF75A,
    0xF77A, 0xF77A, 0xF77A, 0xF75A, 0xF75A, 0xF75A, 0xF75A, 0xF75A, 0xF75A, 0xF75A, 0xF75A, 0xF759,
    0xF759, 0xF75A, 0xF759, 0xF739, 0xF759, 0xF739, 0xF739, 0xEF39, 0xEF39, 0xEF39, 0xEF19, 0xEF18,
    0xEEF8, 0xEEF8, 0xE6D8, 0xE6D7, 0xE6D7, 0xE6B7, 0xCE15, 0xBD95, 0xC5F6, 0xD677, 0xE6F8, 0xEF18,
    0xEF19, 0xEF19, 0xF739, 0xF759, 0xF75A, 0xF77A, 0xF75A, 0xF77A, 0xF77A, 0xF77A, 0xF77A, 0xF77A,
    0xF77A, 0xF77A, 0xF77A, 0xF77A, 0xF77A, 0xFF7A, 0xFF7A, 0xF77A, 0xFF7A, 0xFF7A, 0xFF9A, 0xFF9B,
    0xFF7A, 0xFF7B, 0xF77A, 0xFF7B, 0xFF7B, 0xFF9B, 0xFF9B, 0xFF9A, 0xFF7A, 0xFF7A, 0xF77A, 0xF77A,
    0xF77A, 0xF77A, 0xF77A, 0xF77A, 0xF77A, 0xF77A, 0xF75A, 0xF75A, 0xF75A, 0xF75A, 0xF75A, 0xF759,
    0xF759, 0xF75A, 0xF759, 0xF739, 0xEF39, 0xEF18, 0xEF18, 0xEEF8, 0xEED8, 0xE6D7, 0xCE36, 0xBDB5,
    0xC5F6, 0xD697, 0xEEF8, 0xEF18, 0xEF19, 0xEF39, 0xF759, 0xF759, 0xF75A, 0xF77A, 0xF77A, 0xF77A,
    0xF77A, 0xF77A, 0xF77A, 0xF77A, 0xF77A, 0xF77A, 0xF77A, 0xF77A, 0xFF7A, 0xFF7A, 0xFF9B, 0xFF9B,
    0xFF9B, 0xFF9B, 0xFF9B, 0xFF9B, 0xFF7B, 0xFF7B, 0xFF9B, 0xFF9B, 0xFF9B, 0xFF9B, 0xFF9B, 0xFF7A,
    0xFF7B, 0xFF7B, 0xFF7A, 0xFF7A, 0xFF7A, 0xF77A, 0xF77A, 0xF77A, 0xF77A, 0xF77A, 0xF77A, 0xF77A,
    0xF77A, 0xF75A, 0xF77A, 0xF77A, 0xF75A, 0xF75A, 0xF75A, 0xF759, 0xF739, 0xF739, 0xEF39, 0xEF18,
    0xEEF8, 0xE6D8, 0xD636, 0xBDB5, 0xC616, 0xDE98, 0xEEF8, 0xEF39, 0xF739, 0xF759, 0xF75A, 0xF77A,
    0xF77A, 0xF77A, 0xF77A, 0xFF9B, 0xFF9B, 0xFF9B, 0xFF9B, 0xFF9B, 0xFF9B, 0xFF9B, 0xFF9B, 0xFF9B,
    0xFF9B, 0xFF9B, 0xFF9B, 0xFFBB, 0xFFBB, 0xFFBB, 0xFFBB, 0xFFBB, 0xFFBB, 0xFF9B, 0xFFBB, 0xFFBB,
    0xFFBB, 0xFFBB, 0xFF9B, 0xFF9B, 0xFFBB, 0xFFBB, 0xFF9B, 0xFF9B, 0xFF9B, 0xFF9B, 0xFF9B, 0xFF9B,
    0xFF9B, 0xFF9B, 0xFF9B, 0xFF9B, 0xFF9A, 0xFF9A, 0xFF9B, 0xFF9A, 0xF77A, 0xF77A, 0xF77A, 0xF77A,
    0xF759, 0xF759, 0xF759, 0xF739, 0xEF18, 0xEEF8, 0xD657, 0xBDD5, 0xC616, 0xDEB8, 0xEF18, 0xF739,
    0xF759, 0xF75A, 0xF77A, 0xF77A, 0xFF7A, 0xFF9A, 0xFF9A, 0xFF9B, 0xFF9B, 0xFF9B, 0xFF9B, 0xFF9B,
    0xFF9B, 0xFF9B, 0xFF9B, 0xFFBB, 0xFF9B, 0xFF9B, 0xFF9B, 0xFFBB, 0xFFBB, 0xFFBB, 0xFFBB, 0xFFBB,
    0xFFBB, 0xFFBB, 0xFFBB, 0xFFBB, 0xFFBB, 0xFFBB, 0xFFBB, 0xFF9B, 0xFFBB, 0xFFBB, 0xFFBB, 0xFF9B,
    0xFF9B, 0xFF9B, 0xFF9B, 0xFF9B, 0xFF9B, 0xFF9B, 0xFFBB, 0xFF9B, 0xFF9B, 0xFF9B, 0xFF9B, 0xFF9A,
    0xFF9A, 0xFF7A, 0xF77A, 0xFF7A, 0xF77A, 0xF779, 0xF759, 0xF739, 0xEF38, 0xEF18, 0xD677, 0xBDD5,
    0xCE17, 0xDEB8, 0xEF19, 0xF739, 0xF75A, 0xF77A, 0xF77A, 0xFF9A, 0xFF9B, 0xFFBB, 0xFF9B, 0xFF9B,
    0xFF9B, 0xFFBB, 0xFFBB, 0xFFBB, 0xFFBB, 0xFFBB, 0xFFBB, 0xFFBB, 0xFFBB, 0xFFBC, 0xFFBC, 0xFFBB,
    0xFFBB, 0xFFBC, 0xFFBC, 0xFFBC, 0xFFBC, 0xFFBC, 0xFFBC, 0xFFBC, 0xFFBC, 0xFFBC, 0xFFBB, 0xFFBB,
    0xFFBB, 0xFFBB, 0xFFBB, 0xFFBC, 0xFFBB, 0xFFBB, 0xFFBB, 0xFFBB, 0xFFBB, 0xFFBB, 0xFFBB, 0xFFBB,
    0xFF9B, 0xFF9B, 0xFF9B, 0xFF9B, 0xFF9A, 0xFF9A, 0xFF9A, 0xFF9A, 0xF77A, 0xF77A, 0xF759, 0xF739,
    0xF739, 0xEF18, 0xD677, 0xC5D5, 0xCE37, 0xDEB8, 0xEF39, 0xF759, 0xF75A, 0xF77A, 0xF77A, 0xFF9A,
    0xFF9B, 0xFFBB, 0xFFBB, 0xFFBB, 0xFFBB, 0xFFBB, 0xFFBB, 0xFFBB, 0xFFBB, 0xFFBB, 0xFFBC, 0xFFBC,
    0xFFDC, 0xFFDC, 0xFFDC, 0xFFDC, 0xFFDC, 0xFFDC, 0xFFDC, 0xFFDC, 0xFFDC, 0xFFDC, 0xFFDC, 0xFFDC,
    0xFFDC, 0xFFDC, 0xFFDC, 0xFFDC, 0xFFBC, 0xFFDC, 0xFFDC, 0xFFDC, 0xFFDC, 0xFFDC, 0xFFDC, 0xFFBC,
    0xFFBC, 0xFFBC, 0xFFBC, 0xFFBB, 0xFFBB, 0xFFBB, 0xFFBB, 0xFFBB, 0xFF9B, 0xFF9B, 0xFF9B, 0xFF9A,
    0xFF7A, 0xF77A, 0xF759, 0xF759, 0xF739, 0xEF18, 0xD677, 0xC5D5, 0xCE37, 0xDED8, 0xF739, 0xF759,
    0xF77A, 0xFF7A, 0xFF9B, 0xFF9B, 0xFFBB, 0xFFBB, 0xFFBB, 0xFFBB, 0xFFBB, 0xFFBB, 0xFFBC, 0xFFBC,
    0xFFBC, 0xFFDC, 0xFFDC, 0xFFDC, 0xFFDC, 0xFFDC, 0xFFDC, 0xFFDC, 0xFFDC, 0xFFDC, 0xFFDC, 0xFFDC,
    0xFFDC, 0xFFDC, 0xFFDC, 0xFFDC, 0xFFDC, 0xFFDC, 0xFFDC, 0xFFDC, 0xFFDC, 0xFFDC, 0xFFDC, 0xFFDC,
    0xFFDC, 0xFFDC, 0xFFDC, 0xFFDC, 0xFFDC, 0xFFBC, 0xFFBC, 0xFFBB, 0xFFBB, 0xFFBB, 0xFFBB, 0xFFBB,
    0xFFBB, 0xFFBB, 0xFFBB, 0xFF9A, 0xFF7A, 0xFF7A, 0xF77A, 0xF759, 0xF759, 0xEF39, 0xD677, 0xC5D6,
    0xCE37, 0xE6D9, 0xF739, 0xF759, 0xF77A, 0xF77A, 0xFF9A, 0xFF9B, 0xFFBB, 0xFFBB, 0xFFBB, 0xFFBB,
    0xFFDC, 0xFFDC, 0xFFDC, 0xFFDC, 0xFFDC, 0xFFDC, 0xFFDC, 0xFFDC, 0xFFDC, 0xFFDC, 0xFFDC, 0xFFDC,
    0xFFDC, 0xFFDC, 0xFFDC, 0xFFDC, 0xFFDC, 0xFFDC, 0xFFDC, 0xFFDC, 0xFFDC, 0xFFDC, 0xFFDC, 0xFFDC,
    0xFFDC, 0xFFDC, 0xFFDC, 0xFFDC, 0xFFDC, 0xFFDC, 0xFFDC, 0xFFDC, 0xFFDC, 0xFFDC, 0xFFDC, 0xFFDC,
    0xFFDC, 0xFFDB, 0xFFBB, 0xFFBB, 0xFFBB, 0xFF9B, 0xFF9B, 0xFF9B, 0xFF9A, 0xFF7A, 0xF77A, 0xF75A,
    0xF759, 0xEF39, 0xDE97, 0xC5F6, 0xCE37, 0xE6D9, 0xF75A, 0xF75A, 0xF77A, 0xFF9A, 0xFF9B, 0xFFBB,
    0xFFBB, 0xFFBB, 0xFFDC, 0xFFDC, 0xFFDC, 0xFFDC, 0xFFDC, 0xFFDC, 0xFFDC, 0xFFDC, 0xFFDC, 0xFFDC,
    0xFFDC, 0xFFDC, 0xFFDD, 0xFFDD, 0xFFFD, 0xFFDD, 0xFFDD, 0xFFDD, 0xFFDC, 0xFFDD, 0xFFDD, 0xFFFD,
    0xFFFD, 0xFFDD, 0xFFDC, 0xFFDD, 0xFFFD, 0xFFDD, 0xFFDC, 0xFFDC, 0xFFDC, 0xFFDC, 0xFFDC, 0xFFDC,
    0xFFDC, 0xFFDC, 0xFFDC, 0xFFDC, 0xFFDC, 0xFFDC, 0xFFDC, 0xFFDC, 0xFFBB, 0xFFBB, 0xFFBB, 0xFFBB,
    0xFF9B, 0xFF9A, 0xF77A, 0xF77A, 0xF759, 0xF739, 0xDE97, 0xC5F6, 0xCE57, 0xE6D9, 0xF759, 0xF77A,
    0xF77A, 0xFF9A, 0xFF9B, 0xFFBB, 0xFFBB, 0xFFBC, 0xFFBC, 0xFFBC, 0xFFDC, 0xFFDC, 0xFFDC, 0xFFDC,
    0xFFDC, 0xFFDC, 0xFFDC, 0xFFDC, 0xFFFC, 0xFFFD, 0xFFFD, 0xFFDD, 0xFFFD, 0xFFFD, 0xFFDC, 0xFFDC,
    0xFFFD, 0xFFDD, 0xFFFD, 0xFFFD, 0xFFFD, 0xFFFD, 0xFFDC, 0xFFDC, 0xFFDC, 0xFFDD, 0xFFFD, 0xFFDC,
    0xFFDD, 0xFFDC, 0xFFDC, 0xFFDC, 0xFFDC, 0xFFDC, 0xFFDC, 0xFFDC, 0xFFDC, 0xFFDC, 0xFFDC, 0xFFBC,
    0xFFBB, 0xFFBB, 0xFFBB, 0xFF9B, 0xFF9A, 0xFF9A, 0xFF7A, 0xF77A, 0xF759, 0xF739, 0xDE97, 0xC5F6,
    0xCE37, 0xE6F9, 0xF759, 0xF77A, 0xFF9A, 0xFF9B, 0xFFBB, 0xFFBB, 0xFFBB, 0xFFDB, 0xFFDC, 0xFFDC,
    0xFFDC, 0xFFDC, 0xFFDC, 0xFFDC, 0xFFDC, 0xFFDC, 0xFFFD, 0xFFFD, 0xFFFD, 0xFFFD, 0xFFFD, 0xFFDD,
    0xFFFD, 0xFFFD, 0xFFFD, 0xFFFD, 0xFFFD, 0xFFFD, 0xFFFD, 0xFFFD, 0xFFFD, 0xFFFD, 0xFFFD, 0xFFFD,
    0xFFFD, 0xFFFD, 0xFFDD, 0xFFFD, 0xFFDD, 0xFFDC, 0xFFDC, 0xFFDC, 0xFFDC, 0xFFFC, 0xFFDC, 0xFFDC,
    0xFFDC, 0xFFDC, 0xFFDC, 0xFFDC, 0xFFDC, 0xFFBB, 0xFFBB, 0xFFBB, 0xFF9B, 0xFF9A, 0xFF9A, 0xF77A,
    0xF77A, 0xF759, 0xDE98, 0xC5F6, 0xCE37, 0xE6F9, 0xF759, 0xF77A, 0xFF9A, 0xFF9B, 0xFFBB, 0xFFBB,
    0xFFBB, 0xFFBB, 0xFFBC, 0xFFDC, 0xFFDC, 0xFFDC, 0xFFDC, 0xFFDC, 0xFFDC, 0xFFDC, 0xFFDC, 0xFFFC,
    0xFFDD, 0xFFDD, 0xFFDD, 0xFFFD, 0xFFDC, 0xFFFD, 0xFFFD, 0xFFFD, 0xFFFD, 0xFFFD, 0xFFDD, 0xFFFD,
    0xFFFD, 0xFFDD, 0xFFDD, 0xFFDD, 0xFFDD, 0xFFFD, 0xFFDD, 0xFFFD, 0xFFDD, 0xFFDC, 0xFFDC, 0xFFDC,
    0xFFDC, 0xFFDC, 0xFFDC, 0xFFDC, 0xFFDC, 0xFFDC, 0xFFDC, 0xFFBC, 0xFFBB, 0xFFBB, 0xFFBB, 0xFFBB,
    0xFFBB, 0xFF9A, 0xFF7A, 0xF77A, 0xF75A, 0xF759, 0xDE98, 0xC5F6, 0xCE57, 0xE6F9, 0xF75A, 0xF77A,
    0xFF9A, 0xFF9B, 0xFFBB, 0xFFBB, 0xFFBC, 0xFFDC, 0xFFBC, 0xFFDC, 0xFFDC, 0xFFDC, 0xFFDC, 0xFFFC,
    0xFFDC, 0xFFDD, 0xFFFD, 0xFFFD, 0xFFFD, 0xFFFD, 0xFFFD, 0xFFFD, 0xFFFD, 0xFFFD, 0xFFFD, 0xFFFD,
    0xFFFD, 0xFFFD, 0xFFFD, 0xFFFD, 0xFFFD, 0xFFFD, 0xFFFD, 0xFFFD, 0xFFDD, 0xFFFD, 0xFFFD, 0xFFFD,
    0xFFFD, 0xFFFD, 0xFFFD, 0xFFFD, 0xFFFD, 0xFFFD, 0xFFDD, 0xFFDC, 0xFFDC, 0xFFDC, 0xFFDC, 0xFFDC,
    0xFFDC, 0xFFDC, 0xFFBC, 0xFFBB, 0xFFBB, 0xFF9B, 0xFF9A, 0xFF7A, 0xF77A, 0xF759, 0xDEB8, 0xC5F6,
    0xCE37, 0xE6F9, 0xF75A, 0xF77A, 0xFF9A, 0xFF9B, 0xFFBB, 0xFFBB, 0xFFBC, 0xFFDC, 0xFFDC, 0xFFDC,
    0xFFDC, 0xFFDC, 0xFFDC, 0xFFDC, 0xFFDD, 0xFFDC, 0xFFDC, 0xFFFD, 0xFFFD, 0xFFFD, 0xFFFD, 0xFFFD,
    0xFFDD, 0xFFDD, 0xFFFD, 0xFFDD, 0xFFFD, 0xFFFD, 0xFFFD, 0xFFFD, 0xFFFD, 0xFFFD, 0xFFFD, 0xFFFD,
    0xFFFD, 0xFFFD, 0xFFDC, 0xFFDD, 0xFFDD, 0xFFDD, 0xFFFD, 0xFFDD, 0xFFDD, 0xFFDC, 0xFFFC, 0xFFDC,
    0xFFDC, 0xFFDC, 0xFFDC, 0xFFDC, 0xFFDC, 0xFFBB, 0xFFBB, 0xFFBB, 0xFFBB, 0xFF9B, 0xFF9A, 0xFF7A,
    0xF77A, 0xF759, 0xDEB8, 0xC5F6, 0xCE37, 0xE6F9, 0xF75A, 0xF77A, 0xFF9A, 0xFFBB, 0xFFBB, 0xFFBB,
    0xFFBB, 0xFFDC, 0xFFDC, 0xFFDC, 0xFFDC, 0xFFDC, 0xFFDC, 0xFFDC, 0xFFDC, 0xFFDD, 0xFFDC, 0xFFDC,
    0xFFFD, 0xFFFD, 0xFFFD, 0xFFDD, 0xFFFD, 0xFFFD, 0xFFFD, 0xFFDD, 0xFFFD, 0xFFFD, 0xFFFD, 0xFFDD,
    0xFFFD, 0xFFFD, 0xFFFD, 0xFFFD, 0xFFDD, 0xFFFD, 0xFFFD, 0xFFFD, 0xFFFD, 0xFFFD, 0xFFFD, 0xFFFD,
    0xFFFC, 0xFFFC, 0xFFDC, 0xFFDC, 0xFFDC, 0xFFDC, 0xFFDC, 0xFFDC, 0xFFDC, 0xFFBB, 0xFFBB, 0xFFBB,
    0xFFBB, 0xFF9B, 0xFF9A, 0xFF7A, 0xF77A, 0xF759, 0xDEB8, 0xC5F6, 0xCE57, 0xE6F9, 0xF77A, 0xFF7A,
    0xFF9B, 0xFFBB, 0xFFBB, 0xFFBC, 0xFFDC, 0xFFDC, 0xFFDC, 0xFFDC, 0xFFDC, 0xFFDC, 0xFFDC, 0xFFFD,
    0xFFFD, 0xFFFD, 0xFFFD, 0xFFFD, 0xFFFD, 0xFFFD, 0xFFFD, 0xFFFD, 0xFFFD, 0xFFFD, 0xFFFD, 0xFFFD,
    0xFFFD, 0xFFFD, 0xFFFD, 0xFFFD, 0xFFFD, 0xFFFD, 0xFFFD, 0xFFFD, 0xFFFD, 0xFFFD, 0xFFFD, 0xFFFD,
    0xFFFD, 0xFFFD, 0xFFFD, 0xFFFD, 0xFFFD, 0xFFFD, 0xFFFD, 0xFFFD, 0xFFFD, 0xFFFD, 0xFFDC, 0xFFDC,
    0xFFDC, 0xFFDC, 0xFFDC, 0xFFBB, 0xFFBB, 0xFFBB, 0xFF9B, 0xFF9A, 0xF77A, 0xF759, 0xDEB8, 0xC5F6,
    0xCE57, 0xE6F9, 0xF77A, 0xFF7A, 0xFF9A, 0xFF9B, 0xFFBB, 0xFFBB, 0xFFBB, 0xFFDC, 0xFFDC, 0xFFDC,
    0xFFDC, 0xFFDC, 0xFFDC, 0xFFDC, 0xFFFD, 0xFFFD, 0xFFFD, 0xFFFD, 0xFFFD, 0xFFFD, 0xFFFD, 0xFFFD,
    0xFFFD, 0xFFFD, 0xFFFD, 0xFFFD, 0xFFFD, 0xFFFD, 0xFFFD, 0xFFFD, 0xFFFD, 0xFFFD, 0xFFFD, 0xFFFD,
    0xFFFD, 0xFFFD, 0xFFFD, 0xFFFD, 0xFFFD, 0xFFFD, 0xFFFD, 0xFFFD, 0xFFDD, 0xFFDD, 0xFFFD, 0xFFDD,
    0xFFDC, 0xFFDC, 0xFFDC, 0xFFDC, 0xFFDC, 0xFFDC, 0xFFDB, 0xFFBB, 0xFFBB, 0xFFBB, 0xFF9A, 0xFF7A,
    0xF77A, 0xF759, 0xDEB8, 0xC5F6, 0xCE57, 0xE6F9, 0xF77A, 0xFF7A, 0xFF9A, 0xFF9B, 0xFFBB, 0xFFBB,
    0xFFBC, 0xFFDC, 0xFFDC, 0xFFDC, 0xFFDC, 0xFFDC, 0xFFDC, 0xFFDC, 0xFFFD, 0xFFDD, 0xFFFD, 0xFFFD,
    0xFFFD, 0xFFFD, 0xFFFD, 0xFFFD, 0xFFFD, 0xFFFD, 0xFFFD, 0xFFFD, 0xFFFD, 0xFFFD, 0xFFFD, 0xFFFD,
    0xFFFD, 0xFFFD, 0xFFFD, 0xFFFD, 0xFFFD, 0xFFFD, 0xFFFD, 0xFFFD, 0xFFFD, 0xFFFD, 0xFFFD, 0xFFFD,
    0xFFFD, 0xFFDD, 0xFFFD, 0xFFFD, 0xFFDC, 0xFFDC, 0xFFDC, 0xFFDC, 0xFFDC, 0xFFDC, 0xFFDC, 0xFFBC,
    0xFFBB, 0xFFBB, 0xFF9B, 0xFF7A, 0xF77A, 0xF759, 0xDEB8, 0xC5F6, 0xCE37, 0xE6F9, 0xF75A, 0xF77A,
    0xFF9A, 0xFF9B, 0xFFBB, 0xFFBB, 0xFFBB, 0xFFDC, 0xFFDC, 0xFFDC, 0xFFDC, 0xFFDC, 0xFFDC, 0xFFFC,
    0xFFFD, 0xFFFD, 0xFFDD, 0xFFFD, 0xFFFD, 0xFFFD, 0xFFFD, 0xFFFD, 0xFFFD, 0xFFFD, 0xFFFD, 0xFFFD,
    0xFFFD, 0xFFFD, 0xFFFD, 0xFFFD, 0xFFFD, 0xFFFD, 0xFFFD, 0xFFFD, 0xFFFD, 0xFFFD, 0xFFFD, 0xFFFD,
    0xFFFD, 0xFFFD, 0xFFFD, 0xFFFD, 0xFFFD, 0xFFFD, 0xFFDC, 0xFFDC, 0xFFDC, 0xFFDC, 0xFFDC, 0xFFDC,
    0xFFDC, 0xFFDC, 0xFFBB, 0xFFBB, 0xFFBB, 0xFFBB, 0xFF9A, 0xFF7A, 0xF77A, 0xF759, 0xDEB8, 0xC5F6,
    0xCE37, 0xE6F9, 0xF75A, 0xF77A, 0xFF9B, 0xFFBB, 0xFFBB, 0xFFBC, 0xFFBC, 0xFFBC, 0xFFDC, 0xFFDC,
    0xFFDC, 0xFFDD, 0xFFDD, 0xFFFD, 0xFFFD, 0xFFDD, 0xFFDD, 0xFFDD, 0xFFFD, 0xFFFD, 0xFFFD, 0xFFFD,
    0xFFFD, 0xFFFD, 0xFFFD, 0xFFFD, 0xFFFD, 0xFFFD, 0xFFFD, 0xFFFD, 0xFFFD, 0xFFFD, 0xFFFD, 0xFFFD,
    0xFFFD, 0xFFFD, 0xFFFD, 0xFFFD, 0xFFDD, 0xFFDD, 0xFFFD, 0xFFFD, 0xFFFD, 0xFFDD, 0xFFDD, 0xFFDC,
    0xFFDC, 0xFFDC, 0xFFDC, 0xFFDC, 0xFFDC, 0xFFDC, 0xFFBC, 0xFFBB, 0xFFBB, 0xFFBB, 0xFF9B, 0xFF9A,
    0xF77A, 0xF75A, 0xDEB8, 0xC5F6, 0xCE37, 0xE6F9, 0xF77A, 0xFF7A, 0xFF9B, 0xFFBB, 0xFFBB, 0xFFBC,
    0xFFDC, 0xFFDC, 0xFFDC, 0xFFDC, 0xFFDC, 0xFFDD, 0xFFDD, 0xFFFD, 0xFFFD, 0xFFFD, 0xFFFD, 0xFFFD,
    0xFFFD, 0xFFFD, 0xFFFD, 0xFFFD, 0xFFFD, 0xFFFD, 0xFFFD, 0xFFFD, 0xFFFD, 0xFFFD, 0xFFFD, 0xFFFD,
    0xFFFD, 0xFFFD, 0xFFFD, 0xFFFD, 0xFFFD, 0xFFFD, 0xFFFD, 0xFFFD, 0xFFFD, 0xFFFD, 0xFFFD, 0xFFFD,
    0xFFFD, 0xFFFD, 0xFFDD, 0xFFDD, 0xFFDC, 0xFFDC, 0xFFDC, 0xFFDC, 0xFFDC, 0xFFDC, 0xFFDC, 0xFFBB,
    0xFFBB, 0xFFBB, 0xFF9A, 0xFF7A, 0xF77A, 0xF759, 0xDEB8, 0xC5F6, 0xCE37, 0xE6F9, 0xF77A, 0xF77A,
    0xFF9A, 0xFF9B, 0xFFBB, 0xFFBB, 0xFFDC, 0xFFDC, 0xFFDC, 0xFFDC, 0xFFDC, 0xFFDD, 0xFFDC, 0xFFFC,
    0xFFDC, 0xFFDD, 0xFFFD, 0xFFFD, 0xFFFD, 0xFFFD, 0xFFFD, 0xFFFD, 0xFFFD, 0xFFFD, 0xFFFD, 0xFFFD,
    0xFFFD, 0xFFFD, 0xFFFD, 0xFFFD, 0xFFFD, 0xFFFD, 0xFFFD, 0xFFFD, 0xFFFD, 0xFFFD, 0xFFFD, 0xFFFD,
    0xFFFD, 0xFFFD, 0xFFFD, 0xFFFD, 0xFFFD, 0xFFDD, 0xFFDD, 0xFFDC, 0xFFDC, 0xFFDC, 0xFFDC, 0xFFDC,
    0xFFDC, 0xFFBC, 0xFFBB, 0xFFBB, 0xFFBB, 0xFF9B, 0xFF9A, 0xFF7A, 0xF77A, 0xF759, 0xDE98, 0xC5F6,
    0xCE37, 0xE6F9, 0xF77A, 0xFF9A, 0xFF9B, 0xFFBB, 0xFFBB, 0xFFDC, 0xFFDC, 0xFFDC, 0xFFDC, 0xFFDC,
    0xFFFD, 0xFFDD, 0xFFDD, 0xFFDD, 0xFFDD, 0xFFFD, 0xFFFD, 0xFFFD, 0xFFFD, 0xFFFD, 0xFFFD, 0xFFFD,
    0xFFFD, 0xFFFD, 0xFFFD, 0xFFFD, 0xFFFD, 0xFFFD, 0xFFFD, 0xFFFD, 0xFFFD, 0xFFFD, 0xFFFD, 0xFFFD,
    0xFFFD, 0xFFFD, 0xFFFD, 0xFFFD, 0xFFDD, 0xFFFD, 0xFFFD, 0xFFFD, 0xFFDD, 0xFFFD, 0xFFDD, 0xFFDC,
    0xFFFD, 0xFFFC, 0xFFDC, 0xFFDC, 0xFFDC, 0xFFDC, 0xFFBB, 0xFFBB, 0xFFBB, 0xFFBB, 0xFF9B, 0xFF9A,
    0xF77A, 0xF75A, 0xDEB8, 0xC5F6, 0xCE57, 0xE6F9, 0xF77A, 0xFF9A, 0xFF9B, 0xFFBB, 0xFFBB, 0xFFBB,
    0xFFDC, 0xFFDC, 0xFFDC, 0xFFDC, 0xFFDC, 0xFFFC, 0xFFFD, 0xFFFC, 0xFFDC, 0xFFFD, 0xFFDD, 0xFFFD,
    0xFFFD, 0xFFFD, 0xFFFD, 0xFFFD, 0xFFFD, 0xFFFD, 0xFFFD, 0xFFFD, 0xFFFD, 0xFFFD, 0xFFFD, 0xFFFD,
    0xFFFD, 0xFFFD, 0xFFFD, 0xFFFD, 0xFFFD, 0xFFFD, 0xFFFD, 0xFFFD, 0xFFFD, 0xFFFD, 0xFFFD, 0xFFFD,
    0xFFFD, 0xFFFD, 0xFFDD, 0xFFDC, 0xFFDC, 0xFFDC, 0xFFDC, 0xFFDC, 0xFFDC, 0xFFDC, 0xFFBB, 0xFFBB,
    0xFFBB, 0xFFBB, 0xFF9B, 0xF77A, 0xF77A, 0xF759, 0xDEB8, 0xC5F6, 0xCE57, 0xE6F9, 0xF77A, 0xFF9A,
    0xFF9A, 0xFF9B, 0xFFBB, 0xFFBC, 0xFFDC, 0xFFDC, 0xFFDC, 0xFFDC, 0xFFDC, 0xFFDC, 0xFFDD, 0xFFFD,
    0xFFFD, 0xFFDD, 0xFFDD, 0xFFFD, 0xFFFD, 0xFFFD, 0xFFFD, 0xFFFD, 0xFFFD, 0xFFFD, 0xFFFD, 0xFFFD,
    0xFFFD, 0xFFFD, 0xFFFD, 0xFFFD, 0xFFFD, 0xFFFD, 0xFFFD, 0xFFFD, 0xFFFD, 0xFFFD, 0xFFFD, 0xFFFD,
    0xFFFD, 0xFFFD, 0xFFFD, 0xFFFD, 0xFFFD, 0xFFFD, 0xFFDD, 0xFFDD, 0xFFDC, 0xFFDC, 0xFFDC, 0xFFDC,
    0xFFDC, 0xFFDC, 0xFFDC, 0xFFBB, 0xFFBB, 0xFFBB, 0xFF9A, 0xFF7A, 0xF77A, 0xF759, 0xDEB8, 0xC5F6,
    0xCE37, 0xE6F9, 0xF77A, 0xFF7A, 0xFF9A, 0xFF9B, 0xFFBB, 0xFFBC, 0xFFDC, 0xFFDC, 0xFFDC, 0xFFDC,
    0xFFDC, 0xFFDC, 0xFFDC, 0xFFDC, 0xFFDD, 0xFFFD, 0xFFFD, 0xFFFD, 0xFFFD, 0xFFFD, 0xFFFD, 0xFFFD,
    0xFFFD, 0xFFFD, 0xFFFD, 0xFFFD, 0xFFFD, 0xFFFD, 0xFFFD, 0xFFFD, 0xFFFD, 0xFFFD, 0xFFFD, 0xFFFD,
    0xFFFD, 0xFFFD, 0xFFFD, 0xFFDD, 0xFFDD, 0xFFFD, 0xFFFD, 0xFFFD, 0xFFFD, 0xFFDD, 0xFFDD, 0xFFDD,
    0xFFDC, 0xFFDC, 0xFFDC, 0xFFDC, 0xFFDC, 0xFFDC, 0xFFBC, 0xFFBB, 0xFFBB, 0xFF9B, 0xFF9A, 0xF77A,
    0xF77A, 0xF759, 0xDEB8, 0xC5F6, 0xCE37, 0xE6F9, 0xF77A, 0xFF9A, 0xFF9A, 0xFF9B, 0xFFBB, 0xFFBB,
    0xFFDC, 0xFFDC, 0xFFDC, 0xFFDC, 0xFFDC, 0xFFDC, 0xFFDC, 0xFFDD, 0xFFDD, 0xFFDD, 0xFFFD, 0xFFFD,
    0xFFFD, 0xFFFD, 0xFFFD, 0xFFFD, 0xFFFD, 0xFFFD, 0xFFFD, 0xFFFD, 0xFFFD, 0xFFFD, 0xFFFD, 0xFFFD,
    0xFFFD, 0xFFFD, 0xFFFD, 0xFFFD, 0xFFFD, 0xFFFD, 0xFFFD, 0xFFFD, 0xFFFD, 0xFFFD, 0xFFFD, 0xFFFD,
    0xFFFD, 0xFFFD, 0xFFFD, 0xFFDD, 0xFFDC, 0xFFDC, 0xFFDC, 0xFFDC, 0xFFDC, 0xFFDC, 0xFFBB, 0xFFBB,
    0xFFBB, 0xFFBB, 0xFF9A, 0xFF9A, 0xF77A, 0xF759, 0xDEB8, 0xC5F6, 0xCE37, 0xE6F9, 0xF77A, 0xFF9A,
    0xFF9B, 0xFF9B, 0xFFBB, 0xFFBB, 0xFFDC, 0xFFDC, 0xFFDC, 0xFFDC, 0xFFDC, 0xFFDC, 0xFFFC, 0xFFDC,
    0xFFFC, 0xFFFD, 0xFFFD, 0xFFFD, 0xFFFD, 0xFFFD, 0xFFFD, 0xFFFD, 0xFFFD, 0xFFFD, 0xFFFD, 0xFFFD,
    0xFFFD, 0xFFFD, 0xFFFD, 0xFFFD, 0xFFFD, 0xFFFD, 0xFFFD, 0xFFFD, 0xFFFD, 0xFFFD, 0xFFFD, 0xFFFD,
    0xFFFD, 0xFFFD, 0xFFDD, 0xFFFD, 0xFFFD, 0xFFDD, 0xFFDD, 0xFFFD, 0xFFFD, 0xFFDD, 0xFFDC, 0xFFDC,
    0xFFDC, 0xFFDC, 0xFFBB, 0xFFBB, 0xFFBB, 0xFFBB, 0xFF9B, 0xFF9A, 0xF77A, 0xF759, 0xDEB8, 0xC5F6,
    0xCE37, 0xE6F9, 0xF75A, 0xF77A, 0xFF9A, 0xFF9B, 0xFFBB, 0xFFBC, 0xFFBC, 0xFFDC, 0xFFDC, 0xFFDC,
    0xFFDC, 0xFFDC, 0xFFDC, 0xFFDC, 0xFFFD, 0xFFFD, 0xFFDD, 0xFFFD, 0xFFFD, 0xFFFD, 0xFFFD, 0xFFFD,
    0xFFFD, 0xFFFD, 0xFFFD, 0xFFFD, 0xFFFD, 0xFFFD, 0xFFFD, 0xFFFD, 0xFFFD, 0xFFFD, 0xFFFD, 0xFFFD,
    0xFFFD, 0xFFFD, 0xFFFD, 0xFFFD, 0xFFFD, 0xFFFC, 0xFFFD, 0xFFFC, 0xFFFD, 0xFFDC, 0xFFFC, 0xFFFC,
    0xFFDC, 0xFFDC, 0xFFDC, 0xFFDC, 0xFFDC, 0xFFBC, 0xFFBC, 0xFFBB, 0xFFBB, 0xFF9B, 0xFF9A, 0xFF7A,
    0xF77A, 0xF759, 0xDE98, 0xC5F6, 0xCE37, 0xE6F9, 0xF77A, 0xFF9A, 0xFF9B, 0xFFBB, 0xFFBC, 0xFFDC,
    0xFFDC, 0xFFDC, 0xFFDC, 0xFFDC, 0xFFDC, 0xFFDC, 0xFFDD, 0xFFDD, 0xFFFD, 0xFFFD, 0xFFFD, 0xFFFD,
    0xFFFD, 0xFFFD, 0xFFFD, 0xFFFD, 0xFFFD, 0xFFFD, 0xFFFD, 0xFFFD, 0xFFFD, 0xFFFD, 0xFFFD, 0xFFFD,
    0xFFFD, 0xFFFD, 0xFFFD, 0xFFFD, 0xFFFD, 0xFFFD, 0xFFFD, 0xFFFD, 0xFFFD, 0xFFFD, 0xFFFD, 0xFFFD,
    0xFFFD, 0xFFFD, 0xFFDD, 0xFFDD, 0xFFDC, 0xFFDC, 0xFFDC, 0xFFDC, 0xFFDC, 0xFFDC, 0xFFDC, 0xFFBB,
    0xFFBB, 0xFFBB, 0xFF9B, 0xFF9A, 0xF77A, 0xF759, 0xDEB8, 0xC5F6, 0xCE37, 0xE6F9, 0xF77A, 0xFF7A,
    0xFF9A, 0xFF9B, 0xFFBB, 0xFFBB, 0xFFDC, 0xFFDC, 0xFFDC, 0xFFDC, 0xFFDC, 0xFFDC, 0xFFDC, 0xFFDC,
    0xFFDC, 0xFFDC, 0xFFDD, 0xFFDD, 0xFFFD, 0xFFFD, 0xFFDD, 0xFFFD, 0xFFFD, 0xFFFD, 0xFFFD, 0xFFFD,
    0xFFFD, 0xFFFD, 0xFFFD, 0xFFFD, 0xFFFD, 0xFFFD, 0xFFFD, 0xFFFD, 0xFFFD, 0xFFFD, 0xFFFD, 0xFFFD,
    0xFFFD, 0xFFFD, 0xFFFD, 0xFFFD, 0xFFDD, 0xFFDD, 0xFFDD, 0xFFDC, 0xFFDC, 0xFFDC, 0xFFDC, 0xFFDC,
    0xFFDC, 0xFFBC, 0xFFBB, 0xFFBB, 0xFFBB, 0xFF9B, 0xFF9B, 0xFF7A, 0xF77A, 0xF759, 0xDEB8, 0xC5F6,
    0xCE37, 0xE6F9, 0xF77A, 0xFF7A, 0xFF9B, 0xFF9B, 0xFFBB, 0xFFBC, 0xFFDC, 0xFFDC, 0xFFDC, 0xFFDC,
    0xFFDD, 0xFFDD, 0xFFDD, 0xFFDD, 0xFFDD, 0xFFDD, 0xFFFD, 0xFFFD, 0xFFFD, 0xFFFD, 0xFFFD, 0xFFFD,
    0xFFFD, 0xFFFD, 0xFFFD, 0xFFFD, 0xFFFD, 0xFFFD, 0xFFFD, 0xFFFD, 0xFFFD, 0xFFFD, 0xFFFD, 0xFFFD,
    0xFFFD, 0xFFFD, 0xFFFD, 0xFFDD, 0xFFFD, 0xFFFD, 0xFFFD, 0xFFFD, 0xFFFD, 0xFFDD, 0xFFDC, 0xFFDC,
    0xFFDC, 0xFFDC, 0xFFDC, 0xFFDC, 0xFFDC, 0xFFBC, 0xFFBB, 0xFFBB, 0xFFBB, 0xFFBB, 0xFF9B, 0xFF7A,
    0xF75A, 0xF759, 0xDE98, 0xC5F6, 0xCE37, 0xE6F9, 0xF77A, 0xFF7A, 0xFF9A, 0xFF9B, 0xFFBB, 0xFFBB,
    0xFFDC, 0xFFDC, 0xFFDC, 0xFFDC, 0xFFDC, 0xFFDC, 0xFFDC, 0xFFDC, 0xFFDC, 0xFFDC, 0xFFDC, 0xFFFD,
    0xFFFD, 0xFFDD, 0xFFFD, 0xFFFD, 0xFFFD, 0xFFFD, 0xFFFD, 0xFFFD, 0xFFFD, 0xFFFD, 0xFFFD, 0xFFFD,
    0xFFDD, 0xFFFD, 0xFFFD, 0xFFFD, 0xFFFD, 0xFFFD, 0xFFFD, 0xFFFD, 0xFFFD, 0xFFFD, 0xFFFD, 0xFFFD,
    0xFFDC, 0xFFDC, 0xFFDC, 0xFFDC, 0xFFDC, 0xFFDC, 0xFFDC, 0xFFDC, 0xFFDC, 0xFFBB, 0xFFBB, 0xFFBB,
    0xFFBB, 0xFFBB, 0xFF9A, 0xF77A, 0xF77A, 0xF759, 0xDE98, 0xC5D5, 0xCE37, 0xE6F9, 0xF77A, 0xFF7A,
    0xFF9B, 0xFFBB, 0xFFBB, 0xFFBC, 0xFFDC, 0xFFDC, 0xFFDC, 0xFFDC, 0xFFDC, 0xFFDC, 0xFFDC, 0xFFFD,
    0xFFFD, 0xFFFD, 0xFFDD, 0xFFFD, 0xFFFD, 0xFFFD, 0xFFFD, 0xFFFD, 0xFFFD, 0xFFFD, 0xFFFD, 0xFFFD,
    0xFFFD, 0xFFFD, 0xFFFD, 0xFFFD, 0xFFFD, 0xFFFD, 0xFFFD, 0xFFFD, 0xFFFD, 0xFFFD, 0xFFFD, 0xFFFD,
    0xFFFD, 0xFFFD, 0xFFDD, 0xFFDD, 0xFFDC, 0xFFDC, 0xFFDC, 0xFFDC, 0xFFDC, 0xFFDC, 0xFFDC, 0xFFDC,
    0xFFBC, 0xFFDC, 0xFFBC, 0xFFBB, 0xFFBB, 0xFFBB, 0xFF9B, 0xFF7A, 0xF77A, 0xF759, 0xDE98, 0xC5D6,
    0xCE37, 0xE6F9, 0xF77A, 0xFF7A, 0xFF9A, 0xFF9B, 0xFFBB, 0xFFBB, 0xFFDC, 0xFFDC, 0xFFDC, 0xFFDC,
    0xFFDC, 0xFFDC, 0xFFDC, 0xFFDD, 0xFFDD, 0xFFDD, 0xFFDD, 0xFFDD, 0xFFFD, 0xFFFD, 0xFFDD, 0xFFFD,
    0xFFFD, 0xFFFD, 0xFFDD, 0xFFFD, 0xFFFD, 0xFFFD, 0xFFFD, 0xFFFD, 0xFFFD, 0xFFFD, 0xFFFD, 0xFFFD,
    0xFFFD, 0xFFFD, 0xFFFD, 0xFFFD, 0xFFFD, 0xFFFD, 0xFFDD, 0xFFDD, 0xFFFD, 0xFFDC, 0xFFDD, 0xFFDD,
    0xFFDD, 0xFFDC, 0xFFDC, 0xFFDC, 0xFFDC, 0xFFDC, 0xFFBC, 0xFFBB, 0xFFBB, 0xFFBB, 0xFF9B, 0xFF9A,
    0xF77A, 0xF759, 0xDE98, 0xC5F6, 0xCE37, 0xE6F9, 0xF77A, 0xFF9A, 0xFF9B, 0xFFBB, 0xFFBB, 0xFFDB,
    0xFFDC, 0xFFDC, 0xFFDC, 0xFFDC, 0xFFDC, 0xFFDC, 0xFFFD, 0xFFFD, 0xFFFD, 0xFFFD, 0xFFFD, 0xFFFD,
    0xFFFD, 0xFFFD, 0xFFFD, 0xFFFD, 0xFFFD, 0xFFFD, 0xFFFD, 0xFFFD, 0xFFFD, 0xFFFD, 0xFFFD, 0xFFFD,
    0xFFFD, 0xFFFD, 0xFFFD, 0xFFFD, 0xFFFD, 0xFFFD, 0xFFFD, 0xFFFD, 0xFFFD, 0xFFFD, 0xFFFD, 0xFFFD,
    0xFFFD, 0xFFFC, 0xFFDC, 0xFFDC, 0xFFDC, 0xFFDC, 0xFFDC, 0xFFDC, 0xFFDC, 0xFFDC, 0xFFBC, 0xFFBB,
    0xFFBB, 0xFFBB, 0xFF9B, 0xFF9A, 0xF77A, 0xF759, 0xDE98, 0xC5D5, 0xCE37, 0xE6F9, 0xF75A, 0xF77A,
    0xFF9B, 0xFFBB, 0xFFBB, 0xFFBB, 0xFFDC, 0xFFDC, 0xFFDC, 0xFFDC, 0xFFDC, 0xFFDC, 0xFFDC, 0xFFDC,
    0xFFFD, 0xFFDC, 0xFFDC, 0xFFFD, 0xFFFD, 0xFFFD, 0xFFDD, 0xFFDD, 0xFFDD, 0xFFFD, 0xFFFD, 0xFFFD,
    0xFFFD, 0xFFFD, 0xFFFD, 0xFFFD, 0xFFFD, 0xFFFD, 0xFFFD, 0xFFFD, 0xFFFD, 0xFFFD, 0xFFFD, 0xFFFD,
    0xFFFD, 0xFFFD, 0xFFDD, 0xFFDD, 0xFFFD, 0xFFDC, 0xFFDC, 0xFFDC, 0xFFDC, 0xFFDC, 0xFFDC, 0xFFDC,
    0xFFDC, 0xFFDB, 0xFFBB, 0xFFBB, 0xFFBB, 0xFF9B, 0xFF9A, 0xF77A, 0xF77A, 0xF759, 0xDE98, 0xC5D5,
    0xCE17, 0xE6F9, 0xF77A, 0xF77A, 0xFF9A, 0xFF9B, 0xFF9B, 0xFFBC, 0xFFDC, 0xFFDC, 0xFFDC, 0xFFDC,
    0xFFDC, 0xFFDC, 0xFFDC, 0xFFDC, 0xFFDC, 0xFFDD, 0xFFDD, 0xFFFD, 0xFFFD, 0xFFFD, 0xFFFD, 0xFFFD,
    0xFFFD, 0xFFFD, 0xFFFD, 0xFFFD, 0xFFFD, 0xFFFD, 0xFFFD, 0xFFFD, 0xFFFD, 0xFFFD, 0xFFFD, 0xFFFD,
    0xFFFD, 0xFFFD, 0xFFFD, 0xFFFD, 0xFFDD, 0xFFDD, 0xFFDD, 0xFFDD, 0xFFFD, 0xFFDD, 0xFFDD, 0xFFDC,
    0xFFDC, 0xFFDC, 0xFFDC, 0xFFDC, 0xFFDC, 0xFFBC, 0xFFBB, 0xFFBB, 0xFFBB, 0xFFBB, 0xFF9A, 0xF77A,
    0xF75A, 0xF759, 0xDE97, 0xBDD5, 0xCE16, 0xE6D9, 0xF75A, 0xF77A, 0xFF9A, 0xFF9B, 0xFF9B, 0xFFBB,
    0xFFDC, 0xFFBC, 0xFFDC, 0xFFDC, 0xFFDC, 0xFFDC, 0xFFDC, 0xFFDC, 0xFFDC, 0xFFDC, 0xFFDC, 0xFFFD,
    0xFFFD, 0xFFFD, 0xFFFD, 0xFFFD, 0xFFFD, 0xFFDD, 0xFFDD, 0xFFFD, 0xFFFD, 0xFFFD, 0xFFFD, 0xFFDD,
    0xFFFD, 0xFFFD, 0xFFFD, 0xFFFD, 0xFFFD, 0xFFDD, 0xFFDD, 0xFFDD, 0xFFFD, 0xFFFD, 0xFFDD, 0xFFDD,
    0xFFDC, 0xFFDC, 0xFFDC, 0xFFDC, 0xFFDC, 0xFFDC, 0xFFDC, 0xFFDC, 0xFFBC, 0xFFBB, 0xFFBB, 0xFFBB,
    0xFF9B, 0xFF9B, 0xF77A, 0xF77A, 0xF75A, 0xF739, 0xD697, 0xBDD5, 0xCE16, 0xE6D9, 0xF75A, 0xF77A,
    0xFF9B, 0xFF9B, 0xFF9B, 0xFFBB, 0xFFDC, 0xFFDC, 0xFFDC, 0xFFDC, 0xFFDC, 0xFFDC, 0xFFDC, 0xFFDD,
    0xFFFD, 0xFFFD, 0xFFDC, 0xFFDD, 0xFFFD, 0xFFFD, 0xFFFD, 0xFFFD, 0xFFFD, 0xFFFD, 0xFFFD, 0xFFFD,
    0xFFFD, 0xFFFD, 0xFFFD, 0xFFFD, 0xFFFD, 0xFFFD, 0xFFFD, 0xFFFD, 0xFFFD, 0xFFFD, 0xFFFD, 0xFFFD,
    0xFFFD, 0xFFFD, 0xFFDD, 0xFFFC, 0xFFDC, 0xFFDC, 0xFFDC, 0xFFDC, 0xFFDC, 0xFFDC, 0xFFDC, 0xFFDC,
    0xFFDC, 0xFFBB, 0xFFBB, 0xFFBB, 0xFFBB, 0xFF9B, 0xFF9A, 0xF77A, 0xF75A, 0xF759, 0xDE97, 0xBDD5,
    0xC616, 0xE6D9, 0xF75A, 0xF77A, 0xFF9A, 0xFF9B, 0xFF9B, 0xFFBB, 0xFFBB, 0xFFDC, 0xFFDC, 0xFFDC,
    0xFFDC, 0xFFDC, 0xFFDC, 0xFFDC, 0xFFDC, 0xFFDC, 0xFFDC, 0xFFDC, 0xFFDC, 0xFFFD, 0xFFFD, 0xFFDD,
    0xFFFD, 0xFFFD, 0xFFFD, 0xFFFD, 0xFFFD, 0xFFFD, 0xFFFD, 0xFFFD, 0xFFFD, 0xFFFD, 0xFFFD, 0xFFDD,
    0xFFDD, 0xFFFD, 0xFFFD, 0xFFFD, 0xFFFD, 0xFFDC, 0xFFDC, 0xFFDC, 0xFFDC, 0xFFDC, 0xFFDC, 0xFFDC,
    0xFFDC, 0xFFDC, 0xFFDC, 0xFFDC, 0xFFDC, 0xFFBB, 0xFFBB, 0xFFBB, 0xFFBB, 0xFF9B, 0xFF9A, 0xF77A,
    0xF759, 0xF739, 0xDE97, 0xBDD5, 0xC616, 0xE6D9, 0xF75A, 0xF77A, 0xFF9A, 0xFF9B, 0xFFBB, 0xFFBB,
    0xFFBB, 0xFFDC, 0xFFDC, 0xFFDC, 0xFFDC, 0xFFDC, 0xFFDC, 0xFFDC, 0xFFDC, 0xFFDC, 0xFFFD, 0xFFFD,
    0xFFFD, 0xFFFD, 0xFFFD, 0xFFFD, 0xFFFD, 0xFFFD, 0xFFFD, 0xFFFD, 0xFFFD, 0xFFFD, 0xFFFD, 0xFFFD,
    0xFFFD, 0xFFFD, 0xFFFD, 0xFFFD, 0xFFFD, 0xFFFD, 0xFFFD, 0xFFDC, 0xFFFD, 0xFFFD, 0xFFFD, 0xFFFD,
    0xFFDC, 0xFFDC, 0xFFDC, 0xFFDC, 0xFFDC, 0xFFDC, 0xFFDC, 0xFFDC, 0xFFDC, 0xFFBB, 0xFFBB, 0xFFBB,
    0xFFBB, 0xFF9B, 0xFF9A, 0xF77A, 0xF759, 0xF739, 0xDE97, 0xBDD5, 0xC5F6, 0xE6D9, 0xF75A, 0xF77A,
    0xFF7A, 0xFF9B, 0xFFBB, 0xFFBB, 0xFFBB, 0xFFBB, 0xFFBB, 0xFFDC, 0xFFDC, 0xFFDC, 0xFFDC, 0xFFDC,
    0xFFDC, 0xFFDC, 0xFFDC, 0xFFDC, 0xFFDC, 0xFFDC, 0xFFDD, 0xFFDC, 0xFFDC, 0xFFDD, 0xFFDD, 0xFFDC,
    0xFFDD, 0xFFDD, 0xFFFD, 0xFFDD, 0xFFFD, 0xFFDD, 0xFFDC, 0xFFDC, 0xFFDC, 0xFFDC, 0xFFDC, 0xFFDC,
    0xFFDC, 0xFFDC, 0xFFDD, 0xFFDC, 0xFFDC, 0xFFDC, 0xFFDC, 0xFFDC, 0xFFDC, 0xFFDC, 0xFFDC, 0xFFBC,
    0xFFBB, 0xFFBB, 0xFFBB, 0xFFBB, 0xFF9B, 0xFF9A, 0xFF9A, 0xF77A, 0xF759, 0xF739, 0xDE97, 0xBDB5,
    0xC5F6, 0xDED8, 0xF759, 0xF75A, 0xF77A, 0xFF9B, 0xFFBB, 0xFFBB, 0xFFBB, 0xFFBB, 0xFFBB, 0xFFBB,
    0xFFBB, 0xFFDC, 0xFFDC, 0xFFDC, 0xFFDC, 0xFFDC, 0xFFDC, 0xFFDC, 0xFFDD, 0xFFDC, 0xFFDD, 0xFFDC,
    0xFFFD, 0xFFFD, 0xFFDD, 0xFFDC, 0xFFDC, 0xFFFD, 0xFFFD, 0xFFFD, 0xFFDD, 0xFFDD, 0xFFFC, 0xFFDC,
    0xFFDC, 0xFFFD, 0xFFFC, 0xFFDC, 0xFFDC, 0xFFDC, 0xFFFD, 0xFFDD, 0xFFDC, 0xFFDC, 0xFFDC, 0xFFDC,
    0xFFDC, 0xFFDC, 0xFFBB, 0xFFBB, 0xFFBB, 0xFFBB, 0xFFBB, 0xFF9B, 0xFF9B, 0xFF9A, 0xF77A, 0xF77A,
    0xF759, 0xEF39, 0xD677, 0xBDB5, 0xC5F6, 0xDED8, 0xF739, 0xF77A, 0xF77A, 0xF77A, 0xFF9B, 0xFFBB,
    0xFFBB, 0xFFBB, 0xFFBB, 0xFFBC, 0xFFDC, 0xFFDC, 0xFFDC, 0xFFDC, 0xFFDC, 0xFFDC, 0xFFDC, 0xFFDC,
    0xFFDC, 0xFFDC, 0xFFDC, 0xFFDC, 0xFFDC, 0xFFDC, 0xFFDC, 0xFFDC, 0xFFDC, 0xFFDC, 0xFFDC, 0xFFDC,
    0xFFDC, 0xFFDC, 0xFFDC, 0xFFDC, 0xFFDC, 0xFFDC, 0xFFDC, 0xFFDC, 0xFFDC, 0xFFDC, 0xFFDC, 0xFFDC,
    0xFFDC, 0xFFDC, 0xFFDC, 0xFFDC, 0xFFBB, 0xFFBB, 0xFFBB, 0xFFBB, 0xFFBB, 0xFF9B, 0xFF9B, 0xFF9B,
    0xFF9B, 0xFF7A, 0xF77A, 0xF77A, 0xF759, 0xEF39, 0xD677, 0xBDB5, 0xC616, 0xDED8, 0xF739, 0xF75A,
    0xF77A, 0xFF9A, 0xFF9B, 0xFFBB, 0xFFBB, 0xFFBC, 0xFFBB, 0xFFBB, 0xFFBB, 0xFFDC, 0xFFDC, 0xFFDC,
    0xFFDC, 0xFFDC, 0xFFDC, 0xFFDC, 0xFFDC, 0xFFDC, 0xFFDC, 0xFFDC, 0xFFDC, 0xFFFD, 0xFFDC, 0xFFDC,
    0xFFDD, 0xFFDD, 0xFFDC, 0xFFDC, 0xFFDC, 0xFFDC, 0xFFDD, 0xFFDD, 0xFFDD, 0xFFDD, 0xFFDC, 0xFFDC,
    0xFFDC, 0xFFDC, 0xFFDC, 0xFFDC, 0xFFDC, 0xFFDC, 0xFFDC, 0xFFDC, 0xFFDC, 0xFFBC, 0xFFBB, 0xFFBB,
    0xFFBB, 0xFF9B, 0xFF9B, 0xFF9B, 0xFF9B, 0xFF9B, 0xFF9A, 0xF77A, 0xF759, 0xEF39, 0xD677, 0xBDB5,
    0xC5F6, 0xDED8, 0xF739, 0xF75A, 0xF77A, 0xFF9A, 0xFF9B, 0xFFBB, 0xFFBB, 0xFFBB, 0xFFBB, 0xFFBB,
    0xFFBB, 0xFFDC, 0xFFDC, 0xFFDC, 0xFFDC, 0xFFDC, 0xFFDC, 0xFFDC, 0xFFDC, 0xFFDC, 0xFFDC, 0xFFDC,
    0xFFDC, 0xFFDC, 0xFFDC, 0xFFDC, 0xFFDC, 0xFFDC, 0xFFDC, 0xFFDC, 0xFFDC, 0xFFDC, 0xFFDC, 0xFFDC,
    0xFFDC, 0xFFDC, 0xFFDC, 0xFFDC, 0xFFDC, 0xFFDC, 0xFFDC, 0xFFDC, 0xFFDC, 0xFFDC, 0xFFDC, 0xFFBC,
    0xFFBC, 0xFFBB, 0xFFBB, 0xFFBB, 0xFFBB, 0xFFBB, 0xFF9B, 0xFF9B, 0xFF9B, 0xFF9A, 0xFF7A, 0xF75A,
    0xF739, 0xEF19, 0xD677, 0xBDB5, 0xC5F6, 0xDEB8, 0xF739, 0xF759, 0xF77A, 0xFF9A, 0xFF9A, 0xFF9B,
    0xFF9B, 0xFFBB, 0xFFBB, 0xFFBB, 0xFFBB, 0xFFBB, 0xFFBB, 0xFFBC, 0xFFDC, 0xFFDC, 0xFFDC, 0xFFDC,
    0xFFDC, 0xFFDC, 0xFFDC, 0xFFDC, 0xFFDC, 0xFFDC, 0xFFDC, 0xFFDC, 0xFFDC, 0xFFDC, 0xFFDC, 0xFFDC,
    0xFFDC, 0xFFDC, 0xFFDC, 0xFFDC, 0xFFDC, 0xFFDC, 0xFFDC, 0xFFDC, 0xFFDC, 0xFFDC, 0xFFDC, 0xFFBC,
    0xFFBB, 0xFFBB, 0xFFBB, 0xFFBB, 0xFFBB, 0xFFBB, 0xFFBB, 0xFFBB, 0xFFBB, 0xFF9B, 0xFF9B, 0xFF9B,
    0xFF9A, 0xF77A, 0xF77A, 0xF759, 0xF739, 0xEF18, 0xD677, 0xBD95, 0xC5D6, 0xDEB8, 0xF739, 0xF759,
    0xF77A, 0xF77A, 0xFF9B, 0xFF9B, 0xFF9B, 0xFFBB, 0xFFBB, 0xFFBB, 0xFFBB, 0xFFBB, 0xFFBB, 0xFFBC,
    0xFFDC, 0xFFDC, 0xFFDC, 0xFFDC, 0xFFDC, 0xFFDC, 0xFFDC, 0xFFDC, 0xFFDC, 0xFFDC, 0xFFDC, 0xFFDC,
    0xFFDC, 0xFFDC, 0xFFDC, 0xFFDC, 0xFFDC, 0xFFDC, 0xFFDC, 0xFFDC, 0xFFDC, 0xFFDC, 0xFFDC, 0xFFDC,
    0xFFDC, 0xFFDC, 0xFFDC, 0xFFDC, 0xFFBB, 0xFFBB, 0xFFBB, 0xFFBB, 0xFFBB, 0xFFBB, 0xFFBB, 0xFFBB,
    0xFF9B, 0xFF9B, 0xFF9B, 0xFF9A, 0xFF7A, 0xF77A, 0xF75A, 0xF759, 0xEF39, 0xEF19, 0xD677, 0xBD94,
    0xBDD5, 0xDEB8, 0xF739, 0xF759, 0xF75A, 0xF77A, 0xFF9A, 0xFF9B, 0xFF9B, 0xFFBB, 0xFFBB, 0xFFBB,
    0xFFBB, 0xFFBB, 0xFFBB, 0xFFBB, 0xFFBB, 0xFFBB, 0xFFBC, 0xFFBB, 0xFFBC, 0xFFBC, 0xFFDC, 0xFFDC,
    0xFFDC, 0xFFDC, 0xFFDC, 0xFFDC, 0xFFDC, 0xFFBC, 0xFFBC, 0xFFDC, 0xFFDC, 0xFFDC, 0xFFDC, 0xFFBC,
    0xFFDC, 0xFFDC, 0xFFBC, 0xFFBC, 0xFFBC, 0xFFDC, 0xFFBC, 0xFFBC, 0xFFBB, 0xFFBB, 0xFFBB, 0xFFBB,
    0xFFBB, 0xFFBB, 0xFF9B, 0xFF9B, 0xFF9B, 0xFF9B, 0xFF9A, 0xFF9A, 0xF77A, 0xF77A, 0xF75A, 0xF759,
    0xEF39, 0xEF18, 0xD657, 0xBD94, 0xBDD5, 0xDEB8, 0xEF39, 0xF739, 0xF75A, 0xF75A, 0xF77A, 0xFF7A,
    0xFF9B, 0xFF9B, 0xFF9B, 0xFF9B, 0xFF9B, 0xFF9B, 0xFFBB, 0xFFBB, 0xFFBB, 0xFFBB, 0xFFBB, 0xFFBB,
    0xFFBB, 0xFFBB, 0xFFBB, 0xFFBB, 0xFFBB, 0xFFBB, 0xFFBB, 0xFFBB, 0xFFBB, 0xFFBB, 0xFFBB, 0xFFBB,
    0xFFBB, 0xFFBC, 0xFFBB, 0xFFBB, 0xFFBB, 0xFFBB, 0xFFBB, 0xFFBB, 0xFFBB, 0xFFBB, 0xFFBB, 0xFF9B,
    0xFF9B, 0xFF9B, 0xFF9B, 0xFF9B, 0xFF9B, 0xFF9B, 0xFF9B, 0xFF9A, 0xFF9A, 0xF77A, 0xF77A, 0xF77A,
    0xF77A, 0xF75A, 0xF739, 0xF739, 0xEF19, 0xEEF8, 0xD656, 0xB594, 0xBDD5, 0xDEB8, 0xEF19, 0xF739,
    0xF759, 0xF75A, 0xF77A, 0xF77A, 0xF77A, 0xFF9B, 0xFF9B, 0xFF9B, 0xFF9B, 0xFF9B, 0xFFBB, 0xFFBB,
    0xFFBB, 0xFFBB, 0xFF9B, 0xFFBB, 0xFFBC, 0xFFBC, 0xFFBB, 0xFFBB, 0xFFBB, 0xFFBB, 0xFFBC, 0xFFBB,
    0xFFBB, 0xFFBB, 0xFFBB, 0xFFBB, 0xFFBB, 0xFFBC, 0xFFBB, 0xFFBB, 0xFFBB, 0xFFBB, 0xFFBB, 0xFFBB,
    0xFFBB, 0xFFBB, 0xFF9B, 0xFF9B, 0xFF9B, 0xFF9B, 0xFF9B, 0xFF9B, 0xFF9B, 0xFF9B, 0xFF9B, 0xFF9A,
    0xF77A, 0xF77A, 0xF77A, 0xF77A, 0xF75A, 0xF759, 0xF739, 0xEF19, 0xEF19, 0xEEF8, 0xD656, 0xB594,
    0xBDD5, 0xDE97, 0xEF19, 0xEF39, 0xF739, 0xF75A, 0xF77A, 0xF77A, 0xF77A, 0xF79A, 0xFF9B, 0xFF9B,
    0xFF9B, 0xFF9B, 0xFF9B, 0xFF9B, 0xFFBB, 0xFF9B, 0xFF9B, 0xFFBB, 0xFF9B, 0xFFBB, 0xFF9B, 0xFF9B,
    0xFFBB, 0xFFBB, 0xFFBB, 0xFFBB, 0xFFBB, 0xFFBB, 0xFF9B, 0xFFBB, 0xFFBB, 0xFFBC, 0xFF9B, 0xFF9B,
    0xFF9B, 0xFFBB, 0xFFBB, 0xFF9B, 0xFF9B, 0xFF9B, 0xFF9B, 0xFF9B, 0xFF9B, 0xFF9B, 0xFF9B, 0xFF9B,
    0xFF9B, 0xF77A, 0xFF7A, 0xF77A, 0xF77A, 0xF77A, 0xF75A, 0xF75A, 0xF75A, 0xF759, 0xF739, 0xEF19,
    0xEF18, 0xEEF8, 0xCE36, 0xB574, 0xBDB5, 0xD697, 0xEF18, 0xEF39, 0xF739, 0xF759, 0xF75A, 0xF75A,
    0xF77A, 0xF77A, 0xF77A, 0xFF7A, 0xF79A, 0xFF9B, 0xFF9A, 0xFF9A, 0xFF9B, 0xFF9B, 0xFF9B, 0xFF9B,
    0xFF9B, 0xFF9B, 0xFF9B, 0xFF9B, 0xFF9B, 0xFF9B, 0xFF9B, 0xFF9B, 0xFF9B, 0xFF9B, 0xFF9B, 0xFF9B,
    0xFF9B, 0xFF9B, 0xFF9B, 0xFF9B, 0xFF9B, 0xFF9B, 0xFF9B, 0xFF9B, 0xFF9B, 0xFF9B, 0xFF9B, 0xFF9B,
    0xF77A, 0xF77A, 0xF77A, 0xF77A, 0xF77A, 0xF77A, 0xF77A, 0xF77A, 0xF77A, 0xF75A, 0xF75A, 0xF75A,
    0xF739, 0xF739, 0xEF39, 0xEF19, 0xEEF8, 0xE6D8, 0xCE36, 0xB574, 0xBDB5, 0xD677, 0xEEF8, 0xEF18,
    0xEF19, 0xEF39, 0xF739, 0xF75A, 0xF75A, 0xF75A, 0xF75A, 0xF77A, 0xF77A, 0xF77A, 0xF77A, 0xF77A,
    0xF77A, 0xF77B, 0xF77B, 0xF77B, 0xF77A, 0xF77B, 0xF79B, 0xF79B, 0xFF9B, 0xFF9B, 0xFF9B, 0xF77B,
    0xFF9B, 0xF79B, 0xF79B, 0xFF9B, 0xFF9B, 0xF77B, 0xF77A, 0xF77A, 0xF77B, 0xF77B, 0xF77B, 0xF77A,
    0xF77A, 0xF77A, 0xF77A, 0xF77A, 0xF77A, 0xF77A, 0xF75A, 0xF77A, 0xF75A, 0xF75A, 0xF75A, 0xF75A,
    0xF75A, 0xF759, 0xF739, 0xEF39, 0xEF39, 0xEF19, 0xEF18, 0xEEF8, 0xEEF8, 0xE6D7, 0xCE36, 0xB574,
    0xBDB5, 0xD677, 0xE6F8, 0xEEF8, 0xEF18, 0xEF19, 0xF739, 0xF739, 0xF759, 0xF759, 0xF759, 0xF75A,
    0xF75A, 0xF75A, 0xF77A, 0xF77A, 0xF77A, 0xF77A, 0xF77A, 0xF77A, 0xF77A, 0xF77A, 0xF77A, 0xF77A,
    0xF77A, 0xF77A, 0xF77A, 0xF77A, 0xF77A, 0xF77A, 0xF77A, 0xF77A, 0xF77A, 0xF77A, 0xF77A, 0xF77A,
    0xF77A, 0xF77A, 0xF77A, 0xF77A, 0xF77A, 0xF75A, 0xF75A, 0xF77A, 0xF75A, 0xF75A, 0xF75A, 0xF75A,
    0xF759, 0xF739, 0xF739, 0xF759, 0xF739, 0xF739, 0xEF39, 0xEF19, 0xEF19, 0xEF18, 0xEEF8, 0xE6F8,
    0xE6D8, 0xE6B7, 0xCE15, 0xB574, 0xBD94, 0xCE36, 0xE6B7, 0xEEF8, 0xEF18, 0xEF19, 0xEF19, 0xEF39,
    0xF739, 0xF759, 0xF759, 0xF75A, 0xF75A, 0xF75A, 0xF75A, 0xF75A, 0xF75A, 0xF75A, 0xF75A, 0xF75A,
    0xF77A, 0xF77A, 0xF77A, 0xF77A, 0xF77A, 0xF77A, 0xF77A, 0xF77A, 0xF77A, 0xF77A, 0xF77A, 0xF75A,
    0xF75A, 0xF75A, 0xF77A, 0xF77A, 0xF77A, 0xF77A, 0xF75A, 0xF75A, 0xF75A, 0xF75A, 0xF75A, 0xF75A,
    0xF75A, 0xF759, 0xF759, 0xF759, 0xF739, 0xF739, 0xEF39, 0xF739, 0xEF39, 0xEF19, 0xEF19, 0xEF19,
    0xEF18, 0xEEF8, 0xEEF8, 0xE6D8, 0xE6B7, 0xDE97, 0xC5F5, 0xB554, 0xB574, 0xBDB4, 0xCE36, 0xD677,
    0xD677, 0xDE97, 0xDE97, 0xDEB8, 0xDEB8, 0xDEB8, 0xDEB8, 0xDEB8, 0xDED8, 0xDED8, 0xDED8, 0xDED9,
    0xDED9, 0xDED9, 0xDED9, 0xDED9, 0xDED9, 0xDED9, 0xDED9, 0xDED9, 0xDED9, 0xE6D9, 0xE6D9, 0xDED9,
    0xDED9, 0xDED9, 0xDED9, 0xDED9, 0xDED9, 0xDED9, 0xDED9, 0xDED9, 0xDED9, 0xDED9, 0xDED9, 0xDED8,
    0xDED8, 0xDED8, 0xDED8, 0xDEB8, 0xDEB8, 0xDEB8, 0xDEB8, 0xDEB8, 0xDEB8, 0xDEB8, 0xDE98, 0xDE98,
    0xDE97, 0xDE97, 0xD697, 0xD677, 0xD677, 0xD677, 0xD656, 0xD636, 0xCE15, 0xCDF5, 0xB573, 0xAD33,
    0xAD54, 0xB595, 0xBDB5, 0xBDB5, 0xBDD5, 0xBDD5, 0xBDD5, 0xBDB5, 0xBDD5, 0xBDD5, 0xC5D6, 0xC5F6,
    0xC5D6, 0xC5F6, 0xC5D6, 0xC5F6, 0xC5F6, 0xC5F6, 0xC5F6, 0xC5F6, 0xC5F6, 0xC5F6, 0xC5F6, 0xC5F6,
    0xC5F6, 0xC5F6, 0xC5F6, 0xC5F6, 0xC5F6, 0xC5F6, 0xC5F6, 0xC5F6, 0xC5F6, 0xC5F6, 0xC5F6, 0xC5F6,
    0xC5F6, 0xC5D6, 0xC5F6, 0xC5F6, 0xC5D6, 0xC5D5, 0xC5D6, 0xBDD5, 0xBDD5, 0xBDD5, 0xBDB5, 0xBDB5,
    0xBDB5, 0xBDB5, 0xBDB5, 0xBD95, 0xBD94, 0xB594, 0xB594, 0xB594, 0xB574, 0xB574, 0xB574, 0xB554,
    0xB553, 0xAD53, 0xAD33, 0xAD13,
};
#define POOLS_LIGHT_MIP2_SIZE 32
static const uint16_t POOLS_LIGHT_MIP2_PIXELS[1024] __attribute__((aligned(16))) = {
    0xB574, 0xC5F5, 0xCE16, 0xCE16, 0xCE36, 0xCE37, 0xCE57, 0xD657, 0xD657, 0xD657, 0xD657, 0xD677,
    0xD657, 0xD657, 0xD657, 0xD657, 0xD657, 0xD657, 0xD657, 0xCE57, 0xCE37, 0xCE37, 0xCE37, 0xCE36,
    0xCE16, 0xC616, 0xC616, 0xC5F5, 0xC5D5, 0xC5D5, 0xBD94, 0xAD53, 0xC5F5, 0xDE97, 0xE6D7, 0xEEF8,
    0xEF18, 0xEF19, 0xEF19, 0xEF39, 0xF739, 0xEF39, 0xF739, 0xF739, 0xF739, 0xF739, 0xF739, 0xF739,
    0xF739, 0xF739, 0xF739, 0xF739, 0xEF39, 0xEF39, 0xEF39, 0xEF19, 0xEF19, 0xEF18, 0xEEF8, 0xEEF8,
    0xE6D8, 0xE6B7, 0xDE96, 0xBDB5, 0xCE16, 0xE6D8, 0xEF18, 0xEF39, 0xF739, 0xF759, 0xF75A, 0xF75A,
    0xF77A, 0xF77A, 0xF77A, 0xF77A, 0xF77A, 0xF77A, 0xF77A, 0xF77A, 0xF77A, 0xF77A, 0xF77A, 0xF77A,
    0xF75A, 0xF75A, 0xF75A, 0xF759, 0xF759, 0xF739, 0xF739, 0xF739, 0xEF18, 0xEEF8, 0xE6D7, 0xC5D5,
    0xCE57, 0xEF18, 0xEF39, 0xF759, 0xF77A, 0xF77A, 0xFF9A, 0xFF9B, 0xFF9B, 0xFF9B, 0xFF9B, 0xFF9B,
    0xFF9B, 0xFF9B, 0xFF9B, 0xFF9B, 0xFF9B, 0xFF9B, 0xFF9B, 0xFF9B, 0xFF9B, 0xFF9B, 0xFF9A, 0xFF9A,
    0xF77A, 0xF77A, 0xF77A, 0xF75A, 0xF739, 0xEF39, 0xEEF8, 0xC616, 0xD677, 0xEF39, 0xF75A, 0xF77A,
    0xFF9A, 0xFF9B, 0xFF9B, 0xFF9B, 0xFFBB, 0xFFBB, 0xFFBB, 0xFFBB, 0xFFBB, 0xFFBB, 0xFFBB, 0xFFBB,
    0xFFBB, 0xFFBB, 0xFFBB, 0xFFBB, 0xFFBB, 0xFFBB, 0xFF9B, 0xFFBB, 0xFF9B, 0xFF9B, 0xFF9A, 0xFF7A,
    0xF77A, 0xF759, 0xEF18, 0xCE16, 0xD677, 0xF739, 0xF77A, 0xFF9A, 0xFFBB, 0xFFBB, 0xFFBB, 0xFFBB,
    0xFFBB, 0xFFBC, 0xFFDC, 0xFFDC, 0xFFDC, 0xFFDC, 0xFFDC, 0xFFDC, 0xFFDC, 0xFFDC, 0xFFDC, 0xFFDC,
    0xFFDC, 0xFFBC, 0xFFBC, 0xFFBB, 0xFFBB, 0xFFBB, 0xFF9B, 0xFF9B, 0xFF7A, 0xF759, 0xEF39, 0xCE36,
    0xD698, 0xF759, 0xF77A, 0xFF9B, 0xFFBB, 0xFFBB, 0xFFDC, 0xFFDC, 0xFFDC, 0xFFDC, 0xFFDC, 0xFFDC,
    0xFFDC, 0xFFDC, 0xFFDC, 0xFFDC, 0xFFDC, 0xFFDC, 0xFFDC, 0xFFDC, 0xFFDC, 0xFFDC, 0xFFDC, 0xFFDC,
    0xFFDC, 0xFFBC, 0xFFBB, 0xFF9B, 0xFF9A, 0xF77A, 0xF739, 0xCE36, 0xD698, 0xF759, 0xFF9A, 0xFFBB,
    0xFFBB, 0xFFBC, 0xFFDC, 0xFFDC, 0xFFDC, 0xFFDC, 0xFFFD, 0xFFDD, 0xFFFD, 0xFFDD, 0xFFFD, 0xFFFD,
    0xFFFD, 0xFFDD, 0xFFDD, 0xFFDD, 0xFFDC, 0xFFDC, 0xFFDC, 0xFFDC, 0xFFDC, 0xFFDC, 0xFFBB, 0xFFBB,
    0xFF9A, 0xF77A, 0xF759, 0xCE37, 0xD698, 0xF75A, 0xFF9A, 0xFFBB, 0xFFBB, 0xFFDC, 0xFFDC, 0xFFDC,
    0xFFDC, 0xFFDD, 0xFFDD, 0xFFDD, 0xFFDD, 0xFFFD, 0xFFFD, 0xFFFD, 0xFFDD, 0xFFDD, 0xFFDD, 0xFFDD,
    0xFFDD, 0xFFDC, 0xFFDC, 0xFFDC, 0xFFDC, 0xFFDC, 0xFFBC, 0xFFBB, 0xFF9B, 0xFF7A, 0xF759, 0xCE57,
    0xDE98, 0xF77A, 0xFF9B, 0xFFBB, 0xFFBC, 0xFFDC, 0xFFDC, 0xFFDC, 0xFFDC, 0xFFDC, 0xFFFD, 0xFFDD,
    0xFFDD, 0xFFDD, 0xFFFD, 0xFFDD, 0xFFFD, 0xFFFD, 0xFFDD, 0xFFDC, 0xFFDD, 0xFFDD, 0xFFDC, 0xFFDC,
    0xFFDC, 0xFFDC, 0xFFBB, 0xFFBB, 0xFF9B, 0xFF7A, 0xF759, 0xCE57, 0xDE98, 0xF77A, 0xFF9B, 0xFFBB,
    0xFFDC, 0xFFDC, 0xFFDC, 0xFFDC, 0xFFFD, 0xFFFD, 0xFFFD, 0xFFFD, 0xFFFD, 0xFFFD, 0xFFFD, 0xFFFD,
    0xFFFD, 0xFFFD, 0xFFFD, 0xFFFD, 0xFFFD, 0xFFFD, 0xFFDD, 0xFFDD, 0xFFDC, 0xFFDC, 0xFFDC, 0xFFBB,
    0xFFBB, 0xFF9A, 0xF75A, 0xCE57, 0xDE98, 0xF77A, 0xFF9A, 0xFFBB, 0xFFBC, 0xFFDC, 0xFFDC, 0xFFDC,
    0xFFDD, 0xFFDD, 0xFFFD, 0xFFFD, 0xFFFD, 0xFFFD, 0xFFFD, 0xFFFD, 0xFFFD, 0xFFFD, 0xFFFD, 0xFFFD,
    0xFFFD, 0xFFFD, 0xFFDD, 0xFFDD, 0xFFDC, 0xFFDC, 0xFFDC, 0xFFBB, 0xFFBB, 0xFF9A, 0xF75A, 0xD657,
    0xD698, 0xF77A, 0xFF9B, 0xFFBB, 0xFFDC, 0xFFDC, 0xFFDC, 0xFFDD, 0xFFDD, 0xFFDD, 0xFFFD, 0xFFFD,
    0xFFFD, 0xFFFD, 0xFFFD, 0xFFFD, 0xFFFD, 0xFFFD, 0xFFFD, 0xFFFD, 0xFFDD, 0xFFFD, 0xFFFD, 0xFFDD,
    0xFFDC, 0xFFDC, 0xFFDC, 0xFFBB, 0xFFBB, 0xFF9A, 0xF75A, 0xCE57, 0xD698, 0xF77A, 0xFF9B, 0xFFBB,
    0xFFDC, 0xFFDC, 0xFFDC, 0xFFDC, 0xFFDD, 0xFFFD, 0xFFFD, 0xFFFD, 0xFFFD, 0xFFFD, 0xFFFD, 0xFFFD,
    0xFFFD, 0xFFFD, 0xFFFD, 0xFFFD, 0xFFDD, 0xFFFD, 0xFFDD, 0xFFDC, 0xFFDC, 0xFFDC, 0xFFDC, 0xFFBB,
    0xFFBB, 0xFF9A, 0xF75A, 0xCE57, 0xDE98, 0xF77A, 0xFF9B, 0xFFBB, 0xFFDC, 0xFFDC, 0xFFDC, 0xFFDC,
    0xFFDD, 0xFFDD, 0xFFFD, 0xFFFD, 0xFFFD, 0xFFFD, 0xFFFD, 0xFFFD, 0xFFFD, 0xFFFD, 0xFFFD, 0xFFFD,
    0xFFFD, 0xFFFD, 0xFFFD, 0xFFDD, 0xFFDC, 0xFFDC, 0xFFDC, 0xFFBB, 0xFFBB, 0xFF9A, 0xF75A, 0xCE57,
    0xDE98, 0xF77A, 0xFF9B, 0xFFBB, 0xFFDC, 0xFFDC, 0xFFDC, 0xFFDC, 0xFFDD, 0xFFFD, 0xFFFD, 0xFFFD,
    0xFFFD, 0xFFFD, 0xFFFD, 0xFFFD, 0xFFFD, 0xFFFD, 0xFFFD, 0xFFDD, 0xFFDD, 0xFFFD, 0xFFDD, 0xFFDD,
    0xFFDC, 0xFFDC, 0xFFDC, 0xFFBB, 0xFFBB, 0xFF9A, 0xF75A, 0xD657, 0xD698, 0xF77A, 0xFF9B, 0xFFBB,
    0xFFDC, 0xFFDC, 0xFFDC, 0xFFDC, 0xFFFD, 0xFFFD, 0xFFFD, 0xFFFD, 0xFFFD, 0xFFFD, 0xFFFD, 0xFFFD,
    0xFFFD, 0xFFFD, 0xFFFD, 0xFFFD, 0xFFFD, 0xFFDD, 0xFFDD, 0xFFDC, 0xFFDC, 0xFFDC, 0xFFDC, 0xFFBB,
    0xFFBB, 0xFF9A, 0xF759, 0xCE57, 0xD698, 0xF77A, 0xFF9B, 0xFFBB, 0xFFDC, 0xFFDC, 0xFFDC, 0xFFDC,
    0xFFDD, 0xFFDD, 0xFFFD, 0xFFDD, 0xFFFD, 0xFFFD, 0xFFFD, 0xFFFD, 0xFFFD, 0xFFFD, 0xFFFD, 0xFFFD,
    0xFFFD, 0xFFFD, 0xFFDD, 0xFFDC, 0xFFDC, 0xFFDC, 0xFFDC, 0xFFBB, 0xFFBB, 0xFF9A, 0xF75A, 0xCE57,
    0xD698, 0xF77A, 0xFF9B, 0xFFBB, 0xFFDC, 0xFFDC, 0xFFDC, 0xFFDC, 0xFFDC, 0xFFDD, 0xFFDD, 0xFFFD,
    0xFFFD, 0xFFFD, 0xFFFD, 0xFFFD, 0xFFDD, 0xFFFD, 0xFFFD, 0xFFDD, 0xFFFD, 0xFFFD, 0xFFDD, 0xFFDC,
    0xFFDC, 0xFFDC, 0xFFBC, 0xFFBB, 0xFFBB, 0xFF9A, 0xF759, 0xCE37, 0xD698, 0xF77A, 0xFF9B, 0xFFBB,
    0xFFDC, 0xFFDC, 0xFFDC, 0xFFDC, 0xFFDD, 0xFFDD, 0xFFFD, 0xFFFD, 0xFFFD, 0xFFFD, 0xFFFD, 0xFFFD,
    0xFFFD, 0xFFFD, 0xFFFD, 0xFFFD, 0xFFFD, 0xFFDD, 0xFFDC, 0xFFDC, 0xFFDC, 0xFFDC, 0xFFDC, 0xFFBB,
    0xFFBB, 0xFF9A, 0xF75A, 0xCE37, 0xD698, 0xF77A, 0xFF9B, 0xFFBB, 0xFFDC, 0xFFDC, 0xFFDC, 0xFFDC,
    0xFFFD, 0xFFDD, 0xFFFD, 0xFFDD, 0xFFFD, 0xFFFD, 0xFFFD, 0xFFFD, 0xFFFD, 0xFFFD, 0xFFFD, 0xFFFD,
    0xFFFD, 0xFFDD, 0xFFDC, 0xFFDC, 0xFFDC, 0xFFDC, 0xFFDC, 0xFFBB, 0xFFBB, 0xFF9A, 0xF75A, 0xCE36,
    0xD678, 0xF77A, 0xFF9A, 0xFFBB, 0xFFBC, 0xFFDC, 0xFFDC, 0xFFDC, 0xFFDC, 0xFFDD, 0xFFFD, 0xFFFD,
    0xFFDD, 0xFFDD, 0xFFFD, 0xFFDD, 0xFFFD, 0xFFFD, 0xFFDD, 0xFFDD, 0xFFDD, 0xFFDD, 0xFFDC, 0xFFDC,
    0xFFDC, 0xFFDC, 0xFFBC, 0xFFBB, 0xFF9B, 0xF77A, 0xF759, 0xCE36, 0xD677, 0xF77A, 0xFF9B, 0xFFBB,
    0xFFBC, 0xFFDC, 0xFFDC, 0xFFDC, 0xFFDC, 0xFFDC, 0xFFDD, 0xFFDD, 0xFFFD, 0xFFFD, 0xFFFD, 0xFFFD,
    0xFFFD, 0xFFFD, 0xFFDD, 0xFFFD, 0xFFFD, 0xFFDC, 0xFFDC, 0xFFDC, 0xFFDC, 0xFFDC, 0xFFBC, 0xFFBB,
    0xFF9B, 0xF77A, 0xF759, 0xCE36, 0xD677, 0xF75A, 0xFF9A, 0xFFBB, 0xFFBB, 0xFFDC, 0xFFDC, 0xFFDC,
    0xFFDC, 0xFFDC, 0xFFDD, 0xFFDD, 0xFFDD, 0xFFDD, 0xFFDD, 0xFFFD, 0xFFFD, 0xFFDD, 0xFFDD, 0xFFDC,
    0xFFDC, 0xFFDC, 0xFFDC, 0xFFDC, 0xFFDC, 0xFFDC, 0xFFBB, 0xFFBB, 0xFF9B, 0xF77A, 0xF759, 0xCE36,
    0xD657, 0xF759, 0xF77A, 0xFFBB, 0xFFBB, 0xFFBB, 0xFFDC, 0xFFDC, 0xFFDC, 0xFFDC, 0xFFDC, 0xFFDC,
    0xFFDC, 0xFFDC, 0xFFDC, 0xFFDC, 0xFFDC, 0xFFDC, 0xFFDC, 0xFFDC, 0xFFDC, 0xFFDC, 0xFFDC, 0xFFDC,
    0xFFBC, 0xFFBB, 0xFFBB, 0xFF9B, 0xFF9A, 0xF77A, 0xF739, 0xCE16, 0xD657, 0xF759, 0xF77A, 0xFF9B,
    0xFFBB, 0xFFBB, 0xFFBC, 0xFFDC, 0xFFDC, 0xFFDC, 0xFFDC, 0xFFDC, 0xFFDC, 0xFFDC, 0xFFDC, 0xFFDC,
    0xFFDC, 0xFFDC, 0xFFDC, 0xFFDC, 0xFFDC, 0xFFDC, 0xFFDC, 0xFFDC, 0xFFBC, 0xFFBB, 0xFFBB, 0xFF9B,
    0xFF9B, 0xF77A, 0xEF39, 0xC616, 0xCE57, 0xF739, 0xF77A, 0xFF9B, 0xFF9B, 0xFFBB, 0xFFBB, 0xFFBB,
    0xFFDC, 0xFFDC, 0xFFDC, 0xFFDC, 0xFFDC, 0xFFDC, 0xFFDC, 0xFFDC, 0xFFDC, 0xFFDC, 0xFFDC, 0xFFDC,
    0xFFDC, 0xFFBC, 0xFFBB, 0xFFBB, 0xFFBB, 0xFFBB, 0xFF9B, 0xFF9B, 0xF77A, 0xF759, 0xEF19, 0xC5F6,
    0xCE37, 0xF739, 0xF75A, 0xFF7A, 0xFF9B, 0xFF9B, 0xFF9B, 0xFFBB, 0xFFBB, 0xFFBB, 0xFFBC, 0xFFBC,
    0xFFBC, 0xFFBC, 0xFFBC, 0xFFBC, 0xFFBC, 0xFFBC, 0xFFBC, 0xFFBB, 0xFFBC, 0xFFBB, 0xFFBB, 0xFF9B,
    0xFF9B, 0xFF9B, 0xFF9A, 0xF77A, 0xF77A, 0xF739, 0xEF18, 0xC5F5, 0xCE36, 0xEF19, 0xF759, 0xF77A,
    0xF77A, 0xFF9B, 0xFF9B, 0xFF9B, 0xFFBB, 0xFF9B, 0xFFBB, 0xFFBB, 0xFFBB, 0xFFBB, 0xFFBB, 0xFFBB,
    0xFFBB, 0xFFBB, 0xFFBB, 0xFFBB, 0xFF9B, 0xFF9B, 0xFF9B, 0xFF9B, 0xFF9B, 0xFF7A, 0xF77A, 0xF75A,
    0xF759, 0xEF39, 0xEEF8, 0xC5D5, 0xCE16, 0xEF18, 0xEF39, 0xF759, 0xF75A, 0xF77A, 0xF77A, 0xF77A,
    0xF77B, 0xFF9B, 0xFF9B, 0xFF9B, 0xFF9B, 0xFF9B, 0xFF9B, 0xFF9B, 0xFF9B, 0xF77B, 0xF79B, 0xFF7B,
    0xF77A, 0xF77A, 0xF77A, 0xF77A, 0xF77A, 0xF75A, 0xF75A, 0xF739, 0xEF39, 0xEF18, 0xE6D8, 0xC5D5,
    0xC5F5, 0xE6D8, 0xEF18, 0xEF39, 0xF739, 0xF759, 0xF75A, 0xF75A, 0xF75A, 0xF75A, 0xF77A, 0xF77A,
    0xF77A, 0xF77A, 0xF77A, 0xF77A, 0xF77A, 0xF77A, 0xF77A, 0xF75A, 0xF75A, 0xF75A, 0xF75A, 0xF759,
    0xF739, 0xF739, 0xEF39, 0xEF19, 0xEF18, 0xE6D8, 0xE6B7, 0xBDB4, 0xB574, 0xC5F6, 0xCE36, 0xCE36,
    0xCE37, 0xCE57, 0xCE57, 0xCE57, 0xD657, 0xD657, 0xD657, 0xD657, 0xD657, 0xD677, 0xD657, 0xD657,
    0xD657, 0xD657, 0xCE57, 0xCE57, 0xCE57, 0xCE57, 0xCE37, 0xCE37, 0xCE36, 0xCE16, 0xC616, 0xC616,
    0xC5F5, 0xC5D5, 0xBDB4, 0xAD33,
};
#define POOLS_LIGHT_MIP3_SIZE 16
static const uint16_t POOLS_LIGHT_MIP3_PIXELS[256] __attribute__((aligned(16))) = {
    0xC5F5, 0xD677, 0xDE97, 0xDEB8, 0xE6D8, 0xE6D8, 0xE6D8, 0xE6D8, 0xE6D8, 0xE6B8, 0xDEB8, 0xDE98,
    0xDE97, 0xD677, 0xD656, 0xC5D4, 0xDE97, 0xEF39, 0xF75A, 0xF77A, 0xF77A, 0xF77A, 0xF77A, 0xF77A,
    0xF77B, 0xF77A, 0xF77A, 0xF77A, 0xF75A, 0xF759, 0xEF18, 0xD676, 0xE6D8, 0xF77A, 0xFF9B, 0xFFBB,
    0xFFBB, 0xFFBB, 0xFFBC, 0xFFBC, 0xFFBC, 0xFFBB, 0xFFBB, 0xFFBB, 0xFF9B, 0xFF9A, 0xF759, 0xDE97,
    0xE6F9, 0xFF9A, 0xFFBB, 0xFFDC, 0xFFDC, 0xFFDC, 0xFFDC, 0xFFDC, 0xFFDC, 0xFFDC, 0xFFDC, 0xFFDC,
    0xFFBC, 0xFFBB, 0xF77A, 0xDEB8, 0xE6F9, 0xFF9B, 0xFFBC, 0xFFDC, 0xFFDC, 0xFFDD, 0xFFDD, 0xFFDD,
    0xFFDD, 0xFFDD, 0xFFDD, 0xFFDC, 0xFFDC, 0xFFBB, 0xFF9A, 0xE6D8, 0xE6F9, 0xFF9B, 0xFFDC, 0xFFDC,
    0xFFDD, 0xFFFD, 0xFFFD, 0xFFFD, 0xFFFD, 0xFFFD, 0xFFFD, 0xFFDD, 0xFFDC, 0xFFBC, 0xFF9B, 0xE6D8,
    0xE6F9, 0xFFBB, 0xFFDC, 0xFFDC, 0xFFDD, 0xFFFD, 0xFFFD, 0xFFFD, 0xFFFD, 0xFFFD, 0xFFDD, 0xFFDD,
    0xFFDC, 0xFFBB, 0xFF9B, 0xE6D8, 0xE719, 0xFF9B, 0xFFDC, 0xFFDC, 0xFFDD, 0xFFFD, 0xFFFD, 0xFFFD,
    0xFFFD, 0xFFFD, 0xFFDD, 0xFFDD, 0xFFDC, 0xFFBC, 0xFF9B, 0xE6D8, 0xE6F9, 0xFFBB, 0xFFDC, 0xFFDC,
    0xFFDD, 0xFFDD, 0xFFFD, 0xFFFD, 0xFFFD, 0xFFFD, 0xFFDD, 0xFFDC, 0xFFDC, 0xFFBC, 0xFF9B, 0xE6D8,
    0xE6F9, 0xFFBB, 0xFFDC, 0xFFDC, 0xFFDC, 0xFFDD, 0xFFFD, 0xFFFD, 0xFFDD, 0xFFDD, 0xFFDD, 0xFFDC,
    0xFFDC, 0xFFBB, 0xFF9B, 0xE6D8, 0xE6F9, 0xFF9B, 0xFFDC, 0xFFDC, 0xFFDC, 0xFFDD, 0xFFDD, 0xFFFD,
    0xFFFD, 0xFFDD, 0xFFDD, 0xFFDC, 0xFFDC, 0xFFBB, 0xFF9A, 0xDEB8, 0xE6F9, 0xFF9B, 0xFFBC, 0xFFDC,
    0xFFDC, 0xFFDD, 0xFFDD, 0xFFDD, 0xFFDD, 0xFFDD, 0xFFDC, 0xFFDC, 0xFFDC, 0xFFBB, 0xFF9A, 0xDEB8,
    0xE6D8, 0xFF9A, 0xFFBB, 0xFFDC, 0xFFDC, 0xFFDC, 0xFFDC, 0xFFDC, 0xFFDC, 0xFFDC, 0xFFDC, 0xFFDC,
    0xFFBB, 0xFF9B, 0xF77A, 0xDE97, 0xDEB8, 0xF77A, 0xFF9B, 0xFFBB, 0xFFBB, 0xFFBC, 0xFFDC, 0xFFBC,
    0xFFBC, 0xFFBC, 0xFFBB, 0xFFBB, 0xFF9B, 0xFF9A, 0xF75A, 0xDE97, 0xDE97, 0xF759, 0xF77A, 0xF79A,
    0xFF9B, 0xFF9B, 0xFF9B, 0xFF9B, 0xFF9B, 0xFF9B, 0xFF9B, 0xF77A, 0xF77A, 0xF75A, 0xEF39, 0xD656,
    0xCE16, 0xDE97, 0xDEB8, 0xE6D8, 0xE6D9, 0xE6D9, 0xE6D9, 0xE6D9, 0xE6D9, 0xE6D9, 0xE6D8, 0xDEB8,
    0xDEB8, 0xDE97, 0xD677, 0xC5D5,
};
#endif /* BACKROOMS_GENERATED_POOLS_LIGHT_H */
