/* Embedded PSP texture data. */
#ifndef BACKROOMS_GENERATED_POOLS_DAMP_WALL_H
#define BACKROOMS_GENERATED_POOLS_DAMP_WALL_H
#include <stdint.h>
#define POOLS_DAMP_WALL_WIDTH 128
#define POOLS_DAMP_WALL_HEIGHT 128
static const uint16_t POOLS_DAMP_WALL_PIXELS[16384] __attribute__((aligned(16))) = {
    0xA5F6, 0xB658, 0xAE37, 0xAE58, 0xB658, 0xAE38, 0xAE38, 0xAE58, 0xA5F6, 0xA5B4, 0xAD74, 0x9D73,
    0x9DB5, 0xA5D5, 0x9D94, 0x9D74, 0xA5D5, 0xA617, 0xAE37, 0xAE17, 0xADF6, 0xA573, 0xAE17, 0xAE17,
    0xAE17, 0xAE58, 0xAE37, 0xAE17, 0xAE17, 0xB678, 0xAE37, 0x84B1, 0x9D53, 0x9D74, 0x9D94, 0xAE17,
    0xAE16, 0x9DB5, 0xA5F6, 0xAE37, 0xAE37, 0xB638, 0xAD94, 0xAE38, 0xAE17, 0xB678, 0xB658, 0xB658,
    0xAE38, 0xAE38, 0xAE38, 0xB658, 0xAE37, 0xBDF6, 0xB658, 0xB658, 0xB658, 0xB658, 0xAE17, 0xAE37,
    0xAE17, 0xADF5, 0xA5B5, 0x8D12, 0x9512, 0xB658, 0xAE38, 0xB658, 0xAE37, 0xB658, 0xB658, 0xB658,
    0xB658, 0xB658, 0xC658, 0xB679, 0xAE38, 0xAE17, 0xA593, 0xA5B4, 0xA5D6, 0xAE17, 0xAE16, 0xA594,
    0x9553, 0xB5F6, 0xAE17, 0xADF6, 0xAE17, 0xB678, 0xB638, 0xAE17, 0xA5D5, 0x9D74, 0xA5D5, 0x8D12,
    0x9533, 0x9D94, 0xA5B5, 0xB658, 0xAE37, 0xB658, 0xB679, 0xB679, 0xB679, 0xB658, 0xA553, 0x9D52,
    0xA5B5, 0xA5F6, 0xA5F6, 0xA5B5, 0xAE16, 0xAE17, 0xAE37, 0xAE37, 0xA5D6, 0xB5B4, 0xA5D5, 0xB658,
    0xB658, 0xAE37, 0xADF7, 0xADF6, 0xAE17, 0xAE17, 0xB679, 0xA5D6, 0x8D12, 0x9553, 0x9DB5, 0x9D94,
    0x9DD5, 0x9DB5, 0x9DB5, 0x9D94, 0x9D94, 0x8D32, 0xAD74, 0x8CF1, 0x9553, 0x9553, 0x9574, 0x9532,
    0x9512, 0x9D94, 0x9DB5, 0x9D94, 0x8D11, 0xB5D5, 0x9D95, 0x9553, 0x9553, 0x9D94, 0x9DB5, 0x9DB5,
    0x9DB5, 0x9D94, 0x9DB5, 0x8CD2, 0x84B1, 0x9511, 0x9532, 0x9D95, 0x9533, 0x9553, 0x9574, 0x9573,
    0x9D95, 0x9D95, 0xB5B5, 0x9D95, 0x9D94, 0x9DB5, 0x9D95, 0x9553, 0x9DB5, 0x9D95, 0x9DB5, 0x9573,
    0x9D74, 0xBDF6, 0x9D73, 0x9DB5, 0x9D94, 0x9D73, 0x9DB5, 0x9D94, 0x9D95, 0x9553, 0x9532, 0x84B1,
    0x84B0, 0x9DB5, 0x9DD5, 0x9D94, 0x9DB5, 0x9DB5, 0x9DB5, 0x9DB4, 0x9DB5, 0x9D94, 0xBDF6, 0x9DB5,
    0xA5D5, 0x9D74, 0x9532, 0x9532, 0x9553, 0x9553, 0x9D53, 0x9D73, 0x8D12, 0xB5D5, 0x9574, 0x9574,
    0x9594, 0x9DB5, 0x9D94, 0x9D94, 0x9532, 0x9511, 0x9D73, 0x84F1, 0x8CF2, 0x9532, 0x9512, 0x9DB5,
    0x9DB5, 0x9DB5, 0x9DD6, 0x9DD5, 0xA5D6, 0xA5D5, 0xA553, 0x848F, 0x8D11, 0x9553, 0x9553, 0x9553,
    0x9574, 0x9DB5, 0x9DD5, 0x9DB5, 0x9553, 0xB5D5, 0x9D73, 0x9D94, 0x9DB5, 0x9553, 0x9DB5, 0x9D94,
    0x9D95, 0x9553, 0xA5D6, 0x8D54, 0x8D33, 0x9573, 0x9D95, 0x9D95, 0x9D95, 0x9DB5, 0x9D94, 0x9DB5,
    0x9574, 0x9D53, 0xB5D5, 0x8D12, 0x9512, 0x9574, 0x9553, 0x9573, 0x8D32, 0x9D94, 0x9DB5, 0x9DB5,
    0x8D11, 0xAD94, 0x9D73, 0x9553, 0x9573, 0x9DB5, 0x9DB5, 0x9DB5, 0x9DB5, 0x9D94, 0x9DB5, 0x8CF2,
    0x8CF1, 0x9532, 0x9D94, 0x9D74, 0x9553, 0x9574, 0x9553, 0x9D95, 0x9D94, 0xAE37, 0xC637, 0x9DB5,
    0x9D94, 0x9DB5, 0x9574, 0x9574, 0x9DB5, 0x9DB5, 0x9D94, 0x9D94, 0x9D94, 0xB5D4, 0x9511, 0x9532,
    0x9DB4, 0x9D95, 0x9D94, 0x9DB5, 0x9DB5, 0x9D73, 0x9D73, 0x8D12, 0x84B1, 0x9DB5, 0x9DB5, 0x9DB5,
    0x9DB5, 0x9DB5, 0x9DB5, 0x9D94, 0x9DB5, 0x9DD5, 0xBE37, 0xA5D6, 0x9DD5, 0x9D74, 0x9511, 0x9552,
    0x9D95, 0xA5B5, 0x9D73, 0x9D73, 0x9553, 0xBE37, 0x9594, 0x9D73, 0x9DB5, 0x9DB5, 0x9DB5, 0x9DD6,
    0x9553, 0x9D73, 0x9553, 0x84F1, 0x8D13, 0x9573, 0x9553, 0x9DB5, 0x9DB5, 0x9DD6, 0x9DD5, 0x9DB5,
    0x9DD5, 0xA5D5, 0xB5B5, 0x9D74, 0x9553, 0x9574, 0x9D95, 0x9D94, 0x9D74, 0x9D95, 0x9D94, 0x9DB5,
    0x9D74, 0xB5B5, 0x9573, 0x9DB5, 0x9DB5, 0x9DB5, 0x9D94, 0x9D94, 0x9DB5, 0x9573, 0x9DD5, 0x8D33,
    0x9513, 0x9574, 0x9D94, 0x9594, 0x9DB5, 0x9DB5, 0x9DB5, 0x9DB5, 0x9DD5, 0x9573, 0xBDF5, 0x9532,
    0x8D12, 0x9574, 0x9553, 0x9553, 0x9533, 0x9553, 0x9574, 0x9D94, 0x9512, 0xB5F5, 0x9DB5, 0x9D74,
    0x9D74, 0x9DB5, 0x9DB5, 0x9DB5, 0x9DB6, 0x9DB5, 0x9DB5, 0x8CF2, 0x84D1, 0x9532, 0x9574, 0x9553,
    0x9553, 0x9553, 0x9553, 0x9D94, 0x9DB5, 0xAE37, 0xBDF6, 0x9D94, 0x9DB5, 0x9DB5, 0x9574, 0x9574,
    0x9DB5, 0x9D95, 0x9D94, 0x9DB5, 0x9D73, 0xBDF5, 0x9552, 0x9574, 0x9553, 0x9553, 0x9D94, 0x9DB5,
    0x9DB5, 0x9573, 0x9D73, 0x8CD1, 0x84D1, 0x9D94, 0xA5D5, 0x9DB5, 0x9D95, 0x9DB5, 0x9D95, 0x9DD5,
    0x9DB5, 0xA5D5, 0xBE16, 0xA5D6, 0x9DB5, 0x9573, 0x9553, 0x9D74, 0x9573, 0x9DB5, 0x9553, 0x9553,
    0x9D73, 0xB5B5, 0x9D94, 0x9D94, 0x9DB5, 0x9DB5, 0x9DB5, 0x9DB6, 0x9553, 0x9D94, 0x9D94, 0x8CF2,
    0x8D13, 0x9553, 0x9D94, 0x9DB5, 0x9D95, 0x9DB5, 0x9DB5, 0x9DB5, 0x9DB5, 0xA5D5, 0xBDF6, 0x8CF1,
    0x9533, 0x9574, 0x9D74, 0x9553, 0x9573, 0x9D74, 0xA5D5, 0x9DB5, 0x9D95, 0xADB4, 0x9554, 0x9D94,
    0x9DB5, 0x9D95, 0x9D95, 0x9D94, 0x9DB5, 0x9553, 0xA5D6, 0x8513, 0x9533, 0x9D95, 0x9D94, 0x9DB5,
    0x9D95, 0x9D95, 0x9D95, 0x9DB5, 0xA5D6, 0x9574, 0xAD94, 0x9533, 0x9553, 0x9D94, 0x9553, 0x9574,
    0x9553, 0x9553, 0x9D95, 0x9D95, 0x9D53, 0xA553, 0x9DB5, 0x9553, 0x9574, 0x9D95, 0x9DB5, 0x9DB5,
    0x9DB5, 0x9DB5, 0xA5D5, 0x84B1, 0x84D1, 0x9512, 0x9553, 0x9553, 0x9574, 0x9D95, 0x9D94, 0x9574,
    0x9DB5, 0xADF6, 0xC637, 0x9D94, 0x9DB5, 0x9DB5, 0x9D94, 0x9D95, 0x9DB5, 0x9DB5, 0x9DB5, 0x9D94,
    0x9D73, 0xB5D5, 0x9D73, 0x9574, 0x9DB5, 0x9D95, 0x9DB5, 0x9DB5, 0x9DB5, 0x9DB5, 0x9D74, 0x8CF2,
    0x8D33, 0x9DB5, 0x9D95, 0x9DB5, 0x9DB5, 0x9D94, 0x9D94, 0x9DB5, 0x9DB5, 0x9DB5, 0xC657, 0x9DD6,
    0x9DD5, 0x9DB5, 0x9553, 0x9533, 0x9D95, 0x9D95, 0x9553, 0x9D95, 0xA5D5, 0xBE17, 0x9DB5, 0x9553,
    0x9DB5, 0x9DB5, 0x9DB5, 0x9DB5, 0x9532, 0x9D95, 0x9574, 0x8CF2, 0x8D13, 0x9532, 0x9574, 0x9DB5,
    0x9DB5, 0x9DB5, 0x9DB5, 0x9DB5, 0x9DB5, 0xA5D6, 0xAD95, 0x9553, 0x9553, 0x9D95, 0x9D95, 0x9574,
    0x9553, 0x9D74, 0x9D94, 0x9DB5, 0x9D95, 0xB5B4, 0x9532, 0x9574, 0x9DB5, 0x9D94, 0x9D74, 0x9D95,
    0x9DB5, 0x9D94, 0x9DB5, 0x8D13, 0x8D33, 0x9574, 0x9DB5, 0x9D95, 0x9DB6, 0x9595, 0x9D95, 0x9DB5,
    0x9DB5, 0x9D94, 0xBDF6, 0x9553, 0x9553, 0x9574, 0x9D74, 0x9554, 0x9553, 0x9D94, 0x9D95, 0x9DB5,
    0x9553, 0xB5B4, 0x9DB5, 0x9D74, 0x9D95, 0x9DB5, 0x9DB5, 0x9D95, 0x9DB5, 0x9DB5, 0x9DB5, 0x84D2,
    0x84D1, 0x9532, 0x9553, 0x9554, 0x9574, 0x9D94, 0x9553, 0x9D74, 0x9DB5, 0xA5D6, 0xBDD6, 0x9D94,
    0x9D95, 0x9D94, 0x9DB5, 0x9DB6, 0x9D95, 0x9DB5, 0x9DB5, 0x9DB5, 0x9D94, 0xBDF6, 0x9553, 0x9532,
    0x9DB6, 0x9D95, 0x9DB5, 0x9DB5, 0x9DB5, 0xA5D5, 0x9DB5, 0x84F2, 0x84B1, 0x9D94, 0x9D94, 0x9DB5,
    0x9D94, 0x9DB5, 0x9D74, 0x9DB5, 0x9DD5, 0x9DB5, 0xC658, 0x9DB5, 0x9DB5, 0x9DB5, 0x9D74, 0x9532,
    0x9594, 0x9DB5, 0x9D74, 0x9553, 0x9D94, 0xB5F6, 0x9DB5, 0x9D74, 0x9DB5, 0x9DB5, 0x9DB5, 0x9DB5,
    0x9552, 0x9D95, 0x9D94, 0x8CF2, 0x84B1, 0x9553, 0x9D74, 0x9DB5, 0x9DB5, 0x9DB5, 0x9DB6, 0x9D95,
    0x9D95, 0x9DB5, 0xBDF6, 0x9553, 0x9574, 0x9DB5, 0x9D95, 0x9574, 0x9553, 0x9553, 0x9D94, 0x9DB5,
    0x9D94, 0xB5D5, 0x9553, 0x9DB5, 0x9DB5, 0x9574, 0x9DB5, 0x9D94, 0x9DB5, 0x9D74, 0x9DB5, 0x8D33,
    0x9574, 0x9D94, 0x9574, 0x9D95, 0x9D95, 0x9D95, 0x9DB5, 0x9D94, 0x9D94, 0x9D74, 0xBDF6, 0x9574,
    0x9553, 0x9574, 0x9554, 0x9D95, 0x9553, 0x9D94, 0x9DB5, 0x9D95, 0x9553, 0xB5D5, 0x9D95, 0x9553,
    0x9553, 0x9574, 0x9574, 0x9DB5, 0x9D95, 0x9DB5, 0x9D95, 0x8D12, 0x84F1, 0x8D12, 0x9553, 0x9574,
    0x9D74, 0x9574, 0x9574, 0x9554, 0x9DB5, 0xA5D6, 0xB5B5, 0x9553, 0x9D74, 0x9D94, 0x9D94, 0x9DB5,
    0x9D95, 0x9DB5, 0x9DB5, 0x9DB5, 0x9D94, 0xBE16, 0x9573, 0x9D95, 0x9DB5, 0x9DB5, 0x9DB5, 0x9DB5,
    0x9DB5, 0x9DB5, 0x9D94, 0x8D12, 0x84B1, 0x9D94, 0x9DB5, 0x9D95, 0x9594, 0x9D94, 0x9D94, 0x9D94,
    0x9DB5, 0x9DB5, 0xBE37, 0x9DB5, 0x9DB5, 0x9553, 0x9553, 0x9553, 0x9DB5, 0x9DB5, 0x9D74, 0x9553,
    0x9D95, 0xBE16, 0x9DB5, 0x9D94, 0x9574, 0x9DB5, 0x9DD6, 0x9DB5, 0x9D94, 0x9DB5, 0x9D95, 0x8D33,
    0x84F2, 0x9574, 0x9574, 0x9D94, 0x9DB5, 0x9DD6, 0x9DB5, 0x9D95, 0x9D95, 0x9DB5, 0xBE17, 0x9553,
    0x9D95, 0x9D74, 0x9D95, 0x9D94, 0x9553, 0x9D74, 0x9DB5, 0x9DB5, 0x9D94, 0xB5D5, 0x9553, 0x9574,
    0x9DB5, 0x9554, 0x9D95, 0x9574, 0x9D74, 0x9574, 0xA5D5, 0x8D34, 0x8D33, 0x9594, 0x9D95, 0x9594,
    0x9DB5, 0x9D95, 0x9D94, 0x9D94, 0x9DB5, 0x9D95, 0xBDD6, 0x9573, 0x9573, 0x9553, 0x9554, 0x9D95,
    0x9574, 0x9D95, 0x9D94, 0x9D95, 0x9D74, 0xB5D5, 0x9D94, 0x9553, 0x9574, 0x9574, 0x9574, 0x9D94,
    0x9DB5, 0x9574, 0x9D94, 0x8CD2, 0x84D1, 0x9532, 0x9553, 0x9533, 0x9553, 0x9574, 0x9553, 0x9553,
    0x9594, 0x9DB5, 0xB595, 0x9554, 0x9574, 0x9553, 0x9574, 0x9594, 0x9D94, 0x9D95, 0x9574, 0x9D94,
    0x9D94, 0xBE16, 0x9553, 0x9DB5, 0x9D95, 0x9D95, 0x9DB5, 0x9DB5, 0x9D95, 0x9D94, 0x9D94, 0x8CF2,
    0x84D2, 0x9D94, 0x9D94, 0x9DB5, 0x9D95, 0x9D94, 0x9D95, 0x9D95, 0x9D95, 0x9DB5, 0xC637, 0x9D95,
    0x9DB5, 0x9D95, 0x9553, 0x9553, 0x9DB5, 0x9D95, 0x9D53, 0x9D94, 0x9DB5, 0xBDF6, 0x9DB5, 0x9D94,
    0x9574, 0x9DB5, 0x9DB5, 0x9DB5, 0x9553, 0x9DB5, 0x9D94, 0x8D13, 0x7CB2, 0x9D74, 0x9553, 0x9574,
    0x9DB5, 0x9DB5, 0x9DB5, 0x9D95, 0x9DB5, 0x9DB5, 0xADB5, 0x9D74, 0x9574, 0x9574, 0x9574, 0x9D95,
    0x9533, 0x9D73, 0x9D74, 0x9D95, 0x9DB5, 0xAD94, 0x9574, 0x9DB5, 0x9DB5, 0x9574, 0x9574, 0x9553,
    0x9574, 0x9574, 0x9D94, 0x8D33, 0x9553, 0x9D94, 0x9D95, 0x9D95, 0x9D95, 0x9D95, 0x9594, 0x9D94,
    0x9D95, 0x9D95, 0xB5D5, 0x9D74, 0x9553, 0x9D74, 0x9D95, 0x9574, 0x9D94, 0x9D94, 0x9DB5, 0x9DB5,
    0x9DB5, 0xB5D5, 0x9573, 0x9553, 0x9D74, 0x9D94, 0x9D95, 0x9DB5, 0x9D94, 0x9594, 0x9D95, 0x8CD2,
    0x84D1, 0x8CF1, 0x9D74, 0x9553, 0x9553, 0x9D74, 0x9512, 0x9532, 0x9D74, 0x9DB5, 0xB5B5, 0x9594,
    0x9D74, 0x9574, 0x9574, 0x9D95, 0x9D94, 0x9D94, 0x9574, 0x9DB5, 0x9D95, 0xC657, 0x9573, 0x9D95,
    0x9DB5, 0x9DB5, 0x9D95, 0x9DB5, 0x9D95, 0x9D74, 0x9DB4, 0x84D2, 0x8D13, 0x9D95, 0x9D94, 0x9DB5,
    0x9DB5, 0x9574, 0x9DB5, 0x9D95, 0x9DB5, 0x9DD5, 0xBDF6, 0x9DB5, 0x9D95, 0x9574, 0x9574, 0x9D95,
    0x9DB5, 0x9DB5, 0x9D94, 0x9D94, 0x9DB5, 0xC658, 0x9DB5, 0x9DB5, 0x9D94, 0x9DB5, 0x9DB5, 0x9DB5,
    0x9532, 0x9DB5, 0x9D95, 0x8D33, 0x84D2, 0x9553, 0x9D74, 0x9574, 0x9D95, 0x9DB5, 0x9DB5, 0x9DB5,
    0x9DB5, 0x9DB5, 0xBE16, 0x9574, 0x9D94, 0x9553, 0x9DB4, 0x9DB5, 0x9553, 0x9553, 0x9D94, 0x9DB5,
    0x9D95, 0xB594, 0x9553, 0x9D95, 0x9DB5, 0x9D95, 0x9D95, 0x9D74, 0x9553, 0x9553, 0x9D94, 0x8D33,
    0x8D33, 0x9D95, 0x9595, 0x9DB5, 0x9D95, 0x9DB5, 0x9D95, 0x9D94, 0x9D94, 0x9D94, 0xAD94, 0x9D74,
    0x9553, 0x9D94, 0x9D94, 0x9D95, 0x9574, 0x9573, 0x9D95, 0x9DB5, 0x9D95, 0xB5D6, 0x9D94, 0x9573,
    0x9553, 0x9DB5, 0x9D95, 0x9D95, 0x9DB5, 0x9D95, 0x9594, 0x8CF2, 0x84D1, 0x9511, 0x9574, 0x9553,
    0x9553, 0x9533, 0x9553, 0x9553, 0x9D94, 0x9DB5, 0xAD74, 0x9594, 0x9D94, 0x9D94, 0x9574, 0x9553,
    0x9DB5, 0x9D95, 0x9DB5, 0x9DD5, 0x9574, 0xB5D5, 0x9573, 0x9574, 0x9DB5, 0x9DB5, 0x9D95, 0x9D95,
    0x9DB5, 0x9D94, 0x9D94, 0x8CF2, 0x8CF2, 0x9DB5, 0x9DB5, 0x9D95, 0x9D94, 0x9D94, 0x9D95, 0x9DB5,
    0x9DB5, 0xA5D6, 0xB5B5, 0xA5D6, 0x9DB5, 0x9DB5, 0x9D74, 0x9D94, 0x9DB5, 0x9D74, 0x9D94, 0x9D94,
    0x9D94, 0xB5B5, 0x9D95, 0x9D95, 0x9D95, 0x9D95, 0x9DB5, 0x9DB5, 0x9532, 0x9DB5, 0x9DB5, 0x8CF2,
    0x84F2, 0x9553, 0x9D74, 0x9574, 0x9DB5, 0x9DB5, 0x9DB5, 0x9DB5, 0x9DB5, 0x9DD5, 0xBDF6, 0x9574,
    0x9D95, 0x9D94, 0x9DB5, 0x9D95, 0x9574, 0x9553, 0x9D95, 0x9DB5, 0x9574, 0xBDD5, 0x9D94, 0x9DB5,
    0x9DB5, 0x9DB5, 0x9D94, 0x9553, 0x9D94, 0x9D95, 0x9DB5, 0x8D33, 0xAD74, 0xAD73, 0xAD74, 0xB5B5,
    0xB5B5, 0xAD94, 0xAD74, 0xB595, 0xB5B5, 0xAD53, 0xB594, 0x9CD0, 0xAD53, 0xAD74, 0xAD94, 0xAD94,
    0xAD94, 0xA553, 0xAD95, 0xAD94, 0xAD53, 0x9CF2, 0xAD53, 0xA553, 0xAD53, 0xA533, 0xB5B5, 0xB5D5,
    0xAD74, 0xAD94, 0xAD74, 0xA533, 0x94B0, 0x9CF1, 0xB595, 0xAD95, 0xA533, 0xB5B5, 0xAD74, 0xAD73,
    0xAD73, 0xB5B5, 0xB594, 0xB5B4, 0xAD74, 0xB5B4, 0xAD73, 0xAD94, 0xB5F6, 0xAD94, 0xB5D5, 0xAD74,
    0xA533, 0xA533, 0xA552, 0xAD94, 0xBDD6, 0xB5B5, 0xAD94, 0xAD74, 0xAD95, 0xA512, 0xA532, 0xAD74,
    0xA553, 0xAD53, 0xAD94, 0xAD94, 0xB594, 0xAD74, 0xB595, 0xAD74, 0xAD74, 0xAD73, 0xAD94, 0xA533,
    0xAD74, 0xAD53, 0xAD73, 0xAD74, 0xB5B4, 0xAD74, 0xAD73, 0xAD53, 0xA533, 0x9CF2, 0xAD53, 0xAD74,
    0xAD94, 0xB595, 0xB5B5, 0xB5B5, 0xA553, 0xAD94, 0xAD54, 0xA553, 0xA553, 0xAD73, 0xAD53, 0xB5B5,
    0xB5B5, 0xAD73, 0xAD74, 0xB595, 0xA553, 0xAD54, 0x9D12, 0xAD73, 0xAD74, 0xB5B5, 0xB5D5, 0xAD94,
    0xAD74, 0xAD94, 0xB5B4, 0xB594, 0xB5B5, 0xA532, 0xA532, 0xB5B5, 0xB5B5, 0xAD74, 0xA533, 0x9CF1,
    0xA553, 0xAD74, 0xAD74, 0xAD74, 0x9574, 0x9574, 0x9DB5, 0x9D95, 0x9DB5, 0xA5D6, 0x9DB5, 0x9D95,
    0xAE16, 0xAE16, 0xB595, 0x9511, 0x9532, 0x9553, 0x9574, 0x9D74, 0x9D94, 0x9574, 0xAE37, 0xC6D9,
    0x9554, 0xB5F5, 0x9D94, 0x9D95, 0x9D94, 0x9DB5, 0x9D95, 0xA5D6, 0x9DB5, 0xBE78, 0xBE58, 0x8D13,
    0x7C4E, 0x9532, 0xAE16, 0xAE37, 0x8CF1, 0x9D94, 0x8D12, 0x9D94, 0xA5F6, 0xB657, 0xAD94, 0x9574,
    0x9573, 0x9553, 0x9D94, 0xA5F6, 0x9594, 0x9D94, 0x9D94, 0x9D73, 0x9532, 0xBE16, 0x9573, 0x9DB5,
    0x9D95, 0x9DD5, 0x9DB5, 0xA5D6, 0xA5F6, 0xA5B4, 0x9D94, 0x7CB1, 0x8D13, 0x9DB5, 0xA5D6, 0x9DB5,
    0x9DB5, 0x9DB5, 0x9DB5, 0xA5D6, 0xB637, 0xBE98, 0xBDF6, 0xA5F6, 0xAE37, 0xAE16, 0xB637, 0x9D73,
    0x9DB5, 0x9DB5, 0x9D73, 0xA5D4, 0x9D94, 0xADB5, 0x9D94, 0x9D94, 0x9DB5, 0xAE16, 0x9D95, 0x9DB5,
    0x9553, 0xADF6, 0xA5D5, 0x8D13, 0x84F2, 0x9553, 0x9D94, 0x9D95, 0x9595, 0x9DB5, 0x9DB5, 0x9DD6,
    0xAE37, 0xAE37, 0xBDF6, 0xA5D5, 0x9D95, 0x9574, 0x9D95, 0x9DB5, 0x9D94, 0x9553, 0xAE37, 0xB657,
    0xA5B5, 0xAD73, 0x9573, 0x9D94, 0x9D94, 0x9574, 0x9574, 0x9D74, 0x9DB5, 0xA5D6, 0xB657, 0x8D54,
    0x9595, 0x9594, 0x9D95, 0x9D95, 0x9DB5, 0x9DB5, 0x9DB5, 0x9573, 0x9553, 0xA5B5, 0xB5B5, 0x8CF1,
    0x9533, 0x9553, 0x9553, 0x9D94, 0x9DB5, 0x9D95, 0x9DB5, 0xA5D6, 0x9574, 0xB5D5, 0x9D95, 0x9D94,
    0x9DB5, 0x9D95, 0x9DB5, 0xA5D5, 0x9DB5, 0xA5D6, 0xA5D6, 0x8D13, 0x8CD1, 0x9532, 0x9D95, 0x9D74,
    0x9532, 0x9D95, 0x9D53, 0x9553, 0x9DB5, 0xA5D5, 0xBDF6, 0x9553, 0x9533, 0x9574, 0x9574, 0x9D74,
    0x9573, 0x9DB5, 0x9D74, 0x9D74, 0x9D73, 0xBE17, 0x9553, 0x9553, 0x9DB5, 0x9DB5, 0x9DB5, 0x9DB6,
    0x9DB5, 0x9D73, 0x9D74, 0x84B1, 0x84F2, 0x9DB5, 0x9DB5, 0x9DD6, 0x9DB6, 0x9DB6, 0xA5D6, 0xA5D6,
    0xA5D6, 0xAE37, 0xB5D5, 0x9DD6, 0x9DB6, 0x9DB5, 0x9D95, 0x9553, 0xA5D5, 0xA5B5, 0x9D74, 0x9D73,
    0x9D53, 0xA574, 0x9553, 0x9DB5, 0x9DB5, 0x9DB5, 0x9DB5, 0x9D95, 0x9D94, 0x9DB5, 0x9DB5, 0x9554,
    0x9533, 0x9533, 0x9574, 0x9594, 0x9D95, 0x9DB5, 0x9DB5, 0x9DB5, 0xA5D6, 0x9DD6, 0xBE37, 0x9553,
    0x9D94, 0x9D95, 0x9D94, 0x9D74, 0x9D74, 0x9574, 0xA5B5, 0xA5D6, 0xA5D6, 0xAD94, 0x9554, 0x9D95,
    0x9D95, 0x9D95, 0x9D95, 0x9D94, 0x9DB5, 0xA5B5, 0x9DB5, 0x9554, 0x9595, 0x9595, 0x9D95, 0x9D95,
    0x9D95, 0x9DB5, 0x9DB5, 0x9D53, 0x9D94, 0xADF6, 0xB5B5, 0x8D32, 0x9553, 0x9553, 0x9553, 0x9D95,
    0x9D95, 0x9574, 0x9DB5, 0x9DB5, 0x9595, 0xBE37, 0x9D94, 0x9DB5, 0x9574, 0x9DB5, 0x9DB5, 0x9DB5,
    0x9DB5, 0x9DB5, 0xA5D6, 0x8CF2, 0x8CF1, 0x9532, 0x9574, 0x9574, 0x9D74, 0x9554, 0x9D74, 0x9512,
    0x9DB5, 0x9DB5, 0xBE16, 0x9D95, 0x9553, 0x9532, 0x9D94, 0x9D74, 0x9594, 0x9DB5, 0x9574, 0x9D74,
    0x9553, 0xC637, 0x9D94, 0x9D94, 0x9DB5, 0x9DB5, 0x9DB5, 0x9DB5, 0x9DB5, 0x9574, 0x9D94, 0x84B1,
    0x8CF3, 0x9DB5, 0x9DB5, 0x9DB5, 0x9DB5, 0x9DD5, 0x9DB5, 0xA5D6, 0xA5D6, 0xAE17, 0xBDF6, 0x9DB5,
    0xA5D6, 0x9DB5, 0x9DB5, 0x9D94, 0x9D95, 0x9D74, 0xA5B4, 0x9D94, 0x9D52, 0xAD73, 0x9D94, 0x9D95,
    0x9DB4, 0x9DB5, 0x9DB5, 0x9DD5, 0x9D74, 0x9553, 0x9D74, 0x8D13, 0x8D13, 0x9553, 0x9574, 0x9D95,
    0x9574, 0x9DB5, 0x9D95, 0x9DB5, 0x9DB5, 0x9DD6, 0xBE17, 0x9D74, 0x9574, 0x9D94, 0x9D74, 0x9DB5,
    0x9574, 0x9574, 0x9DB5, 0x9DD5, 0xA5D6, 0xAD94, 0x9574, 0x9D95, 0x9D95, 0x9D95, 0x9DB5, 0x9D94,
    0x9D74, 0x9553, 0xA5D5, 0x8D54, 0x9595, 0x9D95, 0x9DB5, 0x9DB5, 0x9DB5, 0x9D95, 0x9D95, 0x9574,
    0x9553, 0xB657, 0xB5B5, 0x9533, 0x9553, 0x9533, 0x9553, 0x9DB5, 0x9DB5, 0x9574, 0x9DB5, 0x9DB5,
    0x9D95, 0xBE16, 0x9D74, 0x9D94, 0x9D74, 0x9D95, 0x9DB5, 0x9D95, 0x9DB5, 0x9DD6, 0xA5D6, 0x8D13,
    0x8CF2, 0x9553, 0x9D95, 0x9512, 0x8D11, 0x9553, 0x9574, 0x9533, 0x9DB5, 0xA5D5, 0xBDF6, 0x9DB5,
    0x9D74, 0x9553, 0x8D12, 0x9554, 0x9DB5, 0x9D94, 0x9DB5, 0x9DB5, 0x9573, 0xC637, 0x9D94, 0x9DB5,
    0x9DD6, 0x9DB5, 0x9DB5, 0x9DB5, 0x9DB5, 0x9D74, 0x9D74, 0x8491, 0x8D13, 0x9DB5, 0x9DD5, 0x9DB5,
    0x9DB5, 0x9DD6, 0x9DB6, 0x9DD6, 0xA5D6, 0xBE78, 0xBE17, 0x9DD6, 0xA5D5, 0x9D95, 0x9553, 0x9D94,
    0xA5B5, 0x9D74, 0xA5B5, 0x9553, 0x9D73, 0xAD94, 0x9DB5, 0x9D95, 0x9DB5, 0x9DD6, 0x9DB5, 0x9594,
    0x9574, 0x9DB5, 0xA5B5, 0x8CF3, 0x84D2, 0x9553, 0x9574, 0x9DB5, 0x9DB5, 0x9DB5, 0x9DD6, 0x9DD6,
    0xA5D6, 0xA5D6, 0xC658, 0x9574, 0x9D95, 0x9D74, 0x9DB5, 0x9DB5, 0x9D95, 0x9D74, 0x9DB5, 0x9DB5,
    0xA5D6, 0xB594, 0x9553, 0x9DB5, 0xA5B5, 0x9DB5, 0x9574, 0x9553, 0x9DB5, 0x9D94, 0xA5D6, 0x9574,
    0x9554, 0x9D95, 0x9DB5, 0x9DB5, 0x9DB5, 0x9DB5, 0x9D95, 0x9DB5, 0x9D95, 0x9DB5, 0xBDD5, 0x9532,
    0x9574, 0x9574, 0x9574, 0x9D95, 0x9D95, 0x9574, 0x9DB5, 0x9DB5, 0x9DB5, 0xBE37, 0x9D94, 0x9D95,
    0x9574, 0x9574, 0x9DB5, 0x9D95, 0x9D95, 0x9DB5, 0xA5D6, 0x8CF2, 0x84B1, 0x9532, 0x9574, 0x9D74,
    0x8CF1, 0x9574, 0x9DB5, 0x9532, 0x9D95, 0xA5D6, 0xAD74, 0x9DD5, 0x9DB5, 0x9553, 0x9D94, 0x9D94,
    0x9DB5, 0x9DB5, 0x9DB6, 0x9DB5, 0x9573, 0xBE17, 0x9D95, 0x9DB5, 0x9DB5, 0x9DB5, 0x9DB5, 0x9DB5,
    0x9DB5, 0x9573, 0x9D94, 0x84D1, 0x8CF2, 0xA5B5, 0x9DB5, 0x9DB5, 0x9DB5, 0x9DB5, 0x9DB5, 0x9DB5,
    0x9DB5, 0xA5D6, 0xBDF6, 0x9DB5, 0x9DD6, 0x9DB5, 0x9D73, 0x9D94, 0x9512, 0x9D94, 0x9532, 0x9D73,
    0xADD5, 0xB5D5, 0x9DB5, 0x9D94, 0x9DB5, 0x9DB5, 0x9DB5, 0x9DB5, 0x9D94, 0xA5D5, 0x9D94, 0x84F2,
    0x8CF2, 0x9DB5, 0x9574, 0x9DB5, 0x9DB5, 0x9DB5, 0x9DB6, 0x9DD5, 0xA5D5, 0xA5F6, 0xBDF6, 0x9553,
    0x9D94, 0x9D94, 0x9574, 0x9DB5, 0x9DB5, 0x9D94, 0x9DB5, 0xA5D6, 0xA5D5, 0xB5D5, 0x9574, 0x9DB5,
    0x9D94, 0x9D94, 0x9D94, 0x9553, 0x9574, 0x9553, 0x9DD6, 0x9554, 0x9574, 0x9DB5, 0x9DB5, 0x9595,
    0x9D95, 0x9DB5, 0x9D95, 0x9574, 0x9DB5, 0x9DB5, 0xBDD5, 0x9574, 0x9D94, 0x9574, 0x9D94, 0x9DB5,
    0x9DB6, 0x9D74, 0x9DB5, 0x9DD6, 0x9D95, 0xBE17, 0x9D95, 0x9573, 0x9574, 0x9D95, 0x9D95, 0x9D95,
    0x9553, 0x9D95, 0x9DB5, 0x8CF2, 0x84B1, 0x9553, 0x9533, 0x9553, 0x8D12, 0x9512, 0x9DB5, 0x9553,
    0x9DB5, 0x9DB5, 0xB5D6, 0x9DB5, 0x9DB5, 0x9573, 0x9DB5, 0x9553, 0x9DB5, 0x9DB5, 0x9DB5, 0x9DD6,
    0x9533, 0xC616, 0x9DB5, 0x9DB5, 0x9DD6, 0xA5D6, 0xA5D6, 0x9DD6, 0x9DB5, 0x9D74, 0x9573, 0x9512,
    0x8CF2, 0x9D95, 0x9D95, 0x9DB5, 0x9DB6, 0x9DB5, 0x9DB5, 0x9DB5, 0x9DB5, 0x9DB6, 0xC657, 0x9DB5,
    0x9DD6, 0xA5B5, 0x9D74, 0x9D94, 0x9553, 0x9574, 0x9532, 0x9D74, 0x9D94, 0xAD74, 0xA5B5, 0x9D74,
    0x9DB5, 0x9DB5, 0x9DD6, 0x9D95, 0x9D74, 0x9DB5, 0x9DB5, 0x8CF2, 0x8D13, 0x9573, 0x9D94, 0x9DB5,
    0x9DB5, 0x9DB5, 0x9DB5, 0x9DB5, 0x9DD6, 0x9DD5, 0xBDF6, 0x9553, 0x9D94, 0x9574, 0x9D74, 0x9DB5,
    0x9DB5, 0x9D94, 0x9DB5, 0x9DD6, 0x9DB5, 0xAD94, 0x9573, 0x9574, 0x9DB5, 0x9DB5, 0x9553, 0x9D94,
    0x9DB5, 0x9D95, 0x9DB5, 0x8D53, 0x9554, 0x9594, 0x9595, 0x9DB5, 0x9DB5, 0x9DB5, 0x9DB5, 0x9D95,
    0x9D95, 0x9DB5, 0xB5B5, 0x9574, 0x9594, 0x9554, 0x9D95, 0x9DD6, 0x9DB5, 0x9D94, 0x9DB5, 0x9DD6,
    0xA5F6, 0xC637, 0x9D95, 0x9D94, 0x9D94, 0x9D74, 0x9D94, 0x9DB5, 0x9594, 0x9DB5, 0x9594, 0x8CF2,
    0x8CF2, 0x9D74, 0x9553, 0x9533, 0x8CF1, 0x8D12, 0x9D95, 0x9553, 0x9DB5, 0xA5D6, 0xB5B5, 0x9DD6,
    0x9DB5, 0x9D94, 0x9D95, 0x9DB5, 0x9DB5, 0x9DB5, 0x9DD5, 0x9DD6, 0x9D74, 0xCE78, 0x9DB5, 0x9DB5,
    0x9DD6, 0x9DD6, 0xA5D6, 0xA5D6, 0x9DB6, 0x9D94, 0x9573, 0x9513, 0x84D2, 0x9DB5, 0x9DB5, 0x9D95,
    0x9DB5, 0x9DB5, 0x9D95, 0x9DB5, 0x9DB5, 0x9DB6, 0xC658, 0x9DB6, 0x9DB5, 0x9D74, 0x9553, 0x9D73,
    0x9DB5, 0x9D94, 0x9D73, 0x9532, 0xA5D5, 0xB5D5, 0x9DB5, 0x9D94, 0x9D95, 0x9DB5, 0x9DB5, 0x9D95,
    0x9574, 0x9D95, 0x9D94, 0x84F2, 0x84D2, 0x9574, 0x9D74, 0x9DB5, 0x9DB5, 0x9DB6, 0x9DB5, 0x9DB5,
    0x9DB5, 0xA5D6, 0xBDF6, 0x9D74, 0x9D95, 0x9D74, 0x9574, 0x9DB5, 0x9DD6, 0x9DB5, 0x9DD6, 0x9DD6,
    0xA5D6, 0xAD74, 0x9553, 0x9D95, 0x9D95, 0x9DD6, 0x9DB5, 0x9574, 0x9DB5, 0x9DB5, 0x9DB5, 0x8D33,
    0x8D54, 0x9595, 0x9595, 0x9DB5, 0x9DB5, 0x9595, 0x9595, 0x9573, 0x9D94, 0x9D94, 0xB5B5, 0x9574,
    0x9D95, 0x9574, 0x9553, 0x9D95, 0x9DB5, 0x9DB5, 0x9DB5, 0x9DD6, 0xA5D5, 0xBDF6, 0x9D95, 0x9D95,
    0x9574, 0x9574, 0x9574, 0x9D95, 0x9D95, 0x9D95, 0x9DB5, 0x8D12, 0x8CF2, 0x9553, 0x9533, 0x9574,
    0x9512, 0x9553, 0x9D94, 0x9553, 0x9DB5, 0xA5D6, 0xBDF6, 0xA5F6, 0xA5D5, 0x9D74, 0x9D94, 0x9594,
    0x9DB5, 0x9DB5, 0x9DB6, 0x9DD6, 0xA5D5, 0xBE16, 0x9D94, 0x9DB5, 0x9DD5, 0x9DB5, 0x9DB5, 0x9DB6,
    0x9DB5, 0x9D95, 0x9D94, 0x8CF2, 0x8D13, 0x9DB5, 0x9DB5, 0x9DB5, 0x9DB5, 0x9D95, 0x9D95, 0x9D95,
    0x9DD5, 0x9DB6, 0xBE16, 0x9DD6, 0x9DD5, 0x9D94, 0x9D73, 0xA5D5, 0x9D94, 0x9DB5, 0x9511, 0x9532,
    0x9D73, 0xB5D5, 0x9D94, 0x9D94, 0x9574, 0x9D94, 0x9DB5, 0x9D95, 0x9574, 0x9553, 0x9D94, 0x84D1,
    0x8491, 0x9D94, 0x9DB5, 0x9DB5, 0x9D95, 0x9DB5, 0x9DB5, 0x9DB5, 0x9DB5, 0xA5D6, 0xBE16, 0x9553,
    0x9D94, 0x9573, 0x9574, 0x9DB5, 0x9DB5, 0x9D74, 0x9DB5, 0xA5D6, 0x9DB5, 0xB595, 0x9D94, 0x9DB5,
    0x9DB5, 0x9DB5, 0x9553, 0x9574, 0x9D95, 0x9D74, 0x9DD6, 0x8D54, 0x9574, 0x9D95, 0x9D95, 0x9DB5,
    0x9DB5, 0x9D95, 0x9DB5, 0x9533, 0x9D95, 0x9D74, 0xB5D5, 0x9D74, 0x9D95, 0x9DB5, 0x9574, 0x9DD6,
    0x9DB5, 0x9DB5, 0xA5B6, 0xA5D6, 0xA5D6, 0xBDF6, 0x9574, 0x9D94, 0x9D94, 0x9DB5, 0x9D95, 0x9D74,
    0x9D95, 0x9D95, 0x9DB5, 0x9512, 0x84F2, 0x9532, 0x9553, 0x9574, 0x9532, 0x9D94, 0x9553, 0x9532,
    0x9DB5, 0xA5D6, 0xB5B5, 0x9DB5, 0x9DB5, 0x9DD5, 0x9DB5, 0x9D95, 0x9DB5, 0x9DD5, 0x9DD6, 0xA5D6,
    0x9D73, 0xBE16, 0x9D94, 0x9DB5, 0x9DB5, 0x9DD5, 0xA5D6, 0x9DB5, 0x9DB5, 0x9DB5, 0x9D94, 0x8D13,
    0x84F2, 0x9DB5, 0x9DB5, 0x9DB5, 0x9DB5, 0x9594, 0x9DB5, 0x9D94, 0x9DB5, 0x9DB5, 0xBE17, 0xA5D6,
    0x9DB5, 0x9D94, 0x9D74, 0x9D53, 0x9D94, 0x9553, 0x94F1, 0x9D52, 0x9D74, 0xB5B4, 0xA5B5, 0x9D94,
    0x9D95, 0x9DB5, 0x9DB5, 0x9DB5, 0x9553, 0x9532, 0x9512, 0x84B1, 0x8CF2, 0x9D94, 0x9D94, 0x9DB5,
    0x9DB5, 0x9DB5, 0x9D95, 0x9DB5, 0x9DB5, 0x9DD6, 0xC637, 0x9553, 0x9D74, 0x9553, 0x9D95, 0x9DB5,
    0x9D95, 0x9D74, 0x9DD5, 0xA5F6, 0x9DB5, 0xBE17, 0x9D94, 0xA5D6, 0x9DB5, 0x9DD6, 0x9DB5, 0x9D94,
    0x9D94, 0x9DB5, 0x9DD6, 0x9574, 0x8D13, 0x8D53, 0x9574, 0x9574, 0x8D53, 0x9553, 0x8D33, 0x8D33,
    0x8D33, 0x9553, 0xB594, 0x8D33, 0x8D33, 0x9554, 0x9533, 0x9554, 0x9574, 0x9574, 0x9D75, 0x9574,
    0x9575, 0xB5D5, 0x8D12, 0x9553, 0x8D13, 0x8D33, 0x9554, 0x9554, 0x9553, 0x9554, 0x9574, 0x8CD1,
    0x7CB2, 0x8D12, 0x9513, 0x8D33, 0x8CF1, 0x9533, 0x8CF2, 0x8D12, 0x9553, 0x9554, 0xAD54, 0x8D33,
    0x9574, 0x9D74, 0x9574, 0x9533, 0x9574, 0x9D94, 0x9574, 0x9574, 0x8D12, 0xBE16, 0x8D12, 0x9554,
    0x9D75, 0x9D95, 0x9D95, 0x9594, 0x9D95, 0x9574, 0x8D12, 0x84F2, 0x84D2, 0x9553, 0x9574, 0x9554,
    0x9554, 0x9574, 0x9594, 0x9595, 0x9574, 0x9574, 0xB5B5, 0x9DB5, 0x9574, 0x9533, 0x8CF2, 0x8CD1,
    0x8D12, 0x8CF1, 0x9512, 0x84D1, 0x9553, 0xAD94, 0x8D12, 0x9553, 0x9554, 0x9574, 0x9574, 0x9574,
    0x8CD1, 0x8CD0, 0x8490, 0x8CD2, 0x8CF2, 0x9553, 0x8D12, 0x9533, 0x9553, 0x9574, 0x9574, 0x9554,
    0x9574, 0x9595, 0xBDF6, 0x8D12, 0x9553, 0x8D33, 0x9574, 0x9574, 0x9553, 0x9553, 0x9554, 0x8D54,
    0x9D95, 0xBDF6, 0x8D33, 0x9553, 0x9DB5, 0x9574, 0x8D33, 0x8D33, 0x9574, 0x9554, 0x9574, 0x8D54,
    0xC678, 0xC658, 0xCE99, 0xC678, 0xCE99, 0xD6DA, 0xC658, 0xCE98, 0xC699, 0xCE99, 0xAD74, 0xC678,
    0xCE99, 0xBE37, 0xCEB9, 0xCEB9, 0xD6DA, 0xD6DA, 0xCEDA, 0xCEB9, 0xCEB9, 0xB5D5, 0xC657, 0xC658,
    0xC678, 0xC678, 0xC658, 0xC658, 0xC699, 0xCE99, 0xCEB9, 0xC638, 0xBE37, 0xB616, 0xC678, 0xC658,
    0xBDD6, 0xC658, 0xC678, 0xBE36, 0xC699, 0xCE99, 0xA532, 0xC678, 0xBE37, 0xC699, 0xCEB9, 0xCEB9,
    0xC678, 0xC678, 0xC678, 0xCEB9, 0xBE36, 0xBDF5, 0xBE37, 0xCE99, 0xCEBA, 0xCEB9, 0xC678, 0xD6FA,
    0xCEB9, 0xC679, 0xC658, 0xBE37, 0xCE99, 0xC678, 0xCEB9, 0xC699, 0xCEDA, 0xCEB9, 0xD6BA, 0xCEDA,
    0xCEBA, 0xCE99, 0xB5D6, 0xC678, 0xC678, 0xC678, 0xC678, 0xC658, 0xD6DA, 0xC679, 0xB5F5, 0xBE16,
    0xCE98, 0xAD73, 0xBE16, 0xC658, 0xC657, 0xC658, 0xCEB9, 0xC658, 0xC678, 0xC678, 0xBE37, 0xC678,
    0xCE99, 0xBE16, 0xC678, 0xD6DA, 0xCE78, 0xD6DA, 0xCEB9, 0xD6DA, 0xD6FA, 0xD6FA, 0xAD95, 0xC678,
    0xC678, 0xC658, 0xCE99, 0xD6DA, 0xCE99, 0xCE99, 0xC699, 0xC699, 0xC698, 0xB5B5, 0xC657, 0xC678,
    0xCEB9, 0xCE99, 0xD6DA, 0xC678, 0xC678, 0xCE99, 0xC678, 0xCE99, 0x9574, 0x9574, 0x9DB5, 0x9D95,
    0x9DD6, 0x9DB6, 0xA5D6, 0xA5B5, 0xA5D5, 0xA5F6, 0xAD74, 0x9D74, 0x9D74, 0x9D74, 0x9D94, 0x9DB5,
    0xA5F6, 0xA5B5, 0xADF6, 0xA5D5, 0x9D95, 0xB5D6, 0x9573, 0x9D95, 0x9D94, 0x9574, 0x9D95, 0xA5D6,
    0x9DB5, 0xA5F6, 0xA5D6, 0x8D13, 0x8D13, 0x9532, 0x9D74, 0x9D74, 0x9D74, 0x9574, 0x9553, 0x9553,
    0xA5D6, 0xA5D6, 0xA533, 0x9553, 0x9D94, 0x9D94, 0x9D74, 0x9DB5, 0x9DB5, 0x9DB5, 0x9DB5, 0x9DD6,
    0x9512, 0xB5D5, 0x9D94, 0x9DD5, 0xA5D6, 0x9DD6, 0xA5D6, 0xA5D6, 0xA5F6, 0xA5B5, 0xA5D5, 0x9533,
    0x8D13, 0x9DD6, 0x9DB5, 0x9595, 0x9DB5, 0x9DB6, 0x9DB5, 0x9D95, 0xA5D6, 0xA5D6, 0xBE37, 0xA5D5,
    0x9DB5, 0x9D74, 0x9532, 0x9D94, 0x9DB5, 0x9574, 0x9512, 0x9D94, 0xA5D5, 0xAD74, 0x9553, 0x9533,
    0x9DB5, 0x9DB5, 0x9D95, 0x9D95, 0x9D73, 0xA5B5, 0x9D73, 0x8CF2, 0x8D12, 0x9D94, 0x9D94, 0x9D95,
    0x9DB5, 0x9DD6, 0x9DD6, 0xA5D6, 0xAE17, 0xADF6, 0xB5F6, 0x9DB5, 0x9D95, 0x9574, 0x9D95, 0x9DB6,
    0xA5D6, 0x9D74, 0xA5D5, 0xA5D6, 0xA5B5, 0xB5B5, 0x9D94, 0x9DD6, 0x9DB5, 0x9DB5, 0x9D94, 0x9553,
    0x9D95, 0x9DB5, 0x9DD6, 0x8D33, 0x9554, 0x9D94, 0x9DB5, 0x9DB5, 0x9DB5, 0x9DD6, 0xA5D6, 0x9D94,
    0xA5D6, 0xADF6, 0xBE16, 0x9D95, 0x9D95, 0x9DB5, 0x9D74, 0xA5D6, 0xA5F6, 0xA5F6, 0x9DB5, 0xA5D6,
    0x9D95, 0xB5D6, 0x9574, 0x9D74, 0x9D95, 0x9DB5, 0x9DB5, 0x9DB5, 0x9DB5, 0xA5D5, 0xA5D6, 0x8D13,
    0x8D13, 0x9553, 0x9D74, 0x9D95, 0x9D74, 0x9DB5, 0x9DD6, 0x9D94, 0xA5B6, 0xA5D6, 0xAD74, 0x9553,
    0x9553, 0x9553, 0x9D74, 0x9D95, 0x9DB5, 0x9D95, 0x9DB5, 0xA5B5, 0x9553, 0xBE17, 0x9D74, 0x9DB5,
    0xA5D6, 0xA5D6, 0xA5D6, 0x9DD6, 0xA5D6, 0xA5B5, 0xA5D5, 0x9513, 0x8D13, 0xA5D6, 0x9DB5, 0x9DB5,
    0x9DB5, 0x9DB5, 0x9D95, 0x9D94, 0xA5D5, 0x9DB5, 0xBE17, 0x9574, 0x9574, 0x9554, 0x9574, 0x9D94,
    0x9574, 0x9553, 0x9573, 0x9D74, 0x9DB5, 0xADB5, 0x9553, 0x9D74, 0x9DB5, 0x9574, 0x9574, 0x9DB5,
    0x9D94, 0x9D95, 0x9553, 0x84B1, 0x8CF2, 0x9D74, 0x9D95, 0x9DB5, 0x9DB5, 0xA5D6, 0xA5D6, 0xA5D6,
    0xA5D6, 0xAE17, 0xBDF6, 0x9594, 0x9DB5, 0x9D94, 0x9DB5, 0xA5D6, 0xA5D6, 0x9D94, 0xA5D5, 0xA5D5,
    0xA5B5, 0xAD94, 0x9573, 0x9DB6, 0xA5D6, 0x9D95, 0x9D94, 0x9D74, 0x9DB5, 0x9D95, 0x9DD6, 0x8D34,
    0x9575, 0x9DB5, 0x9DB5, 0x9DB5, 0x9DB5, 0xA5D6, 0xA5D6, 0x9D94, 0x9DB5, 0xB657, 0xB5D6, 0x9D95,
    0x9DB5, 0x9D74, 0x9D94, 0x9DD6, 0xA5F6, 0x9DB5, 0xA5B5, 0xAE16, 0x9D95, 0xB5D5, 0x9D74, 0x9DB5,
    0x9D95, 0x9DB5, 0x9DB5, 0x9DB5, 0x9DB5, 0xA5D6, 0xA5D6, 0x8D13, 0x8D13, 0x9553, 0x9D95, 0x9D74,
    0x9553, 0x9D94, 0x9DB6, 0x9D74, 0x9DB6, 0xA5D6, 0xAD74, 0x9D95, 0x9574, 0x9573, 0x9574, 0x9574,
    0x9DB5, 0x9DB5, 0x9DB5, 0xA5D6, 0x9D94, 0xC637, 0x9D94, 0x9DB5, 0x9DB5, 0x9DB6, 0x9DD6, 0xA5D6,
    0xA5D6, 0x9D94, 0xA5D6, 0x8D13, 0x8D33, 0xA5D6, 0x9DB5, 0x9DD5, 0x9DB5, 0x9DB6, 0x9DB5, 0x9DB5,
    0xA5D6, 0x9DB5, 0xBDD6, 0x9D95, 0x9DB5, 0x9553, 0x9573, 0x9574, 0x9D95, 0x9574, 0x9553, 0x9D94,
    0x9DB5, 0xB5B5, 0x9D73, 0x9DB5, 0x9DB5, 0x9D74, 0x9574, 0x9DB5, 0x9D74, 0x9553, 0x9D94, 0x8D12,
    0x8D13, 0x9DB5, 0x9D95, 0x9574, 0xA5D6, 0xA5F6, 0xA5D6, 0xA5D6, 0xA5D6, 0xAE17, 0xBDF6, 0x9DB5,
    0x9DB5, 0x9D95, 0x9DB5, 0x9DB5, 0xA5D6, 0x9D74, 0x9DB6, 0xA5D5, 0x9DB5, 0xB5D5, 0x9573, 0x9DD6,
    0xA5D6, 0xA5B5, 0x9DB5, 0x9D95, 0x9D94, 0x9574, 0x9DD6, 0x8D54, 0x9574, 0x9D95, 0x9D95, 0x9D95,
    0x9DB5, 0x9DB5, 0x9DD6, 0x9DB5, 0x9DD5, 0xA5F6, 0xBDF6, 0x9D94, 0x9DB5, 0x9574, 0x9574, 0x9DB5,
    0x9DD6, 0x9DB5, 0xA5D5, 0xA5D6, 0x9D95, 0xB5F6, 0x9DB5, 0x9D94, 0x9D94, 0x9DB5, 0x9DB5, 0x9DB5,
    0x9DB6, 0x9DD5, 0xA5D6, 0x8D12, 0x8D13, 0x9D74, 0x9D94, 0x9D74, 0x9D74, 0x9D95, 0x9DB5, 0x9D74,
    0xA5D6, 0xA5D6, 0xB5D5, 0x9DB5, 0x9574, 0x9D95, 0x9DB5, 0x9573, 0x9D95, 0x9DB5, 0x9DB5, 0x9DB5,
    0xA5B5, 0xBE16, 0x9D94, 0x9DB5, 0xA5D6, 0x9DB6, 0x9DD6, 0x9DB5, 0x9DD6, 0x9DB5, 0xA5D5, 0x8D13,
    0x8D13, 0xA5B5, 0xA5B5, 0x9DB5, 0x9DD5, 0x9DD5, 0x9DB5, 0x9DB5, 0x9DB5, 0xA5D5, 0xC637, 0x9D95,
    0x9DB5, 0x9DB5, 0x9574, 0x9D94, 0x9D95, 0x9D94, 0x9D74, 0x9D94, 0xA5D6, 0xAD74, 0x9D94, 0x9DB5,
    0x9DB5, 0x9574, 0x9DB5, 0x9DB5, 0x9D73, 0x9D94, 0x9532, 0x9533, 0x8CF2, 0x9D94, 0x9DB5, 0x9DB6,
    0x9DD6, 0xA5D6, 0xA5D6, 0xA5D6, 0xA5F6, 0xA5F6, 0xBE16, 0x9574, 0xA5B5, 0x9D94, 0x9DD6, 0x9DD6,
    0x9DB5, 0x9D94, 0x9DB6, 0x9DD6, 0xA5B5, 0xB5B5, 0x9D74, 0xA5D6, 0xA5D6, 0x9DB5, 0x9D94, 0x9D95,
    0x9D95, 0x9574, 0x9DD6, 0x8D74, 0x8D54, 0x9D94, 0x9D94, 0x9D95, 0x9DB5, 0x9D95, 0x9DB5, 0x9DD5,
    0x9DB5, 0x9DB5, 0xC637, 0x9D74, 0x9D94, 0x9D94, 0x9574, 0x9D95, 0x9DD5, 0xA5D6, 0x9DB5, 0x9DD6,
    0x9D95, 0xBDF6, 0x9D95, 0x9D95, 0x9D95, 0x9D94, 0x9DB5, 0x9DB5, 0x9DB5, 0x9DD6, 0xA5D6, 0x9513,
    0x84D1, 0x9553, 0x9D94, 0x9553, 0x9D74, 0x9DB5, 0x9DB5, 0x9D94, 0x9DD6, 0xA5F6, 0xAD53, 0x9D74,
    0x9D94, 0x9D94, 0x9D73, 0x9D94, 0x9D94, 0x9DB5, 0x9DB5, 0x9DD6, 0x9553, 0xC636, 0x9D94, 0x9DB5,
    0x9DB6, 0x9DB5, 0x9DB6, 0x9DB6, 0x9DB5, 0x9D94, 0xA5D5, 0x84F2, 0x84F2, 0x9DB5, 0xA5D5, 0x9DD6,
    0x9DB5, 0xA5D5, 0x9DB5, 0x9DB5, 0x9DB5, 0x9DB5, 0xBDD6, 0x9D94, 0x9DB5, 0x9D95, 0x9553, 0x9D95,
    0x9D95, 0x8D32, 0x9573, 0x9D74, 0x9DB5, 0xB5B4, 0x9573, 0x9D95, 0x9DB5, 0x9D94, 0x9D95, 0x9DB5,
    0x9573, 0x9DB5, 0x9553, 0x8CF1, 0x84D2, 0x9D74, 0x9D94, 0x9DB5, 0xA5D6, 0x9DB6, 0x9DD6, 0x9DB5,
    0xA5D6, 0xA5F6, 0xB5D6, 0x9D94, 0x9DB5, 0x9D94, 0x9DB5, 0x9DD6, 0x9DB5, 0x9574, 0x9DD6, 0x9DB5,
    0xA5B5, 0xAD74, 0x9D74, 0x9D95, 0x9DB5, 0x9DB5, 0x9DB5, 0x9D94, 0x9DD6, 0x9D94, 0x9DB6, 0x8D33,
    0x9554, 0x9594, 0x9D95, 0x9DB5, 0x9D95, 0x9DB5, 0x9DB5, 0x9594, 0x9DB5, 0x9DB5, 0xBDD6, 0x9D94,
    0x9DB5, 0x9574, 0x9574, 0x9DB5, 0x9DD6, 0x9DB5, 0x9DB5, 0x9DD5, 0xA5D6, 0xB5D5, 0x9DB5, 0x9DB5,
    0x9D94, 0x9DB5, 0x9DB5, 0x9D95, 0xA5D6, 0x9DD6, 0x9DD6, 0x9513, 0x8D13, 0x9574, 0x9574, 0x9D74,
    0x9553, 0x9D74, 0x9DD6, 0x9D94, 0x9DD6, 0xA5D6, 0xA553, 0x9532, 0x9553, 0x9DB5, 0x9DB5, 0x9533,
    0xA5D6, 0xA5D6, 0x9DB6, 0xA5D6, 0xA5B5, 0xBE16, 0x9D94, 0x9DB5, 0x9DB5, 0x9DB5, 0x9DB5, 0x9DB5,
    0x9DD6, 0x9D94, 0xA5B5, 0x9554, 0x8D13, 0xA5D6, 0x9DD6, 0xA5D6, 0x9DB5, 0xA5D6, 0xA5D6, 0x9DD5,
    0x9DB5, 0x9DB5, 0xBDF6, 0x9DB5, 0x9DB5, 0x9DB5, 0x9D74, 0x9D95, 0x9D95, 0x9D94, 0x9553, 0x9D53,
    0xA5D6, 0xAD73, 0x9553, 0x9DB5, 0x9DB5, 0x9DB5, 0x9DB5, 0x9DB5, 0x9D94, 0x9D94, 0x9553, 0x84D1,
    0x84F2, 0x9D95, 0x9DB5, 0x9DB5, 0x9DD5, 0x9DB5, 0xA5D6, 0x9DD6, 0xA5D6, 0xA5D6, 0xB5F6, 0x9D94,
    0x9DB5, 0x9DB5, 0x9DB5, 0x9DD6, 0x9DB5, 0x9DB5, 0x9DB5, 0x9DD5, 0x9D94, 0xB5D5, 0x9D74, 0x9DB6,
    0xA5D5, 0x9DB5, 0x9DB5, 0xA5D6, 0xA5D6, 0x9DB5, 0xA5D6, 0x9595, 0x9575, 0x9594, 0x9D95, 0x9D95,
    0x9594, 0x9595, 0x9DB5, 0x9DB5, 0xA5D6, 0x9DB5, 0xBDD5, 0x9573, 0x9D95, 0x9553, 0x9594, 0x9D95,
    0x9DB5, 0x9DB5, 0x9D95, 0xA5D6, 0xA5F6, 0xB5D6, 0x9D94, 0x9DB5, 0x9574, 0x9DB5, 0x9DB5, 0x9DB5,
    0x9DB5, 0x9DB5, 0x9DB5, 0x8D12, 0x8D12, 0x9D94, 0x9D74, 0x9573, 0x9553, 0x9DB5, 0x9DB5, 0x9D94,
    0x9DD6, 0xA5D6, 0xB5B4, 0x9574, 0x9D74, 0x9DD6, 0x9DB5, 0x9D95, 0xA5D6, 0xA5F6, 0xA5D6, 0xA5D6,
    0xAE17, 0xB5D5, 0x9573, 0x9DB5, 0x9DB5, 0x9D95, 0x9DB5, 0x9DB5, 0x9DB5, 0x9574, 0x9DB5, 0x9533,
    0x8D13, 0xA5D6, 0x9DB5, 0x9DB5, 0x9DB5, 0x9DD6, 0xA5D6, 0x9DB5, 0x9DB5, 0xA5D6, 0xB5D6, 0x9D94,
    0x9DB5, 0x9574, 0x9574, 0x9DD5, 0x9DB5, 0x9574, 0x9574, 0x9553, 0xA5D6, 0xB5D5, 0x9D94, 0x9DB5,
    0x9DB5, 0x9DB5, 0x9DD5, 0x9DB5, 0x9D94, 0x9D74, 0x9574, 0x84D1, 0x84D1, 0x9D95, 0x9DB5, 0x9DB5,
    0x9DD6, 0x9DB5, 0x9DB5, 0x9DD6, 0x9DD6, 0xA5D6, 0xBDF6, 0x9553, 0x9D95, 0x9D94, 0x9DB5, 0x9DD6,
    0x9DB5, 0x9DB5, 0x9DB5, 0x9D95, 0x9DB5, 0xB5D6, 0x9553, 0x9D95, 0x9DB5, 0x9D95, 0x9D94, 0x9574,
    0x9DB5, 0x9DB5, 0xA5D6, 0x8D34, 0x9574, 0x9DB5, 0x9D95, 0x9DB5, 0x9D95, 0x9DB5, 0x9D95, 0x9574,
    0x9D95, 0x9DB5, 0xB5B5, 0x9553, 0x9553, 0x9533, 0x9574, 0x9D95, 0x9DB5, 0x9D95, 0x9DB5, 0xA5D5,
    0xA5D5, 0xBDF6, 0x9D94, 0x9D94, 0x9D95, 0x9DB5, 0x9D94, 0x9DB5, 0x9DB5, 0x9DB5, 0x9DB5, 0x9513,
    0x8D13, 0x9D74, 0x9574, 0x9573, 0x9553, 0x9DB5, 0x9DB5, 0x9D94, 0x9DB5, 0x9DB5, 0xA532, 0x9DB5,
    0x9553, 0x9DB6, 0x9D94, 0x9D95, 0xA5D5, 0xA5D6, 0xA5D6, 0xA5F6, 0x9D95, 0xB594, 0x9553, 0x9DB5,
    0x9DB5, 0x9DB5, 0x9DB5, 0x9D95, 0x9DB5, 0x9574, 0x9D94, 0x8CF2, 0x8D33, 0x9DB5, 0x9DB5, 0x9DB5,
    0x9D95, 0x9DB5, 0x9DB5, 0x9DB5, 0xA5D6, 0xA5D6, 0xBDD5, 0x9DB5, 0x9DB5, 0x9574, 0x9DB5, 0x9DB5,
    0x9D94, 0x9DB5, 0x9D74, 0x9D94, 0x9DB5, 0xAD74, 0x9553, 0x9D95, 0x9DB5, 0x9D95, 0x9DB5, 0x9D95,
    0x9553, 0x9553, 0x9D95, 0x8D33, 0x8CF2, 0x9D94, 0x9D94, 0x9DB5, 0x9DD5, 0x9DB5, 0x9DB5, 0x9DD6,
    0x9DB5, 0xA5F6, 0xB5D5, 0x9512, 0x9DB5, 0x9574, 0x9DB5, 0x9DB5, 0x9DB5, 0x9574, 0x9DB5, 0x9574,
    0x9553, 0xBDD5, 0x9553, 0x9D94, 0x9DB5, 0x9574, 0x9574, 0x9DB5, 0x9DB5, 0x9DB5, 0xA5D6, 0x8D34,
    0x9554, 0x9D95, 0x9D95, 0x9D95, 0x9D95, 0x9594, 0x9D94, 0x9D95, 0x9DB5, 0x9DB5, 0xB595, 0x9574,
    0x9554, 0x9553, 0x9553, 0x9574, 0x9D95, 0x9D94, 0x9D95, 0x9DB5, 0xA5D6, 0xBE17, 0x9D95, 0x9D95,
    0x9D95, 0x9DB5, 0x9DB5, 0x9594, 0x9DB5, 0x9DB5, 0x9DB5, 0x9533, 0x8513, 0x9573, 0x9D95, 0x9D94,
    0x9533, 0x9DB5, 0x9DB5, 0x9DB5, 0x9DD6, 0x9DB5, 0xAD94, 0x9DB5, 0x9D94, 0x9DB5, 0x9D95, 0x9DB5,
    0x9DB5, 0x9DB5, 0x9DB5, 0xA5D6, 0xA5B5, 0xBDF6, 0x9552, 0x9DB5, 0x9DB5, 0x9DB5, 0x9594, 0x9DB5,
    0x9DB5, 0x9D74, 0x9DB5, 0x8D12, 0x84F2, 0x9DB5, 0x9DB5, 0x9DB5, 0x9DB5, 0x9DB5, 0x9DB5, 0xA5D6,
    0xA5D6, 0xA5F6, 0xB5D5, 0x9DD5, 0x9DB5, 0x9DD5, 0x9D94, 0x9DB5, 0x9DB5, 0x9DB6, 0x9D74, 0x9553,
    0xA5B5, 0xAD74, 0x9D94, 0x9DB5, 0x9DB5, 0x9DB5, 0x9DB6, 0x9DB5, 0x9553, 0x9D95, 0x9D94, 0x9533,
    0x84D2, 0x9D94, 0x9573, 0x9D95, 0x9DB5, 0x9DD5, 0x9DB5, 0x9DD5, 0x9DD6, 0xA5D6, 0xAD94, 0x9511,
    0x9574, 0x9574, 0x9574, 0x9D95, 0x9D95, 0x9D74, 0x9DB5, 0x9D95, 0x9D74, 0xB5D5, 0x9553, 0x9574,
    0x9DB5, 0x9DB5, 0x9D74, 0x9D94, 0x9D95, 0x9DB5, 0xA5F6, 0x8D54, 0x6BCD, 0x742F, 0x7C70, 0x7C70,
    0x742F, 0x7C4F, 0x740F, 0x740E, 0x7C70, 0x7C50, 0xA533, 0x73EE, 0x73EE, 0x6BED, 0x73EE, 0x742E,
    0x7C4F, 0x740E, 0x7C2F, 0x740E, 0x8470, 0xAD94, 0x7C70, 0x7C50, 0x742F, 0x7C4F, 0x73EE, 0x742F,
    0x7C70, 0x7C70, 0x8491, 0x7C50, 0x6BAD, 0x73EE, 0x7C70, 0x740E, 0x740E, 0x740E, 0x740F, 0x7C4F,
    0x7C4F, 0x8490, 0xAD73, 0x740E, 0x7C70, 0x7C50, 0x7C70, 0x742F, 0x742F, 0x7C4F, 0x740E, 0x7C4F,
    0x7C2F, 0xAD53, 0x73EE, 0x7C4F, 0x7C50, 0x7C70, 0x6BEE, 0x7C4F, 0x742F, 0x740E, 0x73ED, 0x73EE,
    0x73CE, 0x6BEE, 0x742F, 0x7C90, 0x744F, 0x7C4F, 0x7C70, 0x7C2F, 0x744F, 0x7C4F, 0xA511, 0x740E,
    0x740E, 0x7C50, 0x742F, 0x7C4F, 0x7C50, 0x7C4F, 0x6BAD, 0x73CD, 0x8470, 0xAD74, 0x73EE, 0x8490,
    0x7C70, 0x744F, 0x742F, 0x7C70, 0x6BCD, 0x740E, 0x742E, 0x740F, 0x73EE, 0x742F, 0x7C2F, 0x7C4F,
    0x7C70, 0x740F, 0x7C70, 0x7C70, 0x7C70, 0x7C4F, 0x9CF0, 0x636B, 0x7C2F, 0x7C4F, 0x744F, 0x742F,
    0x742E, 0x7C4F, 0x742F, 0x7C4F, 0x742F, 0xAD94, 0x740E, 0x7C2F, 0x7C50, 0x8490, 0x742F, 0x742F,
    0x7C4F, 0x8470, 0x7C90, 0x7C50, 0x9D95, 0xAE17, 0xAE37, 0xAE37, 0xAE38, 0xA617, 0xAE17, 0xAE17,
    0xAE37, 0xA617, 0xB5D6, 0xA5D5, 0xA5D6, 0xA5D5, 0xA5D6, 0xA5D5, 0xAE17, 0xAE38, 0xAE17, 0xB638,
    0xA5F7, 0xB5F6, 0xAE37, 0xA5F6, 0xAE17, 0xAE58, 0xAE38, 0xAE37, 0xAE17, 0xAE58, 0xAE58, 0x8CF2,
    0x9D74, 0xA5D5, 0xA5D6, 0xB638, 0xA5B5, 0xAE17, 0xAE38, 0xA5F7, 0xAE37, 0xAE37, 0xAD74, 0xA5F6,
    0xA5F6, 0xAE17, 0xAE37, 0xAE38, 0xAE37, 0xA5D6, 0xAE17, 0xA5D6, 0x9D94, 0xB5D5, 0xA5F5, 0xAE17,
    0xAE38, 0xAE38, 0xAE17, 0xAE17, 0xAE17, 0xA5B5, 0xA5D5, 0x84B1, 0x8CD1, 0xAE37, 0xAE37, 0xAE38,
    0xAE37, 0xAE37, 0xAE17, 0xAE37, 0xAE37, 0xAE17, 0xB5B4, 0xAE37, 0xA617, 0xAE17, 0xAE16, 0xAE17,
    0xAE37, 0xAE17, 0x9D74, 0xADF6, 0xA5F6, 0xADB4, 0xADF6, 0xAE37, 0xAE37, 0xB658, 0xAE37, 0xAE58,
    0xADF6, 0xA5D5, 0xAE16, 0x9554, 0x84B1, 0xA5F6, 0xA5F6, 0xAE37, 0xB658, 0xB658, 0xAE58, 0xAE38,
    0xAE37, 0xAE37, 0x9D11, 0xA5B4, 0xADF6, 0xA5D5, 0xAE17, 0xAE38, 0xAE17, 0xA5B5, 0xAE16, 0xAE17,
    0x9DB5, 0xB5D5, 0xA5D6, 0xAE17, 0xAE38, 0xAE17, 0xAE17, 0xAE17, 0xAE37, 0xAE38, 0xAE17, 0x9554,
    0x9D95, 0x9D94, 0x9DB5, 0x9D94, 0x9DB5, 0x9594, 0x9D95, 0x9D95, 0x9D94, 0x9DB6, 0xBDD6, 0x9D74,
    0x9574, 0x9574, 0x9D94, 0x9D94, 0x9DB5, 0x9DB5, 0xA5D6, 0xA5B5, 0x9D94, 0xBE16, 0xA5B5, 0x9D95,
    0x9DB5, 0xA5D5, 0x9DB5, 0x9DD6, 0x9DD6, 0x9DB5, 0x9DD6, 0x8512, 0x8D33, 0x9D53, 0x9573, 0x9574,
    0x9D94, 0x9DD6, 0x9DB5, 0x9D94, 0x9DB5, 0x9DB5, 0xBDF6, 0x9552, 0x9553, 0x9DB5, 0x9DD5, 0x9574,
    0x9D94, 0x9553, 0x9DB5, 0x9D94, 0x9D74, 0xB5F5, 0x9D94, 0x9DB5, 0x9DD6, 0x9DD5, 0x9DB5, 0x9DB6,
    0x9DB6, 0x9D95, 0x9D94, 0x84D1, 0x8CF2, 0x9DB5, 0xA5D6, 0x9DB5, 0xA5D6, 0xA5D6, 0xA5B5, 0xA5D6,
    0xA5D6, 0xA5D5, 0xB5B4, 0x9D95, 0x9DB5, 0x9DB5, 0x9573, 0xA5D5, 0x9DD5, 0xA5D6, 0xA5B5, 0x9D53,
    0x9DB5, 0xA574, 0x9D73, 0x9D95, 0x9DD6, 0x9D95, 0x9DB6, 0x9DB5, 0x9573, 0x9553, 0x9DB5, 0x8D13,
    0x8491, 0x9D74, 0x9DB5, 0x9DB5, 0x9DD5, 0x9DD6, 0xA5D6, 0x9DD6, 0xA5D6, 0x9D95, 0x9D31, 0x9D94,
    0x9D74, 0x9553, 0x9DB5, 0x9DB5, 0x9DB5, 0x9D94, 0x9D95, 0x9D94, 0x9553, 0xB5D5, 0x9D74, 0x9D94,
    0x9DD6, 0x9DB5, 0x9DB5, 0xA5D5, 0xA5D6, 0xA5D5, 0x9DD6, 0x8D33, 0x9595, 0x9D95, 0x9D94, 0x9D94,
    0x9DB5, 0x9D95, 0x9D94, 0x9D94, 0x9D94, 0x9DB5, 0xAD94, 0x9D94, 0x9574, 0x9553, 0x9574, 0x9D74,
    0x9DB5, 0xA5D6, 0x9DB5, 0x9DB5, 0x9D94, 0xBDF6, 0x9DB5, 0x9DB5, 0x9D95, 0x9DD5, 0xA5B5, 0x9DB6,
    0xA5D6, 0x9DB5, 0x9DB6, 0x84D2, 0x8D33, 0x9D74, 0x9D95, 0x9D94, 0x9D94, 0x9DB5, 0x9DB5, 0x9DB5,
    0x9D95, 0xA5D6, 0xBDF6, 0x9553, 0x9DB5, 0xA5D6, 0x9DB5, 0x9D94, 0x9DB5, 0x9D94, 0x9D95, 0x9D94,
    0x9D94, 0xBE16, 0x9D74, 0x9DB5, 0x9DB5, 0x9DD5, 0x9DB5, 0x9DD6, 0x9DD6, 0x9DB5, 0xA5D6, 0x8CF2,
    0x8D12, 0xA5D6, 0xA5D5, 0x9DB5, 0xA5D6, 0xA5D5, 0xA5D5, 0xA5B5, 0xA5D6, 0x9DB5, 0xADB4, 0x9DB5,
    0x9DB5, 0x9DB5, 0x9553, 0x9DB5, 0x9DD5, 0xA5D6, 0x9553, 0x9553, 0xA5B5, 0xBDF6, 0x9D74, 0x9D94,
    0x9DB5, 0x9DB5, 0x9D95, 0x9DB5, 0x9D95, 0x9D94, 0x9DB5, 0x9533, 0x7C90, 0x9D94, 0x9D95, 0x9D95,
    0x9DB6, 0xA5F6, 0xA5D6, 0xA5D6, 0x9DB5, 0x9DB5, 0xA552, 0x9DB4, 0x9D74, 0x9553, 0x9DB5, 0x9DB5,
    0x9DB5, 0x9D94, 0x9DB5, 0x9574, 0x9553, 0xBE16, 0x9553, 0x9D95, 0x9DB5, 0x9DD6, 0x9D94, 0xA5D6,
    0xA5D6, 0xA5D5, 0xA5D6, 0x8D33, 0x9595, 0x9DB5, 0x9DB5, 0x9D95, 0x9DB5, 0x9594, 0x9594, 0x9574,
    0x9D95, 0x9DB5, 0xBDD6, 0x9574, 0x9574, 0x9554, 0x9D94, 0x9574, 0x9D95, 0x9D95, 0x9DB5, 0x9DB5,
    0xA5B5, 0xB5F6, 0xA5D5, 0x9DB5, 0x9D95, 0x9DB5, 0x9DD6, 0x9DB6, 0x9DD6, 0x9DD6, 0xA5D6, 0x9533,
    0x9553, 0x9D94, 0x9DB5, 0x9D74, 0x9D94, 0x9DB5, 0xA5B6, 0x9D94, 0x9DB5, 0xA5F6, 0xAD94, 0x9573,
    0x9DB5, 0x9DB5, 0x9DB5, 0x9DB5, 0x9DB5, 0x9D74, 0x9DB5, 0x9DB5, 0x9D94, 0xBE16, 0x9D74, 0x9574,
    0x9DB5, 0x9DB5, 0x9DB5, 0x9DB5, 0x9DB5, 0x9D74, 0xA5D5, 0x8CD1, 0x8D13, 0xA5D6, 0xA5D5, 0xA5B6,
    0xA5D6, 0xA5D6, 0xA5D5, 0x9DB5, 0xA5D6, 0xA5D6, 0xBDF6, 0x9DB5, 0x9D95, 0x9D95, 0x9553, 0x9D94,
    0xA5D6, 0xA5D6, 0x9553, 0x9573, 0x9DB5, 0xB5F6, 0x9DB5, 0x9DB5, 0xA5D6, 0x9D94, 0x9DB5, 0x9DB6,
    0x9D74, 0x9D74, 0x9DB5, 0x8D33, 0x84B1, 0x9D74, 0x9594, 0x9DB5, 0x9DD5, 0x9DB5, 0x9DB5, 0xA5D6,
    0x9DB5, 0x9D74, 0x9D32, 0xA5D5, 0x9D94, 0x9D74, 0x9D95, 0x9DB5, 0x9DB5, 0x9D95, 0x9DB5, 0x9DB5,
    0x9553, 0xBDF6, 0x9574, 0xA5D5, 0x9DB5, 0x9DB6, 0x9DB5, 0x9DD6, 0x9DB5, 0xA5D6, 0xA5D6, 0x8D54,
    0x9595, 0x9DB5, 0x9DB5, 0x9DB5, 0x9D95, 0x9DB5, 0x9574, 0x9574, 0x9574, 0x9DB5, 0xBDF6, 0x9574,
    0x9D95, 0x9574, 0x9574, 0x9D74, 0x9D95, 0x9D95, 0x9D95, 0x9DB5, 0x9D95, 0xBE17, 0x9DB5, 0x9D95,
    0x9DB5, 0x9DB5, 0xA5D6, 0x9DB5, 0x9DB5, 0x9DB6, 0xA5D6, 0x8D13, 0x9574, 0x9574, 0x9D95, 0x9D94,
    0x9D74, 0x9D95, 0x9DB5, 0x9DB5, 0xA5D6, 0xA5F6, 0xC616, 0x9D94, 0x9DB5, 0x9DB5, 0x9DB5, 0x9DB5,
    0x9DB5, 0x9D94, 0x9DB5, 0x9DD6, 0x9D95, 0xBE16, 0x9D74, 0x9DB5, 0x9D95, 0x9D94, 0x9DB5, 0x9D95,
    0x9D95, 0x9DB5, 0xA5B5, 0x8CF2, 0x8D33, 0x9DD5, 0xA5D6, 0x9DD6, 0x9DB5, 0x9DD6, 0x9DB5, 0x9DB5,
    0x9DB5, 0x9DB5, 0xB5B5, 0x9DD5, 0x9DB6, 0x9D95, 0x9574, 0x9DB5, 0x9553, 0x9DB5, 0x9552, 0x9532,
    0x9D94, 0xB5D6, 0x9DB5, 0x9DB5, 0x9DB5, 0x9553, 0x9D94, 0x9DB5, 0x9D74, 0x9553, 0x9553, 0x8D33,
    0x84B2, 0x9D74, 0x9DB5, 0x9DB5, 0x9DD6, 0x9DD6, 0x9DB5, 0xA5D6, 0x9DB5, 0x9D94, 0x9D32, 0x9DB5,
    0x9DB5, 0x9553, 0x9D94, 0x9D95, 0x9DB5, 0x9DB5, 0x9DB5, 0x9DB5, 0x9553, 0xB5D5, 0x9574, 0x9DB5,
    0x9574, 0x9DD6, 0x9D74, 0x9DB5, 0x9DB6, 0x9DB5, 0xA5D6, 0x8D33, 0x9575, 0x9D95, 0x9DB5, 0x9D95,
    0x9D95, 0x9DB5, 0x9D95, 0x9574, 0x9574, 0x9574, 0xB5B5, 0x9D95, 0x9D95, 0x9553, 0x9574, 0x9574,
    0x9DB5, 0x9595, 0x9D95, 0x9D74, 0x9574, 0xB5F6, 0x9DB5, 0x9DB5, 0x9D95, 0x9DB6, 0x9DB6, 0x9DB6,
    0x9DB5, 0x9DD6, 0xA5D6, 0x8D33, 0x8D33, 0x9553, 0x9D94, 0x9D74, 0x9D95, 0x9DB5, 0xA5D5, 0x9DB5,
    0x9DD6, 0xA5F6, 0xBE16, 0x8D32, 0x9DB5, 0x9D95, 0x9594, 0x9DB5, 0x9D95, 0x9D94, 0x9DB5, 0x9DB5,
    0x9D94, 0xC637, 0x9553, 0x9D95, 0x9D95, 0x9D95, 0x9DB5, 0x9DB5, 0x9DB5, 0x9D95, 0xA5B5, 0x8CF2,
    0x84F3, 0xA5D6, 0x9DB5, 0x9DB5, 0x9DD6, 0x9DB6, 0x9DB5, 0x9DB5, 0xA5D6, 0x9D95, 0xBE16, 0x9DB5,
    0x9DB5, 0x9D95, 0x9D73, 0x9DB5, 0x9DB6, 0x9DD6, 0x9532, 0x9553, 0x9D95, 0xAD94, 0x9D94, 0x9D74,
    0x9554, 0x9532, 0x9D94, 0x9DB5, 0x9D94, 0x9553, 0x9D74, 0x8D13, 0x84B1, 0x9573, 0x9D95, 0x9DB5,
    0x9DB5, 0xA5D6, 0x9DB5, 0x9DB5, 0x9DB5, 0x9D94, 0x9D11, 0x9553, 0x9D95, 0x9532, 0x9553, 0x9DB5,
    0x9DB6, 0x9DB5, 0x9DB5, 0x9DB5, 0x9D73, 0xB5D5, 0x9574, 0x9DB5, 0x9574, 0x9DB5, 0x9DB5, 0x9D95,
    0x9D95, 0xA5D6, 0xA5D6, 0x8D54, 0x8D54, 0x9DB5, 0x9DB5, 0x9D95, 0x9DB5, 0x9D95, 0x9DB5, 0x9594,
    0x9595, 0x9D95, 0xBDD6, 0x9DB5, 0x9DB5, 0x9D74, 0x9594, 0x9D95, 0x9DB5, 0x9D95, 0x9D74, 0x9D95,
    0x9574, 0xBE17, 0x9D94, 0x9D95, 0x9D94, 0x9DB5, 0x9DB5, 0x9DB5, 0x9DB5, 0x9DB5, 0x9DD6, 0x8D13,
    0x8D33, 0x9D94, 0x9DB5, 0x9D74, 0x9DB5, 0xA5D6, 0xA5D6, 0x9DB5, 0x9DB5, 0xA5F6, 0xAD94, 0x9574,
    0x9DB5, 0x9DB5, 0x9DB5, 0x9574, 0xA5D6, 0xA5D5, 0x9DB5, 0x9DB5, 0xA5D5, 0xBDF6, 0x9553, 0x9D94,
    0x9594, 0x9D94, 0x9DB5, 0x9DB5, 0x9DB5, 0x9D94, 0x9DB5, 0x8D13, 0x84F2, 0xA5D6, 0x9DB5, 0x9DB5,
    0x9DB5, 0x9DB6, 0x9DB5, 0x9DB5, 0x9DB6, 0x9DD6, 0xB5F6, 0x9DB6, 0x9DB5, 0x9DB5, 0x9D74, 0x9DB5,
    0x9DB6, 0x9DB5, 0x9D94, 0x9D74, 0x9DB5, 0xBDF6, 0x9574, 0x9D95, 0x9D94, 0x9532, 0x9554, 0x9D95,
    0x9533, 0x9553, 0x9DB5, 0x8D13, 0x8CF2, 0x9553, 0x9D95, 0x9DB5, 0x9DB5, 0x9DB5, 0x9D95, 0x9D95,
    0x9594, 0x9D74, 0xA593, 0x9D94, 0x9D94, 0x9574, 0x9574, 0x9D95, 0x9DB5, 0x9D95, 0x9595, 0x9D95,
    0x9DB5, 0xBE17, 0x9574, 0x9DB6, 0x9D95, 0x9D95, 0x9D95, 0x9D95, 0x9DB5, 0x9DB5, 0x9DD6, 0x8D53,
    0x9574, 0x9D95, 0x9DB5, 0x9DB5, 0x9594, 0x9594, 0x9D95, 0x9574, 0x9D95, 0x9D95, 0xBDD6, 0x9D94,
    0x9DB5, 0x9D95, 0x9574, 0x9DB5, 0x9595, 0x9D95, 0x9D94, 0x9D95, 0x9D74, 0xBE37, 0x9574, 0x9D94,
    0x9574, 0x9D95, 0x9DB5, 0x9DB5, 0x9DB5, 0x9DB5, 0x9DD5, 0x8D13, 0x8D33, 0x9573, 0x9DB5, 0x9D94,
    0x9D95, 0x9D95, 0x9DB5, 0x9D94, 0x9DB5, 0xAE16, 0xB595, 0x9D94, 0x9DB5, 0x9DB5, 0x9DB5, 0x9D94,
    0xA5F6, 0xA5D6, 0x9DB5, 0x9DB5, 0x9D94, 0xBE17, 0x9D74, 0x9D94, 0x9DB5, 0x9D94, 0x9DB5, 0x9D95,
    0x9D94, 0x9D94, 0x9D95, 0x8CF2, 0x8D13, 0x9DD5, 0x9DB5, 0x9DB5, 0x9DB5, 0x9DD6, 0x9DB5, 0x9DB5,
    0x9DB5, 0x9DB5, 0xB5D5, 0x9595, 0x9DB5, 0x9553, 0x9D73, 0x9DB5, 0x9DB5, 0x9D95, 0x9D74, 0x9D95,
    0xA5D5, 0xBDF6, 0x9553, 0x9574, 0x9553, 0x9533, 0x9553, 0x9D95, 0x9574, 0x9574, 0x9D94, 0x8D12,
    0x84D2, 0x9533, 0x9D94, 0x9D95, 0x9574, 0x9D95, 0x9DB5, 0x9D94, 0x9D95, 0x9D95, 0xAD93, 0x9D94,
    0x9D94, 0x9553, 0x9574, 0x9D95, 0x9DB5, 0x9D94, 0x9553, 0x9D94, 0x9574, 0xBDF6, 0x9573, 0x9595,
    0x9D94, 0x9D94, 0x9574, 0x9D95, 0x9D95, 0x9DB5, 0x9DB6, 0x8D33, 0x9575, 0x9DB5, 0x9DB5, 0x9DB5,
    0x9DB5, 0x9D94, 0x9D94, 0x9D95, 0x9DB5, 0x9DB5, 0xB5D5, 0x9DB5, 0x9D94, 0x9DB5, 0x9DB5, 0x9D94,
    0x9DB5, 0x9DB6, 0x9D94, 0x9DB5, 0x9DB5, 0xC657, 0x9574, 0x9D74, 0x9D95, 0x9DB5, 0x9DB5, 0x9DB5,
    0x9DB5, 0x9DD6, 0xA5D5, 0x9534, 0x9533, 0x9D74, 0x9D94, 0x9D74, 0x9553, 0x9DB5, 0xA5D5, 0x9DB5,
    0x9DB5, 0xA5F6, 0xBDF6, 0x9DD5, 0x9DB5, 0x9DB6, 0x9DB5, 0x9DB5, 0xA5D5, 0xA5B5, 0xA5B5, 0xA5D5,
    0x9D94, 0xBDF6, 0x9553, 0x9D95, 0x9DB6, 0x9DB5, 0x9DB5, 0x9DB5, 0x9DB5, 0x9D94, 0xA5B5, 0x8CF2,
    0x8D13, 0xA5D5, 0x9DB5, 0x9DD5, 0x9DB5, 0x9DB5, 0x9DB5, 0x9D74, 0x9573, 0x9DB5, 0xB5B4, 0xA5D5,
    0x9D94, 0x9DB5, 0x9D94, 0x9DB5, 0x9DD6, 0x9DB5, 0x9D95, 0x9D74, 0xA5F6, 0xBE17, 0x9D74, 0x9D74,
    0x9553, 0x9574, 0x9533, 0x9553, 0x9D74, 0x9D94, 0x9DB5, 0x8D33, 0x8D13, 0x9532, 0x9574, 0x9D95,
    0x9D74, 0x9DB5, 0x9DD6, 0x9D94, 0x9DB5, 0x9DB4, 0xA573, 0x9D94, 0x9D95, 0x9553, 0x9DB5, 0x9D95,
    0x9DB5, 0x9D94, 0x9D95, 0x9DB5, 0x9D74, 0xAD94, 0x9D74, 0x9DB5, 0x9DB5, 0x9553, 0x9574, 0x9574,
    0x9D95, 0x9D95, 0x9DD6, 0x9574, 0x9574, 0x9D95, 0x9DB5, 0x9DD6, 0x9DB5, 0x9DB5, 0x9DB5, 0x9595,
    0x9DB5, 0xA5D6, 0xB5B5, 0x9D94, 0x9DB5, 0x9DB5, 0x9DB5, 0x9DB5, 0x9DB5, 0x9DB5, 0x9DB5, 0xA5D6,
    0x9D95, 0xBDF6, 0x9D94, 0x9D74, 0x9594, 0x9DB5, 0x9DB5, 0x9DB5, 0x9DB5, 0xA5D6, 0xA5D6, 0x9533,
    0x9554, 0x9553, 0x9574, 0x9553, 0x9D94, 0x9DB5, 0x9D94, 0x9D94, 0x9DB5, 0xA5D6, 0xBDF6, 0xA5D5,
    0xA5B5, 0xA5D6, 0xA5D6, 0x9DB5, 0xA5B5, 0xA5B5, 0x9573, 0x9D94, 0x9553, 0xBDF6, 0x9553, 0x9DB5,
    0x9DB5, 0x9DD5, 0x9DD5, 0x9DB5, 0x9DB5, 0x9DB5, 0x9DB5, 0x8D12, 0x84F2, 0xA5D5, 0xA5D6, 0x9DB5,
    0x9DB5, 0xA5D6, 0x9DB5, 0x9D74, 0x9D94, 0x9DB5, 0xA511, 0x9D94, 0xA5D5, 0x9DB5, 0x9D94, 0xA5D5,
    0xA5D6, 0x9DB5, 0x9D74, 0x9D74, 0x9DB5, 0xBE37, 0x9D74, 0x9574, 0x9553, 0x8D13, 0x9553, 0x9D94,
    0x9D94, 0x9D95, 0xA5D6, 0x9554, 0x8D12, 0x9D53, 0x9594, 0x9D95, 0x9DB4, 0x9DB5, 0x9DB5, 0x9DB5,
    0x9D94, 0x9DB5, 0xADB4, 0x9D94, 0x9DB5, 0x9DB5, 0x9DB5, 0x95B5, 0x9DB5, 0x9D94, 0x9DB5, 0xA5D6,
    0x9DB5, 0xB5D5, 0x9574, 0x9D95, 0xA5F6, 0x9D74, 0x9D94, 0x9D95, 0x9DB5, 0x9D95, 0x9DB5, 0x8D54,
    0xAD74, 0xA533, 0xB5B5, 0xADB5, 0xBDD5, 0xB5F6, 0xB5D5, 0xB5B5, 0xB5D5, 0xAD74, 0xAD54, 0xA553,
    0xAD74, 0xB5B5, 0xB594, 0xB5B5, 0xB5B5, 0xB5D5, 0xAD94, 0xAD74, 0xAD54, 0xA533, 0xAD74, 0xB594,
    0xB595, 0xB5D5, 0xADB5, 0xB5D5, 0xB5B5, 0xB5B5, 0xB5B4, 0xAD74, 0xA553, 0xA532, 0x9D12, 0xB5B4,
    0xA553, 0xB595, 0xAD94, 0xAD94, 0xAD74, 0xAD74, 0xAD74, 0xAD73, 0xB5D5, 0xB5D5, 0xBDF6, 0xB5B4,
    0xAD73, 0xAD94, 0xAD52, 0x9CD0, 0x9CF1, 0x9CF2, 0xA553, 0xAD94, 0xB5B5, 0xB5B4, 0xA533, 0xB594,
    0xAD53, 0xB594, 0xAD73, 0x9D12, 0xA532, 0xAD73, 0xB5D5, 0xB5B4, 0xB5D5, 0xB5B5, 0xADB5, 0xA553,
    0xAD94, 0xA532, 0x948F, 0x94B0, 0x94D1, 0xA553, 0xAD73, 0xAD74, 0xB5D5, 0xB5B5, 0xA553, 0x9CD1,
    0xAD74, 0xAD74, 0xA552, 0xAD74, 0xAD74, 0xA532, 0xAD74, 0xA532, 0xAD94, 0xAD74, 0xAD73, 0xA553,
    0xAD53, 0x9CF1, 0xAD74, 0xAD73, 0xB5D5, 0xB5B5, 0xB5B5, 0xA553, 0xAD73, 0xAD73, 0x9CD0, 0xA532,
    0xAD94, 0xAD53, 0xBDF6, 0xB5D5, 0xBDF6, 0xB5D6, 0xB5B5, 0xAD95, 0xA552, 0xAD74, 0xA553, 0xAD94,
    0xB5B4, 0xAD74, 0xAD53, 0xB5B5, 0xB5B5, 0xADB5, 0xB5B5, 0xAD94, 0x8D74, 0x9DB5, 0xA5D6, 0x9DD6,
    0xA5D6, 0xA5D6, 0xA5F6, 0xA5F6, 0xC6B9, 0xBE98, 0xAD74, 0x9D73, 0x9D94, 0x9594, 0x9D94, 0x9DD6,
    0xA5F6, 0xA5F6, 0xA5B5, 0xB637, 0x9D95, 0xBE17, 0x9DD6, 0x9DB5, 0xA5F6, 0x9DD5, 0x9DB5, 0x9DB5,
    0x9DB5, 0xC6B9, 0xC6B9, 0x84F2, 0x8D12, 0x9573, 0x9D94, 0x9553, 0x9553, 0x9D94, 0xAE16, 0xB637,
    0xB657, 0xBE78, 0xAD94, 0x9553, 0xA5D5, 0x9DB5, 0x9533, 0x9574, 0x9D94, 0x9532, 0x9D53, 0x9D73,
    0x9D53, 0xBE16, 0x9574, 0x9DB5, 0xA5D6, 0x9DB5, 0x9DB5, 0xB658, 0xADF6, 0xBE78, 0xC699, 0x84D1,
    0x8CF2, 0xA5D6, 0x9DB5, 0x9DB5, 0x9DB5, 0x9DB5, 0xA5D6, 0xA5D5, 0xB698, 0xB657, 0xB594, 0x9D94,
    0xAE16, 0xA5D6, 0xAE37, 0xAE17, 0xA5D6, 0xA5F6, 0x9D94, 0x9553, 0xA5B5, 0xAD94, 0x9D74, 0x9532,
    0x9512, 0x9532, 0x9512, 0x9574, 0x9D74, 0xBE99, 0xBE99, 0x84F2, 0x7CB0, 0x9D94, 0xA5D6, 0xA5B5,
    0x9DD5, 0x9DB5, 0x9DB5, 0xA5F5, 0xB658, 0xB658, 0x9D11, 0x9D74, 0xA5D5, 0x9553, 0x9DB5, 0xA5D6,
    0xA5D6, 0xA5D6, 0xAE17, 0xAE17, 0x9D73, 0xB5D5, 0x9D73, 0xAE17, 0xA616, 0x9573, 0x8D12, 0x9DB5,
    0x9DB5, 0x9DB5, 0xA5D6, 0x8D34, 0x9575, 0x9DB5, 0x9DB5, 0x9DB5, 0xA5D6, 0xA5F6, 0xA5D6, 0xA5D6,
    0xA5F6, 0xAE16, 0xAD94, 0x9553, 0x9554, 0x9574, 0x9D95, 0x9DB5, 0xA5D6, 0xA5F6, 0xA5B5, 0xA5D5,
    0x9D95, 0xBE17, 0x9DB5, 0x9DB5, 0x9DD5, 0x9DD5, 0xA5B5, 0x9DB5, 0x9DB5, 0xA5D5, 0xA5D6, 0x84D2,
    0x8D33, 0x9D73, 0x9574, 0x9553, 0x9553, 0x9D94, 0x9D94, 0x9DB5, 0x9DB4, 0xA5D6, 0xAD94, 0x9574,
    0x9D94, 0x9DB5, 0x9532, 0x9574, 0x9533, 0x9D74, 0x9532, 0x9D94, 0x9D74, 0xC637, 0x9553, 0x9DB5,
    0x9595, 0x9DB5, 0x9DD6, 0x9DB5, 0x9DB5, 0x9DB5, 0x9DB5, 0x8CF2, 0x8D12, 0xA5D5, 0xA5D5, 0x9DB5,
    0x9DB5, 0x9DB5, 0xA5D5, 0x9DB5, 0xA5D5, 0xA5D5, 0xAD73, 0x9574, 0x9D95, 0x9DB5, 0xA5B5, 0x9D95,
    0x9DB5, 0x9DB5, 0x9D94, 0x9532, 0x9D74, 0xB5D5, 0x8D11, 0x9553, 0x9532, 0x9533, 0x9532, 0x9553,
    0x9DB5, 0xA5F6, 0xA5D5, 0x8512, 0x84D1, 0x9D94, 0x9DB5, 0x9DB5, 0xA5D5, 0x9DB5, 0x9DB6, 0x9594,
    0x9D94, 0x9DB5, 0xA532, 0x9511, 0x9DB5, 0x9D95, 0x9DD6, 0x9DB5, 0xA5D6, 0xA5D6, 0xA5D6, 0x9DD6,
    0x9D74, 0xBDF6, 0x9553, 0x9D94, 0x9D95, 0x9574, 0x9553, 0x9D94, 0x9D95, 0x9DB5, 0x9DB5, 0x8D33,
    0x9575, 0x9DD6, 0x9DB5, 0x9DB5, 0x9DB5, 0x9DD5, 0xA5D6, 0xA5D6, 0xA5D6, 0xB616, 0xA533, 0x9532,
    0x9D95, 0x9DB6, 0x9DB5, 0x9D94, 0xA5D6, 0xA5D6, 0x9D94, 0xA5D6, 0x9D95, 0xBE17, 0x9DB5, 0x9D95,
    0x9DB5, 0x9DD6, 0x9DB5, 0xA5D6, 0x9DD5, 0x9DD5, 0xA5F6, 0x8CF2, 0x9533, 0x9D74, 0x9574, 0x9553,
    0x9553, 0x9D95, 0x9D94, 0x9D94, 0x9DB5, 0xA5F6, 0xB5D6, 0x9D95, 0x9D95, 0x9595, 0x9D74, 0x9D95,
    0x9D74, 0x9553, 0x9553, 0x9D95, 0x9D94, 0xBE16, 0x9574, 0x9DB5, 0x9DB5, 0x9DB5, 0x9DB5, 0x9DD6,
    0x9DB5, 0x9D74, 0xA5D5, 0x8CD1, 0x8D12, 0x9DB5, 0x9DB5, 0x9DB5, 0x9DB5, 0x9DB5, 0x9DB5, 0x9DB5,
    0xA5D5, 0xA5D5, 0xB5B5, 0x9D95, 0xA5D6, 0xA5D6, 0x9DB5, 0x9DB5, 0x9DB5, 0xA5D5, 0x9D74, 0x9D93,
    0x9D95, 0xB5B5, 0x9573, 0x9573, 0x9553, 0x9553, 0x9553, 0x9D73, 0x9DB5, 0x9DB5, 0xA5D5, 0x8D13,
    0x84D1, 0x9573, 0x9D95, 0x9D95, 0x9DB5, 0x9DB5, 0x9D95, 0x9D94, 0x9574, 0x9D94, 0x9CF1, 0x9512,
    0x9DB5, 0x9574, 0x9D95, 0x9DD6, 0xA5D6, 0xA5D6, 0x9DB5, 0xA5D6, 0x9DB5, 0xBDF6, 0x9532, 0x9D94,
    0x9573, 0x9D95, 0x9533, 0x9D95, 0x9DB5, 0x9DB5, 0xA5D5, 0x8D33, 0x9574, 0x9DB5, 0x9DB6, 0x9D95,
    0x9595, 0x9DB6, 0x9DB5, 0x9DB5, 0x9DB5, 0xADF6, 0xB5B5, 0x9D74, 0x9DB5, 0x9DB5, 0x9DB5, 0x9DB5,
    0x9DB5, 0x9DB5, 0x9D94, 0x9DB5, 0x9DB5, 0xB5F6, 0x9DB5, 0x9DB5, 0x9DB5, 0x9DB5, 0x9DB5, 0x9DB5,
    0x9DB5, 0x9DD6, 0xA5D6, 0x8CF3, 0x8D33, 0x9553, 0x9DB5, 0x9D73, 0x9553, 0x9574, 0x9D94, 0x9D95,
    0x9DB5, 0xADF6, 0xB5D5, 0x9D95, 0x9DB5, 0x9574, 0x9533, 0x9D74, 0x9D95, 0x9553, 0x9574, 0x9DB5,
    0x9DB5, 0xB5D5, 0x9574, 0x9DB5, 0x9DB5, 0x9DB5, 0x9DD6, 0x9DB5, 0x9D95, 0x9D94, 0xA5B5, 0x8CD2,
    0x8CF2, 0x9DD5, 0xA5D6, 0x9DB5, 0x9DB5, 0x9DD5, 0x9DB5, 0x9DB5, 0x9DB5, 0xA5D5, 0xB5D6, 0x9DB5,
    0x9DB5, 0xA5D6, 0x9D74, 0x9D95, 0x9DB5, 0x9D95, 0x9D94, 0x9512, 0x9DB5, 0xAD95, 0x9D95, 0x9553,
    0x9D94, 0x9D74, 0x9532, 0x9532, 0x9573, 0x9DB5, 0x9D94, 0x8D13, 0x8D12, 0x9574, 0x9D95, 0x9D95,
    0x9DB6, 0xA5B5, 0x9D94, 0x9553, 0x9DB5, 0x9DD5, 0xA532, 0x9553, 0x9DB5, 0x9DB5, 0x9D95, 0x9DD6,
    0xA5D6, 0xA5D6, 0x9DB5, 0xA5D6, 0x9D95, 0xAD94, 0x9D73, 0x9D94, 0x9DD6, 0x9D95, 0x9D95, 0x9D74,
    0x9DB5, 0xA5D6, 0xA5D6, 0x9574, 0x9574, 0x9DB5, 0x9DB5, 0x9DB5, 0x9595, 0x9D95, 0x9D95, 0x9DB5,
    0x9D95, 0x9DB5, 0xAD74, 0x9553, 0x9D95, 0x9DB5, 0x9D94, 0x9DB5, 0x9DB5, 0x9DB5, 0x9D74, 0x9D95,
    0x9D95, 0xBE17, 0x9DB5, 0x9DB5, 0x9DB5, 0x9DB5, 0x9DB5, 0x9DD6, 0x9D94, 0x9DB5, 0xA5D6, 0x8CD2,
    0x84F2, 0x9574, 0x9574, 0x9553, 0x9D94, 0x9574, 0x9574, 0x9DB5, 0x9D95, 0xA5D6, 0xAD54, 0x9D95,
    0x9574, 0x9D95, 0x9574, 0x9D95, 0x9DB5, 0x9553, 0x9D74, 0x9DB5, 0x9D94, 0xBDF6, 0x9D94, 0x9DB5,
    0x9D95, 0x9DB6, 0x9DB6, 0x9DD6, 0x9DB6, 0x9DB5, 0x9DB5, 0x8CF2, 0x84B1, 0x9DB5, 0x9DB5, 0x9DD5,
    0x9D95, 0x9594, 0x9594, 0x9DB5, 0xA5D5, 0xA5D6, 0xBDF6, 0x9DB5, 0x9DD6, 0x9DB5, 0x9D74, 0x9DB5,
    0x9DB5, 0x9574, 0x9533, 0x9532, 0xA5B6, 0xAD94, 0x9573, 0x9533, 0x9D95, 0x9D95, 0x9553, 0x9553,
    0x9553, 0xA5B5, 0xA5D5, 0x84F2, 0x8CF2, 0x9574, 0x9D94, 0x9D94, 0x9DD6, 0x9DB5, 0x9533, 0x9533,
    0x9DB5, 0x9DB5, 0x9CF1, 0x9D95, 0x9DB5, 0x9DB5, 0x9DB6, 0x9DB5, 0x9DB6, 0x9DD6, 0x9D74, 0x9DB5,
    0x9DB5, 0xB5B5, 0x9573, 0x9D94, 0x9DB5, 0x9DB5, 0x9DB5, 0x9D74, 0x9DB5, 0x9DB5, 0xA5D6, 0x8D33,
    0x9533, 0x9DB5, 0x9DB5, 0x9DB5, 0x9595, 0x9D95, 0x9574, 0x9D94, 0x9D95, 0x9574, 0xBDF6, 0x9553,
    0x9D95, 0x9574, 0x9553, 0x9DB5, 0x9DB5, 0x9DB5, 0x9553, 0x9D94, 0x9D74, 0xB5F6, 0x9DB5, 0x9D94,
    0x9D95, 0x9DB5, 0x9DB5, 0x9DB5, 0x9DB5, 0x9DB5, 0x9DB5, 0x8CF2, 0x84F2, 0x9574, 0x9574, 0x9553,
    0x9D94, 0x9D94, 0x9574, 0x9DB5, 0xA5D6, 0xA5D6, 0xB5B5, 0x9DB5, 0x9DB5, 0x9DD5, 0x9DB5, 0x9D95,
    0x9D94, 0x9D74, 0x9DD5, 0x9DB5, 0x9553, 0xBDF6, 0x9DB5, 0x9DB5, 0x9DD6, 0xA5B6, 0xA5D6, 0xA5D6,
    0x9DB6, 0x9DB5, 0x9DB5, 0x8CD1, 0x7C70, 0x9DB5, 0x9DB5, 0x9DD5, 0x9DD5, 0x9DB5, 0x9DB5, 0x9DB5,
    0x9DB5, 0x9DB5, 0xBDF6, 0x9DB5, 0x9DD5, 0x9DB5, 0x9D95, 0x9DB5, 0x9DB5, 0x9D95, 0x9D74, 0x9532,
    0x9D95, 0xBDF6, 0x9573, 0x9D74, 0x9D94, 0x9D94, 0x8D12, 0x8D12, 0x9D95, 0x9D74, 0x9DB5, 0x8D33,
    0x84D1, 0x9D94, 0x9D95, 0x9DB5, 0x9DB5, 0x9DB6, 0x9DB5, 0x9532, 0x9533, 0x9D94, 0x9D12, 0x9D94,
    0xA5D5, 0x9D95, 0x9DB5, 0x9DB6, 0x9DD6, 0x9DB5, 0x9D94, 0x9DB5, 0x9D74, 0xB594, 0x9553, 0x9D95,
    0x9DB5, 0x9DB5, 0x9D94, 0x9D94, 0x9DB5, 0x9DB5, 0xA5D6, 0x9574, 0x9533, 0x9595, 0x9574, 0x9D95,
    0x9DB5, 0x9D95, 0x9D95, 0x9574, 0x9574, 0x9574, 0xAD74, 0x9553, 0x9574, 0x9574, 0x8D12, 0x9574,
    0x9DB5, 0x9DB5, 0x9D94, 0x9D94, 0xA5B5, 0xBE17, 0x9D94, 0x9D94, 0x9D94, 0x9DB5, 0x9DB5, 0x9DB5,
    0x9D94, 0x9DB5, 0x9574, 0x9533, 0x8D33, 0x9D74, 0x9574, 0x9553, 0x9DB5, 0x9D94, 0x9D94, 0x9D94,
    0x9DB5, 0x9DB5, 0xB5D5, 0x9574, 0x9574, 0x9DB5, 0x9DB5, 0x9594, 0x9D95, 0x9574, 0x9DB5, 0x9DB5,
    0x9D94, 0xBDF6, 0x9D94, 0x9DB5, 0x9DB5, 0xA5D6, 0x9DD5, 0x9DB6, 0x9DB5, 0x9DB5, 0x9DD6, 0x8D13,
    0x8CD1, 0x9DB5, 0x9D95, 0x9D95, 0x9D95, 0x9D95, 0x9DB5, 0x9594, 0x9DB5, 0x9DB5, 0xBDF6, 0x9DB5,
    0x9DB5, 0x9DB5, 0x9DB5, 0x9D95, 0x9DB5, 0x9D95, 0x8CF1, 0x9532, 0x9DB5, 0xAD74, 0x9D94, 0x9574,
    0x9D94, 0x9D95, 0x9533, 0x9574, 0x9553, 0x9DB5, 0x9D94, 0x8D12, 0x8CF2, 0x9573, 0x9D94, 0x9DB5,
    0x9DB5, 0x9DB5, 0x9D94, 0x9D94, 0x9D94, 0x9D94, 0xA574, 0xA5D5, 0xA5B5, 0x9D95, 0x9DB5, 0x9DB5,
    0x9DB5, 0x9D94, 0x9574, 0x9DB5, 0x9574, 0xAD74, 0x9573, 0x9DB5, 0x9DB5, 0x9DB5, 0x9D95, 0x9DB5,
    0x9D94, 0x9DD6, 0x9DB5, 0x9D95, 0x8D33, 0x9D94, 0x9594, 0x9D95, 0x9D95, 0x9574, 0x9574, 0x9D95,
    0x9D94, 0x9553, 0xAD74, 0x9553, 0x9D94, 0x9553, 0x9532, 0x9553, 0x9DB5, 0x9DB5, 0x9553, 0x9D74,
    0x9D94, 0xB5B5, 0x9D74, 0x9D94, 0x9D94, 0x9574, 0x9D95, 0x9D95, 0x9DB5, 0x9D95, 0x9DB5, 0x8CF2,
    0x8D33, 0x9D94, 0x9574, 0x9553, 0x9594, 0x9D94, 0x9DB5, 0x9DB5, 0x9D95, 0x9DB5, 0xBDF6, 0x9D74,
    0x9553, 0x9594, 0x9DB5, 0x9D74, 0x9553, 0x9D94, 0x9532, 0x9D94, 0x9573, 0xC637, 0x9D94, 0x9DB5,
    0x9DB6, 0x9DB5, 0x9DB5, 0xA5D5, 0x9DD5, 0x9DB5, 0x9DD5, 0x9533, 0x84B1, 0x9D94, 0x9D94, 0x9D95,
    0x9595, 0x9D94, 0x9D94, 0x9574, 0x9DB5, 0x9DB5, 0xB5D6, 0x9D95, 0x9DB5, 0x9553, 0x9D94, 0x9DB5,
    0x9594, 0x9D94, 0x8D11, 0x9532, 0x9D95, 0xB5B5, 0x9D94, 0x9553, 0x9573, 0x9553, 0x9532, 0x9512,
    0x9D74, 0x9D95, 0x9D94, 0x8CF2, 0x84B1, 0x9532, 0x9553, 0x9553, 0x9574, 0x9DB5, 0x9553, 0x9D95,
    0x9DB5, 0x9D94, 0x94F1, 0x9DB5, 0xA5D5, 0x9DB5, 0x9DD6, 0x9DB5, 0x9594, 0x9DB5, 0x9573, 0x9DB5,
    0x9D94, 0xB5B5, 0x9553, 0x9DB5, 0xA5D5, 0x9DB5, 0x9DB5, 0x9D94, 0x9DB5, 0x9DB5, 0x9DB5, 0x9554,
    0x9574, 0x9D94, 0x9DD6, 0x9574, 0x9DB5, 0x9574, 0x9573, 0x9553, 0x9D95, 0x9573, 0xAD74, 0x9574,
    0x9574, 0x9553, 0x8D12, 0x9D94, 0x9DB5, 0x9574, 0x9553, 0x9553, 0x9574, 0xBE16, 0x9573, 0x9D74,
    0x9D95, 0x9D94, 0x9D94, 0x9D74, 0x9D95, 0x9DD5, 0xA5B5, 0x8D12, 0x8D13, 0x9D95, 0x9D94, 0x9553,
    0x9553, 0x9D95, 0x9DB5, 0x9DB5, 0x9D94, 0x9DB6, 0xAD95, 0x9594, 0x9553, 0x9DB5, 0x9594, 0x9D94,
    0x9D94, 0x9DB5, 0x9574, 0x9DB5, 0x9553, 0xBE16, 0x9DB5, 0x9DB5, 0x9DB5, 0x9DB5, 0x9DD6, 0x9DB5,
    0x9DB5, 0xA5D6, 0xA5D5, 0x84F1, 0x84D1, 0x9D94, 0x9D94, 0x9D95, 0x9DB5, 0x9D94, 0x9D95, 0x9D94,
    0x9DB5, 0x9DB5, 0xB5D5, 0x9DB5, 0x9D94, 0x9D94, 0x9573, 0xA5D5, 0x9DB5, 0x9DB5, 0x9533, 0x9553,
    0x9DB5, 0xBE17, 0x9574, 0x9D74, 0x9574, 0x9D94, 0x9D73, 0x9532, 0x9D74, 0x9D94, 0x9D73, 0x8CF2,
    0x8490, 0x9553, 0x9574, 0x9573, 0x9D94, 0x9D95, 0x9532, 0x9D94, 0x9D94, 0x9DB4, 0xAD94, 0xA5F6,
    0xA5D6, 0x9DB5, 0x9DB5, 0x9DB5, 0x9D95, 0x9574, 0x9573, 0x9D94, 0x9DB5, 0xB594, 0x9573, 0x9D95,
    0x9DB5, 0x9D94, 0x9D94, 0x9DB5, 0x9DB5, 0xA5D6, 0xA5D6, 0x9574, 0x8D12, 0x8D13, 0x9574, 0x9574,
    0x9554, 0x8D33, 0x8D12, 0x84F2, 0x8D33, 0x9553, 0xA533, 0x8D33, 0x8D13, 0x8D12, 0x8D12, 0x8D33,
    0x9554, 0x9554, 0x9553, 0x9D94, 0x9553, 0xB5D5, 0x8D33, 0x9553, 0x9553, 0x9553, 0x9554, 0x8D53,
    0x9574, 0x9574, 0x9D94, 0x7CB1, 0x8513, 0x9553, 0x8D12, 0x8D12, 0x8D13, 0x8D13, 0x9533, 0x9553,
    0x9554, 0x9574, 0xA533, 0x9554, 0x8D12, 0x9554, 0x9554, 0x8D12, 0x8D32, 0x9553, 0x9553, 0x9574,
    0x8D12, 0xB5F6, 0x9574, 0x8D53, 0x9574, 0x9595, 0x9554, 0x9554, 0x9D95, 0x8D33, 0x9574, 0x84D1,
    0x84B1, 0x9D74, 0x9554, 0x9575, 0x9574, 0x9554, 0x9574, 0x9574, 0x8D33, 0x9553, 0xAD94, 0x9574,
    0x9574, 0x9553, 0x8D12, 0x9D74, 0x9594, 0x9574, 0x84D1, 0x8D12, 0x9554, 0xAD94, 0x8D12, 0x9D95,
    0x9533, 0x9533, 0x84B0, 0x8CF1, 0x8D33, 0x8D32, 0x9553, 0x7CB1, 0x7C6F, 0x9512, 0x8D12, 0x8D12,
    0x8D33, 0x9553, 0x8D12, 0x9574, 0x9533, 0x9533, 0x94D1, 0x9574, 0x9D74, 0x9553, 0x9574, 0x9553,
    0x9533, 0x9553, 0x8D32, 0x9553, 0x9553, 0xAD94, 0x8CF1, 0x8D53, 0x9554, 0x9554, 0x9533, 0x9553,
    0x9574, 0x9574, 0x9574, 0x8D33, 0xC699, 0xC658, 0xBE17, 0xC658, 0xCE99, 0xCE99, 0xC658, 0xC658,
    0xC699, 0xBE37, 0xB595, 0xC658, 0xC679, 0xC657, 0xC658, 0xBE37, 0xC678, 0xCEB9, 0xC657, 0xBE58,
    0xCE99, 0xBDF6, 0xBE37, 0xB5F6, 0xB616, 0xC658, 0xC678, 0xCE99, 0xBE17, 0xC678, 0xBE16, 0xC657,
    0xC699, 0xBE37, 0xBE17, 0xBE37, 0xC637, 0xC658, 0xBE37, 0xC678, 0xBE37, 0xB5F5, 0xAD73, 0xBE37,
    0xBE16, 0xC678, 0xBE37, 0xBE37, 0xC678, 0xC678, 0xBE58, 0xBE37, 0xB617, 0xBDF6, 0xC658, 0xC678,
    0xC679, 0xC678, 0xC678, 0xC658, 0xC657, 0xB5F6, 0xB5F6, 0xC678, 0xC678, 0xC637, 0xCEB9, 0xCE99,
    0xC678, 0xCE99, 0xBE37, 0xCE99, 0xCE99, 0xBE17, 0xAD74, 0xB5F6, 0xC657, 0xB5D5, 0xC658, 0xC699,
    0xC678, 0xBE58, 0xAD94, 0xADD5, 0xC658, 0xAD94, 0xC657, 0xBE16, 0xC658, 0xBE37, 0xBDF6, 0xC678,
    0xBE17, 0xBE37, 0xBE57, 0xBE37, 0xBE17, 0xBE37, 0xB5F6, 0xBE37, 0xBE57, 0xC679, 0xC637, 0xBE57,
    0xBE58, 0xBE57, 0xA533, 0xC657, 0xC679, 0xC678, 0xBE37, 0xC678, 0xC678, 0xC658, 0xB5F6, 0xC657,
    0xBE37, 0xAD94, 0xBE16, 0xC658, 0xCE79, 0xC678, 0xBE37, 0xC658, 0xC678, 0xC678, 0xBE37, 0xC678,
    0x9DB6, 0x9DB5, 0x9DB6, 0x9DB5, 0x9DD6, 0x9DB5, 0x9D94, 0x9D95, 0x9DB5, 0x9532, 0xB5B5, 0x9574,
    0x9D94, 0x9553, 0x9533, 0x9D94, 0xA5D6, 0xA5D6, 0x9DB4, 0x9DB5, 0x9D95, 0xB5F6, 0xA5B5, 0x9573,
    0x9573, 0xA5D5, 0x9D74, 0x9DB5, 0x9DB5, 0x9D94, 0x9DB4, 0x7C4E, 0x8D33, 0x9DB5, 0x9574, 0x9D94,
    0x9D94, 0x9D94, 0xA5D6, 0x9D74, 0x9574, 0x9D73, 0x94D0, 0x9553, 0x9D74, 0x9DB5, 0x9553, 0x9574,
    0xA5D6, 0x9DB5, 0x9DB5, 0x9DB5, 0x8D33, 0xB5F5, 0x9DB5, 0x9DB5, 0x9DD5, 0xA5D5, 0x9DB5, 0xA5D6,
    0xA5B5, 0x9DB5, 0xA5D5, 0x8CD1, 0x84B1, 0x9D94, 0x9DD5, 0xA5D6, 0xA5D6, 0x9DB5, 0x9D94, 0x9D95,
    0x9DB5, 0x9D94, 0xB5D5, 0x9D95, 0x9D94, 0xA5B5, 0x9D94, 0x9DB5, 0xA5D5, 0x9DD5, 0x9512, 0x9552,
    0xA594, 0xB5F5, 0x9532, 0x9D74, 0x9DB5, 0x9DB5, 0x9553, 0x9D74, 0x9D95, 0x9D94, 0x9DB5, 0x8CF2,
    0x84D1, 0x9574, 0x9574, 0x9D95, 0x9DB5, 0x9DB5, 0x9D95, 0x9DB5, 0xA5D5, 0x9D94, 0xAD94, 0x9D73,
    0x9DB5, 0x9DB5, 0x9D95, 0x9D95, 0x9DB5, 0x9553, 0x9553, 0x9532, 0x9553, 0xB5D5, 0x9D74, 0x9594,
    0x9DD6, 0xA5D6, 0x9D95, 0x9DD5, 0xA5D6, 0xA5D6, 0xA5D6, 0x8D54, 0x9595, 0x9DB5, 0x9DD6, 0x9DD6,
    0x9DD6, 0x9DB5, 0x9D95, 0x9DB5, 0x9DB5, 0x9532, 0xAD74, 0x9553, 0x9D95, 0x9574, 0x9D94, 0x9DB5,
    0x9DB5, 0xA5D6, 0x9D74, 0x9DB5, 0x9D95, 0xBE17, 0xA5D5, 0x9DB5, 0x9DB5, 0x9DB5, 0x9DB5, 0x9DB5,
    0x9D74, 0x9573, 0x9573, 0x846F, 0x9533, 0x9DB5, 0x9574, 0x9D94, 0x9D95, 0x9D95, 0x9D74, 0x9D95,
    0x9DB5, 0x9D95, 0xA511, 0x9553, 0x9594, 0xA5D5, 0x9D95, 0x9DB5, 0xA5B5, 0x9DB5, 0xA5B5, 0xA5D5,
    0x9D73, 0xBE16, 0x9D94, 0x9DB5, 0x9DD6, 0xA5D5, 0x9DB5, 0xA5D6, 0x9DB5, 0xA5D6, 0xA5D6, 0x8D12,
    0x84F2, 0x9D95, 0x9DB5, 0x9DB6, 0x9DD6, 0x9DB5, 0xA5D6, 0x9DB5, 0x9D94, 0x9DB5, 0xAD73, 0x9D95,
    0x9DB5, 0x9DB5, 0x9D74, 0xA5D6, 0x9DB5, 0x9DB5, 0x9532, 0xA5B5, 0x9553, 0xB5F6, 0x9D53, 0x9D95,
    0x9DB5, 0x9DB5, 0x9553, 0x9D94, 0x9DB5, 0x9DB5, 0x9DB5, 0x8CF2, 0x8D12, 0x9D94, 0x9D94, 0x9D95,
    0x9D95, 0x9DB5, 0x9574, 0x9D94, 0x9DB5, 0x9D53, 0xB5D5, 0x9D74, 0xA5B5, 0x9D95, 0x9DB5, 0x9DB5,
    0x9DB5, 0x9574, 0x9DB5, 0x9512, 0x9553, 0xB5D5, 0x9D95, 0xA5D6, 0xA5D6, 0xA5D6, 0xA5D6, 0xA5D5,
    0xA5D6, 0xA5D5, 0xA5F6, 0x9554, 0x9DB6, 0x9DB5, 0x9DD6, 0x9DB5, 0x9DB5, 0x9DB5, 0x9D94, 0x9594,
    0x9DB5, 0x9573, 0xAD74, 0x9574, 0x9574, 0x9574, 0x9573, 0x9DB5, 0x9DB5, 0x9DB5, 0x9D74, 0xA5B5,
    0xA5D5, 0xB616, 0x9DB5, 0x9D95, 0x9574, 0x9DB5, 0x9DB5, 0x9DB5, 0x9573, 0x9553, 0x9553, 0x84B0,
    0x8D33, 0x9DB5, 0x9DB5, 0x9554, 0x8D12, 0x9532, 0x9D74, 0x9573, 0x9D94, 0x9D74, 0xA532, 0x8D32,
    0x9D94, 0x9DB5, 0x9DB5, 0x9D95, 0x9D94, 0x9D94, 0x9DB5, 0xA5F6, 0x9512, 0xBE16, 0x9D95, 0x9DD5,
    0x9DB6, 0x9DB5, 0x9DB5, 0x9DB5, 0x9DB5, 0xA5B5, 0xA5F6, 0x8D13, 0x84D2, 0x9D94, 0x9DD5, 0x9D95,
    0x9DB5, 0x9DB5, 0x9DB5, 0x9DB5, 0xA5D5, 0xA5D6, 0xB5B4, 0x9D95, 0x9D95, 0x9DB5, 0xA5B5, 0x9DB5,
    0xA5D6, 0xA5D5, 0x9532, 0x9D74, 0xA5B5, 0xB5D5, 0x9553, 0x9D95, 0x9D95, 0x9D95, 0x9573, 0x9D94,
    0x9D95, 0x9DB6, 0x9DB5, 0x84F2, 0x8CD2, 0x9D74, 0x9DB5, 0x9D95, 0x9DB5, 0x9DB5, 0x9553, 0x9D94,
    0x9DB5, 0xA595, 0xBDF6, 0x9DB4, 0xA5D5, 0x9D94, 0x9DB5, 0x9DB5, 0x9D95, 0x9553, 0xA5D5, 0x9553,
    0x9553, 0xBDD5, 0x9D94, 0x9DB5, 0xA5D5, 0x9DD6, 0x9DD6, 0x9DB5, 0xA5D6, 0x9DD6, 0xA5F6, 0x9554,
    0x9DB5, 0x9DB5, 0x9DB6, 0x9DB5, 0x9DB5, 0x9DB5, 0x9D95, 0x9DB5, 0x9DB5, 0x9D94, 0xAD94, 0x9D94,
    0x9D94, 0x9D94, 0x9574, 0x9D94, 0x9DB6, 0x9DB5, 0x9D74, 0xA5D6, 0xA5B5, 0xBDF6, 0x9DB5, 0x9D95,
    0x9D94, 0x9DB5, 0x9594, 0x9D94, 0x9D95, 0x9573, 0x9552, 0x7C4F, 0x9534, 0x9DB5, 0x9DB5, 0x9DB5,
    0x8D12, 0x8CF1, 0x9574, 0x9532, 0x9D95, 0xA5B5, 0xAD73, 0x8D12, 0x9574, 0x9DB5, 0x9DB5, 0x9D95,
    0x9595, 0x9DB5, 0x9D94, 0x9DD5, 0x8D12, 0xBDF6, 0x9DB5, 0x9DB5, 0x9DB5, 0x9DD5, 0x9DB5, 0x9DB5,
    0xA5B6, 0xA5D5, 0xA5D6, 0x8CF2, 0x84D1, 0x9DB5, 0xA5D6, 0x9DB5, 0x9DB5, 0x9DB5, 0x9DB5, 0x9DB5,
    0x9DB5, 0xA5D6, 0xB5D5, 0x9DB5, 0x9D74, 0x9D95, 0x9532, 0xA5B5, 0x9DB5, 0x9DB5, 0x9512, 0x9532,
    0x9D74, 0xB5B5, 0x9D74, 0x9D95, 0x9DB5, 0x9DB5, 0x9512, 0x9574, 0x9DB5, 0x9DB5, 0x9DB5, 0x8CF2,
    0x8CF2, 0x9D94, 0x9D95, 0x9D95, 0xA5B6, 0x9594, 0x9D94, 0x9D94, 0x9DD5, 0x9D74, 0xB5D5, 0xA5B5,
    0xA5D6, 0x9DB5, 0x9DD6, 0x9DB5, 0x9DB5, 0x9574, 0x9553, 0x9DB5, 0x9554, 0xB5B5, 0x9DB5, 0xA5B5,
    0x9DB5, 0x9DB6, 0x9D95, 0x9DD6, 0x9DB5, 0x9DD6, 0xA5F6, 0x8D33, 0x9595, 0x9DB5, 0x9DB6, 0x9DB5,
    0x9DB5, 0x9DB5, 0x9DB5, 0x9DB5, 0x9D95, 0x9553, 0xB5B5, 0x9D74, 0x9595, 0x9DB5, 0x9553, 0x9574,
    0x9DB5, 0x9DB5, 0x9D74, 0x9DB5, 0x9D95, 0xBE16, 0x9DB5, 0x9D95, 0x9D94, 0x9DB5, 0x9DB5, 0x9DB5,
    0x9D95, 0x9D73, 0x9553, 0x7C4E, 0x8D33, 0x9DB5, 0x9DB5, 0x9574, 0x9574, 0x8D32, 0x9533, 0x9533,
    0x9573, 0x9D94, 0xA532, 0x9533, 0x9573, 0x9D94, 0x9D95, 0x9D94, 0x9574, 0x9D74, 0x9D94, 0x9594,
    0x9532, 0xBDF5, 0x9D94, 0x9D95, 0x9D95, 0x9DB5, 0x9D95, 0x9DD5, 0x9DB5, 0x9D95, 0xA5B5, 0x84B1,
    0x84B1, 0x9DB5, 0x9DB5, 0x9DB5, 0x9DB5, 0x9DB5, 0x9D95, 0x9DB5, 0xA5D5, 0x9DB5, 0xA532, 0x9D94,
    0x9D94, 0x9D94, 0x8CF1, 0x9D95, 0x9DB5, 0x9D95, 0x9533, 0x9533, 0x9D74, 0xB5D5, 0x9573, 0x9553,
    0x9574, 0x9553, 0x9532, 0x9D94, 0x9D94, 0x9D95, 0x9574, 0x8CF2, 0x8CD2, 0x9D73, 0x9D95, 0x9DB5,
    0x9DB5, 0x9DB5, 0x9D74, 0x9D95, 0x9DB5, 0x9D94, 0xBE37, 0x9574, 0xA5B5, 0x9D95, 0x9DB5, 0x9594,
    0x9DD6, 0x9553, 0x9553, 0x9553, 0x9533, 0xB5B5, 0x9DB5, 0xA5D6, 0x9DB5, 0x9DB5, 0xA5D6, 0x9D95,
    0x9DB5, 0xA5D6, 0x9DB5, 0x84F2, 0x9595, 0x9DB5, 0x9DB6, 0x9DB6, 0x9DB5, 0x9DD6, 0x9DB5, 0x9D95,
    0x9DB5, 0x9574, 0xB594, 0x9553, 0x9D94, 0x9D95, 0x9DB5, 0x9D95, 0x9DD6, 0x9DB6, 0x9D94, 0x9DB5,
    0x9574, 0xBE37, 0x9D95, 0x9594, 0x9D95, 0x9D95, 0x9DB5, 0xA5D6, 0x9D94, 0x9574, 0x9D74, 0x9533,
    0x9554, 0x9DB5, 0x9DD5, 0x9DB5, 0x9553, 0x9553, 0x9D95, 0x9553, 0x9D94, 0x9D95, 0xAD94, 0x9594,
    0x9574, 0x9DB5, 0x9574, 0x9574, 0x9574, 0x9D94, 0x9574, 0x9D94, 0x9D94, 0xB5D5, 0x9D95, 0x9DD5,
    0x9D95, 0x9DB5, 0x9DB5, 0x9DB5, 0x9DB5, 0xA5D5, 0x9DB5, 0x7C91, 0x84B1, 0x9D95, 0x9DD6, 0x9DD6,
    0x9DB5, 0x9D95, 0x9DB5, 0x9DB5, 0x9DB6, 0x9D94, 0xAD94, 0x9DB5, 0x9574, 0x9DB5, 0x9532, 0x9DB6,
    0x9D95, 0x9DB5, 0x9D74, 0x9574, 0xA5B5, 0xB5B5, 0x9D74, 0x9553, 0x9D95, 0x9D95, 0x9553, 0x9533,
    0x9D95, 0x9DB5, 0x9DB5, 0x8CF2, 0x84D1, 0x9D74, 0x9D95, 0x9DD5, 0x9DB6, 0x9DB5, 0x9D95, 0x9DB5,
    0x9574, 0x9553, 0xBDF6, 0x9D94, 0x9DB5, 0x9DB5, 0x9595, 0x9D94, 0x9DD6, 0x9DB5, 0x9D94, 0x9DB5,
    0x9553, 0xAD94, 0x9DB5, 0x9DB5, 0x9DB5, 0x9DB5, 0x9DD6, 0x9DB5, 0x9DB5, 0x9DB5, 0x9DB6, 0x8D33,
    0x9554, 0x9D95, 0x9D95, 0x9DB5, 0x9D95, 0x9DB5, 0x9DB5, 0x9DB5, 0x9DD6, 0x9574, 0xB5D5, 0x9D94,
    0x9D94, 0x9554, 0x9D74, 0x9DB5, 0x9DB6, 0x9D94, 0x9D74, 0x9DB5, 0x9DB5, 0xBDF6, 0x9553, 0x9595,
    0x9553, 0x9574, 0x9594, 0xA5D5, 0x9D94, 0x9DB5, 0x9D94, 0x8491, 0x9574, 0x9DB5, 0x9DD5, 0x9574,
    0x9553, 0x9574, 0x9573, 0x9573, 0x9D94, 0xA5B5, 0xB5B5, 0x9533, 0x9574, 0x9553, 0x9553, 0x9553,
    0x9554, 0x9574, 0x9574, 0x9D95, 0x9D74, 0xBDF6, 0x9DB5, 0x9DB5, 0x9DB5, 0x9D95, 0x9D95, 0x9DB5,
    0x9D94, 0x9D95, 0x9DB5, 0x84D1, 0x84B1, 0x9574, 0x9DD6, 0x9DD6, 0x9DB5, 0x9DB5, 0x9D95, 0x9DB5,
    0x9DB5, 0x9D74, 0xAD73, 0x9573, 0x9D94, 0x8D12, 0x9532, 0x9DB5, 0x9DB5, 0x9D95, 0x9553, 0x9D94,
    0xA5D5, 0xAD94, 0x9553, 0x9574, 0x9553, 0x9595, 0x9512, 0x8CF1, 0x9DB5, 0x9D95, 0x9D95, 0x8D12,
    0x8491, 0x9D94, 0x9DB5, 0x9DB5, 0x9DB5, 0x9DB5, 0x9D94, 0x9DB5, 0x9DB5, 0xA5B5, 0xBDF6, 0x9D94,
    0x9DB5, 0x9D95, 0x9D95, 0x9DB5, 0x9DD6, 0xA5B5, 0x9DB5, 0x9DB5, 0x9D74, 0xB5D5, 0x9DB5, 0x9DB5,
    0x9DB5, 0x9574, 0x9DB5, 0x9DB5, 0x9D95, 0x9DB5, 0x9594, 0x8D33, 0x9574, 0x9574, 0x9595, 0x9D95,
    0x9D95, 0x9594, 0x9D95, 0x9D95, 0x9DB5, 0x9D94, 0xB5B5, 0x9574, 0x9D95, 0x9553, 0x9553, 0x9573,
    0x9DB5, 0x9574, 0x9553, 0x9D95, 0x9D95, 0xB5D5, 0x8D12, 0x9532, 0x9553, 0x9574, 0x9D95, 0x9D94,
    0x9DB5, 0x9DB5, 0x9D94, 0x8CF2, 0x8D53, 0x9DB4, 0xA5B5, 0x9574, 0x9532, 0x9574, 0x9533, 0x9533,
    0x9D95, 0x9DB5, 0xAD95, 0x9574, 0x9574, 0x9574, 0x9574, 0x9574, 0x9553, 0x9D74, 0x9574, 0x9DB5,
    0x9533, 0xB5B5, 0x9573, 0x9D74, 0x9D95, 0x9574, 0x9D95, 0x9D94, 0x9574, 0x9574, 0x9DB5, 0x8CF2,
    0x7C91, 0x9D95, 0x9DB5, 0x9DB5, 0x9DB5, 0x9D94, 0x9D94, 0x9DB5, 0x9DB5, 0x9D94, 0xA512, 0x9532,
    0x9574, 0x9533, 0x8CF1, 0x9554, 0x9D94, 0x9574, 0x9553, 0x9D94, 0x9573, 0xAD53, 0x9D73, 0x9D94,
    0x9D94, 0x9574, 0x9553, 0x9533, 0x9DB5, 0x9D94, 0x9DB5, 0x8512, 0x8CD2, 0x9D74, 0x9D95, 0x9DB5,
    0x9DB5, 0x9DB5, 0x9594, 0x9594, 0x9DB5, 0xA5B5, 0xB5D5, 0x9D94, 0x9D94, 0x9574, 0x9DB5, 0x9D95,
    0x9DD6, 0x9D74, 0x9DB5, 0x9DB5, 0x9574, 0xB5D5, 0x9DD6, 0x9DB5, 0x9D94, 0x9554, 0x9D94, 0x9594,
    0x9D94, 0x9574, 0x9DB5, 0x8D33, 0x9554, 0x9D95, 0x9D95, 0x9DB5, 0x9D95, 0x9594, 0x9DB5, 0x9DB5,
    0x9DB5, 0x9D95, 0xB5B5, 0x9553, 0x9574, 0x9553, 0x9553, 0x9574, 0x9594, 0x9533, 0x8CF1, 0x9553,
    0xADF6, 0xB5D5, 0x8D11, 0x8D32, 0x9573, 0x9574, 0x9DB5, 0x9D74, 0x9D94, 0xA5D5, 0xA5D5, 0x8CF2,
    0x9533, 0xA5D5, 0xA5B5, 0x9553, 0x9553, 0x9533, 0x9553, 0x9553, 0x9D95, 0x9DB5, 0xAD74, 0x9553,
    0x9574, 0x9D95, 0x9D74, 0x9D95, 0x9573, 0x9573, 0x9574, 0x9DB5, 0x9553, 0xBE16, 0x9574, 0x9D95,
    0x9D95, 0x9574, 0x9D95, 0x9574, 0x9574, 0x9574, 0x9D94, 0x84D1, 0x84B1, 0x9574, 0x9DB5, 0x9DD6,
    0x9DB5, 0x9D95, 0x9D94, 0x9D95, 0x9DB5, 0x9DB5, 0xA553, 0x9D94, 0x9574, 0x9D74, 0x9512, 0x9D95,
    0x9D94, 0x9574, 0x9553, 0x9D94, 0x9D94, 0xB5D6, 0x9D94, 0x9D94, 0x9DB5, 0x9D95, 0x9574, 0x8D12,
    0x9532, 0x9553, 0x9D94, 0x8D33, 0x84B1, 0x9D74, 0x9D74, 0x9DB5, 0x9DB5, 0x9D94, 0x9D94, 0x9D95,
    0xA5F6, 0xA5D5, 0xBE17, 0x9D74, 0x9D94, 0x9D94, 0xA5D6, 0x9DD6, 0x9DB5, 0x9553, 0x9DB5, 0xA5D6,
    0x9D94, 0xB5D5, 0xA5D5, 0xA5D6, 0xA5D5, 0x9D94, 0x9D95, 0x9594, 0x9D94, 0x9D95, 0x9DB5, 0x8D54,
    0x6BEE, 0x6C0F, 0x7C50, 0x7C4F, 0x7C50, 0x742F, 0x742F, 0x742F, 0x740E, 0x7C4F, 0xB5B5, 0x740E,
    0x742F, 0x6BEE, 0x6BCD, 0x740E, 0x6BEE, 0x63AC, 0x6BAC, 0x740D, 0x6BCD, 0x9D12, 0x5B2A, 0x6BAC,
    0x6BED, 0x6BAC, 0x73ED, 0x638C, 0x6BCD, 0x6BEE, 0x6BCD, 0x7C2F, 0x7C70, 0x742F, 0x73EE, 0x73ED,
    0x73ED, 0x6BED, 0x6BAC, 0x73ED, 0x6BAD, 0x740E, 0xAD53, 0x6BCD, 0x7C4F, 0x740E, 0x6BAD, 0x6BCD,
    0x6BEE, 0x6BEE, 0x6BCD, 0x6BEE, 0x7C4F, 0xAD73, 0x73EE, 0x740E, 0x742F, 0x6BEE, 0x636B, 0x7C4F,
    0x740F, 0x740F, 0x6BCD, 0x6B8D, 0x73CD, 0x6BCD, 0x742F, 0x744F, 0x7C70, 0x740F, 0x744F, 0x6BEE,
    0x744F, 0x740E, 0x9CF1, 0x742E, 0x6BCD, 0x740E, 0x638C, 0x6BCD, 0x7C4F, 0x742F, 0x73EE, 0x6BED,
    0x6C0E, 0xB5B5, 0x73ED, 0x742F, 0x740F, 0x742E, 0x6BAD, 0x73ED, 0x5B6C, 0x742F, 0x742F, 0x6BEE,
    0x6BCE, 0x6BEE, 0x7C4F, 0x6BEE, 0x7C2F, 0x73EE, 0x742F, 0x6BCD, 0x7C4F, 0x7C2F, 0x9D12, 0x740E,
    0x744F, 0x7C2F, 0x742F, 0x740E, 0x744F, 0x73EE, 0x742F, 0x6C0E, 0x740E, 0xB5D4, 0x8470, 0x7C70,
    0x744F, 0x740E, 0x742F, 0x6C0E, 0x6BEE, 0x7C4F, 0x742F, 0x742F, 0x9DD6, 0xAE38, 0xAE37, 0xAE58,
    0xAE38, 0xB658, 0xB658, 0xAE58, 0xAE17, 0xA617, 0xAD94, 0xAE16, 0xA616, 0x9DD5, 0xAE16, 0xAE37,
    0xA617, 0xAE37, 0xAE17, 0xA5D5, 0xA5B5, 0xA573, 0xA594, 0xA594, 0x9D73, 0xA5D5, 0x9D94, 0xA5F6,
    0xA5D5, 0x9DB5, 0x9DB4, 0x8470, 0x9D74, 0xA5F6, 0xAE37, 0xAE16, 0xA5D5, 0xA5F6, 0xA5F6, 0xADD5,
    0xA5B4, 0xA5B4, 0xB5D6, 0xA5D5, 0xA617, 0xAE37, 0xAE17, 0xAE17, 0xAE37, 0xAE17, 0xA5F6, 0xA5D5,
    0xA5B5, 0xB5D6, 0xA5F6, 0xAE37, 0xAE37, 0xA5F6, 0xAE37, 0xA616, 0xB658, 0xA5F6, 0xA5D6, 0x8CD2,
    0x8CF2, 0xAE16, 0xA617, 0xAE38, 0xAE38, 0xAE58, 0xAE37, 0xAE37, 0xAE37, 0xA5F6, 0xB5D5, 0xA5F6,
    0x9DD5, 0xADF6, 0xADD5, 0xAE16, 0xAE37, 0xAE17, 0xA5F6, 0xAE16, 0xAE17, 0xB5F5, 0xA5D5, 0xAE38,
    0xB658, 0xAE37, 0xA5D6, 0xA5F6, 0xAE37, 0xA616, 0xA5F6, 0x8D33, 0x8D13, 0xAE17, 0xAE17, 0xAE37,
    0xB658, 0xAE37, 0xAE38, 0xAE17, 0xAE37, 0xAE16, 0xB5B5, 0x9D94, 0xB658, 0xAE58, 0xAE38, 0xAE37,
    0xAE37, 0xAE16, 0xA5D6, 0xAE37, 0xA5F6, 0xBE16, 0xA616, 0xAE58, 0xAE58, 0xAE37, 0xAE37, 0xAE17,
    0xAE38, 0xAE38, 0xAE17, 0x9554, 0x9D95, 0x9DB5, 0x9DB5, 0xA5D6, 0xA5D6, 0x9DD5, 0x9DD5, 0x9DD6,
    0x9DD5, 0x9DB5, 0xB5B5, 0x9532, 0x9DB5, 0x9D94, 0x9553, 0x9D74, 0x9DB5, 0x9D94, 0x9DB5, 0x9D94,
    0x9553, 0xAD94, 0x9512, 0x9553, 0x8CD1, 0x9553, 0x8CF1, 0x9553, 0x9553, 0x9553, 0x9553, 0x84B1,
    0x8CF1, 0x9D94, 0xA5B5, 0x9DB5, 0x9574, 0x9D74, 0x9D74, 0x9553, 0x9D94, 0x9512, 0xB5B5, 0x9553,
    0x9D74, 0x9DB5, 0x9553, 0x9574, 0x9DB5, 0x9553, 0x9553, 0x9553, 0x8CF1, 0xBE16, 0x9DB5, 0x9DB5,
    0x9DB5, 0x9DB5, 0x9DB5, 0x9574, 0x9D95, 0x9D74, 0xA5B5, 0x84B1, 0x84D1, 0x9553, 0xA5D6, 0x9DB5,
    0x9D95, 0x9D95, 0x9DB5, 0x9D94, 0x9DB5, 0x9DB5, 0xB5D5, 0x9574, 0x9DB5, 0x9532, 0x9D53, 0xA5D5,
    0xA5D5, 0x9D94, 0xA5B5, 0x9DB4, 0xADF6, 0xAD74, 0x9D53, 0xA5D5, 0xA5D5, 0x9D74, 0x9D94, 0x9553,
    0x9D94, 0x9DB5, 0x9574, 0x9553, 0x84D2, 0x9D95, 0x9DB5, 0xA5D5, 0xA5D6, 0x9DB5, 0x9DB5, 0xA5D6,
    0x9574, 0x9D94, 0xB5D5, 0x9553, 0x9DB5, 0x9D95, 0x9D95, 0x9DB5, 0x9DB5, 0x9D74, 0x9574, 0x9DB5,
    0x9573, 0xBE16, 0x9D94, 0xA5D5, 0x9DB5, 0x9D94, 0x9D94, 0x9DB5, 0x9D95, 0x9DB5, 0x9DD6, 0x8D34,
    0x9595, 0x9DB5, 0x9DD5, 0xA5D6, 0xA5D6, 0x9DB5, 0x9DB5, 0x9DD6, 0x9DB5, 0x9DB5, 0xB5B5, 0x9553,
    0x9DB5, 0x9D74, 0x9553, 0x9D95, 0x9DB5, 0x9D94, 0x9D94, 0xA5D5, 0x9D74, 0xB5D5, 0x8CF1, 0x9532,
    0x8CD0, 0x8CD1, 0x9D74, 0x9DB5, 0x9D94, 0x9DB5, 0x9553, 0x8490, 0x8D32, 0x9DB5, 0xA5B5, 0xA5B5,
    0x9D94, 0x9553, 0x9DB5, 0x9D94, 0x9DB5, 0x9532, 0xB5D5, 0x9DB5, 0x9D95, 0x9D95, 0x9DB5, 0x9D94,
    0x9D95, 0x9574, 0x9553, 0x9D95, 0x8D12, 0xC657, 0x9D94, 0x9D95, 0x9574, 0xA5B5, 0x9D74, 0x9574,
    0x9D74, 0xA5D5, 0xA5B5, 0x9513, 0x7C90, 0x9573, 0x9DD6, 0x9DB5, 0x9DB5, 0x9DB5, 0x9DB5, 0x9D95,
    0xA5B5, 0xA5D6, 0xBDF6, 0x9595, 0x9D94, 0x9D74, 0x9D52, 0x9DD5, 0x9DB5, 0xA5D6, 0x9D95, 0x9DB4,
    0xA5F6, 0xAD94, 0x9532, 0x9DB5, 0x9D95, 0x9DB5, 0x9D94, 0x9573, 0x9D94, 0x9D95, 0x9DB6, 0x9533,
    0x8D13, 0x9DB5, 0x9DB5, 0x9DB5, 0xA5D6, 0x9DB5, 0x9DB5, 0x9DD5, 0x9DB5, 0x9553, 0xB5D6, 0x9DB5,
    0x9DB5, 0x9DB5, 0x9DB5, 0x9DB5, 0x9DB5, 0x9D95, 0x9DB5, 0x9DB5, 0x9D74, 0xBE16, 0x9D94, 0x9DB5,
    0x9DB5, 0x9D94, 0x9DB5, 0x9D94, 0x9DB5, 0x9D94, 0xA5D6, 0x9574, 0x9DB6, 0x9D95, 0x9DD5, 0x9DB5,
    0x9DB5, 0x9DB6, 0x9DB5, 0x9DB5, 0x9DB5, 0x9DB5, 0xAD54, 0x9533, 0x9D94, 0x9D95, 0x9574, 0x9DB5,
    0x9DB5, 0x9D95, 0x9DB5, 0xA5D5, 0x9D74, 0xB5D5, 0x8D11, 0x8D12, 0x9512, 0x8CF1, 0x9532, 0x9DB5,
    0x9D74, 0x9DB5, 0x9D95, 0x8CB1, 0x9554, 0x9D95, 0x9DB5, 0x9DB5, 0x9DB5, 0x9D94, 0x9DB5, 0x9D95,
    0x9DB5, 0xA5B5, 0xBDF6, 0x9DB5, 0x9DB5, 0x9D95, 0x9574, 0x9D95, 0x9D95, 0x9574, 0x9533, 0x9D95,
    0x9553, 0xBE16, 0x9DB5, 0x9D95, 0x9DB5, 0xA5B5, 0x9D94, 0x9D74, 0x9DB5, 0x9D94, 0xA5B5, 0x84D1,
    0x84B1, 0x9DB5, 0x9DB5, 0x9DB5, 0x9DB6, 0x9DB5, 0x9DB5, 0x9DB5, 0x9D95, 0xA5D6, 0xB5B5, 0xA5D5,
    0x9552, 0x9DB5, 0x9553, 0x9DB5, 0x9DD6, 0x9DB5, 0x9D94, 0x9D94, 0xADF6, 0xB5D5, 0x9511, 0x9DB5,
    0x9DB5, 0x9DB5, 0x9D94, 0x9D74, 0x9594, 0x9DB5, 0x9DB5, 0x9553, 0x8D13, 0x9D74, 0x9DB5, 0x9DB5,
    0xA5D6, 0x9DB5, 0x9DB5, 0x9DB5, 0x9DB5, 0xA5D6, 0xB5B5, 0x9DB5, 0x9DB5, 0xA5D6, 0x9DD6, 0x9DB5,
    0x9DB5, 0x9D95, 0x9DB5, 0x9DB6, 0x9DB5, 0xBE16, 0x9D94, 0xA5B5, 0x9D94, 0x9D95, 0x9DB5, 0x9D95,
    0x9D95, 0x9D95, 0xA5D6, 0x9554, 0x9575, 0x9DB5, 0x9DB5, 0x9DB5, 0x9DB5, 0x9DB5, 0x9DB5, 0x9D95,
    0x9D94, 0xA5D5, 0xAD94, 0x9532, 0x9D94, 0x9D95, 0x9D94, 0x9DB5, 0x9DB5, 0x9553, 0x9D95, 0x9DB5,
    0x9D95, 0xBDF5, 0x9553, 0x9533, 0x8CF2, 0x8CD1, 0x9574, 0x9D94, 0x9553, 0x9D94, 0x9DB5, 0x94F2,
    0x9533, 0x9D95, 0x9DB5, 0x9DB5, 0x9DB5, 0x9D74, 0x9DB5, 0x9DB5, 0x9D95, 0xA5B4, 0xA532, 0x9D95,
    0x9DB5, 0x9D95, 0x9574, 0x9D95, 0x9574, 0x9D74, 0x9574, 0x9D95, 0x9D74, 0xBE16, 0x9DB5, 0x9DB5,
    0x9DB5, 0x9DB5, 0x9D74, 0x9D74, 0x9D94, 0x9D74, 0x9D94, 0x8CF2, 0x7C70, 0x9DB5, 0x9D95, 0x9DB5,
    0x9DB5, 0x9DB5, 0x9DB5, 0x9DB5, 0x9DB5, 0x9DB5, 0xAD94, 0x9D95, 0x9D73, 0x9D94, 0x9D74, 0xA5B5,
    0x9DB5, 0x9DB5, 0x9D94, 0xA5B5, 0xB617, 0xAD94, 0x9D74, 0x9DD5, 0x9D94, 0x9DB5, 0x9D95, 0x9DB5,
    0x9DB5, 0x9D95, 0x9DB5, 0x9D74, 0x84F2, 0x9D74, 0x9D95, 0x9DB6, 0x9DB5, 0x9DB5, 0x9DB5, 0x9DB5,
    0x9DB5, 0x9D94, 0xBDF6, 0x9DB5, 0x9DB5, 0x9DB5, 0x9DB6, 0x9D95, 0x9DB5, 0x9DB5, 0x9DB5, 0x9DD6,
    0x9DB5, 0xAD74, 0x9D94, 0x9DB5, 0x9DB5, 0x9DB5, 0x9DB5, 0x9D95, 0x9DB5, 0x9D95, 0x9DB5, 0x9554,
    0x9574, 0x9DB5, 0x9D95, 0x9595, 0x9DD5, 0x9DB5, 0x9D95, 0x8D11, 0x9D74, 0x9D73, 0xAD73, 0x9532,
    0x9574, 0x9D95, 0x9DB5, 0x9DB5, 0x9DB5, 0x9DD5, 0x9DB5, 0x9DB5, 0x9D95, 0xAD94, 0x9574, 0x9553,
    0x9553, 0x9533, 0x9D74, 0x9594, 0x9553, 0x9574, 0x9D94, 0x9533, 0x8D12, 0x9574, 0x9DB5, 0x9DB5,
    0x9DB5, 0x9D94, 0x9DB5, 0x9DB6, 0x9DB6, 0x9D73, 0xAD73, 0x9553, 0x9DB5, 0x9DB5, 0x9D95, 0x9D95,
    0x9DB5, 0x9553, 0x9574, 0x9DB5, 0x9574, 0xBE16, 0x9DB5, 0x9D95, 0x9D95, 0x9DB5, 0x9DB5, 0x9553,
    0x9553, 0x9D94, 0x9D94, 0x7C90, 0x7C6F, 0x9DB5, 0x9DB5, 0x9D94, 0x9DB5, 0x9D95, 0x9DB5, 0x9DB5,
    0x9D95, 0x9DB5, 0xB594, 0x9DB5, 0xA5D5, 0x9D74, 0x9532, 0xA5D5, 0x9DB5, 0x9DB5, 0x9D95, 0xA5D6,
    0x9DB5, 0xAD74, 0x9552, 0x9DB5, 0x9DB5, 0x9DB5, 0x9D95, 0x9DB5, 0x9D95, 0x9553, 0x9D95, 0x84D1,
    0x8491, 0x9D94, 0x9DB5, 0x9DB5, 0x9DB5, 0x9DB5, 0xA5D6, 0x9DB5, 0x9DB5, 0x9D73, 0xAD74, 0x9574,
    0x9DB5, 0x9DD6, 0x9D95, 0x9DD6, 0x9DD6, 0x9D95, 0x9D95, 0x9DB5, 0x9D94, 0xB5B5, 0x9D95, 0x9DB5,
    0x9574, 0x9DB5, 0x9D94, 0x9D94, 0x9595, 0x9DB5, 0x9DB5, 0x8D33, 0x8D54, 0x9594, 0x9D95, 0x9DB5,
    0x9DB5, 0x9DB5, 0x9DB5, 0x9DB5, 0x8D12, 0x9532, 0xAD53, 0x8D32, 0x9554, 0x9D74, 0x9D94, 0x9D94,
    0x9DD6, 0x9DD6, 0x9D74, 0x9DB5, 0x9DB5, 0xB5D5, 0x9554, 0x9574, 0x9532, 0x9512, 0x9D94, 0x9DB5,
    0x9D74, 0x9DB5, 0x9D95, 0x8CD1, 0x8D33, 0x9DB5, 0x9D94, 0x9D95, 0x9D95, 0x9D94, 0x9DB5, 0x9DB5,
    0x9DD6, 0x9D73, 0xA532, 0x9D94, 0x9D94, 0x9DB5, 0x9DB5, 0x9D95, 0x9DB6, 0x9553, 0x9574, 0x9D95,
    0x9D74, 0xBE17, 0x9DB5, 0x9DB5, 0x9D74, 0x9573, 0x9D94, 0x9553, 0x9574, 0x9553, 0x9553, 0x84B1,
    0x8490, 0x9DB5, 0x9DB5, 0x9D94, 0x9DB5, 0x9DB5, 0x9DB5, 0x9DB5, 0x9594, 0x9D74, 0xB5B5, 0x9DD5,
    0x9DB5, 0xA5B5, 0x9D94, 0x9DB6, 0x9DB5, 0x9D95, 0x9DB5, 0x9D95, 0xA5B5, 0xB5B5, 0x9D73, 0x9DB5,
    0x9D95, 0x9DD5, 0x9DB5, 0x9DB5, 0x9DB5, 0x9DB5, 0x9553, 0x8CF1, 0x84B1, 0x9574, 0x9DB5, 0x9DB5,
    0x9594, 0x9DB5, 0x9DB5, 0x9D95, 0x9DB5, 0x9573, 0xADB4, 0x9553, 0x9DB5, 0x9DB5, 0x9DB5, 0x9DB5,
    0x9DB5, 0x9DB5, 0x9D95, 0x9DB5, 0x9574, 0xBE16, 0x9574, 0x9D95, 0x9D94, 0x9DB5, 0x9D94, 0x9DB5,
    0x9D95, 0x9DB5, 0x9DB5, 0x8D33, 0x8D54, 0x9574, 0x9594, 0x9594, 0x8D12, 0x9DB5, 0x9DB5, 0x9D95,
    0x8D12, 0x9DB4, 0xAD74, 0x8D32, 0x9DB5, 0x9DB5, 0x9574, 0x9DB5, 0x9DB5, 0x9DB5, 0x9D94, 0x9DB5,
    0xA5B5, 0xB616, 0x9D95, 0x9553, 0x9D94, 0x8D12, 0x9D95, 0x9DB5, 0x9D94, 0x9574, 0x9DB5, 0x8D12,
    0x8D12, 0x9D74, 0x9D74, 0x9D95, 0x9D95, 0x9595, 0x9DB5, 0x9DB5, 0x9DB5, 0x9D94, 0xAD94, 0x8D12,
    0x9D94, 0x9D95, 0x9D95, 0x9D95, 0x9DB5, 0x9D74, 0x9574, 0x9DB5, 0x9D74, 0xBDF6, 0x9594, 0x9DB5,
    0x9D94, 0x9D94, 0x9553, 0x9D73, 0x9D94, 0x9553, 0x9573, 0x84B0, 0x7C4F, 0x9D94, 0x9D94, 0x9D94,
    0x9D95, 0x9D95, 0x9D94, 0x9D95, 0x9574, 0x9553, 0xAD94, 0x9D95, 0x9DB5, 0xA5B5, 0x9D74, 0x9DB5,
    0x9D94, 0x9DB5, 0x9D94, 0x9DB5, 0xAE17, 0xB5B5, 0x9D94, 0x9DB5, 0x9DB5, 0x9DD5, 0x9DB5, 0x9DB5,
    0x9DB5, 0x9D94, 0x9D74, 0x7C6F, 0x84B1, 0x9D94, 0x9DB5, 0x9D95, 0x9DB5, 0x9574, 0x9DB5, 0x9DB5,
    0x9D95, 0x9D94, 0xA553, 0x9532, 0x9574, 0x9595, 0x9D95, 0x9DB5, 0x9D95, 0x9D95, 0x9D95, 0x9D95,
    0x9D74, 0xAD74, 0x9574, 0x9D95, 0x9D94, 0x9553, 0x9532, 0x9D94, 0x9594, 0x9DB5, 0x9DB5, 0x8D33,
    0x9554, 0x9594, 0x9D94, 0x9533, 0x9553, 0x9D94, 0x9D94, 0x9DB5, 0x9D94, 0x9DB4, 0xAD53, 0x9553,
    0x9DB5, 0x9D95, 0x9D94, 0x9DB5, 0x9DB5, 0x9D94, 0x9D94, 0xA5B5, 0x9DB5, 0xBE17, 0x9DB5, 0x9D94,
    0x9D95, 0x9553, 0x9D74, 0x9DB5, 0x9D95, 0x9532, 0x9DD6, 0x8CD1, 0x8D13, 0x9574, 0x9D74, 0x9574,
    0x9DB5, 0x9594, 0x9D95, 0x9DD5, 0x9DD5, 0x9DB4, 0xA552, 0x9DB5, 0x9DB5, 0x9DB5, 0x9DB5, 0x9DB5,
    0x9D94, 0x9D94, 0x9553, 0x9553, 0x9533, 0xBE16, 0x9D94, 0x9D95, 0x9D95, 0x9574, 0x9553, 0x9533,
    0x9553, 0x9553, 0x9D74, 0x84B0, 0x8CD1, 0x9574, 0x9D94, 0x9573, 0x9D95, 0x9594, 0x9574, 0x9574,
    0x9DB5, 0x9573, 0xA573, 0x9DB5, 0x9D94, 0xA5D6, 0x9DB4, 0xA5B5, 0x9DB5, 0x9DD5, 0x9D94, 0x9D95,
    0xA5D6, 0xADB5, 0x9D94, 0xA5D5, 0xA5B5, 0x9D94, 0x9D74, 0x9DB5, 0x9DB5, 0x9D94, 0x9594, 0x84B0,
    0x84B1, 0x9574, 0x9DB5, 0x9D95, 0x9D95, 0x9DB5, 0x9D95, 0x9DB5, 0x9DD5, 0x9D94, 0xAD94, 0x9594,
    0x9DB5, 0x9D95, 0x9DB5, 0x9DB5, 0x9DB5, 0x9553, 0x9D94, 0x9DB5, 0x9D74, 0xAD94, 0x9D94, 0x9D95,
    0x9594, 0x9553, 0x9553, 0x9553, 0x9594, 0x9DB5, 0x9DB5, 0x8D33, 0x9554, 0x9D95, 0x9595, 0x9553,
    0x8CF1, 0x9533, 0x9D95, 0x9DB5, 0x9D74, 0x9D74, 0xA532, 0x9553, 0x9D95, 0x9D95, 0x9574, 0x9DD5,
    0x9DB5, 0x9D74, 0x9D95, 0x9D73, 0x9D74, 0xB5F6, 0x9D94, 0x9D94, 0x9D94, 0x9553, 0x9D74, 0x9574,
    0x9DB5, 0x9574, 0xA5B5, 0x84D1, 0x8D12, 0x9574, 0x9574, 0x9D95, 0x9DB5, 0x9574, 0x9574, 0x9DB5,
    0xA5B5, 0x9DB5, 0xA532, 0x9DB5, 0xA5D5, 0x9DD6, 0x9DB5, 0x9DB5, 0x9574, 0x9553, 0x9574, 0x9D95,
    0x9533, 0xB5D6, 0x9574, 0x9D94, 0x9DB5, 0x9D95, 0x9532, 0x9553, 0x9D94, 0x9553, 0x9DB5, 0x84B1,
    0x84D1, 0x9D94, 0x9574, 0x9574, 0x9594, 0x9574, 0x9594, 0x9DB5, 0x9D94, 0x9D74, 0xAD53, 0x9DB5,
    0x9D94, 0x9DB5, 0x9D74, 0x9D95, 0x9D95, 0x9DD6, 0x9DB5, 0x9DB4, 0xA5D5, 0xAD94, 0xA5B5, 0xA5B5,
    0xA5D6, 0x9594, 0x9DB5, 0x9573, 0x9DB5, 0x9D95, 0x9553, 0x8CF2, 0x84D2, 0x9574, 0x9D94, 0x9DB5,
    0x9594, 0x9574, 0x9D95, 0x9DB5, 0xA5D5, 0x9D94, 0xAD94, 0x9DB5, 0x9DB5, 0x9DB5, 0x9DB5, 0x9575,
    0x9DB5, 0x9D74, 0x9D74, 0x9D95, 0x9D74, 0xA573, 0x9D74, 0x9594, 0x9D95, 0x9553, 0x9553, 0x9574,
    0x9D94, 0x9DB5, 0xA5D6, 0x9554, 0xA554, 0xA553, 0xAD94, 0xAD73, 0xA532, 0xB594, 0xA532, 0x9D11,
    0xA532, 0xA532, 0xA532, 0x9CF1, 0xAD74, 0xB5B5, 0xB594, 0xB5D5, 0xADB5, 0xAD94, 0xA553, 0xA532,
    0x94D0, 0x9CF1, 0xB5B5, 0xAD53, 0xAD53, 0xB5D5, 0xA573, 0xAD94, 0xA553, 0xA532, 0xA553, 0x94B0,
    0x9D11, 0xA532, 0xAD74, 0xA553, 0xAD94, 0xA553, 0xAD94, 0xAD74, 0xAD74, 0xAD53, 0xA512, 0xAD73,
    0xA553, 0xAD74, 0xAD74, 0xAD94, 0xADB5, 0xAD74, 0xA533, 0xA553, 0x94D1, 0x9CF1, 0xA532, 0xB5D5,
    0xAD53, 0xAD53, 0xAD94, 0xAD74, 0xA553, 0xA533, 0xA513, 0x9CD1, 0xA512, 0x9490, 0xA553, 0xAD53,
    0xAD53, 0xAD53, 0xA533, 0xAD73, 0xAD94, 0xB5B5, 0xA552, 0x9D11, 0xA553, 0xA532, 0xA511, 0xA532,
    0xA532, 0xA532, 0x9CF1, 0xAD53, 0xA512, 0x94AF, 0xB5B4, 0xAD94, 0xAD94, 0xAD94, 0xAD53, 0xB5B4,
    0xA553, 0xAD94, 0xA532, 0xA512, 0x9CD1, 0x9CF1, 0xAD73, 0xAD94, 0xB5D5, 0xB594, 0xB5B5, 0xAD95,
    0xAD53, 0xAD53, 0x9CF1, 0x9CF2, 0xAD73, 0xB5B5, 0xAD94, 0xB5B5, 0xB594, 0xB594, 0xAD74, 0xADB5,
    0xAD73, 0xA532, 0xA553, 0xAD74, 0xAD94, 0xAD73, 0xAD53, 0xAD94, 0xAD94, 0xA533, 0xA554, 0xA553,
    0x9575, 0x9DB5, 0x9DB5, 0x9D74, 0x9DB5, 0x9553, 0x9553, 0xA5B5, 0xAE16, 0x9DB5, 0x9CF1, 0x9573,
    0xA5D5, 0x9D94, 0x9D74, 0xA5B5, 0xA5D6, 0x9DB5, 0xAE17, 0xA5D5, 0x9512, 0xADB4, 0x9D94, 0x9D95,
    0x9D94, 0xA5B5, 0x9553, 0x9DD6, 0x9D94, 0xAE16, 0x9DB5, 0x84D1, 0x84D1, 0x9DB5, 0x9DB5, 0x9DB5,
    0x9DB5, 0x9DB5, 0x9DB5, 0xADF6, 0xB658, 0xB657, 0xAD93, 0x9D94, 0x9DB5, 0x9DB5, 0x9595, 0x9D95,
    0x9D95, 0x9D94, 0xB657, 0xB637, 0x8D32, 0xB5D5, 0x9532, 0x9DB5, 0x9D95, 0x9D74, 0x9553, 0x9D74,
    0xA5B5, 0xB636, 0xBE58, 0x84B1, 0x8CF2, 0x9574, 0x9DD5, 0xA5D6, 0xADF6, 0xA5D6, 0xA5D5, 0xADF6,
    0xADF6, 0xA5F6, 0xB5D5, 0x9D74, 0xAE37, 0xA617, 0x9D94, 0xA5D6, 0x9D94, 0x9D94, 0x9552, 0xA5D5,
    0x9552, 0x9CF0, 0x9D73, 0x9D94, 0x9DB5, 0x9DB5, 0x9D94, 0x9DB5, 0xA5D6, 0xBE78, 0xADF6, 0x8D13,
    0x84B0, 0x9D94, 0x9574, 0x9DB5, 0x9DD5, 0x9DB5, 0x9DB5, 0xA5D6, 0xB637, 0xAE37, 0xB5B5, 0x9D53,
    0x9D95, 0x9D95, 0x9553, 0x9DB6, 0x9DB5, 0x9D94, 0xA5F6, 0xA5F6, 0x9533, 0xB5F5, 0x9D95, 0x9DB5,
    0x9DB5, 0x9574, 0x9553, 0x9DB5, 0x9DD6, 0x9DD6, 0xA5D6, 0x8D34, 0x9595, 0x9DB5, 0x9DB5, 0x9DB5,
    0x9D95, 0x9553, 0x9553, 0x9533, 0x9D94, 0x9D74, 0x94D0, 0x8CD0, 0x9574, 0x9DB5, 0x9D94, 0xA5D6,
    0xA5D6, 0x9DD5, 0x9DB5, 0xA5D5, 0x9553, 0xADD5, 0x9D74, 0x9574, 0x9D95, 0x9512, 0x9D53, 0x9D95,
    0x9D94, 0x9D94, 0x9D94, 0x8CF2, 0x8CF2, 0x9D94, 0x9DB5, 0x9DB5, 0x9D95, 0x9DB5, 0x9DB5, 0xA5D6,
    0xA5D6, 0xA5B4, 0x9CF0, 0x9D94, 0x9D94, 0x9594, 0x9DB5, 0x9DB5, 0x9D95, 0x9DB5, 0x9DB5, 0x9DB5,
    0x9553, 0xB5B5, 0x9512, 0x9DB5, 0x9DB5, 0x9574, 0x9D74, 0x9D94, 0x9D74, 0x9D94, 0xA5D5, 0x84D1,
    0x8D34, 0x9D74, 0x9DB5, 0x9D94, 0x9D94, 0x9DB5, 0x9DB5, 0x9573, 0xA5D5, 0xA5D6, 0xB5B5, 0x9DB5,
    0x9DB5, 0x9DB5, 0x9DB5, 0xA5D5, 0x9DD5, 0x9DB5, 0x9D94, 0x9DB5, 0x9D74, 0x9CF1, 0x8CD0, 0x9DB5,
    0x9DB5, 0x9D95, 0x9DB5, 0x9D95, 0x9D74, 0xA5D6, 0x9DB5, 0x84F2, 0x84B1, 0x9553, 0x9D95, 0x9DB5,
    0xA5D6, 0x9DB5, 0x9DD6, 0x9DD6, 0xA5D6, 0xA5B5, 0xB5D5, 0x9D73, 0x9DB5, 0x9DB5, 0x9DB5, 0x9D95,
    0x9DB5, 0x9D94, 0xA5B5, 0x9D94, 0x9D74, 0xAD94, 0x9D94, 0x9D74, 0x9D95, 0x9D94, 0x9D94, 0x9DB5,
    0x9DB5, 0x9DB5, 0xA5D6, 0x9554, 0x9575, 0x9DB5, 0x9D94, 0x9DB5, 0x9DB5, 0x9532, 0x9533, 0x9553,
    0x9D94, 0x9DB5, 0x94AF, 0x9512, 0x9DB5, 0x9DB5, 0x9D73, 0xA5B5, 0xA5D6, 0xA5D5, 0xA5B5, 0x9DD5,
    0x9573, 0xB5D5, 0x8D12, 0x9553, 0x9532, 0x9533, 0x9553, 0x9D95, 0x9DB5, 0x9D94, 0x9DB5, 0x8CB1,
    0x8CF2, 0x9D95, 0x9DB6, 0x9DB5, 0x9D95, 0x9DB5, 0x9DB5, 0x9DB5, 0xA5D6, 0xA5B5, 0x94D0, 0x9D74,
    0x9D94, 0x9553, 0x9DB5, 0x9DB5, 0x9DB5, 0x9D95, 0x9D94, 0x9DB5, 0x9573, 0xB5D5, 0x9574, 0x9DB5,
    0x9DB5, 0x9574, 0x9574, 0x9D95, 0x9D94, 0x9D74, 0xA5D5, 0x8491, 0x8D33, 0x9D94, 0x9DB5, 0x9D95,
    0x9DB5, 0x9D95, 0x9D94, 0x9D94, 0x9D94, 0xA5B5, 0xB5D5, 0x9DB5, 0x9DB5, 0xA5D6, 0x9DB5, 0xA5B5,
    0x9DB5, 0x9DB5, 0x9553, 0x9DB5, 0xA594, 0xA553, 0x8CD0, 0x9DB5, 0x9574, 0x9D95, 0x9573, 0x9D94,
    0x9D94, 0x9D53, 0x9DB5, 0x8CF2, 0x8CD2, 0x9D74, 0x9D95, 0x9DB5, 0x9DB6, 0x9DD5, 0x9DB5, 0x9DD6,
    0x9DB5, 0xA5B4, 0xB5D6, 0x9574, 0x9DB6, 0x9D95, 0x9DB5, 0x9DB5, 0x9574, 0x8D12, 0x9D53, 0x9D94,
    0x9553, 0xA553, 0x9D95, 0x9D95, 0x9D94, 0x9D94, 0x9553, 0x9DB5, 0x9DD5, 0x9DB5, 0x9DD6, 0x8D54,
    0x8D54, 0x9D94, 0x9DB5, 0x9DB5, 0x9D94, 0x9533, 0x9533, 0x9DB5, 0x9532, 0x9D94, 0xAD73, 0x9532,
    0x9DB5, 0x9DB5, 0x9533, 0xA5D6, 0xA5D6, 0x9DB5, 0x9DB5, 0x9DB5, 0x9D94, 0xB5B5, 0x9553, 0x9D74,
    0x9512, 0x9512, 0x8D12, 0x9DB5, 0x9D95, 0x9D94, 0x9DB5, 0x8CD1, 0x8CF2, 0x9DB5, 0x9DB5, 0x9D95,
    0x9574, 0x9D95, 0x9DB5, 0x9DB5, 0x9DB5, 0xA5B5, 0xA532, 0x9DB4, 0x9DB5, 0x9DB5, 0x9DB5, 0x9DB5,
    0x9DB5, 0x9DB5, 0x9DB5, 0x9DD5, 0x9D95, 0xB5B5, 0x9D74, 0x9D95, 0x9DB5, 0x9D94, 0x9553, 0x9553,
    0x9D95, 0x9D95, 0x9DB5, 0x8CF2, 0x84F2, 0x9D94, 0x9D95, 0x9DD5, 0x9D95, 0x9D95, 0x9D94, 0x9D94,
    0x9DB5, 0xA5D5, 0xB5B4, 0x9D95, 0x9D74, 0xA5D6, 0x9DB5, 0xA5D6, 0x9DD6, 0x9DB5, 0x9553, 0x9D94,
    0xADF6, 0x9D12, 0x9553, 0x9D95, 0x9DB5, 0x9DB5, 0x9DD5, 0x9573, 0x9DB5, 0x9D74, 0x9DB5, 0x8D13,
    0x8CF2, 0x9553, 0x9DB5, 0x9DB5, 0x9DB6, 0x9DB5, 0x9DB6, 0x9DB6, 0x9DD6, 0xA5D5, 0xBE16, 0x9D94,
    0x9D95, 0x9DB5, 0x9574, 0x9D95, 0x9553, 0x9553, 0x9532, 0x9D95, 0x9574, 0xB5D5, 0x9D95, 0x9573,
    0x9574, 0x9D95, 0x9D94, 0x9574, 0x9DB5, 0x9DD6, 0xA5D6, 0x9574, 0x9554, 0x9D95, 0x9DB5, 0x9DB5,
    0x9DB5, 0x8D12, 0x9533, 0x9D94, 0x9D95, 0x9D73, 0xAD73, 0x8D11, 0x9574, 0x9D94, 0x9D73, 0x9DB5,
    0x9DB5, 0xA5D5, 0x9DB5, 0x9DB5, 0x9533, 0xB5D5, 0x9532, 0x9D74, 0x8D12, 0x8CD1, 0x9532, 0x9D95,
    0x9D94, 0x9DB5, 0x9D94, 0x84B1, 0x8CF2, 0x9DB5, 0x9DB5, 0x9DB5, 0x9D95, 0x9DB5, 0x9DB5, 0x9DB5,
    0x9DD6, 0x9DB5, 0x94D0, 0x9D53, 0x9D95, 0x9DB5, 0x9DB5, 0x9D95, 0x9DB5, 0x9DB5, 0x9DB5, 0xA5D5,
    0x9D74, 0xBDF6, 0x9D95, 0x9DB5, 0x9DB5, 0x9DB5, 0x9D95, 0x9574, 0x9D94, 0x9594, 0x9DB5, 0x84D1,
    0x8513, 0x9D94, 0x9594, 0x9DB5, 0x9D95, 0x9D95, 0x9D74, 0x9574, 0x9D94, 0x9DB4, 0xB5B4, 0x9532,
    0x9574, 0x9D94, 0x9D94, 0x9D95, 0x9DB5, 0x9D95, 0x9D94, 0x9D95, 0xA5B5, 0x9D12, 0x9553, 0x9D94,
    0x9D95, 0x9D95, 0x9DB5, 0x9574, 0x9553, 0x9D73, 0x9DB5, 0x8CF2, 0x84B1, 0x9D74, 0x9DB5, 0x9D95,
    0x9DB5, 0x9DB5, 0x9DB5, 0x9DD5, 0xA5D6, 0xA5D5, 0xBE16, 0x9D74, 0x9553, 0x9DB5, 0x9574, 0x9574,
    0x9574, 0x9553, 0x9574, 0x9553, 0x9553, 0xAD94, 0x9DB5, 0x9DB5, 0x9594, 0x9D74, 0x9594, 0x9DB5,
    0x9DB5, 0x9DB5, 0xA5D6, 0x9574, 0x9554, 0x9DB5, 0x9DB5, 0x9DB5, 0x9594, 0x9D94, 0x9D74, 0x9553,
    0x9D94, 0x9DB5, 0xB594, 0x8D12, 0x9D74, 0x9DB5, 0x9553, 0x9D95, 0x9D95, 0x9DB5, 0x9D94, 0x9D95,
    0x9D94, 0xAD74, 0x8CF1, 0x9532, 0x9553, 0x9554, 0x8CF1, 0x9D95, 0x9553, 0x9D95, 0x9DB5, 0x8CF2,
    0x8D12, 0x9DB5, 0x9DB5, 0x9DD6, 0x9D95, 0x9DB5, 0x9DB5, 0x9DB5, 0x9DB5, 0x9DB5, 0x94AF, 0x8CF1,
    0x9D95, 0x9DB5, 0x9DB5, 0x9D95, 0x9DB5, 0x9D95, 0x9DB5, 0x9DB5, 0x9574, 0xBE16, 0x9D74, 0x9DB5,
    0x9DB5, 0x9DB5, 0x9D94, 0x9DB5, 0x9574, 0x9574, 0x9D94, 0x8CF2, 0x84D1, 0x9D94, 0x9574, 0x9D95,
    0x9D94, 0x9D94, 0x9D95, 0x9573, 0x9D94, 0x9574, 0xBDD5, 0x9574, 0x9574, 0x9574, 0x9DB5, 0x9DB5,
    0x9D94, 0x9D95, 0x9D74, 0x9D94, 0x9D95, 0xAD73, 0x9D73, 0x9DB5, 0x9DB5, 0x9DB5, 0x9D95, 0x9532,
    0x9DB5, 0x8D11, 0x9DB5, 0x84F2, 0x84B1, 0x9574, 0x9DB5, 0x9D95, 0x9DB5, 0xA5D6, 0x9DB6, 0xA5D6,
    0x9DD6, 0x9D94, 0xBDF6, 0x9553, 0x9D74, 0x9DB5, 0x9574, 0x9594, 0x9574, 0x9D74, 0x9DB4, 0x9553,
    0x9D94, 0xBE16, 0x9DB5, 0x9D95, 0x9DB5, 0x9D94, 0x9595, 0x9DB5, 0x9D95, 0x9D95, 0x9DD6, 0x8D54,
    0x9574, 0x9595, 0x9DB5, 0x9D94, 0x9D94, 0x9D94, 0x9553, 0x9DB5, 0x9DB5, 0x9D94, 0xB594, 0x9573,
    0x9DB5, 0x9553, 0x9D95, 0x9DB5, 0x9DB5, 0x9D94, 0x9574, 0x9DB5, 0x9D95, 0xB5F6, 0x9553, 0x9574,
    0x8CF2, 0x9532, 0x8CF1, 0x9D74, 0x9533, 0x9D94, 0x9D94, 0x8CD1, 0x8D12, 0x9D94, 0x9D95, 0x9574,
    0x9D94, 0x9DB5, 0x9D94, 0x9DB5, 0x9DB5, 0x9DB5, 0xAD53, 0x8D12, 0x9D95, 0x9DB5, 0x9594, 0x9594,
    0x9DB5, 0x9D95, 0x9DB5, 0x9DB5, 0x9D94, 0xBDF6, 0x9574, 0x9DB5, 0x9D95, 0x9DB5, 0x9DB5, 0x9574,
    0x9595, 0x9D95, 0x9D94, 0x84B1, 0x84B1, 0x9D95, 0x9574, 0x9D95, 0x9D95, 0x9594, 0x9D95, 0x9574,
    0x9D95, 0x9553, 0xBDF6, 0x9574, 0x9554, 0x9574, 0x9D74, 0x9D95, 0x8D12, 0x8D12, 0x9D94, 0x9553,
    0xA5D5, 0xA573, 0x9D94, 0x9DB5, 0x9D95, 0x9D95, 0x9DB5, 0x9D94, 0x9D94, 0x9D74, 0x9553, 0x8512,
    0x84B1, 0x9DB5, 0x9574, 0x9D95, 0x9DB5, 0xA5D6, 0x9DB5, 0x9DB5, 0x9DD5, 0x9D94, 0xBE16, 0x9D94,
    0x9574, 0x9DB5, 0x9574, 0x9553, 0x9DB5, 0x9D95, 0x9DB5, 0x9DB5, 0x9D94, 0xBDF6, 0x9D94, 0x9DB5,
    0x9DB6, 0x9DB5, 0x9D95, 0x9D95, 0x9574, 0x9DB5, 0xA5D6, 0x8D33, 0x9554, 0x9594, 0x9574, 0x9574,
    0x9D95, 0x9553, 0x9553, 0x9DB5, 0x9D94, 0x9D94, 0xB5B5, 0x9553, 0x9553, 0x9553, 0x9532, 0x9532,
    0x9DB5, 0x9D94, 0x9D94, 0x9DB5, 0x9D95, 0xB5F6, 0x8D12, 0x9553, 0x9532, 0x9533, 0x8CD1, 0x9574,
    0x9D74, 0x9553, 0x9594, 0x84B1, 0x8CF2, 0x9D94, 0x9D94, 0x9574, 0x9574, 0x9594, 0x9DB5, 0x9DB5,
    0x9DB5, 0xA5F6, 0xAD73, 0x9553, 0x9D95, 0x9D95, 0x9594, 0x9D95, 0x9DB5, 0x9574, 0x9D94, 0x9D95,
    0x9D94, 0xB5B5, 0x9D74, 0x9D95, 0x9D95, 0x9DB5, 0x9D95, 0x9574, 0x9574, 0x9574, 0x9D95, 0x7C90,
    0x84D1, 0x9D74, 0x9574, 0x9D94, 0x9D94, 0x9594, 0x9574, 0x9594, 0x9D95, 0x9574, 0xAD53, 0x9533,
    0x9D74, 0x9574, 0x9553, 0x9DB5, 0x9D73, 0x9532, 0x9574, 0x9D94, 0x9D94, 0xB5B5, 0x9D93, 0x9DB5,
    0x9DB5, 0x9DB5, 0x9D94, 0x9574, 0x9DB5, 0x8CF1, 0x9DB5, 0x8D33, 0x84F2, 0x9553, 0x9D95, 0x9574,
    0x9D94, 0x9D95, 0x9DB5, 0x9DB6, 0x9DB5, 0x9D74, 0xBE16, 0x9512, 0x9553, 0x9D94, 0x9574, 0x9533,
    0x9574, 0x9D94, 0x9553, 0x9DB5, 0x9DB5, 0xBDF6, 0x9DB5, 0x9DB5, 0x9DB5, 0x9574, 0x9DB5, 0x9D74,
    0x9D74, 0x9D94, 0x9DB5, 0x8D33, 0x9574, 0x9594, 0x9D95, 0x9D94, 0x9D95, 0x9574, 0x9D94, 0x9D95,
    0x9DB4, 0xA5D5, 0xAD94, 0x9533, 0x9574, 0x9553, 0x8D12, 0x9553, 0x8D32, 0x9532, 0x9DB5, 0xA5D5,
    0x9D95, 0xB5F6, 0x8D32, 0x9554, 0x9574, 0x9553, 0x9532, 0x9554, 0x9D95, 0x9553, 0x9553, 0x8CF2,
    0x8D33, 0x9D94, 0x9574, 0x9574, 0x9D94, 0x9D95, 0x9D95, 0x9D95, 0x9DB5, 0xA5D5, 0xA553, 0x9D95,
    0x9DB5, 0x9594, 0x9DB5, 0x9DB5, 0x9DB5, 0x9574, 0x9D95, 0x9D94, 0x9573, 0xB5D6, 0x9D74, 0x9D95,
    0x9D95, 0x9D95, 0x9D95, 0x9D95, 0x9D95, 0x9DB5, 0x9D94, 0x84F2, 0x84B1, 0x9D94, 0x9574, 0x9574,
    0x9D94, 0x9574, 0x9574, 0x9D95, 0x9D94, 0x8D33, 0xAD94, 0x9D94, 0x9532, 0x9574, 0x9573, 0x9D94,
    0x9553, 0x9573, 0x9574, 0x9D94, 0x9D95, 0xB5B5, 0x9D74, 0xA5B5, 0x9DB6, 0x9D95, 0x9DB5, 0x8D53,
    0x9574, 0x8CF1, 0xA5F6, 0x9553, 0x7CB1, 0x9532, 0x9553, 0x9D95, 0x9D94, 0x9DB5, 0x9D95, 0x9D95,
    0x9DB5, 0x9D94, 0xB5F5, 0x9D74, 0x9553, 0x9553, 0x9574, 0x9574, 0x9D95, 0x9D74, 0x9DD5, 0x9DB5,
    0x9DB5, 0xBDF6, 0xA5D5, 0xA5B5, 0x9DD6, 0x9D95, 0x9D95, 0x9533, 0x8CF1, 0x9D94, 0x9594, 0x8D33,
    0x8D13, 0x8D33, 0x9554, 0x9554, 0x8D54, 0x9574, 0x8D33, 0x8D33, 0x8D33, 0x9553, 0xB594, 0x8D12,
    0x9553, 0x9533, 0x84D1, 0x8D12, 0x8D32, 0x8D13, 0x9553, 0x9D74, 0x8D33, 0xB5D5, 0x8D12, 0x9512,
    0x9553, 0x8CF1, 0x8D12, 0x9553, 0x8D33, 0x8CF2, 0x8D12, 0x8CF2, 0x8D13, 0x9533, 0x8D33, 0x9574,
    0x9553, 0x9554, 0x9574, 0x9574, 0x9574, 0x9594, 0xAD53, 0x8D12, 0x9574, 0x9D95, 0x9554, 0x9574,
    0x9554, 0x9554, 0x9533, 0x9553, 0x8D12, 0xB5B5, 0x8D12, 0x9554, 0x9574, 0x9554, 0x9553, 0x8D54,
    0x9553, 0x9574, 0x8D33, 0x84D1, 0x84B1, 0x8D13, 0x9554, 0x9554, 0x8D53, 0x9574, 0x8D33, 0x9533,
    0x8D12, 0x8CF2, 0xAD53, 0x9553, 0x8D12, 0x9553, 0x84D1, 0x84F1, 0x8D33, 0x8D12, 0x8CF2, 0x9553,
    0x9D95, 0xAD94, 0x8D11, 0x9D95, 0x9574, 0x9595, 0x9574, 0x8CD1, 0x9574, 0x8CF1, 0x9533, 0x84F2,
    0x7C90, 0x8CF2, 0x8D12, 0x9554, 0x9554, 0x9574, 0x9574, 0x9574, 0x9554, 0x9533, 0xAD53, 0x8D32,
    0x8D13, 0x8D33, 0x8D13, 0x9533, 0x9553, 0x9553, 0x9553, 0x9574, 0x9574, 0xB5D5, 0x9574, 0x9D94,
    0x9D95, 0x9553, 0x9512, 0x8CD0, 0x9512, 0x8D12, 0x9553, 0x9574, 0xBE37, 0xC678, 0xBE37, 0xC658,
    0xC678, 0xBE57, 0xC637, 0xBE17, 0xBE37, 0xC658, 0xB5B5, 0xB5D6, 0xC658, 0xBE37, 0xB5D5, 0xBDF6,
    0xBDF6, 0xC678, 0xBE37, 0xBE37, 0xC678, 0xAD95, 0xBE37, 0xBE16, 0xB5D5, 0xAD94, 0xB5F6, 0xC657,
    0xC678, 0xBE17, 0xBE37, 0xCE78, 0xBE17, 0xB5D5, 0xBE37, 0xBE57, 0xB5F6, 0xBDF6, 0xB5F6, 0xBE37,
    0xB5D5, 0xBE17, 0xA532, 0xB5D5, 0xC658, 0xBE37, 0xC678, 0xCE78, 0xCE99, 0xBE17, 0xBE36, 0xB5D5,
    0xBDF6, 0xB5D5, 0xB5D5, 0xC678, 0xBDF6, 0xCE99, 0xC678, 0xBE17, 0xC658, 0xC658, 0xC658, 0xB5F6,
    0xC658, 0xBE17, 0xBE17, 0xBE38, 0xC678, 0xBE17, 0xBE37, 0xBE16, 0xC637, 0xB5D5, 0xAD74, 0xBDF6,
    0xBE16, 0xB616, 0xC658, 0xCE78, 0xBE37, 0xC658, 0xB5B5, 0xB5F6, 0xC637, 0xB5D5, 0xBDF6, 0xC658,
    0xCEB9, 0xC658, 0xBE17, 0xBDF6, 0xC678, 0xBE16, 0xBE17, 0xC658, 0xBE16, 0xB5D5, 0xB616, 0xBE37,
    0xBE37, 0xC657, 0xBE37, 0xC658, 0xC678, 0xC657, 0xA553, 0xB5F6, 0xBE17, 0xBE17, 0xBDF6, 0xBE16,
    0xBE37, 0xC678, 0xBE37, 0xBE37, 0xBE37, 0xB5B5, 0xBE17, 0xC658, 0xC658, 0xBE16, 0xBE36, 0xBDF5,
    0xBE16, 0xC658, 0xCEB9, 0xC658, 0x8D54, 0x9D95, 0x9DD6, 0x9DB5, 0x9DB5, 0x9D94, 0x9574, 0x9D94,
    0xA5B5, 0xA5D6, 0xBDF6, 0x9553, 0x9D95, 0x9D74, 0x9533, 0x8D11, 0x9DB5, 0x9D95, 0xA5B5, 0xA5F6,
    0x9574, 0xBE37, 0x9532, 0x9553, 0x9553, 0x8CF1, 0x9533, 0x9D74, 0x9574, 0x9DB5, 0x9D94, 0x8CF2,
    0x8CF2, 0x9553, 0x9D94, 0x9D95, 0x9D94, 0x9574, 0x9DB5, 0x9DB5, 0xA5D5, 0xA5F6, 0x9CD0, 0x8CD0,
    0x9D94, 0x9DB5, 0x9D95, 0x9D95, 0x9DB5, 0x9533, 0x9573, 0x9532, 0x8CF1, 0xC617, 0x9D94, 0x9DD6,
    0x9DB5, 0x9DB5, 0x9DD5, 0x9D95, 0xA5D6, 0x9DD6, 0x9DB5, 0x8CF2, 0x8D13, 0x9D95, 0x9DB5, 0xA5B5,
    0x9DD6, 0xA5D5, 0xA5D5, 0x9D73, 0xA5D6, 0x9D94, 0xAD73, 0x9D94, 0x9533, 0x8D12, 0x9553, 0x9574,
    0x9553, 0x9D74, 0x9DB5, 0xA5D6, 0xA5D5, 0xB5B5, 0x9553, 0x9D74, 0xA5D6, 0x9DB6, 0x9DB5, 0x8D12,
    0x9D95, 0x9512, 0x8CD1, 0x8D12, 0x7C90, 0x9511, 0x9574, 0x9D95, 0x9DB5, 0x9DD6, 0xA5D6, 0xA5D6,
    0xA5D6, 0x9DB4, 0xA532, 0x9553, 0x9D74, 0x9D94, 0x9D74, 0x9DB5, 0x9D95, 0x9D94, 0x9DB5, 0x9DB5,
    0x9574, 0xBE16, 0x9DB5, 0x9DB5, 0x9DB5, 0x9D94, 0x9DB5, 0x9553, 0x9DB5, 0xA5D6, 0xA5D6, 0x8D34,
    0x9554, 0x9D95, 0x9DB5, 0x9DB5, 0x9DB5, 0x9D74, 0x9D94, 0x9D94, 0x9DB5, 0xA5F6, 0xBDF6, 0x9D74,
    0x9D74, 0x9D95, 0x9532, 0x9532, 0x9574, 0x9D94, 0x9D95, 0x9D95, 0x9574, 0xBE17, 0x9D74, 0x9D95,
    0x9553, 0x8CF1, 0x9553, 0xA5B5, 0x9D95, 0x9D95, 0x9DB5, 0x84B1, 0x8CF2, 0x9533, 0x9D74, 0x9D95,
    0x9573, 0x9D94, 0x9DB5, 0x9DB5, 0xA5D6, 0xA5D6, 0xA4F1, 0x94F0, 0x9DB5, 0x9DD5, 0x9DB5, 0x9DB5,
    0x9DB5, 0x9D94, 0x9573, 0x9D94, 0x9553, 0xBE16, 0x9573, 0x9DB5, 0x9DB5, 0x9DB5, 0x9DB5, 0x9DB5,
    0xA5D5, 0x9DB5, 0x9D94, 0x8CF2, 0x8D13, 0x9553, 0x9D74, 0x9D74, 0x9DB5, 0xA5D5, 0xA5D5, 0x9594,
    0x9D95, 0x9553, 0xA532, 0x84D1, 0x9512, 0x9553, 0x9512, 0x9553, 0x9D94, 0x9DB5, 0x9553, 0x9D94,
    0x9DB5, 0xAD74, 0x9D74, 0x9D95, 0x9DB6, 0x9DB5, 0x9DB5, 0x9532, 0x9573, 0x9532, 0x9552, 0x8D12,
    0x7C4F, 0x9DB5, 0x9DB5, 0x9DB5, 0xA5D6, 0x9DD6, 0xA5D6, 0xA5D6, 0xA5D6, 0x9DB5, 0xB5B4, 0x9573,
    0x9D74, 0x9D95, 0xA5D6, 0x9D94, 0x9D94, 0x9D95, 0x9DD5, 0x9DD5, 0x9D94, 0xB5D6, 0x9574, 0x9D95,
    0x9DB5, 0x9DB5, 0x9553, 0x9D94, 0x9DB5, 0xA5D5, 0xA5D6, 0x8D33, 0x9554, 0x9DB5, 0x9DB5, 0x9594,
    0x9DB5, 0x9D94, 0x9533, 0x9D94, 0x9DB5, 0xA5D5, 0xAD94, 0x9553, 0x9533, 0x9D94, 0x9532, 0x9532,
    0x9574, 0x9D95, 0x9DB5, 0x9DB5, 0x9D94, 0xBE36, 0x9574, 0x9D95, 0x9553, 0x9533, 0x9533, 0x9D95,
    0x9573, 0x9D95, 0x9DB5, 0x8D12, 0x8D12, 0x9553, 0x9D95, 0x9574, 0x9553, 0x9D95, 0x9DB5, 0x9DB5,
    0xA5D6, 0xA5D6, 0x94D0, 0x9511, 0x9D94, 0x9DB5, 0x9D95, 0x9D95, 0x9DB5, 0x9DB5, 0x9574, 0x9D95,
    0x9553, 0xBE16, 0x9D95, 0x9DB6, 0x9D95, 0x9594, 0x9DB5, 0x9D95, 0x9D95, 0xA5D6, 0xA5D6, 0x8CD2,
    0x9513, 0x9D73, 0x9DB5, 0x9553, 0x9D95, 0x9DB5, 0x9553, 0x9553, 0x9D95, 0x9D73, 0xA553, 0x8CF1,
    0x9532, 0x8D12, 0x9511, 0x9D94, 0x9DB5, 0x9DB5, 0x9DB5, 0x9DB5, 0xADD6, 0xB5D5, 0x9573, 0x9D95,
    0x9DB5, 0x9DB5, 0x9DB5, 0x9532, 0x9D95, 0x9512, 0x9532, 0x8D13, 0x8CF2, 0x9DB5, 0x9DB5, 0x9DB5,
    0xA5D6, 0xA5D6, 0xA5D6, 0x9DD6, 0xA5D6, 0xA5D5, 0xB5F6, 0x9573, 0x9574, 0x9DB5, 0x9D74, 0x9DB5,
    0x9DB5, 0x9D74, 0x9DD5, 0x9DB6, 0x9D95, 0xBE37, 0x9574, 0x9D94, 0x9DB5, 0x9D94, 0x9D94, 0x9D74,
    0x9DB5, 0x9DB5, 0xA5D6, 0x9554, 0x8D54, 0x9574, 0x9D94, 0x9DB5, 0x9553, 0x9594, 0x9594, 0x9DB5,
    0x9DB5, 0xA5D6, 0xBDF6, 0x9574, 0x9553, 0x9DB5, 0x9533, 0x9512, 0x9553, 0x9D94, 0x9D95, 0x9DB4,
    0x9D94, 0xBE16, 0x9574, 0x9574, 0x9D74, 0x9553, 0x9533, 0x9D95, 0x9D94, 0x9D95, 0x9DB5, 0x9533,
    0x8CF2, 0x9553, 0x9574, 0x9574, 0x9574, 0x9574, 0x9D95, 0x9D95, 0x9DD6, 0xA5D5, 0x9CF0, 0x9511,
    0x9D95, 0x9DB5, 0x9DB5, 0x9DB5, 0x9DB6, 0x9D94, 0x9DB5, 0x9DB5, 0x9D74, 0xBDF6, 0x9D95, 0x9D95,
    0x9DB5, 0x9DB5, 0x9D94, 0x9DB5, 0x9DB5, 0x9DB5, 0x9DB5, 0x8CD2, 0x8CF2, 0x9533, 0x9DB5, 0x9553,
    0x9532, 0x9D74, 0x9594, 0x8D12, 0x9D95, 0x9532, 0xAD94, 0x8CD0, 0x9554, 0x9574, 0x9574, 0x9553,
    0x9554, 0x9D95, 0x9D95, 0x9DB6, 0xADF6, 0xB5F6, 0x9574, 0x9D95, 0x9DB5, 0x9DB5, 0x9D94, 0x9532,
    0x9574, 0x9512, 0x9574, 0x84F2, 0x8CF2, 0x9D95, 0x9D95, 0x9D94, 0xA5D6, 0x9DB5, 0x9DD6, 0xA5D6,
    0x9DD6, 0x9DB5, 0xB5F6, 0x9D94, 0x9D95, 0x9D74, 0x9D94, 0x9DB5, 0x9574, 0x9D74, 0x9DB5, 0x9DB5,
    0x9DB5, 0xBE16, 0x9DB5, 0x9DB5, 0x9DB5, 0x9DB5, 0x9573, 0x9573, 0x9DB5, 0x9DD5, 0xA5D6, 0x8D34,
    0x8D33, 0x9DB5, 0x8D32, 0x8D33, 0x9D95, 0x9574, 0x9574, 0x9594, 0x9DB5, 0x9DB5, 0xB595, 0x8CF1,
    0x9574, 0x9553, 0x8CF1, 0x8CF1, 0x9553, 0x9574, 0x9DB5, 0x9D95, 0x9553, 0xBDF6, 0x9553, 0x8CF1,
    0x8D12, 0x8D12, 0x8CD1, 0x9532, 0x9D94, 0x9DB5, 0x9DB5, 0x8CD1, 0x8CF2, 0x9D94, 0x9D94, 0x9553,
    0x9574, 0x9574, 0x9D95, 0x9D95, 0x9DD6, 0xA5D5, 0x94AF, 0x9532, 0x9D95, 0x9DB5, 0x9DB5, 0x9DB5,
    0x9DB5, 0x9D95, 0x9DB5, 0x9595, 0x9D94, 0xBE16, 0x9D74, 0x9594, 0x9D94, 0x9DB5, 0x9D95, 0x9D95,
    0x9DB5, 0x9DB5, 0x9DB5, 0x8CF2, 0x7C90, 0x9512, 0x9533, 0x9533, 0x9533, 0x9532, 0x9D94, 0x8D11,
    0x9D74, 0x9533, 0xB5B5, 0x8CF1, 0x9533, 0x9D95, 0x9553, 0x9533, 0x9553, 0x9574, 0x9D74, 0x9DB5,
    0x9DB5, 0xAD94, 0x9D94, 0x9D95, 0x9595, 0x9DB5, 0x9DB5, 0x9D74, 0x9DB5, 0x9553, 0x9533, 0x84F2,
    0x8CF3, 0x9DD6, 0x9DB5, 0x9DB5, 0xA5B6, 0x9DB5, 0x9DB5, 0x9DB5, 0x9DD5, 0x9D94, 0xBE16, 0x9573,
    0x9D95, 0x9574, 0x9D95, 0x9574, 0x9D94, 0x9574, 0x9D95, 0x9D95, 0x9D95, 0xBDF6, 0x9DB5, 0x9DB5,
    0x9DB6, 0x9D95, 0x9DB5, 0x9D94, 0x9DB5, 0x9DB5, 0xA5D6, 0x8D13, 0x8CF2, 0x9D95, 0x9D95, 0x9595,
    0x9574, 0x8D12, 0x9594, 0x9D94, 0x9D94, 0x9DB5, 0xAD53, 0x9512, 0x9574, 0x8D12, 0x8CF1, 0x8D32,
    0x8D12, 0x9532, 0x9DB5, 0x9574, 0x9553, 0xBDF6, 0x9574, 0x9D74, 0x8D12, 0x8CD0, 0x8CB0, 0x9553,
    0x9D94, 0x9D95, 0x9DB5, 0x8CB1, 0x8D12, 0x9573, 0x9DB5, 0x9D94, 0x9D95, 0x9DB5, 0x9D95, 0x9DB5,
    0x9D95, 0x9D95, 0x94B0, 0x9573, 0x9DB5, 0x9DB5, 0x9DB5, 0x9DB5, 0x9D95, 0x9D95, 0x9D95, 0x9D94,
    0x9D74, 0xBDF5, 0x9D94, 0x9DB5, 0x9574, 0x9D94, 0x9574, 0x9DB5, 0x9DB5, 0x9D74, 0x9DB5, 0x9513,
    0x7C70, 0x9532, 0x9532, 0x9574, 0x9574, 0x9573, 0x9D94, 0x9553, 0x9594, 0x8D12, 0xB5B5, 0x8D32,
    0x9553, 0x9D95, 0x9D95, 0x9553, 0x9D95, 0x9D95, 0x9D94, 0x9D95, 0x9DB5, 0xB5D6, 0x9DB5, 0x9DB5,
    0x9D95, 0x9DB5, 0x9DB5, 0x9553, 0x9DB5, 0x9573, 0x9D94, 0x9533, 0x8CF2, 0x9DB5, 0x9D94, 0x9DB5,
    0x9DB5, 0x9DD6, 0x9DB6, 0x9DB6, 0x9DD5, 0xA5D5, 0xB616, 0x9533, 0x9574, 0x9D74, 0x9D95, 0x9D94,
    0x9D95, 0x9D95, 0x9D95, 0x9DB5, 0x9DB5, 0xBDF6, 0x9D95, 0x9DB5, 0x9DB5, 0x9D94, 0x9D74, 0x9553,
    0x9DD6, 0x9DB5, 0xA5D6, 0x9D95, 0x84B1, 0x9D94, 0x9594, 0x8D32, 0x9553, 0x9573, 0x9574, 0x9553,
    0x9D95, 0x9D94, 0xAD74, 0x9553, 0x9532, 0x9574, 0x8D12, 0x9D74, 0x9574, 0x9533, 0x9553, 0x9574,
    0x9D74, 0xB5B5, 0x9533, 0x8D32, 0x9553, 0x9532, 0x8CF1, 0x9573, 0x9574, 0x9595, 0x9594, 0x8CD2,
    0x8CF2, 0x9532, 0x9D74, 0x9553, 0x9DB5, 0x9D95, 0x9594, 0x9D95, 0x9DB5, 0x9DB5, 0x94AF, 0x9573,
    0x9DB5, 0x9DB5, 0x9D95, 0x9D94, 0x9D95, 0x9574, 0x9D95, 0x9574, 0x9D94, 0xB5B5, 0x9D74, 0x9D94,
    0x9553, 0x9574, 0x9D94, 0x9D94, 0x9DB5, 0x9D94, 0x9DB5, 0x8CD2, 0x8490, 0x9574, 0x9574, 0x9D95,
    0x9D94, 0x9553, 0x9594, 0x9573, 0x9DB5, 0x9532, 0xB5D5, 0x8D12, 0x9574, 0x9D95, 0x9553, 0x8D12,
    0x9574, 0x9573, 0x9D94, 0x9DB5, 0x9DB5, 0xB5F6, 0x9DB5, 0x9DB5, 0x9D95, 0x9DB5, 0x9D94, 0x9533,
    0x9D95, 0x9553, 0x9574, 0x8D33, 0x84D2, 0x9DB5, 0x9D95, 0x9DB5, 0x9DB6, 0x9DB5, 0x9DB5, 0x9594,
    0x9DD6, 0xA5D5, 0xB5F6, 0x9532, 0x9533, 0x9553, 0x9573, 0x9533, 0x9D94, 0x9594, 0x9D95, 0x9594,
    0x9D95, 0xBE37, 0x9D94, 0x9DB5, 0x9DB5, 0x9DB5, 0x9DB5, 0x9D94, 0x9DD6, 0x9DB6, 0x9DB5, 0x9554,
    0x8D13, 0x8D12, 0x9532, 0x9553, 0x9553, 0x9553, 0x9553, 0x9574, 0x9594, 0x9533, 0x9CD1, 0x8D12,
    0x9533, 0x9553, 0x9573, 0x9554, 0x9533, 0x9533, 0x9553, 0x9553, 0x9553, 0xA553, 0x8CD1, 0x8CD1,
    0x8CD1, 0x8CD1, 0x8CD0, 0x8D11, 0x9532, 0x9553, 0x9574, 0x8CF2, 0x8D12, 0x9532, 0x9553, 0x9573,
    0x9D74, 0x9D94, 0x9574, 0x9D94, 0x9D94, 0x9D94, 0x8C6E, 0x9573, 0x9DB5, 0x9595, 0x9594, 0x9DB5,
    0x9DB5, 0x9D94, 0x9D95, 0x9DB5, 0x8D13, 0xB5B4, 0x9553, 0x9574, 0x9532, 0x9553, 0x9D74, 0x9D94,
    0x9DB5, 0x9D94, 0x9DB5, 0x8CF2, 0x8CD1, 0x9D74, 0x9D94, 0x9DB5, 0x9D95, 0x8D32, 0x9574, 0x9553,
    0x9D74, 0x9533, 0xB5B5, 0x9532, 0x9573, 0x9553, 0x9573, 0x9553, 0x9D95, 0x9553, 0x9574, 0x9DB5,
    0x9DB5, 0xB5B5, 0x9D95, 0x9DB5, 0xA5B5, 0xA5D6, 0x9DB5, 0x9553, 0x9D95, 0x9D74, 0x9594, 0x8D33,
    0x8D13, 0x9DB5, 0x9DB5, 0x9D94, 0x9DB5, 0x9595, 0x9574, 0x9D94, 0x9DB5, 0xA5D5, 0xB5D5, 0x8D11,
    0x9574, 0x9553, 0x9573, 0x9553, 0x8D12, 0x9594, 0x9574, 0x9574, 0x9574, 0xB5D5, 0x9DB5, 0x9DB5,
    0x9DB5, 0x9D94, 0x9D94, 0x9553, 0x9DB5, 0x9DB5, 0x9DD6, 0x8D13, 0x8CF2, 0x8CD1, 0x8CF2, 0x9553,
    0x8D33, 0x9553, 0x9553, 0x8D32, 0x9574, 0x9D95, 0xAD73, 0x9553, 0x9553, 0x9554, 0x9553, 0x9553,
    0x9553, 0x9553, 0x9574, 0x9D73, 0x9D74, 0xB5D5, 0x84B0, 0x8CF1, 0x8CD0, 0x8CD1, 0x8CD1, 0x9573,
    0x9553, 0x9D94, 0x9D95, 0x8D12, 0x8D12, 0x9532, 0x8CF1, 0x9D74, 0x9574, 0x9594, 0x9D95, 0x9574,
    0x9DB5, 0x9573, 0x948F, 0x9D74, 0x9DB5, 0x9D95, 0x9D95, 0x9DB5, 0x9574, 0x9574, 0x9574, 0x9D94,
    0x9511, 0xAD73, 0x9532, 0x9574, 0x9532, 0x9512, 0x9553, 0x9574, 0x9D94, 0xA5B6, 0xA5D6, 0x8CF2,
    0x7C90, 0x9553, 0x9574, 0x9D94, 0x9595, 0x9574, 0x8D12, 0x9574, 0x9573, 0x9532, 0xB594, 0x9532,
    0x9533, 0x9574, 0x9D94, 0x9D74, 0x9DB5, 0x9553, 0x9553, 0x9D95, 0xA5B6, 0xB5D6, 0x9DB5, 0x9DB5,
    0xA5D5, 0x9DB5, 0xA5D6, 0x9D95, 0x9DB5, 0x9DB5, 0x9DB5, 0x8D33, 0x84D2, 0xA5D6, 0x9DB5, 0x9DB5,
    0x9DB5, 0x9D94, 0x9DB5, 0x9D94, 0xA5D5, 0x9DB4, 0xAD74, 0x9574, 0x9574, 0x9D94, 0x9574, 0x9554,
    0x9574, 0x9553, 0x9574, 0x9DB5, 0x9D94, 0xB5D6, 0x9DB5, 0x9DB5, 0x9DB5, 0x9D95, 0x9D95, 0x9D94,
    0x9574, 0x9DB5, 0x9DD5, 0x8D13, 0x6BAD, 0x638C, 0x742E, 0x7C2E, 0x7C6F, 0x742F, 0x742F, 0x7C2F,
    0x7C4F, 0x7C70, 0x9CF1, 0x740E, 0x742F, 0x6C0E, 0x740E, 0x6BCD, 0x740E, 0x7C4F, 0x744F, 0x740E,
    0x8470, 0xA554, 0x638C, 0x6BCD, 0x6B8C, 0x6BAC, 0x6B8C, 0x6BCD, 0x7C4F, 0x7C70, 0x7C70, 0x7C4F,
    0x6BCD, 0x634B, 0x846F, 0x740D, 0x7C70, 0x742F, 0x742F, 0x7C70, 0x7C90, 0x84B1, 0xA511, 0x7C4F,
    0x7C90, 0x84B1, 0x84B1, 0x7C50, 0x7C70, 0x744F, 0x744F, 0x7C90, 0x7C2E, 0xA532, 0x740E, 0x6BAC,
    0x742E, 0x742E, 0x6BCD, 0x744F, 0x7C70, 0x7C70, 0x7C50, 0x7C2F, 0x73EE, 0x6BCD, 0x744E, 0x744E,
    0x742E, 0x73ED, 0x740E, 0x638C, 0x73ED, 0x740D, 0xA552, 0x742E, 0x740E, 0x73EE, 0x6BAD, 0x740E,
    0x7C4F, 0x740E, 0x7C4F, 0x7450, 0x7C90, 0xB5B5, 0x7C70, 0x7C70, 0x7C91, 0x7C70, 0x7C70, 0x740E,
    0x84B1, 0x744F, 0x8490, 0x6BEE, 0x6BEE, 0x744F, 0x7C70, 0x744F, 0x7C70, 0x742F, 0x7C50, 0x742F,
    0x7C50, 0x744F, 0xA552, 0x742F, 0x742F, 0x7C2F, 0x7C4F, 0x7C2F, 0x742F, 0x7C50, 0x744F, 0x7C91,
    0x7C90, 0xB5B5, 0x7C91, 0x84B1, 0x7C91, 0x7C70, 0x7C50, 0x73ED, 0x744F, 0x7C4F, 0x7C90, 0x7C70,
    0x9533, 0x9D94, 0xA5F6, 0xA5F6, 0xADF6, 0xAE16, 0xAE17, 0xAE17, 0xAE17, 0x9DB5, 0xAD74, 0xA5B5,
    0xAE37, 0xAE17, 0xA5D6, 0xA5B4, 0xB637, 0xB658, 0xAE17, 0xA5D5, 0x9533, 0xADB5, 0xA5D5, 0x9D73,
    0xA594, 0xADD5, 0x9532, 0xAE16, 0xAE17, 0x9DD6, 0x9DB5, 0x7C90, 0x8CF1, 0xADF6, 0x9D94, 0xA573,
    0xAE17, 0xAE38, 0xB658, 0xAE58, 0xAE58, 0xAE37, 0x9D11, 0xA5D5, 0xB658, 0xAE58, 0xAE38, 0xB658,
    0xB678, 0xAE37, 0xAE17, 0xA5F6, 0xA5D5, 0xB593, 0x9DB5, 0x9D73, 0xADF6, 0xA5F5, 0xA5F5, 0xAE17,
    0xAE37, 0xA617, 0xAE17, 0x9513, 0x8CD2, 0xADF6, 0xA5F6, 0xAE16, 0xA5D5, 0xADF5, 0x9D73, 0x9D93,
    0xA5D6, 0x9D53, 0xB5F5, 0xA5B4, 0x9D74, 0xA5B5, 0xA594, 0xAE16, 0xA616, 0xA5D6, 0xAE17, 0xAE17,
    0xA5F7, 0xB5B5, 0xB637, 0xAE17, 0xB638, 0xAE58, 0xAE37, 0xB658, 0xAE38, 0xAE16, 0xA5D6, 0x9554,
    0x8D13, 0xAE37, 0xAE17, 0xB658, 0xB637, 0xAE37, 0xAE17, 0xAE37, 0xADF7, 0xAE16, 0xA573, 0x9D94,
    0xAE37, 0xA5F6, 0xA5F6, 0xA5D5, 0xAE17, 0xA5F6, 0xAE58, 0xAE38, 0xA617, 0xBDF6, 0xA617, 0xB658,
    0xAE38, 0xAE38, 0xAE37, 0xAE37, 0xAE17, 0xA5F6, 0xAE38, 0x9D95, 0x846F, 0x8D11, 0x9594, 0x9574,
    0x8D32, 0x9D74, 0x9DB5, 0x9D94, 0x9DB5, 0xADF5, 0xA532, 0x8D11, 0x9574, 0x9D94, 0x9574, 0x9532,
    0x9553, 0x9D94, 0x9D74, 0x9512, 0x8CD1, 0xB5D6, 0x8D12, 0x8D12, 0x9533, 0x8CF1, 0x8CF2, 0x9553,
    0x9574, 0x9DB5, 0x9D73, 0x8CF2, 0x8CB1, 0x9512, 0x8CF1, 0x8CF1, 0x9D95, 0x9DB5, 0x9DB5, 0x9DB5,
    0xA5D6, 0xA5B5, 0xA553, 0x9DB5, 0x9DB5, 0x9DB5, 0x9DB5, 0x9DB5, 0xA5D5, 0x9DB5, 0x9DD5, 0xA5D5,
    0x9553, 0xA552, 0x9532, 0x8D11, 0x9D94, 0x9532, 0x9574, 0x9DB5, 0x9DB5, 0xA5D5, 0xA5D5, 0x8D12,
    0x8CD2, 0x9D94, 0x9DB5, 0x9DB5, 0x9DB5, 0x9553, 0x9553, 0x9532, 0x9532, 0x8CF1, 0xB5D5, 0x8D32,
    0x9553, 0x9574, 0x9553, 0x9533, 0x9D95, 0x9553, 0x9D95, 0x9D95, 0xA5D6, 0xB5D6, 0x9553, 0x9DB5,
    0x9DB5, 0x9DB5, 0x9D94, 0x9D94, 0x9D95, 0xA5B4, 0xA5B5, 0x84F2, 0x8CF2, 0x9D74, 0x9DB5, 0x9532,
    0x9D74, 0x9DB5, 0x9DB5, 0x9532, 0x9D74, 0x9552, 0xB5D5, 0x9D94, 0x9D94, 0x9D74, 0x9574, 0x9D94,
    0x9574, 0x9D74, 0x9D94, 0x9D94, 0x9D94, 0xC637, 0x9D95, 0x9D95, 0x9594, 0x9DB5, 0x9DB5, 0x9D74,
    0x9DB5, 0x9D94, 0x9DB5, 0x9534, 0x84D1, 0x9573, 0x9D95, 0x8D12, 0x9573, 0x9D94, 0x9D94, 0x9D94,
    0x9D94, 0xADF6, 0xAD73, 0x8D12, 0x9574, 0x9574, 0x9594, 0x9533, 0x9574, 0x9D94, 0x9573, 0x9511,
    0x8CD1, 0xB5D5, 0x84D0, 0x9533, 0x9553, 0x84D1, 0x8CD0, 0x9533, 0x9532, 0x9D94, 0x9D94, 0x8CD1,
    0x8CF1, 0x8CF0, 0x9D95, 0x9574, 0x9594, 0x9DB6, 0x9DB5, 0x9DB5, 0x9DB5, 0x9DB5, 0xAD94, 0x8D12,
    0x9574, 0x9DB5, 0x9DB5, 0x9D95, 0x9DB5, 0x9DB5, 0x9DB5, 0x9DB5, 0x9553, 0xA511, 0x9511, 0x9532,
    0x9D95, 0x9D74, 0x9D74, 0x9D95, 0x9DB5, 0xA5D6, 0xA5D5, 0x8CF2, 0x84B1, 0x9D74, 0x9DB5, 0x9D95,
    0x9DB5, 0x9574, 0x9553, 0x9574, 0x9D94, 0x8D32, 0xB5D5, 0x9532, 0x9574, 0x9D95, 0x9553, 0x9594,
    0x9D95, 0x9573, 0x9D95, 0x9DB5, 0xA5D6, 0xBDF6, 0x9553, 0x9D95, 0x9D95, 0x9D95, 0x9DB5, 0x9D94,
    0x9D94, 0x9DB4, 0xA5B4, 0x8D13, 0x8D13, 0x9D94, 0x9D74, 0x9D95, 0x9533, 0x9D95, 0x9D95, 0x9D95,
    0x9D73, 0x9573, 0xAD94, 0x9D95, 0x9532, 0x9D74, 0x9573, 0x9574, 0x9D74, 0x9D95, 0x9574, 0x9DB5,
    0x9D94, 0xBDF6, 0x9574, 0x9DB5, 0x9D95, 0x9DB5, 0x9D95, 0x9D95, 0x9554, 0x9D94, 0x9DD6, 0x8D33,
    0x8D13, 0x9574, 0x9D95, 0x9554, 0x9574, 0x9D94, 0x9D95, 0x9DB5, 0x9DB5, 0xA5D5, 0xB5D5, 0x8D32,
    0x8CF1, 0x9D94, 0x9574, 0x9553, 0x9532, 0x9DB5, 0x9574, 0x9512, 0x9553, 0xADB5, 0x9554, 0x8D32,
    0x8CF1, 0x8CD0, 0x8CF1, 0x9553, 0x9533, 0x9DB5, 0x9DB5, 0x8CF2, 0x8CF2, 0x9574, 0x9D95, 0x9D94,
    0x9554, 0x9D95, 0x9DB5, 0x9594, 0x9DB6, 0xA5D6, 0xB5B4, 0x8D32, 0x9D95, 0x9DB5, 0x9D95, 0x9DB5,
    0x9DB5, 0x9D95, 0x9DB5, 0x9DB5, 0x9553, 0x9D11, 0x8CF1, 0x9D73, 0x9DB5, 0x9D94, 0x9D94, 0x9DB5,
    0xA5D5, 0xA5D6, 0xA5B5, 0x94F2, 0x7C91, 0x9D74, 0x9D95, 0x9594, 0x9DB5, 0x9D94, 0x9553, 0x9553,
    0x9DB5, 0x9532, 0xAD94, 0x9553, 0x9574, 0x9D95, 0x9553, 0x9574, 0x9D95, 0x9553, 0x9DB5, 0x9DB5,
    0xA5D6, 0xBDF6, 0x9553, 0x9553, 0x9553, 0x9D95, 0x9D94, 0x9D94, 0x9D95, 0x9D95, 0xA5D5, 0x8D13,
    0x8CF2, 0x9573, 0x9574, 0x9553, 0x9553, 0x9D95, 0x9553, 0x9574, 0x9DB5, 0xA5B5, 0xB5D4, 0x9D94,
    0x9D95, 0x9D74, 0x9512, 0x9553, 0x9533, 0x9D94, 0x9DB5, 0x9DB5, 0x9D95, 0xBDF6, 0x9D94, 0x9D94,
    0x9574, 0x9D94, 0x9574, 0x9D95, 0x9DB5, 0x9D94, 0x9DB6, 0x8D13, 0x84B1, 0x9574, 0x9574, 0x9553,
    0x9574, 0x9574, 0x9553, 0x9DB5, 0x9DB5, 0xADF6, 0xB595, 0x8CF1, 0x9554, 0x9574, 0x9532, 0x8CF1,
    0x8D12, 0x9DB5, 0x9594, 0x9D73, 0x8CF2, 0xB5B4, 0x9553, 0x8D12, 0x9553, 0x9512, 0x8CF1, 0x9553,
    0x9553, 0x9D95, 0x9DB5, 0x8CD2, 0x84D1, 0x8D12, 0x9D95, 0x9574, 0x8CD1, 0x9595, 0x9595, 0x9D95,
    0x9DB5, 0xA5D6, 0xB5B5, 0x9574, 0x9D95, 0x9DB5, 0x9DB5, 0x9DB5, 0x9DB5, 0x9D95, 0x9574, 0x9D95,
    0x9D94, 0xA552, 0x8CD1, 0x9574, 0x9DB5, 0x9D95, 0x9553, 0x9DB5, 0x9DB5, 0xA5D6, 0xA5D5, 0x8CF2,
    0x84B1, 0x9553, 0x9594, 0x9D95, 0x9DB5, 0x9DB5, 0x9D74, 0x9D74, 0x9D94, 0x8D11, 0xB5D5, 0x9533,
    0x9D95, 0x9D95, 0x9533, 0x9D74, 0x9D95, 0x9533, 0x9DB5, 0x9DB5, 0x9DB5, 0xAD74, 0x8D11, 0x9533,
    0x9574, 0x9D94, 0x9574, 0x9595, 0x9D94, 0x9D94, 0x9DB5, 0x8CF2, 0x84D2, 0x9574, 0x9D95, 0x9D94,
    0x9DB5, 0x9553, 0x9D94, 0x9574, 0x9D95, 0x9D95, 0xA553, 0x9574, 0x9D94, 0x9574, 0x9594, 0x9574,
    0x9553, 0x9D94, 0x9DB5, 0x9DB5, 0x9DB5, 0xBDD6, 0x9574, 0x9594, 0x9D95, 0x9553, 0x9532, 0x9D94,
    0x9D74, 0x9D95, 0x9DB5, 0x8D13, 0x8490, 0x9553, 0x9553, 0x9574, 0x9574, 0x9553, 0x9533, 0x9D95,
    0x9D95, 0x9595, 0xB5B5, 0x9573, 0x9533, 0x9D74, 0x9D95, 0x8CD1, 0x8490, 0x9D95, 0x9594, 0x8CF1,
    0x8D12, 0xBDF6, 0x9574, 0x8CF2, 0x9533, 0x9532, 0x8D12, 0x9D94, 0x9D94, 0x9DB5, 0x9DB5, 0x8CD2,
    0x7C90, 0x8D12, 0x9574, 0x9532, 0x9594, 0x9595, 0x9574, 0x9DB5, 0x9DB5, 0x9DB5, 0xB5B5, 0x9553,
    0x9595, 0x9D95, 0x9574, 0x9DB5, 0x9DB5, 0x9D95, 0x9594, 0x9DB5, 0x9533, 0x8C6F, 0x8CF1, 0x9554,
    0x9574, 0x9574, 0x9553, 0x9D95, 0x9DB5, 0x9DB5, 0x9594, 0x8CF2, 0x7C90, 0x9D74, 0x9DB5, 0x9D95,
    0x9DB5, 0x9D95, 0x9D94, 0x9D95, 0x9D95, 0x8CF1, 0xB5B5, 0x8D32, 0x9553, 0x9554, 0x9533, 0x9553,
    0x9D95, 0x9553, 0x9D95, 0x9D95, 0x9575, 0xAD94, 0x84B0, 0x8CF1, 0x9D95, 0x9574, 0x8CD0, 0x848F,
    0x9D95, 0x9D94, 0x9553, 0x84D2, 0x7C70, 0x9D94, 0x9D95, 0x8D12, 0x9574, 0x8CF2, 0x9D74, 0x9574,
    0x9DB5, 0x9D94, 0xAD74, 0x9553, 0x9D74, 0x9D94, 0x9595, 0x9553, 0x9D95, 0x9574, 0x9DB5, 0x9D95,
    0x9574, 0xBDF6, 0x9D74, 0x9574, 0x9594, 0x9532, 0x9533, 0x9D95, 0x9574, 0x9D94, 0x9DB5, 0x8D13,
    0x84B1, 0x9532, 0x9553, 0x8D12, 0x9554, 0x9553, 0x9574, 0x9574, 0x9DB5, 0x9D95, 0xB5B5, 0x9553,
    0x9574, 0x9512, 0x9574, 0x9512, 0x8CF1, 0x9D94, 0x9594, 0x8CF1, 0x9D94, 0xAD95, 0x8CF1, 0x8CD1,
    0x84B0, 0x9574, 0x9574, 0x9574, 0x9573, 0x9DB5, 0x9DB5, 0x9533, 0x8CF2, 0x9D94, 0x9DB5, 0x9553,
    0x9594, 0x9574, 0x9D95, 0x9595, 0x9DB5, 0xA5D6, 0xAD94, 0x9574, 0x9D94, 0x9D95, 0x9594, 0x9574,
    0x9D95, 0x9573, 0x9D95, 0x9D95, 0x9533, 0xAD72, 0x8CF1, 0x9D95, 0x9DB5, 0x9594, 0x9574, 0x9D94,
    0x9594, 0x9DB5, 0x9DB5, 0x7C90, 0x7C90, 0x9553, 0x9D95, 0x9DB5, 0x9DB5, 0x9DB5, 0x9D95, 0x9574,
    0x9D95, 0x9553, 0xBDF6, 0x9553, 0x9D94, 0x9553, 0x9574, 0x9533, 0x9574, 0x9532, 0x9D95, 0x9DB5,
    0xA5B5, 0xB5D5, 0x8D33, 0x9553, 0x9553, 0x9553, 0x9554, 0x9574, 0x9D95, 0x8D32, 0x9573, 0x8D13,
    0x84D1, 0x9D95, 0x9D94, 0x9D95, 0x9574, 0x9533, 0x9553, 0x9553, 0x9D95, 0x9DB5, 0xB5D5, 0x9553,
    0x9D94, 0x9DB5, 0x9574, 0x9574, 0x9574, 0x9574, 0x9D95, 0x9DB5, 0x9D95, 0xB595, 0x9594, 0x9D95,
    0x9574, 0x9553, 0x9553, 0x9574, 0x9D94, 0x9D94, 0x9DB5, 0x8D34, 0x84B1, 0x8D32, 0x8D32, 0x9553,
    0x8D32, 0x9574, 0x9553, 0x9574, 0x9574, 0x9DB5, 0xB5B5, 0x9574, 0x9574, 0x9532, 0x9D94, 0x8CF2,
    0x9512, 0x9574, 0x9594, 0x9532, 0xA5B5, 0xADB5, 0x9512, 0x8CF2, 0x9512, 0x8D53, 0x9553, 0x9D94,
    0x9574, 0x9595, 0x9D94, 0x8D13, 0x84F2, 0x9574, 0x9D94, 0x9553, 0x9D95, 0x9594, 0x9D94, 0x9594,
    0x9D95, 0x9DB5, 0xB5B5, 0x9553, 0x9595, 0x9574, 0x9553, 0x9574, 0x9D95, 0x9553, 0x9574, 0x9574,
    0x9533, 0xAD93, 0x8D12, 0x9D74, 0x9574, 0x9553, 0x9553, 0x9595, 0x9DB5, 0x9D95, 0x9D95, 0x8490,
    0x84D1, 0x9553, 0x9D95, 0x9574, 0x9595, 0x9D95, 0x9553, 0x9D74, 0x9D95, 0x9574, 0xB5B5, 0x9553,
    0x9574, 0x9553, 0x9553, 0x9553, 0x9574, 0x9532, 0x9553, 0x9D95, 0xA5B5, 0xAD74, 0x9533, 0x9574,
    0x8D12, 0x9533, 0x8CF1, 0x9553, 0x9553, 0x9532, 0x9574, 0x8D33, 0x84D2, 0x9D94, 0x9D94, 0x9553,
    0x9D95, 0x8D12, 0x9554, 0x9D94, 0x9573, 0x9D74, 0xADB5, 0x9573, 0x9573, 0x9D95, 0x9553, 0x9553,
    0x9D95, 0x9573, 0x9574, 0x9DB5, 0x9574, 0xBDF6, 0x9D94, 0x9DB5, 0x9574, 0x9532, 0x9554, 0x9573,
    0x9594, 0x9D94, 0x9DB5, 0x8D54, 0x84B1, 0x8D32, 0x9573, 0x9553, 0x9553, 0x9573, 0x8D33, 0x9553,
    0x9574, 0x9574, 0xAD74, 0x9573, 0x9D95, 0x9594, 0x9574, 0x8CD0, 0x8D12, 0x9D95, 0x9574, 0x9552,
    0x9DB5, 0xB5D5, 0x9512, 0x8CD1, 0x8D11, 0x8D12, 0x9553, 0x9D95, 0x9574, 0x9574, 0x9DB5, 0x9513,
    0x8D33, 0x9553, 0x9D94, 0x9574, 0x9D94, 0x9595, 0x9594, 0x9D95, 0x9DB5, 0xA5D6, 0xAD74, 0x9553,
    0x9574, 0x9553, 0x9553, 0x9574, 0x9574, 0x9553, 0x9594, 0x9D95, 0x9554, 0xB594, 0x8CF1, 0x9574,
    0x9D94, 0x9594, 0x9574, 0x9D95, 0x9DB5, 0x9DB5, 0x9594, 0x846F, 0x84D1, 0x9553, 0x9D94, 0x9D94,
    0x9D74, 0x9574, 0x9574, 0x9D95, 0x9DB5, 0x8D32, 0xB5D5, 0x9574, 0x9533, 0x9553, 0x9553, 0x9574,
    0x9594, 0x8D11, 0x9532, 0x9D94, 0x9DB5, 0xAD74, 0x8D32, 0x9533, 0x9574, 0x9553, 0x8D12, 0x8D33,
    0x8D33, 0x9532, 0x9574, 0x8D12, 0x84D1, 0x9574, 0x9D95, 0x9574, 0x9D94, 0x9D95, 0x9553, 0x9573,
    0x9D94, 0x9DB5, 0xA553, 0x9553, 0x9553, 0x8D11, 0x9532, 0x9533, 0x9574, 0x9574, 0x9574, 0x9DB5,
    0x9D95, 0xBE16, 0x9D94, 0x9DB5, 0x9D95, 0x9D95, 0x9553, 0x9553, 0x9553, 0x9D94, 0x9DB5, 0x8D13,
    0x84D1, 0x9574, 0x9574, 0x9532, 0x9D95, 0x9D94, 0x9533, 0x9594, 0x9574, 0x9D95, 0xA553, 0x9D74,
    0x9D95, 0x9595, 0x9574, 0x8CF1, 0x8D12, 0x9594, 0xA5F6, 0x9552, 0x9D74, 0xAD94, 0x9532, 0x9532,
    0x8CB0, 0x9511, 0x9D94, 0x9D74, 0x9D94, 0x9594, 0xA5B5, 0x9533, 0x84D1, 0x9573, 0x9574, 0x9DB5,
    0x9D95, 0x9DB5, 0x9DB5, 0x9DB5, 0x9DB5, 0xA5D6, 0xB5D5, 0x9594, 0x9594, 0x9594, 0x9574, 0x9D94,
    0x9D95, 0x9553, 0x9594, 0xA5D5, 0x9553, 0xB5B4, 0x9532, 0x9573, 0x9D94, 0x9D94, 0x9D74, 0x9574,
    0x9574, 0x9DB5, 0x9D94, 0x7C2F, 0x7C90, 0x9553, 0x9D95, 0x9D94, 0x9574, 0x9D94, 0x9D94, 0x9DB5,
    0x9DB5, 0x9532, 0xA553, 0x9553, 0x9D74, 0x9533, 0x9533, 0x9D73, 0x9D95, 0x9553, 0x9533, 0x9DB5,
    0x9594, 0xAD94, 0x8D32, 0x9D74, 0x9D95, 0x9554, 0x8CF1, 0x9554, 0x9553, 0x8CF1, 0x9553, 0x8D12,
    0x7CB1, 0x9574, 0x9D95, 0x9DB5, 0x9D95, 0x9574, 0x9D74, 0x9D95, 0x9DB5, 0x9DB5, 0xB5D5, 0x9532,
    0x94F1, 0x9532, 0x8CF1, 0x9532, 0x9D74, 0x9573, 0x9D94, 0x9DB5, 0x9594, 0xB5B5, 0x9D95, 0x9DB5,
    0x9DB5, 0x9D94, 0x9553, 0x9D94, 0x9D95, 0x9574, 0x9D95, 0x8D13, 0x9CF1, 0xA533, 0xA533, 0xB5D5,
    0xB5B5, 0xB594, 0xAD74, 0xAD53, 0xA574, 0xA533, 0xB594, 0xAD94, 0xAD53, 0xB5B5, 0xB5B5, 0x94D1,
    0xA512, 0xB5D5, 0xB5D5, 0xAD73, 0x9D13, 0x9CF1, 0xA554, 0xB5B5, 0xAD94, 0xA552, 0xA553, 0xA553,
    0xAD74, 0xAD74, 0xAD74, 0x9D12, 0xA532, 0x9CF1, 0xA553, 0xA533, 0xB5D5, 0xB5D6, 0xB5D6, 0xAD95,
    0xAD74, 0xB595, 0xAD94, 0xA512, 0xAD74, 0xAD94, 0xB5D5, 0xAD53, 0xAD74, 0xAD73, 0xA532, 0xA533,
    0x9D12, 0xA512, 0x9D11, 0xAD53, 0xAD94, 0xAD94, 0xAD53, 0xAD73, 0xB5D5, 0xAD53, 0xA553, 0x94B0,
    0xA532, 0xAD74, 0xB5B5, 0xB5B4, 0xB5D5, 0xADB5, 0xAD74, 0xA533, 0xADB5, 0x9CF1, 0xA512, 0x94B0,
    0xA512, 0xAD53, 0xAD94, 0x9CF1, 0xAD94, 0xB5B5, 0xAD94, 0xB594, 0xAD74, 0xA532, 0x9D12, 0xB5B5,
    0xB5B5, 0xAD74, 0x9CD1, 0xAD94, 0xA553, 0xB5B5, 0xAD94, 0x9D12, 0x9D12, 0xAD73, 0xAD74, 0xAD74,
    0xA532, 0xA532, 0xB594, 0xAD94, 0xAD74, 0xAD74, 0x9CD1, 0x9CF1, 0xA512, 0xA532, 0xB594, 0xAD73,
    0xAD74, 0xAD53, 0xAD74, 0xA553, 0xAD74, 0xB595, 0xAD53, 0xAD74, 0xB5B5, 0xAD54, 0xA533, 0xAD94,
    0xAD74, 0xAD74, 0xAD74, 0xAD74, 0x8CF2, 0x9D94, 0x9DB5, 0x9573, 0x9574, 0x9573, 0x9574, 0x9574,
    0x9D95, 0x9DD6, 0xB5B5, 0x9D94, 0xA5D6, 0x9DB5, 0x9574, 0x9574, 0x8CF1, 0x9553, 0xAE37, 0xAE16,
    0x8CF1, 0xAD94, 0x9D95, 0x8CF1, 0x9553, 0x9532, 0x9D95, 0xA5F6, 0x9DB5, 0xAE37, 0xAE17, 0x84B1,
    0x8D33, 0x9DB5, 0x9DB5, 0x9D95, 0x9DB5, 0x9DD6, 0x9DB5, 0xA5D6, 0xB658, 0xA5F6, 0xB5D6, 0x9574,
    0xA5D6, 0xA5F6, 0xA5D6, 0x9DB6, 0xA5F6, 0x9552, 0xAE37, 0xB678, 0x8D33, 0xB5F5, 0x9553, 0x9DB5,
    0x9D95, 0x9574, 0x9D94, 0x9DD6, 0x9DB6, 0xB657, 0xAE17, 0x7C4F, 0x7C6F, 0x9D73, 0x9DB5, 0x9DB5,
    0x9594, 0xA5D6, 0x9DB5, 0xA5D5, 0xA5B5, 0x9D94, 0xBDD5, 0x9574, 0xB637, 0x9D94, 0x9D94, 0x9573,
    0x9DD5, 0x9D74, 0xBE99, 0xC6B9, 0xA5D6, 0xB5D5, 0x9553, 0x9574, 0x9532, 0x9D94, 0x9553, 0x9D94,
    0x9DB5, 0x9553, 0x9DB5, 0x84F2, 0x84D2, 0x9DB5, 0x9DB5, 0x9DB5, 0x9553, 0x9552, 0xA5D5, 0x9DB5,
    0xBE99, 0xB657, 0xB5D5, 0x9552, 0xADF6, 0xB637, 0xA5F6, 0x9DB5, 0x9D74, 0x9553, 0x9D94, 0x9D74,
    0x8D12, 0xAD94, 0xA5B5, 0xA5F7, 0xA5D6, 0x9574, 0x9D94, 0x9574, 0x9D94, 0xAE37, 0xAE37, 0x8D13,
    0x9554, 0x9D74, 0x9553, 0x9553, 0x9D95, 0x9553, 0x9574, 0x9D94, 0x9D95, 0x9DB5, 0xBDD6, 0x9553,
    0x9DB5, 0x9D95, 0x9D95, 0x9574, 0x9512, 0x9553, 0xA5B5, 0x9533, 0x8CF1, 0xADD5, 0x9553, 0x8D12,
    0x9533, 0x8D12, 0x9574, 0x9DD5, 0x9D94, 0x9D94, 0x9D73, 0x8D12, 0x9554, 0x9D74, 0x9D95, 0x9D95,
    0x9DB5, 0x9DB5, 0x9DB5, 0x9DB5, 0x9DB5, 0x9DD6, 0xB5D6, 0x9574, 0x9DB5, 0x9DD5, 0x9D95, 0x9DB5,
    0x9DD6, 0x9532, 0x9573, 0x9DB5, 0x9553, 0xBDF6, 0x9512, 0x9574, 0x9D95, 0x9573, 0x9574, 0x9D95,
    0x9DB5, 0x9DB5, 0x9574, 0x7C6F, 0x8490, 0x9533, 0x9D94, 0x9574, 0x9DB5, 0x9D74, 0x9D94, 0x9574,
    0x9DB5, 0x9553, 0xB5B5, 0x9533, 0x9553, 0x9553, 0x9532, 0x9553, 0x9D95, 0x9DB5, 0xA5B5, 0x9DB5,
    0x9574, 0xB5B5, 0x9532, 0x9D74, 0x9D74, 0x9533, 0x9DB5, 0x9D94, 0x9574, 0x9554, 0x9574, 0x9533,
    0x8CF3, 0x9574, 0x9574, 0x9595, 0x9D95, 0x9532, 0x9553, 0x9DB5, 0x9D94, 0xA593, 0xB5D5, 0x9553,
    0x9D74, 0x9D94, 0x9D94, 0x9553, 0x9553, 0x9553, 0x9553, 0x9D95, 0x8D12, 0xB5B5, 0x9574, 0x9574,
    0x9D95, 0x9574, 0x9533, 0x9D74, 0x9D95, 0x9D94, 0x9DB5, 0x8D13, 0x9533, 0x9D74, 0x9D95, 0x9D94,
    0x9D95, 0x9553, 0x9574, 0x9D74, 0x9D95, 0x9DB5, 0xB595, 0x9553, 0x9D94, 0x9D95, 0x9D95, 0x9D94,
    0x9533, 0x9553, 0x9D95, 0x9D94, 0x9511, 0xB5D5, 0x9554, 0x9533, 0x9553, 0x9553, 0x9D94, 0x9DD5,
    0x9D95, 0x9DB5, 0x9D94, 0x8CD1, 0x9554, 0x9574, 0x9DB5, 0x9D95, 0x9D95, 0x9D95, 0x9594, 0x9D95,
    0x9DB5, 0xA5D6, 0xB5D5, 0x9DB6, 0x9DB5, 0x9DB5, 0x9DB5, 0x9D95, 0x9DB5, 0x9D95, 0x9573, 0x9DB5,
    0x9553, 0xB5D5, 0x9D74, 0x9D95, 0x9595, 0x9574, 0x9553, 0x9D94, 0x9D95, 0x9D94, 0x9D94, 0x7C6F,
    0x8490, 0x9553, 0x9D94, 0x9D74, 0x9D95, 0x9574, 0x9D74, 0x9D94, 0x9574, 0x9553, 0xAD74, 0x8D12,
    0x9553, 0x9553, 0x9512, 0x9574, 0x9DB5, 0x9DB5, 0x9573, 0x9DB5, 0x9D94, 0xB5D5, 0x9552, 0x9D74,
    0x9D74, 0x9D74, 0x9553, 0x9D94, 0x9553, 0x9574, 0x9553, 0x8D13, 0x84D1, 0x9553, 0x9595, 0x9D95,
    0x9574, 0x9553, 0x9DB5, 0x9DB5, 0x9DB5, 0x9D94, 0xAD94, 0x8D32, 0x9D74, 0x9D74, 0x9D94, 0x8D32,
    0x9553, 0x9554, 0x9D94, 0x9D94, 0x9532, 0xAD74, 0x9D94, 0x9D95, 0x9574, 0x9594, 0x9553, 0x9D95,
    0x9D94, 0x9594, 0x9DB5, 0x8D13, 0x9574, 0x9574, 0x9574, 0x9D74, 0x9574, 0x9532, 0x9D94, 0x9574,
    0x9DB5, 0x9DB5, 0xB5D5, 0x9D74, 0x9DB5, 0x9D94, 0x9D95, 0x8D32, 0x8D12, 0x9533, 0x9595, 0x9D74,
    0x9532, 0xB5D5, 0x9554, 0x8D12, 0x8D32, 0x9574, 0x9574, 0x9DB5, 0x9574, 0x9DB5, 0x9D94, 0x84B1,
    0x8D33, 0x9D94, 0x9D94, 0x9DB5, 0x9D95, 0x9D95, 0x9DB5, 0x9DB5, 0x9DB5, 0xA5F6, 0xB5D5, 0x9DB5,
    0x9D94, 0x9DB5, 0x9D94, 0x9DB5, 0x9DB5, 0x9D94, 0x9574, 0x9DB5, 0x9533, 0xAD94, 0x9512, 0x9D95,
    0x9D95, 0x9553, 0x9533, 0x9574, 0x9D94, 0x9574, 0x9D94, 0x8490, 0x7C0E, 0x9D94, 0x9D95, 0x9D95,
    0x9595, 0x9D74, 0x9D74, 0x9D94, 0x9DB5, 0x9574, 0xB5B5, 0x8D12, 0x9553, 0x9553, 0x9512, 0x9553,
    0x9594, 0x9573, 0x9D74, 0x9DB5, 0x9D94, 0xB5B5, 0x9532, 0x9532, 0x9D94, 0x9D95, 0x9D94, 0x9D94,
    0x9532, 0x9D94, 0x9D74, 0x8CF2, 0x84B1, 0x9553, 0x9D95, 0x9D95, 0x9553, 0x8D32, 0x9D95, 0x9DB5,
    0x9DB5, 0x9DB4, 0x9D33, 0x9553, 0x9574, 0x9553, 0x9D94, 0x9553, 0x9574, 0x8D53, 0x9D94, 0x9594,
    0x9532, 0xAD94, 0x9DB5, 0x9D95, 0x9574, 0x9D94, 0x9574, 0x9D94, 0x9DB5, 0x9DB5, 0x9DB5, 0x8D33,
    0x8D12, 0x9D94, 0x9D94, 0x9553, 0x9D95, 0x9573, 0x9574, 0x9574, 0x9DB5, 0x9DB6, 0xAD53, 0x9574,
    0x9D94, 0x9D94, 0x9D95, 0x8CF1, 0x8D12, 0x9D94, 0x9D95, 0x9D94, 0x9512, 0xAD94, 0x9553, 0x9553,
    0x9532, 0x8D12, 0x9533, 0x9D74, 0x9574, 0x9DB5, 0x9DB5, 0x8CD2, 0x8D13, 0x9574, 0x9D94, 0x9D94,
    0x9595, 0x9DB5, 0x9DB5, 0x9DB5, 0x9DB5, 0xA5F6, 0xB595, 0x9574, 0x9DB5, 0x9D95, 0x9D95, 0x9D95,
    0x9D95, 0x9D94, 0x9D94, 0x9DB5, 0x9D74, 0xB5D5, 0x9532, 0x9574, 0x9D94, 0x9574, 0x9574, 0x9594,
    0x9574, 0x9D95, 0x9DB5, 0x7C4F, 0x73ED, 0x9D95, 0x9D95, 0x9D95, 0x9D95, 0x9574, 0x9D94, 0x9574,
    0x9DB5, 0x9574, 0xAD53, 0x8D12, 0x9D94, 0x9533, 0x8CF1, 0x8D12, 0x9574, 0x9533, 0x9553, 0x9D95,
    0xA5B5, 0xB5D6, 0x9553, 0x8D12, 0x9D94, 0x9573, 0x9574, 0x9D94, 0x9533, 0x9D94, 0x9573, 0x8CF2,
    0x8CF2, 0x9D74, 0x9D94, 0x9D95, 0x9594, 0x9553, 0x9D95, 0x9D95, 0x9D95, 0xA5B5, 0xADB4, 0x8CF1,
    0x9533, 0x9574, 0x8D32, 0x9533, 0x8CF1, 0x9533, 0x9574, 0x9595, 0x9533, 0xAD74, 0x9DB5, 0x9D95,
    0x9574, 0x9553, 0x9573, 0x9D95, 0x9DB5, 0x9DB5, 0x9D95, 0x8D33, 0x8D13, 0x9553, 0x9D94, 0x9594,
    0x9D95, 0x9D94, 0x9554, 0x9D94, 0x9D95, 0x9D95, 0xAD74, 0x9574, 0x9574, 0x9574, 0x9554, 0x8490,
    0x8CF1, 0x9574, 0x9D94, 0x9D94, 0x8CD1, 0xB5F6, 0x9554, 0x9554, 0x9533, 0x8D12, 0x9554, 0x9D94,
    0x9553, 0x9DB5, 0x9D95, 0x8CD1, 0x84D1, 0x9D94, 0x9594, 0x9574, 0x9595, 0x9D95, 0x9DB5, 0x9DB5,
    0x9DB5, 0xA5D6, 0xB5D6, 0x9594, 0x9D95, 0x9D95, 0x9D95, 0x9D95, 0x9DB5, 0x9595, 0x9574, 0x9595,
    0x9553, 0xB5D5, 0x9553, 0x9574, 0x9574, 0x9553, 0x9533, 0x9574, 0x9D95, 0x9D95, 0x9D95, 0x7C8F,
    0x84B0, 0x9553, 0x9D95, 0x9595, 0x9D95, 0x9D95, 0x9574, 0x9595, 0x9595, 0x9D94, 0xB5D6, 0x9533,
    0x9553, 0x8D32, 0x8D11, 0x9533, 0x9D95, 0x9DB5, 0x9532, 0x9D95, 0x9DB5, 0xB5D5, 0x9532, 0x9D94,
    0x9D95, 0x9D94, 0x9574, 0x9D94, 0x9553, 0x9574, 0x9574, 0x7CB1, 0x84B1, 0x9DB5, 0x9D94, 0x9574,
    0x9594, 0x9532, 0x9574, 0x9D95, 0x9D95, 0x9DB5, 0xB5F6, 0x8CD1, 0x8D12, 0x8D33, 0x8D12, 0x9553,
    0x9553, 0x9554, 0x9595, 0x9D95, 0x9553, 0xBE16, 0x9D94, 0x9DB5, 0x9DB5, 0x9D94, 0x9D94, 0x9574,
    0x9553, 0x9DB5, 0x9DB5, 0x8D13, 0x9554, 0x9574, 0x9D94, 0x9D95, 0x9D95, 0x9574, 0x9594, 0x9D95,
    0x9DB5, 0x9595, 0xBDF6, 0x9574, 0x9574, 0x9574, 0x9574, 0x84D1, 0x8CF1, 0x9533, 0x9574, 0x9574,
    0x9532, 0xAD94, 0x9553, 0x9553, 0x8CF1, 0x8CF1, 0x9553, 0x9574, 0x9553, 0x9DB5, 0x9D94, 0x84B1,
    0x8CF2, 0x9574, 0x9553, 0x9553, 0x9D94, 0x9D95, 0x9D95, 0x9DB5, 0x9DB5, 0xA5D6, 0xAD94, 0x9D95,
    0x9574, 0x9D94, 0x9594, 0x9D95, 0x9DB5, 0x9D74, 0x9D95, 0x9D95, 0x9D94, 0xB5D5, 0x9533, 0x9595,
    0x9553, 0x9533, 0x9553, 0x9594, 0x9573, 0x9D95, 0x9D95, 0x7C6F, 0x84B1, 0x9D94, 0x9DB5, 0x9594,
    0x9595, 0x9595, 0x9573, 0x9574, 0x9DB5, 0x9D74, 0xB5B5, 0x9553, 0x9574, 0x9553, 0x8D12, 0x9573,
    0x9595, 0x9DB5, 0x8D12, 0x9594, 0x9DB5, 0xB5B5, 0x8CF1, 0x9574, 0x9553, 0x9D94, 0x9574, 0x9553,
    0x9533, 0x9553, 0x9574, 0x84F2, 0x84D2, 0x9D74, 0x9573, 0x9553, 0x9574, 0x9553, 0x9DB5, 0x9DB5,
    0x9DB5, 0xA5B5, 0xB5D5, 0x9533, 0x8D33, 0x8D12, 0x8D12, 0x8D32, 0x8D12, 0x9574, 0x9594, 0x9574,
    0x9574, 0xB594, 0x9574, 0x9D95, 0x9DB5, 0x9D94, 0x9553, 0x9D95, 0x9574, 0x9553, 0x9594, 0x8D33,
    0x8D54, 0x9553, 0x9553, 0x9D74, 0x9DB5, 0x9574, 0x9595, 0x9595, 0x9D95, 0x9DB5, 0xB5B5, 0x8D32,
    0x9553, 0x9533, 0x9533, 0x84B0, 0x8CF1, 0x9553, 0x9574, 0x9574, 0x8CF1, 0xB5D6, 0x9553, 0x9533,
    0x84D0, 0x8CF1, 0x8D12, 0x9574, 0x9553, 0x9594, 0x9574, 0x8CB1, 0x84D1, 0x9553, 0x9553, 0x9574,
    0x9553, 0x9574, 0x9574, 0x9D95, 0x9DB5, 0x9DB5, 0xB594, 0x9553, 0x9574, 0x9594, 0x9574, 0x9574,
    0x9D94, 0x9D94, 0x9D94, 0x9553, 0x9D94, 0xBDD5, 0x8D33, 0x9D94, 0x9574, 0x9573, 0x8D32, 0x9553,
    0x9554, 0x9574, 0x9553, 0x73ED, 0x7C70, 0x9553, 0x9574, 0x9D95, 0x9574, 0x9594, 0x9574, 0x9554,
    0x9574, 0x9D74, 0xA532, 0x9553, 0x9553, 0x9553, 0x84D1, 0x9553, 0x9D94, 0x8D12, 0x8D12, 0x9574,
    0x9D94, 0xAD95, 0x9512, 0x9512, 0x9574, 0x9533, 0x9533, 0x9574, 0x9553, 0x9574, 0x9D94, 0x84D1,
    0x8490, 0x9D74, 0x9574, 0x9D94, 0x9574, 0x9574, 0x9DB5, 0x9D95, 0x9574, 0xADF6, 0xAD94, 0x8D12,
    0x8D11, 0x8D32, 0x8CF2, 0x8CF2, 0x9553, 0x9D94, 0x9574, 0x9DB5, 0x9D95, 0xAD74, 0x9594, 0x9594,
    0x9595, 0x9594, 0x9574, 0x9574, 0x9574, 0x9D74, 0x9DB5, 0x8D13, 0x8D33, 0x9574, 0x9553, 0x9D94,
    0x9574, 0x9554, 0x9574, 0x9574, 0x9DB5, 0xA5B5, 0xB5B5, 0x9553, 0x9553, 0x9554, 0x9574, 0x8CF1,
    0x8D12, 0x8D32, 0x9574, 0x9573, 0x9533, 0xBE37, 0x9553, 0x9553, 0x8CF1, 0x8CF1, 0x9512, 0x9573,
    0x9553, 0x9594, 0x9594, 0x8CF2, 0x8CF2, 0x8D33, 0x9553, 0x9553, 0x9574, 0x9D94, 0x9574, 0x9594,
    0x9D94, 0xA5B5, 0xBE16, 0x9573, 0x9574, 0x9D95, 0x9D95, 0x9DB5, 0x9D94, 0x9553, 0x9553, 0x9574,
    0x9D53, 0xB5F5, 0x9553, 0x9574, 0x9574, 0x9532, 0x9553, 0x9574, 0x9574, 0x9533, 0x8CF1, 0x73ED,
    0x7C90, 0x9D94, 0x9574, 0x9594, 0x9D94, 0x9D94, 0x9553, 0x9553, 0x9D94, 0x9573, 0xAD94, 0x9D94,
    0x9533, 0x9D74, 0x8CF1, 0x9574, 0x9594, 0x9574, 0x8D12, 0x9D95, 0x9D94, 0xB5B5, 0x84D0, 0x9574,
    0x9574, 0x9553, 0x9574, 0x9574, 0x9D95, 0x9574, 0x9573, 0x84B1, 0x8CF1, 0x9D94, 0x9D73, 0x9D94,
    0x9554, 0x9553, 0x9554, 0x9D74, 0x9574, 0xA5D5, 0xB5F6, 0x8CF1, 0x8D12, 0x9553, 0x9512, 0x8CF2,
    0x9574, 0x9554, 0x9574, 0x9DB5, 0x9574, 0xB5D5, 0x9D95, 0x9574, 0x9574, 0x9D74, 0x9553, 0x9D95,
    0x9D94, 0x9574, 0x9DD5, 0x8D33, 0x84F2, 0x8D33, 0x8D33, 0x9553, 0x9553, 0x9533, 0x9554, 0x9554,
    0x9554, 0x9D94, 0xAD74, 0x9533, 0x8D33, 0x8D33, 0x8D33, 0x848F, 0x84D1, 0x84F2, 0x8D12, 0x8D12,
    0x8D32, 0xAD74, 0x9533, 0x8D33, 0x7C6F, 0x8CF1, 0x8CF2, 0x9553, 0x8D53, 0x8D33, 0x9553, 0x84D1,
    0x84D1, 0x8CD1, 0x9533, 0x8D33, 0x9554, 0x8D33, 0x8D12, 0x9553, 0x8D33, 0x9D74, 0xA533, 0x8D33,
    0x9553, 0x9574, 0x9574, 0x9554, 0x9533, 0x9553, 0x8D33, 0x8CF2, 0x9553, 0xB5D5, 0x8D12, 0x9553,
    0x9574, 0x8CF1, 0x84B0, 0x9533, 0x8D53, 0x9554, 0x8D12, 0x73CD, 0x8490, 0x9533, 0x9533, 0x9553,
    0x8D33, 0x8D12, 0x9533, 0x9533, 0x9553, 0x9532, 0xA532, 0x9553, 0x8D32, 0x8CF2, 0x84D1, 0x8CD1,
    0x8D33, 0x8D33, 0x8CF2, 0x9574, 0x8D33, 0xADB4, 0x84B1, 0x8D33, 0x8D33, 0x8D13, 0x8D33, 0x84D1,
    0x9554, 0x9574, 0x8D12, 0x7C90, 0x8490, 0x9553, 0x8D33, 0x8D32, 0x9553, 0x8D33, 0x9533, 0x9553,
    0x8D33, 0x9553, 0xA573, 0x8D12, 0x8D12, 0x8D13, 0x8D13, 0x8D12, 0x84F2, 0x8D53, 0x9533, 0x9553,
    0x8D13, 0xB5D5, 0x9554, 0x9574, 0x9D95, 0x9D74, 0x8CF2, 0x8D33, 0x8D33, 0x8D13, 0x9554, 0x8D13,
    0xB5D6, 0xB5B5, 0xADB5, 0xB5B5, 0xBE17, 0xB5F6, 0xB5F6, 0xB5F6, 0xBE16, 0xBE17, 0xA532, 0xADB5,
    0xB5F6, 0xB5D5, 0xAD94, 0xB5B4, 0xB5D5, 0xBE37, 0xAD94, 0x9D12, 0xB5D5, 0xB5B5, 0xBDF7, 0xADD5,
    0xAD94, 0xA553, 0xB5F6, 0xBE17, 0xBE17, 0xBE37, 0xBE17, 0xBDF6, 0xAD73, 0xA553, 0xB5B5, 0xB5D5,
    0xBDF6, 0xB5D6, 0xBDF6, 0xBE16, 0xBE17, 0xBE16, 0xA511, 0xB5D5, 0xB5D5, 0xB5F6, 0xBDF6, 0xBE37,
    0xBDF6, 0xB5D5, 0xAD94, 0xAD74, 0xB5D6, 0xAD94, 0xAD94, 0xBE16, 0xBE16, 0xAD94, 0xB5B4, 0xBDF6,
    0xBE17, 0xB5D6, 0xA553, 0xA532, 0xAD94, 0xB5F6, 0xBE37, 0xBE37, 0xBE17, 0xB5F6, 0xADB5, 0xB5D5,
    0xAD94, 0xB5D5, 0x9CD0, 0xA573, 0xB5F6, 0xAD94, 0xB5D6, 0xADB4, 0xBE16, 0xC637, 0xA553, 0xB5F6,
    0xBDD5, 0xAD94, 0xAD74, 0xB5D5, 0xB5D5, 0xBDF6, 0xB5B5, 0xB5D6, 0xB5F6, 0xBE17, 0xBDF6, 0xBDF6,
    0xAD93, 0xA532, 0x94F1, 0xA532, 0xAD94, 0xAD94, 0xADB5, 0xBE37, 0xBE16, 0xADB5, 0x9D11, 0xB5D5,
    0xAD73, 0xA553, 0xADB4, 0xBE37, 0xBE37, 0xC637, 0xB5F6, 0xBE17, 0xBDF6, 0xBDD6, 0xBE16, 0xBE17,
    0xBDF7, 0xB5F6, 0xBE16, 0xC657, 0xBE37, 0xC637, 0xBE17, 0xBE17, 0x8D33, 0x9553, 0x9574, 0x9574,
    0x9574, 0x9594, 0x9D94, 0x9DB5, 0x9DB5, 0x9D74, 0xB5B5, 0x9574, 0x9595, 0x9553, 0x9574, 0x8CD1,
    0x9532, 0x9533, 0x9533, 0x9532, 0x8D12, 0xB5F6, 0x9D95, 0x9533, 0x8D11, 0x8CF2, 0x9574, 0x9D94,
    0x9D74, 0xA5B5, 0xA5B5, 0x84F2, 0x8CF2, 0x9512, 0x9574, 0x9574, 0x9553, 0x9574, 0x9D94, 0x9574,
    0x9DB5, 0x9DB5, 0x94D0, 0x8CD0, 0x9574, 0x9D94, 0x9DB5, 0x9D95, 0x9574, 0x9553, 0x9533, 0x9553,
    0x9553, 0xB5F6, 0x9533, 0x9553, 0x9554, 0x9553, 0x9512, 0x9553, 0x9573, 0x9D74, 0x9511, 0x6BAB,
    0x8490, 0x9553, 0x9DB5, 0x9DB5, 0x9D95, 0x9574, 0x9553, 0x9553, 0x9553, 0x9553, 0xA573, 0x9574,
    0x9574, 0x9D94, 0x9D94, 0x9532, 0x9553, 0x9D94, 0x9574, 0x9D94, 0x9553, 0xADB4, 0x9512, 0x9D94,
    0x9D94, 0x9574, 0x9573, 0x9D94, 0x9553, 0x9D74, 0xA5D5, 0x84B1, 0x740E, 0x9532, 0x9D94, 0x9512,
    0x9574, 0x9553, 0x9574, 0x9D95, 0x9DB5, 0x9DB5, 0xAD94, 0x9573, 0x9553, 0x8D12, 0x8D12, 0x9532,
    0x9533, 0x9574, 0x9D74, 0x9D94, 0x8D12, 0xBDF6, 0x9594, 0x9D95, 0x9574, 0x9553, 0x9553, 0x9574,
    0x9574, 0x9D95, 0x9DB5, 0x8D33, 0x8D53, 0x9554, 0x9574, 0x9574, 0x9D95, 0x9574, 0x9D95, 0x9D95,
    0x9D95, 0x9D94, 0xAD94, 0x9574, 0x9575, 0x9574, 0x9575, 0x8CF1, 0x9532, 0x9554, 0x9533, 0x9574,
    0x8D33, 0xBE37, 0x9574, 0x9D74, 0x9532, 0x9532, 0x9554, 0x9D95, 0x9DB5, 0x9D95, 0x9D94, 0x8CF2,
    0x9513, 0x9553, 0x9D95, 0x9574, 0x9D74, 0x9D95, 0x9574, 0x9574, 0x9D94, 0x9D95, 0xA532, 0x8CAF,
    0x9D94, 0x9595, 0x9574, 0x9D95, 0x9D74, 0x9D95, 0x9553, 0x9553, 0x9553, 0xB5D6, 0x9533, 0x9574,
    0x9553, 0x8D12, 0x9553, 0x9533, 0x9D94, 0x9574, 0x9532, 0x740D, 0x84B0, 0x9D94, 0x9D95, 0x9D95,
    0x9D95, 0x9D94, 0x9553, 0x9553, 0x9D74, 0x9553, 0xAD94, 0x9553, 0x9574, 0x9D94, 0x9D94, 0x9D74,
    0x9D94, 0x9D94, 0x9D74, 0x9D95, 0x9574, 0xAD94, 0x8D32, 0x9D95, 0x9D94, 0x9D74, 0x9D94, 0x9D74,
    0x9553, 0x9D94, 0x9573, 0x84D1, 0x8490, 0x9553, 0x9D74, 0x8D12, 0x9574, 0x9574, 0x9D95, 0x9D94,
    0x9D95, 0xA5B5, 0xB5B5, 0x8D32, 0x9553, 0x8D32, 0x9D74, 0x9553, 0x9D94, 0x9554, 0x9D94, 0x9D94,
    0x9574, 0xC637, 0x9574, 0x9D95, 0x9D95, 0x9595, 0x9574, 0x9554, 0x9574, 0x9D95, 0xA5B5, 0x8D33,
    0x9533, 0x9574, 0x9574, 0x9574, 0x9594, 0x9574, 0x9D94, 0x9574, 0x9DB5, 0x9574, 0xAD53, 0x9553,
    0x9DB5, 0x9574, 0x9574, 0x8D12, 0x9533, 0x8D32, 0x8CF2, 0x9573, 0x9574, 0xBE37, 0x9DB5, 0x9D74,
    0x9512, 0x9553, 0x9D94, 0x9DB5, 0x9D95, 0x9D95, 0x9DB5, 0x84D1, 0x9533, 0x9553, 0x9D95, 0x9D94,
    0x9574, 0x9574, 0x9D94, 0x8D33, 0x9574, 0x9DB5, 0x94B0, 0x8CD0, 0x9554, 0x9574, 0x9574, 0x9574,
    0x9574, 0x9594, 0x9D94, 0x9574, 0x9D94, 0xB5B5, 0x9573, 0x9595, 0x8D33, 0x8CD1, 0x8CF1, 0x9512,
    0x9533, 0x9574, 0x9553, 0x740D, 0x84B1, 0x9D94, 0x9DB5, 0x9D95, 0x9594, 0x9553, 0x9532, 0x8D12,
    0x9D94, 0x9D74, 0xAD73, 0x9533, 0x9574, 0x9573, 0x9552, 0x9573, 0x9594, 0x9D73, 0x9553, 0x9574,
    0x9D74, 0xAD95, 0x9553, 0x9D95, 0x9594, 0x9574, 0x9594, 0x9D94, 0x9D74, 0x9573, 0x9D94, 0x84D1,
    0x848F, 0x9553, 0x9D95, 0x9D74, 0x9574, 0x9574, 0x9574, 0x9D94, 0x9D95, 0x9DB5, 0xAD94, 0x9D94,
    0x9D94, 0x9DB5, 0x9D94, 0x9553, 0x9595, 0x9574, 0x9D94, 0x9D95, 0x9553, 0xBE16, 0x9574, 0x9D95,
    0x9DB5, 0x9574, 0x9D94, 0x9574, 0x9D95, 0x9574, 0x9D94, 0x9553, 0x8CF2, 0x9553, 0x9574, 0x9554,
    0x9594, 0x9574, 0x9574, 0x9574, 0x9D95, 0x9594, 0xBDD5, 0x9553, 0x9594, 0x9595, 0x9574, 0x8CF1,
    0x8CF1, 0x8D33, 0x9553, 0x9553, 0x9553, 0xBE16, 0x9D94, 0x9574, 0x9D74, 0x9533, 0x9D94, 0x9574,
    0x9DB5, 0x9D95, 0x9DB5, 0x84D1, 0x8D12, 0x9573, 0x9D95, 0x9574, 0x9574, 0x9574, 0x9574, 0x9574,
    0x9553, 0x9D95, 0xA532, 0x8CD1, 0x9574, 0x9574, 0x9575, 0x9553, 0x9574, 0x9D74, 0x9594, 0x9D95,
    0x9D94, 0xB5B5, 0x9553, 0x9D74, 0x9574, 0x9553, 0x8D12, 0x9553, 0x9D74, 0x9D94, 0x9573, 0x7C4E,
    0x84B1, 0x9D94, 0x9594, 0x9574, 0x9574, 0x9594, 0x9553, 0x9554, 0x9574, 0x9D74, 0xA553, 0x9553,
    0x9554, 0x9512, 0x9553, 0x8CF1, 0x9D94, 0x9D94, 0x9553, 0x9574, 0x9D74, 0x9CF1, 0x8D32, 0x9D94,
    0x9594, 0x9574, 0x9574, 0x9D94, 0x9D94, 0x9D95, 0x9DB5, 0x84D2, 0x8490, 0x9574, 0x9D74, 0x9553,
    0x9594, 0x9553, 0x9D94, 0x9D95, 0x9DB5, 0x9D94, 0xADB5, 0x9553, 0x9D94, 0x9553, 0x9D94, 0x8D12,
    0x9D94, 0x9DB5, 0x9D95, 0x9DB5, 0x9533, 0xBDF6, 0x9594, 0x9594, 0x9D95, 0x9D95, 0x9D74, 0x9D95,
    0x9D95, 0x9594, 0x9DB5, 0x9554, 0x8CF2, 0x9554, 0x9574, 0x9574, 0x9574, 0x9574, 0x9574, 0x9532,
    0x9D95, 0x9574, 0xAD74, 0x9553, 0x9553, 0x9574, 0x9574, 0x8CD1, 0x8CF1, 0x8D33, 0x9533, 0x9553,
    0x9533, 0xB5D5, 0x9594, 0x9574, 0x9532, 0x9553, 0x9553, 0x9D95, 0x9553, 0x9D94, 0x9595, 0x84B1,
    0x84D1, 0x9574, 0x9594, 0x9574, 0x9D94, 0x9D95, 0x9574, 0x9533, 0x9595, 0x9574, 0x9CD0, 0x84D0,
    0x9553, 0x9594, 0x9574, 0x9554, 0x9553, 0x9574, 0x9574, 0x9574, 0x9574, 0xBDD5, 0x9553, 0x9574,
    0x9574, 0x9533, 0x9532, 0x9553, 0x9D74, 0x9D95, 0x9574, 0x7C2E, 0x84B1, 0x9574, 0x9D74, 0x9574,
    0x9573, 0x9574, 0x9553, 0x9533, 0x9553, 0x9533, 0xA553, 0x9554, 0x9553, 0x9533, 0x8CF1, 0x8D12,
    0x9574, 0x9574, 0x9574, 0x9D95, 0x9574, 0xAD73, 0x8D32, 0x9553, 0x9574, 0x9594, 0x9594, 0x9553,
    0x9573, 0x9D94, 0x9D94, 0x84F2, 0x7C70, 0x9574, 0x9532, 0x9553, 0x9574, 0x9D74, 0x9574, 0x9574,
    0x9574, 0x9D74, 0xAD94, 0x9553, 0x9D94, 0x9553, 0x9533, 0x9553, 0x9574, 0x9D95, 0x9D95, 0x9D95,
    0x9574, 0xB5B5, 0x9574, 0x9594, 0x9D95, 0x9D95, 0x9574, 0x9553, 0x9574, 0x9D95, 0x9D95, 0x8D13,
    0x8D13, 0x9574, 0x9574, 0x9594, 0x9574, 0x9573, 0x9595, 0x9533, 0x9D94, 0x9574, 0xB5B5, 0x9574,
    0x9574, 0x9D95, 0x9574, 0x8CD0, 0x8D12, 0x9553, 0x9512, 0x9574, 0x9574, 0xBE37, 0x9D95, 0x9574,
    0x9532, 0x9574, 0x9553, 0x9574, 0x9574, 0x9553, 0x9553, 0x8CD1, 0x84D1, 0x9574, 0x9574, 0x9574,
    0x9D94, 0x9D94, 0x9D95, 0x9553, 0x9574, 0x9574, 0xA532, 0x8CD1, 0x9574, 0x9574, 0x9574, 0x9574,
    0x8D32, 0x9574, 0x9D95, 0x9553, 0x8D12, 0xB5D5, 0x8D32, 0x9574, 0x9533, 0x8D12, 0x8CF1, 0x9553,
    0x9D94, 0x9574, 0x9553, 0x8490, 0x84B1, 0x9574, 0x8D32, 0x9D95, 0x9574, 0x9553, 0x9574, 0x9574,
    0x9554, 0x8D33, 0xB594, 0x8D12, 0x9554, 0x9553, 0x84D0, 0x84B0, 0x9574, 0x9D74, 0x8CF2, 0x9D94,
    0x9D74, 0xADB4, 0x9511, 0x9574, 0x9574, 0x9553, 0x9D94, 0x9574, 0x9594, 0x9574, 0x9553, 0x8D12,
    0x8490, 0x9574, 0x9554, 0x9553, 0x9574, 0x9574, 0x9574, 0x9553, 0x9574, 0x9D95, 0xBDF6, 0x9574,
    0x9D74, 0x9574, 0x9532, 0x8D12, 0x9595, 0x9DB5, 0x9595, 0x9D95, 0x9574, 0xAD94, 0x9574, 0x9D95,
    0x9574, 0x9574, 0x9574, 0x9574, 0x9D95, 0x9D95, 0x9DB5, 0x8D13, 0x8D33, 0x9574, 0x9574, 0x9574,
    0x9595, 0x9574, 0x9594, 0x8D12, 0x8D33, 0x9554, 0xAD74, 0x9533, 0x9574, 0x9574, 0x9553, 0x8CF1,
    0x9532, 0x8D33, 0x9574, 0x9553, 0x9553, 0xBDF6, 0x9574, 0x9554, 0x8CF2, 0x9532, 0x9553, 0x9DB5,
    0x9D95, 0x9574, 0x9553, 0x84B1, 0x84F1, 0x9553, 0x9553, 0x9554, 0x9D94, 0x9D95, 0x9594, 0x9532,
    0x9533, 0x9D74, 0xAD94, 0x9553, 0x9574, 0x9574, 0x9574, 0x9553, 0x9574, 0x9594, 0x9574, 0x9574,
    0x9553, 0xB5B4, 0x8D12, 0x9574, 0x8D12, 0x9574, 0x8D12, 0x8D33, 0x8D32, 0x9D94, 0x9574, 0x8CB1,
    0x8490, 0x9574, 0x8D33, 0x9553, 0x9574, 0x9554, 0x9553, 0x9553, 0x9574, 0x9553, 0xA512, 0x8D12,
    0x9574, 0x9553, 0x84B0, 0x9533, 0x9574, 0x9554, 0x9533, 0x9595, 0x9DB5, 0xA532, 0x9511, 0x9D74,
    0x9574, 0x9532, 0x8D12, 0x9574, 0x8D33, 0x9553, 0x9574, 0x8D13, 0x7C70, 0x9553, 0x9574, 0x9574,
    0x9574, 0x9574, 0x9574, 0x9D95, 0x9574, 0x9573, 0xBDF6, 0x9553, 0x9553, 0x9553, 0x8CF1, 0x9532,
    0x9D95, 0x9DB5, 0x9D94, 0x9D95, 0x9574, 0xBDF6, 0x9574, 0x9574, 0x9574, 0x9574, 0x9553, 0x9D95,
    0x9DB5, 0x9574, 0x9574, 0x8D33, 0x8D13, 0x9574, 0x8D53, 0x9553, 0x9574, 0x9574, 0x8D33, 0x8CD1,
    0x9574, 0x8D11, 0xBDD6, 0x8D33, 0x9533, 0x9553, 0x9574, 0x9533, 0x8D32, 0x9554, 0x9533, 0x9574,
    0x9553, 0xB5F6, 0x9574, 0x9533, 0x8CD1, 0x8D12, 0x9533, 0x9574, 0x9D95, 0x8D53, 0x9574, 0x8491,
    0x8490, 0x9512, 0x9574, 0x9574, 0x9554, 0x9574, 0x9554, 0x8CF1, 0x9553, 0x9553, 0xA532, 0x8D33,
    0x9574, 0x9553, 0x9553, 0x9554, 0x8D12, 0x9533, 0x9553, 0x9574, 0x8D12, 0xB5B5, 0x9553, 0x9594,
    0x8CF1, 0x8D32, 0x8CD0, 0x9553, 0x8D33, 0x9553, 0x9533, 0x8490, 0x7C90, 0x9532, 0x9532, 0x84D1,
    0x8D12, 0x8D12, 0x9553, 0x9533, 0x9554, 0x9574, 0xAD53, 0x9553, 0x9574, 0x9574, 0x8CF2, 0x8D12,
    0x9574, 0x9574, 0x9553, 0x9D94, 0x9D94, 0xA553, 0x9511, 0x9553, 0x9533, 0x8CF1, 0x9512, 0x9553,
    0x8D33, 0x9553, 0x9574, 0x84F2, 0x7C91, 0x9553, 0x9554, 0x9574, 0x9D95, 0x9533, 0x8D33, 0x9574,
    0x9574, 0x9553, 0xAD95, 0x9533, 0x9553, 0x9554, 0x9574, 0x8D12, 0x9574, 0x9553, 0x9574, 0x9D95,
    0x9574, 0xBDF6, 0x9595, 0x8D53, 0x9574, 0x9595, 0x9553, 0x9553, 0x9574, 0x9553, 0x9574, 0x8D33,
    0x8D33, 0x9554, 0x9533, 0x8D33, 0x9554, 0x9574, 0x8D32, 0x8D12, 0x9574, 0x8CF2, 0xB5D5, 0x8D12,
    0x9533, 0x9553, 0x9574, 0x8D32, 0x9533, 0x9533, 0x9553, 0x9553, 0x9533, 0xB5F6, 0x9553, 0x9553,
    0x9533, 0x8D12, 0x9574, 0x9574, 0x9574, 0x9574, 0x9DB5, 0x8CF2, 0x84D1, 0x8D11, 0x9553, 0x9D94,
    0x9553, 0x8D33, 0x9553, 0x9532, 0x9574, 0x9D74, 0x9CF2, 0x9574, 0x9554, 0x9554, 0x9554, 0x9553,
    0x9532, 0x9533, 0x9553, 0x9574, 0x8D12, 0xB594, 0x8D11, 0x9574, 0x9553, 0x9532, 0x8CD1, 0x9574,
    0x8D33, 0x9D74, 0x9553, 0x742F, 0x84B1, 0x9553, 0x8D12, 0x8D12, 0x8D12, 0x9553, 0x9533, 0x8D33,
    0x9594, 0x9D94, 0xB594, 0x8D33, 0x9594, 0x9574, 0x9553, 0x8CD1, 0x9574, 0x9553, 0x9533, 0x9D95,
    0x9574, 0x9D12, 0x8CF1, 0x9553, 0x9D94, 0x9512, 0x9553, 0x9553, 0x8D12, 0x9574, 0x9553, 0x84D2,
    0x7C70, 0x9533, 0x9594, 0x9D95, 0x9D95, 0x8D12, 0x9574, 0x9574, 0x9594, 0x9574, 0xB5D5, 0x9533,
    0x9554, 0x9533, 0x9D74, 0x9533, 0x9574, 0x9554, 0x9D94, 0x9DB5, 0x9594, 0xBDF6, 0x9595, 0x9574,
    0x9574, 0x9574, 0x8D53, 0x9574, 0x9574, 0x9533, 0x9554, 0x8CF3, 0x742F, 0x7450, 0x7C70, 0x7450,
    0x742F, 0x6C0E, 0x6C0E, 0x742E, 0x740E, 0x740E, 0xA533, 0x6C0E, 0x744F, 0x7450, 0x744F, 0x6BED,
    0x742E, 0x742F, 0x7C70, 0x7470, 0x7470, 0xBE16, 0x7450, 0x7470, 0x742E, 0x740E, 0x742F, 0x7C90,
    0x7CB1, 0x7C90, 0x7C90, 0x7C70, 0x740E, 0x6BEE, 0x744F, 0x744F, 0x6C2F, 0x7470, 0x6C2F, 0x6C0E,
    0x63ED, 0x744F, 0xAD53, 0x6C2F, 0x742F, 0x744F, 0x7470, 0x744F, 0x742E, 0x6C0E, 0x746F, 0x7470,
    0x7C90, 0xB594, 0x6BED, 0x744F, 0x6C0E, 0x742F, 0x6BCD, 0x7450, 0x7470, 0x7470, 0x742F, 0x740E,
    0x73EE, 0x742E, 0x742F, 0x6BED, 0x742F, 0x6C2E, 0x6BEE, 0x6C2E, 0x746F, 0x744F, 0xAD73, 0x6C2F,
    0x742F, 0x7470, 0x6C0E, 0x63AD, 0x7470, 0x7490, 0x744F, 0x6C2F, 0x7C90, 0x9D12, 0x740E, 0x7470,
    0x744F, 0x742F, 0x742F, 0x746F, 0x744F, 0x746F, 0x744F, 0x742F, 0x6BEE, 0x742F, 0x7C90, 0x7490,
    0x7470, 0x742F, 0x742F, 0x7470, 0x744F, 0x742F, 0xADB5, 0x6C0E, 0x744F, 0x7C70, 0x744F, 0x742F,
    0x7C90, 0x7C90, 0x7470, 0x7490, 0x7C90, 0xB5F6, 0x7CB1, 0x7C91, 0x7CD2, 0x7C90, 0x7C90, 0x7CB1,
    0x7C70, 0x7470, 0x7C70, 0x7450,
};
#define POOLS_DAMP_WALL_MIP1_SIZE 64
static const uint16_t POOLS_DAMP_WALL_MIP1_PIXELS[4096] __attribute__((aligned(16))) = {
    0x9DB5, 0xA5F6, 0xA617, 0xA5F6, 0x9D94, 0x9D53, 0x9D94, 0x9D73, 0x9D94, 0xA5D6, 0xA594, 0xA5B5,
    0xA5D5, 0xA5F6, 0xA5F6, 0x9554, 0x9512, 0x9D95, 0x9D94, 0x9DB5, 0xA5F6, 0xADD5, 0xA5F6, 0xA5D6,
    0xA5F6, 0xA5F6, 0xADF6, 0xA5F6, 0xA5F6, 0xA5D6, 0xA5B5, 0x9532, 0x9D74, 0xA5F6, 0xA5F6, 0xA616,
    0xA5F6, 0xB617, 0xA5F6, 0x9D53, 0x9DB4, 0xA594, 0xA574, 0xA5B5, 0xA5F6, 0xA5D6, 0x9D53, 0x9553,
    0x9533, 0xA5B5, 0xA5F6, 0xAE17, 0xAE17, 0x9D32, 0x9D74, 0x9D94, 0xA5D5, 0xA5F6, 0xA595, 0xA5B5,
    0xA5D6, 0xA5D5, 0xA5D5, 0xA5D6, 0x9553, 0x9D94, 0x9DB5, 0x9DB5, 0x9D94, 0xA573, 0x9553, 0x9553,
    0x9553, 0x9D95, 0x9D53, 0x9D74, 0x9D94, 0x9DB5, 0x9DB5, 0x9553, 0x8CF2, 0x9574, 0x9553, 0x9574,
    0xA5D6, 0xADD5, 0x9DB5, 0x9574, 0x9D95, 0x9D94, 0xADB4, 0x9552, 0x9D74, 0x9D95, 0x9D94, 0x9532,
    0x8D33, 0x9DB5, 0x9DB5, 0x9DB5, 0x9DB5, 0xADF6, 0x9D94, 0x9552, 0x9D95, 0x9D53, 0xA594, 0x9594,
    0x9DB5, 0x9DB5, 0x9573, 0x8D32, 0x8D33, 0x9D94, 0x9DB5, 0x9DB5, 0xA5B5, 0xA594, 0x9553, 0x9D74,
    0x9D74, 0x9DB5, 0xA594, 0x9D74, 0x9D95, 0x9D94, 0x9D94, 0x9574, 0x9554, 0x9DB5, 0x9D95, 0x9DB5,
    0x9D94, 0xA574, 0x9574, 0x9554, 0x9553, 0x9D95, 0xA573, 0x9D94, 0x9D94, 0x9DB5, 0x9DB5, 0x9533,
    0x8CF2, 0x9553, 0x9574, 0x9D74, 0xA5D5, 0xADD5, 0x9D95, 0x9DB5, 0x9DB5, 0x9DB5, 0xADB4, 0x9553,
    0x9DB5, 0x9DB5, 0x9DB5, 0x9533, 0x9553, 0x9D95, 0x9D95, 0x9D94, 0x9DB5, 0xAE16, 0x9DB5, 0x9553,
    0x9D95, 0x9D73, 0xADD5, 0x9D94, 0x9DB5, 0x9DB5, 0x9573, 0x9533, 0x8D12, 0x9D95, 0x9DB5, 0x9DB5,
    0x9DB5, 0xA594, 0x9D94, 0x9D94, 0x9553, 0x9DB5, 0xA5B5, 0x9573, 0x9D95, 0x9D94, 0x9D94, 0x9574,
    0x9574, 0x9D94, 0x9D95, 0x9D95, 0x9D94, 0xADB5, 0x9553, 0x9574, 0x9574, 0x9D95, 0xA594, 0x9574,
    0x9574, 0x9D94, 0x9D94, 0x9533, 0x8CF2, 0x9553, 0x9554, 0x9553, 0x9DB5, 0xA574, 0x9574, 0x9D94,
    0x9D95, 0x9D95, 0xADD5, 0x9574, 0x9DB5, 0x9DB5, 0x9DB5, 0x9553, 0x8D33, 0x9D95, 0x9D94, 0x9D95,
    0x9DB5, 0xADD6, 0x9D94, 0x9553, 0x9DB5, 0x9D74, 0xADD5, 0x9D95, 0x9D95, 0x9DB5, 0x9D94, 0x9554,
    0x8D13, 0x9574, 0x9DB5, 0x9DB5, 0x9DB5, 0xA5B5, 0x9D74, 0x9D94, 0x9553, 0x9D95, 0xA5B5, 0x9574,
    0x9D94, 0x9574, 0x9574, 0x9574, 0x9574, 0x9D95, 0x9D95, 0x9D94, 0x9D95, 0xA594, 0x9574, 0x9D94,
    0x9574, 0x9DB5, 0xADB5, 0x9573, 0x9574, 0x9D95, 0x9D95, 0x9533, 0x8CF1, 0x9553, 0x9553, 0x9533,
    0x9D95, 0xA594, 0x9D74, 0x9574, 0x9D95, 0x9DB5, 0xADD5, 0x9574, 0x9DB5, 0x9D95, 0x9D94, 0x9553,
    0x9554, 0x9D95, 0x9D94, 0x9D95, 0x9DB5, 0xADD6, 0x9D95, 0x9D94, 0x9DB5, 0x9D94, 0xADD5, 0x9D95,
    0x9D95, 0x9DB5, 0x9574, 0x9554, 0x8D12, 0x9574, 0x9DB5, 0x9DB5, 0x9DB5, 0xA5B5, 0x9D74, 0x9D95,
    0x9553, 0x9DB5, 0xA594, 0x9D94, 0x9DB5, 0x9D74, 0x9D74, 0x9574, 0x9D74, 0xA595, 0xA5B5, 0xA595,
    0xADD5, 0xA552, 0x9D53, 0xA574, 0xA574, 0xB616, 0xA554, 0xA574, 0xA574, 0xADB5, 0xADD5, 0xA574,
    0x94D0, 0xADD6, 0x9D53, 0xA553, 0xADD5, 0xAD94, 0xA574, 0xA594, 0xA594, 0xA594, 0xA553, 0xA574,
    0xADB5, 0xA5B5, 0xA594, 0x9D33, 0x9D53, 0xA5B5, 0xA595, 0xA5B5, 0xB5F6, 0xADB4, 0xADB5, 0xAD94,
    0xA5B4, 0xA573, 0xA553, 0xA574, 0xADB5, 0xA5B5, 0xA594, 0x9D54, 0x9D33, 0xA594, 0xA594, 0xA595,
    0xADB5, 0xAD94, 0xA594, 0xA5B5, 0xA574, 0xB5F6, 0xAD94, 0xA574, 0xA594, 0x9D33, 0xA594, 0xA595,
    0x9595, 0x9D95, 0x9DB5, 0x9D94, 0xA594, 0xA553, 0x9553, 0x9574, 0x9D94, 0x9DB5, 0xA5B5, 0x9D94,
    0x9D95, 0x9DB5, 0x9DB5, 0x9D74, 0x8D12, 0x9D74, 0x9553, 0x9553, 0x9DB5, 0xADB5, 0x9553, 0x9D74,
    0x9D94, 0x9D74, 0xADB5, 0x9574, 0x9DB5, 0x9DB5, 0x9D94, 0x8D12, 0x9554, 0x9DB5, 0x9DB5, 0xA5D6,
    0xADF6, 0xADD6, 0x9DB5, 0x9D94, 0x9DB5, 0x9D94, 0xA553, 0x9D94, 0x9DB5, 0x9DB5, 0x9D94, 0x9554,
    0x9533, 0x9574, 0x9D95, 0x9DB5, 0x9DD6, 0xADB5, 0x9D94, 0x9D94, 0x9574, 0x9DB5, 0xADB5, 0x9574,
    0x9D95, 0x9D94, 0x9D94, 0x9D74, 0x9595, 0x9DB5, 0x9DB5, 0x9D94, 0xA5B5, 0xA574, 0x9553, 0x9D94,
    0x9D94, 0x9DB5, 0xADD6, 0x9D94, 0x9574, 0x9D95, 0x9DB5, 0x9574, 0x8D12, 0x9554, 0x9533, 0x9574,
    0x9DB5, 0xADB5, 0x9574, 0x9554, 0x9DB5, 0x9DB5, 0xADD5, 0x9D95, 0x9DB5, 0x9DB5, 0x9D94, 0x8D12,
    0x9554, 0x9DB5, 0x9DB5, 0x9DB5, 0xA5F6, 0xADD6, 0x9DB5, 0x9D74, 0x9D74, 0x9D53, 0xADB4, 0x9D95,
    0x9DB5, 0x9DB5, 0x9D94, 0x9553, 0x8D33, 0x9D94, 0x9DB5, 0x9DB5, 0xA5D6, 0xADD5, 0x9D94, 0x9D95,
    0x9D94, 0x9DB5, 0xADB5, 0x9D74, 0x9DB5, 0x9574, 0x9D74, 0x9D95, 0x9574, 0x9595, 0x9DB5, 0x9D94,
    0x9DB5, 0xA595, 0x9574, 0x9DB5, 0x9D95, 0x9DB5, 0xADF6, 0x9594, 0x9D94, 0x9D95, 0x9594, 0x9553,
    0x8D12, 0x9553, 0x8D12, 0x9D74, 0x9DB5, 0xADB5, 0x9D94, 0x9D94, 0x9DB5, 0x9DB5, 0xADD5, 0x9DB5,
    0x9DD6, 0xA5D6, 0x9D95, 0x9533, 0x9554, 0x9D95, 0x9DB5, 0x9DB5, 0x9DB5, 0xADF6, 0x9DB5, 0x9D73,
    0x9D74, 0x9553, 0xA5B5, 0x9D95, 0x9DB5, 0x9DB5, 0x9D94, 0x9553, 0x8D33, 0x9D95, 0x9DB5, 0x9DB5,
    0x9DD5, 0xA5B5, 0x9D94, 0x9D94, 0x9DB5, 0x9DB6, 0xA595, 0x9574, 0x9DB5, 0x9D94, 0x9DB5, 0x9574,
    0x9574, 0x9D95, 0x9D95, 0x9574, 0x9D94, 0xA594, 0x9D95, 0x9D94, 0x9DB5, 0x9DD5, 0xADD6, 0x9D94,
    0x9574, 0x9D94, 0x9D95, 0x9554, 0x8D12, 0x9553, 0x9553, 0x9553, 0x9DB5, 0xADD6, 0x9DB5, 0x9D94,
    0x9DB5, 0x9DD6, 0xADD5, 0x9D95, 0x9DB5, 0x9DB6, 0x9DB5, 0x9533, 0x9554, 0x9DB5, 0x9D95, 0x9D95,
    0x9DB5, 0xADF6, 0x9DB5, 0x9D74, 0x9D74, 0x9512, 0xA594, 0x9D94, 0x9D94, 0x9DB5, 0x9553, 0x8D12,
    0x8D33, 0x9DB5, 0x9DB5, 0x9DB5, 0x9DB5, 0xADB5, 0x9574, 0x9D95, 0x9D94, 0x9DD6, 0xADB5, 0x9DB5,
    0x9DB5, 0x9574, 0x9D94, 0x9595, 0xA5D6, 0xADF6, 0xADF6, 0xADD6, 0xADD6, 0xADB5, 0xADD6, 0xADF6,
    0xB637, 0xB617, 0xB5F6, 0xADB5, 0xA5D5, 0xADD6, 0xADF6, 0xADD6, 0x9D74, 0xADB5, 0xA594, 0xA5B5,
    0xADF6, 0xA594, 0xADF6, 0xB5F6, 0xADF6, 0xADF6, 0xADD5, 0xADD6, 0xB617, 0xB617, 0xAE17, 0xA595,
    0xADD6, 0xADF6, 0xB617, 0xB637, 0xAE17, 0xB5F6, 0xADD6, 0xA5B4, 0xADD6, 0xA573, 0xADB5, 0xA5B5,
    0xADD6, 0xADF6, 0xA594, 0xA574, 0xADB5, 0xADF6, 0xADF6, 0xB617, 0xB637, 0xADB5, 0xADD5, 0xB617,
    0xADF6, 0xADF6, 0xB5F6, 0xADD5, 0xB617, 0xADD6, 0xADF6, 0xADF6, 0x9574, 0x9DB5, 0x9DB6, 0x9DB5,
    0xA5D6, 0xA595, 0x9D95, 0x9D95, 0xA5D6, 0xA5D5, 0xA5B5, 0x9D74, 0x9D94, 0x9DB5, 0xA5D5, 0x9D74,
    0x9533, 0x9D74, 0x9D74, 0x9D74, 0xA5D6, 0x9D53, 0x9574, 0x9D94, 0x9DB5, 0x9DB5, 0xA594, 0x9DB5,
    0x9DD6, 0xA5D6, 0xA5D5, 0x9D74, 0x9574, 0x9DB5, 0x9DB5, 0x9D95, 0xA5D6, 0xADD6, 0x9D74, 0x9D74,
    0x9574, 0x9553, 0xA595, 0x9553, 0x9D95, 0x9D95, 0x9D94, 0x8D12, 0x9533, 0x9D95, 0x9DB5, 0xA5D6,
    0xADF6, 0xADD5, 0x9D94, 0x9DB5, 0x9DB5, 0xA5D5, 0xADB5, 0x9D95, 0x9DB5, 0x9574, 0x9D95, 0x9575,
    0x9D95, 0x9DB5, 0x9DB5, 0x9DB5, 0xA5F6, 0xADB5, 0x9D94, 0x9D95, 0xA5D6, 0xA5D6, 0xADB5, 0x9D94,
    0x9DB5, 0x9DB5, 0x9DD6, 0x9D74, 0x9533, 0x9D94, 0x9D74, 0x9D95, 0xA5D6, 0xA5B5, 0x9574, 0x9D74,
    0x9DB5, 0x9DB5, 0xADD5, 0x9D94, 0x9DB5, 0x9DD6, 0x9DB5, 0x9574, 0x9574, 0x9DB5, 0x9DB5, 0x9DB5,
    0x9DD5, 0xADD5, 0x9D94, 0x9574, 0x9D94, 0x9D74, 0xA5B5, 0x9D94, 0x9D95, 0x9D95, 0x9D74, 0x9553,
    0x9553, 0x9D95, 0xA5D6, 0xA5D6, 0xA5F6, 0xADD5, 0x9D95, 0x9DB6, 0x9D95, 0x9DB5, 0xADB5, 0x9D95,
    0x9DB5, 0x9D95, 0x9574, 0x9595, 0x9574, 0x9D95, 0x9DB5, 0x9DB5, 0x9DB5, 0xADD5, 0x9D94, 0x9D94,
    0x9DD5, 0x9DB5, 0xADD5, 0x9DB5, 0x9D95, 0x9DB5, 0x9DB5, 0x9574, 0x8D33, 0x9574, 0x9574, 0x9DB5,
    0xA5D6, 0x9D53, 0x9D94, 0x9D74, 0x9DB5, 0x9DB5, 0xADD5, 0x9DB5, 0x9DB5, 0x9DB5, 0x9DB5, 0x9574,
    0x9574, 0x9DD6, 0x9DB5, 0x9DB5, 0x9DB5, 0xADB5, 0x9DB5, 0x9574, 0x9574, 0x9553, 0xA5B5, 0x9D74,
    0x9D95, 0x9DB5, 0x9D94, 0x8D12, 0x8D33, 0x9DB5, 0x9DB5, 0x9DB5, 0xA5D6, 0xADB5, 0x9DB5, 0x9DB5,
    0x9DB5, 0x9DB5, 0xA595, 0x9D95, 0x9DB5, 0x9DB5, 0x9DB5, 0x9595, 0x9594, 0x9D95, 0x9595, 0x9D95,
    0x9DB5, 0xA594, 0x9553, 0x9D94, 0x9DB5, 0x9DB5, 0xADF6, 0x9D94, 0x9D95, 0x9D95, 0x9DB5, 0x9574,
    0x9553, 0x9574, 0x9D74, 0x9D94, 0x9DB5, 0xA574, 0x9D94, 0x9D95, 0xA5D6, 0xA5D6, 0xADD5, 0x9D94,
    0x9DB5, 0x9DB5, 0x9D94, 0x9554, 0x9574, 0x9DB5, 0x9DB5, 0x9DB5, 0xA5D6, 0xADB5, 0x9D95, 0x9DB5,
    0x9D94, 0x9D74, 0xADB5, 0x9D94, 0x9DB5, 0x9DB5, 0x9574, 0x9533, 0x9533, 0x9D95, 0x9DB5, 0x9DB5,
    0xA5D6, 0xA594, 0x9D94, 0x9DB5, 0x9D95, 0x9594, 0xA5B5, 0x9574, 0x9D95, 0x9D94, 0x9DB5, 0x9595,
    0x84B1, 0x8D12, 0x8CF2, 0x84D1, 0x8CF2, 0x9D12, 0x8490, 0x84B1, 0x84D2, 0x8CD2, 0xA574, 0x8CF2,
    0x8CF2, 0x84D2, 0x8D12, 0x8CF2, 0x7C90, 0x8CF2, 0x84D1, 0x8CF2, 0x8D13, 0x9D33, 0x8D12, 0x8CF2,
    0x8CF2, 0x8CF2, 0x9D53, 0x84D1, 0x8D13, 0x84D2, 0x8CD2, 0x84B0, 0x8491, 0x8D12, 0x8CF2, 0x8D12,
    0x8D12, 0x9D32, 0x8CF2, 0x8CF2, 0x8CF2, 0x8490, 0x9D53, 0x8CF2, 0x8CF2, 0x8CF2, 0x84B1, 0x84B1,
    0x8491, 0x8CF2, 0x8CF2, 0x8D12, 0x8D13, 0x94B0, 0x8CD1, 0x84F2, 0x84D1, 0x8CF2, 0x9D33, 0x84B1,
    0x8D13, 0x8CD1, 0x8CF2, 0x8D12, 0x9DB5, 0xA5F6, 0xA5D6, 0xA5D6, 0xA5D6, 0xADB5, 0x9DB5, 0x9DB5,
    0xA5F6, 0xA5F6, 0xADD6, 0xA5D6, 0xA5F6, 0xA5F6, 0xA5F6, 0x9575, 0x9574, 0xA5B5, 0xA5D5, 0xA5D6,
    0xA5F6, 0xA5B4, 0xA5B5, 0xA5D6, 0xA5B5, 0xA5D6, 0xADB5, 0xA5D5, 0xA5F6, 0xA5F6, 0xA5D6, 0x9533,
    0x9D74, 0xA5F6, 0xA5F6, 0xA5F6, 0xA5F6, 0xADD5, 0xA5D6, 0xA5D6, 0xA5F6, 0xA594, 0xA5B5, 0xA5D5,
    0xA5F6, 0xA5F6, 0x9D94, 0x9D94, 0x9533, 0xA5D6, 0xA617, 0xA617, 0xA5F6, 0x9D52, 0x9DB4, 0xA5F6,
    0xA5B5, 0xA5D5, 0xA594, 0x9DB5, 0xA5F6, 0xA5D6, 0xA5F6, 0x9D95, 0x9D95, 0x9D95, 0x9D95, 0x9594,
    0x9DB5, 0xA595, 0x9574, 0x9574, 0x9DB5, 0x9DB5, 0xADD5, 0x9DB5, 0x9DB5, 0x9DB6, 0x9DD6, 0x9554,
    0x9554, 0x9D95, 0x9D95, 0x9DB5, 0xA5B5, 0xA594, 0x9DB5, 0x9DB5, 0x9D95, 0x9DB5, 0xADD5, 0x9D94,
    0x9DB5, 0x9DB5, 0x9DB5, 0x9554, 0x9574, 0x9DB5, 0xA5D6, 0x9DB5, 0x9DB5, 0xADB5, 0x9D95, 0x9D74,
    0xA5D6, 0x9553, 0xADD6, 0x9D95, 0x9DB5, 0x9DB5, 0x9D94, 0x9574, 0x8D12, 0x9D95, 0x9DD6, 0x9DD6,
    0x9DB5, 0xA573, 0x9D74, 0x9DB5, 0x9D95, 0x9D95, 0xA5B4, 0x9D94, 0x9DB5, 0x9DB5, 0xA5D5, 0x9595,
    0x9D95, 0x9DB5, 0x9D95, 0x9574, 0x9574, 0xADB5, 0x9574, 0x9574, 0x9D95, 0x9D95, 0xADD5, 0x9DB5,
    0x9DB5, 0x9DB6, 0x9DB5, 0x9574, 0x9553, 0x9D94, 0x9D95, 0x9DB5, 0xA5D6, 0xADB5, 0x9DB5, 0x9D95,
    0x9D95, 0x9DB5, 0xADD6, 0x9D74, 0x9D95, 0x9DB5, 0x9D95, 0x9554, 0x9574, 0x9DB5, 0x9DB6, 0x9DB5,
    0x9DB5, 0xADD5, 0x9DB5, 0x9D94, 0x9DB5, 0x9533, 0xA595, 0x9D94, 0x9554, 0x9D94, 0x9553, 0x9553,
    0x8D12, 0x9DB5, 0x9DD6, 0x9DB5, 0x9D95, 0x9D52, 0x9574, 0x9D94, 0x9DB5, 0x9DB5, 0xA594, 0x9D94,
    0x9D95, 0x9D95, 0x9DB5, 0x9595, 0x9575, 0x9D95, 0x9594, 0x9D94, 0x9595, 0xADB5, 0x9D95, 0x9D94,
    0x9D95, 0x9D94, 0xADD5, 0x9594, 0x9D94, 0x9DB5, 0x9DB5, 0x9574, 0x9554, 0x9D95, 0x9DB5, 0x9DB5,
    0xA5D6, 0xA594, 0x9DB5, 0x9D95, 0xA5D6, 0x9DB5, 0xADD6, 0x9574, 0x9D94, 0x9DB5, 0x9D94, 0x9554,
    0x9574, 0x9DB5, 0x9DB5, 0x9DB5, 0x9DB6, 0xA5B5, 0x9D94, 0x9D94, 0x9DB5, 0x9D94, 0xADD6, 0x9574,
    0x9553, 0x9574, 0x9553, 0x9553, 0x8D12, 0x9D95, 0x9D95, 0x9D95, 0x9D94, 0xA594, 0x9574, 0x9D94,
    0x9D95, 0x9594, 0xADD5, 0x9594, 0x9D94, 0x9D94, 0x9DB5, 0x9574, 0x9595, 0x9DB5, 0x9DB5, 0x9D95,
    0x9DB5, 0xADB5, 0x9DB5, 0x9DB5, 0x9DB5, 0x9DB5, 0xADD6, 0x9574, 0x9D95, 0x9DB5, 0x9DB5, 0x9D74,
    0x9553, 0x9574, 0x9D94, 0x9DB5, 0xA5D5, 0xADD6, 0xA5B5, 0x9DB5, 0xA5B5, 0x9D94, 0xADB5, 0x9574,
    0x9DB5, 0x9DB5, 0x9D95, 0x9553, 0x9574, 0x9DB5, 0x9DB5, 0x9D94, 0x9D94, 0xA594, 0x9DB5, 0x9DB5,
    0x9DB5, 0x9D74, 0xADF6, 0x9D74, 0x9553, 0x9553, 0x9D94, 0x9D94, 0x9533, 0x9D94, 0x9D94, 0x9DB5,
    0x9D95, 0xA594, 0x9D94, 0x9DB5, 0x9D95, 0x9DB5, 0xA5B4, 0x9D94, 0x9D95, 0x9D94, 0x9D95, 0x9D95,
    0x9D74, 0xA5B5, 0xADD6, 0xADD6, 0xBE17, 0xA553, 0xA594, 0xA5B5, 0xADD6, 0xADB5, 0xAD94, 0xA5B5,
    0xADB5, 0xADB5, 0xB5F6, 0xADB5, 0x9D33, 0xA573, 0xA574, 0xADD5, 0xB5F6, 0xA573, 0xADD5, 0xA594,
    0xA573, 0x9D32, 0xA553, 0xA574, 0xADB5, 0xADB5, 0xB5D5, 0xA574, 0x9D53, 0xADB5, 0xA5B5, 0xA5B5,
    0xADD5, 0x9D11, 0xA594, 0xADD5, 0xADD6, 0x9D33, 0xAD94, 0x9D53, 0x9D32, 0x9D53, 0xADB5, 0xA594,
    0x9512, 0xA594, 0xADB5, 0xA5B5, 0xB5D5, 0x9D32, 0xA574, 0xADD6, 0xADD6, 0xADD6, 0xA574, 0xA594,
    0xA5B4, 0xA574, 0xA5B5, 0xA595, 0x9595, 0x9DB5, 0x9DD6, 0xA5D6, 0xADF6, 0x9D53, 0x9D94, 0x9DB5,
    0xA5D6, 0x9DB5, 0xADD6, 0x9DB5, 0x9DB5, 0x9DB5, 0x9DB5, 0x9554, 0x9553, 0x9553, 0x9574, 0x9D94,
    0xA5D5, 0xA595, 0x9D95, 0x9554, 0x9553, 0x9574, 0xADD5, 0x9D94, 0x9DB5, 0x9DB5, 0x9DB5, 0x9553,
    0x9574, 0x9DB5, 0x9DB5, 0x9DB5, 0xA5D5, 0xA594, 0x9DB5, 0x9DB5, 0x9DB5, 0x9D73, 0xA5B5, 0x9553,
    0x9533, 0x9553, 0x9DB5, 0x9574, 0x8D12, 0x9DB5, 0x9DB5, 0x9D95, 0x9D94, 0x9511, 0x9D95, 0x9DB5,
    0xA5D6, 0xA5D6, 0xADB5, 0x9573, 0x9574, 0x9574, 0x9DB5, 0x9574, 0x9595, 0x9DB5, 0x9D95, 0x9DB5,
    0xA5B5, 0xA574, 0x9D95, 0x9DB5, 0x9DB5, 0x9D94, 0xADD6, 0x9DB5, 0x9DB5, 0x9DB5, 0x9DB5, 0x9554,
    0x8D33, 0x9D74, 0x9574, 0x9D94, 0xA5D6, 0xA595, 0x9594, 0x9574, 0x9D74, 0x9D94, 0xADD5, 0x9D95,
    0x9DB5, 0x9DB6, 0x9DB5, 0x9553, 0x9553, 0x9DB5, 0x9DB5, 0x9DB5, 0xA5D5, 0xADD5, 0x9DB5, 0x9D94,
    0x9D95, 0x9533, 0xA595, 0x9553, 0x9D94, 0x9533, 0x9D74, 0x9553, 0x9533, 0x9D94, 0x9DB5, 0x9553,
    0x9DB5, 0x9D53, 0x9DB5, 0x9DB5, 0x9DD6, 0x9DB5, 0xA5B5, 0x9D74, 0x9DB5, 0x9D95, 0x9DB5, 0x9D95,
    0x9574, 0x9595, 0x9D95, 0x9594, 0x9574, 0xA574, 0x9574, 0x9553, 0x9DB5, 0x9D74, 0xADD5, 0x9D94,
    0x9D95, 0x9DB5, 0x9DB5, 0x9554, 0x9533, 0x9553, 0x9D94, 0x9D94, 0x9DB5, 0xA595, 0x9DB5, 0x9D95,
    0x9D74, 0x9DB5, 0xADB5, 0x9DB5, 0x9DB5, 0x9DB6, 0x9DB5, 0x9554, 0x8D33, 0x9DB5, 0x9DB5, 0x9D95,
    0x9DB5, 0xADD6, 0x9DB5, 0x9DB5, 0x9D95, 0x9532, 0xA5B5, 0x9574, 0x9D94, 0x9532, 0x9D74, 0x9554,
    0x8D33, 0x9D95, 0x9DB5, 0x9574, 0x9D74, 0x9D74, 0x9DB5, 0x9DB5, 0x9DB5, 0x9D94, 0xA574, 0x9574,
    0x9DB5, 0x9D94, 0x9DB5, 0x9DB5, 0x9574, 0x9D95, 0x9594, 0x9574, 0x9574, 0xA574, 0x9574, 0x9553,
    0x9D95, 0x9553, 0xA5B5, 0x9574, 0x9D94, 0x9D94, 0x9DB5, 0x9554, 0x9554, 0x9574, 0x9574, 0x9DB5,
    0x9DB5, 0xA5B5, 0x9574, 0x9D94, 0x9D94, 0x9574, 0xADB5, 0x9DB5, 0x9DB5, 0x9DB5, 0x9DB5, 0x9574,
    0x8D32, 0x9D94, 0x9D94, 0x9D94, 0x9DB5, 0xA5B5, 0x9D94, 0x9D94, 0x9D95, 0x9532, 0xADD5, 0x9574,
    0x9574, 0x9532, 0x9D94, 0x9533, 0x8CF1, 0x9553, 0x9D94, 0x9574, 0x9D94, 0xA594, 0xA5D5, 0x9DB5,
    0x9594, 0x9D74, 0xA594, 0x9574, 0x9DB5, 0x9D95, 0x9DB5, 0x9D95, 0xA5B5, 0xADD6, 0xADF6, 0xA5B5,
    0xADD6, 0xAD94, 0xADB5, 0xA5B5, 0xADF6, 0xADD6, 0xB5F6, 0xA5B5, 0xA5B5, 0xADF6, 0xADD6, 0xA5B5,
    0xA5D6, 0xA594, 0xA5B5, 0xADD5, 0xA5B5, 0xAD94, 0xA5B5, 0xA5B5, 0xADD6, 0xA5D5, 0xADB5, 0xADD6,
    0xADF6, 0xADD6, 0xA5B5, 0xA5B5, 0xADB5, 0xADF6, 0xADF6, 0xADF6, 0xADD6, 0xAD94, 0xA5B5, 0xADD6,
    0xADF6, 0x9D53, 0xADB5, 0xADD5, 0xA5B5, 0xA574, 0xA5B5, 0xA594, 0x9D74, 0xA594, 0xADD6, 0xA5B5,
    0xA5B5, 0xA574, 0xADD6, 0xADD6, 0xADD5, 0xA5B5, 0xADB4, 0xA5B5, 0xADF6, 0xADD5, 0xADF6, 0xADD6,
    0x9DB5, 0x9DD6, 0x9DB5, 0x9D95, 0x9D74, 0xA574, 0x9574, 0x9D74, 0x9DD5, 0x9D94, 0xADD5, 0x9DB5,
    0x9DB5, 0x9D95, 0x9D94, 0x8CF1, 0x9574, 0x9D94, 0x9D94, 0x9D95, 0x9D94, 0x9512, 0x9D94, 0x9D74,
    0xA5B5, 0x9DB5, 0xA594, 0x9DB5, 0x9DD5, 0x9DB5, 0x9DB5, 0x9554, 0x8D33, 0x9DB5, 0x9DB5, 0x9DB5,
    0x9D94, 0xA594, 0x9DB5, 0x9DB5, 0x9DB5, 0x9553, 0xADB5, 0x9D73, 0x9DB5, 0x9573, 0x9D95, 0x9553,
    0x9533, 0x9D94, 0x9DB5, 0x9D94, 0x9D94, 0xA594, 0x9DB5, 0x9DB5, 0x9D94, 0x9553, 0xA594, 0x9D95,
    0xA5D6, 0x9DB5, 0xA5D6, 0x9D95, 0x9DB5, 0x9DB5, 0x9DB5, 0x9D95, 0x9D94, 0xA574, 0x9574, 0x9D94,
    0x9DB5, 0x9D95, 0xADD6, 0x9DB5, 0x9D94, 0x9D95, 0x9D74, 0x8CF1, 0x9574, 0x9D95, 0x8D12, 0x9553,
    0x9D94, 0x9D32, 0x9D95, 0x9D95, 0x9D95, 0x9DB5, 0xA594, 0x9DB5, 0x9DB5, 0x9DB5, 0x9DB5, 0x9574,
    0x9533, 0x9DB5, 0x9DB5, 0x9DB5, 0x9DD5, 0xA5B5, 0x9D94, 0x9D94, 0x9DB5, 0x9533, 0xADB5, 0x9D74,
    0x9DB5, 0x9553, 0x9DB5, 0x9553, 0x9533, 0x9D95, 0x9DB5, 0x9D74, 0x9DB5, 0xADD5, 0x9DB5, 0x9DB5,
    0x9D94, 0x9D74, 0xA594, 0x9DB5, 0x9DB5, 0x9DB5, 0x9DD6, 0x9D95, 0x9595, 0x9DB6, 0x9DB5, 0x9DB5,
    0x9574, 0xA574, 0x9D95, 0x9D94, 0x9DB5, 0x9D94, 0xADD6, 0x9D95, 0x9D94, 0x9DB5, 0x9D74, 0x8D12,
    0x9574, 0x9D95, 0x9553, 0x9553, 0x9D94, 0x9D53, 0x9594, 0x9574, 0x9574, 0x9D94, 0xA594, 0x9DB5,
    0x9DB5, 0x9DB5, 0x9DB5, 0x9533, 0x8D33, 0x9DB5, 0x9DB5, 0x9DB5, 0x9DB5, 0xA574, 0x9D94, 0x9553,
    0x9DB5, 0x9553, 0xADB4, 0x9553, 0x9574, 0x9553, 0x9D95, 0x9553, 0x9513, 0x9D95, 0x9DB5, 0x9D95,
    0x9D94, 0xADD5, 0x9DB5, 0x9D95, 0x9D95, 0x9574, 0xA574, 0x9DB5, 0x9DB5, 0x9DB5, 0x9DB5, 0x9574,
    0x9574, 0x9D95, 0x9D95, 0x9DB5, 0x9D95, 0xA595, 0x9574, 0x9574, 0x9D95, 0x9574, 0xADB5, 0x9553,
    0x9554, 0x9D95, 0x9DB5, 0x9533, 0x9574, 0x9D94, 0x9553, 0x9553, 0x9DB5, 0xA574, 0x9574, 0x9574,
    0x9574, 0x9D94, 0xA594, 0x9D94, 0x9D95, 0x9D95, 0x9574, 0x9553, 0x8D13, 0x9DB5, 0x9DB5, 0x9D95,
    0x9D94, 0x9D52, 0x9553, 0x9553, 0x9D95, 0x9D74, 0xA574, 0x9574, 0x9574, 0x9512, 0x9D95, 0x9554,
    0x8D13, 0x9DB5, 0x9DB5, 0x9D95, 0x9DB5, 0xA5B5, 0x9D95, 0x9DB5, 0x9DB5, 0x9DB5, 0xA594, 0x9DB5,
    0x9574, 0x9D95, 0x9D94, 0x9574, 0x84B1, 0x8CF2, 0x84F2, 0x84F2, 0x8CF2, 0x9D33, 0x84B1, 0x84B0,
    0x7C90, 0x846F, 0x9D12, 0x7C4F, 0x8490, 0x84B0, 0x84D1, 0x84B1, 0x8CF2, 0x84B1, 0x8490, 0x8490,
    0x84B1, 0x94F2, 0x8CD2, 0x8491, 0x84B1, 0x84B1, 0x9D33, 0x84D1, 0x84D1, 0x84B1, 0x84D1, 0x7C70,
    0x7C70, 0x8CF2, 0x8CF2, 0x84D1, 0x8CF2, 0x94F2, 0x84B1, 0x7C70, 0x84D1, 0x84B0, 0x9D53, 0x84D1,
    0x8CD2, 0x8490, 0x7C90, 0x84B1, 0x7C70, 0x84D1, 0x84D1, 0x84D1, 0x8D12, 0x9D33, 0x84F2, 0x8CF2,
    0x84D1, 0x8CF2, 0x9D53, 0x9533, 0x8CF2, 0x84D1, 0x84D1, 0x84D2, 0x9DD6, 0xA5F7, 0xA617, 0xA617,
    0xA5F6, 0xA594, 0x9DD5, 0xA5B5, 0xA5D6, 0xA5D5, 0xA594, 0x9D73, 0x9D53, 0x9D74, 0x9D94, 0x8D12,
    0x9574, 0xA5F6, 0x9DB4, 0x9D94, 0x9D73, 0xA5B5, 0xA5D6, 0x9DB5, 0xA5D5, 0x9D94, 0xA594, 0xA5D6,
    0xA5D6, 0xA5D6, 0xA5D6, 0x9553, 0x9553, 0xA5F6, 0xA5F6, 0xA5F6, 0xA5D6, 0xADB5, 0x9DB5, 0xA5B5,
    0xA5F6, 0xA5D5, 0xADD5, 0xA5D5, 0xA5F6, 0x9DB5, 0xA5D6, 0x9574, 0x9574, 0xA5F6, 0xA5F7, 0xA5F6,
    0xA5D5, 0xA594, 0xA5F6, 0xA5F6, 0xA5D6, 0xA5D6, 0xADD5, 0xA5F6, 0xA5F6, 0xA5F6, 0xA5F6, 0x9D95,
    0x9DB5, 0x9DD5, 0x9DB5, 0x9DB5, 0x9DB5, 0xA553, 0x9D95, 0x9594, 0x9D95, 0x9DB5, 0xADB4, 0x8D11,
    0x8CF1, 0x9D74, 0x9D94, 0x8D12, 0x9574, 0x9DB5, 0x9D94, 0x9D95, 0x9D94, 0xADD5, 0x9D95, 0x9D95,
    0x9574, 0x9574, 0xADB5, 0x9D95, 0x9DB5, 0x9D74, 0x9D94, 0x9553, 0x8D12, 0x9DB5, 0x9DB5, 0x9DB5,
    0x9DB5, 0xADB5, 0x9D94, 0x9D94, 0x9DB5, 0x9D94, 0xADD5, 0x9573, 0x9DB5, 0x9D74, 0x9D94, 0x9574,
    0x9553, 0x9DB5, 0x9DB5, 0x9DB5, 0x9DB5, 0xADB5, 0x9DB5, 0x9DB5, 0x9D95, 0x9DB5, 0xADD5, 0x9D95,
    0x9D95, 0x9D95, 0x9D95, 0x9D95, 0x9D95, 0x9D95, 0x9DB5, 0x9574, 0x9D94, 0x9D53, 0x9D94, 0x9DB5,
    0x9D95, 0x9DB5, 0xA5B5, 0x9553, 0x8D12, 0x9D74, 0x9574, 0x9553, 0x9553, 0x9DB5, 0x9D95, 0x9DB5,
    0x9D94, 0x9D73, 0x9DB5, 0x9D95, 0x9574, 0x9594, 0xADB5, 0x9DB5, 0x9DB5, 0x9D74, 0x9574, 0x8D12,
    0x8D12, 0x9D95, 0x9DB5, 0x9DB5, 0x9DB5, 0xA594, 0x9D94, 0x9D94, 0x9DB5, 0x9DB5, 0xADB5, 0x9D94,
    0x9DB5, 0x9D95, 0x9D95, 0x9554, 0x8D13, 0x9DB5, 0x9DB5, 0x9DB5, 0x9D94, 0xA5B5, 0x9DB5, 0x9DB5,
    0x9DB5, 0x9DB5, 0xA595, 0x9D95, 0x9D95, 0x9D95, 0x9D95, 0x9574, 0x9574, 0x9D94, 0x9594, 0x9DB5,
    0x9532, 0x9D53, 0x9D94, 0x9D94, 0x9DB5, 0x9D94, 0xADD5, 0x9574, 0x9532, 0x9D95, 0x9D94, 0x9553,
    0x9553, 0x9D94, 0x9D94, 0x9DB5, 0x9D94, 0x9D53, 0x9D94, 0x9D95, 0x9D95, 0x9D95, 0xADB5, 0x9D95,
    0x9D74, 0x9573, 0x9573, 0x8D12, 0x8D12, 0x9D94, 0x9DB5, 0x9D95, 0x9574, 0xA5B5, 0x9DB5, 0x9D95,
    0x9D95, 0x9D95, 0xADD5, 0x9D94, 0x9DB5, 0x9DB5, 0x9DB5, 0x8D12, 0x8D13, 0x9DB5, 0x9D94, 0x9DB5,
    0x9D94, 0x9D53, 0x9D95, 0x9DB5, 0x9D95, 0x9D95, 0xA594, 0x9D94, 0x9574, 0x9574, 0x9D95, 0x9574,
    0x9574, 0x9574, 0x9533, 0x9D95, 0x9D94, 0x9D53, 0x9D95, 0x9D95, 0x9D95, 0x9D94, 0xADD5, 0x9D94,
    0x9574, 0x9D94, 0x9D74, 0x9553, 0x9533, 0x9594, 0x9D94, 0x9D95, 0x9DB5, 0xA573, 0x9DB5, 0x9DB5,
    0x9574, 0x9574, 0xA594, 0x9D94, 0x9D94, 0x9553, 0x9553, 0x9512, 0x9533, 0x9574, 0x9594, 0x9574,
    0x9D94, 0xA594, 0x9DB5, 0x9D94, 0x9DB5, 0x9DB5, 0xADB5, 0xA5B5, 0x9DB5, 0x9D94, 0x9DB5, 0x8D12,
    0x8D13, 0x9D95, 0x9D94, 0x9D95, 0x9DB5, 0xA594, 0x9DB5, 0x9D95, 0x9D94, 0x9D94, 0xA574, 0x9D94,
    0x9574, 0x9553, 0x9D95, 0x9595, 0x9D74, 0xA594, 0xA574, 0x9D53, 0xA594, 0x9D12, 0xA595, 0xADB5,
    0xA5B5, 0xA594, 0x9D12, 0xA594, 0xA594, 0xA594, 0xA574, 0x9512, 0x9D32, 0xA594, 0xA594, 0xA595,
    0xADD5, 0xA553, 0xA594, 0xA594, 0xA594, 0xADB5, 0x9D32, 0xA574, 0xA574, 0xA574, 0xA594, 0x9D33,
    0x9512, 0xA594, 0xAD95, 0xA594, 0xADD5, 0xA553, 0xA5B5, 0xA573, 0x9D53, 0x9D53, 0x9CF1, 0xA594,
    0xA594, 0xA594, 0xADB5, 0x9D53, 0x94F2, 0xA594, 0xA5B5, 0xA5B5, 0xADB5, 0xA532, 0xA594, 0xA595,
    0xA594, 0xADB5, 0xA574, 0xA574, 0xA574, 0xA574, 0xA595, 0x9D74, 0x9D95, 0x9DB5, 0x9574, 0x9533,
    0x9D94, 0x94D0, 0x9D95, 0x9DB5, 0xA5D6, 0x9DB5, 0xA594, 0x9553, 0x9533, 0x9D74, 0x9D94, 0x9533,
    0x9533, 0x9DB5, 0x9D95, 0x9DB5, 0xA5D5, 0x9D32, 0x9574, 0x9DB5, 0x9DB5, 0x9DB5, 0xA594, 0x9574,
    0x9D94, 0x9D94, 0x9D94, 0x9533, 0x9554, 0x9DB5, 0x9D95, 0x9D94, 0xA5B5, 0xADB5, 0x9DB5, 0x9DB5,
    0x9DB5, 0x9D94, 0x9D53, 0x9553, 0x9D95, 0x9D94, 0x9D94, 0x9553, 0x8D13, 0x9D95, 0x9DB6, 0x9DD6,
    0xA5B5, 0xA594, 0x9DB5, 0x9DB5, 0x9574, 0x9D94, 0xA574, 0x9D94, 0x9D94, 0x9D94, 0x9DB5, 0x9595,
    0x9574, 0x9DB5, 0x9553, 0x9554, 0x9D74, 0x9D52, 0x9D95, 0x9D94, 0x9DB5, 0x9DB5, 0xA594, 0x9553,
    0x8D12, 0x9553, 0x9D95, 0x9533, 0x9553, 0x9DB5, 0x9D95, 0x9DB5, 0x9DB5, 0x9D32, 0x9DB5, 0x9DB5,
    0x9DB5, 0x9DB5, 0xADB5, 0x9D95, 0x9DB5, 0x9574, 0x9D94, 0x9553, 0x9553, 0x9DB5, 0x9D95, 0x9D94,
    0x9DB5, 0xA594, 0x9D94, 0x9DB5, 0x9DB5, 0x9D74, 0xA573, 0x9D74, 0x9DB5, 0x9D94, 0x9574, 0x9554,
    0x8D12, 0x9DB5, 0x9DB5, 0x9DB5, 0xA5D5, 0xADB5, 0x9D95, 0x9574, 0x9553, 0x9574, 0xA574, 0x9D94,
    0x9574, 0x9D94, 0x9DB5, 0x9D95, 0x9594, 0x9D95, 0x9D94, 0x9574, 0x9D95, 0xA573, 0x9D94, 0x9D94,
    0x9D95, 0x9D94, 0xA594, 0x9533, 0x9532, 0x9533, 0x9574, 0x9533, 0x9553, 0x9D95, 0x9D95, 0x9DB5,
    0x9DB5, 0x94F1, 0x9D95, 0x9D95, 0x9DB5, 0x9DB5, 0xADB5, 0x9D94, 0x9DB5, 0x9D95, 0x9594, 0x9533,
    0x8D33, 0x9D94, 0x9D94, 0x9574, 0x9574, 0xA5B5, 0x9574, 0x9D95, 0x9553, 0x9574, 0xA594, 0x9D94,
    0x9D95, 0x9574, 0x9574, 0x8D33, 0x8D13, 0x9D94, 0x9DB5, 0x9DB6, 0x9DB5, 0xADB5, 0x9D95, 0x9574,
    0x9D94, 0x9D94, 0xADD5, 0x9D95, 0x9DB5, 0x9D95, 0x9D95, 0x9594, 0x9574, 0x9594, 0x9574, 0x9D74,
    0x9D94, 0xA574, 0x9553, 0x9532, 0x9573, 0x9DB5, 0xA5B5, 0x9533, 0x9553, 0x9532, 0x9574, 0x8D12,
    0x9553, 0x9574, 0x9594, 0x9D95, 0xA5D5, 0xA573, 0x9D95, 0x9D95, 0x9D94, 0x9D94, 0xA594, 0x9D94,
    0x9D95, 0x9D94, 0x9D94, 0x8D33, 0x8D12, 0x9574, 0x9594, 0x9594, 0x9574, 0xA573, 0x9553, 0x9574,
    0x9553, 0x9574, 0xA595, 0x9D94, 0x9DB5, 0x9574, 0x9533, 0x9594, 0x8D12, 0x9D74, 0x9D95, 0x9DB5,
    0x9D94, 0xA594, 0x9553, 0x9553, 0x9D94, 0x9D94, 0xADD5, 0x9DB5, 0x9DB5, 0x9D74, 0x9553, 0x9554,
    0xA5B5, 0xADD6, 0xADD6, 0xA5B5, 0xA5B5, 0xAD94, 0xADB5, 0x9D53, 0xA5B5, 0xADD5, 0xADB5, 0xA594,
    0x9D73, 0xA595, 0xA5B5, 0xA5B5, 0xA594, 0xA5D5, 0xA595, 0xA5B5, 0xA5B5, 0xA553, 0xADD6, 0xADF6,
    0xADD6, 0xA594, 0xADB5, 0xA5B5, 0xADD6, 0xA5B5, 0xADD6, 0xA594, 0xA595, 0xA5B5, 0xADD6, 0xA5B5,
    0xA574, 0xA574, 0xA595, 0xA594, 0xA5B5, 0xA574, 0xADD5, 0xADB5, 0xAE17, 0xA594, 0xA5B5, 0xA595,
    0x9D53, 0xA5B5, 0xADD6, 0xADD6, 0xADD6, 0xA573, 0xA595, 0xA595, 0xADD5, 0xADD5, 0xADD5, 0xADD6,
    0xADD5, 0xA573, 0xA594, 0xADF6, 0x9574, 0x9DB5, 0x9D95, 0x9D94, 0xA5B5, 0xADB5, 0x9D94, 0x9532,
    0x9D94, 0x9DB5, 0xADD5, 0x9553, 0x9512, 0x9D74, 0x9D94, 0x9533, 0x8D12, 0x9D94, 0x9D74, 0x9DB5,
    0xA5D6, 0x94D0, 0x9DB5, 0x9DB5, 0x9D94, 0x9573, 0xAD94, 0x9D95, 0x9DB5, 0x9DB5, 0xA5D5, 0x9553,
    0x9533, 0x9D95, 0x9DB5, 0x9DB4, 0x9D94, 0x9D33, 0x9512, 0x9553, 0x9D74, 0x9D94, 0xA5B5, 0x9D74,
    0x9DB6, 0x9573, 0x9553, 0x8D12, 0x8CF1, 0x9D95, 0x9DD6, 0xA5D6, 0xA5B5, 0x9D73, 0x9D74, 0x9D95,
    0x9D94, 0x9DB5, 0xADB5, 0x9D95, 0x9DB5, 0x9D74, 0xA5B5, 0x9D95, 0x9574, 0x9D95, 0x9594, 0x9D74,
    0xA5B5, 0xA594, 0x9574, 0x9532, 0x9574, 0x9DB5, 0xADD5, 0x9574, 0x9553, 0x9554, 0x9D94, 0x9574,
    0x8D33, 0x9574, 0x9574, 0x9D95, 0xA5D6, 0x94F1, 0x9D95, 0x9D95, 0x9DB5, 0x9D95, 0xADB5, 0x9DB5,
    0x9D95, 0x9D95, 0x9DB5, 0x9553, 0x9533, 0x9D74, 0x9D74, 0x9553, 0x9D74, 0x9D32, 0x9533, 0x9553,
    0x9D95, 0x9DB5, 0xADD6, 0x9574, 0x9DB5, 0x9553, 0x9553, 0x8D33, 0x9554, 0x9D95, 0xA5D5, 0x9DD6,
    0x9DB5, 0xA5B5, 0x9D94, 0x9D94, 0x9D94, 0x9DB5, 0xADD6, 0x9D94, 0x9DB5, 0x9D74, 0x9DB5, 0x9D95,
    0x9554, 0x9554, 0x9554, 0x9574, 0x9DB5, 0x9D33, 0x9553, 0x8CF1, 0x9533, 0x9D95, 0xA5B4, 0x9553,
    0x8CF1, 0x8D11, 0x9D95, 0x9533, 0x9533, 0x9574, 0x9D94, 0x9D95, 0x9DB5, 0x94F1, 0x9D95, 0x9DB5,
    0x9D95, 0x9D95, 0xADB5, 0x9D94, 0x9D94, 0x9D94, 0x9D95, 0x9554, 0x84D1, 0x9553, 0x9553, 0x9553,
    0x9553, 0xA553, 0x9574, 0x9553, 0x9D74, 0x9D95, 0xA5B5, 0x9DB5, 0x9D95, 0x9D94, 0x9D94, 0x9533,
    0x9554, 0x9DB5, 0x9DB5, 0x9DB5, 0x9DB5, 0xA5B5, 0x9D74, 0x9D94, 0x9D94, 0x9D95, 0xADD5, 0x9DB5,
    0x9D95, 0x9D74, 0x9DB5, 0x9D95, 0x8D12, 0x9553, 0x9553, 0x9553, 0x9574, 0x9D32, 0x9553, 0x9553,
    0x9553, 0x9553, 0xA574, 0x8CF1, 0x8D12, 0x8D11, 0x9574, 0x9533, 0x8D12, 0x9553, 0x9D95, 0x9594,
    0x9D94, 0x94F1, 0x9D95, 0x9D95, 0x9D94, 0x9D94, 0xA574, 0x9574, 0x9553, 0x9D74, 0x9D95, 0x9553,
    0x8D12, 0x9D94, 0x9574, 0x9574, 0x9553, 0xA574, 0x9574, 0x9553, 0x9574, 0x9D94, 0xA5B5, 0x9DB5,
    0x9DB5, 0x9574, 0x9574, 0x9554, 0x9554, 0x9D95, 0x9DB5, 0x9D94, 0xA5B5, 0xA573, 0x9553, 0x9553,
    0x9574, 0x9574, 0xADB5, 0x9DB5, 0x9D95, 0x9D74, 0x9DB5, 0x9575, 0x7C4F, 0x84B0, 0x84D1, 0x84B1,
    0x8CF2, 0x94F1, 0x84B1, 0x8490, 0x84B1, 0x84D1, 0x9D53, 0x7C2E, 0x7C2E, 0x7C6F, 0x84F1, 0x84D1,
    0x7C4F, 0x84B0, 0x8CF2, 0x8CF2, 0x8D12, 0x94D0, 0x8D13, 0x8D13, 0x84F2, 0x8CF2, 0x94F1, 0x8490,
    0x84B0, 0x84B1, 0x8D12, 0x84D1, 0x7C6F, 0x84D1, 0x84D1, 0x7C90, 0x84B0, 0x9D12, 0x84B1, 0x84B1,
    0x8CD1, 0x84D2, 0xA574, 0x8D12, 0x8D13, 0x8CF2, 0x8D13, 0x84D1, 0x84B1, 0x8CF2, 0x8CF2, 0x8CF2,
    0x8D12, 0x9512, 0x84D1, 0x84D1, 0x84D2, 0x8D12, 0x9D74, 0x8D33, 0x8D13, 0x8CD1, 0x8CF2, 0x8CF2,
    0x9512, 0x9DB5, 0x9DB5, 0xA5D6, 0xA5D5, 0x9D53, 0xA5D6, 0x9D94, 0xA5D6, 0x9D94, 0x9D73, 0x9553,
    0x9D73, 0x9D53, 0x9DB5, 0x8D32, 0x9532, 0x9532, 0xA5D6, 0xA5F6, 0xAE16, 0xA573, 0xA5F6, 0xA5F7,
    0xA5F6, 0xA5F6, 0xA573, 0x9553, 0x9DB4, 0xA5D5, 0xA5F6, 0x9D74, 0x9553, 0xA5D5, 0x9DB5, 0x9553,
    0x9553, 0xA594, 0x9D74, 0x9D94, 0x9DB5, 0xA5D6, 0xADD6, 0xA5D5, 0xA5F6, 0xA5F6, 0xA5F6, 0x9D74,
    0x9574, 0xA5D5, 0xA5D6, 0xA5D5, 0xA5B5, 0xA594, 0xA5D5, 0x9DB5, 0x9DB5, 0xA5F6, 0xADF6, 0xA5D6,
    0xA5F6, 0xA5D6, 0xA5D6, 0x9DB5, 0x9533, 0x9574, 0x9574, 0x9D95, 0xA5B5, 0x9D53, 0x9553, 0x9553,
    0x9574, 0x9533, 0xA573, 0x8D12, 0x8CF1, 0x8D12, 0x9574, 0x9533, 0x8D12, 0x9594, 0x9595, 0x9D95,
    0x9DB5, 0x9D53, 0x9D95, 0x9DB5, 0x9DB5, 0x9DB5, 0x9D32, 0x9512, 0x9D95, 0x9D94, 0x9DB5, 0x9D53,
    0x8D12, 0x9D95, 0x9D94, 0x9553, 0x9573, 0xA574, 0x9574, 0x9553, 0x9574, 0x9DB5, 0xADF6, 0x9573,
    0x9D94, 0x9D94, 0x9D94, 0x9574, 0x9533, 0x9574, 0x9554, 0x9D74, 0x9D94, 0xA594, 0x9574, 0x9553,
    0x9574, 0x9D95, 0xADB5, 0x9D94, 0x9D94, 0x9D95, 0x9D94, 0x9574, 0x8CF2, 0x9554, 0x9574, 0x9574,
    0x9DB5, 0xA573, 0x9553, 0x9512, 0x9533, 0x9553, 0xA573, 0x9533, 0x9532, 0x9533, 0x9D74, 0x9553,
    0x8CD1, 0x9574, 0x9554, 0x9595, 0x9DB5, 0xA594, 0x9D95, 0x9D95, 0x9D95, 0x9594, 0x9512, 0x9532,
    0x9D94, 0x9D74, 0x9DB5, 0x9553, 0x8CF2, 0x9D95, 0x9DB5, 0x9D74, 0x9553, 0xA574, 0x9574, 0x9553,
    0x9574, 0x9DB5, 0xA594, 0x8CF1, 0x9D74, 0x8D12, 0x9D94, 0x8D33, 0x8D12, 0x9574, 0x9553, 0x9574,
    0x9D95, 0x9D74, 0x9D74, 0x9574, 0x9574, 0x9D95, 0xADB5, 0x9574, 0x9574, 0x9573, 0x9D74, 0x9554,
    0x8CF1, 0x9533, 0x9553, 0x9574, 0x9D94, 0xA594, 0x9553, 0x9533, 0x9533, 0x9553, 0xA595, 0x8CF1,
    0x8D32, 0x9574, 0x9594, 0x9554, 0x8D33, 0x9574, 0x9594, 0x9595, 0x9DB5, 0xA574, 0x9594, 0x9574,
    0x9D74, 0x9594, 0x9D53, 0x9553, 0x9574, 0x9574, 0x9D95, 0x8D12, 0x8CF2, 0x9D95, 0x9DB5, 0x9574,
    0x9574, 0xA594, 0x9554, 0x9553, 0x9553, 0x9D94, 0xA5B5, 0x9553, 0x9533, 0x9553, 0x9553, 0x8D33,
    0x8D33, 0x9574, 0x9553, 0x9574, 0x9D94, 0xA594, 0x9D94, 0x9574, 0x9574, 0x9D95, 0xA5B5, 0x9D95,
    0x9553, 0x9553, 0x9D94, 0x9574, 0x8D12, 0x9553, 0x9574, 0x9553, 0x9574, 0xA574, 0x9D95, 0x9532,
    0x9553, 0x9D74, 0xA594, 0x8D12, 0x8CF1, 0x9574, 0x9574, 0x9D74, 0x8D33, 0x9D94, 0x9D95, 0x9D95,
    0x9DB5, 0xA574, 0x9574, 0x9574, 0x9574, 0x9D95, 0xA574, 0x9532, 0x9D94, 0x9574, 0x9D95, 0x8CF2,
    0x8D12, 0x9D94, 0x9574, 0x9D94, 0x9574, 0xA574, 0x9553, 0x9553, 0x9553, 0x9574, 0xA594, 0x9553,
    0x9574, 0x8D12, 0x8D32, 0x8D33, 0x8D12, 0x9D95, 0x9D74, 0x9574, 0x9DB5, 0x9D73, 0x9512, 0x9512,
    0x9574, 0x9D95, 0xA5B5, 0x9DB5, 0x9D95, 0x9573, 0x9574, 0x9554, 0x9532, 0xA594, 0xA594, 0x9D73,
    0xA574, 0xAD94, 0xA5B5, 0x9D53, 0x9D53, 0xADD5, 0x9D12, 0x9D73, 0x9D53, 0xA594, 0xA5B5, 0x9D54,
    0x9D33, 0xA574, 0xADD5, 0xADB5, 0xADD6, 0xA574, 0xA5B5, 0xA5B5, 0xA574, 0xADB5, 0xA553, 0x9D53,
    0xA594, 0xA594, 0xADD5, 0x9D12, 0x9D12, 0xA5B5, 0xA5B5, 0xA594, 0xA574, 0xA533, 0xA594, 0x9D53,
    0xA595, 0xB617, 0xAD94, 0x9D53, 0xA574, 0x9D53, 0xA594, 0x9D53, 0x9D33, 0xA595, 0x9D32, 0xA595,
    0xB5F6, 0x9D32, 0xA594, 0xAD94, 0xA573, 0xA574, 0xA574, 0xA5B5, 0xA594, 0xA574, 0xA5B5, 0xA595,
    0x9554, 0x9574, 0x9574, 0x9574, 0x9D95, 0xA594, 0x9D95, 0x9D74, 0x9533, 0x9D94, 0x9D73, 0x9533,
    0x9532, 0x9DB5, 0x9D94, 0x9533, 0x9574, 0x9D95, 0x9D95, 0x9D95, 0x9DB5, 0xADB5, 0x9DB5, 0x9DB5,
    0x9D94, 0x9D94, 0xA594, 0x9574, 0x9574, 0x9574, 0x9D95, 0x8CF2, 0x8CF1, 0x9D74, 0x9D94, 0x9D74,
    0x9574, 0x9D53, 0x9553, 0x9553, 0x9DB5, 0x9DB5, 0xA595, 0x9553, 0x9574, 0x9D94, 0x9574, 0x9553,
    0x8D13, 0x9594, 0x9553, 0x9D95, 0x9D94, 0x9D74, 0x9D74, 0x9573, 0x9553, 0x9574, 0xA553, 0x9594,
    0x9574, 0x9554, 0x9D94, 0x9574, 0x9554, 0x9574, 0x9574, 0x9574, 0x9DB5, 0xA574, 0x9D95, 0x9553,
    0x9533, 0x9D94, 0xA573, 0x9533, 0x9532, 0x9574, 0x9D94, 0x9533, 0x9553, 0x9D94, 0x9D95, 0x9DB5,
    0xA5D6, 0xA595, 0x9DB5, 0x9D95, 0x9D95, 0x9D95, 0xA594, 0x9553, 0x9574, 0x9574, 0x9594, 0x8D12,
    0x8CD1, 0x9D95, 0x9594, 0x9D94, 0x9D94, 0x9D53, 0x9553, 0x8D12, 0x9574, 0x9D74, 0xADB5, 0x9532,
    0x9D74, 0x9D94, 0x9553, 0x8D33, 0x8D13, 0x9D95, 0x9553, 0x9D95, 0x9DB5, 0x9D53, 0x9553, 0x9553,
    0x9533, 0x9594, 0x9D53, 0x9D95, 0x9574, 0x9574, 0x9DB5, 0x9574, 0x9553, 0x9D94, 0x9594, 0x9574,
    0x9D95, 0xA594, 0x9574, 0x8D12, 0x8D12, 0x9574, 0x9D53, 0x9553, 0x8D12, 0x9574, 0x9574, 0x8D33,
    0x8D33, 0x9574, 0x9D95, 0x9D95, 0x9DB5, 0xA595, 0x9D94, 0x9D95, 0x9D95, 0x9594, 0xA594, 0x9554,
    0x9553, 0x9554, 0x9D94, 0x8D12, 0x8D12, 0x9D95, 0x9595, 0x9574, 0x9D94, 0xA574, 0x9553, 0x9532,
    0x9D95, 0x9553, 0xA5B5, 0x9533, 0x9574, 0x9574, 0x9553, 0x8D33, 0x8D33, 0x9574, 0x9573, 0x9D95,
    0x9DB5, 0xA574, 0x8D12, 0x8D12, 0x9553, 0x9574, 0xA594, 0x9D95, 0x9D95, 0x9574, 0x9574, 0x9554,
    0x9553, 0x9574, 0x9574, 0x9574, 0x9DB5, 0xA574, 0x9553, 0x8D12, 0x8D12, 0x9574, 0xA594, 0x9553,
    0x8CD1, 0x9533, 0x9574, 0x9533, 0x8D12, 0x9553, 0x9574, 0x9574, 0x9DB5, 0xA594, 0x9574, 0x9594,
    0x9574, 0x9574, 0xADB4, 0x9553, 0x9553, 0x9553, 0x9554, 0x8490, 0x8CF2, 0x9594, 0x9594, 0x9553,
    0x9574, 0x9D53, 0x9553, 0x8D12, 0x9574, 0x9553, 0xA594, 0x8D12, 0x9553, 0x9554, 0x9574, 0x8D12,
    0x8D12, 0x9D74, 0x9574, 0x9D94, 0x9DB5, 0x9D53, 0x8D12, 0x8D12, 0x9574, 0x9D94, 0xA594, 0x9574,
    0x9574, 0x9574, 0x9574, 0x9574, 0x9D74, 0x9D74, 0xA595, 0xA595, 0xADB5, 0xA573, 0xA594, 0x9D33,
    0x9D74, 0x9D33, 0xA594, 0xA594, 0x9512, 0xA594, 0xA5B5, 0xA594, 0x9512, 0xA574, 0xA594, 0xA594,
    0xA5B5, 0xA553, 0xA5B5, 0xA5B5, 0xA594, 0x9D53, 0xADB5, 0xA574, 0xA574, 0x9D73, 0xA595, 0x94D1,
    0x9D53, 0xA5B5, 0xA594, 0xA574, 0xA574, 0x9D32, 0x9D74, 0x9D53, 0xA5B5, 0x9D74, 0xAD94, 0x9D53,
    0xA574, 0x9D54, 0xA5B5, 0x9D74, 0x9D32, 0x9512, 0x9D74, 0xA594, 0xA594, 0xA553, 0x9D33, 0xA574,
    0xA5B5, 0xA595, 0xADB5, 0xA5B5, 0xA5B5, 0xA595, 0xA5B5, 0xA5B5, 0x9553, 0x9574, 0x9574, 0x9D95,
    0x9D95, 0xA594, 0x9574, 0x8D33, 0x9533, 0x9533, 0xA595, 0x9574, 0x8D12, 0x9574, 0x9D95, 0x9533,
    0x8D12, 0x9574, 0x9574, 0x9574, 0x9D95, 0x94D0, 0x9594, 0x9D95, 0x9574, 0x9553, 0xA594, 0x9553,
    0x9553, 0x9532, 0x9574, 0x846F, 0x8D12, 0x9D95, 0x9D95, 0x9553, 0x9553, 0x9D73, 0x9D74, 0x9D73,
    0x9574, 0x9D94, 0xA574, 0x9553, 0x9D74, 0x9D74, 0x9574, 0x9533, 0x8CD0, 0x9553, 0x9553, 0x9D95,
    0x9DB5, 0x9D73, 0x9533, 0x9533, 0x9554, 0x9D94, 0xA5B5, 0x9594, 0x9574, 0x9574, 0x9D74, 0x9574,
    0x9533, 0x9574, 0x9574, 0x9574, 0x9D94, 0xA574, 0x9D94, 0x9533, 0x8D12, 0x9533, 0xADB5, 0x9D94,
    0x9553, 0x9D94, 0x9D95, 0x9533, 0x9533, 0x9594, 0x9574, 0x9574, 0x9594, 0x94F1, 0x9574, 0x9574,
    0x9574, 0x9594, 0xA594, 0x9574, 0x9533, 0x8D12, 0x9574, 0x84B0, 0x8D12, 0x9D94, 0x9574, 0x9533,
    0x9D74, 0x9D53, 0x9553, 0x9532, 0x9594, 0x9553, 0x9D53, 0x9574, 0x9574, 0x9574, 0x9D74, 0x8D33,
    0x8CF2, 0x9574, 0x9574, 0x9D94, 0x9D95, 0xA594, 0x9D74, 0x9553, 0x9D94, 0x9D95, 0xA595, 0x9594,
    0x9D95, 0x9D74, 0x9D94, 0x9574, 0x8D33, 0x9574, 0x9574, 0x9554, 0x9574, 0xA574, 0x9574, 0x8D12,
    0x8D12, 0x9533, 0xA5B5, 0x9574, 0x9553, 0x9574, 0x9574, 0x8D13, 0x8D12, 0x9574, 0x9D94, 0x9574,
    0x9574, 0x94F1, 0x9574, 0x9574, 0x9553, 0x9574, 0xA594, 0x9553, 0x9533, 0x9532, 0x9D94, 0x8CD1,
    0x8D12, 0x9574, 0x9574, 0x9553, 0x9533, 0x9D53, 0x9553, 0x8CD1, 0x9574, 0x9574, 0xA574, 0x9533,
    0x9574, 0x9574, 0x9574, 0x8D33, 0x8CF2, 0x9553, 0x9574, 0x9574, 0x9574, 0xA594, 0x9574, 0x9533,
    0x9594, 0x9595, 0xA594, 0x9595, 0x9574, 0x9574, 0x9595, 0x9554, 0x8D53, 0x9554, 0x9574, 0x8D32,
    0x9533, 0xA574, 0x9554, 0x8D33, 0x8D33, 0x9553, 0xA595, 0x9554, 0x8D12, 0x9574, 0x9574, 0x8D12,
    0x8CF2, 0x9574, 0x9574, 0x9533, 0x9553, 0x9D53, 0x9574, 0x9553, 0x9553, 0x9574, 0xA573, 0x9553,
    0x8D12, 0x8D12, 0x9553, 0x8CF2, 0x8CF2, 0x8D12, 0x9533, 0x9553, 0x9554, 0x9D32, 0x9574, 0x8CF2,
    0x9574, 0x9554, 0x9D74, 0x9533, 0x9532, 0x9533, 0x9533, 0x9533, 0x8CF2, 0x9574, 0x9574, 0x9574,
    0x9574, 0xA574, 0x9553, 0x9532, 0x9574, 0x9D94, 0xA5B5, 0x9574, 0x9574, 0x9554, 0x9574, 0x9554,
    0x84B1, 0x84D1, 0x84D1, 0x7C90, 0x8490, 0x9512, 0x84D1, 0x84B1, 0x84B1, 0x84D2, 0x9D74, 0x84D1,
    0x8490, 0x84F2, 0x84F2, 0x84F2, 0x7C6F, 0x84D1, 0x84D1, 0x84B0, 0x84D1, 0x94F2, 0x84D1, 0x84D2,
    0x84B0, 0x84F1, 0x9D32, 0x84B0, 0x84B0, 0x7C90, 0x84D2, 0x7C6F, 0x7C90, 0x7C90, 0x84B1, 0x7C90,
    0x84F2, 0x9512, 0x84F2, 0x7C6F, 0x84F2, 0x84D1, 0x9512, 0x84B0, 0x84D1, 0x84D1, 0x84D1, 0x7CB1,
    0x7C70, 0x8D12, 0x84D1, 0x84D2, 0x84D1, 0x9533, 0x84D1, 0x84D1, 0x84F2, 0x8D12, 0xA574, 0x8D13,
    0x8D12, 0x84F2, 0x84F2, 0x84D2,
};
#define POOLS_DAMP_WALL_MIP2_SIZE 32
static const uint16_t POOLS_DAMP_WALL_MIP2_PIXELS[1024] __attribute__((aligned(16))) = {
    0x9D94, 0x9DD6, 0x9D74, 0x9553, 0x9D94, 0x9D94, 0x9DB5, 0x9D95, 0x9553, 0x9D74, 0xA5D6, 0x9DB5,
    0x9DB5, 0xA5B4, 0x9DB5, 0x9573, 0x9D94, 0xA5D5, 0xADF6, 0x9D94, 0x9D94, 0xA594, 0x9DD5, 0x9553,
    0x9574, 0xA5D6, 0xA594, 0x9D74, 0x9DB5, 0xA594, 0x9DB5, 0x9DB5, 0x9574, 0x9D95, 0xA594, 0x9554,
    0x9574, 0x9D74, 0x9D94, 0x9574, 0x9532, 0x9574, 0xA5B5, 0x9D94, 0x9D95, 0x9D94, 0x9DB5, 0x9574,
    0x9574, 0x9D94, 0xA5D6, 0x9574, 0x9D74, 0xA5B5, 0x9DB5, 0x9553, 0x9553, 0x9DB5, 0x9D95, 0x9D74,
    0x9574, 0x9D94, 0x9D94, 0x9574, 0x9D74, 0x9D95, 0xA594, 0x9D74, 0xA5B5, 0x9D74, 0x9D94, 0x9D74,
    0x9533, 0x9D53, 0xA595, 0x9D74, 0xA594, 0xA574, 0xA5B5, 0x9D74, 0x9D74, 0x9D95, 0xADB5, 0xA594,
    0xA594, 0xA594, 0xA5B5, 0x9D74, 0x9D53, 0x9D95, 0xA5B5, 0x9D94, 0xA594, 0xA594, 0x9D74, 0x9D74,
    0x9595, 0x9D95, 0xA594, 0x9554, 0x9D95, 0xA5B5, 0x9D95, 0x9D95, 0x9533, 0x9553, 0xA5B5, 0x9573,
    0x9D95, 0xA595, 0x9DB5, 0x9553, 0x9594, 0x9DB5, 0xADF6, 0x9D94, 0x9D74, 0xA594, 0x9DB5, 0x9574,
    0x9554, 0x9DB5, 0xA5D5, 0x9D94, 0x9D95, 0xA594, 0x9D94, 0x9D94, 0x9595, 0x9D95, 0x9D95, 0x9D94,
    0x9DB5, 0xA5B5, 0x9D94, 0x9574, 0x9533, 0x9553, 0xA5B5, 0x9D94, 0x9DB5, 0xA5B5, 0x9DD6, 0x9574,
    0x9574, 0x9D95, 0xA5D6, 0x9D94, 0x9553, 0xA594, 0x9D95, 0x9553, 0x9574, 0x9DB5, 0xA5B5, 0x9D94,
    0x9DB5, 0xA595, 0x9D95, 0x9595, 0xA5B5, 0xA5D6, 0xADB5, 0xA5B5, 0xADF6, 0xA5B5, 0xA5B5, 0xA5B5,
    0x9D74, 0x9D94, 0xA5B5, 0xA5B5, 0xA5D6, 0xA5B5, 0xADF6, 0xA5B5, 0xA5B5, 0xA5D6, 0xADF6, 0xA594,
    0x9D94, 0xA594, 0xA5B5, 0x9D74, 0xA595, 0xA5F6, 0xADF6, 0xA5D5, 0xA5D6, 0xA5B5, 0xA5D5, 0xA5B5,
    0x9D95, 0x9DB5, 0xA5D5, 0x9D94, 0x9DD5, 0xA5B5, 0x9DB5, 0x9D95, 0x9553, 0x9D94, 0xA5B5, 0x9574,
    0x9DB5, 0xA5B5, 0x9DB5, 0x9D94, 0x9D95, 0x9DB5, 0xA5B5, 0x9D94, 0x9574, 0xA594, 0x9D95, 0x9553,
    0x9574, 0x9DD6, 0xA5D6, 0x9DB5, 0x9DB5, 0xA595, 0x9DB5, 0x9D95, 0x8D33, 0x8D33, 0x9D53, 0x8D12,
    0x9553, 0x9D74, 0x9533, 0x9553, 0x8D12, 0x9533, 0x9D54, 0x9553, 0x9574, 0x9D53, 0x9554, 0x8D12,
    0x8D33, 0x9554, 0x9D74, 0x9533, 0x8D13, 0x9D53, 0x9554, 0x8CF2, 0x8D12, 0x9554, 0x9D53, 0x9533,
    0x9533, 0x9D53, 0x9533, 0x9553, 0x9DB5, 0x9DB5, 0xA5B5, 0x9D94, 0xA5D6, 0xA5D5, 0xA5D6, 0x9DB5,
    0x9D94, 0x9DB5, 0xA5B5, 0x9DB5, 0x9DB5, 0xA5B5, 0xA5D6, 0x9D74, 0x9D95, 0xA5D6, 0xA5D5, 0x9DB5,
    0x9DB5, 0xA5B5, 0xA5D6, 0x9D94, 0x9574, 0xA5F6, 0xA594, 0x9DB5, 0x9DB5, 0xA594, 0xA5D6, 0x9DB5,
    0x9D95, 0x9594, 0x9D95, 0x9D74, 0x9D95, 0xA5B5, 0x9DB5, 0x9D95, 0x9574, 0x9DB5, 0xA5B5, 0x9D95,
    0x9DB5, 0xA5B5, 0x9D95, 0x9D74, 0x9D95, 0x9DB5, 0xA5B5, 0x9D95, 0x9D94, 0xA595, 0x9574, 0x9553,
    0x9554, 0x9DB5, 0x9D74, 0x9574, 0x9D95, 0x9D94, 0x9D94, 0x9D95, 0x9D95, 0xA5B5, 0xA5B5, 0xA595,
    0xA5B5, 0xA595, 0xA5B5, 0xA5B5, 0x9D53, 0xA594, 0xADB5, 0xA5B5, 0x9D74, 0xA574, 0xA5B5, 0xA594,
    0x9D94, 0xA5B5, 0xA574, 0xA5B5, 0x9D94, 0xA594, 0x9D53, 0x9D94, 0x9D53, 0xA5B5, 0xA594, 0xA595,
    0xA5B5, 0xA594, 0x9D94, 0x9D95, 0x9D95, 0x9DB5, 0xA594, 0x9D95, 0x9DB5, 0xA5B5, 0x9DB5, 0x9D94,
    0x9553, 0x9D74, 0xA5B5, 0x9574, 0x9D74, 0xA5B5, 0x9DB5, 0x9D74, 0x9D94, 0x9DB5, 0xA5B5, 0x9DB5,
    0x9D74, 0x9D74, 0x9553, 0x9D74, 0x9554, 0x9D95, 0x9D73, 0x9DB5, 0x9DB6, 0x9D94, 0x9D94, 0x9D95,
    0x9574, 0x9594, 0x9D74, 0x9553, 0x9D94, 0xA595, 0x9D94, 0x9574, 0x9553, 0x9D94, 0xA5B5, 0x9D94,
    0x9D94, 0xA5B5, 0x9DB5, 0x9D94, 0x9554, 0x9D95, 0xA5B5, 0x9D95, 0x9573, 0x9D94, 0x9553, 0x9574,
    0x9533, 0x9D94, 0x9D74, 0x9DB5, 0x9D94, 0x9D74, 0x9D95, 0x9DB5, 0xA5B5, 0xA5B5, 0xA594, 0x9D94,
    0xA5D5, 0xA5B5, 0xA5B5, 0x9D74, 0x9D94, 0xA5B5, 0x9D74, 0x9D95, 0xA5D5, 0xA5B5, 0xA5D6, 0xA595,
    0xA5B5, 0xA5D6, 0xA5B5, 0xA5B5, 0x9D94, 0xA594, 0x9D94, 0x9D94, 0x9D74, 0xA5B5, 0xA594, 0xA5B5,
    0x9D94, 0xA594, 0xA5D5, 0xA5D5, 0x9DB5, 0x9DB5, 0x9D94, 0x9D94, 0x9DB5, 0xA5B5, 0x9D95, 0x9532,
    0x9D94, 0x9533, 0x9D73, 0x9D94, 0x9D94, 0xA594, 0x9DB5, 0x9D74, 0x9574, 0x9DB5, 0xA5B5, 0x9D74,
    0x9D74, 0x9D94, 0x9574, 0x9574, 0x9554, 0x9D95, 0xA5B5, 0x9DB5, 0x9D94, 0xA594, 0x9DB5, 0x9D95,
    0x8D33, 0x9533, 0x9D53, 0x8D12, 0x8D12, 0x9512, 0x8D12, 0x8D12, 0x9533, 0x8CF2, 0x9533, 0x8D12,
    0x8D12, 0x9553, 0x8D33, 0x8CF2, 0x8D12, 0x9533, 0x9532, 0x8CF2, 0x8D12, 0x9533, 0x8CF2, 0x8D12,
    0x8CF2, 0x8D33, 0x9D54, 0x9553, 0x9553, 0x9D74, 0x8D33, 0x8D33, 0x9DD6, 0xA5D6, 0xA5B5, 0x9DB5,
    0x9DB5, 0x9D73, 0x9553, 0x9553, 0x9D95, 0x9D94, 0xA594, 0x9DB5, 0x9D94, 0xA5B5, 0x9DB5, 0x9D74,
    0x9574, 0xA5D6, 0xA5D5, 0x9D94, 0x9DB5, 0xA5B5, 0x9DB5, 0x9D95, 0x9D95, 0xA5D6, 0xA5B5, 0xA5D6,
    0x9DB5, 0xA5D5, 0xA5B5, 0x9DB5, 0x9595, 0x9D95, 0x9D53, 0x9D94, 0x9D95, 0x9D94, 0x9553, 0x9554,
    0x9574, 0x9D95, 0x9D74, 0x9D95, 0x9D94, 0xA5B5, 0x9D74, 0x9533, 0x9553, 0x9DB5, 0x9D94, 0x9D95,
    0x9DB5, 0xA5B4, 0x9DB5, 0x9574, 0x9554, 0x9D95, 0x9D94, 0x9DB5, 0x9D95, 0x9D94, 0x9D94, 0x9594,
    0x9D74, 0x9D73, 0x9D53, 0xA595, 0xA594, 0xA574, 0x9D94, 0x9D53, 0x9D53, 0x9D94, 0xA594, 0x9D95,
    0x9D94, 0x9D74, 0x9D74, 0x9D53, 0x9553, 0x9D94, 0xA594, 0xA594, 0x9D74, 0xA574, 0x9D94, 0x9D74,
    0x9553, 0xA595, 0xA594, 0x9D95, 0x9D94, 0x9D74, 0x9D74, 0x9D94, 0x9D95, 0x9553, 0x9D53, 0x9D94,
    0x9DB5, 0x9D74, 0x9553, 0x9554, 0x9574, 0x9DB5, 0x9D74, 0x9D95, 0x9DB5, 0x9D94, 0x9D94, 0x9574,
    0x9574, 0x9D94, 0xA5B5, 0x9DB5, 0x9D95, 0x9D53, 0x9D94, 0x9574, 0x9554, 0x9DB5, 0xA5B5, 0x9D95,
    0x9574, 0x9D74, 0x9D94, 0x9DB5, 0x9594, 0x9D74, 0x9D74, 0x9573, 0x9D94, 0x9D74, 0x9533, 0x9553,
    0x9574, 0x9D95, 0x9D74, 0x9D95, 0x9D95, 0xA594, 0x9D95, 0x9554, 0x9553, 0x9594, 0x9D74, 0x9574,
    0x9553, 0xA594, 0x9D94, 0x9553, 0x9553, 0x9DB5, 0xA594, 0x9574, 0x9D94, 0xA5B5, 0x9D95, 0x9574,
    0x9DB5, 0xA5B5, 0xA5B5, 0x9D74, 0xA5B5, 0xA595, 0x9D53, 0x9D94, 0x9D74, 0x9D95, 0x9D73, 0xA5D5,
    0x9D94, 0xA595, 0xA5B5, 0x9D95, 0x9D94, 0xA5B5, 0x9D74, 0x9D73, 0x9D94, 0xA5B5, 0xA5B5, 0x9D74,
    0x9D53, 0xA5D6, 0xA594, 0x9D94, 0xA5B5, 0xA5B5, 0xA594, 0xA5B5, 0x9574, 0x9574, 0x9D94, 0x9533,
    0x9574, 0x9D94, 0x9532, 0x9574, 0x9553, 0x9D94, 0x9D53, 0x9D95, 0x9D95, 0xA5B5, 0x9D95, 0x9D74,
    0x9533, 0x9553, 0x9D53, 0x9553, 0x9D95, 0xA5B5, 0x9D94, 0x9553, 0x9574, 0x9DB5, 0xA5B5, 0x9D94,
    0x9D95, 0xA5B5, 0x9D94, 0x9D95, 0x84D1, 0x8D12, 0x9512, 0x8CF2, 0x8D12, 0x94F2, 0x84B0, 0x8D12,
    0x8CD1, 0x9533, 0x9512, 0x9554, 0x9533, 0x9512, 0x8D12, 0x9533, 0x8CF2, 0x8D12, 0x9512, 0x8CF2,
    0x8D33, 0x9D74, 0x9553, 0x8D33, 0x8D33, 0x9553, 0x9D53, 0x8D12, 0x8D33, 0x9D74, 0x9533, 0x9533,
    0x9553, 0x9D95, 0xA594, 0x9D74, 0x9D94, 0x9D53, 0x9532, 0x9554, 0x9533, 0x9DB5, 0xA5B4, 0x9DD6,
    0xA5D6, 0x9D52, 0x9D95, 0x9D95, 0x9574, 0x9D74, 0x9D73, 0x9574, 0x9DB5, 0xA5B5, 0x9DB5, 0x9D94,
    0x9D74, 0x9D95, 0xA594, 0x9D94, 0x9DB5, 0xA5D5, 0x9DB5, 0x9D95, 0x8D12, 0x9554, 0x9D94, 0x9533,
    0x9553, 0x9D53, 0x9533, 0x9574, 0x9533, 0x9574, 0x9D95, 0x9594, 0x9D94, 0x9532, 0x9574, 0x9574,
    0x9553, 0x9D94, 0x9D74, 0x9553, 0x9574, 0x9D53, 0x9553, 0x9553, 0x9553, 0x9554, 0x9D94, 0x9574,
    0x9594, 0x9D95, 0x9553, 0x9574, 0x9533, 0x9D74, 0x9D74, 0x9D74, 0x9D74, 0x9D53, 0x9D53, 0x9D74,
    0x9553, 0xA5B5, 0xA595, 0x9D94, 0x9D94, 0x9D53, 0x9D94, 0x9D53, 0x9D53, 0x9D94, 0x9D73, 0x9D53,
    0xA594, 0x9D74, 0x9D53, 0x9553, 0x9D54, 0x9D74, 0xA594, 0x9D53, 0x9D74, 0xA594, 0x9D74, 0x9D74,
    0x9574, 0x9574, 0x9D95, 0x9574, 0x9553, 0x9D53, 0x9553, 0x9553, 0x9574, 0x9D95, 0xA5B5, 0x9D95,
    0x9D94, 0x9D74, 0x9574, 0x9553, 0x9533, 0x9D94, 0x9D74, 0x9533, 0x9D94, 0x9D74, 0x9574, 0x9553,
    0x9554, 0x9574, 0x9D74, 0x9553, 0x9554, 0x9D74, 0x9574, 0x9574, 0x9554, 0x9574, 0x9D94, 0x8D33,
    0x9553, 0x9D53, 0x8D12, 0x9553, 0x9533, 0x9594, 0xA595, 0x9594, 0x9574, 0x9D74, 0x9553, 0x8D12,
    0x9553, 0x9574, 0x9D74, 0x9533, 0x9574, 0x9D74, 0x9574, 0x9533, 0x9553, 0x9574, 0x9D94, 0x8D12,
    0x9574, 0x9D94, 0x9574, 0x9574, 0x9D54, 0x9D94, 0xA594, 0x9553, 0x9553, 0xA594, 0x9553, 0x9D74,
    0x9553, 0x9D94, 0x9D53, 0x9D95, 0x9D74, 0xA574, 0x9D53, 0x9512, 0x9D74, 0x9D74, 0x9D53, 0x9D73,
    0x9D74, 0x9D73, 0x9D74, 0x9D74, 0x9512, 0x9D74, 0x9D74, 0x9553, 0x9D94, 0xA595, 0x9D94, 0x9D95,
    0x9553, 0x9574, 0x9D74, 0x9553, 0x9532, 0x9D95, 0x9553, 0x9553, 0x9553, 0x9574, 0x9532, 0x9574,
    0x9574, 0x9D74, 0x9532, 0x8D12, 0x9553, 0x9553, 0x9D53, 0x9532, 0x9574, 0x9D53, 0x9574, 0x9553,
    0x9532, 0x9574, 0x9D94, 0x9553, 0x9D95, 0x9D94, 0x9574, 0x9574, 0x8D12, 0x8CF2, 0x9512, 0x8CF2,
    0x8D12, 0x9553, 0x8CF2, 0x8D12, 0x84F2, 0x8D12, 0x9512, 0x8D12, 0x8D12, 0x9532, 0x84D1, 0x84D1,
    0x84D1, 0x8CF2, 0x9532, 0x8CF2, 0x8D13, 0x9512, 0x8CF2, 0x8CF2, 0x84F2, 0x8D13, 0x9533, 0x8D12,
    0x8D33, 0x9D74, 0x8D33, 0x8D13,
};
#define POOLS_DAMP_WALL_MIP3_SIZE 16
static const uint16_t POOLS_DAMP_WALL_MIP3_PIXELS[256] __attribute__((aligned(16))) = {
    0x9D95, 0x9D74, 0x9D94, 0x9D94, 0x9553, 0x9DB5, 0x9DB5, 0x9D94, 0x9D94, 0x9DB5, 0x9D94, 0x9D74,
    0x9D94, 0x9D94, 0x9D94, 0x9D94, 0x9D95, 0x9D74, 0x9D95, 0x9D94, 0x9533, 0x9D94, 0x9D94, 0x9D74,
    0x9D95, 0xA5B5, 0x9D94, 0x9D94, 0x9D74, 0xA595, 0x9D94, 0x9D74, 0x9D95, 0xA595, 0xA5B5, 0x9D95,
    0x9553, 0xA5B5, 0xA5B5, 0xA5B5, 0x9DB5, 0xA5B5, 0x9D74, 0x9D74, 0x9D95, 0xA5B5, 0xA5B5, 0x9DB5,
    0x9574, 0x9D74, 0x9D94, 0x9574, 0x9533, 0x9D74, 0x9D94, 0x9574, 0x9574, 0x9D74, 0x9D53, 0x9553,
    0x9574, 0x9D74, 0x9D74, 0x9574, 0x9D95, 0x9D94, 0x9DB5, 0x9DB5, 0x9D94, 0xA5B5, 0xA5B5, 0x9D95,
    0x9DB5, 0x9DB5, 0x9D95, 0x9D94, 0x9D95, 0x9D94, 0x9D95, 0x9DB5, 0x9DB5, 0xA595, 0xA5B5, 0x9DB5,
    0x9D74, 0xA5B5, 0x9D94, 0x9D95, 0x9D95, 0xA594, 0x9D74, 0x9D74, 0x9D74, 0x9D94, 0xA5B5, 0x9D94,
    0x9D95, 0x9D74, 0xA5B5, 0x9D94, 0x9D94, 0x9D94, 0xA5B5, 0x9DB5, 0x9D95, 0xA5B5, 0x9D94, 0x9D74,
    0x9D74, 0x9D95, 0x9D94, 0x9DB5, 0x9574, 0x9553, 0x9553, 0x9533, 0x9533, 0x9553, 0x9554, 0x9553,
    0x9554, 0x9553, 0x9553, 0x9533, 0x9553, 0x9D74, 0x9D74, 0x9574, 0x9DB5, 0x9D94, 0x9D94, 0x9553,
    0x9D94, 0x9D94, 0x9D95, 0x9D74, 0x9D94, 0x9D95, 0xA5B5, 0x9D94, 0x9D95, 0x9DB5, 0x9DB5, 0x9D95,
    0x9D74, 0x9D74, 0x9D94, 0x9553, 0x9D74, 0x9D94, 0x9D94, 0x9D74, 0x9D74, 0xA594, 0x9D74, 0x9D74,
    0x9D74, 0x9D95, 0x9D74, 0x9D94, 0x9D95, 0x9D74, 0x9D94, 0x9553, 0x9D74, 0x9D94, 0x9D94, 0x9D94,
    0x9D74, 0x9D74, 0x9D94, 0x9D74, 0x9D94, 0x9D94, 0xA5B5, 0x9D94, 0x8D33, 0x9533, 0x9533, 0x8D12,
    0x9533, 0x9553, 0x9574, 0x9553, 0x8D12, 0x9533, 0x9D74, 0x9553, 0x9574, 0x9574, 0x9D74, 0x9574,
    0x9553, 0x9D74, 0x9553, 0x9553, 0x9574, 0x9D95, 0x9D74, 0x9D94, 0x9574, 0x9D74, 0x9D94, 0x9574,
    0x9574, 0x9D94, 0x9D95, 0x9D94, 0x9553, 0x9D74, 0x9D53, 0x9553, 0x9D74, 0x9D95, 0x9D74, 0x9554,
    0x9574, 0x9D53, 0x9D74, 0x9553, 0x9554, 0x9D73, 0x9D74, 0x9D74, 0x9574, 0x9D74, 0x9D53, 0x9553,
    0x9554, 0x9D94, 0x9D74, 0x9533, 0x9574, 0x9D53, 0x9D74, 0x9553, 0x9553, 0x9D53, 0x9D74, 0x9D74,
    0x8D33, 0x9533, 0x9533, 0x8D33, 0x8D33, 0x9533, 0x9553, 0x8CF2, 0x8D12, 0x9532, 0x9533, 0x8D33,
    0x8D33, 0x9553, 0x9574, 0x9553,
};
#endif /* BACKROOMS_GENERATED_POOLS_DAMP_WALL_H */
