/* Embedded PSP texture data. */
#ifndef BACKROOMS_GENERATED_POOLS_EDGE_H
#define BACKROOMS_GENERATED_POOLS_EDGE_H
#include <stdint.h>
#define POOLS_EDGE_WIDTH 128
#define POOLS_EDGE_HEIGHT 128
static const uint16_t POOLS_EDGE_PIXELS[16384] __attribute__((aligned(16))) = {
    0xAD53, 0xB573, 0xB593, 0xB594, 0xB573, 0xB573, 0xBD94, 0xBD94, 0xB593, 0xB573, 0xB573, 0xB573,
    0xB573, 0xB573, 0xB553, 0xB552, 0xAD52, 0xB553, 0xB573, 0xB573, 0xB573, 0xB593, 0xB593, 0xB593,
    0xBD94, 0xB593, 0xB573, 0xB553, 0xB573, 0xAD53, 0xAD12, 0xAD32, 0xB594, 0xBDB4, 0xB593, 0xB573,
    0xB573, 0xB573, 0xB593, 0xB593, 0xB593, 0xB593, 0xB593, 0xB573, 0xB553, 0xAD52, 0xAD52, 0xAD52,
    0xB552, 0xB573, 0xB573, 0xB573, 0xB593, 0xB593, 0xB573, 0xB552, 0xAD52, 0xAD32, 0xAD52, 0xAD52,
    0xB553, 0xAD32, 0xA4F1, 0xA4F1, 0xB573, 0xBDB4, 0xBDB4, 0xBDB4, 0xB593, 0xB593, 0xBD93, 0xBDB4,
    0xBD93, 0xB593, 0xB593, 0xB593, 0xB593, 0xB593, 0xB573, 0xB573, 0xB573, 0xB573, 0xB553, 0xAD52,
    0xAD32, 0xAD32, 0xAD32, 0xAD32, 0xB553, 0xB573, 0xAD52, 0xB552, 0xB593, 0xB593, 0xAD32, 0xAD52,
    0xBDB4, 0xBDD5, 0xBDB4, 0xBDB4, 0xBD94, 0xBDB4, 0xBDB4, 0xBDB4, 0xBDB4, 0xBDB4, 0xBD94, 0xB593,
    0xB573, 0xB573, 0xB573, 0xB593, 0xBDB4, 0xBDB4, 0xB593, 0xB594, 0xBDB4, 0xBDB4, 0xBDB4, 0xBDB4,
    0xBDB4, 0xBDB4, 0xBDB4, 0xBDB4, 0xBDD5, 0xBDB4, 0xB573, 0xAD32, 0xB573, 0xB573, 0xB593, 0xB594,
    0xB593, 0xB593, 0xBD94, 0xBDB4, 0xB593, 0xB593, 0xB573, 0xB573, 0xB573, 0xB573, 0xB573, 0xB573,
    0xB573, 0xB573, 0xB593, 0xBD94, 0xBD94, 0xBD94, 0xBDB4, 0xBDB4, 0xBDB4, 0xBDB4, 0xB593, 0xB573,
    0xB593, 0xB573, 0xA512, 0xAD12, 0xB573, 0xBDB4, 0xB593, 0xB593, 0xB593, 0xB594, 0xBD94, 0xBD94,
    0xBD93, 0xB593, 0xBD94, 0xB593, 0xB573, 0xB573, 0xB553, 0xB553, 0xB573, 0xB573, 0xB573, 0xB573,
    0xB593, 0xB593, 0xB573, 0xB573, 0xB573, 0xB573, 0xB573, 0xB573, 0xB573, 0xAD53, 0xA4F1, 0xA511,
    0xB573, 0xBDB4, 0xBDB4, 0xBDB4, 0xBD93, 0xBD93, 0xBDB4, 0xBDB4, 0xBDB4, 0xBD94, 0xBD94, 0xBD93,
    0xBD94, 0xBD94, 0xB593, 0xB593, 0xB593, 0xB573, 0xB573, 0xB573, 0xAD52, 0xAD52, 0xAD52, 0xB573,
    0xB573, 0xB573, 0xB573, 0xB573, 0xBD94, 0xB593, 0xAD32, 0xAD32, 0xB594, 0xBDB4, 0xBDB4, 0xBDB4,
    0xBD94, 0xBDB4, 0xBDB4, 0xBDB4, 0xBDB4, 0xBDB4, 0xBDB4, 0xBD93, 0xB593, 0xB573, 0xB593, 0xBD94,
    0xBDB4, 0xBDB4, 0xBD94, 0xBD94, 0xBDB4, 0xBDB4, 0xBDB4, 0xBDB4, 0xBDB4, 0xBDB4, 0xBDB4, 0xBDB4,
    0xBDD5, 0xBDB4, 0xAD53, 0xAD32, 0xB593, 0xB593, 0xBD94, 0xBD94, 0xB593, 0xBD94, 0xBD94, 0xBDB4,
    0xBDB4, 0xBDB4, 0xBDB4, 0xBDB4, 0xBDB4, 0xBDB4, 0xBDB4, 0xBDB4, 0xBDB4, 0xBDD4, 0xBDD5, 0xC5D5,
    0xC5D4, 0xBDD4, 0xBDD4, 0xBDD4, 0xBDD5, 0xBDD5, 0xBDD4, 0xBDD4, 0xBDB4, 0xB573, 0xA511, 0xA4F1,
    0xAD53, 0xB593, 0xB593, 0xBD94, 0xBDB4, 0xBDD4, 0xBDD4, 0xBDB4, 0xBD94, 0xBD93, 0xBDB4, 0xBDB4,
    0xBDB4, 0xBD93, 0xBD93, 0xBD93, 0xBD93, 0xBD94, 0xBD94, 0xBD93, 0xB593, 0xB593, 0xBD93, 0xBD94,
    0xBDB4, 0xBDB4, 0xBDD4, 0xBDD4, 0xBDB4, 0xB593, 0xAD32, 0xAD32, 0xB573, 0xBDB4, 0xBDB4, 0xBDB4,
    0xBDD4, 0xBDD4, 0xBDB4, 0xBDB4, 0xBDB4, 0xBDB4, 0xBDB4, 0xBDB4, 0xBDB4, 0xBDB4, 0xBDB4, 0xBDB4,
    0xBD94, 0xBD94, 0xBDB4, 0xBDB4, 0xB593, 0xB593, 0xBDB4, 0xBDB4, 0xBDB4, 0xBD94, 0xBD94, 0xBDB4,
    0xBDB4, 0xB593, 0xAD32, 0xA512, 0xAD53, 0xB593, 0xBD94, 0xBD94, 0xBD93, 0xBDB4, 0xBDB4, 0xBDD5,
    0xBDD5, 0xBDD5, 0xBDB4, 0xBDB4, 0xBDB4, 0xBD94, 0xB593, 0xBD94, 0xBDB4, 0xBDB4, 0xBDB4, 0xBDB4,
    0xBDD4, 0xBDD4, 0xBDD4, 0xBDD4, 0xBDD4, 0xBDB4, 0xBDB4, 0xBDB4, 0xBDD5, 0xBDB4, 0xAD53, 0xAD32,
    0xB593, 0xB594, 0xBDB4, 0xBDB4, 0xBDB4, 0xBD94, 0xBDB4, 0xBDB4, 0xBDB4, 0xBDB4, 0xBDB4, 0xBDB4,
    0xBDD4, 0xBDD4, 0xBDD4, 0xBDD4, 0xC5D5, 0xC5D5, 0xC5F5, 0xC5F5, 0xC5F5, 0xC5D5, 0xC5F5, 0xC5F5,
    0xC5D5, 0xC5D5, 0xC5F5, 0xC5F5, 0xC5D5, 0xB593, 0xA511, 0xA4F1, 0xAD32, 0xB573, 0xB593, 0xBDB4,
    0xBDB4, 0xC5D4, 0xC5D5, 0xBDD4, 0xBD94, 0xBD93, 0xBDB4, 0xBDD4, 0xBDB4, 0xBDB4, 0xBDB4, 0xBDB4,
    0xBDB4, 0xBDB4, 0xBDB4, 0xBDB4, 0xBD94, 0xBD94, 0xBDB4, 0xBDD4, 0xBDD4, 0xC5F5, 0xC5F5, 0xC5F5,
    0xC5D5, 0xBDB4, 0xAD52, 0xAD32, 0xB573, 0xBD94, 0xBDB4, 0xBDB4, 0xC5D5, 0xC5D5, 0xBDD4, 0xBDB4,
    0xBDB4, 0xBDB4, 0xBDD4, 0xBDD4, 0xBDD4, 0xBDD4, 0xBDD4, 0xBDD4, 0xBDB4, 0xBDB4, 0xBDB4, 0xBDB4,
    0xBDB4, 0xBDB4, 0xBDD4, 0xBDD4, 0xBDB4, 0xBDB4, 0xBDB4, 0xBDD4, 0xBDD4, 0xBD94, 0xAD12, 0xA511,
    0xAD52, 0xB573, 0xBD93, 0xBDB4, 0xBD94, 0xBDB4, 0xBDD4, 0xC5D5, 0xC5D5, 0xBDD5, 0xBDD4, 0xBDB4,
    0xBDB4, 0xBDB4, 0xBDB4, 0xBDB4, 0xBDB4, 0xBDD4, 0xBDD4, 0xBDD4, 0xBDD4, 0xBDD4, 0xBDD5, 0xBDD4,
    0xBDD4, 0xBDD4, 0xBDB4, 0xBDD4, 0xBDD5, 0xBDB4, 0xAD52, 0xA512, 0xBD94, 0xBDB4, 0xBDB4, 0xBDB4,
    0xBDB4, 0xBDB4, 0xBDB4, 0xBDB4, 0xBDB4, 0xBDB4, 0xBDB4, 0xBDB4, 0xBDD4, 0xBDD4, 0xBDD4, 0xBDB4,
    0xBDD4, 0xBDD4, 0xBDD4, 0xBDD4, 0xBDD4, 0xBDD4, 0xC5D5, 0xC5D4, 0xBDD4, 0xBDD4, 0xC5D5, 0xC5D5,
    0xBDD5, 0xB594, 0xA512, 0xA4F1, 0xAD32, 0xB553, 0xB593, 0xBD94, 0xBD93, 0xBDB4, 0xBDD4, 0xBDB4,
    0xBD93, 0xBD93, 0xBDB4, 0xBDD4, 0xBDB4, 0xBDB4, 0xBDB4, 0xBDB4, 0xBDB4, 0xBDB4, 0xBDB4, 0xBDB4,
    0xBDB4, 0xBDB4, 0xBDD4, 0xBDD5, 0xC5D5, 0xC5F5, 0xC5F5, 0xC5D5, 0xC5D5, 0xBDB4, 0xAD53, 0xAD32,
    0xAD52, 0xB573, 0xBDB4, 0xBDD4, 0xC5D5, 0xC5D5, 0xBDD4, 0xBDB4, 0xBDB4, 0xBD94, 0xBDB4, 0xBDB4,
    0xBDB4, 0xBDD4, 0xBDD4, 0xBDB4, 0xBD94, 0xBD94, 0xBD94, 0xBDB4, 0xBDB4, 0xBDD4, 0xBDD5, 0xBDD5,
    0xBDD4, 0xBDD4, 0xBDD4, 0xC5D5, 0xC5D5, 0xBDB4, 0xAD32, 0xA511, 0xAD52, 0xB573, 0xBD94, 0xBDB4,
    0xBDB4, 0xBDB4, 0xBDD4, 0xBDD4, 0xBDD4, 0xBDB4, 0xBDB4, 0xBDB4, 0xBDB4, 0xBDB4, 0xBDB4, 0xBDB4,
    0xBDB4, 0xBDB4, 0xBDD4, 0xBDD4, 0xBDB4, 0xBDB4, 0xBDD4, 0xBDD4, 0xBDB4, 0xBDD4, 0xBDD5, 0xC5D5,
    0xBDD5, 0xBD94, 0xAD32, 0xA4F1, 0xBDB4, 0xBDB4, 0xBDB4, 0xBDB4, 0xBDB4, 0xBDB4, 0xBDB4, 0xBDB4,
    0xBD94, 0xBD94, 0xBDB4, 0xBDB4, 0xBDD4, 0xBDD4, 0xBDB4, 0xBDB4, 0xBDB4, 0xBDB4, 0xBDB4, 0xBDB4,
    0xBDB4, 0xBDB4, 0xBDD4, 0xBDD4, 0xBDB4, 0xBDB4, 0xBDD4, 0xBDD4, 0xBDD4, 0xB593, 0xA512, 0xA4F1,
    0xAD32, 0xB553, 0xB593, 0xBD94, 0xB593, 0xBD93, 0xBDB4, 0xBDB4, 0xBD94, 0xBD93, 0xBDB4, 0xBDB4,
    0xBDB4, 0xBDB4, 0xBDB4, 0xBDB4, 0xBDB4, 0xBDB4, 0xBDB4, 0xBDB4, 0xBDB4, 0xBDD4, 0xC5D5, 0xC5D5,
    0xBDD5, 0xBDD5, 0xBDD5, 0xBDD5, 0xBDD5, 0xBDB4, 0xAD53, 0xAD32, 0xAD32, 0xB573, 0xBDB4, 0xBDD4,
    0xBDD5, 0xBDD5, 0xBDD4, 0xBDB4, 0xBDB4, 0xBD94, 0xBDB4, 0xBDB4, 0xBDB4, 0xBDD4, 0xBDB4, 0xBDB4,
    0xBD94, 0xBD94, 0xBD94, 0xBDB4, 0xBDB4, 0xBDD5, 0xBDD5, 0xBDD5, 0xBDD4, 0xBDD4, 0xBDD4, 0xC5D5,
    0xC5D5, 0xBD94, 0xA512, 0xA4F1, 0xAD32, 0xB573, 0xBD94, 0xBDB4, 0xBDB4, 0xBDB4, 0xBDD4, 0xBDD4,
    0xBDB4, 0xBDB4, 0xBDB4, 0xBDB4, 0xBDB4, 0xBDB4, 0xBDB4, 0xBDB4, 0xBDB4, 0xBDB4, 0xBDB4, 0xBDB4,
    0xBDB4, 0xBDB4, 0xBDB4, 0xBDB4, 0xBDB4, 0xBDD4, 0xC5D5, 0xC5D5, 0xBDD5, 0xB594, 0xA512, 0xA4D1,
    0xBD94, 0xBDB4, 0xBDB4, 0xBDB4, 0xBD94, 0xBD94, 0xBD94, 0xBDB4, 0xBDB4, 0xBDB4, 0xBDB4, 0xBDB4,
    0xBDB4, 0xBDB4, 0xBDB4, 0xBDB4, 0xBDB4, 0xBDB4, 0xBDB4, 0xBDB4, 0xBDB4, 0xBDB4, 0xBDD4, 0xBDD4,
    0xBDB4, 0xBDB4, 0xBDB4, 0xBDB4, 0xBDB4, 0xB573, 0xA512, 0xA4F1, 0xAD32, 0xB553, 0xB593, 0xBD93,
    0xB573, 0xB593, 0xBDB4, 0xBDB4, 0xBDB4, 0xBDB4, 0xBDB4, 0xBDB4, 0xBDB4, 0xBDB4, 0xBDB4, 0xBDB4,
    0xBDB4, 0xBDB4, 0xBDB4, 0xBDB4, 0xBDD4, 0xBDD5, 0xC5D5, 0xBDD5, 0xBDB4, 0xBDB4, 0xBDB4, 0xBDB4,
    0xBDB4, 0xB594, 0xAD32, 0xAD32, 0xAD52, 0xB573, 0xBD93, 0xBDB4, 0xBDD4, 0xBDD4, 0xBDD5, 0xBDD4,
    0xBDB4, 0xBDB4, 0xBDB4, 0xBDB4, 0xBDB4, 0xBDD4, 0xBDB4, 0xBDB4, 0xBDB4, 0xBDB4, 0xBD94, 0xBDB4,
    0xBDD4, 0xBDD5, 0xBDD5, 0xBDD5, 0xBDD4, 0xBDB4, 0xBDB4, 0xBDB4, 0xBDD4, 0xB593, 0xA4F1, 0x9CD0,
    0xA511, 0xB552, 0xB593, 0xBDB4, 0xBDD4, 0xBDD4, 0xBDB4, 0xBDB4, 0xBDB4, 0xBDB4, 0xBDB4, 0xBDB4,
    0xBDB4, 0xBD94, 0xBDB4, 0xBDB4, 0xBDB4, 0xBDB4, 0xBD94, 0xBDB4, 0xBDB4, 0xBDD4, 0xBDB4, 0xBDB4,
    0xBDD4, 0xBDD5, 0xBDD4, 0xBDD4, 0xBDD4, 0xB593, 0xA511, 0x9CD0, 0xB593, 0xBD94, 0xBDB4, 0xBDB4,
    0xBD94, 0xB593, 0xBD94, 0xBDB4, 0xBDB4, 0xBDB4, 0xBDB4, 0xBDB4, 0xBDB4, 0xBDB4, 0xBDD4, 0xBDB4,
    0xBDB4, 0xBDB4, 0xBDB4, 0xBDB4, 0xBDB4, 0xBDD4, 0xBDB4, 0xBDB4, 0xBDB4, 0xBDB4, 0xBDB4, 0xBDB4,
    0xBDB4, 0xB573, 0xA512, 0xA4F1, 0xAD32, 0xB553, 0xB593, 0xBD94, 0xB593, 0xB593, 0xBDB4, 0xBDB4,
    0xBDB4, 0xBDB4, 0xBDB4, 0xBDB4, 0xBDB4, 0xBDB4, 0xBDB4, 0xBDB4, 0xBDB4, 0xBDB4, 0xBDB4, 0xBDD4,
    0xBDD5, 0xBDD5, 0xC5D5, 0xBDD5, 0xBDB4, 0xBDB4, 0xBDB4, 0xBDB4, 0xBDB4, 0xB594, 0xAD32, 0xAD32,
    0xAD53, 0xB573, 0xBD93, 0xBDB4, 0xBDB4, 0xBDB4, 0xBDD4, 0xBDD4, 0xBDD4, 0xBDB4, 0xBDB4, 0xBDB4,
    0xBDD4, 0xBDD4, 0xBDB4, 0xBDB4, 0xBDB4, 0xBDB4, 0xBDB4, 0xBDB4, 0xBDD5, 0xBDD5, 0xBDD5, 0xBDD5,
    0xBDD4, 0xBDD4, 0xBDB4, 0xBDB4, 0xBDB4, 0xB573, 0xA4D1, 0x9CB0, 0xA4F1, 0xAD52, 0xB593, 0xBDB4,
    0xBDD4, 0xBDD4, 0xBDB4, 0xBDB4, 0xBDD4, 0xBDD4, 0xBDD4, 0xBDB4, 0xBDB4, 0xBDB4, 0xBDB4, 0xBDB4,
    0xBDB4, 0xBDB4, 0xBD94, 0xBD94, 0xBDB4, 0xBDD4, 0xBDB4, 0xBDB4, 0xBDD5, 0xBDD5, 0xBDD4, 0xBDB4,
    0xBDD4, 0xB593, 0xA4F1, 0x9CB0, 0xB573, 0xB573, 0xBD94, 0xBDB4, 0xBD94, 0xBD94, 0xBDB4, 0xBDB4,
    0xBDB4, 0xBDB4, 0xBDB4, 0xBDB4, 0xBDB4, 0xBDB4, 0xBDD4, 0xBDB4, 0xBDB4, 0xBDB4, 0xBDB4, 0xBDB4,
    0xBDD4, 0xBDD4, 0xBDB4, 0xBDB4, 0xBDB4, 0xBDB4, 0xBDB4, 0xBDB4, 0xBDB4, 0xB593, 0xAD12, 0xA4F1,
    0xAD11, 0xAD52, 0xB593, 0xBDB4, 0xBD94, 0xBD94, 0xBDB4, 0xBDD4, 0xBDD4, 0xBDD4, 0xBDD4, 0xBDD4,
    0xBDB4, 0xBDB4, 0xBDB4, 0xBDB4, 0xBDD4, 0xBDD5, 0xBDD5, 0xBDD5, 0xBDD5, 0xBDD5, 0xBDD5, 0xBDD5,
    0xBDD4, 0xBDD4, 0xBDB4, 0xBDD4, 0xBDD5, 0xBDB4, 0xB553, 0xAD32, 0xAD53, 0xB573, 0xBD94, 0xBDB4,
    0xBDB4, 0xBD94, 0xBD94, 0xBDB4, 0xBDB4, 0xBDB4, 0xBDB4, 0xBDB4, 0xBDD4, 0xBDD4, 0xBDB4, 0xBDB4,
    0xBDB4, 0xBDB4, 0xBDB4, 0xBDD4, 0xBDD4, 0xBDD5, 0xBDD5, 0xC5D5, 0xC5F5, 0xC5F5, 0xC5D5, 0xBDD5,
    0xBDD4, 0xB573, 0xA4F1, 0x9CD0, 0xA511, 0xAD52, 0xBDB4, 0xBDD4, 0xBDB4, 0xBDB4, 0xBDB4, 0xBDB4,
    0xBDD4, 0xBDD4, 0xBDD4, 0xBDD4, 0xBDD4, 0xBDD4, 0xBDB4, 0xBDB4, 0xBDD4, 0xBDB4, 0xBD94, 0xBD94,
    0xBDB4, 0xBDD4, 0xBDB4, 0xBDB4, 0xBDD4, 0xBDD4, 0xBDD4, 0xBDD4, 0xBDD4, 0xB593, 0xA4F1, 0x9CB0,
    0xB552, 0xB573, 0xB593, 0xBDB4, 0xBDB4, 0xBDB4, 0xBDB4, 0xBDB4, 0xBDB4, 0xBDB4, 0xBDD4, 0xBDD5,
    0xBDD4, 0xBDD4, 0xBDD4, 0xBDD4, 0xBDB4, 0xBDB4, 0xBDB4, 0xBDB4, 0xBDD4, 0xBDD4, 0xBDB4, 0xBDB4,
    0xBDB4, 0xBDB4, 0xBDB4, 0xBDB4, 0xBDD4, 0xB594, 0xAD32, 0xA4F1, 0xA511, 0xAD32, 0xB593, 0xBDB4,
    0xBDB4, 0xBDB4, 0xBDB4, 0xBDB4, 0xBDD4, 0xBDD4, 0xBDD4, 0xBDD4, 0xBDB4, 0xBDB4, 0xBDB4, 0xBDD4,
    0xBDD5, 0xBDD5, 0xBDD5, 0xBDD5, 0xBDD5, 0xBDD5, 0xBDD4, 0xBDD4, 0xBDD4, 0xBDD4, 0xBDB4, 0xBDD4,
    0xBDD5, 0xBDB4, 0xAD53, 0xAD32, 0xAD32, 0xB573, 0xBDB4, 0xBDB4, 0xBD94, 0xBD93, 0xB593, 0xBD94,
    0xBDB4, 0xBDB4, 0xBDB4, 0xBDB4, 0xBDD4, 0xBDD4, 0xBDB4, 0xBDB4, 0xBDB4, 0xBDB4, 0xBDD4, 0xBDD4,
    0xBDD4, 0xBDD4, 0xBDD5, 0xBDD5, 0xC5F5, 0xC5F5, 0xC5D5, 0xBDD5, 0xBDB4, 0xB573, 0xA4F1, 0xA4D1,
    0xA511, 0xB552, 0xBD94, 0xBDB4, 0xBDB4, 0xBDB4, 0xBDB4, 0xBDB4, 0xBDD4, 0xBDD4, 0xBDD4, 0xBDD4,
    0xBDD4, 0xBDD4, 0xBDB4, 0xBDB4, 0xBDD4, 0xBDB4, 0xBDB4, 0xBDB4, 0xBDB4, 0xBDB4, 0xBDB4, 0xBDB4,
    0xBDD4, 0xBDD4, 0xBDB4, 0xBDB4, 0xBDD4, 0xB573, 0xA4F1, 0x9CB0, 0xAD32, 0xAD52, 0xBD93, 0xBDB4,
    0xBDB4, 0xBDB4, 0xBDB4, 0xBDD4, 0xBDB4, 0xBDD4, 0xC5F5, 0xC5F5, 0xBDD4, 0xBDD4, 0xBDD5, 0xC5D5,
    0xBDD5, 0xBDB4, 0xBD94, 0xBD94, 0xBDB4, 0xBDB4, 0xBDB4, 0xBDB4, 0xBDB4, 0xBDB4, 0xBDB4, 0xBDD4,
    0xC5D5, 0xBDB4, 0xAD32, 0xA4F1, 0xA4F1, 0xAD32, 0xB593, 0xBDB4, 0xBDB4, 0xBDB4, 0xBD94, 0xBDB4,
    0xBDB4, 0xBDD4, 0xBDB4, 0xBDB4, 0xBDB4, 0xBDB4, 0xBDD4, 0xBDD5, 0xBDD4, 0xBDD4, 0xBDB4, 0xBDB4,
    0xBDB4, 0xBDB4, 0xBDB4, 0xBDB4, 0xBDB4, 0xBDB4, 0xBDB4, 0xBDB4, 0xBDB4, 0xB594, 0xAD12, 0xA4F1,
    0xAD12, 0xAD53, 0xBD94, 0xBDB4, 0xBDB4, 0xBDB4, 0xBD94, 0xBDB4, 0xBDB4, 0xBDD4, 0xBDD5, 0xBDD5,
    0xBDD4, 0xBDB4, 0xBD94, 0xBD94, 0xBDB4, 0xBDB4, 0xBDD4, 0xC5D4, 0xBDD4, 0xBDB4, 0xBDB4, 0xBDD4,
    0xBDD5, 0xBDD5, 0xBDD4, 0xBDB4, 0xBDB4, 0xB573, 0xA4F1, 0xA4F1, 0xAD32, 0xB553, 0xB593, 0xBDB4,
    0xBDB4, 0xBDB4, 0xBDB4, 0xBDB4, 0xBDD4, 0xBDD4, 0xBDD4, 0xBDB4, 0xBDB4, 0xBDB4, 0xBDB4, 0xBDB4,
    0xBDB4, 0xBDB4, 0xBDB4, 0xBDB4, 0xBDB4, 0xBDB4, 0xBDB4, 0xBDD4, 0xBDB4, 0xBDB4, 0xBDB4, 0xBDB4,
    0xBDB4, 0xB573, 0xA4F1, 0x9CB0, 0xAD32, 0xAD52, 0xBD93, 0xBDB4, 0xBDB4, 0xBDB4, 0xBDB4, 0xBDB4,
    0xBDD4, 0xBDD4, 0xC5F5, 0xC5F5, 0xBDD4, 0xBDD4, 0xC5D5, 0xC5D5, 0xBDD5, 0xBDB4, 0xB593, 0xB593,
    0xBDB4, 0xBDB4, 0xBDB4, 0xBDB4, 0xBDB4, 0xBDB4, 0xBDD4, 0xBDD5, 0xC5D5, 0xBD94, 0xAD12, 0xA4D1,
    0xA4F1, 0xAD32, 0xB593, 0xBDB4, 0xBD94, 0xBD93, 0xBD93, 0xBD94, 0xBDB4, 0xBDB4, 0xBDB4, 0xBDB4,
    0xBDB4, 0xBDB4, 0xC5D5, 0xC5D5, 0xBDB4, 0xBDB4, 0xBDB4, 0xBDB4, 0xBDB4, 0xBDB4, 0xBDB4, 0xBDB4,
    0xBDB4, 0xBDB4, 0xBDB4, 0xBDB4, 0xBDB4, 0xB573, 0xA4F1, 0xA4D1, 0xA511, 0xAD52, 0xBD94, 0xBDD4,
    0xBDB4, 0xBDB4, 0xBDB4, 0xBDB4, 0xBDB4, 0xBDD4, 0xBDD5, 0xBDD5, 0xBDD4, 0xBDB4, 0xBD94, 0xBD94,
    0xBDB4, 0xBDD4, 0xBDD4, 0xC5D5, 0xBDD4, 0xBDD4, 0xBDD4, 0xBDD4, 0xBDD4, 0xBDD4, 0xBDB4, 0xBDB4,
    0xBDB4, 0xB573, 0xA511, 0xA4F1, 0xAD32, 0xAD52, 0xB573, 0xBD93, 0xBDB4, 0xBDB4, 0xBDB4, 0xBDB4,
    0xBDD4, 0xBDD4, 0xBDD4, 0xBDB4, 0xBDB4, 0xBDB4, 0xBDB4, 0xBDB4, 0xBDB4, 0xBDB4, 0xBDB4, 0xBDB4,
    0xBDB4, 0xBDB4, 0xBDB4, 0xBDB4, 0xBDB4, 0xBDB4, 0xBDB4, 0xBDB4, 0xBDB4, 0xB573, 0xA4F1, 0x9CB0,
    0xAD52, 0xB552, 0xB593, 0xBDB4, 0xBDB4, 0xBDB4, 0xBDB4, 0xBDB4, 0xBDB4, 0xBDD4, 0xC5D5, 0xC5D5,
    0xBDD5, 0xBDD5, 0xC5D5, 0xBDD5, 0xBDB4, 0xBD94, 0xB593, 0xB593, 0xBDB4, 0xBDB4, 0xBDD4, 0xBDD5,
    0xBDD5, 0xBDD4, 0xBDB4, 0xBDB4, 0xBDD4, 0xB593, 0xA4F1, 0x9CD0, 0xA511, 0xAD52, 0xB594, 0xBDB4,
    0xB593, 0xB573, 0xB593, 0xBD93, 0xBDB4, 0xBDB4, 0xBDB4, 0xBDB4, 0xBDB4, 0xBDB4, 0xC5D5, 0xC5D5,
    0xBDB4, 0xBD94, 0xBDD4, 0xBDD5, 0xBDD5, 0xBDD4, 0xBDD4, 0xBDB4, 0xBDB4, 0xBDB4, 0xBDB4, 0xBD94,
    0xB593, 0xAD52, 0xA4F1, 0xA4D1, 0xA511, 0xAD52, 0xBD94, 0xBDD4, 0xBDD4, 0xBDD4, 0xBDD4, 0xBDD4,
    0xBDD4, 0xBDD4, 0xBDD4, 0xBDB4, 0xBDB4, 0xBDB4, 0xBDB4, 0xBDB4, 0xBDD4, 0xBDD4, 0xBDD5, 0xC5D5,
    0xC5D5, 0xC5D5, 0xC5D5, 0xBDD4, 0xBDD4, 0xBDB4, 0xBDB4, 0xBDB4, 0xBDB4, 0xB593, 0xAD12, 0xA4F1,
    0xA512, 0xAD32, 0xB573, 0xBD93, 0xBD94, 0xBDB4, 0xBDB4, 0xBDB4, 0xBDB4, 0xBDB4, 0xBDB4, 0xBDB4,
    0xBDB4, 0xBDB4, 0xBDB4, 0xBDB4, 0xBDB4, 0xBDB4, 0xBDB4, 0xBDB4, 0xBDB4, 0xBDB4, 0xBDB4, 0xBDB4,
    0xBDB4, 0xBDB4, 0xBDB4, 0xBDB4, 0xBDB4, 0xB573, 0xA4F1, 0x9CB0, 0xB552, 0xB573, 0xB593, 0xBD93,
    0xBDB4, 0xBDB4, 0xBD94, 0xBD94, 0xBDB4, 0xBDB4, 0xBDD5, 0xBDD5, 0xBDD5, 0xBDD4, 0xBDD5, 0xBDD4,
    0xBDB4, 0xBD94, 0xBD93, 0xBD93, 0xBD94, 0xBDB4, 0xBDD5, 0xC5D5, 0xBDD5, 0xBDD5, 0xBDB4, 0xBDB4,
    0xBDB4, 0xB573, 0xA4F1, 0x9CD0, 0xAD11, 0xB553, 0xB593, 0xBD94, 0xB573, 0xB573, 0xB593, 0xBD94,
    0xBDB4, 0xBDB4, 0xBDB4, 0xBDB4, 0xBDB4, 0xBDB4, 0xBDD5, 0xBDD5, 0xBDB4, 0xBDB4, 0xBDD5, 0xBDD5,
    0xBDD5, 0xBDD5, 0xBDD4, 0xBDB4, 0xBDB4, 0xBDB4, 0xBDB4, 0xBDB4, 0xB593, 0xAD52, 0xA4F1, 0xA4D0,
    0xA4F1, 0xAD32, 0xBD93, 0xBDD4, 0xBDD4, 0xBDD4, 0xBDD4, 0xBDD5, 0xBDD5, 0xBDD4, 0xBDB4, 0xBDB4,
    0xBDB4, 0xBDB4, 0xBDB4, 0xBDB4, 0xBDD4, 0xBDD4, 0xBDD4, 0xBDD4, 0xBDD4, 0xBDD4, 0xBDD4, 0xBDD4,
    0xBDB4, 0xBDB4, 0xBDB4, 0xBDB4, 0xBDD4, 0xB593, 0xAD12, 0xA4F1, 0xA512, 0xAD52, 0xB573, 0xB593,
    0xBD94, 0xBDB4, 0xBDB4, 0xBDD4, 0xBDB4, 0xBDB4, 0xBDB4, 0xBDB4, 0xBDB4, 0xBDB4, 0xBDB4, 0xBDB4,
    0xBDB4, 0xBDB4, 0xBDB4, 0xBDB4, 0xBDD4, 0xBDD4, 0xBDB4, 0xBDB4, 0xBDB4, 0xBDB4, 0xBDB4, 0xBDB4,
    0xBDB4, 0xB573, 0xA4F1, 0x9CD1, 0xB573, 0xB573, 0xB573, 0xB573, 0xBD94, 0xBDB4, 0xBDB4, 0xBD94,
    0xBDB4, 0xBDB4, 0xBDD5, 0xBDD5, 0xBDB4, 0xBDB4, 0xBDD4, 0xBDB4, 0xBDB4, 0xBDB4, 0xBDB4, 0xBDB4,
    0xB593, 0xB593, 0xBDD4, 0xC5D5, 0xBDD5, 0xBDD5, 0xBDD4, 0xBDD4, 0xBDD4, 0xB573, 0xA4F1, 0xA4D1,
    0xAD32, 0xB573, 0xB593, 0xB593, 0xB573, 0xB573, 0xBD94, 0xBDB4, 0xBDB4, 0xBDB4, 0xBDB4, 0xBDB4,
    0xBDB4, 0xBDB4, 0xBDD4, 0xBDD5, 0xBDD5, 0xBDD5, 0xBDD5, 0xBDD4, 0xBDD4, 0xBDB4, 0xBDB4, 0xBDB4,
    0xBDD4, 0xBDD5, 0xBDD5, 0xBDD4, 0xBDB4, 0xB573, 0xA511, 0xA4D1, 0xA4F1, 0xAD32, 0xB593, 0xBDB4,
    0xBDD4, 0xBDD4, 0xBDD4, 0xBDD4, 0xBDD5, 0xBDD5, 0xBDD5, 0xBDD4, 0xBDB4, 0xBDB4, 0xBDB4, 0xBDB4,
    0xBDB4, 0xBDB4, 0xBDB4, 0xBDB4, 0xBDB4, 0xBDB4, 0xBDB4, 0xBDB4, 0xBDB4, 0xBDB4, 0xBDB4, 0xBDB4,
    0xBDB4, 0xB593, 0xA4F1, 0xA4F1, 0xAD32, 0xB573, 0xB573, 0xB593, 0xB593, 0xBDB4, 0xBDD4, 0xBDD4,
    0xBDB4, 0xBDB4, 0xBDB4, 0xBDB4, 0xBDB4, 0xBDB4, 0xBDB4, 0xBDB4, 0xBDB4, 0xBDB4, 0xBDB4, 0xBDB4,
    0xBDD4, 0xBDD5, 0xBDD4, 0xBDB4, 0xBDB4, 0xBD94, 0xBDB4, 0xBDB4, 0xBDB4, 0xB573, 0xA512, 0xA4D1,
    0xB573, 0xB573, 0xB573, 0xB573, 0xBD93, 0xBDB4, 0xBDB4, 0xBDB4, 0xBDB4, 0xBDB4, 0xBDD5, 0xC5D5,
    0xBDD4, 0xBDB4, 0xBDB4, 0xBDB4, 0xBDB4, 0xBDB4, 0xBDD4, 0xBDB4, 0xB593, 0xB593, 0xBDB4, 0xBDD5,
    0xBDD4, 0xBDD4, 0xBDD4, 0xBDD4, 0xBDD4, 0xB573, 0xA4F1, 0xA4F1, 0xAD52, 0xB573, 0xB593, 0xB593,
    0xB573, 0xB593, 0xBDB4, 0xBDB4, 0xBDB4, 0xBDB4, 0xBDB4, 0xBDB4, 0xBDB4, 0xBDB4, 0xBDB4, 0xBDD4,
    0xC5F5, 0xC5F5, 0xBDD5, 0xBDD4, 0xBDD5, 0xBDD4, 0xBDD4, 0xBDD4, 0xBDD5, 0xBDD5, 0xC5D5, 0xBDD5,
    0xBDB4, 0xB573, 0xAD12, 0xA4F1, 0xA4F1, 0xAD32, 0xB593, 0xBDB4, 0xBDD4, 0xBDD4, 0xBDD4, 0xBDD5,
    0xC5D5, 0xC5D5, 0xC5D5, 0xBDD5, 0xBDD5, 0xBDB4, 0xBDB4, 0xBDB4, 0xBDB4, 0xBDB4, 0xBDB4, 0xBDB4,
    0xBDB4, 0xBDB4, 0xBDB4, 0xBDB4, 0xBDB4, 0xBDB4, 0xBDB4, 0xBDB4, 0xBDB4, 0xB573, 0xA4F1, 0xA4D1,
    0xAD32, 0xB573, 0xB593, 0xBD93, 0xBD93, 0xBDB4, 0xBDD4, 0xBDD4, 0xBDB4, 0xBDB4, 0xBDB4, 0xBDB4,
    0xBDB4, 0xBDB4, 0xBDB4, 0xBDB4, 0xBDB4, 0xBDD4, 0xBDD4, 0xBDD4, 0xBDD4, 0xC5D5, 0xC5D5, 0xBDD4,
    0xBDB4, 0xBDB4, 0xBDB4, 0xBDB4, 0xBDB4, 0xB593, 0xAD12, 0xA4F1, 0xB573, 0xB573, 0xB573, 0xB573,
    0xBD94, 0xBDB4, 0xBDD5, 0xBDD5, 0xBDD4, 0xBDD4, 0xC5D5, 0xC5F5, 0xC5D5, 0xBDD5, 0xBDD4, 0xBDD4,
    0xBDD4, 0xBDD4, 0xBDD4, 0xBDD4, 0xBDB4, 0xBDB4, 0xBDB4, 0xBDD4, 0xBDD4, 0xBDD4, 0xBDD4, 0xBDD4,
    0xBDB4, 0xB573, 0xA4F1, 0xA4F1, 0xAD32, 0xB573, 0xB593, 0xBD93, 0xBD94, 0xBD94, 0xBDB4, 0xBDB4,
    0xBD94, 0xBDB4, 0xBDB4, 0xBDB4, 0xBDB4, 0xBDB4, 0xBDB4, 0xBDB4, 0xC5F5, 0xC5F5, 0xC5F5, 0xBDD5,
    0xBDD5, 0xBDD5, 0xBDD5, 0xBDD5, 0xBDD5, 0xBDD5, 0xBDD5, 0xBDD5, 0xBDD5, 0xB594, 0xAD32, 0xA4F1,
    0xA511, 0xAD52, 0xB593, 0xBDB4, 0xBDD4, 0xBDD5, 0xC5F5, 0xC5F5, 0xC5F5, 0xC5F5, 0xC5F5, 0xC5D5,
    0xBDD5, 0xBDD5, 0xBDD4, 0xBDB4, 0xBDB4, 0xBDB4, 0xBDB4, 0xBDB4, 0xBDD4, 0xBDD4, 0xBDB4, 0xBDB4,
    0xBDD4, 0xBDD4, 0xBDD4, 0xBDB4, 0xBDB4, 0xB573, 0xA4F1, 0x9CD0, 0xAD12, 0xB553, 0xBD93, 0xBDB4,
    0xBDB4, 0xBDB4, 0xBDB4, 0xBDB4, 0xBDB4, 0xBDB4, 0xBDD4, 0xBDD4, 0xBDD4, 0xBDD4, 0xBDB4, 0xBDB4,
    0xBDD4, 0xBDD4, 0xBDD4, 0xBDD4, 0xBDD4, 0xBDD4, 0xBDD4, 0xBDD4, 0xBDD5, 0xBDD4, 0xBDD4, 0xBDB4,
    0xBDB4, 0xB593, 0xA512, 0x9CD1, 0xB573, 0xB573, 0xB573, 0xBD93, 0xBDB4, 0xBDD4, 0xC5F5, 0xC5F5,
    0xBDD5, 0xBDD5, 0xC5D5, 0xC5D5, 0xC5D5, 0xBDD5, 0xBDD4, 0xBDD4, 0xBDD4, 0xBDD5, 0xBDD5, 0xBDD4,
    0xBDB4, 0xBDB4, 0xBDB4, 0xBDB4, 0xBDB4, 0xBDB4, 0xBDB4, 0xBDB4, 0xBDB4, 0xB573, 0xA4F1, 0xA4F1,
    0xAD32, 0xB573, 0xB593, 0xBD94, 0xBD94, 0xBDB4, 0xBD94, 0xBD94, 0xBDB4, 0xBDB4, 0xBDB4, 0xBDB4,
    0xBDB4, 0xBDB4, 0xBDB4, 0xBDB4, 0xBDD5, 0xC5D5, 0xBDD5, 0xBDD5, 0xBDD5, 0xBDD5, 0xBDD5, 0xBDD5,
    0xBDD4, 0xBDD4, 0xBDD5, 0xBDD5, 0xBDD5, 0xBD94, 0xAD32, 0xA4F1, 0xAD32, 0xB552, 0xBDB4, 0xBDD4,
    0xBDD4, 0xC5D5, 0xC5F5, 0xC5F5, 0xC5F5, 0xC5F5, 0xC5F5, 0xC5F5, 0xC5F5, 0xC5F5, 0xBDD5, 0xBDD4,
    0xBDB4, 0xBDB4, 0xBDB4, 0xBDD4, 0xC5D5, 0xC5D5, 0xBDD4, 0xBDB4, 0xBDD4, 0xBDD4, 0xBDD4, 0xBDD4,
    0xBDB4, 0xB573, 0xA4F1, 0x9CD0, 0xA511, 0xAD52, 0xB593, 0xBDB4, 0xBDB4, 0xBDB4, 0xBDB4, 0xBDB4,
    0xBDD4, 0xBDD4, 0xBDD4, 0xBDD4, 0xBDD4, 0xBDB4, 0xBDB4, 0xBDB4, 0xBDD4, 0xBDD4, 0xBDD4, 0xBDD4,
    0xBDD4, 0xBDD4, 0xBDD4, 0xBDD4, 0xBDD5, 0xBDD5, 0xBDD4, 0xBDB4, 0xBDB4, 0xB573, 0xA4F1, 0x9CB0,
    0xB573, 0xB593, 0xBDB4, 0xBDD4, 0xBDD4, 0xBDD5, 0xC5F5, 0xC5F5, 0xC5F5, 0xC5D5, 0xBDD5, 0xBDD5,
    0xBDD5, 0xBDD5, 0xBDD5, 0xBDD5, 0xBDD5, 0xBDD5, 0xBDD5, 0xBDD4, 0xBDB4, 0xBDB4, 0xBDB4, 0xBDB4,
    0xBDB4, 0xBDB4, 0xBDB4, 0xBDB4, 0xBDB4, 0xB593, 0xA511, 0xA4F1, 0xAD52, 0xB573, 0xBD94, 0xBD94,
    0xBD94, 0xBD93, 0xBD94, 0xBDB4, 0xBDB4, 0xBDD4, 0xBDD4, 0xBDB4, 0xBD94, 0xBD94, 0xBDB4, 0xBDB4,
    0xBDB4, 0xBDB4, 0xBDD4, 0xBDD5, 0xBDD5, 0xBDD5, 0xBDB4, 0xBDB4, 0xBDB4, 0xBDB4, 0xBDD5, 0xBDD5,
    0xBDD5, 0xBDB4, 0xAD32, 0xA511, 0xAD32, 0xB573, 0xBDB4, 0xC5F5, 0xC5D5, 0xC5D5, 0xC5F5, 0xC5F5,
    0xC5F5, 0xC5F5, 0xC5F5, 0xC5F5, 0xC5F5, 0xC5F5, 0xC5F5, 0xBDD5, 0xBDD4, 0xBDD4, 0xC5D5, 0xC5D5,
    0xBDD5, 0xBDD4, 0xBDB4, 0xBDB4, 0xBDB4, 0xBDD4, 0xBDD4, 0xBDD4, 0xBDB4, 0xB573, 0xA511, 0xA4F1,
    0xA511, 0xAD52, 0xB593, 0xBDB4, 0xBDB4, 0xBDB4, 0xBDB4, 0xBDB4, 0xBDD5, 0xC5D5, 0xBDD4, 0xBDD4,
    0xBDB4, 0xBDB4, 0xBD94, 0xBD94, 0xBDB4, 0xBDB4, 0xBDB4, 0xBDB4, 0xBDD4, 0xBDD4, 0xBDD4, 0xBDD4,
    0xBDD5, 0xBDD5, 0xBDD4, 0xBDB4, 0xBDB4, 0xB553, 0xA4D1, 0x9C90, 0xB573, 0xBD94, 0xBDD4, 0xC5F5,
    0xBDD5, 0xBDD5, 0xC5F5, 0xC5F5, 0xC5F5, 0xC5D5, 0xBDD5, 0xBDD5, 0xBDD4, 0xBDD4, 0xBDB4, 0xBDD4,
    0xBDD5, 0xBDD5, 0xBDD5, 0xBDD4, 0xBDB4, 0xBDB4, 0xBDB4, 0xBDB4, 0xBDB4, 0xBDB4, 0xBDB4, 0xBDB4,
    0xBDD4, 0xB593, 0xA511, 0xA4F1, 0xAD52, 0xB593, 0xBD94, 0xBD94, 0xBD93, 0xB593, 0xBD94, 0xBDB4,
    0xBDD4, 0xBDD5, 0xBDD4, 0xBDB4, 0xBD94, 0xBD94, 0xBDB4, 0xBDB4, 0xBDB4, 0xBDB4, 0xBDB4, 0xBDB4,
    0xBDD4, 0xBDB4, 0xBDB4, 0xBDB4, 0xBDB4, 0xBDB4, 0xBDD5, 0xBDD5, 0xBDD5, 0xBDB4, 0xAD32, 0xA512,
    0xAD32, 0xB573, 0xBDD4, 0xC5F5, 0xC5D5, 0xC5D5, 0xC5F5, 0xC5F5, 0xC5F5, 0xC5F5, 0xC5F5, 0xC5F5,
    0xC615, 0xC5F5, 0xC5F5, 0xC5D5, 0xBDD5, 0xBDD5, 0xC5D5, 0xC5D5, 0xBDB4, 0xBDB4, 0xBDB4, 0xBDB4,
    0xBDB4, 0xBDB4, 0xBDD4, 0xBDD4, 0xBDB4, 0xB573, 0xA512, 0xA4F1, 0xAD11, 0xAD32, 0xB573, 0xBD93,
    0xBDB4, 0xBDB4, 0xBDB4, 0xBDD4, 0xBDD5, 0xC5D5, 0xBDD4, 0xBDD4, 0xBDB4, 0xBDB4, 0xBD93, 0xBD94,
    0xBDB4, 0xBDB4, 0xBDB4, 0xBDB4, 0xBDD4, 0xBDD4, 0xBDD4, 0xBDD4, 0xBDD4, 0xBDD5, 0xBDD5, 0xBDD4,
    0xBDB4, 0xB553, 0xA4D1, 0x9490, 0xB594, 0xBDB4, 0xBDD5, 0xC5D5, 0xBDD5, 0xBDD5, 0xC5F5, 0xC5F5,
    0xC5D5, 0xBDD5, 0xC5D5, 0xC5D5, 0xBDD5, 0xBDD4, 0xBDB4, 0xBDB4, 0xBDD5, 0xC5D5, 0xBDD5, 0xBDD4,
    0xBDB4, 0xBDB4, 0xBDD4, 0xBDD5, 0xBDD4, 0xBDD4, 0xBDD4, 0xBDD4, 0xBDD4, 0xB593, 0xA511, 0xA4F1,
    0xAD53, 0xB593, 0xBD94, 0xBD94, 0xB593, 0xB593, 0xBD93, 0xBDB4, 0xC5D5, 0xC5D5, 0xBDB4, 0xBD94,
    0xBD94, 0xBD94, 0xBD94, 0xBDB4, 0xBDB4, 0xBDB4, 0xBDB4, 0xBDB4, 0xBDB4, 0xBDD4, 0xBDB4, 0xBDB4,
    0xBDB4, 0xBDB4, 0xBDB4, 0xBDD5, 0xBDD5, 0xBDB4, 0xAD32, 0xA512, 0xAD32, 0xB553, 0xBDB4, 0xC5D5,
    0xC5D5, 0xBDD5, 0xC5D5, 0xC5D5, 0xBDD5, 0xC5D5, 0xC5F5, 0xC5F5, 0xC5F5, 0xC5F5, 0xC5F5, 0xC5F5,
    0xBDD5, 0xBDD4, 0xBDD4, 0xBDB4, 0xBDB4, 0xBDB4, 0xBDB4, 0xBDB4, 0xBDB4, 0xBDB4, 0xC5D5, 0xC5D5,
    0xC5D5, 0xB594, 0xA511, 0xA4D1, 0xAD12, 0xAD32, 0xB553, 0xB573, 0xBDB4, 0xBDB4, 0xBDB4, 0xBDB4,
    0xBDD4, 0xBDD4, 0xBDD4, 0xBDD4, 0xBDD4, 0xBDB4, 0xBDB4, 0xBDB4, 0xBDB4, 0xBDB4, 0xBD94, 0xBD94,
    0xBDD4, 0xBDD5, 0xBDD4, 0xBDD4, 0xBDD4, 0xBDD4, 0xC5F5, 0xC5D5, 0xBDB4, 0xB573, 0xA4D1, 0x9C90,
    0xB594, 0xBD94, 0xBDB4, 0xBDD5, 0xBDD5, 0xBDD5, 0xBDD5, 0xBDD5, 0xBDD5, 0xBDD5, 0xC5D5, 0xC5D5,
    0xBDD5, 0xBDD4, 0xBDB4, 0xBDB4, 0xBDD4, 0xBDD5, 0xBDD4, 0xBDB4, 0xBD94, 0xBD94, 0xBDB4, 0xBDD4,
    0xBDD4, 0xBDD4, 0xBDD5, 0xBDD5, 0xBDD4, 0xB573, 0xA4F1, 0xA4F1, 0xAD53, 0xB593, 0xBD94, 0xBD94,
    0xB593, 0xB593, 0xBD94, 0xBDB4, 0xBDD5, 0xBDD5, 0xBDB4, 0xBD94, 0xBD94, 0xBD94, 0xBD94, 0xBD94,
    0xBDB4, 0xBDB4, 0xBDB4, 0xBDB4, 0xBDB4, 0xBDB4, 0xBDB4, 0xBDB4, 0xBDB4, 0xBDB4, 0xBDB4, 0xBDD4,
    0xBDD5, 0xBDB4, 0xAD33, 0xA512, 0xAD32, 0xB573, 0xBDB4, 0xC5D5, 0xBDD5, 0xBDD4, 0xBDD4, 0xBDD4,
    0xBDD5, 0xBDD5, 0xC5F5, 0xC5F5, 0xC5F5, 0xC5F5, 0xC5F5, 0xC5D5, 0xBDD4, 0xBDD4, 0xBDD4, 0xBDB4,
    0xBDB4, 0xBDB4, 0xBDB4, 0xBDD4, 0xBDB4, 0xBDB4, 0xBDD5, 0xC5D5, 0xC5D5, 0xBD94, 0xA512, 0xA4F1,
    0xAD12, 0xAD52, 0xB553, 0xB573, 0xBDB4, 0xBDB4, 0xBDB4, 0xBDB4, 0xBDB4, 0xBDB4, 0xBDB4, 0xBDB4,
    0xBDD4, 0xBDB4, 0xBDB4, 0xBDB4, 0xBDB4, 0xBDB4, 0xBD94, 0xBD94, 0xBDB4, 0xBDD5, 0xBDD5, 0xBDD4,
    0xBDB4, 0xBDD4, 0xC5D5, 0xC5D5, 0xBDD4, 0xB573, 0xA4F1, 0x9CB0, 0xB553, 0xB573, 0xB594, 0xBDB4,
    0xBDD5, 0xBDD5, 0xBDD4, 0xBDB4, 0xBDB4, 0xBDD5, 0xC5D5, 0xBDD5, 0xBDB4, 0xBDB4, 0xBDD4, 0xBDD5,
    0xBDD4, 0xBDB4, 0xBDB4, 0xBDB4, 0xB593, 0xB593, 0xBD93, 0xBD94, 0xBDB4, 0xBDB4, 0xBDD5, 0xBDD5,
    0xBDB4, 0xB553, 0xA4F1, 0xA4D1, 0xAD53, 0xB593, 0xB593, 0xBD93, 0xBD93, 0xBD94, 0xBD94, 0xBDB4,
    0xBDD5, 0xBDD5, 0xBDB4, 0xBDB4, 0xBD94, 0xBD94, 0xBD94, 0xBD94, 0xBDB4, 0xBDB4, 0xBDB4, 0xBDB4,
    0xBDB4, 0xBDB4, 0xBDB4, 0xBDB4, 0xBDD4, 0xBDD4, 0xBDB4, 0xBDB4, 0xBDD5, 0xBDB4, 0xAD33, 0xAD12,
    0xAD52, 0xB573, 0xBDD4, 0xC5F5, 0xBDD5, 0xBDB4, 0xBDB4, 0xBDB4, 0xBDD4, 0xC5D5, 0xC5F5, 0xC5F5,
    0xC5F5, 0xC5F5, 0xC5F5, 0xBDD5, 0xBDB4, 0xBDB4, 0xBDD4, 0xBDD5, 0xBDD4, 0xBDD4, 0xBDD4, 0xBDD4,
    0xBDD4, 0xBDD4, 0xBDB4, 0xBDB4, 0xBDD5, 0xBDB4, 0xAD32, 0xA512, 0xAD32, 0xB552, 0xB573, 0xBDB4,
    0xBDB4, 0xBDB4, 0xBDB4, 0xBD93, 0xBD93, 0xBD93, 0xBD93, 0xBD93, 0xBDB4, 0xBDB4, 0xBD94, 0xBDB4,
    0xBDB4, 0xBDD4, 0xBDB4, 0xBDB4, 0xBDB4, 0xBDD4, 0xBDD5, 0xBDD4, 0xBDB4, 0xBDB4, 0xBDD5, 0xBDD5,
    0xBDD5, 0xB593, 0xA4F1, 0x9CB0, 0xB553, 0xB573, 0xB594, 0xBDB4, 0xBDB4, 0xBDB4, 0xBDB4, 0xBDB4,
    0xBDB4, 0xBDD4, 0xBDD5, 0xBDD5, 0xBDB4, 0xBDB4, 0xBDD5, 0xC5D5, 0xBDD4, 0xBDB4, 0xBDB4, 0xBD94,
    0xB593, 0xB593, 0xB593, 0xBD93, 0xBD94, 0xBDB4, 0xBDD5, 0xBDD5, 0xBDB4, 0xB553, 0xA4D1, 0xA4D1,
    0xAD53, 0xB593, 0xB593, 0xBD93, 0xBD94, 0xBDB4, 0xBDB4, 0xBDB4, 0xBDD4, 0xBDD4, 0xBDB4, 0xBD94,
    0xBD93, 0xB593, 0xB593, 0xBD94, 0xBD94, 0xBDB4, 0xBDB4, 0xBDB4, 0xBDB4, 0xBD94, 0xBDB4, 0xBDB4,
    0xBDD5, 0xBDD5, 0xBDB4, 0xBDB4, 0xBDD5, 0xBD94, 0xAD32, 0xA512, 0xAD53, 0xB593, 0xBDD4, 0xC5F5,
    0xBDD5, 0xBDB4, 0xBDB4, 0xBDB4, 0xBDD4, 0xBDD4, 0xC5D5, 0xC5F5, 0xC5F5, 0xC5F5, 0xC5D5, 0xBDD4,
    0xBDB4, 0xBDB4, 0xBDD5, 0xC5D5, 0xC5D5, 0xC5D5, 0xC5D5, 0xC5D5, 0xC5D5, 0xBDD4, 0xBDB4, 0xBDB4,
    0xBDD4, 0xBD94, 0xAD32, 0xA512, 0xAD32, 0xB553, 0xBD93, 0xBDB4, 0xBDB4, 0xBDB4, 0xBDB4, 0xBD93,
    0xB593, 0xB573, 0xB573, 0xBD93, 0xBDB4, 0xBDB4, 0xBD93, 0xBD94, 0xBDB4, 0xBDD4, 0xBDB4, 0xBDB4,
    0xBDD4, 0xBDD4, 0xBDD4, 0xBDD4, 0xBDD4, 0xBDD4, 0xBDD4, 0xBDD4, 0xBDD4, 0xB593, 0xA512, 0x9CD1,
    0xB553, 0xB573, 0xBDB4, 0xBDB4, 0xBDB4, 0xBDB4, 0xBDB4, 0xBDB4, 0xBDB4, 0xBDB4, 0xBDD4, 0xBDD4,
    0xBDB4, 0xBDD4, 0xBDD5, 0xC5D5, 0xC5D5, 0xBDD5, 0xBDB4, 0xBDB4, 0xBDB4, 0xBDB4, 0xBD94, 0xBD94,
    0xBD94, 0xBDB4, 0xBDD4, 0xBDD4, 0xBDB4, 0xB553, 0xA4F1, 0xA4F1, 0xB553, 0xB593, 0xB593, 0xBD93,
    0xBDB4, 0xBDB4, 0xBD94, 0xBDB4, 0xBDB4, 0xBDB4, 0xBD93, 0xB593, 0xB573, 0xB573, 0xB573, 0xB573,
    0xBD94, 0xBDB4, 0xBDB4, 0xBDB4, 0xBDB4, 0xBDB4, 0xBDD4, 0xBDD5, 0xBDD5, 0xBDD5, 0xBDD4, 0xBDB4,
    0xBDB4, 0xB594, 0xA512, 0xA512, 0xAD53, 0xB594, 0xBDB4, 0xC5D5, 0xC5D5, 0xC5D5, 0xBDD4, 0xBDD4,
    0xBDB4, 0xBDB4, 0xBDD4, 0xC5D5, 0xC5D5, 0xC5D5, 0xC5D5, 0xC5D5, 0xBDD4, 0xBDD4, 0xBDD5, 0xBDD5,
    0xC5D5, 0xC5D5, 0xC5D5, 0xC5D5, 0xBDD4, 0xBDD4, 0xBDB4, 0xBDB4, 0xBDB4, 0xB593, 0xA512, 0xA4F1,
    0xAD32, 0xB573, 0xBDB4, 0xBDB4, 0xBDB4, 0xBDB4, 0xBDB4, 0xBDB4, 0xBD93, 0xB573, 0xB573, 0xBD93,
    0xBD94, 0xBD94, 0xBD93, 0xBD94, 0xBDB4, 0xBDD4, 0xBDD4, 0xBDD4, 0xBDD4, 0xBDD4, 0xBDB4, 0xBDB4,
    0xBDD5, 0xBDD5, 0xBDD5, 0xBDD4, 0xBDB4, 0xB573, 0xAD12, 0xA4F1, 0xB573, 0xB573, 0xBDB4, 0xBDD4,
    0xBDB4, 0xBDB4, 0xBDB4, 0xBDB4, 0xBDB4, 0xBDB4, 0xBDB4, 0xBDB4, 0xBDB4, 0xBDD4, 0xBDD4, 0xBDD5,
    0xC5D5, 0xC5D5, 0xBDB4, 0xBDB4, 0xBDB4, 0xBDB4, 0xBDB4, 0xBDB4, 0xBDB4, 0xBDB4, 0xBDD4, 0xBDD4,
    0xBDB4, 0xB573, 0xA4F1, 0xA4F1, 0xAD53, 0xB593, 0xB593, 0xBD93, 0xBDB4, 0xBDB4, 0xBDB4, 0xBDB4,
    0xBDB4, 0xBDB4, 0xBD93, 0xB593, 0xB573, 0xB573, 0xB573, 0xB573, 0xBD94, 0xBDB4, 0xBDB4, 0xBDB4,
    0xBDB4, 0xBDB4, 0xBDD5, 0xBDD5, 0xBDD5, 0xBDD5, 0xBDD4, 0xBDB4, 0xBDB4, 0xB573, 0xA512, 0xA512,
    0xB553, 0xB594, 0xBDB4, 0xBDD4, 0xC5D5, 0xC5F5, 0xC5D5, 0xBDD4, 0xBDB4, 0xBDB4, 0xBDD4, 0xBDD5,
    0xC5D5, 0xC5D5, 0xBDD5, 0xBDD5, 0xBDD4, 0xBDD5, 0xBDD5, 0xBDD5, 0xC5D5, 0xC5D5, 0xC5F5, 0xC5F5,
    0xC5D5, 0xBDD4, 0xBDB4, 0xBDB4, 0xBDD4, 0xB593, 0xA511, 0xA4F1, 0xAD32, 0xB573, 0xBDB4, 0xBDB4,
    0xBDB4, 0xBDB4, 0xBDB4, 0xBDB4, 0xBD93, 0xBD93, 0xBD93, 0xBD93, 0xBDB4, 0xBDB4, 0xBD94, 0xBDB4,
    0xBDB4, 0xBDD4, 0xBDD4, 0xBDD5, 0xBDD4, 0xBDD4, 0xBDB4, 0xBDB4, 0xBDD5, 0xC5D5, 0xC5D5, 0xBDD5,
    0xBDB4, 0xB573, 0xAD12, 0xA4F1, 0xB553, 0xB573, 0xBDB4, 0xBDD4, 0xBDD4, 0xBDD4, 0xBDB4, 0xBD94,
    0xBDB4, 0xBDB4, 0xBDB4, 0xBDB4, 0xBDB4, 0xBDB4, 0xBDD4, 0xBDD5, 0xC5F5, 0xC5D5, 0xBDD5, 0xBDB4,
    0xBD94, 0xBD94, 0xBDB4, 0xBDD4, 0xBDB4, 0xBDB4, 0xBDD4, 0xBDD4, 0xBDB4, 0xB573, 0xA4F1, 0xA4F1,
    0xAD52, 0xB593, 0xBD93, 0xBD94, 0xBD93, 0xBD94, 0xBDB4, 0xBDB4, 0xBDB4, 0xBDB4, 0xBD94, 0xBD93,
    0xBD93, 0xBD93, 0xBD94, 0xBD94, 0xBD94, 0xBDB4, 0xBDD4, 0xBDD4, 0xBDB4, 0xBDB4, 0xBDD4, 0xBDD4,
    0xBDD4, 0xBDB4, 0xBDB4, 0xBDB4, 0xBDB4, 0xB594, 0xAD32, 0xA512, 0xB573, 0xBD94, 0xBDB4, 0xBDB4,
    0xBDD4, 0xC5D5, 0xC5D5, 0xBDD4, 0xBDB4, 0xBDB4, 0xBDD5, 0xC5D5, 0xC5D5, 0xBDD5, 0xBDD4, 0xBDB4,
    0xBDB4, 0xBDB4, 0xBDD5, 0xC5F5, 0xC5D5, 0xC5D5, 0xC5F5, 0xC5F5, 0xC5F5, 0xC5F5, 0xC5D5, 0xC5D4,
    0xBDD4, 0xB593, 0xA511, 0xA4F1, 0xAD32, 0xB573, 0xBD94, 0xBDB4, 0xBD93, 0xBD93, 0xBD93, 0xBD93,
    0xBD93, 0xBD93, 0xBD93, 0xBDB4, 0xBDB4, 0xBDB4, 0xBDB4, 0xBDB4, 0xBDB4, 0xBDD4, 0xBDD4, 0xBDD4,
    0xBDB4, 0xBDB4, 0xBDB4, 0xBDD4, 0xBDD5, 0xC5D5, 0xC5D5, 0xC5D5, 0xBDD5, 0xB594, 0xAD32, 0xA4F1,
    0xB553, 0xB573, 0xBDB4, 0xBDD4, 0xBDD5, 0xBDD4, 0xBDB4, 0xBDB4, 0xBDB4, 0xBDB4, 0xBDD4, 0xBDD4,
    0xBDB4, 0xBDB4, 0xBDB4, 0xBDD4, 0xBDD5, 0xC5D5, 0xBDD4, 0xBDB4, 0xBD94, 0xBD94, 0xBDB4, 0xBDD4,
    0xBDD4, 0xBDD4, 0xBDD4, 0xBDB4, 0xBDB4, 0xB573, 0xA4F1, 0xA4F1, 0xAD52, 0xB593, 0xBD93, 0xBD93,
    0xBD93, 0xBDB4, 0xBDB4, 0xBDB4, 0xBDB4, 0xBDB4, 0xBDB4, 0xBDB4, 0xBDB4, 0xBDB4, 0xBDB4, 0xBDB4,
    0xBDB4, 0xBDB4, 0xBDB4, 0xBDB4, 0xBDB4, 0xBDB4, 0xBDB4, 0xBDB4, 0xBDB4, 0xBDB4, 0xBDB4, 0xBDB4,
    0xBDB4, 0xB594, 0xAD32, 0xAD12, 0xB573, 0xBD94, 0xBDB4, 0xBDB4, 0xBDD4, 0xBDD4, 0xBDD4, 0xBDD4,
    0xBDB4, 0xBDD4, 0xBDD5, 0xC5D5, 0xC5D5, 0xBDD4, 0xBDB4, 0xBDB4, 0xBDB4, 0xBDB4, 0xBDD5, 0xC5D5,
    0xC5D5, 0xC5D5, 0xC5D4, 0xC5D5, 0xC5D5, 0xC5F5, 0xC5D5, 0xC5D5, 0xC5D5, 0xB594, 0xA511, 0xA4F1,
    0xAD32, 0xB573, 0xBD94, 0xBDB4, 0xBD93, 0xB593, 0xB593, 0xBD93, 0xBD94, 0xBDB4, 0xBD93, 0xBDB4,
    0xBDB4, 0xBDD4, 0xBDB4, 0xBDB4, 0xBDD4, 0xBDD4, 0xBDD4, 0xBDB4, 0xBDB4, 0xBDB4, 0xBDB4, 0xBDD4,
    0xBDD5, 0xBDD5, 0xC5D5, 0xBDD5, 0xBDD5, 0xB594, 0xA512, 0xA4F1, 0xB553, 0xB573, 0xBD94, 0xBDB4,
    0xBDD4, 0xBDD4, 0xBDB4, 0xBDB4, 0xBDB4, 0xBDD4, 0xBDD4, 0xBDD4, 0xBDB4, 0xBDB4, 0xBDB4, 0xBDB4,
    0xBDB4, 0xBDB4, 0xBDB4, 0xBDB4, 0xBDB4, 0xBDB4, 0xBDD4, 0xBDD4, 0xBDD4, 0xBDD4, 0xBDB4, 0xBDB4,
    0xB593, 0xB552, 0xA4F1, 0xA4F1, 0xB573, 0xB593, 0xB573, 0xB593, 0xBDB4, 0xBDB4, 0xBDB4, 0xBDB4,
    0xBDB4, 0xBD94, 0xBDB4, 0xBDB4, 0xBDB4, 0xBDB4, 0xBD94, 0xBD94, 0xBDB4, 0xBDB4, 0xBD94, 0xBD94,
    0xB593, 0xB594, 0xBD94, 0xBDB4, 0xBDB4, 0xBDB4, 0xBDB4, 0xBDB4, 0xBDB4, 0xB594, 0xAD12, 0xA512,
    0xB573, 0xBD94, 0xBDB4, 0xBDD4, 0xBDB4, 0xBDB4, 0xBDD4, 0xBDD4, 0xBDB4, 0xBDD4, 0xBDD5, 0xC5D5,
    0xBDD4, 0xBDD4, 0xBDD4, 0xBDD4, 0xBDD4, 0xBDD4, 0xBDD4, 0xBDD4, 0xC5D5, 0xBDD5, 0xBDB4, 0xBDB4,
    0xBDD4, 0xBDD5, 0xBDD4, 0xBDD4, 0xBDD5, 0xB594, 0xA4F1, 0xA4D1, 0xAD32, 0xB573, 0xBD94, 0xBDB4,
    0xBDB4, 0xBDB4, 0xBD94, 0xBD94, 0xBDB4, 0xBDB4, 0xBD93, 0xBD93, 0xBDB4, 0xBDB4, 0xBDB4, 0xBDB4,
    0xBDB4, 0xBDB4, 0xBDB4, 0xBDB4, 0xBDB4, 0xBDB4, 0xBDB4, 0xBDB4, 0xBDD5, 0xBDD5, 0xBDD5, 0xBDB4,
    0xBD94, 0xB553, 0xA512, 0xA4D1, 0xAD52, 0xB553, 0xB573, 0xB573, 0xB573, 0xB573, 0xB573, 0xB573,
    0xB573, 0xB593, 0xB593, 0xB573, 0xB573, 0xB573, 0xB573, 0xB573, 0xB573, 0xB573, 0xB573, 0xB573,
    0xB593, 0xB593, 0xB593, 0xB573, 0xB593, 0xB593, 0xB573, 0xB573, 0xB552, 0xAD12, 0xA4F1, 0xA4F1,
    0xAD32, 0xB553, 0xAD52, 0xAD52, 0xB573, 0xB573, 0xB573, 0xB573, 0xB553, 0xB553, 0xB573, 0xB573,
    0xB573, 0xB553, 0xAD52, 0xAD52, 0xB573, 0xB573, 0xAD52, 0xAD32, 0xAD52, 0xAD52, 0xAD52, 0xB553,
    0xB573, 0xB573, 0xB573, 0xB573, 0xB573, 0xAD53, 0xA4F1, 0xA4F1, 0xAD32, 0xB573, 0xB573, 0xB593,
    0xB573, 0xB573, 0xB593, 0xB593, 0xB593, 0xB573, 0xB593, 0xB593, 0xB593, 0xB573, 0xB573, 0xB593,
    0xB593, 0xB593, 0xB573, 0xB573, 0xB593, 0xB593, 0xB573, 0xB573, 0xB573, 0xB593, 0xB593, 0xB593,
    0xB593, 0xB553, 0xA4D1, 0x9CD0, 0xAD12, 0xAD52, 0xB573, 0xB573, 0xB593, 0xB593, 0xB573, 0xB573,
    0xB593, 0xB573, 0xB553, 0xB553, 0xB573, 0xB573, 0xB593, 0xB593, 0xB593, 0xB593, 0xB593, 0xB573,
    0xB573, 0xB573, 0xB573, 0xB573, 0xBD94, 0xBDB4, 0xB594, 0xB573, 0xB553, 0xAD12, 0xA4F1, 0x9CD1,
    0xA512, 0xA512, 0xA511, 0xA4F1, 0xA4F1, 0xA4F1, 0xA4F1, 0xA4F1, 0xA4F1, 0xA4F1, 0xA4D1, 0xA4D1,
    0xA4D1, 0xA4D1, 0xA4F1, 0xA4F1, 0xA511, 0xA511, 0xA511, 0xA511, 0xA511, 0xA511, 0xA4F1, 0xA4F1,
    0xA4F1, 0xA4F1, 0xA511, 0xA511, 0xA4F1, 0xA4F1, 0x9CD0, 0x9CD0, 0xA4D1, 0xA4F1, 0xA4F1, 0xA4F1,
    0xA4F1, 0xA4F1, 0xA4D0, 0xA4D0, 0xA4D1, 0xA4D1, 0xA4D1, 0xA4D0, 0xA4D0, 0x9CD0, 0x9CB0, 0x9CB0,
    0xA4D0, 0xA4D0, 0x9CD0, 0x9CB0, 0x9CD0, 0x9CD0, 0x9CD0, 0xA4D1, 0xA4F1, 0xA4F1, 0xA4D1, 0xA4F1,
    0xA4F1, 0xA4F1, 0x9CB0, 0x9CB0, 0xA4F1, 0xA4F1, 0xA4F1, 0xA4F1, 0xA511, 0xA511, 0xA511, 0xA511,
    0xA511, 0xA4F1, 0xA4D1, 0xA4D1, 0xA4F1, 0xA4F1, 0xA4F1, 0xA4F1, 0xA511, 0xA4F1, 0xA4F1, 0xA4F1,
    0xA4F1, 0xA4F1, 0xA4D1, 0xA4F1, 0xA511, 0xAD12, 0xAD12, 0xA511, 0xA511, 0xA4F1, 0x9CB0, 0x9CB0,
    0xA4F1, 0xA511, 0xA4F1, 0xA511, 0xAD32, 0xAD32, 0xA511, 0xA4F1, 0xA511, 0xA511, 0xA4F1, 0xA4F1,
    0xA4F1, 0xA511, 0xAD11, 0xAD12, 0xAD32, 0xAD32, 0xAD32, 0xA512, 0xA511, 0xA511, 0xA511, 0xA512,
    0xAD32, 0xAD32, 0xAD12, 0xA511, 0xA4F1, 0xA4D1, 0x9CD0, 0x9CB0, 0xA511, 0xA4F1, 0xA4F1, 0xA4F1,
    0xA4F1, 0xA4F1, 0xA4F1, 0xA4F1, 0xA4F1, 0xA4F1, 0xA4D1, 0xA4D1, 0x9CD0, 0x9CD0, 0x9CD0, 0xA4D0,
    0xA4F1, 0xA4F1, 0xA4F1, 0xA4F1, 0xA4F1, 0xA4F1, 0xA4D1, 0x9CD0, 0xA4D1, 0xA4F1, 0xA511, 0xA511,
    0xA4F1, 0xA4F1, 0x9CD0, 0x9CD0, 0xA4F1, 0xA4F1, 0xA4F1, 0xA4F1, 0xA4F1, 0xA4F1, 0xA4D0, 0xA4D0,
    0xA4D1, 0xA4F1, 0xA4F1, 0xA4F1, 0xA4D1, 0x9CD0, 0x9CB0, 0x9CB0, 0x9CD0, 0xA4D1, 0xA4D0, 0xA4D0,
    0x9CB0, 0x9CB0, 0x9CD0, 0xA4D1, 0xA4F1, 0xA4F1, 0xA4D1, 0xA4D1, 0xA4F1, 0xA4F1, 0x9CD0, 0x9CB0,
    0xA4D1, 0xA4F1, 0xA4D0, 0xA4D0, 0xA4F1, 0xA4F1, 0xA4F1, 0xA4F1, 0xA4F1, 0xA4D1, 0x9CD0, 0x9CD0,
    0xA4D1, 0xA4D1, 0xA4D1, 0xA4D1, 0xA4F1, 0xA4F1, 0xA4D1, 0x9CD0, 0x9CD0, 0x9CD0, 0x9CD0, 0xA4D1,
    0xA4F1, 0xA511, 0xA511, 0xA511, 0xA4F1, 0xA4D1, 0x9CD0, 0x9CD1, 0xA511, 0xAD12, 0xA4F1, 0xA4F1,
    0xAD12, 0xAD12, 0xA511, 0xA4F1, 0xA511, 0xA511, 0xA4F1, 0xA4F1, 0xA4F1, 0xA4F1, 0xA511, 0xA511,
    0xAD12, 0xAD12, 0xA511, 0xA511, 0xA511, 0xA511, 0xA4F1, 0xA511, 0xAD32, 0xAD32, 0xAD12, 0xA511,
    0xA4F1, 0xA4F1, 0x9CD0, 0x9CB0, 0xA511, 0xA511, 0xAD32, 0xAD52, 0xB573, 0xB573, 0xAD52, 0xAD53,
    0xB573, 0xB594, 0xB573, 0xB573, 0xAD53, 0xAD32, 0xA511, 0xA511, 0xAD11, 0xAD12, 0xA512, 0xAD12,
    0xAD32, 0xAD32, 0xAD32, 0xAD32, 0xAD32, 0xAD52, 0xB573, 0xB573, 0xAD53, 0xAD32, 0xA4F1, 0xA511,
    0xAD53, 0xB573, 0xB553, 0xB553, 0xB573, 0xB573, 0xB573, 0xB573, 0xB553, 0xB573, 0xB594, 0xB594,
    0xB573, 0xB553, 0xAD52, 0xAD52, 0xAD53, 0xB573, 0xB573, 0xB573, 0xAD32, 0xAD32, 0xAD32, 0xAD52,
    0xAD53, 0xAD53, 0xAD52, 0xAD52, 0xAD52, 0xAD32, 0xA4F1, 0xA4F1, 0xA512, 0xAD12, 0xAD12, 0xAD32,
    0xAD52, 0xAD52, 0xAD52, 0xAD32, 0xAD32, 0xAD32, 0xAD52, 0xAD52, 0xAD32, 0xAD32, 0xAD32, 0xAD32,
    0xAD52, 0xB553, 0xAD52, 0xAD32, 0xAD32, 0xAD32, 0xAD32, 0xAD32, 0xAD53, 0xB553, 0xB573, 0xB553,
    0xAD52, 0xAD32, 0xAD32, 0xAD32, 0xAD53, 0xB553, 0xAD52, 0xB552, 0xB573, 0xB573, 0xB573, 0xB573,
    0xB573, 0xB553, 0xAD53, 0xAD53, 0xB553, 0xB553, 0xB553, 0xB553, 0xB553, 0xB553, 0xB553, 0xB553,
    0xB573, 0xB573, 0xB553, 0xB553, 0xB573, 0xB593, 0xB573, 0xB573, 0xB573, 0xAD32, 0xA4F1, 0x9CD1,
    0xAD12, 0xAD32, 0xB573, 0xB593, 0xBDB4, 0xBDB4, 0xBD94, 0xBDB4, 0xBDD5, 0xBDD5, 0xBDD5, 0xBDB4,
    0xBDB4, 0xB573, 0xB552, 0xAD52, 0xB553, 0xB553, 0xB553, 0xB553, 0xB573, 0xB573, 0xB573, 0xB573,
    0xB573, 0xB593, 0xBDB4, 0xBDB4, 0xB593, 0xAD53, 0xA511, 0xA512, 0xB573, 0xB594, 0xB594, 0xBD94,
    0xBDB4, 0xBDB4, 0xBDB4, 0xBDB4, 0xBDB4, 0xBDB4, 0xC5F5, 0xC5F5, 0xBDD4, 0xBDB4, 0xBDB4, 0xBDB4,
    0xBDB4, 0xBDB4, 0xBDD4, 0xBDB4, 0xB593, 0xB573, 0xB573, 0xB573, 0xB593, 0xBD94, 0xBD94, 0xBD94,
    0xB573, 0xB553, 0xAD32, 0xA512, 0xAD32, 0xAD32, 0xAD52, 0xB573, 0xB593, 0xB593, 0xB573, 0xB573,
    0xB573, 0xB573, 0xB594, 0xBD94, 0xB593, 0xB573, 0xB573, 0xB573, 0xB593, 0xBD94, 0xB593, 0xB593,
    0xB573, 0xB573, 0xB593, 0xB593, 0xB594, 0xB594, 0xBD94, 0xB594, 0xB593, 0xB573, 0xAD52, 0xAD52,
    0xB573, 0xB573, 0xB573, 0xB573, 0xB593, 0xBD94, 0xBDB4, 0xBDB4, 0xBDB4, 0xBD94, 0xB594, 0xBD94,
    0xBD94, 0xBD94, 0xBD94, 0xB593, 0xB593, 0xB593, 0xB593, 0xBD94, 0xBDB4, 0xBDB4, 0xBD94, 0xBD94,
    0xBDB4, 0xBDB4, 0xBDB4, 0xBDB4, 0xBDB4, 0xB573, 0xA512, 0xA4F1, 0xAD32, 0xB552, 0xBD93, 0xBDD4,
    0xC5D5, 0xC5D5, 0xBDD4, 0xBDD4, 0xBDD5, 0xC5D5, 0xBDD5, 0xBDD4, 0xBDD4, 0xBDB4, 0xBDB4, 0xBDB4,
    0xBDB4, 0xBDB4, 0xBDB4, 0xBDB4, 0xBDB4, 0xBDB4, 0xBDB4, 0xBDB4, 0xBD93, 0xBD94, 0xBDB4, 0xBDB4,
    0xBDB4, 0xB573, 0xA511, 0xA4F1, 0xAD52, 0xB593, 0xBD94, 0xBDB4, 0xBDB4, 0xBDB4, 0xBDB4, 0xBDB4,
    0xBDB4, 0xBDB4, 0xBDD5, 0xBDD5, 0xBDD4, 0xBDB4, 0xBDD4, 0xBDD4, 0xBDD4, 0xBDD4, 0xBDB4, 0xBDB4,
    0xBDB4, 0xBD93, 0xB593, 0xB593, 0xBDB4, 0xBDB4, 0xBDB4, 0xBDB4, 0xBDB4, 0xB573, 0xAD52, 0xAD32,
    0xAD32, 0xAD52, 0xB573, 0xB593, 0xBDB4, 0xBDB4, 0xBDB4, 0xB593, 0xB573, 0xB573, 0xBDB4, 0xBDD4,
    0xBDB4, 0xBDB4, 0xBDB4, 0xBDB4, 0xBDB4, 0xBDB4, 0xBDB4, 0xBDB4, 0xBDB4, 0xBDB4, 0xBDB4, 0xBDB4,
    0xBDB4, 0xBDB4, 0xBDB4, 0xBDB4, 0xBDB4, 0xB573, 0xAD32, 0xAD12, 0xB553, 0xB573, 0xB573, 0xB593,
    0xBD94, 0xBDB4, 0xBDB4, 0xBDD4, 0xBDB4, 0xBDB4, 0xBDB4, 0xBDB4, 0xBDB4, 0xBDB4, 0xBDB4, 0xBDB4,
    0xBD93, 0xBD93, 0xBDB4, 0xBDB4, 0xBDB4, 0xBDB4, 0xBDB4, 0xBDB4, 0xBDD4, 0xBDD5, 0xC5D5, 0xC5D5,
    0xBDB4, 0xB593, 0xAD32, 0xA4F1, 0xB553, 0xB573, 0xBDB4, 0xC5D5, 0xC5F5, 0xC5F5, 0xC5D5, 0xBDD5,
    0xBDD5, 0xBDD5, 0xBDD4, 0xBDD4, 0xBDD4, 0xBDD4, 0xBDD4, 0xBDD4, 0xC5D5, 0xC5D5, 0xBDD5, 0xBDD5,
    0xBDD5, 0xBDD5, 0xBDD4, 0xBDB4, 0xBDB4, 0xBDB4, 0xBDB4, 0xBDB4, 0xBDB4, 0xB573, 0xA4F1, 0xA4F1,
    0xAD32, 0xB573, 0xBD94, 0xBDB4, 0xBDB4, 0xBDB4, 0xBDB4, 0xBDB4, 0xBDB4, 0xBDB4, 0xBDD4, 0xBDD4,
    0xBDD4, 0xBDD4, 0xC5D5, 0xC5D5, 0xC5D5, 0xBDD4, 0xBDB4, 0xBDB4, 0xBDB4, 0xBDB4, 0xBD93, 0xBD93,
    0xBDB4, 0xBDD4, 0xBDD4, 0xBDD4, 0xBDB4, 0xB593, 0xAD53, 0xAD32, 0xAD52, 0xB573, 0xB593, 0xBDB4,
    0xBDB4, 0xBDD4, 0xBDB4, 0xBD94, 0xB593, 0xB593, 0xBDB4, 0xBDD4, 0xBDD4, 0xBDD4, 0xBDD4, 0xBDD4,
    0xBDB4, 0xBDB4, 0xBDD4, 0xBDD4, 0xBDD4, 0xBDD4, 0xBDD4, 0xBDD4, 0xBDB4, 0xBDB4, 0xBDD4, 0xBDD4,
    0xBDB4, 0xB573, 0xAD12, 0xA512, 0xAD53, 0xB573, 0xB593, 0xBD93, 0xBDB4, 0xBDB4, 0xBDD4, 0xBDD5,
    0xBDD5, 0xBDD4, 0xBDD4, 0xBDD4, 0xBDD4, 0xBDD4, 0xBDB4, 0xBDB4, 0xBDB4, 0xBDB4, 0xBDB4, 0xBDB4,
    0xBDB4, 0xBDD4, 0xBDD4, 0xBDD5, 0xBDD5, 0xBDD5, 0xC5D5, 0xC5D5, 0xBDD4, 0xBD94, 0xAD32, 0xA512,
    0xB593, 0xBD94, 0xBDB4, 0xBDD4, 0xBDD4, 0xC5D5, 0xC5D5, 0xBDD5, 0xBDB4, 0xBDB4, 0xBDD5, 0xBDD5,
    0xBDD4, 0xBDD4, 0xBDB4, 0xBDB4, 0xBDD4, 0xBDD4, 0xBD94, 0xBD94, 0xBDB4, 0xBDB4, 0xBDB4, 0xBDB4,
    0xBDB4, 0xBDB4, 0xBDD4, 0xBDD4, 0xBDB4, 0xB573, 0xA511, 0xA4F1, 0xAD32, 0xB573, 0xBD94, 0xBDB4,
    0xBDB4, 0xBD94, 0xBD93, 0xBD93, 0xBD94, 0xBDB4, 0xBDD4, 0xC5D4, 0xC5F5, 0xC5F5, 0xC5F5, 0xC5D5,
    0xBDD4, 0xBDB4, 0xBDB4, 0xBD93, 0xBD93, 0xBD93, 0xBD93, 0xBD93, 0xBDB4, 0xBDD4, 0xBDD4, 0xBDD4,
    0xBDB4, 0xB593, 0xAD32, 0xAD32, 0xB553, 0xB573, 0xBD94, 0xBDB4, 0xBDD4, 0xBDD4, 0xBDB4, 0xBD94,
    0xBD93, 0xB593, 0xBD93, 0xBD94, 0xBDB4, 0xBDB4, 0xBDB4, 0xBDB4, 0xBDB4, 0xBDB4, 0xBDB4, 0xBDD4,
    0xBDB4, 0xBDB4, 0xBDB4, 0xBDB4, 0xBDB4, 0xBDB4, 0xBDD4, 0xBDD4, 0xBDB4, 0xB593, 0xAD32, 0xA512,
    0xAD32, 0xB573, 0xB593, 0xBDB4, 0xBDB4, 0xBDB4, 0xBDD4, 0xBDD4, 0xBDD5, 0xBDD4, 0xBDB4, 0xBDB4,
    0xBDB4, 0xBDB4, 0xBDD4, 0xBDB4, 0xBDB4, 0xBDB4, 0xBDB4, 0xBDB4, 0xBDD4, 0xBDD4, 0xBDD4, 0xBDD4,
    0xBDD5, 0xBDD5, 0xBDB4, 0xBDB4, 0xBDB4, 0xB594, 0xAD32, 0xAD12, 0xBD94, 0xBDB4, 0xBDB4, 0xBDD4,
    0xBDD4, 0xBDD4, 0xBDD4, 0xBDD4, 0xBDB4, 0xBDB4, 0xBDD5, 0xBDD5, 0xBDD4, 0xBDD4, 0xBDB4, 0xBDB4,
    0xBDD5, 0xBDD4, 0xBD94, 0xBD94, 0xBD94, 0xBDB4, 0xBDB4, 0xBDB4, 0xBDB4, 0xBDB4, 0xC5D4, 0xBDD4,
    0xBDB4, 0xB573, 0xA4F1, 0xA4F1, 0xAD32, 0xB573, 0xBD94, 0xBDB4, 0xBDB4, 0xBD94, 0xBD94, 0xBD94,
    0xBD93, 0xBD94, 0xBDB4, 0xC5D4, 0xC5D5, 0xC5F5, 0xC5D5, 0xBDD5, 0xBDB4, 0xBDB4, 0xBD94, 0xBD93,
    0xBD94, 0xBD94, 0xBD93, 0xBD94, 0xBDB4, 0xBDD4, 0xBDD4, 0xBDD4, 0xBDB4, 0xB573, 0xAD32, 0xAD12,
    0xAD52, 0xB573, 0xBD94, 0xBDB4, 0xBDD4, 0xBDD4, 0xBDB4, 0xBDB4, 0xBDB4, 0xBD94, 0xB593, 0xB593,
    0xBD94, 0xBDB4, 0xBDB4, 0xBDB4, 0xBDB4, 0xBDB4, 0xBDB4, 0xBDB4, 0xBDB4, 0xBDB4, 0xBDB4, 0xBDB4,
    0xBDB4, 0xBDB4, 0xBDD5, 0xBDD5, 0xBDB4, 0xB593, 0xAD32, 0xA512, 0xAD32, 0xB573, 0xBD94, 0xBDB4,
    0xBDB4, 0xBDB4, 0xBDB4, 0xBDB4, 0xBDD4, 0xBDD4, 0xBDB4, 0xBDB4, 0xBDB4, 0xBDB4, 0xBDD4, 0xBDD4,
    0xBDB4, 0xBDB4, 0xBDB4, 0xBDB4, 0xBDB4, 0xBDB4, 0xBDD4, 0xBDD4, 0xC5D5, 0xBDD5, 0xBDB4, 0xBDB4,
    0xBDB4, 0xBD94, 0xAD32, 0xAD12, 0xBD94, 0xBDB4, 0xBDB4, 0xBDB4, 0xBDB4, 0xBDB4, 0xBDB4, 0xBDB4,
    0xBDB4, 0xBDB4, 0xBDD5, 0xBDD5, 0xBDB4, 0xBDB4, 0xBDD4, 0xBDD5, 0xC5D5, 0xC5D5, 0xBDD5, 0xBDD4,
    0xBDB4, 0xBDB4, 0xBDB4, 0xBDB4, 0xBDB4, 0xBDD4, 0xBDD4, 0xBDD4, 0xBDB4, 0xB552, 0xA4D1, 0x9CD1,
    0xAD32, 0xB593, 0xBDB4, 0xBDB4, 0xBDB4, 0xBDB4, 0xBDB4, 0xBDB4, 0xBD94, 0xBD94, 0xBDB4, 0xBDD4,
    0xBDD4, 0xBDD4, 0xBDD4, 0xBDB4, 0xBDB4, 0xBDB4, 0xBDB4, 0xBDB4, 0xBDB4, 0xBDB4, 0xBDB4, 0xBDB4,
    0xBDB4, 0xBDB4, 0xBDD4, 0xBDB4, 0xBDB4, 0xB553, 0xA4F1, 0xA4F1, 0xAD32, 0xB553, 0xB573, 0xBD94,
    0xBDD4, 0xBDD4, 0xBDD4, 0xBDB4, 0xBDD4, 0xBDB4, 0xBD93, 0xB593, 0xBD93, 0xBD94, 0xBDB4, 0xBDD4,
    0xBDB4, 0xBDB4, 0xBDB4, 0xBDB4, 0xBDB4, 0xBDB4, 0xBDB4, 0xBDB4, 0xBDB4, 0xBDB4, 0xBDD5, 0xBDD5,
    0xBDB4, 0xB573, 0xA4F1, 0xA4F1, 0xAD32, 0xB573, 0xBD94, 0xBDB4, 0xBDD4, 0xBDB4, 0xBDB4, 0xBDB4,
    0xBDD4, 0xBDD5, 0xBDD4, 0xBDB4, 0xBDB4, 0xBDB4, 0xBDD4, 0xBDD4, 0xBDB4, 0xBDB4, 0xBD94, 0xBDB4,
    0xBDB4, 0xBDB4, 0xBDB4, 0xBDD4, 0xC5D5, 0xBDD5, 0xBDB4, 0xBDB4, 0xBDB4, 0xBD94, 0xAD32, 0xAD12,
    0xB594, 0xBD94, 0xBDB4, 0xBDB4, 0xBDB4, 0xBDB4, 0xBDB4, 0xBDB4, 0xBDB4, 0xBDD4, 0xBDD4, 0xBDD4,
    0xBDB4, 0xBDB4, 0xBDD4, 0xBDD5, 0xC5D5, 0xC5D5, 0xC5D5, 0xBDD5, 0xBDD4, 0xBDD4, 0xBDD4, 0xBDB4,
    0xBDB4, 0xBDD4, 0xBDD4, 0xBDD4, 0xBDB4, 0xB573, 0xA4D1, 0x9CD1, 0xAD32, 0xB593, 0xBDB4, 0xBDB4,
    0xBDB4, 0xBDB4, 0xBDB4, 0xBDB4, 0xBDB4, 0xBDB4, 0xBDD4, 0xBDD4, 0xBDB4, 0xBDB4, 0xBDB4, 0xBDB4,
    0xBDB4, 0xBDB4, 0xBDB4, 0xBDB4, 0xBDB4, 0xBDB4, 0xBDB4, 0xBDB4, 0xBDB4, 0xBDB4, 0xBDD4, 0xBDB4,
    0xBDB4, 0xB573, 0xA4F1, 0xA4D1, 0xAD12, 0xAD52, 0xB573, 0xBDB4, 0xBDD4, 0xC5D4, 0xBDD4, 0xBDD4,
    0xBDD5, 0xBDD4, 0xBDB4, 0xBD93, 0xBD93, 0xBD94, 0xBDB4, 0xBDD4, 0xBDB4, 0xBDB4, 0xBDB4, 0xBDB4,
    0xBDB4, 0xBDB4, 0xBDB4, 0xBDB4, 0xBDB4, 0xBDB4, 0xBDD4, 0xBDD4, 0xBDB4, 0xB573, 0xA4F1, 0xA4F1,
    0xAD32, 0xB573, 0xBDB4, 0xBDB4, 0xBDD5, 0xBDD5, 0xBDB4, 0xBDB4, 0xBDD5, 0xC5D5, 0xBDD4, 0xBDD4,
    0xBDD4, 0xBDD4, 0xBDD4, 0xBDD4, 0xBDB4, 0xBDB4, 0xBD94, 0xBDB4, 0xBDB4, 0xBDB4, 0xBDB4, 0xBDB4,
    0xBDD4, 0xBDD4, 0xBDD4, 0xBDB4, 0xBDB4, 0xBD94, 0xAD32, 0xA511, 0xB573, 0xB593, 0xBD93, 0xBDB4,
    0xBDD4, 0xBDD4, 0xBDD4, 0xBDD4, 0xBDD4, 0xBDD4, 0xBDD4, 0xBDD4, 0xBDB4, 0xBDB4, 0xBDB4, 0xBDD4,
    0xBDD4, 0xBDD4, 0xBDD4, 0xBDD4, 0xBDD4, 0xBDD5, 0xBDD4, 0xBDB4, 0xBDB4, 0xBDB4, 0xBDD4, 0xBDD4,
    0xBDD4, 0xB593, 0xA511, 0xA4F1, 0xAD32, 0xB573, 0xBD94, 0xBDB4, 0xBDB4, 0xBDB4, 0xBDD4, 0xBDD4,
    0xBDD4, 0xBDD4, 0xC5F5, 0xC5D5, 0xBDB4, 0xBDB4, 0xBDD4, 0xBDD4, 0xBDB4, 0xBDB4, 0xBDD4, 0xBDD4,
    0xBDD4, 0xBDD4, 0xBDD4, 0xBDD4, 0xBDB4, 0xBDB4, 0xBDD4, 0xC5D5, 0xC5D5, 0xBD94, 0xAD32, 0xA4F1,
    0xAD32, 0xB553, 0xBDB4, 0xBDD4, 0xBDD4, 0xBDD4, 0xBDB4, 0xBDB4, 0xBDD4, 0xBDD4, 0xBDB4, 0xBDB4,
    0xBDB4, 0xBDB4, 0xBDB4, 0xBDB4, 0xBDB4, 0xBDB4, 0xBDD4, 0xBDD4, 0xBDB4, 0xBDB4, 0xBDB4, 0xBDB4,
    0xBDB4, 0xBDB4, 0xBDB4, 0xBDB4, 0xBDB4, 0xB573, 0xA511, 0xA511, 0xB573, 0xBDB4, 0xBDB4, 0xBDB4,
    0xBDD4, 0xBDD5, 0xBDD5, 0xC5D5, 0xC5F5, 0xC5D5, 0xBDD4, 0xBDB4, 0xBDD4, 0xBDD4, 0xBDD4, 0xBDD4,
    0xBDD4, 0xBDB4, 0xBDB4, 0xBDB4, 0xBDD4, 0xBDB4, 0xBDB4, 0xBDB4, 0xBDD4, 0xBDD4, 0xBDD4, 0xBDD4,
    0xBDB4, 0xB593, 0xAD32, 0xA4F1, 0xB573, 0xB593, 0xBD94, 0xBDB4, 0xC5D4, 0xC5D5, 0xBDD4, 0xBDD4,
    0xC5D5, 0xC5D5, 0xBDD5, 0xBDD4, 0xBDD4, 0xBDD4, 0xBDD4, 0xBDD4, 0xBDD4, 0xBDB4, 0xBDB4, 0xBDD4,
    0xBDD5, 0xBDD5, 0xBDD4, 0xBDD4, 0xBDB4, 0xBDB4, 0xBDD4, 0xBDD4, 0xC5D5, 0xBD94, 0xA512, 0xA4F1,
    0xAD32, 0xB573, 0xBD94, 0xBDB4, 0xBD94, 0xBDB4, 0xBDD4, 0xBDD4, 0xBDD4, 0xC5D5, 0xC5F5, 0xBDD4,
    0xBDB4, 0xBDB4, 0xBDB4, 0xBDD4, 0xBDB4, 0xBDB4, 0xBDD4, 0xBDD4, 0xBDD4, 0xBDD4, 0xBDD4, 0xBDD4,
    0xBDB4, 0xBDD4, 0xBDD4, 0xC5D5, 0xC5D5, 0xBDB4, 0xAD32, 0xA511, 0xAD32, 0xB573, 0xBDB4, 0xBDD4,
    0xBDD4, 0xBDB4, 0xBDB4, 0xBDB4, 0xBDB4, 0xBDD4, 0xBDD4, 0xBDD4, 0xBDB4, 0xBDB4, 0xBDB4, 0xBDB4,
    0xBDB4, 0xBDB4, 0xBDD4, 0xBDD4, 0xBDB4, 0xBDB4, 0xBDB4, 0xBDB4, 0xBDB4, 0xBDB4, 0xBDB4, 0xBDB4,
    0xBDB4, 0xB573, 0xA511, 0xA511, 0xB573, 0xBDB4, 0xBDB4, 0xBDB4, 0xBDB4, 0xBDD4, 0xBDD5, 0xC5F5,
    0xC5F5, 0xC5D5, 0xBDD4, 0xBDB4, 0xBDD4, 0xBDD4, 0xBDD4, 0xBDD4, 0xBDD4, 0xBDD4, 0xBDB4, 0xBDD4,
    0xBDD4, 0xBDD4, 0xBDB4, 0xBDB4, 0xBDB4, 0xBDD4, 0xBDD4, 0xBDD4, 0xBDD4, 0xB593, 0xA511, 0xA4D0,
    0xB594, 0xBD94, 0xBDB4, 0xBDD4, 0xC5D5, 0xC5D5, 0xBDD4, 0xBDD4, 0xC5D5, 0xC5F5, 0xC5F5, 0xC5F5,
    0xBDD4, 0xBDD4, 0xC5F5, 0xC5F5, 0xC5D5, 0xBDD5, 0xBDD5, 0xBDD5, 0xBDD5, 0xBDD5, 0xBDD4, 0xBDD4,
    0xBDD5, 0xC5D5, 0xC5D5, 0xBDD5, 0xBDB4, 0xB573, 0xA512, 0xA4F1, 0xAD32, 0xB573, 0xBD93, 0xBD94,
    0xBD94, 0xBD94, 0xBDB4, 0xBDD4, 0xBDD4, 0xBDD4, 0xBDD4, 0xBDB4, 0xBDB4, 0xBDB4, 0xBDB4, 0xBDB4,
    0xBDB4, 0xBDD4, 0xBDD4, 0xBDD4, 0xBDD4, 0xBDD4, 0xBDD4, 0xBDD4, 0xBDB4, 0xBDB4, 0xBDD4, 0xBDD4,
    0xBDD4, 0xB594, 0xAD32, 0xA512, 0xB573, 0xB594, 0xBDB4, 0xBDB4, 0xBD94, 0xBD93, 0xB593, 0xBD93,
    0xBDB4, 0xBDB4, 0xBDB4, 0xBDB4, 0xBDB4, 0xBDB4, 0xBDB4, 0xBDB4, 0xBDB4, 0xBDB4, 0xBDB4, 0xBDB4,
    0xBDB4, 0xBDB4, 0xBDB4, 0xBDD4, 0xBDD4, 0xBDD4, 0xBDB4, 0xBDB4, 0xBDD4, 0xB594, 0xA511, 0xA511,
    0xB593, 0xBDB4, 0xBDB4, 0xBDB4, 0xBD94, 0xBDB4, 0xBDB4, 0xBDD4, 0xBDD4, 0xBDD4, 0xBDD4, 0xBDD4,
    0xBDD4, 0xBDD4, 0xBDD4, 0xBDB4, 0xBDD4, 0xBDD4, 0xBDD4, 0xBDD4, 0xBDD4, 0xBDB4, 0xBDB4, 0xBDB4,
    0xBDB4, 0xBDD4, 0xC5D4, 0xC5D5, 0xBDD4, 0xB573, 0xA4F1, 0x9CB0, 0xB594, 0xBD94, 0xBDD4, 0xC5D5,
    0xC5D5, 0xC5D5, 0xBDD4, 0xBDD4, 0xC5D5, 0xC5F5, 0xC5F5, 0xC5F5, 0xBDD5, 0xBDD4, 0xC5D5, 0xC5F5,
    0xC5D5, 0xC5D5, 0xBDD5, 0xBDD5, 0xBDD5, 0xBDD5, 0xBDD5, 0xBDD5, 0xC5D5, 0xC5D5, 0xC5D5, 0xBDD4,
    0xBDB4, 0xB573, 0xA511, 0xA4F1, 0xAD32, 0xB573, 0xBD94, 0xBD94, 0xBD94, 0xBD94, 0xBDB4, 0xBDB4,
    0xBDD4, 0xBDB4, 0xBDB4, 0xBDB4, 0xBDB4, 0xBDB4, 0xBDB4, 0xBDB4, 0xBDB4, 0xBDD4, 0xBDD4, 0xBDD5,
    0xBDD4, 0xBDD4, 0xBDD4, 0xBDD4, 0xBDB4, 0xBDB4, 0xBDB4, 0xBDB4, 0xBDB4, 0xB593, 0xAD32, 0xAD12,
    0xB573, 0xBDB4, 0xBDB4, 0xBDB4, 0xBD93, 0xB593, 0xB593, 0xBD93, 0xBDB4, 0xBDB4, 0xBDB4, 0xBDB4,
    0xBDD4, 0xBDB4, 0xBDB4, 0xBDB4, 0xBDB4, 0xBDB4, 0xBDB4, 0xBDB4, 0xBDB4, 0xBDB4, 0xBDD4, 0xBDD4,
    0xBDD5, 0xBDD5, 0xBDD5, 0xBDD5, 0xBDD5, 0xB594, 0xA511, 0xA4F1, 0xB573, 0xBDB4, 0xBDB4, 0xBD94,
    0xBD93, 0xBD93, 0xBDB4, 0xBDB4, 0xBDB4, 0xBDB4, 0xBDD4, 0xBDD4, 0xBDD4, 0xBDD4, 0xBDB4, 0xBDB4,
    0xBDD4, 0xBDD4, 0xBDD4, 0xBDD4, 0xBDB4, 0xBDB4, 0xBDB4, 0xBDB4, 0xBDD4, 0xBDD4, 0xC5D5, 0xC5D5,
    0xBDD4, 0xB593, 0xA511, 0x9CD0, 0xB593, 0xBD94, 0xBDB4, 0xC5D4, 0xC5D5, 0xC5D5, 0xC5F5, 0xC5D5,
    0xBDD4, 0xC5D4, 0xC5D5, 0xC5D5, 0xBDD5, 0xBDD4, 0xBDB4, 0xBDB4, 0xBDD5, 0xBDF5, 0xC5D5, 0xC5D5,
    0xBDD5, 0xBDD5, 0xBDD5, 0xBDD5, 0xBDD5, 0xBDD5, 0xBDD4, 0xBDB4, 0xBDB4, 0xB573, 0xA4F1, 0xA4F1,
    0xAD32, 0xB573, 0xBDB4, 0xBDB4, 0xBDB4, 0xBDB4, 0xBDB4, 0xBDB4, 0xBDB4, 0xBDB4, 0xBD93, 0xBD93,
    0xBDB4, 0xBDB4, 0xBDD4, 0xBDD4, 0xBDD4, 0xBDD4, 0xBDD4, 0xBDD5, 0xBDD5, 0xBDD5, 0xBDD5, 0xBDD4,
    0xBDD4, 0xBDB4, 0xBDB4, 0xBDB4, 0xBDB4, 0xB593, 0xAD32, 0xAD32, 0xB573, 0xBDB4, 0xBDD4, 0xBDD4,
    0xBD94, 0xBD93, 0xBD94, 0xBD94, 0xBD94, 0xBDB4, 0xBDD4, 0xBDD4, 0xBDD4, 0xBDB4, 0xBDB4, 0xBDB4,
    0xBDB4, 0xBDB4, 0xBDB4, 0xBDB4, 0xBDB4, 0xBDB4, 0xBDB4, 0xBDD4, 0xBDD5, 0xBDD5, 0xBDD5, 0xBDD4,
    0xBDB4, 0xB573, 0xA4F1, 0xA4F1, 0xB573, 0xBD94, 0xBD94, 0xBD93, 0xBD94, 0xBD94, 0xBD94, 0xBDB4,
    0xBDB4, 0xBDD4, 0xBDD4, 0xBDD4, 0xBDD4, 0xBDB4, 0xBDB4, 0xBDB4, 0xBDD4, 0xBDD5, 0xBDD4, 0xBDD4,
    0xBDB4, 0xBDB4, 0xBDD4, 0xBDD4, 0xBDD4, 0xBDD4, 0xBDD4, 0xBDD4, 0xBDD4, 0xBD94, 0xAD52, 0xAD12,
    0xB593, 0xBD94, 0xBDD4, 0xC5D5, 0xC5D5, 0xC5D5, 0xC5F5, 0xC5D5, 0xBDD4, 0xBDD4, 0xC5D5, 0xC5D5,
    0xBDD5, 0xBDD4, 0xBDB4, 0xBDB4, 0xBDD5, 0xBDD5, 0xBDD5, 0xBDD5, 0xBDD5, 0xBDD5, 0xBDD5, 0xBDD5,
    0xBDD5, 0xBDD4, 0xBDD4, 0xBDB4, 0xBDB4, 0xB573, 0xA511, 0xA4F1, 0xAD32, 0xB573, 0xBDB4, 0xBDD4,
    0xBDB4, 0xBDB4, 0xBDB4, 0xBDB4, 0xBDB4, 0xBDB4, 0xBD94, 0xBD94, 0xBDB4, 0xBDB4, 0xBDD4, 0xBDD4,
    0xBDD4, 0xBDD4, 0xBDD5, 0xC5D5, 0xC5D5, 0xC5D5, 0xC5D5, 0xBDD5, 0xBDD4, 0xBDB4, 0xBDB4, 0xBDB4,
    0xBDB4, 0xBD94, 0xAD32, 0xAD32, 0xB573, 0xBDB4, 0xBDD5, 0xBDD4, 0xBD94, 0xBD93, 0xBD94, 0xBD94,
    0xBD94, 0xBDB4, 0xBDD4, 0xBDD4, 0xBDB4, 0xBDB4, 0xBDB4, 0xBDB4, 0xBDB4, 0xBDB4, 0xBDB4, 0xBDB4,
    0xBDB4, 0xBDB4, 0xBDB4, 0xBDD4, 0xBDD5, 0xBDD5, 0xBDD4, 0xBDD4, 0xBDB4, 0xB573, 0xA4F1, 0xA4F1,
    0xB573, 0xBD94, 0xBD94, 0xBD94, 0xBD94, 0xBDB4, 0xBD94, 0xBD94, 0xBDB4, 0xBDD4, 0xBDD4, 0xBDD4,
    0xBDB4, 0xBDB4, 0xBDB4, 0xBDB4, 0xBDD4, 0xBDD5, 0xBDD4, 0xBDD4, 0xBDB4, 0xBDB4, 0xBDB4, 0xBDD4,
    0xBDD4, 0xBDD4, 0xBDD4, 0xBDD4, 0xBDD4, 0xBDB4, 0xB573, 0xAD52, 0xB593, 0xBDB4, 0xBDD5, 0xC5F5,
    0xBDD4, 0xBDD4, 0xBDD4, 0xBDD4, 0xBDD4, 0xBDD4, 0xC5D5, 0xC5D5, 0xC5D5, 0xBDD4, 0xBDB4, 0xBDB4,
    0xBDD5, 0xBDD5, 0xBDD5, 0xBDD5, 0xBDD5, 0xBDD5, 0xBDB4, 0xBDB4, 0xBDB4, 0xBDB4, 0xBDD5, 0xBDD5,
    0xBDD5, 0xB594, 0xA512, 0xA512, 0xB573, 0xB594, 0xBDB4, 0xBDB4, 0xBDB4, 0xBDB4, 0xBDB4, 0xBDB4,
    0xBDB4, 0xBDB4, 0xBDB4, 0xBDB4, 0xBDB4, 0xBDB4, 0xBDB4, 0xBDB4, 0xBDB4, 0xBDD4, 0xBDD5, 0xC5D5,
    0xC5F5, 0xC5D5, 0xC5D5, 0xBDD4, 0xBDB4, 0xBDB4, 0xBDD4, 0xBDD4, 0xBDD5, 0xBD94, 0xAD32, 0xAD32,
    0xB573, 0xBDB4, 0xBDB4, 0xBDB4, 0xBD93, 0xB593, 0xBD93, 0xBD94, 0xBD94, 0xBDB4, 0xBDB4, 0xBDB4,
    0xBDB4, 0xBD94, 0xBDB4, 0xBD94, 0xBD93, 0xBD93, 0xBD94, 0xBDB4, 0xBDB4, 0xBDB4, 0xBDB4, 0xBDB4,
    0xBDD5, 0xBDD5, 0xBDB4, 0xBDB4, 0xBDB4, 0xB573, 0xA4F1, 0xA4F1, 0xB573, 0xBDB4, 0xBDB4, 0xBDB4,
    0xBDB4, 0xBDB4, 0xBD94, 0xBDB4, 0xBDB4, 0xBDB4, 0xBDD4, 0xBDD4, 0xBDB4, 0xBDB4, 0xBDB4, 0xBDB4,
    0xBDD4, 0xBDD4, 0xBDD4, 0xBDB4, 0xBDB4, 0xBDB4, 0xBDB4, 0xBDD4, 0xC5D4, 0xC5D5, 0xBDD4, 0xBDD4,
    0xBDD4, 0xBDB4, 0xB573, 0xAD32, 0xB593, 0xBDB4, 0xBDD4, 0xC5D5, 0xBDD4, 0xBDD4, 0xBDD4, 0xBDD4,
    0xBDD4, 0xBDD4, 0xC5D5, 0xC5D5, 0xBDD5, 0xBDD4, 0xBDB4, 0xBDB4, 0xBDD4, 0xBDD4, 0xBDD4, 0xBDD4,
    0xBDD4, 0xBDB4, 0xBDB4, 0xBDB4, 0xBDB4, 0xBDB4, 0xBDD5, 0xBDD5, 0xBDD5, 0xB594, 0xAD12, 0xA512,
    0xB573, 0xBDB4, 0xBDB4, 0xBDB4, 0xBDB4, 0xBDB4, 0xBDB4, 0xBDB4, 0xBDB4, 0xBDD4, 0xBDD4, 0xBDB4,
    0xBDB4, 0xBDB4, 0xBDB4, 0xBDB4, 0xBDB4, 0xBDB4, 0xBDD4, 0xC5D5, 0xC5D5, 0xC5D5, 0xBDD5, 0xBDD4,
    0xBDB4, 0xBDB4, 0xBDD4, 0xC5D5, 0xBDD5, 0xBD94, 0xAD32, 0xAD32, 0xB573, 0xBDB4, 0xBDB4, 0xBDB4,
    0xBD94, 0xBD93, 0xBD94, 0xBDB4, 0xBDB4, 0xBDB4, 0xBDB4, 0xBDB4, 0xBD94, 0xBD94, 0xBD94, 0xBD94,
    0xBD93, 0xBD93, 0xBD94, 0xBDB4, 0xBDB4, 0xBDB4, 0xBDB4, 0xBDB4, 0xBDD4, 0xBDD4, 0xBDB4, 0xBDB4,
    0xBDD4, 0xB593, 0xA4F1, 0xA4F1, 0xB573, 0xBDB4, 0xBDB4, 0xBDB4, 0xBDB4, 0xBDB4, 0xBDB4, 0xBDB4,
    0xBDB4, 0xBDD4, 0xBDD4, 0xBDD4, 0xBDB4, 0xBDB4, 0xBDB4, 0xBDB4, 0xBDD4, 0xBDD4, 0xBDB4, 0xBDB4,
    0xBDB4, 0xBDB4, 0xBDB4, 0xBDD4, 0xBDD4, 0xC5D4, 0xBDD4, 0xBDD4, 0xBDD4, 0xBDB4, 0xB573, 0xAD52,
    0xB594, 0xBD94, 0xBDB4, 0xBDD4, 0xBDB4, 0xBDD4, 0xBDD4, 0xBDD4, 0xBDD4, 0xBDB4, 0xBDD4, 0xBDD4,
    0xBDD5, 0xBDD4, 0xBDB4, 0xBDB4, 0xBDB4, 0xBDB4, 0xBDD4, 0xBDD4, 0xBDB4, 0xBDB4, 0xBDD4, 0xBDD4,
    0xBDD4, 0xBDD4, 0xBDD5, 0xBDD5, 0xBDD4, 0xB594, 0xA512, 0xA512, 0xB573, 0xBD94, 0xBDB4, 0xBDB4,
    0xBDB4, 0xBDB4, 0xBDB4, 0xBDD4, 0xBDD4, 0xBDD4, 0xBDD4, 0xBDD4, 0xBDB4, 0xBDB4, 0xBDB4, 0xBDD4,
    0xBDB4, 0xBDB4, 0xBDD4, 0xBDD4, 0xC5D5, 0xC5D5, 0xBDD4, 0xBDD4, 0xBDD4, 0xBDD4, 0xC5D5, 0xC5D5,
    0xBDD4, 0xBD94, 0xAD52, 0xAD32, 0xB573, 0xB593, 0xBDB4, 0xBDD4, 0xBDB4, 0xBDB4, 0xBDB4, 0xBDB4,
    0xBDB4, 0xBD94, 0xBD94, 0xBD94, 0xBD94, 0xBD94, 0xBDB4, 0xBDB4, 0xBDB4, 0xBDB4, 0xBDB4, 0xBDB4,
    0xBDD4, 0xBDB4, 0xB594, 0xB594, 0xBDB4, 0xBDD4, 0xBDB4, 0xBDB4, 0xBDD5, 0xBD94, 0xAD12, 0xA512,
    0xB573, 0xBDB4, 0xBD94, 0xBD93, 0xBDB4, 0xBDB4, 0xBDB4, 0xBDB4, 0xBDB4, 0xBDD4, 0xBDD4, 0xBDD4,
    0xBDB4, 0xBDB4, 0xBDB4, 0xBDB4, 0xBDB4, 0xBDB4, 0xBDB4, 0xBDB4, 0xBDB4, 0xBDD4, 0xBDD4, 0xBDD4,
    0xBDD4, 0xBDD4, 0xC5D4, 0xBDD4, 0xBDD4, 0xBDB4, 0xB573, 0xAD53, 0xB593, 0xB593, 0xBDB4, 0xBDB4,
    0xBDB4, 0xBDD4, 0xBDD4, 0xBDD4, 0xBDD4, 0xBDB4, 0xBDB4, 0xBDD4, 0xBDD4, 0xBDD4, 0xBDD4, 0xBDB4,
    0xBDB4, 0xBDB4, 0xBDD4, 0xBDD4, 0xBDB4, 0xBDB4, 0xBDD5, 0xBDD5, 0xBDD5, 0xBDD4, 0xBDD4, 0xBDD4,
    0xBDD4, 0xB594, 0xA512, 0xA512, 0xB553, 0xB594, 0xBD94, 0xBDB4, 0xBDB4, 0xBDB4, 0xBDD4, 0xBDD5,
    0xBDD4, 0xBDD4, 0xBDD4, 0xBDD4, 0xBDB4, 0xBDB4, 0xBDD4, 0xBDD4, 0xBDB4, 0xBDB4, 0xBDB4, 0xBDD4,
    0xBDD4, 0xBDD4, 0xBDD4, 0xBDD4, 0xBDD5, 0xC5D5, 0xC5F5, 0xC5D5, 0xBDD4, 0xB594, 0xAD52, 0xAD32,
    0xAD52, 0xB573, 0xBDB4, 0xBDB4, 0xBDD4, 0xBDD4, 0xBDB4, 0xBDB4, 0xBDB4, 0xBD94, 0xBDB4, 0xBDB4,
    0xBD94, 0xBD94, 0xBDB4, 0xBDB4, 0xBDB4, 0xBDB4, 0xBDD4, 0xBDD5, 0xBDD5, 0xBDB4, 0xBD94, 0xB594,
    0xBDB4, 0xBDD4, 0xBDB4, 0xBDD4, 0xBDD5, 0xBD94, 0xAD12, 0xA511, 0xB573, 0xBD94, 0xB594, 0xBD94,
    0xBDB4, 0xBDB4, 0xBDB4, 0xBDD4, 0xBDD4, 0xBDD4, 0xC5D5, 0xBDD4, 0xBDD4, 0xBDB4, 0xBDB4, 0xBDB4,
    0xBDB4, 0xBDD4, 0xBDD4, 0xBDD4, 0xBDD4, 0xBDD5, 0xBDD5, 0xBDD5, 0xBDD4, 0xBDD4, 0xC5D4, 0xC5D5,
    0xBDD4, 0xBDB4, 0xB573, 0xAD52, 0xB573, 0xB573, 0xBD94, 0xBDB4, 0xBDB4, 0xBDD4, 0xBDD4, 0xBDD4,
    0xBDD4, 0xBDB4, 0xBDD4, 0xBDD4, 0xBDD4, 0xBDD4, 0xBDD4, 0xBDB4, 0xBDB4, 0xBDB4, 0xBDD4, 0xBDD5,
    0xBDD4, 0xBDD4, 0xC5D5, 0xC5D5, 0xC5D5, 0xBDD5, 0xBDB4, 0xBDB4, 0xBDD5, 0xBDB4, 0xAD32, 0xA512,
    0xAD53, 0xB573, 0xB593, 0xBD94, 0xBD94, 0xBDB4, 0xBDD4, 0xBDD5, 0xBDD4, 0xBDD4, 0xC5D5, 0xBDD4,
    0xBDB4, 0xBDB4, 0xBDD4, 0xBDD4, 0xBDB4, 0xBDB4, 0xBDD4, 0xBDD4, 0xBDD4, 0xBDD4, 0xBDD4, 0xBDD4,
    0xBDD4, 0xC5D5, 0xC5F5, 0xC5F5, 0xBDD4, 0xB594, 0xAD32, 0xA511, 0xAD32, 0xB552, 0xB573, 0xBD94,
    0xBDB4, 0xBDB4, 0xBDB4, 0xBD94, 0xBDB4, 0xBDB4, 0xBDB4, 0xBDB4, 0xBD94, 0xBD94, 0xBDB4, 0xBDB4,
    0xBDB4, 0xBDB4, 0xBDD5, 0xBDD5, 0xBDD4, 0xBDB4, 0xBDB4, 0xBDB4, 0xBDD4, 0xBDD4, 0xBDD4, 0xBDD4,
    0xBDD4, 0xB593, 0xA4F1, 0xA4F1, 0xB553, 0xBD94, 0xBDB4, 0xBDB4, 0xBDD4, 0xC5D5, 0xC5D5, 0xC5D5,
    0xC5F5, 0xC5D5, 0xC5D5, 0xBDD4, 0xBDD4, 0xBDB4, 0xBDB4, 0xBDB4, 0xBDD4, 0xBDD4, 0xBDD4, 0xC5D4,
    0xC5D5, 0xC5D5, 0xC5D5, 0xBDD4, 0xBDD4, 0xBDD4, 0xBDD4, 0xBDD4, 0xC5D5, 0xBDB4, 0xB573, 0xAD32,
    0xB573, 0xB573, 0xBD94, 0xBDB4, 0xBDB4, 0xBDD4, 0xBDD4, 0xBDD5, 0xBDD4, 0xBDB4, 0xBDD4, 0xBDD4,
    0xBDD4, 0xBDD4, 0xBDD4, 0xBDD4, 0xBDB4, 0xBDB4, 0xBDD5, 0xBDD5, 0xBDB4, 0xBDB4, 0xBDD5, 0xC5D5,
    0xC5F5, 0xBDD5, 0xBDB4, 0xBDB4, 0xBDD4, 0xB594, 0xAD32, 0xA512, 0xAD53, 0xB573, 0xB593, 0xBD94,
    0xBDB4, 0xBDB4, 0xBDD4, 0xBDD4, 0xBDD4, 0xC5D5, 0xC5D5, 0xBDD4, 0xBDB4, 0xBDB4, 0xBDB4, 0xBDD4,
    0xBDB4, 0xBDB4, 0xBDD4, 0xBDD4, 0xBDD4, 0xBDD4, 0xBDD4, 0xBDD4, 0xBDD4, 0xBDD5, 0xC5D5, 0xC5D5,
    0xBDD4, 0xB593, 0xAD12, 0xA4F1, 0xAD32, 0xB552, 0xB573, 0xBD94, 0xBDB4, 0xBDB4, 0xBDB4, 0xBDB4,
    0xBDB4, 0xBDB4, 0xBDB4, 0xBDB4, 0xBDB4, 0xBDB4, 0xBDB4, 0xBDB4, 0xBDB4, 0xBDB4, 0xBDD4, 0xBDD5,
    0xBDB4, 0xBDB4, 0xBDB4, 0xBDB4, 0xBDD4, 0xBDD4, 0xBDD4, 0xBDD4, 0xBDD4, 0xB593, 0xA4F1, 0xA4D1,
    0xAD53, 0xBD94, 0xBDB4, 0xBDD4, 0xBDD4, 0xBDD4, 0xC5D5, 0xC5D5, 0xC5F5, 0xC5F5, 0xC5D5, 0xBDD5,
    0xBDD4, 0xBDD4, 0xBDD4, 0xBDD4, 0xBDD4, 0xBDD4, 0xBDD4, 0xBDD4, 0xC5D5, 0xC5D5, 0xC5D5, 0xBDD5,
    0xBDD4, 0xBDD4, 0xBDD4, 0xBDD4, 0xC5D5, 0xBDB4, 0xB553, 0xAD32, 0xB594, 0xB594, 0xBDB4, 0xBDB4,
    0xBDB4, 0xBDB4, 0xBDD4, 0xBDD5, 0xBDD4, 0xBDD4, 0xBDD5, 0xBDD5, 0xBDD4, 0xBDD4, 0xBDD4, 0xBDD4,
    0xBDB4, 0xBDB4, 0xBDD5, 0xBDD5, 0xBDB4, 0xBD94, 0xBDB4, 0xBDD4, 0xC5D5, 0xC5D5, 0xBDB4, 0xBDB4,
    0xBD94, 0xB573, 0xA512, 0xAD12, 0xB573, 0xBD94, 0xBD94, 0xBDB4, 0xBDB4, 0xBDD4, 0xBDD4, 0xBDD4,
    0xBDD4, 0xC5D5, 0xC5D5, 0xBDD4, 0xBDD4, 0xBDD4, 0xBDB4, 0xBDB4, 0xBDD4, 0xBDD4, 0xBDD4, 0xBDD4,
    0xC5D5, 0xC5D5, 0xBDD4, 0xBDD4, 0xBDD4, 0xBDD4, 0xBDD4, 0xBDD4, 0xBDB4, 0xB593, 0xA512, 0xA4F1,
    0xAD52, 0xB573, 0xBD93, 0xBDB4, 0xBDB4, 0xBDB4, 0xBDB4, 0xBDB4, 0xBDD4, 0xBDB4, 0xBDB4, 0xBDB4,
    0xBDB4, 0xBDD4, 0xBDD4, 0xBDD4, 0xBDD4, 0xBDD4, 0xBDD4, 0xBDB4, 0xBDB4, 0xBDB4, 0xBDB4, 0xBDB4,
    0xBDB4, 0xBDB4, 0xBDD5, 0xBDD5, 0xBDD4, 0xB593, 0xA4F1, 0xA4F1, 0xB553, 0xBD94, 0xBDB4, 0xBDB4,
    0xBDB4, 0xBDB4, 0xBDD4, 0xBDD4, 0xC5D5, 0xC5F5, 0xC5D5, 0xC5D5, 0xC5D5, 0xC5D5, 0xBDD5, 0xBDD5,
    0xBDD5, 0xBDD4, 0xBDB4, 0xBDB4, 0xBDB4, 0xBDD4, 0xC5D5, 0xC5D5, 0xBDD5, 0xBDD5, 0xBDD5, 0xBDD5,
    0xBDD5, 0xBDB4, 0xB553, 0xAD32, 0xBDB4, 0xBDB4, 0xBDB4, 0xBDB4, 0xBDB4, 0xBDB4, 0xBDD4, 0xBDD4,
    0xBDD4, 0xBDD4, 0xBDD5, 0xBDD5, 0xBDD4, 0xBDD4, 0xBDD4, 0xBDD4, 0xBDB4, 0xBDB4, 0xBDD5, 0xBDD5,
    0xBDB4, 0xBD94, 0xBD94, 0xBDB4, 0xBDD5, 0xBDD5, 0xBDD5, 0xBDB4, 0xBDB4, 0xB573, 0xAD12, 0xAD12,
    0xB573, 0xBDB4, 0xBDB4, 0xBDB4, 0xBDD4, 0xBDD4, 0xBDB4, 0xBDD4, 0xBDD4, 0xC5D5, 0xC5D5, 0xBDD5,
    0xBDD4, 0xBDD4, 0xBDB4, 0xBDB4, 0xBDD4, 0xBDD4, 0xBDD4, 0xBDD5, 0xC5F5, 0xC5F5, 0xC5D5, 0xBDD4,
    0xBDD4, 0xBDD4, 0xBDB4, 0xBDB4, 0xBDB4, 0xB593, 0xAD12, 0xA512, 0xB553, 0xB593, 0xBDB4, 0xBDB4,
    0xBDB4, 0xBDB4, 0xBDB4, 0xBDD4, 0xBDD4, 0xBDD4, 0xBDB4, 0xBDB4, 0xBDD4, 0xBDD4, 0xBDD5, 0xBDD5,
    0xBDD4, 0xBDD4, 0xBDD4, 0xBDB4, 0xBDB4, 0xBDB4, 0xBDB4, 0xBDD4, 0xBDB4, 0xBDB4, 0xBDD5, 0xBDD5,
    0xBDD4, 0xB573, 0xA4F1, 0xA4F1, 0xB553, 0xBD94, 0xBDB4, 0xBDB4, 0xBDB4, 0xBDB4, 0xBDD4, 0xBDD4,
    0xC5D5, 0xC5F5, 0xC5D5, 0xC5D5, 0xC5D5, 0xC5F5, 0xC5F5, 0xC5D5, 0xC5D5, 0xBDD5, 0xBDB4, 0xBDB4,
    0xBDB4, 0xBDB4, 0xBDD5, 0xC5D5, 0xC5D5, 0xC5D5, 0xC5D5, 0xBDD5, 0xBDD5, 0xBDB4, 0xB553, 0xAD32,
    0xBDB4, 0xBDB4, 0xBD94, 0xBD94, 0xBDB4, 0xBDB4, 0xBDB4, 0xBDD4, 0xBDD5, 0xBDD5, 0xBDD4, 0xBDD4,
    0xBDB4, 0xBDD4, 0xBDD4, 0xBDB4, 0xBD93, 0xBD94, 0xBDD5, 0xC5D5, 0xBDD5, 0xBDB4, 0xBD94, 0xB594,
    0xBDB4, 0xBDD4, 0xBDD4, 0xBDD5, 0xBDD5, 0xBDB4, 0xAD32, 0xA512, 0xB553, 0xB593, 0xBD94, 0xBDB4,
    0xBDB4, 0xBDB4, 0xBDD4, 0xBDD4, 0xC5D5, 0xC5F5, 0xC5D5, 0xBDD5, 0xBDB4, 0xBDB4, 0xBDD4, 0xBDD4,
    0xBDD4, 0xBDD4, 0xBDD4, 0xBDD4, 0xC5F5, 0xC5F5, 0xC5F5, 0xC5D5, 0xBDD5, 0xBDD4, 0xBDB4, 0xBDB4,
    0xBDB4, 0xB593, 0xAD32, 0xAD12, 0xB573, 0xBD94, 0xBDB4, 0xBDB4, 0xBDB4, 0xBDD4, 0xBDD4, 0xBDD4,
    0xBDD4, 0xBDD4, 0xBDB4, 0xBDB4, 0xBDB4, 0xBDD4, 0xBDD4, 0xBDD4, 0xBDD4, 0xBDD4, 0xBDD5, 0xBDD4,
    0xBDB4, 0xBDB4, 0xBDD5, 0xC5F5, 0xBDD5, 0xBDD5, 0xBDD4, 0xBDD4, 0xBDB4, 0xB573, 0xA4F1, 0xA4D1,
    0xB553, 0xBD94, 0xBDB4, 0xBDB4, 0xBDB4, 0xBDD4, 0xBDD4, 0xC5D5, 0xC5F5, 0xC5F5, 0xC5D5, 0xBDD5,
    0xBDD5, 0xC5D5, 0xC5F5, 0xC5F5, 0xC5F5, 0xC5D5, 0xBDD4, 0xBDB4, 0xBDB4, 0xBDB4, 0xBDD4, 0xBDD5,
    0xC5D5, 0xC5F5, 0xC5F5, 0xC5D5, 0xBDD5, 0xBDB4, 0xB573, 0xAD52, 0xBDB4, 0xBDB4, 0xBD94, 0xBD94,
    0xBDB4, 0xBDB4, 0xBDB4, 0xBDB4, 0xBDD4, 0xBDD4, 0xBDD4, 0xBDB4, 0xBDB4, 0xBDB4, 0xBDD4, 0xBDB4,
    0xBD94, 0xBD94, 0xBDB4, 0xBDD5, 0xBDD4, 0xBDB4, 0xBD94, 0xB594, 0xBDB4, 0xBDB4, 0xBDD5, 0xBDD5,
    0xC5F5, 0xBDB4, 0xAD32, 0xA512, 0xAD52, 0xB573, 0xBDB4, 0xBDB4, 0xBDB4, 0xBDB4, 0xBDD4, 0xBDD5,
    0xC5D5, 0xC5F5, 0xC5D5, 0xBDD4, 0xBDB4, 0xBDB4, 0xBDD4, 0xBDD4, 0xBDD4, 0xBDD4, 0xBDD4, 0xBDD4,
    0xC5F5, 0xC5F5, 0xC5F5, 0xC5D5, 0xBDD5, 0xBDD4, 0xBDB4, 0xBDB4, 0xBDB4, 0xB573, 0xAD32, 0xAD32,
    0xB573, 0xBDB4, 0xBDB4, 0xBDB4, 0xBDB4, 0xBDD4, 0xBDB4, 0xBDD4, 0xBDD4, 0xBDD4, 0xBDB4, 0xBDB4,
    0xBDB4, 0xBDB4, 0xBDB4, 0xBDB4, 0xBDD4, 0xBDD4, 0xBDD5, 0xBDD5, 0xBDB4, 0xBDB4, 0xC5D5, 0xC5F5,
    0xC5D5, 0xBDD5, 0xBDD4, 0xBDB4, 0xBDB4, 0xB573, 0xA4F1, 0xA4D1, 0xAD53, 0xBD94, 0xBDB4, 0xBDB4,
    0xBDD4, 0xBDD4, 0xBDD5, 0xC5D5, 0xC5D5, 0xC5D5, 0xC5D5, 0xC5D5, 0xBDD5, 0xC5D5, 0xC5F5, 0xC5F5,
    0xC5D5, 0xBDD5, 0xBDB4, 0xBDB4, 0xBDB4, 0xBDB4, 0xBDD4, 0xBDD5, 0xC5F5, 0xC5F5, 0xC5F5, 0xC5D5,
    0xBDD5, 0xBDB4, 0xB553, 0xAD32, 0xBDB4, 0xBD94, 0xBD94, 0xBD94, 0xBDB4, 0xBDB4, 0xBDB4, 0xBDB4,
    0xBDB4, 0xBDB4, 0xBDB4, 0xBDB4, 0xBDB4, 0xBDB4, 0xBDD4, 0xBDD4, 0xBDB4, 0xBDB4, 0xBDB4, 0xBDB4,
    0xBD94, 0xBD94, 0xBDB4, 0xBDB4, 0xBDB4, 0xBDD5, 0xBDD5, 0xC5F5, 0xC5F5, 0xBDB4, 0xAD32, 0xA511,
    0xAD32, 0xB573, 0xBDB4, 0xBDD4, 0xBD94, 0xBD94, 0xBDD4, 0xC5D5, 0xC5F5, 0xC5D5, 0xBDD4, 0xBDD4,
    0xBDD4, 0xBDD4, 0xBDB4, 0xBDB4, 0xBDB4, 0xBDB4, 0xBDD4, 0xBDD4, 0xC5D5, 0xC5F5, 0xC5D5, 0xBDD5,
    0xBDD4, 0xBDB4, 0xBDB4, 0xBDB4, 0xBD94, 0xB573, 0xAD32, 0xAD32, 0xB573, 0xBD94, 0xBDB4, 0xBDB4,
    0xBDB4, 0xBDB4, 0xBDB4, 0xBDB4, 0xBDB4, 0xBDB4, 0xBDB4, 0xBDB4, 0xBDB4, 0xBDB4, 0xBDB4, 0xBDB4,
    0xBDD4, 0xBDD4, 0xBDD4, 0xBDD4, 0xBDB4, 0xBDD4, 0xBDD5, 0xBDD5, 0xBDD5, 0xBDD4, 0xBDD4, 0xBDD4,
    0xBDB4, 0xB573, 0xA4F1, 0xA4F1, 0xAD52, 0xB593, 0xBDB4, 0xBDB4, 0xBDD4, 0xBDD4, 0xBDD4, 0xBDD4,
    0xBDD5, 0xC5D5, 0xC5F5, 0xC5F5, 0xC5D5, 0xC5D5, 0xC5F5, 0xC5D5, 0xBDD5, 0xBDD4, 0xBDB4, 0xBDB4,
    0xBDB4, 0xBDD5, 0xC5D5, 0xC5F5, 0xC5D5, 0xC5D5, 0xBDD5, 0xBDD5, 0xBDD5, 0xBD94, 0xAD32, 0xA512,
    0xBDB4, 0xBD94, 0xBD94, 0xBD94, 0xBDB4, 0xBDB4, 0xBD94, 0xBD94, 0xBD94, 0xBD94, 0xBDB4, 0xBDB4,
    0xBDB4, 0xBDB4, 0xBDB4, 0xBDD4, 0xBDD5, 0xBDD4, 0xBDB4, 0xBD94, 0xBD94, 0xBDB4, 0xBDB4, 0xBDD4,
    0xBDD5, 0xBDD5, 0xBDD5, 0xBDD5, 0xC5D5, 0xBD94, 0xAD32, 0xA4F1, 0xAD32, 0xB573, 0xBDB4, 0xBDD4,
    0xBD94, 0xBD94, 0xBDB4, 0xBDD4, 0xBDD5, 0xBDD5, 0xBDD4, 0xBDD4, 0xBDD4, 0xBDD4, 0xBDB4, 0xBDB4,
    0xBDB4, 0xBDB4, 0xBDD4, 0xBDD4, 0xC5D4, 0xC5D5, 0xC5D5, 0xBDD5, 0xBDD4, 0xBDB4, 0xBDB4, 0xBD94,
    0xB593, 0xB553, 0xAD12, 0xAD32, 0xB573, 0xBDB4, 0xBDB4, 0xBDB4, 0xBDB4, 0xBDB4, 0xBDB4, 0xBDB4,
    0xBDB4, 0xBDB4, 0xBDB4, 0xBDB4, 0xBDB4, 0xBDB4, 0xBDB4, 0xBDD4, 0xBDD4, 0xBDB4, 0xBDB4, 0xBDB4,
    0xBDB4, 0xBDB4, 0xBDD4, 0xBDD4, 0xBDB4, 0xBDB4, 0xBDD4, 0xBDD4, 0xBDB4, 0xB573, 0xA4F1, 0xA4F1,
    0xAD53, 0xB593, 0xBDB4, 0xBDB4, 0xBDB4, 0xBDD4, 0xBDB4, 0xBDD4, 0xBDD4, 0xC5D5, 0xC5F5, 0xC5F5,
    0xBDD4, 0xBDD4, 0xBDD5, 0xBDD5, 0xBDD4, 0xBDB4, 0xBDB4, 0xBDB4, 0xBDB4, 0xBDD5, 0xC5F5, 0xC5F5,
    0xC5F5, 0xBDD5, 0xBDD5, 0xBDD4, 0xBDB4, 0xB593, 0xAD32, 0xA4F1, 0xBD94, 0xBD94, 0xBDB4, 0xBDB4,
    0xBDB4, 0xBDB4, 0xBD94, 0xBD94, 0xBD94, 0xBD94, 0xBDB4, 0xBDB4, 0xBDB4, 0xBDB4, 0xBDB4, 0xBDB4,
    0xBDD4, 0xBDD4, 0xBDB4, 0xBDB4, 0xBDB4, 0xBDB4, 0xBDD4, 0xBDD5, 0xBDD5, 0xBDD5, 0xBDB4, 0xBDB4,
    0xBDB4, 0xB593, 0xA512, 0xA512, 0xAD53, 0xB594, 0xBDB4, 0xBDB4, 0xBDB4, 0xBDB4, 0xBDB4, 0xBDB4,
    0xBDB4, 0xBDD4, 0xBDD4, 0xBDD4, 0xBDD4, 0xBDD4, 0xBDD4, 0xBDD4, 0xBDD4, 0xBDD4, 0xBDD4, 0xBDD4,
    0xBDD4, 0xBDD4, 0xBDD4, 0xBDD4, 0xC5D5, 0xBDD4, 0xBDB4, 0xBD94, 0xB573, 0xB553, 0xA511, 0xA512,
    0xB594, 0xBDD4, 0xBDB4, 0xBDB4, 0xBDB4, 0xBDB4, 0xBDB4, 0xBDB4, 0xBDD4, 0xBDD4, 0xBDB4, 0xBDB4,
    0xBDD4, 0xBDD4, 0xBDD5, 0xBDD4, 0xBDD4, 0xBDB4, 0xBD94, 0xBD94, 0xBDB4, 0xBDB4, 0xBDB4, 0xBDB4,
    0xBDB4, 0xBDB4, 0xBDB4, 0xBDB4, 0xBDB4, 0xB573, 0xA4F1, 0xA4F1, 0xB573, 0xBD94, 0xBDB4, 0xBDB4,
    0xBDB4, 0xBDB4, 0xBDB4, 0xBDD4, 0xBDD5, 0xC5D5, 0xC5F5, 0xC5D5, 0xBDB4, 0xBDB4, 0xBDD4, 0xBDD4,
    0xBDD4, 0xBDD4, 0xBDB4, 0xBDB4, 0xBDB4, 0xBDB4, 0xC5F5, 0xC5F5, 0xC5F5, 0xC5F5, 0xBDD5, 0xBDB4,
    0xBD94, 0xB573, 0xAD32, 0xA511, 0xBDB4, 0xBDB4, 0xBDB4, 0xBDB4, 0xBDB4, 0xBDB4, 0xBDB4, 0xBD94,
    0xBD94, 0xBDB4, 0xBDB4, 0xBDB4, 0xBDB4, 0xBD94, 0xBD94, 0xBDB4, 0xBDB4, 0xBDD4, 0xBDB4, 0xBDB4,
    0xBDB4, 0xBDB4, 0xBDD4, 0xBDD5, 0xC5D5, 0xBDD5, 0xBDB4, 0xBDB4, 0xBD94, 0xB573, 0xA511, 0xA4F1,
    0xAD53, 0xB593, 0xBD94, 0xBDB4, 0xBDB4, 0xBDB4, 0xBDB4, 0xBDB4, 0xBDB4, 0xBDB4, 0xBDD4, 0xBDD4,
    0xBDD4, 0xBDD4, 0xBDD4, 0xBDD4, 0xBDD4, 0xBDB4, 0xBDD4, 0xBDD4, 0xBDD4, 0xBDD4, 0xBDD4, 0xBDD4,
    0xBDD4, 0xBDD4, 0xBD94, 0xBD93, 0xB593, 0xB553, 0xA4F1, 0xA512, 0xB594, 0xBDD4, 0xBDB4, 0xBDB4,
    0xBDB4, 0xBDB4, 0xBDB4, 0xBDB4, 0xBDD4, 0xBDD4, 0xBDB4, 0xBDB4, 0xBDB4, 0xBDD4, 0xBDD5, 0xBDD4,
    0xBDB4, 0xBDB4, 0xBD93, 0xBD93, 0xBD94, 0xBDB4, 0xBDB4, 0xBDB4, 0xBD94, 0xBD94, 0xBDB4, 0xBDB4,
    0xBD94, 0xB573, 0xA4F1, 0xA4F1, 0xB553, 0xB593, 0xBD93, 0xBD94, 0xBDB4, 0xBDB4, 0xBDB4, 0xBDB4,
    0xBDD4, 0xBDD5, 0xC5D5, 0xBDD4, 0xBDB4, 0xBDB4, 0xBDD4, 0xBDD5, 0xBDD4, 0xBDD4, 0xBDB4, 0xBDB4,
    0xBDB4, 0xBDB4, 0xBDD5, 0xBDD5, 0xBDD5, 0xBDD5, 0xBDB4, 0xBDB4, 0xBD94, 0xB573, 0xAD32, 0xA511,
    0xBDB4, 0xBDB4, 0xBDB4, 0xBD94, 0xBD94, 0xBDB4, 0xBDB4, 0xBDB4, 0xBDB4, 0xBDD5, 0xBDD5, 0xBDB4,
    0xBDB4, 0xBD94, 0xBD94, 0xBD94, 0xBDD4, 0xBDD4, 0xBDB4, 0xBD94, 0xBDB4, 0xBDB4, 0xBDB4, 0xBDB4,
    0xBDD5, 0xC5D5, 0xBDD4, 0xBDB4, 0xBD94, 0xAD53, 0xA4F1, 0xA4F1, 0xAD32, 0xB573, 0xB573, 0xBD94,
    0xBDB4, 0xBDD5, 0xBDD5, 0xBDD4, 0xBDD4, 0xBDB4, 0xBDD4, 0xBDD4, 0xBDD5, 0xBDD4, 0xBDD4, 0xBDB4,
    0xBDB4, 0xBDB4, 0xBDB4, 0xBDB4, 0xBDB4, 0xBDB4, 0xBDB4, 0xBDB4, 0xBDB4, 0xBDB4, 0xBD93, 0xB593,
    0xBD94, 0xB573, 0xA512, 0xA512, 0xB573, 0xBDB4, 0xB573, 0xB593, 0xBDB4, 0xBDD4, 0xBDB4, 0xBDB4,
    0xBDD4, 0xBDD4, 0xBDD4, 0xBDB4, 0xBDB4, 0xBDB4, 0xBDB4, 0xBDB4, 0xBDB4, 0xBDB4, 0xBD94, 0xBD94,
    0xBDB4, 0xBDB4, 0xBDB4, 0xBD94, 0xB593, 0xBD93, 0xBDB4, 0xBDB4, 0xBD93, 0xB553, 0xA4F1, 0xA4F1,
    0xAD32, 0xB573, 0xB573, 0xB593, 0xBDB4, 0xBDB4, 0xBDB4, 0xBDB4, 0xBDB4, 0xBDB4, 0xBDD4, 0xBDD4,
    0xBDD4, 0xBDD4, 0xBDD5, 0xBDD5, 0xBDD5, 0xBDB4, 0xBDB4, 0xBD94, 0xBDB4, 0xBDB4, 0xBDB4, 0xBD94,
    0xBD94, 0xBD94, 0xBD94, 0xBD94, 0xBD94, 0xB573, 0xAD32, 0xA4F1, 0xB573, 0xB573, 0xB573, 0xB553,
    0xB553, 0xB553, 0xB553, 0xB573, 0xB593, 0xB594, 0xB594, 0xB573, 0xB573, 0xB553, 0xB553, 0xB573,
    0xB593, 0xB573, 0xB573, 0xB553, 0xB573, 0xB573, 0xB573, 0xB573, 0xB593, 0xBD94, 0xBD94, 0xB593,
    0xB553, 0xAD12, 0xA4D1, 0xA4D1, 0xA511, 0xAD32, 0xAD32, 0xB553, 0xB593, 0xB594, 0xB594, 0xB593,
    0xB573, 0xB573, 0xB573, 0xB573, 0xB573, 0xB573, 0xB573, 0xB573, 0xB553, 0xB553, 0xB573, 0xB573,
    0xB573, 0xB573, 0xB573, 0xB573, 0xB573, 0xB573, 0xAD52, 0xAD52, 0xB553, 0xAD32, 0xA4F1, 0xA4F1,
    0xAD52, 0xB553, 0xAD32, 0xAD32, 0xB573, 0xB593, 0xB573, 0xB573, 0xB573, 0xB573, 0xB573, 0xB573,
    0xB573, 0xB573, 0xB573, 0xB573, 0xB573, 0xB553, 0xB573, 0xB573, 0xB573, 0xB573, 0xB573, 0xB553,
    0xB552, 0xB552, 0xB573, 0xB573, 0xB553, 0xAD32, 0xA4D1, 0x9CD1, 0xA511, 0xAD32, 0xAD32, 0xAD32,
    0xB553, 0xB573, 0xB553, 0xB553, 0xB573, 0xB573, 0xB573, 0xB593, 0xB593, 0xB594, 0xBD94, 0xBD94,
    0xB594, 0xB573, 0xB573, 0xB553, 0xB573, 0xB573, 0xB553, 0xAD52, 0xAD32, 0xAD32, 0xB552, 0xB553,
    0xB573, 0xAD52, 0xA4F1, 0xA4D1, 0xA511, 0xA4F1, 0xA4F1, 0xA4F1, 0xA4D1, 0xA4D1, 0x9CD0, 0xA4D0,
    0xA4F1, 0xA4F1, 0xA511, 0xA4F1, 0xA4D0, 0xA4D0, 0xA4F1, 0xA4F1, 0xA4F1, 0xA4F1, 0xA4F1, 0xA4F1,
    0xA4F1, 0xA4F1, 0xA4F1, 0xA4F1, 0xA511, 0xAD11, 0xAD32, 0xAD32, 0xA4F1, 0xA4F1, 0x9CD1, 0x9CD0,
    0xA4D1, 0xA4D1, 0xA4D0, 0xA4D1, 0xA511, 0xA511, 0xA4F1, 0xA4D1, 0x9CB0, 0x9CB0, 0x9CD0, 0xA4D1,
    0xA4D1, 0xA4F1, 0xA4F1, 0xA4F1, 0xA4D1, 0xA4D1, 0xA4F1, 0xA4F1, 0xA4F1, 0xA4F1, 0xA4F1, 0xA4F1,
    0xA4F1, 0xA4D1, 0x9CD0, 0x9CD0, 0xA4D1, 0xA4D1, 0x9CB0, 0x9CD0, 0xA4F1, 0xA4F1, 0xA4D0, 0xA4D0,
    0xA4F1, 0xA4F1, 0xA4F1, 0xA4F1, 0xA4F1, 0xA4F1, 0xA4F1, 0xA4F1, 0xA4F1, 0xA4F1, 0xA4F1, 0xA4F1,
    0xA4F1, 0xA4F1, 0xA4F1, 0xA4F1, 0xA4F1, 0xA4F1, 0xA4F1, 0xA4F1, 0xA4D1, 0xA4F1, 0xA4F1, 0xA511,
    0xA511, 0xA4F1, 0x9CD1, 0x9CD0, 0x9CD1, 0x9CD0, 0x9CB0, 0x9CB0, 0x9CB0, 0x9CD0, 0x9CB0, 0x9CD0,
    0xA4D1, 0xA4F1, 0xA4F1, 0xA4F1, 0xA4F1, 0xA511, 0xAD12, 0xAD12, 0xA511, 0xA4F1, 0xA4F1, 0xA4F1,
    0x9CD0, 0xA4D0, 0xA4F1, 0xA4F1, 0xA4D0, 0xA4D0, 0xA4F1, 0xA4F1, 0xA4F1, 0xA4F1, 0x9CB0, 0x9C90,
    0xA4F1, 0xA4F1, 0xA4F1, 0xA4D1, 0xA4D1, 0x9CD0, 0x9CB0, 0x9CB0, 0xA4D0, 0xA4F1, 0xA4F1, 0xA4F1,
    0x9CD0, 0x9CB0, 0xA4D1, 0xA4D1, 0xA4D0, 0xA4D0, 0xA4D1, 0xA4F1, 0xA4F1, 0xA4F1, 0xA4F1, 0xA4F1,
    0xA4F1, 0xA511, 0xAD12, 0xAD12, 0xA4F1, 0xA4F1, 0xA4D1, 0x9CD1, 0xA4D1, 0xA4D1, 0xA4D0, 0xA4D1,
    0xA4F1, 0xA4F1, 0xA4D1, 0x9CD0, 0x9CB0, 0x9CB0, 0x9CD0, 0x9CD0, 0x9CD0, 0xA4D1, 0xA4F1, 0xA4F1,
    0x9CD0, 0x9CD0, 0xA4D1, 0xA4F1, 0xA4D1, 0xA4F1, 0xA4F1, 0xA4F1, 0xA4F1, 0xA4D1, 0x9CD0, 0x9CD0,
    0x9CD0, 0x9CD0, 0x9CB0, 0x9CD0, 0xA4F1, 0xA4F1, 0xA4D1, 0x9CD0, 0xA4D1, 0xA4F1, 0xA4F1, 0xA4D1,
    0x9CD0, 0x9CD0, 0x9CD0, 0xA4D1, 0xA4F1, 0xA4F1, 0xA4F1, 0xA4F1, 0x9CD1, 0x9CD0, 0xA4F1, 0xA4F1,
    0xA4F1, 0xA4F1, 0xA4F1, 0xA4F1, 0xA4D1, 0xA4D1, 0xA4F1, 0xA4F1, 0xA511, 0xA4F1, 0x9CD1, 0x9CD1,
    0xA4F1, 0xA4F1, 0x9CD0, 0x9CB0, 0x9CB0, 0x9CB0, 0x9CB0, 0x9CB0, 0xA4D1, 0xA4F1, 0xA4F1, 0xA4F1,
    0xA4D1, 0xA4F1, 0xA511, 0xA511, 0xA4F1, 0xA4F1, 0xA4F1, 0xA4F1, 0x9CD0, 0x9CD0, 0xA4F1, 0xA4F1,
    0xA4F1, 0xA4F1, 0xA4F1, 0xA4F1, 0xA4F1, 0xA4D1, 0x9CB0, 0x9490, 0xAD52, 0xAD52, 0xAD52, 0xAD52,
    0xAD52, 0xAD32, 0xAD32, 0xAD32, 0xAD32, 0xAD52, 0xB553, 0xB553, 0xAD32, 0xAD12, 0xAD12, 0xA511,
    0xA511, 0xAD11, 0xAD32, 0xAD32, 0xAD52, 0xAD52, 0xAD52, 0xAD52, 0xAD52, 0xAD53, 0xB573, 0xB573,
    0xAD53, 0xAD32, 0xA4F1, 0xA4F1, 0xA512, 0xAD32, 0xAD32, 0xAD53, 0xB573, 0xB573, 0xB553, 0xAD52,
    0xAD32, 0xAD52, 0xB553, 0xB573, 0xAD53, 0xAD53, 0xAD52, 0xAD52, 0xAD32, 0xAD32, 0xAD53, 0xAD53,
    0xAD52, 0xAD52, 0xB553, 0xB553, 0xB553, 0xAD53, 0xAD52, 0xAD32, 0xAD32, 0xA512, 0xA4F1, 0xA4F1,
    0xAD53, 0xB573, 0xAD53, 0xAD52, 0xAD52, 0xAD52, 0xAD52, 0xAD52, 0xAD32, 0xAD32, 0xAD52, 0xB553,
    0xB553, 0xB553, 0xAD32, 0xAD32, 0xAD32, 0xAD32, 0xAD52, 0xB573, 0xB573, 0xB573, 0xB573, 0xB573,
    0xAD53, 0xAD52, 0xAD32, 0xAD32, 0xAD32, 0xAD32, 0xA4F1, 0xA4F1, 0xAD53, 0xB573, 0xAD52, 0xAD32,
    0xAD32, 0xAD32, 0xAD52, 0xAD53, 0xB553, 0xB553, 0xB553, 0xAD52, 0xAD32, 0xAD32, 0xAD53, 0xB573,
    0xB573, 0xB553, 0xB573, 0xB553, 0xAD53, 0xB553, 0xB573, 0xB573, 0xB573, 0xB573, 0xB553, 0xB553,
    0xAD53, 0xAD32, 0xA4F1, 0x9CD1, 0xB573, 0xB573, 0xB593, 0xB593, 0xB593, 0xB593, 0xB573, 0xB573,
    0xB573, 0xB593, 0xBD94, 0xB594, 0xB573, 0xB553, 0xAD52, 0xAD52, 0xAD52, 0xB553, 0xB573, 0xB573,
    0xB593, 0xB594, 0xB593, 0xB593, 0xB593, 0xB594, 0xBDB4, 0xBDB4, 0xB594, 0xB553, 0xA511, 0xA4F1,
    0xAD32, 0xAD53, 0xB573, 0xB594, 0xBDB4, 0xBDB4, 0xBDB4, 0xBD94, 0xB593, 0xB594, 0xBDB4, 0xBDB4,
    0xBDB4, 0xB594, 0xB593, 0xB593, 0xB593, 0xB594, 0xB594, 0xB594, 0xB594, 0xB594, 0xBD94, 0xBD94,
    0xBD94, 0xBD94, 0xB594, 0xB573, 0xB573, 0xAD53, 0xA511, 0xA512, 0xB573, 0xB594, 0xB593, 0xB593,
    0xB593, 0xB593, 0xB593, 0xB593, 0xB573, 0xB573, 0xBD94, 0xBD94, 0xBD94, 0xB594, 0xB573, 0xB573,
    0xB573, 0xB593, 0xBD94, 0xBDB4, 0xBDB4, 0xBDB4, 0xBD94, 0xB593, 0xB593, 0xB593, 0xB573, 0xB573,
    0xB573, 0xAD53, 0xA512, 0xA512, 0xB573, 0xB594, 0xB594, 0xB593, 0xB573, 0xB573, 0xBD94, 0xBDB4,
    0xBD94, 0xB594, 0xB594, 0xB593, 0xB573, 0xB573, 0xB593, 0xBD94, 0xBD94, 0xBDB4, 0xBDB4, 0xBDB4,
    0xBDB4, 0xBDB4, 0xBDB4, 0xBDB4, 0xBDB4, 0xBDB4, 0xBDB4, 0xBD94, 0xB594, 0xB553, 0xA512, 0xA4F1,
    0xBDB4, 0xBDB4, 0xBD94, 0xBDB4, 0xBDB4, 0xBD94, 0xBD93, 0xB593, 0xBD94, 0xBD94, 0xBDB4, 0xBD94,
    0xB593, 0xB593, 0xB593, 0xBD93, 0xBD94, 0xBDB4, 0xBD94, 0xBD94, 0xBDB4, 0xBDB4, 0xBDB4, 0xBDB4,
    0xBD94, 0xBDB4, 0xBDB4, 0xBDD4, 0xBDB4, 0xB573, 0xAD12, 0xA4F1, 0xAD32, 0xB553, 0xB593, 0xBDB4,
    0xBDD4, 0xBDD4, 0xBDB4, 0xBDB4, 0xBD93, 0xBDB4, 0xBDD4, 0xBDD4, 0xBDB4, 0xBDB4, 0xBDB4, 0xBDB4,
    0xBDB4, 0xBDB4, 0xBDB4, 0xBDB4, 0xBDB4, 0xBDB4, 0xBDB4, 0xBDB4, 0xBDB4, 0xBD94, 0xBD94, 0xBD94,
    0xBDB4, 0xB573, 0xA512, 0xA512, 0xAD53, 0xB573, 0xB593, 0xBD94, 0xBDB4, 0xBDB4, 0xBD94, 0xBD93,
    0xB594, 0xBD94, 0xBDB4, 0xBDB4, 0xBD94, 0xBD94, 0xBD94, 0xBD94, 0xBDB4, 0xBDB4, 0xBDB4, 0xBDB4,
    0xBDB4, 0xBDB4, 0xB593, 0xB573, 0xB593, 0xB593, 0xBD93, 0xBD94, 0xBD94, 0xB573, 0xAD32, 0xA512,
    0xAD53, 0xB593, 0xBD94, 0xBDB4, 0xBDB4, 0xBDB4, 0xBDD4, 0xBDB4, 0xBDB4, 0xB593, 0xB593, 0xB593,
    0xBD94, 0xBDB4, 0xBDB4, 0xBDB4, 0xBDB4, 0xBDB4, 0xBDB4, 0xBDB4, 0xBDB4, 0xBDB4, 0xBDB4, 0xBDB4,
    0xBDB4, 0xBDB4, 0xBDB4, 0xBDD4, 0xBDB4, 0xB594, 0xAD32, 0xA4F1, 0xBDB4, 0xBDB4, 0xBDB4, 0xBDB4,
    0xBDB4, 0xBDB4, 0xBDB4, 0xBDB4, 0xBDB4, 0xBDB4, 0xBDB4, 0xBDB4, 0xBD94, 0xBD94, 0xBDB4, 0xBDB4,
    0xBDD4, 0xBDD4, 0xBDB4, 0xBDB4, 0xBDB4, 0xBDB4, 0xBDB4, 0xBDB4, 0xBDB4, 0xBDB4, 0xBDD4, 0xBDD4,
    0xBDB4, 0xB593, 0xAD12, 0xA4F1, 0xAD32, 0xB553, 0xBD94, 0xBDB4, 0xBDB4, 0xBDD4, 0xBDD4, 0xBDB4,
    0xBDB4, 0xBDB4, 0xBDD4, 0xC5D5, 0xBDB4, 0xBDB4, 0xBDB4, 0xBDD4, 0xBDD5, 0xBDD5, 0xBDD5, 0xBDD4,
    0xBDD4, 0xBDD4, 0xBDD4, 0xBDB4, 0xBDB4, 0xBDB4, 0xBDB4, 0xBDB4, 0xBDB4, 0xB593, 0xAD12, 0xA4F1,
    0xAD32, 0xB573, 0xB593, 0xBDB4, 0xBDD4, 0xBDB4, 0xBD94, 0xBD94, 0xBD94, 0xBDB4, 0xBDB4, 0xBDB4,
    0xBDB4, 0xBD94, 0xBD94, 0xBDB4, 0xBDB4, 0xBDB4, 0xBDB4, 0xBDB4, 0xBDB4, 0xBD94, 0xB593, 0xB593,
    0xBD93, 0xBD94, 0xBDB4, 0xBDB4, 0xBDB4, 0xB593, 0xAD32, 0xA511, 0xAD52, 0xB573, 0xBD93, 0xBDB4,
    0xBDB4, 0xBDB4, 0xBDD4, 0xBDD4, 0xBD94, 0xB593, 0xBD93, 0xBDB4, 0xBDB4, 0xBDD4, 0xBDB4, 0xBDB4,
    0xBDB4, 0xBDD4, 0xBDD4, 0xBDD4, 0xBDB4, 0xBDB4, 0xBDD4, 0xBDB4, 0xBDB4, 0xBDB4, 0xBDD5, 0xC5D5,
    0xC5D5, 0xBD94, 0xAD32, 0xA4F1, 0xBD94, 0xBD94, 0xBD94, 0xBD94, 0xBDB4, 0xBDB4, 0xBDB4, 0xBDB4,
    0xBDB4, 0xBDB4, 0xBDD4, 0xBDB4, 0xBDB4, 0xBDB4, 0xBDB4, 0xBDB4, 0xBDB4, 0xBDD4, 0xBDD5, 0xBDD5,
    0xBDD5, 0xBDD5, 0xBDD5, 0xBDD4, 0xBDD4, 0xBDD4, 0xBDD5, 0xBDD4, 0xBDB4, 0xB573, 0xA511, 0xA4F1,
    0xAD32, 0xB573, 0xBDB4, 0xBDB4, 0xBDB4, 0xBDB4, 0xBDB4, 0xBDD4, 0xBDD4, 0xBDD5, 0xC5D5, 0xC5D5,
    0xBDD4, 0xBDD4, 0xBDD4, 0xBDD4, 0xBDD5, 0xC5D5, 0xBDD5, 0xBDD5, 0xC5D5, 0xBDD4, 0xBDB4, 0xBDB4,
    0xBDB4, 0xBDB4, 0xBDB4, 0xBDD4, 0xBDB4, 0xB593, 0xA512, 0xA4F1, 0xAD12, 0xB552, 0xB593, 0xBDB4,
    0xBDB4, 0xBDB4, 0xBD94, 0xB594, 0xBD94, 0xBDB4, 0xBDB4, 0xBDB4, 0xBDB4, 0xBD94, 0xBDB4, 0xBDB4,
    0xBD94, 0xBDB4, 0xBDB4, 0xBDB4, 0xBD94, 0xBD94, 0xBD94, 0xBD94, 0xBDB4, 0xBDB4, 0xBDB4, 0xBDB4,
    0xBDB4, 0xB573, 0xA512, 0xA4F1, 0xAD32, 0xB573, 0xB573, 0xB573, 0xB573, 0xB593, 0xBDB4, 0xBDB4,
    0xB573, 0xB573, 0xBDB4, 0xBDB4, 0xBDB4, 0xBDB4, 0xBDD4, 0xBDD4, 0xBDD4, 0xBDD4, 0xBDD4, 0xBDB4,
    0xBDB4, 0xBDB4, 0xBDD4, 0xBDD4, 0xBDD4, 0xBDD5, 0xC5D5, 0xC5D5, 0xC5D5, 0xBD94, 0xA512, 0x9CD1,
    0xB594, 0xB594, 0xBD94, 0xBD94, 0xBDB4, 0xBDB4, 0xBD94, 0xBD94, 0xBDB4, 0xBDB4, 0xBDD4, 0xBDB4,
    0xBDB4, 0xBDB4, 0xBDB4, 0xBDB4, 0xBDD5, 0xBDD5, 0xBDD5, 0xBDD5, 0xBDD5, 0xBDD5, 0xBDD5, 0xBDD5,
    0xBDD4, 0xBDD4, 0xBDD5, 0xBDD4, 0xBDB4, 0xB573, 0xA511, 0xA4F1, 0xAD32, 0xB573, 0xBDB4, 0xBDD4,
    0xBDB4, 0xBDB4, 0xBDB4, 0xBDD4, 0xC5D5, 0xC5F5, 0xC5D5, 0xC5D5, 0xBDD5, 0xBDD4, 0xBDD4, 0xBDD4,
    0xC5D5, 0xC5D5, 0xBDD5, 0xBDD5, 0xC5D5, 0xBDD4, 0xBDB4, 0xBDB4, 0xBDB4, 0xBDB4, 0xBDD4, 0xBDD4,
    0xBDB4, 0xB573, 0xA512, 0xA4F1, 0xAD12, 0xAD52, 0xB593, 0xBDB4, 0xBDB4, 0xBDB4, 0xBD94, 0xBD94,
    0xBD94, 0xBDB4, 0xBDB4, 0xBDB4, 0xBDB4, 0xBDB4, 0xBDB4, 0xBDB4, 0xBD94, 0xBD94, 0xBDB4, 0xBDB4,
    0xBD94, 0xBD94, 0xBDB4, 0xBDB4, 0xBDB4, 0xBDB4, 0xBDB4, 0xBDB4, 0xBDB4, 0xB573, 0xA511, 0xA4F1,
    0xAD32, 0xB573, 0xB573, 0xB573, 0xB553, 0xB573, 0xBDB4, 0xBDB4, 0xB593, 0xB593, 0xBDB4, 0xBDD4,
    0xBDD4, 0xBDB4, 0xBDD4, 0xBDD4, 0xBDD4, 0xBDD4, 0xBDD4, 0xBDB4, 0xBDB4, 0xBDB4, 0xBDD4, 0xBDD5,
    0xBDD5, 0xC5F5, 0xC5D5, 0xC5D5, 0xC5D5, 0xB594, 0xA4F1, 0x9CB0, 0xB594, 0xB594, 0xB594, 0xBD94,
    0xBD94, 0xBD93, 0xB573, 0xB593, 0xBDB4, 0xBDB4, 0xBDB4, 0xBDB4, 0xBDB4, 0xBDB4, 0xBDB4, 0xBDB4,
    0xC5D5, 0xC5D5, 0xBDD5, 0xBDD5, 0xBDD5, 0xBDD5, 0xBDD5, 0xBDD4, 0xBDD4, 0xBDB4, 0xBDD4, 0xBDB4,
    0xBDB4, 0xB573, 0xA512, 0xA4F1, 0xAD32, 0xB573, 0xBDB4, 0xBDD4, 0xBDD4, 0xBDB4, 0xBDD4, 0xBDD4,
    0xBDD5, 0xC5D5, 0xC5D5, 0xC5D5, 0xC5D5, 0xBDD5, 0xBDD4, 0xBDD5, 0xC5F5, 0xC5F5, 0xBDD4, 0xBDD4,
    0xC5D5, 0xBDD4, 0xBDB4, 0xBDB4, 0xBDB4, 0xBDD4, 0xBDB4, 0xBDB4, 0xBDB4, 0xB573, 0xA512, 0xA4F1,
    0xAD12, 0xB553, 0xBD94, 0xBDB4, 0xBD94, 0xBD93, 0xBDB4, 0xBDB4, 0xBDB4, 0xBDB4, 0xBDB4, 0xBDB4,
    0xBDB4, 0xBD94, 0xBDB4, 0xBDB4, 0xBDB4, 0xBDB4, 0xBDB4, 0xBDB4, 0xBDB4, 0xBDB4, 0xBDB4, 0xBDB4,
    0xBDB4, 0xBDB4, 0xBDB4, 0xBDB4, 0xBDD4, 0xB593, 0xA512, 0xA4F1, 0xAD52, 0xB573, 0xB593, 0xB593,
    0xB573, 0xB573, 0xBDB4, 0xBDB4, 0xBDB4, 0xBDB4, 0xBDD4, 0xBDD4, 0xBDD4, 0xBDD4, 0xBDD4, 0xBDD4,
    0xBDD4, 0xBDD4, 0xBDD4, 0xBDD4, 0xBDD5, 0xBDD5, 0xBDD4, 0xBDD5, 0xBDD5, 0xC5D5, 0xC5D5, 0xC5D5,
    0xBDB4, 0xB573, 0xA4D1, 0x9490, 0xB594, 0xB594, 0xB594, 0xBD94, 0xBD94, 0xBD93, 0xB573, 0xB593,
    0xBDB4, 0xBDB4, 0xBDB4, 0xBDB4, 0xBD94, 0xBD94, 0xBDB4, 0xBDB4, 0xBDD5, 0xC5D5, 0xBDD5, 0xBDD5,
    0xBDD5, 0xBDD5, 0xBDD5, 0xBDD5, 0xBDD4, 0xBDB4, 0xBDB4, 0xBDB4, 0xBDB4, 0xB573, 0xA512, 0xA4F1,
    0xAD32, 0xB573, 0xBDB4, 0xBDD5, 0xBDD4, 0xBDD4, 0xBDD4, 0xBDD4, 0xBDD4, 0xBDD5, 0xC5D5, 0xC5D5,
    0xC5D5, 0xC5D5, 0xBDD5, 0xBDD5, 0xC5D5, 0xC5D5, 0xBDD4, 0xBDD4, 0xBDD4, 0xBDD4, 0xBDB4, 0xBDB4,
    0xBDB4, 0xBDB4, 0xBDB4, 0xBDB4, 0xBDB4, 0xB593, 0xAD12, 0xA4F1, 0xAD12, 0xB553, 0xBD94, 0xBDB4,
    0xBD94, 0xBD94, 0xBDB4, 0xBDB4, 0xBDB4, 0xBDB4, 0xBDB4, 0xBDB4, 0xBDB4, 0xBD94, 0xBDB4, 0xBDB4,
    0xBDB4, 0xBDB4, 0xBDB4, 0xBDB4, 0xBDB4, 0xBDB4, 0xBDB4, 0xBDB4, 0xBDB4, 0xBDB4, 0xBDB4, 0xBDD4,
    0xBDD4, 0xB594, 0xAD12, 0xA512, 0xAD53, 0xB593, 0xBD94, 0xBDB4, 0xB593, 0xBD94, 0xBDB4, 0xBDD4,
    0xBDD5, 0xBDD5, 0xBDB4, 0xBDD4, 0xC5D5, 0xBDD5, 0xBDB4, 0xBDB4, 0xBDB4, 0xBDD4, 0xBDD4, 0xBDD5,
    0xBDD5, 0xBDD5, 0xBDD4, 0xBDD4, 0xBDD5, 0xC5D5, 0xC5D5, 0xBDD4, 0xBDB4, 0xB553, 0x9CD1, 0x9490,
    0xBD94, 0xB594, 0xB573, 0xB593, 0xBD94, 0xBDB4, 0xBD94, 0xBD94, 0xBD94, 0xBD94, 0xBD94, 0xBD94,
    0xBD94, 0xBD94, 0xBDB4, 0xBDB4, 0xBDB4, 0xBDB4, 0xBDD5, 0xC5D5, 0xBDD5, 0xBDD5, 0xBDD5, 0xBDD5,
    0xBDD5, 0xBDD4, 0xBDB4, 0xBDB4, 0xBDB4, 0xB594, 0xAD32, 0xA512, 0xAD32, 0xB573, 0xBDB4, 0xBDD4,
    0xBDD4, 0xBDD4, 0xBDB4, 0xBDB4, 0xBDB4, 0xBDD4, 0xC5D5, 0xC5D5, 0xC5D5, 0xC5D5, 0xBDD5, 0xBDD5,
    0xBDD4, 0xBDD5, 0xC5D5, 0xBDD5, 0xBDD4, 0xBDB4, 0xBDB4, 0xBDB4, 0xBDB4, 0xBDB4, 0xBDD4, 0xBDD4,
    0xBDD4, 0xB593, 0xAD32, 0xA511, 0xAD12, 0xB553, 0xBDB4, 0xBDD4, 0xBDB4, 0xBDB4, 0xBDB4, 0xBDB4,
    0xBDD4, 0xBDD4, 0xBDD5, 0xBDD4, 0xBDB4, 0xBDB4, 0xBDB4, 0xBDB4, 0xBDB4, 0xBDB4, 0xBDB4, 0xBDB4,
    0xBD94, 0xBD94, 0xBD94, 0xBD94, 0xBD94, 0xBDB4, 0xBDB4, 0xBDB4, 0xBDD4, 0xBD94, 0xAD32, 0xA512,
    0xB553, 0xB593, 0xBDB4, 0xBDB4, 0xBDB4, 0xBDB4, 0xBDD4, 0xBDD4, 0xBDD5, 0xBDD4, 0xBDB4, 0xBDB4,
    0xBDD5, 0xC5D5, 0xBDB4, 0xBDB4, 0xBDB4, 0xBDD4, 0xBDD4, 0xBDD4, 0xBDD4, 0xBDD4, 0xBDB4, 0xBDB4,
    0xBDD5, 0xBDD5, 0xBDD4, 0xBDB4, 0xBDB4, 0xB553, 0xA4F1, 0x9CB0, 0xBD94, 0xB593, 0xB573, 0xB573,
    0xBD93, 0xBDB4, 0xBDB4, 0xBD94, 0xBD94, 0xBD94, 0xBD94, 0xBD94, 0xBDB4, 0xBDB4, 0xBDB4, 0xBDB4,
    0xBDB4, 0xBDB4, 0xC5D5, 0xC5D5, 0xBDD5, 0xBDD5, 0xBDD4, 0xBDD4, 0xBDD5, 0xBDD4, 0xBDB4, 0xBDB4,
    0xBDB4, 0xB594, 0xAD32, 0xA512, 0xAD52, 0xB573, 0xBDB4, 0xBDB4, 0xBDB4, 0xBDB4, 0xBDB4, 0xBDB4,
    0xBDB4, 0xBDD4, 0xBDD5, 0xBDD5, 0xBDD5, 0xBDD4, 0xBDD4, 0xBDD4, 0xBDD4, 0xBDD5, 0xC5D5, 0xC5D5,
    0xBDB4, 0xBDB4, 0xBDB4, 0xBDB4, 0xBDB4, 0xBDB4, 0xBDD4, 0xBDD4, 0xBDD4, 0xB593, 0xAD32, 0xA512,
    0xAD32, 0xB553, 0xBDB4, 0xBDD4, 0xBDD4, 0xBDD4, 0xBDD4, 0xBDD4, 0xC5D5, 0xC5D5, 0xBDD5, 0xBDD4,
    0xBDB4, 0xBDB4, 0xBDB4, 0xBDD4, 0xBDD4, 0xBDB4, 0xBDB4, 0xBDB4, 0xBD94, 0xBD94, 0xBD94, 0xBD94,
    0xBDB4, 0xBDB4, 0xBDB4, 0xBDB4, 0xBDD4, 0xBD94, 0xAD32, 0xA512, 0xB553, 0xB593, 0xBDB4, 0xBDD4,
    0xBDD4, 0xBDD5, 0xBDD5, 0xBDD5, 0xBDD5, 0xBDD4, 0xBD94, 0xBDB4, 0xBDD4, 0xBDD4, 0xBDB4, 0xBDB4,
    0xBDB4, 0xBDB4, 0xBDD4, 0xBDD4, 0xBDB4, 0xBDB4, 0xBDB4, 0xBDB4, 0xBDD4, 0xBDD4, 0xBDB4, 0xBDB4,
    0xBD94, 0xB573, 0xA4F1, 0x9CB0, 0xB593, 0xB573, 0xB573, 0xB573, 0xB593, 0xB593, 0xB593, 0xBD94,
    0xBD94, 0xBD94, 0xBDB4, 0xBDB4, 0xBDB4, 0xBDB4, 0xBDB4, 0xBDB4, 0xBDD4, 0xBDD5, 0xC5D5, 0xC5F5,
    0xC5D5, 0xBDD5, 0xBDD4, 0xBDB4, 0xBDD4, 0xBDB4, 0xBDB4, 0xBDB4, 0xBDB4, 0xB573, 0xA512, 0xA511,
    0xAD52, 0xB573, 0xBD94, 0xBDB4, 0xBDB4, 0xBDB4, 0xBDB4, 0xBDB4, 0xBDB4, 0xBDD4, 0xBDD4, 0xBDB4,
    0xBDB4, 0xBDB4, 0xBDB4, 0xBDD4, 0xBDD4, 0xBDD5, 0xC5F5, 0xC5F5, 0xBDD4, 0xBDB4, 0xBDB4, 0xBDD4,
    0xBDD4, 0xBDD4, 0xBDB4, 0xBDB4, 0xBDB4, 0xB573, 0xAD12, 0xA511, 0xAD32, 0xB573, 0xBD94, 0xBDB4,
    0xBDB4, 0xBDD4, 0xBDD5, 0xC5D5, 0xBDD4, 0xBDD4, 0xBDD4, 0xBDD4, 0xBDB4, 0xBDB4, 0xBDD4, 0xBDD4,
    0xBDB4, 0xBDB4, 0xBDB4, 0xBDB4, 0xBD94, 0xBD94, 0xBDB4, 0xBDB4, 0xBDB4, 0xBDB4, 0xBDB4, 0xBDB4,
    0xBDD4, 0xBD94, 0xAD32, 0xA512, 0xAD52, 0xB573, 0xBDB4, 0xBDB4, 0xBDB4, 0xBDB4, 0xBDD5, 0xBDD5,
    0xBDD4, 0xBDB4, 0xBDB4, 0xBDB4, 0xBDB4, 0xBDB4, 0xBDB4, 0xBDB4, 0xBDB4, 0xBDB4, 0xBDB4, 0xBDB4,
    0xBDB4, 0xBDB4, 0xBDB4, 0xBDB4, 0xBDB4, 0xBDB4, 0xB593, 0xB573, 0xBD94, 0xB573, 0xA511, 0x9CD1,
    0xB573, 0xB573, 0xB573, 0xB573, 0xB593, 0xBD94, 0xBD94, 0xBD94, 0xBD94, 0xBDB4, 0xBDB4, 0xBDB4,
    0xBDB4, 0xBDB4, 0xBDB4, 0xBDB4, 0xBDD5, 0xBDD5, 0xC5D5, 0xC5D5, 0xBDD5, 0xBDD5, 0xBDB4, 0xBDB4,
    0xBDB4, 0xBDB4, 0xBDB4, 0xBDB4, 0xBDB4, 0xB573, 0xA512, 0xA511, 0xAD53, 0xB593, 0xBD94, 0xBDB4,
    0xBDB4, 0xBDB4, 0xBDB4, 0xBDB4, 0xBDB4, 0xBDD4, 0xBDB4, 0xBDB4, 0xBDB4, 0xBDB4, 0xBDB4, 0xBDB4,
    0xBDD4, 0xBDD5, 0xC5D5, 0xC5F5, 0xBDD5, 0xBDD4, 0xBDD4, 0xBDD4, 0xBDD4, 0xBDD4, 0xBDB4, 0xBDB4,
    0xB594, 0xB573, 0xA512, 0xA511, 0xAD53, 0xB593, 0xBD93, 0xBDB4, 0xBDB4, 0xBDB4, 0xBDD4, 0xBDD5,
    0xBDD4, 0xBDD4, 0xBDD4, 0xBDD4, 0xBDD4, 0xBDD4, 0xBDD4, 0xBDD4, 0xBDD4, 0xBDB4, 0xBDB4, 0xBDB4,
    0xBDB4, 0xBDB4, 0xBDB4, 0xBDB4, 0xBDB4, 0xBDB4, 0xBDB4, 0xBDB4, 0xBDD4, 0xBD94, 0xAD32, 0xA511,
    0xAD32, 0xB573, 0xBD94, 0xBDB4, 0xBDB4, 0xBDB4, 0xBDD4, 0xBDD5, 0xBDB4, 0xBDB4, 0xBDB4, 0xBDB4,
    0xBDB4, 0xBDB4, 0xBDB4, 0xBDB4, 0xBDB4, 0xBDB4, 0xBDB4, 0xBDB4, 0xBDB4, 0xBD94, 0xBD94, 0xBDB4,
    0xBDB4, 0xBDB4, 0xB594, 0xB593, 0xBD94, 0xB573, 0xA511, 0x9CD1, 0xB593, 0xB593, 0xB573, 0xBD93,
    0xBDB4, 0xBDB4, 0xBDB4, 0xBDB4, 0xBD94, 0xBDB4, 0xBDB4, 0xBDB4, 0xB593, 0xB573, 0xBD94, 0xBDB4,
    0xBDD4, 0xBDD5, 0xC5D5, 0xBDD5, 0xBDD5, 0xBDB4, 0xBDB4, 0xBDB4, 0xBDB4, 0xBDB4, 0xBDD4, 0xBDD4,
    0xBDB4, 0xB573, 0xAD32, 0xAD32, 0xB573, 0xBD94, 0xBDB4, 0xBDB4, 0xBDB4, 0xBDB4, 0xBDB4, 0xBDB4,
    0xBDD4, 0xBDD4, 0xBDD4, 0xBDB4, 0xBDB4, 0xBDB4, 0xBDB4, 0xBDD4, 0xBDB4, 0xBDD4, 0xBDD4, 0xBDD4,
    0xBDD5, 0xBDD5, 0xBDD5, 0xBDD5, 0xBDD4, 0xBDD4, 0xBDD4, 0xBDB4, 0xBD94, 0xB573, 0xA511, 0xA511,
    0xB573, 0xBD94, 0xBD94, 0xBDB4, 0xBDB4, 0xBDB4, 0xBDB4, 0xBDB4, 0xBDB4, 0xBDB4, 0xBDB4, 0xBDB4,
    0xBDB4, 0xBDD4, 0xBDB4, 0xBDD4, 0xBDD4, 0xBDD4, 0xBDD4, 0xBDB4, 0xBDB4, 0xBDB4, 0xBDB4, 0xBDB4,
    0xBDB4, 0xBDB4, 0xBDD4, 0xBDD4, 0xBDD5, 0xB594, 0xA511, 0xA4F1, 0xAD12, 0xB553, 0xB593, 0xBDB4,
    0xBDB4, 0xBDB4, 0xBDD4, 0xBDD4, 0xBDB4, 0xBDB4, 0xBDD5, 0xBDD5, 0xBDB4, 0xBDB4, 0xBDB4, 0xBDB4,
    0xBDD4, 0xBDD4, 0xBDD4, 0xBDB4, 0xBDB4, 0xBD94, 0xBD94, 0xBD94, 0xBDB4, 0xBDD4, 0xBDB4, 0xBDB4,
    0xBD94, 0xB553, 0xA4F1, 0x9CB0, 0xB593, 0xB593, 0xBD94, 0xBDB4, 0xBDD4, 0xBDD5, 0xBDB4, 0xBDB4,
    0xBDB4, 0xBDB4, 0xBDB4, 0xBDB4, 0xB593, 0xB593, 0xBD94, 0xBDB4, 0xBDD4, 0xBDD5, 0xBDD5, 0xBDD5,
    0xBDD4, 0xBDB4, 0xBDB4, 0xBDB4, 0xBDB4, 0xBDB4, 0xBDD4, 0xBDD4, 0xBDB4, 0xB573, 0xAD32, 0xAD32,
    0xB573, 0xBD94, 0xBDB4, 0xBDB4, 0xBDB4, 0xBDB4, 0xBDB4, 0xBDB4, 0xBDD4, 0xBDD4, 0xBDD4, 0xBDB4,
    0xBDB4, 0xBDB4, 0xBDB4, 0xBDB4, 0xBDB4, 0xBDD4, 0xBDD4, 0xBDD4, 0xBDD4, 0xBDD4, 0xBDD5, 0xBDD4,
    0xBDD4, 0xBDD4, 0xBDD4, 0xBDD4, 0xBDB4, 0xB573, 0xA512, 0xA511, 0xB573, 0xBD94, 0xBDB4, 0xBDB4,
    0xBDB4, 0xBDB4, 0xBDB4, 0xBDB4, 0xBDB4, 0xBDB4, 0xBDB4, 0xBDB4, 0xBDB4, 0xBDD4, 0xBDB4, 0xBDB4,
    0xBDD4, 0xBDD5, 0xBDD4, 0xBDD4, 0xBDB4, 0xBDB4, 0xBDB4, 0xBDB4, 0xBDB4, 0xBDD4, 0xBDD5, 0xBDD5,
    0xBDD4, 0xB573, 0xA4F1, 0x9CD1, 0xAD12, 0xB553, 0xB593, 0xBDB4, 0xBDB4, 0xBDB4, 0xBDB4, 0xBDB4,
    0xBDB4, 0xBDB4, 0xBDD5, 0xBDD5, 0xBDB4, 0xBDB4, 0xBDB4, 0xBDB4, 0xBDB4, 0xBDB4, 0xBDD4, 0xBDB4,
    0xBDB4, 0xBDB4, 0xBD94, 0xBD94, 0xBDB4, 0xBDD4, 0xBDB4, 0xBDB4, 0xBDB4, 0xB573, 0xA4F1, 0x9CB0,
    0xB593, 0xBD94, 0xBDB4, 0xBDD4, 0xBDD5, 0xBDD5, 0xBDB4, 0xBDB4, 0xBDB4, 0xBDB4, 0xBDB4, 0xBDB4,
    0xBDB4, 0xBDD4, 0xBDD4, 0xBDD4, 0xBDD5, 0xBDD5, 0xBDD5, 0xBDD5, 0xBDD5, 0xBDB4, 0xBDB4, 0xBDB4,
    0xBDB4, 0xBDB4, 0xBDB4, 0xBDB4, 0xBDB4, 0xB593, 0xAD32, 0xAD12, 0xB553, 0xB593, 0xBD93, 0xBDB4,
    0xBDB4, 0xBDB4, 0xBDB4, 0xBDB4, 0xBDD4, 0xBDD4, 0xBDD4, 0xBDD4, 0xBDB4, 0xBDB4, 0xBDB4, 0xBDB4,
    0xBDD4, 0xBDD4, 0xBDD4, 0xBDD4, 0xBDD4, 0xBDB4, 0xBDB4, 0xBDB4, 0xBDD4, 0xBDD5, 0xBDD5, 0xBDD5,
    0xBDD5, 0xB594, 0xAD32, 0xA512, 0xB553, 0xB593, 0xBDB4, 0xBDB4, 0xBDB4, 0xBDB4, 0xBDB4, 0xBDB4,
    0xBDB4, 0xBDB4, 0xBDB4, 0xBDB4, 0xBDB4, 0xBDD4, 0xBDB4, 0xBDB4, 0xBDD4, 0xBDD4, 0xBDB4, 0xBDB4,
    0xBDB4, 0xBDB4, 0xBDB4, 0xBDB4, 0xBDD4, 0xBDD4, 0xBDD5, 0xBDD4, 0xBDB4, 0xB573, 0xA4D1, 0x9CD0,
    0xAD32, 0xB573, 0xBD94, 0xBDB4, 0xBDB4, 0xBDB4, 0xBDB4, 0xBDB4, 0xBDB4, 0xBDB4, 0xBDB4, 0xBDB4,
    0xBD94, 0xBD94, 0xBDB4, 0xBDB4, 0xBDB4, 0xBDB4, 0xBDB4, 0xBDB4, 0xBDB4, 0xBDB4, 0xBDB4, 0xBDB4,
    0xBDB4, 0xBDB4, 0xBDB4, 0xBDB4, 0xBDB4, 0xB573, 0xA4F1, 0x9CB0, 0xB593, 0xBD94, 0xBDB4, 0xBDD4,
    0xBDD5, 0xBDD4, 0xBDB4, 0xBDB4, 0xBDB4, 0xBDB4, 0xBDB4, 0xBDB4, 0xBDD5, 0xC5D5, 0xC5D5, 0xC5D5,
    0xC5D5, 0xBDD5, 0xBDD5, 0xBDD5, 0xBDD5, 0xBDB4, 0xBDB4, 0xBDB4, 0xBDD4, 0xBDD4, 0xBDB4, 0xBDB4,
    0xBDB4, 0xB573, 0xAD12, 0xA512, 0xAD53, 0xB573, 0xBD93, 0xBD94, 0xBD94, 0xBDB4, 0xBDB4, 0xBDB4,
    0xBDD4, 0xBDD4, 0xBDD4, 0xBDD4, 0xBDD4, 0xBDB4, 0xBDB4, 0xBDB4, 0xBDD4, 0xBDD4, 0xBDD4, 0xBDD4,
    0xBDD4, 0xBDB4, 0xBDB4, 0xBDB4, 0xBDD4, 0xBDD5, 0xBDD5, 0xBDD5, 0xBDD5, 0xB594, 0xAD12, 0xA512,
    0xAD53, 0xB593, 0xBDB4, 0xBDB4, 0xBDB4, 0xBDB4, 0xBDB4, 0xBDB4, 0xBDB4, 0xBDB4, 0xBDB4, 0xBDB4,
    0xBDB4, 0xBDB4, 0xBDB4, 0xBDB4, 0xBDD4, 0xBDD4, 0xBDB4, 0xBDB4, 0xBDB4, 0xBDB4, 0xBDB4, 0xBDB4,
    0xBDD4, 0xBDD4, 0xBDD4, 0xBDB4, 0xBDB4, 0xB573, 0xA4F1, 0x9CD0, 0xAD32, 0xB573, 0xBD94, 0xBDB4,
    0xBDB4, 0xBDB4, 0xBDB4, 0xBDB4, 0xBDB4, 0xBDB4, 0xBDB4, 0xBDB4, 0xBD93, 0xBD94, 0xBDB4, 0xBDB4,
    0xBD94, 0xBD94, 0xBDB4, 0xBDD4, 0xBDD4, 0xBDD4, 0xBDB4, 0xBDB4, 0xBDD4, 0xBDB4, 0xBDB4, 0xBD94,
    0xBDB4, 0xB573, 0xA4F1, 0x9CB0, 0xB594, 0xB594, 0xBDB4, 0xBDB4, 0xBDB4, 0xBDB4, 0xBDB4, 0xBDB4,
    0xBDD4, 0xBDD4, 0xBDD4, 0xBDD4, 0xBDD5, 0xBDD5, 0xC5D5, 0xC5D5, 0xC5D5, 0xC5D5, 0xBDD5, 0xBDD5,
    0xBDD4, 0xBDB4, 0xBDB4, 0xBDD4, 0xBDD5, 0xBDD4, 0xBDB4, 0xBDB4, 0xBDB4, 0xB573, 0xA511, 0xA4F1,
    0xAD53, 0xB593, 0xBD94, 0xBDB4, 0xBDB4, 0xBDB4, 0xBDB4, 0xBDB4, 0xBDB4, 0xBDD4, 0xBDD4, 0xBDD4,
    0xBDD4, 0xBDB4, 0xBDD4, 0xBDD4, 0xBDD4, 0xBDD4, 0xBDD4, 0xBDD4, 0xBDD4, 0xBDD4, 0xBDB4, 0xBDB4,
    0xBDB4, 0xBDB4, 0xBDD5, 0xBDD5, 0xBDB4, 0xB573, 0xA4F1, 0xA4F1, 0xAD52, 0xB593, 0xBDB4, 0xBDB4,
    0xBDB4, 0xBD94, 0xBD94, 0xBD94, 0xBD94, 0xBDB4, 0xBDB4, 0xBDB4, 0xBDB4, 0xBDB4, 0xBDB4, 0xBDD4,
    0xBDD5, 0xBDD5, 0xBDD4, 0xBDD4, 0xBDD4, 0xBDD4, 0xBDD4, 0xC5D5, 0xC5D5, 0xBDD5, 0xBDB4, 0xBDB4,
    0xBDD4, 0xB593, 0xA511, 0xA4F1, 0xAD32, 0xB573, 0xBDB4, 0xBDB4, 0xBDB4, 0xBDB4, 0xBDB4, 0xBDB4,
    0xBDB4, 0xBDD4, 0xC5D4, 0xBDD4, 0xBDB4, 0xBDB4, 0xBDB4, 0xBDB4, 0xBDB4, 0xBDB4, 0xBDB4, 0xBDD4,
    0xBDD4, 0xBDD4, 0xBDB4, 0xBDB4, 0xBDD4, 0xBDD4, 0xBDB4, 0xB593, 0xB573, 0xAD52, 0xA4F1, 0x9CD0,
    0xB594, 0xB594, 0xBD94, 0xBDB4, 0xBDB4, 0xBDB4, 0xBDB4, 0xBDB4, 0xBDD4, 0xBDD4, 0xBDD4, 0xBDD5,
    0xBDD5, 0xBDD5, 0xBDD5, 0xBDD5, 0xC5D5, 0xBDD5, 0xBDD5, 0xBDD4, 0xBDD4, 0xBDD4, 0xBDD4, 0xBDD4,
    0xBDD5, 0xBDD4, 0xBDB4, 0xBDB4, 0xBDB4, 0xB573, 0xA511, 0xA4F1, 0xAD53, 0xB593, 0xBD94, 0xBDB4,
    0xBDB4, 0xBDB4, 0xBDB4, 0xBDB4, 0xBDB4, 0xBDB4, 0xBDB4, 0xBDB4, 0xBDB4, 0xBDB4, 0xBDD4, 0xBDD4,
    0xBDD4, 0xBDD4, 0xBDD4, 0xBDD4, 0xBDD4, 0xBDD4, 0xBDD4, 0xBDD4, 0xBDB4, 0xBDB4, 0xBDB4, 0xBDB4,
    0xBDB4, 0xB573, 0xA4F1, 0xA4F1, 0xAD32, 0xB573, 0xBD93, 0xBDB4, 0xBD93, 0xB593, 0xBD94, 0xBDB4,
    0xBDB4, 0xBDB4, 0xBDB4, 0xBDB4, 0xBDB4, 0xBDB4, 0xBDB4, 0xBDD4, 0xBDD5, 0xBDD5, 0xBDD4, 0xBDD4,
    0xBDD4, 0xBDD4, 0xBDD5, 0xC5F5, 0xC5F5, 0xBDD5, 0xBDB4, 0xBDB4, 0xBDD4, 0xBD94, 0xAD12, 0xA4F1,
    0xAD32, 0xB573, 0xBDB4, 0xBDB4, 0xBD94, 0xBD94, 0xBDB4, 0xBDD4, 0xBDB4, 0xBDB4, 0xBDD4, 0xBDD4,
    0xBDB4, 0xBDB4, 0xBDD4, 0xBDD4, 0xBDB4, 0xBDB4, 0xBDB4, 0xBDB4, 0xBDD4, 0xBDB4, 0xBDB4, 0xBDB4,
    0xBDD4, 0xBDD4, 0xBDB4, 0xB593, 0xB573, 0xAD52, 0xA4F1, 0xA4D0, 0xB594, 0xB594, 0xBD94, 0xBDB4,
    0xBDB4, 0xBDB4, 0xBDB4, 0xBDB4, 0xBDB4, 0xBDD4, 0xBDB4, 0xBDB4, 0xBDD5, 0xBDD5, 0xBDD4, 0xBDD4,
    0xBDD4, 0xBDD4, 0xBDD4, 0xBDD4, 0xBDD4, 0xBDD4, 0xBDD5, 0xBDD4, 0xBDD4, 0xBDD4, 0xBDD4, 0xBDD4,
    0xBDD4, 0xB593, 0xA512, 0xA511, 0xAD53, 0xB593, 0xB593, 0xBD93, 0xBDB4, 0xBDB4, 0xBDB4, 0xBDB4,
    0xBDB4, 0xBDB4, 0xBDB4, 0xBDB4, 0xBDB4, 0xBDB4, 0xBDD4, 0xBDD4, 0xBDD4, 0xBDB4, 0xBDD4, 0xBDD4,
    0xBDB4, 0xBDB4, 0xBDD4, 0xBDD4, 0xBDB4, 0xBDB4, 0xBDB4, 0xBD94, 0xB593, 0xB553, 0xA511, 0xA4F1,
    0xAD12, 0xAD52, 0xB573, 0xB593, 0xB593, 0xB593, 0xBD94, 0xBDB4, 0xBDB4, 0xBDB4, 0xBDB4, 0xBDB4,
    0xBDB4, 0xBDB4, 0xBDD4, 0xBDD5, 0xBDD5, 0xBDD5, 0xBDD4, 0xBDD4, 0xBDD4, 0xBDD5, 0xC5D5, 0xC5F5,
    0xC5F5, 0xC5D5, 0xBDB4, 0xBDB4, 0xBDB4, 0xBD94, 0xAD32, 0xAD12, 0xAD32, 0xB553, 0xBDB4, 0xBDB4,
    0xBD93, 0xBD94, 0xBDD4, 0xBDD4, 0xBDB4, 0xBD94, 0xBDB4, 0xBDB4, 0xBDD4, 0xBDD4, 0xC5D5, 0xBDD4,
    0xBDB4, 0xBDB4, 0xBDB4, 0xBDB4, 0xBDB4, 0xBDB4, 0xBDB4, 0xBDB4, 0xBDB4, 0xBDB4, 0xBDB4, 0xBDB4,
    0xBDB4, 0xB573, 0xA4F1, 0x9CD0, 0xBD94, 0xBD94, 0xBD94, 0xBD94, 0xBDB4, 0xBDB4, 0xBDB4, 0xBDB4,
    0xBDB4, 0xBDB4, 0xBDB4, 0xBDB4, 0xBDB4, 0xBDD4, 0xBDD4, 0xBDD4, 0xBDD4, 0xBDD4, 0xBDD4, 0xBDD4,
    0xBDD4, 0xBDD4, 0xBDD4, 0xBDD4, 0xBDB4, 0xBDB4, 0xBDD4, 0xBDD4, 0xBDD4, 0xB593, 0xAD32, 0xA512,
    0xB553, 0xB573, 0xB573, 0xBD93, 0xBDB4, 0xBDB4, 0xBDB4, 0xBDB4, 0xBDB4, 0xBDB4, 0xBDB4, 0xBDB4,
    0xBDB4, 0xBDB4, 0xBDB4, 0xBDD4, 0xBDB4, 0xBDB4, 0xBDD4, 0xBDD4, 0xBDB4, 0xBDB4, 0xBDD4, 0xBDD4,
    0xBDB4, 0xBDB4, 0xB593, 0xB573, 0xB593, 0xB553, 0xAD12, 0xA4F1, 0xA511, 0xAD32, 0xB573, 0xB593,
    0xB573, 0xB593, 0xBD94, 0xBDB4, 0xBDD4, 0xBDD4, 0xBDB4, 0xBDB4, 0xBDB4, 0xBDB4, 0xBDD4, 0xBDD4,
    0xBDD4, 0xBDD4, 0xBDB4, 0xBDD4, 0xBDD4, 0xBDD5, 0xBDD4, 0xBDD4, 0xBDD5, 0xBDD5, 0xBDD4, 0xBDB4,
    0xBDB4, 0xB593, 0xAD32, 0xA512, 0xAD32, 0xB553, 0xBDB4, 0xBDB4, 0xBD93, 0xBD93, 0xBDD4, 0xBDD4,
    0xBD94, 0xBD93, 0xBD93, 0xBDB4, 0xBDD4, 0xBDD4, 0xBDD4, 0xBDB4, 0xBDB4, 0xBDB4, 0xBDB4, 0xBDB4,
    0xBDB4, 0xBDB4, 0xBDB4, 0xBDB4, 0xBDB4, 0xBDB4, 0xBDB4, 0xBDB4, 0xBDD4, 0xB594, 0xA511, 0xA4D0,
    0xBDB4, 0xBD94, 0xB573, 0xB593, 0xBDB4, 0xBDB4, 0xBDB4, 0xBDB4, 0xBDB4, 0xBDB4, 0xBDB4, 0xBDB4,
    0xBDB4, 0xBDB4, 0xBDD4, 0xBDD5, 0xBDD5, 0xBDD4, 0xBDD4, 0xBDB4, 0xBDB4, 0xBDB4, 0xBDB4, 0xBDD4,
    0xBDB4, 0xBDB4, 0xBDB4, 0xBDD4, 0xBDD4, 0xB594, 0xAD32, 0xAD12, 0xB553, 0xB573, 0xB573, 0xBD93,
    0xBD94, 0xBDB4, 0xBDB4, 0xBDB4, 0xBDB4, 0xBDB4, 0xBD94, 0xBD93, 0xBDB4, 0xBDB4, 0xBDB4, 0xBDB4,
    0xBDB4, 0xBDD4, 0xBDD4, 0xBDD4, 0xBDD4, 0xBDD4, 0xBDB4, 0xBDB4, 0xBDB4, 0xBDB4, 0xB573, 0xB573,
    0xBD93, 0xB573, 0xAD32, 0xA512, 0xA511, 0xAD32, 0xB573, 0xBD94, 0xB593, 0xBD93, 0xBDB4, 0xBDD4,
    0xBDD4, 0xBDD4, 0xBDB4, 0xBDB4, 0xBDD4, 0xBDD4, 0xBDB4, 0xBDB4, 0xBDB4, 0xBDB4, 0xBDB4, 0xBDB4,
    0xBDD4, 0xBDD4, 0xBDB4, 0xBDB4, 0xBDB4, 0xBDD4, 0xBDB4, 0xBDB4, 0xBDB4, 0xB573, 0xA511, 0xA4F1,
    0xAD32, 0xB573, 0xBD94, 0xBDB4, 0xBD93, 0xBD93, 0xBD94, 0xBDB4, 0xBD94, 0xBD94, 0xBDB4, 0xBDB4,
    0xBDB4, 0xBDB4, 0xBD94, 0xBD94, 0xBDB4, 0xBDB4, 0xBDB4, 0xBDB4, 0xBDB4, 0xBDB4, 0xBD94, 0xBD93,
    0xBD94, 0xBDB4, 0xBD94, 0xBD94, 0xBDB4, 0xB594, 0xAD32, 0xA4F1, 0xBDB4, 0xBD94, 0xB573, 0xB573,
    0xBDB4, 0xBDB4, 0xBDB4, 0xBDB4, 0xBDB4, 0xBDB4, 0xBDB4, 0xBDB4, 0xBDB4, 0xBDB4, 0xBDB4, 0xBDD5,
    0xBDD5, 0xBDD5, 0xBDD4, 0xBDB4, 0xBDB4, 0xBDB4, 0xBDB4, 0xBDB4, 0xBDB4, 0xBDB4, 0xBDB4, 0xBDB4,
    0xBDD4, 0xB594, 0xAD32, 0xAD12, 0xB553, 0xB573, 0xB593, 0xB593, 0xBD93, 0xBD94, 0xBDB4, 0xBDB4,
    0xBDD4, 0xBDD4, 0xBDB4, 0xBDB4, 0xBDB4, 0xBDB4, 0xBDB4, 0xBDB4, 0xBDB4, 0xBDD4, 0xBDD4, 0xBDD4,
    0xBDD4, 0xBDD4, 0xBDB4, 0xBDB4, 0xBDB4, 0xBDB4, 0xB593, 0xB573, 0xBD94, 0xB573, 0xAD32, 0xA4F1,
    0xA511, 0xAD32, 0xB573, 0xBD94, 0xBD93, 0xBD93, 0xBDB4, 0xBDD4, 0xBDD4, 0xBDD4, 0xBDD4, 0xBDD4,
    0xBDD4, 0xBDD4, 0xBDB4, 0xBDB4, 0xBDB4, 0xBDB4, 0xBDB4, 0xBDB4, 0xBDD4, 0xBDB4, 0xBDB4, 0xBDB4,
    0xBDB4, 0xBDD4, 0xBDB4, 0xBDB4, 0xBDB4, 0xB573, 0xA4F1, 0xA4D1, 0xAD32, 0xB573, 0xBD94, 0xBDB4,
    0xBD94, 0xBD93, 0xBD94, 0xBD94, 0xBD94, 0xBDB4, 0xBDB4, 0xBDB4, 0xBDB4, 0xBDB4, 0xB593, 0xB593,
    0xBDB4, 0xBDD4, 0xBDD4, 0xBDB4, 0xBDB4, 0xBDB4, 0xBD94, 0xBD94, 0xBDB4, 0xBDB4, 0xBD94, 0xBD94,
    0xBDB4, 0xB594, 0xAD32, 0xA4F1, 0xBDB4, 0xBD94, 0xB593, 0xBD93, 0xBDB4, 0xBDB4, 0xBDB4, 0xBDB4,
    0xBDB4, 0xBDB4, 0xBDB4, 0xBDB4, 0xBDB4, 0xBDB4, 0xBDB4, 0xBDD4, 0xBDD5, 0xBDD5, 0xBDD5, 0xBDD5,
    0xBDB4, 0xBDB4, 0xBDD4, 0xBDB4, 0xBDB4, 0xBDB4, 0xBDB4, 0xBDB4, 0xBDB4, 0xB594, 0xAD32, 0xAD12,
    0xAD53, 0xB573, 0xB593, 0xB593, 0xB593, 0xBD93, 0xBDB4, 0xBDB4, 0xBDD5, 0xC5D5, 0xBDD5, 0xBDD4,
    0xBDD4, 0xBDB4, 0xBDB4, 0xBDB4, 0xBDB4, 0xBDB4, 0xBDB4, 0xBDB4, 0xBDD4, 0xBDD4, 0xBDD4, 0xBDB4,
    0xBDD4, 0xBDB4, 0xBDB4, 0xBDB4, 0xBD94, 0xB553, 0xA4F1, 0xA4D1, 0xA511, 0xAD52, 0xB593, 0xBDB4,
    0xBD93, 0xBD94, 0xBDB4, 0xBDB4, 0xBDB4, 0xBDB4, 0xBDD4, 0xBDD4, 0xBDD4, 0xBDD4, 0xBDD4, 0xBDB4,
    0xBDB4, 0xBDB4, 0xBDD5, 0xBDD5, 0xBDB4, 0xBDB4, 0xBDB4, 0xBDD4, 0xBDD5, 0xBDD4, 0xBDB4, 0xBDB4,
    0xBDB4, 0xB573, 0xA4F1, 0xA4F1, 0xAD32, 0xB573, 0xBD93, 0xBD94, 0xBD94, 0xBDB4, 0xBDB4, 0xBDB4,
    0xBD94, 0xBD94, 0xBDB4, 0xBDD4, 0xBDD4, 0xBDB4, 0xB593, 0xB573, 0xBD94, 0xBDB4, 0xBDB4, 0xBDB4,
    0xBDB4, 0xBDB4, 0xBDB4, 0xBDB4, 0xBDB4, 0xBDB4, 0xBDB4, 0xBDB4, 0xBDB4, 0xB573, 0xA512, 0xA4D1,
    0xBDB4, 0xBDB4, 0xBD94, 0xBDB4, 0xBDB4, 0xBDB4, 0xBDD4, 0xBDD4, 0xBDD5, 0xBDD4, 0xBDB4, 0xBDB4,
    0xBDB4, 0xBDB4, 0xBDB4, 0xBDB4, 0xBDD4, 0xBDD5, 0xBDD5, 0xBDD5, 0xBDD4, 0xBDD4, 0xBDB4, 0xBDB4,
    0xBDB4, 0xBDB4, 0xBDB4, 0xBDB4, 0xBDB4, 0xB594, 0xAD32, 0xAD12, 0xAD53, 0xB573, 0xB593, 0xB593,
    0xB573, 0xB593, 0xBDB4, 0xBDB4, 0xC5D5, 0xC5F5, 0xC5F5, 0xC5D5, 0xBDD4, 0xBDB4, 0xBDB4, 0xBDB4,
    0xBDB4, 0xBDB4, 0xBDB4, 0xBDB4, 0xBDD4, 0xBDD4, 0xBDD4, 0xBDD4, 0xBDB4, 0xBDB4, 0xBDB4, 0xBDB4,
    0xBD94, 0xB553, 0xA4D1, 0x9CD1, 0xAD12, 0xB553, 0xB593, 0xBDB4, 0xBD94, 0xBDB4, 0xBDB4, 0xBDB4,
    0xBDB4, 0xBDB4, 0xBDD4, 0xBDD4, 0xBDB4, 0xBDB4, 0xBDD4, 0xBDB4, 0xBDB4, 0xBDB4, 0xBDD5, 0xBDD4,
    0xBDB4, 0xBDB4, 0xBDD5, 0xC5D5, 0xC5D5, 0xBDD5, 0xBDB4, 0xBDB4, 0xBDB4, 0xB573, 0xA4F1, 0xA4D1,
    0xAD32, 0xB573, 0xBD93, 0xBD94, 0xBDB4, 0xBDB4, 0xBDD4, 0xBDB4, 0xBD94, 0xBD93, 0xBDB4, 0xBDD4,
    0xC5D5, 0xBDB4, 0xBD94, 0xBD93, 0xBD94, 0xBDB4, 0xBDB4, 0xBDB4, 0xBDB4, 0xBDB4, 0xBDB4, 0xBDB4,
    0xBDB4, 0xBDB4, 0xBDB4, 0xBDB4, 0xBDB4, 0xB573, 0xA511, 0xA4D1, 0xBDB4, 0xBDB4, 0xBDB4, 0xBDB4,
    0xBDB4, 0xBDB4, 0xBDB4, 0xBDD4, 0xBDD5, 0xBDD5, 0xBDD4, 0xBDD4, 0xBDB4, 0xBDB4, 0xBDB4, 0xBDB4,
    0xBDB4, 0xBDB4, 0xBDB4, 0xBDB4, 0xBDD5, 0xBDD5, 0xBDB4, 0xBDB4, 0xBDB4, 0xBDB4, 0xBDD4, 0xBDD4,
    0xBDD4, 0xB593, 0xAD12, 0xA512, 0xAD53, 0xB573, 0xB593, 0xB593, 0xB573, 0xB573, 0xBDB4, 0xBDD4,
    0xC5D5, 0xC5F5, 0xC5F5, 0xC5F5, 0xBDD5, 0xBDD4, 0xBDB4, 0xBDB4, 0xBDB4, 0xBDB4, 0xBDB4, 0xBDD4,
    0xBDD4, 0xBDD4, 0xBDD4, 0xBDB4, 0xBDB4, 0xBDB4, 0xBD94, 0xBD94, 0xBDB4, 0xB573, 0xA4D1, 0xA4D1,
    0xAD32, 0xB573, 0xBD93, 0xBDB4, 0xBDB4, 0xBDB4, 0xBDD5, 0xBDD5, 0xBDD4, 0xBDD4, 0xBDD4, 0xBDD4,
    0xBDB4, 0xBDB4, 0xBDB4, 0xBDB4, 0xBDB4, 0xBDB4, 0xBDB4, 0xBDB4, 0xBDB4, 0xBDD4, 0xBDD5, 0xBDD5,
    0xC5D5, 0xC5D5, 0xC5D5, 0xBDD4, 0xBDB4, 0xB573, 0xA4F1, 0xA4D1, 0xAD32, 0xB573, 0xBD93, 0xBDB4,
    0xBDB4, 0xBDD4, 0xBDD4, 0xBDB4, 0xBD93, 0xBD93, 0xBDD4, 0xBDD5, 0xBDD5, 0xBDD4, 0xBDD4, 0xBDB4,
    0xBDB4, 0xBDB4, 0xBD94, 0xBD94, 0xBDB4, 0xBDB4, 0xBD94, 0xBD94, 0xBD94, 0xBDB4, 0xBDB4, 0xBDB4,
    0xBDB4, 0xB573, 0xAD12, 0xA4F1, 0xBDB4, 0xBDB4, 0xBDD4, 0xBDD4, 0xBDD4, 0xBDD4, 0xBDD4, 0xBDD5,
    0xC5D5, 0xBDD5, 0xBDD4, 0xBDB4, 0xBDB4, 0xBDD4, 0xBDD4, 0xBDD4, 0xBDD4, 0xBDB4, 0xBDB4, 0xBDB4,
    0xBDD5, 0xBDD5, 0xBDB4, 0xBDB4, 0xBDB4, 0xBDB4, 0xBDD4, 0xBDD4, 0xBDD4, 0xB593, 0xAD12, 0xA511,
    0xAD53, 0xB573, 0xBD93, 0xBD93, 0xB573, 0xB593, 0xBDB4, 0xBDB4, 0xBDD4, 0xC5D5, 0xC5F5, 0xC5F5,
    0xC5D5, 0xBDD4, 0xBDD4, 0xBDB4, 0xBDB4, 0xBDB4, 0xBDB4, 0xBDB4, 0xBDB4, 0xBDB4, 0xBDD4, 0xBDD4,
    0xBDB4, 0xBDB4, 0xBD94, 0xBD94, 0xBDB4, 0xB573, 0xA4F1, 0xA4F1, 0xAD52, 0xB593, 0xBD94, 0xBDB4,
    0xBDB4, 0xBDD4, 0xC5D5, 0xC5D5, 0xBDD4, 0xBDD4, 0xBDD4, 0xBDD4, 0xBDD4, 0xBDB4, 0xBDB4, 0xBDD4,
    0xBDD4, 0xBDB4, 0xBDB4, 0xBDB4, 0xBDB4, 0xBDD4, 0xBDD4, 0xBDD5, 0xC5D5, 0xC5F5, 0xC5F5, 0xBDD5,
    0xBDB4, 0xB573, 0xA4F1, 0xA4F1, 0xAD52, 0xB593, 0xBDB4, 0xBDB4, 0xBDB4, 0xBDD4, 0xBDD4, 0xBDB4,
    0xBD94, 0xBDB4, 0xBDD4, 0xBDD5, 0xBDB4, 0xBDB4, 0xBDD4, 0xBDD4, 0xBDD4, 0xBDB4, 0xBDB4, 0xBD94,
    0xBDB4, 0xBDB4, 0xBD94, 0xBD93, 0xB593, 0xBD93, 0xBD94, 0xBDB4, 0xBDB4, 0xB573, 0xAD12, 0xA4F1,
    0xBDB4, 0xBDB4, 0xBDD4, 0xBDD4, 0xBDD4, 0xBDD4, 0xC5D5, 0xC5D5, 0xC5D5, 0xBDD4, 0xBDB4, 0xBDB4,
    0xBDD4, 0xBDD5, 0xBDD4, 0xBDD4, 0xBDD4, 0xBDD4, 0xBDD4, 0xBDD5, 0xBDD5, 0xBDD5, 0xBDB4, 0xBDB4,
    0xBDB4, 0xBDB4, 0xBDB4, 0xBDD4, 0xBDD4, 0xB594, 0xAD32, 0xA512, 0xAD53, 0xB593, 0xBDB4, 0xBDB4,
    0xBDB4, 0xBDB4, 0xBDB4, 0xBDB4, 0xBDD4, 0xBDD4, 0xC5D5, 0xC5D5, 0xBDD5, 0xBDD5, 0xBDD4, 0xBDD4,
    0xBDB4, 0xBDB4, 0xBDB4, 0xBDB4, 0xBDB4, 0xBDB4, 0xBDB4, 0xBDD4, 0xBDD4, 0xBDD4, 0xBDB4, 0xBDB4,
    0xBDB4, 0xB573, 0xAD12, 0xA512, 0xB553, 0xB593, 0xBDB4, 0xBDB4, 0xBDD4, 0xBDD4, 0xBDD5, 0xBDD5,
    0xBDD4, 0xBDD4, 0xBDD5, 0xBDD5, 0xBDD5, 0xBDD4, 0xBDD4, 0xBDD4, 0xBDB4, 0xBDB4, 0xBDD4, 0xBDD4,
    0xBDD4, 0xBDD4, 0xBDD4, 0xBDD4, 0xBDD5, 0xC5D5, 0xC5D5, 0xC5D5, 0xBDD5, 0xB594, 0xA512, 0xA4F1,
    0xAD52, 0xB593, 0xBDB4, 0xBDB4, 0xBDB4, 0xBDB4, 0xBDB4, 0xBDB4, 0xBDB4, 0xBDB4, 0xBDD5, 0xBDD4,
    0xBDB4, 0xBD94, 0xBDB4, 0xBDB4, 0xBDB4, 0xBDB4, 0xBDD4, 0xBDB4, 0xBD94, 0xBD94, 0xBD94, 0xBD93,
    0xB573, 0xB573, 0xBDB4, 0xBDD4, 0xBDB4, 0xB573, 0xA512, 0xA4D1, 0xBDB4, 0xBDB4, 0xBDD4, 0xBDD4,
    0xBDD4, 0xBDD4, 0xC5D5, 0xC5F5, 0xC5D5, 0xBDD4, 0xBD94, 0xBD94, 0xBDD5, 0xC5D5, 0xBDD4, 0xBDD4,
    0xBDD4, 0xBDD5, 0xBDD5, 0xBDD5, 0xBDD5, 0xBDD4, 0xBDD4, 0xBDB4, 0xBDB4, 0xBDB4, 0xBDB4, 0xBDB4,
    0xBDB4, 0xB593, 0xAD12, 0xA512, 0xAD53, 0xB594, 0xBDB4, 0xBDB4, 0xBDB4, 0xBDB4, 0xBDB4, 0xBDB4,
    0xBDB4, 0xBDD4, 0xBDD4, 0xBDD4, 0xBDD4, 0xBDD5, 0xBDD4, 0xBDD4, 0xBDB4, 0xBDB4, 0xBDB4, 0xBDB4,
    0xBDB4, 0xBDB4, 0xBDB4, 0xBDB4, 0xBDD4, 0xBDD4, 0xBDB4, 0xBDB4, 0xBDB4, 0xB573, 0xAD32, 0xAD12,
    0xB553, 0xB593, 0xBDB4, 0xBDD4, 0xBDD4, 0xBDD4, 0xBDD5, 0xBDD5, 0xBDD4, 0xBDB4, 0xBDD4, 0xBDD5,
    0xBDD5, 0xBDD5, 0xBDD5, 0xBDD4, 0xBDD4, 0xBDD4, 0xBDD4, 0xBDD4, 0xBDD4, 0xBDB4, 0xBDD4, 0xBDD4,
    0xBDD5, 0xBDD5, 0xBDD5, 0xBDD5, 0xC5D5, 0xB594, 0xA512, 0xA4F1, 0xAD52, 0xB593, 0xBDB4, 0xBDB4,
    0xBDB4, 0xBDB4, 0xBDB4, 0xBDB4, 0xBDB4, 0xBDD4, 0xBDD4, 0xBDB4, 0xBD94, 0xBD93, 0xBD94, 0xBDB4,
    0xBDB4, 0xBDB4, 0xBDD4, 0xBDD4, 0xBD94, 0xB593, 0xBD94, 0xBD94, 0xB573, 0xB593, 0xBDB4, 0xBDD4,
    0xBDB4, 0xB573, 0xA512, 0x9CD1, 0xBD94, 0xBDB4, 0xBDD4, 0xBDD4, 0xBDD4, 0xBDD4, 0xBDD5, 0xC5D5,
    0xC5D5, 0xBDD5, 0xBDB4, 0xBDB4, 0xBDD5, 0xBDD5, 0xBDB4, 0xBDB4, 0xBDD4, 0xBDD5, 0xC5F5, 0xC5F5,
    0xBDD5, 0xBDD4, 0xBDB4, 0xBDB4, 0xBDB4, 0xBDB4, 0xBDB4, 0xBDB4, 0xBDB4, 0xB573, 0xA512, 0xA511,
    0xB553, 0xB594, 0xBDB4, 0xBDB4, 0xBDB4, 0xBDB4, 0xBDB4, 0xBDB4, 0xBDB4, 0xBDB4, 0xBDB4, 0xBDB4,
    0xBDD4, 0xBDD4, 0xBDD4, 0xBDB4, 0xBDB4, 0xBD94, 0xBD94, 0xBDB4, 0xBDB4, 0xBDB4, 0xBDB4, 0xBDB4,
    0xBDB4, 0xBDB4, 0xBD94, 0xBD94, 0xBDB4, 0xB573, 0xA512, 0xA511, 0xB553, 0xBD94, 0xBDB4, 0xBDB4,
    0xBDD4, 0xBDD4, 0xC5D5, 0xBDD5, 0xBDB4, 0xBDB4, 0xBDB4, 0xBDB4, 0xBDD4, 0xBDD5, 0xBDD5, 0xBDD5,
    0xBDD4, 0xBDD4, 0xBDB4, 0xBDB4, 0xBDB4, 0xBDD4, 0xBDD4, 0xC5D5, 0xC5D5, 0xBDD5, 0xBDD4, 0xBDB4,
    0xBDB4, 0xB573, 0xA4F1, 0xA4D1, 0xAD32, 0xB553, 0xB593, 0xBD94, 0xBDB4, 0xBDB4, 0xBDB4, 0xBDB4,
    0xBDB4, 0xBDB4, 0xBDB4, 0xBDB4, 0xBD93, 0xB593, 0xBDB4, 0xBDB4, 0xBDB4, 0xBDB4, 0xBDD4, 0xBDB4,
    0xB593, 0xB573, 0xBD94, 0xBDB4, 0xBDB4, 0xBDD4, 0xBDD4, 0xBDB4, 0xBDB4, 0xB573, 0xA511, 0x9CD1,
    0xB573, 0xB573, 0xB593, 0xB593, 0xB573, 0xB573, 0xB573, 0xB593, 0xBD94, 0xBD94, 0xB594, 0xB594,
    0xB594, 0xB594, 0xB593, 0xB593, 0xB594, 0xBD94, 0xBDB4, 0xBD94, 0xB594, 0xB593, 0xB593, 0xB573,
    0xB573, 0xB573, 0xB593, 0xB593, 0xB573, 0xAD32, 0xA4F1, 0xA4F1, 0xAD32, 0xB553, 0xB573, 0xB573,
    0xB573, 0xB573, 0xB553, 0xB553, 0xB552, 0xB552, 0xB552, 0xB553, 0xB573, 0xB573, 0xB573, 0xB573,
    0xB573, 0xB573, 0xB553, 0xB573, 0xB573, 0xB573, 0xB573, 0xB573, 0xB573, 0xB573, 0xB553, 0xB553,
    0xB573, 0xAD52, 0xA4F1, 0xA4F1, 0xAD52, 0xB573, 0xB573, 0xB573, 0xB573, 0xB593, 0xBD94, 0xBD94,
    0xB593, 0xB573, 0xB573, 0xB573, 0xB573, 0xB593, 0xB594, 0xBD94, 0xBD94, 0xB593, 0xB573, 0xB573,
    0xB593, 0xB593, 0xBD94, 0xBDB4, 0xBDB4, 0xBD94, 0xB593, 0xB573, 0xB573, 0xAD52, 0xA4F1, 0x9CD1,
    0xA511, 0xAD32, 0xAD32, 0xB552, 0xB573, 0xB573, 0xB573, 0xB573, 0xB573, 0xB573, 0xB573, 0xB573,
    0xB552, 0xB552, 0xB573, 0xB573, 0xB573, 0xB573, 0xB573, 0xB573, 0xAD52, 0xAD52, 0xB573, 0xB573,
    0xB594, 0xB594, 0xB593, 0xB573, 0xB573, 0xAD32, 0xA4F1, 0x9CD0, 0xAD12, 0xA511, 0xA4F1, 0xA4D1,
    0x9CD0, 0x9CD0, 0x9CD1, 0xA4F1, 0xA511, 0xAD32, 0xAD52, 0xAD32, 0xAD12, 0xA511, 0xAD32, 0xAD32,
    0xAD32, 0xAD32, 0xA512, 0xA512, 0xA512, 0xA511, 0xA511, 0xA511, 0xA4F1, 0xA4F1, 0xA511, 0xA511,
    0xA511, 0xA4F1, 0xA4D1, 0x9CD1, 0xA4D1, 0xA4D1, 0x9CD0, 0x9CD0, 0xA4D1, 0xA4D1, 0x9CD0, 0x9CD0,
    0x9CB0, 0x9CB0, 0x9CB0, 0x9CB0, 0x9CB0, 0x9CD0, 0xA4F1, 0xAD12, 0xA4F1, 0xA4F1, 0xA4F1, 0xA4F1,
    0xA4F1, 0xA4F1, 0xA4F1, 0xA511, 0xA512, 0xA511, 0xA4F1, 0xA4F1, 0xA4F1, 0xA4F1, 0x9CD1, 0xA4D1,
    0xA511, 0xA511, 0xA4F1, 0xA4F1, 0xA4F1, 0xA511, 0xAD12, 0xAD32, 0xAD12, 0xAD11, 0xA511, 0xA511,
    0xA4F1, 0xA511, 0xAD32, 0xAD32, 0xAD32, 0xAD11, 0xA511, 0xA511, 0xAD11, 0xAD12, 0xAD32, 0xAD32,
    0xAD32, 0xAD32, 0xAD11, 0xA511, 0xA511, 0xA4F1, 0xA4F1, 0xA4F1, 0xA4F1, 0xA4D1, 0x9CD0, 0x9CD0,
    0xA4F1, 0xA4F1, 0xA4F1, 0xA4F1, 0xA4F1, 0xA511, 0xA511, 0xA4F1, 0xA4F1, 0xA4F1, 0xA4D0, 0x9CD0,
    0xA4D0, 0xA4D1, 0xA4F1, 0xA4F1, 0xA4F1, 0xA4F1, 0xA4F1, 0xA511, 0xA4F1, 0xA4F1, 0xA4F1, 0xA511,
    0xA511, 0xA4F1, 0x9CB0, 0x9C90, 0xAD12, 0xA511, 0xA4F1, 0xA4F1, 0xA4F1, 0xA4F1, 0xA511, 0xA512,
    0xA512, 0xAD32, 0xAD52, 0xAD52, 0xAD12, 0xA511, 0xAD12, 0xAD32, 0xAD32, 0xAD12, 0xA512, 0xA511,
    0xA511, 0xA512, 0xAD32, 0xAD32, 0xAD12, 0xAD12, 0xAD12, 0xAD12, 0xAD12, 0xA511, 0xA4F1, 0x9CD1,
    0x9CD1, 0x9CD1, 0x9CD0, 0x9CD0, 0xA4F1, 0xA4F1, 0xA4F1, 0xA4D0, 0x9CD0, 0x9CB0, 0x9CB0, 0x9CB0,
    0x9CB0, 0x9CD0, 0xA4F1, 0xA511, 0xA4F1, 0xA4F1, 0xA4F1, 0xA4F1, 0xA4D1, 0xA4F1, 0xA4F1, 0xA512,
    0xA511, 0xA511, 0xA4F1, 0xA4F1, 0xA4F1, 0xA4F1, 0xA4D1, 0xA4F1, 0xA511, 0xA511, 0xA4F1, 0xA4F1,
    0xA4F1, 0xA511, 0xAD12, 0xAD12, 0xAD12, 0xA511, 0xA511, 0xA4F1, 0xA4F1, 0xA4F1, 0xAD12, 0xAD32,
    0xAD32, 0xAD12, 0xA511, 0xA511, 0xAD12, 0xAD12, 0xAD32, 0xAD32, 0xAD32, 0xAD32, 0xAD32, 0xA511,
    0xA511, 0xA511, 0xA4F1, 0xA4F1, 0xA4F1, 0xA4F1, 0xA4D0, 0x9CD0, 0xA4D1, 0xA4F1, 0xA4F1, 0xA4F1,
    0xA4F1, 0xA511, 0xA511, 0xA511, 0xA511, 0xA4F1, 0x9CD0, 0x9CD0, 0xA4D0, 0xA4F1, 0xA4F1, 0xA4F1,
    0xA511, 0xA511, 0xA4F1, 0xA4F1, 0xA4F1, 0xA4F1, 0xA511, 0xA511, 0xAD12, 0xA511, 0x9CD0, 0x9CB0,
    0xB573, 0xB573, 0xB594, 0xBDB4, 0xBDB4, 0xBDD5, 0xC616, 0xC5F5, 0xBDB4, 0xBD94, 0xBDB4, 0xBDB4,
    0xBD94, 0xB593, 0xB573, 0xB573, 0xB593, 0xB593, 0xB573, 0xB573, 0xB594, 0xBD94, 0xBDD4, 0xBDD5,
    0xC5D5, 0xBDD5, 0xBDB4, 0xBDB4, 0xBDB4, 0xB573, 0xA512, 0xA4F1, 0xAD32, 0xAD52, 0xAD53, 0xB573,
    0xB573, 0xB593, 0xB593, 0xB593, 0xB573, 0xB573, 0xB573, 0xB553, 0xB553, 0xB553, 0xB573, 0xB573,
    0xB553, 0xB552, 0xB573, 0xB553, 0xAD52, 0xAD52, 0xB573, 0xB573, 0xB573, 0xB553, 0xAD52, 0xAD52,
    0xB553, 0xAD52, 0xA511, 0xA4F1, 0xAD32, 0xAD53, 0xB573, 0xB573, 0xB573, 0xB573, 0xB593, 0xB593,
    0xB573, 0xB573, 0xB552, 0xAD52, 0xAD52, 0xB553, 0xB573, 0xB594, 0xBD94, 0xB594, 0xB573, 0xB573,
    0xB594, 0xB594, 0xB593, 0xB594, 0xBDB4, 0xBDD4, 0xBDB4, 0xBDB4, 0xB593, 0xAD53, 0xA511, 0xA4F1,
    0xAD12, 0xAD32, 0xB553, 0xB553, 0xAD32, 0xAD52, 0xB573, 0xB593, 0xB573, 0xB573, 0xBD93, 0xBD94,
    0xB593, 0xB573, 0xB553, 0xB552, 0xB573, 0xB573, 0xB593, 0xB593, 0xB593, 0xB573, 0xB553, 0xB553,
    0xB573, 0xB594, 0xBD94, 0xBD94, 0xBD94, 0xB573, 0xAD32, 0xA4F1, 0xB594, 0xBDB4, 0xBDD5, 0xC5F5,
    0xC616, 0xCE36, 0xCE57, 0xCE57, 0xC5F5, 0xBDD4, 0xBDD4, 0xBDD4, 0xC5D5, 0xBDD4, 0xBDB4, 0xBDB4,
    0xBDB4, 0xBDD4, 0xBDD4, 0xBDD4, 0xBDD5, 0xC5D5, 0xC5F5, 0xC616, 0xCE36, 0xC616, 0xC5F6, 0xC5F5,
    0xC5F5, 0xBDB4, 0xAD12, 0xA4F1, 0xAD53, 0xB594, 0xBD94, 0xBDB4, 0xBDB4, 0xBDD4, 0xBDD4, 0xBDD4,
    0xBDB4, 0xBDB4, 0xBDB4, 0xBDB4, 0xBDB4, 0xBDB4, 0xBDB4, 0xBD94, 0xB593, 0xB593, 0xBD94, 0xBD94,
    0xB573, 0xB593, 0xBDB4, 0xBDB4, 0xBDB4, 0xBD94, 0xB593, 0xB593, 0xB594, 0xB573, 0xA512, 0xA511,
    0xAD52, 0xB573, 0xB594, 0xBDB4, 0xBDB4, 0xBDB4, 0xBDB4, 0xBDB4, 0xBDB4, 0xBD94, 0xB593, 0xB593,
    0xBD94, 0xBDB4, 0xBDB4, 0xBDD4, 0xBDD5, 0xBDD4, 0xBDB4, 0xBDB4, 0xBDB4, 0xBDB4, 0xBDB4, 0xBDD4,
    0xC5F5, 0xC5F5, 0xC5F5, 0xC5F5, 0xBDD4, 0xB593, 0xA512, 0xA4F1, 0xAD32, 0xB573, 0xB593, 0xBD94,
    0xB593, 0xB593, 0xBDB4, 0xBDD4, 0xBDB4, 0xBDB4, 0xBDD4, 0xBDD4, 0xBDD4, 0xBDB4, 0xBDB4, 0xBDB4,
    0xBDB4, 0xBDB4, 0xBDD4, 0xBDD5, 0xBDD4, 0xBDB4, 0xBD94, 0xBD94, 0xBDB4, 0xBDD4, 0xBDD5, 0xBDD5,
    0xBDD4, 0xBD94, 0xAD52, 0xAD12, 0xBDB4, 0xBDB4, 0xBDB4, 0xBDB4, 0xBDD5, 0xC5F5, 0xC5F5, 0xC5F5,
    0xC5F5, 0xBDD4, 0xBDB4, 0xBDB4, 0xBDD4, 0xBDD4, 0xBDD4, 0xBDD4, 0xC5D4, 0xC5D5, 0xC5D5, 0xC5D5,
    0xBDD5, 0xBDD5, 0xC5D5, 0xC5F5, 0xC5F5, 0xC5F5, 0xBDD5, 0xBDD5, 0xBDB4, 0xB573, 0xA511, 0xA4F1,
    0xB553, 0xBD94, 0xBDB4, 0xBDB4, 0xBDB4, 0xBD94, 0xBD94, 0xBD94, 0xBDB4, 0xBDB4, 0xBDB4, 0xBDB4,
    0xBDB4, 0xBDB4, 0xBD94, 0xBD94, 0xBDB4, 0xBDB4, 0xBDB4, 0xBD94, 0xB573, 0xB573, 0xBD94, 0xBDB4,
    0xBDB4, 0xBDB4, 0xBDB4, 0xBDB4, 0xBD94, 0xB573, 0xA512, 0xA4F1, 0xAD32, 0xB573, 0xB593, 0xB593,
    0xBD94, 0xBDB4, 0xBDB4, 0xBDB4, 0xBDD4, 0xBDB4, 0xBDB4, 0xBDB4, 0xBDD4, 0xBDD5, 0xBDD5, 0xBDD5,
    0xBDD4, 0xBDD4, 0xBDB4, 0xBDB4, 0xBDB4, 0xBDB4, 0xBDD4, 0xBDD5, 0xBDD5, 0xC5D5, 0xC5D5, 0xC5D5,
    0xBDD4, 0xB593, 0xAD12, 0xA4F1, 0xAD32, 0xAD52, 0xB573, 0xBD93, 0xBDB4, 0xBDB4, 0xBDB4, 0xBDB4,
    0xBDB4, 0xBDB4, 0xBDB4, 0xBDB4, 0xBDB4, 0xBDB4, 0xBDB4, 0xBDB4, 0xBDB4, 0xBDB4, 0xBDD4, 0xBDD4,
    0xBDB4, 0xBDB4, 0xBD94, 0xBD94, 0xBD94, 0xBDB4, 0xBDB4, 0xBDB4, 0xBDB4, 0xB593, 0xAD32, 0xA512,
    0xBDB4, 0xBDB4, 0xBDB4, 0xBDB4, 0xBDB4, 0xBDD4, 0xBDD4, 0xBDD4, 0xC5D4, 0xBDD4, 0xBDB4, 0xBDB4,
    0xC5D5, 0xC5F5, 0xC5D5, 0xC5D5, 0xC5D5, 0xC5D5, 0xC5D5, 0xC5D5, 0xBDD4, 0xBDD4, 0xBDD5, 0xBDD5,
    0xBDD5, 0xBDD5, 0xBDD5, 0xBDB4, 0xBDB4, 0xB573, 0xA4F1, 0xA4F1, 0xB573, 0xBD94, 0xBDB4, 0xBDB4,
    0xBD94, 0xBD94, 0xBD94, 0xBD94, 0xBDB4, 0xBDB4, 0xBDB4, 0xBDD4, 0xBDB4, 0xBDB4, 0xBD94, 0xBD94,
    0xBDB4, 0xBDB4, 0xBDB4, 0xBDB4, 0xB593, 0xB593, 0xBD94, 0xBDB4, 0xBDB4, 0xBDB4, 0xBDB4, 0xBDB4,
    0xBDB4, 0xB573, 0xA512, 0xA4F1, 0xAD32, 0xB573, 0xB593, 0xBD94, 0xBD94, 0xBDB4, 0xBDB4, 0xBDB4,
    0xBDD4, 0xBDD4, 0xBDB4, 0xBDB4, 0xBDD4, 0xBDD5, 0xBDD5, 0xBDD5, 0xBDD4, 0xBDD4, 0xBDD4, 0xBDB4,
    0xBDB4, 0xBDB4, 0xBDD4, 0xBDD5, 0xBDD4, 0xBDD4, 0xBDD4, 0xBDD4, 0xBDD4, 0xBD93, 0xAD12, 0xA4F1,
    0xAD32, 0xAD52, 0xB573, 0xBD93, 0xBDB4, 0xBDB4, 0xBDB4, 0xBDB4, 0xBDD4, 0xBDB4, 0xBDB4, 0xBDB4,
    0xBDB4, 0xBDB4, 0xBDB4, 0xBDB4, 0xBDB4, 0xBDB4, 0xBDB4, 0xBDB4, 0xBD94, 0xBD94, 0xBDB4, 0xBDB4,
    0xBD94, 0xBD94, 0xBDB4, 0xBDB4, 0xBDB4, 0xB573, 0xAD32, 0xA511, 0xBDD4, 0xBDB4, 0xBDB4, 0xBDB4,
    0xBDB4, 0xBDD4, 0xBDD4, 0xBDD4, 0xC5D5, 0xC5D5, 0xBDD4, 0xBDD4, 0xC5F5, 0xC5F5, 0xC5D5, 0xC5D5,
    0xC5F5, 0xC5F5, 0xBDD5, 0xBDD4, 0xBDB4, 0xBDD4, 0xBDD5, 0xBDD5, 0xBDD5, 0xBDD5, 0xBDD5, 0xBDD4,
    0xBDB4, 0xB573, 0xA4F1, 0xA4F1, 0xAD53, 0xBD94, 0xBDB4, 0xBDB4, 0xBDB4, 0xBDB4, 0xBDB4, 0xBDD4,
    0xBDB4, 0xBDB4, 0xBDB4, 0xBDB4, 0xBDB4, 0xBDB4, 0xBDB4, 0xBDB4, 0xBDB4, 0xBDB4, 0xBDB4, 0xBDB4,
    0xBD94, 0xBD93, 0xBD94, 0xBDB4, 0xBDB4, 0xBDB4, 0xBDB4, 0xBDB4, 0xBDB4, 0xB573, 0xA512, 0xA4F1,
    0xAD32, 0xB573, 0xBD94, 0xBDB4, 0xBDB4, 0xBDB4, 0xBD94, 0xBDB4, 0xBDB4, 0xBDB4, 0xBDB4, 0xBDB4,
    0xBD94, 0xBDB4, 0xBDD5, 0xC5D5, 0xBDD4, 0xBDD4, 0xBDD4, 0xBDB4, 0xBDB4, 0xBDB4, 0xBDD4, 0xBDD4,
    0xBDB4, 0xBDB4, 0xBDB4, 0xBDB4, 0xBDD4, 0xB593, 0xA512, 0xA4F1, 0xAD32, 0xB553, 0xB573, 0xBD94,
    0xBD94, 0xBDB4, 0xBDB4, 0xBDB4, 0xBDD4, 0xBDD4, 0xBDB4, 0xBDB4, 0xBDB4, 0xBDB4, 0xBD94, 0xBD94,
    0xBDB4, 0xBDB4, 0xBDB4, 0xBD94, 0xBD93, 0xBD94, 0xBDB4, 0xBDB4, 0xBDB4, 0xBDB4, 0xBDB4, 0xBDB4,
    0xBDB4, 0xB593, 0xAD32, 0xA511, 0xBDB4, 0xBDB4, 0xBDB4, 0xBDB4, 0xBDD4, 0xBDD4, 0xBDD4, 0xBDD4,
    0xBDD4, 0xBDD4, 0xBDD4, 0xC5D5, 0xC5F5, 0xC5F5, 0xC5D5, 0xC5D5, 0xC5F5, 0xC5D5, 0xBDD5, 0xBDD4,
    0xBDD4, 0xBDD4, 0xBDD4, 0xBDD4, 0xBDD4, 0xBDD4, 0xBDD5, 0xBDD4, 0xBDD4, 0xB573, 0xA4F1, 0xA4F1,
    0xAD52, 0xB593, 0xBDB4, 0xBDB4, 0xBDB4, 0xBDB4, 0xBDD4, 0xBDD4, 0xBDD4, 0xBDD4, 0xBDB4, 0xBDB4,
    0xBDB4, 0xBDD4, 0xBDD4, 0xBDD4, 0xBDB4, 0xBDB4, 0xBDB4, 0xBDB4, 0xBDB4, 0xBDB4, 0xBDB4, 0xBDB4,
    0xBDB4, 0xBDB4, 0xBDB4, 0xBDB4, 0xBDB4, 0xB573, 0xAD12, 0xA511, 0xAD52, 0xB573, 0xBDB4, 0xBDB4,
    0xBDB4, 0xBDB4, 0xBD94, 0xBD94, 0xBDB4, 0xBDB4, 0xBDB4, 0xBDB4, 0xBD94, 0xBDB4, 0xBDD5, 0xC5D5,
    0xBDD5, 0xBDD4, 0xBDD4, 0xBDB4, 0xBDB4, 0xBDB4, 0xBDD4, 0xBDD4, 0xBDB4, 0xBDB4, 0xBDB4, 0xBDB4,
    0xBDD4, 0xB594, 0xA512, 0xA4F1, 0xAD32, 0xB573, 0xB593, 0xBD94, 0xBD94, 0xBDB4, 0xBDB4, 0xBDB4,
    0xBDD4, 0xBDD4, 0xBDB4, 0xBDB4, 0xBDB4, 0xBDB4, 0xBD94, 0xBDB4, 0xBDB4, 0xBDD4, 0xBDB4, 0xBD94,
    0xBD93, 0xBD94, 0xBDB4, 0xBDD4, 0xBDB4, 0xBDB4, 0xBDB4, 0xBDB4, 0xBDB4, 0xB593, 0xAD32, 0xA511,
    0xB593, 0xBD94, 0xBDB4, 0xBDD4, 0xC5D5, 0xC5D4, 0xBDD4, 0xBDB4, 0xBDB4, 0xBDD4, 0xC5D5, 0xC5F5,
    0xC5D5, 0xC5D5, 0xC5D5, 0xC5D5, 0xC5D5, 0xC5D5, 0xC5D5, 0xC5D5, 0xC5D5, 0xBDD5, 0xBDB4, 0xBDB4,
    0xBDB4, 0xBDD4, 0xBDB4, 0xBDB4, 0xBDD4, 0xB593, 0xA4F1, 0xA4D1, 0xAD32, 0xB573, 0xBD94, 0xBDB4,
    0xBDB4, 0xBDB4, 0xBDB4, 0xBDB4, 0xBDD5, 0xBDD5, 0xBDD4, 0xBDD4, 0xBDB4, 0xBDB4, 0xBDD5, 0xBDD4,
    0xBDB4, 0xBDB4, 0xBDD4, 0xBDD5, 0xC5D5, 0xBDD4, 0xBDB4, 0xBDB4, 0xBDB4, 0xBDB4, 0xBDB4, 0xBDB4,
    0xBD94, 0xB573, 0xAD32, 0xAD12, 0xAD52, 0xB573, 0xBDB4, 0xBDD4, 0xBDB4, 0xBDB4, 0xBD94, 0xBD93,
    0xBD93, 0xBDB4, 0xBDB4, 0xBDB4, 0xBDB4, 0xBDB4, 0xBDD4, 0xBDD5, 0xBDD5, 0xBDD5, 0xBDD4, 0xBDD4,
    0xBDD4, 0xBDD4, 0xBDD4, 0xBDD4, 0xBDB4, 0xBDB4, 0xBDD4, 0xBDD5, 0xC5D5, 0xBD94, 0xA512, 0xA4F1,
    0xAD32, 0xB573, 0xB593, 0xBD94, 0xBDB4, 0xBDB4, 0xBDB4, 0xBDB4, 0xBDD4, 0xBDD4, 0xBDB4, 0xBDB4,
    0xBDB4, 0xBDB4, 0xBDB4, 0xBDB4, 0xBDD4, 0xBDD4, 0xBDB4, 0xBDB4, 0xBDB4, 0xBDB4, 0xBDD4, 0xBDD4,
    0xBDB4, 0xBDB4, 0xBDB4, 0xBDD4, 0xBDB4, 0xB593, 0xAD32, 0xA512, 0xB593, 0xBD94, 0xBDB4, 0xBDD4,
    0xC5D5, 0xC5D4, 0xBDD4, 0xBDB4, 0xBDB4, 0xBDD4, 0xC5F5, 0xC5F5, 0xC5D5, 0xBDD5, 0xC5D5, 0xC5D5,
    0xC5D5, 0xC5D5, 0xC5D5, 0xC5F5, 0xC5F5, 0xBDD5, 0xBDB4, 0xBDB4, 0xBDB4, 0xBDB4, 0xBDB4, 0xBDB4,
    0xBDD4, 0xB593, 0xA4F1, 0xA4F1, 0xAD52, 0xB593, 0xBD94, 0xBDB4, 0xBDB4, 0xBDB4, 0xBDB4, 0xBDB4,
    0xBDD5, 0xC5D5, 0xBDD5, 0xBDD4, 0xBDB4, 0xBDB4, 0xBDD5, 0xBDD5, 0xBDB4, 0xBDB4, 0xBDD4, 0xC5D5,
    0xC5D5, 0xBDD4, 0xBDB4, 0xBDB4, 0xBDB4, 0xBDB4, 0xBDB4, 0xBDB4, 0xBD94, 0xB573, 0xAD32, 0xAD12,
    0xAD32, 0xB573, 0xBDB4, 0xBDD4, 0xBDD4, 0xBDB4, 0xBD94, 0xBD93, 0xBD93, 0xBD94, 0xBDB4, 0xBDB4,
    0xBDB4, 0xBDB4, 0xBDB4, 0xBDD5, 0xC5D5, 0xC5D5, 0xC5D5, 0xBDD4, 0xBDD4, 0xBDD4, 0xBDD4, 0xBDD4,
    0xBDB4, 0xBDB4, 0xBDD4, 0xBDD5, 0xC5D5, 0xB594, 0xA511, 0xA4F1, 0xAD32, 0xB573, 0xB593, 0xBDB4,
    0xBDB4, 0xBDB4, 0xBDB4, 0xBDB4, 0xBDD4, 0xBDD4, 0xBDB4, 0xBDB4, 0xBDB4, 0xBDB4, 0xBDB4, 0xBDD4,
    0xBDD4, 0xBDD4, 0xBDB4, 0xBDB4, 0xBDB4, 0xBDD4, 0xBDD4, 0xBDD4, 0xBDB4, 0xBDB4, 0xBDD5, 0xC5D5,
    0xBDD4, 0xBD94, 0xAD32, 0xAD12, 0xBD94, 0xBDB4, 0xBDB4, 0xBDD4, 0xBDD4, 0xBDD4, 0xBDD4, 0xBDD4,
    0xBDD4, 0xC5D4, 0xC5D5, 0xC5D5, 0xBDD5, 0xBDD5, 0xC5D5, 0xC5F5, 0xC5F5, 0xC5D5, 0xC5D5, 0xC5D5,
    0xC5D5, 0xBDD5, 0xBDB4, 0xBDB4, 0xBDB4, 0xBDB4, 0xBDB4, 0xBDB4, 0xBDB4, 0xB573, 0xA4F1, 0xA4F1,
    0xB573, 0xBDB4, 0xBDB4, 0xBDB4, 0xBDD4, 0xBDD4, 0xBDD4, 0xBDD4, 0xBDD4, 0xBDD5, 0xBDD4, 0xBDD4,
    0xBDD4, 0xBDD4, 0xBDD5, 0xBDD4, 0xBDB4, 0xBDB4, 0xBDD4, 0xBDD4, 0xBDB4, 0xBDB4, 0xBDB4, 0xBDD4,
    0xBDD4, 0xBDD4, 0xBDB4, 0xBDB4, 0xBDB4, 0xB573, 0xAD32, 0xA511, 0xA511, 0xAD32, 0xB593, 0xBDD4,
    0xBDD4, 0xBDB4, 0xBDB4, 0xBDB4, 0xBDB4, 0xBDB4, 0xBDD4, 0xBDD4, 0xBDB4, 0xBDB4, 0xBDB4, 0xBDD5,
    0xC5F5, 0xC5F5, 0xC5F5, 0xC5D5, 0xBDB4, 0xBDB4, 0xBDD4, 0xBDD4, 0xBDD4, 0xBDD4, 0xBDD4, 0xBDD4,
    0xBDD4, 0xB593, 0xA4F1, 0xA4D1, 0xAD32, 0xB573, 0xB593, 0xBDB4, 0xBDB4, 0xBDB4, 0xBDB4, 0xBDB4,
    0xBDD4, 0xBDD4, 0xBDB4, 0xBDB4, 0xBDD4, 0xBDD4, 0xBDB4, 0xBDB4, 0xBDD4, 0xBDD4, 0xBDD4, 0xBDD4,
    0xBDD4, 0xBDD4, 0xBDD4, 0xBDD4, 0xBDD4, 0xBDD4, 0xC5F5, 0xC5F5, 0xC5D5, 0xBDB4, 0xAD53, 0xAD32,
    0xBDB4, 0xBDB4, 0xBDB4, 0xBDB4, 0xBDD4, 0xBDD4, 0xBDD4, 0xBDD4, 0xC5D4, 0xC5D4, 0xBDD4, 0xBDD4,
    0xBDD4, 0xC5D5, 0xC5F5, 0xC5D5, 0xBDD4, 0xBDD4, 0xBDD5, 0xBDD5, 0xBDD5, 0xBDD4, 0xBDD4, 0xBDD4,
    0xBDB4, 0xBDB4, 0xBDB4, 0xBDB4, 0xBDB4, 0xB573, 0xA4F1, 0xA4F1, 0xB573, 0xBDB4, 0xBDB4, 0xBDB4,
    0xBDD5, 0xC5D5, 0xBDD5, 0xBDD4, 0xBDD4, 0xBDD4, 0xBDD4, 0xBDD4, 0xBDD4, 0xBDD4, 0xBDD4, 0xBDD4,
    0xBDD4, 0xBDB4, 0xBDD4, 0xBDD4, 0xBDB4, 0xBDB4, 0xBDB4, 0xBDD4, 0xBDD4, 0xBDD4, 0xBDB4, 0xBDB4,
    0xBDB4, 0xB593, 0xAD12, 0xA4F1, 0xA4F1, 0xAD32, 0xBD94, 0xBDD4, 0xBDD4, 0xBDD4, 0xBDB4, 0xBDB4,
    0xBDB4, 0xBDB4, 0xC5D5, 0xBDD4, 0xBDB4, 0xBDB4, 0xBDD4, 0xC5D5, 0xC5F5, 0xC5F5, 0xC5F5, 0xC5D5,
    0xBDD4, 0xBDD4, 0xBDD5, 0xC5D5, 0xBDD5, 0xBDD4, 0xBDD4, 0xBDD4, 0xBDD4, 0xB573, 0xA4F1, 0xA4D1,
    0xAD32, 0xB573, 0xB593, 0xBD94, 0xBDB4, 0xBDB4, 0xBDB4, 0xBDB4, 0xBDB4, 0xBDD4, 0xBDB4, 0xBDB4,
    0xBDD4, 0xBDD4, 0xBDB4, 0xBDB4, 0xBDD4, 0xBDD4, 0xBDD4, 0xBDD4, 0xBDD4, 0xBDD5, 0xBDD4, 0xBDD4,
    0xBDD4, 0xBDD4, 0xC5F5, 0xC5F5, 0xBDD5, 0xBD94, 0xAD53, 0xAD32, 0xBD94, 0xBDB4, 0xBDB4, 0xBDB4,
    0xBDD4, 0xBDD4, 0xBDD4, 0xBDD4, 0xC5D4, 0xBDD4, 0xBD93, 0xBD93, 0xBDB4, 0xC5D5, 0xC5F5, 0xBDD5,
    0xBDB4, 0xBDB4, 0xBDD5, 0xC5D5, 0xBDD4, 0xBDB4, 0xBDD5, 0xBDD5, 0xBDD4, 0xBDD4, 0xBDD4, 0xBDD4,
    0xBDD4, 0xB593, 0xA4F1, 0xA4D1, 0xAD52, 0xB593, 0xBD94, 0xBDB4, 0xBDD4, 0xC5D5, 0xC5D5, 0xC5D5,
    0xC5D5, 0xC5D5, 0xBDD4, 0xBDD4, 0xBDD4, 0xBDD4, 0xBDB4, 0xBDB4, 0xBDB4, 0xBDB4, 0xBDD4, 0xBDB4,
    0xBDB4, 0xBDB4, 0xBDB4, 0xBDB4, 0xBDB4, 0xBDB4, 0xBDB4, 0xBDD4, 0xBDD4, 0xB573, 0xA4F1, 0x9CD0,
    0xA511, 0xB553, 0xBDB4, 0xBDD5, 0xC5D5, 0xBDD5, 0xBDB4, 0xBDB4, 0xBDB4, 0xBDD5, 0xC5F5, 0xC5F5,
    0xBDD4, 0xBDD4, 0xC5D5, 0xC5F5, 0xC5F5, 0xC5F5, 0xC5F5, 0xC5D5, 0xC5D5, 0xC5F5, 0xC5F5, 0xC5D5,
    0xBDD4, 0xBDD4, 0xBDD4, 0xBDD4, 0xBDD4, 0xB593, 0xA4F1, 0xA4F1, 0xAD52, 0xB573, 0xB573, 0xBD93,
    0xBDB4, 0xBDD4, 0xBDB4, 0xBDB4, 0xBDB4, 0xBDB4, 0xBDB4, 0xBDD4, 0xBDD4, 0xBDD4, 0xBDD4, 0xBDD4,
    0xBDD4, 0xBDD4, 0xBDB4, 0xBDD4, 0xBDD5, 0xC5D5, 0xBDD5, 0xBDD4, 0xBDB4, 0xBDB4, 0xC5D5, 0xC5D5,
    0xBDB4, 0xB573, 0xAD32, 0xAD12, 0xB594, 0xBD94, 0xBDB4, 0xBDD4, 0xBDD4, 0xBDD4, 0xBDD4, 0xBDD4,
    0xBDD4, 0xBDB4, 0xBD93, 0xBD93, 0xBDB4, 0xC5D5, 0xC5F5, 0xBDD5, 0xBDB4, 0xBDB4, 0xBDD5, 0xC5D5,
    0xBDB4, 0xBDB4, 0xBDD5, 0xBDD5, 0xBDD5, 0xBDD5, 0xBDD4, 0xBDD4, 0xBDD4, 0xB593, 0xA4F1, 0xA4F1,
    0xAD32, 0xB573, 0xB593, 0xBDB4, 0xBDD4, 0xC5D5, 0xC5D5, 0xC5D5, 0xC5D5, 0xBDD4, 0xBDD4, 0xBDD4,
    0xBDD4, 0xBDD4, 0xBDB4, 0xBDB4, 0xBDB4, 0xBDB4, 0xBDD4, 0xBDB4, 0xBDB4, 0xBDB4, 0xBDB4, 0xBDB4,
    0xBDB4, 0xBDB4, 0xBDB4, 0xBDD4, 0xBDD4, 0xB573, 0xA4F1, 0x9CD1, 0xAD32, 0xB573, 0xBDB4, 0xBDD5,
    0xC5D5, 0xBDD4, 0xBDB4, 0xBDB4, 0xBDD4, 0xBDD5, 0xC5F5, 0xC5F5, 0xBDD5, 0xBDD5, 0xC5F5, 0xC5F5,
    0xC5F5, 0xC5F5, 0xC5D5, 0xBDD5, 0xC5D5, 0xC5D5, 0xC5D5, 0xBDD5, 0xBDD4, 0xBDB4, 0xBDD4, 0xBDD4,
    0xBDD4, 0xB573, 0xA4F1, 0xA4D1, 0xAD52, 0xB573, 0xB573, 0xBD94, 0xBDB4, 0xBDD4, 0xBDB4, 0xBDB4,
    0xBDB4, 0xBDB4, 0xBDB4, 0xBDD4, 0xBDD4, 0xBDD4, 0xBDD4, 0xBDD4, 0xBDD4, 0xBDB4, 0xBDB4, 0xBDD4,
    0xC5D5, 0xC5D5, 0xBDD5, 0xBDD4, 0xBDB4, 0xBDB4, 0xBDD4, 0xBDB4, 0xBDB4, 0xB573, 0xAD32, 0xAD12,
    0xB594, 0xBDB4, 0xBDD4, 0xC5D5, 0xC5D5, 0xBDD4, 0xBDD4, 0xBDD4, 0xBDB4, 0xBDD4, 0xBDD4, 0xBDD4,
    0xBDD4, 0xC5D5, 0xC5F5, 0xC5D5, 0xBDD4, 0xBDB4, 0xBDD5, 0xBDD5, 0xBDD4, 0xBDB4, 0xBDD4, 0xBDD5,
    0xC5D5, 0xC5D5, 0xBDD4, 0xBDB4, 0xBDD4, 0xB593, 0xA512, 0xA4F1, 0xAD52, 0xB593, 0xB593, 0xBDB4,
    0xBDB4, 0xC5D5, 0xC5F5, 0xC5F5, 0xC5D5, 0xBDD4, 0xBDB4, 0xBDB4, 0xBDD4, 0xBDD4, 0xBDB4, 0xBDB4,
    0xBDB4, 0xBDB4, 0xBDD4, 0xBDD4, 0xBDB4, 0xBDB4, 0xBDB4, 0xBDB4, 0xBDB4, 0xBDB4, 0xBDB4, 0xBDB4,
    0xBDB4, 0xB573, 0xA512, 0xA4F1, 0xAD32, 0xB573, 0xBD94, 0xBDB4, 0xBDD4, 0xBDB4, 0xBDB4, 0xBDB4,
    0xBDB4, 0xBDD5, 0xBDD5, 0xC5D5, 0xC5D5, 0xC5D5, 0xC5D5, 0xBDD5, 0xBDD5, 0xBDD4, 0xBDD5, 0xBDD5,
    0xBDB4, 0xBDB4, 0xBDB4, 0xBDD4, 0xBDD4, 0xBDD4, 0xBDB4, 0xBDB4, 0xBDB4, 0xB573, 0xA4D1, 0x9CD0,
    0xAD11, 0xB552, 0xB593, 0xBDB4, 0xBDB4, 0xBDD4, 0xBDD5, 0xBDD4, 0xBDB4, 0xBDB4, 0xBDD4, 0xBDD4,
    0xBDD4, 0xBDD4, 0xBDD4, 0xBDD4, 0xBDD4, 0xBDB4, 0xBDB4, 0xBDD4, 0xBDD4, 0xBDD4, 0xBDD4, 0xBDD4,
    0xBDD5, 0xBDD4, 0xBDB4, 0xBDB4, 0xBDB4, 0xB593, 0xAD52, 0xAD32, 0xB594, 0xBDB4, 0xBDD5, 0xC5F5,
    0xC5D5, 0xC5D5, 0xBDD4, 0xBDD4, 0xBDB4, 0xBDD4, 0xC5D5, 0xC5F5, 0xC5D5, 0xBDD4, 0xC5D5, 0xC5D5,
    0xBDD5, 0xBDD4, 0xBDD5, 0xBDD4, 0xBDB4, 0xBDB4, 0xBDD4, 0xBDD5, 0xC5D5, 0xC5D5, 0xBDD5, 0xBDD4,
    0xBDD4, 0xB593, 0xA512, 0xA4F1, 0xB553, 0xB593, 0xB593, 0xBDB4, 0xBDD4, 0xC5D5, 0xC5F5, 0xC5F5,
    0xBDD5, 0xBDB4, 0xBDB4, 0xBDB4, 0xBDD4, 0xBDD5, 0xBDD5, 0xBDD4, 0xBDB4, 0xBDB4, 0xBDB4, 0xBDB4,
    0xBDB4, 0xBDB4, 0xBDB4, 0xBDB4, 0xBDB4, 0xBDB4, 0xBDB4, 0xBDB4, 0xBDB4, 0xB573, 0xAD32, 0xA512,
    0xAD52, 0xB573, 0xB594, 0xBDB4, 0xBDB4, 0xBDB4, 0xBDB4, 0xBDB4, 0xBDB4, 0xBDD4, 0xBDD4, 0xBDD5,
    0xBDD5, 0xBDD5, 0xBDD5, 0xBDB4, 0xBDB4, 0xBDB4, 0xBDD5, 0xBDD5, 0xBDB4, 0xBD94, 0xBDB4, 0xBDB4,
    0xBDD4, 0xBDD4, 0xBDB4, 0xBDB4, 0xBDB4, 0xB573, 0xA4D1, 0x9CB0, 0xA511, 0xB552, 0xB593, 0xBDB4,
    0xBDB4, 0xBDB4, 0xBDD4, 0xBDD4, 0xBDB4, 0xBDB4, 0xBDD4, 0xBDD4, 0xBDD4, 0xBDD4, 0xBDD4, 0xBDD4,
    0xBDB4, 0xBDB4, 0xBDD4, 0xBDD4, 0xBDD4, 0xBDD4, 0xBDD4, 0xBDD4, 0xC5D5, 0xBDD5, 0xBDB4, 0xBDB4,
    0xBDB4, 0xB594, 0xAD52, 0xAD32, 0xBD94, 0xBDB4, 0xBDD4, 0xC5D5, 0xBDD4, 0xBDD4, 0xBDD5, 0xBDD4,
    0xBDB4, 0xBDB4, 0xC5D5, 0xC5D5, 0xBDD4, 0xBDD4, 0xBDD4, 0xBDD4, 0xBDD5, 0xBDD5, 0xBDD4, 0xBDD4,
    0xBDB4, 0xBDB4, 0xBDD4, 0xBDD5, 0xBDD5, 0xC5D5, 0xC5D5, 0xC5D5, 0xC5F5, 0xBD94, 0xA512, 0xA4F1,
    0xB553, 0xB593, 0xBD93, 0xBDB4, 0xBDD4, 0xC5D5, 0xC5F5, 0xC5F5, 0xC5D5, 0xBDD4, 0xBDD4, 0xBDD4,
    0xC5D5, 0xC5D5, 0xC5D5, 0xBDD5, 0xBDB4, 0xBDB4, 0xBDB4, 0xBDB4, 0xBDB4, 0xBDB4, 0xBDB4, 0xBDB4,
    0xBDB4, 0xBDB4, 0xBD94, 0xBD94, 0xBD94, 0xB573, 0xAD12, 0xA512, 0xAD53, 0xB573, 0xB593, 0xBD94,
    0xBDB4, 0xBDB4, 0xBDB4, 0xBDB4, 0xBDB4, 0xBDB4, 0xBDB4, 0xBDD4, 0xBDD5, 0xBDD5, 0xBDB4, 0xBD94,
    0xBD94, 0xBDB4, 0xC5D5, 0xBDD5, 0xBD94, 0xBD94, 0xBDB4, 0xBDB4, 0xBDB4, 0xBDB4, 0xBDB4, 0xBDB4,
    0xBDB4, 0xB573, 0xA4D1, 0x9CD0, 0xAD32, 0xB573, 0xB593, 0xBD94, 0xBD94, 0xBD94, 0xBD94, 0xBDB4,
    0xBDB4, 0xBDB4, 0xBDD4, 0xBDD5, 0xBDD5, 0xBDD5, 0xBDD5, 0xBDD4, 0xBDB4, 0xBDB4, 0xBDD4, 0xC5D5,
    0xC5D5, 0xBDD4, 0xBDD4, 0xBDD4, 0xC5D5, 0xC5D5, 0xBDD4, 0xBDB4, 0xBDB4, 0xB594, 0xAD32, 0xAD12,
    0xBDB4, 0xBDB4, 0xBDD4, 0xC5D5, 0xBDD4, 0xBDD4, 0xBDD4, 0xBDD4, 0xBDB4, 0xBDB4, 0xBDD4, 0xBDD4,
    0xBDD4, 0xBDB4, 0xBDD4, 0xBDD4, 0xBDD4, 0xBDD4, 0xBDD4, 0xBDD4, 0xBDB4, 0xBDB4, 0xBDB4, 0xBDD4,
    0xBDD4, 0xBDD5, 0xC5D5, 0xC5F5, 0xC5F5, 0xBD94, 0xA512, 0xA4F1, 0xB553, 0xBD93, 0xBD94, 0xBDB4,
    0xBDD4, 0xBDD5, 0xC5F5, 0xC5F5, 0xC5D5, 0xBDD5, 0xBDD5, 0xBDD5, 0xBDD4, 0xBDD5, 0xBDD5, 0xBDD5,
    0xBDB4, 0xBDB4, 0xBDB4, 0xBDB4, 0xBDB4, 0xBDB4, 0xBDB4, 0xBDD4, 0xBDB4, 0xBDB4, 0xBD94, 0xBD93,
    0xBD94, 0xB573, 0xA512, 0xA4F1, 0xAD52, 0xB573, 0xB593, 0xBD93, 0xBDB4, 0xBDB4, 0xBDB4, 0xBDB4,
    0xBDB4, 0xBDB4, 0xBDB4, 0xBDB4, 0xBDD5, 0xBDD4, 0xBDB4, 0xBD94, 0xBDB4, 0xBDB4, 0xC5D5, 0xC5D5,
    0xBDB4, 0xBD94, 0xBDB4, 0xBDB4, 0xBDB4, 0xBDB4, 0xBDB4, 0xBDB4, 0xBDB4, 0xB573, 0xA4F1, 0xA4D1,
    0xAD32, 0xB573, 0xB573, 0xBD93, 0xBD93, 0xBD93, 0xBD93, 0xBDB4, 0xBDB4, 0xBDD4, 0xBDD5, 0xC5D5,
    0xC5D5, 0xC5D5, 0xC5D5, 0xBDD4, 0xBDB4, 0xBDB4, 0xBDD5, 0xC5D5, 0xC5D5, 0xBDD5, 0xBDD4, 0xBDD4,
    0xBDD5, 0xC5D5, 0xC5D5, 0xBDD5, 0xBDD4, 0xB594, 0xAD32, 0xA512, 0xBDD5, 0xBDD5, 0xBDD4, 0xBDD4,
    0xBDD4, 0xBDD4, 0xBDD4, 0xBDB4, 0xBDB4, 0xBDB4, 0xBDB4, 0xBDD4, 0xBDB4, 0xBDB4, 0xBDD4, 0xBDD4,
    0xBDB4, 0xBDB4, 0xBDD4, 0xBDD4, 0xBDB4, 0xBD94, 0xBD94, 0xBDB4, 0xBDB4, 0xBDD4, 0xBDD5, 0xBDD5,
    0xBDD4, 0xB593, 0xAD12, 0xA511, 0xB553, 0xB593, 0xBDB4, 0xBDB4, 0xBDB4, 0xBDD4, 0xBDD5, 0xBDD5,
    0xC5D5, 0xC5D5, 0xC5D5, 0xBDD5, 0xBDB4, 0xBDB4, 0xBDB4, 0xBDB4, 0xBDB4, 0xBDB4, 0xBDB4, 0xBDD4,
    0xBDD4, 0xBDD4, 0xBDD4, 0xBDD4, 0xBDD4, 0xBDB4, 0xBD93, 0xBD93, 0xBD94, 0xB573, 0xA4F1, 0xA4F1,
    0xAD32, 0xB573, 0xB593, 0xBD94, 0xBDB4, 0xBDB4, 0xBDB4, 0xBDB4, 0xBDB4, 0xBDB4, 0xBDB4, 0xBDB4,
    0xBDD4, 0xBDD5, 0xBDB4, 0xBDB4, 0xBDD4, 0xBDD5, 0xC5D5, 0xBDD5, 0xBDB4, 0xBDB4, 0xBDB4, 0xBDD4,
    0xBDD5, 0xBDD4, 0xBDB4, 0xBDB4, 0xBDB4, 0xB573, 0xA4F1, 0xA4F1, 0xAD32, 0xB573, 0xB593, 0xBD93,
    0xBD93, 0xBD94, 0xBDB4, 0xBDD4, 0xBDD4, 0xBDD4, 0xBDD4, 0xBDD5, 0xC5D5, 0xC5F5, 0xBDD5, 0xBDD5,
    0xBDD4, 0xBDD4, 0xBDD5, 0xBDD5, 0xBDD5, 0xBDD5, 0xBDD5, 0xBDD5, 0xC5D5, 0xC5D5, 0xC5D5, 0xC5D5,
    0xBDD4, 0xBD94, 0xAD32, 0xA512, 0xC5F5, 0xC5F5, 0xBDD5, 0xBDD4, 0xBDB4, 0xBDB4, 0xBDB4, 0xBDB4,
    0xBDB4, 0xBDB4, 0xBDB4, 0xBDB4, 0xBDB4, 0xBDB4, 0xBDD4, 0xBDD4, 0xBDB4, 0xBDB4, 0xBDB4, 0xBDB4,
    0xBDB4, 0xBDB4, 0xBD93, 0xBD94, 0xBDB4, 0xBDD4, 0xBDD4, 0xBDD4, 0xBDB4, 0xB573, 0xA511, 0xA511,
    0xB553, 0xB594, 0xBDB4, 0xBDD4, 0xBDD4, 0xBDD4, 0xBDD4, 0xBDD5, 0xBDD5, 0xC5D5, 0xC5D5, 0xBDD5,
    0xBDB4, 0xBDB4, 0xBDB4, 0xBDB4, 0xBDB4, 0xBDB4, 0xBDD4, 0xBDD4, 0xBDD4, 0xBDD4, 0xBDD5, 0xBDD5,
    0xBDB4, 0xBDB4, 0xBD94, 0xBD93, 0xBD94, 0xB573, 0xA4F1, 0xA4F1, 0xAD32, 0xB573, 0xB593, 0xBDB4,
    0xBDB4, 0xBDB4, 0xBDB4, 0xBDB4, 0xBDB4, 0xBDB4, 0xBDB4, 0xBDB4, 0xBDD5, 0xBDD5, 0xBDB4, 0xBDD4,
    0xC5D5, 0xC5F5, 0xC5D5, 0xBDD5, 0xBDD4, 0xBDB4, 0xBDB4, 0xBDB4, 0xBDD4, 0xBDB4, 0xBDB4, 0xBD94,
    0xBDB4, 0xB573, 0xA4F1, 0xA4D1, 0xAD32, 0xB573, 0xB573, 0xB593, 0xBD93, 0xBDB4, 0xBDB4, 0xBDD4,
    0xBDD4, 0xBDD4, 0xBDD4, 0xBDD4, 0xBDD4, 0xBDD4, 0xBDD4, 0xBDD4, 0xC5D5, 0xC5D5, 0xBDD5, 0xBDD5,
    0xBDD5, 0xBDD5, 0xBDD5, 0xC5D5, 0xC5D5, 0xC5D5, 0xC5D5, 0xBDD5, 0xBDD4, 0xBD94, 0xAD32, 0xA511,
    0xC615, 0xC5F5, 0xC5F5, 0xBDD4, 0xBD93, 0xBD93, 0xBDB4, 0xBDB4, 0xBDB4, 0xBDB4, 0xBDD4, 0xBDB4,
    0xBDB4, 0xBDB4, 0xBDB4, 0xBDB4, 0xBDB4, 0xBDB4, 0xBDB4, 0xBDB4, 0xBDB4, 0xBDB4, 0xBDB4, 0xBDB4,
    0xBDD4, 0xC5D5, 0xC5D5, 0xBDD4, 0xBDB4, 0xB573, 0xA511, 0xA4F1, 0xB553, 0xBD94, 0xBDD4, 0xBDD5,
    0xBDD5, 0xBDD4, 0xBDD4, 0xBDD4, 0xBDD4, 0xC5D5, 0xC5D5, 0xBDD4, 0xBDD4, 0xBDD4, 0xBDD4, 0xBDD4,
    0xBDB4, 0xBDB4, 0xBDD4, 0xC5D4, 0xBDD4, 0xBDD4, 0xBDD4, 0xBDD4, 0xBDB4, 0xBDB4, 0xBD94, 0xB593,
    0xB593, 0xB553, 0xA512, 0xA512, 0xAD52, 0xB573, 0xBDB4, 0xBDB4, 0xBDB4, 0xBDB4, 0xBDB4, 0xBDB4,
    0xBDB4, 0xBDD4, 0xC5F5, 0xC5F5, 0xC5D5, 0xBDD4, 0xBDB4, 0xBDD4, 0xC5F5, 0xC5F5, 0xC5F5, 0xC5D5,
    0xBDD5, 0xBDB4, 0xBDB4, 0xBDB4, 0xBD94, 0xBD94, 0xBDB4, 0xBDB4, 0xBDD4, 0xB573, 0xA4F1, 0x9CD0,
    0xAD12, 0xB552, 0xB553, 0xB573, 0xB593, 0xBD94, 0xBDB4, 0xBDB4, 0xBDD4, 0xBDD4, 0xBDD4, 0xBDB4,
    0xBDB4, 0xBD94, 0xBDB4, 0xBDB4, 0xBDD5, 0xC5D5, 0xBDD5, 0xBDD5, 0xBDD5, 0xBDD5, 0xBDD5, 0xBDD5,
    0xBDD5, 0xBDD4, 0xBDD4, 0xBDD4, 0xBDD4, 0xB594, 0xAD12, 0xA4F1, 0xC5F5, 0xC5F5, 0xC5F5, 0xBDD4,
    0xBD94, 0xB593, 0xBDB4, 0xBDB4, 0xBDB4, 0xBDB4, 0xBDB4, 0xBDB4, 0xBDB4, 0xBDB4, 0xBDB4, 0xBDB4,
    0xBDB4, 0xBDB4, 0xBD94, 0xBDB4, 0xBDB4, 0xBDB4, 0xBDB4, 0xBDB4, 0xBDD5, 0xC5D5, 0xC5D5, 0xBDD4,
    0xBDB4, 0xB553, 0xA511, 0xA511, 0xB573, 0xBDB4, 0xBDD4, 0xBDD5, 0xC5D5, 0xBDD5, 0xBDD4, 0xBDD4,
    0xBDD4, 0xBDD4, 0xBDD4, 0xC5D4, 0xC5D4, 0xBDD4, 0xBDD4, 0xBDD4, 0xBDB4, 0xBDB4, 0xBDD4, 0xBDD4,
    0xBDD4, 0xBDD4, 0xBDD4, 0xBDD4, 0xBDB4, 0xBDB4, 0xBD94, 0xBD94, 0xBD94, 0xB573, 0xAD12, 0xA512,
    0xAD52, 0xB573, 0xBD94, 0xBDB4, 0xBDD4, 0xBDD4, 0xBDB4, 0xBDB4, 0xBDB4, 0xBDD4, 0xC5F5, 0xC5F5,
    0xC5D5, 0xBDD4, 0xBDB4, 0xBDB4, 0xC5D5, 0xC5F5, 0xBDD5, 0xBDD5, 0xBDD5, 0xBDD4, 0xBDB4, 0xBDB4,
    0xBD94, 0xBD94, 0xBDB4, 0xBDB4, 0xBDD4, 0xB573, 0xA4F1, 0x9CB0, 0xA511, 0xAD32, 0xB553, 0xB573,
    0xBD93, 0xBD94, 0xBDB4, 0xBDB4, 0xBDB4, 0xBDB4, 0xBDD4, 0xBDB4, 0xBDB4, 0xBD94, 0xBDB4, 0xBDB4,
    0xBDD4, 0xBDD5, 0xBDD4, 0xBDD4, 0xC5D5, 0xC5D5, 0xBDD5, 0xBDD4, 0xBDD4, 0xBDD4, 0xBDD4, 0xBDB4,
    0xBDD4, 0xB594, 0xAD12, 0xA4F1, 0xBDD5, 0xBDD5, 0xC5D5, 0xBDD4, 0xBDB4, 0xBDB4, 0xB593, 0xB593,
    0xB593, 0xBD94, 0xBDB4, 0xBDB4, 0xBDB4, 0xBDB4, 0xBDB4, 0xBDB4, 0xBDB4, 0xBDB4, 0xBDB4, 0xBDB4,
    0xBDB4, 0xBDB4, 0xBDB4, 0xBDB4, 0xBDD5, 0xC5F5, 0xC5F5, 0xC5D5, 0xBDB4, 0xB573, 0xAD12, 0xA512,
    0xB573, 0xBDB4, 0xBDD4, 0xBDD5, 0xC5D5, 0xC5D5, 0xBDD5, 0xBDD4, 0xBDD4, 0xBDD4, 0xBDD4, 0xC5D5,
    0xBDD4, 0xBDD4, 0xBDB4, 0xBDB4, 0xBDB4, 0xBDB4, 0xBDD4, 0xBDD4, 0xBDB4, 0xBDD4, 0xBDD5, 0xC5D5,
    0xBDD4, 0xBDB4, 0xBD94, 0xBD94, 0xBDB4, 0xB593, 0xAD12, 0xA511, 0xAD32, 0xB553, 0xB573, 0xBDB4,
    0xBDD4, 0xC5D5, 0xBDD5, 0xBDD4, 0xBDB4, 0xBDB4, 0xBDD4, 0xBDD5, 0xBDD5, 0xBDD4, 0xBDB4, 0xBDB4,
    0xBDD4, 0xBDD5, 0xBDB4, 0xBDB4, 0xBDB4, 0xBDD4, 0xBDD4, 0xBDB4, 0xBDB4, 0xBDB4, 0xBDD4, 0xBDD4,
    0xBDB4, 0xB573, 0xA4F1, 0x9CD1, 0xA4F1, 0xAD32, 0xB573, 0xBD93, 0xBD93, 0xBDB4, 0xBDB4, 0xBD94,
    0xB593, 0xBD94, 0xBDD4, 0xBDD4, 0xBDD4, 0xBDD4, 0xBDD4, 0xBDD4, 0xBDD4, 0xBDB4, 0xBDB4, 0xBDB4,
    0xC5D5, 0xC5F5, 0xBDD5, 0xBDD4, 0xBDB4, 0xBDD4, 0xBDD4, 0xBDD5, 0xBDD4, 0xB594, 0xAD32, 0xA4F1,
    0xBDB4, 0xBDB4, 0xBDB4, 0xBDB4, 0xBDB4, 0xBDB4, 0xB573, 0xB573, 0xB593, 0xBD94, 0xBDB4, 0xBDB4,
    0xBD94, 0xBD94, 0xBDB4, 0xBDB4, 0xBDB4, 0xBDB4, 0xBDB4, 0xBDB4, 0xBDB4, 0xBDB4, 0xBDB4, 0xBDD4,
    0xBDD4, 0xC5D5, 0xC5F5, 0xC5F5, 0xBDB4, 0xB573, 0xAD12, 0xA512, 0xB573, 0xBDB4, 0xBDB4, 0xBDD4,
    0xBDD5, 0xC5D5, 0xC5D5, 0xC5D5, 0xBDD4, 0xBDD4, 0xC5D5, 0xC5D5, 0xBDD4, 0xBDD4, 0xBDD4, 0xBDB4,
    0xBDB4, 0xBDD4, 0xBDD4, 0xBDD4, 0xBDB4, 0xBDB4, 0xBDD4, 0xC5D5, 0xBDD4, 0xBDB4, 0xBDB4, 0xBDB4,
    0xBDB4, 0xB593, 0xAD12, 0xA511, 0xAD32, 0xB553, 0xB593, 0xBDB4, 0xBDD5, 0xC5D5, 0xC5D5, 0xBDD5,
    0xBDD4, 0xBDD4, 0xBDB4, 0xBDB4, 0xBDD5, 0xBDD4, 0xBDB4, 0xBDB4, 0xBDD4, 0xBDD4, 0xBDB4, 0xBDB4,
    0xBDB4, 0xBDD4, 0xBDD4, 0xBDB4, 0xBDB4, 0xBDB4, 0xBDD4, 0xBDD4, 0xBDB4, 0xB573, 0xA4F1, 0x9CD1,
    0xA4F1, 0xAD32, 0xB573, 0xBDB4, 0xBDB4, 0xBDB4, 0xBDB4, 0xBD94, 0xBD94, 0xBD94, 0xBDD4, 0xC5D5,
    0xC5D5, 0xC5D5, 0xC5D5, 0xC5D5, 0xBDD4, 0xBDB4, 0xBDB4, 0xBDB4, 0xBDD5, 0xC5D5, 0xBDD5, 0xBDD4,
    0xBDD4, 0xBDB4, 0xBDD4, 0xBDD4, 0xBDD4, 0xB594, 0xAD32, 0xA511, 0xB593, 0xB593, 0xBD94, 0xBDB4,
    0xBDB4, 0xBD94, 0xB573, 0xB593, 0xBDB4, 0xBDB4, 0xBDB4, 0xBDB4, 0xBD94, 0xBD94, 0xBDB4, 0xBDB4,
    0xBDB4, 0xBDB4, 0xBDB4, 0xBD94, 0xBDB4, 0xBDB4, 0xBDD4, 0xBDD5, 0xBDD4, 0xBDD4, 0xC5F5, 0xC5F5,
    0xBDD5, 0xB594, 0xA512, 0xA511, 0xB573, 0xBDB4, 0xBDB4, 0xBDB4, 0xBDD4, 0xBDD4, 0xC5D5, 0xC5D5,
    0xC5D5, 0xC5D5, 0xC5D5, 0xBDD4, 0xBDD4, 0xBDD4, 0xC5D5, 0xC5D5, 0xBDD4, 0xBDD4, 0xBDD4, 0xBDD4,
    0xBDB4, 0xBDB4, 0xBDB4, 0xBDD4, 0xBDD4, 0xBDD4, 0xBDD5, 0xBDB4, 0xBD94, 0xB553, 0xAD12, 0xAD12,
    0xAD52, 0xB593, 0xBDB4, 0xBDD4, 0xBDD5, 0xC5D5, 0xC5D5, 0xC5D5, 0xC5D5, 0xBDD5, 0xBDD5, 0xBDD5,
    0xBDD5, 0xBDD5, 0xBDD5, 0xBDD4, 0xBDB4, 0xBDD4, 0xBDD4, 0xBDD5, 0xBDD4, 0xBDD4, 0xBDD4, 0xBDB4,
    0xBDB4, 0xBDB4, 0xBDB4, 0xBDD4, 0xBDB4, 0xB573, 0xA4F1, 0x9CD0, 0xA4F1, 0xAD32, 0xB593, 0xBDB4,
    0xBDD4, 0xBDD4, 0xBDB4, 0xBDB4, 0xBDB4, 0xBDD4, 0xBDD5, 0xC5D5, 0xBDD5, 0xBDD5, 0xBDD5, 0xC5D5,
    0xC5D5, 0xBDD4, 0xBD94, 0xBD94, 0xBDB4, 0xBDD5, 0xBDD5, 0xBDD4, 0xBDD4, 0xBDD4, 0xBDB4, 0xBDB4,
    0xBDB4, 0xBD94, 0xAD52, 0xAD12, 0xB573, 0xB573, 0xBD93, 0xBD94, 0xBDB4, 0xBD94, 0xB593, 0xBD94,
    0xBDB4, 0xBDD4, 0xBDB4, 0xBDB4, 0xBD94, 0xBD94, 0xBDB4, 0xBDB4, 0xBDB4, 0xBDB4, 0xBDB4, 0xBDB4,
    0xBD94, 0xBDB4, 0xBDD5, 0xC5D5, 0xBDD4, 0xBDD4, 0xC5D5, 0xC5F5, 0xC5F5, 0xB594, 0xA512, 0xA511,
    0xB573, 0xBDB4, 0xBDB4, 0xBDB4, 0xBDB4, 0xBDD4, 0xC5D5, 0xC5F5, 0xC5F5, 0xC5D5, 0xBDD5, 0xBDD4,
    0xBDD4, 0xBDD4, 0xC5D5, 0xC5D5, 0xBDD5, 0xBDD4, 0xBDD4, 0xBDD4, 0xBDB4, 0xBDB4, 0xBDB4, 0xBDB4,
    0xBDD4, 0xBDD4, 0xBDD5, 0xBDB4, 0xB593, 0xB553, 0xAD12, 0xAD12, 0xB553, 0xB594, 0xBDD4, 0xBDD5,
    0xBDD5, 0xBDD5, 0xC5D5, 0xC5D5, 0xC5D5, 0xBDD5, 0xBDD5, 0xBDD5, 0xBDD5, 0xBDD5, 0xBDD4, 0xBDD4,
    0xBDD4, 0xBDD4, 0xC5D5, 0xC5D5, 0xBDD4, 0xBDB4, 0xBDB4, 0xBDB4, 0xBDB4, 0xBDB4, 0xBDB4, 0xBDB4,
    0xBDD4, 0xB573, 0xA4F1, 0x9CD0, 0xA511, 0xAD52, 0xBD93, 0xBDB4, 0xBDB4, 0xBDB4, 0xBDB4, 0xBDB4,
    0xBDD5, 0xC5D5, 0xC5D5, 0xC5D5, 0xBDD5, 0xBDD5, 0xBDD5, 0xC5D5, 0xC5D5, 0xBDD4, 0xBDB4, 0xBD94,
    0xBDB4, 0xBDD4, 0xBDB4, 0xBDD4, 0xBDD4, 0xBDD4, 0xBDB4, 0xBDB4, 0xBDD4, 0xBD94, 0xAD52, 0xAD12,
    0xB573, 0xB573, 0xBD93, 0xBDB4, 0xBDB4, 0xBDB4, 0xBD94, 0xBD94, 0xBDB4, 0xBDB4, 0xBDB4, 0xBDB4,
    0xBD94, 0xBD94, 0xBD94, 0xBDB4, 0xBDB4, 0xBDB4, 0xBDB4, 0xBDB4, 0xB593, 0xB593, 0xBDB4, 0xC5D5,
    0xC5D5, 0xC5D5, 0xC5D5, 0xC5D5, 0xC5D5, 0xB594, 0xA512, 0xA4F1, 0xB573, 0xBD94, 0xBDB4, 0xBDB4,
    0xBDB4, 0xBDB4, 0xBDD4, 0xC5D5, 0xC5F5, 0xC5F5, 0xBDD5, 0xBDD4, 0xBDB4, 0xBDB4, 0xBDD4, 0xC5D5,
    0xC5D5, 0xC5D5, 0xBDD4, 0xBDD4, 0xBDD4, 0xBDD4, 0xBDB4, 0xBDD4, 0xBDD4, 0xBDD4, 0xBDB4, 0xBD94,
    0xBD94, 0xB573, 0xAD32, 0xAD12, 0xB553, 0xB594, 0xBDD4, 0xBDD5, 0xBDD5, 0xBDD4, 0xBDD5, 0xBDD5,
    0xBDD4, 0xBDD4, 0xBDD4, 0xBDD4, 0xBDB4, 0xBDB4, 0xBDB4, 0xBDB4, 0xBDD5, 0xC5F5, 0xC5F5, 0xC5D5,
    0xBDB4, 0xBDB4, 0xBDB4, 0xBDB4, 0xBDB4, 0xBDB4, 0xBDB4, 0xBDB4, 0xBDD4, 0xB593, 0xA4F1, 0x9CD1,
    0xAD32, 0xB573, 0xBD93, 0xBDB4, 0xBD93, 0xB593, 0xBD94, 0xBDB4, 0xBDD5, 0xC5F5, 0xC5F5, 0xC5F5,
    0xBDD5, 0xBDD5, 0xBDD5, 0xC5D5, 0xC5D5, 0xBDD4, 0xBDB4, 0xBDB4, 0xBDD4, 0xBDB4, 0xBDB4, 0xBDB4,
    0xBDD4, 0xBDD5, 0xBDD5, 0xC5D5, 0xC5D5, 0xBDB4, 0xAD32, 0xA511, 0xB573, 0xB573, 0xBD93, 0xBDB4,
    0xBDD4, 0xBDB4, 0xBDB4, 0xBDB4, 0xBDB4, 0xBDB4, 0xBDB4, 0xBDB4, 0xBDB4, 0xBDB4, 0xBD94, 0xBDB4,
    0xBDD4, 0xBDD4, 0xBDB4, 0xBDB4, 0xB593, 0xB593, 0xBDB4, 0xBDD5, 0xBDD5, 0xC5D5, 0xC5D5, 0xC5D5,
    0xC5D5, 0xB594, 0xA512, 0xA4F1, 0xB573, 0xBD94, 0xBDB4, 0xBDB4, 0xBDB4, 0xBDB4, 0xBDD4, 0xBDD5,
    0xC5F5, 0xC5F5, 0xC5D5, 0xBDD5, 0xBDB4, 0xBDB4, 0xBDB4, 0xBDD4, 0xC5D5, 0xC5D5, 0xBDD5, 0xBDD4,
    0xBDD5, 0xBDD4, 0xBDD4, 0xBDD4, 0xBDD5, 0xBDD4, 0xBDB4, 0xBD94, 0xBDB4, 0xB593, 0xAD32, 0xAD32,
    0xB553, 0xB594, 0xBDB4, 0xBDD5, 0xBDD4, 0xBDB4, 0xBDB4, 0xBDB4, 0xBDB4, 0xBDD4, 0xBDB4, 0xBDB4,
    0xBDB4, 0xBDB4, 0xBD94, 0xBDB4, 0xBDD5, 0xC5F5, 0xC5F5, 0xBDD5, 0xBDB4, 0xBDB4, 0xBDB4, 0xBDD4,
    0xBDD4, 0xBDB4, 0xBDB4, 0xBDB4, 0xC5D4, 0xB593, 0xA4F1, 0xA4D1, 0xAD32, 0xB573, 0xBD93, 0xBDB4,
    0xBD93, 0xB593, 0xBD94, 0xBDB4, 0xBDD4, 0xC5F5, 0xC5F5, 0xC5F5, 0xBDD5, 0xBDD4, 0xBDD5, 0xBDD4,
    0xBDD4, 0xBDD4, 0xBDD5, 0xBDD5, 0xBDD4, 0xBDB4, 0xBDB4, 0xBDB4, 0xBDD4, 0xC5D5, 0xC5D5, 0xC5D5,
    0xC5D5, 0xBD94, 0xAD32, 0xA4F1, 0xB573, 0xB573, 0xB593, 0xBDB4, 0xBDB4, 0xBDB4, 0xBDB4, 0xBDB4,
    0xBDB4, 0xBDB4, 0xBDB4, 0xBDB4, 0xBDB4, 0xBDB4, 0xBDB4, 0xBDB4, 0xC5D5, 0xC5D5, 0xBDB4, 0xBDB4,
    0xBD94, 0xBD94, 0xBDB4, 0xBDD4, 0xBDD4, 0xBDD4, 0xBDD4, 0xBDD5, 0xBDD5, 0xB594, 0xAD12, 0xA512,
    0xB573, 0xBD94, 0xBD94, 0xBDB4, 0xBDB4, 0xBDB4, 0xBDD4, 0xBDD5, 0xC5D5, 0xC5F5, 0xC5F5, 0xC5D5,
    0xBDB4, 0xBDB4, 0xBDB4, 0xBDB4, 0xBDB4, 0xBDD4, 0xC5D5, 0xC5D5, 0xBDD5, 0xBDD4, 0xBDD4, 0xBDD4,
    0xC5D5, 0xBDD4, 0xBDB4, 0xBDB4, 0xBDB4, 0xB593, 0xAD32, 0xAD32, 0xB553, 0xB593, 0xBDB4, 0xBDB4,
    0xBDB4, 0xBDB4, 0xBDB4, 0xBDB4, 0xBDD4, 0xBDD5, 0xBDD4, 0xBDB4, 0xBDB4, 0xBDB4, 0xBDB4, 0xBDD4,
    0xBDD4, 0xBDD5, 0xBDD5, 0xBDD5, 0xBDD5, 0xBDD4, 0xBDD4, 0xBDB4, 0xBDB4, 0xBDD4, 0xBDD4, 0xBDD4,
    0xBDD4, 0xB593, 0xA511, 0xA4F1, 0xAD32, 0xB573, 0xB593, 0xBD94, 0xBDB4, 0xBDB4, 0xBD94, 0xBDB4,
    0xBDD4, 0xBDD5, 0xC5D5, 0xC5D5, 0xBDD5, 0xBDD4, 0xBDB4, 0xBDB4, 0xBDB4, 0xBDD4, 0xC5F5, 0xC5D5,
    0xBDB4, 0xBDB4, 0xBDB4, 0xBDD4, 0xBDD5, 0xC5D5, 0xBDD5, 0xBDD4, 0xBDB4, 0xB593, 0xAD32, 0xA4F1,
    0xB573, 0xB573, 0xBD93, 0xBDB4, 0xBDB4, 0xBDB4, 0xBDB4, 0xBDB4, 0xBDB4, 0xBDB4, 0xBDB4, 0xBDB4,
    0xBDB4, 0xBDB4, 0xBDB4, 0xBDB4, 0xBDD5, 0xBDD4, 0xBDB4, 0xBD94, 0xBDB4, 0xBDB4, 0xBDB4, 0xBDB4,
    0xBDB4, 0xBDD4, 0xBDD4, 0xBDD4, 0xBDB4, 0xB593, 0xA512, 0xA512, 0xB573, 0xBD94, 0xBD94, 0xBD94,
    0xBDB4, 0xBDB4, 0xBDB4, 0xBDD4, 0xC5D5, 0xC5F5, 0xC5F5, 0xC5D5, 0xBDB4, 0xBDB4, 0xBDB4, 0xBDB4,
    0xBDB4, 0xBDB4, 0xBDD5, 0xBDD5, 0xBDD4, 0xBDD4, 0xBDD4, 0xBDD4, 0xBDB4, 0xBDB4, 0xBDB4, 0xBDB4,
    0xBDB4, 0xB594, 0xAD32, 0xAD32, 0xB553, 0xB593, 0xBDB4, 0xBDB4, 0xBDD4, 0xBDB4, 0xBDB4, 0xBDB4,
    0xBDD4, 0xBDD5, 0xBDD5, 0xBDD4, 0xBDB4, 0xBDB4, 0xBDD4, 0xBDD5, 0xBDD4, 0xBDD4, 0xBDD4, 0xBDD4,
    0xBDD5, 0xBDD5, 0xBDD4, 0xBDB4, 0xBDD4, 0xBDD4, 0xBDD5, 0xBDD4, 0xBDD4, 0xB573, 0xA4F1, 0xA4D1,
    0xAD32, 0xB573, 0xB573, 0xBD94, 0xBDD4, 0xBDD5, 0xBDB4, 0xBDB4, 0xBDB4, 0xBDD4, 0xC5D5, 0xC5D5,
    0xC5D5, 0xBDD4, 0xBDB4, 0xBDB4, 0xBDB4, 0xBDB4, 0xC5D5, 0xBDD5, 0xBDB4, 0xBDB4, 0xBDB4, 0xBDD4,
    0xBDD4, 0xBDD4, 0xBDD4, 0xBDB4, 0xBDB4, 0xB593, 0xAD32, 0xA4F1, 0xB573, 0xB573, 0xBD94, 0xBDB4,
    0xBDB4, 0xBDB4, 0xBD93, 0xB593, 0xB573, 0xB593, 0xBDB4, 0xBDD4, 0xBDB4, 0xBDB4, 0xBDB4, 0xBDB4,
    0xBDB4, 0xBDB4, 0xBD94, 0xBD94, 0xBDB4, 0xBDB4, 0xBDB4, 0xBDB4, 0xBDD4, 0xBDD4, 0xBDB4, 0xBDB4,
    0xBD93, 0xB553, 0xA511, 0xA512, 0xB573, 0xBDB4, 0xBDB4, 0xBDB4, 0xBDB4, 0xBDB4, 0xBD94, 0xBDB4,
    0xC5D5, 0xC5F5, 0xC5D5, 0xBDD5, 0xBDB4, 0xBDB4, 0xBDB4, 0xBDB4, 0xBDB4, 0xBDB4, 0xBDB4, 0xBDB4,
    0xBDB4, 0xBDD4, 0xBDD4, 0xBDB4, 0xBD94, 0xB593, 0xBD94, 0xBDB4, 0xBDD4, 0xBD94, 0xAD32, 0xAD12,
    0xB573, 0xBD94, 0xBDB4, 0xBDD4, 0xBDD5, 0xBDD5, 0xBDB4, 0xBDB4, 0xBDD4, 0xBDD5, 0xC5D5, 0xC5D5,
    0xC5D5, 0xC5D5, 0xBDD5, 0xBDD4, 0xBDD4, 0xBDD4, 0xBDD4, 0xBDD4, 0xBDD5, 0xBDD5, 0xBDD5, 0xBDD4,
    0xBDD5, 0xBDD5, 0xBDD4, 0xBDD4, 0xBDB4, 0xB573, 0x9CD1, 0x9CB0, 0xA511, 0xB552, 0xB573, 0xBDB4,
    0xBDD4, 0xBDD5, 0xBDD5, 0xBDD5, 0xBDB4, 0xBDB4, 0xBDD4, 0xC5D5, 0xC5D5, 0xC5D5, 0xBDD4, 0xBDB4,
    0xBDB4, 0xBDB4, 0xBDB4, 0xBDB4, 0xBDB4, 0xBDB4, 0xBDB4, 0xBDB4, 0xBDB4, 0xBDB4, 0xBDD4, 0xBDD4,
    0xBDD4, 0xB593, 0xAD32, 0xA4F1, 0xAD52, 0xB553, 0xB553, 0xB573, 0xB573, 0xB573, 0xB553, 0xAD52,
    0xAD32, 0xAD52, 0xB593, 0xBD94, 0xB593, 0xB573, 0xB593, 0xB593, 0xB573, 0xB573, 0xB573, 0xB573,
    0xB593, 0xB593, 0xB573, 0xB573, 0xB593, 0xBD94, 0xB593, 0xB573, 0xB552, 0xAD32, 0xA4F1, 0xA4F1,
    0xAD52, 0xB573, 0xB573, 0xB573, 0xB573, 0xB573, 0xB553, 0xB573, 0xB593, 0xBD94, 0xB593, 0xB573,
    0xB573, 0xB573, 0xB573, 0xB573, 0xB573, 0xB593, 0xB593, 0xB573, 0xB573, 0xB573, 0xB573, 0xB573,
    0xB553, 0xB552, 0xB553, 0xB573, 0xB594, 0xB573, 0xA512, 0xA511, 0xAD52, 0xB573, 0xB593, 0xB594,
    0xB594, 0xB594, 0xB594, 0xB594, 0xB594, 0xB594, 0xBD94, 0xBDB4, 0xBDB4, 0xBD94, 0xB593, 0xB593,
    0xB593, 0xB593, 0xB573, 0xB573, 0xB594, 0xB594, 0xB593, 0xB593, 0xBD94, 0xBD94, 0xBD94, 0xB593,
    0xB573, 0xAD32, 0x9CB0, 0x9C90, 0xA4F1, 0xAD32, 0xAD52, 0xB573, 0xB573, 0xB594, 0xB594, 0xB594,
    0xB573, 0xB573, 0xB573, 0xB593, 0xB593, 0xB593, 0xB593, 0xB573, 0xB573, 0xB573, 0xB573, 0xB573,
    0xB573, 0xB573, 0xB573, 0xB573, 0xB573, 0xB573, 0xB593, 0xBD93, 0xB593, 0xB553, 0xA512, 0xA4F1,
    0xA511, 0xA4F1, 0xA4F1, 0xA4F1, 0xA4F1, 0xA4F1, 0xA4F1, 0xA4F1, 0xA4D0, 0xA4F1, 0xAD32, 0xAD52,
    0xAD32, 0xAD32, 0xAD32, 0xAD52, 0xAD52, 0xAD32, 0xAD32, 0xAD12, 0xAD32, 0xAD32, 0xA511, 0xA511,
    0xA511, 0xAD12, 0xAD12, 0xAD11, 0xA511, 0xA4F1, 0x9CD0, 0x9CD0, 0xA4F1, 0xA511, 0xA4F1, 0xA4F1,
    0xA511, 0xA511, 0xA4F1, 0xA4F1, 0xA4F1, 0xA4F1, 0xA4F1, 0xA4F1, 0xAD11, 0xAD12, 0xA511, 0xA511,
    0xAD32, 0xAD32, 0xAD32, 0xA511, 0xA4F1, 0xA4F1, 0xA4F1, 0xA4F1, 0xA4F1, 0xA4F1, 0xA4F1, 0xA4F1,
    0xA4F1, 0xA4F1, 0xA4D1, 0xA4D1, 0xA4F1, 0xAD12, 0xAD11, 0xAD12, 0xAD12, 0xAD32, 0xAD32, 0xAD32,
    0xAD32, 0xAD32, 0xAD32, 0xAD32, 0xAD11, 0xA511, 0xA511, 0xA511, 0xAD11, 0xA511, 0xA4F1, 0xA4F1,
    0xA4F1, 0xA511, 0xA511, 0xAD11, 0xAD12, 0xAD32, 0xAD32, 0xAD12, 0xA4F1, 0xA4D0, 0x9C90, 0x9C90,
    0xA4F1, 0xA511, 0xA4F1, 0xA4F1, 0xA4F1, 0xA4F1, 0xA511, 0xA511, 0xA511, 0xA4F1, 0xA4F1, 0xA4D1,
    0xA4F1, 0xA4F1, 0xA4F1, 0xA511, 0xA4F1, 0xA511, 0xAD32, 0xAD32, 0xAD12, 0xA511, 0xA511, 0xA4F1,
    0xA4F1, 0xA511, 0xAD12, 0xAD12, 0xA511, 0xA4F1, 0xA4F1, 0xA4D1, 0xA4D1, 0x9CD0, 0x9CB0, 0x9CB0,
    0x9CB0, 0x9CB0, 0x9CD0, 0x9CD0, 0x9CB0, 0x9CB0, 0xA4F1, 0xAD11, 0xAD12, 0xAD12, 0xAD12, 0xAD12,
    0xAD32, 0xAD11, 0xA4F1, 0xA4F1, 0xA4F1, 0xA4F1, 0x9CD0, 0x9CD0, 0x9CD0, 0xA4D1, 0xA4F1, 0xA4F1,
    0xA4F1, 0x9CD0, 0x9CB0, 0x9CB0, 0x9CD0, 0x9CD0, 0x9CB0, 0x9CB0, 0x9CD0, 0x9CD0, 0x9CD0, 0x9CD0,
    0x9CB0, 0x9CB0, 0x9C8F, 0x9CB0, 0xA4D1, 0xA4F1, 0xA4D1, 0xA4D1, 0xA4F1, 0xA4F1, 0xA4F1, 0xA4D0,
    0x9CB0, 0x9C90, 0x9CB0, 0x9CB0, 0xA4D1, 0xA4D1, 0xA4D0, 0x9CD0, 0x9CB0, 0x9CB0, 0x9CD0, 0x9CD1,
    0xA4D1, 0xA4D1, 0xA4D1, 0xA4D1, 0xA4D1, 0xA4F1, 0xA511, 0xA511, 0xA4F1, 0xA4F1, 0xA4F1, 0xA4F1,
    0x9CD0, 0x9CB0, 0x9CD0, 0x9CD0, 0xA4D0, 0x9CD0, 0x9CB0, 0x9CB0, 0x9CB0, 0x9CD0, 0x9CD0, 0xA4D0,
    0xA4F1, 0xA4F1, 0xA4F1, 0xA4F1, 0x9CB0, 0x9CB0, 0x948F, 0x9CB0, 0xA4F1, 0xA4F1, 0x9CD0, 0x9CB0,
    0x9CB0, 0x9CB0, 0x9CB0, 0x9CB0, 0x9CD0, 0x9CB0, 0x948F, 0x948F, 0x948F, 0x9CB0, 0x9CB0, 0x9CD0,
    0x9CD0, 0xA4D0, 0xA4F1, 0xA4F1, 0xA4F1, 0xA4D0, 0x9CD0, 0x9CD0, 0x9CD0, 0x9CD0, 0xA4F1, 0xA4F1,
    0x9CB0, 0x9CB0, 0x9CD0, 0x9CD1,
};
#define POOLS_EDGE_MIP1_SIZE 64
static const uint16_t POOLS_EDGE_MIP1_PIXELS[4096] __attribute__((aligned(16))) = {
    0xB573, 0xB593, 0xB573, 0xBD94, 0xB573, 0xB573, 0xB573, 0xB573, 0xB573, 0xB593, 0xB593, 0xBD94,
    0xBD94, 0xB573, 0xB573, 0xAD12, 0xB594, 0xB593, 0xB593, 0xB593, 0xB593, 0xB593, 0xB553, 0xAD52,
    0xB573, 0xB573, 0xB593, 0xB573, 0xAD52, 0xB553, 0xAD53, 0xA4F1, 0xB594, 0xBDB4, 0xB593, 0xBD93,
    0xBD93, 0xB593, 0xB593, 0xB573, 0xB573, 0xB553, 0xAD32, 0xAD52, 0xB573, 0xB552, 0xB593, 0xAD32,
    0xBDB4, 0xBDB4, 0xBD94, 0xBDB4, 0xBDB4, 0xBD93, 0xB573, 0xB593, 0xBDB4, 0xB594, 0xBDB4, 0xBDB4,
    0xBDB4, 0xBDB4, 0xBDD5, 0xAD53, 0xB593, 0xBD94, 0xBD94, 0xBDB4, 0xBDB4, 0xBDB4, 0xBDB4, 0xBDB4,
    0xBDD4, 0xC5D5, 0xC5D5, 0xC5D5, 0xC5D5, 0xBDD5, 0xBDB4, 0xA4F1, 0xB553, 0xBD94, 0xBDD4, 0xBDD4,
    0xBD93, 0xBDB4, 0xBDB4, 0xBD94, 0xBD94, 0xBD94, 0xBD94, 0xBDB4, 0xBDD4, 0xBDD4, 0xBDB4, 0xAD32,
    0xB593, 0xBDB4, 0xBDD4, 0xBDB4, 0xBDB4, 0xBDB4, 0xBDB4, 0xBDB4, 0xBD94, 0xBDB4, 0xBD94, 0xBDB4,
    0xBDB4, 0xBDB4, 0xBDB4, 0xA512, 0xB573, 0xBD94, 0xBD94, 0xBDD4, 0xBDD5, 0xBDB4, 0xBDB4, 0xBD94,
    0xBDB4, 0xBDB4, 0xBDD4, 0xBDD4, 0xBDD4, 0xBDB4, 0xBDB4, 0xAD32, 0xBDB4, 0xBDB4, 0xBDB4, 0xBDB4,
    0xBD94, 0xBDB4, 0xBDD4, 0xBDB4, 0xBDB4, 0xBDB4, 0xBDB4, 0xBDD4, 0xBDB4, 0xBDD4, 0xBDB4, 0xA4F1,
    0xAD32, 0xBD93, 0xBD93, 0xBDB4, 0xBD93, 0xBDB4, 0xBDB4, 0xBDB4, 0xBDB4, 0xBDB4, 0xBDB4, 0xBDD5,
    0xBDD5, 0xBDD5, 0xBDB4, 0xAD32, 0xAD52, 0xBDB4, 0xBDD5, 0xBDB4, 0xBD94, 0xBDB4, 0xBDB4, 0xBDB4,
    0xBD94, 0xBD94, 0xBDB4, 0xBDD5, 0xBDD4, 0xBDD4, 0xBDB4, 0xA511, 0xB553, 0xBDB4, 0xBDB4, 0xBDD4,
    0xBDB4, 0xBDB4, 0xBDB4, 0xBDB4, 0xBDB4, 0xBDB4, 0xBDB4, 0xBDB4, 0xBDB4, 0xBDD5, 0xBDB4, 0xA4F1,
    0xBD94, 0xBDB4, 0xBD94, 0xBD94, 0xBDB4, 0xBDB4, 0xBDB4, 0xBDB4, 0xBDB4, 0xBDB4, 0xBDB4, 0xBDB4,
    0xBDB4, 0xBDB4, 0xB594, 0xA4F1, 0xAD32, 0xBD93, 0xB593, 0xBDB4, 0xBDB4, 0xBDB4, 0xBDB4, 0xBDB4,
    0xBDB4, 0xBDB4, 0xBDD5, 0xBDD5, 0xBDB4, 0xBDB4, 0xBD94, 0xAD32, 0xB553, 0xBD94, 0xBDB4, 0xBDD4,
    0xBDB4, 0xBDB4, 0xBDB4, 0xBDB4, 0xBDB4, 0xBDB4, 0xBDD5, 0xBDD5, 0xBDD4, 0xBDB4, 0xBD94, 0x9CD0,
    0xAD32, 0xBDB4, 0xBDD4, 0xBDB4, 0xBDB4, 0xBDB4, 0xBDB4, 0xBDB4, 0xBDB4, 0xBD94, 0xBDB4, 0xBDB4,
    0xBDD4, 0xBDB4, 0xBDB4, 0xA4D1, 0xB573, 0xBD94, 0xBD94, 0xBDB4, 0xBDB4, 0xBDB4, 0xBDB4, 0xBDD4,
    0xBDB4, 0xBDB4, 0xBDD4, 0xBDB4, 0xBDB4, 0xBDB4, 0xBDB4, 0xA511, 0xAD32, 0xBD94, 0xBD94, 0xBDB4,
    0xBDD4, 0xBDD4, 0xBDB4, 0xBDB4, 0xBDD4, 0xBDD5, 0xBDD5, 0xBDD4, 0xBDD4, 0xBDB4, 0xBDB4, 0xAD32,
    0xB553, 0xBDB4, 0xBD94, 0xBD94, 0xBDB4, 0xBDB4, 0xBDD4, 0xBDB4, 0xBDB4, 0xBDD4, 0xBDD4, 0xBDD5,
    0xC5F5, 0xBDD5, 0xBD94, 0xA4F1, 0xAD32, 0xBDB4, 0xBDB4, 0xBDB4, 0xBDD4, 0xBDD4, 0xBDD4, 0xBDB4,
    0xBDB4, 0xBD94, 0xBDB4, 0xBDB4, 0xBDD4, 0xBDB4, 0xBD94, 0x9CD1, 0xAD32, 0xBDB4, 0xBDB4, 0xBDB4,
    0xBDD4, 0xC5F5, 0xBDD4, 0xBDD5, 0xBDD4, 0xB593, 0xBDB4, 0xBDB4, 0xBDB4, 0xBDD4, 0xBDB4, 0xA4F1,
    0xAD12, 0xBD94, 0xBD94, 0xBD94, 0xBDB4, 0xBDB4, 0xBDB4, 0xBDD5, 0xBDB4, 0xBDB4, 0xBDB4, 0xBDB4,
    0xBDB4, 0xBDB4, 0xBD94, 0xA4F1, 0xAD32, 0xBDB4, 0xBDB4, 0xBDB4, 0xBDB4, 0xBDD5, 0xBDB4, 0xBD94,
    0xBDB4, 0xBDD4, 0xBDD4, 0xBDB4, 0xBDD4, 0xBDB4, 0xB593, 0xA4F1, 0xAD32, 0xBD93, 0xBDB4, 0xBDB4,
    0xBDD4, 0xBDB4, 0xBDB4, 0xBDB4, 0xBDB4, 0xBDB4, 0xBDB4, 0xBDB4, 0xBDB4, 0xBDB4, 0xB594, 0x9CD0,
    0xB552, 0xBD93, 0xBDB4, 0xBD94, 0xBDB4, 0xBDD5, 0xBDD4, 0xBDD5, 0xBDB4, 0xB593, 0xBDB4, 0xBDD5,
    0xBDD5, 0xBDB4, 0xBD94, 0xA4D1, 0xAD32, 0xBD94, 0xB573, 0xB593, 0xBDB4, 0xBDB4, 0xBDB4, 0xBDD5,
    0xBDB4, 0xBDD5, 0xBDD5, 0xBDB4, 0xBDB4, 0xBDB4, 0xB573, 0xA4D1, 0xAD12, 0xBDB4, 0xBDD4, 0xBDD4,
    0xBDD4, 0xBDB4, 0xBDB4, 0xBDB4, 0xBDD4, 0xBDD5, 0xBDD4, 0xBDD4, 0xBDB4, 0xBDB4, 0xBDB4, 0xA511,
    0xAD32, 0xB573, 0xBD94, 0xBDB4, 0xBDB4, 0xBDB4, 0xBDB4, 0xBDB4, 0xBDB4, 0xBDB4, 0xBDB4, 0xBDB4,
    0xBDB4, 0xBDB4, 0xB593, 0xA4D1, 0xB573, 0xB573, 0xBD94, 0xBDB4, 0xBDB4, 0xBDD5, 0xBDB4, 0xBDB4,
    0xBDB4, 0xBDB4, 0xB593, 0xBDD4, 0xBDD4, 0xBDD4, 0xBD94, 0xA4F1, 0xB552, 0xB593, 0xB573, 0xBDB4,
    0xBDB4, 0xBDB4, 0xBDB4, 0xBDB4, 0xBDD5, 0xBDD4, 0xBDB4, 0xBDB4, 0xBDD5, 0xBDD5, 0xB594, 0xA4F1,
    0xA511, 0xBDB4, 0xBDD4, 0xBDD4, 0xBDD5, 0xBDD5, 0xBDB4, 0xBDB4, 0xBDB4, 0xBDB4, 0xBDB4, 0xBDB4,
    0xBDB4, 0xBDB4, 0xBD94, 0xA4F1, 0xAD52, 0xB593, 0xBD94, 0xBDD4, 0xBDB4, 0xBDB4, 0xBDB4, 0xBDB4,
    0xBDB4, 0xBDB4, 0xBDD4, 0xBDD4, 0xBDB4, 0xBDB4, 0xBD94, 0xA4F1, 0xB573, 0xB573, 0xBDB4, 0xBDD5,
    0xBDD5, 0xC5D5, 0xBDD5, 0xBDD4, 0xBDD4, 0xBDD4, 0xBDB4, 0xBDB4, 0xBDB4, 0xBDB4, 0xBD94, 0xA4F1,
    0xAD52, 0xB593, 0xBD94, 0xBD94, 0xBDB4, 0xBDB4, 0xBDB4, 0xBDB4, 0xC5D5, 0xBDD5, 0xBDD5, 0xBDD5,
    0xBDD4, 0xBDD5, 0xBDB4, 0xA512, 0xAD32, 0xBDB4, 0xBDD4, 0xC5F5, 0xC5F5, 0xC5F5, 0xBDD5, 0xBDD4,
    0xBDB4, 0xBDB4, 0xBDD5, 0xBDB4, 0xBDD4, 0xBDD4, 0xB593, 0xA4D1, 0xAD32, 0xBD94, 0xBDB4, 0xBDB4,
    0xBDB4, 0xBDD4, 0xBDB4, 0xBDB4, 0xBDD4, 0xBDD4, 0xBDD4, 0xBDD4, 0xBDD5, 0xBDB4, 0xBD94, 0xA4F1,
    0xB593, 0xBDD4, 0xBDD5, 0xC5F5, 0xC5D5, 0xBDD5, 0xBDD4, 0xBDD4, 0xBDD5, 0xBDD4, 0xBDB4, 0xBDB4,
    0xBDB4, 0xBDB4, 0xBD94, 0xA4F1, 0xB573, 0xBD94, 0xBD93, 0xBDB4, 0xBDD4, 0xBDB4, 0xBD94, 0xBDB4,
    0xBDB4, 0xBDB4, 0xBDD4, 0xBDB4, 0xBDB4, 0xBDD5, 0xBDB4, 0xAD12, 0xAD52, 0xBDD5, 0xC5D5, 0xC5F5,
    0xC5F5, 0xC5F5, 0xC5F5, 0xC5D5, 0xBDD4, 0xC5D5, 0xBDB4, 0xBDB4, 0xBDB4, 0xBDD4, 0xB593, 0xA4F1,
    0xAD32, 0xB593, 0xBDB4, 0xBDB4, 0xBDD5, 0xBDD4, 0xBDB4, 0xBD93, 0xBDB4, 0xBDB4, 0xBDD4, 0xBDD4,
    0xBDD4, 0xBDD4, 0xB573, 0x9CB0, 0xB594, 0xBDD5, 0xBDD5, 0xBDD5, 0xBDD5, 0xC5D5, 0xBDD4, 0xBDB4,
    0xBDD5, 0xBDB4, 0xBDB4, 0xBDB4, 0xBDD4, 0xBDD4, 0xBDB4, 0xA4F1, 0xB573, 0xBD94, 0xB593, 0xBDB4,
    0xBDD5, 0xBDB4, 0xBD94, 0xBD94, 0xBDB4, 0xBDB4, 0xBDB4, 0xBDB4, 0xBDB4, 0xBDB4, 0xBDB4, 0xAD32,
    0xAD52, 0xBDD4, 0xBDD5, 0xBDD5, 0xBDD5, 0xC5F5, 0xC5F5, 0xC5F5, 0xBDD4, 0xBDB4, 0xBDB4, 0xBDB4,
    0xBDB4, 0xC5D5, 0xBDB4, 0xA4F1, 0xAD32, 0xB573, 0xBDB4, 0xBDB4, 0xBDB4, 0xBDB4, 0xBDB4, 0xBDB4,
    0xBDB4, 0xBD94, 0xBDD4, 0xBDD4, 0xBDD4, 0xC5D5, 0xB594, 0x9CB0, 0xB553, 0xBD94, 0xBDD4, 0xBDB4,
    0xBDB4, 0xBDD5, 0xBDB4, 0xBDD5, 0xBDB4, 0xBDB4, 0xB593, 0xBD93, 0xBDB4, 0xBDD5, 0xB573, 0xA4D1,
    0xB573, 0xB593, 0xBD94, 0xBDB4, 0xBDD4, 0xBDB4, 0xBD93, 0xBD94, 0xBDB4, 0xBDB4, 0xBD94, 0xBDB4,
    0xBDD4, 0xBDB4, 0xBDB4, 0xAD32, 0xB573, 0xBDD5, 0xBDD4, 0xBDB4, 0xBDD4, 0xC5F5, 0xC5F5, 0xBDD5,
    0xBDB4, 0xBDD5, 0xBDD4, 0xBDD4, 0xBDD4, 0xBDB4, 0xBDB4, 0xAD12, 0xAD52, 0xBD94, 0xBDB4, 0xBD94,
    0xB593, 0xBD93, 0xBDB4, 0xBD94, 0xBDB4, 0xBDB4, 0xBDD4, 0xBDD4, 0xBDB4, 0xBDD4, 0xBDB4, 0xA4F1,
    0xB573, 0xBDB4, 0xBDB4, 0xBDB4, 0xBDB4, 0xBDB4, 0xBDB4, 0xBDD5, 0xC5D5, 0xBDB4, 0xBDB4, 0xBDB4,
    0xBDB4, 0xBDD4, 0xB593, 0xA4F1, 0xB573, 0xB593, 0xBDB4, 0xBD94, 0xBDB4, 0xB593, 0xB573, 0xB573,
    0xBD94, 0xBDB4, 0xBDB4, 0xBDD5, 0xBDD5, 0xBDB4, 0xBD94, 0xA512, 0xB573, 0xBDD4, 0xC5D5, 0xBDD4,
    0xBDB4, 0xBDD4, 0xC5D5, 0xBDD5, 0xBDD4, 0xBDD5, 0xC5D5, 0xC5D5, 0xBDD4, 0xBDB4, 0xBDB4, 0xA4F1,
    0xAD52, 0xBDB4, 0xBDB4, 0xBDB4, 0xB593, 0xB593, 0xBD94, 0xBD94, 0xBDB4, 0xBDD4, 0xBDD4, 0xBDB4,
    0xBDD5, 0xBDD5, 0xBD94, 0xA511, 0xB573, 0xBDB4, 0xBDD4, 0xBDB4, 0xBDB4, 0xBDB4, 0xBDB4, 0xBDD4,
    0xC5D5, 0xBDB4, 0xBD94, 0xBDB4, 0xBDB4, 0xBDD4, 0xB593, 0xA4F1, 0xB573, 0xBD93, 0xBD93, 0xBDB4,
    0xBDB4, 0xBD93, 0xBD94, 0xBD94, 0xBDB4, 0xBDB4, 0xBDB4, 0xBDB4, 0xBDB4, 0xBDB4, 0xBD94, 0xAD12,
    0xB593, 0xBDB4, 0xBDD4, 0xBDD4, 0xBDB4, 0xBDD5, 0xBDD4, 0xBDB4, 0xBDB4, 0xBDD5, 0xC5D5, 0xC5D5,
    0xC5D5, 0xC5D5, 0xBDB4, 0xA4F1, 0xAD52, 0xBD94, 0xBD93, 0xB593, 0xBD93, 0xBD93, 0xBDB4, 0xBDB4,
    0xBDD4, 0xBDD4, 0xBDB4, 0xBDB4, 0xBDD5, 0xBDD5, 0xBDB4, 0xA511, 0xB553, 0xB593, 0xBD94, 0xBD94,
    0xBD94, 0xBDB4, 0xB593, 0xB594, 0xBD93, 0xBD93, 0xBD94, 0xBDB4, 0xBDB4, 0xBD93, 0xB552, 0xA4F1,
    0xB553, 0xB572, 0xB593, 0xBD93, 0xB573, 0xB593, 0xB593, 0xB573, 0xB593, 0xB573, 0xB573, 0xB573,
    0xB594, 0xB593, 0xB573, 0xA4F2, 0xB573, 0xBD94, 0xBD94, 0xBDB4, 0xBD94, 0xBDB4, 0xBDB4, 0xBD94,
    0xBDB4, 0xBD94, 0xBDB4, 0xB593, 0xBDB4, 0xBDB4, 0xB593, 0xA4D1, 0xAD32, 0xB593, 0xBD93, 0xB593,
    0xBD94, 0xB573, 0xB593, 0xBD94, 0xBDB4, 0xBD94, 0xB594, 0xB593, 0xBDB4, 0xBDB4, 0xB553, 0xA4F1,
    0xA511, 0xA4F1, 0xA4F1, 0xA4F1, 0xA4F1, 0xA4D1, 0x9CD0, 0xA4D1, 0xA4F1, 0xA4F1, 0xA4F1, 0xA4D1,
    0xA4F1, 0xA511, 0xA4F1, 0x9CD0, 0xA4F1, 0xA4F1, 0xA4F1, 0xA4D0, 0xA4D1, 0xA4D1, 0x9CD0, 0x9CB0,
    0xA4D0, 0x9CD0, 0x9CB0, 0x9CD1, 0xA4F1, 0xA4D1, 0xA4F1, 0x9CB0, 0xA4F1, 0xA4F1, 0xA4F1, 0xA511,
    0xA4F1, 0xA4D0, 0xA4F1, 0xA4F1, 0xA4F1, 0xA4D1, 0xA4D1, 0xA4D0, 0xA511, 0xA511, 0xA4F1, 0x9CB0,
    0xA511, 0xA4F1, 0xAD12, 0xA4F1, 0xA511, 0xA4F1, 0xA4F1, 0xA511, 0xAD32, 0xA511, 0xA511, 0xA511,
    0xAD32, 0xA511, 0xA4F1, 0x9CB0, 0xAD12, 0xAD52, 0xB593, 0xB573, 0xBDB4, 0xBD94, 0xB573, 0xAD32,
    0xAD32, 0xAD32, 0xAD52, 0xAD52, 0xB573, 0xB593, 0xAD53, 0xA511, 0xB573, 0xB573, 0xB593, 0xB594,
    0xB593, 0xBDB4, 0xB593, 0xB573, 0xB593, 0xB593, 0xAD52, 0xAD53, 0xB573, 0xB573, 0xB553, 0xA511,
    0xAD32, 0xAD32, 0xB573, 0xAD53, 0xAD52, 0xB573, 0xB553, 0xAD52, 0xB573, 0xB553, 0xB553, 0xB553,
    0xB573, 0xB573, 0xAD53, 0xAD32, 0xB573, 0xB573, 0xB573, 0xB593, 0xB573, 0xB573, 0xB573, 0xB573,
    0xB573, 0xB573, 0xB594, 0xB573, 0xB594, 0xBD94, 0xB573, 0xA4F1, 0xB552, 0xBDB4, 0xC5F5, 0xBDD4,
    0xBDD5, 0xBDD4, 0xBDD4, 0xBDB4, 0xBDD4, 0xBDB4, 0xBDD4, 0xBDB4, 0xBD94, 0xBDB4, 0xB593, 0xA4F1,
    0xAD53, 0xBDB4, 0xBDB4, 0xBDB4, 0xBDB4, 0xBDD4, 0xBDD4, 0xBDD5, 0xBDD4, 0xBDB4, 0xBDB4, 0xB593,
    0xBDB4, 0xBDD4, 0xBD94, 0xAD32, 0xAD52, 0xB593, 0xBDB4, 0xBD94, 0xB573, 0xBDB4, 0xBDB4, 0xBDB4,
    0xBDB4, 0xBDB4, 0xBDB4, 0xBDB4, 0xBDB4, 0xBDB4, 0xB593, 0xAD12, 0xB573, 0xB593, 0xBDB4, 0xBDD4,
    0xBDD4, 0xBDB4, 0xBDB4, 0xBDB4, 0xBD94, 0xBDB4, 0xBDB4, 0xBDB4, 0xBDD4, 0xC5D5, 0xBDB4, 0xAD12,
    0xB594, 0xBDB4, 0xBDD4, 0xBDD4, 0xBDB4, 0xBDD5, 0xBDD4, 0xBDB4, 0xBDD4, 0xBD94, 0xBDB4, 0xBDB4,
    0xBDB4, 0xBDD4, 0xB593, 0xA4F1, 0xAD52, 0xBDB4, 0xBD94, 0xBD93, 0xBD94, 0xBDD4, 0xC5D5, 0xC5D5,
    0xBDB4, 0xBD93, 0xBD93, 0xBD93, 0xBDB4, 0xBDD4, 0xBD94, 0xAD32, 0xB573, 0xBD94, 0xBDD4, 0xBDB4,
    0xBD93, 0xB593, 0xBDB4, 0xBDB4, 0xBDB4, 0xBDB4, 0xBDB4, 0xBDB4, 0xBDB4, 0xBDD4, 0xBD94, 0xAD12,
    0xAD52, 0xBDB4, 0xBDB4, 0xBDB4, 0xBDD4, 0xBDB4, 0xBDB4, 0xBDB4, 0xBDB4, 0xBDB4, 0xBDB4, 0xBDD4,
    0xBDD5, 0xBDB4, 0xBD94, 0xAD32, 0xBD94, 0xBDB4, 0xBDB4, 0xBDB4, 0xBDB4, 0xBDD4, 0xBDB4, 0xBDD4,
    0xC5D5, 0xBDD4, 0xBDB4, 0xBDB4, 0xBDB4, 0xBDD4, 0xB593, 0x9CD1, 0xB553, 0xBDB4, 0xBDB4, 0xBDB4,
    0xBD94, 0xBDD4, 0xBDB4, 0xBDB4, 0xBDB4, 0xBDB4, 0xBDB4, 0xBDB4, 0xBDB4, 0xBDB4, 0xB593, 0xA4F1,
    0xAD32, 0xB593, 0xBDD4, 0xBDB4, 0xBDB4, 0xBD93, 0xBD94, 0xBDB4, 0xBDB4, 0xBDB4, 0xBDB4, 0xBDB4,
    0xBDB4, 0xBDD4, 0xB594, 0xA4F1, 0xAD53, 0xBDB4, 0xBDD4, 0xBDB4, 0xBDD5, 0xBDD4, 0xBDB4, 0xBDD4,
    0xBDB4, 0xBD94, 0xBDB4, 0xBDB4, 0xBDD4, 0xBDB4, 0xBD94, 0xAD12, 0xB573, 0xBDB4, 0xBDD4, 0xBDD4,
    0xBDD4, 0xBDD4, 0xBDB4, 0xBDD4, 0xBDB4, 0xBDB4, 0xBDD4, 0xBDB4, 0xBDB4, 0xBDD4, 0xBDB4, 0xA4F1,
    0xAD52, 0xBD94, 0xBDB4, 0xBDD4, 0xBDD4, 0xC5D5, 0xBDB4, 0xBDB4, 0xBDB4, 0xBDD4, 0xBDD4, 0xBDD4,
    0xBDB4, 0xBDD4, 0xBDB4, 0xAD12, 0xAD52, 0xBDB4, 0xBDD4, 0xBDB4, 0xBDD4, 0xBDB4, 0xBDB4, 0xBDB4,
    0xBDB4, 0xBDD4, 0xBDB4, 0xBDB4, 0xBDB4, 0xBDB4, 0xB593, 0xA511, 0xB593, 0xBDB4, 0xBDB4, 0xBDD5,
    0xC5D5, 0xBDB4, 0xBDD4, 0xBDD4, 0xBDD4, 0xBDB4, 0xBDD4, 0xBDB4, 0xBDD4, 0xBDD4, 0xBDB4, 0xA4F1,
    0xB594, 0xBDD4, 0xC5D5, 0xBDD4, 0xC5D5, 0xC5F5, 0xBDD4, 0xC5D5, 0xBDD5, 0xBDD5, 0xBDD5, 0xBDD4,
    0xBDD5, 0xBDD5, 0xBD94, 0xA4F1, 0xB553, 0xBD94, 0xBD94, 0xBDB4, 0xBDD4, 0xBDB4, 0xBDB4, 0xBDB4,
    0xBDB4, 0xBDD4, 0xBDD4, 0xBDD4, 0xBDB4, 0xBDD4, 0xBDB4, 0xAD12, 0xB593, 0xBDB4, 0xBD93, 0xB593,
    0xBDB4, 0xBDB4, 0xBDB4, 0xBDB4, 0xBDB4, 0xBDB4, 0xBDB4, 0xBDD4, 0xBDD4, 0xBDD4, 0xBDB4, 0xA511,
    0xBD94, 0xBDB4, 0xBD93, 0xBDB4, 0xBDB4, 0xBDD4, 0xBDD4, 0xBDB4, 0xBDD4, 0xBDD4, 0xBDB4, 0xBDB4,
    0xBDD4, 0xC5D4, 0xBD94, 0xA4D1, 0xB593, 0xBDD4, 0xC5D5, 0xC5D5, 0xBDD4, 0xC5D5, 0xBDD4, 0xBDB4,
    0xBDD5, 0xBDD5, 0xBDD5, 0xBDD5, 0xBDD5, 0xBDB4, 0xB593, 0xA4F1, 0xAD53, 0xBDB4, 0xBDB4, 0xBDB4,
    0xBDB4, 0xBD93, 0xBDB4, 0xBDD4, 0xBDD4, 0xBDD5, 0xBDD5, 0xBDD5, 0xBDB4, 0xBDB4, 0xBD94, 0xAD32,
    0xBD94, 0xBDD4, 0xBD93, 0xBD94, 0xBD94, 0xBDD4, 0xBDB4, 0xBDB4, 0xBDB4, 0xBDB4, 0xBDB4, 0xBDB4,
    0xBDD5, 0xBDD4, 0xBD94, 0xA4F1, 0xB573, 0xBD93, 0xBD94, 0xBD94, 0xBDB4, 0xBDD4, 0xBDB4, 0xBDB4,
    0xBDD4, 0xBDD4, 0xBDB4, 0xBDD4, 0xBDD4, 0xBDD4, 0xBDB4, 0xAD32, 0xBD94, 0xBDD5, 0xBDD4, 0xBDD4,
    0xBDD4, 0xC5D5, 0xBDD4, 0xBDB4, 0xBDD4, 0xBDD4, 0xBDD4, 0xBDB4, 0xBDB4, 0xBDD5, 0xBDB4, 0xA512,
    0xB593, 0xBDB4, 0xBDB4, 0xBDB4, 0xBDB4, 0xBDB4, 0xBDB4, 0xBDB4, 0xBDB4, 0xBDD5, 0xC5D5, 0xBDD4,
    0xBDB4, 0xBDD4, 0xBDB4, 0xAD32, 0xB594, 0xBDB4, 0xBD93, 0xBD94, 0xBD94, 0xBDB4, 0xBD94, 0xBD94,
    0xBD93, 0xBD94, 0xBDB4, 0xBDB4, 0xBDD4, 0xBDB4, 0xBD94, 0xA4F1, 0xB594, 0xBDB4, 0xBDB4, 0xBD94,
    0xBDB4, 0xBDD4, 0xBDB4, 0xBDB4, 0xBDD4, 0xBDB4, 0xBDB4, 0xBDB4, 0xBDD4, 0xBDD4, 0xBDB4, 0xAD53,
    0xB593, 0xBDB4, 0xBDB4, 0xBDD4, 0xBDB4, 0xBDD4, 0xBDD4, 0xBDB4, 0xBDB4, 0xBDD4, 0xBDB4, 0xBDD4,
    0xBDD4, 0xBDD4, 0xBDB4, 0xA512, 0xB573, 0xBD94, 0xBDB4, 0xBDD4, 0xBDD4, 0xBDD4, 0xBDB4, 0xBDB4,
    0xBDB4, 0xBDD4, 0xBDD4, 0xBDD4, 0xBDD4, 0xC5D5, 0xBDB4, 0xAD32, 0xB573, 0xBDB4, 0xBDB4, 0xBDB4,
    0xBD94, 0xBD94, 0xBD94, 0xBDB4, 0xBDB4, 0xBDB4, 0xBDB4, 0xB594, 0xBDB4, 0xBDB4, 0xBDB4, 0xA512,
    0xB593, 0xB593, 0xBDB4, 0xBDB4, 0xBDD4, 0xBDD4, 0xBDB4, 0xBDB4, 0xBDB4, 0xBDB4, 0xBDD4, 0xBDD4,
    0xBDD4, 0xBDD4, 0xBDB4, 0xB553, 0xB573, 0xBDB4, 0xBDB4, 0xBDD4, 0xBDB4, 0xBDD4, 0xBDD4, 0xBDD4,
    0xBDB4, 0xBDD4, 0xBDB4, 0xBDD5, 0xBDD5, 0xBDB4, 0xBDB4, 0xA512, 0xB573, 0xB593, 0xBDB4, 0xBDD4,
    0xBDD4, 0xBDD4, 0xBDB4, 0xBDB4, 0xBDB4, 0xBDD4, 0xBDD4, 0xBDD4, 0xBDD4, 0xC5D5, 0xBDB4, 0xA511,
    0xAD32, 0xB593, 0xBDB4, 0xBD94, 0xBDB4, 0xBDB4, 0xBD94, 0xBDB4, 0xBDB4, 0xBDD5, 0xBDB4, 0xBDB4,
    0xBDD4, 0xBDD4, 0xBDB4, 0xA4F1, 0xB573, 0xBDB4, 0xBDD4, 0xC5D5, 0xC5D5, 0xBDD5, 0xBDD4, 0xBDB4,
    0xBDD4, 0xBDD4, 0xC5D5, 0xBDD4, 0xBDD4, 0xBDD4, 0xBDB4, 0xAD52, 0xB594, 0xBDB4, 0xBDB4, 0xBDD4,
    0xBDD4, 0xBDD5, 0xBDD4, 0xBDD4, 0xBDB4, 0xBDD5, 0xBD94, 0xBDB4, 0xBDD5, 0xBDB4, 0xB593, 0xA512,
    0xB593, 0xBDB4, 0xBDD4, 0xBDB4, 0xBDD4, 0xBDD4, 0xBDD4, 0xBDB4, 0xBDD4, 0xBDD4, 0xC5D5, 0xBDD4,
    0xBDD4, 0xBDB4, 0xBD94, 0xA512, 0xB573, 0xBD94, 0xBDB4, 0xBDB4, 0xBDD4, 0xBDB4, 0xBDD4, 0xBDD4,
    0xBDD4, 0xBDB4, 0xBDB4, 0xBDB4, 0xBDB4, 0xBDD5, 0xBDB4, 0xA4F1, 0xB573, 0xBDB4, 0xBDB4, 0xBDD4,
    0xC5D5, 0xC5D5, 0xC5D5, 0xBDD5, 0xBDD5, 0xBDB4, 0xBDB4, 0xBDD5, 0xBDD5, 0xBDD5, 0xBDB4, 0xAD52,
    0xBDB4, 0xBD94, 0xBDB4, 0xBDB4, 0xBDD4, 0xBDD4, 0xBDB4, 0xBDD4, 0xBD93, 0xBDD5, 0xBDB4, 0xB594,
    0xBDB4, 0xBDD5, 0xBDD4, 0xAD12, 0xB573, 0xBDB4, 0xBDB4, 0xBDD4, 0xC5D5, 0xBDD5, 0xBDB4, 0xBDD4,
    0xBDD4, 0xBDD4, 0xC5F5, 0xC5D5, 0xBDD4, 0xBDB4, 0xB594, 0xAD12, 0xB593, 0xBDB4, 0xBDB4, 0xBDB4,
    0xBDD4, 0xBDB4, 0xBDB4, 0xBDB4, 0xBDD4, 0xBDD5, 0xBDB4, 0xC5D5, 0xBDD5, 0xBDB4, 0xB594, 0xA4D1,
    0xB573, 0xBDB4, 0xBDD4, 0xBDD5, 0xC5D5, 0xBDD5, 0xBDD5, 0xC5F5, 0xC5D5, 0xBDB4, 0xBDB4, 0xBDD4,
    0xC5D5, 0xC5D5, 0xBDB4, 0xAD53, 0xBD94, 0xBD94, 0xBDB4, 0xBD94, 0xBDB4, 0xBDB4, 0xBDB4, 0xBDB4,
    0xBDB4, 0xBDB4, 0xBD94, 0xBDB4, 0xBDD4, 0xBDD5, 0xBDD4, 0xA512, 0xAD53, 0xBDB4, 0xBD94, 0xBDD4,
    0xBDD5, 0xBDD4, 0xBDD4, 0xBDB4, 0xBDB4, 0xBDD4, 0xC5D5, 0xBDD5, 0xBDD4, 0xBDB4, 0xB573, 0xAD12,
    0xB593, 0xBDB4, 0xBDB4, 0xBDB4, 0xBDB4, 0xBDB4, 0xBDB4, 0xBDB4, 0xBDB4, 0xBDB4, 0xBDB4, 0xBDD4,
    0xBDD4, 0xBDD4, 0xBD94, 0xA4F1, 0xB573, 0xBDB4, 0xBDB4, 0xBDD4, 0xBDD5, 0xC5F5, 0xBDD4, 0xBDD5,
    0xBDD4, 0xBDB4, 0xBDD4, 0xC5F5, 0xBDD5, 0xBDD4, 0xBDB4, 0xAD12, 0xBD94, 0xBDB4, 0xBDB4, 0xBD94,
    0xBD94, 0xBDB4, 0xBD94, 0xBDB4, 0xBDB4, 0xBDB4, 0xBDB4, 0xBDD4, 0xBDD5, 0xBDB4, 0xB593, 0xA511,
    0xB573, 0xBDB4, 0xBDB4, 0xBDB4, 0xBDB4, 0xBDD4, 0xBDD4, 0xBDD4, 0xBDB4, 0xBDD4, 0xBDD4, 0xBDD4,
    0xBDD4, 0xBD94, 0xB573, 0xA512, 0xBDB4, 0xBDB4, 0xBDB4, 0xBDB4, 0xBDD4, 0xBDB4, 0xBDB4, 0xBDD4,
    0xBDB4, 0xBD93, 0xBDB4, 0xBDB4, 0xBD94, 0xBDB4, 0xB593, 0xA4F1, 0xB573, 0xBD94, 0xBDB4, 0xBDB4,
    0xBDD5, 0xC5D5, 0xBDB4, 0xBDD4, 0xBDD4, 0xBDB4, 0xBDB4, 0xBDD5, 0xC5D5, 0xBDB4, 0xB573, 0xA512,
    0xB594, 0xB573, 0xB573, 0xB593, 0xBDB4, 0xBD94, 0xB573, 0xB573, 0xBD94, 0xB573, 0xB594, 0xB594,
    0xBDB4, 0xBDB4, 0xB553, 0xA4D1, 0xAD32, 0xB573, 0xBDB4, 0xBDB4, 0xB593, 0xBD94, 0xBDB4, 0xB594,
    0xB573, 0xB593, 0xB593, 0xB593, 0xB593, 0xB573, 0xB573, 0xA4F1, 0xB573, 0xB553, 0xBD94, 0xBD94,
    0xBD94, 0xBD94, 0xB593, 0xB594, 0xB593, 0xB573, 0xB593, 0xB573, 0xB573, 0xB593, 0xB553, 0xA4D1,
    0xAD32, 0xB553, 0xB593, 0xB593, 0xB594, 0xBDB4, 0xBDB4, 0xBDB4, 0xBDB4, 0xB573, 0xB593, 0xB573,
    0xB573, 0xB573, 0xB573, 0xA4F1, 0xA4F1, 0xA4F1, 0x9CD0, 0x9CD0, 0xA4F1, 0xA4F1, 0x9CD0, 0xA4F1,
    0xA4D1, 0xA4F1, 0xA4F1, 0xA4F1, 0xA4F1, 0xAD12, 0xA4F1, 0x9CD1, 0xA4D1, 0xA4D1, 0xA4F1, 0xA4D1,
    0x9CB0, 0x9CD0, 0xA4D1, 0xA4F1, 0x9CD0, 0xA4F1, 0xA4F1, 0xA4F1, 0xA4D1, 0x9CD0, 0x9CD0, 0x9CB0,
    0xA4F1, 0x9CD0, 0xA4F1, 0xA4F1, 0x9CD0, 0xA4D1, 0xA4F1, 0xA4F1, 0xA4D1, 0xA4F1, 0xA4F1, 0xA4F1,
    0xA4D1, 0xA4F1, 0xA4F1, 0x9CD1, 0xA4D1, 0x9CB0, 0x9CB0, 0x9CB0, 0xA4D1, 0xA4F1, 0xA4F1, 0xA511,
    0xA4F1, 0xA4F1, 0x9CD0, 0xA4F1, 0xA4D0, 0xA4F1, 0xA4F1, 0x9C90, 0xB553, 0xB573, 0xB573, 0xAD52,
    0xB553, 0xB573, 0xAD32, 0xAD32, 0xAD32, 0xAD52, 0xB573, 0xB573, 0xB573, 0xB593, 0xAD53, 0xA4F1,
    0xAD32, 0xB553, 0xB594, 0xB573, 0xB573, 0xB593, 0xB573, 0xB573, 0xB553, 0xB573, 0xB573, 0xB573,
    0xB573, 0xB553, 0xAD52, 0xA4F1, 0xB573, 0xB573, 0xB573, 0xB573, 0xB553, 0xB573, 0xB573, 0xAD53,
    0xB553, 0xB573, 0xB593, 0xB573, 0xB573, 0xB553, 0xAD52, 0xA4F1, 0xB573, 0xB553, 0xAD52, 0xB573,
    0xB573, 0xB573, 0xAD52, 0xB573, 0xB573, 0xB573, 0xB573, 0xB593, 0xB594, 0xB573, 0xB553, 0xA4F1,
    0xBDB4, 0xBD94, 0xBDB4, 0xBD94, 0xBDB4, 0xBDB4, 0xB594, 0xBD94, 0xBDB4, 0xBDB4, 0xBDB4, 0xBDB4,
    0xBDB4, 0xBDD4, 0xBD94, 0xA511, 0xAD32, 0xBDB4, 0xBDB4, 0xBDB4, 0xBDB4, 0xBDD4, 0xBDB4, 0xBDB4,
    0xBDB4, 0xBDD4, 0xBDB4, 0xBDB4, 0xBD94, 0xBD94, 0xBD94, 0xA512, 0xB553, 0xB593, 0xBDB4, 0xBD94,
    0xBD94, 0xBDB4, 0xBD94, 0xBD94, 0xBDB4, 0xBDB4, 0xBDB4, 0xB573, 0xBD93, 0xBD94, 0xB594, 0xA512,
    0xB573, 0xBD94, 0xBDB4, 0xBDD4, 0xB593, 0xB593, 0xBDB4, 0xBDB4, 0xBDB4, 0xBDB4, 0xBDB4, 0xBDB4,
    0xBDB4, 0xBDD4, 0xBDB4, 0xA512, 0xBD94, 0xBD94, 0xBDB4, 0xBD94, 0xBDB4, 0xBDB4, 0xBDB4, 0xBDB4,
    0xBDD4, 0xBDD5, 0xBDD5, 0xBDD5, 0xBDD4, 0xBDD4, 0xB594, 0xA4F1, 0xAD52, 0xBDB4, 0xBDB4, 0xBDB4,
    0xBDD5, 0xC5D5, 0xBDD4, 0xBDD4, 0xC5D5, 0xBDD5, 0xBDD4, 0xBDB4, 0xBDB4, 0xBDB4, 0xBD94, 0xA4F1,
    0xAD32, 0xBD94, 0xBDB4, 0xB594, 0xBDB4, 0xBDB4, 0xBDB4, 0xBDB4, 0xBD94, 0xBDB4, 0xBD94, 0xBD94,
    0xBDB4, 0xBDB4, 0xB593, 0xA4F1, 0xAD52, 0xB573, 0xB573, 0xBDB4, 0xB573, 0xBDB4, 0xBDB4, 0xBDD4,
    0xBDD4, 0xBDB4, 0xBDB4, 0xBDD4, 0xBDD5, 0xC5D5, 0xBDB4, 0xA4D1, 0xB594, 0xB594, 0xBD93, 0xB573,
    0xBDB4, 0xBDB4, 0xBD94, 0xBDB4, 0xC5D5, 0xBDD5, 0xBDD5, 0xBDD5, 0xBDB4, 0xBDB4, 0xB594, 0xA4F1,
    0xAD52, 0xBDB4, 0xBDD4, 0xBDD4, 0xBDD5, 0xC5D5, 0xBDD5, 0xBDD4, 0xC5D5, 0xBDD4, 0xBDD4, 0xBDB4,
    0xBDB4, 0xBDB4, 0xBD94, 0xA511, 0xAD32, 0xBDB4, 0xBD94, 0xBDB4, 0xBDB4, 0xBDB4, 0xBD94, 0xBDB4,
    0xBDB4, 0xBDB4, 0xBDB4, 0xBDB4, 0xBDB4, 0xBDB4, 0xBDB4, 0xA512, 0xB553, 0xBD93, 0xB573, 0xBDB4,
    0xBDB4, 0xBDD4, 0xBDD4, 0xBDB4, 0xBDD4, 0xBDD4, 0xBDD5, 0xBDD4, 0xBDD5, 0xBDD5, 0xB594, 0x9CB0,
    0xB594, 0xB573, 0xBD94, 0xBD94, 0xBD94, 0xBD94, 0xBD94, 0xBDB4, 0xBDB4, 0xBDD5, 0xBDD5, 0xBDD4,
    0xBDD4, 0xBDB4, 0xBDB4, 0xA512, 0xB553, 0xBDB4, 0xBDB4, 0xBDB4, 0xBDB4, 0xBDD5, 0xBDD5, 0xBDD4,
    0xBDD4, 0xBDD5, 0xBDB4, 0xBDB4, 0xBDB4, 0xBDD4, 0xBDB4, 0xAD12, 0xAD32, 0xBDB4, 0xBDB4, 0xBDB4,
    0xBDD4, 0xBDD4, 0xBDB4, 0xBDB4, 0xBDB4, 0xBDB4, 0xBD94, 0xBD94, 0xBD94, 0xBDB4, 0xBDB4, 0xAD12,
    0xB573, 0xBDB4, 0xBDD4, 0xBDD4, 0xBDD4, 0xBDB4, 0xBDD4, 0xBDB4, 0xBDB4, 0xBDD4, 0xBDB4, 0xBDB4,
    0xBDD4, 0xBDB4, 0xB573, 0x9CD1, 0xB573, 0xB573, 0xB593, 0xBD94, 0xBD94, 0xBDB4, 0xBDB4, 0xBDB4,
    0xBDD5, 0xC5D5, 0xBDD5, 0xBDB4, 0xBDB4, 0xBDB4, 0xB593, 0xA511, 0xB573, 0xBDB4, 0xBDB4, 0xBDB4,
    0xBDB4, 0xBDB4, 0xBDB4, 0xBDB4, 0xBDD4, 0xC5D5, 0xBDD4, 0xBDD4, 0xBDD4, 0xBDB4, 0xB573, 0xA511,
    0xB553, 0xBD94, 0xBDB4, 0xBDD4, 0xBDD4, 0xBDD4, 0xBDB4, 0xBDD4, 0xBDB4, 0xBDB4, 0xBD94, 0xBDB4,
    0xBDB4, 0xBDB4, 0xBDB4, 0xA512, 0xB553, 0xBDB4, 0xBDB4, 0xBDD4, 0xBDB4, 0xBDB4, 0xBDB4, 0xBDB4,
    0xBDB4, 0xBDB4, 0xBDB4, 0xBDB4, 0xBDB4, 0xB593, 0xB573, 0xA4F1, 0xB593, 0xBD93, 0xBDB4, 0xBDB4,
    0xBD94, 0xBDB4, 0xB593, 0xBDB4, 0xBDD4, 0xBDD5, 0xBDB4, 0xBDB4, 0xBDB4, 0xBDD4, 0xBD94, 0xAD32,
    0xB573, 0xBDB4, 0xBDB4, 0xBDB4, 0xBDD4, 0xBDB4, 0xBDB4, 0xBDB4, 0xBDB4, 0xBDD4, 0xBDD4, 0xBDD4,
    0xBDD4, 0xBDB4, 0xB593, 0xA511, 0xB573, 0xBDB4, 0xBDB4, 0xBDB4, 0xBDB4, 0xBDB4, 0xBDB4, 0xBDB4,
    0xBDD4, 0xBDD4, 0xBDB4, 0xBDB4, 0xBDB4, 0xBDD4, 0xBDB4, 0xA4F1, 0xAD32, 0xB593, 0xBDB4, 0xBDB4,
    0xBDB4, 0xBDD5, 0xBDB4, 0xBDB4, 0xBDB4, 0xBDB4, 0xBDB4, 0xBD94, 0xBDB4, 0xBDB4, 0xB573, 0x9CD1,
    0xB593, 0xBDB4, 0xBDD4, 0xBDB4, 0xBDB4, 0xBDB4, 0xBDD4, 0xBDD5, 0xBDD5, 0xBDD5, 0xBDD4, 0xBDB4,
    0xBDB4, 0xBDB4, 0xBD94, 0xAD12, 0xB573, 0xBD93, 0xBD94, 0xBDB4, 0xBDD4, 0xBDD4, 0xBDB4, 0xBDB4,
    0xBDD4, 0xBDD4, 0xBDB4, 0xBDB4, 0xBDD4, 0xBDD5, 0xBDB4, 0xA512, 0xB573, 0xBDB4, 0xBDB4, 0xBDB4,
    0xBDB4, 0xBDB4, 0xBDB4, 0xBDB4, 0xBDD4, 0xBDB4, 0xBDB4, 0xBDB4, 0xBDD4, 0xBDD4, 0xBD93, 0x9CD1,
    0xAD52, 0xBD94, 0xBDB4, 0xBDB4, 0xBDB4, 0xBDB4, 0xBD94, 0xBDB4, 0xBD94, 0xBDB4, 0xBDB4, 0xBDB4,
    0xBDB4, 0xBDB4, 0xB594, 0xA4D1, 0xB594, 0xBDB4, 0xBDB4, 0xBDB4, 0xBDD4, 0xBDD4, 0xBDD5, 0xBDD5,
    0xBDD5, 0xBDD4, 0xBDB4, 0xBDD4, 0xBDD4, 0xBDB4, 0xB593, 0xA4F1, 0xB573, 0xBD94, 0xBDB4, 0xBDB4,
    0xBDB4, 0xBDD4, 0xBDB4, 0xBDD4, 0xBDD4, 0xBDD4, 0xBDD4, 0xBDB4, 0xBDB4, 0xBDB4, 0xB593, 0xA4F1,
    0xB553, 0xBDB4, 0xBD93, 0xBD94, 0xBD94, 0xBDB4, 0xBDB4, 0xBDB4, 0xBDD5, 0xBDD4, 0xBDD4, 0xBDD5,
    0xC5D5, 0xBDB4, 0xBDB4, 0xA4F1, 0xB552, 0xBDB4, 0xBD94, 0xBDB4, 0xBDB4, 0xBDD4, 0xBDB4, 0xBDB4,
    0xBDB4, 0xBDB4, 0xBDD4, 0xBDB4, 0xBDD4, 0xBD94, 0xB573, 0xA4D1, 0xB594, 0xBD94, 0xBDB4, 0xBDB4,
    0xBDB4, 0xBDB4, 0xBDD4, 0xBDD4, 0xBDD4, 0xBDD4, 0xBDD4, 0xBDD4, 0xBDB4, 0xBDD4, 0xBDB4, 0xA512,
    0xB573, 0xB593, 0xBDB4, 0xBDB4, 0xBDB4, 0xBDB4, 0xBDB4, 0xBDD4, 0xBDB4, 0xBDD4, 0xBDB4, 0xBDD4,
    0xBDB4, 0xB593, 0xB573, 0xA511, 0xAD32, 0xB573, 0xB573, 0xBDB4, 0xBDB4, 0xBDB4, 0xBDB4, 0xBDD4,
    0xBDD4, 0xBDD4, 0xBDD4, 0xBDD5, 0xBDD5, 0xBDB4, 0xBDB4, 0xAD12, 0xAD52, 0xBDB4, 0xBD93, 0xBDD4,
    0xBD94, 0xBD94, 0xBDD4, 0xBDD4, 0xBDB4, 0xBDB4, 0xBDB4, 0xBDB4, 0xBDB4, 0xBDB4, 0xBD94, 0xA4F1,
    0xBD94, 0xB573, 0xBDB4, 0xBDB4, 0xBDB4, 0xBDB4, 0xBDB4, 0xBDD4, 0xBDD4, 0xBDB4, 0xBDB4, 0xBDB4,
    0xBDB4, 0xBDB4, 0xBDB4, 0xAD32, 0xB573, 0xB593, 0xBD94, 0xBDB4, 0xBDB4, 0xBDB4, 0xBDB4, 0xBDB4,
    0xBDB4, 0xBDD4, 0xBDD4, 0xBDB4, 0xBDB4, 0xB573, 0xB593, 0xAD12, 0xAD12, 0xB593, 0xBD93, 0xBDB4,
    0xBDD4, 0xBDB4, 0xBDD4, 0xBDB4, 0xBDB4, 0xBDB4, 0xBDD4, 0xBDB4, 0xBDB4, 0xBDB4, 0xB594, 0xA4F1,
    0xAD52, 0xBD94, 0xBD93, 0xBD94, 0xBD94, 0xBDB4, 0xBDB4, 0xBD93, 0xBDB4, 0xBDB4, 0xBDB4, 0xBD93,
    0xBD94, 0xBD94, 0xBD94, 0xA511, 0xBD94, 0xBD93, 0xBDB4, 0xBDB4, 0xBDB4, 0xBDB4, 0xBDB4, 0xBDB4,
    0xBDD5, 0xBDD5, 0xBDB4, 0xBDB4, 0xBDB4, 0xBDB4, 0xBDB4, 0xAD32, 0xB553, 0xB593, 0xB593, 0xBDB4,
    0xC5D5, 0xBDD5, 0xBDB4, 0xBDB4, 0xBDB4, 0xBDB4, 0xBDD4, 0xBDB4, 0xBDB4, 0xBDB4, 0xB573, 0xA4D1,
    0xAD32, 0xBD93, 0xBD94, 0xBDB4, 0xBDB4, 0xBDD4, 0xBDB4, 0xBDB4, 0xBDB4, 0xBDD4, 0xBDB4, 0xBDD4,
    0xBDD5, 0xBDB4, 0xB593, 0xA4F1, 0xB553, 0xBD94, 0xBDB4, 0xBDB4, 0xBD93, 0xBDB4, 0xBDB4, 0xB593,
    0xBD94, 0xBDB4, 0xBDB4, 0xBDB4, 0xBDB4, 0xBDB4, 0xB593, 0xA4F1, 0xBDB4, 0xBDB4, 0xBDB4, 0xBDD4,
    0xBDD5, 0xBDD4, 0xBDB4, 0xBDB4, 0xBDB4, 0xBDB4, 0xBDD5, 0xBDB4, 0xBDB4, 0xBDD4, 0xBDB4, 0xA512,
    0xB553, 0xB593, 0xB573, 0xBDB4, 0xC5D5, 0xC5F5, 0xBDD4, 0xBDB4, 0xBDB4, 0xBDB4, 0xBDB4, 0xBDB4,
    0xBDB4, 0xBD94, 0xB593, 0xA4F1, 0xB573, 0xBD94, 0xBDB4, 0xBDD5, 0xBDD4, 0xBDD4, 0xBDB4, 0xBDB4,
    0xBDB4, 0xBDB4, 0xBDB4, 0xBDD5, 0xC5D5, 0xBDD5, 0xB593, 0xA4F1, 0xB553, 0xBDB4, 0xBDB4, 0xBDB4,
    0xBD93, 0xBDD4, 0xBDB4, 0xBDD4, 0xBDB4, 0xBD94, 0xBDB4, 0xBD94, 0xBD94, 0xBD94, 0xB593, 0xA4F1,
    0xBDB4, 0xBDD4, 0xBDD4, 0xC5D5, 0xBDD5, 0xBD94, 0xBDD5, 0xBDD4, 0xBDD4, 0xBDD5, 0xBDD5, 0xBDB4,
    0xBDB4, 0xBDB4, 0xBDB4, 0xA512, 0xB573, 0xBDB4, 0xBDB4, 0xBDB4, 0xBDD4, 0xBDD4, 0xBDD4, 0xBDD4,
    0xBDB4, 0xBDB4, 0xBDB4, 0xBDB4, 0xBDD4, 0xBDB4, 0xB594, 0xAD12, 0xB573, 0xBDB4, 0xBDD4, 0xBDD5,
    0xBDB4, 0xBDD5, 0xBDD4, 0xBDD4, 0xBDB4, 0xBDD4, 0xBDB4, 0xBDD4, 0xBDD5, 0xBDD5, 0xBDB4, 0xA4F1,
    0xB573, 0xBDB4, 0xBDB4, 0xBDB4, 0xBDB4, 0xBDD4, 0xBD94, 0xBDB4, 0xBDB4, 0xBDD4, 0xBD94, 0xBD94,
    0xB573, 0xBDB4, 0xBD94, 0xA4F1, 0xB593, 0xBDB4, 0xBD94, 0xBDB4, 0xBDB4, 0xBD94, 0xBDB4, 0xBD94,
    0xBDB4, 0xBDB4, 0xBDB4, 0xBD94, 0xB593, 0xBD94, 0xB573, 0xA4F1, 0xB553, 0xB593, 0xB593, 0xB573,
    0xB573, 0xB593, 0xBD94, 0xBD94, 0xB593, 0xB573, 0xB593, 0xB593, 0xBD94, 0xB573, 0xB573, 0xA4F1,
    0xB573, 0xB594, 0xBDB4, 0xBDB4, 0xBD94, 0xB594, 0xBDB4, 0xBDB4, 0xBDB4, 0xBD94, 0xBDB4, 0xBDB4,
    0xBDB4, 0xBD94, 0xB573, 0xA4F1, 0xAD32, 0xB573, 0xBD94, 0xB593, 0xB593, 0xBD93, 0xB573, 0xB593,
    0xB593, 0xB594, 0xB573, 0xB593, 0xBDB4, 0xBDB4, 0xB573, 0xA4D1, 0xA511, 0xA4F1, 0x9CD1, 0xA4F1,
    0xAD12, 0xAD32, 0xA511, 0xAD32, 0xAD32, 0xA512, 0xA511, 0xAD12, 0xA511, 0xA511, 0xA511, 0xA4D1,
    0x9CD1, 0x9CD0, 0xA4D1, 0x9CD0, 0x9CB0, 0x9CB0, 0x9CB0, 0xA511, 0xA4F1, 0xA4F1, 0xA4F1, 0xA511,
    0xA511, 0xA4F1, 0xA4F1, 0xA4D1, 0xA511, 0xA4F1, 0xA4F1, 0xAD12, 0xA511, 0xA4F1, 0xA4F1, 0xAD32,
    0xAD12, 0xA511, 0xAD12, 0xAD32, 0xAD32, 0xA511, 0xA511, 0xA4F1, 0xA4D1, 0x9CD0, 0xA4F1, 0xA4F1,
    0xA4F1, 0xA511, 0xA4F1, 0x9CD0, 0xA4D0, 0xA4F1, 0xA4F1, 0xA4F1, 0xA4F1, 0xA511, 0xA511, 0x9CB0,
    0xB593, 0xBDD5, 0xC5F5, 0xCE36, 0xBDD4, 0xBDB4, 0xBDB4, 0xB593, 0xBDB4, 0xBD94, 0xBDB4, 0xC5F5,
    0xC5F6, 0xBDD5, 0xBDB4, 0xA511, 0xAD53, 0xB573, 0xBDB4, 0xBDB4, 0xB593, 0xB593, 0xB593, 0xB593,
    0xB573, 0xB573, 0xB573, 0xB593, 0xB573, 0xB573, 0xB573, 0xA511, 0xAD53, 0xB573, 0xB593, 0xBD94,
    0xB593, 0xB573, 0xB573, 0xBD94, 0xBDB4, 0xB593, 0xBD94, 0xBDB4, 0xBDD5, 0xBDD4, 0xB593, 0xA4F1,
    0xAD32, 0xB573, 0xB573, 0xBD94, 0xBD93, 0xBDB4, 0xBD94, 0xB573, 0xB593, 0xBDB4, 0xBD94, 0xB573,
    0xBDB4, 0xBDB4, 0xBD94, 0xAD12, 0xBDB4, 0xBDB4, 0xBDD4, 0xC5D4, 0xBDD4, 0xBDB4, 0xBDD4, 0xBDD4,
    0xC5D5, 0xC5D5, 0xBDD4, 0xBDD5, 0xC5D5, 0xBDD5, 0xB594, 0xA4F1, 0xB573, 0xBDB4, 0xBD94, 0xBD94,
    0xBDB4, 0xBDB4, 0xBDB4, 0xBD94, 0xBDB4, 0xBDB4, 0xB573, 0xBD94, 0xBDB4, 0xBDB4, 0xB593, 0xA4F1,
    0xAD52, 0xB593, 0xBD94, 0xBDB4, 0xBDB4, 0xBDB4, 0xBDD5, 0xBDD5, 0xBDD4, 0xBDB4, 0xBDB4, 0xBDD4,
    0xBDD4, 0xC5D5, 0xBDB4, 0xA511, 0xAD32, 0xB593, 0xBDB4, 0xBDB4, 0xBDB4, 0xBDB4, 0xBDB4, 0xBDB4,
    0xBDB4, 0xBDB4, 0xBDB4, 0xBD94, 0xBD94, 0xBDB4, 0xBD94, 0xAD12, 0xBDB4, 0xBDB4, 0xBDD4, 0xBDD4,
    0xBDD4, 0xBDD4, 0xC5F5, 0xC5D5, 0xC5D5, 0xBDD4, 0xBDB4, 0xBDD4, 0xBDD4, 0xBDD4, 0xBD94, 0xA4F1,
    0xB573, 0xBDB4, 0xBDB4, 0xBDD4, 0xBDB4, 0xBDB4, 0xBDB4, 0xBDB4, 0xBDB4, 0xBDB4, 0xBDB4, 0xBD94,
    0xBDB4, 0xBDB4, 0xBD93, 0xA511, 0xB553, 0xBDB4, 0xBDB4, 0xBD94, 0xBDB4, 0xBDB4, 0xBD94, 0xBDD5,
    0xBDD4, 0xBDB4, 0xBDB4, 0xBDD4, 0xBDB4, 0xBDB4, 0xBDB4, 0xA4F1, 0xAD52, 0xB593, 0xBD94, 0xBDB4,
    0xBDD4, 0xBDB4, 0xBDB4, 0xBD94, 0xBDB4, 0xBDB4, 0xBD93, 0xBDB4, 0xBDB4, 0xBDB4, 0xBD94, 0xAD12,
    0xB593, 0xBDB4, 0xC5D4, 0xBDB4, 0xBDB4, 0xC5D5, 0xC5D5, 0xC5D5, 0xC5D5, 0xC5D5, 0xBDD5, 0xBDB4,
    0xBDB4, 0xBDB4, 0xBDB4, 0xA4F1, 0xB553, 0xBD94, 0xBDB4, 0xBDB4, 0xBDD5, 0xBDD4, 0xBDB4, 0xBDD4,
    0xBDB4, 0xBDD4, 0xBDD4, 0xBDB4, 0xBDB4, 0xBDB4, 0xB573, 0xAD12, 0xAD53, 0xBDB4, 0xBDB4, 0xBD93,
    0xBD94, 0xBDB4, 0xBDB4, 0xBDD4, 0xBDD5, 0xBDD4, 0xBDD4, 0xBDD4, 0xBDB4, 0xBDD4, 0xBDB4, 0xA4F1,
    0xAD52, 0xBD93, 0xBDB4, 0xBDB4, 0xBDD4, 0xBDB4, 0xBDB4, 0xBDB4, 0xBDD4, 0xBDB4, 0xBDB4, 0xBDD4,
    0xBDB4, 0xBDD4, 0xBDB4, 0xAD32, 0xBDB4, 0xBDB4, 0xBDD4, 0xBDD4, 0xBDD4, 0xBDD4, 0xBDD4, 0xC5D5,
    0xBDD5, 0xBDD5, 0xBDD5, 0xBDB4, 0xBDB4, 0xBDB4, 0xBD94, 0xA4F1, 0xB594, 0xBDB4, 0xBDD4, 0xBDD4,
    0xBDD4, 0xBDD4, 0xBDD4, 0xBDD4, 0xBDB4, 0xBDD4, 0xBDB4, 0xBDB4, 0xBDD4, 0xBDB4, 0xB594, 0xA512,
    0xAD12, 0xBDB4, 0xBDD4, 0xBDB4, 0xBDB4, 0xBDD4, 0xBDB4, 0xBDD5, 0xC5F5, 0xC5D5, 0xBDB4, 0xBDD4,
    0xBDD4, 0xBDD4, 0xBD94, 0xA4F1, 0xAD52, 0xBD93, 0xBDB4, 0xBDB4, 0xBDB4, 0xBDB4, 0xBDD4, 0xBDB4,
    0xBDD4, 0xBDD4, 0xBDD4, 0xBDD4, 0xBDD4, 0xC5F5, 0xBDB4, 0xAD32, 0xBD94, 0xBDB4, 0xBDD4, 0xBDD4,
    0xBDD4, 0xBD93, 0xBDD4, 0xC5D5, 0xBDB4, 0xBDD5, 0xBDB4, 0xBDD5, 0xBDD4, 0xBDD4, 0xBDB4, 0xA4F1,
    0xB553, 0xBD94, 0xBDD4, 0xC5D5, 0xBDD4, 0xBDD4, 0xBDD4, 0xBDB4, 0xBDB4, 0xBDB4, 0xBDB4, 0xBDB4,
    0xBDB4, 0xBDB4, 0xBD94, 0xA4D1, 0xAD32, 0xBDB4, 0xBDD5, 0xBDB4, 0xBDD4, 0xC5F5, 0xBDD5, 0xC5F5,
    0xC5F5, 0xC5D5, 0xC5D5, 0xC5D5, 0xBDD4, 0xBDD4, 0xBDB4, 0xA4F1, 0xB553, 0xB593, 0xBDB4, 0xBDB4,
    0xBDB4, 0xBDB4, 0xBDD4, 0xBDD4, 0xBDB4, 0xBDB4, 0xBDD5, 0xBDD4, 0xBDB4, 0xBDD4, 0xBD94, 0xAD32,
    0xBD94, 0xBDD4, 0xC5D5, 0xBDD4, 0xBDB4, 0xC5D5, 0xBDD4, 0xC5D5, 0xBDD4, 0xBDD4, 0xBDB4, 0xBDD4,
    0xC5D5, 0xBDD4, 0xBDB4, 0xA4F1, 0xB573, 0xBD94, 0xBDD5, 0xC5F5, 0xBDD4, 0xBDB4, 0xBDD4, 0xBDB4,
    0xBDB4, 0xBDB4, 0xBDB4, 0xBDB4, 0xBDB4, 0xBDB4, 0xB594, 0xA512, 0xB553, 0xBD94, 0xBDB4, 0xBDB4,
    0xBDB4, 0xBDD5, 0xBDD5, 0xBDD5, 0xBDB4, 0xBDD5, 0xBDB4, 0xBDB4, 0xBDD4, 0xBDB4, 0xB593, 0x9CD0,
    0xAD32, 0xBD94, 0xBDB4, 0xBDD4, 0xBDB4, 0xBDD4, 0xBDD4, 0xBDD4, 0xBDB4, 0xBDD4, 0xBDD4, 0xBDD4,
    0xBDD4, 0xBDB4, 0xBD94, 0xAD32, 0xBDB4, 0xBDD4, 0xBDD4, 0xBDD4, 0xBDB4, 0xBDD4, 0xBDD4, 0xBDD4,
    0xBDD4, 0xBDD4, 0xBDB4, 0xBDD4, 0xBDD5, 0xC5D5, 0xBDB4, 0xA511, 0xB573, 0xBD94, 0xBDD5, 0xC5F5,
    0xBDD4, 0xBDD4, 0xBDD5, 0xBDD5, 0xBDB4, 0xBDB4, 0xBDB4, 0xBDB4, 0xBDB4, 0xBD94, 0xB573, 0xA512,
    0xB553, 0xB593, 0xBDB4, 0xBDB4, 0xBDB4, 0xBDB4, 0xBDD5, 0xBD94, 0xBDB4, 0xBDD5, 0xBD94, 0xBDB4,
    0xBDB4, 0xBDB4, 0xBD94, 0xA4D1, 0xAD52, 0xB593, 0xBD93, 0xBD94, 0xBDB4, 0xBDD4, 0xBDD5, 0xBDD4,
    0xBDB4, 0xC5D5, 0xBDD5, 0xBDD4, 0xBDD5, 0xBDD4, 0xBDB4, 0xAD32, 0xBDD5, 0xBDD4, 0xBDB4, 0xBDB4,
    0xBDB4, 0xBDB4, 0xBDB4, 0xBDD4, 0xBDB4, 0xBDB4, 0xBDB4, 0xBD94, 0xBDD4, 0xBDD4, 0xBDB4, 0xA511,
    0xB573, 0xBDB4, 0xBDB4, 0xBDD5, 0xBDD5, 0xBDD5, 0xBDB4, 0xBDB4, 0xBDB4, 0xBDD4, 0xBDD4, 0xBDD4,
    0xBDB4, 0xBD93, 0xB573, 0xA4F1, 0xAD52, 0xBD94, 0xBDB4, 0xBDB4, 0xBDB4, 0xBDB4, 0xBDD4, 0xBDB4,
    0xBDD5, 0xBDD5, 0xBDB4, 0xBDB4, 0xBDD4, 0xBDB4, 0xB594, 0xA4F1, 0xB552, 0xB573, 0xBD93, 0xBDB4,
    0xBDD4, 0xBDD4, 0xBDD5, 0xBDD4, 0xBDD5, 0xBDD5, 0xBDD5, 0xBDD5, 0xC5D5, 0xC5D5, 0xBDB4, 0xAD12,
    0xC5F5, 0xBDD4, 0xB593, 0xBDB4, 0xBDB4, 0xBDB4, 0xBDB4, 0xBDB4, 0xBDB4, 0xBDB4, 0xBDB4, 0xBDB4,
    0xBDD5, 0xBDD4, 0xB573, 0xA4F1, 0xB573, 0xBDD4, 0xBDD5, 0xBDD4, 0xBDD4, 0xBDD4, 0xBDD4, 0xBDD4,
    0xBDB4, 0xBDD4, 0xBDD4, 0xBDD4, 0xBDB4, 0xB594, 0xB573, 0xA512, 0xB553, 0xBDB4, 0xBDB4, 0xBDB4,
    0xBDB4, 0xC5F5, 0xBDD5, 0xBDB4, 0xC5F5, 0xBDD5, 0xBDD4, 0xBDB4, 0xBD94, 0xBDB4, 0xBD94, 0x9CD1,
    0xAD32, 0xB573, 0xBD93, 0xBDB4, 0xBDB4, 0xBDB4, 0xBD94, 0xBDB4, 0xBDD5, 0xBDD4, 0xBDD5, 0xBDD4,
    0xBDD4, 0xBDB4, 0xBDB4, 0xA4F1, 0xBDB4, 0xBDD4, 0xBDB4, 0xB573, 0xBD93, 0xBDB4, 0xBD94, 0xBDB4,
    0xBDB4, 0xBDB4, 0xBDB4, 0xBDB4, 0xBDD5, 0xC5F5, 0xBD93, 0xA512, 0xB593, 0xBDD4, 0xBDD5, 0xBDD4,
    0xBDD4, 0xBDD4, 0xBDD4, 0xBDB4, 0xBDB4, 0xBDD4, 0xBDB4, 0xBDD4, 0xBDB4, 0xBD94, 0xBD94, 0xA512,
    0xAD32, 0xB594, 0xBDD5, 0xBDD5, 0xBDB4, 0xBDB4, 0xBDD4, 0xBDB4, 0xBDD4, 0xBDB4, 0xBDB4, 0xBDB4,
    0xBDB4, 0xBDD4, 0xBD94, 0xA4D1, 0xAD12, 0xB593, 0xBDB4, 0xBD94, 0xBD94, 0xBDD4, 0xBDD4, 0xBDD4,
    0xBDB4, 0xBDB4, 0xC5D5, 0xBDD5, 0xBDB4, 0xBDD4, 0xBDB4, 0xA512, 0xB573, 0xBD94, 0xBD94, 0xB593,
    0xBDB4, 0xBDB4, 0xBD94, 0xBDB4, 0xBDB4, 0xBD94, 0xBDB4, 0xBDD5, 0xBDD4, 0xC5F5, 0xBDB4, 0xA511,
    0xB593, 0xBDB4, 0xBDD4, 0xC5D5, 0xC5D5, 0xBDD4, 0xBDD4, 0xC5D5, 0xBDD4, 0xBDD4, 0xBDB4, 0xBDB4,
    0xBDD4, 0xBDB4, 0xB573, 0xAD12, 0xB573, 0xBDD4, 0xBDD5, 0xC5D5, 0xBDD5, 0xBDD5, 0xBDD5, 0xBDD4,
    0xBDD4, 0xBDD5, 0xBDB4, 0xBDB4, 0xBDB4, 0xBDB4, 0xBD94, 0xA4D1, 0xAD32, 0xBDB4, 0xBDB4, 0xBDB4,
    0xBDD4, 0xBDD5, 0xBDD5, 0xBDD5, 0xBDD4, 0xBD94, 0xBDB4, 0xBDD4, 0xBDD4, 0xBDB4, 0xBDB4, 0xAD32,
    0xB573, 0xBD93, 0xBDB4, 0xBD94, 0xBDB4, 0xBDB4, 0xBD94, 0xBD94, 0xBDB4, 0xBDB4, 0xB593, 0xBDD4,
    0xBDD5, 0xC5D5, 0xBDB4, 0xA511, 0xB573, 0xBDB4, 0xBDB4, 0xBDD4, 0xC5F5, 0xBDD5, 0xBDB4, 0xBDD4,
    0xC5D5, 0xBDD4, 0xBDD4, 0xBDB4, 0xBDD4, 0xBD94, 0xB594, 0xAD32, 0xB573, 0xBDD4, 0xBDD4, 0xBDB4,
    0xBDB4, 0xBDB4, 0xBDB4, 0xBDB4, 0xC5D5, 0xC5F5, 0xBDB4, 0xBDB4, 0xBDB4, 0xBDB4, 0xBDB4, 0xA4F1,
    0xAD52, 0xBD93, 0xB593, 0xBDB4, 0xBDD5, 0xC5F5, 0xBDD4, 0xBDD5, 0xBDD4, 0xBDD4, 0xBDB4, 0xBDB4,
    0xBDD5, 0xBDD5, 0xBDB4, 0xA512, 0xB573, 0xBD93, 0xBDB4, 0xBDB4, 0xBDB4, 0xBDB4, 0xBDB4, 0xBDB4,
    0xBDD5, 0xBDB4, 0xBD94, 0xBDB4, 0xBDB4, 0xBDD4, 0xBDB4, 0xA512, 0xB593, 0xBD94, 0xBDB4, 0xBDB4,
    0xC5D5, 0xC5F5, 0xBDB4, 0xBDB4, 0xBDB4, 0xBDD5, 0xBDD4, 0xBDD4, 0xBDD4, 0xBDB4, 0xBD94, 0xAD32,
    0xB573, 0xBDB4, 0xBDB4, 0xBDB4, 0xBDD4, 0xBDD4, 0xBDB4, 0xBDD4, 0xBDD4, 0xBDD4, 0xBDD5, 0xBDB4,
    0xBDB4, 0xBDD4, 0xBDB4, 0xA4F1, 0xAD52, 0xBD93, 0xBDB4, 0xBDB4, 0xBDD4, 0xC5D5, 0xBDD4, 0xBDB4,
    0xBDB4, 0xC5D5, 0xBDB4, 0xBDB4, 0xBDD4, 0xBDD4, 0xBD94, 0xA511, 0xB553, 0xB573, 0xBD94, 0xB573,
    0xB553, 0xBDB4, 0xBD93, 0xBD94, 0xB593, 0xB593, 0xBD94, 0xBD93, 0xBDB4, 0xBD93, 0xB552, 0xA4F1,
    0xB573, 0xB594, 0xB593, 0xB593, 0xBDB4, 0xBDB4, 0xBD93, 0xBD93, 0xBD94, 0xBD94, 0xBD94, 0xBD94,
    0xB573, 0xB593, 0xBD94, 0xA512, 0xB573, 0xBD94, 0xBDB4, 0xBDB4, 0xBDB4, 0xBDB4, 0xBDB4, 0xBDB4,
    0xBDB4, 0xBD94, 0xBDB4, 0xBDB4, 0xBDB4, 0xBDB4, 0xB573, 0x9CB0, 0xAD12, 0xB573, 0xBDB4, 0xBDB4,
    0xBD94, 0xBDB4, 0xBDB4, 0xBD94, 0xB593, 0xBD94, 0xB593, 0xBD94, 0xB593, 0xBDB4, 0xB593, 0xA4F1,
    0xA4F1, 0x9CD0, 0xA4D1, 0xA4D1, 0x9CD0, 0xAD11, 0xAD32, 0xAD32, 0xAD32, 0xA511, 0xA511, 0xA4F1,
    0xA4F1, 0xA511, 0xA4F1, 0x9CB0, 0xA4F1, 0x9CD0, 0xA4F1, 0xA4D1, 0xA4D0, 0x9CB0, 0xA4F1, 0xA4F1,
    0xA511, 0xA4F1, 0x9CB0, 0x9CD1, 0xA4F1, 0xA4D1, 0xA4D1, 0x9CD1, 0xA4F1, 0xA4F1, 0xA4F1, 0xAD12,
    0xA511, 0xA511, 0xA4F1, 0xA4F1, 0xA4F1, 0xA4D0, 0xA4D1, 0xA4F1, 0xA511, 0xA511, 0x9CD0, 0x9C90,
    0xA4F1, 0xA4D1, 0xA4D0, 0xA4D1, 0xA4D1, 0x9CB0, 0x9CB0, 0xA4D1, 0xA4F1, 0xA511, 0xA4F1, 0xA4F1,
    0xA4F1, 0xA4F1, 0xA4D1, 0x9CD1,
};
#define POOLS_EDGE_MIP2_SIZE 32
static const uint16_t POOLS_EDGE_MIP2_PIXELS[1024] __attribute__((aligned(16))) = {
    0xB593, 0xBD94, 0xB593, 0xB593, 0xBDB4, 0xBDB4, 0xBDB4, 0xAD52, 0xB573, 0xBDB4, 0xBD93, 0xB573,
    0xB593, 0xB593, 0xB593, 0xAD52, 0xBD94, 0xBDB4, 0xBDB4, 0xBD94, 0xB593, 0xB573, 0xB593, 0xAD53,
    0xB594, 0xBDB4, 0xBDB4, 0xB593, 0xBDB4, 0xBDB4, 0xBDB4, 0xB573, 0xBDB4, 0xBD94, 0xBD94, 0xBDB4,
    0xBDB4, 0xBDB4, 0xBDB4, 0xAD52, 0xB573, 0xBD94, 0xBDB4, 0xBDB4, 0xBDB4, 0xBDD4, 0xBDB4, 0xB573,
    0xB573, 0xBDD4, 0xBDB4, 0xBDB4, 0xBD94, 0xBDD4, 0xBDB4, 0xAD52, 0xB573, 0xBDB4, 0xBDB4, 0xBDB4,
    0xBDB4, 0xBDB4, 0xBDD4, 0xAD52, 0xB573, 0xBDB4, 0xBDD4, 0xBDD4, 0xBDB4, 0xBDB4, 0xBDB4, 0xB553,
    0xB553, 0xBD94, 0xBDB4, 0xBDB4, 0xBDB4, 0xBDB4, 0xBDB4, 0xB553, 0xB573, 0xBD94, 0xBDB4, 0xBDB4,
    0xBDB4, 0xBDD4, 0xBDD4, 0xAD32, 0xB573, 0xBDB4, 0xBDD4, 0xBDB4, 0xBDB4, 0xBDB4, 0xBDB4, 0xAD32,
    0xB573, 0xBDB4, 0xBDB4, 0xBDB4, 0xBDB4, 0xBDB4, 0xBDD4, 0xAD32, 0xB573, 0xB593, 0xBDB4, 0xBDB4,
    0xBDD4, 0xBDB4, 0xBDB4, 0xAD32, 0xB552, 0xBDD4, 0xBDD4, 0xBDB4, 0xBDB4, 0xBDB4, 0xBDB4, 0xAD52,
    0xB553, 0xBDB4, 0xBDB4, 0xBDB4, 0xBDB4, 0xBDB4, 0xBDB4, 0xAD32, 0xB593, 0xBDD5, 0xBDD5, 0xBDD4,
    0xBDD4, 0xBDB4, 0xBDB4, 0xAD52, 0xB573, 0xBD94, 0xBDB4, 0xBDB4, 0xBDD4, 0xBDD4, 0xBDD4, 0xB553,
    0xB573, 0xC5D5, 0xC5F5, 0xBDD5, 0xBDB4, 0xBDB4, 0xBDB4, 0xAD32, 0xB553, 0xBDB4, 0xBDD4, 0xBDB4,
    0xBDB4, 0xBDD4, 0xBDD4, 0xAD32, 0xB594, 0xBDD4, 0xBDD5, 0xBDB4, 0xBDB4, 0xBD94, 0xBDB4, 0xAD32,
    0xB573, 0xBD94, 0xBDB4, 0xBD94, 0xBDB4, 0xBDB4, 0xBDB4, 0xB573, 0xB593, 0xBDB4, 0xBDD5, 0xC5D5,
    0xBDB4, 0xBDB4, 0xBDB4, 0xB553, 0xB553, 0xBDB4, 0xBD94, 0xBDB4, 0xBDB4, 0xBDD4, 0xBDD4, 0xAD32,
    0xB593, 0xBDB4, 0xBDB4, 0xBDB4, 0xBDD4, 0xBDB4, 0xBDB4, 0xAD32, 0xB573, 0xBDB4, 0xBD94, 0xB593,
    0xBDB4, 0xBDB4, 0xBDB4, 0xAD53, 0xB594, 0xBDD4, 0xBDD4, 0xBDD4, 0xBDD4, 0xC5D5, 0xBDD4, 0xAD52,
    0xB573, 0xBD93, 0xBD93, 0xBDB4, 0xBDD4, 0xBDB4, 0xBDD5, 0xAD53, 0xAD32, 0xAD52, 0xAD32, 0xAD32,
    0xAD52, 0xAD52, 0xAD52, 0xA4F1, 0xAD32, 0xAD32, 0xAD32, 0xAD12, 0xAD12, 0xAD12, 0xAD32, 0xA512,
    0xAD32, 0xAD52, 0xAD32, 0xAD32, 0xAD52, 0xAD32, 0xB553, 0xA4F1, 0xAD32, 0xAD52, 0xAD32, 0xAD52,
    0xB553, 0xAD52, 0xB573, 0xA4F1, 0xB553, 0xBDB4, 0xBDB4, 0xB573, 0xB573, 0xB593, 0xB593, 0xAD32,
    0xB573, 0xBD94, 0xBDB4, 0xBDB4, 0xBDB4, 0xB573, 0xB593, 0xAD52, 0xAD52, 0xB573, 0xB573, 0xB593,
    0xB593, 0xB593, 0xB594, 0xAD52, 0xB573, 0xBD94, 0xBD94, 0xBD94, 0xB593, 0xBD94, 0xBDB4, 0xAD52,
    0xBDB4, 0xBDB4, 0xBDB4, 0xBDB4, 0xBDB4, 0xBDB4, 0xBDB4, 0xAD32, 0xB573, 0xBD94, 0xBDB4, 0xBDD4,
    0xBDB4, 0xBD94, 0xBDB4, 0xAD52, 0xB573, 0xBDB4, 0xBD94, 0xBDB4, 0xBDB4, 0xBDB4, 0xBDB4, 0xAD52,
    0xB573, 0xBDB4, 0xBDB4, 0xBDB4, 0xBDB4, 0xBDB4, 0xBDB4, 0xB553, 0xBD94, 0xBDD4, 0xC5D5, 0xBDD4,
    0xBDD4, 0xBDD4, 0xBDD4, 0xAD52, 0xB573, 0xBDB4, 0xBDD4, 0xBDB4, 0xBDD4, 0xBDD4, 0xBDB4, 0xB573,
    0xB593, 0xBD94, 0xBDB4, 0xBDB4, 0xBDB4, 0xBDB4, 0xBDB4, 0xAD52, 0xBD94, 0xBDB4, 0xBDD4, 0xBDD4,
    0xBDB4, 0xBDB4, 0xBDD4, 0xAD52, 0xBDB4, 0xBDD4, 0xBDD4, 0xBDB4, 0xBDD5, 0xBDD4, 0xBDB4, 0xAD53,
    0xB593, 0xBDB4, 0xBDB4, 0xBDB4, 0xBDD4, 0xBDD5, 0xBDB4, 0xB573, 0xBDB4, 0xBD93, 0xBDB4, 0xBDB4,
    0xBDB4, 0xBDB4, 0xBDD4, 0xAD32, 0xB593, 0xBD94, 0xBDB4, 0xBDB4, 0xBDD4, 0xBDB4, 0xBDD4, 0xB573,
    0xB593, 0xBDD4, 0xBDB4, 0xBDD4, 0xBDB4, 0xBDD4, 0xBDD4, 0xB553, 0xB573, 0xBDB4, 0xBDD4, 0xBDB4,
    0xBDB4, 0xBDD4, 0xBDD5, 0xB573, 0xB573, 0xBDB4, 0xBDB4, 0xBD94, 0xBDB4, 0xBDB4, 0xBDB4, 0xAD53,
    0xB593, 0xBDB4, 0xBDD4, 0xBDB4, 0xBDB4, 0xBDD4, 0xBDD4, 0xB593, 0xBD94, 0xBDB4, 0xBDD4, 0xBDB4,
    0xBDB4, 0xBDB4, 0xBDB4, 0xB553, 0xB593, 0xBDB4, 0xBDD4, 0xBDB4, 0xBDD4, 0xC5D5, 0xBDB4, 0xAD53,
    0xB593, 0xBDB4, 0xBDB4, 0xBDB4, 0xBDB4, 0xBDB4, 0xBDD4, 0xAD32, 0xB594, 0xBDD4, 0xC5D5, 0xBDD5,
    0xBDB4, 0xBDB4, 0xBDD5, 0xB573, 0xBD94, 0xBD94, 0xBD94, 0xBDB4, 0xBDB4, 0xBDB4, 0xBDD4, 0xAD53,
    0xB593, 0xBDB4, 0xBDD4, 0xBDD4, 0xBDB4, 0xBDD4, 0xBDB4, 0xAD32, 0xBD94, 0xBDB4, 0xBDB4, 0xBDB4,
    0xBDB4, 0xBDB4, 0xBDB4, 0xAD32, 0xB593, 0xBDB4, 0xBDD5, 0xBDD4, 0xBDB4, 0xBDD5, 0xBDD5, 0xAD53,
    0xAD32, 0xAD32, 0xAD52, 0xAD32, 0xAD32, 0xAD32, 0xB553, 0xA4F1, 0xA511, 0xAD52, 0xAD32, 0xAD32,
    0xAD32, 0xAD32, 0xAD32, 0xA4F1, 0xAD12, 0xAD32, 0xAD32, 0xAD32, 0xAD32, 0xAD32, 0xAD32, 0xA4F1,
    0xA4F1, 0xAD12, 0xAD32, 0xAD53, 0xAD32, 0xAD32, 0xAD32, 0xA4F1, 0xB573, 0xB573, 0xB593, 0xB573,
    0xB573, 0xB593, 0xBD94, 0xAD32, 0xB553, 0xBD94, 0xB593, 0xB593, 0xB594, 0xB594, 0xB573, 0xAD32,
    0xB573, 0xB593, 0xB593, 0xB573, 0xB593, 0xB593, 0xB573, 0xAD32, 0xB573, 0xB593, 0xB573, 0xB593,
    0xB594, 0xBD94, 0xBD94, 0xAD32, 0xB594, 0xBD93, 0xBDB4, 0xBDB4, 0xBDD5, 0xBDD5, 0xBDB4, 0xAD52,
    0xB573, 0xBDB4, 0xBDD5, 0xBDD4, 0xBDD5, 0xBDB4, 0xBDB4, 0xAD52, 0xB573, 0xBD94, 0xBDB4, 0xBD94,
    0xBDB4, 0xBD94, 0xBDB4, 0xAD53, 0xB573, 0xB594, 0xBDB4, 0xBDB4, 0xBDD4, 0xBDB4, 0xBDD5, 0xAD32,
    0xB573, 0xB593, 0xBD94, 0xBDB4, 0xBDD5, 0xBDD4, 0xBDB4, 0xAD53, 0xB573, 0xBDB4, 0xBDB4, 0xBDB4,
    0xBDD5, 0xBDB4, 0xBDB4, 0xAD52, 0xB573, 0xBDB4, 0xBDD4, 0xBDB4, 0xBDB4, 0xBD94, 0xBDB4, 0xB573,
    0xB593, 0xBDB4, 0xBDB4, 0xBDB4, 0xBDB4, 0xBDB4, 0xBDB4, 0xAD32, 0xBD93, 0xBDB4, 0xBDB4, 0xBDB4,
    0xBDD5, 0xBDB4, 0xBDB4, 0xB553, 0xB593, 0xBDB4, 0xBDD4, 0xBDB4, 0xBDD4, 0xBDB4, 0xBDD4, 0xAD53,
    0xB593, 0xBDB4, 0xBDB4, 0xBDB4, 0xBDD4, 0xBDB4, 0xBDB4, 0xAD32, 0xB573, 0xBDB4, 0xBDB4, 0xBDB4,
    0xBDB4, 0xBDB4, 0xBDB4, 0xAD32, 0xBD94, 0xBDB4, 0xBDB4, 0xBDD4, 0xBDD4, 0xBDB4, 0xBDB4, 0xAD52,
    0xB573, 0xBDB4, 0xBDB4, 0xBDB4, 0xBDD4, 0xBDB4, 0xBDB4, 0xAD32, 0xB573, 0xBD93, 0xBDB4, 0xBDB4,
    0xBDD4, 0xBDD4, 0xBDD4, 0xB553, 0xB573, 0xBDB4, 0xBDB4, 0xBDB4, 0xBDB4, 0xBDB4, 0xBDB4, 0xAD32,
    0xB593, 0xBDB4, 0xBDB4, 0xBDB4, 0xBDD4, 0xBDB4, 0xBDB4, 0xB573, 0xB573, 0xBD94, 0xBDB4, 0xBDB4,
    0xBDB4, 0xBDB4, 0xBDB4, 0xAD32, 0xB553, 0xBDB4, 0xBDB4, 0xBDB4, 0xBDB4, 0xBDB4, 0xBDB4, 0xAD32,
    0xB573, 0xBDB4, 0xBDB4, 0xBD94, 0xBDB4, 0xBDB4, 0xBDB4, 0xAD52, 0xBDB4, 0xBDD4, 0xBDB4, 0xBDD4,
    0xBDB4, 0xBDB4, 0xBDB4, 0xB553, 0xB573, 0xBD94, 0xBDD4, 0xBDD4, 0xBDB4, 0xBDB4, 0xBDB4, 0xAD32,
    0xB593, 0xBDD4, 0xBDD4, 0xBDD4, 0xBDB4, 0xBDB4, 0xBDD5, 0xAD52, 0xB593, 0xBDB4, 0xBDB4, 0xBDB4,
    0xBDB4, 0xBD94, 0xBD94, 0xAD32, 0xAD52, 0xAD32, 0xB573, 0xB553, 0xB573, 0xB553, 0xAD52, 0xA512,
    0xAD12, 0xAD32, 0xAD11, 0xAD32, 0xAD32, 0xAD32, 0xAD32, 0xA512, 0xAD32, 0xB553, 0xAD52, 0xB553,
    0xB553, 0xB573, 0xB573, 0xA512, 0xA511, 0xAD32, 0xAD52, 0xAD32, 0xAD32, 0xAD32, 0xAD52, 0xA4F1,
    0xBDB4, 0xC5F5, 0xBDB4, 0xBDB4, 0xBDB4, 0xBDD5, 0xBDD5, 0xAD53, 0xB573, 0xBD94, 0xBD94, 0xB593,
    0xB593, 0xB573, 0xB593, 0xAD32, 0xB573, 0xBD94, 0xBD94, 0xBDB4, 0xBDB4, 0xBDB4, 0xBDD4, 0xAD52,
    0xB553, 0xB593, 0xBDB4, 0xBD94, 0xBDB4, 0xB593, 0xBDB4, 0xB553, 0xBDB4, 0xBDD4, 0xBDD4, 0xC5D5,
    0xBDD5, 0xBDB4, 0xBDB4, 0xAD52, 0xB593, 0xBDB4, 0xBDD4, 0xBDB4, 0xBDB4, 0xBDB4, 0xBDB4, 0xAD52,
    0xB593, 0xBD94, 0xBDB4, 0xBDB4, 0xBDD4, 0xBDB4, 0xBDB4, 0xAD53, 0xB573, 0xBDB4, 0xBDB4, 0xBDB4,
    0xBDB4, 0xBDB4, 0xBDB4, 0xB553, 0xBDB4, 0xBDD4, 0xBDB4, 0xBDD4, 0xBDD4, 0xBDD4, 0xBDB4, 0xAD52,
    0xB593, 0xBDD4, 0xBDD4, 0xBDB4, 0xBDB4, 0xBDB4, 0xBDB4, 0xAD52, 0xB573, 0xBDB4, 0xBDD4, 0xBDD4,
    0xC5F5, 0xBDD4, 0xBDD4, 0xAD32, 0xB573, 0xBDB4, 0xBDB4, 0xBDB4, 0xBDB4, 0xBDD4, 0xBDD4, 0xB573,
    0xBDB4, 0xBDD4, 0xBDD4, 0xBDD4, 0xBDD4, 0xBDB4, 0xBDD5, 0xAD53, 0xB593, 0xBDD5, 0xBDB4, 0xBDD4,
    0xBDB4, 0xBDB4, 0xBDB4, 0xAD52, 0xB573, 0xBDB4, 0xBDB4, 0xBDB4, 0xBDB4, 0xBDB4, 0xBDB4, 0xAD32,
    0xB573, 0xBDB4, 0xBDB4, 0xBDD4, 0xBDB4, 0xBDD4, 0xBDB4, 0xB573, 0xBDD5, 0xBDB4, 0xBDB4, 0xBDB4,
    0xBDB4, 0xBDB4, 0xBDD4, 0xAD52, 0xBD94, 0xBDD4, 0xBDD4, 0xBDB4, 0xBDB4, 0xBDD4, 0xBD94, 0xAD32,
    0xB573, 0xBDB4, 0xBDB4, 0xBDD4, 0xBDD5, 0xBDB4, 0xBDB4, 0xAD32, 0xB552, 0xBDB4, 0xBDB4, 0xBDB4,
    0xBDD4, 0xBDD4, 0xBDD4, 0xB553, 0xBDB4, 0xBD93, 0xBDB4, 0xBDB4, 0xBDB4, 0xBDB4, 0xBDD5, 0xB553,
    0xBD94, 0xBDD4, 0xBDD4, 0xBDD4, 0xBDD4, 0xBDB4, 0xBDB4, 0xAD52, 0xB573, 0xBDD5, 0xBDD4, 0xBDB4,
    0xBDB4, 0xBDB4, 0xBDB4, 0xAD32, 0xB552, 0xBDB4, 0xBDB4, 0xBDD4, 0xBDB4, 0xBDD4, 0xBDB4, 0xB553,
    0xB593, 0xBDB4, 0xBDB4, 0xBDB4, 0xBDB4, 0xBDB4, 0xBDD4, 0xB553, 0xB593, 0xBDB4, 0xBDD5, 0xBDB4,
    0xBDD4, 0xBDD4, 0xBDB4, 0xB553, 0xB594, 0xBDB4, 0xBDB4, 0xBDB4, 0xBDD5, 0xBDB4, 0xBDB4, 0xAD52,
    0xB573, 0xBDB4, 0xBDD5, 0xBDD4, 0xBDD4, 0xBDB4, 0xBDD4, 0xB553, 0xAD12, 0xAD32, 0xAD32, 0xB553,
    0xAD52, 0xAD52, 0xAD52, 0xA4F1, 0xAD32, 0xAD32, 0xAD32, 0xAD52, 0xAD52, 0xAD32, 0xAD32, 0xA512,
    0xAD32, 0xB553, 0xB553, 0xAD52, 0xAD32, 0xAD52, 0xB553, 0xA4D1, 0xAD11, 0xAD32, 0xAD32, 0xAD32,
    0xAD52, 0xAD32, 0xAD52, 0xA511,
};
#define POOLS_EDGE_MIP3_SIZE 16
static const uint16_t POOLS_EDGE_MIP3_PIXELS[256] __attribute__((aligned(16))) = {
    0xBD94, 0xBD94, 0xBDB4, 0xB573, 0xB593, 0xBD93, 0xBD94, 0xB573, 0xBD94, 0xBDB4, 0xBD94, 0xB573,
    0xB594, 0xBDB4, 0xBDB4, 0xB593, 0xB593, 0xBDB4, 0xBDB4, 0xB573, 0xB573, 0xBDB4, 0xBDB4, 0xB573,
    0xB593, 0xBDB4, 0xBDB4, 0xB573, 0xB593, 0xBDB4, 0xBDB4, 0xB573, 0xBDB4, 0xBDD4, 0xBDB4, 0xB573,
    0xB593, 0xBDB4, 0xBDB4, 0xB594, 0xBDB4, 0xBDD5, 0xBDB4, 0xB573, 0xB573, 0xBDB4, 0xBDB4, 0xB573,
    0xB573, 0xB573, 0xB573, 0xAD52, 0xB553, 0xB553, 0xB553, 0xAD53, 0xB573, 0xB573, 0xB593, 0xB553,
    0xB553, 0xB573, 0xB593, 0xB553, 0xB594, 0xBDB4, 0xBD94, 0xB573, 0xB593, 0xBDB4, 0xBD93, 0xB573,
    0xB573, 0xB593, 0xBD94, 0xB573, 0xB593, 0xBDB4, 0xBD94, 0xB573, 0xBDB4, 0xBDD4, 0xBDD4, 0xB593,
    0xB594, 0xBDB4, 0xBDD4, 0xB593, 0xBD94, 0xBDB4, 0xBDB4, 0xB573, 0xBD94, 0xBDB4, 0xBDB4, 0xB593,
    0xBDB4, 0xBDB4, 0xBDB4, 0xB594, 0xBD94, 0xBDD4, 0xBDD4, 0xB594, 0xBD93, 0xBDB4, 0xBDB4, 0xB593,
    0xBDB4, 0xBDD4, 0xBDB4, 0xBDB4, 0xB573, 0xB573, 0xB573, 0xB553, 0xB553, 0xB573, 0xB573, 0xAD32,
    0xB573, 0xB573, 0xB573, 0xAD52, 0xB553, 0xB593, 0xB573, 0xAD52, 0xB593, 0xB593, 0xBD94, 0xB573,
    0xB593, 0xBDB4, 0xBDB4, 0xB573, 0xB573, 0xB594, 0xB593, 0xB573, 0xB573, 0xBD94, 0xBDB4, 0xB573,
    0xB593, 0xBDB4, 0xBDD4, 0xB573, 0xBD94, 0xBDB4, 0xBDB4, 0xB593, 0xBD94, 0xBDB4, 0xBDB4, 0xB573,
    0xB594, 0xBDB4, 0xBDB4, 0xB573, 0xBD94, 0xBDB4, 0xBDB4, 0xB593, 0xB593, 0xBDB4, 0xBDB4, 0xB573,
    0xB573, 0xBDB4, 0xBDB4, 0xB573, 0xB593, 0xBDB4, 0xBDB4, 0xB573, 0xB573, 0xB593, 0xB593, 0xB553,
    0xB553, 0xB573, 0xB573, 0xAD52, 0xB573, 0xB593, 0xB593, 0xB573, 0xB553, 0xB573, 0xB573, 0xAD52,
    0xBDB4, 0xBDD4, 0xBDD4, 0xB593, 0xB594, 0xBDB4, 0xBD94, 0xB573, 0xB593, 0xBDB4, 0xBDB4, 0xB593,
    0xB573, 0xBDB4, 0xBDB4, 0xB573, 0xBDB4, 0xBDD4, 0xBDB4, 0xB593, 0xBDB4, 0xBDB4, 0xBDB4, 0xB573,
    0xB593, 0xBDB4, 0xBDD4, 0xB573, 0xB593, 0xBDB4, 0xBDD4, 0xB594, 0xBDB4, 0xBDB4, 0xBDB4, 0xB593,
    0xBDB4, 0xBDD4, 0xBDB4, 0xB573, 0xBD94, 0xBDB4, 0xBDB4, 0xB573, 0xB573, 0xBDB4, 0xBDD4, 0xB593,
    0xB553, 0xB573, 0xB573, 0xB553, 0xB573, 0xB573, 0xB573, 0xAD53, 0xB573, 0xB593, 0xB593, 0xAD52,
    0xB553, 0xB573, 0xB573, 0xB553,
};
#endif /* BACKROOMS_GENERATED_POOLS_EDGE_H */
