/* Embedded PSP texture data. */
#ifndef BACKROOMS_GENERATED_TEXTURE_LIGHT_H
#define BACKROOMS_GENERATED_TEXTURE_LIGHT_H
#include <stdint.h>
#define TEXTURE_LIGHT_WIDTH 128
#define TEXTURE_LIGHT_HEIGHT 128
static const uint16_t TEXTURE_LIGHT_PIXELS[16384] __attribute__((aligned(16))) = {
    0x7B65, 0x8385, 0x8BE6, 0x9406, 0x9406, 0x9406, 0x93E6, 0x8BE6, 0x93E6, 0x93E6, 0x9406, 0x9406,
    0x9406, 0x9406, 0x9C26, 0x9C26, 0x9C46, 0x9C47, 0xA467, 0xA467, 0xA467, 0xA467, 0xA467, 0xA467,
    0xA467, 0x9C46, 0x9C26, 0x9C26, 0x9C46, 0xA467, 0xA467, 0xA487, 0xA467, 0xA467, 0xA466, 0xA467,
    0xA487, 0xACA7, 0xACA7, 0xACA7, 0xAC87, 0xAC87, 0xAC87, 0xAC87, 0xAC87, 0xAC87, 0xAC87, 0xAC87,
    0xAC87, 0xAC87, 0xA487, 0xA487, 0xA467, 0xA466, 0xA466, 0xA486, 0xA487, 0xAC87, 0xA487, 0xA487,
    0xA487, 0xA487, 0xA467, 0xA446, 0x9C46, 0x9C46, 0xA446, 0xA466, 0xA467, 0xA487, 0xA487, 0xAC87,
    0xAC87, 0xA487, 0xA446, 0x9C46, 0x9C26, 0x9C46, 0xA467, 0xA487, 0xA487, 0xA467, 0xA466, 0x9C46,
    0x9C46, 0x9C46, 0xA446, 0xA446, 0xA466, 0xA446, 0x9C46, 0x9C26, 0x9406, 0x9406, 0x9C26, 0x9C46,
    0xA466, 0xA466, 0xA467, 0xA467, 0xA467, 0xA467, 0xA466, 0xA446, 0xA446, 0x9C26, 0x9406, 0x9406,
    0x9406, 0x9406, 0x93E5, 0x93E5, 0x93E5, 0x93E5, 0x93E5, 0x93E5, 0x93E5, 0x93E5, 0x9406, 0x9406,
    0x93E5, 0x8BC5, 0x8BC5, 0x8BC5, 0x8BC5, 0x83A5, 0x7B44, 0x7324, 0x7B65, 0x8385, 0x8BA6, 0x8BE6,
    0x93E6, 0x93E6, 0x93E6, 0x93E6, 0x93E6, 0x9406, 0x9406, 0x9406, 0x9C06, 0x9C26, 0x9C26, 0x9C46,
    0x9C46, 0xA467, 0xA467, 0xA467, 0xA467, 0xA487, 0xA467, 0xA467, 0xA467, 0xA446, 0x9C46, 0x9C46,
    0xA467, 0xA467, 0xA487, 0xA487, 0xA487, 0xA467, 0xA466, 0xA467, 0xA487, 0xACA7, 0xACA7, 0xAC87,
    0xA487, 0xA487, 0xAC87, 0xACA7, 0xACA7, 0xACA7, 0xACA7, 0xACA7, 0xACA7, 0xACA7, 0xAC87, 0xA487,
    0xA487, 0xA487, 0xAC87, 0xAC87, 0xAC87, 0xAC87, 0xAC87, 0xAC87, 0xAC87, 0xA487, 0xA467, 0xA467,
    0xA466, 0xA466, 0xA466, 0xA467, 0xA487, 0xA487, 0xAC87, 0xAC87, 0xACA7, 0xAC87, 0xA467, 0xA446,
    0xA446, 0xA466, 0xA487, 0xAC87, 0xAC87, 0xA487, 0xA467, 0xA446, 0xA446, 0xA446, 0xA446, 0xA466,
    0xA466, 0xA446, 0x9C46, 0x9C26, 0x9C26, 0x9C26, 0x9C46, 0xA446, 0xA467, 0xA487, 0xA487, 0xA487,
    0xA487, 0xA467, 0xA466, 0xA466, 0xA446, 0x9C46, 0x9C26, 0x9406, 0x9C06, 0x9C06, 0x9405, 0x9405,
    0x9405, 0x9405, 0x9405, 0x9406, 0x9406, 0x9406, 0x9406, 0x9406, 0x93E6, 0x93E5, 0x8BC5, 0x8BC5,
    0x8BA5, 0x8385, 0x7B44, 0x7B24, 0x7B45, 0x7B65, 0x7B65, 0x8385, 0x8BA5, 0x8BC5, 0x93E6, 0x93E6,
    0x9406, 0x9C06, 0x9C26, 0x9C26, 0x9C46, 0xA446, 0xA467, 0xA467, 0xA467, 0xA467, 0xA467, 0xA467,
    0xA487, 0xAC87, 0xA487, 0xA487, 0xA467, 0xA467, 0xA466, 0xA467, 0xA487, 0xAC87, 0xAC87, 0xAC87,
    0xAC87, 0xAC87, 0xA467, 0xA487, 0xAC87, 0xACA7, 0xACA7, 0xAC87, 0xA487, 0xA487, 0xACA7, 0xACA7,
    0xACC8, 0xACC8, 0xACA7, 0xACA7, 0xACC7, 0xACC7, 0xACA7, 0xAC87, 0xACA7, 0xACA7, 0xACA7, 0xACC7,
    0xACC7, 0xACA7, 0xACA7, 0xACA7, 0xACA7, 0xAC87, 0xAC87, 0xAC87, 0xAC87, 0xAC87, 0xAC87, 0xAC87,
    0xAC87, 0xACA7, 0xACA7, 0xACA7, 0xACC7, 0xACA7, 0xACA7, 0xAC87, 0xAC87, 0xAC87, 0xACA7, 0xACA7,
    0xACA7, 0xAC87, 0xAC87, 0xA467, 0xA486, 0xA486, 0xA466, 0xA466, 0xA466, 0xA466, 0xA466, 0xA466,
    0xA466, 0xA466, 0xA466, 0xA487, 0xAC87, 0xACA7, 0xACA7, 0xAC87, 0xA487, 0xA487, 0xAC87, 0xAC87,
    0xA466, 0xA466, 0x9C46, 0x9C26, 0x9C26, 0x9C26, 0x9C26, 0x9C26, 0x9C46, 0x9C26, 0x9C26, 0x9C26,
    0x9C26, 0x9406, 0x9406, 0x9406, 0x9406, 0x9406, 0x93E6, 0x8BC6, 0x8BA5, 0x8365, 0x7B44, 0x7B24,
    0x7B65, 0x7B65, 0x7B65, 0x8365, 0x8BA5, 0x8BC6, 0x9406, 0x9C26, 0x9C46, 0xA446, 0xA467, 0xA467,
    0xA487, 0xAC87, 0xACA7, 0xACA7, 0xACA7, 0xACA7, 0xACA7, 0xACA8, 0xACA8, 0xACC8, 0xACC8, 0xACC8,
    0xACC8, 0xACC8, 0xACC7, 0xACC8, 0xB4C8, 0xB4C8, 0xB4E8, 0xB4E8, 0xB4C8, 0xB4C8, 0xACC8, 0xACC8,
    0xB4C8, 0xB4E8, 0xB4E8, 0xB4C8, 0xACC8, 0xACC8, 0xB4C8, 0xB4E8, 0xB508, 0xB4E8, 0xB4E8, 0xB4E8,
    0xB508, 0xB508, 0xB4E8, 0xB4E8, 0xB4E8, 0xB4E8, 0xB4E8, 0xB4E8, 0xB508, 0xB4E8, 0xB4E8, 0xB4E8,
    0xB4C8, 0xB4C8, 0xB4E8, 0xB4E8, 0xB4C8, 0xB4C8, 0xB4C8, 0xB4C8, 0xB4C8, 0xB4C8, 0xB4C8, 0xB4E8,
    0xB4E8, 0xB4E8, 0xB4E8, 0xB4C8, 0xB4C8, 0xB4E8, 0xB4E8, 0xB4E8, 0xB4E8, 0xB4E8, 0xB4C8, 0xB4C7,
    0xB4C7, 0xB4C7, 0xACC7, 0xACA7, 0xACA7, 0xACA7, 0xACA7, 0xACC7, 0xB4C7, 0xB4C7, 0xACA7, 0xACC7,
    0xB4C8, 0xB4C8, 0xB4C8, 0xB4C8, 0xACA7, 0xACA7, 0xACA7, 0xACA7, 0xACA7, 0xACA7, 0xAC87, 0xAC87,
    0xA487, 0xA467, 0xA487, 0xAC87, 0xA487, 0xA467, 0xA487, 0xA467, 0xA467, 0xA446, 0x9C26, 0x9C26,
    0x9C26, 0x9C26, 0x9C26, 0x9406, 0x8BA5, 0x8385, 0x7B65, 0x7B45, 0x8385, 0x8385, 0x8385, 0x8BA5,
    0x93E6, 0x9C06, 0xA447, 0xAC87, 0xACA7, 0xACA8, 0xACC8, 0xB4C8, 0xB4C8, 0xB4C8, 0xB509, 0xBD09,
    0xB508, 0xB508, 0xBD09, 0xBD09, 0xBD09, 0xBD29, 0xBD29, 0xBD29, 0xBD29, 0xBD29, 0xBD29, 0xBD29,
    0xBD49, 0xC54A, 0xC56A, 0xC54A, 0xC54A, 0xBD4A, 0xBD29, 0xBD29, 0xC54A, 0xC54A, 0xC54A, 0xC54A,
    0xBD2A, 0xBD2A, 0xC54A, 0xC54A, 0xC54A, 0xBD4A, 0xBD4A, 0xBD4A, 0xC54A, 0xC54A, 0xC54A, 0xC54A,
    0xC54A, 0xC54A, 0xC549, 0xC549, 0xC54A, 0xC54A, 0xBD4A, 0xBD49, 0xBD49, 0xBD49, 0xBD4A, 0xBD49,
    0xBD29, 0xBD29, 0xBD29, 0xBD29, 0xBD49, 0xBD49, 0xBD4A, 0xBD4A, 0xBD49, 0xBD29, 0xBD29, 0xBD29,
    0xBD49, 0xBD4A, 0xBD49, 0xBD4A, 0xBD4A, 0xC54A, 0xBD49, 0xBD29, 0xBD29, 0xBD29, 0xBD29, 0xBD29,
    0xBD29, 0xBD29, 0xBD29, 0xBD29, 0xBD29, 0xBD29, 0xBD09, 0xBD09, 0xBD09, 0xBD09, 0xBD29, 0xBD09,
    0xBD08, 0xBD08, 0xBD08, 0xBD08, 0xBD09, 0xBD09, 0xBD09, 0xBD09, 0xB508, 0xB4E8, 0xB4E8, 0xB4E8,
    0xB4C8, 0xB4C8, 0xB4E8, 0xB4E8, 0xB4C8, 0xACA7, 0xAC87, 0xA487, 0xA487, 0xA487, 0xA487, 0xA447,
    0x93E6, 0x8BA6, 0x8385, 0x8385, 0x8385, 0x8385, 0x83A5, 0x8BC6, 0x9406, 0x9C47, 0xAC87, 0xACC8,
    0xB4C8, 0xB4E8, 0xB4E9, 0xBD09, 0xBD09, 0xBD09, 0xBD49, 0xC54A, 0xC549, 0xC54A, 0xC56A, 0xC56A,
    0xC56A, 0xC56A, 0xC58B, 0xCD8B, 0xCD8B, 0xCD8B, 0xC56A, 0xC58B, 0xCD8B, 0xCDAB, 0xCDAB, 0xCDAB,
    0xCDAB, 0xCDAB, 0xCD8B, 0xCD8B, 0xCDAB, 0xCDAB, 0xCDAC, 0xCDAC, 0xCD8B, 0xCD8B, 0xCDAB, 0xCDAB,
    0xCDAB, 0xCDAB, 0xCD8B, 0xCD8B, 0xCD8B, 0xCDAB, 0xCDAB, 0xCDAB, 0xCDAB, 0xCDAB, 0xCD8B, 0xCD8B,
    0xCDAB, 0xCDAB, 0xCD8B, 0xCD8B, 0xCD8B, 0xCD8B, 0xCDAB, 0xCDAB, 0xCD8B, 0xCD8A, 0xC58A, 0xC58A,
    0xCD8B, 0xCDAB, 0xCD8B, 0xCD8B, 0xCD8B, 0xCD8B, 0xCD8A, 0xCD8B, 0xCD8B, 0xCD8B, 0xCD8B, 0xCD8B,
    0xCD8B, 0xCD8B, 0xCD8B, 0xCD8B, 0xCD8B, 0xCD8B, 0xCD8B, 0xCD8B, 0xCD8B, 0xCD8A, 0xCD8A, 0xCD8A,
    0xCD8A, 0xC56A, 0xC56A, 0xC56A, 0xC56A, 0xC56A, 0xC56A, 0xC56A, 0xC56A, 0xC56A, 0xC56A, 0xC56A,
    0xC56A, 0xC56A, 0xC56A, 0xC56A, 0xC56A, 0xC54A, 0xC54A, 0xBD29, 0xBD29, 0xBD29, 0xBD29, 0xBD29,
    0xBD09, 0xB4E8, 0xB4C8, 0xB4C8, 0xB4C8, 0xACC8, 0xACA8, 0xA467, 0x9C06, 0x8BC6, 0x8BA5, 0x8BA5,
    0x8385, 0x8385, 0x8BA5, 0x8BE6, 0x9406, 0x9C47, 0xAC88, 0xB4C8, 0xB4E9, 0xBD09, 0xBD29, 0xBD29,
    0xC54A, 0xC54A, 0xC56A, 0xC56A, 0xC58A, 0xCD8A, 0xCDAB, 0xCDAB, 0xCDAB, 0xCDAB, 0xD5CC, 0xD5CC,
    0xD5CC, 0xCDAC, 0xCDAB, 0xCDAB, 0xCDCC, 0xD5CC, 0xD5EC, 0xD5EC, 0xD5EC, 0xD5EC, 0xD5CC, 0xD5CC,
    0xD5EC, 0xD5EC, 0xD5EC, 0xD5EC, 0xD5EC, 0xD5EC, 0xD5EC, 0xD5EC, 0xD5EC, 0xD5EC, 0xD5EC, 0xD5EC,
    0xD5EC, 0xD5EC, 0xD5EC, 0xD5EC, 0xD5EC, 0xD5EC, 0xD5EC, 0xD5EC, 0xD5EC, 0xD5EC, 0xD5EC, 0xD5EC,
    0xD5CC, 0xD5CC, 0xD5EC, 0xD5EC, 0xD5EC, 0xD5EC, 0xD5CB, 0xD5CB, 0xD5EC, 0xD5EC, 0xD5EC, 0xD5CC,
    0xD5CC, 0xD5CC, 0xD5CC, 0xD5EC, 0xD5EC, 0xD5CC, 0xD5CC, 0xD5CB, 0xCDCB, 0xCDCB, 0xD5CC, 0xD5CC,
    0xD5CC, 0xD5CC, 0xD5EC, 0xD5EC, 0xD5CC, 0xD5CB, 0xD5CB, 0xD5CB, 0xD5CB, 0xD5CB, 0xCDCB, 0xCDCB,
    0xD5CB, 0xD5CB, 0xD5CB, 0xD5CB, 0xD5CB, 0xD5CB, 0xCDAB, 0xD5AB, 0xD5CB, 0xD5CB, 0xCDAB, 0xCDAB,
    0xCDAB, 0xCDAB, 0xCD8B, 0xCD8A, 0xC56A, 0xC56A, 0xC56A, 0xC56A, 0xC549, 0xBD29, 0xBD09, 0xB4E9,
    0xBD09, 0xB4E8, 0xB4C8, 0xA487, 0x9C26, 0x93E6, 0x8BC5, 0x8BA5, 0x8385, 0x8385, 0x8BC5, 0x93E6,
    0x9C27, 0xA467, 0xACA8, 0xB4E8, 0xBD09, 0xBD29, 0xBD29, 0xC54A, 0xC56A, 0xCD8A, 0xCD8B, 0xCD8B,
    0xCDAB, 0xCDAB, 0xD5CB, 0xD5CC, 0xD5EC, 0xD5EC, 0xD60C, 0xD60D, 0xD5EC, 0xD5EC, 0xD5EC, 0xD5EC,
    0xD5EC, 0xD5EC, 0xD5EC, 0xD60D, 0xDE0D, 0xDE0D, 0xD60C, 0xD60C, 0xD60D, 0xD60D, 0xD60D, 0xDE0D,
    0xDE0D, 0xDE2D, 0xDE0D, 0xDE0D, 0xDE0D, 0xDE0D, 0xDE0D, 0xDE0D, 0xDE2D, 0xDE2D, 0xDE2D, 0xDE2D,
    0xDE2D, 0xDE2D, 0xDE2D, 0xDE2D, 0xDE2D, 0xDE2D, 0xDE2D, 0xDE2D, 0xDE0D, 0xDE0D, 0xDE2D, 0xDE2D,
    0xDE2D, 0xDE2D, 0xD60C, 0xD5EC, 0xDE0C, 0xDE0D, 0xDE0D, 0xDE0D, 0xDE0C, 0xDE0C, 0xDE0C, 0xDE0D,
    0xDE0D, 0xD60C, 0xD60C, 0xD5EC, 0xD5EC, 0xD5EC, 0xD5EC, 0xD60C, 0xD5EC, 0xD60C, 0xDE0D, 0xDE0D,
    0xD60C, 0xD5EC, 0xD5EC, 0xD5EC, 0xD5EC, 0xD5EC, 0xD5EC, 0xD60C, 0xDE0C, 0xDE0C, 0xDE0C, 0xDE0C,
    0xDE0C, 0xD60C, 0xD5EC, 0xD5EC, 0xDE0C, 0xD5EC, 0xD5EC, 0xD5CC, 0xD5CC, 0xD5CB, 0xD5CB, 0xD5CB,
    0xCDAB, 0xCDAB, 0xCDAB, 0xCD8A, 0xC56A, 0xC549, 0xBD29, 0xBD09, 0xBD29, 0xBD09, 0xB4C8, 0xAC87,
    0x9C26, 0x93E6, 0x8BC5, 0x8BA5, 0x8385, 0x83A5, 0x8BC5, 0x93E6, 0x9C26, 0xA467, 0xB4C8, 0xBD09,
    0xBD09, 0xBD29, 0xC529, 0xC54A, 0xCD8A, 0xCDAB, 0xCDAB, 0xD5CB, 0xD5CB, 0xD5CC, 0xD5EC, 0xD5EC,
    0xD5EC, 0xD60C, 0xD60C, 0xD60D, 0xDE0D, 0xDE0D, 0xD60C, 0xD60D, 0xD60D, 0xD60D, 0xD60D, 0xD60D,
    0xDE0D, 0xDE0D, 0xDE0D, 0xD60D, 0xDE0D, 0xDE0D, 0xDE2D, 0xDE2D, 0xDE2E, 0xDE4E, 0xDE2E, 0xDE2E,
    0xDE2D, 0xDE2D, 0xDE2D, 0xDE2D, 0xDE4D, 0xDE4E, 0xE64E, 0xE64E, 0xE64E, 0xE64E, 0xE64E, 0xE64E,
    0xE64D, 0xE64D, 0xDE4E, 0xDE4D, 0xDE2D, 0xDE2D, 0xDE2E, 0xDE4E, 0xDE4E, 0xDE4D, 0xDE2D, 0xDE2D,
    0xDE2D, 0xDE2D, 0xDE2D, 0xDE2D, 0xDE2D, 0xDE2D, 0xDE2D, 0xDE2D, 0xDE2D, 0xDE0D, 0xDE0C, 0xDE0C,
    0xD60C, 0xDE0D, 0xDE2D, 0xDE2D, 0xDE2D, 0xDE2D, 0xDE2D, 0xDE2D, 0xDE2D, 0xDE2D, 0xDE0D, 0xDE0D,
    0xDE0D, 0xDE0D, 0xDE0D, 0xDE2D, 0xDE2D, 0xDE2D, 0xDE2D, 0xDE2D, 0xDE0C, 0xDE0C, 0xDE0C, 0xDE0C,
    0xDE0C, 0xDE0C, 0xD60C, 0xD5EC, 0xD5EC, 0xD5EC, 0xD5EC, 0xD5EC, 0xD5CB, 0xD5CB, 0xCDAB, 0xCD8A,
    0xC56A, 0xC549, 0xBD29, 0xBD29, 0xBD09, 0xB4E8, 0xB4C8, 0xACA8, 0x9C47, 0x9406, 0x8BC5, 0x8BA5,
    0x83A5, 0x8BA5, 0x8BC6, 0x9406, 0x9C27, 0xA487, 0xB4E8, 0xBD29, 0xBD29, 0xC549, 0xC54A, 0xC56A,
    0xCDAB, 0xCDCB, 0xD5CB, 0xD5EC, 0xD5EC, 0xD5EC, 0xD60C, 0xD60C, 0xDE0D, 0xDE2D, 0xDE2D, 0xDE2D,
    0xDE2D, 0xDE2D, 0xDE2D, 0xDE2D, 0xDE2D, 0xDE2D, 0xDE2D, 0xDE2D, 0xDE2D, 0xDE2D, 0xDE2D, 0xDE2D,
    0xDE2D, 0xDE2E, 0xDE4E, 0xDE4E, 0xE66E, 0xE66E, 0xE64E, 0xE64E, 0xE66E, 0xE66E, 0xE66E, 0xE66E,
    0xE66E, 0xE66E, 0xE66E, 0xE66E, 0xE68E, 0xE66E, 0xE66E, 0xE66E, 0xE66E, 0xE66E, 0xE66E, 0xE66E,
    0xE66E, 0xE66E, 0xE66E, 0xE66E, 0xE66E, 0xE66E, 0xE64E, 0xE64E, 0xE64E, 0xE64E, 0xE66E, 0xE66E,
    0xE64E, 0xE64E, 0xE66E, 0xE64D, 0xDE4D, 0xDE4D, 0xDE2D, 0xDE2D, 0xDE2D, 0xDE4D, 0xDE4D, 0xDE4E,
    0xDE4E, 0xDE4D, 0xDE4D, 0xDE4D, 0xDE4E, 0xDE4E, 0xDE4D, 0xDE2D, 0xDE2D, 0xDE4D, 0xDE4E, 0xDE4E,
    0xE64E, 0xE64E, 0xDE4D, 0xDE4D, 0xDE4D, 0xDE2D, 0xDE2D, 0xDE2D, 0xDE2D, 0xDE2D, 0xDE2D, 0xDE0D,
    0xD60C, 0xD60C, 0xD60C, 0xD60C, 0xD5EC, 0xD5EB, 0xD5CB, 0xCDAA, 0xC58A, 0xC54A, 0xC549, 0xBD29,
    0xBD29, 0xBD09, 0xB4E9, 0xACA8, 0xA467, 0x9406, 0x8BC5, 0x8BA5, 0x8BA5, 0x8BC6, 0x93E6, 0x9C26,
    0xA467, 0xACA8, 0xB4E9, 0xBD29, 0xC56A, 0xC56A, 0xC56A, 0xCD8A, 0xCDAB, 0xD5CB, 0xD5EC, 0xDE0C,
    0xDE2D, 0xDE2D, 0xDE2D, 0xDE2D, 0xDE4D, 0xDE4E, 0xDE4E, 0xDE4E, 0xE64E, 0xE64E, 0xE64E, 0xE66E,
    0xE66E, 0xE66E, 0xDE4E, 0xDE4E, 0xE64E, 0xE66E, 0xE66E, 0xE66F, 0xE66E, 0xE66F, 0xE66F, 0xE66F,
    0xE68F, 0xE68F, 0xE68F, 0xE68F, 0xE68F, 0xEE8F, 0xEE8F, 0xEEAF, 0xEEAF, 0xEEAF, 0xEE8F, 0xEEAF,
    0xEEAF, 0xEEAF, 0xEEAF, 0xEEAF, 0xEEAF, 0xEEAF, 0xEEAF, 0xEEAF, 0xEEAF, 0xEEAF, 0xEEAF, 0xEEAF,
    0xEEAF, 0xEE8F, 0xE68F, 0xE68E, 0xE68F, 0xE68F, 0xEE8F, 0xEE8F, 0xE68E, 0xE68E, 0xE68E, 0xE68E,
    0xE68E, 0xE66E, 0xE66E, 0xE64E, 0xE66E, 0xE66E, 0xE66E, 0xE66E, 0xE66E, 0xE66E, 0xE66E, 0xE66E,
    0xE66E, 0xE66E, 0xE66E, 0xE66E, 0xE66E, 0xE66E, 0xE66E, 0xE66E, 0xE66E, 0xE66E, 0xE68E, 0xE66E,
    0xE66E, 0xE66E, 0xE66E, 0xE66E, 0xE66E, 0xE66E, 0xDE4D, 0xDE2D, 0xDE2D, 0xDE2D, 0xDE2D, 0xDE2D,
    0xDE0C, 0xDE0C, 0xDE0C, 0xD5EB, 0xCDAB, 0xCD8A, 0xC56A, 0xC54A, 0xC56A, 0xC54A, 0xBD29, 0xB4C8,
    0xA467, 0x9C26, 0x93E5, 0x8BC5, 0x8BC6, 0x8BC6, 0x9406, 0x9C27, 0xA467, 0xACC8, 0xBD09, 0xC54A,
    0xCD8B, 0xCDAB, 0xCDAB, 0xCDAB, 0xD5EB, 0xD60C, 0xDE2C, 0xDE4D, 0xE66E, 0xE66E, 0xE66E, 0xE66E,
    0xE66E, 0xE66E, 0xE66E, 0xE66E, 0xE66E, 0xE66E, 0xE66E, 0xE66E, 0xE66E, 0xE66F, 0xE66F, 0xE68F,
    0xE68F, 0xE68F, 0xE68F, 0xE68F, 0xE68F, 0xE68F, 0xEE90, 0xEEB0, 0xEEB0, 0xEED0, 0xEED0, 0xEED0,
    0xEED0, 0xEED0, 0xEED0, 0xEED0, 0xEED0, 0xEED0, 0xEED0, 0xEED0, 0xEEF1, 0xF6F1, 0xEEF1, 0xEEF1,
    0xEEF1, 0xEEF1, 0xEEF1, 0xEEF1, 0xEEF1, 0xEEF1, 0xEEF1, 0xEEF1, 0xEEF1, 0xEEF0, 0xEED0, 0xEED0,
    0xEED0, 0xEED0, 0xEED0, 0xEED0, 0xEED0, 0xEED0, 0xEED0, 0xEED0, 0xEED0, 0xEEB0, 0xE68F, 0xE68F,
    0xE68F, 0xE68F, 0xE68F, 0xE68F, 0xE68F, 0xE68F, 0xE66F, 0xE66E, 0xE68F, 0xE68F, 0xE68F, 0xE68F,
    0xEEAF, 0xEEB0, 0xEEB0, 0xEED0, 0xEED0, 0xEED0, 0xEEB0, 0xEEAF, 0xEEAF, 0xEEAF, 0xEEAF, 0xEEAF,
    0xEEAF, 0xE68E, 0xE66E, 0xE66E, 0xE66E, 0xE66E, 0xE66E, 0xE66E, 0xE64D, 0xE64D, 0xE64D, 0xDE2C,
    0xD5EC, 0xCDAB, 0xCD8B, 0xCD8B, 0xCD8B, 0xCD8A, 0xBD2A, 0xB4E9, 0xA487, 0x9C26, 0x93E6, 0x8BE5,
    0x8BC6, 0x8BE6, 0x9406, 0x9C27, 0xA467, 0xACC8, 0xBD29, 0xC56A, 0xCDAB, 0xD5CB, 0xD5CC, 0xD5EC,
    0xDE0C, 0xDE2D, 0xE66E, 0xEEAE, 0xEECF, 0xEED0, 0xEECF, 0xEEAF, 0xE68F, 0xE66F, 0xE66F, 0xE66F,
    0xE66F, 0xE66E, 0xE64E, 0xE64E, 0xE66E, 0xE66F, 0xE68F, 0xE68F, 0xEEB0, 0xEEB0, 0xE68F, 0xE68F,
    0xE690, 0xEEB0, 0xEED1, 0xEED1, 0xF6F2, 0xF712, 0xF712, 0xF712, 0xF732, 0xF712, 0xF711, 0xF6F1,
    0xF711, 0xF711, 0xF6F1, 0xF712, 0xF733, 0xF733, 0xF733, 0xF733, 0xF733, 0xF753, 0xF733, 0xF733,
    0xF753, 0xF753, 0xF733, 0xF733, 0xF753, 0xF753, 0xF733, 0xF732, 0xF732, 0xF712, 0xF732, 0xF712,
    0xF712, 0xF712, 0xF732, 0xF732, 0xF712, 0xF6F1, 0xEEB0, 0xE6B0, 0xEEB0, 0xEEB0, 0xEEB0, 0xEEB0,
    0xEEB0, 0xE68F, 0xE68F, 0xE68F, 0xE68F, 0xE6B0, 0xEEB0, 0xEED0, 0xEEF1, 0xF6F1, 0xF712, 0xF732,
    0xF712, 0xF711, 0xF711, 0xF6F1, 0xF6F1, 0xF6F0, 0xF6F0, 0xF6F0, 0xEED0, 0xEEAF, 0xE68F, 0xE68F,
    0xE68F, 0xEEAF, 0xEEAF, 0xEEAF, 0xEEAF, 0xEEAE, 0xEEAE, 0xE66D, 0xDE2C, 0xDE0C, 0xD5EB, 0xD5CB,
    0xD5CB, 0xCD8A, 0xC54A, 0xB4E9, 0xAC88, 0x9C47, 0x9406, 0x93E6, 0x8BC6, 0x93E6, 0x9406, 0x9C47,
    0xA487, 0xB4C8, 0xBD4A, 0xCD8B, 0xCDAB, 0xD5EC, 0xDE0C, 0xDE2D, 0xE64D, 0xE66E, 0xEECF, 0xF6F0,
    0xF731, 0xF731, 0xF711, 0xEEF0, 0xEEB0, 0xEE8F, 0xE68F, 0xE68F, 0xE68F, 0xE68F, 0xE66E, 0xE66E,
    0xE68F, 0xE68F, 0xEEB0, 0xEEB0, 0xEEB0, 0xEEB0, 0xEEB0, 0xE6B0, 0xEEB0, 0xEED1, 0xEEF2, 0xF712,
    0xF733, 0xF753, 0xFF54, 0xFF74, 0xFF74, 0xF754, 0xF753, 0xF753, 0xF753, 0xF753, 0xF733, 0xF753,
    0xFF74, 0xFF75, 0xFF74, 0xFF74, 0xFF75, 0xFF75, 0xFF75, 0xFF75, 0xFF95, 0xFF95, 0xFF74, 0xFF74,
    0xFF95, 0xFF95, 0xFF95, 0xFF74, 0xFF74, 0xFF74, 0xFF74, 0xF774, 0xF754, 0xF774, 0xFF74, 0xFF74,
    0xFF54, 0xF733, 0xEEF2, 0xEED1, 0xEED1, 0xEEB1, 0xEED1, 0xEED1, 0xEED1, 0xEEB0, 0xE6B0, 0xE6B0,
    0xEEB0, 0xEED1, 0xEEF1, 0xEEF2, 0xF712, 0xF753, 0xFF74, 0xFF74, 0xFF74, 0xFF73, 0xF753, 0xF753,
    0xF752, 0xF732, 0xF732, 0xF732, 0xF711, 0xEEF0, 0xEEB0, 0xEEB0, 0xEED0, 0xEEF0, 0xF6F0, 0xF6F0,
    0xF710, 0xF710, 0xF6F0, 0xEECF, 0xE68E, 0xE64D, 0xDE2C, 0xDE0C, 0xD5CB, 0xCD8B, 0xC54A, 0xB4E9,
    0xACA8, 0xA467, 0x9C26, 0x9406, 0x8BC6, 0x93E6, 0x9C26, 0xA467, 0xACA8, 0xBD09, 0xC54A, 0xCD8B,
    0xD5CB, 0xDE0C, 0xE64D, 0xE66D, 0xEE8D, 0xEECE, 0xF710, 0xF751, 0xFF72, 0xFF73, 0xF752, 0xF732,
    0xF6F1, 0xEED1, 0xEEB0, 0xE6B0, 0xEEB0, 0xEEB0, 0xE6B0, 0xEEB0, 0xEEB0, 0xEED0, 0xEED1, 0xEED1,
    0xEED1, 0xEED1, 0xEED1, 0xEED1, 0xEED1, 0xEEF2, 0xF713, 0xF733, 0xF754, 0xFF75, 0xFF95, 0xFF96,
    0xFFB6, 0xFFB6, 0xFFB6, 0xFF96, 0xFF96, 0xFF96, 0xFF96, 0xFF96, 0xFFB6, 0xFFB6, 0xFF96, 0xFF96,
    0xFFB6, 0xFFB6, 0xFFB6, 0xFFB6, 0xFFB6, 0xFFB6, 0xFFB6, 0xFFB6, 0xFFB7, 0xFFB7, 0xFFB7, 0xFFB6,
    0xFFB6, 0xFFB6, 0xFFB6, 0xFFB6, 0xFF96, 0xFFB6, 0xFFB6, 0xFFB6, 0xFF96, 0xFF75, 0xF733, 0xF712,
    0xEEF2, 0xEED1, 0xEEF2, 0xEEF2, 0xEEF2, 0xEEF2, 0xEED1, 0xEED1, 0xEEF2, 0xEEF2, 0xF712, 0xF733,
    0xF754, 0xFF74, 0xFF95, 0xFFB6, 0xFFB6, 0xFFB5, 0xFF95, 0xFF95, 0xFF94, 0xFF94, 0xFF94, 0xFF73,
    0xF753, 0xF712, 0xEED1, 0xEED0, 0xF711, 0xF712, 0xF732, 0xF752, 0xFF52, 0xFF72, 0xFF52, 0xF731,
    0xEEEF, 0xEE8E, 0xE64D, 0xDE0C, 0xD5CB, 0xCD8B, 0xC54A, 0xBD09, 0xB4C8, 0xA467, 0x9C26, 0x93E6,
    0x8BC6, 0x93E6, 0x9C06, 0xA467, 0xACC8, 0xBD09, 0xC56A, 0xCDAB, 0xD5CB, 0xDE0C, 0xE64D, 0xEE8E,
    0xEEAE, 0xF6EF, 0xF731, 0xFF72, 0xFF93, 0xFF94, 0xFF73, 0xF753, 0xF712, 0xF6F1, 0xEED1, 0xEED1,
    0xEEF1, 0xEEF1, 0xEEF1, 0xEEF1, 0xEEF1, 0xEEF1, 0xEEF2, 0xEEF2, 0xEEF2, 0xEEF2, 0xEEF2, 0xEEF2,
    0xEEF2, 0xF713, 0xF733, 0xF754, 0xFF75, 0xFF95, 0xFFB6, 0xFFB6, 0xFFB7, 0xFFD7, 0xFFD7, 0xFFD7,
    0xFFD7, 0xFFD7, 0xFFD7, 0xFFD7, 0xFFB7, 0xFFB7, 0xFFB7, 0xFFB7, 0xFFB7, 0xFFB7, 0xFFB7, 0xFFB7,
    0xFFB7, 0xFFB7, 0xFFD7, 0xFFD7, 0xFFD8, 0xFFD8, 0xFFD8, 0xFFD7, 0xFFB7, 0xFFB7, 0xFFD7, 0xFFD7,
    0xFFB7, 0xFFB7, 0xFFD7, 0xFFD7, 0xFFB6, 0xFF96, 0xFF74, 0xF733, 0xF713, 0xEEF2, 0xF712, 0xF713,
    0xF713, 0xF713, 0xF712, 0xF712, 0xF712, 0xF713, 0xF733, 0xF754, 0xFF74, 0xFF95, 0xFFB6, 0xFFD6,
    0xFFD6, 0xFFD6, 0xFFB6, 0xFFB6, 0xFFB5, 0xFFB5, 0xFFB5, 0xFF95, 0xFF74, 0xF753, 0xEF11, 0xEEF1,
    0xF732, 0xF752, 0xFF53, 0xFF73, 0xFF93, 0xFF93, 0xFF92, 0xFF51, 0xF710, 0xEECF, 0xE66E, 0xDE2C,
    0xD5CB, 0xCD8B, 0xC56A, 0xBD29, 0xB4C8, 0xA467, 0x9C26, 0x9406, 0x8BC5, 0x8BC6, 0x9406, 0x9C47,
    0xACA8, 0xBD09, 0xC54A, 0xCDAB, 0xD5EB, 0xDE2C, 0xE66D, 0xEE8E, 0xEECF, 0xF710, 0xF752, 0xFF73,
    0xFF94, 0xFF94, 0xFF73, 0xFF53, 0xF732, 0xF712, 0xF6F1, 0xF6F1, 0xF712, 0xF712, 0xF712, 0xF712,
    0xF732, 0xF732, 0xF712, 0xF712, 0xF713, 0xF713, 0xF733, 0xF733, 0xF733, 0xF734, 0xF754, 0xFF75,
    0xFF95, 0xFF95, 0xFF96, 0xFFB6, 0xFFB7, 0xFFB7, 0xFFD7, 0xFFD7, 0xFFD7, 0xFFD7, 0xFFD7, 0xFFD7,
    0xFFB7, 0xFFB7, 0xFFD7, 0xFFD7, 0xFFD7, 0xFFD7, 0xFFD7, 0xFFB7, 0xFFB7, 0xFFB7, 0xFFB7, 0xFFD7,
    0xFFD8, 0xFFD8, 0xFFD8, 0xFFD7, 0xFFB7, 0xFFB7, 0xFFB7, 0xFFB7, 0xFFB7, 0xFFB7, 0xFFB7, 0xFFB7,
    0xFFB6, 0xFF96, 0xFF75, 0xFF54, 0xF734, 0xF733, 0xF733, 0xF733, 0xF733, 0xF733, 0xF734, 0xF733,
    0xF733, 0xF733, 0xF753, 0xF754, 0xFF74, 0xFF95, 0xFFB6, 0xFFB6, 0xFFB6, 0xFFB6, 0xFFB6, 0xFFB6,
    0xFFB6, 0xFFB6, 0xFFB5, 0xFF95, 0xFF74, 0xF753, 0xF732, 0xF712, 0xF732, 0xFF53, 0xFF73, 0xFF93,
    0xFF93, 0xFF93, 0xFF72, 0xF751, 0xF710, 0xEECF, 0xE66E, 0xDE0C, 0xD5CB, 0xCD8A, 0xC56A, 0xBD29,
    0xACC8, 0xA467, 0x9C26, 0x9406, 0x8BA5, 0x8BC6, 0x9406, 0x9C47, 0xACA8, 0xB509, 0xC54A, 0xCD8B,
    0xD5CB, 0xDE0C, 0xE64D, 0xEE8E, 0xEECF, 0xF710, 0xFF52, 0xFF93, 0xFF94, 0xFF94, 0xFF73, 0xFF53,
    0xF733, 0xF712, 0xF712, 0xF712, 0xF732, 0xF732, 0xF732, 0xF732, 0xF733, 0xF733, 0xF713, 0xF713,
    0xF713, 0xF713, 0xF733, 0xF734, 0xF734, 0xF734, 0xFF54, 0xFF75, 0xFF95, 0xFF96, 0xFF96, 0xFFB6,
    0xFFB7, 0xFFB7, 0xFFD7, 0xFFD7, 0xFFD7, 0xFFD7, 0xFFD7, 0xFFD7, 0xFFD7, 0xFFD7, 0xFFD8, 0xFFD8,
    0xFFD8, 0xFFD8, 0xFFD8, 0xFFD8, 0xFFB8, 0xFFB7, 0xFFB7, 0xFFD8, 0xFFD8, 0xFFD8, 0xFFD8, 0xFFD8,
    0xFFB7, 0xFFB7, 0xFFB7, 0xFFB7, 0xFFB7, 0xFFB7, 0xFFB7, 0xFFB7, 0xFFB6, 0xFF96, 0xFF75, 0xFF54,
    0xF754, 0xF733, 0xF733, 0xF733, 0xF733, 0xF733, 0xF754, 0xF754, 0xF753, 0xF753, 0xF753, 0xF754,
    0xFF75, 0xFF95, 0xFFB6, 0xFFB6, 0xFFB6, 0xFFB6, 0xFFB6, 0xFFB6, 0xFFB6, 0xFFB6, 0xFFB6, 0xFFB5,
    0xFF95, 0xFF54, 0xF733, 0xF732, 0xF752, 0xFF73, 0xFF73, 0xFF94, 0xFF93, 0xFF93, 0xFF72, 0xF751,
    0xF710, 0xEECF, 0xE66E, 0xDE0C, 0xD5CB, 0xCD8A, 0xC56A, 0xBD29, 0xB4C8, 0xA467, 0x9C26, 0x9406,
    0x8BA5, 0x8BC6, 0x9406, 0xA467, 0xACA8, 0xBD09, 0xC54A, 0xCD8A, 0xD5CB, 0xD60C, 0xDE2C, 0xE66D,
    0xEEAF, 0xF710, 0xFF52, 0xFF73, 0xFF94, 0xFF94, 0xFF74, 0xFF53, 0xF733, 0xF712, 0xF6F2, 0xF6F2,
    0xF712, 0xF712, 0xF712, 0xF712, 0xF712, 0xF712, 0xF712, 0xF712, 0xF713, 0xF713, 0xF713, 0xF713,
    0xF713, 0xF733, 0xF754, 0xFF54, 0xFF75, 0xFF96, 0xFF96, 0xFFB6, 0xFFB7, 0xFFD7, 0xFFD7, 0xFFD7,
    0xFFD8, 0xFFD8, 0xFFD8, 0xFFD8, 0xFFD8, 0xFFD8, 0xFFD8, 0xFFD8, 0xFFD8, 0xFFD8, 0xFFD8, 0xFFD8,
    0xFFD8, 0xFFD8, 0xFFD8, 0xFFD8, 0xFFD8, 0xFFD8, 0xFFD8, 0xFFD8, 0xFFD8, 0xFFD8, 0xFFD8, 0xFFD8,
    0xFFD8, 0xFFD8, 0xFFD7, 0xFFB7, 0xFFB6, 0xFF96, 0xFF75, 0xF754, 0xF733, 0xF713, 0xF712, 0xF712,
    0xF712, 0xF713, 0xF713, 0xF733, 0xF733, 0xF733, 0xF733, 0xF754, 0xFF75, 0xFF95, 0xFFB6, 0xFFB6,
    0xFFB6, 0xFFB6, 0xFFB6, 0xFFB6, 0xFFB6, 0xFFB6, 0xFFD7, 0xFFB6, 0xFF95, 0xFF74, 0xF733, 0xF732,
    0xFF53, 0xFF53, 0xFF73, 0xFF93, 0xFF93, 0xFF93, 0xFF72, 0xF751, 0xF730, 0xEECF, 0xE66E, 0xDE0C,
    0xD5CB, 0xCD8A, 0xC56A, 0xBD29, 0xB4E8, 0xAC87, 0x9C26, 0x9406, 0x8BA6, 0x8BE6, 0x9C26, 0xA467,
    0xACC8, 0xBD09, 0xC54A, 0xCD8A, 0xD5CB, 0xDE0C, 0xDE4C, 0xE68D, 0xEECF, 0xF710, 0xFF72, 0xFF93,
    0xFFB4, 0xFF95, 0xFF94, 0xFF74, 0xF753, 0xF733, 0xF712, 0xF712, 0xF712, 0xF712, 0xF712, 0xF712,
    0xF712, 0xF712, 0xF713, 0xF713, 0xF713, 0xF713, 0xF733, 0xF733, 0xF713, 0xF734, 0xF754, 0xFF75,
    0xFF96, 0xFF96, 0xFFB6, 0xFFB7, 0xFFD8, 0xFFD8, 0xFFD8, 0xFFD8, 0xFFD8, 0xFFD9, 0xFFD8, 0xFFD8,
    0xFFD9, 0xFFD9, 0xFFD9, 0xFFD8, 0xFFD8, 0xFFD9, 0xFFD9, 0xFFD9, 0xFFD9, 0xFFD9, 0xFFD8, 0xFFD9,
    0xFFD9, 0xFFF9, 0xFFF9, 0xFFD9, 0xFFD9, 0xFFD9, 0xFFD9, 0xFFD9, 0xFFD8, 0xFFD8, 0xFFD8, 0xFFD8,
    0xFFB7, 0xFF96, 0xFF75, 0xF755, 0xF734, 0xF713, 0xF713, 0xF6F2, 0xF712, 0xF713, 0xF713, 0xF733,
    0xF733, 0xF734, 0xF754, 0xF754, 0xFF75, 0xFF96, 0xFFB6, 0xFFB7, 0xFFB7, 0xFFB7, 0xFFD7, 0xFFD7,
    0xFFD7, 0xFFD7, 0xFFD7, 0xFFD7, 0xFFB6, 0xFF74, 0xF753, 0xF733, 0xFF53, 0xFF73, 0xFF94, 0xFF94,
    0xFF94, 0xFF94, 0xFF93, 0xFF72, 0xF751, 0xF6EF, 0xE66E, 0xDE2C, 0xD5CB, 0xCDAB, 0xC56A, 0xBD29,
    0xB4E8, 0xACA7, 0x9C47, 0x9C26, 0x8BC6, 0x93E6, 0x9C26, 0xA467, 0xACC8, 0xBD09, 0xC54A, 0xCD8A,
    0xD5EB, 0xDE2C, 0xE66D, 0xEECE, 0xF70F, 0xFF51, 0xFF93, 0xFFB4, 0xFFD5, 0xFFD6, 0xFFB5, 0xFF95,
    0xF754, 0xF733, 0xF713, 0xF713, 0xF733, 0xF733, 0xF733, 0xF733, 0xF733, 0xF733, 0xF733, 0xF734,
    0xF734, 0xF734, 0xF754, 0xF734, 0xF734, 0xF734, 0xF775, 0xFF96, 0xFFB7, 0xFFD7, 0xFFD8, 0xFFD8,
    0xFFD8, 0xFFD9, 0xFFF9, 0xFFF9, 0xFFF9, 0xFFF9, 0xFFF9, 0xFFF9, 0xFFFA, 0xFFFA, 0xFFF9, 0xFFF9,
    0xFFF9, 0xFFF9, 0xFFF9, 0xFFF9, 0xFFF9, 0xFFD9, 0xFFD9, 0xFFD9, 0xFFFA, 0xFFFA, 0xFFF9, 0xFFF9,
    0xFFF9, 0xFFF9, 0xFFFA, 0xFFFA, 0xFFF9, 0xFFD9, 0xFFD9, 0xFFD9, 0xFFD8, 0xFFB8, 0xFF97, 0xFF96,
    0xF755, 0xF734, 0xF734, 0xF734, 0xF734, 0xF734, 0xF754, 0xF754, 0xF754, 0xF754, 0xF775, 0xFF75,
    0xFFB6, 0xFFB7, 0xFFD7, 0xFFD8, 0xFFD8, 0xFFD8, 0xFFD8, 0xFFD8, 0xFFD8, 0xFFF8, 0xFFF9, 0xFFD8,
    0xFFB6, 0xFF95, 0xF774, 0xF753, 0xF774, 0xFF94, 0xFFB5, 0xFFD6, 0xFFD6, 0xFFD6, 0xFFB5, 0xFFB3,
    0xFF72, 0xF730, 0xEEAE, 0xDE2D, 0xD5EB, 0xCDAB, 0xCD6A, 0xC54A, 0xB508, 0xACA8, 0xA467, 0x9C26,
    0x93E6, 0x9406, 0x9C27, 0xA467, 0xB4C8, 0xBD29, 0xC56A, 0xCDAB, 0xD5EB, 0xDE2C, 0xE66D, 0xEECE,
    0xF70F, 0xFF51, 0xFF93, 0xFFB4, 0xFFD5, 0xFFB5, 0xFFB5, 0xFF94, 0xF753, 0xF733, 0xF712, 0xEF12,
    0xF712, 0xF733, 0xF733, 0xF733, 0xF733, 0xF733, 0xF713, 0xF713, 0xF733, 0xF733, 0xF734, 0xF734,
    0xEF13, 0xEF34, 0xF754, 0xF775, 0xFFB6, 0xFFB7, 0xFFD7, 0xFFD8, 0xFFD8, 0xFFD8, 0xFFD9, 0xFFD9,
    0xFFD9, 0xFFD9, 0xFFD9, 0xFFD9, 0xFFD9, 0xFFD9, 0xFFD9, 0xFFD9, 0xFFD9, 0xFFD9, 0xFFD9, 0xFFD9,
    0xFFD9, 0xFFD9, 0xFFD9, 0xFFD9, 0xFFD9, 0xFFD9, 0xFFD9, 0xFFD9, 0xFFD9, 0xFFD9, 0xFFD9, 0xFFD9,
    0xFFD9, 0xFFD9, 0xFFD9, 0xFFD9, 0xFFD8, 0xFFB7, 0xFF97, 0xFF75, 0xF754, 0xF734, 0xF713, 0xF713,
    0xF733, 0xF733, 0xF734, 0xF754, 0xF754, 0xF754, 0xF754, 0xF775, 0xFF96, 0xFFB7, 0xFFD7, 0xFFD8,
    0xFFD8, 0xFFD8, 0xFFD8, 0xFFD8, 0xFFD8, 0xFFD8, 0xFFD8, 0xFFD8, 0xFFB6, 0xFF95, 0xF753, 0xF733,
    0xF753, 0xFF74, 0xFFB5, 0xFFB5, 0xFFD6, 0xFFD6, 0xFFB5, 0xFFB3, 0xFF72, 0xF710, 0xEEAE, 0xDE2D,
    0xD5EB, 0xCDAB, 0xCD8A, 0xC54A, 0xBD09, 0xACC8, 0xA467, 0x9C47, 0x9406, 0x9C26, 0xA467, 0xACA8,
    0xB4E9, 0xBD4A, 0xCD8B, 0xD5CB, 0xD5CB, 0xDE0C, 0xDE2C, 0xE66D, 0xEECE, 0xF710, 0xF751, 0xFF72,
    0xFF93, 0xFF93, 0xFF73, 0xF753, 0xF712, 0xEEF1, 0xEED1, 0xEED1, 0xEED1, 0xEEF1, 0xEEF1, 0xEEF1,
    0xEEF1, 0xEEF1, 0xEEF1, 0xEEF2, 0xEEF2, 0xEEF2, 0xEED2, 0xEED2, 0xEED2, 0xEEF2, 0xEF13, 0xF754,
    0xF774, 0xFF95, 0xFF96, 0xFFB6, 0xFFB7, 0xFFB7, 0xFFB7, 0xFFB8, 0xFFD8, 0xFFD8, 0xFFB8, 0xFFB8,
    0xFFB8, 0xFFB7, 0xFFB7, 0xFFB7, 0xFFB8, 0xFFB8, 0xFFB8, 0xFFB8, 0xFFB7, 0xFFB7, 0xFFB7, 0xFFB7,
    0xFFB7, 0xFFD7, 0xFFD8, 0xFFD8, 0xFFB8, 0xFFB8, 0xFFD8, 0xFFB8, 0xFFB7, 0xFFB7, 0xFFB7, 0xFFB7,
    0xFFB6, 0xFF96, 0xF775, 0xF734, 0xF713, 0xEEF2, 0xEEF2, 0xEEF2, 0xEEF2, 0xEEF2, 0xEEF2, 0xEEF2,
    0xEF12, 0xF713, 0xF733, 0xF753, 0xF774, 0xFF95, 0xFFB6, 0xFFB6, 0xFFB6, 0xFFB6, 0xFFB6, 0xFFB6,
    0xFFB6, 0xFFB6, 0xFFB6, 0xFFB6, 0xFF95, 0xF774, 0xEF12, 0xEEF1, 0xF712, 0xF752, 0xFF73, 0xFF73,
    0xFF94, 0xFF94, 0xFF93, 0xFF72, 0xF731, 0xEECF, 0xE66E, 0xDE2C, 0xD5EB, 0xD5AB, 0xCD8A, 0xC54A,
    0xBD09, 0xB4C8, 0xA487, 0xA467, 0x9C26, 0x9C27, 0xA467, 0xACA8, 0xB4E9, 0xC54A, 0xCD8B, 0xD5CB,
    0xD5CB, 0xD5EB, 0xDE0C, 0xE64D, 0xE68D, 0xEECF, 0xF710, 0xF730, 0xF731, 0xF731, 0xF731, 0xF711,
    0xEEF1, 0xEED1, 0xEEB0, 0xEEB0, 0xEEB0, 0xEED0, 0xEED0, 0xEED0, 0xEED0, 0xEED0, 0xEED0, 0xEED1,
    0xEED1, 0xEED1, 0xEEB1, 0xEEB1, 0xE6B1, 0xEED1, 0xEEF2, 0xF712, 0xF733, 0xF754, 0xFF74, 0xFF74,
    0xFF95, 0xFF95, 0xFF95, 0xFF96, 0xFF96, 0xFF96, 0xFF96, 0xFF96, 0xFF96, 0xFF96, 0xFF96, 0xFF96,
    0xFF96, 0xFF96, 0xFF96, 0xFF96, 0xFF96, 0xFF96, 0xFF96, 0xFF95, 0xFF95, 0xFF96, 0xFF96, 0xFF96,
    0xFF96, 0xFF96, 0xFF96, 0xFF96, 0xFF95, 0xFF95, 0xFF95, 0xFF95, 0xFF75, 0xFF54, 0xF733, 0xF712,
    0xEED2, 0xEED1, 0xEED1, 0xEED1, 0xEED1, 0xEED1, 0xEED1, 0xEED1, 0xEED1, 0xEEF2, 0xF712, 0xF712,
    0xF733, 0xF753, 0xFF74, 0xFF94, 0xFF74, 0xFF74, 0xFF94, 0xFF95, 0xFF94, 0xFF94, 0xFF94, 0xFF74,
    0xFF74, 0xF732, 0xEED1, 0xEEB0, 0xEEF1, 0xF711, 0xF731, 0xF732, 0xF752, 0xF752, 0xF731, 0xF710,
    0xEEEF, 0xEEAE, 0xE64D, 0xDE0C, 0xD5EB, 0xD5AB, 0xCD8A, 0xC54A, 0xBD09, 0xB4C8, 0xA487, 0xA467,
    0x9C26, 0x9C47, 0xA487, 0xACA8, 0xB4E9, 0xBD29, 0xC56A, 0xCDAB, 0xD5CB, 0xD5EC, 0xD5EC, 0xDE0C,
    0xE64D, 0xE66E, 0xEEAE, 0xEECF, 0xEECF, 0xEEEF, 0xEEF0, 0xEED0, 0xEED0, 0xEEB0, 0xEEB0, 0xEEB0,
    0xEEB0, 0xEEB0, 0xEEB0, 0xEEB0, 0xEED0, 0xEED0, 0xEED0, 0xEED0, 0xEED0, 0xEED0, 0xEED0, 0xEEB0,
    0xEEB0, 0xEED1, 0xEEF1, 0xF6F2, 0xF712, 0xF732, 0xF732, 0xF733, 0xF733, 0xF753, 0xF753, 0xF753,
    0xFF54, 0xFF54, 0xF753, 0xF753, 0xFF54, 0xFF54, 0xFF53, 0xFF53, 0xFF54, 0xFF54, 0xFF54, 0xFF54,
    0xFF53, 0xFF53, 0xFF54, 0xFF53, 0xFF53, 0xFF53, 0xFF54, 0xFF54, 0xFF54, 0xF753, 0xF753, 0xF753,
    0xF753, 0xF753, 0xFF53, 0xFF53, 0xF733, 0xF712, 0xF712, 0xF6F1, 0xEED1, 0xEED1, 0xEED1, 0xEED1,
    0xEED1, 0xEED1, 0xEED1, 0xEED1, 0xEED1, 0xEEF1, 0xEEF1, 0xF6F1, 0xF712, 0xF712, 0xF732, 0xF732,
    0xF732, 0xF732, 0xF732, 0xF732, 0xF732, 0xF732, 0xF732, 0xF732, 0xF732, 0xF711, 0xEED0, 0xEEB0,
    0xEED0, 0xEED0, 0xEEF0, 0xEEF0, 0xEEF0, 0xEEF0, 0xEECF, 0xEEAE, 0xE68E, 0xE66D, 0xDE2D, 0xDE0C,
    0xD5EC, 0xCDAB, 0xCD8A, 0xBD4A, 0xB4E9, 0xACC8, 0xAC87, 0xA487, 0x9C26, 0x9C47, 0xA487, 0xACA8,
    0xB4E9, 0xBD29, 0xC56A, 0xCD8A, 0xD5CB, 0xD5EC, 0xD5EC, 0xDE0C, 0xDE2D, 0xE64D, 0xE66D, 0xEE8E,
    0xEEAE, 0xEEAE, 0xEEAF, 0xEECF, 0xEEAF, 0xEEB0, 0xEEAF, 0xEEB0, 0xEED0, 0xEED0, 0xEEB0, 0xEEB0,
    0xEED0, 0xEED0, 0xEED0, 0xEED0, 0xEED0, 0xEED0, 0xEED0, 0xEED0, 0xEEB0, 0xEED0, 0xEEF1, 0xF6F1,
    0xF6F1, 0xF711, 0xF712, 0xF712, 0xF732, 0xF732, 0xF732, 0xF732, 0xFF32, 0xF732, 0xF732, 0xF732,
    0xFF52, 0xFF53, 0xFF32, 0xFF33, 0xFF53, 0xFF53, 0xFF53, 0xFF33, 0xF732, 0xF732, 0xF733, 0xFF33,
    0xFF32, 0xF732, 0xF732, 0xF732, 0xF732, 0xF732, 0xF732, 0xF732, 0xF732, 0xF732, 0xF732, 0xF732,
    0xF712, 0xF712, 0xF6F1, 0xEEF1, 0xEED1, 0xEED1, 0xEED1, 0xEED1, 0xEED1, 0xEED1, 0xEED1, 0xEED1,
    0xF6D1, 0xF6F1, 0xF6F1, 0xF6F1, 0xF6F1, 0xF711, 0xF712, 0xF712, 0xF711, 0xF711, 0xF711, 0xF711,
    0xF731, 0xF731, 0xF711, 0xF711, 0xF711, 0xF6F1, 0xEED0, 0xEEAF, 0xEEAF, 0xEEAF, 0xEEAF, 0xEEAF,
    0xEECF, 0xEEAF, 0xEE8E, 0xE68D, 0xE66D, 0xE64D, 0xDE2D, 0xD60C, 0xD5CB, 0xCDAB, 0xC58A, 0xBD4A,
    0xB4E8, 0xACA8, 0xACA7, 0xA487, 0x9C47, 0x9C47, 0xA487, 0xACA8, 0xB4E9, 0xBD29, 0xC54A, 0xCD8A,
    0xD5CB, 0xD5EB, 0xD5EC, 0xDE0C, 0xDE2D, 0xE64D, 0xE66D, 0xEE8E, 0xEEAE, 0xEEAE, 0xEEAF, 0xEEAF,
    0xEEAF, 0xEEAF, 0xEEAF, 0xEED0, 0xEED0, 0xEED0, 0xEED0, 0xEED0, 0xEED0, 0xEED0, 0xEED0, 0xEED0,
    0xEED0, 0xEED0, 0xEED0, 0xEED0, 0xEED0, 0xEED0, 0xEEF1, 0xF6F1, 0xF6F1, 0xF711, 0xF712, 0xF732,
    0xF732, 0xF732, 0xFF32, 0xFF52, 0xFF53, 0xFF53, 0xFF52, 0xFF52, 0xFF52, 0xFF53, 0xFF53, 0xFF53,
    0xFF53, 0xFF53, 0xFF53, 0xFF53, 0xFF53, 0xFF53, 0xFF53, 0xFF53, 0xFF53, 0xFF52, 0xF732, 0xF732,
    0xF732, 0xF732, 0xF732, 0xF732, 0xF732, 0xF732, 0xF732, 0xF732, 0xF712, 0xF712, 0xF6F1, 0xEEF1,
    0xEED1, 0xEED1, 0xEED1, 0xEED1, 0xEED1, 0xEED1, 0xF6F1, 0xF6F1, 0xF6F1, 0xF6F1, 0xF6F1, 0xF6F1,
    0xF6F1, 0xF711, 0xF732, 0xF732, 0xF731, 0xF711, 0xF731, 0xF731, 0xF731, 0xF731, 0xF731, 0xF731,
    0xF711, 0xF6F0, 0xEEB0, 0xEEAF, 0xEEAF, 0xEEAF, 0xEEAF, 0xEECF, 0xEECF, 0xEECF, 0xEEAE, 0xEE8E,
    0xE66D, 0xDE4D, 0xDE0C, 0xD5EB, 0xCDAB, 0xCD8A, 0xC56A, 0xBD4A, 0xB4E8, 0xACA8, 0xACA8, 0xA487,
    0x9C47, 0xA467, 0xA487, 0xACA8, 0xB4E9, 0xBD29, 0xC54A, 0xCD8A, 0xCDAB, 0xD5CB, 0xD5CB, 0xD5EC,
    0xDE2C, 0xE64D, 0xE66D, 0xE68D, 0xEE8E, 0xEEAE, 0xEEAE, 0xEEAF, 0xEEAF, 0xEEAF, 0xEEAF, 0xEED0,
    0xEED0, 0xEED0, 0xEED0, 0xEED0, 0xEED0, 0xEED0, 0xEED0, 0xEED0, 0xEED0, 0xEED0, 0xEED0, 0xEED0,
    0xEED0, 0xEED0, 0xEED0, 0xEEF1, 0xF6F1, 0xF711, 0xF711, 0xF712, 0xF732, 0xF732, 0xF732, 0xF732,
    0xFF32, 0xF732, 0xF732, 0xF732, 0xF732, 0xF732, 0xF732, 0xF732, 0xFF32, 0xFF32, 0xFF32, 0xFF32,
    0xF732, 0xF732, 0xF732, 0xF732, 0xF732, 0xF732, 0xF732, 0xF712, 0xF712, 0xF712, 0xF712, 0xF732,
    0xF712, 0xF712, 0xF732, 0xF712, 0xF712, 0xF711, 0xF6F1, 0xEEF1, 0xEED1, 0xEED1, 0xEED1, 0xEED1,
    0xEED1, 0xEED1, 0xF6F1, 0xF6F1, 0xF6F1, 0xF6F1, 0xEEF1, 0xF6F1, 0xF6F1, 0xF711, 0xF711, 0xF731,
    0xF711, 0xF711, 0xF711, 0xF711, 0xF711, 0xF711, 0xF711, 0xF711, 0xF6F0, 0xEEF0, 0xEEAF, 0xEEAF,
    0xEEAF, 0xEEAF, 0xEEAF, 0xEEAF, 0xEEAF, 0xEEAF, 0xEE8E, 0xE68E, 0xE64D, 0xDE2D, 0xDE0C, 0xD5EB,
    0xCDAB, 0xCD8A, 0xC56A, 0xBD4A, 0xB4E8, 0xACA8, 0xACA8, 0xACA8, 0xA467, 0xA467, 0xA487, 0xACC8,
    0xB509, 0xBD29, 0xC56A, 0xC58A, 0xCDAB, 0xCDAB, 0xD5CB, 0xD5EC, 0xDE0C, 0xDE2D, 0xE64D, 0xE66D,
    0xE66E, 0xE68E, 0xE68E, 0xEEAF, 0xEEAF, 0xEEAF, 0xEEAF, 0xEEB0, 0xEED0, 0xEED0, 0xEEB0, 0xEEB0,
    0xEED0, 0xEED0, 0xEEB0, 0xEEB0, 0xEED0, 0xEED0, 0xEED0, 0xEED0, 0xEED0, 0xEED0, 0xEED0, 0xEED0,
    0xEEF1, 0xF6F1, 0xF6F1, 0xF6F1, 0xF711, 0xF711, 0xF711, 0xF711, 0xF711, 0xF711, 0xF711, 0xF711,
    0xF711, 0xF711, 0xF711, 0xF711, 0xF711, 0xF711, 0xF711, 0xF711, 0xF711, 0xF711, 0xF712, 0xF712,
    0xF711, 0xF711, 0xF711, 0xF711, 0xF711, 0xF6F1, 0xF711, 0xF711, 0xF6F1, 0xF6F1, 0xF711, 0xF6F1,
    0xF6F1, 0xEEF1, 0xEEF1, 0xEED1, 0xEED1, 0xEED1, 0xEED0, 0xEED1, 0xEED1, 0xEED1, 0xEED1, 0xEED1,
    0xEED0, 0xEED0, 0xEED0, 0xEED0, 0xEEF1, 0xF6F1, 0xF6F1, 0xF6F1, 0xF6F1, 0xF6F0, 0xF6F0, 0xF6F0,
    0xF6F0, 0xF6F0, 0xF6F0, 0xF6F0, 0xEED0, 0xEECF, 0xEEAF, 0xEE8F, 0xEEAF, 0xEEAF, 0xE68E, 0xE66E,
    0xE66E, 0xE66E, 0xE66E, 0xE64D, 0xDE2D, 0xDE0C, 0xD60C, 0xD5EC, 0xD5CB, 0xCDAB, 0xC58A, 0xBD4A,
    0xB4E9, 0xACC8, 0xACA8, 0xACA8, 0xA467, 0xA467, 0xAC87, 0xACC8, 0xBD09, 0xC54A, 0xC56A, 0xCD8A,
    0xCDAB, 0xD5CB, 0xD5CC, 0xD5EC, 0xDE0C, 0xDE2D, 0xE64D, 0xE66D, 0xE68E, 0xEE8E, 0xEEAE, 0xEEAF,
    0xEEAF, 0xEEAF, 0xEEB0, 0xEEB0, 0xEEB0, 0xEEB0, 0xEEB0, 0xEEB0, 0xEED0, 0xEED0, 0xEEB0, 0xEEB0,
    0xEEB0, 0xEED0, 0xEED0, 0xEED0, 0xEED0, 0xEED1, 0xEED0, 0xEED1, 0xF6F1, 0xF6F1, 0xF6F1, 0xF711,
    0xF711, 0xF711, 0xF711, 0xF711, 0xF711, 0xF711, 0xF711, 0xF711, 0xF712, 0xF712, 0xF711, 0xF711,
    0xF711, 0xF711, 0xF712, 0xF712, 0xF712, 0xF712, 0xF712, 0xF712, 0xF712, 0xF712, 0xF712, 0xF712,
    0xF711, 0xF711, 0xF711, 0xF711, 0xF711, 0xF711, 0xF711, 0xF711, 0xF6F1, 0xEEF1, 0xEEF1, 0xEED1,
    0xEED1, 0xEED1, 0xEED1, 0xEED1, 0xEED1, 0xEED1, 0xEED1, 0xEED0, 0xEEB0, 0xEEB0, 0xEED0, 0xEED0,
    0xF6F1, 0xF6F1, 0xF711, 0xF6F1, 0xF6F1, 0xF6F0, 0xF6F0, 0xF6F0, 0xF6F0, 0xF6F0, 0xEEF0, 0xEED0,
    0xEED0, 0xEECF, 0xEEAF, 0xEEAF, 0xEEAF, 0xEEAF, 0xEE8F, 0xE68E, 0xE66E, 0xE66E, 0xE66E, 0xE66D,
    0xDE2D, 0xDE2C, 0xDE0C, 0xD60C, 0xD5EC, 0xD5CB, 0xCD8B, 0xC54A, 0xB509, 0xACC8, 0xACA8, 0xACA8,
    0xA467, 0xA487, 0xAC87, 0xACC8, 0xBD09, 0xC54A, 0xCD8A, 0xCDCB, 0xD5EC, 0xDE0C, 0xDE0C, 0xDE2D,
    0xDE2D, 0xE64D, 0xE66D, 0xEE8E, 0xEECE, 0xF6CF, 0xEECF, 0xEECF, 0xEECF, 0xEED0, 0xEED0, 0xEED0,
    0xEED0, 0xEED0, 0xEED0, 0xEED0, 0xEED0, 0xF6F0, 0xEED0, 0xEED0, 0xEED0, 0xEED0, 0xEED0, 0xEED0,
    0xEED1, 0xEEF1, 0xF6F1, 0xF6F1, 0xF711, 0xF712, 0xF732, 0xF732, 0xFF32, 0xFF52, 0xF732, 0xF732,
    0xF732, 0xF732, 0xFF32, 0xFF52, 0xFF52, 0xFF52, 0xF732, 0xF732, 0xF732, 0xF752, 0xFF53, 0xFF53,
    0xFF53, 0xFF53, 0xFF53, 0xF753, 0xF752, 0xF752, 0xFF53, 0xFF53, 0xFF52, 0xF732, 0xF732, 0xF732,
    0xF732, 0xF732, 0xF732, 0xF732, 0xF732, 0xF712, 0xF6F1, 0xEEF1, 0xEEF1, 0xEEF1, 0xEED1, 0xEED1,
    0xEEF1, 0xEEF1, 0xEED1, 0xEED1, 0xEED1, 0xEED1, 0xEED1, 0xF6F1, 0xF711, 0xF732, 0xF732, 0xF732,
    0xF711, 0xF711, 0xF711, 0xF711, 0xF711, 0xF711, 0xF710, 0xF710, 0xF6F0, 0xF6F0, 0xEECF, 0xEEAF,
    0xEECF, 0xEECF, 0xEECF, 0xEEAF, 0xEEAF, 0xEEAE, 0xEEAE, 0xEE8E, 0xE66D, 0xE64D, 0xDE2D, 0xDE0C,
    0xD60C, 0xD5EB, 0xCDAB, 0xC56A, 0xBD09, 0xB4C8, 0xACA8, 0xACA7, 0xA467, 0xA467, 0xAC87, 0xACC8,
    0xBD09, 0xC54A, 0xCDAB, 0xD5CB, 0xD60C, 0xDE2D, 0xDE2D, 0xE64D, 0xE66D, 0xE66D, 0xEE8E, 0xEECE,
    0xF6EF, 0xF6EF, 0xF6EF, 0xF6EF, 0xEEF0, 0xEED0, 0xEED0, 0xEED0, 0xEED0, 0xEED0, 0xEED0, 0xEED0,
    0xF6F1, 0xF6F1, 0xF6F1, 0xEEF1, 0xEEF1, 0xEEF1, 0xEEF1, 0xEEF1, 0xEEF1, 0xF6F1, 0xF711, 0xF712,
    0xF732, 0xF732, 0xFF52, 0xFF53, 0xFF53, 0xFF73, 0xFF53, 0xFF53, 0xFF52, 0xFF52, 0xFF53, 0xFF73,
    0xFF73, 0xFF73, 0xFF53, 0xFF53, 0xFF53, 0xFF73, 0xFF73, 0xFF73, 0xFF73, 0xFF73, 0xFF73, 0xFF73,
    0xFF73, 0xFF73, 0xFF73, 0xFF73, 0xFF73, 0xFF53, 0xFF52, 0xFF52, 0xFF52, 0xFF53, 0xFF53, 0xFF53,
    0xFF52, 0xF732, 0xF712, 0xF6F2, 0xF6F1, 0xF6F1, 0xEEF1, 0xEEF1, 0xF6F1, 0xF6F1, 0xF6F1, 0xEEF1,
    0xEED1, 0xEEF1, 0xF6F1, 0xF711, 0xF732, 0xFF52, 0xFF52, 0xFF52, 0xFF52, 0xF732, 0xF752, 0xFF52,
    0xFF52, 0xFF52, 0xFF31, 0xF731, 0xF711, 0xF6F0, 0xEED0, 0xEED0, 0xEED0, 0xF6F0, 0xF6F0, 0xF6F0,
    0xF6CF, 0xF6CF, 0xF6CF, 0xEEAE, 0xEE8E, 0xE66D, 0xDE4D, 0xDE2C, 0xDE0C, 0xD5EB, 0xD5CB, 0xC58B,
    0xBD09, 0xB4C8, 0xACA8, 0xACA7, 0x9C46, 0xA467, 0xA487, 0xACC8, 0xB509, 0xC54A, 0xCDAB, 0xD5EC,
    0xD60C, 0xDE2D, 0xE64D, 0xE66D, 0xEE8E, 0xEEAE, 0xF6CE, 0xF6EF, 0xF70F, 0xF710, 0xF710, 0xF6F0,
    0xF6F0, 0xF6F0, 0xEEF0, 0xEEF0, 0xF6F1, 0xF6F1, 0xF6F1, 0xF6F1, 0xF711, 0xF711, 0xF6F1, 0xF6F1,
    0xF6F1, 0xF6F1, 0xF6F1, 0xF711, 0xF712, 0xF712, 0xF712, 0xF732, 0xFF32, 0xFF53, 0xFF53, 0xFF73,
    0xFF73, 0xFF73, 0xFF73, 0xFF73, 0xFF73, 0xFF73, 0xFF73, 0xFF74, 0xFF74, 0xFF74, 0xFF74, 0xFF73,
    0xFF73, 0xFF73, 0xFF73, 0xFF73, 0xFF73, 0xFF74, 0xFF74, 0xFF74, 0xFF74, 0xFF74, 0xFF74, 0xFF74,
    0xFF74, 0xFF73, 0xFF53, 0xFF52, 0xFF53, 0xFF73, 0xFF73, 0xFF73, 0xFF53, 0xFF32, 0xF732, 0xF712,
    0xF712, 0xF712, 0xF712, 0xF712, 0xF732, 0xF712, 0xF712, 0xF712, 0xF6F1, 0xF6F1, 0xF712, 0xF732,
    0xFF32, 0xFF52, 0xFF53, 0xFF73, 0xFF52, 0xFF52, 0xFF52, 0xFF52, 0xFF52, 0xFF52, 0xFF52, 0xFF52,
    0xFF31, 0xF711, 0xF6F0, 0xF6F0, 0xF6F0, 0xF710, 0xF710, 0xF710, 0xF710, 0xF6F0, 0xF6CF, 0xEEAE,
    0xEE8E, 0xE66E, 0xE64D, 0xDE2D, 0xDE0C, 0xD5EB, 0xD5CB, 0xC56A, 0xB509, 0xACA8, 0xACA7, 0xAC87,
    0x9C46, 0xA467, 0xAC87, 0xB4C8, 0xBD09, 0xC56A, 0xCDAB, 0xD5EC, 0xD60C, 0xDE2D, 0xE64D, 0xE66E,
    0xEE8E, 0xEEAE, 0xF6EF, 0xF710, 0xF710, 0xF730, 0xF710, 0xF711, 0xF711, 0xF6F1, 0xF6F0, 0xEEF0,
    0xF6F1, 0xF6F1, 0xF711, 0xF711, 0xF711, 0xF711, 0xF711, 0xF6F1, 0xF6F1, 0xF6F1, 0xF712, 0xF712,
    0xF712, 0xF712, 0xF732, 0xFF32, 0xFF53, 0xFF53, 0xFF73, 0xFF73, 0xFF74, 0xFF94, 0xFF94, 0xFF94,
    0xFF94, 0xFF94, 0xFF94, 0xFF94, 0xFF94, 0xFF94, 0xFF94, 0xFF94, 0xFF94, 0xFF94, 0xFF94, 0xFF74,
    0xFF74, 0xFF74, 0xFF94, 0xFF94, 0xFF94, 0xFF94, 0xFF94, 0xFF94, 0xFF94, 0xFF74, 0xFF73, 0xFF73,
    0xFF73, 0xFF73, 0xFF74, 0xFF73, 0xFF53, 0xFF53, 0xF732, 0xF732, 0xF712, 0xF712, 0xF732, 0xF732,
    0xF732, 0xF732, 0xF732, 0xF712, 0xF712, 0xF712, 0xF712, 0xF732, 0xFF52, 0xFF53, 0xFF73, 0xFF73,
    0xFF73, 0xFF73, 0xFF73, 0xFF73, 0xFF73, 0xFF73, 0xFF73, 0xFF72, 0xFF52, 0xF731, 0xF711, 0xF6F1,
    0xF711, 0xF711, 0xF731, 0xF731, 0xF731, 0xF710, 0xF6F0, 0xEECF, 0xEEAE, 0xE68E, 0xE64D, 0xDE2D,
    0xDE0C, 0xD5EC, 0xD5CC, 0xC58B, 0xB509, 0xACA8, 0xACA7, 0xAC87, 0xA466, 0xA467, 0xACA7, 0xB4E8,
    0xBD29, 0xC56A, 0xCDAB, 0xD5EC, 0xDE0C, 0xDE2D, 0xE64D, 0xE66E, 0xEE8E, 0xEECF, 0xF6F0, 0xF730,
    0xF731, 0xF731, 0xF731, 0xF711, 0xF711, 0xF6F1, 0xEEF0, 0xEEF0, 0xF6F1, 0xF6F1, 0xF711, 0xF711,
    0xF711, 0xF711, 0xF6F1, 0xF6F1, 0xF6F1, 0xF6F1, 0xF711, 0xF712, 0xF712, 0xF712, 0xF732, 0xF733,
    0xFF53, 0xFF73, 0xFF74, 0xFF74, 0xFF94, 0xFF94, 0xFF94, 0xFF94, 0xFF94, 0xFF95, 0xFF95, 0xFF95,
    0xFF95, 0xFF95, 0xFF95, 0xFF95, 0xFF95, 0xFF95, 0xFF95, 0xFF95, 0xFF95, 0xFF95, 0xFF95, 0xFF95,
    0xFF95, 0xFF95, 0xFF95, 0xFF95, 0xFF95, 0xFF95, 0xFF94, 0xFF94, 0xFF74, 0xFF74, 0xFF94, 0xFF94,
    0xFF74, 0xFF53, 0xF733, 0xF732, 0xF712, 0xF712, 0xF712, 0xF712, 0xF733, 0xF733, 0xF732, 0xF712,
    0xF712, 0xF712, 0xF732, 0xF732, 0xFF53, 0xFF53, 0xFF73, 0xFF74, 0xFF74, 0xFF73, 0xFF73, 0xFF73,
    0xFF73, 0xFF73, 0xFF73, 0xFF73, 0xFF52, 0xF732, 0xF711, 0xF6F1, 0xF711, 0xF731, 0xF731, 0xFF32,
    0xFF52, 0xFF31, 0xF730, 0xF6F0, 0xEECF, 0xEE8E, 0xE66E, 0xE64D, 0xDE4D, 0xDE0C, 0xD5EC, 0xCD8B,
    0xBD29, 0xB4C8, 0xACA8, 0xA487, 0xA467, 0xA487, 0xACA8, 0xB4E8, 0xBD4A, 0xCD8B, 0xCDCB, 0xD5EC,
    0xDE2D, 0xE64D, 0xE66D, 0xEE8E, 0xEECF, 0xF6EF, 0xF730, 0xFF51, 0xFF72, 0xFF72, 0xFF52, 0xF732,
    0xF712, 0xF711, 0xF6F1, 0xF6F1, 0xF6F1, 0xF6F1, 0xF711, 0xF711, 0xF711, 0xF711, 0xF6F2, 0xF6F2,
    0xF6F1, 0xF6F1, 0xF712, 0xF712, 0xF712, 0xF712, 0xF732, 0xF733, 0xFF54, 0xFF74, 0xFF94, 0xFF95,
    0xFF95, 0xFFB5, 0xFFB5, 0xFFB6, 0xFFB6, 0xFFB6, 0xFFB6, 0xFFB6, 0xFFB6, 0xFFB6, 0xFFB6, 0xFFB6,
    0xFFB6, 0xFFB6, 0xFFB6, 0xFFB6, 0xFFB6, 0xFFB6, 0xFFB6, 0xFFB6, 0xFFB6, 0xFFB6, 0xFFB6, 0xFFB6,
    0xFFB6, 0xFFB6, 0xFFB6, 0xFFB6, 0xFF95, 0xFF95, 0xFFB5, 0xFF95, 0xFF74, 0xFF54, 0xF733, 0xF733,
    0xF713, 0xF712, 0xF713, 0xF713, 0xF713, 0xF713, 0xF733, 0xF733, 0xF713, 0xF733, 0xF733, 0xF733,
    0xFF53, 0xFF74, 0xFF94, 0xFF95, 0xFF95, 0xFF95, 0xFF95, 0xFF95, 0xFF95, 0xFF95, 0xFF95, 0xFF94,
    0xFF73, 0xF752, 0xF711, 0xF711, 0xF732, 0xF752, 0xFF52, 0xFF73, 0xFF73, 0xFF73, 0xFF52, 0xF731,
    0xF710, 0xEECF, 0xEE8E, 0xE66E, 0xE66D, 0xE64D, 0xD60C, 0xCDAB, 0xBD49, 0xB4E8, 0xACA8, 0xA487,
    0xA487, 0xAC87, 0xACC8, 0xB509, 0xC56A, 0xCDAB, 0xD5CB, 0xD60C, 0xDE4D, 0xE66D, 0xEE8E, 0xEECE,
    0xF6EF, 0xF730, 0xFF72, 0xFF93, 0xFFB4, 0xFFB5, 0xFF94, 0xFF53, 0xF733, 0xF712, 0xF6F1, 0xF6F1,
    0xF6F1, 0xF6F1, 0xF712, 0xF712, 0xF712, 0xF712, 0xF6F2, 0xF6F2, 0xF6F2, 0xF6F2, 0xF712, 0xF712,
    0xF712, 0xF712, 0xF733, 0xF754, 0xFF75, 0xFF95, 0xFFB6, 0xFFB6, 0xFFB6, 0xFFD7, 0xFFD7, 0xFFD8,
    0xFFD8, 0xFFD8, 0xFFD8, 0xFFD8, 0xFFD8, 0xFFD8, 0xFFD8, 0xFFD8, 0xFFD8, 0xFFD8, 0xFFD8, 0xFFD8,
    0xFFD8, 0xFFD8, 0xFFD8, 0xFFD8, 0xFFD8, 0xFFD8, 0xFFD8, 0xFFD8, 0xFFD8, 0xFFD8, 0xFFD8, 0xFFD8,
    0xFFD8, 0xFFD8, 0xFFD8, 0xFFB7, 0xFF96, 0xFF75, 0xFF54, 0xF733, 0xF713, 0xF713, 0xF713, 0xF713,
    0xF713, 0xF713, 0xF733, 0xF733, 0xF733, 0xF733, 0xF733, 0xF754, 0xFF74, 0xFF95, 0xFFB6, 0xFFB6,
    0xFFD6, 0xFFD6, 0xFFD6, 0xFFD7, 0xFFD7, 0xFFD7, 0xFFD7, 0xFFB6, 0xFF95, 0xF753, 0xF712, 0xF711,
    0xF732, 0xF773, 0xFF94, 0xFFB4, 0xFFB5, 0xFFB4, 0xFFB4, 0xFF93, 0xFF72, 0xF731, 0xEEEF, 0xEEAF,
    0xEEAE, 0xE68D, 0xDE0C, 0xCDAB, 0xC54A, 0xB508, 0xACA8, 0xA487, 0xA487, 0xACA7, 0xB4C8, 0xBD09,
    0xC56A, 0xCDAB, 0xD5CB, 0xDE0C, 0xE64D, 0xEE8D, 0xEEAE, 0xF6CE, 0xF710, 0xFF51, 0xFF93, 0xFFD4,
    0xFFD5, 0xFFD6, 0xFFB5, 0xFF74, 0xF753, 0xF713, 0xF6F2, 0xF6F1, 0xF6F2, 0xF712, 0xF712, 0xF712,
    0xF712, 0xF712, 0xF712, 0xF6F2, 0xF6F2, 0xF712, 0xF713, 0xF713, 0xF6F2, 0xF713, 0xF733, 0xF754,
    0xFF75, 0xFF96, 0xFFB6, 0xFFD7, 0xFFD7, 0xFFD8, 0xFFF8, 0xFFF9, 0xFFF9, 0xFFF9, 0xFFF9, 0xFFF9,
    0xFFD9, 0xFFD9, 0xFFD9, 0xFFD9, 0xFFF9, 0xFFF9, 0xFFF9, 0xFFF9, 0xFFF9, 0xFFF9, 0xFFD9, 0xFFD9,
    0xFFF9, 0xFFF9, 0xFFF9, 0xFFF9, 0xFFF9, 0xFFF9, 0xFFF9, 0xFFF9, 0xFFD9, 0xFFD9, 0xFFF8, 0xFFD8,
    0xFFB7, 0xFF96, 0xFF55, 0xF734, 0xF713, 0xF713, 0xF713, 0xF713, 0xF713, 0xF713, 0xF733, 0xF733,
    0xF733, 0xF734, 0xF754, 0xF754, 0xFF75, 0xFF96, 0xFFB7, 0xFFD7, 0xFFD7, 0xFFD7, 0xFFD7, 0xFFD8,
    0xFFD8, 0xFFD8, 0xFFD8, 0xFFD7, 0xFF95, 0xF754, 0xF712, 0xF712, 0xF753, 0xFF74, 0xFFB5, 0xFFD5,
    0xFFD6, 0xFFD5, 0xFFD5, 0xFFB4, 0xFF93, 0xFF51, 0xF710, 0xF6EF, 0xEECF, 0xEE8E, 0xDE2D, 0xD5CB,
    0xC56A, 0xBD09, 0xACA8, 0xA487, 0xA487, 0xAC87, 0xB4C8, 0xBD09, 0xC56A, 0xCDAB, 0xD5CB, 0xDE0C,
    0xE64D, 0xEE8D, 0xEEAE, 0xF6EF, 0xF710, 0xFF51, 0xFF93, 0xFFB4, 0xFFD5, 0xFFD5, 0xFFB5, 0xFF94,
    0xF754, 0xF733, 0xF712, 0xF6F2, 0xF712, 0xF712, 0xF712, 0xF712, 0xF712, 0xF712, 0xF712, 0xF713,
    0xF713, 0xF713, 0xF713, 0xF713, 0xF6F2, 0xF713, 0xF733, 0xF754, 0xFF75, 0xFF96, 0xFFB6, 0xFFD7,
    0xFFD8, 0xFFD8, 0xFFF8, 0xFFF9, 0xFFF9, 0xFFF9, 0xFFF9, 0xFFF9, 0xFFF9, 0xFFD9, 0xFFD9, 0xFFD9,
    0xFFF9, 0xFFF9, 0xFFF9, 0xFFF9, 0xFFD9, 0xFFD9, 0xFFD9, 0xFFD9, 0xFFD9, 0xFFF9, 0xFFF9, 0xFFF9,
    0xFFD9, 0xFFD9, 0xFFF9, 0xFFF9, 0xFFD8, 0xFFD8, 0xFFD8, 0xFFD8, 0xFFB7, 0xFF96, 0xFF55, 0xF734,
    0xF733, 0xF713, 0xF713, 0xF713, 0xF713, 0xF713, 0xF733, 0xF733, 0xF734, 0xF734, 0xF754, 0xFF75,
    0xFF95, 0xFF96, 0xFFB7, 0xFFD7, 0xFFF8, 0xFFF8, 0xFFF8, 0xFFF8, 0xFFF8, 0xFFF8, 0xFFF8, 0xFFD7,
    0xFF96, 0xF754, 0xF712, 0xF712, 0xF753, 0xFF94, 0xFFB5, 0xFFD5, 0xFFD6, 0xFFD5, 0xFFD4, 0xFFB3,
    0xFF92, 0xF751, 0xF710, 0xF6EF, 0xF6CF, 0xEEAE, 0xDE4D, 0xD5EB, 0xCD8A, 0xBD29, 0xACC8, 0xAC87,
    0xA467, 0xAC87, 0xB4C8, 0xBD09, 0xC54A, 0xCD8B, 0xCDCB, 0xD60C, 0xDE4C, 0xE66D, 0xEEAE, 0xF6CF,
    0xF710, 0xFF51, 0xFF92, 0xFFB4, 0xFFD5, 0xFFD5, 0xFFB5, 0xFF95, 0xFF74, 0xF733, 0xF712, 0xF712,
    0xF733, 0xF733, 0xF733, 0xF733, 0xF733, 0xF733, 0xF733, 0xF733, 0xF733, 0xF733, 0xF733, 0xF733,
    0xF713, 0xF733, 0xF754, 0xFF75, 0xFF95, 0xFFB6, 0xFFB6, 0xFFD7, 0xFFD8, 0xFFD8, 0xFFF8, 0xFFF8,
    0xFFF9, 0xFFF9, 0xFFF8, 0xFFF9, 0xFFF9, 0xFFD9, 0xFFD9, 0xFFD9, 0xFFD9, 0xFFF9, 0xFFF9, 0xFFD9,
    0xFFD9, 0xFFD9, 0xFFD9, 0xFFD9, 0xFFD9, 0xFFD9, 0xFFF9, 0xFFD9, 0xFFD8, 0xFFD8, 0xFFD9, 0xFFD9,
    0xFFD8, 0xFFD8, 0xFFD8, 0xFFD8, 0xFFB7, 0xFF96, 0xFF75, 0xF755, 0xF734, 0xF734, 0xF734, 0xF734,
    0xF734, 0xF734, 0xF734, 0xF734, 0xF754, 0xF754, 0xFF75, 0xFF75, 0xFF96, 0xFFB6, 0xFFD7, 0xFFD7,
    0xFFF8, 0xFFF8, 0xFFF8, 0xFFF8, 0xFFF8, 0xFFF8, 0xFFF8, 0xFFD7, 0xFFB6, 0xFF74, 0xF733, 0xF733,
    0xFF73, 0xFF94, 0xFFB5, 0xFFD5, 0xFFD5, 0xFFD5, 0xFFD4, 0xFFB3, 0xFF92, 0xF751, 0xF710, 0xF6EF,
    0xEECE, 0xE68E, 0xDE2D, 0xD5CB, 0xC56A, 0xBD29, 0xACC8, 0xAC87, 0xA467, 0xAC87, 0xACC8, 0xB4E8,
    0xBD29, 0xC56A, 0xCDAB, 0xD5EB, 0xDE0C, 0xE64D, 0xE68D, 0xEECE, 0xF70F, 0xFF51, 0xFF92, 0xFFB3,
    0xFFD4, 0xFFD5, 0xFFB5, 0xFFB5, 0xFF94, 0xFF74, 0xF753, 0xF733, 0xFF53, 0xFF74, 0xFF53, 0xFF53,
    0xFF74, 0xFF74, 0xFF74, 0xFF74, 0xFF74, 0xFF74, 0xFF74, 0xFF54, 0xFF54, 0xFF74, 0xFF75, 0xFF95,
    0xFFB6, 0xFFB6, 0xFFD7, 0xFFD7, 0xFFD7, 0xFFD7, 0xFFD8, 0xFFD8, 0xFFD8, 0xFFD8, 0xFFD8, 0xFFD8,
    0xFFD8, 0xFFD8, 0xFFD8, 0xFFD9, 0xFFD8, 0xFFD9, 0xFFD9, 0xFFD9, 0xFFD8, 0xFFD8, 0xFFD8, 0xFFD8,
    0xFFD8, 0xFFD8, 0xFFD8, 0xFFD8, 0xFFD8, 0xFFD8, 0xFFD8, 0xFFD8, 0xFFD8, 0xFFD8, 0xFFD8, 0xFFD8,
    0xFFB7, 0xFFB6, 0xFF96, 0xFF95, 0xFF75, 0xFF74, 0xF755, 0xF755, 0xF775, 0xFF75, 0xFF75, 0xFF75,
    0xFF75, 0xFF75, 0xFF95, 0xFF96, 0xFFB6, 0xFFB6, 0xFFD7, 0xFFD7, 0xFFF7, 0xFFF7, 0xFFF7, 0xFFF7,
    0xFFF7, 0xFFF7, 0xFFF7, 0xFFD7, 0xFFB5, 0xFF94, 0xFF54, 0xFF53, 0xFF74, 0xFF94, 0xFFB5, 0xFFD5,
    0xFFD5, 0xFFD4, 0xFFB3, 0xFF92, 0xFF72, 0xF731, 0xF6F0, 0xEECF, 0xEE8E, 0xE64D, 0xDE0C, 0xCDAB,
    0xC549, 0xB508, 0xACA8, 0xAC87, 0xA467, 0xA487, 0xACA8, 0xB4E8, 0xBD09, 0xC54A, 0xCDAB, 0xD5CB,
    0xDE0C, 0xDE4D, 0xE68D, 0xEECE, 0xF70F, 0xFF50, 0xFF92, 0xFFB3, 0xFFB4, 0xFFD4, 0xFFB4, 0xFFB4,
    0xFF94, 0xFF73, 0xF753, 0xF753, 0xFF73, 0xFF73, 0xFF53, 0xFF53, 0xFF74, 0xFF74, 0xFF74, 0xF774,
    0xFF74, 0xFF74, 0xFF74, 0xFF74, 0xFF54, 0xFF74, 0xFF95, 0xFF95, 0xFFB6, 0xFFB6, 0xFFD6, 0xFFD7,
    0xFFD7, 0xFFD7, 0xFFD7, 0xFFD7, 0xFFD7, 0xFFD7, 0xFFD7, 0xFFD7, 0xFFD8, 0xFFD8, 0xFFD8, 0xFFD8,
    0xFFD8, 0xFFD8, 0xFFD8, 0xFFD8, 0xFFD8, 0xFFD8, 0xFFD8, 0xFFD8, 0xFFD8, 0xFFD8, 0xFFD8, 0xFFD8,
    0xFFD7, 0xFFD7, 0xFFD8, 0xFFD8, 0xFFD7, 0xFFD7, 0xFFD7, 0xFFD7, 0xFFD7, 0xFFB6, 0xFF96, 0xFF95,
    0xFF75, 0xF774, 0xF775, 0xF775, 0xF775, 0xF775, 0xF775, 0xFF75, 0xFF75, 0xFF75, 0xFF95, 0xFF95,
    0xFFB6, 0xFFB6, 0xFFD7, 0xFFD7, 0xFFD7, 0xFFF7, 0xFFF7, 0xFFF7, 0xFFF7, 0xFFF7, 0xFFF7, 0xFFD6,
    0xFFB5, 0xFF74, 0xF753, 0xF753, 0xFF74, 0xFF94, 0xFFB4, 0xFFB4, 0xFFD4, 0xFFB4, 0xFFB3, 0xFF92,
    0xFF71, 0xF730, 0xF6EF, 0xEEAE, 0xE68E, 0xE64D, 0xD5EC, 0xCD8B, 0xBD49, 0xB4E8, 0xACA8, 0xAC87,
    0xA467, 0xA467, 0xACA7, 0xB4C8, 0xBD29, 0xC56A, 0xCDAB, 0xD5EC, 0xDE2C, 0xE64D, 0xEE8D, 0xEECE,
    0xF70F, 0xF730, 0xFF71, 0xFF92, 0xFFB3, 0xFFB3, 0xFFB3, 0xFF93, 0xFF73, 0xF752, 0xF732, 0xF732,
    0xF732, 0xF752, 0xF752, 0xF752, 0xF732, 0xF733, 0xF733, 0xF733, 0xF733, 0xF733, 0xF733, 0xF733,
    0xF733, 0xF733, 0xF754, 0xFF74, 0xFF95, 0xFFB5, 0xFFB6, 0xFFD6, 0xFFD7, 0xFFD7, 0xFFD7, 0xFFD7,
    0xFFD7, 0xFFD7, 0xFFD7, 0xFFD7, 0xFFF8, 0xFFF8, 0xFFD8, 0xFFD8, 0xFFF8, 0xFFF8, 0xFFD8, 0xFFD8,
    0xFFD7, 0xFFD7, 0xFFD7, 0xFFD7, 0xFFD7, 0xFFD7, 0xFFD7, 0xFFD7, 0xFFD7, 0xFFD7, 0xFFD8, 0xFFD8,
    0xFFD7, 0xFFD7, 0xFFD7, 0xFFD7, 0xFFB6, 0xFFB6, 0xFF95, 0xFF74, 0xF753, 0xF733, 0xF754, 0xF754,
    0xF754, 0xF754, 0xF754, 0xF754, 0xF754, 0xF754, 0xF774, 0xFF74, 0xFF95, 0xFFB5, 0xFFD6, 0xFFD6,
    0xFFD6, 0xFFF6, 0xFFD7, 0xFFD6, 0xFFD6, 0xFFD6, 0xFFD6, 0xFFD6, 0xFF94, 0xF752, 0xF732, 0xF732,
    0xF752, 0xFF73, 0xFF93, 0xFFB4, 0xFFB4, 0xFFB3, 0xFFB2, 0xFF92, 0xFF71, 0xF730, 0xEECF, 0xEEAE,
    0xEE8E, 0xE64D, 0xDE0C, 0xCDAB, 0xC549, 0xB4E8, 0xACA7, 0xA467, 0xA467, 0xA467, 0xAC87, 0xACC8,
    0xBD29, 0xC56A, 0xCDAB, 0xD5EC, 0xDE2C, 0xE64D, 0xE66D, 0xEE8E, 0xEECE, 0xF6EF, 0xF730, 0xF751,
    0xFF72, 0xFF72, 0xFF72, 0xF752, 0xF731, 0xF711, 0xEEF1, 0xEEF1, 0xF711, 0xF711, 0xF711, 0xF711,
    0xF711, 0xF711, 0xF712, 0xF712, 0xF711, 0xF711, 0xEF12, 0xEF12, 0xEF12, 0xF712, 0xF732, 0xF753,
    0xF774, 0xFF74, 0xFF94, 0xFF95, 0xFFB5, 0xFFB6, 0xFFB5, 0xFFB6, 0xFFB6, 0xFFB6, 0xFFB6, 0xFFB6,
    0xFFB6, 0xFFB6, 0xFFB6, 0xFFB6, 0xFFB7, 0xFFB7, 0xFFB6, 0xFFB6, 0xFFB6, 0xFFB6, 0xFFB6, 0xFFB6,
    0xFFB6, 0xFFB6, 0xFFB6, 0xFFB6, 0xFFB6, 0xFFB6, 0xFFB6, 0xFFB6, 0xFFB6, 0xFFB6, 0xFFB6, 0xFFB5,
    0xFF95, 0xFF74, 0xF774, 0xF753, 0xF712, 0xF712, 0xF713, 0xF733, 0xF733, 0xF732, 0xF732, 0xF733,
    0xF733, 0xF733, 0xF733, 0xF753, 0xFF73, 0xFF74, 0xFF95, 0xFFB5, 0xFFB5, 0xFFB5, 0xFFB5, 0xFFB5,
    0xFFB5, 0xFFB5, 0xFFB5, 0xFF94, 0xFF52, 0xF731, 0xEEF1, 0xEEF1, 0xF731, 0xF752, 0xFF52, 0xFF72,
    0xFF72, 0xFF72, 0xFF71, 0xF750, 0xF730, 0xEEEF, 0xEEAE, 0xE68E, 0xE66D, 0xE64D, 0xD5EC, 0xCDAB,
    0xC54A, 0xB4E8, 0xACA7, 0xA467, 0xA467, 0xA487, 0xACA8, 0xB4C8, 0xBD09, 0xC54A, 0xCDAB, 0xD5EB,
    0xD60C, 0xDE0C, 0xDE2C, 0xDE4D, 0xE66D, 0xEE8E, 0xEECF, 0xEEEF, 0xF710, 0xF710, 0xF6F0, 0xEEF0,
    0xEED0, 0xEED0, 0xEED0, 0xEED0, 0xEED0, 0xEED0, 0xEED0, 0xEED0, 0xEED0, 0xEED0, 0xEED0, 0xEED0,
    0xEED0, 0xEED1, 0xEED1, 0xEED1, 0xEED1, 0xEEF1, 0xF6F1, 0xF712, 0xF732, 0xF732, 0xF733, 0xFF53,
    0xFF53, 0xFF53, 0xFF73, 0xFF74, 0xFF74, 0xFF74, 0xFF74, 0xFF74, 0xFF74, 0xFF74, 0xFF74, 0xFF74,
    0xFF74, 0xFF74, 0xFF74, 0xFF74, 0xFF74, 0xFF54, 0xFF74, 0xFF74, 0xFF74, 0xFF74, 0xFF53, 0xFF53,
    0xFF74, 0xFF74, 0xFF74, 0xFF74, 0xFF74, 0xFF54, 0xFF53, 0xFF53, 0xF733, 0xF732, 0xF712, 0xF712,
    0xEEF1, 0xEEF1, 0xEEF1, 0xEEF1, 0xEEF2, 0xF6F2, 0xEEF1, 0xEEF1, 0xEEF1, 0xF6F1, 0xEEF1, 0xF712,
    0xF712, 0xF732, 0xFF53, 0xFF53, 0xFF53, 0xFF53, 0xFF53, 0xFF53, 0xFF52, 0xFF52, 0xFF52, 0xF752,
    0xF731, 0xF6F0, 0xEED0, 0xEED0, 0xF6F0, 0xF710, 0xF710, 0xF710, 0xF710, 0xF6F0, 0xF6EF, 0xEECF,
    0xEEAE, 0xE66D, 0xDE4D, 0xDE2D, 0xDE2D, 0xDE0C, 0xD5CC, 0xCD8B, 0xBD29, 0xB4E8, 0xACA7, 0xA487,
    0xA467, 0xA487, 0xACA7, 0xACC8, 0xB509, 0xBD4A, 0xCD8B, 0xCDCB, 0xD5EC, 0xD5EC, 0xD5EC, 0xDE0C,
    0xDE2D, 0xE66D, 0xE68E, 0xEEAE, 0xEEAF, 0xEECF, 0xEECF, 0xEEAF, 0xEEAF, 0xEEAF, 0xEEAF, 0xEEAF,
    0xEEAF, 0xEEB0, 0xEEAF, 0xEEAF, 0xEED0, 0xEED0, 0xEEB0, 0xEEB0, 0xEEB0, 0xEED0, 0xEED0, 0xEED1,
    0xEED0, 0xEED1, 0xEED1, 0xF6F1, 0xF711, 0xF712, 0xF712, 0xF732, 0xF732, 0xF732, 0xF732, 0xFF32,
    0xFF32, 0xFF32, 0xFF33, 0xFF33, 0xFF53, 0xFF53, 0xFF53, 0xFF53, 0xFF53, 0xFF53, 0xFF53, 0xFF53,
    0xF733, 0xF732, 0xF733, 0xF753, 0xF752, 0xF732, 0xF732, 0xF732, 0xF732, 0xF732, 0xF733, 0xF733,
    0xF732, 0xF732, 0xF732, 0xF732, 0xF712, 0xF6F1, 0xEEF1, 0xEED1, 0xEED1, 0xEED1, 0xEED1, 0xEED1,
    0xEED1, 0xEEF1, 0xEED1, 0xEED1, 0xEED1, 0xEED1, 0xEED1, 0xEEF1, 0xF6F1, 0xF711, 0xF711, 0xF731,
    0xF731, 0xF731, 0xF731, 0xF731, 0xF731, 0xF731, 0xF731, 0xF711, 0xF6F0, 0xEED0, 0xEEAF, 0xEEAF,
    0xEECF, 0xEECF, 0xEECF, 0xEECF, 0xEECF, 0xEEAF, 0xEEAE, 0xEE8E, 0xE64D, 0xDE2D, 0xDE0C, 0xD60C,
    0xDE0C, 0xD5EC, 0xCDCB, 0xC58A, 0xBD29, 0xB4E8, 0xACA8, 0xAC87, 0xA467, 0xA467, 0xA487, 0xACA8,
    0xB4E9, 0xBD29, 0xC56A, 0xCDAB, 0xD5CB, 0xD5EC, 0xDE0C, 0xDE0D, 0xDE4D, 0xE66D, 0xE66E, 0xEE8E,
    0xEEAE, 0xEEAE, 0xEEAF, 0xEEAF, 0xEEAF, 0xEEAF, 0xEEAF, 0xEEAF, 0xEEB0, 0xEED0, 0xEED0, 0xEED0,
    0xEED0, 0xEED0, 0xEEB0, 0xEEB0, 0xEEB0, 0xEED0, 0xEED0, 0xEED1, 0xEED0, 0xEED1, 0xEED1, 0xF6F1,
    0xF711, 0xF712, 0xF712, 0xF732, 0xF732, 0xF732, 0xF732, 0xF732, 0xF732, 0xF732, 0xF732, 0xF732,
    0xFF33, 0xFF53, 0xFF53, 0xFF33, 0xF733, 0xF733, 0xF753, 0xF733, 0xF732, 0xF732, 0xF732, 0xF732,
    0xF732, 0xF732, 0xF712, 0xF712, 0xF732, 0xF732, 0xF732, 0xF732, 0xF732, 0xF732, 0xF732, 0xF712,
    0xF712, 0xF6F1, 0xEEF1, 0xEED1, 0xEED1, 0xEED1, 0xEED1, 0xEED1, 0xEEF1, 0xEEF1, 0xEEF1, 0xEEF1,
    0xEEF1, 0xEEF1, 0xEED1, 0xEED1, 0xEEF1, 0xF6F1, 0xF711, 0xF711, 0xF711, 0xF711, 0xF711, 0xF711,
    0xF711, 0xF710, 0xF710, 0xF710, 0xF6F0, 0xEED0, 0xEEAF, 0xEEAF, 0xEEAF, 0xEEAF, 0xEEAF, 0xEEAF,
    0xEEAE, 0xEE8E, 0xEE8E, 0xE66D, 0xE64D, 0xDE2D, 0xDE0C, 0xD60C, 0xD5EC, 0xD5EC, 0xCDAB, 0xC56A,
    0xBD29, 0xB4E9, 0xACC8, 0xACA8, 0xA467, 0xA467, 0xA487, 0xACA8, 0xB4E9, 0xBD29, 0xC56A, 0xCDAB,
    0xCDAB, 0xD5CC, 0xD5EC, 0xDE0D, 0xDE2D, 0xE64D, 0xE66D, 0xE68E, 0xEE8E, 0xEE8E, 0xEEAE, 0xEEAF,
    0xEEAF, 0xEEAF, 0xEEAF, 0xEEAF, 0xEEB0, 0xEED0, 0xEED0, 0xEED0, 0xEED0, 0xEEB0, 0xEEB0, 0xEEB0,
    0xEEB0, 0xEEB0, 0xEED0, 0xEED0, 0xEEB0, 0xEED0, 0xEED1, 0xF6F1, 0xF712, 0xF712, 0xF712, 0xF712,
    0xF712, 0xF732, 0xF732, 0xF732, 0xF732, 0xF732, 0xF732, 0xF732, 0xF733, 0xF733, 0xF733, 0xF733,
    0xF732, 0xF732, 0xF732, 0xF732, 0xF732, 0xF732, 0xF732, 0xF732, 0xF732, 0xF732, 0xF712, 0xF712,
    0xF712, 0xF732, 0xF732, 0xF732, 0xF732, 0xF732, 0xF712, 0xF712, 0xF712, 0xEEF1, 0xEEF1, 0xEED1,
    0xEED1, 0xEED1, 0xEED1, 0xEED1, 0xEED1, 0xEED1, 0xEED1, 0xEED1, 0xEED1, 0xEED1, 0xEED1, 0xEED1,
    0xEED1, 0xEEF1, 0xF6F1, 0xF711, 0xF6F1, 0xF6F1, 0xF711, 0xF710, 0xF710, 0xF710, 0xF6F0, 0xF6F0,
    0xF6F0, 0xEED0, 0xEEAF, 0xEEAF, 0xEEAF, 0xEEAF, 0xEEAF, 0xEE8E, 0xEE8E, 0xE68E, 0xE66D, 0xE66D,
    0xE64D, 0xDE2D, 0xDE0C, 0xD5EC, 0xD5EC, 0xD5CC, 0xCDAB, 0xC56A, 0xBD29, 0xB4E9, 0xACC8, 0xACA8,
    0xA467, 0xA467, 0xA487, 0xACA8, 0xB509, 0xBD2A, 0xC56A, 0xCD8B, 0xCDAB, 0xD5CC, 0xD5EC, 0xDE0C,
    0xDE2D, 0xDE4D, 0xE64D, 0xE66D, 0xE68E, 0xE68E, 0xE68E, 0xE68F, 0xEE8F, 0xEEAF, 0xEEAF, 0xEEAF,
    0xEEB0, 0xEEB0, 0xEED0, 0xEED0, 0xEEB0, 0xEEB0, 0xEEB0, 0xEEB0, 0xEEB0, 0xEEB0, 0xEEB0, 0xEEB0,
    0xEEB0, 0xEEB0, 0xEED1, 0xEEF1, 0xF6F1, 0xF712, 0xF712, 0xF712, 0xF712, 0xF712, 0xF732, 0xF732,
    0xF732, 0xF732, 0xF712, 0xF712, 0xF732, 0xF732, 0xF732, 0xF732, 0xF732, 0xF732, 0xF732, 0xF732,
    0xF712, 0xF712, 0xF732, 0xF732, 0xF732, 0xF732, 0xF712, 0xF712, 0xF712, 0xF712, 0xF712, 0xF712,
    0xF712, 0xF712, 0xF712, 0xF712, 0xF711, 0xF6F1, 0xEEF1, 0xEED1, 0xEED1, 0xEED1, 0xEED1, 0xEED1,
    0xEED1, 0xEED1, 0xEED1, 0xEED1, 0xEED1, 0xEED1, 0xEED1, 0xEED1, 0xEED1, 0xEEF1, 0xF6F1, 0xF6F1,
    0xF6F1, 0xF711, 0xF6F1, 0xF6F0, 0xF6F0, 0xF6F0, 0xF6F0, 0xF6F0, 0xF6F0, 0xEED0, 0xEEAF, 0xEEAF,
    0xEEAF, 0xEEAF, 0xEE8F, 0xE68E, 0xE68E, 0xE66E, 0xE66D, 0xE64D, 0xDE2D, 0xDE2C, 0xDE0C, 0xD60C,
    0xD5EC, 0xD5EC, 0xCDAB, 0xC58B, 0xBD29, 0xB4E9, 0xB4C8, 0xACC8, 0xA467, 0xA467, 0xA487, 0xACA8,
    0xB509, 0xBD4A, 0xC56A, 0xCD8B, 0xCDAB, 0xD5CC, 0xD5EC, 0xDE0D, 0xDE2D, 0xE64D, 0xE66D, 0xE68E,
    0xEE8E, 0xEEAE, 0xEEAF, 0xEEAF, 0xEEAF, 0xEEAF, 0xEEAF, 0xEEB0, 0xEEB0, 0xEED0, 0xEED0, 0xEED0,
    0xEEB0, 0xEEB0, 0xEEB0, 0xEEB0, 0xEEB0, 0xEEB0, 0xEEB0, 0xEEB0, 0xEEB0, 0xEEB0, 0xEED1, 0xF6F1,
    0xF712, 0xF712, 0xF712, 0xF732, 0xF732, 0xF732, 0xF733, 0xF733, 0xF733, 0xF733, 0xF733, 0xF733,
    0xF733, 0xF733, 0xF733, 0xF733, 0xF733, 0xF733, 0xF733, 0xF733, 0xF733, 0xF733, 0xF733, 0xF733,
    0xF753, 0xF733, 0xF732, 0xF732, 0xF733, 0xF733, 0xF732, 0xF732, 0xF732, 0xF732, 0xF732, 0xF712,
    0xF712, 0xF712, 0xF6F1, 0xEEF1, 0xEED1, 0xEED1, 0xEED1, 0xEED1, 0xEED1, 0xEED1, 0xEED1, 0xEED1,
    0xEED1, 0xEED1, 0xEED1, 0xEEF1, 0xEEF1, 0xF6F1, 0xF6F1, 0xF711, 0xF711, 0xF711, 0xF711, 0xF711,
    0xF711, 0xF711, 0xF710, 0xF6F0, 0xF6F0, 0xF6F0, 0xEECF, 0xEEAF, 0xEEAF, 0xEEAF, 0xEEAF, 0xEEAF,
    0xEEAF, 0xEE8E, 0xE66E, 0xE66D, 0xE64D, 0xDE2D, 0xDE2C, 0xDE0C, 0xD60C, 0xD5EC, 0xCDCB, 0xC58B,
    0xBD2A, 0xB4E9, 0xB4C8, 0xACC8, 0xA467, 0xA467, 0xA487, 0xACA8, 0xB4E9, 0xBD2A, 0xC56A, 0xCD8B,
    0xCDAB, 0xD5CC, 0xDE0C, 0xDE2D, 0xE64D, 0xE66E, 0xEE8E, 0xEEAF, 0xEECF, 0xEECF, 0xEECF, 0xEECF,
    0xEED0, 0xEED0, 0xEEB0, 0xEED0, 0xEED0, 0xEED0, 0xEED0, 0xEED0, 0xEED0, 0xEED0, 0xEED0, 0xEED0,
    0xEED0, 0xEED0, 0xEED1, 0xEED1, 0xEED1, 0xEEF1, 0xF6F1, 0xF712, 0xF732, 0xF733, 0xFF53, 0xFF53,
    0xFF53, 0xFF73, 0xFF73, 0xFF73, 0xFF74, 0xFF73, 0xFF53, 0xFF53, 0xFF53, 0xFF53, 0xFF53, 0xFF53,
    0xFF74, 0xFF74, 0xFF74, 0xFF74, 0xFF54, 0xFF54, 0xFF74, 0xFF74, 0xFF74, 0xFF74, 0xFF53, 0xFF53,
    0xFF53, 0xFF53, 0xFF53, 0xFF53, 0xFF53, 0xFF53, 0xFF53, 0xFF53, 0xF733, 0xF732, 0xF712, 0xF6F1,
    0xEEF1, 0xEED1, 0xEEF1, 0xEEF1, 0xF6F1, 0xF6F1, 0xEEF1, 0xEEF1, 0xEEF1, 0xEEF1, 0xF6F1, 0xF711,
    0xF712, 0xF732, 0xF732, 0xFF52, 0xFF52, 0xFF52, 0xFF52, 0xFF32, 0xFF52, 0xFF51, 0xFF31, 0xF731,
    0xF711, 0xF6F0, 0xEED0, 0xEED0, 0xEED0, 0xF6F0, 0xF6F0, 0xF6F0, 0xF6CF, 0xEECF, 0xEEAE, 0xEE8E,
    0xEE8E, 0xE66D, 0xDE4D, 0xDE0C, 0xDE0C, 0xD5EC, 0xD5CC, 0xC58B, 0xBD2A, 0xB4E9, 0xACC8, 0xACC8,
    0xA467, 0xA467, 0xA487, 0xACA8, 0xB4E9, 0xBD2A, 0xC56A, 0xCD8B, 0xCDCB, 0xD5EC, 0xDE0D, 0xE64D,
    0xE66E, 0xEE8E, 0xEEAF, 0xEECF, 0xF6F0, 0xF6F0, 0xF6F0, 0xEED0, 0xEED0, 0xEED0, 0xEED0, 0xEED0,
    0xEED0, 0xEEF0, 0xF6F0, 0xF6F0, 0xEEF1, 0xEEF1, 0xEEF1, 0xEEF1, 0xF6F1, 0xF6F1, 0xEEF1, 0xEEF1,
    0xEEF1, 0xF6F1, 0xF712, 0xF712, 0xF733, 0xFF53, 0xFF53, 0xFF74, 0xFF74, 0xFF74, 0xFF74, 0xFF74,
    0xFF74, 0xFF74, 0xFF74, 0xFF74, 0xFF74, 0xFF74, 0xFF74, 0xFF74, 0xFF74, 0xFF74, 0xFF74, 0xFF74,
    0xFF74, 0xFF74, 0xFF74, 0xFF74, 0xFF74, 0xFF74, 0xFF74, 0xFF74, 0xFF74, 0xFF74, 0xFF74, 0xFF73,
    0xFF53, 0xFF53, 0xFF73, 0xFF73, 0xFF53, 0xF733, 0xF712, 0xF712, 0xF6F1, 0xEEF1, 0xF6F2, 0xF6F2,
    0xF712, 0xF712, 0xF712, 0xF6F2, 0xF6F2, 0xF712, 0xF712, 0xF712, 0xF732, 0xF732, 0xFF52, 0xFF53,
    0xFF73, 0xFF53, 0xFF52, 0xFF52, 0xFF52, 0xFF52, 0xFF52, 0xFF52, 0xF731, 0xF711, 0xEED0, 0xEED0,
    0xF6F0, 0xF6F0, 0xF6F0, 0xF6F0, 0xF6F0, 0xF6EF, 0xEECF, 0xEEAE, 0xEEAE, 0xE68E, 0xE64D, 0xDE2D,
    0xDE0C, 0xD5EC, 0xD5CC, 0xC58B, 0xBD2A, 0xB4E9, 0xB4E8, 0xACC8, 0xA467, 0xA467, 0xA488, 0xACC8,
    0xB509, 0xBD4A, 0xC58B, 0xCDAB, 0xD5CC, 0xD5EC, 0xDE2D, 0xE64D, 0xE66E, 0xEE8E, 0xEECF, 0xEECF,
    0xF6F0, 0xF6F0, 0xEEF0, 0xEED0, 0xEED0, 0xEED0, 0xEED0, 0xEED1, 0xF6F1, 0xF6F1, 0xF6F1, 0xF6F1,
    0xF6F1, 0xF6F1, 0xF6F1, 0xF6F1, 0xF6F1, 0xF6F1, 0xF6F2, 0xF6F2, 0xF6F2, 0xF6F2, 0xF712, 0xF712,
    0xF733, 0xFF53, 0xFF53, 0xFF53, 0xFF53, 0xFF54, 0xFF53, 0xFF53, 0xFF74, 0xFF74, 0xFF74, 0xFF54,
    0xFF74, 0xFF74, 0xFF74, 0xFF74, 0xFF74, 0xFF74, 0xFF74, 0xFF74, 0xFF74, 0xFF74, 0xFF74, 0xFF74,
    0xFF74, 0xFF74, 0xFF74, 0xFF74, 0xFF74, 0xFF74, 0xFF54, 0xFF53, 0xFF53, 0xFF53, 0xFF53, 0xFF53,
    0xFF53, 0xF733, 0xF733, 0xF712, 0xF712, 0xF6F2, 0xF712, 0xF712, 0xF712, 0xF712, 0xF712, 0xF712,
    0xF712, 0xF712, 0xF712, 0xF712, 0xF732, 0xF732, 0xF752, 0xFF53, 0xFF53, 0xFF52, 0xFF52, 0xFF52,
    0xFF52, 0xFF52, 0xFF52, 0xFF32, 0xF731, 0xF711, 0xF6F1, 0xEED0, 0xF6F0, 0xF6F0, 0xF6F0, 0xF6F0,
    0xF6F0, 0xF6D0, 0xEECF, 0xEEAE, 0xEE8E, 0xE66E, 0xE64D, 0xDE2D, 0xDE0C, 0xD5EC, 0xD5CC, 0xCD8B,
    0xBD4A, 0xB509, 0xB4E9, 0xACC8, 0xA467, 0xA467, 0xACA8, 0xACC9, 0xBD29, 0xC56A, 0xCD8B, 0xD5CC,
    0xD5EC, 0xDE0C, 0xDE2D, 0xE66E, 0xEE8E, 0xEEAF, 0xEEF0, 0xF710, 0xF711, 0xF711, 0xF711, 0xF6F1,
    0xF6F1, 0xF6F1, 0xF6F1, 0xF6F1, 0xF711, 0xF711, 0xF711, 0xF711, 0xF6F1, 0xF6F1, 0xF6F1, 0xF6F2,
    0xF6F2, 0xF712, 0xF712, 0xF6F2, 0xF6F2, 0xF712, 0xF712, 0xF733, 0xF733, 0xFF53, 0xFF54, 0xFF54,
    0xFF74, 0xFF74, 0xFF74, 0xFF74, 0xFF74, 0xFF74, 0xFF75, 0xFF75, 0xFF75, 0xFF75, 0xFF75, 0xFF75,
    0xFF75, 0xFF75, 0xFF75, 0xFF75, 0xFF75, 0xFF75, 0xFF74, 0xFF74, 0xFF75, 0xFF75, 0xFF74, 0xFF74,
    0xFF75, 0xFF75, 0xFF75, 0xFF74, 0xFF74, 0xFF74, 0xFF74, 0xFF74, 0xFF54, 0xF753, 0xF733, 0xF713,
    0xF712, 0xF712, 0xF712, 0xF712, 0xF712, 0xF712, 0xF712, 0xF712, 0xF712, 0xF712, 0xF712, 0xF732,
    0xF733, 0xF753, 0xFF53, 0xFF53, 0xFF53, 0xFF53, 0xFF53, 0xFF53, 0xFF73, 0xFF73, 0xFF53, 0xFF52,
    0xFF52, 0xF732, 0xF6F1, 0xF6F1, 0xF6F1, 0xF711, 0xF711, 0xF711, 0xF711, 0xF710, 0xF6F0, 0xEECF,
    0xEEAF, 0xE68E, 0xE66E, 0xDE4D, 0xDE0C, 0xD5EC, 0xD5CC, 0xCD8B, 0xC54A, 0xBD09, 0xB4E8, 0xACC8,
    0x9C47, 0xA467, 0xACA8, 0xB4E9, 0xBD2A, 0xC58B, 0xCDAB, 0xD5EC, 0xD60C, 0xDE2D, 0xE64D, 0xEE8E,
    0xEECF, 0xF6F0, 0xF731, 0xF751, 0xFF52, 0xFF53, 0xF752, 0xF732, 0xF712, 0xF712, 0xF6F1, 0xF6F1,
    0xF711, 0xF711, 0xF711, 0xF711, 0xF712, 0xF712, 0xF712, 0xF712, 0xF712, 0xF712, 0xF712, 0xF712,
    0xF6F2, 0xF712, 0xF733, 0xF733, 0xFF54, 0xFF74, 0xFF75, 0xFF95, 0xFF95, 0xFF95, 0xFF96, 0xFF96,
    0xFFB6, 0xFFB6, 0xFFB6, 0xFFB6, 0xFFB6, 0xFFB6, 0xFFB6, 0xFFB6, 0xFFB7, 0xFFB6, 0xFFB6, 0xFFB6,
    0xFFB6, 0xFF96, 0xFF96, 0xFF96, 0xFFB6, 0xFFB6, 0xFFB6, 0xFFB6, 0xFFB6, 0xFFB6, 0xFFB6, 0xFFB6,
    0xFF96, 0xFF96, 0xFFB6, 0xFF95, 0xFF75, 0xFF74, 0xF754, 0xF733, 0xF712, 0xF6F2, 0xF712, 0xF713,
    0xF712, 0xF712, 0xF712, 0xF713, 0xF713, 0xF733, 0xF733, 0xF733, 0xF754, 0xFF74, 0xFF74, 0xFF95,
    0xFF95, 0xFF95, 0xFF95, 0xFF95, 0xFF95, 0xFF94, 0xFF94, 0xFF94, 0xFF73, 0xF752, 0xF711, 0xF6F1,
    0xF712, 0xF732, 0xF732, 0xFF52, 0xFF52, 0xFF52, 0xF751, 0xF731, 0xF6F0, 0xEECF, 0xE68E, 0xE64D,
    0xDE2D, 0xDE0C, 0xD5EC, 0xCDAB, 0xC54A, 0xB509, 0xACC8, 0xACA8, 0x9C47, 0xA467, 0xACA8, 0xB4E9,
    0xBD4A, 0xC58B, 0xCDCB, 0xD5EC, 0xDE2D, 0xE64D, 0xE68E, 0xEECF, 0xF6F0, 0xF731, 0xFF72, 0xFF93,
    0xFF94, 0xFF94, 0xFF74, 0xFF73, 0xF753, 0xF733, 0xF712, 0xF712, 0xF712, 0xF712, 0xF712, 0xF712,
    0xF712, 0xF712, 0xF713, 0xF712, 0xF712, 0xF712, 0xF713, 0xF713, 0xF713, 0xF713, 0xF734, 0xFF54,
    0xFF75, 0xFF96, 0xFF96, 0xFFB6, 0xFFB7, 0xFFB7, 0xFFB7, 0xFFD7, 0xFFD8, 0xFFD8, 0xFFD8, 0xFFD8,
    0xFFD8, 0xFFD8, 0xFFD8, 0xFFD8, 0xFFD8, 0xFFD8, 0xFFD8, 0xFFD8, 0xFFD8, 0xFFD8, 0xFFB7, 0xFFB8,
    0xFFD8, 0xFFD8, 0xFFD8, 0xFFD8, 0xFFD8, 0xFFD8, 0xFFD8, 0xFFD8, 0xFFD8, 0xFFB7, 0xFFD7, 0xFFB7,
    0xFFB6, 0xFF95, 0xFF75, 0xF754, 0xF713, 0xF713, 0xF713, 0xF713, 0xF713, 0xF713, 0xF713, 0xF733,
    0xF734, 0xF754, 0xF754, 0xF754, 0xFF75, 0xFF95, 0xFFB6, 0xFFB6, 0xFFB6, 0xFFD6, 0xFFB6, 0xFFB6,
    0xFFD6, 0xFFD6, 0xFFD6, 0xFFB6, 0xFF94, 0xF773, 0xF732, 0xF712, 0xF732, 0xFF53, 0xFF73, 0xFF94,
    0xFF94, 0xFF94, 0xFF93, 0xFF72, 0xF751, 0xF710, 0xEECF, 0xE68E, 0xE64D, 0xDE2C, 0xD60C, 0xCDAB,
    0xC54A, 0xB509, 0xACA8, 0xA487, 0xA467, 0xA487, 0xACC8, 0xBD09, 0xC54A, 0xCD8B, 0xCDCB, 0xD60C,
    0xDE4D, 0xE68E, 0xEECF, 0xF710, 0xFF51, 0xFF93, 0xFFB4, 0xFFD5, 0xFFD6, 0xFFD6, 0xFFB5, 0xFF95,
    0xFF74, 0xF754, 0xF733, 0xF713, 0xF733, 0xF733, 0xF733, 0xF733, 0xF733, 0xF733, 0xF733, 0xF733,
    0xF733, 0xF733, 0xF733, 0xF733, 0xF713, 0xF734, 0xF755, 0xFF75, 0xFF96, 0xFFB7, 0xFFD8, 0xFFD8,
    0xFFD9, 0xFFD9, 0xFFD9, 0xFFD9, 0xFFFA, 0xFFFA, 0xFFF9, 0xFFF9, 0xFFFA, 0xFFFA, 0xFFFA, 0xFFFA,
    0xFFFA, 0xFFFA, 0xFFFA, 0xFFDA, 0xFFDA, 0xFFD9, 0xFFD9, 0xFFD9, 0xFFD9, 0xFFFA, 0xFFFA, 0xFFFA,
    0xFFD9, 0xFFD9, 0xFFF9, 0xFFF9, 0xFFD9, 0xFFD9, 0xFFD9, 0xFFD9, 0xFFD8, 0xFFB7, 0xFF96, 0xF775,
    0xF734, 0xF734, 0xF734, 0xF734, 0xF734, 0xF734, 0xF754, 0xF754, 0xF755, 0xF775, 0xF775, 0xFF75,
    0xFF96, 0xFFB7, 0xFFD7, 0xFFD8, 0xFFD8, 0xFFD8, 0xFFD8, 0xFFD8, 0xFFD8, 0xFFD8, 0xFFD8, 0xFFD8,
    0xFFB6, 0xFF95, 0xF753, 0xF733, 0xF774, 0xFF94, 0xFFB5, 0xFFD5, 0xFFD6, 0xFFD5, 0xFFD5, 0xFFB4,
    0xFF93, 0xFF71, 0xF710, 0xEEAF, 0xE66D, 0xDE2D, 0xDE0C, 0xCDCB, 0xC54A, 0xB4E9, 0xACA8, 0xA488,
    0xA467, 0xA488, 0xACC8, 0xB509, 0xBD4A, 0xC58B, 0xCDCB, 0xD60C, 0xE64D, 0xEEAE, 0xF6EF, 0xF731,
    0xFF72, 0xFFB3, 0xFFD5, 0xFFD6, 0xFFF7, 0xFFD7, 0xFFD6, 0xFFB6, 0xFF95, 0xF775, 0xF734, 0xF733,
    0xF754, 0xF754, 0xF754, 0xF754, 0xF754, 0xF754, 0xF754, 0xF754, 0xF754, 0xF754, 0xF754, 0xF754,
    0xF754, 0xF755, 0xF776, 0xFF96, 0xFFB7, 0xFFD8, 0xFFD9, 0xFFF9, 0xFFFA, 0xFFFA, 0xFFFA, 0xFFFA,
    0xFFFB, 0xFFFB, 0xFFFA, 0xFFFA, 0xFFFB, 0xFFFB, 0xFFFB, 0xFFFB, 0xFFFB, 0xFFFB, 0xFFFB, 0xFFFB,
    0xFFFB, 0xFFFA, 0xFFFA, 0xFFFA, 0xFFFA, 0xFFFA, 0xFFFA, 0xFFFA, 0xFFFA, 0xFFFA, 0xFFFA, 0xFFFA,
    0xFFFA, 0xFFFA, 0xFFFA, 0xFFFA, 0xFFD9, 0xFFD8, 0xFFB7, 0xFF96, 0xF755, 0xF755, 0xF755, 0xF755,
    0xF755, 0xF775, 0xF775, 0xF775, 0xFF75, 0xFF76, 0xFF96, 0xFF96, 0xFFB7, 0xFFD8, 0xFFD8, 0xFFF9,
    0xFFF9, 0xFFF9, 0xFFF9, 0xFFF9, 0xFFF9, 0xFFF9, 0xFFF9, 0xFFF9, 0xFFD7, 0xFF96, 0xF754, 0xF754,
    0xFF95, 0xFFB5, 0xFFD6, 0xFFF6, 0xFFF6, 0xFFF6, 0xFFD5, 0xFFD4, 0xFFB3, 0xFF72, 0xF710, 0xEEAF,
    0xE66E, 0xDE2D, 0xD60C, 0xCDAB, 0xC54A, 0xB4E9, 0xACA8, 0xA488, 0xA467, 0xA488, 0xACA8, 0xB4E9,
    0xBD29, 0xC56A, 0xCDAB, 0xD5EC, 0xDE2D, 0xE68E, 0xEECF, 0xF710, 0xFF52, 0xFF93, 0xFFD5, 0xFFD6,
    0xFFF7, 0xFFD7, 0xFFD7, 0xFFB6, 0xFFB6, 0xFF95, 0xF754, 0xF754, 0xFF75, 0xFF95, 0xFF95, 0xFF95,
    0xFF96, 0xFF96, 0xFF75, 0xFF76, 0xFF76, 0xFF76, 0xFF76, 0xFF76, 0xFF76, 0xFF76, 0xFF97, 0xFFB7,
    0xFFD8, 0xFFD9, 0xFFD9, 0xFFF9, 0xFFFA, 0xFFFA, 0xFFFA, 0xFFFA, 0xFFFB, 0xFFFB, 0xFFFA, 0xFFFA,
    0xFFFB, 0xFFFB, 0xFFFB, 0xFFFB, 0xFFFB, 0xFFFB, 0xFFFB, 0xFFFB, 0xFFFB, 0xFFFB, 0xFFFA, 0xFFFA,
    0xFFFA, 0xFFFA, 0xFFFB, 0xFFFB, 0xFFFB, 0xFFFA, 0xFFFB, 0xFFFA, 0xFFFA, 0xFFFA, 0xFFFA, 0xFFFA,
    0xFFD9, 0xFFD8, 0xFFB8, 0xFF97, 0xFF76, 0xFF76, 0xFF76, 0xFF76, 0xFF96, 0xFF96, 0xFF96, 0xFF96,
    0xFF96, 0xFF96, 0xFF96, 0xFFB7, 0xFFD8, 0xFFD8, 0xFFD9, 0xFFF9, 0xFFF9, 0xFFF9, 0xFFF9, 0xFFF9,
    0xFFF9, 0xFFF9, 0xFFF9, 0xFFF9, 0xFFD8, 0xFFB6, 0xFF75, 0xFF74, 0xFF95, 0xFFB6, 0xFFD6, 0xFFF7,
    0xFFF7, 0xFFD6, 0xFFD5, 0xFFB4, 0xFF93, 0xF751, 0xF6F0, 0xEE8E, 0xE64D, 0xDE0C, 0xD5EC, 0xCD8B,
    0xBD2A, 0xB4E9, 0xACA8, 0xA488, 0x9C47, 0xA467, 0xA4A8, 0xB4C9, 0xBD29, 0xC56A, 0xCDAB, 0xD5EC,
    0xDE2D, 0xE68E, 0xEECF, 0xF710, 0xFF51, 0xFF93, 0xFFD5, 0xFFF6, 0xFFF7, 0xFFF7, 0xFFD7, 0xFFB6,
    0xFFB6, 0xFF95, 0xF754, 0xF754, 0xFF75, 0xFF75, 0xFF95, 0xFF95, 0xFF96, 0xFF96, 0xFF76, 0xFF76,
    0xFF96, 0xFF96, 0xFF76, 0xFF76, 0xFF76, 0xFF96, 0xFF97, 0xFFB7, 0xFFD8, 0xFFD8, 0xFFD9, 0xFFF9,
    0xFFFA, 0xFFFA, 0xFFFA, 0xFFFA, 0xFFFB, 0xFFFB, 0xFFFA, 0xFFFB, 0xFFFB, 0xFFFB, 0xFFFB, 0xFFFB,
    0xFFFB, 0xFFFB, 0xFFFB, 0xFFFB, 0xFFFB, 0xFFFB, 0xFFFA, 0xFFFA, 0xFFFA, 0xFFFB, 0xFFFB, 0xFFFB,
    0xFFFB, 0xFFFB, 0xFFFB, 0xFFFB, 0xFFFA, 0xFFFA, 0xFFFA, 0xFFFA, 0xFFD9, 0xFFD8, 0xFFB8, 0xFF97,
    0xFF96, 0xFF76, 0xFF76, 0xFF96, 0xFF96, 0xFF96, 0xFF97, 0xFF96, 0xFF96, 0xFF96, 0xFF96, 0xFFB7,
    0xFFD8, 0xFFD8, 0xFFD9, 0xFFF9, 0xFFF9, 0xFFF9, 0xFFF9, 0xFFF9, 0xFFF9, 0xFFF9, 0xFFF9, 0xFFF9,
    0xFFD8, 0xFFB6, 0xF774, 0xF774, 0xFF95, 0xFFB6, 0xFFD6, 0xFFF7, 0xFFF7, 0xFFD6, 0xFFD5, 0xFFB4,
    0xFF93, 0xF751, 0xF6F0, 0xEEAE, 0xE64D, 0xDE0C, 0xD5EC, 0xCD8B, 0xBD4A, 0xB4E9, 0xACA8, 0xA488,
    0x9C47, 0x9C47, 0xA488, 0xACC9, 0xBD2A, 0xC56A, 0xCDCB, 0xDE0C, 0xE66D, 0xEEAE, 0xF6CF, 0xF710,
    0xFF51, 0xFF93, 0xFFD5, 0xFFF6, 0xFFF7, 0xFFF7, 0xFFD7, 0xFFB6, 0xFF95, 0xFF75, 0xF754, 0xF754,
    0xF754, 0xF754, 0xF754, 0xF754, 0xF754, 0xF755, 0xF755, 0xF755, 0xF775, 0xF775, 0xF755, 0xF755,
    0xF755, 0xF755, 0xF776, 0xFF97, 0xFFB7, 0xFFD8, 0xFFD8, 0xFFD9, 0xFFFA, 0xFFFA, 0xFFFA, 0xFFFA,
    0xFFFB, 0xFFFB, 0xFFFB, 0xFFFB, 0xFFFB, 0xFFFB, 0xFFFB, 0xFFFB, 0xFFFB, 0xFFFB, 0xFFFB, 0xFFFB,
    0xFFFB, 0xFFFB, 0xFFFA, 0xFFFA, 0xFFFB, 0xFFFB, 0xFFFB, 0xFFFB, 0xFFFB, 0xFFFB, 0xFFFB, 0xFFFB,
    0xFFFA, 0xFFFA, 0xFFFA, 0xFFFA, 0xFFD9, 0xFFB8, 0xFFB7, 0xFF96, 0xF776, 0xF755, 0xF755, 0xF756,
    0xF755, 0xF775, 0xF776, 0xF776, 0xF775, 0xFF75, 0xFF96, 0xFF96, 0xFFB7, 0xFFD8, 0xFFD8, 0xFFF8,
    0xFFF9, 0xFFF9, 0xFFF9, 0xFFF9, 0xFFF9, 0xFFF9, 0xFFF9, 0xFFD8, 0xFFD7, 0xFF96, 0xF754, 0xF733,
    0xFF75, 0xFFB6, 0xFFD6, 0xFFD6, 0xFFF7, 0xFFF6, 0xFFD6, 0xFFD5, 0xFFB4, 0xFF72, 0xF710, 0xEEAF,
    0xE66E, 0xDE2D, 0xD5EC, 0xCDAB, 0xC54A, 0xB4E9, 0xACA8, 0xA487, 0x9C26, 0x9C47, 0xA488, 0xB4C9,
    0xBD2A, 0xC56B, 0xD5CC, 0xDE0C, 0xE64D, 0xEE8E, 0xEEAE, 0xF6EF, 0xF730, 0xFF52, 0xFF93, 0xFFB5,
    0xFFB6, 0xFFB6, 0xFFB5, 0xFF95, 0xF774, 0xF753, 0xF733, 0xF713, 0xF733, 0xF733, 0xF713, 0xF713,
    0xF733, 0xF733, 0xF734, 0xF734, 0xF734, 0xF734, 0xF734, 0xF734, 0xF714, 0xF734, 0xF755, 0xF775,
    0xFF96, 0xFFB7, 0xFFB7, 0xFFB8, 0xFFD8, 0xFFD9, 0xFFD9, 0xFFD9, 0xFFD9, 0xFFDA, 0xFFDA, 0xFFDA,
    0xFFDA, 0xFFDA, 0xFFDA, 0xFFDA, 0xFFDA, 0xFFDA, 0xFFDA, 0xFFD9, 0xFFDA, 0xFFD9, 0xFFD9, 0xFFD9,
    0xFFD9, 0xFFD9, 0xFFD9, 0xFFD9, 0xFFDA, 0xFFDA, 0xFFDA, 0xFFDA, 0xFFD9, 0xFFD9, 0xFFD9, 0xFFD9,
    0xFFB8, 0xFF97, 0xFF76, 0xF775, 0xF734, 0xF734, 0xF734, 0xF734, 0xF734, 0xF734, 0xF754, 0xF754,
    0xF754, 0xF754, 0xF775, 0xFF75, 0xFF96, 0xFFB6, 0xFFD7, 0xFFD7, 0xFFD7, 0xFFD7, 0xFFD7, 0xFFD7,
    0xFFD7, 0xFFD8, 0xFFD8, 0xFFD7, 0xFFB6, 0xF774, 0xF733, 0xF712, 0xF754, 0xFF94, 0xFF95, 0xFFB5,
    0xFFB5, 0xFFB5, 0xFFB4, 0xFFB4, 0xFF93, 0xF751, 0xF6F0, 0xEEAF, 0xE66E, 0xDE2D, 0xD5EC, 0xCDAB,
    0xC54A, 0xB509, 0xACA8, 0xA487, 0x9C47, 0x9C47, 0xA488, 0xB4C9, 0xBD29, 0xC56A, 0xCDAB, 0xD5EC,
    0xDE2D, 0xE64D, 0xE66D, 0xEE8E, 0xEEAF, 0xF6F0, 0xF731, 0xF752, 0xFF73, 0xFF73, 0xF753, 0xF732,
    0xF712, 0xF712, 0xF6F1, 0xEEF1, 0xF6F2, 0xF712, 0xF6F1, 0xF6F1, 0xF712, 0xF712, 0xF712, 0xF712,
    0xF6F2, 0xF6F2, 0xF6F2, 0xEEF2, 0xEEF2, 0xEEF2, 0xF733, 0xF734, 0xF754, 0xFF74, 0xFF75, 0xFF95,
    0xFF96, 0xFF96, 0xFF96, 0xFFB7, 0xFFB7, 0xFFB7, 0xFFB7, 0xFFB7, 0xFFB7, 0xFFB7, 0xFFB7, 0xFFB7,
    0xFFB7, 0xFFB7, 0xFFB7, 0xFFB7, 0xFFB7, 0xFFB7, 0xFFB7, 0xFFB7, 0xFF97, 0xFFB7, 0xFFB7, 0xFFB7,
    0xFFB7, 0xFFB7, 0xFFB7, 0xFFB7, 0xFF97, 0xFF97, 0xFFB7, 0xFF96, 0xFF75, 0xFF75, 0xF754, 0xF733,
    0xF713, 0xF713, 0xF713, 0xF713, 0xF713, 0xF713, 0xF713, 0xF713, 0xF733, 0xF733, 0xF733, 0xF753,
    0xFF74, 0xFF74, 0xFF95, 0xFF95, 0xFF94, 0xFF94, 0xFF94, 0xFF95, 0xFF95, 0xFF95, 0xFF95, 0xFF94,
    0xFF74, 0xF753, 0xF711, 0xF6F1, 0xF712, 0xF732, 0xFF52, 0xFF52, 0xFF52, 0xFF52, 0xF751, 0xF731,
    0xF710, 0xEECF, 0xEE8E, 0xE66E, 0xE66D, 0xDE2D, 0xD5EC, 0xCDAB, 0xC54A, 0xB4E9, 0xACA8, 0xAC88,
    0x9C47, 0xA467, 0xAC88, 0xB4C8, 0xBD09, 0xC56A, 0xCDAB, 0xD5EC, 0xD5EC, 0xDE0D, 0xDE2D, 0xE64D,
    0xE66E, 0xEEAF, 0xEECF, 0xF710, 0xF711, 0xF731, 0xF711, 0xF711, 0xF6F1, 0xEED0, 0xEED0, 0xEED0,
    0xEED1, 0xEEF1, 0xEED1, 0xEEF1, 0xEEF1, 0xF6F1, 0xF6F1, 0xF6F1, 0xEEF1, 0xEED1, 0xEED1, 0xEED1,
    0xEED1, 0xEEF2, 0xF712, 0xF712, 0xF733, 0xF753, 0xFF53, 0xFF74, 0xFF74, 0xFF74, 0xFF75, 0xFF75,
    0xFF75, 0xFF75, 0xFF75, 0xFF75, 0xFF95, 0xFF95, 0xFF75, 0xFF75, 0xFF95, 0xFF95, 0xFF95, 0xFF75,
    0xFF75, 0xFF75, 0xFF75, 0xFF75, 0xFF75, 0xFF75, 0xFF95, 0xFF95, 0xFF95, 0xFF75, 0xFF75, 0xFF75,
    0xFF75, 0xFF75, 0xFF75, 0xFF74, 0xFF54, 0xF733, 0xF733, 0xF712, 0xF6F2, 0xF6F2, 0xF6F2, 0xF6F2,
    0xF6F2, 0xF6F2, 0xF6F2, 0xF6F2, 0xF712, 0xF712, 0xF712, 0xF732, 0xF732, 0xF753, 0xFF53, 0xFF53,
    0xFF53, 0xFF53, 0xFF73, 0xFF73, 0xFF73, 0xFF73, 0xFF73, 0xFF52, 0xF732, 0xF711, 0xEED0, 0xEED0,
    0xF6F1, 0xF711, 0xF711, 0xF710, 0xF710, 0xF710, 0xF6EF, 0xEECF, 0xEEAF, 0xEE8E, 0xE66E, 0xE64D,
    0xE64D, 0xDE2D, 0xD5EC, 0xCD8B, 0xBD49, 0xB4E8, 0xACC8, 0xACA8, 0xA487, 0xA488, 0xACA8, 0xACC8,
    0xBD09, 0xC54A, 0xCDAB, 0xD5CC, 0xD5EC, 0xDE0C, 0xDE2D, 0xDE4D, 0xE66E, 0xE68E, 0xEEAE, 0xEECF,
    0xEECF, 0xEEF0, 0xF6F0, 0xF6F0, 0xEED0, 0xEEB0, 0xEEB0, 0xEEB0, 0xEEB0, 0xEED0, 0xEED0, 0xEED0,
    0xEED1, 0xEED1, 0xEED1, 0xEED1, 0xEED1, 0xEED1, 0xEED1, 0xEED1, 0xEED1, 0xEEF1, 0xEEF2, 0xF712,
    0xF732, 0xF732, 0xF733, 0xF753, 0xF753, 0xFF53, 0xFF54, 0xFF54, 0xFF54, 0xFF54, 0xFF54, 0xFF54,
    0xF754, 0xF754, 0xFF54, 0xFF54, 0xFF54, 0xFF54, 0xFF54, 0xFF54, 0xF754, 0xF754, 0xFF54, 0xFF54,
    0xFF54, 0xFF54, 0xFF54, 0xFF54, 0xFF54, 0xF754, 0xF754, 0xF754, 0xF753, 0xF753, 0xF753, 0xF753,
    0xF733, 0xF732, 0xF712, 0xF6F2, 0xF6F2, 0xEEF1, 0xEEF2, 0xF6F2, 0xF6F1, 0xF6F1, 0xF6F2, 0xF6F2,
    0xF6F1, 0xF6F2, 0xF712, 0xF712, 0xF712, 0xF712, 0xF712, 0xF732, 0xF732, 0xF732, 0xF732, 0xF752,
    0xF752, 0xF732, 0xF731, 0xF731, 0xF711, 0xEEF0, 0xEEB0, 0xEEAF, 0xEED0, 0xEED0, 0xEED0, 0xEECF,
    0xEECF, 0xEECF, 0xEEAF, 0xEEAE, 0xEE8E, 0xE66E, 0xE64D, 0xDE2D, 0xDE0C, 0xD5EC, 0xD5CC, 0xCD8B,
    0xBD29, 0xB4E8, 0xACC8, 0xACC8, 0xA487, 0xA488, 0xACA8, 0xACC8, 0xBD09, 0xC54A, 0xCD8B, 0xD5CC,
    0xD5EC, 0xD5EC, 0xDE0D, 0xDE2D, 0xE64D, 0xE66E, 0xEE8E, 0xEEAE, 0xEECF, 0xEECF, 0xEED0, 0xEED0,
    0xEED0, 0xEEB0, 0xEEB0, 0xEEB0, 0xEEB0, 0xEED0, 0xEED0, 0xEED0, 0xEED0, 0xEED0, 0xEED0, 0xEED0,
    0xEED1, 0xEED1, 0xEED1, 0xEED1, 0xEEF1, 0xEEF1, 0xF6F1, 0xF712, 0xF712, 0xF732, 0xF733, 0xF733,
    0xF753, 0xFF53, 0xFF53, 0xF753, 0xF753, 0xF753, 0xF753, 0xF753, 0xF753, 0xF753, 0xF753, 0xF753,
    0xF753, 0xF753, 0xF753, 0xF753, 0xF753, 0xF753, 0xF753, 0xF753, 0xF753, 0xF753, 0xF753, 0xF753,
    0xF753, 0xF753, 0xF753, 0xF753, 0xF733, 0xF733, 0xF733, 0xF733, 0xF732, 0xF712, 0xF712, 0xF6F2,
    0xF6F1, 0xEEF1, 0xEEF1, 0xEEF1, 0xF6F1, 0xF6F1, 0xF6F1, 0xEEF1, 0xEEF1, 0xF6F1, 0xF6F1, 0xF711,
    0xF711, 0xF711, 0xF711, 0xF711, 0xF731, 0xF732, 0xF731, 0xF731, 0xF731, 0xF731, 0xF731, 0xF711,
    0xF6F0, 0xEED0, 0xEEAF, 0xEEAF, 0xEEAF, 0xEECF, 0xEECF, 0xEECF, 0xEEAF, 0xEEAE, 0xEEAE, 0xEE8E,
    0xE68E, 0xE66E, 0xDE4D, 0xDE2D, 0xD5EC, 0xD5CC, 0xD5CC, 0xCD8B, 0xBD29, 0xB4E9, 0xACC8, 0xACC8,
    0xA487, 0xA487, 0xACA8, 0xACC8, 0xB509, 0xBD4A, 0xCD8B, 0xCDAB, 0xD5CC, 0xD5EC, 0xDE0C, 0xDE2D,
    0xE64D, 0xE66E, 0xEE8E, 0xEEAE, 0xEECF, 0xEECF, 0xEEF0, 0xEED0, 0xEED0, 0xEED0, 0xEEB0, 0xEEB0,
    0xEED0, 0xEED0, 0xF6F0, 0xF6F0, 0xEEF0, 0xEEF1, 0xF6F1, 0xF6F1, 0xF6F0, 0xF6F1, 0xF6F1, 0xF6F1,
    0xF6F2, 0xF6F2, 0xF712, 0xF712, 0xF732, 0xF733, 0xF733, 0xFF53, 0xFF53, 0xFF53, 0xFF53, 0xFF54,
    0xFF54, 0xFF54, 0xFF54, 0xFF53, 0xF753, 0xF753, 0xFF53, 0xFF54, 0xFF54, 0xFF74, 0xFF54, 0xFF54,
    0xFF54, 0xFF54, 0xFF54, 0xFF54, 0xFF54, 0xFF54, 0xFF53, 0xFF53, 0xF753, 0xF753, 0xFF53, 0xFF53,
    0xFF53, 0xF753, 0xF753, 0xF732, 0xF732, 0xF732, 0xF712, 0xF712, 0xF6F1, 0xEEF1, 0xEEF1, 0xF6F1,
    0xF6F1, 0xF711, 0xF6F1, 0xF6F1, 0xF6F1, 0xF711, 0xF712, 0xF712, 0xF711, 0xF711, 0xF731, 0xF732,
    0xF732, 0xFF52, 0xFF52, 0xFF52, 0xF731, 0xF731, 0xF731, 0xF731, 0xF711, 0xF6F0, 0xEED0, 0xEEAF,
    0xEED0, 0xEED0, 0xF6D0, 0xF6D0, 0xEECF, 0xEEAF, 0xEEAE, 0xEE8E, 0xE66E, 0xE64D, 0xDE2D, 0xDE0C,
    0xD5EC, 0xD5CB, 0xCDAB, 0xC58B, 0xBD4A, 0xB509, 0xACC8, 0xACA8, 0xA467, 0xA487, 0xACA8, 0xACC8,
    0xB509, 0xBD4A, 0xC56A, 0xCDAB, 0xCDCB, 0xD5EC, 0xD5EC, 0xDE0C, 0xDE2D, 0xE64D, 0xE66D, 0xEE8E,
    0xEEAF, 0xEECF, 0xEECF, 0xEED0, 0xEED0, 0xEED0, 0xEEB0, 0xEEB0, 0xEED0, 0xEED0, 0xF6F0, 0xF6F0,
    0xEEF0, 0xEEF1, 0xEEF1, 0xEEF1, 0xEEF0, 0xEED1, 0xEEF1, 0xEEF1, 0xEEF1, 0xF6F2, 0xF712, 0xF712,
    0xF712, 0xF732, 0xF733, 0xF733, 0xFF53, 0xFF53, 0xFF53, 0xFF53, 0xFF54, 0xF754, 0xF753, 0xF753,
    0xF753, 0xF753, 0xF733, 0xF753, 0xF754, 0xFF54, 0xFF54, 0xFF54, 0xFF54, 0xFF54, 0xFF54, 0xFF53,
    0xF753, 0xF753, 0xF753, 0xF753, 0xF753, 0xF753, 0xF753, 0xF753, 0xF753, 0xF733, 0xF732, 0xF732,
    0xF732, 0xF732, 0xF712, 0xF712, 0xEEF1, 0xEEF1, 0xEEF1, 0xEEF1, 0xF6F1, 0xF6F1, 0xF6F1, 0xEEF1,
    0xEEF1, 0xF6F1, 0xF711, 0xF711, 0xF711, 0xF711, 0xF711, 0xF731, 0xF732, 0xF732, 0xF731, 0xF731,
    0xF731, 0xF731, 0xF731, 0xF711, 0xF711, 0xF6F0, 0xEED0, 0xEED0, 0xEED0, 0xEED0, 0xEED0, 0xEED0,
    0xEEAF, 0xEEAF, 0xEE8E, 0xE68E, 0xE66D, 0xE64D, 0xDE2D, 0xDE0C, 0xD5EC, 0xD5CC, 0xCDAB, 0xC58B,
    0xBD4A, 0xB509, 0xACC8, 0xACA8, 0xA467, 0xA467, 0xACA8, 0xACC8, 0xB509, 0xBD2A, 0xC56A, 0xCD8B,
    0xCDAB, 0xD5CB, 0xD5CC, 0xD5EC, 0xD5EC, 0xDE0C, 0xDE2D, 0xE66D, 0xE68E, 0xE68F, 0xEEAF, 0xEEAF,
    0xEED0, 0xEED0, 0xEED0, 0xEED0, 0xEED0, 0xEED0, 0xEED0, 0xEED0, 0xEED0, 0xEED0, 0xEED1, 0xEED0,
    0xEED0, 0xEED0, 0xEED1, 0xEED1, 0xEED1, 0xEEF1, 0xF712, 0xF712, 0xF712, 0xF712, 0xF712, 0xF712,
    0xF712, 0xF733, 0xF733, 0xF733, 0xF733, 0xF733, 0xF733, 0xF733, 0xF733, 0xF733, 0xF733, 0xF733,
    0xF733, 0xF733, 0xF733, 0xF733, 0xF733, 0xF733, 0xF733, 0xF733, 0xF733, 0xF733, 0xF732, 0xF732,
    0xF733, 0xF733, 0xF733, 0xF732, 0xF712, 0xF712, 0xF712, 0xF712, 0xF712, 0xF712, 0xF6F1, 0xEEF1,
    0xEED1, 0xEED1, 0xEED1, 0xEEF1, 0xEEF1, 0xEEF1, 0xEEF1, 0xEEF1, 0xEED1, 0xEED1, 0xEED1, 0xEEF1,
    0xEEF1, 0xF6F1, 0xF6F1, 0xF711, 0xF6F1, 0xF6F1, 0xF711, 0xF711, 0xF710, 0xF6F0, 0xF6F0, 0xEEF0,
    0xEEF0, 0xEED0, 0xEED0, 0xEEB0, 0xEED0, 0xEECF, 0xEEAF, 0xEE8F, 0xE68E, 0xE66E, 0xE66E, 0xE66D,
    0xDE4D, 0xDE2D, 0xDE0C, 0xD5EC, 0xD60C, 0xD5EC, 0xCDCC, 0xCD8B, 0xBD4A, 0xB4E9, 0xACA8, 0xA488,
    0xA467, 0xA467, 0xACA8, 0xB4C9, 0xB509, 0xBD2A, 0xC56A, 0xCD8B, 0xCDAB, 0xD5CC, 0xD5EC, 0xD5EC,
    0xD5EC, 0xD5EC, 0xDE2D, 0xE64D, 0xE66E, 0xE68F, 0xEEAF, 0xEEAF, 0xEEB0, 0xEEB0, 0xEEB0, 0xEED0,
    0xEED0, 0xEED0, 0xEED0, 0xEED0, 0xEED0, 0xEED1, 0xEED1, 0xEED1, 0xEED0, 0xEED0, 0xEED1, 0xEED1,
    0xEED1, 0xEEF1, 0xF712, 0xF712, 0xF712, 0xF712, 0xF712, 0xF712, 0xF712, 0xF733, 0xF733, 0xF733,
    0xF733, 0xF733, 0xF733, 0xF733, 0xF733, 0xF733, 0xF733, 0xF733, 0xF733, 0xF733, 0xF733, 0xF733,
    0xF733, 0xF733, 0xF733, 0xF733, 0xF733, 0xF733, 0xF733, 0xF733, 0xF733, 0xF733, 0xF732, 0xF732,
    0xF712, 0xF712, 0xF732, 0xF732, 0xF712, 0xF712, 0xEEF1, 0xEED1, 0xEED1, 0xEED1, 0xEED1, 0xEEF1,
    0xEEF1, 0xEEF1, 0xEEF1, 0xEED1, 0xEED1, 0xEED1, 0xEED1, 0xEEF1, 0xEEF1, 0xF6F1, 0xF711, 0xF711,
    0xF6F1, 0xF6F1, 0xF711, 0xF711, 0xF711, 0xF6F0, 0xF6F0, 0xF6F0, 0xEEF0, 0xEED0, 0xEED0, 0xEEB0,
    0xEED0, 0xEED0, 0xEEAF, 0xEEAF, 0xEE8F, 0xE68E, 0xE68E, 0xE66E, 0xDE4D, 0xDE2D, 0xDE0C, 0xD60C,
    0xDE0D, 0xD60D, 0xD5EC, 0xCD8B, 0xBD2A, 0xB4E9, 0xA488, 0xA467, 0xA467, 0xA487, 0xACA8, 0xB4E9,
    0xBD09, 0xBD4A, 0xC56A, 0xCDAB, 0xD5CC, 0xD5EC, 0xD60C, 0xDE0C, 0xDE0C, 0xDE2D, 0xE64D, 0xE66E,
    0xEE8E, 0xEEAF, 0xEED0, 0xEED0, 0xEED0, 0xEEB0, 0xEEB0, 0xEEB0, 0xEED0, 0xEED0, 0xEED0, 0xEED0,
    0xEED1, 0xEEF1, 0xEEF1, 0xEED1, 0xEED1, 0xEED1, 0xEED1, 0xEED1, 0xEEF1, 0xF6F2, 0xF712, 0xF733,
    0xF733, 0xF733, 0xF733, 0xF733, 0xFF53, 0xFF53, 0xFF54, 0xFF54, 0xFF74, 0xFF74, 0xFF54, 0xFF54,
    0xFF54, 0xFF54, 0xFF53, 0xFF53, 0xFF54, 0xFF54, 0xFF54, 0xFF54, 0xFF54, 0xFF54, 0xFF54, 0xFF54,
    0xFF54, 0xFF53, 0xFF53, 0xFF53, 0xFF53, 0xFF53, 0xF753, 0xF753, 0xF753, 0xF753, 0xFF53, 0xFF53,
    0xF753, 0xF732, 0xF712, 0xEEF1, 0xEED1, 0xEED1, 0xEEF1, 0xEEF2, 0xF6F2, 0xF6F2, 0xF6F1, 0xEEF1,
    0xEEF1, 0xEEF1, 0xEEF1, 0xF6F1, 0xF712, 0xF732, 0xF732, 0xF732, 0xF732, 0xF732, 0xF732, 0xF732,
    0xF731, 0xF731, 0xF731, 0xF731, 0xF711, 0xF6F1, 0xEED0, 0xEED0, 0xEED0, 0xF6F0, 0xF6F0, 0xF6F0,
    0xF6D0, 0xEECF, 0xEEAE, 0xEE8E, 0xE66D, 0xDE4D, 0xDE2D, 0xDE2D, 0xDE2D, 0xDE0D, 0xD5EC, 0xCDAB,
    0xBD2A, 0xACC8, 0xA467, 0x9C47, 0xA467, 0xA487, 0xACA8, 0xB4E9, 0xBD09, 0xC54A, 0xC58B, 0xCDAB,
    0xD5CC, 0xD60C, 0xDE0D, 0xDE2D, 0xDE2D, 0xE64D, 0xE68E, 0xEEAE, 0xEECF, 0xEED0, 0xEEF0, 0xEEF0,
    0xEED0, 0xEED0, 0xEED0, 0xEED0, 0xEED1, 0xEEF1, 0xEEF1, 0xEEF1, 0xEEF1, 0xEEF1, 0xEEF1, 0xEEF1,
    0xEEF1, 0xEEF1, 0xEEF1, 0xF6F1, 0xF6F2, 0xF712, 0xF732, 0xF733, 0xFF33, 0xFF53, 0xFF53, 0xFF54,
    0xFF74, 0xFF74, 0xFF74, 0xFF74, 0xFF74, 0xFF74, 0xFF74, 0xFF74, 0xFF74, 0xFF74, 0xFF74, 0xFF74,
    0xFF74, 0xFF74, 0xFF74, 0xFF74, 0xFF74, 0xFF74, 0xFF74, 0xFF74, 0xFF74, 0xFF74, 0xFF74, 0xFF74,
    0xFF74, 0xFF74, 0xFF74, 0xFF53, 0xFF53, 0xFF74, 0xFF74, 0xFF74, 0xFF53, 0xF733, 0xF712, 0xF6F2,
    0xEED1, 0xEED1, 0xEEF2, 0xF712, 0xF712, 0xF712, 0xF712, 0xF712, 0xF6F2, 0xF6F2, 0xF712, 0xF712,
    0xF732, 0xF732, 0xFF53, 0xFF53, 0xFF52, 0xFF52, 0xFF52, 0xFF52, 0xFF52, 0xFF52, 0xFF52, 0xFF52,
    0xF732, 0xF711, 0xEED0, 0xEED0, 0xF6F0, 0xF710, 0xF711, 0xF711, 0xF710, 0xF6F0, 0xF6CF, 0xEEAE,
    0xE68E, 0xE64D, 0xE64D, 0xDE4D, 0xDE2D, 0xDE0D, 0xD5EC, 0xCD8B, 0xBD2A, 0xACA8, 0xA467, 0x9C47,
    0xA487, 0xA488, 0xACA8, 0xB4C9, 0xBD09, 0xC54A, 0xCD8B, 0xCDAC, 0xD5EC, 0xDE0D, 0xDE2D, 0xE64E,
    0xE66E, 0xEE8F, 0xEECF, 0xF6D0, 0xF6F0, 0xF6F0, 0xF6F1, 0xF6F1, 0xF6F1, 0xEEF1, 0xEED0, 0xEED1,
    0xF6F1, 0xF6F1, 0xF711, 0xF711, 0xF6F1, 0xF6F1, 0xF6F1, 0xF6F1, 0xF6F1, 0xF6F2, 0xF6F2, 0xF6F2,
    0xF712, 0xF712, 0xF712, 0xF733, 0xFF33, 0xFF53, 0xFF54, 0xFF74, 0xFF74, 0xFF95, 0xFF95, 0xFF95,
    0xFF95, 0xFF95, 0xFF95, 0xFF75, 0xFF75, 0xFF75, 0xFF75, 0xFF75, 0xFF95, 0xFF95, 0xFF95, 0xFF75,
    0xFF75, 0xFF75, 0xFF75, 0xFF75, 0xFF95, 0xFF95, 0xFF95, 0xFF94, 0xFF74, 0xFF74, 0xFF74, 0xFF74,
    0xFF74, 0xFF74, 0xFF74, 0xFF74, 0xFF74, 0xFF53, 0xF733, 0xF712, 0xF6F2, 0xF6F2, 0xF712, 0xF712,
    0xF712, 0xF712, 0xF712, 0xF712, 0xF712, 0xF712, 0xF712, 0xF732, 0xF732, 0xFF53, 0xFF53, 0xFF73,
    0xFF73, 0xFF73, 0xFF73, 0xFF73, 0xFF73, 0xFF73, 0xFF52, 0xFF52, 0xFF32, 0xF711, 0xEEF0, 0xEED0,
    0xF6F0, 0xF711, 0xF711, 0xF711, 0xF711, 0xF710, 0xF6F0, 0xF6CF, 0xEEAE, 0xE66E, 0xE64E, 0xDE2D,
    0xDE0C, 0xD5EC, 0xD5CC, 0xCD8B, 0xBD09, 0xACC8, 0xA488, 0xA467, 0xA487, 0xA487, 0xACA8, 0xB4C9,
    0xBD29, 0xC54A, 0xCD8B, 0xD5CC, 0xD5EC, 0xDE2D, 0xDE2D, 0xE66E, 0xEE8F, 0xEECF, 0xF6F0, 0xF711,
    0xF711, 0xF731, 0xF711, 0xF711, 0xF6F1, 0xF6F1, 0xEEF1, 0xF6F1, 0xF6F1, 0xF711, 0xF711, 0xF711,
    0xF711, 0xF6F1, 0xF6F1, 0xF6F2, 0xF6F2, 0xF6F2, 0xF6F2, 0xF712, 0xF712, 0xF712, 0xF712, 0xF733,
    0xFF33, 0xFF54, 0xFF74, 0xFF74, 0xFF95, 0xFF95, 0xFF95, 0xFF95, 0xFF95, 0xFF95, 0xFF95, 0xFF95,
    0xFF95, 0xFF95, 0xFF95, 0xFF95, 0xFF95, 0xFF95, 0xFF95, 0xFF95, 0xFF95, 0xFF95, 0xFF95, 0xFF95,
    0xFF95, 0xFF95, 0xFF95, 0xFF95, 0xFF95, 0xFF95, 0xFF95, 0xFF95, 0xFF95, 0xFF95, 0xFF95, 0xFF94,
    0xFF74, 0xFF54, 0xF733, 0xF713, 0xF712, 0xF712, 0xF712, 0xF713, 0xF713, 0xF713, 0xF733, 0xF713,
    0xF712, 0xF712, 0xF712, 0xF732, 0xF733, 0xFF53, 0xFF73, 0xFF73, 0xFF73, 0xFF73, 0xFF74, 0xFF74,
    0xFF73, 0xFF73, 0xFF73, 0xFF73, 0xFF52, 0xF711, 0xF6F1, 0xEEF1, 0xF711, 0xF711, 0xF711, 0xF731,
    0xFF31, 0xF731, 0xF710, 0xF6F0, 0xEEAF, 0xEE8E, 0xE66E, 0xDE4D, 0xDE0C, 0xD5EC, 0xD5CC, 0xCD8B,
    0xBD09, 0xB4C8, 0xACA8, 0xACA8, 0xA467, 0xA467, 0xACA8, 0xB4E9, 0xBD2A, 0xC56B, 0xCD8B, 0xD5CC,
    0xD60D, 0xDE2D, 0xE64E, 0xE66E, 0xEEAF, 0xEED0, 0xF711, 0xF731, 0xFF52, 0xFF53, 0xF732, 0xF732,
    0xF712, 0xF6F1, 0xF6F1, 0xF6F1, 0xF6F1, 0xF6F1, 0xF711, 0xF712, 0xF6F2, 0xF6F2, 0xF6F2, 0xF6F2,
    0xF6F1, 0xF6F2, 0xF6F2, 0xF712, 0xF6F2, 0xF712, 0xF713, 0xF733, 0xFF54, 0xFF54, 0xFF74, 0xFF75,
    0xFF95, 0xFF95, 0xFF95, 0xFFB6, 0xFFB6, 0xFFB6, 0xFFB6, 0xFFB6, 0xFFB6, 0xFFB6, 0xFFB6, 0xFFB6,
    0xFFB6, 0xFFB6, 0xFFB6, 0xFFB6, 0xFFB6, 0xFFB6, 0xFF96, 0xFF96, 0xFFB6, 0xFFB6, 0xFFB6, 0xFFB6,
    0xFF96, 0xFF96, 0xFF96, 0xFF96, 0xFF96, 0xFF96, 0xFFB5, 0xFF95, 0xFF95, 0xFF74, 0xF733, 0xF713,
    0xF712, 0xF712, 0xF713, 0xF713, 0xF713, 0xF712, 0xF712, 0xF712, 0xF712, 0xF712, 0xF712, 0xF733,
    0xFF53, 0xFF53, 0xFF74, 0xFF74, 0xFF94, 0xFF94, 0xFF94, 0xFF94, 0xFF94, 0xFF94, 0xFF94, 0xFF94,
    0xFF73, 0xF732, 0xF6F1, 0xF6F1, 0xF711, 0xF732, 0xFF32, 0xFF52, 0xFF52, 0xFF52, 0xFF31, 0xF710,
    0xF6CF, 0xEEAF, 0xE68E, 0xE64E, 0xDE2D, 0xDE0C, 0xD5EC, 0xCD8B, 0xBD29, 0xB4E9, 0xACC8, 0xACA8,
    0x9C47, 0xA467, 0xACA8, 0xB4E9, 0xBD4A, 0xC58B, 0xCDAB, 0xD5CC, 0xDE0D, 0xDE4D, 0xE66E, 0xEE8F,
    0xEED0, 0xF711, 0xF752, 0xFF73, 0xFF94, 0xFF94, 0xFF74, 0xFF53, 0xF733, 0xF712, 0xF6F1, 0xF6D1,
    0xF6F1, 0xF6F2, 0xF712, 0xF712, 0xF712, 0xF712, 0xF6F2, 0xF6F2, 0xF6F2, 0xF6F2, 0xF712, 0xF712,
    0xF6F2, 0xF712, 0xF733, 0xF734, 0xFF54, 0xFF75, 0xFF75, 0xFF96, 0xFFB6, 0xFFB6, 0xFFB7, 0xFFB7,
    0xFFB7, 0xFFD7, 0xFFD7, 0xFFD7, 0xFFB7, 0xFFB7, 0xFFB7, 0xFFB7, 0xFFD8, 0xFFD8, 0xFFD8, 0xFFD8,
    0xFFD8, 0xFFD7, 0xFFB7, 0xFFB7, 0xFFB7, 0xFFB7, 0xFFD7, 0xFFB7, 0xFFB7, 0xFFB7, 0xFFB7, 0xFFB7,
    0xFFB7, 0xFFB7, 0xFFB7, 0xFFB6, 0xFF96, 0xFF75, 0xF754, 0xF733, 0xF713, 0xF713, 0xF713, 0xF713,
    0xF713, 0xF713, 0xF713, 0xF713, 0xF712, 0xF713, 0xF733, 0xF733, 0xFF54, 0xFF74, 0xFF95, 0xFF95,
    0xFF95, 0xFFB5, 0xFFB5, 0xFFB5, 0xFFB5, 0xFFB5, 0xFFB5, 0xFFB5, 0xFF74, 0xF753, 0xF712, 0xF6F1,
    0xF732, 0xFF53, 0xFF73, 0xFF73, 0xFF93, 0xFF93, 0xFF72, 0xFF52, 0xF731, 0xF6F0, 0xEEAF, 0xE68E,
    0xE66E, 0xDE2D, 0xD5EC, 0xCDAB, 0xC54A, 0xB509, 0xB4C8, 0xACA8, 0x9C47, 0xA467, 0xACA8, 0xB4E9,
    0xC54A, 0xCD8B, 0xCDAB, 0xD5EC, 0xDE2D, 0xE66E, 0xEE8E, 0xEECF, 0xF710, 0xF752, 0xFF93, 0xFFB5,
    0xFFD6, 0xFFB6, 0xFF95, 0xFF75, 0xF754, 0xF713, 0xEEF2, 0xEED2, 0xF6F2, 0xF6F2, 0xF712, 0xF712,
    0xF713, 0xF713, 0xF712, 0xF712, 0xF712, 0xF712, 0xF713, 0xF713, 0xEEF2, 0xF713, 0xF733, 0xF754,
    0xFF75, 0xFF96, 0xFF96, 0xFFB7, 0xFFD8, 0xFFD8, 0xFFD8, 0xFFD8, 0xFFD9, 0xFFD9, 0xFFD9, 0xFFD9,
    0xFFD9, 0xFFD9, 0xFFD9, 0xFFD9, 0xFFD9, 0xFFD9, 0xFFD9, 0xFFD9, 0xFFD9, 0xFFD9, 0xFFD9, 0xFFD9,
    0xFFD9, 0xFFD9, 0xFFD9, 0xFFD9, 0xFFD9, 0xFFD9, 0xFFD9, 0xFFD9, 0xFFD9, 0xFFD8, 0xFFD8, 0xFFD8,
    0xFFB7, 0xFF96, 0xF755, 0xF734, 0xF713, 0xF713, 0xF734, 0xF734, 0xF713, 0xF713, 0xF713, 0xF713,
    0xF713, 0xF733, 0xF734, 0xF754, 0xFF75, 0xFF95, 0xFFB6, 0xFFB6, 0xFFD7, 0xFFD7, 0xFFD7, 0xFFD7,
    0xFFD7, 0xFFD7, 0xFFD7, 0xFFD7, 0xFF95, 0xF774, 0xF712, 0xF712, 0xF753, 0xFF74, 0xFF94, 0xFFB5,
    0xFFB5, 0xFFB5, 0xFFB4, 0xFFB4, 0xFF93, 0xF751, 0xF6F0, 0xEEAF, 0xEEAE, 0xE66E, 0xDE0C, 0xCDAB,
    0xC56A, 0xBD29, 0xB4C8, 0xACA8, 0x9C47, 0xA467, 0xACA8, 0xB509, 0xC56A, 0xCDAB, 0xCDAB, 0xD5EC,
    0xDE2D, 0xE66E, 0xEEAE, 0xF6EF, 0xF711, 0xFF72, 0xFFB4, 0xFFD6, 0xFFF7, 0xFFD7, 0xFFB6, 0xFF95,
    0xF775, 0xF734, 0xEEF2, 0xEED2, 0xF6F2, 0xF712, 0xF712, 0xF713, 0xF713, 0xF733, 0xF713, 0xF713,
    0xF713, 0xF713, 0xF713, 0xF713, 0xEEF3, 0xF713, 0xF734, 0xF775, 0xFF96, 0xFF96, 0xFFB7, 0xFFD8,
    0xFFD8, 0xFFD9, 0xFFD9, 0xFFF9, 0xFFFA, 0xFFFA, 0xFFFA, 0xFFFA, 0xFFFA, 0xFFFA, 0xFFFA, 0xFFFA,
    0xFFFA, 0xFFFA, 0xFFFA, 0xFFFA, 0xFFFA, 0xFFFA, 0xFFFA, 0xFFFA, 0xFFFA, 0xFFFA, 0xFFFA, 0xFFFA,
    0xFFFA, 0xFFFA, 0xFFFA, 0xFFFA, 0xFFFA, 0xFFF9, 0xFFF9, 0xFFD9, 0xFFD8, 0xFF97, 0xFF76, 0xF755,
    0xF734, 0xF734, 0xF734, 0xF734, 0xF713, 0xF713, 0xF713, 0xF713, 0xF733, 0xF734, 0xF754, 0xF775,
    0xFF75, 0xFF96, 0xFFB7, 0xFFD7, 0xFFD8, 0xFFD8, 0xFFD8, 0xFFD8, 0xFFD8, 0xFFF8, 0xFFF8, 0xFFD8,
    0xFFB6, 0xFF74, 0xF732, 0xF712, 0xF753, 0xFF94, 0xFFB5, 0xFFD5, 0xFFD6, 0xFFD6, 0xFFD5, 0xFFD5,
    0xFFB4, 0xFF72, 0xF710, 0xEEEF, 0xEECF, 0xE68E, 0xDE0D, 0xCDCB, 0xC56A, 0xBD29, 0xB4E9, 0xACC8,
    0x9C27, 0xA447, 0xACA8, 0xB509, 0xC56A, 0xCDAB, 0xCDCB, 0xD5EC, 0xDE4D, 0xE68E, 0xEEAF, 0xF6F0,
    0xF731, 0xFF73, 0xFFB5, 0xFFD6, 0xFFF7, 0xFFD7, 0xFFB6, 0xFF95, 0xFF75, 0xF734, 0xF6F2, 0xEEF2,
    0xF713, 0xF713, 0xF713, 0xF713, 0xF733, 0xF733, 0xF733, 0xF733, 0xF733, 0xF713, 0xF713, 0xF713,
    0xF6F3, 0xF713, 0xF754, 0xFF75, 0xFF96, 0xFFB7, 0xFFB7, 0xFFD8, 0xFFD9, 0xFFD9, 0xFFF9, 0xFFFA,
    0xFFFA, 0xFFFA, 0xFFFA, 0xFFFA, 0xFFFA, 0xFFFA, 0xFFFA, 0xFFFA, 0xFFFA, 0xFFFA, 0xFFFA, 0xFFFA,
    0xFFFA, 0xFFFA, 0xFFFA, 0xFFFA, 0xFFFA, 0xFFFA, 0xFFFA, 0xFFFA, 0xFFFA, 0xFFFA, 0xFFFA, 0xFFFA,
    0xFFFA, 0xFFFA, 0xFFFA, 0xFFD9, 0xFFD8, 0xFFB7, 0xFF76, 0xF755, 0xF734, 0xF734, 0xF734, 0xF734,
    0xF733, 0xF733, 0xF734, 0xF734, 0xF734, 0xF754, 0xF754, 0xFF75, 0xFF96, 0xFFB6, 0xFFD7, 0xFFD7,
    0xFFD8, 0xFFF8, 0xFFF8, 0xFFF8, 0xFFF9, 0xFFF9, 0xFFF9, 0xFFD8, 0xFFB6, 0xFF75, 0xF733, 0xF732,
    0xF774, 0xFF95, 0xFFB5, 0xFFD6, 0xFFD6, 0xFFD6, 0xFFD5, 0xFFD4, 0xFF93, 0xFF72, 0xF710, 0xF6F0,
    0xF6F0, 0xEEAF, 0xDE2D, 0xD5CC, 0xC56A, 0xBD29, 0xB4E9, 0xACC8, 0x9C27, 0x9C47, 0xACA8, 0xB509,
    0xC56A, 0xCDAB, 0xCDCB, 0xD5EC, 0xDE2D, 0xE66E, 0xEEAF, 0xF6CF, 0xF710, 0xF752, 0xFF94, 0xFFB5,
    0xFFB6, 0xFFB6, 0xFF95, 0xFF74, 0xF754, 0xF733, 0xF712, 0xF6F2, 0xF713, 0xF733, 0xF733, 0xF733,
    0xF733, 0xF733, 0xF733, 0xF733, 0xF733, 0xF733, 0xF713, 0xF713, 0xF6F2, 0xF713, 0xF754, 0xFF75,
    0xFF95, 0xFF96, 0xFFB7, 0xFFB7, 0xFFD8, 0xFFD8, 0xFFD8, 0xFFD9, 0xFFD9, 0xFFD9, 0xFFD9, 0xFFD9,
    0xFFD9, 0xFFD9, 0xFFD9, 0xFFD9, 0xFFD9, 0xFFD9, 0xFFD9, 0xFFD9, 0xFFD9, 0xFFD9, 0xFFD9, 0xFFD9,
    0xFFD9, 0xFFD9, 0xFFD9, 0xFFD9, 0xFFD9, 0xFFD9, 0xFFD9, 0xFFD9, 0xFFD9, 0xFFD9, 0xFFD9, 0xFFD8,
    0xFFB7, 0xFF96, 0xFF75, 0xFF54, 0xF734, 0xF734, 0xF734, 0xF734, 0xF733, 0xF733, 0xF733, 0xF733,
    0xF734, 0xF734, 0xF754, 0xFF74, 0xFF75, 0xFF96, 0xFFB6, 0xFFD7, 0xFFD7, 0xFFD7, 0xFFD7, 0xFFD7,
    0xFFD8, 0xFFD8, 0xFFD8, 0xFFB7, 0xFF96, 0xFF74, 0xF733, 0xF732, 0xF753, 0xFF74, 0xFF95, 0xFFB5,
    0xFFB5, 0xFFB5, 0xFFB4, 0xFF93, 0xFF72, 0xF731, 0xF6F0, 0xEECF, 0xEECF, 0xEE8E, 0xDE2D, 0xCDCC,
    0xC56A, 0xBD09, 0xB4E8, 0xACC8, 0x9C27, 0x9C47, 0xACA8, 0xB4E9, 0xC54A, 0xCD8B, 0xCDAB, 0xD5CC,
    0xDE0C, 0xE64D, 0xE68E, 0xEEAF, 0xEECF, 0xF710, 0xF731, 0xFF72, 0xFF73, 0xFF73, 0xFF53, 0xF732,
    0xF732, 0xF712, 0xF711, 0xF6F1, 0xF712, 0xF712, 0xF712, 0xF732, 0xF732, 0xF732, 0xF732, 0xF732,
    0xF733, 0xF733, 0xF713, 0xF712, 0xF6F2, 0xF712, 0xF733, 0xFF54, 0xFF74, 0xFF95, 0xFF96, 0xFF96,
    0xFFB6, 0xFFB6, 0xFFB6, 0xFFB6, 0xFFB7, 0xFFB7, 0xFFB7, 0xFFB7, 0xFFB7, 0xFFB7, 0xFFB7, 0xFFB7,
    0xFFB7, 0xFFB7, 0xFFB7, 0xFFB7, 0xFFB7, 0xFFB7, 0xFFB7, 0xFFB7, 0xFFB7, 0xFFB7, 0xFFB7, 0xFFB7,
    0xFFB7, 0xFF97, 0xFFB7, 0xFFB7, 0xFFB6, 0xFFB6, 0xFFB7, 0xFFB6, 0xFF95, 0xFF75, 0xFF54, 0xF754,
    0xF733, 0xF733, 0xF713, 0xF713, 0xF713, 0xF713, 0xF733, 0xF733, 0xF733, 0xF733, 0xF733, 0xFF53,
    0xFF74, 0xFF74, 0xFF95, 0xFF95, 0xFF95, 0xFFB5, 0xFFB5, 0xFFB5, 0xFFB5, 0xFFB5, 0xFFB5, 0xFF95,
    0xFF74, 0xFF53, 0xF732, 0xF712, 0xF732, 0xFF52, 0xFF73, 0xFF73, 0xFF73, 0xFF73, 0xFF72, 0xF752,
    0xF710, 0xF6F0, 0xEEAF, 0xEE8E, 0xEE8E, 0xE66E, 0xDE0D, 0xCDAB, 0xC54A, 0xB509, 0xACC8, 0xACA8,
    0x9C47, 0x9C47, 0xA488, 0xB4E9, 0xBD2A, 0xC56A, 0xCD8B, 0xCDCB, 0xD60C, 0xDE2D, 0xE66D, 0xE68E,
    0xEEAF, 0xF6CF, 0xF710, 0xF731, 0xF752, 0xF752, 0xF732, 0xF732, 0xF712, 0xF711, 0xF6F1, 0xF6F1,
    0xF711, 0xF712, 0xF712, 0xF732, 0xF732, 0xF732, 0xF732, 0xF732, 0xF732, 0xF732, 0xF732, 0xF712,
    0xF712, 0xF712, 0xF733, 0xFF53, 0xFF54, 0xFF74, 0xFF95, 0xFF95, 0xFF95, 0xFF95, 0xFF95, 0xFF96,
    0xFFB6, 0xFFB6, 0xFFB6, 0xFFB6, 0xFF96, 0xFF96, 0xFF96, 0xFF95, 0xFF95, 0xFF96, 0xFF96, 0xFF96,
    0xFF96, 0xFF96, 0xFF96, 0xFF96, 0xFFB6, 0xFFB6, 0xFFB6, 0xFFB6, 0xFF95, 0xFF95, 0xFF96, 0xFF96,
    0xFF95, 0xFF95, 0xFFB5, 0xFF95, 0xFF95, 0xFF74, 0xFF54, 0xF733, 0xF733, 0xF713, 0xF713, 0xF713,
    0xF713, 0xF733, 0xF733, 0xF732, 0xF732, 0xF732, 0xF733, 0xFF53, 0xFF53, 0xFF74, 0xFF74, 0xFF94,
    0xFF94, 0xFF94, 0xFF94, 0xFF94, 0xFF94, 0xFF94, 0xFF94, 0xFF94, 0xFF73, 0xFF52, 0xF712, 0xF711,
    0xF732, 0xF732, 0xFF52, 0xFF52, 0xFF52, 0xFF51, 0xF731, 0xF710, 0xF6EF, 0xEECF, 0xEE8E, 0xE66E,
    0xE64D, 0xDE2D, 0xD5EC, 0xCDAB, 0xBD4A, 0xB4E9, 0xACC8, 0xACA8, 0x9C47, 0x9C47, 0xA488, 0xACC8,
    0xBD09, 0xC54A, 0xCD8B, 0xCDCB, 0xD5EC, 0xDE2D, 0xE64D, 0xE68E, 0xEEAF, 0xEECF, 0xF710, 0xF731,
    0xF731, 0xF752, 0xF732, 0xF732, 0xF732, 0xF712, 0xF6F1, 0xF6F1, 0xF712, 0xF712, 0xF732, 0xF732,
    0xF732, 0xF732, 0xF732, 0xF733, 0xF732, 0xF732, 0xF733, 0xF733, 0xF713, 0xF733, 0xF733, 0xFF53,
    0xFF54, 0xFF74, 0xFF75, 0xFF95, 0xFF95, 0xFF96, 0xFF96, 0xFFB6, 0xFFB6, 0xFFB6, 0xFFB6, 0xFF96,
    0xFF96, 0xFF96, 0xFF96, 0xFF96, 0xFF96, 0xFF95, 0xFF95, 0xFF95, 0xFF95, 0xFF96, 0xFF96, 0xFF96,
    0xFFB6, 0xFFB6, 0xFFB6, 0xFFB6, 0xFF96, 0xFF96, 0xFF96, 0xFFB6, 0xFFB6, 0xFFB5, 0xFFB5, 0xFF95,
    0xFF95, 0xFF74, 0xFF54, 0xFF54, 0xF733, 0xF733, 0xF733, 0xF733, 0xF733, 0xF733, 0xF733, 0xF733,
    0xF733, 0xF733, 0xF753, 0xFF53, 0xFF53, 0xFF73, 0xFF74, 0xFF94, 0xFF94, 0xFF94, 0xFF94, 0xFF94,
    0xFF94, 0xFF94, 0xFF93, 0xFF73, 0xFF73, 0xFF52, 0xF712, 0xF711, 0xF732, 0xF732, 0xFF52, 0xFF52,
    0xFF52, 0xF731, 0xF730, 0xF710, 0xF6EF, 0xEECF, 0xE68E, 0xE64E, 0xDE2D, 0xD5EC, 0xD5CC, 0xCD8B,
    0xBD2A, 0xB4E9, 0xB4C8, 0xACA8, 0x9C47, 0x9C67, 0xA488, 0xACA8, 0xB4E9, 0xBD4A, 0xCD8B, 0xCDCB,
    0xD5EC, 0xDE0D, 0xDE4D, 0xE66E, 0xEEAF, 0xEECF, 0xF710, 0xF730, 0xF731, 0xF731, 0xF731, 0xF731,
    0xF712, 0xF711, 0xEEF1, 0xEEF1, 0xF6F1, 0xF712, 0xF712, 0xF712, 0xF712, 0xF712, 0xF732, 0xF732,
    0xF712, 0xF712, 0xF732, 0xF712, 0xF712, 0xF712, 0xF733, 0xF753, 0xFF54, 0xFF54, 0xFF74, 0xFF75,
    0xFF95, 0xFF95, 0xFF96, 0xFF96, 0xFF96, 0xFF95, 0xFF95, 0xFF95, 0xFF95, 0xFF95, 0xFF95, 0xFF95,
    0xFF95, 0xFF95, 0xFF95, 0xFF95, 0xFF95, 0xFF95, 0xFF95, 0xFF95, 0xFF95, 0xFF95, 0xFF95, 0xFF95,
    0xFF95, 0xFF95, 0xFF95, 0xFF95, 0xFF95, 0xFF95, 0xFF95, 0xFF95, 0xFF74, 0xFF74, 0xFF54, 0xF733,
    0xF733, 0xF713, 0xF713, 0xF733, 0xF713, 0xF732, 0xF733, 0xF732, 0xF712, 0xF733, 0xF733, 0xF753,
    0xF753, 0xFF53, 0xFF74, 0xFF94, 0xFF74, 0xFF74, 0xFF94, 0xFF94, 0xFF73, 0xFF73, 0xFF73, 0xFF73,
    0xFF52, 0xF732, 0xF711, 0xF6F1, 0xF711, 0xF731, 0xF731, 0xF731, 0xF731, 0xF731, 0xF710, 0xF6EF,
    0xEECF, 0xEEAF, 0xE66E, 0xDE4D, 0xDE0D, 0xD5EC, 0xD5CC, 0xCD8B, 0xBD2A, 0xB4E9, 0xACC8, 0xACA8,
    0x9C47, 0xA467, 0xA488, 0xACA8, 0xB4E9, 0xC54A, 0xCD8B, 0xCDCC, 0xD5EC, 0xDE0D, 0xDE2D, 0xE66E,
    0xEEAE, 0xEECF, 0xF710, 0xF710, 0xF731, 0xF731, 0xF711, 0xF711, 0xF711, 0xF6F1, 0xEED0, 0xEED0,
    0xEED1, 0xF6F1, 0xF6F1, 0xF6F1, 0xF6F1, 0xF6F1, 0xF6F1, 0xF6F1, 0xF6F1, 0xF6F1, 0xF712, 0xF6F2,
    0xEEF1, 0xEEF1, 0xF712, 0xF733, 0xF733, 0xF753, 0xFF54, 0xFF74, 0xFF74, 0xFF95, 0xFF95, 0xFF95,
    0xFF95, 0xFF95, 0xFF95, 0xFF95, 0xFF95, 0xFF95, 0xFF95, 0xFF95, 0xFF95, 0xFF95, 0xFF95, 0xFF95,
    0xFF95, 0xFF95, 0xFF95, 0xFF95, 0xFF95, 0xFF95, 0xFF95, 0xFF95, 0xFF95, 0xFF95, 0xFF95, 0xFF95,
    0xFF95, 0xFF95, 0xFF94, 0xFF74, 0xFF74, 0xFF53, 0xF733, 0xF712, 0xF6F2, 0xEEF2, 0xF6F2, 0xF6F2,
    0xF712, 0xF712, 0xF712, 0xF712, 0xF6F2, 0xF712, 0xF712, 0xF732, 0xF733, 0xFF53, 0xFF73, 0xFF73,
    0xFF73, 0xFF73, 0xFF73, 0xFF73, 0xFF73, 0xFF73, 0xFF73, 0xFF52, 0xF731, 0xF711, 0xEED0, 0xEED0,
    0xF6F0, 0xF710, 0xF711, 0xF731, 0xF711, 0xF710, 0xF710, 0xF6EF, 0xEECF, 0xEE8E, 0xE66E, 0xDE2D,
    0xDE0D, 0xD5EC, 0xCDCC, 0xC56B, 0xBD09, 0xB4C8, 0xACA8, 0xA487, 0xA467, 0xA467, 0xA487, 0xACA8,
    0xB4E9, 0xBD2A, 0xC56B, 0xCDAB, 0xD5CC, 0xD5EC, 0xDE0D, 0xE64D, 0xE66E, 0xEEAE, 0xEECF, 0xF6EF,
    0xF710, 0xF710, 0xEEF0, 0xEEF0, 0xEEF0, 0xEED0, 0xEEB0, 0xEEB0, 0xEEB0, 0xEED0, 0xEED0, 0xEED0,
    0xEED0, 0xEED0, 0xEED1, 0xEED1, 0xEED0, 0xEED1, 0xEED1, 0xEED1, 0xEED1, 0xEED1, 0xF6F2, 0xF712,
    0xF712, 0xF733, 0xF753, 0xF753, 0xFF53, 0xFF54, 0xF754, 0xF754, 0xF774, 0xFF74, 0xFF74, 0xFF74,
    0xFF74, 0xFF74, 0xFF74, 0xFF74, 0xFF74, 0xFF74, 0xFF74, 0xFF74, 0xFF74, 0xFF74, 0xF774, 0xFF74,
    0xFF74, 0xFF74, 0xFF74, 0xFF74, 0xFF74, 0xFF74, 0xFF74, 0xFF74, 0xFF74, 0xFF74, 0xFF74, 0xF753,
    0xF753, 0xF733, 0xF712, 0xF6F2, 0xEED1, 0xEED1, 0xEED1, 0xEED1, 0xEEF1, 0xEEF1, 0xEEF1, 0xEEF1,
    0xEED1, 0xEEF1, 0xEEF1, 0xF712, 0xF712, 0xF732, 0xF752, 0xFF52, 0xF752, 0xF752, 0xF752, 0xF752,
    0xF752, 0xF752, 0xF752, 0xF732, 0xF711, 0xF6F0, 0xEEAF, 0xEEAF, 0xEED0, 0xEEF0, 0xF6F0, 0xF6F0,
    0xF6F0, 0xF6EF, 0xEECF, 0xEECE, 0xEE8E, 0xE66E, 0xDE4D, 0xDE2D, 0xDE0D, 0xD5EC, 0xCDAB, 0xC56A,
    0xB509, 0xACC8, 0xA488, 0xA487, 0xA467, 0xA467, 0xA467, 0xACA8, 0xB4E9, 0xBD2A, 0xC54A, 0xC58B,
    0xCDAB, 0xCDCC, 0xD5EC, 0xDE0D, 0xDE2D, 0xE64D, 0xE66E, 0xE68E, 0xEEAE, 0xEEAF, 0xEEAF, 0xEEAF,
    0xEEAF, 0xEEB0, 0xEEAF, 0xE68F, 0xE68F, 0xE690, 0xEEB0, 0xEEB0, 0xEEB0, 0xEEB0, 0xEEB0, 0xEEB0,
    0xEEB0, 0xEEB0, 0xEEB0, 0xEEB0, 0xEEB0, 0xEED0, 0xEEF1, 0xF6F1, 0xF6F2, 0xF712, 0xF712, 0xF712,
    0xF712, 0xF732, 0xF733, 0xF733, 0xF733, 0xF733, 0xF733, 0xF733, 0xF733, 0xF733, 0xF733, 0xF733,
    0xF733, 0xF733, 0xF733, 0xF733, 0xF733, 0xF733, 0xF712, 0xF732, 0xF733, 0xF733, 0xF733, 0xF733,
    0xF733, 0xF733, 0xF732, 0xF732, 0xF732, 0xF732, 0xF732, 0xF732, 0xF712, 0xF712, 0xF6F1, 0xEEF1,
    0xEED1, 0xEED1, 0xEEB1, 0xEED1, 0xEED1, 0xEED1, 0xEEB0, 0xEEB0, 0xEEB0, 0xEEB1, 0xEED1, 0xEED1,
    0xEEF1, 0xF711, 0xF712, 0xF711, 0xF711, 0xF711, 0xF711, 0xF711, 0xF711, 0xF6F1, 0xF6F1, 0xF6F1,
    0xF6F0, 0xEED0, 0xEEAF, 0xEEAF, 0xEEAF, 0xEECF, 0xEEAF, 0xEEAF, 0xEEAF, 0xEE8E, 0xE68E, 0xE66E,
    0xDE4D, 0xDE2D, 0xDE0C, 0xD60C, 0xD60C, 0xD5EC, 0xCDAB, 0xC54A, 0xB4E9, 0xACA8, 0xA488, 0xA467,
    0xA467, 0xA467, 0xA467, 0xAC88, 0xB4E9, 0xBD29, 0xC54A, 0xC56A, 0xCD8B, 0xCDCB, 0xD5EC, 0xD60C,
    0xDE0D, 0xDE2D, 0xDE4D, 0xE66D, 0xE68E, 0xEE8E, 0xE68E, 0xE68F, 0xEEAF, 0xEEAF, 0xEEAF, 0xE68F,
    0xE68F, 0xE68F, 0xE68F, 0xEEB0, 0xEEB0, 0xEEB0, 0xEEB0, 0xEEB0, 0xEEB0, 0xEEB0, 0xEEB0, 0xEEB0,
    0xEEB0, 0xEED0, 0xEED1, 0xF6F1, 0xF6F1, 0xF6F2, 0xF6F2, 0xF712, 0xF712, 0xF712, 0xF712, 0xF712,
    0xF712, 0xF712, 0xF732, 0xF732, 0xF712, 0xF712, 0xF712, 0xF712, 0xF712, 0xF712, 0xF712, 0xF712,
    0xF712, 0xF712, 0xF712, 0xF712, 0xF712, 0xF732, 0xF732, 0xF732, 0xF732, 0xF712, 0xF712, 0xF712,
    0xF712, 0xF712, 0xF712, 0xF712, 0xF712, 0xF6F2, 0xEEF1, 0xEED1, 0xEED1, 0xEEB0, 0xEEB0, 0xEEB0,
    0xEED1, 0xEED1, 0xEEB0, 0xEEB0, 0xEEB0, 0xEEB0, 0xEEB0, 0xEED1, 0xEED1, 0xF6F1, 0xF6F1, 0xF6F1,
    0xF6F1, 0xF6F1, 0xF6F0, 0xF6F0, 0xF6F0, 0xF6F0, 0xF6F0, 0xF6D0, 0xEED0, 0xEED0, 0xEEAF, 0xE68F,
    0xEEAF, 0xEEAF, 0xEE8F, 0xE68E, 0xE68E, 0xE68E, 0xE66E, 0xE64D, 0xDE2D, 0xDE0C, 0xD5EC, 0xD5EC,
    0xD5EC, 0xD5CC, 0xCD8B, 0xC54A, 0xB4E9, 0xACA8, 0xA468, 0xA467, 0xA467, 0xA467, 0xA467, 0xAC88,
    0xB4E9, 0xBD2A, 0xC56A, 0xCD8B, 0xCDAB, 0xD5CB, 0xD5EC, 0xDE0C, 0xDE2D, 0xE64D, 0xE64D, 0xE66E,
    0xEE8E, 0xEE8E, 0xEE8F, 0xEE8F, 0xEEAF, 0xEEAF, 0xEEAF, 0xEEAF, 0xEEB0, 0xEEB0, 0xEEB0, 0xEEB0,
    0xEED0, 0xEED0, 0xEEB0, 0xEEB0, 0xEEB0, 0xEED0, 0xEEB0, 0xEEB0, 0xEED0, 0xEED1, 0xF6F1, 0xF6F2,
    0xF712, 0xF712, 0xF712, 0xF712, 0xF712, 0xF712, 0xF712, 0xF732, 0xF732, 0xF733, 0xF733, 0xF733,
    0xF732, 0xF732, 0xF732, 0xF732, 0xF733, 0xF733, 0xF733, 0xF732, 0xF712, 0xF712, 0xF712, 0xF732,
    0xF732, 0xF732, 0xF732, 0xF732, 0xF732, 0xF732, 0xF712, 0xF712, 0xF732, 0xF732, 0xF712, 0xF712,
    0xF712, 0xF712, 0xF711, 0xEEF1, 0xEED0, 0xEEB0, 0xEED1, 0xEED1, 0xEED1, 0xEED1, 0xEED1, 0xEED0,
    0xEEB0, 0xEED1, 0xEED1, 0xEED1, 0xF6F1, 0xF6F1, 0xF711, 0xF711, 0xF711, 0xF711, 0xF711, 0xF711,
    0xF6F1, 0xF6F0, 0xF6F0, 0xF6F0, 0xF6D0, 0xEED0, 0xEEAF, 0xEEAF, 0xEEAF, 0xEEAF, 0xEEAF, 0xEE8F,
    0xEE8E, 0xEE8E, 0xE66E, 0xE66D, 0xDE4D, 0xDE2D, 0xDE0D, 0xD5EC, 0xD5EC, 0xCDCC, 0xCD8B, 0xBD4A,
    0xB4E9, 0xACA8, 0xA467, 0x9C47, 0xA467, 0xA467, 0xA467, 0xACA8, 0xB4E9, 0xBD2A, 0xC56A, 0xCD8B,
    0xCDAB, 0xD5CC, 0xD5EC, 0xDE0D, 0xDE2D, 0xE64E, 0xE66E, 0xE68E, 0xEE8E, 0xEEAF, 0xEEAF, 0xEEAF,
    0xEEAF, 0xEEAF, 0xEEAF, 0xEEB0, 0xEEB0, 0xEEB0, 0xEED0, 0xEED0, 0xEED0, 0xEED0, 0xEED0, 0xEEB0,
    0xEED0, 0xEED0, 0xEED0, 0xEED0, 0xEED0, 0xEED1, 0xF6F1, 0xF712, 0xF712, 0xF712, 0xF712, 0xF712,
    0xF712, 0xF732, 0xF732, 0xF733, 0xF733, 0xFF33, 0xFF33, 0xFF33, 0xF733, 0xF732, 0xF732, 0xF732,
    0xF733, 0xF733, 0xF733, 0xF732, 0xF732, 0xF732, 0xF733, 0xF733, 0xF733, 0xF733, 0xF732, 0xF732,
    0xF732, 0xF732, 0xF732, 0xF732, 0xF732, 0xF732, 0xF732, 0xF732, 0xF732, 0xF712, 0xF711, 0xEEF1,
    0xEED0, 0xEED0, 0xEED1, 0xEED1, 0xEED1, 0xEED1, 0xEED1, 0xEED1, 0xEED1, 0xEED1, 0xEEF1, 0xF6F1,
    0xF6F1, 0xF6F1, 0xF711, 0xF711, 0xF711, 0xF711, 0xF711, 0xF711, 0xF711, 0xF6F0, 0xF6F0, 0xF6F0,
    0xF6D0, 0xEED0, 0xEEAF, 0xE6AF, 0xEEAF, 0xEEAF, 0xEEAF, 0xEEAF, 0xEE8F, 0xEE8E, 0xE66E, 0xE66E,
    0xE64D, 0xDE2D, 0xDE0D, 0xD5EC, 0xD5CC, 0xCDAB, 0xC58B, 0xBD4A, 0xB4E9, 0xACA8, 0xA467, 0x9C47,
    0x9C47, 0xA467, 0xA487, 0xACA8, 0xB4E9, 0xBD2A, 0xC56A, 0xCD8B, 0xCDAB, 0xD5CC, 0xD5EC, 0xDE2D,
    0xE64D, 0xE66E, 0xE68E, 0xEE8E, 0xEE8E, 0xEEAF, 0xEEAF, 0xEEAF, 0xEEAF, 0xEEAF, 0xEEAF, 0xEEAF,
    0xEED0, 0xEED0, 0xEED0, 0xEED0, 0xEED1, 0xEED1, 0xEED0, 0xEED0, 0xEED0, 0xEED0, 0xEED1, 0xEED1,
    0xEED0, 0xEED1, 0xF6F1, 0xF712, 0xF712, 0xF712, 0xF712, 0xF712, 0xF712, 0xF732, 0xF733, 0xF733,
    0xF733, 0xF733, 0xF733, 0xF733, 0xF733, 0xF732, 0xF733, 0xF733, 0xF733, 0xF733, 0xF733, 0xF733,
    0xF733, 0xF733, 0xF733, 0xF733, 0xF733, 0xF733, 0xF732, 0xF732, 0xF732, 0xF732, 0xF732, 0xF732,
    0xF732, 0xF732, 0xF732, 0xF732, 0xF712, 0xF712, 0xF6F1, 0xEEF1, 0xEED1, 0xEED1, 0xEED1, 0xEED1,
    0xEED1, 0xEED1, 0xEEF1, 0xEEF1, 0xEEF1, 0xEEF1, 0xF6F1, 0xF6F1, 0xF6F1, 0xF6F1, 0xF711, 0xF711,
    0xF711, 0xF711, 0xF711, 0xF711, 0xF6F1, 0xF6F0, 0xF6F0, 0xF6F0, 0xF6F0, 0xEED0, 0xE6AF, 0xE6AF,
    0xEEAF, 0xEEAF, 0xEEAF, 0xEEAF, 0xEE8F, 0xE68E, 0xE68E, 0xE66E, 0xE64D, 0xDE2D, 0xDE0D, 0xD5EC,
    0xCDCB, 0xCD8B, 0xC56B, 0xC54A, 0xB509, 0xACC8, 0xA488, 0xA467, 0x9C47, 0x9C47, 0xA488, 0xACA8,
    0xB4E9, 0xBD2A, 0xC56A, 0xCDAB, 0xD5CB, 0xD5EC, 0xD60D, 0xDE2D, 0xE64E, 0xE66E, 0xEE8E, 0xEEAF,
    0xEEAF, 0xEEAF, 0xEEAF, 0xEEAF, 0xEEAF, 0xEEAF, 0xEEAF, 0xEEB0, 0xEED0, 0xEED0, 0xEED0, 0xEED0,
    0xEED1, 0xEED1, 0xEED1, 0xEED0, 0xEED0, 0xEED0, 0xEED1, 0xEED1, 0xEED1, 0xEED1, 0xF6F1, 0xF712,
    0xF712, 0xF732, 0xF712, 0xF732, 0xF733, 0xF733, 0xF733, 0xF733, 0xF733, 0xF733, 0xFF33, 0xFF33,
    0xF753, 0xF753, 0xFF33, 0xFF53, 0xFF53, 0xFF53, 0xFF53, 0xF733, 0xF733, 0xF733, 0xF733, 0xF733,
    0xFF33, 0xFF53, 0xFF33, 0xF732, 0xF732, 0xF732, 0xF732, 0xF732, 0xF732, 0xF732, 0xF732, 0xF732,
    0xF732, 0xF712, 0xF6F1, 0xEEF1, 0xEED1, 0xEED1, 0xEED1, 0xEED1, 0xEED1, 0xEEF1, 0xEEF1, 0xF6F1,
    0xF6F1, 0xF6F1, 0xF6F1, 0xF6F1, 0xF6F2, 0xF712, 0xF712, 0xF711, 0xF711, 0xF711, 0xF711, 0xF711,
    0xF711, 0xF711, 0xF711, 0xF6F0, 0xF6F0, 0xEED0, 0xEEAF, 0xE6AF, 0xEED0, 0xEED0, 0xEED0, 0xEECF,
    0xEEAF, 0xEEAF, 0xEE8F, 0xE68E, 0xE66E, 0xDE2D, 0xDE0D, 0xD5EC, 0xD5CB, 0xCDAB, 0xC58B, 0xC54A,
    0xB509, 0xACC8, 0xA488, 0xA467, 0x9C27, 0x9C47, 0xA467, 0xACA8, 0xB509, 0xBD4A, 0xCD8B, 0xCDCB,
    0xD5EC, 0xD60C, 0xDE2D, 0xDE2D, 0xE66E, 0xE68E, 0xEEAF, 0xEEAF, 0xEECF, 0xEECF, 0xEED0, 0xEED0,
    0xEED0, 0xEED0, 0xEEB0, 0xEEB0, 0xEED0, 0xEED0, 0xEED0, 0xEED0, 0xEEF1, 0xEEF1, 0xEEF1, 0xEED1,
    0xEED0, 0xEED0, 0xEED1, 0xEED1, 0xEED1, 0xEEF1, 0xF6F1, 0xF712, 0xF732, 0xF732, 0xF733, 0xF733,
    0xFF53, 0xFF53, 0xFF53, 0xFF53, 0xFF53, 0xFF53, 0xFF53, 0xFF53, 0xFF53, 0xFF53, 0xFF53, 0xFF53,
    0xFF73, 0xFF74, 0xFF74, 0xFF74, 0xFF74, 0xFF53, 0xFF53, 0xFF53, 0xFF53, 0xFF53, 0xFF53, 0xFF53,
    0xFF53, 0xFF53, 0xFF53, 0xFF53, 0xFF53, 0xFF33, 0xFF53, 0xFF53, 0xF732, 0xF732, 0xF712, 0xF6F2,
    0xEEF1, 0xEED1, 0xEEF1, 0xEEF1, 0xEEF1, 0xEED1, 0xEEF1, 0xEEF1, 0xEED1, 0xEEF1, 0xF6F1, 0xF712,
    0xF712, 0xF712, 0xF732, 0xFF32, 0xF732, 0xFF32, 0xFF32, 0xFF32, 0xF731, 0xF731, 0xF731, 0xF711,
    0xF711, 0xF6F0, 0xEED0, 0xEEB0, 0xEED0, 0xF6F0, 0xF6F0, 0xF6F0, 0xF6F0, 0xF6F0, 0xEECF, 0xEEAF,
    0xE68E, 0xE64D, 0xDE2D, 0xDE0D, 0xDE0C, 0xD5EC, 0xCD8B, 0xBD4A, 0xB4E9, 0xACA8, 0xA467, 0xA447,
    0x9C27, 0x9C47, 0xA487, 0xACC8, 0xB509, 0xC54A, 0xCD8B, 0xD5CC, 0xD5EC, 0xDE0D, 0xDE2D, 0xE64E,
    0xE68E, 0xEEAF, 0xEECF, 0xF6F0, 0xF711, 0xF711, 0xF711, 0xF711, 0xF6F1, 0xEED0, 0xEED0, 0xEED0,
    0xEED0, 0xEED1, 0xEED0, 0xEEF1, 0xEEF1, 0xEEF1, 0xEEF1, 0xEEF1, 0xEED1, 0xEED1, 0xEED1, 0xEEF1,
    0xEED1, 0xEEF1, 0xF712, 0xF732, 0xF733, 0xFF53, 0xFF53, 0xFF54, 0xFF74, 0xFF74, 0xFF74, 0xFF74,
    0xFF74, 0xFF74, 0xFF74, 0xFF75, 0xFF95, 0xFF95, 0xFF75, 0xFF75, 0xFF95, 0xFF95, 0xFF95, 0xFF95,
    0xFF95, 0xFF95, 0xFF74, 0xFF74, 0xFF74, 0xFF74, 0xFF94, 0xFF94, 0xFF74, 0xFF74, 0xFF74, 0xFF74,
    0xFF74, 0xFF74, 0xFF74, 0xFF74, 0xFF53, 0xF753, 0xF733, 0xF712, 0xF6F2, 0xEEF1, 0xEEF1, 0xEEF2,
    0xEEF1, 0xEEF1, 0xEEF1, 0xEEF1, 0xEEF1, 0xEEF2, 0xF712, 0xF712, 0xF733, 0xF733, 0xFF53, 0xFF73,
    0xFF73, 0xFF73, 0xFF73, 0xFF73, 0xFF53, 0xFF53, 0xFF53, 0xFF53, 0xFF52, 0xF711, 0xEED0, 0xEED0,
    0xF6F1, 0xF711, 0xF731, 0xF731, 0xF731, 0xF731, 0xF710, 0xF6F0, 0xEEAF, 0xE68E, 0xE64D, 0xDE4D,
    0xE64D, 0xDE2D, 0xCDAB, 0xC54A, 0xB4E9, 0xACA8, 0xA467, 0x9C47, 0x9C26, 0x9C47, 0xA487, 0xACC8,
    0xB509, 0xC54A, 0xCD8B, 0xD5CC, 0xD5EC, 0xDE2D, 0xE64E, 0xE68E, 0xEEAF, 0xF6F0, 0xF731, 0xF752,
    0xFF73, 0xFF73, 0xF753, 0xF752, 0xF712, 0xEEF1, 0xEED1, 0xEED1, 0xEED1, 0xEED1, 0xEED1, 0xEEF1,
    0xEEF1, 0xEEF2, 0xEEF1, 0xEEF1, 0xEED1, 0xEED1, 0xEEF2, 0xEEF2, 0xEED1, 0xEEF2, 0xEF12, 0xF733,
    0xF754, 0xFF75, 0xFF95, 0xFF95, 0xFFB6, 0xFFB6, 0xFFB6, 0xFFB6, 0xFFB6, 0xFFB6, 0xFFB7, 0xFFB7,
    0xFFB7, 0xFFB7, 0xFFB7, 0xFFB7, 0xFFB7, 0xFFB7, 0xFFB7, 0xFFB7, 0xFFB7, 0xFFB6, 0xFFB6, 0xFFB6,
    0xFFB6, 0xFFB6, 0xFFB6, 0xFFB6, 0xFFB6, 0xFFB6, 0xFFB6, 0xFFB6, 0xFFB6, 0xFFB6, 0xFFB6, 0xFFB6,
    0xFF95, 0xFF74, 0xF754, 0xF733, 0xEF12, 0xEEF2, 0xEEF2, 0xEEF2, 0xEEF2, 0xEEF2, 0xEEF2, 0xEEF2,
    0xEF12, 0xF712, 0xF733, 0xF733, 0xF754, 0xFF74, 0xFF95, 0xFFB5, 0xFFB5, 0xFFB5, 0xFFB5, 0xFFB5,
    0xFFB5, 0xFFB5, 0xFFB5, 0xFFB5, 0xFF94, 0xF753, 0xEEF1, 0xEEF1, 0xF711, 0xF752, 0xFF73, 0xFF73,
    0xFF73, 0xFF73, 0xFF72, 0xF731, 0xF6EF, 0xEEAE, 0xE68E, 0xE66E, 0xE66E, 0xE64D, 0xD5EC, 0xC56B,
    0xBD09, 0xACA8, 0xA467, 0x9C47, 0x9C26, 0x9C47, 0xA487, 0xACC8, 0xB509, 0xBD4A, 0xCD8B, 0xD5CC,
    0xD5EC, 0xDE2D, 0xE66E, 0xEEAF, 0xF6EF, 0xF710, 0xFF52, 0xFF93, 0xFFB4, 0xFFB4, 0xFF94, 0xFF73,
    0xF753, 0xF712, 0xEEF1, 0xEEF1, 0xEEF1, 0xEEF2, 0xEEF1, 0xEEF2, 0xEF12, 0xEF12, 0xEF12, 0xEEF2,
    0xEEF2, 0xEEF2, 0xEF12, 0xEEF2, 0xEEF2, 0xEEF2, 0xF733, 0xF754, 0xFF75, 0xFF96, 0xFFB6, 0xFFB6,
    0xFFD7, 0xFFD7, 0xFFD7, 0xFFD7, 0xFFD7, 0xFFD8, 0xFFD8, 0xFFD8, 0xFFD8, 0xFFD8, 0xFFD8, 0xFFD8,
    0xFFD8, 0xFFD8, 0xFFD8, 0xFFD8, 0xFFD8, 0xFFD7, 0xFFD7, 0xFFD7, 0xFFD7, 0xFFD7, 0xFFD7, 0xFFD7,
    0xFFD7, 0xFFD7, 0xFFD7, 0xFFD7, 0xFFD7, 0xFFD7, 0xFFD7, 0xFFD7, 0xFFB6, 0xFF95, 0xF775, 0xF734,
    0xF733, 0xEF13, 0xEF13, 0xEF12, 0xF713, 0xF713, 0xF713, 0xF713, 0xF733, 0xF733, 0xF734, 0xF754,
    0xFF75, 0xFF95, 0xFFB6, 0xFFD6, 0xFFD6, 0xFFD6, 0xFFD6, 0xFFD6, 0xFFD6, 0xFFD6, 0xFFD7, 0xFFD6,
    0xFF95, 0xF773, 0xF712, 0xEF12, 0xF732, 0xF773, 0xFF94, 0xFF94, 0xFFB4, 0xFF94, 0xFF93, 0xFF52,
    0xF710, 0xEECF, 0xEE8E, 0xE66E, 0xE66E, 0xDE4D, 0xD5EC, 0xC56B, 0xBD09, 0xACA8, 0xA467, 0x9C47,
    0x9C26, 0x9C47, 0xA467, 0xACA8, 0xB4E9, 0xBD2A, 0xC58B, 0xCDCC, 0xD5EC, 0xDE2D, 0xE66E, 0xEEAF,
    0xF6F0, 0xF731, 0xFF72, 0xFF93, 0xFFB4, 0xFFB4, 0xFF94, 0xFF74, 0xFF53, 0xF733, 0xF712, 0xF712,
    0xF712, 0xF712, 0xF712, 0xF732, 0xF733, 0xF733, 0xF733, 0xF713, 0xF733, 0xF733, 0xF733, 0xF733,
    0xF733, 0xF734, 0xF754, 0xFF75, 0xFF96, 0xFFB6, 0xFFB6, 0xFFB7, 0xFFD7, 0xFFD8, 0xFFD7, 0xFFD7,
    0xFFD8, 0xFFD8, 0xFFD8, 0xFFD8, 0xFFD8, 0xFFD8, 0xFFD8, 0xFFD8, 0xFFD8, 0xFFD8, 0xFFD8, 0xFFD8,
    0xFFD8, 0xFFD7, 0xFFD7, 0xFFD7, 0xFFD8, 0xFFD8, 0xFFD8, 0xFFD7, 0xFFD7, 0xFFD7, 0xFFD7, 0xFFD7,
    0xFFD7, 0xFFD7, 0xFFD8, 0xFFD7, 0xFFB7, 0xFF96, 0xFF75, 0xFF75, 0xF754, 0xF734, 0xF734, 0xF734,
    0xF734, 0xF734, 0xF734, 0xF754, 0xF754, 0xF754, 0xF754, 0xFF75, 0xFF95, 0xFFB6, 0xFFB6, 0xFFD6,
    0xFFD6, 0xFFD7, 0xFFD7, 0xFFD7, 0xFFD6, 0xFFD6, 0xFFD6, 0xFFB6, 0xFF95, 0xFF74, 0xF733, 0xF732,
    0xF753, 0xFF74, 0xFF94, 0xFFB4, 0xFFB4, 0xFF94, 0xFF93, 0xFF52, 0xF731, 0xEECF, 0xE68E, 0xE64E,
    0xDE2D, 0xDE0C, 0xCDAC, 0xC54A, 0xB509, 0xACA8, 0xA487, 0xA467, 0x9C26, 0x9C27, 0xA447, 0xAC88,
    0xB4E9, 0xBD2A, 0xC58B, 0xCDCC, 0xD5EC, 0xDE2D, 0xE66E, 0xEEAF, 0xF6F0, 0xFF31, 0xFF72, 0xFF93,
    0xFFB4, 0xFFB4, 0xFF94, 0xFF74, 0xFF73, 0xFF53, 0xF733, 0xF712, 0xF733, 0xF733, 0xF733, 0xF733,
    0xFF53, 0xF753, 0xF733, 0xF733, 0xF733, 0xF754, 0xF754, 0xF754, 0xF734, 0xFF54, 0xFF75, 0xFF95,
    0xFF96, 0xFFB6, 0xFFB6, 0xFFB7, 0xFFD7, 0xFFD8, 0xFFD8, 0xFFD8, 0xFFD8, 0xFFD8, 0xFFD8, 0xFFD8,
    0xFFD8, 0xFFD8, 0xFFD8, 0xFFD8, 0xFFD8, 0xFFD8, 0xFFD8, 0xFFD8, 0xFFD8, 0xFFD8, 0xFFD8, 0xFFD8,
    0xFFD8, 0xFFD8, 0xFFD8, 0xFFD8, 0xFFD7, 0xFFD7, 0xFFD8, 0xFFD8, 0xFFD8, 0xFFD8, 0xFFD8, 0xFFD8,
    0xFFB7, 0xFFB6, 0xFF96, 0xFF75, 0xFF54, 0xF754, 0xF754, 0xFF54, 0xFF54, 0xFF54, 0xFF54, 0xFF54,
    0xFF54, 0xFF54, 0xFF74, 0xFF75, 0xFF95, 0xFFB6, 0xFFB6, 0xFFD7, 0xFFD7, 0xFFD7, 0xFFD7, 0xFFD7,
    0xFFD7, 0xFFD7, 0xFFD6, 0xFFB6, 0xFF95, 0xFF74, 0xF733, 0xF733, 0xFF53, 0xFF74, 0xFF94, 0xFFB5,
    0xFFB4, 0xFFB4, 0xFF93, 0xFF72, 0xF731, 0xEEF0, 0xE68F, 0xDE4E, 0xDE2D, 0xD5EC, 0xCDAB, 0xC54A,
    0xB4E9, 0xACA8, 0xA467, 0xA467, 0x9C26, 0x9C27, 0xA447, 0xA487, 0xB4E9, 0xBD2A, 0xC58B, 0xCDCB,
    0xD60C, 0xDE2D, 0xE66E, 0xEEAF, 0xF6F0, 0xF731, 0xFF73, 0xFFB4, 0xFFB4, 0xFFB5, 0xFF94, 0xFF74,
    0xFF53, 0xF733, 0xF712, 0xF712, 0xF733, 0xF733, 0xF733, 0xF733, 0xF733, 0xF733, 0xF733, 0xF733,
    0xF733, 0xF734, 0xF734, 0xF734, 0xF733, 0xF734, 0xFF54, 0xFF75, 0xFF95, 0xFF96, 0xFFB6, 0xFFB7,
    0xFFD7, 0xFFD8, 0xFFD8, 0xFFD8, 0xFFD8, 0xFFD8, 0xFFD8, 0xFFD8, 0xFFD8, 0xFFD8, 0xFFD8, 0xFFD9,
    0xFFD9, 0xFFD9, 0xFFD9, 0xFFD8, 0xFFD8, 0xFFD8, 0xFFD8, 0xFFD8, 0xFFD8, 0xFFD8, 0xFFD8, 0xFFD8,
    0xFFD8, 0xFFD8, 0xFFD8, 0xFFD8, 0xFFD8, 0xFFD8, 0xFFD8, 0xFFD8, 0xFFB7, 0xFFB6, 0xFF96, 0xFF75,
    0xF754, 0xF734, 0xF734, 0xF734, 0xFF54, 0xFF54, 0xFF54, 0xFF54, 0xFF54, 0xFF54, 0xF754, 0xFF74,
    0xFF95, 0xFFB5, 0xFFB6, 0xFFD7, 0xFFD7, 0xFFD7, 0xFFD7, 0xFFD7, 0xFFD7, 0xFFD7, 0xFFD7, 0xFFD6,
    0xFF95, 0xFF74, 0xF753, 0xF733, 0xF753, 0xFF74, 0xFF94, 0xFFB4, 0xFFB4, 0xFFB4, 0xFF93, 0xFF72,
    0xF731, 0xEEF0, 0xEE8F, 0xE64E, 0xDE2D, 0xD5EC, 0xCDAC, 0xC54A, 0xB4E9, 0xACA8, 0xA467, 0x9C47,
    0x9C26, 0x9C26, 0x9C47, 0xA487, 0xB4E9, 0xBD2A, 0xC58B, 0xCDCB, 0xD60C, 0xDE4D, 0xE66E, 0xEEAF,
    0xF710, 0xFF51, 0xFF93, 0xFFB4, 0xFFB5, 0xFFB5, 0xFF94, 0xFF74, 0xFF53, 0xF733, 0xF712, 0xF712,
    0xF732, 0xF733, 0xF733, 0xF733, 0xF733, 0xF733, 0xF733, 0xF733, 0xF733, 0xF733, 0xF733, 0xF733,
    0xF733, 0xF733, 0xF754, 0xFF75, 0xFF95, 0xFF96, 0xFFB6, 0xFFB7, 0xFFD7, 0xFFD8, 0xFFD8, 0xFFF8,
    0xFFF9, 0xFFF9, 0xFFF9, 0xFFF9, 0xFFF9, 0xFFF9, 0xFFF9, 0xFFF9, 0xFFF9, 0xFFF9, 0xFFF9, 0xFFD9,
    0xFFD9, 0xFFD8, 0xFFD8, 0xFFD8, 0xFFD8, 0xFFD8, 0xFFD9, 0xFFD9, 0xFFD9, 0xFFF9, 0xFFF9, 0xFFF9,
    0xFFD9, 0xFFD9, 0xFFD8, 0xFFD8, 0xFFB7, 0xFFB7, 0xFF96, 0xFF75, 0xF734, 0xF733, 0xF734, 0xF734,
    0xF734, 0xF754, 0xF754, 0xF754, 0xF754, 0xF754, 0xF754, 0xF775, 0xFF95, 0xFFB6, 0xFFD6, 0xFFD7,
    0xFFD7, 0xFFD7, 0xFFD7, 0xFFD7, 0xFFD7, 0xFFD7, 0xFFF7, 0xFFD7, 0xFFB5, 0xFF74, 0xF733, 0xF733,
    0xF753, 0xFF74, 0xFFB4, 0xFFB5, 0xFFB5, 0xFFB4, 0xFFB4, 0xFF93, 0xF751, 0xF710, 0xEEAF, 0xE66E,
    0xDE4D, 0xDE0C, 0xCDAC, 0xC54A, 0xB4E9, 0xACA8, 0x9C47, 0x9C26, 0x9406, 0x9C26, 0x9C47, 0xA488,
    0xB4E9, 0xBD4A, 0xC58B, 0xCDCB, 0xDE0C, 0xE64D, 0xEE8E, 0xF6CF, 0xF731, 0xFF72, 0xFFB4, 0xFFD5,
    0xFFD5, 0xFFD5, 0xFFB5, 0xFF94, 0xFF74, 0xF753, 0xF712, 0xEEF2, 0xF712, 0xF732, 0xF712, 0xF712,
    0xF733, 0xF733, 0xF713, 0xF713, 0xF713, 0xF713, 0xF733, 0xF713, 0xF713, 0xF733, 0xF754, 0xF775,
    0xFF96, 0xFFB7, 0xFFD7, 0xFFD7, 0xFFD8, 0xFFF9, 0xFFF9, 0xFFF9, 0xFFF9, 0xFFF9, 0xFFF9, 0xFFFA,
    0xFFFA, 0xFFFA, 0xFFFA, 0xFFFA, 0xFFFA, 0xFFFA, 0xFFF9, 0xFFF9, 0xFFD9, 0xFFD9, 0xFFD9, 0xFFD9,
    0xFFD9, 0xFFD9, 0xFFF9, 0xFFF9, 0xFFF9, 0xFFF9, 0xFFF9, 0xFFFA, 0xFFF9, 0xFFF9, 0xFFF9, 0xFFD9,
    0xFFD8, 0xFFB7, 0xFF96, 0xF775, 0xF734, 0xF713, 0xF713, 0xF713, 0xF733, 0xF734, 0xF734, 0xF734,
    0xF754, 0xF754, 0xF754, 0xF775, 0xFF96, 0xFFB6, 0xFFD7, 0xFFD7, 0xFFF7, 0xFFF8, 0xFFF8, 0xFFF8,
    0xFFF8, 0xFFF8, 0xFFF8, 0xFFD7, 0xFFB6, 0xFF74, 0xF733, 0xF712, 0xF753, 0xFF94, 0xFFB5, 0xFFD5,
    0xFFD6, 0xFFD5, 0xFFD4, 0xFFB3, 0xFF72, 0xF731, 0xEEAF, 0xE66E, 0xE64D, 0xDE0C, 0xCDAB, 0xC54A,
    0xB509, 0xACA8, 0x9C47, 0x9406, 0x9406, 0x9426, 0x9C47, 0xACA8, 0xB4E9, 0xBD2A, 0xC56A, 0xCDAB,
    0xD60C, 0xDE4D, 0xE68E, 0xEECF, 0xF710, 0xFF51, 0xFF93, 0xFFB4, 0xFFB4, 0xFFB5, 0xFF94, 0xF774,
    0xF753, 0xF733, 0xEEF2, 0xEEF2, 0xEEF2, 0xEF12, 0xEEF2, 0xF6F2, 0xF712, 0xF712, 0xEEF2, 0xEEF2,
    0xEEF2, 0xEEF2, 0xEF12, 0xEF12, 0xEEF2, 0xEF13, 0xF733, 0xF754, 0xFF75, 0xFF96, 0xFFB6, 0xFFB7,
    0xFFD7, 0xFFD8, 0xFFD8, 0xFFD8, 0xFFD8, 0xFFD8, 0xFFD9, 0xFFD9, 0xFFD9, 0xFFD9, 0xFFD9, 0xFFD9,
    0xFFD9, 0xFFD9, 0xFFD9, 0xFFD8, 0xFFD8, 0xFFD8, 0xFFD8, 0xFFD8, 0xFFD8, 0xFFD8, 0xFFD8, 0xFFD8,
    0xFFD8, 0xFFD8, 0xFFD9, 0xFFD9, 0xFFD8, 0xFFD8, 0xFFD8, 0xFFD8, 0xFFB7, 0xFF96, 0xF775, 0xF754,
    0xF713, 0xEF13, 0xEF13, 0xEF13, 0xEF13, 0xEF13, 0xF713, 0xF713, 0xF733, 0xF733, 0xF754, 0xF774,
    0xFF95, 0xFFB6, 0xFFB6, 0xFFD7, 0xFFD7, 0xFFD7, 0xFFD7, 0xFFD7, 0xFFD7, 0xFFD7, 0xFFD7, 0xFFD7,
    0xFF95, 0xF773, 0xEF12, 0xEEF2, 0xF733, 0xF773, 0xFF94, 0xFFB5, 0xFFB5, 0xFFB4, 0xFFB4, 0xFF93,
    0xF751, 0xF710, 0xEE8F, 0xE64E, 0xE64D, 0xDE0C, 0xCDAB, 0xC54A, 0xB509, 0xACA8, 0x9C47, 0x9406,
    0x9406, 0x9426, 0x9C47, 0xACA8, 0xB4E9, 0xBD2A, 0xC56A, 0xCDAB, 0xD5EC, 0xDE0C, 0xDE2D, 0xE66E,
    0xEEAF, 0xF6EF, 0xF710, 0xF731, 0xFF72, 0xFF72, 0xF752, 0xF732, 0xF711, 0xEEF1, 0xEED0, 0xEEB0,
    0xEED0, 0xEED1, 0xEED0, 0xEED1, 0xEED1, 0xEED1, 0xEED1, 0xEED1, 0xEED1, 0xEED1, 0xEED1, 0xEED1,
    0xEED1, 0xEED1, 0xEEF2, 0xF733, 0xF754, 0xFF74, 0xFF74, 0xFF95, 0xFF95, 0xFF95, 0xFF95, 0xFF96,
    0xFFB6, 0xFFB6, 0xFF96, 0xFF96, 0xFFB6, 0xFFB6, 0xFFB6, 0xFFB6, 0xFFB6, 0xFFB6, 0xFFB6, 0xFFB6,
    0xFF96, 0xFF96, 0xFF96, 0xFF96, 0xFFB6, 0xFFB6, 0xFFB6, 0xFFB6, 0xFFB6, 0xFFB6, 0xFFB6, 0xFFB6,
    0xFF96, 0xFF96, 0xFFB6, 0xFF96, 0xFF75, 0xFF54, 0xF733, 0xF713, 0xEEF2, 0xEEF2, 0xEEF2, 0xEEF2,
    0xEEF2, 0xEEF2, 0xEEF2, 0xEEF2, 0xEEF2, 0xEEF2, 0xF712, 0xF733, 0xF753, 0xFF74, 0xFF74, 0xFF95,
    0xFF95, 0xFF95, 0xFF95, 0xFF95, 0xFF95, 0xFF95, 0xFFB5, 0xFF94, 0xFF73, 0xF732, 0xEEF1, 0xEED1,
    0xF711, 0xF732, 0xFF52, 0xFF53, 0xFF73, 0xFF52, 0xF752, 0xF731, 0xEEF0, 0xEEAF, 0xE66E, 0xDE2D,
    0xDE2D, 0xD5EC, 0xCDAB, 0xC54A, 0xB4E9, 0xAC88, 0x9C47, 0x9406, 0x9406, 0x9C26, 0x9C47, 0xA488,
    0xB4C9, 0xBD29, 0xC56A, 0xCD8B, 0xD5CC, 0xD5EC, 0xDE0C, 0xDE2D, 0xE64D, 0xE68E, 0xEEAF, 0xEECF,
    0xF710, 0xF710, 0xF6F0, 0xEEF0, 0xEED0, 0xEEB0, 0xEEB0, 0xE68F, 0xEEB0, 0xEEB0, 0xEEB0, 0xEEB0,
    0xEEB0, 0xEEB0, 0xEEB0, 0xEEB0, 0xEEB0, 0xEEB0, 0xEEB0, 0xEEB0, 0xEEB0, 0xEEB0, 0xEED1, 0xF6F2,
    0xF712, 0xF732, 0xF733, 0xF753, 0xFF53, 0xFF53, 0xFF53, 0xFF54, 0xFF74, 0xFF74, 0xFF74, 0xFF74,
    0xFF74, 0xFF74, 0xFF74, 0xFF74, 0xFF74, 0xFF74, 0xFF74, 0xFF74, 0xFF74, 0xFF74, 0xFF74, 0xFF74,
    0xFF74, 0xFF74, 0xFF74, 0xFF74, 0xFF74, 0xFF74, 0xFF74, 0xFF74, 0xFF54, 0xFF74, 0xFF74, 0xFF74,
    0xF753, 0xF733, 0xF712, 0xEEF2, 0xEED1, 0xEED1, 0xEED1, 0xEED1, 0xEED1, 0xEED1, 0xEEB1, 0xEEB1,
    0xEED1, 0xEED1, 0xEEF1, 0xF6F2, 0xF712, 0xF732, 0xF733, 0xF753, 0xF753, 0xFF53, 0xFF53, 0xF753,
    0xF753, 0xF753, 0xFF53, 0xF752, 0xF732, 0xF711, 0xEED0, 0xEEB0, 0xEED0, 0xF6F1, 0xF711, 0xF711,
    0xF711, 0xF710, 0xF6F0, 0xEECF, 0xE68E, 0xE64E, 0xDE2D, 0xDE0D, 0xDE0C, 0xD5CC, 0xCD8B, 0xBD4A,
    0xB4E9, 0xA488, 0x9C47, 0x9C26, 0x9406, 0x9C26, 0x9C47, 0xA488, 0xACC8, 0xB509, 0xC54A, 0xCD8B,
    0xCDAB, 0xD5CC, 0xD5EC, 0xD5EC, 0xDE0C, 0xDE2D, 0xE66E, 0xE68E, 0xEEAF, 0xEEAF, 0xEEAF, 0xEEAF,
    0xEE8F, 0xE68F, 0xE68F, 0xE68F, 0xE68F, 0xE68F, 0xE68F, 0xE68F, 0xE68F, 0xE68F, 0xE68F, 0xE68F,
    0xE68F, 0xE68F, 0xE68F, 0xE690, 0xE690, 0xE690, 0xEEB0, 0xEED0, 0xEED1, 0xEEF1, 0xF6F1, 0xF6F1,
    0xF712, 0xF712, 0xF712, 0xF712, 0xF732, 0xF732, 0xF732, 0xF732, 0xF732, 0xF732, 0xF733, 0xF733,
    0xF732, 0xF732, 0xF732, 0xF712, 0xF712, 0xF712, 0xF712, 0xF712, 0xF712, 0xF712, 0xF712, 0xF712,
    0xF712, 0xF712, 0xF712, 0xF712, 0xF712, 0xF712, 0xF732, 0xF712, 0xF712, 0xEEF2, 0xEED1, 0xEED1,
    0xEED1, 0xEEB1, 0xEEB1, 0xEEB1, 0xEEB0, 0xEEB0, 0xEEB0, 0xEEB0, 0xEEB0, 0xEEB1, 0xEEB0, 0xEED1,
    0xEED1, 0xF6F1, 0xF6F1, 0xF6F1, 0xF6F1, 0xF6F1, 0xF6F1, 0xF6F1, 0xF6F1, 0xF6F1, 0xF711, 0xF6F1,
    0xF6F0, 0xEED0, 0xEEAF, 0xEE8F, 0xEEAF, 0xEED0, 0xEED0, 0xEED0, 0xEEAF, 0xEEAF, 0xEEAE, 0xE68E,
    0xE64D, 0xDE2D, 0xDE0D, 0xD5EC, 0xD5EC, 0xCDCB, 0xCD8B, 0xBD4A, 0xB4E9, 0xA488, 0x9C47, 0x9C26,
    0x9406, 0x9426, 0x9C47, 0xA467, 0xACA8, 0xB4E9, 0xBD4A, 0xC58B, 0xCDAB, 0xCDAB, 0xCDCC, 0xD5CC,
    0xD5EC, 0xDE0C, 0xDE2D, 0xE64D, 0xE66E, 0xE66E, 0xE66E, 0xE66E, 0xE66E, 0xE66F, 0xE66F, 0xE66F,
    0xE66F, 0xE66F, 0xE66F, 0xE68F, 0xE68F, 0xE68F, 0xE66F, 0xE66F, 0xE66E, 0xE66F, 0xE66F, 0xE66F,
    0xE68F, 0xE68F, 0xEE8F, 0xEEB0, 0xEEB0, 0xEED0, 0xEED0, 0xEED1, 0xEED1, 0xEEF1, 0xEEF1, 0xEEF1,
    0xF6F1, 0xF6F1, 0xF6F1, 0xF6F1, 0xF6F1, 0xF6F1, 0xF6F1, 0xF6F1, 0xF6F1, 0xF6F1, 0xF6F1, 0xF6F1,
    0xEEF1, 0xF6F1, 0xF6F1, 0xF6F1, 0xF6F1, 0xF6F1, 0xF6F1, 0xEEF1, 0xEEF1, 0xEED1, 0xEED1, 0xEED1,
    0xEED1, 0xEEF1, 0xEEF1, 0xEEF1, 0xEEF1, 0xEED1, 0xEED1, 0xEEB0, 0xEEB0, 0xEEB0, 0xEEB0, 0xEEB0,
    0xEEB0, 0xEEB0, 0xE690, 0xE690, 0xE6B0, 0xEEB0, 0xE6B0, 0xEEB0, 0xEEB0, 0xEED0, 0xEED0, 0xEED0,
    0xEED0, 0xEED0, 0xEED0, 0xEED0, 0xEEB0, 0xEED0, 0xEED0, 0xEECF, 0xEEAF, 0xEE8F, 0xE68F, 0xE68F,
    0xEE8F, 0xEE8F, 0xE68F, 0xE68E, 0xE66E, 0xE66E, 0xE66D, 0xE64D, 0xDE2D, 0xD60C, 0xD5EC, 0xD5CC,
    0xCDAB, 0xCDAB, 0xC56B, 0xBD2A, 0xB4C9, 0xA488, 0x9C47, 0x9C26, 0x93E6, 0x9406, 0x9C27, 0xA467,
    0xACA8, 0xB4E9, 0xBD2A, 0xC56A, 0xC58B, 0xCD8B, 0xCDAB, 0xD5CC, 0xD5EC, 0xDE0C, 0xDE2D, 0xDE4D,
    0xE66E, 0xE66E, 0xE64E, 0xE64E, 0xE64E, 0xE66E, 0xE66E, 0xE66F, 0xE68F, 0xE68F, 0xE66E, 0xE66E,
    0xE68F, 0xE68F, 0xE66F, 0xE66F, 0xE66E, 0xE66E, 0xE66F, 0xE66F, 0xE66F, 0xE68F, 0xE68F, 0xEE8F,
    0xEEB0, 0xEEB0, 0xEEB0, 0xEED0, 0xEED0, 0xEED0, 0xEED0, 0xEED0, 0xEED0, 0xEED0, 0xEED0, 0xEED1,
    0xEED1, 0xEED1, 0xEEF1, 0xEEF1, 0xEEF1, 0xEEF1, 0xEEF1, 0xEEF1, 0xEEF1, 0xEEF1, 0xF6F1, 0xF6F1,
    0xF6F1, 0xEEF1, 0xEEF1, 0xEED1, 0xEED0, 0xEED0, 0xEEB0, 0xEEB0, 0xEED0, 0xEED0, 0xEED1, 0xEED1,
    0xEED1, 0xEED1, 0xEEB0, 0xEEB0, 0xEEB0, 0xEEB0, 0xEEB0, 0xEEB0, 0xEEB0, 0xEEB0, 0xE690, 0xE690,
    0xE6B0, 0xEEB0, 0xE6B0, 0xEEB0, 0xEEB0, 0xEEB0, 0xEEB0, 0xEEB0, 0xEEB0, 0xEEB0, 0xEEAF, 0xEEAF,
    0xEEAF, 0xEEAF, 0xEEAF, 0xEEAF, 0xEE8F, 0xE68E, 0xE66E, 0xE66E, 0xE66E, 0xE66E, 0xE64E, 0xE64E,
    0xE64E, 0xE64D, 0xDE2D, 0xDE0C, 0xD5EC, 0xD5EC, 0xD5CC, 0xCDAB, 0xCD8B, 0xC56B, 0xC54A, 0xBD0A,
    0xACA8, 0xA467, 0x9C27, 0x9426, 0x8BC6, 0x93E6, 0x9C26, 0x9C47, 0xA488, 0xACC8, 0xBD29, 0xC54A,
    0xC56A, 0xC58B, 0xCDAB, 0xCDCB, 0xD5EC, 0xD5EC, 0xDE0C, 0xDE2D, 0xE64D, 0xE66E, 0xDE4D, 0xDE4D,
    0xDE4E, 0xE64E, 0xE64E, 0xE66E, 0xE68F, 0xE68F, 0xE66E, 0xE66E, 0xE66F, 0xE68F, 0xE66F, 0xE66E,
    0xE66E, 0xE64E, 0xE66E, 0xE66F, 0xE66F, 0xE66F, 0xE68F, 0xE68F, 0xEEAF, 0xEEB0, 0xEEB0, 0xEED0,
    0xEED0, 0xEED0, 0xEED0, 0xEEB0, 0xEEB0, 0xEEB0, 0xEED0, 0xEED0, 0xEED0, 0xEED0, 0xEED1, 0xEED1,
    0xEEF1, 0xEEF1, 0xEEF1, 0xEEF1, 0xEED1, 0xEEF1, 0xF6F1, 0xF6F1, 0xF6F1, 0xEEF1, 0xEED1, 0xEED0,
    0xEED0, 0xEED0, 0xEEB0, 0xEEB0, 0xEEB0, 0xEED0, 0xEED0, 0xEED0, 0xEED0, 0xEED0, 0xEEB0, 0xEEB0,
    0xE6B0, 0xE690, 0xE6B0, 0xEEB0, 0xEEB0, 0xEEB0, 0xE690, 0xE68F, 0xE6B0, 0xEEB0, 0xE6B0, 0xE6B0,
    0xEEB0, 0xEEB0, 0xEEB0, 0xEEB0, 0xEEB0, 0xEEAF, 0xEEAF, 0xEEAF, 0xEEAF, 0xEEAF, 0xEEAF, 0xEE8F,
    0xE68E, 0xE66E, 0xE66E, 0xE66E, 0xE66E, 0xE66E, 0xDE4E, 0xDE2D, 0xDE2D, 0xDE2D, 0xDE0C, 0xD5EC,
    0xD5EC, 0xD5CC, 0xCDAB, 0xCDAB, 0xC58B, 0xC56A, 0xBD4A, 0xB509, 0xAC88, 0x9C47, 0x9C26, 0x9406,
    0x8BC6, 0x8BC6, 0x9406, 0x9C47, 0xA488, 0xACC8, 0xBD09, 0xBD29, 0xC54A, 0xC56A, 0xCD8B, 0xCDCC,
    0xD5CC, 0xD5EC, 0xD60C, 0xDE2D, 0xDE4D, 0xE64D, 0xDE4D, 0xDE4D, 0xDE4D, 0xDE4D, 0xDE4D, 0xDE4E,
    0xE66E, 0xE66F, 0xE66E, 0xE66E, 0xE66F, 0xE66F, 0xE66E, 0xE66E, 0xE64E, 0xE64E, 0xE66F, 0xE66F,
    0xE66F, 0xE66F, 0xE68F, 0xE68F, 0xEEB0, 0xEEB0, 0xEED0, 0xEED0, 0xEED0, 0xEED0, 0xEED0, 0xEEB0,
    0xEEB0, 0xEED0, 0xEED0, 0xEED1, 0xEED1, 0xEEF1, 0xEED1, 0xEEF1, 0xEEF1, 0xEEF1, 0xEEF1, 0xEEF1,
    0xEED1, 0xEEF1, 0xF6F1, 0xF6F1, 0xF6F1, 0xF6F1, 0xF6F1, 0xEED1, 0xEED1, 0xEED0, 0xEED0, 0xEEB0,
    0xEED0, 0xEED0, 0xEED0, 0xEED0, 0xEED0, 0xEEB0, 0xEEB0, 0xEEB0, 0xE68F, 0xE68F, 0xE690, 0xE690,
    0xE690, 0xE690, 0xE68F, 0xE690, 0xE6B0, 0xEEB0, 0xE690, 0xEEB0, 0xEEB0, 0xEEB0, 0xEEB0, 0xEEB0,
    0xEEB0, 0xEEAF, 0xEEAF, 0xEEAF, 0xEE8F, 0xEE8F, 0xEE8F, 0xE68F, 0xE68E, 0xE66E, 0xE66E, 0xE64E,
    0xE66E, 0xE64E, 0xDE2D, 0xDE2D, 0xDE0D, 0xD60C, 0xD60C, 0xD5EC, 0xD5CC, 0xCDAB, 0xCDAB, 0xCD8B,
    0xC56A, 0xC54A, 0xBD2A, 0xB4E9, 0xAC88, 0x9C47, 0x9406, 0x93E6, 0x8BA5, 0x8BC6, 0x9406, 0x9C27,
    0xA487, 0xACC8, 0xBD09, 0xBD29, 0xBD29, 0xC56A, 0xCD8B, 0xCDAB, 0xD5CC, 0xD5EC, 0xD5EC, 0xDE0D,
    0xDE2D, 0xDE4D, 0xDE4D, 0xDE4D, 0xDE4D, 0xDE2D, 0xDE2D, 0xDE4D, 0xE64E, 0xE66E, 0xE66E, 0xE66E,
    0xE66F, 0xE66E, 0xE64E, 0xE64E, 0xDE4E, 0xE64E, 0xE66F, 0xE66F, 0xE66F, 0xE66F, 0xE68F, 0xE68F,
    0xEEB0, 0xEEB0, 0xEED0, 0xEED0, 0xEED0, 0xEED0, 0xEED0, 0xEEB0, 0xEEB0, 0xEED0, 0xEED0, 0xEED1,
    0xEEF1, 0xEEF1, 0xEED1, 0xEED1, 0xEEF1, 0xEEF1, 0xEED1, 0xEED1, 0xEED1, 0xEED1, 0xEED1, 0xEEF1,
    0xF6F1, 0xF6F1, 0xEEF1, 0xEED1, 0xEED1, 0xEED0, 0xEED0, 0xEED0, 0xEED0, 0xEED0, 0xEED0, 0xEED0,
    0xEEB0, 0xEEB0, 0xE6B0, 0xE68F, 0xE68F, 0xE66F, 0xE68F, 0xE68F, 0xE68F, 0xE68F, 0xE68F, 0xE690,
    0xE690, 0xE690, 0xE690, 0xE690, 0xEE90, 0xEEB0, 0xEEB0, 0xEEB0, 0xEEAF, 0xEEAF, 0xEEAF, 0xEEAF,
    0xEE8F, 0xEE8F, 0xE68F, 0xE68E, 0xE66E, 0xE66E, 0xE64E, 0xDE4E, 0xE64E, 0xDE4E, 0xDE2D, 0xDE0D,
    0xD60C, 0xD5EC, 0xD5EC, 0xD5EC, 0xD5CC, 0xCDAB, 0xCD8B, 0xCD8B, 0xC56A, 0xC54A, 0xBD2A, 0xB4E9,
    0xAC88, 0x9C47, 0x9406, 0x93E6, 0x8BC5, 0x8BC6, 0x9406, 0x9C27, 0xA467, 0xACA8, 0xBD09, 0xC54A,
    0xC54A, 0xC56A, 0xCD8B, 0xCDAB, 0xD5CC, 0xD5EC, 0xD5EC, 0xDE0C, 0xDE2D, 0xDE2D, 0xDE2D, 0xDE2D,
    0xDE2D, 0xDE2D, 0xDE2D, 0xDE4D, 0xDE4E, 0xDE4E, 0xDE4E, 0xDE4E, 0xE66E, 0xE66E, 0xDE4E, 0xDE4E,
    0xDE4E, 0xDE4E, 0xE64E, 0xE66F, 0xE66F, 0xE66F, 0xE66F, 0xE68F, 0xE690, 0xEEB0, 0xEEB0, 0xEEB0,
    0xEEB0, 0xEED0, 0xEED0, 0xEEB0, 0xEEB0, 0xEEB0, 0xEED0, 0xEED0, 0xEED0, 0xEED0, 0xEED0, 0xEED1,
    0xEED1, 0xEED1, 0xEED1, 0xEEB0, 0xEEB0, 0xEEB0, 0xEED1, 0xEED1, 0xEED1, 0xEED0, 0xEED0, 0xEED0,
    0xEED0, 0xEEB0, 0xEED0, 0xEED0, 0xEED0, 0xEED0, 0xEED0, 0xEEB0, 0xEEB0, 0xE6B0, 0xE68F, 0xE66F,
    0xE66F, 0xE66F, 0xE66F, 0xE68F, 0xE68F, 0xE68F, 0xE68F, 0xE68F, 0xE68F, 0xE68F, 0xE68F, 0xE68F,
    0xE68F, 0xE68F, 0xEE8F, 0xEE8F, 0xE68F, 0xE68F, 0xEE8F, 0xEE8F, 0xEE8F, 0xE68F, 0xE68E, 0xE66E,
    0xE66E, 0xE64E, 0xDE4E, 0xDE2E, 0xDE2D, 0xDE2D, 0xDE2D, 0xDE0D, 0xDE0C, 0xD60C, 0xD60C, 0xD5EC,
    0xD5CC, 0xCDAB, 0xCD8B, 0xC58B, 0xC56A, 0xC54A, 0xBD29, 0xB4E9, 0xAC88, 0x9C47, 0x9406, 0x93E6,
    0x8BC5, 0x8BC6, 0x9406, 0x9C27, 0xA467, 0xACA8, 0xBD09, 0xC54A, 0xC54A, 0xC56A, 0xCD8B, 0xCDAB,
    0xD5CC, 0xD5EC, 0xD5EC, 0xDE0C, 0xDE0C, 0xDE2D, 0xDE2D, 0xDE2D, 0xDE2D, 0xDE2D, 0xDE2D, 0xDE2D,
    0xDE4E, 0xDE4E, 0xDE2E, 0xDE4E, 0xE64E, 0xE64E, 0xDE4E, 0xDE4E, 0xDE4E, 0xDE4E, 0xDE4E, 0xDE4E,
    0xDE4E, 0xE66F, 0xE66F, 0xE68F, 0xE690, 0xEEB0, 0xEEB0, 0xEEB0, 0xEEB0, 0xEEB0, 0xEED0, 0xEED0,
    0xEEB0, 0xEEB0, 0xEEB0, 0xEEB0, 0xEED0, 0xEED0, 0xEED0, 0xEED0, 0xEED0, 0xEED1, 0xEED0, 0xEEB0,
    0xEEB0, 0xEEB0, 0xEEB0, 0xEED0, 0xEED0, 0xEED0, 0xEED0, 0xEED0, 0xEEB0, 0xEEB0, 0xEED0, 0xEED0,
    0xEED0, 0xEED0, 0xEED0, 0xEEB0, 0xEEB0, 0xE6B0, 0xE68F, 0xE66F, 0xE66F, 0xE66F, 0xE66F, 0xE68F,
    0xE68F, 0xE68F, 0xE68F, 0xE68F, 0xE68F, 0xE66F, 0xE66F, 0xE68F, 0xE68F, 0xE68F, 0xEE8F, 0xE68F,
    0xE68F, 0xE68F, 0xE68F, 0xEE8F, 0xE68F, 0xE68E, 0xE66E, 0xE66E, 0xE66E, 0xE64E, 0xDE4E, 0xDE2E,
    0xDE2D, 0xDE2D, 0xDE2D, 0xDE2D, 0xDE0D, 0xDE0C, 0xDE0C, 0xD5EC, 0xD5CC, 0xCDAB, 0xCD8B, 0xCD8B,
    0xC56A, 0xC54A, 0xBD09, 0xB4C9, 0xAC88, 0x9C47, 0x93E6, 0x8BC6, 0x8BA5, 0x8BC6, 0x9406, 0x9C27,
    0xA467, 0xACA8, 0xBD09, 0xC54A, 0xC54A, 0xC54A, 0xCD8B, 0xCDAB, 0xCDAB, 0xD5CC, 0xD5EC, 0xD5EC,
    0xDE0C, 0xDE0D, 0xDE2D, 0xDE4D, 0xDE2D, 0xDE2D, 0xDE2D, 0xDE2E, 0xDE2E, 0xDE2E, 0xDE2E, 0xDE2E,
    0xDE4E, 0xDE4E, 0xDE4E, 0xDE4E, 0xDE4E, 0xDE4E, 0xDE4E, 0xDE4E, 0xDE4E, 0xE64E, 0xE66F, 0xE68F,
    0xE690, 0xEEB0, 0xEEB0, 0xEEB0, 0xEEB0, 0xEEB0, 0xEED0, 0xEED0, 0xEEB0, 0xEEB0, 0xEEB0, 0xEEB0,
    0xEEB0, 0xEEB0, 0xEEB0, 0xEED0, 0xEED0, 0xEED1, 0xEED1, 0xEED1, 0xEEB0, 0xEEB0, 0xEEB0, 0xEED0,
    0xEED0, 0xEED0, 0xEED0, 0xEED0, 0xEED0, 0xEED0, 0xEED0, 0xEEB0, 0xEEB0, 0xEEB0, 0xEED0, 0xEED0,
    0xEED0, 0xEEB0, 0xE690, 0xE68F, 0xE66F, 0xE66F, 0xE66F, 0xE68F, 0xE68F, 0xE68F, 0xE68F, 0xE68F,
    0xE68F, 0xE66F, 0xE66F, 0xE66F, 0xE68F, 0xEE8F, 0xEEAF, 0xEEAF, 0xE68F, 0xE68F, 0xEE8F, 0xEE8F,
    0xEE8F, 0xE68E, 0xE66E, 0xE66E, 0xE66E, 0xE66E, 0xDE4E, 0xDE4E, 0xDE4E, 0xE64E, 0xDE4E, 0xDE2D,
    0xDE2D, 0xDE2D, 0xDE0C, 0xD5EC, 0xD5CC, 0xCDAB, 0xCDAB, 0xCD8B, 0xC58B, 0xC54A, 0xBD09, 0xB4C9,
    0xA467, 0x9C26, 0x8BC6, 0x8BA5, 0x8BA5, 0x8BC6, 0x93E6, 0x9C27, 0x9C47, 0xACA8, 0xB509, 0xBD4A,
    0xC54A, 0xC56A, 0xCD8B, 0xCDAB, 0xD5CB, 0xD5CC, 0xD5EC, 0xD60C, 0xDE0C, 0xDE2D, 0xDE4D, 0xDE4D,
    0xDE4D, 0xDE2E, 0xDE2E, 0xDE2E, 0xDE2E, 0xDE2E, 0xDE2D, 0xDE2E, 0xDE4E, 0xE64E, 0xE64E, 0xE64E,
    0xDE4E, 0xDE4E, 0xDE4E, 0xDE4E, 0xDE4E, 0xDE4E, 0xE66F, 0xE690, 0xE690, 0xEEB0, 0xEEB0, 0xEEB0,
    0xEED0, 0xEED0, 0xEED1, 0xEED1, 0xEED0, 0xEED0, 0xEEB0, 0xEED0, 0xEED0, 0xEED1, 0xEED1, 0xEED1,
    0xEED1, 0xEEF1, 0xF6F1, 0xEEF1, 0xEED1, 0xEED1, 0xEED1, 0xEED1, 0xEEF1, 0xEEF1, 0xF6F1, 0xEEF1,
    0xEED1, 0xEED1, 0xEED1, 0xEED1, 0xEED1, 0xEED1, 0xEED1, 0xEEF1, 0xEED1, 0xEED0, 0xE6B0, 0xE690,
    0xE66F, 0xE66F, 0xE68F, 0xE68F, 0xE690, 0xE690, 0xE68F, 0xE68F, 0xE68F, 0xE68F, 0xE68F, 0xE68F,
    0xEE90, 0xEEB0, 0xEEB0, 0xEEB0, 0xEEAF, 0xEEAF, 0xEE8F, 0xEE8F, 0xEEAF, 0xEE8F, 0xE68E, 0xE66E,
    0xE66E, 0xE66E, 0xDE4E, 0xDE4E, 0xE64E, 0xE64E, 0xE64E, 0xE64E, 0xE64E, 0xE64D, 0xDE2C, 0xDDEC,
    0xD5CC, 0xCDAB, 0xCD8B, 0xCD8B, 0xC56B, 0xC54A, 0xBD09, 0xACC8, 0xA467, 0x9406, 0x8BC5, 0x83A5,
    0x8BA5, 0x8BC5, 0x8BC6, 0x9406, 0x9C27, 0xA488, 0xB4E9, 0xBD2A, 0xC56A, 0xCD8B, 0xCDAB, 0xD5CC,
    0xD5CB, 0xD5EC, 0xDE0C, 0xDE2D, 0xDE4D, 0xE64D, 0xE66E, 0xE66E, 0xE64E, 0xDE4E, 0xDE2E, 0xDE2E,
    0xDE4E, 0xDE4E, 0xDE4E, 0xDE4E, 0xE64E, 0xE64E, 0xE66E, 0xE66E, 0xE64E, 0xDE4E, 0xE64E, 0xDE4E,
    0xDE4E, 0xE64E, 0xE68F, 0xE690, 0xE6B0, 0xEEB0, 0xEED0, 0xEED0, 0xF6F1, 0xF6F1, 0xF6F1, 0xF6F1,
    0xF6F1, 0xF6F1, 0xEED0, 0xF6F1, 0xF711, 0xF711, 0xF711, 0xF711, 0xF712, 0xF712, 0xF712, 0xF712,
    0xF711, 0xF6F1, 0xF6F1, 0xF6F1, 0xF712, 0xF712, 0xF712, 0xF711, 0xF6F1, 0xF6F1, 0xF712, 0xF712,
    0xF6F1, 0xF6F1, 0xF711, 0xF711, 0xF6F1, 0xEED1, 0xEEB0, 0xE690, 0xE66F, 0xE66F, 0xE68F, 0xE68F,
    0xE690, 0xE690, 0xE690, 0xE690, 0xEEB0, 0xEEB0, 0xEEB0, 0xEEB0, 0xEEB0, 0xEED0, 0xEED0, 0xF6D0,
    0xEED0, 0xEEAF, 0xEEAF, 0xEEAF, 0xEEAF, 0xEEAF, 0xEE8F, 0xEE8E, 0xE68E, 0xE66E, 0xDE4E, 0xDE4E,
    0xE64E, 0xE66E, 0xE66E, 0xE66E, 0xE66E, 0xE64D, 0xDE2C, 0xDE0C, 0xD5CC, 0xCDAB, 0xC58B, 0xC56A,
    0xC54A, 0xBD2A, 0xBD09, 0xACA8, 0xA447, 0x9406, 0x8BC5, 0x83A5, 0x8BA5, 0x8BA5, 0x8BC6, 0x93E6,
    0x9C47, 0xA488, 0xB4E9, 0xBD2A, 0xC56A, 0xCD8B, 0xCDAB, 0xD5CB, 0xD5CB, 0xD5CB, 0xDE0C, 0xDE2D,
    0xE64D, 0xE64D, 0xE64D, 0xDE4D, 0xDE4E, 0xDE2D, 0xDE2D, 0xDE2D, 0xDE2D, 0xDE2E, 0xDE2D, 0xDE2D,
    0xDE4E, 0xDE4E, 0xE64E, 0xE64E, 0xDE4E, 0xDE2E, 0xDE4E, 0xDE4E, 0xDE2E, 0xDE4E, 0xE66F, 0xE68F,
    0xE68F, 0xE6B0, 0xEEB0, 0xEED0, 0xEED1, 0xF6F1, 0xEEF1, 0xEEF1, 0xF6F1, 0xF6F1, 0xF6D0, 0xF6F1,
    0xF711, 0xF712, 0xF711, 0xF712, 0xF712, 0xF712, 0xF712, 0xF6F1, 0xF6F1, 0xF6F1, 0xF6F1, 0xF6F1,
    0xF712, 0xF712, 0xF712, 0xF711, 0xF6F1, 0xF6F1, 0xF712, 0xF712, 0xF711, 0xF6F1, 0xF711, 0xF6F1,
    0xEEF1, 0xEED0, 0xEEB0, 0xE68F, 0xE66F, 0xE66F, 0xE66F, 0xE66F, 0xE66F, 0xE66F, 0xE68F, 0xE68F,
    0xE690, 0xE690, 0xE68F, 0xE68F, 0xEEB0, 0xEEB0, 0xEED0, 0xEED0, 0xEEB0, 0xEEAF, 0xEEAF, 0xEEAF,
    0xEEAF, 0xEE8F, 0xEE8E, 0xE68E, 0xE66E, 0xE64E, 0xDE2D, 0xDE2D, 0xDE4D, 0xE64E, 0xE64E, 0xE66E,
    0xE66E, 0xE64D, 0xDE0C, 0xD5EC, 0xD5CB, 0xCDAB, 0xC56A, 0xC54A, 0xC54A, 0xBD2A, 0xB4E9, 0xACA8,
    0x9C47, 0x93E6, 0x8BC6, 0x83A5, 0x83A5, 0x8BA5, 0x8BC6, 0x9406, 0xA468, 0xACA9, 0xB4E9, 0xBD0A,
    0xBD2A, 0xC54A, 0xC58B, 0xCD8B, 0xCD8B, 0xCDAB, 0xD5EC, 0xDE0C, 0xDE2D, 0xDE2D, 0xDE0D, 0xDE0D,
    0xD60D, 0xD5EC, 0xD5EC, 0xD5EC, 0xD60D, 0xD60D, 0xD60D, 0xD60D, 0xDE0D, 0xDE2D, 0xDE2E, 0xDE2E,
    0xDE2D, 0xDE0D, 0xDE0D, 0xD60D, 0xD60D, 0xDE2D, 0xDE4E, 0xE66F, 0xE66F, 0xE68F, 0xE68F, 0xEEB0,
    0xEEB0, 0xEEB0, 0xEEB0, 0xEEB0, 0xEED0, 0xEED0, 0xEED0, 0xEED0, 0xEED0, 0xEEF1, 0xEEF1, 0xEEF1,
    0xEEF1, 0xEEF1, 0xEED1, 0xEED1, 0xEED1, 0xEED1, 0xEED1, 0xEED1, 0xEED1, 0xEED1, 0xEED1, 0xEED1,
    0xEED1, 0xEED1, 0xEED1, 0xEED1, 0xEED1, 0xEED1, 0xEED1, 0xEED0, 0xEEB0, 0xE690, 0xE66F, 0xE66F,
    0xDE4E, 0xDE4E, 0xDE4F, 0xDE4F, 0xDE4F, 0xDE4F, 0xDE4F, 0xDE4F, 0xDE4F, 0xDE4F, 0xDE4E, 0xE64F,
    0xE66F, 0xE68F, 0xE68F, 0xEE8F, 0xE68F, 0xE68F, 0xE66E, 0xE66E, 0xE66E, 0xE66E, 0xE66E, 0xE64E,
    0xE64E, 0xDE2D, 0xD60D, 0xD60D, 0xDE2D, 0xDE2D, 0xDE2D, 0xDE2D, 0xDE2D, 0xDE2D, 0xDE0C, 0xD5CB,
    0xCDAB, 0xCD8B, 0xC56A, 0xBD4A, 0xC54A, 0xBD2A, 0xB4E9, 0xACA8, 0x9C47, 0x93E6, 0x8BC6, 0x83A5,
    0x8385, 0x8BA5, 0x8BC6, 0x9406, 0xA468, 0xACA9, 0xB4E9, 0xB509, 0xBD0A, 0xBD2A, 0xC54A, 0xC56A,
    0xC56A, 0xCD8B, 0xD5CB, 0xD5EC, 0xD5EC, 0xD5EC, 0xD5EC, 0xD5EC, 0xD5CC, 0xD5CC, 0xD5CC, 0xD5CC,
    0xD5EC, 0xD5EC, 0xD5EC, 0xD5EC, 0xD60D, 0xD60D, 0xD60D, 0xD60D, 0xD60D, 0xD5ED, 0xD5ED, 0xD5ED,
    0xD5ED, 0xD60D, 0xDE2E, 0xDE4E, 0xDE4E, 0xE66F, 0xE66F, 0xE66F, 0xE68F, 0xE68F, 0xE68F, 0xE68F,
    0xE68F, 0xE68F, 0xE68F, 0xEE8F, 0xEEAF, 0xEEB0, 0xEEB0, 0xEEB0, 0xEEB0, 0xEEB0, 0xEEB0, 0xEEB0,
    0xE690, 0xE690, 0xE6B0, 0xEEB0, 0xEEB0, 0xEEB0, 0xEEB0, 0xEEB0, 0xE690, 0xE690, 0xEEB0, 0xEEB0,
    0xEEB0, 0xEE90, 0xE690, 0xE690, 0xE68F, 0xE66F, 0xDE4F, 0xDE4E, 0xDE2E, 0xDE2E, 0xDE2E, 0xDE2E,
    0xDE2E, 0xDE2E, 0xDE2E, 0xDE2E, 0xDE2E, 0xDE2E, 0xDE2E, 0xDE2E, 0xDE4E, 0xDE4E, 0xE66E, 0xE66E,
    0xE64E, 0xE64E, 0xE64E, 0xE64E, 0xDE2D, 0xDE2D, 0xDE2D, 0xDE2D, 0xDE2D, 0xDE0D, 0xD5EC, 0xD5EC,
    0xD5EC, 0xDE0D, 0xD60C, 0xD5EC, 0xDE0C, 0xD5EC, 0xD5CC, 0xCDAB, 0xCD8B, 0xC56A, 0xBD4A, 0xBD2A,
    0xBD2A, 0xBD09, 0xB4E9, 0xACA8, 0x9C47, 0x93E6, 0x8BA6, 0x8385, 0x8385, 0x83A5, 0x8BC6, 0x93E6,
    0x9C47, 0xA488, 0xACC9, 0xB4E9, 0xBD0A, 0xBD2A, 0xBD4A, 0xC54A, 0xC54A, 0xC56A, 0xCDAB, 0xCDCC,
    0xD5CC, 0xD5CC, 0xD5CC, 0xCDCC, 0xCDAC, 0xCDAC, 0xCDCC, 0xCDCC, 0xCDCC, 0xCDCC, 0xD5CC, 0xD5CC,
    0xD5ED, 0xD5ED, 0xD5ED, 0xD5ED, 0xD5ED, 0xD5ED, 0xD5ED, 0xD5ED, 0xD5CC, 0xD5ED, 0xD60D, 0xDE2E,
    0xDE2E, 0xDE4E, 0xDE4E, 0xDE4E, 0xE64E, 0xE64E, 0xDE4F, 0xDE4F, 0xE64F, 0xE64F, 0xDE4E, 0xDE4E,
    0xE66E, 0xE66F, 0xE66F, 0xE66F, 0xE66F, 0xE66F, 0xE66F, 0xE66F, 0xE66F, 0xE66F, 0xE66F, 0xE66F,
    0xE66F, 0xE66F, 0xE66F, 0xE66F, 0xE66F, 0xE66F, 0xE66F, 0xE66F, 0xE66F, 0xE66F, 0xE66F, 0xE64F,
    0xDE4F, 0xDE4E, 0xDE2E, 0xDE2E, 0xD60E, 0xD60E, 0xD60E, 0xD60E, 0xD60E, 0xD60E, 0xD60E, 0xDE0E,
    0xDE2E, 0xDE2E, 0xDE0E, 0xDE0E, 0xDE0E, 0xDE2E, 0xDE2E, 0xDE2E, 0xDE2E, 0xDE2E, 0xDE2D, 0xDE0D,
    0xDE0D, 0xD5EC, 0xD5EC, 0xD5EC, 0xD60C, 0xD5EC, 0xD5CC, 0xD5CC, 0xD5CC, 0xD5CC, 0xD5CC, 0xD5CC,
    0xD5CC, 0xCDAB, 0xCDAB, 0xCD8B, 0xC56A, 0xBD4A, 0xBD2A, 0xBD09, 0xB509, 0xB4E9, 0xB4C9, 0xACA8,
    0x9C47, 0x93E6, 0x83A5, 0x8385, 0x8385, 0x8385, 0x8BA5, 0x93E6, 0x9C27, 0xA468, 0xACA8, 0xB4E9,
    0xBD09, 0xBD2A, 0xBD2A, 0xBD2A, 0xBD4A, 0xC54A, 0xCD8B, 0xCDAB, 0xCDAB, 0xCDAB, 0xCDAB, 0xCDAB,
    0xCDAB, 0xCDAC, 0xCDAC, 0xCDAC, 0xCDCC, 0xCDCC, 0xCDCC, 0xD5CC, 0xD5CC, 0xD5ED, 0xD5ED, 0xD5EC,
    0xD5ED, 0xD5ED, 0xD5ED, 0xD5ED, 0xCDCC, 0xD5CD, 0xD5ED, 0xDE0E, 0xDE0E, 0xDE2E, 0xDE2E, 0xDE2E,
    0xDE2E, 0xDE2E, 0xDE2E, 0xDE2E, 0xDE2E, 0xDE2E, 0xDE2E, 0xDE2E, 0xDE2E, 0xDE4E, 0xDE4E, 0xDE4F,
    0xDE4F, 0xDE4F, 0xE64F, 0xDE4F, 0xDE4F, 0xDE4F, 0xDE4F, 0xDE4F, 0xE64F, 0xE64F, 0xDE4F, 0xDE4E,
    0xDE4E, 0xDE4E, 0xDE4E, 0xDE4F, 0xDE4F, 0xDE4E, 0xDE4E, 0xDE2E, 0xDE2E, 0xDE2E, 0xDE0E, 0xD60E,
    0xD60E, 0xD5ED, 0xD5ED, 0xD5ED, 0xD5ED, 0xD5ED, 0xD5ED, 0xD5ED, 0xD60E, 0xD60E, 0xD60D, 0xD5ED,
    0xD60D, 0xD60D, 0xDE0D, 0xDE0D, 0xDE0D, 0xDE0D, 0xDE0D, 0xD60D, 0xD5EC, 0xD5CC, 0xD5CC, 0xD5CC,
    0xD5EC, 0xD5EC, 0xCDCC, 0xCDAC, 0xCDAC, 0xCDAC, 0xCDAC, 0xCDAB, 0xCDAB, 0xCD8B, 0xCD8B, 0xC56A,
    0xBD4A, 0xBD2A, 0xBD09, 0xB509, 0xB4E9, 0xB4E9, 0xB4C9, 0xAC88, 0x9C47, 0x93E6, 0x8385, 0x8365,
    0x8385, 0x8385, 0x8BA5, 0x8BE6, 0x9C27, 0xA467, 0xAC88, 0xB4C9, 0xB509, 0xBD09, 0xBD2A, 0xBD2A,
    0xBD2A, 0xBD4A, 0xC56B, 0xCD8B, 0xCD8B, 0xCD8B, 0xCD8B, 0xCD8B, 0xCD8B, 0xCD8B, 0xCDAB, 0xCDAC,
    0xCDCC, 0xD5CC, 0xCDCC, 0xD5CC, 0xD5CC, 0xD5CC, 0xD5CC, 0xD5CC, 0xD5CC, 0xD5CC, 0xD5CC, 0xD5CC,
    0xD5CC, 0xD5ED, 0xD5ED, 0xD60D, 0xD60D, 0xD60D, 0xDE2E, 0xDE2E, 0xDE2E, 0xDE2E, 0xDE0E, 0xDE0D,
    0xDE2E, 0xDE2D, 0xDE0D, 0xDE2D, 0xDE2E, 0xDE4E, 0xDE4E, 0xDE4E, 0xDE4E, 0xDE4E, 0xDE4F, 0xDE4F,
    0xDE4E, 0xDE4E, 0xDE4E, 0xDE4E, 0xDE4E, 0xDE4E, 0xDE4E, 0xDE2E, 0xDE2E, 0xDE2E, 0xDE2E, 0xDE4E,
    0xDE4F, 0xDE4E, 0xDE4E, 0xDE2E, 0xDE0E, 0xD60E, 0xD60E, 0xD60D, 0xD5ED, 0xD5CD, 0xD5CD, 0xD5ED,
    0xD5ED, 0xD5ED, 0xD5ED, 0xD5ED, 0xD5ED, 0xD5ED, 0xD5ED, 0xD5ED, 0xD5ED, 0xD60D, 0xD60D, 0xD60D,
    0xDE0D, 0xDE0D, 0xDE0D, 0xD60D, 0xD5EC, 0xD5CC, 0xD5CC, 0xD5CC, 0xD5EC, 0xD5EC, 0xCDAC, 0xCDAB,
    0xCDAC, 0xCDAC, 0xCDAC, 0xCDAB, 0xCDAB, 0xCD8B, 0xC56B, 0xC54A, 0xC54A, 0xBD2A, 0xBD09, 0xB509,
    0xB509, 0xB4E9, 0xB4C9, 0xAC88, 0x9C27, 0x8BC6, 0x8385, 0x7B45, 0x8385, 0x8385, 0x8BA6, 0x8BE6,
    0x9407, 0x9C47, 0xA488, 0xACA8, 0xB4E9, 0xB509, 0xBD09, 0xBD09, 0xBD09, 0xBD2A, 0xBD2A, 0xC54A,
    0xC56A, 0xC56B, 0xC56B, 0xC56B, 0xC56B, 0xC58B, 0xCD8B, 0xCDAB, 0xCDAC, 0xCDAC, 0xCDAC, 0xCDAC,
    0xCDAC, 0xCDAC, 0xCDAC, 0xCDAC, 0xCDAB, 0xCDAB, 0xCDAC, 0xCDAC, 0xCDCC, 0xCDCC, 0xCDCC, 0xD5CD,
    0xD5CC, 0xD5ED, 0xD5ED, 0xD5ED, 0xD5ED, 0xD5ED, 0xD5ED, 0xD5ED, 0xD5ED, 0xD5ED, 0xD5ED, 0xD5ED,
    0xD5ED, 0xD60D, 0xD60D, 0xD60E, 0xD60E, 0xD60E, 0xD60E, 0xD60E, 0xD60E, 0xD60E, 0xDE0E, 0xDE0E,
    0xDE0E, 0xD60D, 0xD60D, 0xD60D, 0xD60D, 0xD60D, 0xD60D, 0xD60E, 0xDE2E, 0xDE2E, 0xD60E, 0xD60D,
    0xD5ED, 0xD5ED, 0xD5ED, 0xD5CD, 0xCDCC, 0xCDAC, 0xCDCC, 0xCDCC, 0xD5CD, 0xD5CC, 0xCDCC, 0xCDCC,
    0xD5CC, 0xD5CD, 0xCDCC, 0xCDCC, 0xCDCC, 0xCDCC, 0xCDCC, 0xD5CC, 0xD5CC, 0xD5CC, 0xD5CC, 0xCDCC,
    0xCDAB, 0xCDAB, 0xCDAB, 0xCDAB, 0xCDCC, 0xCDCC, 0xCD8B, 0xC58B, 0xCD8B, 0xCD8B, 0xC58B, 0xC56B,
    0xC56B, 0xC56A, 0xBD4A, 0xBD2A, 0xBD2A, 0xBD09, 0xB509, 0xB4E9, 0xB509, 0xB4E9, 0xACA8, 0xA468,
    0x9C27, 0x8BC6, 0x8365, 0x7B44, 0x8385, 0x83A5, 0x8BC6, 0x8BE6, 0x9407, 0x9C27, 0xA468, 0xACA8,
    0xACA8, 0xB4C8, 0xB4E9, 0xB4E9, 0xB4E9, 0xB4E9, 0xB4E9, 0xB4E9, 0xB509, 0xBD09, 0xBD2A, 0xBD2A,
    0xC54A, 0xC54A, 0xC56B, 0xC56B, 0xC54B, 0xC54A, 0xC54B, 0xC56B, 0xC56B, 0xC56B, 0xC58B, 0xC56B,
    0xC54B, 0xC54B, 0xC56B, 0xC56B, 0xC58B, 0xC58B, 0xC58B, 0xC58B, 0xC58B, 0xC58B, 0xC58B, 0xC58B,
    0xC58C, 0xC58C, 0xC58B, 0xC58B, 0xC58B, 0xC58B, 0xCDAC, 0xCDAC, 0xCD8C, 0xCD8C, 0xCDAC, 0xCDAC,
    0xCDAC, 0xCDAC, 0xCDAC, 0xCDAC, 0xCDCC, 0xCDCC, 0xCDAC, 0xCDAC, 0xCDAC, 0xCDAC, 0xCDAC, 0xCDAC,
    0xCDAC, 0xCDAC, 0xCDAC, 0xCDAC, 0xCDCC, 0xCDCC, 0xCDAC, 0xCDAC, 0xCD8C, 0xC58C, 0xC58C, 0xC58C,
    0xC58C, 0xCD8C, 0xCD8C, 0xCDAC, 0xCDAC, 0xCD8C, 0xCD8C, 0xCD8C, 0xCDAC, 0xCDAC, 0xCDAC, 0xCD8C,
    0xC58B, 0xC56B, 0xC56B, 0xC56B, 0xC56B, 0xC56B, 0xC54A, 0xC54A, 0xC56A, 0xC56A, 0xC54A, 0xC56A,
    0xC58B, 0xC58B, 0xC56B, 0xC54A, 0xBD4A, 0xBD4A, 0xBD2A, 0xBD0A, 0xBD09, 0xB509, 0xB4E9, 0xB4E9,
    0xB4E9, 0xB4E9, 0xB4C9, 0xB4C9, 0xB4E9, 0xACC8, 0xA488, 0x9C47, 0x9407, 0x8BC6, 0x8385, 0x7B44,
    0x8385, 0x8385, 0x83A6, 0x8BC6, 0x8BE6, 0x9407, 0x9C47, 0xA467, 0xA467, 0xA488, 0xACA8, 0xACA8,
    0xACA8, 0xACA8, 0xACA8, 0xACA8, 0xACA8, 0xACC9, 0xB4C9, 0xB4E9, 0xB509, 0xBD0A, 0xBD0A, 0xBD0A,
    0xB509, 0xB509, 0xB509, 0xBD0A, 0xBD2A, 0xBD2A, 0xBD2A, 0xBD2A, 0xBD0A, 0xB50A, 0xBD2A, 0xBD2A,
    0xBD2A, 0xBD2A, 0xBD2A, 0xBD2A, 0xBD2A, 0xBD2A, 0xBD2A, 0xBD2A, 0xBD2A, 0xBD2A, 0xBD2A, 0xBD2A,
    0xBD2A, 0xBD2A, 0xBD4A, 0xBD4B, 0xBD2A, 0xBD2A, 0xBD4B, 0xC54B, 0xC54B, 0xC54B, 0xC54B, 0xC54B,
    0xC56B, 0xC56B, 0xC54B, 0xC54B, 0xC54B, 0xC54B, 0xC54B, 0xC54B, 0xC56B, 0xC54B, 0xBD4B, 0xBD4B,
    0xC54B, 0xC56B, 0xC56B, 0xBD4B, 0xBD4B, 0xBD2A, 0xBD2A, 0xBD2B, 0xBD4B, 0xBD4B, 0xC54B, 0xC54B,
    0xC54B, 0xBD4B, 0xBD4B, 0xBD4B, 0xC54B, 0xC54B, 0xC54B, 0xBD4A, 0xBD2A, 0xBD2A, 0xBD0A, 0xBD0A,
    0xBD0A, 0xB509, 0xB4E9, 0xB4E9, 0xBD09, 0xBD09, 0xB509, 0xB509, 0xBD0A, 0xBD2A, 0xB50A, 0xB509,
    0xB4E9, 0xB4E9, 0xB4C9, 0xACC8, 0xACA8, 0xACA8, 0xAC88, 0xA488, 0xACA8, 0xACA8, 0xAC88, 0xAC88,
    0xACA8, 0xA488, 0x9C47, 0x9407, 0x8BC6, 0x83A6, 0x8365, 0x7B65, 0x7B45, 0x7B45, 0x7B45, 0x8365,
    0x83A6, 0x8BC6, 0x93E6, 0x9406, 0x9C06, 0x9C27, 0x9C47, 0xA447, 0xA467, 0xA467, 0x9C47, 0x9C47,
    0xA468, 0xA488, 0xA488, 0xA488, 0xACA8, 0xACA8, 0xACA8, 0xACA8, 0xACA8, 0xACA8, 0xACC8, 0xACC8,
    0xACC8, 0xACC8, 0xACC9, 0xACC9, 0xACC9, 0xACC9, 0xACC9, 0xACC9, 0xACC8, 0xACC8, 0xACC9, 0xB4C9,
    0xB4C9, 0xB4C9, 0xB4E9, 0xB4E9, 0xB4E9, 0xB4E9, 0xB4C9, 0xACC9, 0xACC9, 0xACC9, 0xB4C9, 0xB4C9,
    0xB4C9, 0xB4E9, 0xB4EA, 0xB50A, 0xB50A, 0xB50A, 0xB50A, 0xB4EA, 0xB4EA, 0xB4EA, 0xB50A, 0xB50A,
    0xB50A, 0xB4EA, 0xB4E9, 0xB4E9, 0xB4EA, 0xB4EA, 0xB4E9, 0xB4E9, 0xB4EA, 0xB50A, 0xB50A, 0xB4E9,
    0xB4E9, 0xB4E9, 0xB4E9, 0xB4E9, 0xB4E9, 0xB4E9, 0xB4E9, 0xB4E9, 0xB4E9, 0xB4E9, 0xB4C9, 0xB4C9,
    0xB4E9, 0xB4E9, 0xB4E9, 0xB4E9, 0xB4C9, 0xACC9, 0xACC9, 0xACC8, 0xACA8, 0xACA8, 0xACC8, 0xACC8,
    0xACA8, 0xACA8, 0xACA8, 0xACA8, 0xACA8, 0xACA8, 0xACA8, 0xAC88, 0xA488, 0xA487, 0xA467, 0xA467,
    0xA467, 0x9C47, 0x9C27, 0x9C27, 0x9C27, 0x9C27, 0x9C27, 0x9C47, 0x9C47, 0x9C27, 0x9406, 0x8BC6,
    0x7B65, 0x7B45, 0x7B65, 0x7B65, 0x7324, 0x7324, 0x7B25, 0x7B45, 0x8385, 0x8BA6, 0x8BA6, 0x8BC6,
    0x93E6, 0x93E6, 0x9406, 0x9407, 0x9C27, 0x9407, 0x9406, 0x9406, 0x9C27, 0x9C27, 0x9C27, 0x9C47,
    0x9C47, 0x9C47, 0x9C47, 0x9C47, 0xA467, 0xA467, 0xA467, 0xA467, 0xA467, 0xA467, 0xA467, 0xA468,
    0xA488, 0xA488, 0xA488, 0xA488, 0xA467, 0xA467, 0xA468, 0xA488, 0xA488, 0xA488, 0xA4A8, 0xACA8,
    0xACA8, 0xACA8, 0xA488, 0xA488, 0xA488, 0xA488, 0xA488, 0xA488, 0xA488, 0xA488, 0xA488, 0xACA8,
    0xACA9, 0xACA9, 0xACA9, 0xACA9, 0xA488, 0xA488, 0xA488, 0xA488, 0xA488, 0xA488, 0xA488, 0xACA8,
    0xACA8, 0xACA8, 0xA488, 0xACA8, 0xACA9, 0xACC9, 0xACA9, 0xACA8, 0xACA8, 0xACA8, 0xACA8, 0xACA8,
    0xACA8, 0xACA8, 0xACA8, 0xA4A8, 0xA488, 0xA488, 0xA488, 0xA488, 0xA488, 0xA488, 0xAC88, 0xAC88,
    0xA488, 0xA467, 0xA467, 0xA467, 0xA447, 0xA467, 0xA468, 0xA488, 0xA467, 0xA467, 0xA467, 0xA447,
    0xA447, 0x9C47, 0x9C47, 0x9C47, 0x9C27, 0x9C27, 0x9C27, 0x9C26, 0x9406, 0x9406, 0x93E6, 0x93E6,
    0x8BC6, 0x8BE6, 0x93E6, 0x93E6, 0x93E6, 0x8BC6, 0x8BC6, 0x8385, 0x7B44, 0x7324, 0x7B45, 0x7B45,
    0x6AE4, 0x7304, 0x7B45, 0x7B65, 0x8385, 0x8385, 0x83A5, 0x8BA5, 0x8BC5, 0x8BC6, 0x8BC6, 0x8BC6,
    0x8BC6, 0x8BC6, 0x8BA5, 0x8BA5, 0x8BC5, 0x8BC6, 0x93E6, 0x9406, 0x9406, 0x9406, 0x93E6, 0x9406,
    0x9C26, 0x9C27, 0x9C47, 0x9C47, 0x9C47, 0x9C47, 0x9C47, 0x9C47, 0x9C47, 0x9C47, 0x9C67, 0x9C47,
    0x9C47, 0x9C47, 0x9C47, 0x9C47, 0x9C47, 0x9C67, 0x9C67, 0xA467, 0xA467, 0xA467, 0x9C47, 0x9C47,
    0xA467, 0xA467, 0xA467, 0xA467, 0x9C47, 0x9C47, 0x9C27, 0x9C27, 0x9C67, 0xA468, 0xA467, 0xA447,
    0x9C47, 0x9C47, 0x9407, 0x9407, 0x9427, 0x9C27, 0x9C47, 0xA467, 0xA467, 0xA468, 0xA467, 0xA468,
    0xA488, 0xA488, 0xA488, 0xA468, 0xA468, 0xA468, 0xA468, 0xA468, 0xA467, 0xA467, 0x9C47, 0x9C47,
    0x9C67, 0x9C67, 0x9C47, 0x9C47, 0x9C67, 0xA467, 0xA467, 0xA467, 0x9C47, 0x9C26, 0x9406, 0x9406,
    0x93E6, 0x9406, 0x9C27, 0x9C47, 0x9C47, 0x9C27, 0x9C27, 0x9C27, 0x9C27, 0x9426, 0x9406, 0x9406,
    0x9406, 0x9406, 0x9406, 0x93E6, 0x8BE6, 0x8BC6, 0x8BC6, 0x8BC5, 0x8BA5, 0x8BA5, 0x8BA5, 0x83A5,
    0x8385, 0x8385, 0x8385, 0x8365, 0x7B45, 0x7324, 0x7304, 0x7304, 0x6AE4, 0x7304, 0x7B45, 0x8365,
    0x8365, 0x8385, 0x8385, 0x83A5, 0x8BA5, 0x8BC5, 0x8BC6, 0x8BC6, 0x8BA5, 0x83A5, 0x8385, 0x8365,
    0x8385, 0x8BA5, 0x8BC6, 0x93E6, 0x93E6, 0x93E6, 0x8BC6, 0x93E6, 0x9406, 0x9426, 0x9C26, 0x9C26,
    0x9C26, 0x9C26, 0x9C27, 0x9C27, 0x9C27, 0x9C47, 0x9C47, 0x9C47, 0x9C27, 0x9C27, 0x9C26, 0x9C27,
    0x9C27, 0x9C47, 0x9C47, 0x9C47, 0x9C47, 0x9C47, 0x9C47, 0x9C47, 0x9C47, 0xA447, 0x9C47, 0x9C47,
    0x9C47, 0x9427, 0x9406, 0x9406, 0x9C27, 0x9C47, 0x9C47, 0x9C27, 0x9C27, 0x9407, 0x8BC6, 0x8BC6,
    0x8BE6, 0x9406, 0x9C27, 0x9C47, 0x9C47, 0x9C47, 0x9C67, 0xA467, 0xA467, 0xA467, 0xA467, 0x9C47,
    0x9C47, 0x9C47, 0x9C47, 0x9C47, 0x9C47, 0x9C47, 0x9C27, 0x9C27, 0x9C47, 0x9C47, 0x9C47, 0x9C47,
    0x9C47, 0x9C47, 0x9C47, 0x9C47, 0x9C26, 0x9406, 0x8BE6, 0x8BC6, 0x8BC5, 0x8BC6, 0x9406, 0x9C26,
    0x9426, 0x9426, 0x9406, 0x9406, 0x9406, 0x9406, 0x93E6, 0x93E6, 0x93E6, 0x8BE6, 0x8BE5, 0x8BC5,
    0x8BC5, 0x8BA5, 0x8BA5, 0x8BA5, 0x83A5, 0x83A5, 0x8385, 0x8365, 0x7B65, 0x7B45, 0x7B65, 0x7B65,
    0x7B45, 0x7B24, 0x7304, 0x6AE4,
};
#define TEXTURE_LIGHT_MIP1_SIZE 64
static const uint16_t TEXTURE_LIGHT_MIP1_PIXELS[4096] __attribute__((aligned(16))) = {
    0x8365, 0x8BE6, 0x93E6, 0x93E6, 0x93E6, 0x9406, 0x9406, 0x9C26, 0x9C46, 0xA467, 0xA467, 0xA467,
    0xA447, 0x9C46, 0xA467, 0xA487, 0xA467, 0xA466, 0xA487, 0xAC87, 0xA487, 0xAC87, 0xACA7, 0xAC87,
    0xAC87, 0xA487, 0xA466, 0xA487, 0xAC87, 0xAC87, 0xA487, 0xA467, 0xA446, 0xA466, 0xA467, 0xAC87,
    0xAC87, 0xA446, 0x9C46, 0xA487, 0xA487, 0xA446, 0x9C46, 0xA446, 0xA446, 0x9C26, 0x9406, 0x9C46,
    0xA466, 0xA467, 0xA467, 0xA466, 0x9C46, 0x9406, 0x9406, 0x9405, 0x93E5, 0x93E5, 0x93E5, 0x9406,
    0x93E5, 0x8BC5, 0x83A5, 0x7B44, 0x7B45, 0x8365, 0x8BA5, 0x9406, 0x9C26, 0x9C46, 0xA467, 0xA487,
    0xA487, 0xAC87, 0xACA7, 0xACA7, 0xAC87, 0xAC87, 0xACA7, 0xACA7, 0xACA7, 0xAC87, 0xACA8, 0xACA8,
    0xACA7, 0xACC8, 0xB4C8, 0xB4C8, 0xB4E8, 0xACC7, 0xB4C7, 0xB4C8, 0xB4C8, 0xB4C8, 0xACA7, 0xACA7,
    0xACA7, 0xACA7, 0xACA7, 0xACC8, 0xB4C8, 0xACA7, 0xACA7, 0xB4C7, 0xACC7, 0xACA7, 0xACA7, 0xAC87,
    0xAC87, 0xAC87, 0xAC87, 0xAC87, 0xACA7, 0xACA7, 0xAC87, 0xAC87, 0xAC87, 0xA466, 0xA446, 0xA446,
    0xA446, 0xA446, 0x9C46, 0x9C06, 0x9C06, 0x9406, 0x8385, 0x7B44, 0x8385, 0x83A5, 0x9406, 0xAC87,
    0xB4C8, 0xB4E8, 0xB4E8, 0xBD29, 0xBD29, 0xBD29, 0xBD4A, 0xC54A, 0xC54A, 0xC54A, 0xC56A, 0xC58B,
    0xC56A, 0xC56A, 0xC56B, 0xC58B, 0xC56A, 0xC56B, 0xC56A, 0xC56A, 0xC56A, 0xC58A, 0xC56A, 0xC56A,
    0xC56A, 0xC56A, 0xC56A, 0xC56A, 0xC54A, 0xC54A, 0xC56A, 0xC56A, 0xC56A, 0xC54A, 0xC56A, 0xC56A,
    0xC56A, 0xC56A, 0xC56A, 0xC54A, 0xC54A, 0xC54A, 0xC54A, 0xBD49, 0xBD29, 0xC549, 0xBD29, 0xBD29,
    0xC529, 0xC549, 0xBD29, 0xBD09, 0xB4E8, 0xBD09, 0xB4E8, 0xACA7, 0xACA8, 0xA467, 0x93E6, 0x83A5,
    0x8385, 0x8BC6, 0x9C27, 0xACA8, 0xBD09, 0xBD29, 0xC56A, 0xCD8A, 0xCD8B, 0xCDAB, 0xCDCC, 0xD5EC,
    0xD5CC, 0xD5CC, 0xD5EC, 0xD5EC, 0xD5EC, 0xD5EC, 0xD5EC, 0xD5ED, 0xD60D, 0xD5ED, 0xD60D, 0xD5EC,
    0xDE0C, 0xD60C, 0xDE0C, 0xDE0D, 0xDE0D, 0xD60C, 0xD5EC, 0xDE0D, 0xD60C, 0xD5EC, 0xD5EC, 0xD5EC,
    0xD5EC, 0xD5EC, 0xD5EC, 0xD5EC, 0xD5CC, 0xD5EC, 0xD5EC, 0xD5EC, 0xD5EC, 0xD5EC, 0xD5CC, 0xD5CC,
    0xD5EC, 0xD5EC, 0xD5EB, 0xD5CB, 0xD5EC, 0xCDCB, 0xCDAB, 0xCDAB, 0xCD8B, 0xCD8A, 0xC549, 0xBD09,
    0xBD09, 0xACA8, 0x9406, 0x8BC5, 0x83A5, 0x93E6, 0xA447, 0xB4E9, 0xBD29, 0xC54A, 0xCDAB, 0xD5CB,
    0xD5EC, 0xD5EC, 0xD60D, 0xDE0D, 0xDE2D, 0xDE0D, 0xDE2D, 0xDE0D, 0xDE2D, 0xDE0D, 0xDE2D, 0xDE2E,
    0xDE4E, 0xDE4E, 0xDE4E, 0xDE4E, 0xE64E, 0xE66E, 0xE66E, 0xE64E, 0xE66E, 0xE64E, 0xDE4E, 0xDE4E,
    0xE64E, 0xDE2D, 0xDE4D, 0xE64D, 0xDE4D, 0xDE4D, 0xDE2D, 0xDE2D, 0xDE2D, 0xDE2D, 0xDE2D, 0xDE2D,
    0xDE2D, 0xDE2D, 0xDE2D, 0xDE2D, 0xDE2D, 0xDE2D, 0xDE2D, 0xDE2C, 0xDE2D, 0xD60C, 0xD5EC, 0xD5EC,
    0xD5EB, 0xCDAA, 0xC56A, 0xBD29, 0xBD09, 0xB4C8, 0x9C26, 0x8BC5, 0x8BC5, 0x9406, 0xAC88, 0xBD29,
    0xC58A, 0xCD8B, 0xD5CB, 0xDE0C, 0xDE4D, 0xDE4D, 0xE64E, 0xE64E, 0xE64E, 0xE66E, 0xE66E, 0xE66E,
    0xE66F, 0xE66F, 0xE66F, 0xE68F, 0xEEB0, 0xEEB0, 0xEEB0, 0xEEB0, 0xEEB0, 0xEEB0, 0xEED0, 0xEED0,
    0xEED0, 0xEED0, 0xEED0, 0xEED0, 0xEED0, 0xEEAF, 0xEEAF, 0xEEAF, 0xEEAF, 0xEEAF, 0xEE8F, 0xE66E,
    0xE66E, 0xE68F, 0xE66F, 0xE66E, 0xE66E, 0xE66F, 0xE68F, 0xE68F, 0xEE8F, 0xEE8F, 0xE68E, 0xE68E,
    0xE68E, 0xDE4E, 0xDE4D, 0xDE4D, 0xDE2C, 0xDE0C, 0xCDAB, 0xC56A, 0xC56A, 0xBD09, 0xA447, 0x8BE5,
    0x8BC6, 0x9C26, 0xACA8, 0xC54A, 0xD5CB, 0xDE0C, 0xE64D, 0xEEAF, 0xF6F0, 0xEED0, 0xE68F, 0xE66F,
    0xE66F, 0xE66E, 0xE66F, 0xE690, 0xEEB0, 0xE690, 0xEEB0, 0xEEF1, 0xF732, 0xF733, 0xF733, 0xF732,
    0xF732, 0xF712, 0xF754, 0xF753, 0xF754, 0xF754, 0xF774, 0xF753, 0xF774, 0xF753, 0xF753, 0xF733,
    0xF733, 0xF753, 0xF732, 0xEED1, 0xEEB0, 0xEEB0, 0xEEB0, 0xE68F, 0xE6B0, 0xEED1, 0xF712, 0xF753,
    0xF732, 0xF732, 0xF711, 0xF711, 0xEED0, 0xE6AF, 0xEEAF, 0xEED0, 0xEECF, 0xEEAE, 0xDE4D, 0xD5EC,
    0xCDAB, 0xBD09, 0xA487, 0x9406, 0x93E6, 0x9C27, 0xB4E8, 0xC56A, 0xD5EC, 0xE66D, 0xEEAE, 0xF731,
    0xFF73, 0xF752, 0xEEF1, 0xEEB0, 0xEED1, 0xEED0, 0xEED1, 0xEED1, 0xEED1, 0xEEF2, 0xEEF2, 0xF733,
    0xFF75, 0xFF96, 0xFFB6, 0xFFB6, 0xFFB7, 0xFFB7, 0xFFB7, 0xFFB6, 0xFFB7, 0xFFB7, 0xFFB7, 0xFFB7,
    0xFFB7, 0xFFD7, 0xFFB6, 0xFFB6, 0xFFB6, 0xFFB7, 0xFF95, 0xF733, 0xEEF2, 0xEEF2, 0xEEF2, 0xEEF2,
    0xEEF2, 0xF733, 0xFF74, 0xFFB6, 0xFFB6, 0xFF95, 0xFF95, 0xFF94, 0xF753, 0xEEF1, 0xF712, 0xF752,
    0xFF73, 0xFF52, 0xEECF, 0xDE4D, 0xD5AB, 0xBD2A, 0xAC87, 0x9406, 0x8BC5, 0x9C26, 0xB4C8, 0xC56A,
    0xD5EC, 0xE66D, 0xF6EF, 0xFF72, 0xFF94, 0xFF53, 0xF712, 0xF6F2, 0xF712, 0xF712, 0xF732, 0xF713,
    0xF713, 0xF733, 0xF734, 0xFF74, 0xFF95, 0xFF96, 0xFFB7, 0xFFD7, 0xFFD7, 0xFFD7, 0xFFB7, 0xFFD8,
    0xFFD8, 0xFFD7, 0xFFB7, 0xFFB7, 0xFFD8, 0xFFD8, 0xFFB7, 0xFFB7, 0xFFB7, 0xFFB7, 0xFF96, 0xFF54,
    0xF734, 0xF733, 0xF733, 0xF734, 0xF733, 0xF754, 0xFF95, 0xFFB6, 0xFFB6, 0xFFB6, 0xFFB6, 0xFFB5,
    0xFF74, 0xF732, 0xF753, 0xFF73, 0xFF93, 0xF751, 0xF6EF, 0xDE4D, 0xCDAB, 0xC549, 0xAC87, 0x9406,
    0x8BC6, 0x9C47, 0xB4E8, 0xC56A, 0xD5EB, 0xE64D, 0xF6EF, 0xFF72, 0xFF94, 0xFF74, 0xF733, 0xF6F2,
    0xF712, 0xF712, 0xF712, 0xF712, 0xF713, 0xF713, 0xF713, 0xF754, 0xFF96, 0xFFB6, 0xFFB7, 0xFFD8,
    0xFFD8, 0xFFD8, 0xFFD8, 0xFFD8, 0xFFD8, 0xFFD8, 0xFFD8, 0xFFD8, 0xFFD9, 0xFFD8, 0xFFD8, 0xFFD8,
    0xFFD8, 0xFFD8, 0xFF96, 0xF755, 0xF733, 0xF712, 0xF712, 0xF713, 0xF733, 0xF754, 0xFF95, 0xFFB6,
    0xFFB6, 0xFFB7, 0xFFB6, 0xFFD7, 0xFF95, 0xF733, 0xFF53, 0xFF94, 0xFF93, 0xFF72, 0xF710, 0xDE4D,
    0xCDAB, 0xC54A, 0xACC8, 0x9C26, 0x93E6, 0x9C47, 0xB4E9, 0xC58A, 0xDE0C, 0xEE8D, 0xF730, 0xFFB3,
    0xFFD5, 0xFF95, 0xF733, 0xF712, 0xF733, 0xF733, 0xF733, 0xF733, 0xF733, 0xF734, 0xF734, 0xF775,
    0xFFB7, 0xFFD7, 0xFFD8, 0xFFD9, 0xFFD9, 0xFFD9, 0xFFD9, 0xFFD9, 0xFFD9, 0xFFD9, 0xFFD9, 0xFFD9,
    0xFFD9, 0xFFD9, 0xFFD9, 0xFFD9, 0xFFD9, 0xFFD9, 0xFFB8, 0xFF96, 0xF734, 0xF713, 0xF733, 0xF754,
    0xF754, 0xF775, 0xFFB6, 0xFFD7, 0xFFD8, 0xFFD8, 0xFFD8, 0xFFD8, 0xFFB5, 0xF753, 0xF774, 0xFFB5,
    0xFFD6, 0xFFB4, 0xF751, 0xE66D, 0xD5CB, 0xC56A, 0xB4C8, 0x9C47, 0x9C26, 0xA487, 0xBD09, 0xCDAB,
    0xD5EB, 0xDE2C, 0xEECE, 0xF731, 0xF752, 0xF732, 0xEEF1, 0xEED1, 0xEED1, 0xEED1, 0xEED1, 0xEED1,
    0xEED1, 0xEED1, 0xEED1, 0xF713, 0xF754, 0xFF95, 0xFF96, 0xFFB6, 0xFFB7, 0xFFB7, 0xFF96, 0xFF96,
    0xFF97, 0xFF97, 0xFFB6, 0xFF96, 0xFFB6, 0xFFB7, 0xFFB7, 0xFFB7, 0xFF96, 0xFF96, 0xFF75, 0xF733,
    0xEED2, 0xEED1, 0xEED1, 0xEED1, 0xEEF2, 0xF733, 0xF754, 0xFF95, 0xFF95, 0xFF95, 0xFF95, 0xFF95,
    0xFF74, 0xEED1, 0xF711, 0xF752, 0xFF73, 0xF752, 0xEEEF, 0xDE2D, 0xD5CB, 0xC56A, 0xB4E8, 0xA467,
    0x9C26, 0xAC88, 0xBD09, 0xC58A, 0xD5CB, 0xDDEC, 0xE64D, 0xEE8E, 0xEECF, 0xEECF, 0xEEB0, 0xEEB0,
    0xEEB0, 0xEEB0, 0xEED0, 0xEED0, 0xEED0, 0xEED0, 0xEED0, 0xF6F1, 0xF712, 0xF732, 0xF732, 0xF733,
    0xF753, 0xF733, 0xFF53, 0xFF53, 0xFF53, 0xFF53, 0xF733, 0xF753, 0xF753, 0xF753, 0xF733, 0xF733,
    0xF733, 0xF733, 0xF712, 0xF6F1, 0xEED1, 0xEED1, 0xEED1, 0xEED1, 0xEED1, 0xEEF1, 0xF711, 0xF732,
    0xF712, 0xF732, 0xF732, 0xF732, 0xF711, 0xEEB0, 0xEED0, 0xEECF, 0xEECF, 0xEEAE, 0xE66D, 0xDE0C,
    0xD5CB, 0xC56A, 0xB4C8, 0xA487, 0x9C47, 0xAC87, 0xB509, 0xC56A, 0xD5CB, 0xD5EC, 0xE64D, 0xE66D,
    0xEE8E, 0xEEAF, 0xEEAF, 0xEEAF, 0xEED0, 0xEED0, 0xEED0, 0xEED0, 0xEED0, 0xEED0, 0xEED0, 0xEEF1,
    0xF6F1, 0xF712, 0xF732, 0xF732, 0xFF52, 0xF732, 0xF752, 0xFF53, 0xFF53, 0xFF52, 0xF732, 0xF752,
    0xF732, 0xF732, 0xF712, 0xF732, 0xF712, 0xF732, 0xF712, 0xF6F1, 0xEED1, 0xEED1, 0xEED1, 0xF6F1,
    0xF6F1, 0xF6F1, 0xF6F1, 0xF732, 0xF711, 0xF711, 0xF731, 0xF711, 0xF6F0, 0xEEAF, 0xEEAF, 0xEEAF,
    0xEEAF, 0xEE8E, 0xE64D, 0xD5EC, 0xCD8A, 0xC54A, 0xACC8, 0xACA8, 0xA467, 0xACA7, 0xBD29, 0xC56A,
    0xCDAB, 0xD5CB, 0xDE0C, 0xE64D, 0xE68E, 0xEE8E, 0xEEAF, 0xEEAF, 0xEEB0, 0xEEB0, 0xEED0, 0xEEB0,
    0xEEB0, 0xEED0, 0xEED0, 0xEED0, 0xF6F1, 0xF6F1, 0xF711, 0xF711, 0xF711, 0xF711, 0xF711, 0xF711,
    0xF711, 0xF711, 0xF711, 0xF712, 0xF711, 0xF712, 0xF711, 0xF711, 0xF6F1, 0xF711, 0xEEF1, 0xEED1,
    0xEED1, 0xEED0, 0xEED1, 0xEED1, 0xEEB0, 0xEED0, 0xF6F1, 0xF6F1, 0xF6F0, 0xF6F0, 0xF6F0, 0xEED0,
    0xEECF, 0xEEAF, 0xEEAF, 0xE68E, 0xE66E, 0xE66D, 0xDE2C, 0xD60C, 0xD5CB, 0xC56A, 0xB4C8, 0xACA8,
    0xA467, 0xACA8, 0xBD29, 0xCDAB, 0xD60C, 0xDE2D, 0xE64D, 0xEE8E, 0xF6CF, 0xEECF, 0xEED0, 0xEED0,
    0xEED0, 0xEED0, 0xF6F1, 0xEED0, 0xEED0, 0xEED1, 0xEEF1, 0xF711, 0xF712, 0xF732, 0xFF53, 0xFF52,
    0xF732, 0xFF52, 0xFF53, 0xFF52, 0xFF52, 0xFF53, 0xFF53, 0xFF53, 0xFF53, 0xFF53, 0xFF53, 0xF732,
    0xFF32, 0xFF52, 0xF732, 0xF6F1, 0xEEF1, 0xEEF1, 0xF6F1, 0xEED1, 0xEED1, 0xF6F1, 0xF732, 0xF732,
    0xF731, 0xF731, 0xF731, 0xF711, 0xF6F0, 0xEECF, 0xEECF, 0xEED0, 0xEECF, 0xEEAE, 0xE66D, 0xDE2D,
    0xD5EC, 0xCD8B, 0xB4E9, 0xACA7, 0x9C46, 0xACA8, 0xBD29, 0xCDCB, 0xDE0D, 0xE64D, 0xEE8E, 0xF6EF,
    0xF710, 0xF710, 0xF6F0, 0xEEF0, 0xF6F1, 0xF6F1, 0xF711, 0xF6F1, 0xF6F1, 0xF711, 0xF712, 0xF732,
    0xFF53, 0xFF53, 0xFF73, 0xFF74, 0xFF73, 0xFF74, 0xFF94, 0xFF74, 0xFF74, 0xFF74, 0xFF74, 0xFF74,
    0xFF94, 0xFF74, 0xFF74, 0xFF53, 0xFF73, 0xFF73, 0xFF53, 0xF732, 0xF712, 0xF712, 0xF732, 0xF712,
    0xF712, 0xF712, 0xFF52, 0xFF73, 0xFF73, 0xFF73, 0xFF72, 0xFF72, 0xF731, 0xF6F1, 0xF711, 0xF711,
    0xF710, 0xF6CF, 0xEE8E, 0xDE4D, 0xD5EC, 0xCDAB, 0xB4C8, 0xAC87, 0xA467, 0xACC8, 0xC56A, 0xD5CC,
    0xDE2D, 0xE66D, 0xEECF, 0xF730, 0xFF51, 0xF732, 0xF711, 0xEEF0, 0xF6F1, 0xF711, 0xF711, 0xF6F1,
    0xF6F1, 0xF712, 0xF712, 0xF732, 0xFF53, 0xFF74, 0xFF95, 0xFF95, 0xFF95, 0xFF95, 0xFF95, 0xFF95,
    0xFF95, 0xFF95, 0xFF95, 0xFF95, 0xFF95, 0xFF95, 0xFF95, 0xFF95, 0xFF94, 0xFF95, 0xFF54, 0xF733,
    0xF712, 0xF712, 0xF713, 0xF713, 0xF712, 0xF733, 0xFF53, 0xFF74, 0xFF94, 0xFF94, 0xFF94, 0xFF94,
    0xFF52, 0xF711, 0xF731, 0xFF52, 0xFF52, 0xF731, 0xEECF, 0xE66E, 0xDE4D, 0xCDCB, 0xB509, 0xACA8,
    0xA487, 0xB4E8, 0xC58A, 0xD5EC, 0xE66D, 0xEEAE, 0xF730, 0xFF93, 0xFFB5, 0xFF74, 0xF733, 0xF6F1,
    0xF6F1, 0xF712, 0xF712, 0xF6F2, 0xF6F2, 0xF712, 0xF712, 0xF733, 0xFF95, 0xFFB6, 0xFFD7, 0xFFD8,
    0xFFD9, 0xFFD8, 0xFFD8, 0xFFD8, 0xFFD9, 0xFFD9, 0xFFD9, 0xFFD9, 0xFFD9, 0xFFD8, 0xFFD8, 0xFFD9,
    0xFFD8, 0xFFD8, 0xFF96, 0xF754, 0xF713, 0xF713, 0xF713, 0xF733, 0xF733, 0xF754, 0xFF75, 0xFFB6,
    0xFFD7, 0xFFD7, 0xFFD7, 0xFFD7, 0xFF74, 0xF712, 0xF753, 0xFFB4, 0xFFD5, 0xFFB4, 0xFF51, 0xEEEF,
    0xEEAE, 0xD5EC, 0xBD29, 0xACA7, 0xA487, 0xB4E8, 0xC56A, 0xD5EC, 0xE66D, 0xEECE, 0xF731, 0xFFB3,
    0xFFD5, 0xFF95, 0xF753, 0xF712, 0xF712, 0xF712, 0xF733, 0xF733, 0xF733, 0xF713, 0xF713, 0xF754,
    0xFF95, 0xFFB7, 0xFFD8, 0xFFF8, 0xFFF9, 0xFFF9, 0xFFD9, 0xFFD9, 0xFFD9, 0xFFD9, 0xFFD9, 0xFFD9,
    0xFFD9, 0xFFD9, 0xFFD9, 0xFFD9, 0xFFD8, 0xFFD8, 0xFF96, 0xF755, 0xF734, 0xF733, 0xF733, 0xF734,
    0xF754, 0xFF75, 0xFF96, 0xFFD7, 0xFFF8, 0xFFF8, 0xFFF8, 0xFFD8, 0xFF75, 0xF732, 0xFF74, 0xFFB5,
    0xFFD5, 0xFFB4, 0xF772, 0xF6F0, 0xEEAE, 0xDE0C, 0xC549, 0xACA7, 0xA487, 0xB4C8, 0xBD4A, 0xCDAB,
    0xDE2C, 0xEEAE, 0xF730, 0xFF92, 0xFFB4, 0xFFB4, 0xFF74, 0xF733, 0xFF73, 0xFF53, 0xFF74, 0xF774,
    0xFF74, 0xFF54, 0xFF54, 0xFF95, 0xFFB6, 0xFFD7, 0xFFD7, 0xFFD7, 0xFFD8, 0xFFD8, 0xFFD8, 0xFFD8,
    0xFFD8, 0xFFD8, 0xFFD8, 0xFFD8, 0xFFD8, 0xFFD8, 0xFFD8, 0xFFD8, 0xFFD7, 0xFFD7, 0xFFB6, 0xFF95,
    0xFF74, 0xF755, 0xF775, 0xF775, 0xFF75, 0xFF95, 0xFFB6, 0xFFD7, 0xFFD7, 0xFFF7, 0xFFF7, 0xFFD7,
    0xFF94, 0xF753, 0xFF94, 0xFFB5, 0xFFD4, 0xFFB3, 0xF751, 0xEECF, 0xE66D, 0xD5CB, 0xBD29, 0xACA7,
    0xA467, 0xACA8, 0xBD4A, 0xD5CB, 0xDE2C, 0xEE8D, 0xF6EF, 0xF751, 0xFF92, 0xFF72, 0xF732, 0xF711,
    0xF732, 0xF732, 0xF732, 0xF712, 0xF712, 0xF712, 0xF712, 0xF753, 0xFF94, 0xFFB5, 0xFFB6, 0xFFB6,
    0xFFD6, 0xFFD7, 0xFFD7, 0xFFD7, 0xFFD7, 0xFFD7, 0xFFB7, 0xFFD7, 0xFFB7, 0xFFD6, 0xFFD6, 0xFFD7,
    0xFFB6, 0xFFB6, 0xFF95, 0xF774, 0xF733, 0xF733, 0xF733, 0xF733, 0xF733, 0xF753, 0xFF94, 0xFFB5,
    0xFFD6, 0xFFD6, 0xFFD6, 0xFFB5, 0xF752, 0xF711, 0xF752, 0xFF73, 0xFF93, 0xFF71, 0xF730, 0xEEAE,
    0xE66D, 0xD5CB, 0xBD09, 0xA487, 0xA467, 0xACA8, 0xBD2A, 0xCDAB, 0xD5EC, 0xDE0C, 0xE66D, 0xEEAE,
    0xEEEF, 0xEECF, 0xEEAF, 0xEEAF, 0xEEB0, 0xEED0, 0xEED0, 0xEEB0, 0xEED0, 0xEED1, 0xEED1, 0xF6F1,
    0xF712, 0xF732, 0xF733, 0xFF53, 0xFF53, 0xFF53, 0xFF53, 0xFF53, 0xFF53, 0xFF53, 0xFF53, 0xFF53,
    0xFF53, 0xF733, 0xFF53, 0xFF53, 0xF753, 0xF733, 0xF712, 0xF6F1, 0xEED1, 0xEED1, 0xEEF1, 0xEEF1,
    0xEEF1, 0xEEF1, 0xF712, 0xF732, 0xF732, 0xFF32, 0xF732, 0xF731, 0xF6F0, 0xEEB0, 0xEEF0, 0xF6F0,
    0xEECF, 0xEEAE, 0xE66D, 0xDE2C, 0xDE0C, 0xCDAB, 0xBD09, 0xACA7, 0xA467, 0xAC87, 0xB509, 0xCD8A,
    0xD5CB, 0xDE0C, 0xE64D, 0xE66E, 0xEE8E, 0xEEAF, 0xEEAF, 0xEEAF, 0xEEB0, 0xEED0, 0xEEB0, 0xEEB0,
    0xEEB0, 0xEED0, 0xEED0, 0xEEF1, 0xF712, 0xF712, 0xF732, 0xF732, 0xF732, 0xF732, 0xF733, 0xF733,
    0xF732, 0xF732, 0xF732, 0xF732, 0xF732, 0xF712, 0xF732, 0xF732, 0xF732, 0xF712, 0xF6F1, 0xEED1,
    0xEED1, 0xEED1, 0xEED1, 0xEED1, 0xEED1, 0xEED1, 0xEEF1, 0xF711, 0xF711, 0xF711, 0xF710, 0xF6F0,
    0xEED0, 0xEEAF, 0xEEAF, 0xEEAF, 0xEE8E, 0xE66D, 0xDE2D, 0xD60C, 0xD5EC, 0xCD8B, 0xB509, 0xACA8,
    0xA467, 0xACA8, 0xBD09, 0xC58A, 0xCDCB, 0xD5EC, 0xDE2D, 0xE66D, 0xEE8E, 0xEE8F, 0xEEAF, 0xEEAF,
    0xEEB0, 0xEED0, 0xEEB0, 0xEEB0, 0xEEB0, 0xEEB0, 0xEEB0, 0xEEF1, 0xF712, 0xF712, 0xF732, 0xF732,
    0xF733, 0xF732, 0xF733, 0xF732, 0xF732, 0xF733, 0xF732, 0xF733, 0xF732, 0xF732, 0xF732, 0xF732,
    0xF712, 0xF712, 0xF711, 0xEEF1, 0xEED1, 0xEED1, 0xEED1, 0xEED1, 0xEED1, 0xEED1, 0xEEF1, 0xF6F1,
    0xF711, 0xF711, 0xF710, 0xF6F0, 0xF6F0, 0xEEAF, 0xEEAF, 0xEEAF, 0xE68E, 0xE66D, 0xDE2D, 0xDE0C,
    0xD5EC, 0xCD8B, 0xB509, 0xACC8, 0xA467, 0xA488, 0xBD09, 0xC58A, 0xD5CB, 0xDE2D, 0xE66E, 0xEEAF,
    0xF6EF, 0xEED0, 0xEED0, 0xEED0, 0xEED0, 0xEEF0, 0xEED0, 0xEEF0, 0xEED0, 0xEED1, 0xEEF1, 0xF712,
    0xF733, 0xFF53, 0xFF74, 0xFF74, 0xFF74, 0xFF54, 0xFF54, 0xFF74, 0xFF74, 0xFF74, 0xFF74, 0xFF74,
    0xFF74, 0xFF73, 0xFF74, 0xFF53, 0xFF53, 0xFF53, 0xF733, 0xF712, 0xEEF1, 0xEEF2, 0xF6F2, 0xF6F1,
    0xEEF1, 0xF711, 0xF732, 0xFF52, 0xFF52, 0xFF52, 0xFF52, 0xFF31, 0xF711, 0xEED0, 0xF6F0, 0xF6F0,
    0xF6CF, 0xEEAE, 0xE68E, 0xDE2D, 0xD5EC, 0xCDAB, 0xB509, 0xACC8, 0xA467, 0xACA8, 0xBD2A, 0xCDAB,
    0xD5EC, 0xDE4D, 0xEE8E, 0xEED0, 0xF711, 0xF6F0, 0xEEF1, 0xEED1, 0xF6F1, 0xF6F1, 0xF6F1, 0xF6F1,
    0xF6F2, 0xF6F2, 0xF6F2, 0xF712, 0xF733, 0xFF53, 0xFF54, 0xFF54, 0xFF74, 0xFF74, 0xFF74, 0xFF74,
    0xFF74, 0xFF75, 0xFF74, 0xFF74, 0xFF74, 0xFF74, 0xFF74, 0xFF74, 0xFF54, 0xFF74, 0xF753, 0xF713,
    0xF712, 0xF712, 0xF712, 0xF712, 0xF712, 0xF712, 0xF733, 0xFF53, 0xFF53, 0xFF53, 0xFF52, 0xFF52,
    0xF732, 0xF6F1, 0xF6F1, 0xF6F1, 0xF6F0, 0xEECF, 0xE68E, 0xDE4D, 0xD5EC, 0xCDAB, 0xBD29, 0xACC8,
    0xA467, 0xACC8, 0xC56A, 0xD5CC, 0xDE2D, 0xE68E, 0xF6F0, 0xF752, 0xFF73, 0xFF53, 0xF732, 0xF6F2,
    0xF712, 0xF712, 0xF712, 0xF712, 0xF712, 0xF712, 0xF712, 0xF733, 0xFF75, 0xFF95, 0xFF96, 0xFFB6,
    0xFFB7, 0xFFB7, 0xFFB7, 0xFFB7, 0xFFB7, 0xFFB7, 0xFFB7, 0xFFB7, 0xFFB7, 0xFFB7, 0xFFB7, 0xFFB7,
    0xFFB7, 0xFFB6, 0xFF75, 0xF754, 0xF712, 0xF713, 0xF713, 0xF713, 0xF733, 0xF753, 0xFF74, 0xFF95,
    0xFFB5, 0xFFB5, 0xFFB5, 0xFFB5, 0xFF73, 0xF712, 0xF732, 0xFF53, 0xFF73, 0xF752, 0xF710, 0xE68E,
    0xDE2D, 0xD5CC, 0xBD29, 0xACA8, 0xA467, 0xB4E9, 0xC56A, 0xD5EC, 0xE66D, 0xF6F0, 0xFF72, 0xFFD5,
    0xFFD7, 0xFFB6, 0xF774, 0xF733, 0xF733, 0xF733, 0xF734, 0xF754, 0xF734, 0xF734, 0xF734, 0xF775,
    0xFFB7, 0xFFD8, 0xFFD9, 0xFFFA, 0xFFFA, 0xFFFA, 0xFFFA, 0xFFFA, 0xFFFA, 0xFFFA, 0xFFFA, 0xFFFA,
    0xFFFA, 0xFFFA, 0xFFFA, 0xFFFA, 0xFFF9, 0xFFD9, 0xFFB8, 0xFF96, 0xF734, 0xF734, 0xF754, 0xF755,
    0xF775, 0xFF76, 0xFFB7, 0xFFD8, 0xFFF9, 0xFFF8, 0xFFF8, 0xFFD8, 0xFFB6, 0xF753, 0xFF94, 0xFFD6,
    0xFFD6, 0xFFD5, 0xFF92, 0xEECF, 0xE64D, 0xD5EC, 0xBD29, 0xACA8, 0xA467, 0xACC8, 0xBD4A, 0xCDCB,
    0xE64D, 0xF6EF, 0xFF72, 0xFFD5, 0xFFF7, 0xFFB6, 0xFF96, 0xF754, 0xFF75, 0xFF95, 0xFF96, 0xFF76,
    0xFF76, 0xFF76, 0xFF76, 0xFF97, 0xFFD8, 0xFFD9, 0xFFFA, 0xFFFA, 0xFFFB, 0xFFFA, 0xFFFB, 0xFFFB,
    0xFFFB, 0xFFFB, 0xFFFB, 0xFFFA, 0xFFFA, 0xFFFB, 0xFFFB, 0xFFFB, 0xFFFA, 0xFFFA, 0xFFD9, 0xFFB7,
    0xFF76, 0xFF76, 0xFF96, 0xFF96, 0xFF96, 0xFF97, 0xFFD8, 0xFFD9, 0xFFF9, 0xFFF9, 0xFFF9, 0xFFF9,
    0xFFB7, 0xF774, 0xFFB6, 0xFFD6, 0xFFD6, 0xFFD5, 0xFF72, 0xEECF, 0xDE2D, 0xCDAB, 0xBD09, 0xACA8,
    0x9C47, 0xACA8, 0xC54A, 0xD5EC, 0xE66E, 0xF6CF, 0xFF52, 0xFFB5, 0xFFD6, 0xFFB6, 0xF774, 0xF733,
    0xF733, 0xF733, 0xF754, 0xF754, 0xF754, 0xF754, 0xF734, 0xF776, 0xFFB7, 0xFFD8, 0xFFD9, 0xFFDA,
    0xFFDA, 0xFFDA, 0xFFDA, 0xFFDA, 0xFFDA, 0xFFDA, 0xFFDA, 0xFFDA, 0xFFDA, 0xFFDA, 0xFFDA, 0xFFDA,
    0xFFDA, 0xFFD9, 0xFFB8, 0xFF76, 0xF755, 0xF755, 0xF755, 0xF755, 0xF755, 0xFF75, 0xFFB7, 0xFFD8,
    0xFFD8, 0xFFD8, 0xFFD8, 0xFFD8, 0xFF96, 0xF733, 0xFF74, 0xFFB5, 0xFFD6, 0xFFB5, 0xFF92, 0xEECF,
    0xE64D, 0xD5CC, 0xBD29, 0xAC88, 0x9C47, 0xACA8, 0xBD4A, 0xD5CC, 0xDE0D, 0xE64D, 0xEEAF, 0xF710,
    0xF752, 0xF732, 0xF6F1, 0xEED1, 0xEEF1, 0xEEF1, 0xF6F1, 0xF6F2, 0xEEF1, 0xEEF2, 0xEEF2, 0xF713,
    0xF754, 0xFF74, 0xFF75, 0xFF96, 0xFF96, 0xFF96, 0xFF96, 0xFF96, 0xFF96, 0xFF96, 0xFF96, 0xFF96,
    0xFF96, 0xFF96, 0xFF96, 0xFF96, 0xFF96, 0xFF95, 0xFF54, 0xF733, 0xF712, 0xF712, 0xF712, 0xF712,
    0xF712, 0xF733, 0xF753, 0xFF74, 0xFF73, 0xFF74, 0xFF94, 0xFF73, 0xF732, 0xEEF1, 0xF711, 0xF731,
    0xF731, 0xF710, 0xEECF, 0xE66E, 0xDE2D, 0xCDCB, 0xBD09, 0xACA8, 0xA487, 0xACA8, 0xBD2A, 0xCDAB,
    0xD5EC, 0xDE2D, 0xE66E, 0xEEAE, 0xEECF, 0xEED0, 0xEEB0, 0xEEB0, 0xEEB0, 0xEED0, 0xEED0, 0xEED0,
    0xEED1, 0xEED1, 0xEEF1, 0xF6F2, 0xF732, 0xF733, 0xF753, 0xF753, 0xF753, 0xF753, 0xF753, 0xF754,
    0xF754, 0xF754, 0xF754, 0xF754, 0xF753, 0xF753, 0xF753, 0xF753, 0xF733, 0xF733, 0xF732, 0xF712,
    0xEEF1, 0xEEF1, 0xF6F1, 0xEEF1, 0xEEF1, 0xF711, 0xF711, 0xF711, 0xF732, 0xF732, 0xF731, 0xF731,
    0xF6F0, 0xEEAF, 0xEED0, 0xEECF, 0xEEAF, 0xEEAE, 0xE66E, 0xDE2D, 0xD5EC, 0xCDAB, 0xB509, 0xACC8,
    0xA487, 0xACA8, 0xBD29, 0xCD8B, 0xD5CC, 0xDE0C, 0xE64D, 0xEE8E, 0xEECF, 0xEED0, 0xEED0, 0xEEB0,
    0xEED0, 0xF6F0, 0xEEF0, 0xEEF1, 0xEED0, 0xEEF1, 0xF6F1, 0xF712, 0xF732, 0xF733, 0xFF53, 0xFF53,
    0xF754, 0xF753, 0xF753, 0xF753, 0xF754, 0xFF54, 0xFF54, 0xFF54, 0xF753, 0xF753, 0xF753, 0xF753,
    0xF753, 0xF732, 0xF732, 0xF712, 0xEEF1, 0xEEF1, 0xF6F1, 0xEEF1, 0xF6F1, 0xF711, 0xF711, 0xF731,
    0xF732, 0xF731, 0xF731, 0xF731, 0xF6F0, 0xEED0, 0xEED0, 0xEED0, 0xEEAF, 0xEE8E, 0xE64D, 0xDE2C,
    0xD5CC, 0xCD8B, 0xBD29, 0xACA8, 0xA467, 0xACA8, 0xBD29, 0xC56A, 0xCDCB, 0xD5EC, 0xD5EC, 0xDE4D,
    0xE68E, 0xEEAF, 0xEEB0, 0xEEB0, 0xEED0, 0xEED0, 0xEED0, 0xEED0, 0xEED0, 0xEED1, 0xEED1, 0xF712,
    0xF712, 0xF712, 0xF732, 0xF733, 0xF733, 0xF733, 0xF733, 0xF733, 0xF733, 0xF733, 0xF733, 0xF733,
    0xF733, 0xF732, 0xF733, 0xF732, 0xF712, 0xF712, 0xF712, 0xEEF1, 0xEED1, 0xEED1, 0xEEF1, 0xEED1,
    0xEED1, 0xEED1, 0xEEF1, 0xF6F1, 0xF6F1, 0xF711, 0xF6F0, 0xF6F0, 0xEED0, 0xEEB0, 0xEECF, 0xEEAF,
    0xE68E, 0xE66E, 0xDE2D, 0xD60C, 0xD60C, 0xCDAC, 0xBD09, 0xA488, 0xA487, 0xACC8, 0xBD2A, 0xCD8B,
    0xD5EC, 0xDE0D, 0xDE2D, 0xE66E, 0xEEAF, 0xEED0, 0xEED0, 0xEEB0, 0xEED1, 0xEED0, 0xEEF1, 0xEEF1,
    0xEED1, 0xEED1, 0xF6F2, 0xF732, 0xF733, 0xFF53, 0xFF54, 0xFF74, 0xFF74, 0xFF74, 0xFF74, 0xFF54,
    0xFF74, 0xFF74, 0xFF74, 0xFF74, 0xFF54, 0xFF74, 0xFF54, 0xFF53, 0xFF53, 0xFF53, 0xF733, 0xF6F2,
    0xEED1, 0xEEF2, 0xF712, 0xF6F1, 0xEEF1, 0xF6F1, 0xF732, 0xF732, 0xF752, 0xFF52, 0xFF32, 0xF732,
    0xF711, 0xEED0, 0xF6F0, 0xF6F0, 0xF6F0, 0xEEAE, 0xE64D, 0xDE2D, 0xDE2D, 0xCDCC, 0xB4E9, 0x9C47,
    0xA487, 0xACC8, 0xBD2A, 0xCDAB, 0xD60C, 0xDE4D, 0xEE8F, 0xF6F0, 0xF711, 0xF6F1, 0xF6F1, 0xEED1,
    0xF6F1, 0xF711, 0xF6F1, 0xF6F1, 0xF6F2, 0xF6F2, 0xF712, 0xF713, 0xFF53, 0xFF74, 0xFF95, 0xFF95,
    0xFF95, 0xFF95, 0xFF95, 0xFF95, 0xFF95, 0xFF95, 0xFF75, 0xFF75, 0xFF95, 0xFF95, 0xFF75, 0xFF74,
    0xFF74, 0xFF74, 0xFF54, 0xF733, 0xF6F2, 0xF712, 0xF712, 0xF712, 0xF712, 0xF712, 0xF733, 0xFF73,
    0xFF73, 0xFF73, 0xFF73, 0xFF53, 0xF732, 0xEEF0, 0xF711, 0xF711, 0xF711, 0xF6F0, 0xEE8E, 0xDE4D,
    0xD5EC, 0xCDAB, 0xB4E9, 0xA488, 0xA467, 0xACC8, 0xC54A, 0xCDAC, 0xDE2D, 0xE66E, 0xEED0, 0xF732,
    0xFF73, 0xF733, 0xF712, 0xF6D1, 0xF6F1, 0xF712, 0xF6F2, 0xF6F2, 0xF6F2, 0xF6F2, 0xF6F2, 0xF733,
    0xFF54, 0xFF75, 0xFF96, 0xFFB6, 0xFFB7, 0xFFB7, 0xFFB7, 0xFFB7, 0xFFB7, 0xFFB7, 0xFFB7, 0xFFB6,
    0xFFB7, 0xFFB6, 0xFFB6, 0xFFB6, 0xFFB6, 0xFFB6, 0xFF75, 0xF733, 0xF713, 0xF713, 0xF713, 0xF712,
    0xF712, 0xF733, 0xFF54, 0xFF74, 0xFF94, 0xFF95, 0xFFB5, 0xFF94, 0xFF53, 0xF6F1, 0xF732, 0xFF52,
    0xFF73, 0xF731, 0xEEEF, 0xE68E, 0xDE2D, 0xCDCC, 0xBD09, 0xACA8, 0x9C47, 0xACC9, 0xC58B, 0xCDCC,
    0xE64D, 0xEEAF, 0xF731, 0xFFB5, 0xFFD6, 0xFF95, 0xF734, 0xEEF2, 0xF6F2, 0xF712, 0xF713, 0xF712,
    0xF713, 0xF713, 0xEF13, 0xF754, 0xFF96, 0xFFB7, 0xFFD8, 0xFFD9, 0xFFD9, 0xFFFA, 0xFFFA, 0xFFFA,
    0xFFFA, 0xFFDA, 0xFFD9, 0xFFD9, 0xFFD9, 0xFFF9, 0xFFD9, 0xFFD9, 0xFFD9, 0xFFD9, 0xFFB7, 0xF755,
    0xF713, 0xF734, 0xF713, 0xF713, 0xF733, 0xF754, 0xFF75, 0xFFB7, 0xFFD7, 0xFFD7, 0xFFD8, 0xFFD7,
    0xFF95, 0xF712, 0xFF53, 0xFFB5, 0xFFD5, 0xFFB4, 0xFF92, 0xEEEF, 0xEE8E, 0xD5EC, 0xC54A, 0xACC8,
    0x9C47, 0xB4C9, 0xCD8B, 0xD5CC, 0xE64D, 0xEECF, 0xF731, 0xFFB5, 0xFFD7, 0xFF95, 0xF754, 0xF6F2,
    0xF713, 0xF713, 0xF733, 0xF733, 0xF733, 0xF713, 0xF713, 0xF754, 0xFF96, 0xFFB7, 0xFFD8, 0xFFD9,
    0xFFDA, 0xFFFA, 0xFFDA, 0xFFDA, 0xFFD9, 0xFFDA, 0xFFDA, 0xFFD9, 0xFFF9, 0xFFF9, 0xFFD9, 0xFFDA,
    0xFFD9, 0xFFD9, 0xFFB7, 0xFF75, 0xF734, 0xF734, 0xF733, 0xF733, 0xF734, 0xF754, 0xFF96, 0xFFD7,
    0xFFD7, 0xFFD8, 0xFFD8, 0xFFD8, 0xFF95, 0xF733, 0xFF74, 0xFFB5, 0xFFD6, 0xFFB4, 0xFF72, 0xF6F0,
    0xEECF, 0xD5EC, 0xBD4A, 0xB4C8, 0x9C47, 0xACC8, 0xC54A, 0xCDAB, 0xDE2D, 0xE68E, 0xEECF, 0xF731,
    0xFF53, 0xF732, 0xF712, 0xF6F1, 0xF712, 0xF712, 0xF732, 0xF732, 0xF732, 0xF712, 0xF712, 0xF733,
    0xFF74, 0xFF95, 0xFF96, 0xFF96, 0xFFB6, 0xFFB6, 0xFFB6, 0xFF96, 0xFFB6, 0xFFB6, 0xFF96, 0xFF96,
    0xFFB7, 0xFFB6, 0xFF96, 0xFF96, 0xFFB6, 0xFFB6, 0xFF75, 0xFF54, 0xF733, 0xF713, 0xF713, 0xF733,
    0xF733, 0xF733, 0xFF74, 0xFF94, 0xFF95, 0xFF95, 0xFF95, 0xFF94, 0xFF73, 0xF712, 0xF732, 0xFF52,
    0xFF52, 0xF751, 0xF6F0, 0xEE8E, 0xE64E, 0xD5CC, 0xBD09, 0xACA8, 0x9C47, 0xAC88, 0xBD2A, 0xCDAB,
    0xD60C, 0xE66E, 0xEECF, 0xF710, 0xF731, 0xF732, 0xF712, 0xF6F1, 0xF712, 0xF712, 0xF712, 0xF732,
    0xF712, 0xF732, 0xF712, 0xF733, 0xFF54, 0xFF75, 0xFF95, 0xFF96, 0xFF96, 0xFF95, 0xFF95, 0xFF95,
    0xFF95, 0xFF95, 0xFF95, 0xFF95, 0xFF95, 0xFF95, 0xFF95, 0xFF95, 0xFF95, 0xFF95, 0xFF74, 0xFF54,
    0xF733, 0xF733, 0xF733, 0xF733, 0xF733, 0xF753, 0xFF53, 0xFF74, 0xFF74, 0xFF94, 0xFF73, 0xFF73,
    0xFF52, 0xF711, 0xF731, 0xF752, 0xF731, 0xF710, 0xEECF, 0xE66E, 0xDE0C, 0xCDAB, 0xBD09, 0xACA8,
    0xA467, 0xAC88, 0xBD0A, 0xCD8B, 0xD5EC, 0xDE4D, 0xEEAE, 0xF6F0, 0xF710, 0xF6F0, 0xEEF0, 0xEEB0,
    0xEED0, 0xEED1, 0xEEF1, 0xEEF1, 0xEED1, 0xEEF1, 0xEED1, 0xF712, 0xF733, 0xFF53, 0xFF74, 0xFF74,
    0xFF74, 0xFF74, 0xFF75, 0xFF75, 0xFF74, 0xFF75, 0xFF74, 0xFF74, 0xFF74, 0xFF74, 0xFF94, 0xFF74,
    0xFF74, 0xFF74, 0xF753, 0xF712, 0xEEF1, 0xEEF1, 0xEEF1, 0xEEF1, 0xEEF1, 0xF712, 0xF732, 0xFF53,
    0xFF53, 0xFF73, 0xFF52, 0xF752, 0xF711, 0xEED0, 0xF6F0, 0xF710, 0xF6F0, 0xEEEF, 0xEE8E, 0xDE4D,
    0xD5EC, 0xCD8B, 0xB4E9, 0xA488, 0xA467, 0xA487, 0xB509, 0xC56A, 0xCDAB, 0xD5EC, 0xDE2D, 0xE66D,
    0xEE8E, 0xEEAF, 0xEEAF, 0xE68F, 0xE68F, 0xEEB0, 0xEEB0, 0xEEB0, 0xEEB0, 0xEEB0, 0xEEB0, 0xEEF1,
    0xF6F2, 0xF712, 0xF712, 0xF712, 0xF712, 0xF733, 0xF732, 0xF732, 0xF732, 0xF712, 0xF712, 0xF712,
    0xF733, 0xF732, 0xF732, 0xF712, 0xF712, 0xF712, 0xF712, 0xEEF1, 0xEED1, 0xEEB0, 0xEED1, 0xEEB0,
    0xEEB0, 0xEED1, 0xEEF1, 0xF6F1, 0xF6F1, 0xF6F1, 0xF6F0, 0xF6F0, 0xEED0, 0xEEAF, 0xEEAF, 0xEEAF,
    0xE68E, 0xE66E, 0xDE2D, 0xD5EC, 0xD5EC, 0xC56B, 0xB4C9, 0xA467, 0xA467, 0xA488, 0xB509, 0xC56A,
    0xCDCB, 0xD60C, 0xDE4D, 0xE66E, 0xEE8E, 0xEE8F, 0xEEAF, 0xEEAF, 0xEEB0, 0xEEB0, 0xEED0, 0xEEB0,
    0xEEB0, 0xEEB0, 0xEED0, 0xF6F1, 0xF712, 0xF712, 0xF712, 0xF732, 0xF732, 0xF733, 0xF732, 0xF732,
    0xF733, 0xF732, 0xF712, 0xF732, 0xF732, 0xF732, 0xF732, 0xF712, 0xF732, 0xF712, 0xF712, 0xF6F1,
    0xEED0, 0xEED1, 0xEED1, 0xEED1, 0xEED1, 0xEED1, 0xF6F1, 0xF711, 0xF711, 0xF711, 0xF6F0, 0xF6F0,
    0xEED0, 0xEEAF, 0xEEAF, 0xEEAF, 0xEE8E, 0xE66E, 0xDE2D, 0xD60C, 0xD5CC, 0xC56A, 0xACC9, 0x9C47,
    0x9C47, 0xA488, 0xBD09, 0xC58B, 0xD5CC, 0xDE0D, 0xE64E, 0xEE8E, 0xEEAF, 0xEEAF, 0xEEAF, 0xEEAF,
    0xEED0, 0xEED0, 0xEED1, 0xEED0, 0xEED0, 0xEED1, 0xEED1, 0xF6F1, 0xF712, 0xF712, 0xF732, 0xF733,
    0xF733, 0xF733, 0xF733, 0xF733, 0xF733, 0xF733, 0xF733, 0xF733, 0xF733, 0xF732, 0xF732, 0xF732,
    0xF732, 0xF732, 0xF712, 0xEEF1, 0xEED1, 0xEED1, 0xEED1, 0xEEF1, 0xEEF1, 0xF6F1, 0xF6F1, 0xF711,
    0xF711, 0xF711, 0xF6F1, 0xF6F0, 0xEED0, 0xE6AF, 0xEEAF, 0xEEAF, 0xEE8F, 0xE68E, 0xDE4D, 0xD60C,
    0xCDAB, 0xC56A, 0xB4E9, 0xA467, 0x9C27, 0xA488, 0xBD2A, 0xCDAB, 0xD60C, 0xDE2D, 0xE68E, 0xEECF,
    0xF6F0, 0xF6F0, 0xEED0, 0xEEB0, 0xEED0, 0xEED0, 0xEEF1, 0xEEF1, 0xEED1, 0xEED1, 0xEED1, 0xF712,
    0xF733, 0xF753, 0xFF54, 0xFF53, 0xFF74, 0xFF74, 0xFF74, 0xFF74, 0xFF74, 0xFF74, 0xFF74, 0xFF54,
    0xFF74, 0xFF74, 0xFF74, 0xFF74, 0xFF53, 0xFF53, 0xF733, 0xF712, 0xEEF1, 0xEEF1, 0xEED1, 0xEEF1,
    0xEEF1, 0xF712, 0xF712, 0xFF53, 0xFF52, 0xFF52, 0xFF32, 0xFF32, 0xF711, 0xEED0, 0xF6F0, 0xF711,
    0xF710, 0xF6CF, 0xE68E, 0xDE2D, 0xDE0C, 0xC56B, 0xB4C8, 0xA467, 0x9C47, 0xACA8, 0xBD2A, 0xCDAB,
    0xDE0C, 0xE66E, 0xF6F0, 0xF752, 0xFF93, 0xF773, 0xF712, 0xEED1, 0xEEF1, 0xEEF1, 0xEEF2, 0xEEF2,
    0xEEF2, 0xEEF2, 0xEEF2, 0xF733, 0xFF75, 0xFF96, 0xFFB6, 0xFFB7, 0xFFD7, 0xFFD7, 0xFFD7, 0xFFD7,
    0xFFD7, 0xFFD7, 0xFFB7, 0xFFB6, 0xFFB7, 0xFFD7, 0xFFB7, 0xFFD7, 0xFFB7, 0xFFB6, 0xFF95, 0xF734,
    0xEF12, 0xEEF2, 0xEEF2, 0xEF12, 0xF713, 0xF733, 0xFF74, 0xFFB6, 0xFFB6, 0xFFB6, 0xFFB6, 0xFFB6,
    0xFF74, 0xEEF1, 0xF732, 0xFF73, 0xFF93, 0xFF52, 0xF6EF, 0xE68E, 0xE64D, 0xCDAB, 0xB4E8, 0x9C47,
    0x9C26, 0xA487, 0xB509, 0xCDAB, 0xDE0D, 0xEE8E, 0xF710, 0xFF93, 0xFFB4, 0xFF74, 0xF753, 0xF712,
    0xF733, 0xF733, 0xF733, 0xF733, 0xF733, 0xF733, 0xF734, 0xFF75, 0xFF96, 0xFFB7, 0xFFD7, 0xFFD8,
    0xFFD8, 0xFFD8, 0xFFD8, 0xFFD8, 0xFFD8, 0xFFD8, 0xFFD8, 0xFFD8, 0xFFD8, 0xFFD8, 0xFFD7, 0xFFD8,
    0xFFD7, 0xFFD8, 0xFFB6, 0xFF75, 0xF754, 0xF734, 0xF754, 0xF754, 0xFF54, 0xFF74, 0xFF95, 0xFFB6,
    0xFFD6, 0xFFD7, 0xFFD6, 0xFFD6, 0xFF74, 0xF733, 0xFF73, 0xFFB4, 0xFFB4, 0xFF72, 0xF710, 0xE66E,
    0xDE0D, 0xC56B, 0xB4C8, 0xA467, 0x9C26, 0xA467, 0xB509, 0xCDAB, 0xDE2D, 0xEE8E, 0xF711, 0xFF93,
    0xFFB5, 0xFF94, 0xF753, 0xF712, 0xF733, 0xF733, 0xF733, 0xF733, 0xF733, 0xF733, 0xF733, 0xFF54,
    0xFF95, 0xFFB6, 0xFFD8, 0xFFD8, 0xFFD8, 0xFFD9, 0xFFD9, 0xFFD9, 0xFFD9, 0xFFD9, 0xFFD8, 0xFFD8,
    0xFFD8, 0xFFD8, 0xFFD8, 0xFFD9, 0xFFD8, 0xFFD8, 0xFFB7, 0xFF75, 0xF734, 0xF734, 0xF754, 0xFF54,
    0xF754, 0xF754, 0xFF95, 0xFFD6, 0xFFD7, 0xFFD7, 0xFFD7, 0xFFD7, 0xFF95, 0xF733, 0xF773, 0xFFB4,
    0xFFB4, 0xFF93, 0xF710, 0xE66E, 0xDE0D, 0xCD8B, 0xACC8, 0x9C47, 0x9406, 0xA467, 0xBD09, 0xCD8B,
    0xDE2C, 0xEEAE, 0xF731, 0xFFB4, 0xFFB5, 0xFF94, 0xF753, 0xEEF2, 0xF712, 0xF712, 0xF712, 0xF712,
    0xF712, 0xF713, 0xEF13, 0xF754, 0xFF96, 0xFFB7, 0xFFD8, 0xFFD8, 0xFFD8, 0xFFD9, 0xFFD9, 0xFFD9,
    0xFFD9, 0xFFD9, 0xFFD9, 0xFFD8, 0xFFD9, 0xFFD8, 0xFFD8, 0xFFD9, 0xFFD9, 0xFFD8, 0xFFB7, 0xF775,
    0xF713, 0xF713, 0xEF13, 0xF733, 0xF733, 0xF754, 0xFF96, 0xFFD7, 0xFFD7, 0xFFD8, 0xFFD8, 0xFFD7,
    0xFF95, 0xEF12, 0xF753, 0xFFB5, 0xFFB5, 0xFFB3, 0xF751, 0xE68E, 0xDE2D, 0xCD8B, 0xB4C9, 0x9C27,
    0x9406, 0xA467, 0xB509, 0xC58B, 0xD5EC, 0xDE2D, 0xEE8E, 0xF6F0, 0xF731, 0xF711, 0xEED1, 0xEEB0,
    0xEEB0, 0xEEB0, 0xEED0, 0xEED0, 0xEEB1, 0xEEB1, 0xEEB1, 0xF6F2, 0xF733, 0xFF54, 0xFF74, 0xFF74,
    0xFF95, 0xFF75, 0xFF95, 0xFF95, 0xFF95, 0xFF95, 0xFF75, 0xFF75, 0xFF95, 0xFF95, 0xFF95, 0xFF95,
    0xFF75, 0xFF95, 0xF754, 0xF712, 0xEED2, 0xEED2, 0xEED1, 0xEED1, 0xEED1, 0xF712, 0xF733, 0xFF54,
    0xFF74, 0xFF74, 0xFF74, 0xFF74, 0xF732, 0xEED0, 0xF711, 0xF732, 0xF731, 0xF710, 0xE68E, 0xDE2D,
    0xD5EC, 0xC56B, 0xACA8, 0x9C26, 0x9406, 0xA467, 0xB4C9, 0xC56A, 0xCDAB, 0xD5CC, 0xDE0C, 0xE64D,
    0xE68E, 0xE68F, 0xE68F, 0xE66F, 0xE66F, 0xE68F, 0xE68F, 0xE66F, 0xE66F, 0xE68F, 0xE68F, 0xEEB0,
    0xEED0, 0xEEF1, 0xEEF1, 0xF6F1, 0xF711, 0xF712, 0xF712, 0xF712, 0xF712, 0xF712, 0xF712, 0xF712,
    0xF712, 0xF6F2, 0xEEF1, 0xEEF1, 0xF6F1, 0xF712, 0xEEF1, 0xEED1, 0xEEB1, 0xEEB0, 0xEEB0, 0xE690,
    0xEEB0, 0xEEB0, 0xEED1, 0xEED1, 0xEED0, 0xEED0, 0xEED0, 0xEEF0, 0xEEAF, 0xE68F, 0xEEAF, 0xEEAF,
    0xEE8E, 0xE66E, 0xDE2D, 0xD5EC, 0xCDAB, 0xC56A, 0xACA8, 0x9C27, 0x93E6, 0x9C47, 0xACA8, 0xBD4A,
    0xC58A, 0xCDAB, 0xD5EC, 0xDE2D, 0xE64E, 0xDE4E, 0xE64E, 0xE66E, 0xE68F, 0xE66E, 0xE66F, 0xE66F,
    0xE64E, 0xE66F, 0xE66F, 0xE68F, 0xEEB0, 0xEEB0, 0xEED0, 0xEED0, 0xEEB0, 0xEED0, 0xEED0, 0xEED1,
    0xEEF1, 0xEEF1, 0xEEF1, 0xF6F1, 0xEEF1, 0xEED1, 0xEED0, 0xEEB0, 0xEED0, 0xEED0, 0xEED0, 0xEEB0,
    0xE6B0, 0xE6B0, 0xEEB0, 0xE68F, 0xE6B0, 0xE6B0, 0xEEB0, 0xEEB0, 0xEEB0, 0xEEAF, 0xEEAF, 0xEEAF,
    0xE68E, 0xE66E, 0xE66E, 0xDE4E, 0xDE2D, 0xDE0C, 0xD5EC, 0xCDAB, 0xC56B, 0xBD2A, 0xA468, 0x9426,
    0x8BC6, 0x9426, 0xACA8, 0xBD29, 0xC54A, 0xCDAB, 0xD5CC, 0xDE0D, 0xDE4D, 0xDE4D, 0xDE4D, 0xDE4D,
    0xE66E, 0xE66E, 0xE66E, 0xE64E, 0xDE4E, 0xE66F, 0xE66F, 0xE68F, 0xEEB0, 0xEED0, 0xEED0, 0xEEB0,
    0xEEB0, 0xEED0, 0xEED1, 0xEED1, 0xEEF1, 0xEED1, 0xEED1, 0xEEF1, 0xF6F1, 0xEED1, 0xEED0, 0xEEB0,
    0xEED0, 0xEED0, 0xEEB0, 0xE690, 0xE68F, 0xE68F, 0xE68F, 0xE68F, 0xE690, 0xE690, 0xEEB0, 0xEEB0,
    0xEEAF, 0xEEAF, 0xEE8F, 0xE68F, 0xE66E, 0xE64E, 0xE64E, 0xDE2D, 0xD60C, 0xD5EC, 0xCDCB, 0xCD8B,
    0xC56A, 0xBD09, 0xA467, 0x93E6, 0x8BC5, 0x9426, 0xA488, 0xBD29, 0xC54A, 0xCDAB, 0xD5CC, 0xD5EC,
    0xDE2D, 0xDE2D, 0xDE2D, 0xDE2D, 0xDE4E, 0xDE4E, 0xE64E, 0xDE4E, 0xDE4E, 0xDE4E, 0xE66F, 0xE66F,
    0xE690, 0xEEB0, 0xEEB0, 0xEEB0, 0xEEB0, 0xEEB0, 0xEED0, 0xEED0, 0xEED0, 0xEEB0, 0xEEB0, 0xEED1,
    0xEED0, 0xEED0, 0xEEB0, 0xEED0, 0xEED0, 0xEEB0, 0xEEB0, 0xE66F, 0xE66F, 0xE66F, 0xE68F, 0xE68F,
    0xE68F, 0xE68F, 0xE68F, 0xE68F, 0xE68F, 0xE68F, 0xE68F, 0xE66E, 0xE66E, 0xDE2E, 0xDE2D, 0xDE2D,
    0xDE0C, 0xD5EC, 0xCDCB, 0xCD8B, 0xC54A, 0xB4E9, 0xA467, 0x93E6, 0x8BC5, 0x9406, 0xA488, 0xBD29,
    0xC54A, 0xCD8B, 0xD5CB, 0xD5EC, 0xDE0D, 0xDE4D, 0xDE2D, 0xDE2D, 0xDE2E, 0xDE2E, 0xDE4E, 0xDE4E,
    0xDE4E, 0xDE4E, 0xDE4E, 0xE68F, 0xE690, 0xEEB0, 0xEEB0, 0xEED0, 0xEEB0, 0xEEB0, 0xEED0, 0xEED0,
    0xEED1, 0xEED1, 0xEED1, 0xEED0, 0xEED1, 0xEED1, 0xEED1, 0xEED0, 0xEED0, 0xEED0, 0xEED0, 0xE690,
    0xE66F, 0xE68F, 0xE68F, 0xE68F, 0xE68F, 0xE66F, 0xEE90, 0xEEB0, 0xEE8F, 0xEE8F, 0xEE8F, 0xE66E,
    0xE66E, 0xDE4E, 0xE64E, 0xE64E, 0xE62D, 0xDE0C, 0xD5CB, 0xCD8B, 0xC56A, 0xB4E9, 0x9C47, 0x8BA5,
    0x8BA5, 0x8BE6, 0xA467, 0xBD09, 0xC56B, 0xCDCB, 0xD5CB, 0xDE0C, 0xE64D, 0xE64D, 0xDE4E, 0xDE2D,
    0xDE2E, 0xDE4D, 0xDE4E, 0xE64E, 0xDE4E, 0xDE4E, 0xDE4E, 0xE68F, 0xE690, 0xEED0, 0xEEF1, 0xEEF1,
    0xF6F1, 0xF6D1, 0xF711, 0xF711, 0xF712, 0xF712, 0xF6F1, 0xF6F1, 0xF712, 0xF711, 0xF6F1, 0xF712,
    0xF6F1, 0xF6F1, 0xEED1, 0xE690, 0xE66F, 0xE66F, 0xE68F, 0xE68F, 0xE690, 0xE690, 0xEEB0, 0xEED0,
    0xEEAF, 0xEEAF, 0xEEAF, 0xEE8E, 0xE66E, 0xDE2D, 0xE64E, 0xE66E, 0xE64D, 0xDE0C, 0xCDAB, 0xC56A,
    0xBD4A, 0xB4C9, 0x9C27, 0x8BA5, 0x83A5, 0x93E6, 0xA488, 0xB4E9, 0xBD2A, 0xC56B, 0xCD8B, 0xD5EC,
    0xDE0D, 0xD5EC, 0xD5EC, 0xD5EC, 0xD5EC, 0xD5EC, 0xD60D, 0xDE0D, 0xD60D, 0xD5ED, 0xD60D, 0xDE4E,
    0xE66F, 0xE68F, 0xE690, 0xE690, 0xEEB0, 0xEEB0, 0xEED0, 0xEED0, 0xEED0, 0xEEB0, 0xEEB0, 0xEEB0,
    0xEED0, 0xEEB0, 0xEEB0, 0xEEB0, 0xEEB0, 0xEEB0, 0xE690, 0xDE4F, 0xDE2E, 0xDE4E, 0xDE2E, 0xDE2E,
    0xDE2E, 0xDE4E, 0xE66E, 0xE66F, 0xE66E, 0xE66E, 0xE64D, 0xDE4D, 0xDE2D, 0xD5EC, 0xDE0D, 0xDE0D,
    0xDE0C, 0xD5CB, 0xCD8B, 0xBD4A, 0xBD2A, 0xACC9, 0x9407, 0x83A5, 0x8385, 0x8BC6, 0xA467, 0xB4C9,
    0xBD0A, 0xBD2A, 0xC54A, 0xCDAB, 0xCDAB, 0xCDAC, 0xCDAC, 0xCDAC, 0xCDCC, 0xD5CC, 0xD5ED, 0xD5ED,
    0xD5ED, 0xD5ED, 0xD5CC, 0xD60D, 0xDE2E, 0xDE4E, 0xDE4E, 0xDE4E, 0xDE4E, 0xDE2E, 0xDE4E, 0xE64F,
    0xE66F, 0xE66F, 0xDE4F, 0xE64F, 0xE66F, 0xE66F, 0xDE4F, 0xDE4F, 0xDE4F, 0xDE4E, 0xDE2E, 0xDE0E,
    0xD60E, 0xD60E, 0xD60E, 0xD60D, 0xDE0E, 0xD60D, 0xDE0D, 0xDE2D, 0xDE2D, 0xDE0D, 0xD5EC, 0xD5EC,
    0xD5EC, 0xCDCC, 0xCDCC, 0xCDAC, 0xCDAB, 0xCD8B, 0xBD4A, 0xBD09, 0xB4E9, 0xACA8, 0x9407, 0x8385,
    0x8385, 0x8BC6, 0x9C27, 0xACA8, 0xB4E9, 0xBD09, 0xBD2A, 0xC56A, 0xC56B, 0xC58B, 0xC58B, 0xCDAB,
    0xCDAC, 0xCDAC, 0xCDCC, 0xCDCC, 0xCDAC, 0xCDCC, 0xCDCC, 0xD5ED, 0xD5ED, 0xD60D, 0xD60D, 0xD5ED,
    0xD60D, 0xD60D, 0xDE0D, 0xDE2E, 0xDE2E, 0xDE2E, 0xDE2E, 0xDE2E, 0xDE2E, 0xDE2E, 0xDE0E, 0xDE2E,
    0xDE2E, 0xDE2E, 0xD5ED, 0xD5ED, 0xCDCD, 0xCDCC, 0xD5ED, 0xD5CC, 0xD5ED, 0xD5ED, 0xD5ED, 0xD5ED,
    0xD5ED, 0xD5EC, 0xD5CB, 0xCDAB, 0xD5CC, 0xCDAB, 0xCDAB, 0xCD8B, 0xC58B, 0xC54A, 0xBD2A, 0xB509,
    0xB4E9, 0xACA8, 0x9406, 0x7B65, 0x8385, 0x8BC6, 0x9407, 0xA468, 0xACA8, 0xACC8, 0xACC9, 0xACC8,
    0xB4E9, 0xB509, 0xBD2A, 0xBD2A, 0xBD2A, 0xBD2A, 0xBD4A, 0xC54A, 0xBD2A, 0xBD4A, 0xC54B, 0xC56B,
    0xC54B, 0xC56B, 0xC56B, 0xC54B, 0xBD4B, 0xC56B, 0xC56B, 0xC56B, 0xC58C, 0xC58C, 0xC58C, 0xC58C,
    0xC58C, 0xC58C, 0xC58C, 0xC58B, 0xC58C, 0xC58B, 0xC56B, 0xC56B, 0xC56B, 0xC56B, 0xC56B, 0xC56B,
    0xC58B, 0xC56B, 0xC54A, 0xBD4A, 0xBD2A, 0xBD2A, 0xBD2A, 0xBD2A, 0xC54A, 0xBD2A, 0xBD09, 0xB4E9,
    0xB4C9, 0xACC9, 0xACC8, 0xACA8, 0xACA8, 0x9C47, 0x8BC6, 0x7B65, 0x7B45, 0x7B45, 0x8BA6, 0x93E6,
    0x9406, 0x9C27, 0x9C47, 0x9C27, 0x9C47, 0xA467, 0xA467, 0xA467, 0xA488, 0xAC88, 0xAC88, 0xAC88,
    0xACA8, 0xACA8, 0xA488, 0xACA8, 0xACA8, 0xACC9, 0xACC9, 0xACA8, 0xACA8, 0xACA8, 0xACA8, 0xACC9,
    0xB4E9, 0xACC9, 0xACC9, 0xACC9, 0xACC9, 0xACC9, 0xACC9, 0xACA9, 0xB4C9, 0xACC9, 0xACC9, 0xACC9,
    0xACC9, 0xACC9, 0xACA9, 0xACA8, 0xACA9, 0xACC9, 0xACA8, 0xA488, 0xA488, 0xAC88, 0xAC88, 0xA488,
    0xA467, 0xA467, 0xA447, 0x9C47, 0x9C27, 0x9406, 0x9406, 0x9407, 0x9407, 0x8BC6, 0x7B45, 0x7B65,
    0x6AE4, 0x7B45, 0x8385, 0x83A5, 0x8BC5, 0x8BC6, 0x8BA5, 0x8385, 0x8BA5, 0x93E6, 0x93E6, 0x93E6,
    0x9426, 0x9C27, 0x9C26, 0x9C47, 0x9C47, 0x9C47, 0x9C27, 0x9C27, 0x9C47, 0x9C47, 0x9C67, 0x9C47,
    0xA447, 0xA447, 0x9C47, 0x9407, 0x9C47, 0x9C47, 0x9C27, 0x8BE6, 0x9407, 0x9C47, 0xA467, 0xA467,
    0xA488, 0xA467, 0xA467, 0xA467, 0x9C67, 0x9C47, 0x9C47, 0x9C47, 0x9C47, 0x9C47, 0x9C26, 0x93E6,
    0x8BE6, 0x9C26, 0x9C27, 0x9C26, 0x9406, 0x9406, 0x93E6, 0x93E6, 0x8BC5, 0x8BA5, 0x83A5, 0x8385,
    0x7B65, 0x7B65, 0x7B45, 0x7304,
};
#define TEXTURE_LIGHT_MIP2_SIZE 32
static const uint16_t TEXTURE_LIGHT_MIP2_PIXELS[1024] __attribute__((aligned(16))) = {
    0x8385, 0x93E6, 0x9C06, 0x9C46, 0xA467, 0xA487, 0xA467, 0xA487, 0xA487, 0xACA7, 0xACA7, 0xACA7,
    0xACA7, 0xACA7, 0xACA7, 0xAC87, 0xA487, 0xACA7, 0xAC87, 0xAC87, 0xAC87, 0xA466, 0xA466, 0xA466,
    0xAC87, 0xA487, 0xA446, 0x9C26, 0x9C26, 0x9406, 0x93E6, 0x8365, 0x83A5, 0xA467, 0xB4E9, 0xBD29,
    0xC56A, 0xCD8B, 0xCD8B, 0xCDAB, 0xCDAB, 0xCDAC, 0xCDAC, 0xCDAB, 0xCDAB, 0xCDAB, 0xCDAB, 0xCDAB,
    0xCDAB, 0xCDAB, 0xCDAB, 0xCDAB, 0xCDAB, 0xCDAB, 0xCD8B, 0xCD8B, 0xCD8B, 0xCD8A, 0xCD8A, 0xC56A,
    0xC549, 0xB4E8, 0xACA8, 0x8BC6, 0x8BC6, 0xACA8, 0xC56A, 0xD5CB, 0xDE0D, 0xDE2D, 0xDE2D, 0xDE4E,
    0xDE4E, 0xDE4E, 0xE66F, 0xE66F, 0xE68F, 0xE68F, 0xE68F, 0xE68F, 0xE66E, 0xE66E, 0xE66E, 0xE64E,
    0xDE4E, 0xDE4E, 0xDE4E, 0xE64E, 0xE66E, 0xE64D, 0xDE2D, 0xDE0C, 0xD5EB, 0xC56A, 0xBD09, 0x9406,
    0x9406, 0xBD09, 0xDE0C, 0xEEAF, 0xF731, 0xEEB0, 0xE68F, 0xEEB0, 0xEEB1, 0xEEF2, 0xF754, 0xFF74,
    0xF774, 0xFF75, 0xFF95, 0xFF95, 0xFF95, 0xFF75, 0xFF75, 0xF733, 0xEED1, 0xEED1, 0xEEF1, 0xF754,
    0xFF74, 0xF753, 0xEEF1, 0xF6F1, 0xF710, 0xE64D, 0xC56A, 0x9C47, 0x93E6, 0xBD29, 0xDE2C, 0xF731,
    0xFF74, 0xF712, 0xF712, 0xF712, 0xF713, 0xF734, 0xFF96, 0xFFB7, 0xFFD7, 0xFFD8, 0xFFD8, 0xFFB8,
    0xFFD8, 0xFFB8, 0xFFB7, 0xFF75, 0xF713, 0xF733, 0xF733, 0xFF95, 0xFFB6, 0xFFB6, 0xF753, 0xFF73,
    0xFF72, 0xEE8E, 0xC56A, 0xA467, 0x9C27, 0xC54A, 0xDE2C, 0xF731, 0xF773, 0xEEF2, 0xEEF2, 0xEEF2,
    0xEEF2, 0xEF13, 0xFF96, 0xFFB7, 0xFFB8, 0xFFB8, 0xFFB8, 0xFFB8, 0xFFB8, 0xFFB8, 0xFFB8, 0xFF76,
    0xEEF3, 0xEF12, 0xF733, 0xFF96, 0xFFB6, 0xFFB7, 0xF753, 0xF753, 0xFF93, 0xEEAF, 0xCD8A, 0xACA7,
    0xA467, 0xBD49, 0xD5CB, 0xE66D, 0xEEAF, 0xEEAF, 0xEED0, 0xEED0, 0xEED0, 0xEED0, 0xF712, 0xF732,
    0xF733, 0xF753, 0xFF53, 0xF733, 0xF733, 0xF732, 0xF732, 0xF6F2, 0xEED1, 0xEED1, 0xEEF1, 0xF711,
    0xF711, 0xF731, 0xEED0, 0xEEAF, 0xEEAE, 0xDE2D, 0xCD8A, 0xACA8, 0xA487, 0xC54A, 0xD5EC, 0xE64D,
    0xEEAE, 0xEECF, 0xEED0, 0xEED0, 0xEED0, 0xEED1, 0xF711, 0xF732, 0xF732, 0xF732, 0xF732, 0xF732,
    0xF732, 0xF732, 0xF712, 0xF6F1, 0xEED1, 0xEED1, 0xEED1, 0xF711, 0xF711, 0xF6F0, 0xEECF, 0xEEAF,
    0xEE8E, 0xDE2C, 0xCDAB, 0xACC8, 0xA487, 0xC58B, 0xDE2D, 0xF6CF, 0xF731, 0xF6F0, 0xF6F1, 0xF6F1,
    0xF6F1, 0xF712, 0xFF53, 0xFF94, 0xFF94, 0xFF95, 0xFF94, 0xFF95, 0xFF95, 0xFF74, 0xFF74, 0xF733,
    0xF712, 0xF712, 0xF712, 0xFF53, 0xFF73, 0xFF73, 0xF711, 0xF711, 0xF710, 0xE66E, 0xD5EC, 0xACC8,
    0xACA7, 0xCDAB, 0xEE8D, 0xFF72, 0xFF95, 0xF712, 0xF712, 0xF712, 0xF713, 0xF733, 0xFF96, 0xFFD8,
    0xFFD8, 0xFFD9, 0xFFD9, 0xFFD9, 0xFFD9, 0xFFD9, 0xFFD8, 0xFF75, 0xF713, 0xF713, 0xF754, 0xFFB6,
    0xFFD7, 0xFFD7, 0xF753, 0xFF94, 0xFFB4, 0xF730, 0xE64D, 0xB4E8, 0xACA7, 0xC58A, 0xE66D, 0xF750,
    0xFF93, 0xF732, 0xF732, 0xF733, 0xF733, 0xF754, 0xFFB6, 0xFFD7, 0xFFD7, 0xFFD7, 0xFFD8, 0xFFD7,
    0xFFD7, 0xFFD7, 0xFFD7, 0xFF95, 0xF754, 0xF754, 0xF774, 0xFFB6, 0xFFD6, 0xFFD6, 0xF753, 0xFF73,
    0xFF93, 0xF6EF, 0xDE0C, 0xB4C8, 0xA487, 0xC54A, 0xD5EC, 0xE66E, 0xEEAF, 0xEEAF, 0xEEB0, 0xEEB0,
    0xEED0, 0xEED1, 0xF712, 0xF732, 0xF733, 0xFF53, 0xF753, 0xF733, 0xF732, 0xF733, 0xF732, 0xEEF1,
    0xEED1, 0xEED1, 0xEED1, 0xF711, 0xF711, 0xF711, 0xEED0, 0xEECF, 0xEEAE, 0xDE2D, 0xD5CB, 0xB4C8,
    0xA487, 0xBD4A, 0xD5EC, 0xE66E, 0xEEAF, 0xEEAF, 0xEED0, 0xEED0, 0xEED0, 0xEED1, 0xF732, 0xF753,
    0xF753, 0xF753, 0xFF53, 0xF753, 0xF753, 0xF733, 0xF732, 0xF712, 0xEED1, 0xEEF1, 0xEEF1, 0xF711,
    0xF731, 0xF711, 0xEED0, 0xEECF, 0xEE8E, 0xDE2D, 0xD5CB, 0xB4E9, 0xA488, 0xC58B, 0xDE2D, 0xF6F0,
    0xF732, 0xF6F1, 0xF6F1, 0xF6F2, 0xF6F2, 0xF712, 0xFF54, 0xFF75, 0xFF95, 0xFF96, 0xFF96, 0xFF95,
    0xFF96, 0xFF95, 0xFF95, 0xF754, 0xF712, 0xF712, 0xF733, 0xFF54, 0xFF74, 0xFF74, 0xF712, 0xF711,
    0xF731, 0xE68E, 0xD5EC, 0xB4E9, 0xACA8, 0xCD8B, 0xEEAE, 0xFF94, 0xFFD6, 0xF754, 0xF754, 0xF755,
    0xF755, 0xF775, 0xFFD8, 0xFFFA, 0xFFFA, 0xFFFA, 0xFFFA, 0xFFFA, 0xFFFA, 0xFFFA, 0xFFDA, 0xFFB7,
    0xF755, 0xFF75, 0xFF76, 0xFFD8, 0xFFF9, 0xFFF9, 0xFF95, 0xFFB5, 0xFFD5, 0xF731, 0xD60C, 0xB4C8,
    0xA467, 0xCD8B, 0xE66E, 0xF731, 0xFF74, 0xF712, 0xF712, 0xF713, 0xF713, 0xF734, 0xFF96, 0xFFB7,
    0xFFB8, 0xFFB8, 0xFFB8, 0xFFB8, 0xFFB8, 0xFFB8, 0xFFB7, 0xFF75, 0xF734, 0xF734, 0xF754, 0xFF95,
    0xFFB6, 0xFFB6, 0xF733, 0xF753, 0xF773, 0xEEF0, 0xD60C, 0xB4C8, 0xAC88, 0xC56A, 0xD60C, 0xE66E,
    0xEECF, 0xEEB0, 0xEED0, 0xEED0, 0xEED1, 0xF6F1, 0xF732, 0xF753, 0xF753, 0xF753, 0xF754, 0xF754,
    0xF753, 0xF753, 0xF733, 0xF712, 0xEEF1, 0xEEF1, 0xF6F1, 0xF711, 0xF731, 0xF731, 0xEED0, 0xEED0,
    0xEEAE, 0xDE4D, 0xCDCB, 0xB4E8, 0xAC88, 0xC54A, 0xD5EC, 0xDE2D, 0xEEAF, 0xEEB0, 0xEED0, 0xEED1,
    0xEED1, 0xF6F2, 0xF712, 0xF753, 0xF753, 0xF733, 0xF753, 0xF753, 0xF753, 0xF733, 0xF733, 0xF712,
    0xEED1, 0xEEF1, 0xEEF1, 0xF711, 0xF711, 0xF711, 0xEED0, 0xEED0, 0xEEAE, 0xDE2D, 0xD5EC, 0xACA8,
    0xA488, 0xC56B, 0xDE2D, 0xEED0, 0xF732, 0xF6F1, 0xF6F1, 0xF6F1, 0xF6F2, 0xF712, 0xFF54, 0xFF95,
    0xFF96, 0xFF96, 0xFF96, 0xFF96, 0xFF96, 0xFF95, 0xFF95, 0xF754, 0xF712, 0xF712, 0xF712, 0xFF53,
    0xFF74, 0xFF74, 0xF711, 0xF731, 0xF731, 0xE68E, 0xD5EC, 0xB4C8, 0xA488, 0xCDAB, 0xE68E, 0xFF73,
    0xFFB6, 0xF713, 0xF712, 0xF713, 0xF713, 0xF733, 0xFF96, 0xFFD9, 0xFFDA, 0xFFDA, 0xFFDA, 0xFFD9,
    0xFFD9, 0xFFD9, 0xFFD9, 0xFF76, 0xF734, 0xF713, 0xF734, 0xFF96, 0xFFD7, 0xFFD8, 0xF754, 0xFF94,
    0xFFB5, 0xF731, 0xDE4D, 0xB509, 0xA468, 0xC56A, 0xDE4D, 0xF6F0, 0xF732, 0xF711, 0xF712, 0xF732,
    0xF712, 0xF733, 0xFF75, 0xFF96, 0xFFB6, 0xFF96, 0xFF96, 0xFF96, 0xFFB6, 0xFF96, 0xFF95, 0xFF54,
    0xF713, 0xF713, 0xF733, 0xFF74, 0xFF94, 0xFF94, 0xF732, 0xF732, 0xF731, 0xEEAF, 0xD5EC, 0xB4E8,
    0xA467, 0xBD4A, 0xD5EC, 0xE68E, 0xEECF, 0xEEB0, 0xEEB0, 0xEED0, 0xEED0, 0xEED1, 0xF712, 0xF733,
    0xF753, 0xF753, 0xF753, 0xF753, 0xF753, 0xF753, 0xF733, 0xF712, 0xEED1, 0xEED1, 0xEED1, 0xF712,
    0xF732, 0xF711, 0xEED0, 0xEECF, 0xEEAF, 0xDE2D, 0xCDAB, 0xACA8, 0xA467, 0xBD4A, 0xD5EC, 0xE66E,
    0xEEAF, 0xEEAF, 0xEEB0, 0xEED0, 0xEEB0, 0xEED1, 0xF712, 0xF732, 0xF733, 0xF732, 0xF733, 0xF732,
    0xF732, 0xF732, 0xF712, 0xF6F1, 0xEED1, 0xEED1, 0xEED1, 0xF6F1, 0xF711, 0xF6F0, 0xEEAF, 0xEEAF,
    0xE68E, 0xDE0D, 0xCD8B, 0xAC88, 0xA467, 0xC56A, 0xDE2D, 0xEEF0, 0xF732, 0xEED1, 0xEED1, 0xEEF1,
    0xEED1, 0xEEF2, 0xFF54, 0xFF95, 0xFF95, 0xFF96, 0xFF96, 0xFF95, 0xFF95, 0xFF95, 0xFF95, 0xF753,
    0xEEF2, 0xEEF2, 0xF712, 0xFF54, 0xFF74, 0xFF74, 0xF711, 0xF732, 0xF731, 0xE68E, 0xD5EC, 0xAC88,
    0x9C47, 0xC54A, 0xE64D, 0xF752, 0xFF94, 0xF733, 0xF733, 0xF733, 0xF733, 0xF754, 0xFF96, 0xFFD8,
    0xFFD8, 0xFFD8, 0xFFD8, 0xFFD8, 0xFFD8, 0xFFD8, 0xFFD8, 0xFF96, 0xF734, 0xF754, 0xF754, 0xFFB6,
    0xFFD7, 0xFFD7, 0xF754, 0xFF94, 0xFF93, 0xEEAF, 0xD5CC, 0xA488, 0x9C47, 0xC54A, 0xDE2D, 0xF711,
    0xF773, 0xEEF1, 0xEED1, 0xEEF1, 0xEEF2, 0xEF12, 0xFF75, 0xFFB6, 0xFFB7, 0xFFB7, 0xFFB7, 0xFFB7,
    0xFFB7, 0xFFB7, 0xFFB7, 0xF755, 0xEEF2, 0xEEF2, 0xF713, 0xFF75, 0xFF96, 0xFFB6, 0xF732, 0xF753,
    0xF773, 0xE6AF, 0xD5CC, 0xA467, 0x9C26, 0xB509, 0xCDAB, 0xDE0D, 0xE66E, 0xE66E, 0xE66F, 0xE66F,
    0xE66F, 0xE68F, 0xEED0, 0xEED1, 0xEEF1, 0xEEF1, 0xF6F1, 0xF6F1, 0xEEF1, 0xEED1, 0xEED1, 0xEED1,
    0xEEB0, 0xE690, 0xE6B0, 0xEEB0, 0xEED0, 0xEEAF, 0xE68F, 0xE66E, 0xE64D, 0xD5EC, 0xC56A, 0xA467,
    0x93E6, 0xB4C8, 0xC56A, 0xD5EC, 0xDE2D, 0xDE2D, 0xDE4E, 0xDE4E, 0xDE4E, 0xE66F, 0xEEB0, 0xEEB0,
    0xEEB0, 0xEED0, 0xEED1, 0xEED1, 0xEED1, 0xEEB0, 0xEED0, 0xE690, 0xE66F, 0xE68F, 0xE68F, 0xE68F,
    0xEE8F, 0xE68E, 0xE64E, 0xDE2D, 0xD5EC, 0xCDAB, 0xBD2A, 0x9C27, 0x8BC6, 0xACC8, 0xCD8B, 0xD5EC,
    0xDE2D, 0xDE2D, 0xDE2D, 0xDE4E, 0xDE4E, 0xE66F, 0xEEB0, 0xEED1, 0xEED0, 0xEEF1, 0xF6F1, 0xEED1,
    0xF6F1, 0xEED1, 0xEEF1, 0xEEB0, 0xE66F, 0xE68F, 0xE68F, 0xEEB0, 0xEEAF, 0xEE8E, 0xE64E, 0xE64E,
    0xDE2D, 0xCD8B, 0xBD09, 0x93E6, 0x8BA6, 0xACA8, 0xBD2A, 0xCD8B, 0xD5CC, 0xD5CC, 0xD5CC, 0xD5ED,
    0xD5ED, 0xD60D, 0xDE4E, 0xE66F, 0xE66F, 0xE68F, 0xE690, 0xE68F, 0xE690, 0xE68F, 0xE66F, 0xDE4F,
    0xDE0E, 0xDE0E, 0xDE2E, 0xDE4E, 0xDE2E, 0xDE0D, 0xD5EC, 0xD5EC, 0xD5CB, 0xBD4A, 0xB4E9, 0x8BC6,
    0x83A5, 0x9C47, 0xB4C9, 0xB509, 0xBD2A, 0xC56B, 0xC56B, 0xC58B, 0xC56B, 0xCD8C, 0xCDAC, 0xCDAC,
    0xCDAC, 0xCDCC, 0xCDCD, 0xD5CD, 0xCDCD, 0xCDCD, 0xCDCD, 0xCDAC, 0xCD8C, 0xCDAC, 0xCDAC, 0xCD8B,
    0xC58B, 0xC56A, 0xC56B, 0xBD4A, 0xBD09, 0xB4E9, 0xACA8, 0x83A5, 0x7B25, 0x8BA5, 0x93E6, 0x93E6,
    0x9406, 0x9C27, 0x9C47, 0xA467, 0xA467, 0xA467, 0xA488, 0xA488, 0xA488, 0xA468, 0xA488, 0xA468,
    0xA468, 0xA488, 0xACA8, 0xA488, 0xA488, 0xA488, 0xA488, 0x9C47, 0x9C47, 0x9C47, 0x9C27, 0x9C26,
    0x93E6, 0x8BC6, 0x83A5, 0x7B24,
};
#define TEXTURE_LIGHT_MIP3_SIZE 16
static const uint16_t TEXTURE_LIGHT_MIP3_PIXELS[256] __attribute__((aligned(16))) = {
    0x8BC6, 0xACA8, 0xB4E9, 0xB509, 0xBD29, 0xBD29, 0xBD29, 0xBD29, 0xBD09, 0xBD09, 0xBD09, 0xB4E8,
    0xB508, 0xB4C8, 0xAC87, 0x93E6, 0xA467, 0xD5EC, 0xE68F, 0xE66F, 0xE690, 0xEEF1, 0xEEF2, 0xEF12,
    0xEEF2, 0xEED1, 0xE68F, 0xEEB0, 0xEED0, 0xE68F, 0xDE2D, 0xACA8, 0xACA8, 0xEEAE, 0xF733, 0xF712,
    0xF713, 0xFFB6, 0xFFB8, 0xFFB8, 0xFFB8, 0xFF96, 0xF713, 0xF774, 0xFFB6, 0xF753, 0xF711, 0xB509,
    0xB4E8, 0xDE0C, 0xEEAF, 0xEED0, 0xEED0, 0xF712, 0xF732, 0xF732, 0xF732, 0xF712, 0xEED1, 0xF6F1,
    0xF711, 0xEECF, 0xE66D, 0xBD29, 0xBD09, 0xEEAF, 0xF732, 0xF712, 0xF712, 0xFF95, 0xFFB6, 0xFFB7,
    0xFFB6, 0xFF75, 0xF713, 0xF754, 0xFF95, 0xF732, 0xF711, 0xC56A, 0xB509, 0xE68E, 0xF711, 0xF6F1,
    0xF712, 0xFF74, 0xFF95, 0xFF95, 0xFF75, 0xF754, 0xF712, 0xF733, 0xFF74, 0xF711, 0xEECF, 0xC56A,
    0xB4E9, 0xE64D, 0xEED0, 0xEED1, 0xEEF1, 0xF753, 0xFF74, 0xFF74, 0xFF74, 0xF733, 0xEEF2, 0xF712,
    0xF752, 0xF6F1, 0xEEAE, 0xC56A, 0xB509, 0xEEF0, 0xF774, 0xF733, 0xF734, 0xFFB8, 0xFFD9, 0xFFD9,
    0xFFD9, 0xFFB7, 0xF754, 0xFF96, 0xFFD7, 0xF774, 0xF752, 0xC56A, 0xB4E9, 0xDE2D, 0xEEAF, 0xEED0,
    0xEEF1, 0xF733, 0xF753, 0xF753, 0xF733, 0xF732, 0xEEF1, 0xF6F1, 0xF711, 0xEED0, 0xE66E, 0xBD4A,
    0xB509, 0xEEAF, 0xF733, 0xF712, 0xF712, 0xFF96, 0xFFB8, 0xFFB8, 0xFFB7, 0xFF96, 0xF713, 0xF754,
    0xFFB6, 0xF733, 0xF731, 0xC58B, 0xB4E9, 0xE66E, 0xEEF0, 0xEEF1, 0xF6F2, 0xF754, 0xFF75, 0xFF74,
    0xFF74, 0xF754, 0xEEF2, 0xF732, 0xF753, 0xF6F1, 0xEEAF, 0xC54A, 0xB4E9, 0xE64D, 0xEED0, 0xEED0,
    0xEED1, 0xF753, 0xFF54, 0xFF54, 0xFF54, 0xF733, 0xEED1, 0xF712, 0xF732, 0xEEF0, 0xE68E, 0xBD29,
    0xACC8, 0xEEAF, 0xF753, 0xF712, 0xF713, 0xFF96, 0xFFB8, 0xFFB7, 0xFFB7, 0xFF96, 0xF713, 0xF774,
    0xFFB6, 0xF753, 0xF711, 0xBD2A, 0xA467, 0xD5CC, 0xDE4E, 0xE66E, 0xE66F, 0xEEB0, 0xEED1, 0xEED1,
    0xEED1, 0xEEB0, 0xE690, 0xE690, 0xEEAF, 0xE66E, 0xD5EC, 0xACC8, 0x9C27, 0xCD8B, 0xD60C, 0xDE0D,
    0xDE2E, 0xE68F, 0xEEB0, 0xEEB0, 0xEEB0, 0xE690, 0xDE4E, 0xE66F, 0xE64E, 0xDE0D, 0xCDAB, 0xA467,
    0x8BA6, 0xA467, 0xACA8, 0xB4E9, 0xB4E9, 0xB50A, 0xB50A, 0xBD2A, 0xBD2A, 0xBD2A, 0xB50A, 0xB509,
    0xB4E9, 0xACC8, 0xA467, 0x8BC6,
};
#endif /* BACKROOMS_GENERATED_TEXTURE_LIGHT_H */
