/* Generated by tools/convert_textures.py. Do not edit manually. */
#ifndef BACKROOMS_GENERATED_TEXTURE_WALL_H
#define BACKROOMS_GENERATED_TEXTURE_WALL_H
#include <stdint.h>
#define TEXTURE_WALL_WIDTH 128
#define TEXTURE_WALL_HEIGHT 128
static const uint16_t TEXTURE_WALL_PIXELS[16384] __attribute__((aligned(16))) = {
    0x7B21, 0x8361, 0x8B82, 0x8B82, 0x8361, 0x7B21, 0x7B01, 0x7B21, 0x93E4, 0x8341, 0x8342, 0x7B42,
    0x7B21, 0x7B21, 0x8341, 0x8361, 0x8342, 0x8B82, 0x8382, 0x8B82, 0x8362, 0x7B01, 0x8BA2, 0x8BC3,
    0x8362, 0x8BA2, 0x8BA2, 0x7B21, 0x7B41, 0x8382, 0x8B82, 0x8362, 0x8382, 0x8382, 0x8BA2, 0x8361,
    0x8362, 0x8362, 0x93C3, 0x8BC3, 0x8362, 0x8342, 0x8342, 0x7AE1, 0x8BC2, 0x8361, 0x8B82, 0x8BA2,
    0x9403, 0x93C2, 0x8BA2, 0x93C3, 0x7B01, 0x8382, 0x8B82, 0x72E1, 0x7B21, 0x93E3, 0x8BA2, 0x8361,
    0x8BC2, 0x7B01, 0x9403, 0x8BA2, 0x93E3, 0x93E3, 0x93E3, 0x8382, 0x8BA2, 0x8381, 0x93E2, 0x8362,
    0x8B61, 0x93C2, 0x8BA2, 0x8341, 0x9C03, 0x93E3, 0x93E3, 0x9C03, 0x93E3, 0x8BC2, 0x93E3, 0x8BA2,
    0x8341, 0x93E3, 0x93C3, 0x8BA2, 0x8341, 0x8BA2, 0x8B82, 0x8342, 0x8341, 0x7B41, 0x8BC3, 0x8361,
    0x7B41, 0x8361, 0x8BA2, 0x8B81, 0x8361, 0x8B82, 0x8361, 0x8B82, 0x7B41, 0x7B21, 0x7B41, 0x8B82,
    0x8BC2, 0x8BC2, 0x8BA2, 0x8B82, 0x8381, 0x8BC2, 0x93C3, 0x8341, 0x8BA2, 0x93A2, 0x72E1, 0x8B82,
    0x8362, 0x7B01, 0x8BA2, 0x8BA2, 0x8B82, 0x8BA3, 0x93E3, 0x7B21, 0x7B41, 0x7B41, 0x93E3, 0x8362,
    0x93C2, 0x8341, 0x7B21, 0x8B82, 0x8361, 0x8BA2, 0x8BA2, 0x8B82, 0x8382, 0x8362, 0x7300, 0x8361,
    0x8B82, 0x93C3, 0x8BA2, 0x7B41, 0x8BA2, 0x8341, 0x8381, 0x9403, 0x8BC3, 0x8B82, 0x8B82, 0x8382,
    0x7B21, 0x8361, 0x8361, 0x93C3, 0x8BA2, 0x8BA2, 0x93E3, 0x8341, 0x8361, 0x8382, 0x9403, 0x9C04,
    0x93C3, 0x93E3, 0x8BA2, 0x8342, 0x8BA2, 0x8BA2, 0x6AC0, 0x8BA2, 0x8BA2, 0x9403, 0x93C2, 0x8BC2,
    0x8B82, 0x93E3, 0x8BA2, 0x8BA2, 0x8362, 0x93E3, 0x8BA2, 0x93E3, 0x93E3, 0x93E3, 0x8BA2, 0x8BC2,
    0x9C03, 0x9C24, 0x9403, 0x8381, 0x9402, 0x8BA2, 0x93E2, 0x9C03, 0x93C2, 0x93C2, 0x8BC2, 0x93E2,
    0x8BC2, 0x8341, 0x9403, 0x9C23, 0x9C03, 0x8381, 0x8BA1, 0x8BA1, 0x8BA1, 0x8BC2, 0x8B82, 0x93C2,
    0x93E2, 0x93E3, 0x7B21, 0x93C2, 0x8361, 0x8BA2, 0x8BA2, 0x93C3, 0x93E2, 0x8B81, 0x93C2, 0x8361,
    0x8BC2, 0x8BA2, 0x8BC2, 0x8361, 0x8B82, 0x8B82, 0x8341, 0x93C2, 0x8BC3, 0x8BA2, 0x8341, 0x8B82,
    0x8BA2, 0x9404, 0x93E2, 0x8BA3, 0x8361, 0x8B81, 0x8B82, 0x7B21, 0x8362, 0x7B41, 0x8BC2, 0x8BC2,
    0x8BA2, 0x8BA2, 0x93E3, 0x7B41, 0x7B21, 0x8361, 0x8BC2, 0x8341, 0x8341, 0x8382, 0x93E2, 0x93C2,
    0x8BC2, 0x93C3, 0x93E3, 0x93E3, 0x8361, 0x93C3, 0x8341, 0x8361, 0x93E3, 0x9403, 0x93E3, 0x8BC2,
    0x93C3, 0x7B21, 0x9C24, 0x93E3, 0x93E3, 0x8BA2, 0x9C03, 0x7B41, 0x8BA2, 0x9C03, 0x8382, 0x93E3,
    0x9403, 0x9C03, 0x8BA2, 0x93E2, 0x8BA2, 0x8381, 0x93E3, 0x93C2, 0x8BA2, 0x93C3, 0x93E3, 0x8382,
    0x7B21, 0x93C2, 0x8341, 0x9C23, 0x9C03, 0x93E3, 0x9403, 0x7B21, 0x8BA2, 0x8BA2, 0x8BA2, 0x9C03,
    0x8BA2, 0x9403, 0x9403, 0x8382, 0x8BA2, 0x9403, 0x9403, 0x9C24, 0x8BC2, 0x8BA1, 0xA444, 0x8BC2,
    0x93E2, 0x8BA2, 0x9403, 0x93E2, 0x9C03, 0x8BA2, 0x8BA2, 0x9C44, 0x8BA2, 0x93C2, 0x9C03, 0x8BC2,
    0x9403, 0x93E2, 0x8BC2, 0x9C44, 0x93C2, 0x9C03, 0x8B82, 0x8BA2, 0x8361, 0x8B82, 0x8BA2, 0x7B41,
    0x8B82, 0x8BC2, 0x8BC2, 0x8BC2, 0x8BC2, 0x93C2, 0x8BA1, 0x8361, 0x9403, 0x8BA2, 0x8361, 0x8361,
    0x8BA2, 0x93E2, 0x7B21, 0x93E3, 0x8382, 0x8BA2, 0x8B81, 0x8361, 0x8BC2, 0x93E3, 0x8BC2, 0x8382,
    0x8361, 0x93C3, 0x8382, 0x8341, 0x72C0, 0x8361, 0x8BA2, 0x7B41, 0x8362, 0x8BC2, 0x93C2, 0x6AC0,
    0x8341, 0x8362, 0x8BA3, 0x7B01, 0x8362, 0x7B21, 0x93E2, 0x8BA2, 0x8BC2, 0x93C2, 0x93C2, 0x9404,
    0x8B81, 0x8BA2, 0x8361, 0x8382, 0x8BA2, 0x93E3, 0x93C3, 0x8BA2, 0x8361, 0x8BA2, 0x9C23, 0x9403,
    0x93E3, 0x9C24, 0x9C03, 0x93E3, 0x8BA2, 0x8B82, 0x8BC3, 0x93E3, 0x9C23, 0x9403, 0x93E3, 0x93E2,
    0x8BC2, 0x8BA2, 0x9403, 0x9403, 0x8BA2, 0x93E3, 0x8B82, 0x93E3, 0x8382, 0x8382, 0x93C2, 0x9C44,
    0x9C03, 0x93E3, 0x9403, 0x8382, 0x8361, 0x8382, 0x8362, 0x93E3, 0x8362, 0x9C24, 0x93E3, 0x8362,
    0x8382, 0x8B82, 0x93E3, 0x93C2, 0x9403, 0x9C44, 0x9C03, 0x93C2, 0x9C03, 0x8BC2, 0x9403, 0x9C23,
    0x9C24, 0x8BA2, 0x9C23, 0x93E2, 0x9C23, 0x93C2, 0x93C2, 0x9C03, 0x9C24, 0x8BC2, 0x8341, 0x8361,
    0x8BC2, 0x9C24, 0x93E3, 0x9403, 0x93E4, 0x8B82, 0x7B21, 0x93E3, 0x93E3, 0x8BC2, 0x9C03, 0x9C03,
    0x8BC2, 0x93C2, 0x8BC2, 0x8361, 0x8BA2, 0x8BA2, 0x93C2, 0x93E3, 0x8B82, 0x8BA2, 0x8B81, 0x8BA2,
    0x93C2, 0x93E3, 0x8BA2, 0x93E2, 0x8BC2, 0x93E3, 0x9C04, 0x9403, 0x8B82, 0x8BA2, 0x7B41, 0x7B21,
    0x7B21, 0x7B20, 0x93E2, 0x8BC3, 0x93E3, 0x8361, 0x93E3, 0x8341, 0x8B82, 0x72E1, 0x93C3, 0x93C3,
    0x8BA2, 0x8362, 0x7B21, 0x8B82, 0x8B82, 0x9C03, 0x8BA2, 0x93C3, 0x8BA2, 0x8BC2, 0x8BC2, 0x8BA2,
    0x93C3, 0x9C24, 0x7B21, 0x8B82, 0x8B81, 0x93C2, 0x9C24, 0x93E3, 0x93E3, 0x93E3, 0x93E2, 0x8361,
    0x93E3, 0x8B82, 0x9403, 0x9C03, 0x8361, 0x8BA2, 0x8BC3, 0x8BA2, 0x8BC2, 0x8B82, 0x9C03, 0x9C03,
    0x9C03, 0x8B82, 0x8BA2, 0x93E3, 0x9C03, 0x93C2, 0x8BA2, 0x93E3, 0xA444, 0xA444, 0x9C23, 0x9403,
    0x8341, 0x8341, 0x8361, 0x9C03, 0x9C44, 0x8B82, 0x8B82, 0x8B82, 0x9C24, 0x8B82, 0x93E2, 0xA444,
    0x9C23, 0x9C24, 0x9403, 0x8BC2, 0x9C03, 0x93C2, 0x9C23, 0x9C24, 0x9C44, 0x93E2, 0x9C24, 0x8BC2,
    0x93C2, 0x9C43, 0x9C23, 0xA464, 0x9C44, 0x8BA2, 0x93E2, 0x93C2, 0x8BA2, 0x9C24, 0x93E3, 0x9C24,
    0x9C24, 0x93C2, 0x9C24, 0x8BC3, 0x7B21, 0x8BA2, 0x9403, 0x9C44, 0x8BC2, 0x93E2, 0x93C2, 0x8BA1,
    0x9C03, 0x93E3, 0x8BA2, 0x93C2, 0x8381, 0x93C2, 0x8BA2, 0x93E3, 0x93A2, 0x93E3, 0x8BA2, 0x93E2,
    0x8341, 0x9C23, 0x9C03, 0x9C03, 0x8BA2, 0x8BA2, 0x7B41, 0x8B82, 0x8361, 0x8361, 0x8361, 0x93E3,
    0x9403, 0x93E3, 0x93E3, 0x8B82, 0x8B81, 0x8382, 0x8BA2, 0x9C23, 0x93C2, 0x7B41, 0x8BA2, 0x93C2,
    0x8B81, 0x93E3, 0x8BA2, 0x9C23, 0x8BA2, 0x8BA2, 0x8361, 0x93E2, 0x8BC2, 0x9403, 0x9C03, 0x9403,
    0x8BA2, 0x8BA2, 0x9C03, 0x9C23, 0x93E2, 0x9C43, 0x93E3, 0x93E2, 0x93E3, 0xA444, 0x93E3, 0x9C23,
    0x93E3, 0x8362, 0x93E3, 0x9403, 0x8361, 0x93E3, 0x93E2, 0x9C03, 0x93C2, 0x93C3, 0x9403, 0x93E2,
    0x9C23, 0x93C2, 0x8BC2, 0x9C24, 0xA443, 0x9C44, 0x9C43, 0x9C23, 0x8BC2, 0x9403, 0x8BA2, 0x8BA2,
    0x9C23, 0x9C03, 0x8341, 0xA464, 0x9C24, 0x8BA2, 0x9C24, 0x9C03, 0x9403, 0x7B41, 0xA485, 0x9C23,
    0x8BC2, 0x93C2, 0x9C24, 0xA464, 0xA444, 0x93E2, 0x9C03, 0xA464, 0x9C03, 0x9C23, 0xA444, 0x9C23,
    0x9C23, 0x9402, 0x8BC2, 0x9402, 0x93C2, 0x9C24, 0x9C24, 0x93C3, 0xA445, 0x8BA1, 0x9C04, 0x93C3,
    0x8BA2, 0x9403, 0x9C23, 0x93E3, 0x8381, 0x93E2, 0x93C2, 0x8BA2, 0x9C03, 0x93E3, 0x93C3, 0x93C2,
    0x93E2, 0x93E3, 0x8BA2, 0x8BA2, 0x93E3, 0x9C23, 0x8381, 0x93C2, 0x8361, 0x93E2, 0x9C23, 0x93C2,
    0x9C24, 0x93C3, 0x8B82, 0x8BA2, 0x7300, 0x8341, 0x8341, 0x93E3, 0x93E3, 0x93C3, 0x9C04, 0x8381,
    0x8341, 0x8362, 0x8BC2, 0x93E3, 0x8BA3, 0x72C1, 0x9C03, 0x93E2, 0x8BA2, 0x9403, 0x9C03, 0x93C3,
    0x8BC2, 0x8BC2, 0x8B81, 0x8BA2, 0x8BA2, 0x9C03, 0x9C03, 0x93E3, 0x8BA2, 0x8BA2, 0xA444, 0x9C24,
    0xA444, 0x93C2, 0xA485, 0x93C2, 0x9C44, 0x9C23, 0x93E2, 0x9C03, 0x93C2, 0x9C44, 0x9C03, 0x8BA2,
    0x93E3, 0x9C03, 0xA444, 0xA444, 0x93C3, 0x9C24, 0x9C03, 0xA464, 0x93E3, 0xA464, 0x8B81, 0xA464,
    0xA464, 0x9C44, 0x9C43, 0x9C23, 0x93C2, 0x9C03, 0x8382, 0x8BA3, 0xA444, 0x9C24, 0x93C2, 0x9C03,
    0x93C2, 0x93E2, 0x9C23, 0x9C24, 0x9C23, 0xA465, 0xA464, 0xA443, 0x93E2, 0x8BA2, 0x9C03, 0x9C23,
    0xA464, 0x93C2, 0x9C03, 0x9C23, 0x9403, 0xA465, 0xA464, 0x9C23, 0xA444, 0x9403, 0x93E2, 0x9C03,
    0x93C2, 0xA444, 0xA464, 0x9C44, 0x9C03, 0x9C03, 0x93E2, 0x9C44, 0x8BC2, 0xA464, 0xA465, 0xA444,
    0x8BC2, 0x9C03, 0x93E2, 0x8BA1, 0x9C23, 0x9C24, 0x9C23, 0x8361, 0x9403, 0x9C43, 0x8BA2, 0x9C23,
    0x9C23, 0x9C23, 0x93C2, 0x93C3, 0x8382, 0x8BA2, 0x9C44, 0x93E3, 0x93E3, 0x93C3, 0x7B41, 0x7B21,
    0x7B21, 0x8B82, 0x8BA2, 0x8BA2, 0x93C2, 0x93C3, 0x9C03, 0x8B82, 0x7B21, 0x8BA2, 0x93E3, 0x93E3,
    0x8362, 0x8361, 0x8BA2, 0x8BA2, 0x9403, 0x93E3, 0x9C03, 0x93E3, 0x9403, 0x8BA1, 0x8BA1, 0x93E2,
    0x9C44, 0x93C2, 0x93C2, 0x93E3, 0x9C03, 0x93E2, 0xA464, 0x93E3, 0x9C03, 0x9C43, 0xA444, 0x9C23,
    0x9C23, 0x8362, 0x9C44, 0x8BA2, 0x9C43, 0x9C44, 0x9C23, 0x93E3, 0x8361, 0x9C03, 0x9C03, 0x9C24,
    0x9C44, 0x9C03, 0xA484, 0x9C44, 0x93E2, 0x8BC2, 0xA444, 0xA464, 0x9C24, 0x9C44, 0xA485, 0xA464,
    0x93C2, 0x9C43, 0x9403, 0x9C03, 0x9C24, 0xA464, 0x93E2, 0x93E2, 0x8BA1, 0x93C2, 0xA464, 0x9C23,
    0xA485, 0xACA6, 0xAC84, 0x8BA2, 0x93E2, 0x93C2, 0xA465, 0xA444, 0xA464, 0x93E2, 0x9C43, 0x93C2,
    0x9C43, 0x9C03, 0xA444, 0x9C03, 0xA444, 0x9403, 0x93C2, 0x93E2, 0x8BC2, 0xA464, 0xA443, 0x9C02,
    0x9C23, 0x93E2, 0x8BC2, 0x8382, 0xA464, 0x9C24, 0x9C23, 0x9C23, 0x9403, 0x8BA1, 0x93C2, 0x8BA2,
    0x9C23, 0x9C23, 0x93E2, 0x9C43, 0x93E2, 0x93E3, 0x9C23, 0x9C03, 0x9C02, 0x9C43, 0x8BA2, 0xAC84,
    0x7301, 0x93E3, 0x9C04, 0x9C24, 0x9404, 0x93E3, 0x8362, 0x7B21, 0x8BA2, 0x9C44, 0x8BC2, 0x93E2,
    0x93C2, 0x8BC2, 0x8B81, 0x8BA2, 0x8341, 0x8BA1, 0x9403, 0x93C3, 0x9C03, 0x8B82, 0x8BA2, 0x8341,
    0x8BA2, 0x93C2, 0x9C24, 0x9C03, 0x93C3, 0x93E2, 0x93C2, 0x9C44, 0x9C44, 0x9C03, 0x9C23, 0x93E2,
    0x93E2, 0x9C03, 0x9C23, 0x9C23, 0x93E2, 0x93C2, 0x9C23, 0x9C03, 0x8BC2, 0x8381, 0x93E3, 0xA444,
    0xA444, 0xA464, 0x93E3, 0x93E2, 0x8BC2, 0x9C03, 0xAC64, 0x8B82, 0x8B82, 0x9C23, 0xA464, 0x93E3,
    0x93E3, 0x93E2, 0xA464, 0x9C44, 0xA464, 0xA485, 0xA464, 0xA485, 0x9C03, 0x9C43, 0x9C23, 0x9C24,
    0xA444, 0xA464, 0x9C03, 0x9C03, 0xA443, 0xA464, 0xA465, 0xA444, 0xACC6, 0xACA5, 0xA485, 0x9403,
    0x93E2, 0x93E2, 0xAC85, 0x9C44, 0xA444, 0xA464, 0x93C2, 0x93E2, 0x9C44, 0xA464, 0xA485, 0xA465,
    0x93E2, 0x8BC2, 0x9C23, 0x9C03, 0x9C23, 0xACA5, 0xA464, 0xA444, 0x9C43, 0x9C23, 0xA464, 0x93E2,
    0x8BC2, 0xA444, 0x9C43, 0xA464, 0x8361, 0x9C23, 0x9C23, 0x8BC2, 0xA464, 0x8BA2, 0x9C23, 0x9C23,
    0x93E2, 0x7B41, 0x93C2, 0x9C44, 0xA464, 0x93E2, 0x8BA2, 0x93C2, 0x8BA2, 0x93E3, 0x9C24, 0x93E3,
    0x93E3, 0x93E3, 0x8B82, 0x93A2, 0x8B82, 0x7B41, 0x9C03, 0x93C3, 0x93C3, 0x93E2, 0x93C2, 0x8361,
    0x8BA2, 0x8BA1, 0x8BC2, 0x93C3, 0x93E3, 0x8BA2, 0x93E3, 0xA444, 0x8BA2, 0x9C23, 0x9403, 0x93C2,
    0x9C03, 0x9BE2, 0x93A1, 0x9C23, 0x9C23, 0x9C03, 0x93E3, 0x93E3, 0x93E3, 0x93C2, 0xA484, 0x93E3,
    0x93E2, 0xA444, 0x93E2, 0x9402, 0x8B82, 0x8BC2, 0x8B81, 0x9C43, 0xA464, 0xA485, 0x9C04, 0x9403,
    0x8BC3, 0x9C44, 0x9C44, 0xA444, 0x8B82, 0xACA5, 0x9C03, 0xA464, 0x9C23, 0x93C2, 0x93E2, 0xAC85,
    0xAC85, 0xA464, 0xA484, 0xA464, 0x9C02, 0xA464, 0xA444, 0xA465, 0xA485, 0xA465, 0x93C2, 0xA465,
    0xA484, 0x93E2, 0xA485, 0xA465, 0xACA5, 0x9C23, 0xACA5, 0x9C23, 0xA443, 0x93E2, 0xAC84, 0xA484,
    0x9C43, 0xA464, 0x93E2, 0xA444, 0x9C23, 0xA485, 0xA464, 0xA443, 0x9C43, 0x93E2, 0x9C23, 0x9C23,
    0x93E2, 0xA484, 0x9C44, 0xA464, 0xA464, 0x9C02, 0xA464, 0xA464, 0x93C2, 0x9C23, 0x9C23, 0xA444,
    0x8B81, 0x9C23, 0x93E2, 0x8BA2, 0x8BA2, 0xA444, 0x9C03, 0x8BA2, 0x93C2, 0x8361, 0x93C2, 0x9C43,
    0x9C03, 0x9C24, 0x93C2, 0x9402, 0x9C02, 0x9C44, 0x93E3, 0x9C23, 0x9C24, 0x93E3, 0x8382, 0x93E3,
    0x93C3, 0x8BA3, 0x9C04, 0x9C03, 0x9C03, 0x93C2, 0x9C03, 0x8361, 0x8341, 0x8B82, 0x8BA2, 0x93E3,
    0x93E2, 0x8B81, 0x93C2, 0x93C2, 0x93C2, 0x93E2, 0x9C23, 0x9C03, 0x93E3, 0x93C2, 0x93C2, 0x9C44,
    0x9C44, 0x93E3, 0x93E2, 0x93C2, 0x9C24, 0x93C2, 0xA444, 0x8BA2, 0xA444, 0xA464, 0xA464, 0x8BA1,
    0x9C23, 0x9C43, 0x93C2, 0xA464, 0x9C23, 0xACA5, 0x9C03, 0x9403, 0x9403, 0x9C23, 0x8BA2, 0xA444,
    0x8BC3, 0xAC84, 0xA464, 0x93C2, 0xACA5, 0xA443, 0x93E3, 0xA485, 0xA464, 0xA485, 0xAC85, 0xA464,
    0x8B81, 0xA484, 0x9C44, 0xA465, 0xA485, 0xAC84, 0x9C02, 0xA465, 0x8BC2, 0xA464, 0xA464, 0xA485,
    0xA485, 0xA464, 0xA485, 0xA443, 0x9403, 0x8BC2, 0xACA5, 0xA464, 0xA464, 0x93E2, 0x93C2, 0xA484,
    0x9C23, 0xA464, 0x9C43, 0xA464, 0xA464, 0x9C03, 0x9C03, 0xA464, 0x9C02, 0xA464, 0x9C43, 0xA485,
    0xA464, 0x9C23, 0x93E2, 0xA464, 0x93E2, 0x9C23, 0xA484, 0xA464, 0x9402, 0x9C44, 0x93E2, 0x9C03,
    0x9C44, 0x9C23, 0x93E2, 0x93E2, 0xA464, 0x93E2, 0x93E2, 0xA464, 0x93E3, 0x9C23, 0x8BA2, 0x9C23,
    0x9C02, 0x9C03, 0x9C23, 0x93C2, 0x9C03, 0x93E3, 0x9C24, 0x93C2, 0x7B21, 0x9C24, 0x9C23, 0x9C03,
    0x93E3, 0x93E3, 0x9C23, 0x8B82, 0x93C2, 0x9403, 0x8BA2, 0x8362, 0x93E2, 0x8BA2, 0x8BA2, 0x8BA2,
    0x9403, 0x9C03, 0x9C03, 0xA444, 0x8B81, 0x8BA2, 0x93E2, 0x9C44, 0x9C23, 0x9C24, 0x9C44, 0x93E3,
    0x8BC2, 0x9C03, 0x9C03, 0x9403, 0xA444, 0xA444, 0x9403, 0xA464, 0x9C23, 0x8BC2, 0x9C24, 0x9C23,
    0xA464, 0xA464, 0xA444, 0x9C03, 0x8B81, 0x9C23, 0xA464, 0xA464, 0x93E2, 0x9C03, 0xA444, 0xA464,
    0x9C23, 0x9C23, 0x9C03, 0xA464, 0xA464, 0xA485, 0xA464, 0xA464, 0x9C23, 0xA464, 0x9C23, 0xAC85,
    0xA485, 0xAC85, 0xAC85, 0x9C44, 0x93E3, 0xA465, 0xA485, 0xA443, 0xA464, 0xA484, 0xACA5, 0x9C43,
    0xA464, 0x93E2, 0xA464, 0xAC84, 0xA444, 0x9C23, 0xA464, 0x9C23, 0x9C23, 0x9C44, 0xA485, 0xAC84,
    0xA464, 0x9C43, 0x9C23, 0x9C02, 0x9C23, 0xA464, 0xA443, 0xA464, 0xA444, 0x9C23, 0x93E2, 0xA444,
    0xA464, 0xA443, 0xA484, 0xAC85, 0x93E2, 0x9C03, 0x9C23, 0x9C23, 0xA444, 0x9C23, 0xA444, 0x9C23,
    0x9C23, 0x93C2, 0xA464, 0x9C23, 0x93E2, 0x9403, 0x93E3, 0xA444, 0x8BA1, 0x9C44, 0x9C24, 0x9C24,
    0x9C04, 0x8BC2, 0x8BA2, 0x8B82, 0x8BA2, 0x9C03, 0x9403, 0x9C03, 0xA444, 0x9C03, 0x9C23, 0x8BA2,
    0x8361, 0x8361, 0x93E3, 0x93E3, 0x9C03, 0x93E3, 0x8B81, 0x8BA2, 0x9C23, 0x9403, 0x9C24, 0x93E3,
    0x93C2, 0x93C2, 0x93E3, 0x9C23, 0x8BA2, 0x9C03, 0xA464, 0x8BC2, 0x8BA2, 0x8BA2, 0x93C3, 0x8BA3,
    0x9C04, 0x9C23, 0xA444, 0x9C23, 0x8BC2, 0x93C2, 0xA465, 0xA464, 0xA464, 0xA485, 0x9C44, 0x9C24,
    0x93E2, 0xA465, 0x9C04, 0x9C03, 0xA444, 0xA464, 0xAC85, 0xA444, 0x93E2, 0x9402, 0xA464, 0xA485,
    0xA464, 0xA444, 0xACA5, 0xA484, 0x93E2, 0xA444, 0xA464, 0xA485, 0xA464, 0xACA5, 0x9403, 0x9C23,
    0x93E2, 0xA465, 0xA464, 0xA464, 0xA464, 0xACA4, 0xA464, 0xA444, 0x9402, 0x93E2, 0xA484, 0xA464,
    0xAC85, 0x9C03, 0x9C43, 0x9C02, 0xA443, 0xA464, 0xACA5, 0xAC85, 0xA464, 0xA463, 0x9C03, 0x93E2,
    0x9C23, 0xA464, 0xA464, 0xACA4, 0xACA5, 0xA484, 0x9C24, 0x9C23, 0xAC85, 0xA464, 0xA485, 0xA484,
    0x9C02, 0x9C23, 0x9C02, 0x9402, 0x8BC2, 0x9C23, 0x9403, 0x9C03, 0x8BA2, 0x9403, 0x9C43, 0x9C23,
    0x9C24, 0x9C24, 0x93E3, 0xA464, 0x9C03, 0x9403, 0x9C24, 0xA444, 0xA444, 0x9403, 0x8BA2, 0x8BA2,
    0x93E3, 0x7B21, 0x8342, 0x93E3, 0xA444, 0x9C23, 0x9C23, 0x8BA2, 0x8B82, 0x8BA2, 0x9403, 0x93C2,
    0x9C02, 0x8BA2, 0x8361, 0x93E3, 0x9C24, 0x9C23, 0xA444, 0x9C23, 0x8BA2, 0x93E3, 0x93E2, 0x93C2,
    0x8BC2, 0x9C03, 0x9C23, 0x93C2, 0x9403, 0x8382, 0xA444, 0x9403, 0x9C04, 0xA464, 0xA444, 0x9C23,
    0x9C23, 0x9402, 0x9C23, 0xA464, 0xA444, 0xA485, 0x9C23, 0x9C23, 0xA464, 0xAC85, 0xA444, 0x9C44,
    0x9C44, 0xA464, 0xA443, 0x9C43, 0x9C23, 0x9C43, 0x9403, 0xA464, 0xACA5, 0xA464, 0xA464, 0xACC5,
    0xA464, 0xA443, 0x9C23, 0xA464, 0xA464, 0xAC84, 0x93E2, 0x9C03, 0xA485, 0x93E2, 0x9C44, 0xACA5,
    0xAC85, 0xA464, 0xA485, 0xA484, 0x9C23, 0x9C23, 0xA464, 0xACA5, 0x9C23, 0x9C23, 0xA484, 0x9C23,
    0xA485, 0x9C23, 0xA464, 0xACA5, 0xACA5, 0x9C23, 0x9C23, 0x9C23, 0x9C43, 0x9C23, 0x9C43, 0x9C43,
    0xA484, 0xA463, 0xA443, 0x93E2, 0x9402, 0xA485, 0xACA5, 0xA484, 0x93E2, 0x9C23, 0x9C23, 0x93E2,
    0x9C43, 0xA464, 0x93C2, 0x93C2, 0x93C2, 0x93E2, 0x9C03, 0x9C43, 0x9C44, 0x9C44, 0x93E2, 0xA464,
    0x93E2, 0xA464, 0x9C03, 0x9C23, 0xA465, 0xA444, 0x93E3, 0x9C03, 0x9403, 0x8341, 0x93C2, 0x9BE3,
    0x8361, 0x93E3, 0x9C45, 0x9403, 0x8BC2, 0x93E3, 0x8BA2, 0x7B01, 0x93C2, 0x8BA2, 0x8B82, 0x93E2,
    0x9C03, 0x9C44, 0xA444, 0x9C23, 0x9C23, 0x8B82, 0x93C2, 0x9403, 0x8BC2, 0x8361, 0xA484, 0x9403,
    0x9C23, 0x9C03, 0xA444, 0xA465, 0x9C23, 0x9C23, 0x9C24, 0x93E3, 0x9C24, 0xA465, 0x93C3, 0x9C44,
    0xA444, 0xA464, 0x93E3, 0x9C23, 0x93C2, 0xA464, 0xA464, 0xA464, 0xA444, 0xACA5, 0xA464, 0x9C23,
    0x9C44, 0xA444, 0x9C03, 0xACC5, 0xA484, 0xAC85, 0x9C43, 0xA484, 0x9C23, 0xA443, 0xA464, 0xACA5,
    0xACC5, 0xACA5, 0x9C23, 0xA464, 0xACA5, 0xA464, 0xAC85, 0xB4C6, 0xACA5, 0xACA5, 0xA484, 0x9C23,
    0x9C02, 0x9C03, 0xACA5, 0xAC85, 0xA444, 0x9C23, 0xA464, 0x9C23, 0xACA5, 0xA484, 0xA464, 0xB4C6,
    0xA464, 0xA444, 0x9C23, 0x9C43, 0x9C03, 0xA464, 0xACA5, 0xAC85, 0xA464, 0xAC84, 0x9C23, 0xA464,
    0x9C23, 0xAC84, 0xAC85, 0xA484, 0x9402, 0x9C02, 0x9C22, 0x9C03, 0xA464, 0xA484, 0x9C23, 0xA444,
    0x93E2, 0xA444, 0x9403, 0xA464, 0x9C23, 0xA485, 0x9C23, 0xA443, 0x93E3, 0xA444, 0x9C23, 0x9C24,
    0x9C03, 0x9C23, 0xA445, 0x9C03, 0x93E3, 0x8BC2, 0x9C03, 0x9C04, 0x8B82, 0x93E2, 0x9C24, 0x8BA2,
    0x93C2, 0x8BC3, 0x9C24, 0x93C2, 0x8BA2, 0x8362, 0x9C03, 0x8382, 0x9C03, 0x9C24, 0x9C23, 0xA464,
    0x93C3, 0x9C03, 0x9C03, 0xA444, 0x9403, 0x9403, 0x8BA2, 0x9C03, 0x9403, 0x9403, 0x9C44, 0xACA5,
    0xA464, 0xA464, 0x9403, 0x9C02, 0xA444, 0x9C24, 0x9C24, 0xA464, 0xAC85, 0xA464, 0x9C44, 0x9C44,
    0x93E2, 0x9C43, 0xA485, 0xACA5, 0xAC85, 0xACC5, 0xACA5, 0xA464, 0x9C44, 0xA485, 0x93C2, 0xACA5,
    0xA464, 0xACC5, 0xA485, 0xACA5, 0xA443, 0xA484, 0xA464, 0xACA5, 0xA464, 0xA484, 0xA464, 0x9C03,
    0x9C23, 0xA464, 0xACA5, 0xACC5, 0xACA5, 0xACA5, 0xACA4, 0x93E2, 0xA464, 0x9C43, 0xACA5, 0xACA5,
    0xA464, 0x93E2, 0xACA4, 0x93C2, 0xA444, 0x9C43, 0xA464, 0xA484, 0xAC84, 0x9C23, 0xA464, 0xA444,
    0x9C23, 0xACA5, 0xA444, 0xA464, 0xA464, 0xA464, 0xAC84, 0xAC84, 0xA484, 0xACA4, 0xACA5, 0xACA5,
    0x9C22, 0x9C23, 0xAC85, 0x9402, 0x9C23, 0x9C24, 0xA444, 0x93E2, 0xA464, 0xA464, 0x9C23, 0x9402,
    0xA465, 0xA464, 0x93E2, 0x9C03, 0x9C03, 0x9C44, 0xA485, 0xA444, 0x9C23, 0xA464, 0x9C03, 0x9403,
    0x93C2, 0x93E2, 0x93E2, 0xA444, 0x9C23, 0x93E3, 0xA464, 0x8BA2, 0x93C2, 0x8BC2, 0x93E2, 0x93E3,
    0x9C23, 0x8362, 0x93E3, 0x9C03, 0x93E2, 0x9C44, 0x9C23, 0x9C24, 0x8BC2, 0x93E2, 0x93A2, 0xA444,
    0x9C23, 0xACC6, 0x8BA2, 0x8BC3, 0x9C23, 0x9403, 0xA464, 0xA464, 0xA464, 0x9C23, 0xA465, 0x9C23,
    0x9C23, 0x93E2, 0xA444, 0xACA5, 0xA484, 0x93E3, 0x9403, 0x9C44, 0x9C03, 0x9C44, 0xA464, 0x9C43,
    0xACA5, 0xACA5, 0xACA5, 0xAC84, 0x9C23, 0xA463, 0xACA5, 0xACA5, 0xAC84, 0xACA5, 0x9C23, 0xA485,
    0x9C43, 0xACA5, 0x9C23, 0xACA5, 0xACA5, 0xACC6, 0xACA6, 0xA484, 0x9C23, 0xA464, 0xACA5, 0xACA5,
    0xACA5, 0xA484, 0xACC5, 0xA484, 0x9C23, 0xA443, 0xACA5, 0xAC84, 0xAC84, 0x9C43, 0xA464, 0x9C02,
    0xB4C6, 0xA485, 0xAC85, 0xAC85, 0xAC85, 0x9C22, 0x9C23, 0xA463, 0x9C23, 0xA485, 0xACA5, 0xACA5,
    0x9C43, 0xA484, 0xA443, 0xA484, 0xA484, 0xA464, 0xA464, 0x9C23, 0x9C02, 0x9C43, 0x9C02, 0x9C23,
    0xA464, 0xA464, 0xA444, 0xA464, 0x93E2, 0x93C2, 0xA464, 0xA444, 0xA464, 0x9C23, 0x9403, 0xA443,
    0x93C2, 0xA485, 0xA464, 0x9C23, 0x9C03, 0x9C23, 0x93E3, 0x93E2, 0x9C23, 0x93E2, 0x9C02, 0x93E2,
    0x9C23, 0x9C24, 0x9403, 0x8BA2, 0x93E2, 0x9C03, 0x9C03, 0xA444, 0x9C03, 0x8382, 0x9C23, 0x8381,
    0x9C23, 0xA464, 0x9C43, 0x9C03, 0x93C2, 0x93C2, 0x93C2, 0xA444, 0xA484, 0x9C03, 0xA444, 0x8BA2,
    0x93C3, 0x9C03, 0x9403, 0xA464, 0xA444, 0x9C44, 0xA464, 0x93C2, 0x9403, 0x93E3, 0x93E2, 0xAC84,
    0xACC6, 0x9C44, 0xA464, 0xA444, 0xA464, 0xA484, 0xA485, 0xACA4, 0xA485, 0xA484, 0xA484, 0x9C43,
    0x9C42, 0xA443, 0xAC85, 0xAC84, 0xACA5, 0x9C43, 0xACC6, 0xA484, 0x9C23, 0xAC84, 0xA484, 0xA464,
    0x9C23, 0xACA5, 0x9C23, 0xA484, 0xACC5, 0xA443, 0xACA5, 0xACC6, 0xACC6, 0xA464, 0xB4E5, 0x9C23,
    0x9C23, 0x9C03, 0xA485, 0xA464, 0x9C23, 0xA463, 0x9C23, 0xA464, 0xA484, 0xACA4, 0xACA5, 0xAC84,
    0xA484, 0x9C02, 0xA443, 0x9C23, 0x93C2, 0xACA5, 0xB4E5, 0xACA5, 0xACC6, 0x9C43, 0xA464, 0xACA4,
    0xA464, 0xA464, 0xACA5, 0xACC5, 0x9C44, 0x9402, 0x9C02, 0x9402, 0xA464, 0x9C23, 0xA464, 0xA484,
    0x93E3, 0x93E2, 0xA464, 0x9C43, 0xA464, 0xA464, 0x9403, 0xA444, 0x9C23, 0x9C44, 0xA485, 0x9C44,
    0xA444, 0x9C44, 0x8BC2, 0x9C03, 0x93E3, 0x9C23, 0x9C24, 0xA444, 0x9C24, 0xA465, 0x9C23, 0x93E3,
    0x93E2, 0x9C24, 0x9C03, 0xA443, 0x9C03, 0x8B81, 0x9C24, 0x9C24, 0x8BC2, 0xA444, 0x9403, 0x9C24,
    0x93E2, 0x93E3, 0x93E2, 0xA444, 0x9C44, 0x93E3, 0xAC85, 0x93E3, 0x9C04, 0x9C44, 0xA484, 0xACA5,
    0xA464, 0xACA6, 0xA464, 0x93C2, 0xA464, 0xA485, 0x9C03, 0xA464, 0xA464, 0xACA5, 0xA464, 0xA464,
    0x9C02, 0xA464, 0xA464, 0xACA5, 0xA485, 0xAC85, 0xACA5, 0xACA4, 0xA484, 0x9C23, 0x9C03, 0x9C03,
    0xA464, 0xACA5, 0xACA5, 0xACC5, 0x9C43, 0xA484, 0x9C23, 0xA485, 0xA464, 0xA484, 0xA444, 0xACA5,
    0xACC5, 0x9C23, 0xACC6, 0xACA5, 0xACA5, 0xACA5, 0xB4E6, 0xA484, 0x9C23, 0x9C23, 0xACA5, 0xACA5,
    0xAC85, 0x9C02, 0xAC84, 0xAC85, 0xA463, 0xACA4, 0xB4E6, 0xACC5, 0xACA5, 0x9C43, 0xA464, 0xA443,
    0x9403, 0xACA5, 0xACA5, 0xACA5, 0x9C43, 0x9BE2, 0xAC85, 0xAC84, 0xA464, 0xAC85, 0xACA5, 0xACA5,
    0x9C03, 0x9C22, 0x9C23, 0x9C43, 0xACA5, 0xA484, 0xACA5, 0x93E2, 0xA484, 0xA465, 0x9403, 0xA464,
    0xA485, 0xAC85, 0x93E2, 0xA464, 0x9C02, 0xA444, 0x9C43, 0xA443, 0x93C3, 0x9C03, 0x8341, 0x9C24,
    0x9C24, 0xA465, 0xA444, 0xA465, 0xA444, 0x9C44, 0x9C44, 0x93C2, 0x93E2, 0x9C23, 0x9C43, 0x9C24,
    0x93E3, 0x8BA2, 0x9C24, 0x9C23, 0x93E3, 0xA444, 0x93C2, 0x93E2, 0x9403, 0x9C03, 0x9C02, 0x93E3,
    0x9C23, 0x9C03, 0xA465, 0x9C23, 0x93E3, 0x9C03, 0xA444, 0xA464, 0xAC85, 0xA464, 0xA484, 0x9C02,
    0xA485, 0xA485, 0x9C23, 0x9C44, 0xACC6, 0x9C43, 0xA444, 0xA464, 0xA443, 0xA443, 0xACC6, 0xAC85,
    0xA464, 0xA464, 0xA484, 0xACA5, 0x9C24, 0xA484, 0x8BC2, 0xAC85, 0xACA5, 0xA464, 0xACC5, 0xACA5,
    0xA443, 0xA464, 0xA485, 0xACC6, 0xACA5, 0xA484, 0x93E3, 0xB4C6, 0x9C43, 0xA464, 0xA485, 0xB4E6,
    0xACC6, 0xACC5, 0xB4C6, 0x9C43, 0xA464, 0x9402, 0xACC5, 0xAC84, 0xAC85, 0xA443, 0xACC5, 0xACA4,
    0xB4C6, 0xACA5, 0xACC5, 0xB4C5, 0xACA5, 0xA444, 0xA464, 0x93E2, 0x9C23, 0xA464, 0xA444, 0xACA5,
    0xACC5, 0xA464, 0x9C23, 0xAC85, 0x93E2, 0xAC85, 0xACA5, 0xA484, 0x9402, 0xA443, 0x8BC1, 0x9C23,
    0xA484, 0xA484, 0xA464, 0xA443, 0xA464, 0xA464, 0x9C23, 0xA464, 0xA464, 0xA464, 0x93E2, 0x9C44,
    0x9C03, 0xA464, 0xA444, 0x9C44, 0xA465, 0x9C24, 0x9C24, 0x93E3, 0x8BA2, 0x9C44, 0xA464, 0xA485,
    0xA444, 0x9C24, 0xA464, 0x93C2, 0x9403, 0x9403, 0x9C03, 0xA424, 0x9C04, 0x8BA1, 0x93E2, 0x8BA2,
    0xA443, 0xA464, 0xA464, 0x93E2, 0x8BA2, 0x93E3, 0x8BC2, 0x93E3, 0x8BA3, 0xA464, 0xA444, 0x93E3,
    0x9C23, 0x93C2, 0xA464, 0x9C23, 0xAC85, 0xA464, 0xAC84, 0xA463, 0xA443, 0x9403, 0xA465, 0xACC6,
    0xA443, 0xAC85, 0x9C44, 0xA464, 0x9C23, 0xA464, 0xAC85, 0xACC6, 0xACA5, 0xACA4, 0xA485, 0xACA5,
    0xA464, 0x93E2, 0xB4C6, 0xACA6, 0xACA5, 0xA485, 0xACC5, 0xACA5, 0x9C03, 0xA484, 0xA464, 0xA444,
    0xACA5, 0xB4E5, 0xACA5, 0xA464, 0x9C23, 0xAC85, 0xACC5, 0xACA5, 0xACC5, 0xACC5, 0xB4E6, 0xA463,
    0xA443, 0x9C03, 0xACA5, 0xA464, 0xACC5, 0xA464, 0xACC5, 0xAC85, 0xACC5, 0xACA5, 0xACA5, 0xACA5,
    0xACA5, 0x9C43, 0x9C43, 0x9C22, 0x93C2, 0xA464, 0xACC5, 0xACA5, 0xAC85, 0xA484, 0xA463, 0x9C23,
    0xA464, 0xACA5, 0xACA5, 0xAC84, 0x9C02, 0x9C42, 0x9C23, 0x9C23, 0xAC85, 0xACA5, 0xA485, 0xA464,
    0x93E2, 0x9402, 0xA464, 0xA444, 0xA444, 0x9C24, 0x93E3, 0xA444, 0x93E3, 0xA484, 0xA444, 0x9C44,
    0xA444, 0xA464, 0x9C23, 0x8BC2, 0x8BA2, 0x9C23, 0x9C03, 0xA444, 0x9C03, 0xA465, 0xA444, 0x8BA2,
    0x9C03, 0x9C03, 0x9C03, 0x93E3, 0x93E3, 0x93C2, 0x9C03, 0x93C2, 0x9BE3, 0x93E3, 0x9C23, 0x9C23,
    0x93C3, 0x7B01, 0x93E2, 0x9C04, 0xA464, 0x9C03, 0x9C03, 0x93E3, 0x93E2, 0x93E2, 0xA444, 0xA464,
    0xA464, 0xA464, 0xA484, 0xA464, 0x93E2, 0x93E2, 0xA463, 0xA484, 0xA484, 0x9C23, 0xA464, 0xA485,
    0xA444, 0xA485, 0xACC5, 0xACA5, 0xAC85, 0xB4E7, 0xACA5, 0xA484, 0xA444, 0xA443, 0xACA5, 0xAC85,
    0xA464, 0xA464, 0xA484, 0xAC85, 0x9C43, 0xACA5, 0xA484, 0xACA5, 0xACA6, 0xACC5, 0x9C43, 0xA464,
    0x9C02, 0x93E2, 0xACC5, 0xACA5, 0xACC6, 0xACA5, 0xB4C6, 0xA484, 0xA443, 0x9C23, 0xACA5, 0xACA5,
    0xACC5, 0xA484, 0xA464, 0x9C23, 0xAC85, 0xA444, 0xACC5, 0x9C23, 0xA464, 0xA464, 0xA444, 0xA484,
    0x9C23, 0xACA5, 0xA464, 0xACC6, 0xACA5, 0xA484, 0xAC85, 0xA443, 0x93E2, 0xB4E6, 0xACA5, 0x9C23,
    0x9C43, 0xA443, 0xA443, 0x9402, 0xACA5, 0xA444, 0xA464, 0x9C43, 0x9C23, 0x9C03, 0xA443, 0xA485,
    0xA484, 0xA484, 0x93E2, 0x9403, 0x9403, 0xAC84, 0x9C23, 0x9C23, 0xA464, 0x9C23, 0x8BA2, 0x93C2,
    0x9C24, 0x8BC2, 0xA444, 0x9C23, 0x93C2, 0x9C44, 0x9C23, 0x8BA2, 0x93E2, 0x9C24, 0x93C2, 0x8B62,
    0x9C44, 0x8362, 0x8BA2, 0x9C23, 0x93E2, 0x9C24, 0x9C03, 0xA464, 0x9C03, 0x9BE3, 0x93C2, 0xA465,
    0xA444, 0xA444, 0x9C03, 0x93E3, 0x9C03, 0x9C23, 0xA464, 0x9C02, 0xA464, 0xACA5, 0xAC84, 0x9C23,
    0x9C23, 0x9C23, 0x9C23, 0xA484, 0xACA5, 0xA464, 0xA464, 0xA464, 0x93E2, 0xACC5, 0xAC85, 0xACC5,
    0xA443, 0xB4C7, 0xB4E6, 0xA484, 0xACC5, 0xA443, 0xA464, 0xACA5, 0xA484, 0xACC5, 0xACC6, 0xA485,
    0xA443, 0xA484, 0xA444, 0xAC84, 0xACA5, 0xA484, 0x9C23, 0xA443, 0xA464, 0x9C23, 0xACC6, 0xA484,
    0xACC6, 0xB4C6, 0xB4E6, 0xA463, 0xA443, 0xA484, 0xA485, 0xAC85, 0xACC5, 0xA464, 0xA464, 0xACC5,
    0xA464, 0xA464, 0xB4C5, 0xAC84, 0xACA5, 0xA443, 0xAC84, 0xA464, 0x9C23, 0xACC5, 0xACA5, 0xAC85,
    0xACA5, 0xA423, 0xACA5, 0xA464, 0xA464, 0xACC5, 0xACA5, 0xACA6, 0x9402, 0x9C22, 0xA463, 0x93E2,
    0xAC85, 0xAC85, 0xA464, 0x9C23, 0x93E2, 0x9C03, 0x9C23, 0xA464, 0xA464, 0xACA5, 0x9C03, 0xA464,
    0x8382, 0xA443, 0xA464, 0x93C2, 0xA484, 0x9C23, 0x9C03, 0x9C03, 0x9C24, 0x93C2, 0x9403, 0x9C23,
    0xA444, 0x9C03, 0x9C44, 0x93C2, 0x93C2, 0x9C22, 0x9C03, 0x8B82, 0x9403, 0x8B82, 0x93E3, 0x93E3,
    0x9C03, 0x93E3, 0x93C2, 0x93E3, 0x93E3, 0x93C2, 0x9C03, 0x9C03, 0xA464, 0xA444, 0xA444, 0x9C24,
    0xA444, 0x9C23, 0xACA5, 0xACA5, 0xAC85, 0xAC85, 0xACA5, 0x9C22, 0xAC85, 0xA484, 0x9C43, 0xA464,
    0xACC5, 0xAC85, 0xA465, 0xA484, 0x9C23, 0xACC5, 0xB4E7, 0xACA5, 0xACA5, 0xACC6, 0xACC5, 0x9C43,
    0xACC6, 0xACA5, 0x9C43, 0xA484, 0xACA5, 0xACC6, 0xACA6, 0xACC5, 0xA443, 0xA464, 0xA464, 0xACC6,
    0xACC5, 0xB506, 0xA443, 0xACC6, 0xB507, 0xB4E7, 0xB4E6, 0xACA5, 0xB4E6, 0xACE6, 0xB4E6, 0xA464,
    0xA443, 0x9C43, 0xACC6, 0xACC6, 0xACC6, 0xA464, 0xA463, 0xA484, 0xA463, 0xACA5, 0xAC84, 0xACA5,
    0xB4E6, 0xA464, 0xA463, 0xA463, 0x93E2, 0xACA4, 0xB4E6, 0xACC5, 0xACA5, 0xA464, 0xA444, 0xACC5,
    0xA463, 0xACA5, 0xA464, 0xACA5, 0x9402, 0xA443, 0x9C43, 0x9C02, 0xACC6, 0xA464, 0xA484, 0x9C43,
    0xA464, 0xA464, 0x9C23, 0xA464, 0xA444, 0xA484, 0x9C03, 0xA464, 0x93E2, 0xA485, 0xA464, 0xACA5,
    0xA464, 0xA484, 0xACA5, 0x93C2, 0x9C23, 0x9C44, 0x9C43, 0x9C23, 0x9C24, 0x93E3, 0x9C03, 0x9403,
    0x93C2, 0xA444, 0x9C23, 0x9C03, 0x8B82, 0x93C2, 0x93A2, 0x8B81, 0x9C03, 0x93E3, 0x93C2, 0x9C23,
    0x93E3, 0x93C3, 0x9C03, 0x9C44, 0xA485, 0x9C23, 0xA464, 0xA444, 0x9C03, 0x9403, 0xA484, 0x9C44,
    0xAC85, 0xACA5, 0xACC6, 0xA484, 0xA485, 0x9C24, 0xACA5, 0xACA5, 0xACC5, 0xAC85, 0xACA6, 0xACA4,
    0xA485, 0xA485, 0xA464, 0xACC6, 0xACC5, 0xB4E6, 0xACA5, 0xACC5, 0xA464, 0xACC5, 0x9C44, 0xAC84,
    0xB4E6, 0xACC6, 0xACA5, 0xACC6, 0xA443, 0xA463, 0xAC85, 0xACA5, 0xB4E6, 0xACA5, 0xB4E6, 0x9C43,
    0xA464, 0xACC5, 0xACC6, 0xB4E6, 0xB4E6, 0xB4E6, 0xACC5, 0xA443, 0x9C23, 0x9C43, 0xA464, 0xB4C5,
    0xACA5, 0xA484, 0xA484, 0xA464, 0xACA5, 0xACA5, 0xB4C6, 0xB4E6, 0xB4E6, 0xA464, 0xA484, 0xA443,
    0xA463, 0xACC5, 0xACC5, 0xA464, 0xAC84, 0xA464, 0xA464, 0x9C23, 0xACA5, 0xACA5, 0xB4C5, 0xACC5,
    0xA464, 0x9C42, 0xA443, 0x9C43, 0xA485, 0xACA5, 0xA443, 0xA444, 0xA464, 0xA444, 0x93E2, 0x9C23,
    0xA464, 0xACA5, 0xA444, 0x9402, 0x9C23, 0xA464, 0xA464, 0x9C23, 0xAC85, 0xAC85, 0xA444, 0x9C02,
    0x9403, 0x9C23, 0xA465, 0xA464, 0x9C44, 0x9C23, 0xA444, 0x8BA2, 0x9C03, 0x9C23, 0x9C23, 0x93E2,
    0x9C23, 0x8BA2, 0x8BA1, 0x93C2, 0x9C03, 0x93C3, 0x8BA2, 0x9C23, 0x93C3, 0x9C03, 0x8BA2, 0xA464,
    0xACA5, 0xA464, 0xA485, 0x9C44, 0xA444, 0xA444, 0xACC5, 0xACA5, 0xACA5, 0xA484, 0xAC84, 0xA484,
    0xA464, 0x93E2, 0xACC5, 0xACC6, 0xAC85, 0xACA5, 0xACA5, 0xAC84, 0x9402, 0xACA5, 0xB4E6, 0xAC85,
    0xA444, 0xACC5, 0xB4E5, 0xA443, 0xA464, 0xA464, 0xACC5, 0xB4E6, 0xACA5, 0xA484, 0xACA5, 0xACE5,
    0xA463, 0xA483, 0xA484, 0xACA4, 0xB506, 0xB4E6, 0xB4C6, 0xA464, 0x9C02, 0xAC85, 0xACA5, 0xACE5,
    0xACC5, 0xB4E5, 0xACC5, 0x9C23, 0xA464, 0xA464, 0xACC6, 0xACC5, 0xB4C6, 0xA484, 0xB4E5, 0xA464,
    0xACA5, 0xACA5, 0xACA5, 0xB507, 0xB4C5, 0xAC84, 0xAC84, 0xACA4, 0x9C03, 0xACA5, 0xACC5, 0xACC5,
    0xACC5, 0xA484, 0x9C43, 0xA484, 0xB4E7, 0xACA4, 0xB4E6, 0xACA5, 0x93E2, 0xA484, 0xA463, 0x9C23,
    0xACA5, 0xA484, 0xACC5, 0xAC85, 0x9C23, 0x93C2, 0x9C23, 0xA464, 0xA464, 0xACA5, 0x9C03, 0xAC84,
    0x9C23, 0xACA5, 0xA464, 0xAC85, 0xAC85, 0xA464, 0x93C2, 0x93E2, 0x9C24, 0xA464, 0xA464, 0xAC85,
    0xA464, 0x9C23, 0x9C43, 0x93C1, 0x9C03, 0xA464, 0x9C03, 0x9C24, 0xA464, 0x9C24, 0x9C03, 0x93C2,
    0x9C03, 0x8382, 0xA464, 0xA464, 0x8B82, 0x9BE2, 0x7B21, 0x9C24, 0xA464, 0xACA5, 0x9C03, 0x9C44,
    0x9C03, 0x9C23, 0xACA5, 0xA464, 0x9C43, 0xA464, 0xB4E6, 0x9C23, 0x9C43, 0x9C03, 0xA464, 0xACA5,
    0xACA5, 0xAC84, 0x9C44, 0x9C43, 0xA485, 0xA463, 0xB4E6, 0xB4C5, 0xACA5, 0xB4E5, 0xACC5, 0xACA5,
    0xACA5, 0xA464, 0x9C23, 0xACC6, 0xACA4, 0xACA5, 0xACC6, 0xACC6, 0xA463, 0xAC84, 0xAC85, 0xACA5,
    0xACA4, 0xB4E6, 0x9C43, 0xACA5, 0xA485, 0xACA5, 0xB4E6, 0xACC5, 0xACA5, 0xB4E5, 0xB505, 0xA484,
    0xA4A4, 0x9C43, 0xB4E6, 0xB4E6, 0xACC5, 0xB4E6, 0xB4E6, 0xACA5, 0xA464, 0xA484, 0xACA5, 0xACC6,
    0xB4E6, 0xA483, 0x9C02, 0xACA4, 0x9403, 0xACC6, 0xACC5, 0xACA5, 0xB4C6, 0xACC5, 0xA443, 0xA444,
    0x9C43, 0xAC84, 0xACA4, 0xACA5, 0x93E2, 0xA464, 0xACA3, 0xA464, 0xA463, 0xA464, 0xACA5, 0xA443,
    0x9C02, 0x9C02, 0xA444, 0xACA5, 0xA464, 0xACA5, 0x9403, 0xA464, 0x9C43, 0xA464, 0xB4E6, 0xA485,
    0xAC85, 0xA464, 0x93C2, 0xA464, 0xA485, 0x9403, 0xACA5, 0xA464, 0x9C43, 0xA464, 0x9C23, 0x93E2,
    0x9403, 0x93E3, 0xA464, 0xA484, 0x93E3, 0x8BA2, 0x8BA2, 0x8382, 0x93C2, 0x93E3, 0x8BC2, 0x9C23,
    0x9C23, 0x93C2, 0x8B81, 0xA464, 0x9403, 0x9C03, 0xACA5, 0x9403, 0x9C44, 0x9C22, 0x9C23, 0xACA5,
    0xACA5, 0xAC85, 0xA463, 0x9C23, 0xAC85, 0xACC5, 0x9C23, 0xA464, 0xACC5, 0xB4E6, 0xA485, 0xA484,
    0xA464, 0xACA5, 0xACA5, 0xACC5, 0xACA5, 0xB506, 0xB4E6, 0xA484, 0xACA5, 0xACA5, 0xA443, 0xACA5,
    0xB4E6, 0xB4E6, 0xACC5, 0xACE6, 0xA484, 0xA484, 0xACA5, 0xB506, 0xB4E6, 0xACC5, 0x9C23, 0xACA5,
    0xACC5, 0xA463, 0xB4E6, 0xB4E6, 0xACA5, 0xACC5, 0xB4E6, 0x9C23, 0x9C23, 0x9402, 0xACC5, 0xB4E6,
    0xACA4, 0x9C22, 0xACC5, 0xB4E6, 0xACC6, 0xB4C5, 0xACE6, 0xB506, 0xB4E5, 0x9C43, 0xA484, 0xA484,
    0x9C43, 0xACA5, 0xAC84, 0xAC85, 0xB4C6, 0xACA5, 0xACC6, 0x9C43, 0x93E2, 0xB4C6, 0xACC6, 0xAC84,
    0x9C22, 0xA463, 0x9C22, 0x9C22, 0xACA5, 0xACA4, 0xACA5, 0xA464, 0xA484, 0xACA5, 0x9C43, 0xA484,
    0xA484, 0xA485, 0x9C44, 0xA484, 0x9C43, 0xA464, 0xACA5, 0xAC85, 0xAC84, 0xA444, 0x9C03, 0xAC85,
    0x8B61, 0xAC85, 0xA485, 0xA484, 0xA444, 0x9C44, 0xA484, 0x93C2, 0x9C02, 0x9C03, 0xA464, 0xA464,
    0x9C03, 0x8361, 0x9C23, 0x93C3, 0x9C03, 0x93E3, 0x93E3, 0x9C24, 0x9403, 0x93E2, 0x8361, 0x9C24,
    0x9C23, 0x9C03, 0xACA5, 0x9C43, 0x9C22, 0x9C02, 0xAC84, 0xACA5, 0xA464, 0xACA6, 0xACA5, 0xA464,
    0xACA5, 0xA485, 0x9C43, 0xB4E6, 0xACC5, 0xB4C6, 0xACA5, 0xA484, 0xA443, 0xACA5, 0xACC5, 0xB4C5,
    0xACC5, 0xB4E6, 0xB507, 0xACA5, 0xA464, 0xACA5, 0xA444, 0xB4E6, 0xACC5, 0xB4E6, 0xACC5, 0xACE6,
    0xA483, 0xACC5, 0xA484, 0xB4E6, 0xA464, 0xACA4, 0xA464, 0xACC6, 0xA464, 0xACA5, 0xB4E7, 0xB506,
    0xB4E6, 0xACC5, 0xB4E6, 0xAC84, 0xA464, 0xA444, 0xB4E6, 0xACC5, 0xB4E6, 0xAC84, 0xACC6, 0x9402,
    0xACC5, 0xACC5, 0xACC5, 0xB506, 0xB4E6, 0xA463, 0xA484, 0xA484, 0xA463, 0xA484, 0xB4C5, 0xB4E5,
    0xACA4, 0xB4E5, 0xA463, 0xB4E5, 0xA464, 0xACC5, 0xACC6, 0xACA5, 0x9C23, 0xA463, 0xACA5, 0x9C02,
    0x8BC1, 0xA484, 0xACA5, 0x9403, 0xACC5, 0xACC5, 0x9C23, 0xACA5, 0xACA5, 0xACA5, 0x9C23, 0x9C64,
    0xA464, 0xA464, 0xA484, 0x9C03, 0xAC85, 0xA484, 0xA464, 0xA443, 0x9C23, 0xA484, 0xACA5, 0xAC85,
    0x9C03, 0xA444, 0xA484, 0x93C2, 0x8BA2, 0x9C03, 0x9C43, 0x93E3, 0x9C03, 0x8B82, 0xA444, 0x8BC2,
    0x93E3, 0x9C03, 0x9C44, 0x8BA2, 0x93A2, 0x9C03, 0x9C03, 0x93E3, 0x93E3, 0xA443, 0xA464, 0x9C23,
    0x9C02, 0x9C02, 0xACA5, 0xA444, 0xAC84, 0xACC5, 0xB4E6, 0xACA5, 0xA423, 0xA464, 0xACA5, 0xACC5,
    0xACA5, 0xACA5, 0xACA5, 0xACA5, 0xA484, 0xA484, 0xACA5, 0xACC5, 0xA484, 0xB4E6, 0xACA5, 0xACC6,
    0xA463, 0xA484, 0xACC6, 0xB4C6, 0xACA5, 0xA484, 0xA484, 0xACE5, 0xAC84, 0xB4E5, 0xA4A4, 0xB4E6,
    0xAC84, 0xB4C5, 0xB4C5, 0xA464, 0xA464, 0xACC6, 0xACC5, 0xB4E5, 0xAC84, 0xB4E6, 0xB4E6, 0xAC84,
    0xA463, 0xA464, 0xB4C6, 0xACC5, 0xB4E6, 0xA464, 0xB4E6, 0xA463, 0xB506, 0xACC5, 0xB4E5, 0xB4E6,
    0xB506, 0x9C43, 0xA464, 0xACA4, 0x9C23, 0xB4E6, 0xAC84, 0xACC5, 0xACA4, 0xACC5, 0xA484, 0xAC85,
    0xACA5, 0xACC5, 0xA443, 0xB4E6, 0xA464, 0xA464, 0xA463, 0x9C43, 0xACC5, 0x9C23, 0xACA5, 0xACC5,
    0x9C43, 0xA443, 0xACA5, 0xACA5, 0xAC84, 0xA484, 0x9C02, 0x9C22, 0x9C23, 0xACA5, 0xACC5, 0xA464,
    0xA464, 0xA444, 0xACA5, 0x93E2, 0x9C22, 0xAC85, 0xA444, 0xA444, 0xA464, 0xA444, 0xACA5, 0x93E2,
    0x93E2, 0x93E3, 0x9C23, 0x9C23, 0x9C23, 0x8BA2, 0xA443, 0x8BA1, 0xA443, 0xA464, 0x9C03, 0x8B82,
    0x9C03, 0x93E2, 0x9C03, 0xA444, 0x9C23, 0x9C23, 0xA464, 0x9C23, 0xA443, 0xA443, 0x9C23, 0xACA5,
    0xA484, 0xACA5, 0xB4C5, 0xA484, 0xA443, 0x9C23, 0xA464, 0xACC5, 0xAC85, 0xA484, 0x9C44, 0xAC84,
    0xA464, 0xACC6, 0xACC5, 0xACA5, 0xACC5, 0xB507, 0xB4E6, 0xA464, 0xA464, 0xA484, 0xB506, 0xACA5,
    0xB4E6, 0xAC84, 0xACC5, 0xACC5, 0xACA4, 0xB4E5, 0xACA5, 0xB4E6, 0xB4E6, 0xACA4, 0xA443, 0xA484,
    0xA444, 0xA484, 0xACC4, 0xB4E5, 0xACC6, 0xB507, 0xB4E6, 0xACC5, 0xA464, 0x9C43, 0xB4E6, 0xB4E6,
    0xBD07, 0xACC5, 0xA484, 0xAC84, 0xACC6, 0xB4E5, 0xB4E6, 0xB4E6, 0xACC5, 0xA463, 0xACA4, 0xA463,
    0xA443, 0xACA4, 0xACC5, 0xB4C5, 0xB4C6, 0xB4C5, 0xB506, 0xAC84, 0x9402, 0xACA5, 0xB4E6, 0xA484,
    0x9C02, 0xA443, 0x9C02, 0x9C23, 0xACA5, 0x9C43, 0xACC6, 0x9C43, 0x9C03, 0xA463, 0xA444, 0xB4C5,
    0xA484, 0xAC84, 0x9C23, 0x9C43, 0xA464, 0xACA4, 0xACA5, 0xACA5, 0xA464, 0xA464, 0x93E2, 0x93E2,
    0xA463, 0x9C23, 0x9C23, 0xA464, 0x9C43, 0xA465, 0xA444, 0x9C44, 0x8B82, 0x9C23, 0x9BE3, 0x9C03,
    0x9C23, 0x8BA2, 0x9C23, 0x9C24, 0x9C43, 0x9C23, 0x9C43, 0x9C03, 0x93C2, 0x9C02, 0x93E2, 0x9C44,
    0xA464, 0xA464, 0xA464, 0x9C03, 0xA484, 0x9C02, 0xACE5, 0xA485, 0xB4E6, 0xACC5, 0xACA5, 0x9C43,
    0xA484, 0xA443, 0xA484, 0xB4E6, 0xACA4, 0xA463, 0xA464, 0xA464, 0x9C23, 0xAC84, 0xACA5, 0xACC5,
    0xACC6, 0xACC5, 0xB506, 0xACA5, 0xACC5, 0x9C23, 0xA484, 0xACC5, 0xACC5, 0xB4C6, 0xACA4, 0xACA4,
    0xA443, 0xACC5, 0xACA5, 0xB4E6, 0xB507, 0xACC5, 0xA463, 0xA484, 0xB506, 0xAC85, 0xB506, 0xB4E6,
    0xB4E5, 0xACC6, 0xB4E6, 0xA484, 0x9C22, 0x9C23, 0xACC5, 0xB506, 0xACC5, 0xA484, 0xACC5, 0xACE6,
    0xACC6, 0xA4A4, 0xACC5, 0xACC5, 0xACC5, 0xA463, 0xAC83, 0xA483, 0xA464, 0xACC6, 0xB4E6, 0xACC5,
    0xACE6, 0xB506, 0xACA4, 0xA484, 0xA464, 0xACA5, 0xACC5, 0xACA5, 0xA443, 0x9C43, 0xAC84, 0x9402,
    0xACC5, 0xACC5, 0xA484, 0x9C02, 0xAC85, 0xACC5, 0xA443, 0xACA5, 0xACC5, 0xAC85, 0xA484, 0x9C23,
    0x9C02, 0xA484, 0xACC5, 0xACA5, 0x9C23, 0xACA5, 0xA464, 0x9C23, 0xACA5, 0x9C23, 0xA444, 0xA464,
    0xA444, 0xAC85, 0xA465, 0x9403, 0x8BC2, 0x93E2, 0x8362, 0x8B82, 0x9C23, 0x93E2, 0xA423, 0x9C23,
    0x9C23, 0xA465, 0x9C03, 0x9C23, 0x93E2, 0x93E2, 0x9C02, 0xA464, 0xA484, 0xACA5, 0xA464, 0xA444,
    0x9C23, 0x9C23, 0xB4E5, 0xA464, 0xACA5, 0xACA5, 0xACA4, 0x9C22, 0xAC84, 0xA485, 0x9C23, 0xB507,
    0xACC5, 0xACA5, 0xA484, 0xACA5, 0xA443, 0xACA5, 0xACC6, 0xACA5, 0xB4E6, 0xACC6, 0xB4E6, 0xA463,
    0xB4C5, 0xA464, 0x9C23, 0xACC5, 0xACE6, 0xB4E6, 0xB4E6, 0xB506, 0xACA4, 0xACC4, 0xACA5, 0xACC5,
    0xB4C5, 0xACC5, 0xA484, 0xB4E6, 0xA464, 0xACC5, 0xB4E6, 0xB506, 0xB507, 0xB4E6, 0xB506, 0xA484,
    0xACC5, 0x9402, 0xB4C6, 0xACC5, 0xB4C5, 0xA443, 0xB4E5, 0xACA5, 0xA483, 0xA484, 0xACC5, 0xB4C5,
    0xB4E5, 0xA463, 0xACC5, 0xACA4, 0x9C43, 0xA483, 0xB507, 0xACC6, 0xB4E6, 0xACA5, 0xA464, 0xB4C5,
    0xA443, 0xACA5, 0xACA4, 0xACA6, 0xA443, 0xA463, 0xA463, 0xA443, 0xACA5, 0xACA5, 0xA463, 0x9C23,
    0xAC84, 0xACC6, 0x9C22, 0xACA5, 0xA485, 0xACA5, 0x9C24, 0xA444, 0x9C43, 0xA464, 0xACC6, 0xA484,
    0xA464, 0xA464, 0xACA5, 0x9C02, 0x93E3, 0x9C24, 0xA484, 0x9C43, 0x9C23, 0x9C23, 0x9C23, 0x8BA2,
    0x8B81, 0xA444, 0x8BA2, 0x9403, 0x9C23, 0x7B21, 0x8B82, 0x93E2, 0x8BA2, 0xAC85, 0xA464, 0xA484,
    0x9C03, 0x9C23, 0x93E2, 0xA444, 0x9C24, 0xA464, 0xA464, 0xA444, 0x9C03, 0x9C02, 0xA463, 0xACA5,
    0xAC85, 0xACC5, 0xA484, 0xACC5, 0xACA4, 0xA485, 0xACA5, 0xA464, 0xB4E6, 0xACA5, 0xAC85, 0xACC5,
    0xA464, 0xB4E5, 0xACA5, 0xA484, 0xB4E6, 0x9C44, 0xACA5, 0xACA5, 0xACA5, 0x9C44, 0xACA4, 0xACA5,
    0xACA5, 0xAC84, 0xB4E5, 0xACA4, 0x9C22, 0xB506, 0xACA5, 0xACA5, 0xB4E6, 0xB4E6, 0xB4C5, 0xA464,
    0xA464, 0xACC5, 0xB506, 0xB526, 0xB4E6, 0xB4E5, 0xB506, 0xA463, 0xA463, 0xA443, 0xB4C5, 0xB506,
    0xACC5, 0xA464, 0xB506, 0xACC5, 0xACC5, 0xB506, 0xACA5, 0xB4E6, 0xB4E6, 0xA463, 0xACA4, 0xA463,
    0xACA4, 0xB4C5, 0xB4E6, 0xB4E6, 0xAC84, 0xB4E5, 0xA484, 0xA464, 0xA484, 0xACC5, 0xB4C5, 0xB4C6,
    0xAC84, 0xA463, 0xA463, 0x9C23, 0xACC6, 0xA484, 0xA464, 0xACC5, 0x9C43, 0x9402, 0xACA5, 0xB4E6,
    0xACC5, 0xACA5, 0x9403, 0xA484, 0x9C43, 0xA484, 0xACA5, 0xB4E6, 0xAC84, 0xA464, 0xA464, 0x9403,
    0x9C03, 0x9403, 0x9C23, 0xA464, 0xA464, 0x93C2, 0x9C43, 0x93E3, 0x9402, 0x9C23, 0x8B82, 0x8BA2,
    0x9C44, 0x8BA2, 0x8361, 0x93E2, 0x93C2, 0x9403, 0xA464, 0x9C43, 0x9C02, 0x9C23, 0x9C02, 0xA465,
    0xA464, 0xA464, 0xA485, 0xA464, 0x9C23, 0xA463, 0xACA5, 0x9C43, 0xACA6, 0xACA5, 0xA464, 0xACA5,
    0xA464, 0x93E2, 0xACA5, 0xACA5, 0xB4E6, 0xB4C5, 0xA464, 0xA464, 0xA463, 0xA463, 0xB4E6, 0xACE5,
    0xACC5, 0xACA6, 0xACC5, 0xA444, 0xA464, 0xA484, 0xA485, 0xB4C5, 0xA484, 0xB4E5, 0xB505, 0xACE5,
    0xA443, 0xB4E6, 0xA485, 0xB4C5, 0xB4C5, 0xB4E6, 0xB4E6, 0xAC84, 0xA443, 0xB4E6, 0xB4E6, 0xB506,
    0xB4E6, 0xB4E6, 0xB4E5, 0xACA4, 0xA464, 0xAC84, 0xAC84, 0xACA4, 0xB506, 0xACA5, 0x9C42, 0xA463,
    0xAC84, 0xACC5, 0xB506, 0xB4E6, 0xACA4, 0xA483, 0xA443, 0xACA4, 0xA463, 0xB4E6, 0xACA4, 0xB4E6,
    0xACA5, 0xACC5, 0xA464, 0xA464, 0xAC84, 0xACC5, 0xACA4, 0xACE6, 0xA463, 0xA463, 0xA443, 0x9C23,
    0xACC6, 0xB4E6, 0xACC5, 0xACA5, 0xA484, 0xA443, 0xACC6, 0xACA5, 0xACA5, 0xACC5, 0x9C03, 0xA464,
    0xA464, 0xACC5, 0xB4E6, 0xB4E6, 0xACA4, 0xAC85, 0x9C03, 0xA444, 0xA465, 0x9BE3, 0xAC85, 0x9403,
    0x93E2, 0xA464, 0x9C23, 0x8BC2, 0x93E2, 0x93C2, 0x9C23, 0xA444, 0x9C23, 0x8BA2, 0x93E2, 0x93C2,
    0x9C03, 0xA464, 0xA443, 0x9C23, 0x93E2, 0xA443, 0x93C1, 0x9402, 0xACA5, 0xAC84, 0xA464, 0xA485,
    0xA484, 0x93E2, 0xACA4, 0xA464, 0xAC85, 0xACA5, 0xAC84, 0x9C23, 0x9C23, 0xA484, 0xA464, 0xB4E6,
    0xA464, 0xB4C6, 0xACA5, 0xACA5, 0xA464, 0xACE6, 0xACC5, 0xACC6, 0xACA5, 0xB4E6, 0xB4E6, 0xA484,
    0xB4E6, 0xA443, 0xA443, 0xB4E6, 0xB4E5, 0xACC5, 0xB4E6, 0xACE6, 0xAC84, 0xACA4, 0xACA5, 0xB4E6,
    0xB4E5, 0xB4C5, 0x9C02, 0xA484, 0xACC6, 0xA484, 0xB506, 0xB506, 0xB4E6, 0xB4E6, 0xB506, 0xAC84,
    0xA484, 0xA464, 0xB506, 0xB4E6, 0xA484, 0xB4E6, 0x9C22, 0xB4E6, 0xB4E6, 0xACC5, 0xB4E6, 0xACC5,
    0xB506, 0xACC5, 0xACA4, 0xACC5, 0x9C43, 0xACC6, 0xB4E6, 0xB4C5, 0xB506, 0xB506, 0xB4E6, 0xA443,
    0xA443, 0xACA4, 0xACC5, 0xA464, 0xA443, 0xA464, 0xA463, 0xA443, 0xACA5, 0xAC84, 0xA484, 0xA463,
    0xA443, 0x9C02, 0xA463, 0xACC5, 0xACC5, 0xB4E6, 0x9C23, 0xAC84, 0xA484, 0xACA5, 0xAC84, 0xACA5,
    0xACA5, 0xACA5, 0x93E2, 0xA484, 0xAC85, 0x93E3, 0x9C43, 0x9C23, 0x9C23, 0x9C03, 0xA464, 0x93E2,
    0x8BA2, 0x9403, 0x9C43, 0x93C2, 0x93E3, 0x8B81, 0x8BC2, 0x9C24, 0x8BA2, 0x9C23, 0x9C24, 0xA465,
    0x93E3, 0x93C2, 0x9C22, 0x9C43, 0x9C44, 0xA464, 0xA484, 0x9C03, 0x93C2, 0x93E2, 0xACA5, 0xA464,
    0xACA5, 0x9C23, 0xACA5, 0xA464, 0xA484, 0xACA5, 0x9C43, 0xB4C6, 0xB4E6, 0xB4E6, 0xACA6, 0xACA5,
    0xA463, 0xACC5, 0xACC5, 0xACC5, 0xACA5, 0xBD27, 0xBD27, 0xAC84, 0xB4E6, 0xACC5, 0x9C44, 0xACA5,
    0xB4E5, 0xB4E5, 0xACC6, 0xB506, 0xAC84, 0xACC5, 0xA484, 0xACC5, 0xB4E6, 0xB4E5, 0xA463, 0xB4E7,
    0xA485, 0xACA4, 0xB527, 0xB4E6, 0xB507, 0xB506, 0xB506, 0xAC84, 0xA484, 0xA463, 0xB4C6, 0xACC5,
    0xB4C5, 0xA443, 0xB4C5, 0xB506, 0xB4E5, 0xACC5, 0xB4E5, 0xB4E6, 0xB4E6, 0x9C42, 0xACA5, 0xA463,
    0xA463, 0xACC5, 0xB4E6, 0xB4E6, 0xACE6, 0xACC5, 0xACA5, 0xACC5, 0xA484, 0xACC5, 0xB4E6, 0xB4C5,
    0x9C03, 0xA463, 0xA463, 0x9C43, 0xAC84, 0xA484, 0xACC5, 0x9C43, 0xACC5, 0xACA5, 0xA464, 0xACA5,
    0xB4C6, 0xA484, 0x9C43, 0xA464, 0x9C23, 0xACC5, 0xA484, 0xACC5, 0xAC84, 0xA485, 0xA484, 0xACA5,
    0xA464, 0x9C44, 0x9C03, 0xA444, 0xA444, 0x9C23, 0xA465, 0x9C03, 0x93E3, 0x9C02, 0x9C23, 0x9403,
    0x93E3, 0x93C2, 0x9403, 0x8362, 0x9C24, 0x93E3, 0xAC84, 0xA464, 0x93E3, 0x9C23, 0xA423, 0xA464,
    0x93E3, 0xAC85, 0xA444, 0x9403, 0x9C03, 0x9C03, 0xA444, 0xACA5, 0xACA5, 0xB4C6, 0xB4E6, 0x9C23,
    0xACC6, 0xAC85, 0x9C22, 0xA464, 0xACC5, 0xACA5, 0xACC6, 0xACA5, 0xACA4, 0xACA5, 0xACC6, 0xACC5,
    0xB4C6, 0xB506, 0xB4E6, 0xACA4, 0xAC84, 0xAC84, 0xAC84, 0xB4E6, 0xB4E5, 0xB4E6, 0xACC5, 0xAC84,
    0xA463, 0xACC5, 0xB4E5, 0xB506, 0xB506, 0xACC5, 0xACA4, 0xB507, 0xACA5, 0xACC5, 0xB4E6, 0xB4E5,
    0xB4E6, 0xB4E5, 0xB4E6, 0xAC84, 0xAC84, 0xA463, 0xB4E6, 0xACC5, 0xACA4, 0xA484, 0xB506, 0xA463,
    0xACC5, 0xACC5, 0xB4E6, 0xBD06, 0xB4E5, 0xA484, 0xACC5, 0xACA5, 0xA463, 0xB4E6, 0xB4E6, 0xB4E6,
    0xB505, 0xACA5, 0xAC84, 0x9C23, 0xACC6, 0xB4E6, 0xACC5, 0xACC5, 0x9C43, 0xAC84, 0xACA4, 0xA443,
    0xACC5, 0xACA5, 0xA484, 0xACC5, 0xACC5, 0xA444, 0xB4E6, 0xACA5, 0xACA5, 0xACA5, 0xA464, 0xACA4,
    0xA464, 0xACA5, 0xAC84, 0xB4C6, 0xACC6, 0xAC84, 0xA464, 0x9C23, 0xA464, 0x93E3, 0xACA5, 0xA485,
    0x9C03, 0xA444, 0xA464, 0x93E2, 0x93E2, 0x9C03, 0xA444, 0x93C3, 0x8B82, 0x72E1, 0x8B62, 0x8341,
    0xA465, 0x9C23, 0x8B61, 0x9C24, 0x8381, 0x93C2, 0x9C43, 0xA464, 0x9C44, 0xACA5, 0xA464, 0x9C44,
    0x9C44, 0x9C23, 0xA464, 0xACC5, 0xACA5, 0xACA4, 0xACA5, 0xACC6, 0xACA4, 0xA464, 0xACA5, 0xA464,
    0xB4C5, 0xACA4, 0xA485, 0xACA4, 0xA464, 0xACC5, 0xACA5, 0xB4E6, 0xB4E6, 0xB506, 0xB4C6, 0xACC5,
    0xA484, 0xACC5, 0xB4E6, 0xB506, 0xACA4, 0xACA4, 0xB506, 0xACA5, 0xACA5, 0xB4E5, 0xA464, 0xB4E6,
    0xB4E5, 0xACC5, 0xACA5, 0xACA5, 0xAC84, 0xB4E6, 0xB4E6, 0xB527, 0xB506, 0xACE5, 0xB507, 0xAC84,
    0xA484, 0xA443, 0xB4E5, 0xB4E6, 0xB4E6, 0xA484, 0xBD27, 0xACA5, 0xB506, 0xB4E5, 0xBD27, 0xBD27,
    0xB4E6, 0xACC5, 0xA463, 0xACA4, 0xA463, 0xB4E6, 0xB4E6, 0xB4E5, 0xACC5, 0xACC5, 0xA443, 0xA484,
    0xACC5, 0xB4E6, 0xACA5, 0xACA5, 0xA443, 0xA484, 0xA483, 0xA464, 0xACA4, 0xACA5, 0xB4E6, 0xB4C5,
    0xA464, 0x9C23, 0xB4E6, 0xB4C5, 0xACC6, 0xACC5, 0xA485, 0xACA4, 0x9C43, 0xACA5, 0xACC5, 0xACA4,
    0xA463, 0xA484, 0x9C03, 0xA444, 0x93E2, 0x93E3, 0x9403, 0xA464, 0xA464, 0x9C23, 0xAC85, 0x93C2,
    0x9C03, 0x9C03, 0x9C23, 0x93A2, 0x93C2, 0x8BC3, 0x93E2, 0x8BA2, 0x9C24, 0x9C03, 0xA444, 0x9C03,
    0x9C03, 0xA443, 0x93C2, 0xA464, 0xAC85, 0xA464, 0xA464, 0xA464, 0xA464, 0xA443, 0xACA4, 0xA464,
    0xA484, 0xACC5, 0xA464, 0xA485, 0xA443, 0x9C23, 0xACA4, 0xA484, 0xAC84, 0xACA5, 0xA464, 0xACA4,
    0xA464, 0xACC5, 0xB4E6, 0xB4E6, 0xB4E6, 0xB4E6, 0xACC5, 0xAC84, 0xACA4, 0xACC5, 0xACC5, 0xACC5,
    0xACA4, 0xB526, 0xB4E6, 0xACA4, 0xACC4, 0xA484, 0xA484, 0xB4E6, 0xB507, 0xB4E6, 0xA463, 0xA484,
    0xACA4, 0xAC85, 0xB4E6, 0xACC5, 0xB4E5, 0xB4E6, 0xB506, 0xACA4, 0xA484, 0xA444, 0xB4E5, 0xB506,
    0xB506, 0xB4C5, 0xA484, 0xA443, 0xB506, 0xB506, 0xB4E5, 0xBD06, 0xACC5, 0xAC84, 0xACA4, 0xACA4,
    0xA463, 0xB506, 0xB4E5, 0xB4E6, 0xB4E6, 0xB4E6, 0xACC5, 0xAC83, 0xA443, 0xACC5, 0xB4E5, 0xB4E5,
    0xA463, 0xA483, 0xAC84, 0xA484, 0xACA4, 0xA464, 0xACC6, 0xACA5, 0xA4A4, 0x9C43, 0xACA5, 0xACC6,
    0xACC5, 0xACC5, 0x9C03, 0xACA4, 0x9C23, 0xA484, 0xACA5, 0xACA5, 0xACA5, 0x9C23, 0x9403, 0xA484,
    0x9C44, 0x93E2, 0x9C24, 0xA485, 0x9C23, 0x9C23, 0x9C23, 0x9C24, 0x9C23, 0x9403, 0x9C23, 0x93E2,
    0x9C03, 0x93C2, 0x93C2, 0x9C03, 0x8BA2, 0x9C23, 0x93E3, 0xA444, 0x93C2, 0x9C23, 0x93C2, 0xA464,
    0xA443, 0xA464, 0x9C23, 0xA464, 0xA464, 0x9C23, 0xACA4, 0xACA5, 0xACA5, 0xB4C6, 0xACC5, 0xA463,
    0x9403, 0xA464, 0x9C23, 0xB4C5, 0xACA5, 0xACC6, 0x9C23, 0xACA5, 0xA484, 0xB506, 0xACC5, 0xACC5,
    0xACC5, 0xB4E5, 0xACC5, 0xACA5, 0xACC5, 0xB506, 0xA443, 0xACC5, 0xACC5, 0xB506, 0xB506, 0xB4E5,
    0xAC84, 0xACC5, 0xB4E6, 0xB506, 0xB506, 0xB506, 0xAC84, 0xB506, 0xB4E6, 0xACC5, 0xBD27, 0xB4E6,
    0xB507, 0xB526, 0xB4E5, 0xACA4, 0xACA4, 0xA484, 0xBD07, 0xB506, 0xB506, 0xA484, 0xACA5, 0xB4E6,
    0xB506, 0xB506, 0xB4E6, 0xB506, 0xB506, 0xB4E5, 0xACC5, 0xA483, 0xAC84, 0xACC5, 0xB4C5, 0xB4E5,
    0xB527, 0xA443, 0xB4E6, 0xB4E6, 0xACA4, 0xB4E5, 0xB4E5, 0xB4E6, 0x9C43, 0xA483, 0xA483, 0xA483,
    0xACA4, 0xB4C5, 0xB4E6, 0xA484, 0xACC5, 0xACA5, 0x9C43, 0xB4E6, 0xACA4, 0xACE5, 0x9C44, 0xA463,
    0xA464, 0xACA5, 0xACC6, 0xACA5, 0xACC6, 0xA443, 0x9C02, 0xA485, 0xA485, 0xA464, 0x9C24, 0xA464,
    0x9C44, 0x9C44, 0x9C44, 0x93E2, 0x9C03, 0xA464, 0xA464, 0x9C24, 0x9C44, 0x93C2, 0x9C23, 0x8B82,
    0x93C3, 0x9C24, 0x8382, 0xA444, 0x9C23, 0x9C23, 0xA443, 0xA464, 0xB4C5, 0xACA5, 0x9403, 0xA484,
    0x9C44, 0x93E2, 0xACC6, 0xACA5, 0xACC5, 0xA484, 0xA444, 0xA464, 0xACC5, 0xB4C6, 0xA463, 0xACA5,
    0xA484, 0xB4E5, 0xA484, 0xACC5, 0xA464, 0xACA5, 0xB4E7, 0xACC5, 0xB4C6, 0xB506, 0xB507, 0xB4E6,
    0xB4E5, 0xACC5, 0xA484, 0xB4E6, 0xB4E6, 0xB506, 0xB507, 0xB505, 0xA463, 0xACC5, 0xACA4, 0xB4E5,
    0xB506, 0xB4E6, 0xACA4, 0xB506, 0xACC5, 0xB4E7, 0xB506, 0xB4E5, 0xACC5, 0xB526, 0xB506, 0xB4E5,
    0xAC83, 0xA484, 0xB505, 0xB4E5, 0xB4E6, 0xA484, 0xAC84, 0xB4E5, 0xACA4, 0x9C22, 0xB4E5, 0xB4E6,
    0xB526, 0xB4C5, 0xB4E5, 0xACC4, 0x9C43, 0xB4E6, 0xB506, 0xACA4, 0xACC6, 0xB4C6, 0xB4C5, 0xB506,
    0xA484, 0xB4E6, 0xB4E5, 0xACC5, 0xACA4, 0xACA4, 0xACA4, 0xA463, 0xACC5, 0xACC5, 0xB506, 0x9C43,
    0xACC5, 0xB506, 0xA484, 0xACC5, 0xACA4, 0xACA5, 0xA463, 0xAC84, 0x9402, 0xACC5, 0xACC5, 0xB4E6,
    0xA484, 0xACC6, 0x9C23, 0xA443, 0x93C2, 0xACA5, 0x9C23, 0xA465, 0x9C43, 0xA465, 0x93E2, 0x9C44,
    0x93E3, 0x9C43, 0xA443, 0x93E3, 0x8BA2, 0x8B81, 0xACA5, 0x8BA2, 0x9C03, 0x8BC3, 0x9C24, 0x93E2,
    0xA443, 0x9C23, 0xA464, 0xA485, 0xA443, 0xA464, 0xACA5, 0x9C23, 0xA464, 0xA464, 0xA484, 0xA464,
    0xACC5, 0xB4C6, 0xACC5, 0xA443, 0xA484, 0xA463, 0xB4E6, 0xB4E6, 0xACA5, 0xACC5, 0xACC5, 0xACC5,
    0xA464, 0xACC5, 0xA485, 0xACC5, 0xB506, 0xB506, 0xACA5, 0xB4E6, 0xACA5, 0xA464, 0xB526, 0xB4E6,
    0xB4E6, 0xACC5, 0xB526, 0xB4E6, 0xAC84, 0xB4E5, 0xA484, 0xBD26, 0xB507, 0xB4E5, 0xB506, 0xACA4,
    0xA463, 0xB507, 0xB527, 0xB506, 0xACC5, 0xB506, 0xB4E6, 0xACA4, 0xACA4, 0xA484, 0xB4E6, 0xB4E6,
    0xB4E5, 0xAC84, 0xACC5, 0xA443, 0xACC5, 0xA464, 0xB4E6, 0xB4E6, 0xA484, 0xACA4, 0xACC4, 0xACC5,
    0xA483, 0xACA4, 0xB4E6, 0xB4E6, 0xB4E5, 0xACC5, 0xACA4, 0xACA5, 0xACC5, 0xB506, 0xA483, 0xACC5,
    0xA484, 0xACC4, 0xB4E4, 0xA463, 0xACC5, 0xACC5, 0xB4E6, 0xACC5, 0xACA4, 0xA463, 0xB4E5, 0xB4E6,
    0xACA5, 0xA443, 0x9C43, 0xA443, 0x9C43, 0xACA5, 0xACA5, 0xA444, 0xACA5, 0xA444, 0xACA5, 0x9C23,
    0x93E2, 0xAC84, 0xACA5, 0x9C23, 0xA464, 0xA444, 0xA465, 0x93C2, 0x9C03, 0x9C03, 0xA484, 0xA443,
    0x9402, 0x93C2, 0x9C23, 0x9C03, 0x9403, 0x9403, 0x9C24, 0x9403, 0x93E2, 0x9C02, 0x93C2, 0xA464,
    0xAC84, 0xB4C5, 0xACC5, 0x9C23, 0xA443, 0x9C23, 0xA485, 0xACC5, 0xB4C5, 0xAC84, 0xACA4, 0xACC6,
    0xA463, 0x9C23, 0xACA5, 0xB4E6, 0xACA5, 0xACC5, 0xA484, 0xB506, 0xA485, 0xB4E6, 0xB4C6, 0xB4C5,
    0xAC84, 0xA422, 0xACC5, 0xA443, 0xA464, 0xA4A4, 0xACA5, 0xB4E6, 0xB4E5, 0xB506, 0xB4E6, 0xACA4,
    0xA463, 0xB505, 0xACA5, 0xB4E6, 0xB4E7, 0xB4E5, 0xB4E6, 0xA463, 0xA443, 0xBD07, 0xB527, 0xB4E6,
    0xB507, 0xB4E6, 0xB4E6, 0xA484, 0xA483, 0x9C42, 0xB4E6, 0xB506, 0xB4E5, 0xACC5, 0xACA5, 0xA484,
    0xB4E6, 0xB4E5, 0xB506, 0xACC5, 0xB506, 0xACA4, 0xAC84, 0xA463, 0xACA4, 0xACC5, 0xB4E6, 0xB4E6,
    0xACA4, 0xB4E6, 0xACC5, 0xA463, 0x9C22, 0xB4E5, 0xB4E6, 0xB4E6, 0xA463, 0xAC83, 0xACA4, 0xA464,
    0xACC5, 0xACC5, 0xACA4, 0xB4C5, 0xA463, 0xA463, 0xB4E6, 0xB4E6, 0xACC5, 0xACA4, 0xACA5, 0xA464,
    0xA443, 0xACA5, 0xA485, 0xACA5, 0xB4C6, 0xB4E6, 0x9C23, 0x9C02, 0xA484, 0xA464, 0xAC85, 0xA464,
    0xA484, 0xA444, 0x9C24, 0x9C03, 0x93C2, 0x9C23, 0xA464, 0x9C23, 0x9C23, 0x8BA2, 0xA444, 0x9C24,
    0x93E2, 0x9C24, 0xA464, 0x9C23, 0x9C03, 0x8BA1, 0x9C02, 0xACA5, 0xA484, 0xAC84, 0xA464, 0xA444,
    0x9C43, 0xA444, 0xACC6, 0xACC6, 0xACC5, 0xACC5, 0xACA5, 0x9C23, 0x9C43, 0x9C23, 0xACA5, 0xACA5,
    0xACA4, 0xB4C6, 0xACA5, 0xACA5, 0xAC84, 0xACC5, 0xACC6, 0xACC5, 0xA484, 0xB4E6, 0xB506, 0xB4E6,
    0xB4E6, 0xA463, 0xA464, 0xACC5, 0xB506, 0xACC5, 0xACE6, 0xB506, 0xA463, 0xAC84, 0xACA4, 0xB506,
    0xA484, 0xB506, 0xA463, 0xA484, 0xB4E6, 0xACA5, 0xB4E6, 0xACC5, 0xB506, 0xB506, 0xB526, 0xA463,
    0xACA4, 0xAC84, 0xB506, 0xACC5, 0xBD27, 0xB506, 0xACC5, 0xB4E6, 0xB4E6, 0xACA5, 0xB4E6, 0xB506,
    0xB4E6, 0xACA4, 0xACA4, 0xACC4, 0xAC84, 0xB506, 0xB4E5, 0xACA5, 0xB506, 0xB527, 0xACA5, 0xAC84,
    0xA464, 0xACC5, 0xB506, 0xACA5, 0xA484, 0xAC83, 0xAC83, 0x9C43, 0xB4E6, 0xB4C6, 0xACC6, 0xA463,
    0xB4E5, 0xACA6, 0x9C43, 0xB4E6, 0xACA5, 0xACA5, 0xACA5, 0xACA5, 0xA443, 0xAC84, 0xACC5, 0xA464,
    0xA444, 0xA464, 0x9C23, 0xAC84, 0xAC85, 0x9C43, 0xAC85, 0xACA5, 0xA464, 0xA464, 0xA465, 0x9C03,
    0x93E2, 0x9C03, 0xA444, 0x93E2, 0xA444, 0x93E3, 0x9C23, 0x9C43, 0x93E2, 0xA465, 0xA444, 0xA464,
    0x9C03, 0xA423, 0x9C23, 0x9C23, 0xAC84, 0xA443, 0xA464, 0x9C03, 0x9C23, 0xA464, 0xACC6, 0xACA5,
    0xB4E6, 0xA464, 0xACA5, 0x9C23, 0xA464, 0xACA5, 0x9C23, 0xACC5, 0xACC6, 0xACA5, 0xACA5, 0xB4E5,
    0xA444, 0xACC5, 0xB4E6, 0xACC5, 0xB4C5, 0xB4E6, 0xB506, 0xA484, 0xB4E6, 0xACA5, 0x9C22, 0xB4E6,
    0xB4E5, 0xB4E6, 0xACA5, 0xB507, 0xA463, 0xACC5, 0xACA5, 0xB4E6, 0xB507, 0xACA4, 0xA464, 0xB506,
    0xB4E5, 0xACA4, 0xB4E6, 0xB506, 0xB507, 0xB506, 0xBD27, 0xACA4, 0xA443, 0xA484, 0xB4C5, 0xB506,
    0xB507, 0xA484, 0xACA4, 0xB527, 0xACC5, 0xB506, 0xB4E6, 0xB4E5, 0xB506, 0xACC4, 0xACA4, 0xACC4,
    0xA464, 0xB4E5, 0xACC5, 0xACC5, 0xACC5, 0xACC5, 0xAC84, 0xB4C5, 0xAC84, 0xACC5, 0xACC5, 0xACC5,
    0xA463, 0xACA4, 0x9C42, 0xA483, 0xB4E6, 0xACC5, 0xACC5, 0xA443, 0xACA5, 0xACC5, 0xA464, 0x93E2,
    0xACA5, 0xACC6, 0xA464, 0xACA5, 0xA464, 0xACA5, 0xACA5, 0xACC5, 0xACA5, 0xACA5, 0xA465, 0xA444,
    0x9403, 0xAC85, 0xA464, 0xAC85, 0xAC85, 0xA465, 0xA464, 0x93C2, 0xA463, 0x9C03, 0x9C02, 0x93E3,
    0x9C23, 0x93E2, 0x93E3, 0x8361, 0x9C03, 0xA464, 0x9C23, 0x93E2, 0x93E3, 0x9C03, 0x9C23, 0xA464,
    0xACC5, 0xAC84, 0xA464, 0x9C03, 0xA484, 0xA444, 0xACC6, 0xACA5, 0xACA5, 0xACC5, 0xB507, 0x9C43,
    0xACA5, 0xACC6, 0xA463, 0xB506, 0xB4E7, 0xACC5, 0xB4E6, 0xACA5, 0xACA5, 0xB4E6, 0xB507, 0xACC5,
    0xACE5, 0xB527, 0xACA5, 0xACA5, 0xACA5, 0xACC5, 0xAC84, 0xB4E6, 0xB506, 0xACA5, 0xACE5, 0xACC5,
    0xA483, 0xACC5, 0xACA5, 0xB4E6, 0xB4E6, 0xB4E6, 0xACC5, 0xB4E5, 0xACA4, 0xB4C5, 0xB507, 0xB506,
    0xB4E6, 0xBD48, 0xB506, 0xAC84, 0xACA5, 0x93E2, 0xB4E6, 0xBD26, 0xB506, 0xACA5, 0xACC5, 0x9C23,
    0xA484, 0xB507, 0xB506, 0xB4E6, 0xACE5, 0xACC4, 0xA463, 0xA463, 0xA463, 0xB506, 0xB506, 0xB506,
    0xACC5, 0xACC5, 0xAC84, 0x9C23, 0xB506, 0xB4E6, 0xB4E5, 0xB4E5, 0xA463, 0xA463, 0xACC5, 0xA484,
    0xB4E6, 0xACC6, 0xB4E5, 0xACC6, 0xA484, 0x9C43, 0xA484, 0xACA5, 0xACA5, 0xACA4, 0x9C23, 0xA463,
    0xA463, 0xACC5, 0xACC5, 0xACA5, 0xA464, 0xAC84, 0xA484, 0x9C03, 0x9403, 0xAC85, 0xAC84, 0xAC84,
    0xA485, 0xB4C6, 0xA464, 0x9C03, 0x93A1, 0xA443, 0xA444, 0x9C24, 0x9C23, 0x9C23, 0x93C1, 0x9C03,
    0x93C2, 0x9C43, 0xA464, 0xA464, 0x93C2, 0x9C03, 0x93C2, 0xACA5, 0xA484, 0xACA5, 0xA464, 0x9C23,
    0x9C23, 0xA464, 0xA464, 0xA484, 0xB4C5, 0xACC5, 0xACC5, 0xB506, 0xACA5, 0xA443, 0xACC6, 0xB507,
    0xB4E6, 0xB4E5, 0xACA5, 0xACC5, 0xA484, 0xACA5, 0xB4E6, 0xB506, 0xB4C5, 0xB4E6, 0xB4E6, 0xB4C6,
    0xA484, 0xACA5, 0xB4C5, 0xB4E6, 0xB4E6, 0xB4E6, 0xB4E6, 0xACE5, 0xA442, 0xACA4, 0xB4E6, 0xB4E6,
    0xB506, 0xB506, 0xB4E6, 0xACA5, 0xA484, 0xACA5, 0xB526, 0xB506, 0xAC84, 0xACE5, 0xB506, 0xA484,
    0xACA4, 0xACA4, 0xACA5, 0xB4E6, 0xB526, 0xA484, 0xB4E6, 0xACA4, 0xB527, 0xB506, 0xB506, 0xB4E6,
    0xB506, 0xACA4, 0xACA4, 0xAC83, 0xA442, 0xB4E5, 0xB506, 0xB506, 0xACE5, 0xB4E6, 0xB4E5, 0xB4E5,
    0xB506, 0xB507, 0xB506, 0xB4E6, 0x9C43, 0xA463, 0xB4E5, 0xA484, 0xACC5, 0xACC5, 0xACA5, 0xACA5,
    0xA484, 0xA463, 0xB4E5, 0xACA5, 0xACA5, 0xACA5, 0xA464, 0xA484, 0xA443, 0xACC5, 0xACE5, 0xAC84,
    0xACA5, 0xA484, 0x93E2, 0x9C43, 0x9C02, 0xA464, 0xA464, 0x9C43, 0xA464, 0x9C23, 0xACA6, 0x9C23,
    0x93E2, 0x9C23, 0x93C2, 0x93C3, 0xA464, 0x9C23, 0xA464, 0x9C03, 0x9C23, 0xA444, 0xA464, 0xA464,
    0xA444, 0x9C23, 0x9C23, 0xA484, 0xACC6, 0xA464, 0xA485, 0xA444, 0xA464, 0xA484, 0xACA5, 0xA464,
    0xA484, 0xAC84, 0xB4E6, 0xACA4, 0x9C23, 0xA463, 0xAC84, 0xB4C6, 0xACC5, 0xACC5, 0xA464, 0xACC6,
    0xA483, 0xACA5, 0xB507, 0xACC5, 0xB506, 0xB4E6, 0xB4E6, 0xACC5, 0xB4C5, 0xA484, 0xA463, 0xBD06,
    0xB4E6, 0xB527, 0xB506, 0xB526, 0x9C22, 0xB506, 0xACA5, 0xB4E6, 0xB507, 0xB506, 0xA463, 0xACA5,
    0xB4E6, 0xA463, 0xACC5, 0xB506, 0xB4E6, 0xACC5, 0xB4E6, 0xB4C5, 0xA484, 0xACC5, 0xB507, 0xACA4,
    0xB4E5, 0xB4E5, 0xACC4, 0xAC84, 0xB4C5, 0xB4E5, 0xB506, 0xBD27, 0xB4E5, 0xA484, 0xAC83, 0xA463,
    0xA463, 0xB506, 0xB4E5, 0xB4C5, 0xB506, 0xBD27, 0xACC5, 0xA483, 0xA463, 0xB4E5, 0xB4E6, 0xB4E5,
    0x9C23, 0xACA4, 0xAC83, 0xA463, 0xB4E6, 0xACA5, 0xB4E6, 0xA485, 0xA484, 0xA443, 0xA463, 0xB4C5,
    0xACC5, 0xACC5, 0x9C23, 0xACA5, 0xA443, 0xACA5, 0xACA4, 0xACA5, 0xACA5, 0xA464, 0x93C2, 0xA485,
    0xACA5, 0xA464, 0xAC85, 0xACA5, 0xA484, 0xACA5, 0xACA5, 0x93E2, 0x93E2, 0x9C03, 0x93E2, 0x93C2,
    0xA464, 0x9C02, 0x9C03, 0xA464, 0x9C44, 0x9C23, 0xA464, 0xAC84, 0xA443, 0xA423, 0x9C22, 0xA484,
    0xA464, 0xACA5, 0xA484, 0x9C44, 0xA464, 0xA443, 0xACA4, 0xACA5, 0xAC84, 0xACA5, 0xACA5, 0xA443,
    0x9C23, 0xA463, 0xA464, 0xACA5, 0xACA5, 0xACC5, 0xAC85, 0xB4E5, 0xA483, 0xB4E5, 0xACC5, 0xAC84,
    0xB4E6, 0xB507, 0xBD27, 0xB4E6, 0xB4E5, 0xA484, 0xA464, 0xB4E5, 0xB4E5, 0xB506, 0xB506, 0xB506,
    0xA483, 0xACC5, 0xACC5, 0xB4E6, 0xB4E6, 0xB506, 0xA464, 0xB506, 0xACA5, 0xAC84, 0xB507, 0xB506,
    0xBD27, 0xBD26, 0xBD47, 0xACA4, 0xACA4, 0xAC84, 0xB506, 0xB4E5, 0xB4E6, 0xA463, 0xB4E5, 0xB507,
    0xB506, 0xB506, 0xBD27, 0xB506, 0xB527, 0xA4A4, 0xACC4, 0xACA4, 0xA463, 0xB4E6, 0xACA4, 0xB507,
    0xB4E6, 0xACA5, 0xB4E6, 0xB506, 0xACA4, 0xB4C5, 0xB4E6, 0xB4E6, 0xA484, 0xACA4, 0xACC5, 0x9C43,
    0xACC5, 0xA484, 0xB4E5, 0xA463, 0xACC5, 0xACC5, 0xA463, 0xACA4, 0xACA5, 0xACE6, 0xA464, 0xAC84,
    0x9C02, 0xACC5, 0xACC5, 0xACC6, 0xB4C6, 0xA464, 0xA444, 0xA484, 0xA484, 0xAC85, 0xACA5, 0xA484,
    0xA464, 0xA464, 0xAC64, 0x9C23, 0x93C2, 0x93E3, 0x9C43, 0xA443, 0x9C43, 0x93E2, 0xA484, 0x8BA2,
    0xA464, 0xA444, 0x93C2, 0xA464, 0x9C03, 0xA443, 0x9C23, 0xA464, 0x9C23, 0xA464, 0x9C03, 0x9C44,
    0x9C44, 0x93E2, 0xACA5, 0xA485, 0xACC5, 0xB4E6, 0xACA5, 0xA464, 0xACC5, 0xA485, 0xA484, 0xB506,
    0xACC5, 0xBD07, 0xACA5, 0xACC5, 0xA443, 0xACC5, 0xB4E6, 0xB4E6, 0xB506, 0xB506, 0xB4C6, 0xB526,
    0x9C23, 0xACC5, 0xACA4, 0xB4E6, 0xBD26, 0xB527, 0xB505, 0xACA4, 0xAC83, 0xB4E5, 0xACC5, 0xB507,
    0xACC5, 0xB506, 0xACC5, 0xB4E6, 0xA484, 0xB4E6, 0xB507, 0xB506, 0xB506, 0xB4E5, 0xACE5, 0xA483,
    0xA463, 0xACA4, 0xB4E6, 0xACC5, 0xB506, 0xAC84, 0xBD05, 0xB4E6, 0xB4C5, 0xB506, 0xB4E6, 0xB506,
    0xBD27, 0xACE5, 0xACA4, 0xACC4, 0xA483, 0xB506, 0xB506, 0xB4E6, 0xB4C5, 0xB4E6, 0xAC84, 0xACC5,
    0xB4E5, 0xACC5, 0xACA4, 0xB4E6, 0xACA4, 0xACC4, 0xA483, 0xA464, 0xB4E5, 0xB4E6, 0xACC5, 0xACC5,
    0xACC5, 0xACA5, 0xACC5, 0xB4E6, 0xA484, 0xACA5, 0xA464, 0xACA5, 0xA444, 0xA464, 0xACA5, 0xACC5,
    0xB4C5, 0xB4C6, 0xA485, 0x9C22, 0x9C22, 0xAC85, 0xACA5, 0xA444, 0xAC85, 0xACC5, 0xAC84, 0x9C02,
    0x8BA2, 0x9403, 0x9C23, 0x9C23, 0x9402, 0x93C2, 0xA464, 0x9C03, 0xA484, 0x9403, 0xA485, 0xA464,
    0x9C43, 0xA464, 0xA443, 0xA444, 0xA464, 0xAC85, 0xA485, 0x93C2, 0xA464, 0x9C23, 0x9C43, 0xA464,
    0xACC5, 0xA484, 0xAC85, 0xAC84, 0xB4C5, 0xB4E6, 0xACC5, 0xB4E6, 0xACC5, 0xB507, 0xA464, 0xACA5,
    0xA483, 0xA443, 0xB4E6, 0xB4E6, 0xACA4, 0xB506, 0xB4E6, 0xB506, 0xA463, 0xA464, 0xB4C5, 0xB506,
    0xB506, 0xACC5, 0xB506, 0xB506, 0xACA4, 0xA443, 0xACA4, 0xB4E6, 0xB507, 0xBD27, 0xB4E6, 0xAC84,
    0xA464, 0xB507, 0xB527, 0xBD26, 0xBD26, 0xB4E5, 0xBD47, 0xB4E6, 0xACA4, 0xACA4, 0xACC5, 0xACE5,
    0xB506, 0xACA5, 0xBD27, 0xACC5, 0xB506, 0xBD26, 0xB4E6, 0xB4E5, 0xB507, 0xACA4, 0xB4E5, 0xACC4,
    0xA484, 0xB506, 0xACC5, 0xBD26, 0xB4E5, 0xB4E5, 0xACA4, 0xA484, 0xB4E5, 0xB506, 0xB4C6, 0xACC5,
    0xA464, 0xB4E6, 0x9C22, 0xA484, 0xB4E6, 0xACC5, 0xB506, 0xACC5, 0x9C22, 0xA463, 0xB4E6, 0xB4E6,
    0xB4E5, 0xACC6, 0xA464, 0xA464, 0x9C23, 0xACC5, 0xACA5, 0xAC84, 0xA485, 0xB4C6, 0xA464, 0x9C02,
    0x9C23, 0xACC6, 0xA485, 0xA464, 0xAC84, 0xACA4, 0xACA5, 0x9C43, 0x93E2, 0x93C2, 0x9C23, 0x9C03,
    0xA464, 0xA464, 0x9C23, 0x93E2, 0xA465, 0x9C24, 0xAC84, 0x93E2, 0x93C2, 0xA444, 0xA464, 0xA465,
    0xACA5, 0xA465, 0xA464, 0xA444, 0xA464, 0x9C23, 0xACC5, 0xACC5, 0xACC6, 0xACC5, 0xB4E5, 0xACC5,
    0xA464, 0xA443, 0xACC5, 0xB4E5, 0xB506, 0xB4E6, 0xACC5, 0xACA4, 0xACC5, 0xACE6, 0xACA5, 0xB506,
    0xB506, 0xB4E5, 0xB4E6, 0xB507, 0xAC84, 0xACA4, 0xB4E6, 0xACC5, 0xB506, 0xB506, 0xB4E6, 0xACC5,
    0xA463, 0xB4E5, 0xACC5, 0xB4E6, 0xB507, 0xB4E6, 0xB507, 0xACA5, 0xA463, 0xACC5, 0xACE5, 0xB4E6,
    0xB4E6, 0xB506, 0xBD26, 0xB4E6, 0xACC5, 0x9C63, 0xB506, 0xB506, 0xBD27, 0xACA4, 0xB506, 0xAC84,
    0xACA5, 0xACA5, 0xB506, 0xB506, 0xBD26, 0xACA4, 0xACC5, 0xACA4, 0xA484, 0xACC5, 0xB506, 0xB4E6,
    0xB506, 0xB506, 0xACC5, 0xA464, 0x9C23, 0xB4E6, 0xB4E6, 0xB4E6, 0x9C23, 0xAC84, 0xACA4, 0xA463,
    0xB4E6, 0xB4E6, 0xB4E6, 0xA464, 0xA464, 0xA484, 0xACA5, 0xACC5, 0xACA5, 0xAC84, 0x9C23, 0xA443,
    0x9C43, 0xACC5, 0xACA5, 0x9C23, 0xACA5, 0xACA5, 0x9C43, 0xA464, 0xA464, 0x9C43, 0xAC85, 0xACA6,
    0xA484, 0xA464, 0xACC6, 0x9C03, 0x9C23, 0x9C23, 0xA444, 0x9C03, 0xA464, 0x8341, 0x9C23, 0x9C03,
    0xAC85, 0xA464, 0xA485, 0x9C03, 0x9C23, 0x9C23, 0x93E2, 0xACA5, 0xA464, 0xAC85, 0xACC6, 0xA444,
    0xA464, 0x9C43, 0xACC5, 0xB4E6, 0xACC5, 0xAC84, 0xACA5, 0x9402, 0x9C22, 0xA464, 0xAC85, 0xACC5,
    0xACC5, 0xB506, 0xB4E6, 0xACC5, 0x9C22, 0xB4E5, 0xACC5, 0xACC5, 0xB506, 0xB506, 0xB527, 0xACC6,
    0xB4E6, 0xA484, 0xA463, 0xB4E5, 0xB4E6, 0xB506, 0xACE6, 0xBD26, 0x9402, 0xACC5, 0xACC5, 0xB4E6,
    0xB4E5, 0xB4E5, 0xA464, 0xAC84, 0xB4E6, 0xACC5, 0xB4E6, 0xB4E6, 0xAC84, 0xB506, 0xB506, 0xACC5,
    0xACA5, 0xA464, 0xB4E6, 0xB506, 0xB4E6, 0xACC6, 0xACC6, 0xBD27, 0xB527, 0xACC5, 0xB507, 0xB506,
    0xB506, 0xB4E5, 0xACA3, 0xACA4, 0xA464, 0xB4E6, 0xB4E6, 0xB507, 0xB507, 0xA443, 0xACC6, 0xACC6,
    0xA484, 0xACA4, 0xB506, 0xAC84, 0x9C43, 0xAC84, 0xA443, 0xA464, 0xB4E6, 0xACC5, 0xB4E6, 0xA463,
    0xB4C5, 0xAC84, 0xA443, 0xACC5, 0xACA5, 0xACA5, 0xA464, 0xAC84, 0x9C22, 0xACA5, 0x9C23, 0xA485,
    0xACA5, 0xACA5, 0x9C23, 0xA464, 0xAC85, 0x9C23, 0xACA5, 0xACA5, 0xA443, 0xAC85, 0xACA5, 0x9C02,
    0x9C23, 0xA444, 0xA464, 0xA485, 0x9C23, 0x93C2, 0x93E2, 0xA464, 0x93E2, 0xA465, 0xA444, 0xA465,
    0x9C02, 0xAC84, 0x9C23, 0xACA5, 0xA464, 0xA444, 0xA464, 0xA443, 0xA484, 0xA443, 0xACC5, 0xACC5,
    0xACC5, 0xACA5, 0xB4E6, 0x9C43, 0xACC5, 0xACC5, 0xA444, 0xB506, 0xBD06, 0xB506, 0xACC6, 0xACC5,
    0x9402, 0xB506, 0xB507, 0xB4E5, 0xACC5, 0xBD27, 0xB4E6, 0xAC84, 0xB506, 0xACA5, 0xACC5, 0xACC6,
    0xB506, 0xB506, 0xB506, 0xB506, 0xACA4, 0xB4E5, 0xACA4, 0xB4C5, 0xB4E6, 0xB506, 0xA464, 0xB507,
    0xB507, 0xA484, 0xB527, 0xB506, 0xB527, 0xBD47, 0xB4E6, 0xA464, 0xACA4, 0xAC84, 0xB506, 0xB506,
    0xB4E6, 0xACC4, 0xB506, 0xB4E5, 0xACE6, 0xBD27, 0xB507, 0xBD27, 0xACE5, 0xACC5, 0xACA4, 0xACC4,
    0xA463, 0xB4E6, 0xACC5, 0xB4E6, 0xB4E6, 0xACC5, 0xACA4, 0xB4E6, 0xA463, 0xB4E6, 0xACC5, 0xB507,
    0xACA3, 0xACA4, 0xA483, 0xA463, 0xB506, 0xB4E5, 0xACC5, 0xA464, 0xACC5, 0xACA5, 0xA484, 0xA484,
    0xACC6, 0xACA5, 0x9C23, 0xACA5, 0xA484, 0xACA5, 0xACA5, 0xACA5, 0xACA5, 0xA444, 0xACC6, 0xA484,
    0xA444, 0xA464, 0xAC85, 0xAC85, 0x93C2, 0xAC85, 0xACA5, 0x9C23, 0x9C03, 0x9C43, 0xA444, 0xA464,
    0x93E2, 0x9C03, 0xA464, 0x8382, 0xA464, 0x9C23, 0x9C44, 0xAC85, 0x9C03, 0xA464, 0xA443, 0xACC5,
    0xA485, 0x9C23, 0xAC84, 0xA443, 0xA464, 0xA464, 0xAC84, 0xACA5, 0xB4E6, 0xB4E6, 0xB4E6, 0xA464,
    0xB4E6, 0xACA5, 0xA443, 0xB507, 0xAC84, 0xB506, 0xACA5, 0xB4E6, 0xAC84, 0xACC5, 0xACE6, 0xACC5,
    0xACA4, 0xBD27, 0xB506, 0xACE6, 0xACA5, 0xB4E5, 0xAC84, 0xB506, 0xAC84, 0xB4E5, 0xB506, 0xACC5,
    0xACA4, 0xB4E5, 0xACC5, 0xB4E6, 0xB506, 0xB506, 0xB506, 0xACC5, 0xA464, 0xB4E6, 0xB506, 0xB506,
    0xACC5, 0xB527, 0xB526, 0xACA5, 0xB4C5, 0xA464, 0xB506, 0xB4E5, 0xBD27, 0xAC84, 0xB506, 0x9C43,
    0xB4E6, 0xB527, 0xB4E5, 0xB506, 0xB506, 0x9C43, 0xACC4, 0xAC84, 0xA463, 0xB506, 0xACC5, 0xB506,
    0xB4E6, 0xB4C5, 0xA484, 0xACC5, 0xBD27, 0xB506, 0xB4E5, 0xB507, 0x93E1, 0xACA4, 0xAC83, 0xACA5,
    0xB4C5, 0xB4E6, 0xB4C5, 0xACA5, 0x9C43, 0x9C43, 0xB4E6, 0xACA5, 0xACA5, 0xAC84, 0x9C23, 0xAC84,
    0x9C43, 0xACA5, 0xACA5, 0xACA5, 0xA484, 0xACA5, 0xA485, 0x9C23, 0x9C23, 0xA464, 0xACA5, 0xA444,
    0xA464, 0xACA5, 0xB4C6, 0x9C23, 0x8BC2, 0xA484, 0xA464, 0xA465, 0xA444, 0x9C02, 0x93C2, 0x9C02,
    0xA464, 0xAC84, 0xA444, 0xA464, 0x93E3, 0x9C03, 0x93E2, 0xACA5, 0x9C03, 0xB4E6, 0xB4E6, 0xA464,
    0xA464, 0x9C23, 0xACA5, 0xACC5, 0xACC5, 0xACA5, 0xACC5, 0xACC5, 0xA484, 0x9C43, 0xACC6, 0xA484,
    0xB506, 0xAC84, 0xB4E6, 0xACA4, 0xA463, 0xA443, 0xB4E6, 0xB4E6, 0xB507, 0xB4E6, 0xB4E5, 0xACC5,
    0xACA5, 0xB4E6, 0xB4E6, 0xB506, 0xACA4, 0xB506, 0xB4E6, 0xACA4, 0xACC4, 0xACA4, 0xB4E5, 0xB4E5,
    0xB506, 0xBD27, 0xB4E6, 0xB4C5, 0xA463, 0xACC5, 0xBD27, 0xB506, 0xACE5, 0xACA5, 0xB506, 0xACC4,
    0x9C22, 0xA484, 0xBD47, 0xBD47, 0xB507, 0xA443, 0xBD27, 0xAC84, 0xB507, 0xACC5, 0xB527, 0xB4E6,
    0xB4E5, 0xACC4, 0xACC5, 0xB4E5, 0xACC5, 0xB506, 0xBD47, 0xB506, 0xB4E6, 0xB4C5, 0xB4C5, 0xB4E5,
    0xACA4, 0xB4C5, 0xB506, 0xB4E6, 0x9C23, 0xA483, 0xACA3, 0xA443, 0xACC5, 0xACA3, 0xB506, 0xB4E6,
    0xA463, 0xA443, 0xB4E6, 0xB4E6, 0xB4C6, 0xACA4, 0xA443, 0xA484, 0xAC85, 0xACC5, 0xB4E6, 0xA464,
    0xA444, 0x9C44, 0x9C24, 0x9C23, 0x9C03, 0xB4E7, 0xB4E6, 0xA464, 0xACA5, 0xACA5, 0xA485, 0x9C03,
    0x93C2, 0x9C43, 0x9C03, 0xA423, 0x9C23, 0x9C03, 0x9C23, 0x93C2, 0xA444, 0xA464, 0xACA5, 0xA444,
    0x9C23, 0x9C23, 0x9C23, 0xA484, 0xACA5, 0xB4C5, 0xA464, 0xA464, 0xA464, 0xA463, 0xACC5, 0xB4C6,
    0xACC5, 0xB4E6, 0xACC5, 0xACC5, 0xA464, 0x9C43, 0xACE6, 0xB4E6, 0xACA4, 0xACC5, 0xACC5, 0xB4E6,
    0xA484, 0xB506, 0xACC5, 0xACA5, 0xACC5, 0xBD27, 0xB4C5, 0xB4E6, 0xACA5, 0xAC84, 0x9C22, 0xB4E6,
    0xACC5, 0xBD06, 0xACC5, 0xB506, 0xB4C5, 0xB4E5, 0xA484, 0xB4E6, 0xB506, 0xACC5, 0xACA4, 0xA464,
    0xB4E6, 0xACA5, 0xB4E6, 0xACE5, 0xBD27, 0xB506, 0xB506, 0xAC84, 0xACA4, 0xA464, 0xACE5, 0xB506,
    0xB506, 0xB506, 0xACA5, 0xAC84, 0xB4E6, 0xB4E5, 0xACC4, 0xACC5, 0xB4E5, 0xACE5, 0xACC5, 0xA463,
    0xAC83, 0xACC5, 0xACC5, 0xB506, 0xB506, 0xACA4, 0xB506, 0xACA4, 0x9C23, 0xB4E5, 0xB4E5, 0xACC6,
    0xA463, 0xACA4, 0xACA4, 0xA484, 0xACC6, 0xACA5, 0xB4E6, 0xA463, 0xA443, 0x9C22, 0xA463, 0xB4E6,
    0xACC5, 0xA484, 0xA485, 0xACA5, 0x9402, 0xA485, 0xACA5, 0xACA5, 0xB4E6, 0xA443, 0x9C23, 0xAC85,
    0xA444, 0x9C23, 0xACA5, 0xACA5, 0xACC5, 0xAC85, 0xACC6, 0x93E3, 0x8BA2, 0x93E2, 0xA464, 0xAC84,
    0xA464, 0x8BA2, 0xA443, 0xA464, 0xAC64, 0xAC85, 0xAC85, 0xA444, 0x9C03, 0xA443, 0x9C23, 0xA464,
    0xACA5, 0xACA5, 0xA444, 0xA444, 0xA484, 0xA463, 0xACA5, 0xB4E6, 0xACA5, 0xB4C5, 0xA464, 0xA443,
    0xA464, 0xA483, 0xA464, 0xB4E6, 0xB506, 0xACA5, 0xACA5, 0xACA5, 0xA484, 0xB506, 0xB4E6, 0xB4E6,
    0xACA4, 0xB526, 0xB526, 0xACA4, 0xB506, 0xB4E6, 0xA443, 0xB4E5, 0xACC5, 0xB4C5, 0xB506, 0xB507,
    0xACA4, 0xB506, 0xACC5, 0xBD27, 0xB4E6, 0xB507, 0x9C43, 0xB4E6, 0xB4E5, 0xA463, 0xACC6, 0xB506,
    0xB4E6, 0xB506, 0xBD47, 0xACA4, 0xACA4, 0xA484, 0xB4E5, 0xB527, 0xB506, 0xA463, 0xACC5, 0xB4E5,
    0xB4E6, 0xACE5, 0xB506, 0xB506, 0xB505, 0xACA5, 0xA483, 0xACA4, 0xA463, 0xB4E6, 0xB4E6, 0xB4E6,
    0xB4E6, 0xB4E6, 0xA464, 0xB4E6, 0xA464, 0xB4E5, 0xB506, 0xB4E6, 0x9C43, 0xACA4, 0xA462, 0xA464,
    0xB4E6, 0xB506, 0xB4E6, 0xA443, 0xACC5, 0xACC5, 0xA463, 0xB4E6, 0xB4C6, 0xB4E6, 0x9C23, 0xACA5,
    0x9C43, 0xACC6, 0xACC6, 0xB4E7, 0xACA5, 0xAC85, 0x9C03, 0xA485, 0x9403, 0xAC85, 0xACA5, 0xACC5,
    0xA464, 0xA464, 0xAC85, 0x9C23, 0x93E3, 0x9C23, 0xA464, 0xA464, 0xA444, 0x93C2, 0xA444, 0xA444,
    0x93E2, 0xA464, 0xA464, 0xA464, 0x93E3, 0xA464, 0xAC85, 0xA464, 0xA443, 0xACC5, 0xB4E6, 0x9403,
    0xA484, 0xA464, 0xACA4, 0xACA5, 0xACC5, 0xACA5, 0xB4C6, 0xA444, 0xA484, 0xB4E6, 0xAC84, 0xB4C5,
    0xB4E6, 0xACA5, 0xACC6, 0xACC5, 0xAC84, 0xACE6, 0xB4E6, 0xB4E6, 0xB4E6, 0xB4E6, 0xACC5, 0xACC5,
    0xACA5, 0xB506, 0xA484, 0xB4E6, 0xACA5, 0xB507, 0xB506, 0xB506, 0xACA4, 0xB4E5, 0xB4E6, 0xB4E6,
    0x9C23, 0xB507, 0xACA4, 0xB4E6, 0xA464, 0xB4C6, 0xBD28, 0xACA4, 0xB506, 0xB4E6, 0xBD27, 0xACA4,
    0xA483, 0xA483, 0xB506, 0xACC5, 0xB4E6, 0xA484, 0xB506, 0xB4E6, 0xBD06, 0xACE5, 0xB506, 0xB506,
    0xB506, 0xA484, 0xACC4, 0xACA4, 0xA464, 0xB506, 0xB507, 0xB506, 0xB506, 0xB4E6, 0xA463, 0x9C23,
    0xB4E6, 0xB4C5, 0xACC5, 0xACA5, 0xA483, 0xA463, 0xACA4, 0xA464, 0xACC6, 0xACC5, 0xACA5, 0xA4A5,
    0xACA5, 0x9C23, 0xACC5, 0xACC6, 0xACA5, 0xACA5, 0xAC85, 0x9C23, 0x9C22, 0xACA5, 0xA464, 0xACA5,
    0xACA5, 0xACC6, 0xA484, 0x9C43, 0x9C23, 0xAC85, 0xACC6, 0xACC6, 0xA485, 0xACA5, 0xA485, 0x9C03,
    0x93E2, 0x93C2, 0xA463, 0xA464, 0xA444, 0x8B82, 0xA485, 0x93E2, 0xA444, 0xAC85, 0xACA5, 0xAC85,
    0x9C23, 0x9C03, 0xA443, 0xA465, 0xAC85, 0x9C02, 0xACA5, 0x9C43, 0xA484, 0x9C43, 0xACC5, 0xACA5,
    0xACC5, 0xB4E6, 0xACA5, 0x9C23, 0xACC6, 0xB4E6, 0xA484, 0xACC5, 0xACC5, 0xB507, 0xB4E6, 0xAC85,
    0xA484, 0xACA5, 0xB4E6, 0xACC5, 0xACA5, 0xB4E6, 0xACE6, 0xAC85, 0xAC84, 0xA464, 0xB4E6, 0xACC5,
    0xB4E6, 0xAC85, 0xB506, 0xACA5, 0x9C02, 0xACC5, 0xB506, 0xB4E6, 0xA464, 0xAC84, 0xB4E6, 0xA484,
    0xA485, 0xACC6, 0xB4E6, 0xAC84, 0xB4E6, 0xB506, 0xB506, 0xACC5, 0xB4E5, 0xA484, 0xB4E5, 0xB4E6,
    0xB507, 0xA484, 0xB4E5, 0xA463, 0xB4E6, 0xACC5, 0xB4E5, 0xB4C5, 0xBD27, 0xA443, 0xACA4, 0xACC5,
    0xA463, 0xB4C5, 0xACC5, 0xACC5, 0xACE5, 0xB506, 0x9C43, 0xACC5, 0xBD27, 0xB4E6, 0xACC5, 0xACC5,
    0xA463, 0xAC84, 0xAC84, 0xA463, 0xACC6, 0xACA5, 0xB4E6, 0xB4E6, 0xA463, 0x9C03, 0xB4E5, 0xAC84,
    0xA464, 0xACA4, 0xA464, 0x9C23, 0x9402, 0xB4E6, 0xACC5, 0xACA5, 0xACC5, 0xAC85, 0xA444, 0xA443,
    0x9C03, 0xA464, 0xACA5, 0xA464, 0xAC85, 0xA465, 0xAC84, 0x93E3, 0x9C23, 0x9C23, 0x9C03, 0x8B82,
    0x93E2, 0xA464, 0x93E3, 0xA443, 0x9C23, 0xA443, 0x9C23, 0xA444, 0xA464, 0x9C03, 0x9C43, 0xAC85,
    0xB4C6, 0xB4C6, 0xB4C6, 0x9C23, 0xA464, 0x9C43, 0xAC85, 0xA485, 0xACC6, 0xACC5, 0xB4E6, 0xACC6,
    0xA443, 0x9C23, 0xACC5, 0xB507, 0xA484, 0xACA5, 0xB4E6, 0xACC6, 0xA463, 0xACA5, 0xACC5, 0xB4E6,
    0xACC6, 0xACC6, 0xB506, 0xB4E6, 0xACA5, 0xAC85, 0xACC6, 0xA464, 0xB4E6, 0xACA5, 0xACC6, 0xACE6,
    0x9C22, 0xB506, 0xACA5, 0xB4E6, 0xACC5, 0xB4E6, 0xACA5, 0xA464, 0x9C23, 0xACC5, 0xB527, 0xAC84,
    0xB4E5, 0xB506, 0xB4E5, 0xAC84, 0xACA4, 0x9C43, 0xACA5, 0xBD27, 0xB4E6, 0xACC5, 0xACA5, 0xA443,
    0xA464, 0xACA4, 0xB4E5, 0xB4E6, 0xB506, 0xA443, 0xA463, 0xACA4, 0x9C22, 0xB4E6, 0xACA5, 0xB4E6,
    0xB507, 0xB507, 0xB506, 0xACA4, 0xA463, 0xB4E6, 0xB4E6, 0xB4E6, 0xA443, 0xA483, 0xA463, 0xA443,
    0xACC6, 0xACA5, 0xB4E6, 0xAC84, 0xA443, 0x9C23, 0xB4E6, 0xAC85, 0xAC85, 0xA443, 0xA464, 0xA444,
    0xA464, 0xACC6, 0xACA5, 0xACA5, 0xA464, 0xAC84, 0x93C2, 0xAC85, 0xA464, 0x9C43, 0x9C44, 0xACA5,
    0x9C23, 0x9C23, 0xACA5, 0x9C23, 0x93C2, 0x93E2, 0x9C03, 0x8BA2, 0x93E3, 0x9C03, 0x9C03, 0x9C03,
    0x8BC1, 0xA464, 0x8BA2, 0x9C23, 0x9C24, 0x9C43, 0x9C23, 0xACA5, 0xACA5, 0xACC5, 0xACC5, 0xA444,
    0xA443, 0x9C43, 0xA485, 0xA484, 0xACA5, 0xACA5, 0xAC85, 0xA443, 0x9C44, 0xA444, 0xA484, 0xB4C6,
    0xACA5, 0xA484, 0xA484, 0xB4E6, 0xA464, 0xB4E6, 0xB4E6, 0xB506, 0xB4E6, 0xB507, 0xA485, 0xACC6,
    0xAC84, 0xAC84, 0x9C03, 0xA443, 0xACA5, 0xA464, 0xB506, 0xB506, 0xACA4, 0xACC5, 0xACA5, 0xB4E6,
    0x9C24, 0xA444, 0x9C43, 0xACA5, 0xACC6, 0xAC84, 0xB507, 0xB4E6, 0xB4E6, 0xB4E6, 0xB4E6, 0xACC5,
    0xACA5, 0xACA4, 0xB4E6, 0xB527, 0xB506, 0xB4E6, 0xACA5, 0xB4E5, 0xACC6, 0xACA4, 0xB4E6, 0xB4E5,
    0xB506, 0xA484, 0xACC4, 0xACA4, 0xAC84, 0xB4E6, 0xB4E6, 0xB507, 0xB506, 0xB4C5, 0xB4E6, 0xB506,
    0xAC84, 0xB4E6, 0xB4C5, 0xB507, 0x9C23, 0xA484, 0xA463, 0xA443, 0xACA5, 0xB4C6, 0xB4E6, 0xA443,
    0xB4C5, 0xACA5, 0xA463, 0xACC6, 0xB4E6, 0xACA5, 0x9C44, 0xA484, 0x9C43, 0xACA5, 0xACC6, 0xA464,
    0xA464, 0xAC84, 0x9C03, 0xAC85, 0xA444, 0x9C03, 0x9C03, 0xA465, 0xAC85, 0xACA5, 0xA485, 0x9C03,
    0x9C03, 0x9C23, 0xA464, 0x9C03, 0x9C24, 0x8361, 0x8BA2, 0xA484, 0x93E2, 0xA464, 0x9C23, 0x9403,
    0x93E3, 0xA444, 0xA443, 0xB4C6, 0xAC85, 0xACA6, 0xACA5, 0xA464, 0x9C43, 0xA464, 0xA484, 0xA464,
    0xB4E6, 0xACA4, 0xA464, 0x9C03, 0xACA5, 0xACA5, 0xA484, 0xACC5, 0xAC84, 0xACE6, 0xACA5, 0xACC5,
    0xA484, 0xACA5, 0xB4E6, 0xACC5, 0xACE6, 0xB506, 0xB4E6, 0xA443, 0xB4C5, 0xACC6, 0x9C23, 0xACA5,
    0xB4E6, 0xB4E6, 0xACC5, 0xACC5, 0xA483, 0xACC5, 0xACE5, 0xB4C6, 0xACC6, 0xAC85, 0xA443, 0xACC6,
    0xB506, 0x93E2, 0xB507, 0xB4E6, 0xB526, 0xB4E6, 0xBD47, 0xACA4, 0xACA5, 0xA464, 0xB506, 0xB4C5,
    0xA484, 0xA4A4, 0xA4A5, 0xB507, 0xB507, 0xB506, 0xB506, 0xB4E5, 0xB506, 0xAC84, 0xACA4, 0xA483,
    0xA463, 0xB4E5, 0xBD27, 0xB506, 0xB4E6, 0xB506, 0xA464, 0xB506, 0xB506, 0xB4E6, 0xACC5, 0xB507,
    0xA484, 0xACA4, 0xACA4, 0xA463, 0xB4E6, 0xACC5, 0xACA5, 0xA484, 0xACA5, 0xACA5, 0xA443, 0xACA5,
    0xACA5, 0xA464, 0xA444, 0x9C23, 0x9C43, 0xACC5, 0xACC5, 0xB4E6, 0xACA5, 0xACA6, 0xA485, 0x9C23,
    0x9C03, 0x93E2, 0xA444, 0x9C44, 0xACA5, 0xA444, 0xA444, 0x93E2, 0x93C2, 0x9C23, 0x9C03, 0xA465,
    0x93E3, 0x93E2, 0x9C03, 0x93E3, 0x9C23, 0x9C44, 0xA465, 0x9C03, 0x9C23, 0x9C23, 0xA444, 0xAC85,
    0xACA5, 0xACA5, 0xA484, 0xA464, 0x9C43, 0xA484, 0xACA5, 0xB4E6, 0xB4E6, 0xA464, 0xB4E6, 0xA463,
    0xAC85, 0xB4E6, 0xA484, 0xB4C6, 0xACC5, 0x9C23, 0xAC84, 0xACA4, 0xACA5, 0xB4E5, 0xB4E6, 0xB4E5,
    0xACC5, 0xB4E5, 0xB4E6, 0xB4C5, 0xA464, 0xACE6, 0xA444, 0xB507, 0xA465, 0xACC6, 0xB4E6, 0xACE6,
    0xA463, 0xA464, 0xACA5, 0xACC5, 0xACC6, 0xACA5, 0x9C03, 0xB4C6, 0xA443, 0xACC5, 0x9C43, 0xB506,
    0xB506, 0xB527, 0xB4E6, 0xACA4, 0xACA5, 0xACA4, 0xB527, 0xBD27, 0xB506, 0xACA5, 0xB506, 0xA444,
    0xB4E5, 0xB506, 0xB506, 0xB506, 0xACC4, 0xACC4, 0xACA4, 0xACC4, 0xACA4, 0xB506, 0xB506, 0xB506,
    0xB506, 0xB4E5, 0xA484, 0xACA4, 0xB4E5, 0xB506, 0xACE5, 0xB4E6, 0xA443, 0xA463, 0xACA4, 0xA464,
    0xACC5, 0xACC6, 0xB4E6, 0xA485, 0x9C03, 0xA464, 0xACC5, 0xACC5, 0xAC85, 0xACA5, 0x9C44, 0xACA4,
    0x9C23, 0xACC5, 0xACC5, 0xACC6, 0xAC85, 0xACA5, 0xA484, 0x9C03, 0x9C03, 0x9C03, 0xA464, 0x9C03,
    0xACC6, 0xAC85, 0x9C44, 0x9C03, 0x93C3, 0x9C23, 0x9C43, 0xA444, 0xA444, 0x93C2, 0xAC85, 0x93C2,
    0xA444, 0xA464, 0xA443, 0x9C44, 0xAC85, 0xA443, 0x8BA2, 0xACA5, 0xA464, 0xACC5, 0xAC84, 0xA463,
    0xA484, 0xA443, 0xA464, 0xB506, 0xACC5, 0xB506, 0xACA5, 0xACC5, 0xA484, 0xA464, 0xB506, 0xACA5,
    0xB4E6, 0xACA5, 0xACC5, 0xB4E5, 0xACC5, 0xACC5, 0xB4E6, 0xB506, 0xACA4, 0xACC5, 0xB4C5, 0xB506,
    0xA484, 0xA485, 0xB506, 0xACC6, 0xACA5, 0xA464, 0xB4E5, 0xACE5, 0x9C22, 0xA484, 0xA485, 0xACE6,
    0xB4E7, 0xB4C5, 0xB4E5, 0x9C23, 0xA464, 0xACA5, 0xA464, 0xAC84, 0xB4E6, 0xB4E6, 0xACC5, 0xACA5,
    0xACA4, 0x9C22, 0xB506, 0xB506, 0xBD27, 0x9C23, 0xACC5, 0xA443, 0xB507, 0xACA5, 0xACC5, 0xB506,
    0xBD26, 0xA484, 0xACA4, 0xACA4, 0xACC4, 0xB4E6, 0xB4E6, 0xB4E6, 0xB506, 0xB4E6, 0xB506, 0xA484,
    0xA443, 0xB4E6, 0xB4E6, 0xB4E6, 0xA484, 0xACA4, 0xAC84, 0xA483, 0xACA5, 0xACA5, 0xACC6, 0xACC6,
    0xA464, 0xA443, 0x9C23, 0x9C43, 0xACA5, 0xA464, 0xA443, 0xA443, 0xA463, 0xACE6, 0xACC5, 0xAC85,
    0xACA5, 0xA464, 0x9C23, 0xA464, 0xA424, 0x8BC2, 0x9C23, 0x9C44, 0x9C23, 0x9C23, 0xA444, 0x9C03,
    0x93C2, 0x9403, 0x9C03, 0xACA5, 0x9C23, 0xA444, 0x93E2, 0x93E2, 0xA464, 0xACA5, 0xACA5, 0xA464,
    0x93C2, 0x9C23, 0x8BA1, 0xAC85, 0xACA5, 0xACA5, 0xA485, 0xA444, 0xA464, 0xAC84, 0xACC5, 0xB4E6,
    0xACA5, 0xACA4, 0xACC5, 0xA484, 0xAC84, 0x9C02, 0xB4E6, 0xA464, 0xB4E6, 0xB506, 0xACA5, 0xACC5,
    0xACA4, 0xB4E6, 0xB507, 0xB4C5, 0xACC4, 0xB506, 0xACC5, 0xA485, 0xACA5, 0xACA5, 0xA485, 0xACC5,
    0xACC5, 0xB4E6, 0xB506, 0xACA4, 0xA463, 0xA4A4, 0xA484, 0xACC5, 0xB507, 0xB506, 0x9C43, 0xACA5,
    0x9C23, 0xAC84, 0xB4E6, 0xB4E6, 0xBD27, 0xB4E5, 0xACE5, 0xB4C5, 0xACA4, 0xACA4, 0xB4E6, 0xB4E5,
    0xB4E6, 0xACC5, 0xACC5, 0xA443, 0xB4E6, 0xACC5, 0xACA4, 0xB4E6, 0xB506, 0xACE5, 0xA484, 0xACA3,
    0xA463, 0xB4E6, 0xB506, 0xB506, 0xB4E5, 0xACA4, 0xB4C5, 0xACC5, 0xAC84, 0xB4C5, 0xB4E6, 0xB4E6,
    0x9C22, 0xACE4, 0xACA4, 0xA483, 0xA464, 0xACC5, 0xACC6, 0x9C23, 0xA463, 0x9C23, 0x93E2, 0xACA5,
    0xA485, 0xACC5, 0x9C43, 0xACA5, 0xA463, 0xACA5, 0xACC6, 0xA423, 0xACA4, 0xAC85, 0x9C44, 0xACA5,
    0xACA5, 0x8BC2, 0xA464, 0xACA5, 0xA464, 0xA485, 0xA465, 0x9C03, 0x93E3, 0x9C23, 0x9403, 0x8BA2,
    0xA444, 0x93E2, 0x9C03, 0x9C44, 0x9C02, 0xA464, 0xAC84, 0xA464, 0x9C03, 0xA443, 0xA443, 0xACA5,
    0xA484, 0xA464, 0xACA5, 0xA464, 0xA484, 0xA464, 0xB4E6, 0xA464, 0xACA4, 0xACA5, 0xB4E6, 0xA463,
    0xA464, 0xA443, 0xACC5, 0xA464, 0xACC5, 0xBD27, 0xB4E6, 0xA484, 0xACA4, 0xB506, 0xACC5, 0xB4E6,
    0xB4E6, 0xB506, 0xB4E6, 0xB4E6, 0xA423, 0x9C23, 0xAC85, 0xA444, 0xB4E6, 0xACC5, 0xB4E6, 0xACE6,
    0x9C22, 0xACA5, 0xACA4, 0xB4C5, 0xBD27, 0xA484, 0x9C43, 0xACC5, 0xB506, 0x9C43, 0xACE6, 0xB4E6,
    0xACC5, 0xB4E6, 0xBD26, 0x9C42, 0xA483, 0x9C63, 0xB4C5, 0xACC5, 0xACA4, 0x9C43, 0xACC5, 0xB4E6,
    0xACA5, 0xACC5, 0xB4E6, 0xACC5, 0xB506, 0xACA5, 0xB4C5, 0xACA4, 0xA463, 0xB506, 0xB505, 0xACC5,
    0xACC5, 0xACC5, 0xACA4, 0xB506, 0xA484, 0xACC5, 0xB4E6, 0xB4E6, 0xA484, 0xAC84, 0xB4C4, 0xA463,
    0xB4C5, 0xACA5, 0xA484, 0xA463, 0xA484, 0xA485, 0xA464, 0xAC85, 0xA484, 0xA484, 0xA443, 0xACA4,
    0x9C43, 0xACA5, 0xACC5, 0xACA5, 0xACC5, 0xACC6, 0xAC85, 0xACA6, 0x9C03, 0xAC85, 0xA485, 0xA464,
    0x9C44, 0xA465, 0xAC85, 0x9C23, 0x9403, 0x93C2, 0x9C23, 0xA444, 0x93E3, 0x8BC2, 0x9C03, 0xA443,
    0x9C02, 0xA485, 0xACA5, 0xA464, 0x9C23, 0x9C02, 0x9C02, 0xACA5, 0xA484, 0xACA5, 0xACA5, 0xA444,
    0xA484, 0xA463, 0xACA4, 0xACA5, 0xACC5, 0xB506, 0xB4C6, 0xA484, 0xB4E6, 0xACA5, 0xAC84, 0xB4C5,
    0xB506, 0xB4E6, 0xACC6, 0xACC6, 0xA443, 0xB4E6, 0xB4C5, 0xB506, 0xB4C5, 0xB4E6, 0xB507, 0xACA5,
    0xA484, 0xACA5, 0xAC85, 0xB4E6, 0xACC5, 0xB4E5, 0xACC5, 0xB4E6, 0xACA4, 0xACA4, 0xACA5, 0xB4E6,
    0xB506, 0xB4E6, 0xA464, 0xB4E6, 0xACC5, 0xA484, 0xB506, 0xB506, 0xB506, 0xB4E5, 0xB506, 0xAC84,
    0xACC5, 0xA464, 0xB4E6, 0xB4E5, 0xB4E6, 0xA484, 0xA463, 0xACC6, 0xAC84, 0xACC5, 0xACC5, 0xB506,
    0xACE5, 0xACC5, 0xAC84, 0xACA4, 0x9C43, 0xB506, 0xACA4, 0xB4E6, 0xB4E5, 0xB4E6, 0xA463, 0xACC5,
    0xB4E6, 0xB4C6, 0xB4E6, 0xACE6, 0xA464, 0xACA4, 0xA463, 0xA483, 0xACC5, 0xACC5, 0xACA5, 0xA464,
    0xAC84, 0x9C23, 0xA444, 0xA464, 0xA484, 0xACA5, 0x9C03, 0x9C23, 0xA463, 0xACC5, 0xACC6, 0xACA5,
    0xACA5, 0x9403, 0x9C23, 0xA423, 0x9C23, 0xAC85, 0xA484, 0xAC85, 0xA464, 0x9C23, 0xA444, 0x8BA1,
    0x93E2, 0x93E2, 0x9C44, 0x93E2, 0x93E3, 0x8BA2, 0x8BC2, 0x9C03, 0xA444, 0x9C03, 0xACA5, 0xAC85,
    0x93E2, 0xA464, 0x9C22, 0xACA5, 0xACC5, 0xACC6, 0xA484, 0x9C23, 0x9C43, 0x9C43, 0xACE5, 0xACE6,
    0xACA5, 0xACA5, 0xACC6, 0x9C22, 0xACC6, 0xACC5, 0xACA4, 0xB4E6, 0xB4E6, 0xB4E6, 0xACA5, 0xB4E6,
    0xACA4, 0xACA5, 0xB4E6, 0xACC5, 0xB4C5, 0xACC5, 0xB506, 0xB4E6, 0xACA5, 0x9C43, 0xACC6, 0xB507,
    0xB4E6, 0xACA4, 0xACC5, 0xACA5, 0x9C02, 0xACA4, 0xACA5, 0xB4E6, 0xB4C5, 0xB507, 0xB506, 0xA443,
    0xA464, 0xACC6, 0xACC5, 0xB4C6, 0xACA5, 0xBD26, 0xB4E6, 0xA464, 0x9C43, 0xA463, 0xB4E5, 0xACC4,
    0xAC84, 0xA484, 0xB4E6, 0xACC5, 0xB4E5, 0xA484, 0xB506, 0xACA5, 0xB506, 0xA484, 0xAC84, 0xA463,
    0xA443, 0xB4E6, 0xACC5, 0xA484, 0xACC5, 0xA443, 0x9C23, 0xB506, 0xA484, 0xACA5, 0xACC5, 0xB4C5,
    0xA484, 0xAC84, 0xACA4, 0xA463, 0xACE5, 0xA464, 0xACA5, 0xA464, 0x9C23, 0xAC85, 0xACC5, 0xA484,
    0xACA5, 0x9C23, 0xA464, 0x9C43, 0xA443, 0xACC5, 0xACA5, 0xACC6, 0xACA5, 0xA464, 0x9C23, 0x9C43,
    0x93E2, 0xACC6, 0xA465, 0xAC84, 0xACA6, 0xA485, 0xA484, 0x9C03, 0x8B82, 0x9403, 0x8362, 0x8362,
    0x9C03, 0x9C03, 0x93C2, 0x93E3, 0x9C23, 0x9C24, 0xA485, 0xA443, 0x9C23, 0x9C43, 0x9C23, 0xA484,
    0xA484, 0xACA5, 0xACA5, 0xA443, 0xA463, 0xA463, 0xB4E6, 0xACA5, 0xACC5, 0xB4E6, 0xAC84, 0xACC5,
    0xA484, 0xA484, 0xB4E6, 0xACC6, 0xACC5, 0xB4E6, 0xB4E6, 0xACA5, 0xACC5, 0xACA5, 0xB4E6, 0xB4E6,
    0xB4C5, 0xB506, 0xB4E5, 0xACC5, 0xACA5, 0xAC84, 0xACC6, 0xB4C6, 0xB4E6, 0xB4C6, 0xACA5, 0xACC5,
    0xACC4, 0xACA4, 0xA4A5, 0xB4E6, 0xB4E6, 0xB506, 0xB4E6, 0xA463, 0xA484, 0xACA5, 0xAC85, 0xB4E6,
    0xB4E6, 0xB4C5, 0xBD46, 0xACA4, 0xAC84, 0xACA4, 0xB506, 0xB506, 0xB506, 0xACC5, 0x9C43, 0xA464,
    0xB4C5, 0xACC6, 0xB4E6, 0xB4E6, 0xB4C5, 0xB4E6, 0xAC84, 0xACA4, 0xA463, 0xACC5, 0xACA5, 0xB4E6,
    0xBD27, 0xA463, 0xACA4, 0xA484, 0xA463, 0xB4E6, 0xACE6, 0xACC6, 0x9C22, 0xA484, 0xACA4, 0xA464,
    0xB4E6, 0xB507, 0xAC84, 0xA464, 0x9C23, 0xA443, 0xA464, 0xAC85, 0xACA5, 0xACA5, 0xA464, 0xA464,
    0xA443, 0xACA4, 0xAC84, 0xACA5, 0xA444, 0xA464, 0x9C03, 0x9C43, 0x9BE2, 0x9C23, 0xA484, 0x9C23,
    0xAC84, 0xA465, 0xA465, 0x9C23, 0x8BA2, 0x93C2, 0x9C03, 0x9C24, 0xA464, 0x8BA2, 0x9C03, 0x8BA2,
    0x9C03, 0x9C24, 0x9C03, 0xA464, 0x93E2, 0x9BE2, 0xA464, 0xA484, 0xACA5, 0xACA5, 0xACA5, 0xA464,
    0xA484, 0xA464, 0xACC5, 0xB4C6, 0xB4E6, 0xAC84, 0xACC5, 0xAC84, 0xA463, 0x9C23, 0xA464, 0xACC5,
    0xACC5, 0xB4E6, 0xA485, 0xAC84, 0x9C43, 0xB4E6, 0xB4E6, 0xB4C5, 0xB4E6, 0xB4E6, 0xACA5, 0xB506,
    0xB506, 0xA464, 0xA484, 0xB506, 0xACC5, 0xACC5, 0xACC5, 0xB4E6, 0x9C22, 0xB4C5, 0xA484, 0xB4E6,
    0xB526, 0xB4E5, 0x9C22, 0xACA5, 0xB4E6, 0xACA4, 0xACC6, 0xACE6, 0xB506, 0xB4E6, 0xBD27, 0xAC84,
    0xAC84, 0xA464, 0xA484, 0xACC5, 0xB4E5, 0xB507, 0xACA4, 0xB4C5, 0xBD07, 0xACA4, 0xB506, 0xB4E6,
    0xB507, 0x9C43, 0xA484, 0xAC84, 0xA484, 0xACA5, 0xACC5, 0xB4E6, 0xACC6, 0xB506, 0xA443, 0xB506,
    0xA484, 0xB4E6, 0xACC5, 0xB4E7, 0x9C43, 0xA463, 0xACA4, 0x9C23, 0xB507, 0xACC5, 0xACC6, 0x9C43,
    0xA464, 0xACA5, 0x9C02, 0xACA5, 0x9C23, 0xACC6, 0x9403, 0xA484, 0x8BC2, 0xA484, 0xAC85, 0xAC85,
    0x9C24, 0xA464, 0x9C23, 0xACA5, 0xA485, 0xA464, 0xB4C6, 0xACC6, 0xA464, 0xA464, 0xA464, 0x93E3,
    0x93C2, 0x8B82, 0x8BA2, 0xA443, 0x9C03, 0x8B82, 0x9C03, 0x8BA1, 0x9C23, 0x9C24, 0x9C23, 0xACA5,
    0x9C03, 0x9C22, 0x9C43, 0xA464, 0xA464, 0x9C23, 0xB4C6, 0xA463, 0xA464, 0xA464, 0xACE5, 0xACE5,
    0xACC5, 0xACA4, 0xACC5, 0xA443, 0xAC84, 0x9C43, 0x9C43, 0xB507, 0xACA5, 0xACC5, 0xAC85, 0xACC5,
    0x9C23, 0xACA4, 0xB4E7, 0xACA4, 0xA464, 0xB4E6, 0xB4E6, 0xACA4, 0xACE6, 0xACE5, 0xA464, 0xB4C5,
    0xB4E6, 0xB506, 0xB507, 0xACE6, 0xA463, 0xACA4, 0xA4A4, 0xB4E6, 0xB4E6, 0xACC5, 0x9C43, 0xB507,
    0xB4C5, 0x9C43, 0xB4E6, 0xB506, 0xB506, 0xACC5, 0xBD26, 0x9402, 0xA484, 0xA463, 0xACA5, 0xB4E5,
    0xB526, 0xACA4, 0xACC5, 0xB4C5, 0xA484, 0xACA5, 0xB4C6, 0xAC84, 0xB506, 0xA4A3, 0xA484, 0xA484,
    0xA463, 0xB506, 0xB506, 0xACC5, 0xACC5, 0xACC5, 0xAC84, 0xACA4, 0xB4E5, 0xACC5, 0xA443, 0xACA5,
    0x9C23, 0xA463, 0xACA4, 0xA464, 0xA484, 0xA464, 0xACA5, 0xA443, 0xAC84, 0xA464, 0xA443, 0xACA5,
    0xACC5, 0xACA5, 0x9C43, 0x9C03, 0xACA5, 0xA484, 0xA484, 0xAC85, 0x93E3, 0xA464, 0xA444, 0x9C23,
    0x9C44, 0xA484, 0xAC84, 0xA464, 0xA464, 0xA464, 0xA464, 0x93C2, 0x93A2, 0x8BA2, 0x93C3, 0x93E3,
    0xA444, 0x93C2, 0xA464, 0x93E2, 0x9C23, 0xA423, 0xA464, 0xA463, 0x93C2, 0xA442, 0xA463, 0xACA5,
    0xA484, 0xAC84, 0xB4C6, 0xA484, 0xA463, 0xA443, 0xACC5, 0xB4E6, 0xB4C5, 0xACC5, 0xB4E6, 0xA484,
    0xACC5, 0xACC5, 0xA484, 0xB506, 0xB4E5, 0xA484, 0xA464, 0xACE5, 0xAC84, 0xB4C5, 0xB507, 0xA443,
    0xB4C5, 0xACC5, 0xB4C6, 0xACA4, 0xA484, 0xB506, 0xA443, 0xBD07, 0xB4E6, 0xB4E6, 0xACC5, 0xACA4,
    0xACA4, 0xB4E5, 0xACA5, 0xB4E6, 0xB4E6, 0xB506, 0xA484, 0xB4E6, 0xACA4, 0xBD27, 0xB4E6, 0xBD27,
    0xACA5, 0xB4E6, 0xB4E6, 0xACC5, 0xACA5, 0xA484, 0xB506, 0xB4E6, 0xACA4, 0xA463, 0xACA5, 0xACA5,
    0xA463, 0xACA5, 0xB4E6, 0xB4C5, 0xB506, 0xB505, 0xA483, 0xAC84, 0xACC4, 0xACA4, 0xB506, 0xB4E5,
    0xACA4, 0xB4E5, 0xAC84, 0xA484, 0xB4E6, 0xB4E5, 0xACC5, 0xACC5, 0xACA4, 0xACA4, 0xAC83, 0xA484,
    0xACA5, 0xA484, 0xACC5, 0xACA4, 0xA464, 0x9C03, 0xA464, 0xA484, 0xA464, 0xAC85, 0x93E2, 0xA464,
    0x93C2, 0xACA5, 0xACE6, 0x9C23, 0xB4E6, 0x9C44, 0xAC85, 0x9C23, 0x9C23, 0xA464, 0xACA5, 0xA485,
    0xA484, 0x9C23, 0xA485, 0x93E2, 0x93C2, 0x93C2, 0xA444, 0xA444, 0xA464, 0xA464, 0xA484, 0x9C22,
    0x9C24, 0xA444, 0x9C23, 0x9C23, 0x9C03, 0xA464, 0x9C02, 0xACC5, 0xA484, 0xACA5, 0xACA5, 0xA484,
    0xA464, 0xA463, 0xA463, 0xB4E6, 0xACC5, 0xB4E6, 0xA484, 0xACC5, 0xA484, 0xA443, 0xACA5, 0xBD27,
    0xB4E6, 0xB4E5, 0xACA5, 0xACC5, 0x9C23, 0xACC6, 0xB507, 0xACE5, 0xACC5, 0xB4E5, 0xACA5, 0xB4E6,
    0xACA4, 0xAC84, 0xB4E5, 0xB4E6, 0xBD48, 0xB4E6, 0xB506, 0xB506, 0xAC84, 0xACA4, 0xACE5, 0xB507,
    0xA484, 0x9C23, 0xA484, 0xA484, 0xACA5, 0xB4E7, 0xB507, 0xB4E5, 0xACA5, 0xB4E5, 0xB506, 0xA463,
    0xACA4, 0xA463, 0xACC5, 0xB4E6, 0xB4E6, 0xA484, 0xB507, 0xA463, 0xACA5, 0xA484, 0xB506, 0xACA4,
    0xACC5, 0xA484, 0xA484, 0xACA4, 0xA443, 0xB4E6, 0xB4E6, 0xACC5, 0xB4E6, 0xACA5, 0xB4E6, 0xB4E5,
    0xA464, 0xACC5, 0xACC5, 0xB4E6, 0xA484, 0xAC84, 0xA484, 0xA464, 0xACC5, 0xAC84, 0xB4C6, 0xACA4,
    0xA443, 0x9C23, 0xACC6, 0xA464, 0xACA5, 0xACA5, 0x9C23, 0xA484, 0x9C23, 0xAC84, 0x9C03, 0xA484,
    0xB4E6, 0xA485, 0x9C03, 0x93E2, 0xAC84, 0x9C23, 0xAC85, 0xACA5, 0xA464, 0xA485, 0xA484, 0x9C23,
    0x93C2, 0x9C03, 0x9C23, 0x9C23, 0xA444, 0x9C23, 0xA443, 0x93C2, 0xAC85, 0xA464, 0xA464, 0xA443,
    0x9C23, 0xA443, 0x9C03, 0xA484, 0xACA5, 0xACC5, 0x93E2, 0xA463, 0xA484, 0xA463, 0xACC5, 0xACC6,
    0xB4E6, 0xACA4, 0xB4E6, 0xACA5, 0xA463, 0xA464, 0xACE6, 0xACC5, 0xAC84, 0xAC84, 0xACE6, 0xACC5,
    0xACA5, 0xACA5, 0xACC6, 0xACA5, 0xB506, 0xB4E6, 0xB505, 0xA463, 0xA464, 0xA443, 0xACC5, 0xB4E6,
    0xAC84, 0xB4E6, 0xB506, 0xB506, 0xAC83, 0xACC4, 0x9C44, 0xB4E6, 0x9C43, 0xB527, 0xACC6, 0xA464,
    0xA464, 0xACA5, 0xACA5, 0xB4E6, 0xACC5, 0xB4E6, 0xB506, 0xAC84, 0xA4A4, 0xA463, 0xB506, 0xAC84,
    0xACC5, 0xA464, 0xA464, 0x9C23, 0xB4C6, 0xACC6, 0xB4E6, 0xB4E6, 0xB4C6, 0xACA4, 0xACA4, 0xA483,
    0xAC83, 0xB526, 0xB4E6, 0xACC5, 0xACC5, 0xA483, 0xB4E6, 0xB506, 0xA484, 0xB506, 0xB4E6, 0xACC5,
    0x9C02, 0xA463, 0xA443, 0xA484, 0xACC5, 0xA484, 0xACA5, 0x9C22, 0x9C43, 0x9C22, 0xA443, 0xAC84,
    0xA464, 0xA484, 0xA444, 0xA443, 0x9C22, 0xA484, 0x9C44, 0xA444, 0xACA5, 0xA464, 0xA444, 0xA464,
    0xA484, 0x9C03, 0xACA5, 0xA485, 0xACA5, 0x9C44, 0xAC85, 0x9C02, 0x93C3, 0x93C2, 0x93C2, 0x9C03,
    0xA444, 0x8BA2, 0x9C43, 0xA444, 0xA443, 0xA464, 0xA444, 0x9C23, 0x9C24, 0x9C23, 0x9402, 0xA484,
    0xACA5, 0xACA5, 0xACA5, 0x9C23, 0xA464, 0xA463, 0xA484, 0xACC6, 0xB4C6, 0xB4E6, 0xB4E6, 0xACA4,
    0xACA5, 0xAC84, 0xA464, 0xB4E5, 0xB4C5, 0xB4E6, 0xACA5, 0xACA5, 0xA463, 0xA464, 0xB4E6, 0xB506,
    0xACC5, 0xACE5, 0xB505, 0xACC6, 0xB505, 0xA463, 0xA483, 0xB506, 0xACC5, 0xB507, 0xB506, 0xB507,
    0xACC5, 0xACA4, 0xACC5, 0xB4E6, 0xACA5, 0xBD26, 0xA464, 0x9C03, 0xACC5, 0xB506, 0xBD27, 0xB4E5,
    0xACC5, 0xB506, 0xB506, 0xACA4, 0xA484, 0xA463, 0xB506, 0xB4C5, 0xB506, 0xA484, 0xA463, 0xACA5,
    0xACA5, 0xACC5, 0xB4C5, 0xB506, 0xACA5, 0xACC5, 0xA483, 0xACA4, 0xA463, 0xACA5, 0xACE5, 0xACA5,
    0xACC5, 0xACA4, 0xA464, 0xACC5, 0x9C43, 0xACC5, 0xACC6, 0xB4E6, 0xACC5, 0xA463, 0xA463, 0x9C43,
    0xA484, 0xAC84, 0xACA5, 0xA443, 0xACA5, 0xA484, 0xA464, 0xACC5, 0xACA5, 0x9C44, 0x9C24, 0x9C44,
    0x93C2, 0x9C23, 0xA465, 0xACA6, 0xA464, 0xA484, 0xA443, 0xA484, 0xA464, 0x9C44, 0x9C23, 0xA465,
    0xA464, 0x9C24, 0xAC85, 0x9403, 0x9C03, 0x9C23, 0x9C03, 0xA444, 0xA464, 0x93C2, 0x9C23, 0xA464,
    0x9C23, 0xA485, 0xA464, 0xA464, 0x9C23, 0xA443, 0xA443, 0xAC85, 0xA464, 0xACA5, 0xACA5, 0x9C23,
    0xA464, 0xA463, 0xACA5, 0xACC6, 0xB4E6, 0xB4E6, 0xB4E6, 0x9C23, 0xACC5, 0xB4E5, 0xA484, 0xB506,
    0xB4C5, 0xB4E6, 0xAC84, 0xACA4, 0xACA4, 0xACC5, 0xACA5, 0xB4E6, 0xB4E6, 0xACC5, 0xB4E6, 0xACC5,
    0xACC5, 0xB4E6, 0xA464, 0xB4E6, 0xACC5, 0xB4E7, 0xB4E5, 0xB505, 0xAC83, 0xACA5, 0xACC5, 0xB4E6,
    0xB4C5, 0xB4E5, 0xA4A4, 0xB4E6, 0xB4E5, 0xB4E5, 0xB506, 0xBD27, 0xB506, 0xBD27, 0xB4E6, 0xACA5,
    0x9C43, 0xA464, 0xB4E5, 0xB506, 0xACC5, 0xAC84, 0xA463, 0xB4C5, 0xAC83, 0xACA4, 0xACC5, 0xB4E6,
    0xA442, 0xB4E5, 0xA463, 0xA483, 0xA484, 0xACC5, 0xA463, 0xACC5, 0xB4E6, 0xACC5, 0xACA4, 0xACA5,
    0xACC6, 0xB4E6, 0xB4E6, 0xACC5, 0xA463, 0xA483, 0xA443, 0x9402, 0xACA5, 0xB4C6, 0xACA5, 0xACA5,
    0xAC84, 0xA484, 0xACC5, 0xB4C5, 0xAC85, 0x9C23, 0x93E3, 0x93E3, 0xA484, 0xACA4, 0xA444, 0xACC6,
    0xACA5, 0xA444, 0xAC84, 0x9C23, 0x9C23, 0xACA5, 0xA464, 0x9C23, 0xA444, 0x9C24, 0xA485, 0x9C03,
    0x8BC2, 0x9C03, 0xA444, 0xA444, 0xA464, 0x93C2, 0xA444, 0x9C03, 0xA484, 0xA485, 0xA484, 0xAC85,
    0x9C23, 0x9C02, 0xA463, 0xA464, 0xA464, 0xA484, 0xACC5, 0xA464, 0xA443, 0xA443, 0xACC5, 0xACC5,
    0xB4E6, 0xB4E6, 0xB4E6, 0x9C02, 0xACC5, 0xB4C5, 0x9C23, 0xB4E6, 0xACC5, 0xB4E6, 0xACC6, 0xACA4,
    0xA463, 0xACC5, 0xB506, 0xACC5, 0xACA4, 0xB4E5, 0xB4E6, 0xACC5, 0xACA4, 0xA463, 0xB4C6, 0xB4E6,
    0xACC5, 0xB4E5, 0xB506, 0xACC5, 0xACA3, 0xACA4, 0xB4E6, 0xB4E6, 0xA484, 0xA484, 0xB506, 0xAC85,
    0xACA4, 0xB506, 0xB4E6, 0xB506, 0xB506, 0xB506, 0xBD27, 0xACC5, 0xA483, 0x9C23, 0xB4E5, 0xACA5,
    0xACC5, 0xA483, 0xB4E6, 0xA484, 0xB4E6, 0xACE5, 0xB4E6, 0xBD27, 0xB4E6, 0xAC83, 0xACC5, 0xACA4,
    0xAC84, 0xA464, 0xACE5, 0xB4E6, 0xB4E5, 0xB4E5, 0xB4C6, 0xACA4, 0xA443, 0xB4E6, 0xB4E6, 0xACC5,
    0xA464, 0xA463, 0xAC83, 0x9C02, 0xA465, 0xACA5, 0xACA5, 0xACC5, 0xA483, 0x9C03, 0xB4C5, 0xACA5,
    0xA443, 0x93E3, 0x93E3, 0xA464, 0x9C23, 0xA485, 0x8362, 0xACC5, 0xACA5, 0xA464, 0x9C44, 0xA484,
    0x9BE2, 0xAC85, 0xACA5, 0xAC65, 0xA485, 0xA444, 0xA464, 0x93E2, 0x93E3, 0x9403, 0x9C23, 0xAC85,
    0xA485, 0xA464, 0xA443, 0x93E2, 0xA444, 0x9C43, 0xA464, 0xAC84, 0x9C03, 0xA463, 0x9C22, 0xACA5,
    0xAC85, 0xACA5, 0xACC6, 0x9C43, 0xA464, 0xA463, 0xA484, 0xACC5, 0xB4E6, 0xB4E6, 0xACA5, 0xACC5,
    0xA484, 0xA464, 0xACA5, 0xB4C5, 0xB4E6, 0xB4E6, 0xACC6, 0xACA4, 0x9402, 0xACA4, 0xB4E6, 0xACC6,
    0xB4E6, 0xACC5, 0xACA5, 0xB506, 0xACA4, 0xA484, 0xB506, 0xB4E6, 0xACA4, 0xB4E5, 0xB4E6, 0xACA3,
    0xACA4, 0xB506, 0xA484, 0xB506, 0xB4E6, 0xB4E6, 0xB4E6, 0xACC5, 0xA443, 0xAC85, 0xB506, 0xB4E6,
    0xB4E6, 0xB506, 0xB506, 0xACC4, 0xACA4, 0xA463, 0xB4E5, 0xB4E5, 0xB4C5, 0xACA5, 0xACA4, 0xA484,
    0xB506, 0xACC5, 0xACC5, 0xB4E6, 0xB4E6, 0xA484, 0xA463, 0xB4C5, 0xA484, 0xB4E6, 0xA484, 0xAC84,
    0xB4E6, 0xACA4, 0xACC5, 0xACC5, 0xA484, 0xACC5, 0xACA5, 0xB4E6, 0x9C23, 0xAC84, 0xAC84, 0x9C43,
    0xAC85, 0xA484, 0xB4C5, 0xACA4, 0x9C22, 0xA463, 0xA443, 0xACA5, 0xACC6, 0x8BC2, 0x9C23, 0xA464,
    0x8BA2, 0xACA5, 0xA464, 0xA444, 0xACA5, 0xAC85, 0x9C03, 0xACA5, 0xA464, 0x9C23, 0xACA6, 0xA485,
    0xA444, 0x93C3, 0xA444, 0x8BA2, 0x9403, 0xA484, 0x9C03, 0x93C3, 0xA464, 0x9C23, 0x9C03, 0xA444,
    0xA484, 0xA464, 0xA464, 0xACC5, 0x9C23, 0xA463, 0x9C22, 0xA464, 0x9C43, 0xA464, 0xAC85, 0xA464,
    0x9C23, 0xA464, 0xACA5, 0xA464, 0xB4E6, 0xACA4, 0xA484, 0xAC85, 0xA463, 0x9C43, 0xACC5, 0xACA5,
    0xB4C6, 0xB4E6, 0xACC5, 0xACC5, 0xA464, 0xB506, 0xB4E6, 0xB4E6, 0xB4E6, 0xB506, 0xACE5, 0xB4E6,
    0xB4E6, 0xA443, 0xAC84, 0xACE6, 0xACC5, 0xB4C5, 0xB506, 0xACE5, 0xAC83, 0xB506, 0xACC5, 0xACC5,
    0xB526, 0xB4E5, 0xA463, 0xAC84, 0xACC6, 0xACA5, 0xB506, 0xB4E5, 0xB506, 0xB526, 0xBD46, 0xACA4,
    0xACA4, 0x9C23, 0xBD27, 0xBD06, 0xB506, 0xB4E6, 0xACC5, 0xB4C5, 0xB4E6, 0xB4E5, 0xBD27, 0xB506,
    0xB4E6, 0xACC5, 0xACC4, 0xA463, 0xA464, 0xACE5, 0xB4E6, 0xB4E5, 0xB506, 0xB4E6, 0xA484, 0xACC5,
    0xA463, 0xACC5, 0xACA4, 0xACA5, 0xA463, 0xAC83, 0x9C22, 0xA463, 0xA484, 0xACA5, 0xACC5, 0xA443,
    0xACC5, 0xA485, 0xA484, 0xACA5, 0x9C24, 0xA465, 0xA444, 0x9C03, 0x8BC2, 0xACC6, 0xAC85, 0xA444,
    0xA484, 0xA444, 0x9403, 0xAC85, 0xAC85, 0xA484, 0xA444, 0xA485, 0x93E3, 0xA464, 0xAC85, 0x8B81,
    0x9C24, 0x9C23, 0x9C44, 0x9C03, 0xA464, 0x7B41, 0x9403, 0x9C23, 0xA443, 0xA485, 0xA463, 0xACA4,
    0xA464, 0xAC84, 0xAC84, 0xACC5, 0xA484, 0xACA5, 0xAC84, 0x9C23, 0xAC84, 0x93C2, 0xACC5, 0x9C23,
    0xA464, 0xB4E6, 0xACA5, 0xA443, 0x9C23, 0xACA5, 0x9C43, 0xACA5, 0xB4E6, 0xAC84, 0xACC6, 0xAC84,
    0xA443, 0xB506, 0xB507, 0xB506, 0xA464, 0xB506, 0xB4E6, 0xA483, 0xACC5, 0xB4E6, 0xA484, 0xACC6,
    0xACC5, 0xACC5, 0xBD27, 0xB4E5, 0xACA4, 0xB4E5, 0xACC5, 0xB506, 0xB506, 0xB527, 0xA483, 0xB4E6,
    0xB506, 0xA463, 0xB4E6, 0xB506, 0xB4C5, 0xB4E6, 0xB526, 0xACC5, 0xACC5, 0xA463, 0xB4E5, 0xACC5,
    0xB4E6, 0xA463, 0xB4E5, 0xB506, 0xBD27, 0xBD27, 0xB506, 0xACA4, 0xB506, 0xACA5, 0xAC83, 0xA483,
    0xA483, 0xACC5, 0xB506, 0xB4E5, 0xB4E6, 0xACC5, 0xA463, 0xA484, 0xB4E6, 0xACC5, 0xACC5, 0xA464,
    0xAC85, 0xAC83, 0xA442, 0xA464, 0xB4E6, 0xB4E6, 0xA484, 0xA484, 0xACA5, 0xACA5, 0xA464, 0xACA5,
    0xACC5, 0xA444, 0x9C43, 0x8BC2, 0x9403, 0xACA5, 0xACC6, 0xA464, 0xA465, 0xACA5, 0xACA5, 0x9C23,
    0x93E3, 0xA464, 0xAC85, 0x9C43, 0xA444, 0x9C23, 0xACA5, 0x9402, 0x9C23, 0xA464, 0xA465, 0x9C44,
    0x9C03, 0x93E3, 0x9C03, 0x93E2, 0x9C23, 0xA464, 0xAC84, 0xA464, 0x93E2, 0xA443, 0xA463, 0xA484,
    0xA464, 0xAC85, 0xA484, 0xA464, 0x9C43, 0xA463, 0xACE6, 0x9C23, 0xA464, 0xB4E6, 0xB4E6, 0xA484,
    0xACC5, 0xB4E6, 0xA463, 0xB4E6, 0xACC5, 0xB506, 0xACC6, 0xACA5, 0xA4A4, 0xACC6, 0xACE6, 0xACC5,
    0xACC5, 0xB4E5, 0xACC5, 0xACC5, 0xA464, 0xACC5, 0xA484, 0xB4E6, 0xACC5, 0xACA5, 0xBD27, 0xB526,
    0xAC83, 0xACC5, 0xACC5, 0xB506, 0xB4E5, 0xACE5, 0xA483, 0xACA4, 0xACC5, 0xACC5, 0xACE6, 0xB4E6,
    0xB4E6, 0xB506, 0xBD46, 0xACC5, 0xA483, 0xA463, 0xB506, 0xB4E5, 0xB506, 0xACA5, 0xACC5, 0xA483,
    0xB4E5, 0xACC5, 0xB506, 0xB506, 0xB506, 0xA463, 0xACA4, 0xACA4, 0xA443, 0xACE5, 0xB506, 0xB4E5,
    0xB4E5, 0xB4E5, 0xA463, 0xA484, 0xACA5, 0xB4E6, 0xACA5, 0xACA5, 0x9C22, 0xA484, 0xA463, 0x9C23,
    0xACC5, 0xB4E6, 0xACA5, 0xA484, 0x9C43, 0x9C23, 0xACA5, 0xACA4, 0xB4C5, 0x9C44, 0x9C24, 0x8382,
    0x9C44, 0xACC5, 0xACA5, 0x9C23, 0xACA6, 0xACC5, 0xA464, 0x9C23, 0x9403, 0xACA6, 0xA464, 0xA444,
    0xA464, 0x9C23, 0xA464, 0x93E2, 0x9C23, 0x9C44, 0x8BC2, 0x9C23, 0x93E3, 0x9403, 0x93C2, 0x93C2,
    0x9C23, 0xA464, 0xAC85, 0xA444, 0x93E2, 0xA443, 0x9C23, 0xA484, 0xAC85, 0xAC84, 0xACA5, 0xA484,
    0x8BA3, 0xA463, 0xA484, 0xA484, 0xA484, 0xACA5, 0xACA5, 0xACC5, 0xA464, 0xA443, 0xB4E6, 0xB4E6,
    0xACC5, 0xACA4, 0xACC5, 0xACC5, 0xA484, 0xB4E6, 0xB4E6, 0xB4E6, 0xACA5, 0xB506, 0xB506, 0xACC6,
    0xA484, 0xA464, 0xACA5, 0xB4C6, 0xB506, 0xB4E6, 0xB4E6, 0xB506, 0xACA3, 0xACE5, 0xB4E5, 0xB4E6,
    0xB4C5, 0xB506, 0xB4E6, 0xA483, 0xA484, 0xB4E6, 0xACE5, 0xB4E6, 0xB507, 0xB4E6, 0xB505, 0xACA4,
    0xA463, 0xA463, 0xB4E5, 0xB506, 0xB506, 0xA484, 0xB507, 0xAC84, 0xB506, 0xB506, 0xB4E6, 0xA484,
    0xB4E6, 0xB506, 0xACC4, 0xACC4, 0x9C43, 0xACA5, 0xB4E5, 0xACC5, 0xB506, 0xB4E6, 0xACA4, 0xA464,
    0xA464, 0xAC85, 0xACC5, 0xB4E7, 0xA483, 0xA463, 0xA463, 0xA484, 0xACC5, 0xACC5, 0xACA5, 0xA464,
    0x9C02, 0xA443, 0x9C23, 0xACC5, 0xACA5, 0xA464, 0x9403, 0x9C23, 0x9C23, 0xACA5, 0xA484, 0x9C03,
    0xA485, 0x9C23, 0x9C23, 0x9C22, 0xAC85, 0x9C44, 0xA484, 0xA464, 0xAC85, 0xA465, 0xA464, 0x8BA1,
    0x93C2, 0x9C24, 0x9C03, 0x9C03, 0x9C23, 0x9C03, 0xA464, 0x93C3, 0xA485, 0xA444, 0xAC85, 0xA443,
    0xA444, 0x9C23, 0x9C22, 0xAC85, 0xAC85, 0xACC6, 0xA464, 0xA464, 0xA443, 0x9C43, 0xB506, 0xA484,
    0xA463, 0xACA5, 0xACA4, 0xA484, 0xA464, 0x9C02, 0xB4E6, 0xB506, 0xB4C5, 0xACA4, 0xACA5, 0xA464,
    0xA443, 0xACE5, 0xB4E5, 0xB4E5, 0xACC5, 0xB506, 0xACA4, 0xB506, 0xA443, 0x9C23, 0xACC5, 0xB4E6,
    0xA464, 0xB4E6, 0xACC5, 0xB506, 0xA484, 0xA484, 0xA484, 0xACA4, 0xB4E5, 0xB4C5, 0xACA5, 0xA484,
    0xA442, 0xACA5, 0xACA5, 0xACC5, 0xB506, 0xB4E6, 0xACC5, 0xAC84, 0xACA4, 0x9C23, 0xB4E6, 0xB4E5,
    0xACC5, 0xACA5, 0xACC5, 0xACA5, 0xB4E6, 0xB4E5, 0xB4E6, 0xA463, 0xB4E6, 0xACA5, 0xAC84, 0xA463,
    0xA442, 0xACC5, 0xB4E6, 0xB4C5, 0xB506, 0xA463, 0xACC5, 0xB506, 0x9C23, 0xA484, 0xACC5, 0xB4E6,
    0x9C22, 0x9C22, 0xAC84, 0x93E2, 0xA464, 0xA485, 0xA464, 0x9C23, 0xACA5, 0xAC84, 0x9BE2, 0xB4E6,
    0xACA6, 0xA485, 0x9BE2, 0xA423, 0x93E2, 0xACA5, 0xA464, 0xACC5, 0xA464, 0xA464, 0x9C43, 0xAC85,
    0xAC85, 0xA444, 0xACA5, 0xA464, 0xACC6, 0x9C03, 0xA464, 0x93C2, 0x9C03, 0x8BA2, 0x9C03, 0x9C23,
    0xA423, 0x8BA1, 0x93C2, 0xA444, 0x9C24, 0xA464, 0xA444, 0xA444, 0x9C02, 0x9C22, 0x93C1, 0xA484,
    0xAC84, 0xA464, 0x9C23, 0x9C23, 0xA444, 0x9C23, 0xA484, 0xACA5, 0xA464, 0xAC84, 0xB4C6, 0xA463,
    0xA464, 0xA463, 0xACA4, 0xACA5, 0xACA5, 0xB507, 0xACA5, 0xACA5, 0xA463, 0xACC6, 0xACC5, 0xACC5,
    0xACC5, 0xB507, 0xB507, 0xAC85, 0xACA5, 0xACA4, 0xA464, 0xACC6, 0xB4E6, 0xB4E6, 0xB4E6, 0xACE5,
    0xA463, 0xACC5, 0xACC5, 0xACC5, 0xACA4, 0xB4C5, 0xA484, 0xA484, 0xACC5, 0xA444, 0xB506, 0xB4E6,
    0xACC5, 0xB4E6, 0xB506, 0xACA4, 0xACA5, 0xA443, 0xB4C5, 0xACC5, 0xB506, 0x9C23, 0xA484, 0xB4E6,
    0xA443, 0xACA4, 0xB506, 0xB507, 0xAC84, 0xA484, 0xA463, 0xACC4, 0xA443, 0xACA5, 0xAC84, 0xB4E6,
    0xB4E6, 0xACA4, 0xA484, 0xACA5, 0xA464, 0xAC85, 0xA484, 0xB4E6, 0xA464, 0xACA4, 0xA463, 0xA464,
    0xACA5, 0xACA5, 0xACA5, 0x9C23, 0xA464, 0xA485, 0xA444, 0xA464, 0xACA5, 0xAC85, 0x9C03, 0x9C23,
    0x93C2, 0xACA5, 0xB4E6, 0xACA5, 0xA464, 0xA464, 0xACA5, 0xAC85, 0xA444, 0xA444, 0xACA5, 0xA465,
    0xA444, 0xA465, 0xA464, 0x9C23, 0x93C3, 0x9C23, 0x9C23, 0x9C03, 0xA423, 0x8BA2, 0x9C23, 0x93C2,
    0xA444, 0xA464, 0xA443, 0xA443, 0x93C2, 0x9C22, 0xA443, 0xA444, 0xACA5, 0xAC85, 0x9C24, 0x9C03,
    0xA464, 0xA463, 0xA464, 0xACA5, 0xACA4, 0xACA5, 0xACC5, 0xA464, 0xA464, 0xACA5, 0xA464, 0xB4E6,
    0xA464, 0xB4E6, 0xACC5, 0xA463, 0x9C43, 0xB4E5, 0xACA5, 0xB506, 0xACC5, 0xACC5, 0xB4E6, 0xACA5,
    0xA464, 0xAC84, 0xA464, 0xACC5, 0xB4E6, 0xACC6, 0xB4E6, 0xACC5, 0xACA4, 0xB4E5, 0xACA5, 0xB4E6,
    0xB4E5, 0xB4E5, 0xA484, 0xB4E6, 0xACC5, 0xBD47, 0xACA4, 0xACA5, 0xACC5, 0xB4E5, 0xB4E6, 0xACC5,
    0xACA4, 0x9C43, 0xB506, 0xB4E6, 0xACC5, 0xA464, 0xB4C6, 0xACA5, 0xAC84, 0xA484, 0xACA5, 0xB4E6,
    0xB4E6, 0xACA5, 0xACA4, 0xACC5, 0xA483, 0xB4E6, 0xACC5, 0xB4E6, 0xACC5, 0xACC5, 0xA463, 0xA484,
    0xACA5, 0xAC84, 0xACA5, 0xACA5, 0x93E2, 0xA483, 0xAC83, 0x9C23, 0xACA5, 0xACC5, 0xA464, 0xACC5,
    0xA423, 0x9C23, 0xACA5, 0xA464, 0xAC84, 0xACA5, 0xA465, 0xA464, 0x9C23, 0xACA5, 0xACA5, 0xAC85,
    0xA485, 0xA443, 0xA464, 0xA443, 0xA464, 0xA464, 0xA484, 0xAC85, 0xA444, 0xA464, 0x9C23, 0x9C03,
    0x93C2, 0x9C02, 0x9C23, 0x9C43, 0x9C03, 0x8341, 0xA444, 0x9C03, 0x9C23, 0xA464, 0xA464, 0xA444,
    0x93E2, 0x9C23, 0x9C02, 0xA444, 0xACA5, 0xA485, 0xACA5, 0x9C23, 0xA464, 0x9C43, 0xA464, 0xA484,
    0xB4C5, 0xAC84, 0xACA5, 0x9C03, 0xACA5, 0xACC6, 0xA464, 0xB4E6, 0xB4C5, 0xB4C5, 0xA485, 0xA484,
    0xA464, 0xB4E5, 0xA485, 0xACC5, 0xACC5, 0xB4C5, 0xACC5, 0xACA5, 0xA464, 0xA463, 0xACC5, 0xB4E6,
    0xA484, 0xA484, 0xACC5, 0xB4E5, 0xACA4, 0xA464, 0xACA5, 0xACA5, 0xBD07, 0xB4E6, 0xACC5, 0xA484,
    0xACA4, 0xB4E6, 0xB4E6, 0xB4E6, 0xACC5, 0xB4E6, 0xB506, 0xA484, 0xA483, 0xACA4, 0xBD07, 0xACE5,
    0xA464, 0xA463, 0xB4E6, 0xA484, 0xB4C5, 0xACA4, 0xACC5, 0xA464, 0xB4E6, 0xACA5, 0xACC5, 0xB4E5,
    0xA463, 0x9C43, 0xACA5, 0xB4E6, 0xACC5, 0xACA5, 0xACC5, 0xA484, 0x9C44, 0xACC6, 0xACA5, 0xB4E6,
    0x9C23, 0xACA4, 0xA463, 0xA484, 0xA464, 0xA443, 0xACA4, 0xACA5, 0x9C22, 0x9C03, 0xA464, 0xA463,
    0xACA5, 0xACA5, 0x8BA2, 0xA444, 0xA464, 0xACC5, 0xACA5, 0xACA5, 0xA484, 0xA485, 0x9C02, 0x9C02,
    0x93E2, 0xA444, 0xA464, 0xA464, 0xA444, 0xA484, 0xA465, 0x9C03, 0x8BC2, 0x93E2, 0x9403, 0x8B81,
    0x9403, 0x9C03, 0x93C2, 0x8BA2, 0xA464, 0x9C03, 0x9C23, 0xA485, 0x9C03, 0x9C23, 0x93C1, 0xA464,
    0xACA5, 0xACA6, 0xA444, 0x9C44, 0xA484, 0xA464, 0xA484, 0xACE6, 0xACA5, 0xA464, 0xACC5, 0xACA5,
    0xA484, 0x9C44, 0xACC6, 0xACC5, 0xB4C5, 0xA443, 0xACA5, 0xACA5, 0xA463, 0xACA5, 0xACA6, 0xA484,
    0xACC5, 0xB4E6, 0xAC84, 0xB4E5, 0xACA5, 0xAC84, 0xB4C6, 0xACA5, 0xA485, 0xACC6, 0xACA4, 0xACC5,
    0x9C43, 0xA484, 0xA464, 0xACA5, 0xB4E6, 0xB4E5, 0xB4E6, 0xA463, 0xA463, 0xAC84, 0xACC5, 0xB506,
    0xB4E6, 0xACC5, 0xB506, 0xA464, 0xA484, 0x9C23, 0xACA4, 0xACC5, 0xB4E6, 0xACC5, 0xA484, 0xA484,
    0xACA4, 0xB4E6, 0xB4E6, 0xACC6, 0xB507, 0xACA4, 0xA483, 0xACA4, 0x9C22, 0xA484, 0xB4C5, 0xB4E6,
    0xACC5, 0xACA5, 0xACC5, 0xA464, 0x9C43, 0xACC6, 0xACA5, 0xA463, 0x9C23, 0xAC84, 0xACA4, 0xA484,
    0xACA5, 0xA484, 0xA464, 0x93E2, 0x9C23, 0x9C23, 0x9C03, 0xAC84, 0xA464, 0x9C23, 0x93E2, 0xA443,
    0xA463, 0xACA4, 0xACA5, 0xA464, 0xA444, 0xB4C6, 0x93E3, 0xA464, 0x9C23, 0x8BC2, 0xAC84, 0x9C44,
    0x9C23, 0xA485, 0xA464, 0x93C2, 0x93C2, 0x9C23, 0xA463, 0x9C44, 0x9C24, 0x8BC2, 0x9C23, 0x9C23,
    0xA485, 0x9C23, 0xA444, 0xA443, 0x9C03, 0x9C23, 0x9C23, 0xA443, 0xA464, 0xA464, 0xAC85, 0xA464,
    0xA443, 0x9C02, 0xACA5, 0xB4E6, 0xACA5, 0xACA5, 0xACC5, 0xACC5, 0xA463, 0x9C23, 0xAC84, 0xACA5,
    0xACA4, 0xACA5, 0xACA5, 0xACA4, 0xACA5, 0xACC6, 0xACA5, 0xACA5, 0xAC84, 0xACC5, 0xACC5, 0xACC5,
    0xACC6, 0xAC84, 0xA464, 0xB4E6, 0xACE6, 0xACC5, 0xACE5, 0xACE6, 0xA463, 0xB4E5, 0xA463, 0xB506,
    0xB4E6, 0xB4E5, 0xA463, 0xACA4, 0xACC5, 0xACC6, 0xACA5, 0xB4C5, 0xACC5, 0xACC5, 0xB526, 0xA463,
    0xACA4, 0x9C43, 0xB4E6, 0xB4E5, 0xB4E5, 0xACA4, 0xA484, 0xBD06, 0xACC5, 0xACA4, 0xB4E6, 0xB4E6,
    0xB4E5, 0xACA4, 0xA484, 0xAC84, 0xACA4, 0xB4E6, 0xACC5, 0xACC5, 0xB4E6, 0xB4E6, 0xA464, 0xB4C6,
    0xA463, 0xACC5, 0xACA5, 0xACC5, 0x9C23, 0xA463, 0xAC83, 0xA464, 0xA464, 0xA444, 0xA464, 0x9C23,
    0xAC84, 0xA464, 0xA484, 0xA464, 0xA464, 0xA464, 0xA464, 0xA464, 0x8B81, 0xACC5, 0xACA4, 0xA464,
    0xACA4, 0xAC85, 0x9C23, 0xAC85, 0x9C23, 0xACA5, 0xAC85, 0xA465, 0x9C24, 0xA485, 0xA484, 0x9C23,
    0x93E2, 0x93E2, 0x93C2, 0x9C03, 0xA444, 0x8BC2, 0x9C44, 0x9C24, 0x93E2, 0xA444, 0x8BA2, 0xA464,
    0x9C03, 0x9C02, 0xA464, 0xA485, 0xA464, 0x9C23, 0xAC85, 0x9C43, 0x9C02, 0x9C22, 0xA464, 0xACC5,
    0xAC84, 0xACC5, 0xB4E6, 0x9402, 0x9C44, 0xAC85, 0x9C43, 0xACC5, 0xACA5, 0xACC6, 0xACA5, 0xACA4,
    0x9C43, 0xACA4, 0xACA5, 0xACA5, 0xB4E6, 0xB4E6, 0xB4E6, 0xB4E6, 0xACC5, 0xACA5, 0x9C43, 0xACA5,
    0xACC5, 0xACC5, 0xACC6, 0xA4A5, 0xA483, 0xAC84, 0xACA5, 0xA484, 0xB4E6, 0xACC4, 0xA484, 0xB506,
    0xACA4, 0xA443, 0xACE6, 0xACC5, 0xB4E6, 0xB506, 0xB4E5, 0xA463, 0xACA4, 0xA463, 0xB4E5, 0xACA4,
    0xB4E5, 0xACC5, 0xA463, 0xB4E6, 0xACC5, 0xB4C5, 0xACC5, 0xB4E6, 0xACC5, 0xA484, 0xA464, 0xA464,
    0xA484, 0xB4E6, 0xB506, 0xB4E6, 0xACC5, 0xB4E6, 0xACA4, 0xA484, 0xB4E5, 0xB4C6, 0xAC84, 0xA484,
    0xACA5, 0xA463, 0xACA4, 0xA464, 0xACA6, 0xACC5, 0x9C03, 0xA464, 0xA464, 0x93C2, 0xA485, 0xAC84,
    0xA485, 0xACA5, 0x9C23, 0x93E3, 0x9C43, 0xAC84, 0x93E3, 0xA464, 0xA444, 0xAC84, 0xACA5, 0x9C43,
    0x9C24, 0x9C44, 0xA444, 0xA444, 0x9C23, 0x93E2, 0xA464, 0x8B81, 0x8BC2, 0x9C23, 0xA464, 0xA444,
    0x9C24, 0x8BA2, 0xA464, 0x8B82, 0x8BC3, 0xA464, 0x9C24, 0xA464, 0xA444, 0x93C2, 0xA443, 0xA484,
    0xAC85, 0x9C23, 0xACA5, 0xA444, 0xA464, 0xA443, 0xA484, 0xACA4, 0xACA5, 0xAC85, 0xACA5, 0xA464,
    0xACC5, 0xAC84, 0xA463, 0xB4C6, 0xACA5, 0xACC6, 0xAC85, 0xA464, 0xA443, 0xB4C5, 0xACA5, 0xB4E6,
    0xB4C5, 0xACA5, 0xB507, 0xAC84, 0xACA5, 0xACA4, 0x9C23, 0xACA5, 0xACA5, 0xAC84, 0xB4E6, 0xACC6,
    0xA463, 0xACA4, 0xAC84, 0xB4E6, 0xB4E6, 0xACA4, 0xA464, 0xACC5, 0xAC84, 0xACC6, 0x9C43, 0xB4E6,
    0xB507, 0xB4E6, 0xACC5, 0xA484, 0xA464, 0xA463, 0xB4E6, 0xACA5, 0xACC5, 0xA483, 0xB4E5, 0xA484,
    0xACC6, 0xACA4, 0xB506, 0xB4C6, 0xB4E6, 0x9C43, 0xA463, 0xAC84, 0xA463, 0xACC5, 0xB4E6, 0xB4E6,
    0xACA5, 0xB4E6, 0xA463, 0xACA5, 0xB4E6, 0xACA4, 0xACC5, 0xACA5, 0xA463, 0x9C43, 0xA442, 0x93E2,
    0xACA4, 0xACA5, 0xAC85, 0xAC85, 0x93C2, 0xA443, 0xA484, 0x9C23, 0xACA5, 0xA485, 0x9C23, 0x9C23,
    0xA443, 0xACA5, 0xACA5, 0x9C24, 0xA464, 0xA464, 0x9C23, 0x9C43, 0x93C2, 0xA464, 0xA464, 0xACA5,
    0xA485, 0x9C24, 0x9C24, 0x9C03, 0x9C03, 0x9C43, 0x9C23, 0x9C43, 0xA465, 0x9C03, 0x8BA2, 0x8B82,
    0x9C23, 0x93E3, 0xA464, 0x9402, 0xA444, 0x9C03, 0x93E2, 0x8BA2, 0xA484, 0xACA6, 0xACC5, 0x9C23,
    0xA464, 0x9C23, 0xAC84, 0xAC84, 0x9C03, 0xAC85, 0xA443, 0xACA5, 0x9C23, 0x9C23, 0xA443, 0xAC84,
    0xACA4, 0xA484, 0xACC5, 0xA464, 0xA484, 0xACA5, 0xA464, 0xACA5, 0xACC5, 0xACC5, 0xACC5, 0xAC84,
    0xA464, 0xA464, 0xA484, 0xACC5, 0x9C23, 0xACA5, 0xB4E5, 0xACE5, 0xAC84, 0xA463, 0xACC5, 0xACA5,
    0xB4E6, 0xB4E5, 0xACC5, 0xA484, 0xAC84, 0xACA5, 0xACC5, 0xACE5, 0xA484, 0xACE6, 0xB506, 0xA463,
    0xA463, 0xA463, 0xB4E5, 0xB4E6, 0xB4E6, 0xAC84, 0xACA4, 0xAC84, 0xB4C5, 0xACC5, 0xB4E6, 0xACA5,
    0xB4E5, 0xACA4, 0xA464, 0xACA4, 0xA464, 0xB4E6, 0xB4E6, 0xACC5, 0xB506, 0xACC6, 0xACA5, 0xACC5,
    0x9C23, 0xACC6, 0xACC5, 0xA484, 0x9402, 0xA484, 0xAC84, 0xA463, 0xACA5, 0xA464, 0xA444, 0x9C23,
    0x9C23, 0x9C22, 0x9C23, 0xA464, 0xA484, 0xA464, 0xA444, 0xA464, 0xA464, 0xA464, 0xA464, 0xACA5,
    0xA444, 0xA464, 0x9C03, 0xA423, 0xA444, 0xA463, 0xA444, 0xA464, 0xA464, 0x9C03, 0xAC85, 0x9C23,
    0x8BA2, 0x9C03, 0x9C23, 0xA444, 0xA444, 0x9C24, 0x93E2, 0x8BA1, 0x9C23, 0x9C03, 0x9C24, 0xA464,
    0x9C03, 0x9C43, 0x93E2, 0xA444, 0xA464, 0xACA5, 0xA484, 0x9C43, 0x9C43, 0x9C43, 0xA464, 0xA464,
    0xACA5, 0xAC84, 0xA464, 0xA464, 0xA463, 0xA444, 0xACA5, 0xB4C5, 0xA464, 0xAC84, 0xAC85, 0xAC84,
    0x9C23, 0xACA5, 0xACC5, 0xB4E5, 0x9402, 0xACC5, 0xACA5, 0xACC5, 0x9C44, 0xA464, 0xA444, 0xACA5,
    0xA464, 0xACC5, 0xACA4, 0xACA5, 0xA443, 0xAC84, 0xA484, 0xB4E6, 0xB4C5, 0xB506, 0xA484, 0xA484,
    0x93E2, 0xB506, 0xB4E6, 0xACC5, 0xB4E6, 0xACC5, 0xB4E5, 0xACA4, 0xA463, 0x9C43, 0xB4E6, 0xACC5,
    0xB4E6, 0xACA5, 0xA484, 0xA463, 0xACA5, 0xACA5, 0xACA5, 0xB4C5, 0xB4E6, 0x9C43, 0xA484, 0xA463,
    0xA463, 0xB4E6, 0xACA4, 0xACC5, 0xACA5, 0xA443, 0xACC6, 0xACC5, 0xA464, 0xAC84, 0xACA5, 0xACA5,
    0x9402, 0xA484, 0xACA3, 0xA443, 0xA464, 0xACA5, 0xA464, 0x9C43, 0xA464, 0x9C44, 0x9C23, 0xA485,
    0x9C43, 0xAC84, 0x9C23, 0xA464, 0x9C22, 0xACA5, 0xACA5, 0xACA5, 0xAC85, 0x9C23, 0x9C03, 0xA465,
    0xAC85, 0x9402, 0xA465, 0xA444, 0xA464, 0x9C24, 0xA464, 0x93E2, 0x8B82, 0x8BC2, 0x9C23, 0x8BA2,
    0x9C44, 0x93C2, 0x9C03, 0x9C44, 0xA444, 0xA464, 0xA464, 0xA444, 0x9C03, 0x93E2, 0x93E2, 0xA464,
    0xACA5, 0x9C03, 0xA444, 0xA443, 0xACA5, 0x9C43, 0xAC84, 0xA484, 0xACA5, 0xA484, 0xACA5, 0xA463,
    0x9C23, 0x9C43, 0x9C22, 0xACC5, 0xACA5, 0xA484, 0xAC84, 0x9C44, 0xA484, 0xA484, 0xACA5, 0xACA5,
    0xA4A5, 0xACC5, 0xB506, 0xA464, 0xAC84, 0xACA5, 0x9C23, 0xACA5, 0xACA5, 0xACA5, 0xACC5, 0xACE6,
    0x9C22, 0xACA4, 0xA484, 0xACC5, 0xAC84, 0xB4E5, 0x9C23, 0xACA4, 0xACC5, 0xA484, 0xB507, 0xACC5,
    0xACC6, 0xACC5, 0xACE5, 0xA463, 0xA484, 0x9C43, 0xAC84, 0xACA4, 0xACA5, 0xA463, 0xACA4, 0xACA5,
    0xA463, 0xACC5, 0xB4E6, 0xB4E5, 0xB4E6, 0xACA5, 0xA483, 0x9C43, 0x9C22, 0xA484, 0xACC5, 0xACC5,
    0xB4E6, 0xACC6, 0x9C43, 0xACA5, 0xA464, 0xAC84, 0xACC5, 0xA484, 0x9C43, 0xACA4, 0xA483, 0xA443,
    0xACA4, 0xA464, 0x9C03, 0x9C23, 0xAC85, 0xA485, 0xA464, 0xACA5, 0x9C44, 0xA464, 0x9C23, 0xAC84,
    0xA443, 0xAC84, 0xACA5, 0xACC6, 0xAC85, 0xACA6, 0xAC85, 0x93C2, 0x9C03, 0xA464, 0xA464, 0xA444,
    0x9C23, 0x9C24, 0xA464, 0x9C03, 0x93E3, 0x9C23, 0x8BC3, 0x9C44, 0x9C23, 0x8BC2, 0x8361, 0x9403,
    0x9C24, 0xA465, 0x9C03, 0x9C23, 0x9403, 0x9C23, 0x9C23, 0x9C23, 0xA484, 0xA444, 0xA484, 0xA444,
    0xA484, 0x9C23, 0xACA5, 0xA485, 0xAC84, 0xACA5, 0xACA5, 0x9C23, 0xACA5, 0xACA5, 0x9C43, 0xA484,
    0xACC5, 0xAC84, 0xA485, 0xAC84, 0x9C23, 0xB4C5, 0xAC85, 0xACC5, 0xA444, 0xA465, 0xACE6, 0xA484,
    0xA465, 0xA484, 0xA464, 0xA464, 0xA484, 0xACC5, 0xACA5, 0xA484, 0xA463, 0xA463, 0xA464, 0xB4E6,
    0xACA4, 0xACC6, 0xA464, 0xA485, 0xAC85, 0xACA5, 0xACC6, 0xACA5, 0xB4C5, 0xACC5, 0xACC5, 0x9C43,
    0x9C43, 0xA463, 0xACC5, 0xACA5, 0xACC5, 0xA484, 0xACC6, 0xA464, 0xACC5, 0xACA5, 0xACA5, 0xACA4,
    0xB4E6, 0xACA5, 0xA484, 0xAC84, 0x9C23, 0xACA5, 0xACC5, 0xACA5, 0xACA4, 0xA484, 0xAC84, 0xA485,
    0xACA5, 0xACC5, 0xACA4, 0xAC84, 0xA464, 0xA484, 0xA464, 0xA464, 0xACA5, 0xA485, 0x9C23, 0x9C24,
    0x9403, 0x9C23, 0x9C45, 0x9C23, 0x9C23, 0xACA5, 0x9C23, 0x9C23, 0x93E2, 0xACA5, 0xA465, 0xAC85,
    0xAC85, 0xA464, 0xA465, 0x9C03, 0x93C2, 0x9C43, 0x9C23, 0xA465, 0xA444, 0x9C03, 0xA465, 0x93A2,
    0x93C2, 0x9403, 0x93E3, 0x93E3, 0x93C2, 0x8B62, 0xA464, 0x8362, 0x8362, 0x8BA2, 0x9C03, 0x9C23,
    0x9403, 0x9C03, 0x9C23, 0x93C2, 0x9C43, 0xA484, 0xACA5, 0x9C23, 0x9C23, 0x9C02, 0xA484, 0xA464,
    0xAC85, 0xACA5, 0xACC5, 0x9C23, 0xA485, 0xACC6, 0xA464, 0xAC85, 0xACC6, 0xB4E6, 0xA464, 0xA464,
    0xA464, 0xACC6, 0xACC6, 0xACC5, 0xB4C6, 0xA484, 0xAC84, 0x9403, 0x9C03, 0x9C22, 0xAC85, 0xACA5,
    0xACA5, 0xAC85, 0xACA5, 0xACA5, 0xA484, 0xACA4, 0xAC85, 0xACA5, 0xB4C5, 0xACC6, 0xB4E6, 0x9C23,
    0x9C23, 0xACC6, 0xACC5, 0xACA5, 0xACC5, 0xACC5, 0xB4E6, 0x9C22, 0xA484, 0xA484, 0xB4E6, 0xACA5,
    0xB4E5, 0xA443, 0xB4E6, 0x9C43, 0xA464, 0xAC85, 0xAC84, 0xB4C5, 0xA443, 0xA443, 0xACA4, 0xACC5,
    0x9C22, 0xACA4, 0xACA5, 0xACC5, 0xACC5, 0xB506, 0xACA5, 0x9BE3, 0x9C02, 0xACA5, 0xACC5, 0xACA5,
    0x9C23, 0xA483, 0xA443, 0x9C23, 0xACA5, 0x9C24, 0xAC85, 0x93C2, 0x9C03, 0x9BE2, 0xA464, 0xACA5,
    0xAC85, 0xA464, 0x9403, 0x9C43, 0x93E2, 0xA464, 0xACA6, 0xACC6, 0xAC84, 0xA485, 0x93C2, 0x9C23,
    0x9C24, 0x93C2, 0x9C24, 0xA444, 0xA485, 0xA464, 0x9C23, 0x8B81, 0x93C2, 0x8BC2, 0x9C24, 0x9C24,
    0x9C03, 0x9BE3, 0x8BA2, 0x8BA2, 0x93C3, 0x9403, 0x9403, 0x9C03, 0x9C03, 0x9C23, 0x93E2, 0xA464,
    0xACA5, 0xAC85, 0xA464, 0x93E2, 0x93E2, 0x9C02, 0xACA4, 0xA484, 0xACA5, 0xB4E6, 0xAC84, 0xACA5,
    0x9C43, 0x9C03, 0xACC5, 0xA464, 0xACE6, 0xACA5, 0xA484, 0xA464, 0xA443, 0xAC84, 0xA484, 0xACA5,
    0xACA5, 0xACC5, 0xA484, 0xA484, 0x93E2, 0x93C2, 0xACA5, 0xA464, 0xACA5, 0xACC6, 0xACC5, 0xA484,
    0x9C43, 0xA484, 0xA484, 0xACC6, 0xAC85, 0xACC5, 0xACA5, 0xA464, 0x9C23, 0xACA5, 0xB506, 0xB506,
    0xAC85, 0xACA5, 0xB506, 0xA463, 0xA463, 0xA463, 0xACA5, 0xACA5, 0xACC5, 0xACC5, 0xA443, 0xA443,
    0xACA5, 0xAC84, 0xACC5, 0xACA5, 0xACA4, 0xA483, 0xA484, 0xA463, 0xA443, 0xACC5, 0xACC6, 0xACC6,
    0xACA5, 0xACA5, 0xACC5, 0xACA5, 0xA464, 0xA464, 0xACC5, 0xACA5, 0x9C22, 0x9C23, 0x93E2, 0x9C23,
    0xAC85, 0xAC85, 0x93C2, 0x8BA2, 0xA464, 0x9C24, 0x9C23, 0x93E2, 0xAC85, 0x9C03, 0x9C24, 0xA464,
    0x8BA1, 0xA484, 0xA485, 0xA465, 0xAC85, 0xACA6, 0x9C03, 0xA444, 0x9C44, 0x9C02, 0x93E3, 0xA464,
    0xA444, 0xA465, 0xA444, 0x93E2, 0x8B81, 0x93E2, 0x9403, 0xA464, 0x9C23, 0x8361, 0x9C23, 0x9C23,
    0x93C1, 0xA464, 0x8BC2, 0x9C03, 0x9C03, 0x9C23, 0x93E2, 0x9C23, 0x9C23, 0xACC6, 0xAC85, 0x9C23,
    0xA443, 0x93E2, 0xA485, 0xACA5, 0xAC85, 0xA464, 0xAC84, 0x9402, 0x9C44, 0x9C23, 0x9C43, 0xA464,
    0xA464, 0xACC6, 0xA444, 0x9C23, 0x9C43, 0xA484, 0x9C43, 0xACA6, 0xA485, 0xA463, 0xACA5, 0xA464,
    0x9C03, 0x9C22, 0x93C2, 0xACC5, 0xACA5, 0xB4E6, 0xA484, 0xA4A4, 0x9C02, 0xA464, 0xA485, 0xAC84,
    0xACC5, 0xAC84, 0x9C23, 0x9C23, 0xACC5, 0xA444, 0xACC6, 0xACC5, 0xB4E6, 0xACC5, 0xACA5, 0xA484,
    0xA443, 0x9C43, 0xA464, 0xACA4, 0xACA5, 0xA444, 0xAC85, 0xACC5, 0xAC85, 0xACA5, 0xA484, 0xACC6,
    0xACC5, 0xA484, 0xAC84, 0xA484, 0x9C22, 0xACA5, 0xACC5, 0xACC6, 0xACA5, 0xAC85, 0xA464, 0xACA5,
    0xA443, 0xACA5, 0xACA5, 0xB4C6, 0xA464, 0xA463, 0xA464, 0x9C44, 0xA464, 0x9C23, 0xACA5, 0x9C23,
    0xA444, 0xAC85, 0x93E2, 0xA444, 0xA444, 0xA464, 0x9C24, 0xA484, 0x9C44, 0xAC85, 0xA465, 0xAC85,
    0x9C24, 0xA444, 0x9C03, 0xA485, 0x93E2, 0xA485, 0x9C24, 0x93C2, 0x9C24, 0x9403, 0xA464, 0x9C03,
    0x8BA2, 0x8BA2, 0x9C23, 0xA444, 0x9C03, 0x8BA2, 0x9C03, 0x93C2, 0x93E2, 0xA444, 0x93C2, 0x9C03,
    0x8BA2, 0x93E2, 0x9C22, 0x9C23, 0x9C23, 0x9C43, 0xA444, 0x9C23, 0x9C23, 0x9402, 0xA484, 0xACC6,
    0xA464, 0xAC85, 0xA464, 0x9C03, 0xA444, 0xACA5, 0x9403, 0xACA5, 0xA484, 0xA464, 0xA464, 0xA464,
    0x9C43, 0x9C23, 0xA485, 0xAC85, 0xAC84, 0xA464, 0xACA5, 0x9C02, 0xA464, 0xA464, 0x93E3, 0xACA5,
    0x9C02, 0xACA5, 0xACC5, 0xA4A5, 0x9C43, 0xA463, 0xA464, 0xA485, 0xACA6, 0xB4C5, 0x9C23, 0xACA5,
    0xACA5, 0x9C23, 0xACA5, 0xACC6, 0xACA5, 0xAC84, 0xACC5, 0xA443, 0xA463, 0x9C23, 0xACA5, 0xAC84,
    0xACA5, 0xA484, 0xA484, 0xAC84, 0xACC5, 0xAC84, 0xACC5, 0xACC6, 0xACA5, 0x9C23, 0xAC83, 0xA484,
    0x9C23, 0xACA5, 0xACC5, 0xACA5, 0xAC85, 0xA484, 0xA464, 0xA484, 0xACC5, 0xA484, 0xAC85, 0xACC6,
    0x9C03, 0x9C23, 0x93E2, 0x9C23, 0xACA5, 0xA464, 0xA465, 0x9C03, 0x93E2, 0x9C23, 0x9C23, 0x8BC2,
    0x93E3, 0xA444, 0x9C03, 0x9C23, 0x9403, 0x9C23, 0xA484, 0xA485, 0x9C03, 0xA444, 0xA445, 0x93E2,
    0x9C03, 0x9C44, 0xA444, 0xA444, 0xA444, 0x9403, 0xA464, 0x93E3, 0x8BA2, 0x93E2, 0x93E3, 0x9C23,
    0x9C03, 0x8BA2, 0x93E3, 0x8BC2, 0x93C2, 0x93E2, 0x93E3, 0x93E3, 0x8BC2, 0x93E3, 0x8B81, 0xA444,
    0xA484, 0xA464, 0x9C43, 0xA464, 0xA464, 0x9C44, 0x9C43, 0x9C23, 0xAC84, 0xA443, 0xA463, 0x9C23,
    0xA485, 0xA464, 0x9C44, 0xACC6, 0xACC5, 0xA484, 0x9C44, 0xA463, 0x9C24, 0xA485, 0xA465, 0xA484,
    0xA485, 0xA463, 0xACA5, 0xA464, 0x9C23, 0x9C24, 0x93E2, 0xACA5, 0xACC5, 0xA464, 0xACC5, 0xACA5,
    0x9C23, 0xA464, 0x93E3, 0xAC85, 0xACC5, 0xACA5, 0xA464, 0xAC85, 0x9C23, 0x9C43, 0xA464, 0xACA5,
    0xACA5, 0xA484, 0xA484, 0xA463, 0x9C43, 0x9402, 0xACA5, 0xAC84, 0xACC5, 0xA484, 0xACC5, 0x9C43,
    0xA484, 0xACA4, 0xACA5, 0xA485, 0xAC85, 0xB4E6, 0xA464, 0x9C43, 0x9C43, 0xACC5, 0xAC85, 0xACA5,
    0xACA5, 0xA484, 0xA484, 0x9C03, 0xA464, 0xACA6, 0xACA5, 0xACA5, 0x9C23, 0x9C23, 0xA443, 0x9C23,
    0xA485, 0xA444, 0x9C03, 0xA464, 0x9C23, 0x8B81, 0x9C03, 0x9C44, 0x9C24, 0x9C24, 0x8381, 0x9C43,
    0x9403, 0xA485, 0x9C43, 0x9C23, 0xA464, 0xA464, 0x93C2, 0x93E2, 0x9C03, 0x93E3, 0x9C03, 0xA444,
    0xA444, 0x9C24, 0x9C23, 0x93E3, 0x8BA2, 0x8BC3, 0x9C23, 0x9C03, 0x9C03, 0x9C03, 0x8B81, 0x93C2,
    0x8341, 0x8B81, 0x8362, 0x93E3, 0x93C2, 0x93C2, 0x93C2, 0xA444, 0x8BC2, 0x9C04, 0xA444, 0xA464,
    0x9C44, 0x9C23, 0xA464, 0xA464, 0xA463, 0xAC84, 0xAC84, 0xA484, 0x93C2, 0x9C03, 0xA464, 0xAC85,
    0x93E2, 0xACA5, 0xA444, 0xAC84, 0xA464, 0x9C24, 0xA484, 0xAC85, 0xACA5, 0xAC85, 0xA484, 0x9C23,
    0x9402, 0x9C23, 0xA484, 0xACA5, 0xA464, 0xACA5, 0xA485, 0xA484, 0xA443, 0xACA4, 0xACA4, 0xACC5,
    0xACA5, 0xAC85, 0xA443, 0x9C43, 0x9C44, 0x9C43, 0xAC85, 0xAC84, 0xA464, 0xACA5, 0xACC6, 0xA484,
    0xAC84, 0x9C23, 0xA484, 0xACA5, 0xACC5, 0xACA4, 0xA464, 0x9C23, 0xA443, 0xAC84, 0xACA5, 0xAC84,
    0xACC5, 0xA463, 0xA443, 0x9C22, 0x93E2, 0xACC5, 0xA443, 0xA463, 0xACA5, 0xACA5, 0xA484, 0x93C2,
    0xA443, 0xACA5, 0xACA4, 0xACA5, 0xA444, 0x9C23, 0xA463, 0x9C02, 0xA464, 0xAC85, 0xA464, 0x93E3,
    0x93C2, 0x9C03, 0x93C2, 0xA464, 0x9C24, 0xA464, 0x9C23, 0x93E3, 0x8BA2, 0xA464, 0xA464, 0x9C44,
    0xA465, 0x8BC2, 0x9403, 0x9C43, 0x9C44, 0x8BA2, 0x9C23, 0x9C44, 0x9C23, 0x93E3, 0xA464, 0x93C2,
    0x7B21, 0x8BA2, 0x9C03, 0xA464, 0x9C03, 0x9BE3, 0x7B21, 0x9C04, 0x93C3, 0x93C3, 0x9C24, 0x93E3,
    0x93E3, 0x93E2, 0x93C2, 0x9C03, 0xA443, 0xA444, 0x9C44, 0x9C23, 0x8BC2, 0x93C2, 0xACA5, 0xA464,
    0xA464, 0xA464, 0xAC84, 0xA464, 0x9C02, 0x93E2, 0xA464, 0x9C23, 0x9C23, 0xA464, 0xA484, 0xA464,
    0x9C23, 0x9C23, 0xAC85, 0xA464, 0xA464, 0x9C44, 0xAC84, 0xA463, 0xA463, 0x93E2, 0x9C23, 0xAC84,
    0xACC5, 0xA484, 0xACA5, 0xACC5, 0xA464, 0xA484, 0xA484, 0xACA5, 0xACA5, 0xAC84, 0x9C03, 0x9C43,
    0xA464, 0xA465, 0xA485, 0xACA5, 0xACA5, 0xA484, 0xACA5, 0x9C43, 0xA464, 0x9C23, 0xACC5, 0xB4E6,
    0xA444, 0x9C22, 0xA485, 0xACC6, 0xACA5, 0xA443, 0xA464, 0xACC5, 0xACC5, 0x9402, 0xA464, 0xA443,
    0x9C23, 0xACA5, 0xACA5, 0xACA4, 0xA484, 0xAC84, 0xA485, 0xA464, 0xA464, 0xACA5, 0xAC84, 0xA464,
    0x9C23, 0x9C43, 0x9C22, 0xA464, 0xAC85, 0xA443, 0xA464, 0x9C03, 0xA444, 0xA465, 0x9C03, 0xA444,
    0xA464, 0x9C23, 0x9403, 0x9C03, 0x9C23, 0x9C44, 0xA485, 0x8B82, 0xAC85, 0x9C23, 0x9C23, 0xAC84,
    0x9C44, 0x9C23, 0xA444, 0xA444, 0x9C23, 0x9C03, 0x9C44, 0x8BC2, 0x8BA2, 0x9C43, 0x93E3, 0x8BA2,
    0x93C2, 0x93C2, 0x8362, 0x93E3, 0x8B82, 0x8342, 0x9C03, 0x93C3, 0x8BA2, 0x93C2, 0x93C2, 0xA464,
    0xA464, 0x9C03, 0x9C44, 0x93A2, 0x9C43, 0x93E2, 0x9C23, 0xA444, 0xA444, 0xA484, 0xA444, 0x9402,
    0x93C2, 0x93E2, 0x8BC1, 0xA484, 0xAC85, 0xA484, 0xA485, 0x9C23, 0x9C23, 0xA485, 0xACC6, 0xA464,
    0xA485, 0xACC5, 0xA464, 0xA484, 0xA464, 0xA464, 0x9C44, 0xA464, 0xA444, 0xAC85, 0xA484, 0xACC6,
    0xA464, 0xA484, 0xA464, 0xACA5, 0xACA4, 0xACA5, 0xA444, 0xB4E6, 0xA464, 0x9C03, 0xA464, 0xACC5,
    0xA464, 0xACC5, 0xACC6, 0xA443, 0x9C23, 0x9C23, 0xACA5, 0xACA4, 0xACA5, 0xA463, 0xACA5, 0xACA5,
    0xACC5, 0xAC84, 0xACC5, 0xA464, 0xACC5, 0xA484, 0xA444, 0xA443, 0x93E3, 0xACA5, 0xA464, 0xAC85,
    0xACA5, 0xACC5, 0xA444, 0xA443, 0xA484, 0xA463, 0xA464, 0xA463, 0x9C23, 0xA443, 0x9C02, 0x9402,
    0xA485, 0xA444, 0xA464, 0xAC85, 0xA464, 0x93E3, 0xA444, 0x9C43, 0xAC85, 0x9C23, 0x93E2, 0x9C23,
    0x9C03, 0xA485, 0x9C43, 0x9C44, 0xA444, 0xA464, 0x9C23, 0xA444, 0x9C23, 0x93E3, 0x9C23, 0xA464,
    0xA464, 0xA465, 0xA465, 0x93C2, 0x8B82, 0x8BA2, 0x9C44, 0x8362, 0x93C2, 0x8362, 0x9C03, 0x8B62,
    0x93C3, 0x93E3, 0x93C3, 0x9C24, 0x8361, 0x9C03, 0x93C2, 0x9C23, 0x9C23, 0xA464, 0xAC85, 0x93C2,
    0x93E2, 0x8BA2, 0x9402, 0x9C23, 0xA443, 0xACA5, 0xA464, 0x8BC2, 0x9C23, 0xA464, 0x9C23, 0xA464,
    0xA485, 0xA464, 0x9C43, 0xA464, 0x93E2, 0xACA5, 0x9C43, 0xACC6, 0xAC85, 0xA464, 0xAC85, 0xA484,
    0x9C23, 0xA484, 0xA444, 0xACA5, 0xA464, 0xA443, 0xACA4, 0xA484, 0x9C43, 0xA464, 0xA463, 0xAC84,
    0xAC84, 0xB4E6, 0xA464, 0xB4E5, 0x9C23, 0xACA5, 0xA4A5, 0xACA5, 0xACA5, 0xB4E6, 0xA484, 0xA464,
    0xA464, 0x9403, 0xA484, 0xACA5, 0xACC5, 0xA463, 0xA484, 0x9C03, 0xA484, 0xA464, 0xACA4, 0xACA5,
    0xA464, 0xA484, 0xA464, 0xA443, 0x9C43, 0xACA5, 0xACA5, 0xACC5, 0xA484, 0xA464, 0x9C23, 0xA464,
    0x9C23, 0xA484, 0xAC85, 0xAC84, 0x9C03, 0x93C2, 0x9C43, 0x9C23, 0xAC84, 0xAC84, 0xA464, 0x9C44,
    0x8BA2, 0x93C2, 0x9C24, 0x9C23, 0xA465, 0xA444, 0x9403, 0xA444, 0x93E2, 0xA464, 0xACA5, 0xA444,
    0xA444, 0x9C24, 0x9C24, 0x93E2, 0x9C23, 0x9C03, 0xA444, 0x9C43, 0x9C03, 0xA444, 0x9C23, 0x93C2,
    0x93C2, 0x8BA2, 0x8BC3, 0x8B82, 0x9403, 0x8BA2, 0x9C43, 0x8362, 0x8B82, 0x93E3, 0x8BA2, 0x9C03,
    0x8B81, 0x9402, 0x93C2, 0x9C64, 0xA444, 0xA464, 0x9C23, 0x9C03, 0x93C2, 0x93E2, 0xA484, 0xA464,
    0x9C23, 0xA464, 0xB4C6, 0x93E2, 0xAC85, 0x9C44, 0xA464, 0xA485, 0xACA5, 0xAC85, 0xACA5, 0xA464,
    0x93E3, 0xA484, 0xACA5, 0xAC84, 0xA484, 0xACA5, 0x9C23, 0x9C23, 0x9C23, 0x8BA2, 0xA485, 0xA464,
    0xACA5, 0xACA5, 0x9C43, 0xACA5, 0x93E3, 0xAC84, 0x9C23, 0xACC5, 0xACA5, 0xACA5, 0xA464, 0xA463,
    0x9C43, 0xA465, 0xACA5, 0xACA5, 0xAC84, 0xACA5, 0xB506, 0x9C43, 0x93C2, 0xA464, 0xAC84, 0xACA5,
    0xACA5, 0x93E2, 0xACE5, 0x9C43, 0xA464, 0x9C03, 0xACA5, 0xACA5, 0xACA4, 0x9C23, 0x9C43, 0xACA5,
    0x9C03, 0xACA5, 0xAC85, 0xACA5, 0xA484, 0xA464, 0xB4E6, 0xA464, 0x93E2, 0xAC84, 0xACA5, 0xA444,
    0x8BC2, 0x9C23, 0x9C02, 0x9C23, 0xAC85, 0xA444, 0xA464, 0xA444, 0x93C2, 0x9403, 0x9C44, 0xA465,
    0x93E3, 0xA485, 0x9C04, 0x9C23, 0x9C23, 0xA464, 0xA465, 0xA465, 0xA465, 0x9C24, 0x8BC2, 0x8361,
    0x8B82, 0x9BE2, 0xA465, 0xA444, 0xA465, 0xA444, 0xAC86, 0x8BA1, 0x8BA2, 0x9C03, 0x93C3, 0x9C03,
    0x93E3, 0x7B21, 0x93E2, 0x8BC2, 0x9C04, 0xA465, 0x93C2, 0x9C23, 0x9C23, 0x8361, 0x8BC2, 0x93E3,
    0x9C03, 0xA444, 0xA464, 0x8BC2, 0x9C23, 0x9C23, 0xA464, 0x9C23, 0x93E2, 0xA464, 0xAC85, 0xA464,
    0x8BA2, 0x9C23, 0xAC85, 0xAC84, 0xA464, 0xACA5, 0xA464, 0x9C43, 0x9C43, 0x9C43, 0xACA5, 0xAC85,
    0x9C23, 0xACA5, 0xA484, 0xA485, 0x9402, 0xA464, 0xACA5, 0xA444, 0xAC85, 0xA484, 0x9C43, 0xACA5,
    0x9C23, 0xA463, 0x9C23, 0xAC84, 0xACA4, 0xACA5, 0xAC85, 0x9C02, 0x9C02, 0xA463, 0xA464, 0x9C43,
    0xAC84, 0xACA5, 0xACC5, 0xA464, 0x9C23, 0x9C03, 0xACA5, 0xACA5, 0xA484, 0xA484, 0xA464, 0x9C23,
    0xA485, 0xA443, 0xACC5, 0xA464, 0xACC5, 0x9C43, 0x9C02, 0xA464, 0x93E2, 0xACA5, 0xAC85, 0xAC85,
    0x9C43, 0x93E2, 0xA464, 0xACA5, 0x9C43, 0xACA5, 0xA464, 0xA464, 0x93C2, 0x9C02, 0x93E2, 0x9403,
    0x9C44, 0x93C2, 0x9C23, 0x9C23, 0x9C44, 0x9C24, 0x9C43, 0xA464, 0xA484, 0xA464, 0x8B82, 0x93E2,
    0x9403, 0xA464, 0xA444, 0xA465, 0xA464, 0xA444, 0x93E3, 0x9C23, 0x9C03, 0x8BA2, 0x9C23, 0xA444,
    0x9C24, 0x9C23, 0x9C23, 0x8BA2, 0x8381, 0x8BA2, 0x93E3, 0x93E3, 0x9403, 0x8B82, 0x9C23, 0x93E3,
    0x93C2, 0xA465, 0x9C24, 0x93C2, 0x8BA2, 0x8BA2, 0x93C2, 0x9C23, 0x9C43, 0x9C03, 0xA465, 0x9C03,
    0x9C23, 0x9C23, 0xA464, 0x9C43, 0xAC85, 0x9C44, 0xA464, 0x93C2, 0x9C23, 0x9C02, 0xA485, 0xA464,
    0xA464, 0xA484, 0xA465, 0xA464, 0x93E2, 0xACA4, 0xACA6, 0xA484, 0x9C03, 0x9C44, 0x93C2, 0xA465,
    0xA464, 0x9C23, 0x9403, 0x9C23, 0xACA5, 0xACC6, 0xA444, 0xA464, 0x9C02, 0x9C23, 0x9C23, 0xAC84,
    0xACA5, 0xACA5, 0x9402, 0x93C2, 0xA485, 0xA464, 0xACC5, 0xAC84, 0xA485, 0x9C43, 0xACE6, 0x9C23,
    0xA444, 0x9403, 0xACA5, 0xAC84, 0xAC84, 0xA464, 0xA484, 0xACA5, 0xA485, 0xA464, 0xACA5, 0xA444,
    0xAC84, 0xA464, 0x9C22, 0x9C22, 0x93C1, 0xAC84, 0x9C23, 0xA485, 0xA485, 0xA443, 0xA464, 0xAC85,
    0x9C03, 0x9C23, 0xA464, 0xA464, 0x9403, 0xA443, 0x93C2, 0x9C03, 0x9C23, 0xA464, 0x9402, 0x9C03,
    0x9C23, 0x9403, 0x9402, 0xA464, 0xA444, 0x9C24, 0x9C03, 0x9C23, 0x9403, 0xA464, 0xA465, 0x9BE3,
    0x93E3, 0xA464, 0x93E3, 0x9C23, 0x9C44, 0x9C03, 0x93E3, 0x93E3, 0x9C24, 0x93C2, 0xA443, 0x8BC2,
    0x8B82, 0x9C03, 0x9403, 0xA444, 0x93E3, 0x8BA2, 0x93C3, 0x9C23, 0x8B82, 0x93C3, 0x9C44, 0x9C03,
    0x8BA2, 0x93C2, 0x9C03, 0x8BA2, 0x9403, 0xA485, 0xA464, 0x9C03, 0x9C23, 0x93E2, 0x9C23, 0xA464,
    0x9403, 0x9C43, 0x9C03, 0x9C02, 0x9C24, 0xA464, 0x9C03, 0xAC85, 0x9C44, 0xA485, 0x9C03, 0x9C23,
    0x93E3, 0xA444, 0xAC85, 0xA444, 0xA464, 0xA464, 0x9C23, 0x93C2, 0x9C43, 0xA485, 0x93E2, 0xA464,
    0xA444, 0xA465, 0xA464, 0xA485, 0x9C23, 0x9C43, 0x9C44, 0xAC85, 0x9C23, 0x93E2, 0x9C23, 0xACA5,
    0xA464, 0xA464, 0xA485, 0xA464, 0xACA5, 0xA484, 0xACA5, 0xA443, 0x9C43, 0x93E3, 0xACA5, 0xA484,
    0xA485, 0x9C23, 0xACA5, 0xA464, 0xA443, 0x9C23, 0xA484, 0xACA5, 0xACA5, 0x9C23, 0xA464, 0x9C22,
    0x9402, 0xA464, 0xA484, 0x9C23, 0xA464, 0xA443, 0xA464, 0x9C44, 0x9403, 0x9C03, 0x9C23, 0xA443,
    0x93C2, 0x9403, 0x9C03, 0x9403, 0xAC84, 0x9C43, 0xA464, 0x9C03, 0x9C03, 0x9C24, 0xAC85, 0xA444,
    0xA464, 0x9C23, 0x9C24, 0x9C44, 0x9C23, 0x9C44, 0x9C23, 0x9C44, 0xA444, 0x9C23, 0x9C23, 0x93E3,
    0x93C2, 0x93E3, 0x93E3, 0x93E3, 0x8382, 0x9C03, 0x93E2, 0x8BA2, 0x93E2, 0x9403, 0x93C2, 0x9C24,
    0x9C03, 0x8BA2, 0x93E3, 0x8B82, 0x93E2, 0x93E3, 0x9C24, 0x93E3, 0x93E3, 0x93A2, 0x8B82, 0xA465,
    0x9403, 0x9C24, 0x93E2, 0x93E2, 0x9C23, 0x9C44, 0x9C03, 0xA464, 0xA464, 0xA464, 0xAC85, 0x9C03,
    0xA464, 0x9C24, 0x8BC2, 0x9C03, 0xAC84, 0xA444, 0x9C44, 0x9C23, 0x9C23, 0xA484, 0xA465, 0xA464,
    0xA443, 0xA464, 0xA444, 0xA464, 0x9C23, 0xAC84, 0x8BA2, 0xA464, 0xAC85, 0xACA5, 0xA485, 0xA464,
    0x9402, 0x9C43, 0x9C44, 0xA444, 0xA464, 0xAC84, 0xA443, 0xA485, 0x9C23, 0xA465, 0xAC85, 0xAC84,
    0xA484, 0xA484, 0xA464, 0x9C23, 0x9C02, 0x93E3, 0xA484, 0xA443, 0xAC84, 0x9C03, 0xA485, 0x9C44,
    0xA463, 0x9403, 0xA484, 0x9C24, 0xA464, 0x9402, 0x9C02, 0x9C02, 0x93E2, 0x9C44, 0x9C23, 0x9C23,
    0x93E2, 0x9C23, 0x9C03, 0x9C24, 0xA464, 0x9C23, 0xA444, 0xA464, 0x93E2, 0xA443, 0x93E2, 0x9C03,
    0xA464, 0xA444, 0x9C23, 0xA444, 0x93E3, 0x93E3, 0x9C24, 0x9C03, 0xA464, 0x9C44, 0x8B81, 0xA423,
    0x8BC2, 0x9C23, 0x9C44, 0xA444, 0x9C23, 0x9C23, 0x9C24, 0x8BA2, 0x93E3, 0x8BA2, 0x9C24, 0x93E3,
    0x9C03, 0x93E3, 0x93E2, 0x8BA2, 0x8BA2, 0x9C02, 0x9C24, 0x8B82, 0x93A2, 0x8B82, 0x8B81, 0x8341,
    0x93C2, 0x93E3, 0x9C03, 0x8BA2, 0x9C24, 0x8B82, 0x9403, 0x93E3, 0x9C44, 0x9C03, 0xA444, 0x93E3,
    0x9C02, 0x9C02, 0x9C23, 0xA444, 0x9C23, 0xAC85, 0x9C03, 0xA484, 0x93A2, 0x93C2, 0x9C03, 0xA444,
    0xA444, 0xA423, 0x9403, 0xA464, 0x8BA2, 0xA464, 0xA464, 0xA464, 0x9C03, 0xA444, 0xA484, 0x9C23,
    0x9C23, 0x9402, 0xA464, 0xA485, 0xA484, 0x9C43, 0xA464, 0xA444, 0x9C44, 0xA464, 0x9C23, 0xACA5,
    0xA485, 0xA464, 0xA485, 0x9C23, 0x93C2, 0x9C03, 0xA464, 0xA464, 0xA444, 0xA464, 0xACC6, 0x9C43,
    0x9C23, 0x9C23, 0xA485, 0xA485, 0xA464, 0x9C23, 0x9C23, 0xA444, 0x9403, 0xA484, 0xA464, 0xA484,
    0xA464, 0xA443, 0x93E2, 0x9C23, 0x9C03, 0x9C24, 0xA444, 0xA444, 0xA464, 0xA444, 0xA464, 0x9C23,
    0x8BC2, 0x93E2, 0xA444, 0x9C24, 0x9C03, 0x9C03, 0x93E2, 0x9403, 0x9C23, 0x9C03, 0x9C44, 0x93E3,
    0x8BA2, 0x8BC2, 0x9C03, 0x9C23, 0xA444, 0x9C24, 0x9C23, 0xA444, 0x8381, 0x9C44, 0xA464, 0x9C03,
    0x93E2, 0x9C24, 0x93C2, 0x8BA2, 0x93E3, 0x93C3, 0x8362, 0x9C03, 0x93E3, 0x9C24, 0x8BC3, 0x8BA2,
    0x93C2, 0x93E2, 0x9C23, 0x8361, 0x8BC2, 0x9403, 0x8BA2, 0x8B82, 0x8BC2, 0x93E3, 0x93E3, 0x9C24,
    0x8BA2, 0x93A2, 0x8BA1, 0x9C03, 0x9403, 0x9C24, 0x93C2, 0x9C23, 0x93E2, 0x9C03, 0x93C2, 0x9C23,
    0x9C23, 0x9C03, 0x93E3, 0x9403, 0x93C2, 0x8BA2, 0x93E3, 0x9C24, 0x93E3, 0x9C24, 0x9C24, 0x9C24,
    0x9C23, 0xA464, 0xA464, 0xA464, 0x9C03, 0x9C44, 0x93E2, 0xA464, 0x93E3, 0x9BE3, 0x93E3, 0x9C03,
    0xA464, 0xA464, 0x9C44, 0x9C44, 0x93E2, 0xA464, 0x9C03, 0xA444, 0xA444, 0xA443, 0x9403, 0x9403,
    0xA444, 0x9C03, 0x93E2, 0xA464, 0xA485, 0xA464, 0xA464, 0x9C64, 0x9C44, 0x93E3, 0xA464, 0xA464,
    0xA464, 0xA464, 0xA444, 0xA465, 0x9C44, 0x9C03, 0xA464, 0xA485, 0xA464, 0x93E2, 0x9C03, 0x9C43,
    0x8381, 0x9C24, 0xA464, 0xA465, 0xA444, 0x9C23, 0xA464, 0x9C44, 0x9C23, 0xA465, 0x9C23, 0x9C03,
    0x93C2, 0x9C03, 0x9C02, 0x8BC2, 0x9C24, 0x9C23, 0x9C23, 0x93E2, 0x9C03, 0x9C23, 0x8BA2, 0x9C23,
    0x9C24, 0x9C24, 0x9403, 0x93E3, 0x8BA2, 0x9C23, 0x9403, 0x9C03, 0x93C2, 0x9403, 0x93E3, 0x9C44,
    0x9C44, 0x93C3, 0x9C04, 0x93C3, 0x8BC2, 0x8B82, 0x93E3, 0x8361, 0x8361, 0x9403, 0x93C3, 0x93C3,
    0x8BA2, 0x8362, 0x8B82, 0x8B82, 0x9C24, 0x9C03, 0x8B81, 0x9C24, 0x93C2, 0x93C2, 0x93A2, 0x9C03,
    0x9C03, 0x8BA2, 0x93E3, 0x93E3, 0x93C2, 0x9403, 0xA464, 0x93C3, 0x9C24, 0xA444, 0x9C03, 0x8382,
    0x93E3, 0x8BA2, 0x8BA2, 0x9C44, 0xA444, 0xA485, 0x93C3, 0x9C03, 0x7B01, 0x9C43, 0x9C24, 0x9C23,
    0x9C03, 0x8342, 0xACA5, 0x8B82, 0xA444, 0x9C23, 0x8BA2, 0xA464, 0xA464, 0xA464, 0x9C44, 0xA485,
    0x7B01, 0xA444, 0x9C23, 0x9C23, 0xA464, 0xA464, 0x93E2, 0xA464, 0xA464, 0x9C02, 0xA465, 0xA465,
    0xAC85, 0xA464, 0xA484, 0xA484, 0x9C23, 0x9C03, 0xA444, 0xA463, 0x9C44, 0x93E2, 0x9C03, 0x9C23,
    0xA485, 0x9C44, 0xA444, 0xACA5, 0x9C44, 0x9C43, 0x9C23, 0x9C03, 0x93C2, 0xA444, 0xA444, 0xA464,
    0xA485, 0xA444, 0x9C24, 0x9C43, 0x93E3, 0x9403, 0x9C03, 0x93E3, 0x93E2, 0x93E2, 0x9C02, 0x9403,
    0x9403, 0x93E3, 0x9C43, 0x93C2, 0x9C23, 0xA444, 0x93E3, 0x9C03, 0xA444, 0x9C24, 0x93C2, 0x93C2,
    0x93E2, 0x93E3, 0x93C3, 0x9C44, 0x93E3, 0x8BC2, 0x93C3, 0x9C04, 0x8BA2, 0x9C03, 0x9C24, 0x9C24,
    0x93C3, 0x8BA2, 0x8BA2, 0x8BA1, 0x8BA2, 0x9403, 0x8BA2, 0x93C3, 0x93E3, 0x8361, 0x8BC2, 0x8B81,
    0x9C04, 0x9C03, 0x93C2, 0x93C2, 0x9C24, 0x93C2, 0x8B81, 0x9C04, 0x93C2, 0x93E2, 0xA444, 0x8BA2,
    0x93C2, 0x8BA2, 0xA464, 0xA464, 0xA465, 0x9C03, 0x9C24, 0x8382, 0x8BA3, 0x9C24, 0x93E3, 0x9C24,
    0x9C03, 0xA464, 0x93E3, 0x9C24, 0x8BA2, 0x9C03, 0x9C24, 0x9C44, 0x9C23, 0x9C03, 0x9C44, 0x93E3,
    0x9403, 0x9C23, 0x93C2, 0x9C44, 0xA443, 0x9402, 0x9C23, 0x9C43, 0x93E2, 0xA443, 0x9C03, 0xA444,
    0x9C03, 0xA464, 0x93C2, 0x9C43, 0x8BA2, 0x9C44, 0xA465, 0xA464, 0xAC85, 0xA463, 0xACA5, 0x93E2,
    0x9C03, 0x93E2, 0xA485, 0x9C44, 0x9C23, 0x9403, 0xA484, 0x93E3, 0xA464, 0xA464, 0xA464, 0xA464,
    0xACA5, 0xA484, 0x9C44, 0x9C23, 0x9C03, 0xA464, 0xA444, 0xA443, 0x9C03, 0x93E2, 0x9C24, 0x9403,
    0xA444, 0xA444, 0xA444, 0x9C23, 0x8BC2, 0x8BA1, 0xA443, 0x9C03, 0x9C03, 0x9C04, 0x93E3, 0x8BA2,
    0x93E3, 0x93E3, 0xA464, 0x93E2, 0xA444, 0x9C03, 0x93E3, 0x93E2, 0x8361, 0x9C03, 0x9C03, 0x9C03,
    0x93E3, 0x93C3, 0x8BA3, 0x8362, 0x8381, 0x93E3, 0x93C2, 0x93E3, 0x8BA2, 0x93E3, 0x93E2, 0x8BA2,
    0x8382, 0x9403, 0x9404, 0x93C2, 0x8362, 0x7B21, 0x9C23, 0x8BC2, 0x93E3, 0x9C03, 0x9C03, 0x9C44,
    0x8B81, 0x93C2, 0x8BA1, 0x9403, 0x9C03, 0xA465, 0x93E3, 0x93C2, 0x9C23, 0x9403, 0x9C44, 0xA464,
    0x9C03, 0x9C24, 0x9C23, 0x93C2, 0x93E3, 0x9C24, 0x93C2, 0x9C03, 0x9C44, 0xA464, 0x9C24, 0x8BA2,
    0x8BA2, 0xA464, 0x9C03, 0x9C23, 0x9C03, 0x9C03, 0x9C24, 0x9403, 0x8BA1, 0x9C23, 0x9C24, 0xA464,
    0xA464, 0xA464, 0xAC85, 0x9C03, 0x93E2, 0xA464, 0x9C64, 0x9C44, 0xA444, 0xA485, 0xA464, 0x93E2,
    0x93C2, 0xA464, 0xA485, 0xA444, 0xA464, 0xA444, 0xACA5, 0x9C03, 0x9C24, 0x9C23, 0xA444, 0xA464,
    0xA464, 0x9403, 0x9C23, 0x9C03, 0xAC85, 0x9C24, 0x9C43, 0xA464, 0x9C23, 0x9C23, 0x9C03, 0x9C03,
    0x8BA2, 0x93E2, 0xA444, 0xA444, 0xA444, 0x9C23, 0xA464, 0x9402, 0x93E2, 0xA464, 0x9C44, 0x9C24,
    0x8BA2, 0x8BC2, 0x93E2, 0x93E2, 0x9C23, 0x93C2, 0x8362, 0x93C2, 0x8361, 0x8BA2, 0x93E3, 0x9403,
    0x93E3, 0xA444, 0x8B81, 0x93E3, 0x8361, 0x9C24, 0x9C03, 0x9404, 0x93E3, 0x8B82, 0x8383, 0x8BA3,
    0x8382, 0x9403, 0x9C04, 0x9C03, 0x93E3, 0x93C3, 0x93C2, 0x8BA2, 0x8BA2, 0x8B81, 0x9403, 0x8BA2,
    0x8BA2, 0x8BA2, 0x93C2, 0x8362, 0x9C24, 0x8BA2, 0x8B82, 0x9C04, 0x9403, 0x9BE3, 0x93C2, 0x9C44,
    0x93E3, 0xA465, 0x9C24, 0x93E3, 0x93E3, 0x93E3, 0x9C44, 0x9C44, 0x9C23, 0x9C44, 0x9C24, 0x93E2,
    0x8B82, 0x93E3, 0x9C04, 0x9C24, 0x8B82, 0x93C2, 0x93E3, 0x9403, 0x93E3, 0x9403, 0x9C03, 0x9C23,
    0x93E3, 0x9C23, 0x9C23, 0xA464, 0x8BA2, 0x9C23, 0xA444, 0x93C3, 0x9C23, 0x9C44, 0x9C03, 0x9C64,
    0x93C2, 0x9C03, 0x9C44, 0xA444, 0x93E3, 0xA464, 0x9403, 0x9C03, 0x93C2, 0x9C03, 0x9C43, 0x9C23,
    0xA464, 0xAC85, 0xA464, 0x93E2, 0x9C23, 0x93C2, 0xA444, 0xA444, 0x9C23, 0xA444, 0x9C03, 0x9C03,
    0xA445, 0x9403, 0x9C43, 0xA443, 0x9C23, 0x93E2, 0x9C43, 0x9402, 0x93E3, 0xA444, 0xA464, 0x9C44,
    0x9C44, 0x9C03, 0x9C43, 0xA444, 0x93C2, 0x9C23, 0x9C24, 0x9C23, 0x8BA2, 0x9403, 0x8BA2, 0x9C24,
    0x8BA2, 0x9C03, 0x93E3, 0x8B82, 0x8BA1, 0x8341, 0x8B82, 0x9403, 0x9C03, 0x9C24, 0x8361, 0x9C24,
    0x8BC2, 0x9C23, 0xA444, 0x93E3, 0x9403, 0x9C04, 0x7B41, 0x8BA2, 0x8362, 0x7B22, 0x7B21, 0x7B21,
    0x93E3, 0x9C03, 0x93E3, 0x8BA2, 0x8BA2, 0x93C2, 0x8BC2, 0x9C03, 0x8BA2, 0x8341, 0x93E3, 0x93E3,
    0x8BA2, 0x9404, 0x9C03, 0x93E3, 0x93E2, 0x8BA2, 0x8BA2, 0x93E3, 0x93E2, 0x9C44, 0x9C23, 0x93E3,
    0x8BC2, 0x93C2, 0x9403, 0x93E2, 0x9C24, 0x9C23, 0xA465, 0x8BA2, 0x93E3, 0x8BA2, 0x8B82, 0x93E3,
    0x9C03, 0x9C44, 0x93E3, 0x9403, 0x8BA2, 0x93E3, 0x9C24, 0x9C44, 0x9C23, 0x9C24, 0x9403, 0x9C44,
    0x8BA2, 0x8BA2, 0x8361, 0x9C24, 0x9C24, 0x9C24, 0x9C24, 0x9C43, 0x9C03, 0x9C23, 0x9403, 0xA464,
    0x9C44, 0xA485, 0x93E2, 0x93C3, 0xA443, 0x9BE3, 0x9C44, 0xA464, 0xA444, 0x9C03, 0xA464, 0xA464,
    0x93C2, 0x93C2, 0xA444, 0xAC85, 0xA444, 0x93E2, 0x9C24, 0x9403, 0x9C24, 0x9C44, 0xA464, 0xA444,
    0xA444, 0x9C03, 0x9C23, 0xA464, 0x8BA2, 0x9C24, 0x9C44, 0x9C03, 0x9C03, 0x9C23, 0x93E3, 0x9C24,
    0x8BA2, 0x9C03, 0x9C44, 0x8BA2, 0x8341, 0x9C03, 0x93E2, 0x8362, 0x8BA2, 0x93E3, 0x93E3, 0x8BA2,
    0x93E3, 0x9C03, 0x8B82, 0x9C03, 0x9C24, 0x9403, 0x8BA2, 0x93C2, 0x8BA2, 0x93E3, 0x93C3, 0x9C24,
    0x8361, 0x93C3, 0x8BA2, 0x8BC3, 0x8362, 0x7B01, 0x8B82, 0x8BA3, 0x8B82, 0x93E3, 0x93E3, 0x8B82,
    0x8382, 0x8BA1, 0x9C03, 0x93E3, 0x93E3, 0x8361, 0x93C3, 0x8B82, 0x8BA2, 0x9403, 0x8361, 0x93C3,
    0x93E3, 0x8BA2, 0x8B82, 0x93E3, 0x93C2, 0x9C03, 0x9403, 0x8BC2, 0x8BA2, 0x8BA2, 0x9C24, 0x9C03,
    0x9C03, 0x9403, 0x9C24, 0x93C2, 0x93E3, 0x9C24, 0x8BA2, 0x9C23, 0x8BA2, 0x8BC2, 0x9C24, 0x8BA2,
    0x93C2, 0x9403, 0x93E3, 0x9C24, 0x9C24, 0x93E3, 0x9C24, 0x9403, 0x9C03, 0x93C3, 0x8B82, 0x93C3,
    0x9C23, 0x9C03, 0xA464, 0x9C23, 0x93E2, 0x93E2, 0x9C23, 0xA444, 0x9C03, 0xA444, 0x9C24, 0xA464,
    0x9C44, 0x9C03, 0xA464, 0xA444, 0x9C44, 0xA464, 0xA464, 0x9C03, 0x93E2, 0x9403, 0x9C23, 0x9C23,
    0x9C43, 0x9403, 0x9C44, 0xA464, 0x93E2, 0x9C44, 0x9C44, 0xA465, 0x9C23, 0x9C44, 0x93E2, 0x93E2,
    0x8BA2, 0x9C24, 0x9C03, 0x93C3, 0x9C03, 0x9C23, 0x93C2, 0x9C23, 0x9C03, 0x9C03, 0x9C24, 0x9C24,
    0x8361, 0x8BA2, 0x8BC2, 0x8362, 0x9BE4, 0x9C24, 0x9403, 0x8BC2, 0x9C03, 0x8B82, 0x9C44, 0x93C3,
    0x8362, 0x93E3, 0x8BA2, 0x8BA2, 0x8B81, 0x9C24, 0x9C44, 0x8361, 0x93E3, 0x8BA2, 0x93E3, 0x7B21,
    0x7B42, 0x8362, 0x8BC3, 0x93C3, 0x8362, 0x93C3, 0x8B82, 0x8362, 0x8BA2, 0x8BC2, 0x9C24, 0x93C2,
    0x8BA2, 0x8B82, 0x8BA2, 0x8BA2, 0x93E3, 0x9403, 0x8BC2, 0x8BA2, 0x8B81, 0x8B82, 0x8B82, 0x93E3,
    0x93E3, 0x9C03, 0x93E3, 0x8BA2, 0x9C24, 0x93C3, 0x9C03, 0x9C24, 0x9C24, 0x93C3, 0x9C23, 0x8B82,
    0x9C44, 0x9C23, 0x93E3, 0x93E3, 0x9C03, 0xA444, 0x9404, 0x9403, 0x8BC2, 0x9403, 0x8BC3, 0x9403,
    0x93E3, 0x93C2, 0x93E3, 0x93E3, 0x93C2, 0x8BA2, 0x93C3, 0x8BC3, 0x9C04, 0xA465, 0xA485, 0x9C44,
    0x93C2, 0x9403, 0x9C24, 0x9C24, 0x9C44, 0x9C23, 0xA464, 0x93C2, 0x8BA2, 0xA444, 0x9C44, 0xA444,
    0x9C03, 0xA464, 0xA465, 0x93E2, 0x93C2, 0x9403, 0xA464, 0x9C24, 0xA444, 0x8BC2, 0xA444, 0x8BC2,
    0x93E3, 0x93E3, 0x9C23, 0x9C44, 0x9C23, 0x9403, 0x9403, 0x8BA2, 0x8BA2, 0x9C45, 0x9403, 0x8BA3,
    0x9C03, 0x9C43, 0x93C2, 0x93C2, 0x93E3, 0x93C3, 0x8BC2, 0x8B82, 0x8BA2, 0x8341, 0x8382, 0x8382,
    0x9C03, 0x93E3, 0x93E3, 0x8BC2, 0x8B82, 0x8BA2, 0x9C23, 0x9403, 0x9404, 0x93E3, 0x8361, 0x93C2,
    0x8BC2, 0x93E3, 0x9403, 0x9404, 0x9C45, 0x8BA3, 0x8BC3, 0x8B82, 0x7B41, 0x7B21, 0x8BA2, 0x8342,
    0x8362, 0x8B82, 0x8BA3, 0x7B21, 0x8BA2, 0x9C03, 0x8BA2, 0x8B82, 0x93A2, 0x8B82, 0x8341, 0x7B21,
    0x8BA3, 0x8382, 0x8B82, 0x93E3, 0x93E2, 0x8BC2, 0x8B81, 0x93E3, 0x9C23, 0x9C24, 0x9C03, 0x8B82,
    0x8341, 0x8361, 0x93E3, 0x9C23, 0x9C24, 0x9C24, 0x9C23, 0x9C44, 0x8BC2, 0x8BC2, 0x9403, 0x93E3,
    0x9C03, 0x93E3, 0x8B82, 0x9C23, 0x8BC2, 0x8BC2, 0x8B82, 0x8BC3, 0x93E3, 0x9404, 0x8B82, 0x93C3,
    0x8BA2, 0x8BC3, 0x8382, 0x9C24, 0x8362, 0x93C2, 0x9C23, 0x9C23, 0x9402, 0x9C23, 0x8BA2, 0x93E3,
    0x9C23, 0x9C43, 0x9C23, 0x93C2, 0x93E3, 0x93C2, 0x9C24, 0x9C23, 0x9C03, 0xA443, 0xA465, 0x93E2,
    0x9C03, 0x93C2, 0x8BA2, 0x72E1, 0x9C24, 0x9C03, 0x8BC2, 0x93C2, 0x8BA2, 0x8382, 0xA444, 0x9C03,
    0x8BC2, 0x93E2, 0x8BA2, 0x93E2, 0x8361, 0xA445, 0x93C2, 0x9C04, 0x9C44, 0x9C24, 0x9C23, 0x8381,
    0x8B82, 0x93E3, 0x93C3, 0xA444, 0x8BC3, 0x8362, 0x7B41, 0x7B21, 0x8B82, 0x9403, 0x93E3, 0x8BA2,
    0x8BA2, 0x8BA2, 0x93E3, 0x9C03, 0x93E4, 0x93C3, 0x8BA2, 0x8B81, 0x8361, 0x9C03, 0x9C24, 0x8BC3,
    0x9403, 0x9C23, 0x8BA2, 0x8B82, 0x93C3, 0x7B21, 0x8BA2, 0x93C3, 0x8BA3, 0x8B82, 0x93C3, 0x7301,
    0x8361, 0x93E3, 0x93C2, 0x8BA3, 0x93C2, 0x8B82, 0x93C3, 0x7B21, 0x8BA2, 0x8B82, 0x93E3, 0x7B01,
    0x7B21, 0x8BA2, 0x8361, 0x93C2, 0x9403, 0x93C3, 0x9403, 0x8B82, 0x8B82, 0x8341, 0x9C23, 0x8BA2,
    0x93E3, 0x9C23, 0x9C03, 0x9C24, 0x8BA2, 0x8BC2, 0x8BA2, 0x9C23, 0x93E3, 0x7B01, 0x7B21, 0x93A2,
    0x8BC2, 0x93E3, 0x9C03, 0x9403, 0x8BA2, 0x93E4, 0x9C44, 0x93C3, 0x8BA3, 0x8362, 0x7B21, 0x7B42,
    0x93E3, 0x93C3, 0x9C03, 0x8BC2, 0x8BC2, 0x8BA2, 0x8BA2, 0x9C03, 0x9C03, 0xA444, 0x8B82, 0x93E2,
    0x9C24, 0x9403, 0x93E3, 0x93E3, 0x9C24, 0x9C23, 0x93C2, 0x93E2, 0x93C2, 0x8BC2, 0x93E3, 0x93C2,
    0x9C24, 0x93C2, 0x93E3, 0xA464, 0x9C23, 0x9403, 0x9C23, 0x9C44, 0x9C44, 0x93E3, 0x8BA2, 0x9402,
    0x93E3, 0x93C3, 0x9C44, 0x8B82, 0xA444, 0x8B82, 0x9C44, 0x9C44, 0x8BC2, 0x8BA2, 0x8382, 0x93E3,
    0x8BA2, 0x8B82, 0x7B21, 0x8BA2, 0x93E3, 0x8BA2, 0x93E3, 0x8341, 0x8BA2, 0x9C03, 0x8BA2, 0x9C03,
    0x9C24, 0x9403, 0x8BC3, 0x8362, 0x8361, 0x93E3, 0x9C24, 0x8BA2, 0x93E3, 0x9C04, 0x8362, 0x8BA2,
    0x8BC3, 0x8362, 0x8382, 0x93E3, 0x93E3, 0x8B82, 0x8BA2, 0x8341, 0x8341, 0x8362, 0x8342, 0x8B82,
    0x93C3, 0x7B01, 0x8B82, 0x93E4, 0x8362, 0x8BA2, 0x8362, 0x93C2, 0x93C2, 0x8361, 0x8B81, 0x8361,
    0x8BA2, 0x8BA3, 0x8BC3, 0x93C3, 0x8BA2, 0x8362, 0x93C2, 0x93E3, 0x9C24, 0x93C2, 0x9403, 0x8BA2,
    0x7B41, 0x8BA2, 0x93E3, 0x9C03, 0x93C3, 0x8B82, 0x8B82, 0x8BA2, 0x8341, 0x9C24, 0x9C04, 0x93C2,
    0x7B42, 0x7B22, 0x9C24, 0x8B82, 0x7B22, 0x8342, 0x7301, 0x93E3, 0x9404, 0x9C04, 0x93E3, 0x9C43,
    0x8BA1, 0x9C03, 0x93E3, 0x9C03, 0x9C24, 0x9403, 0x93E3, 0x9C45, 0xA464, 0x8BC2, 0x9403, 0x93E3,
    0x9C04, 0x9C03, 0x9C43, 0x93E3, 0x8BC2, 0x7B41, 0x9C24, 0x9403, 0x9C03, 0x93E2, 0x93C2, 0x9C03,
    0x8B82, 0x93C2, 0xA444, 0x9C24, 0xA464, 0x8BC3, 0x93C2, 0x8BA2, 0x8382, 0x9C04, 0x93C3, 0x9C04,
    0x93E3, 0x9403, 0x93E3, 0x93E3, 0x93E3, 0x93E3, 0x8362, 0x93C3, 0x8382, 0x93E3, 0x93C3, 0x8362,
    0x93E3, 0x8BA2, 0x93E3, 0x8BA2, 0x8BC3, 0x8BA2, 0x8362, 0x9C03, 0x93C3, 0x8BC3, 0x8BA2, 0x93E3,
    0x8BA2, 0x93E3, 0x93E3, 0x9C03, 0x9403, 0x8BA2, 0x8B82, 0x9404, 0x8B82, 0x93E3, 0x93E4, 0x93C3,
    0x8BA2, 0x8BA3, 0x8BA2, 0x8382, 0x8342, 0x8BA2, 0x8B82, 0x8BA3, 0x7B21, 0x8342, 0x8362, 0x7B21,
    0x7B42, 0x8BA2, 0x93C3, 0x93C2, 0x7B41, 0x8BA2, 0x8BA2, 0x8B82, 0x8BC3, 0x93E3, 0x93E3, 0x93E3,
    0x8BA2, 0x8362, 0x8382, 0x93E3, 0x9404, 0x93C3, 0x93C3, 0x8361, 0x8BA2, 0x9403, 0x8361, 0x9C04,
    0x93C3, 0x9C03, 0x8BA2, 0x8BA2, 0x7B21, 0x93E3, 0x8BA2, 0x93E3, 0x93E3, 0x93E3, 0x7B22, 0x8363,
    0x7B22, 0x7B42, 0x8B82, 0x93C3, 0x8BA2, 0x9C23, 0x9403, 0x9C23, 0x8BC2, 0x9403, 0x93C3, 0x93E3,
    0x93E3, 0x9C03, 0x93E3, 0x9C04, 0x8BA2, 0x93E3, 0x9C24, 0xA444, 0x9403, 0x93E3, 0xA444, 0x8B81,
    0x8BA2, 0x8BA2, 0x9C03, 0x93E3, 0x93E3, 0x93C2, 0x9C23, 0x93E3, 0x93E3, 0x9403, 0x9C24, 0x9C23,
    0x9403, 0x93E3, 0x9C03, 0x9403, 0x8382, 0x93E4, 0x93E3, 0x9403, 0x93E3, 0x8BA2, 0x8BA2, 0x8BA2,
    0x93E3, 0x93E3, 0x93C3, 0x8BC3, 0x8382, 0x93E3, 0x8341, 0x8341, 0x93C2, 0x8BC2, 0x93E3, 0x9C04,
    0x8BA2, 0x8362, 0x93E3, 0x8B82, 0x8B82, 0x93C3, 0x8361, 0x8B82, 0x8B82, 0x93E3, 0x93E3, 0x8BA2,
    0x8BC3, 0x8BA2, 0x93C3, 0x8341, 0x8362, 0x8BC3, 0x8382, 0x93C3, 0x8BC3, 0x93E3, 0x93C2, 0x8341,
    0x8342, 0x7B21, 0x8B82, 0x7301, 0x8362, 0x72E1, 0x8342, 0x72E1, 0x72E1, 0x8BA3, 0x8362, 0x8BA2,
    0x93E3, 0x93C3, 0x8B82, 0x7B21, 0x8BC3, 0x8362, 0x8B82, 0x8B82, 0x7301, 0x72E1, 0x8B82, 0x8BA2,
    0x8B82, 0x93E3, 0x93C2, 0x8B82, 0x9403, 0x8BA2, 0x8BA2, 0x8361, 0x93E3, 0x93C2, 0x8BA2, 0x8BA2,
    0x8361, 0x93C3, 0x9C03, 0x93C3, 0x93C3, 0x93C3, 0x8B82, 0x8383, 0x8362, 0x7B22, 0x93E3, 0x8BA2,
    0x8BC2, 0x9C24, 0x9C23, 0x93C2, 0x8BC2, 0x93C2, 0x8BC3, 0x9C03, 0x93E3, 0x9C24, 0x9C23, 0x93C2,
    0x8B82, 0x9403, 0x93E3, 0x93E3, 0x9403, 0x93C2, 0x9C24, 0x93E3, 0x93C2, 0x8382, 0x93E3, 0x93E3,
    0x93E3, 0x9C03, 0x8BA2, 0x8382, 0x9C44, 0x93E3, 0x9C03, 0x93C3, 0x8BA2, 0x9C23, 0x9403, 0x8B81,
    0x8341, 0x8381, 0x8BA2, 0x93E3, 0x93C2, 0x93E3, 0x9404, 0x7B21, 0x8341, 0x93C2, 0x93E3, 0x8BC3,
    0x8BA2, 0x93E3, 0x9403, 0x8B82, 0x9403, 0x8BA2, 0x8BA3, 0x8382, 0x8B82, 0x8362, 0x8BC3, 0x93E3,
    0x93E3, 0x8B82, 0x93E3, 0x8B82, 0x8341, 0x8BC2, 0x93E4, 0x93C3, 0x93E3, 0x93C2, 0x8BA3, 0x7B41,
    0x8BA3, 0x8BC3, 0x93C3, 0x8BA3, 0x8BC3, 0x8B82, 0x8BA2, 0x8341, 0x8362, 0x8382, 0x72E1, 0x8B82,
    0x8341, 0x8382, 0x8362, 0x7B01, 0x8342, 0x8B82, 0x72E1, 0x8362, 0x8B82, 0x7B21, 0x7B01, 0x8362,
    0x8BA2, 0x8342, 0x8362, 0x7B21, 0x8362, 0x8361, 0x8362, 0x8341, 0x8382, 0x8B82, 0x8BA2, 0x93E3,
    0x7B41, 0x8BA2, 0x8BA3, 0x8BC3, 0x93C3, 0x93C3, 0x8BA2, 0x8BA3, 0x8BA2, 0x8BA2, 0x8BA2, 0x93E3,
    0x8BC3, 0x8B83, 0x8BC3, 0x8362, 0x7301, 0x7B01, 0x93C2, 0x8BA3, 0x93E3, 0x93C3, 0x93E3, 0x8382,
    0x8361, 0x8BA2, 0x8382, 0x9403, 0x93E3, 0x93E3, 0x8BA2, 0x8B82, 0x8381, 0x8B82, 0x8B82, 0x93E3,
    0x9C04, 0x9403, 0x9C24, 0x93C2, 0x8BA2, 0x8361, 0x93E3, 0x93C3, 0x9403, 0x93E3, 0x93E3, 0x93C3,
    0x93C2, 0x9C24, 0x93E3, 0x93C3, 0x9403, 0x93C2, 0x93C2, 0x93C2, 0x8341, 0x93E3, 0x93E3, 0x8BA2,
    0x9403, 0x8BA2, 0x93E3, 0x93C3, 0x8361, 0x8BA2, 0x93C3, 0x93C3, 0x8362, 0x93C2, 0x93C3, 0x8362,
    0x8BC3, 0x8BA3, 0x8361, 0x8BA2, 0x7B21, 0x72E1, 0x8362, 0x9404, 0x93C3, 0x8BC3, 0x8342, 0x93C3,
    0x8382, 0x8BC3, 0x8BA3, 0x93E3, 0x8362, 0x93C3, 0x8361, 0x8BC3, 0x93C3, 0x8361, 0x9C04, 0x93E3,
    0x8B82, 0x8BA2, 0x93C3, 0x8341, 0x7B01, 0x8382, 0x6AC1, 0x8362, 0x8362, 0x72C1, 0x7B02, 0x6A80,
    0x7B21, 0x6AC1, 0x8342, 0x8362, 0x8342, 0x7B42, 0x7B21, 0x8342, 0x8362, 0x8BA3, 0x8B82, 0x7B01,
    0x7B21, 0x8382, 0x8341, 0x8362, 0x8342, 0x8BA3, 0x8BA3, 0x8361, 0x7301, 0x8361, 0x8BA2, 0x93C3,
    0x93C3, 0x8BA3, 0x8BA3, 0x8342, 0x8362, 0x8BA2, 0x8B82, 0x93E3, 0x8362, 0x7B42, 0x72C1, 0x7B01,
    0x8362, 0x8342, 0x8341, 0x93C3, 0x8BC3, 0x8BA3, 0x8BC3, 0x8381, 0x6A81, 0x8BA2, 0x8B82, 0x8BA2,
    0x93E3, 0x8BA2, 0x7B41, 0x8B82, 0x8BA2, 0x8341, 0x8BC2, 0x8BC3, 0x93C3, 0x93E3, 0x9C24, 0x93E2,
    0x8BA2, 0x8381, 0x8BA2, 0x9C03, 0x93E3, 0x8362, 0x8BA2, 0x93E3, 0x93E3, 0x8BA2, 0x93E3, 0x8B82,
    0x93E3, 0x8382, 0x8BC2, 0x8B82, 0x8341, 0x8BC2, 0x8382, 0x8BC3, 0x8BC3, 0x9C24, 0x8B82, 0x93E4,
    0x8361, 0x93C2, 0x93E3, 0x93E4, 0x8382, 0x8381, 0x8B82, 0x8361, 0x93C3, 0x93C3, 0x8361, 0x8341,
    0x8BA3, 0x8BA2, 0x8341, 0x8382, 0x8362, 0x8BA2, 0x7B21, 0x8BA2, 0x7B21, 0x8BA3, 0x8BA3, 0x8341,
    0x8362, 0x8B82, 0x8382, 0x8BA3, 0x8BA2, 0x8361, 0x9404, 0x8361, 0x8BA2, 0x8BC2, 0x93C3, 0x8341,
    0x7B21, 0x8BA2, 0x7B01, 0x8362, 0x8362, 0x6AA1, 0x7B22, 0x8382, 0x72C1, 0x8342, 0x7B01, 0x7B21,
    0x7301, 0x8342, 0x8342, 0x8BA2, 0x8382, 0x8382, 0x7301, 0x7B42, 0x7B21, 0x6AA0, 0x72E1, 0x7B01,
    0x8BA3, 0x8BA3, 0x8BA2, 0x7B21, 0x8362, 0x8BA2, 0x8B82, 0x93C3, 0x8362, 0x8362, 0x7B21, 0x8B82,
    0x8362, 0x7B41, 0x93C3, 0x8362, 0x8342, 0x7B22, 0x7B22, 0x72C1, 0x93E3, 0x93E3, 0x7B21, 0x93C3,
    0x93E3, 0x8362, 0x8B82, 0x8BA2, 0x8362, 0x8BA2, 0x8382, 0x8B82, 0x8BA2, 0x8BA2, 0x8BA2, 0x93E3,
    0x8362, 0x8B82, 0x8B82, 0x93C2, 0x93E3, 0x93E3, 0x93E3, 0x8B82, 0x8B81, 0x8361, 0x9404, 0x93E3,
    0x93C3, 0x8BA2, 0x8BC2, 0x8362, 0x8BA2, 0x9403, 0x8BA2, 0x8BA3, 0x8BA3, 0x8BA2, 0x93E3, 0x8BA2,
    0x8361, 0x7B21, 0x8362, 0x8362, 0x8BA2, 0x8BA2, 0x8361, 0x93C3, 0x8BA2, 0x93C3, 0x8BC2, 0x8362,
    0x8BA2, 0x8BA2, 0x8B81, 0x8B81, 0x93C3, 0x8362, 0x8BA2, 0x8BC3, 0x8362, 0x8342, 0x8382, 0x8361,
    0x93C3, 0x8BA2, 0x8362, 0x8BA2, 0x8361, 0x8382, 0x8BA3, 0x8B82, 0x93C3, 0x8BC3, 0x93C3, 0x8BA3,
    0x8BA2, 0x8B82, 0x8382, 0x93E3, 0x8BC3, 0x8BA2, 0x8B82, 0x7B21, 0x7B21, 0x7B41, 0x8BA3, 0x7B21,
    0x7B01, 0x6AC1, 0x8341, 0x8342, 0x8342, 0x7B22, 0x7B22, 0x7B22, 0x6AE1, 0x72E1, 0x7B21, 0x8362,
    0x8362, 0x8342, 0x8363, 0x7B01, 0x8362, 0x72E1, 0x8362, 0x6AC1, 0x7B22, 0x8BA3, 0x8BA2, 0x7B21,
    0x8BC3, 0x8B82, 0x7B21, 0x8BA3, 0x8382, 0x7B42, 0x8BC3, 0x8382, 0x8362, 0x8BA2, 0x8362, 0x93C3,
    0x7B42, 0x7B42, 0x8342, 0x8382, 0x8362, 0x8362, 0x9404, 0x8362, 0x93C3, 0x8BA2, 0x8362, 0x8BA2,
    0x7B21, 0x93C2, 0x7B41, 0x8BA2, 0x8382, 0x8BC2, 0x8BA2, 0x7B01, 0x8362, 0x7301, 0x7B41, 0x93C3,
    0x8BA3, 0x93E2, 0x93E2, 0x8B82, 0x8BA2, 0x8B82, 0x8382, 0x8382, 0x8382, 0x8341, 0x8BA2, 0x8362,
    0x8362, 0x93E3, 0x8BA3, 0x8BC3, 0x7B42, 0x8362, 0x8362, 0x8BA2, 0x8361, 0x8BC3, 0x8382, 0x8BA2,
    0x8383, 0x8341, 0x8362, 0x8382, 0x93C2, 0x93E3, 0x8B82, 0x8382, 0x8382, 0x8B82, 0x8381, 0x7B41,
    0x8342, 0x7301, 0x7B21, 0x7B21, 0x7B01, 0x8361, 0x7B42, 0x8BA2, 0x8BA3, 0x8382, 0x8362, 0x7B41,
    0x7B21, 0x8BA2, 0x8BC3, 0x8BA3, 0x8362, 0x93C3, 0x8BA3, 0x8341, 0x8B82, 0x8362, 0x8362, 0x93E4,
    0x8BA3, 0x8361, 0x8BC3, 0x8341,
};
#define TEXTURE_WALL_MIP1_SIZE 64
static const uint16_t TEXTURE_WALL_MIP1_PIXELS[4096] __attribute__((aligned(16))) = {
    0x8341, 0x8B82, 0x8361, 0x7B21, 0x8B82, 0x8362, 0x8341, 0x8341, 0x8B82, 0x8382, 0x8341, 0x8BC2,
    0x8B82, 0x8362, 0x8341, 0x8B82, 0x8B82, 0x8B82, 0x8361, 0x93E3, 0x8B82, 0x8342, 0x8B82, 0x8362,
    0x93C3, 0x8BC2, 0x8382, 0x8362, 0x8BA2, 0x8BA2, 0x8BA2, 0x8BC2, 0x9403, 0x8BA2, 0x8BA2, 0x93C2,
    0x8BA2, 0x8BA2, 0x8BC2, 0x9403, 0x93C2, 0x8BA2, 0x8BA2, 0x8BA2, 0x8BA2, 0x8362, 0x8361, 0x8BA2,
    0x8381, 0x8B81, 0x8B81, 0x8B81, 0x8361, 0x8381, 0x8BC2, 0x8B82, 0x8BC2, 0x8BA2, 0x8B82, 0x8341,
    0x8341, 0x8BA2, 0x8B82, 0x8B82, 0x8341, 0x8362, 0x8362, 0x93C2, 0x8BC2, 0x93E3, 0x8BA2, 0x8361,
    0x93E3, 0x8BC2, 0x8382, 0x9403, 0x93E3, 0x93C2, 0x8BA2, 0x93C3, 0x9C03, 0x93C2, 0x8BA2, 0x93E3,
    0x8BC3, 0x8BA3, 0x8382, 0x93C3, 0x93E3, 0x8BA2, 0x8B82, 0x8BC3, 0x93C3, 0x8BA2, 0x8BA2, 0x93E3,
    0x93E2, 0x93E3, 0x93C2, 0x9403, 0x93E2, 0x9403, 0x93C2, 0x93E3, 0x93E3, 0x8BA2, 0x93E3, 0x8BC2,
    0x8BA2, 0x8382, 0x8BC2, 0x93E3, 0x8BC2, 0x8B81, 0x93C2, 0x8BA2, 0x8BA2, 0x8B82, 0x8BA2, 0x8BA2,
    0x93C2, 0x93C3, 0x8BA2, 0x7B41, 0x7B21, 0x8BA2, 0x8BA2, 0x8361, 0x8361, 0x93C3, 0x8B82, 0x8B82,
    0x93C2, 0x93C3, 0x8BA2, 0x8BA2, 0x93E3, 0x8BA2, 0x8BA2, 0x9C03, 0x9C03, 0x93C2, 0x93E3, 0x9C03,
    0x8B82, 0x93C2, 0x8BA2, 0x9C03, 0x93C2, 0x93E2, 0x93E2, 0x93E2, 0x9C44, 0x9C23, 0x8B82, 0x8BA2,
    0x9403, 0x8BA2, 0x93E3, 0x9C23, 0x93E3, 0x9C03, 0x93C2, 0x9C44, 0x9C03, 0x9C03, 0x9C03, 0x9C44,
    0x9403, 0x93E2, 0x93E3, 0x9403, 0x93E3, 0x93E3, 0x8BA2, 0x9C03, 0x8BC2, 0x8BA2, 0x9403, 0x93C2,
    0x93C2, 0x8BC2, 0x93E3, 0x8BA2, 0x8BA2, 0x9403, 0x93C3, 0x8B82, 0x8341, 0x8B82, 0x93E3, 0x93C3,
    0x8361, 0x93E2, 0x8342, 0x93C2, 0x93E3, 0x93E3, 0x8BC2, 0x8BA2, 0x93E3, 0x93E3, 0x93C2, 0x9C24,
    0x9C03, 0x9C23, 0x93E3, 0x93E3, 0x9C23, 0x93E3, 0x93E3, 0x9C23, 0x9C03, 0xA444, 0x9403, 0x9C23,
    0x9C44, 0xA444, 0x9403, 0x93C3, 0xA444, 0x93E2, 0x93C2, 0x9C44, 0xA465, 0x9C43, 0x93C2, 0x9C44,
    0x9C23, 0x9C03, 0x9C24, 0x9C24, 0x9C23, 0x93E2, 0x9C03, 0x9C43, 0x9C03, 0x93C2, 0x9C23, 0x9C44,
    0x93E2, 0x8BC2, 0x9C23, 0x93E2, 0x9403, 0x9403, 0x9C23, 0x93E3, 0x8382, 0x9C04, 0x93E3, 0x7B21,
    0x8BA2, 0x8BA2, 0x93C2, 0x8BA2, 0x8B81, 0x93C3, 0x93C2, 0x93C2, 0x93C2, 0x9403, 0x93E3, 0x93E2,
    0x9C23, 0x93E3, 0x93E2, 0x9C23, 0x9C03, 0x9C03, 0x8BA2, 0x9403, 0xA464, 0x9403, 0x93E3, 0x9C24,
    0x93E3, 0x9C23, 0x93E3, 0x9C44, 0xA464, 0xA464, 0x9C23, 0x9C44, 0xA464, 0x9C03, 0x9C44, 0xA465,
    0xA485, 0xA444, 0x9402, 0xA464, 0xA444, 0x93E3, 0xA444, 0xA464, 0x93E2, 0x9C23, 0x9C44, 0xA444,
    0x9C23, 0x9C43, 0x9403, 0x9C43, 0x93C2, 0x93C2, 0x9403, 0x9403, 0x8B81, 0x9C03, 0x9C03, 0x93C2,
    0x93E3, 0x9403, 0x93E3, 0x8BA2, 0x8B82, 0x9C03, 0x93E3, 0x8BA2, 0x8BA2, 0x8BA2, 0x8BC2, 0x8BC2,
    0x93E2, 0x9C23, 0x8BA2, 0x9C03, 0x9C23, 0x93E3, 0x93E3, 0x9403, 0xA444, 0x9C23, 0x9C03, 0x9C23,
    0xA464, 0x9C23, 0x9403, 0x9C23, 0x9C03, 0x9C43, 0xA443, 0x9C24, 0xA464, 0xA464, 0x9C23, 0xA464,
    0xA485, 0xA444, 0x9C23, 0xA464, 0xA464, 0xA464, 0x9402, 0xA484, 0x9C23, 0x9C23, 0x9C23, 0xA464,
    0x9C43, 0x9C23, 0x9C43, 0xA444, 0x9C43, 0x9C23, 0x9C23, 0xA464, 0x9403, 0x9C03, 0x9C23, 0x9C03,
    0x9C03, 0x9C23, 0x9403, 0x9403, 0x9403, 0x9C03, 0x93E3, 0x93C2, 0x93C2, 0x9C03, 0x9C03, 0x93E2,
    0x8382, 0x93E3, 0x93E2, 0x8BA2, 0x9C03, 0x9C23, 0x93C2, 0x93E3, 0x93E2, 0x9403, 0x8BA2, 0x93E3,
    0x9C24, 0x9C44, 0x93E2, 0xA464, 0xA464, 0x9C23, 0x9C44, 0x9C23, 0xA444, 0xA464, 0x9C02, 0xA464,
    0xA464, 0xA485, 0x9C23, 0xA464, 0xA484, 0x9C03, 0x9C23, 0xA464, 0xA484, 0xA464, 0x9C02, 0xA464,
    0x9C44, 0x9C43, 0xA444, 0xAC85, 0xA464, 0x9C03, 0x9C43, 0xA464, 0xA484, 0x9C23, 0xA464, 0xA485,
    0x9C03, 0x9402, 0x9C23, 0x93E2, 0x93C2, 0x9C23, 0x9C24, 0x9C23, 0x9C03, 0x9C24, 0x9C44, 0x93C2,
    0x8B82, 0x93C2, 0x93E3, 0x9403, 0x93C2, 0x8BA2, 0x8B82, 0x8BC2, 0x9C23, 0x9C24, 0x93E3, 0x9C03,
    0x8BC2, 0x9C03, 0x9C03, 0xA464, 0x9C44, 0x9C03, 0x9C44, 0x9C23, 0xA464, 0x9C24, 0x9C03, 0xA485,
    0xAC85, 0xA464, 0xA444, 0xA444, 0xA485, 0xA484, 0xA443, 0xA484, 0xAC84, 0x9C43, 0xA464, 0xACA5,
    0xACA5, 0xA443, 0x9C23, 0xACA5, 0x9C23, 0xA443, 0xA464, 0xA484, 0xA464, 0x9C43, 0xA444, 0xA464,
    0xA464, 0xA464, 0xA464, 0xAC85, 0x9C02, 0x9C23, 0xA444, 0x9C23, 0x9C43, 0x9C23, 0xA464, 0x9C03,
    0x9C23, 0xA444, 0x9C23, 0x9C03, 0x93C2, 0x9C03, 0x93E3, 0x9403, 0x93E2, 0x9C03, 0x93C2, 0x93E3,
    0x9C23, 0x9C23, 0x93C2, 0x9C03, 0xA464, 0x93C3, 0x9403, 0x9C44, 0x9C44, 0x9C24, 0x93E3, 0xA464,
    0xA464, 0x9C44, 0x9C44, 0xA464, 0xAC85, 0xA464, 0x9C43, 0xAC85, 0xA484, 0xA484, 0xA464, 0xA464,
    0xAC85, 0xA464, 0xA464, 0xACA5, 0xAC85, 0xA484, 0x9C23, 0xA484, 0xA443, 0x9C43, 0xAC85, 0xAC85,
    0xA443, 0x9C43, 0x9C44, 0xACA5, 0xA464, 0xA464, 0xA464, 0xA484, 0x9C23, 0x9C02, 0xA464, 0xA464,
    0x93E2, 0xA444, 0xA444, 0x9C23, 0x9C23, 0xA444, 0x9C23, 0x93E3, 0x9403, 0x9C03, 0x9C24, 0x93E3,
    0x9403, 0x9C23, 0x93C2, 0x9C24, 0x9C03, 0x93E3, 0x93E3, 0x9C03, 0x9C23, 0x9C44, 0x9C03, 0xA464,
    0xA485, 0x9C23, 0xA485, 0x9C23, 0xA485, 0xA464, 0x9C43, 0xACA5, 0xA464, 0xAC84, 0xA444, 0x9C03,
    0xA485, 0xACA5, 0xA444, 0xA464, 0xA484, 0xA464, 0xA464, 0xACC5, 0xACC5, 0xACA5, 0x9C23, 0xACA5,
    0xA444, 0xACA5, 0xAC84, 0xACC5, 0xA464, 0x9C43, 0x9C44, 0xAC85, 0xA443, 0xA464, 0xA444, 0xACA5,
    0x9C22, 0x9C02, 0xA485, 0xA444, 0xA464, 0x9C43, 0xA465, 0x9C23, 0x9C23, 0x9C44, 0x9C04, 0x93E3,
    0x9C24, 0xA464, 0x9C44, 0x9C03, 0x9C03, 0x9C03, 0x93C3, 0x93C2, 0x9C23, 0x9C23, 0x8BA2, 0x93E3,
    0x9C23, 0x9C03, 0x93E2, 0xA444, 0xA464, 0xA464, 0x9C03, 0xA485, 0xA464, 0xA464, 0xA444, 0xACA5,
    0xACA5, 0xAC85, 0x9C23, 0xACA5, 0xA484, 0xACA5, 0xA464, 0xA484, 0xACA5, 0xA464, 0x9C23, 0xACA5,
    0xACC5, 0xACA5, 0x9C23, 0xAC85, 0xAC84, 0xA484, 0xAC85, 0xAC84, 0xA464, 0xA443, 0x9C44, 0xACA5,
    0xAC84, 0xA464, 0xA464, 0xA484, 0x9C23, 0x9C23, 0xA484, 0xA464, 0x9C02, 0xA464, 0xA464, 0x9C03,
    0x9C23, 0x9C24, 0xA444, 0x93C2, 0x93E3, 0x9C23, 0x9C23, 0x93E3, 0x9403, 0x8BA2, 0x93C2, 0x93E3,
    0x93E3, 0x9C03, 0x93E2, 0x9C03, 0xA444, 0x9C03, 0x9C23, 0xA464, 0xAC84, 0xA464, 0xA444, 0xA444,
    0xAC85, 0xA464, 0xA464, 0xACA5, 0xACA5, 0xAC85, 0xAC85, 0xA464, 0xACA5, 0xACA5, 0xA463, 0xA484,
    0xACA5, 0xA464, 0xACA5, 0xACA5, 0xACC6, 0xACA5, 0xA443, 0xACA5, 0xAC85, 0xA484, 0xA464, 0xACA5,
    0xAC84, 0xA464, 0xA464, 0xACA5, 0xA464, 0xAC84, 0xAC84, 0xACA5, 0x9C22, 0x9C22, 0xAC85, 0xA444,
    0x9C23, 0xA444, 0xA484, 0x9C23, 0x9C03, 0xA444, 0xA464, 0x9C23, 0x9C03, 0x9C23, 0x9C23, 0x9403,
    0x9C03, 0x9C03, 0x93C2, 0x8BA2, 0x93E3, 0x93E3, 0x93E3, 0x9C03, 0xA464, 0xA464, 0x9C23, 0xA485,
    0xAC85, 0xAC84, 0x9C43, 0xACA5, 0xACA5, 0xACA5, 0xA464, 0xACA5, 0xACA5, 0xACA5, 0xA484, 0xACA5,
    0xACA5, 0xACC5, 0xA463, 0xAC84, 0xB4E6, 0xAC85, 0xA464, 0xACC6, 0xB4E5, 0xA484, 0xA443, 0xACA5,
    0xACA4, 0xAC84, 0xACA5, 0xB4E6, 0xACA5, 0xA484, 0xA484, 0xACA5, 0xAC84, 0xA443, 0xACC5, 0xACC5,
    0x9C43, 0x9C43, 0xAC85, 0xA484, 0x9C23, 0x9C23, 0xA484, 0x9C43, 0xA444, 0xA464, 0xAC85, 0x9C03,
    0x9C23, 0xA464, 0x9C44, 0x9402, 0x9C03, 0xA444, 0x9C03, 0x93C2, 0x93C2, 0x9C23, 0x93C2, 0x93C2,
    0xA444, 0x9C44, 0x9C23, 0xA464, 0xA464, 0xA464, 0xA464, 0xA464, 0xACA5, 0xA464, 0xA484, 0xACC5,
    0xACC5, 0xACC5, 0xAC85, 0xA464, 0xACC5, 0xACC5, 0xA484, 0xACA5, 0xACC5, 0xA464, 0xAC84, 0xB4E6,
    0xACC5, 0xACA5, 0x9C43, 0xB4E6, 0xACA4, 0xACC5, 0xACA5, 0xACC6, 0xACA4, 0xA463, 0xA464, 0xACA5,
    0xACC5, 0xA464, 0xA464, 0xACA4, 0x9C43, 0xA443, 0xA484, 0xA484, 0xA443, 0xA464, 0xA484, 0x9C43,
    0xA444, 0xACA5, 0xA464, 0x9C44, 0x9C23, 0xA484, 0xA444, 0x9C03, 0x93E2, 0x9C44, 0x93C2, 0x9C03,
    0x9403, 0x93E3, 0x93E2, 0x93E3, 0x9C23, 0xA444, 0x9C02, 0xA484, 0xAC85, 0xACA5, 0xA464, 0xACA5,
    0xACC5, 0xACA5, 0xA484, 0xACC5, 0xACC5, 0xACC5, 0xA484, 0xACA5, 0xACA5, 0xACC5, 0xACA4, 0xACA5,
    0xAC84, 0xACA5, 0xAC84, 0xB4E6, 0xACC5, 0xACC5, 0xA464, 0xACC5, 0xACA5, 0xA484, 0xACC5, 0xB4E6,
    0xACA5, 0xA484, 0xA464, 0xACC5, 0xACA5, 0xAC84, 0xACA5, 0xACA5, 0xA443, 0xA463, 0x9C43, 0xA484,
    0xA484, 0xA485, 0xACA5, 0x9C23, 0xA464, 0xA464, 0xA464, 0xA443, 0xA444, 0xA464, 0x9C24, 0x9C23,
    0x93E2, 0x9C03, 0x93E2, 0x9C03, 0xA443, 0x93E3, 0x93E2, 0x9C23, 0xA443, 0xA443, 0xA443, 0xA484,
    0xACA5, 0xAC84, 0xA443, 0xACA5, 0xA484, 0xA464, 0xA464, 0xACA5, 0xB4C6, 0xACC5, 0xA464, 0xACC5,
    0xACC5, 0xACC5, 0xACA4, 0xACC5, 0xB4E5, 0xA464, 0xAC85, 0xB4E5, 0xB4E6, 0xACC5, 0x9C43, 0xB4E6,
    0xACC5, 0xACA4, 0xACC5, 0xB4E6, 0xACA4, 0xA483, 0xA484, 0xACC5, 0xB4E6, 0xACA5, 0xA464, 0xACA5,
    0x9C23, 0x9C23, 0xAC85, 0xA464, 0xA464, 0xA484, 0xAC84, 0x9C43, 0xA464, 0xACA5, 0xA464, 0x9C23,
    0xA444, 0xA444, 0xA464, 0x9C44, 0x93E2, 0x8BA2, 0x93C2, 0x93E3, 0x9C44, 0xA443, 0x9C03, 0x9C23,
    0xA464, 0xA444, 0x9C23, 0xAC84, 0xACA5, 0xA484, 0xA484, 0xA485, 0xACC5, 0xACA5, 0xAC84, 0xACA5,
    0xACA5, 0xACA5, 0xAC84, 0xAC84, 0xACC5, 0xACC5, 0xACA4, 0xACA5, 0xB4E5, 0xACA5, 0xAC85, 0xB506,
    0xB4E6, 0xACC5, 0xA463, 0xB4E5, 0xA484, 0xACC5, 0xACA4, 0xACC5, 0xACA4, 0xACA4, 0xA484, 0xB4E6,
    0xACC5, 0xAC84, 0xAC84, 0xACA5, 0xA463, 0xA443, 0xACA5, 0xA464, 0xA464, 0xAC84, 0xACA5, 0x9C44,
    0xA444, 0xACA5, 0xA464, 0x9C43, 0x9403, 0xA444, 0x9C23, 0x9403, 0x93E2, 0x93E3, 0x93E3, 0x93C2,
    0x9C03, 0x9C43, 0x9C03, 0x9C03, 0xA484, 0xA464, 0x9C43, 0xA484, 0xACA5, 0xA464, 0x9C43, 0xACA5,
    0xACC5, 0xA485, 0xA484, 0xACC6, 0xACC5, 0xACA5, 0xA484, 0xACA5, 0xACC5, 0xB4E6, 0xACA4, 0xACC5,
    0xB4E5, 0xA484, 0xACA5, 0xB506, 0xB4E6, 0xACC5, 0xA484, 0xACC5, 0xACC5, 0xA463, 0xACC5, 0xB4E6,
    0xACC5, 0xA484, 0xA484, 0xB4C5, 0xACC5, 0xA484, 0xAC84, 0xACA5, 0xA463, 0xA443, 0xACA5, 0xAC84,
    0xA443, 0xACA5, 0xACC5, 0x9C43, 0xAC84, 0xACC5, 0xACA5, 0x9C23, 0x9C24, 0x9C44, 0x9C23, 0x9C03,
    0x93E2, 0x9C03, 0x93C2, 0x93C3, 0x93E3, 0xA464, 0x93E2, 0x9C43, 0x9C44, 0x9C23, 0x93E2, 0xAC84,
    0xAC85, 0xA484, 0xACA5, 0xA464, 0xACC5, 0xACA5, 0xAC84, 0xACC5, 0xB4E6, 0xACC5, 0xACA5, 0xACA5,
    0xB4E5, 0xACC5, 0xAC84, 0xACC5, 0xB4E5, 0xACC5, 0xACA5, 0xB4E6, 0xB4E6, 0xACC5, 0xA463, 0xACC5,
    0xAC84, 0xACC5, 0xACC5, 0xB4E6, 0xACA4, 0xACA4, 0xAC84, 0xB4E6, 0xACC5, 0xAC84, 0xACC5, 0xACC6,
    0xA443, 0xA463, 0xACA5, 0xA484, 0xACA5, 0xACA5, 0xACA5, 0xA464, 0xA484, 0xACA5, 0xAC85, 0xA464,
    0x9C44, 0xA464, 0x9C23, 0x9C23, 0x9C03, 0x9403, 0x8382, 0x8B82, 0x9C24, 0x93E3, 0x93E2, 0x9C23,
    0xA484, 0xA464, 0x9C43, 0xA484, 0xACA4, 0xACA5, 0xA463, 0xAC84, 0xACA4, 0xA484, 0xAC84, 0xACC5,
    0xB4E6, 0xACC5, 0xACA4, 0xB4E6, 0xACC5, 0xACC5, 0xACA4, 0xACA5, 0xB4E6, 0xA484, 0xACA5, 0xB4E6,
    0xB4E6, 0xACC5, 0xA463, 0xB4E6, 0xB4C5, 0xACA5, 0xB506, 0xB506, 0xACC5, 0xAC84, 0xACA5, 0xB4E5,
    0xB4C5, 0xA484, 0xACA5, 0xACC5, 0xA463, 0xA463, 0xAC84, 0xACC5, 0xA463, 0xACC5, 0xACC5, 0xA464,
    0xA464, 0xACA5, 0xA464, 0x9C23, 0x93E3, 0x9C44, 0x9C23, 0x9C23, 0x9C23, 0x9C23, 0x9403, 0x93E3,
    0x93E3, 0x9403, 0x9C03, 0x9C23, 0xAC84, 0x9C43, 0x9C23, 0xACA5, 0xACA5, 0xA464, 0xA484, 0xA484,
    0xACA5, 0xA484, 0xACA5, 0xACC6, 0xB4E5, 0xACC5, 0xB4C5, 0xACA4, 0xB4E5, 0xB506, 0xACA4, 0xB4E5,
    0xB506, 0xACC5, 0xACC5, 0xB506, 0xB506, 0xB4E5, 0xAC84, 0xB506, 0xACC5, 0xACC5, 0xACA4, 0xB4E5,
    0xB4E6, 0xACA4, 0xACA4, 0xB4E5, 0xACC5, 0xB4E5, 0xACA5, 0xB4E5, 0xA483, 0xA483, 0xACC5, 0xACA5,
    0xACC5, 0xAC84, 0xACA5, 0xA464, 0xA464, 0xACC5, 0xAC85, 0x9C43, 0xA444, 0xA444, 0x9C44, 0x9C03,
    0x9C03, 0x9C23, 0x93C2, 0x9C23, 0x93E3, 0x9C03, 0x9C03, 0xA443, 0xA484, 0xA464, 0xA443, 0xA484,
    0xACC5, 0xACA5, 0xA463, 0xB4C6, 0xACC5, 0xACC5, 0xACA5, 0xACA5, 0xACA5, 0xACA5, 0xA484, 0xB4E6,
    0xB4E5, 0xB4E5, 0xACA4, 0xACC5, 0xB4E6, 0xACC5, 0xACA5, 0xB506, 0xB4E6, 0xACC5, 0xA463, 0xB4E6,
    0xACC5, 0xA484, 0xACC5, 0xB4E6, 0xACC4, 0xACA4, 0xACA4, 0xB4E6, 0xACC5, 0xACA4, 0xACA5, 0xACC5,
    0xA484, 0xACA4, 0xACC5, 0xACC5, 0xA463, 0xB4E6, 0xAC84, 0xA464, 0xA484, 0xA485, 0xACA5, 0x9C43,
    0xA443, 0xA464, 0xA464, 0x9C23, 0x93E2, 0x9C23, 0x9C03, 0x9C23, 0x9C03, 0xA444, 0x9C02, 0x9C43,
    0xA484, 0xA443, 0x9C43, 0xACC5, 0xACA5, 0xA464, 0xA464, 0xA484, 0xACC5, 0xACA5, 0xAC85, 0xACC5,
    0xACC5, 0xB4E6, 0xACC5, 0xAC84, 0xB4E6, 0xACE6, 0xA484, 0xACC5, 0xACC5, 0xA484, 0xACC5, 0xB4E6,
    0xB506, 0xACC5, 0xA484, 0xB4E6, 0xB4E6, 0xB4E6, 0xACC5, 0xB4E6, 0xACC5, 0xACA4, 0xACA5, 0xACC5,
    0xB4E6, 0xACA5, 0xACA4, 0xACC5, 0xA484, 0xA463, 0xB4E6, 0xAC84, 0xACC5, 0xA464, 0xACA5, 0xAC84,
    0xA464, 0xACA5, 0xA485, 0xA444, 0xA464, 0xAC85, 0xA464, 0x9C23, 0x9C23, 0x9C23, 0x9C03, 0x93C2,
    0x9C23, 0x9C43, 0x93E3, 0x9C43, 0xACA5, 0xA443, 0xA444, 0xAC85, 0xACC5, 0xACC5, 0xACA5, 0xACC6,
    0xB4E6, 0xACC5, 0xACA5, 0xB4E6, 0xB4E6, 0xACC5, 0xACA5, 0xB4C5, 0xB4E6, 0xACC5, 0xAC84, 0xB4E6,
    0xB4E6, 0xACC5, 0xACA4, 0xB506, 0xB4E6, 0xACC5, 0xA464, 0xB4E6, 0xACC5, 0xACA4, 0xB4E6, 0xB4E6,
    0xACC5, 0xA483, 0xACA4, 0xB506, 0xACC5, 0xAC84, 0xB4E6, 0xB4E6, 0xA463, 0xACA4, 0xACC5, 0xACC5,
    0xA463, 0xACA5, 0xACA5, 0xA444, 0xA484, 0xACA5, 0xA485, 0x9C23, 0x9C44, 0xA464, 0xA465, 0xA444,
    0x9C02, 0x93C2, 0xA443, 0x9C23, 0x9C23, 0xA464, 0x9C43, 0xA443, 0xA485, 0xA464, 0xA464, 0xACA5,
    0xAC84, 0xACA5, 0x9C43, 0xAC85, 0xACC5, 0xACA5, 0xACA4, 0xACC5, 0xB4E6, 0xB4E6, 0xACA5, 0xACA5,
    0xB4E6, 0xB506, 0xACA4, 0xACC5, 0xB506, 0xACA5, 0xACA4, 0xB4E6, 0xB506, 0xB4E5, 0xAC84, 0xB4E6,
    0xACC5, 0xACC5, 0xB4E6, 0xB506, 0xACC5, 0xACA4, 0xACA4, 0xB4E5, 0xB4E6, 0xACC5, 0xACA5, 0xB4E6,
    0xA483, 0xA484, 0xACA5, 0xACA5, 0xAC84, 0xAC84, 0xACC5, 0xA464, 0xA464, 0xACA5, 0xAC85, 0xA444,
    0xA484, 0xAC85, 0xA464, 0xA444, 0x93C2, 0x9C23, 0x93E2, 0x9C23, 0xA444, 0xA444, 0x9C43, 0xA443,
    0xA464, 0x9C23, 0x9C23, 0xA464, 0xACA5, 0xAC84, 0xACC5, 0xACC5, 0xB4E6, 0xACA5, 0xA483, 0xB4E6,
    0xB4E6, 0xB4E6, 0xA464, 0xB4C5, 0xB506, 0xB4E5, 0xAC84, 0xB4C5, 0xB506, 0xACC5, 0xACA5, 0xB506,
    0xB506, 0xACE5, 0xAC84, 0xACE5, 0xACC5, 0xB506, 0xB506, 0xB4E6, 0xB4E6, 0xACC4, 0xACC5, 0xB4E6,
    0xB4E5, 0xACA4, 0xB4E5, 0xACC5, 0xACA5, 0xA463, 0xB4C5, 0xACC5, 0xA484, 0xB4E6, 0xACC5, 0xA464,
    0xA464, 0xACA5, 0xACC6, 0xA443, 0xA464, 0xA464, 0xACA5, 0xA464, 0x9403, 0x9C23, 0x9C23, 0x9C03,
    0xA464, 0x9C23, 0x9C03, 0xA464, 0xA485, 0xA464, 0x9C44, 0xACC5, 0xACA5, 0xA484, 0xA443, 0xACC5,
    0xB4E6, 0xACC5, 0xACA5, 0xACC5, 0xB4E6, 0xB4E6, 0xACA4, 0xACA5, 0xB506, 0xB4E6, 0xA484, 0xACE5,
    0xB4E6, 0xACA5, 0xACA5, 0xB4E6, 0xB4E5, 0xB4E6, 0xA484, 0xB506, 0xB4E6, 0xB4E6, 0xACC5, 0xB506,
    0xB4E5, 0xACA4, 0xACA5, 0xB4E6, 0xACC6, 0xACA5, 0xAC84, 0xB4E5, 0xA463, 0xA463, 0xB4E6, 0xACA5,
    0xAC84, 0xACA5, 0xACA5, 0xA444, 0xA464, 0xA444, 0xACA5, 0xA443, 0xA444, 0xACA5, 0xA464, 0xA444,
    0x9C23, 0xA464, 0x9C03, 0x9C03, 0x9C43, 0xA464, 0xA443, 0xA464, 0xA444, 0xA464, 0xA464, 0xACA5,
    0xACC5, 0xACA4, 0xACC5, 0xACA5, 0xB4E6, 0xACC5, 0xAC84, 0xB4E6, 0xB4E6, 0xACC5, 0xACC5, 0xACC5,
    0xB4E5, 0xB506, 0xACC4, 0xACC5, 0xB506, 0xACC5, 0xACC5, 0xB506, 0xB506, 0xACC5, 0xACA4, 0xB506,
    0xB4C5, 0xACC5, 0xB506, 0xB506, 0xACC5, 0xACA4, 0xACA4, 0xB4E5, 0xB4E5, 0xACA5, 0xB4E5, 0xB4E6,
    0xA483, 0xAC84, 0xB4E6, 0xACA5, 0xA464, 0xACA5, 0xACA5, 0xA464, 0xA484, 0xACA5, 0xA485, 0xA484,
    0xA444, 0xA484, 0xA444, 0xA464, 0x9C03, 0xA444, 0x9C23, 0x93E2, 0xA464, 0xA464, 0x9C03, 0xA443,
    0xAC85, 0xA484, 0xA463, 0xACC5, 0xACC5, 0xACC5, 0xA463, 0xACC5, 0xACC5, 0xACC5, 0xA484, 0xACC6,
    0xB4E6, 0xB4E5, 0xACA5, 0xACC5, 0xB4E5, 0xACE5, 0xACC5, 0xACC5, 0xB506, 0xACA5, 0xACA5, 0xB506,
    0xB4E6, 0xACC5, 0xA463, 0xB506, 0xB4E5, 0xACC5, 0xB4E6, 0xB4E5, 0xACC5, 0xACA4, 0xACC5, 0xB506,
    0xB4E5, 0xB4C5, 0xACA4, 0xB4E6, 0xA463, 0xA483, 0xACC5, 0xACC5, 0x9C43, 0xACC5, 0xACA5, 0xA484,
    0xA484, 0xACA5, 0xA464, 0x9C44, 0xA444, 0xACA5, 0xACA5, 0xA444, 0x93E3, 0xA464, 0x9C03, 0xA444,
    0xA444, 0xA464, 0x9C23, 0xA464, 0xAC84, 0xA464, 0xA464, 0xACA5, 0xACC5, 0xA464, 0xAC84, 0xACA4,
    0xB4C6, 0xACA5, 0xACC5, 0xB4E6, 0xB4E5, 0xACC5, 0xB4E6, 0xACA5, 0xACC5, 0xB506, 0xACC5, 0xB4E6,
    0xACC5, 0xACA5, 0xACA5, 0xB4E6, 0xB4E6, 0xB4E5, 0xA484, 0xB4E6, 0xACA5, 0xB4E5, 0xB4E6, 0xB506,
    0xACC5, 0xACA4, 0xACA5, 0xB506, 0xB4E6, 0xA484, 0xACC5, 0xB4C6, 0xA463, 0xA483, 0xACE6, 0xACA5,
    0xAC84, 0xACA5, 0xACC5, 0xA464, 0xA484, 0xACA5, 0xACA5, 0xA444, 0xA444, 0xACA5, 0xA485, 0xA444,
    0x9402, 0x9C03, 0x9C03, 0x9C23, 0xA444, 0xA464, 0x9C23, 0xA464, 0xAC85, 0xA464, 0xA443, 0xACA5,
    0xACC6, 0xAC85, 0xA485, 0xACC5, 0xACC5, 0xACC6, 0xA484, 0xB4E6, 0xACC6, 0xACC6, 0xA484, 0xACA5,
    0xACC5, 0xACC6, 0xA484, 0xACC6, 0xACA5, 0xACA5, 0xA485, 0xACC5, 0xB4E6, 0xACC5, 0xA484, 0xB4E6,
    0xACC5, 0xAC84, 0xACA5, 0xB4E5, 0xACA5, 0xACA4, 0xAC84, 0xACC5, 0xB4E6, 0xACA5, 0xB4C5, 0xB4C5,
    0xA463, 0xA463, 0xACA5, 0xACC6, 0x9C23, 0xACC5, 0xA484, 0xA444, 0xA484, 0xACA5, 0xAC85, 0x9C43,
    0xA443, 0xA464, 0xA444, 0xA444, 0x9C03, 0x9C03, 0x93E3, 0x9C03, 0x9C23, 0x93E3, 0x9C23, 0xA464,
    0xACA5, 0xA484, 0xA443, 0xA484, 0xACA5, 0xA443, 0xA464, 0xACA5, 0xACA5, 0xACA5, 0xACA5, 0xB4E6,
    0xB4E6, 0xACA5, 0xACA5, 0xA444, 0xACA5, 0xB4E6, 0xACA4, 0xACC5, 0xA465, 0xA484, 0xAC85, 0xB4E6,
    0xB4E6, 0xB4E6, 0xACA4, 0xB4E6, 0xACC5, 0xACC5, 0xB4E6, 0xB4E6, 0xACC5, 0xACA4, 0xACA5, 0xB506,
    0xB4E6, 0xB4C5, 0xB4E5, 0xB4E6, 0xA463, 0xA463, 0xACC5, 0xACA5, 0xACA5, 0xA484, 0xACA5, 0xA444,
    0xA484, 0xACA5, 0xAC85, 0xA444, 0x9C03, 0x9C44, 0xAC85, 0x9C23, 0x9403, 0xA444, 0x93E3, 0x9C03,
    0xA444, 0x9C44, 0xA444, 0xA444, 0xACA5, 0xA464, 0xA464, 0xACA5, 0xACC5, 0xACA5, 0xAC85, 0xACC5,
    0xACA5, 0xACA5, 0xACC5, 0xB4E6, 0xACC5, 0xB4E6, 0xA484, 0xACC6, 0xA485, 0xACE6, 0xA463, 0xACA5,
    0xACC6, 0xA484, 0xA484, 0xAC84, 0xB4E6, 0xACC5, 0xA484, 0xB506, 0xACC5, 0xACA5, 0xB4E6, 0xB506,
    0xACC5, 0xACA4, 0xACC5, 0xB4E6, 0xB4E6, 0xACA5, 0xACC5, 0xB4E6, 0xA484, 0xA484, 0xACA5, 0xACC6,
    0xA443, 0xA464, 0xA485, 0xA464, 0xA484, 0xACA5, 0xAC85, 0x9C44, 0x9C03, 0x9C24, 0xA464, 0x9C23,
    0x9403, 0x9C03, 0x9C23, 0x9C03, 0xA464, 0xA484, 0x9C03, 0xA443, 0xA484, 0xA464, 0xA464, 0xACC5,
    0xACA4, 0xACA5, 0xA443, 0xACA5, 0xB506, 0xACA5, 0xB4C5, 0xB4E6, 0xB4E6, 0xACC5, 0xA464, 0xA485,
    0xACC5, 0xACE5, 0xA464, 0xACA5, 0xB4E6, 0xA484, 0xA484, 0xB4E6, 0xB4E6, 0xACC5, 0xA484, 0xB4E5,
    0xACA4, 0xACA5, 0xACC5, 0xACC5, 0xB4E5, 0xACA4, 0xACA4, 0xB4E6, 0xACC5, 0xACC5, 0xACA4, 0xB4E6,
    0xA483, 0xAC84, 0xACA5, 0xA464, 0xA464, 0xA464, 0xAC85, 0xA464, 0xA464, 0xACA5, 0xACA5, 0xAC85,
    0x9C44, 0xA484, 0xA464, 0xA444, 0x93E3, 0x9C23, 0x93C2, 0x9C03, 0x9C24, 0xACA5, 0x9C03, 0xA463,
    0xACA5, 0xA464, 0xA463, 0xACC5, 0xACC5, 0xA484, 0xACC5, 0xACC5, 0xB4E6, 0xACC5, 0xACA4, 0xB4E6,
    0xB4C5, 0xB4E6, 0xA484, 0xB4C6, 0xACC5, 0xACC5, 0xA483, 0xACC5, 0xB4E6, 0xACA5, 0xACA5, 0xB4E6,
    0xB4E6, 0xACC5, 0xA463, 0xACE5, 0xACA4, 0xACA5, 0xACA5, 0xB4E5, 0xACC5, 0xAC84, 0xACA4, 0xACC5,
    0xACC5, 0xAC84, 0xACA5, 0xB4E6, 0xA484, 0xA463, 0xACA5, 0xA484, 0xA444, 0xA484, 0xA484, 0x9C23,
    0xA484, 0xACA5, 0xA464, 0x9C23, 0xA444, 0xA484, 0xA464, 0x9C23, 0x8BA2, 0x8BC3, 0x9C03, 0x93C2,
    0x9C24, 0xA444, 0x9C03, 0xA464, 0xACA5, 0xAC84, 0xA464, 0xACC5, 0xACC5, 0xACA5, 0xA464, 0xACC5,
    0xACC5, 0xACA5, 0xACA4, 0xB4E6, 0xB4E6, 0xB4C5, 0xACA5, 0xACC5, 0xB4C5, 0xACC5, 0xAC84, 0xACC5,
    0xB506, 0xA484, 0xACA5, 0xACC6, 0xB4E6, 0xB4E5, 0xAC84, 0xACC5, 0xB4E6, 0xA484, 0xB4C5, 0xB4E6,
    0xACC5, 0xAC84, 0xAC84, 0xACC6, 0xACC5, 0xACA4, 0xACA5, 0xB4E6, 0xA463, 0xA464, 0xB4E6, 0xA464,
    0xA464, 0xA464, 0xAC85, 0xA444, 0xA444, 0xAC85, 0xA444, 0x9C43, 0x9C44, 0xAC85, 0xA464, 0x9C24,
    0x8BA2, 0x93E3, 0x93E3, 0x93E3, 0x9C23, 0xA464, 0x9C02, 0xA464, 0xA464, 0xACA5, 0xA463, 0xACC5,
    0xACC5, 0xACA4, 0xAC84, 0xACA5, 0xACA5, 0xACA5, 0xAC84, 0xACA5, 0xACA5, 0xACC5, 0xACC5, 0xACA5,
    0xB4E6, 0xACE5, 0xACA4, 0xACC5, 0xB4E6, 0xACA5, 0xACA5, 0xB506, 0xACE5, 0xACC5, 0xA484, 0xB4E5,
    0xACA4, 0xACC5, 0xAC84, 0xACC5, 0xB4E5, 0xA483, 0xACA4, 0xB4E6, 0xACC5, 0xAC84, 0xB4E5, 0xACA4,
    0xA483, 0xA484, 0xA484, 0xAC84, 0xA464, 0xA464, 0xAC85, 0x9C23, 0xA464, 0xA484, 0xA464, 0xA444,
    0xA444, 0xAC85, 0xA464, 0x9C23, 0x93C2, 0x9C23, 0xA444, 0x9C23, 0xA444, 0xA443, 0x9C23, 0xA444,
    0xACA5, 0xA464, 0xA463, 0xACA5, 0xACC5, 0xACA5, 0xA463, 0xB4E6, 0xACC5, 0xACC5, 0xA484, 0xACC6,
    0xB4E5, 0xACC5, 0xA484, 0xB4E5, 0xB4E6, 0xB506, 0xACA4, 0xACC5, 0xA484, 0xA484, 0xACA5, 0xB4E6,
    0xACC5, 0xACC5, 0xA484, 0xB4C5, 0xACA4, 0xA484, 0xACA5, 0xB4C5, 0xACA4, 0xACA4, 0xACA5, 0xB4C5,
    0xACA5, 0xB4E6, 0xACA4, 0xACE6, 0xA463, 0xA463, 0xACA5, 0xAC84, 0x9C23, 0xA484, 0xA485, 0xA444,
    0xA443, 0xA444, 0xACA5, 0x9C23, 0xA443, 0xAC85, 0xA464, 0xA444, 0x93E3, 0x9C03, 0x9C03, 0xA443,
    0xA444, 0xA444, 0x9C23, 0xA444, 0xAC85, 0xA464, 0xA463, 0xACA5, 0xB4E6, 0xACA5, 0xACA5, 0xACA5,
    0xB4C5, 0xACA4, 0xAC84, 0xB4E6, 0xACC5, 0xACE5, 0xACC5, 0xACA5, 0xB4E6, 0xB4E6, 0xACA4, 0xACC5,
    0xB4E5, 0xA484, 0xB4E5, 0xB506, 0xB506, 0xACC5, 0xA463, 0xB4E6, 0xACC5, 0xAC84, 0xACA4, 0xB4E6,
    0xACA4, 0xA483, 0xAC84, 0xACA5, 0xACC5, 0xACA5, 0xACA5, 0xB4C6, 0xA484, 0x9C43, 0xACA5, 0xAC84,
    0xA484, 0xACA5, 0xA464, 0x9C03, 0x9C43, 0xA485, 0xA464, 0xA464, 0xA464, 0xA444, 0xA444, 0xA444,
    0x93E2, 0xA444, 0x9C44, 0x9C23, 0xA464, 0xA484, 0x9C23, 0xA463, 0xAC84, 0xA484, 0xA443, 0xACC5,
    0xB4E6, 0xAC84, 0xACA5, 0xACA5, 0xB4E6, 0xACA5, 0xA464, 0xB4E6, 0xACC5, 0xB4E5, 0xA484, 0xB4E6,
    0xACC5, 0xACC5, 0xACC4, 0xB4E6, 0xACA5, 0xACC5, 0xACA5, 0xB4E6, 0xB506, 0xB4E5, 0xA463, 0xB4C5,
    0xACA5, 0xACA4, 0xB4E5, 0xB4E6, 0xACA5, 0xACA4, 0xACA4, 0xACA5, 0xB4C5, 0xACC5, 0xACA4, 0xACC5,
    0xA463, 0xA443, 0xAC85, 0xACC5, 0xA443, 0xAC85, 0x9C23, 0x9C23, 0x9C44, 0x9C24, 0xAC84, 0xA444,
    0xA443, 0xAC85, 0x9C44, 0x9C03, 0x9C23, 0x9C03, 0x9C03, 0x9C23, 0xA464, 0xAC84, 0xA463, 0xA464,
    0xA464, 0xA464, 0x9C43, 0xA484, 0xACA5, 0xA484, 0xA463, 0xACA4, 0xB4C5, 0xACA5, 0xACA5, 0xB4E6,
    0xACC5, 0xACC5, 0xACA5, 0xACA5, 0xACC5, 0xB506, 0xACC5, 0xACC5, 0xB506, 0xAC84, 0xACA5, 0xB4E6,
    0xB4E6, 0xB4E5, 0xA484, 0xB4E6, 0xACC5, 0xB4E5, 0xB506, 0xB4E6, 0xB4C5, 0xAC83, 0xACA4, 0xB4E6,
    0xB4E6, 0xA484, 0xACC5, 0xACA4, 0xA484, 0xA443, 0xACC5, 0xA484, 0xACA5, 0xA484, 0xA464, 0x9C03,
    0x9C44, 0xA484, 0xA464, 0xA444, 0xA444, 0xA464, 0x9C24, 0x9C23, 0x9C23, 0x9C24, 0x93E3, 0x93E2,
    0xA443, 0xA464, 0x9C23, 0xA464, 0xA484, 0xA484, 0x9C23, 0xA484, 0xACA5, 0xACC5, 0xAC84, 0xACC5,
    0xACC5, 0xACC5, 0xACC5, 0xB4E6, 0xB4C5, 0xACC5, 0xA484, 0xACA5, 0xACC5, 0xB506, 0xACA4, 0xB4E5,
    0xB4E5, 0xACA4, 0xACC5, 0xB4E6, 0xB4E6, 0xB4E5, 0xA463, 0xB4E6, 0xACC5, 0xACA5, 0xB4E6, 0xB4E5,
    0xACC5, 0xACA4, 0xA484, 0xB4E6, 0xB4E6, 0xA484, 0xACA5, 0xACC5, 0xA463, 0xA463, 0xACC5, 0xA484,
    0x9C23, 0xAC84, 0xAC85, 0x93E3, 0xA464, 0xA444, 0xA485, 0x9C23, 0xA464, 0xA464, 0xA464, 0x9C03,
    0x93E3, 0x9C03, 0x9C03, 0x9C03, 0xA444, 0xA464, 0x9C23, 0x9C43, 0xAC85, 0xA443, 0x9C43, 0xACA5,
    0xA484, 0xAC84, 0xA443, 0xACC5, 0xACC5, 0xACA5, 0xACA4, 0xACC5, 0xB4E6, 0xACC5, 0xA464, 0xACA5,
    0xACC5, 0xACE6, 0xA484, 0xACA4, 0xACC5, 0xA484, 0xA484, 0xB4E6, 0xB4E6, 0xACC5, 0xA464, 0xB4C5,
    0xACA5, 0xACA5, 0xACA5, 0xB4C5, 0xACA5, 0xA483, 0xA484, 0xACC5, 0xACC5, 0xACC5, 0xA464, 0xACC5,
    0xA443, 0xA443, 0xAC85, 0xA464, 0xAC85, 0xA464, 0xAC85, 0x9C03, 0x9C43, 0xACA5, 0xA464, 0xA464,
    0xA444, 0xAC85, 0xA464, 0x9C23, 0x93E3, 0x9C23, 0x93C2, 0x9C03, 0xA444, 0xA444, 0x93E2, 0x9C23,
    0xAC85, 0x9C23, 0xA463, 0xA484, 0xACA5, 0xA484, 0xACA5, 0xACA5, 0xACC5, 0xA484, 0xACA4, 0xACC5,
    0xACC5, 0xACA5, 0xA464, 0xACA5, 0xACA5, 0xACE5, 0xACA4, 0xACC5, 0xB4E6, 0xACA5, 0xB4E6, 0xACC5,
    0xACE5, 0xACC5, 0xA484, 0xB4E6, 0xA484, 0xACA5, 0xACA4, 0xACA5, 0xACC5, 0xACC5, 0xA484, 0xACC5,
    0xACC5, 0xA484, 0xA485, 0xACA5, 0xA443, 0xA463, 0xA484, 0xACA5, 0x9C23, 0xA464, 0xACA5, 0x9C24,
    0xA484, 0xACA5, 0xA464, 0x9C23, 0x9C43, 0xA464, 0xA464, 0x9C23, 0x93E2, 0x9403, 0x9403, 0x93E2,
    0xA444, 0xA444, 0x9C03, 0x9C23, 0xA485, 0xA464, 0x9C43, 0xACC5, 0xAC85, 0xACA5, 0xA443, 0xACA5,
    0xAC84, 0xACA5, 0xACA5, 0xACA5, 0xACC5, 0xACA5, 0xACA5, 0xACA5, 0xACC5, 0xACC5, 0xA484, 0xACA5,
    0xB4E5, 0xAC84, 0xACA4, 0xACC5, 0xACC5, 0xACC5, 0xA463, 0xACC5, 0xACC5, 0xACA4, 0xACC5, 0xB4C6,
    0xACC5, 0xA484, 0xA484, 0xB4C5, 0xB4C5, 0xACA5, 0xA484, 0xACA5, 0xA443, 0xA484, 0xA464, 0x9C43,
    0xA443, 0xA464, 0xA464, 0x9C43, 0x9C44, 0xAC85, 0xAC84, 0x9C43, 0x9C23, 0xA464, 0xA444, 0x9C43,
    0x93E2, 0x9C23, 0x9403, 0x9C03, 0x9C03, 0x9C23, 0x9C03, 0xA464, 0xA444, 0xA464, 0x9C43, 0xAC84,
    0xACA5, 0xA484, 0xA484, 0xA484, 0xACA5, 0xAC84, 0xA464, 0xACC5, 0xACC5, 0xB4E6, 0xACA5, 0xA464,
    0xACA5, 0xACC5, 0xA484, 0xACA5, 0xACC5, 0xACA5, 0xAC84, 0xACA5, 0xB4E6, 0xACA4, 0xA483, 0xACC5,
    0xACC5, 0xACA4, 0xACC5, 0xB4E6, 0xACA4, 0xA464, 0xACA4, 0xB4E6, 0xACC5, 0xA484, 0xB4C5, 0xACA4,
    0xA464, 0xA443, 0xACA5, 0xA464, 0x9C03, 0xA464, 0xACA5, 0x9C03, 0xA464, 0xA444, 0xA464, 0xA444,
    0x9C23, 0xA464, 0x9C23, 0x9C03, 0x9C03, 0x9C23, 0x9C44, 0x8BA2, 0x9C03, 0x9C44, 0x9C23, 0x93E2,
    0xAC85, 0xA464, 0x9C43, 0xA464, 0xA464, 0xA464, 0x9C43, 0xAC84, 0xA484, 0xAC84, 0xA484, 0xACA5,
    0xA484, 0xACA5, 0xA464, 0xAC84, 0xA484, 0xACC5, 0xA464, 0xACA5, 0xB4E5, 0xA484, 0xAC84, 0xACE5,
    0xACC5, 0xACC5, 0xA463, 0xB4E5, 0xACC5, 0xA484, 0xACC5, 0xACC5, 0xACA4, 0xA484, 0xACA5, 0xACC5,
    0xACA5, 0xACC5, 0xA484, 0xACA5, 0x9C43, 0xA463, 0xAC84, 0x9C43, 0x9C23, 0xA444, 0xA464, 0xA444,
    0xA464, 0xAC85, 0xA464, 0x9C23, 0xA444, 0xA444, 0xA444, 0x9C43, 0x93C2, 0x93E3, 0x93E3, 0x93E3,
    0x9C44, 0x9C24, 0x9402, 0x9C23, 0xA464, 0xA464, 0xA464, 0xAC84, 0xAC85, 0xA464, 0xA464, 0xA464,
    0xACA4, 0xA464, 0xA484, 0xACA5, 0xA485, 0xACA5, 0xA484, 0xA464, 0xACA5, 0xACA5, 0xA463, 0xACA5,
    0xACC5, 0xA464, 0xACA5, 0xACC5, 0xACC5, 0xA484, 0xA443, 0xACA5, 0xA484, 0xACA5, 0xACA5, 0xACC5,
    0xACC5, 0xA463, 0xA463, 0xACC5, 0xACA5, 0xA484, 0xA484, 0xACA4, 0xA464, 0xA463, 0xAC85, 0x9C23,
    0xA444, 0xA464, 0xA464, 0x9C43, 0xA444, 0xACA5, 0xAC85, 0x9C24, 0x9C23, 0xA444, 0x9C23, 0x9C24,
    0x93C2, 0x9C03, 0x93C3, 0x8BC2, 0x8BC2, 0x9C03, 0x9C03, 0x9C02, 0xA464, 0x9C43, 0x9C02, 0xA484,
    0xACA5, 0xA484, 0xA464, 0xA484, 0xACC5, 0xA464, 0xA484, 0xACA5, 0xACA5, 0xA464, 0x93E2, 0xAC84,
    0xACA5, 0xACA5, 0xA484, 0xACA5, 0xACA5, 0xAC84, 0xA464, 0xACC6, 0xACA5, 0xACA4, 0xA463, 0xACA5,
    0xACA5, 0xA464, 0xA484, 0xACA5, 0xA463, 0xA484, 0xA464, 0xACA5, 0xACC5, 0xA485, 0xA464, 0xACA5,
    0x9C43, 0x9C23, 0xA484, 0x93E3, 0x9C23, 0xA444, 0xA464, 0x9C23, 0x9C23, 0xAC85, 0xAC85, 0x9C03,
    0x9C03, 0x9C24, 0xA464, 0x9403, 0x8BA2, 0x9C23, 0x93C2, 0x9C03, 0x9C03, 0x93E3, 0x93E2, 0x9C23,
    0xA444, 0x9C44, 0x9C03, 0xAC85, 0xA464, 0x9C43, 0xA444, 0xA444, 0xA484, 0xA444, 0xA443, 0xA484,
    0xA464, 0xA464, 0x9C43, 0x9C44, 0xAC84, 0xA4A5, 0x9C43, 0xA484, 0xACA5, 0x9C43, 0xA464, 0xACC5,
    0xACA5, 0xA484, 0x9C43, 0xAC84, 0xA484, 0xAC85, 0xACA5, 0xACA5, 0xA484, 0xA484, 0xA464, 0xACC5,
    0xAC85, 0xA484, 0xAC84, 0xACA5, 0x9C23, 0x9C23, 0xA464, 0xA444, 0x9C23, 0x9C03, 0x9C24, 0x9C23,
    0x9C44, 0xA485, 0x9C24, 0x9C24, 0x9C24, 0x9C03, 0x9C23, 0x9C23, 0x8BC2, 0x9C03, 0x93E3, 0x93C2,
    0x8BA2, 0x93C2, 0x93C2, 0x9C03, 0x9C24, 0xA444, 0x9C43, 0xA443, 0xA464, 0xA463, 0x9C23, 0xA485,
    0xA464, 0xA464, 0xA444, 0xA484, 0xA484, 0xA464, 0x9C23, 0xA464, 0xAC84, 0xACA5, 0xA464, 0xA464,
    0xACA5, 0xA464, 0x9C43, 0xAC84, 0xA484, 0xA484, 0x9C43, 0xACA5, 0xACA5, 0xA463, 0xA464, 0xAC85,
    0xACA5, 0xA443, 0xA464, 0xA464, 0xACA5, 0x9C43, 0xA484, 0xACA5, 0x9C23, 0x9C43, 0xA464, 0x9C23,
    0x93C2, 0x9C23, 0x9C24, 0x93E3, 0x9C24, 0x9C44, 0x9C44, 0x93E3, 0x93E3, 0x9C23, 0x9C24, 0x9C03,
    0x8BA2, 0x9403, 0x93E2, 0x8BA2, 0x8B82, 0x93E3, 0x93C2, 0x9C03, 0xA443, 0x9C03, 0x93E2, 0xA464,
    0xA464, 0xA444, 0x93E2, 0x9C23, 0xA464, 0xA464, 0x9C43, 0xA485, 0xA464, 0xA464, 0x9C43, 0xA444,
    0xA484, 0xACA5, 0xA464, 0xA484, 0xACA5, 0xA464, 0xA444, 0xAC85, 0xAC84, 0xA484, 0x9C23, 0xACC5,
    0xA464, 0xACA5, 0xA484, 0xAC84, 0xA484, 0xA443, 0xA444, 0xAC85, 0xACA5, 0xA464, 0xA464, 0xA464,
    0x9C43, 0x9C23, 0xA464, 0xA464, 0x9C44, 0x9C44, 0xA444, 0x9C03, 0x9C44, 0x9C23, 0xA444, 0xA444,
    0x9C03, 0xA444, 0x9C44, 0x9C03, 0x8BA2, 0x8BC3, 0x8BC2, 0x93C2, 0x93C3, 0x93E3, 0x8BC2, 0x9403,
    0xA444, 0x9C23, 0x93C2, 0x9C44, 0xA464, 0x9C43, 0xA464, 0xA464, 0xA485, 0xA464, 0x9C43, 0xA485,
    0xA484, 0xA444, 0x9C23, 0xA464, 0xA484, 0xA484, 0x9C43, 0xA464, 0xACA5, 0xA484, 0xA464, 0xACA5,
    0xACA5, 0xA484, 0x9C23, 0xACA5, 0xA464, 0xA464, 0xA464, 0xACA5, 0xA464, 0xA464, 0xA464, 0xACA5,
    0xA464, 0xA464, 0xA443, 0xA484, 0x93E2, 0x9C23, 0xA484, 0xA444, 0x93C2, 0x9C44, 0xA444, 0x9C23,
    0x9C23, 0xA464, 0x9C24, 0x8BC2, 0x93E3, 0xA444, 0xA444, 0x9C03, 0x8BC2, 0x93E3, 0x8BA2, 0x93E3,
    0x9C24, 0x93E3, 0x8BA2, 0x93E2, 0x9C23, 0x9C23, 0x9C23, 0xA443, 0x9C44, 0xA444, 0x9C03, 0xA484,
    0xA484, 0xA464, 0x9C43, 0xAC85, 0x9C44, 0x9C44, 0x9C23, 0x9C44, 0xACA5, 0xA464, 0x9C23, 0xA444,
    0xACA5, 0x9C03, 0xA443, 0xA484, 0xA484, 0xA484, 0x9C23, 0xACA5, 0xA464, 0xA464, 0xA464, 0xAC84,
    0xA484, 0x9C23, 0x9C43, 0xA464, 0x9C43, 0xA484, 0x9C43, 0xA464, 0x9C03, 0x93E2, 0x9C23, 0x9C03,
    0x9C23, 0x9C44, 0xA444, 0x93E3, 0x9C23, 0xA444, 0x9C24, 0x9C03, 0x9403, 0x9C03, 0x9C03, 0x93E3,
    0x93E2, 0x9C03, 0x93C2, 0x93E2, 0x93C2, 0x9C03, 0x93C2, 0x93E3, 0x9C24, 0x9C03, 0x9C03, 0x9C44,
    0x9C43, 0x9C23, 0x9C44, 0x9C03, 0xA464, 0x9C23, 0x9C23, 0xA464, 0xA464, 0x9C23, 0xA444, 0x9C23,
    0xA464, 0xA464, 0x9C23, 0xA444, 0xA443, 0xA464, 0xA444, 0xA484, 0xA484, 0xA464, 0x9C03, 0xA484,
    0xA444, 0xA464, 0x9C23, 0xA464, 0x9C43, 0x9C23, 0x9C23, 0x9C43, 0x9C23, 0x9C23, 0x9C23, 0xA444,
    0x9403, 0x9C03, 0xA464, 0x9C24, 0x9C03, 0xA444, 0xA444, 0x9C03, 0x9C03, 0x9C24, 0x9C23, 0x9403,
    0x93C3, 0x9C03, 0x93E3, 0x93C2, 0x93C2, 0x93C3, 0x93C2, 0x8B82, 0x93C2, 0x93E3, 0x93C2, 0x93E3,
    0x9C23, 0x9403, 0x9402, 0x9C23, 0x9C24, 0x9C03, 0x8BC2, 0x9C24, 0x9C23, 0x9C24, 0x9C23, 0xA464,
    0x9C23, 0x9C23, 0x9403, 0x9C23, 0xA464, 0x9C44, 0x9C23, 0x9C44, 0xA464, 0x9C23, 0x9C03, 0xA444,
    0xA464, 0xA464, 0x9C23, 0xA464, 0xA444, 0xA444, 0x9C23, 0xA464, 0x9C43, 0x9C23, 0x93E3, 0xA444,
    0xA444, 0xA444, 0x9C03, 0x9C23, 0x9402, 0x93E2, 0x9C23, 0x9C03, 0x93E2, 0x9403, 0x9C24, 0x9C03,
    0x93E3, 0x9C23, 0x93E3, 0x93E3, 0x93E3, 0x93C3, 0x93C3, 0x8BA2, 0x8BC2, 0x8BC2, 0x8B82, 0x8B82,
    0x9C04, 0x93C2, 0x93E2, 0x93C2, 0x93C2, 0x93E3, 0x93C2, 0x9C44, 0x9C44, 0x93C2, 0x93C3, 0x9403,
    0xA444, 0x9403, 0x8BC2, 0x9C24, 0x93E3, 0x9C03, 0x9C23, 0x9C03, 0x9C44, 0x9C44, 0x93E2, 0x9C23,
    0xA444, 0x9C03, 0x9C03, 0xA464, 0xA484, 0xA464, 0x9C03, 0xA464, 0x9C03, 0x9C23, 0xA464, 0xA464,
    0xA464, 0x9C23, 0x9C23, 0xA444, 0x9C23, 0x9C23, 0x9C23, 0x9C03, 0x93C2, 0x9C03, 0x9403, 0x93E3,
    0x9C03, 0x9C03, 0x9C24, 0x93C2, 0x93C2, 0x9403, 0x93C3, 0x8BA3, 0x8BC2, 0x9403, 0x93C3, 0x8BA2,
    0x8BA2, 0x93E3, 0x8382, 0x8BC2, 0x93E3, 0x9403, 0x93C2, 0x93E2, 0x9C24, 0x93E3, 0x93E3, 0x9C44,
    0x9C23, 0x9C03, 0x93E3, 0x9403, 0x9403, 0x93E3, 0x9403, 0x9C03, 0x9C03, 0x9C23, 0x93E2, 0x9C24,
    0xA444, 0x9C43, 0x9C03, 0x9C44, 0x9C44, 0x9C03, 0x9C03, 0xA444, 0xA464, 0x9C43, 0x9C03, 0xA444,
    0x9C23, 0x9C03, 0x9C44, 0xA443, 0x9C03, 0x9C03, 0x93E3, 0xA444, 0x9C23, 0x9C43, 0x9C03, 0x9C24,
    0x8BC2, 0x93E2, 0x93E3, 0x8BA2, 0x8B82, 0x93E3, 0x9C04, 0x8BC2, 0x93E3, 0x9C04, 0x93E3, 0x8382,
    0x8B82, 0x8B82, 0x93E3, 0x93C2, 0x8BA2, 0x93E3, 0x8B82, 0x93C3, 0x93C3, 0x93C3, 0x93C2, 0x93C2,
    0x93E3, 0x93E3, 0x8BC2, 0x9403, 0x9C03, 0x9403, 0x93E3, 0x93C2, 0x93E3, 0x93E3, 0x93C2, 0x9C24,
    0x9C03, 0x9C03, 0x93C2, 0x8BC2, 0x9C23, 0x9C23, 0x9C02, 0x9C24, 0x9C44, 0x9C03, 0x9C23, 0xA444,
    0x9C24, 0xA444, 0x93E2, 0x9C44, 0x9C23, 0x9C24, 0x9C24, 0xA464, 0x9C24, 0x9C03, 0x93E3, 0x9C03,
    0x9C23, 0x9403, 0x93E3, 0x9C03, 0x8B82, 0x8BA2, 0x93E3, 0x93E3, 0x93E3, 0x93E3, 0x93E3, 0x8BA2,
    0x93C2, 0x93E3, 0x8BA2, 0x8BA2, 0x8342, 0x8BA3, 0x8BA2, 0x8B82, 0x8BC2, 0x93C3, 0x8BA2, 0x8362,
    0x8BC3, 0x8BA2, 0x8BA2, 0x8BA2, 0x9C03, 0x93C2, 0x8BA2, 0x9C03, 0x9C03, 0x9C03, 0x9403, 0x93E3,
    0x9C03, 0x93E3, 0x93C2, 0x8BC3, 0x93E3, 0x8BC3, 0x8BA2, 0x93C3, 0x93E3, 0x9C44, 0x93E3, 0x93E3,
    0x9C23, 0x9C03, 0x93E3, 0x9C24, 0x9C23, 0x9C23, 0x93E2, 0x93C3, 0x9C03, 0x93E3, 0x8BC2, 0x9C23,
    0x93E2, 0x93C2, 0x93E3, 0x93E3, 0x9C23, 0x93C2, 0x8BC2, 0x93C3, 0x8B82, 0x8361, 0x93C3, 0x93C2,
    0x8BA2, 0x9403, 0x93E3, 0x8B82, 0x8BC2, 0x93E3, 0x9403, 0x8BA2, 0x8342, 0x8B82, 0x8B82, 0x8362,
    0x8382, 0x8B82, 0x8B82, 0x8B82, 0x8B82, 0x8B82, 0x8B82, 0x8B82, 0x93C3, 0x8BC3, 0x8382, 0x93E3,
    0x93E3, 0x93E3, 0x8B82, 0x93E3, 0x8B82, 0x8B82, 0x93C2, 0x9403, 0x8382, 0x93E3, 0x8362, 0x8342,
    0x93E3, 0x9403, 0x93C2, 0x93E3, 0x9C24, 0x93E3, 0x9C03, 0x93E3, 0x9C23, 0x93E3, 0x8BA2, 0x93E3,
    0x93E3, 0x9C03, 0x93E3, 0x9C24, 0x9403, 0x93C2, 0x93C3, 0x93E3, 0x93E3, 0x9C03, 0x93C3, 0x8BA2,
    0x8BA2, 0x8B82, 0x93C3, 0x8BA2, 0x93C3, 0x8BC3, 0x93E3, 0x8BA2, 0x8BA2, 0x93E3, 0x93E3, 0x8BA2,
    0x8BA2, 0x8BC3, 0x8BA2, 0x8B82, 0x8342, 0x8362, 0x7B21, 0x7B21, 0x8342, 0x8BA2, 0x8BA2, 0x8382,
    0x8BA3, 0x8BA3, 0x7B41, 0x8BA2, 0x93C3, 0x8BA2, 0x93C3, 0x8BA2, 0x93E3, 0x8BA2, 0x8B82, 0x93C3,
    0x93E3, 0x8362, 0x7B42, 0x8BC2, 0x93E3, 0x9403, 0x93C2, 0x93E3, 0x9403, 0x93E3, 0x8BC2, 0x9C04,
    0x93E3, 0x93E3, 0x8BA2, 0x93E3, 0x93E3, 0x8BC2, 0x9C03, 0x9403, 0x93E3, 0x93E3, 0x8B82, 0x93E3,
    0x93C2, 0x8BA2, 0x8BA2, 0x93C3, 0x8BC2, 0x8B82, 0x93C2, 0x93C3, 0x8382, 0x8BC3, 0x8BA3, 0x8B82,
    0x8BA2, 0x93C3, 0x93C3, 0x8382, 0x8BA2, 0x8BA3, 0x8BC3, 0x8B82, 0x8361, 0x7B21, 0x7B42, 0x7B01,
    0x7B21, 0x8342, 0x8342, 0x7B21, 0x8382, 0x8341, 0x8361, 0x8341, 0x8382, 0x8BA2, 0x8341, 0x8BA3,
    0x93C3, 0x8B82, 0x8B82, 0x8BC2, 0x8382, 0x7B42, 0x7B21, 0x8BA2, 0x93C3, 0x8BA2, 0x8341, 0x8BA2,
    0x93E3, 0x8362, 0x8362, 0x8BC2, 0x93E3, 0x9403, 0x8B82, 0x93C3, 0x93C3, 0x93C3, 0x93E3, 0x93C3,
    0x8BC2, 0x8BA2, 0x8B82, 0x8BA2, 0x93E3, 0x93C3, 0x8B82, 0x93E3, 0x8382, 0x8B82, 0x93C3, 0x8362,
    0x8362, 0x8B82, 0x8BA2, 0x8362, 0x8382, 0x8BA3, 0x8B82, 0x8BA2, 0x8B82, 0x93C3, 0x8BA2, 0x8B82,
    0x8341, 0x8342, 0x72E1, 0x8342, 0x7B01, 0x7B22, 0x7301, 0x8362, 0x8362, 0x7B22, 0x7301, 0x7301,
    0x8B82, 0x8362, 0x8BA2, 0x8B82, 0x8362, 0x8382, 0x8362, 0x8B82, 0x7B22, 0x7B22, 0x8BA2, 0x8B82,
    0x8BA2, 0x8382, 0x8382, 0x8382, 0x8BA2, 0x8B82, 0x8342, 0x8BA2, 0x93C3, 0x8BA2, 0x8382, 0x8BC3,
    0x8B82, 0x8B82, 0x8BC2, 0x8BA3, 0x8382, 0x8BA2, 0x8361, 0x8382, 0x8382, 0x8382, 0x93C2, 0x8B82,
    0x8BA2, 0x8361, 0x8362, 0x8362, 0x7B41, 0x8362, 0x8BA3, 0x8362, 0x8361, 0x8BA3, 0x8BA3, 0x8BA3,
    0x8B82, 0x8BA3, 0x8BA2, 0x8361,
};
#define TEXTURE_WALL_MIP2_SIZE 32
static const uint16_t TEXTURE_WALL_MIP2_PIXELS[1024] __attribute__((aligned(16))) = {
    0x8361, 0x8361, 0x8BA2, 0x8361, 0x8BA2, 0x8BA2, 0x8BA2, 0x8B82, 0x8BC2, 0x8BA2, 0x8B82, 0x8B82,
    0x93C2, 0x8B82, 0x8BA2, 0x8BC2, 0x93E2, 0x93C2, 0x93C2, 0x93E3, 0x8BC2, 0x8BC2, 0x8B82, 0x8BA2,
    0x8B81, 0x8BA2, 0x8382, 0x8BA2, 0x8BC2, 0x8362, 0x8361, 0x8B82, 0x8B82, 0x8B82, 0x93C3, 0x8BA2,
    0x93C3, 0x93E3, 0x9403, 0x93E3, 0x93E3, 0x93E3, 0x9403, 0x9403, 0x9C44, 0x8BC2, 0x93E3, 0x9403,
    0x9C23, 0x9403, 0x9C03, 0x9C23, 0x9403, 0x9C03, 0x93E3, 0x9403, 0x8BC2, 0x93E3, 0x93E2, 0x93E3,
    0x93C3, 0x8B82, 0x8B82, 0x93C2, 0x8BA2, 0x93C2, 0x93E3, 0x93E2, 0x9C03, 0x9403, 0x9C03, 0x93E3,
    0x9C24, 0x9C03, 0x9C23, 0x9C23, 0xA464, 0x9C43, 0xA444, 0xA444, 0xA464, 0x9C23, 0x9C23, 0xA444,
    0x9C23, 0x9C44, 0x9C23, 0x9C23, 0x93E2, 0x9C03, 0x93E2, 0x93E3, 0x9403, 0x93C3, 0x93C3, 0x93E2,
    0x8BA2, 0x8BA2, 0x9C23, 0x93E3, 0x93E3, 0x9403, 0x9C23, 0x9C23, 0x9C44, 0x9C44, 0xA464, 0x9C43,
    0xA484, 0xA444, 0xA444, 0xA464, 0xA464, 0xA444, 0x9C43, 0xA464, 0x9C43, 0xA444, 0xA464, 0xA464,
    0x9C03, 0x9C23, 0x9C03, 0x9C23, 0x9C23, 0x9C03, 0x93C2, 0x93E3, 0x9403, 0x93E3, 0x9C03, 0x93E3,
    0x9C23, 0x9C23, 0xA444, 0x9C44, 0xA464, 0xA464, 0xA484, 0xA443, 0xA484, 0xA464, 0xA464, 0xA485,
    0xACA5, 0xA464, 0xA464, 0xACA5, 0xA443, 0xA464, 0xA464, 0xA464, 0x9C02, 0xA464, 0x9C23, 0x9C43,
    0x9C43, 0x9403, 0x9C23, 0x9C03, 0x93E3, 0x93C2, 0x9C03, 0x93E3, 0x9C23, 0x9C23, 0xA464, 0xA444,
    0xA464, 0xA484, 0xACA5, 0xA464, 0xACA5, 0xA464, 0xAC84, 0xA485, 0xACA5, 0xA464, 0xA484, 0xAC84,
    0xA464, 0xA484, 0xA464, 0xA484, 0x9C23, 0xA464, 0x9C23, 0x9C44, 0x9C23, 0x9C23, 0x9C03, 0x9C03,
    0x9C23, 0x93C2, 0x93E3, 0x93E3, 0xA444, 0xA444, 0xA484, 0xA464, 0xAC85, 0xA485, 0xACA5, 0xA484,
    0xACC5, 0xA484, 0xACA5, 0xACA5, 0xACA5, 0xA484, 0xACA4, 0xACA5, 0xA484, 0xA484, 0xA484, 0xACA5,
    0x9C43, 0xA484, 0x9C43, 0xA464, 0xA464, 0xA444, 0xA444, 0x9C23, 0x9403, 0x93E3, 0x9C03, 0x93E3,
    0x9C43, 0xA464, 0xACA5, 0xA484, 0xAC84, 0xAC85, 0xACC5, 0xAC84, 0xACC5, 0xACA5, 0xACA4, 0xACA5,
    0xACC5, 0xAC84, 0xACA5, 0xACC5, 0xA484, 0xACA5, 0xACA5, 0xAC84, 0x9C43, 0xA464, 0xA484, 0xA464,
    0xA464, 0xA444, 0xA444, 0x9C44, 0x93C2, 0x93E2, 0x9C23, 0x9C03, 0xA464, 0xA443, 0xAC84, 0xA484,
    0xACA5, 0xACA5, 0xACA5, 0xAC84, 0xACC5, 0xACA5, 0xACA5, 0xACC5, 0xACC5, 0xACA4, 0xACA4, 0xACC5,
    0xACA4, 0xACA5, 0xACA5, 0xACA5, 0xA443, 0xAC84, 0xA464, 0xA484, 0xAC85, 0xA464, 0x9C23, 0x9C03,
    0x9403, 0x8BA2, 0x9C23, 0x9C03, 0xA444, 0xA443, 0xAC85, 0xA464, 0xACA5, 0xACA5, 0xB4C5, 0xACA5,
    0xACC5, 0xACA5, 0xACC5, 0xACC5, 0xACC5, 0xACA4, 0xACA5, 0xB4E6, 0xACA4, 0xACC5, 0xACA5, 0xACC5,
    0xA463, 0xACA5, 0xAC84, 0xA484, 0xA484, 0xA464, 0x9C24, 0x9C23, 0x9C23, 0x93E3, 0x93E3, 0x9C23,
    0xA464, 0xA464, 0xACA5, 0xA484, 0xACA5, 0xACA5, 0xACC5, 0xACA5, 0xB4E5, 0xACC5, 0xB4E6, 0xB4E6,
    0xB4E5, 0xACA5, 0xACA5, 0xACC5, 0xACC4, 0xACC5, 0xACC5, 0xACC5, 0xA484, 0xACC5, 0xACA5, 0xA484,
    0xA484, 0xA464, 0xA444, 0x9C23, 0x9C03, 0x9C03, 0x9C23, 0x9C03, 0xA464, 0xA464, 0xACA5, 0xAC85,
    0xACC5, 0xACC5, 0xACC5, 0xACA5, 0xACE5, 0xACA5, 0xACC5, 0xACC5, 0xB4E5, 0xACA5, 0xACC5, 0xB4E6,
    0xACA4, 0xACC5, 0xACC5, 0xACC5, 0xA463, 0xACC5, 0xA484, 0xAC84, 0xAC84, 0xA464, 0xA464, 0xA444,
    0x93E2, 0x9C23, 0xA444, 0x9C43, 0xA464, 0xA464, 0xAC84, 0xAC84, 0xACA5, 0xACA5, 0xB4E6, 0xACA4,
    0xB4E6, 0xACA5, 0xACC6, 0xACC5, 0xB4E5, 0xACA5, 0xACC5, 0xB4E6, 0xACC5, 0xACC5, 0xACC5, 0xACC5,
    0xA484, 0xACC5, 0xACA4, 0xAC85, 0xA484, 0xA464, 0xA484, 0xA464, 0x9C23, 0x9C03, 0xA444, 0xA443,
    0xA464, 0xA484, 0xACA5, 0xACA5, 0xB4C5, 0xACA5, 0xB4E6, 0xACA5, 0xB4E6, 0xACC4, 0xACC5, 0xACC5,
    0xB4E6, 0xACC5, 0xB4C5, 0xB4E6, 0xACC4, 0xACC5, 0xACC5, 0xACC5, 0xA463, 0xACC5, 0xAC84, 0xA484,
    0xA484, 0xA484, 0xA464, 0xA464, 0x9C23, 0x9C23, 0xA464, 0x9C23, 0xA484, 0xA484, 0xACA5, 0xAC84,
    0xACC5, 0xACC5, 0xB4E5, 0xACC5, 0xB4E6, 0xACC5, 0xACC5, 0xACC5, 0xB4E6, 0xACC5, 0xACC5, 0xB4E6,
    0xACC5, 0xACC5, 0xACC5, 0xACC5, 0xA463, 0xACC5, 0xA484, 0xAC85, 0xA485, 0xA464, 0xA485, 0xA464,
    0x9C03, 0x9C03, 0x9C23, 0xA444, 0xA485, 0xA464, 0xAC85, 0xAC85, 0xACA5, 0xACA5, 0xACC5, 0xA484,
    0xACC5, 0xACA5, 0xA485, 0xACA5, 0xB4E5, 0xACC5, 0xACC5, 0xACC5, 0xACA4, 0xACC5, 0xB4C5, 0xB4E5,
    0xA463, 0xACA5, 0xAC84, 0xA464, 0xAC85, 0xA464, 0x9C44, 0xA444, 0x9C03, 0x9C03, 0xA444, 0x9C23,
    0xA484, 0xAC84, 0xACA5, 0xAC84, 0xACC5, 0xB4C5, 0xACC5, 0xAC85, 0xACC5, 0xA484, 0xACA5, 0xACA5,
    0xACC5, 0xACC5, 0xACA5, 0xB4E5, 0xACC4, 0xACC5, 0xACC5, 0xACC5, 0xA484, 0xACA5, 0xA464, 0xA484,
    0xAC84, 0xA484, 0x9C44, 0xA444, 0x93C3, 0x93E3, 0xA444, 0x9C23, 0xAC84, 0xA484, 0xACA5, 0xACA5,
    0xACC5, 0xACC5, 0xB4E5, 0xACA5, 0xACC5, 0xACA4, 0xACC5, 0xACC5, 0xB4C5, 0xACA4, 0xACA5, 0xACC5,
    0xACA4, 0xACA5, 0xACA5, 0xACC5, 0xA463, 0xACA5, 0xA464, 0xA464, 0xA484, 0xA444, 0xA464, 0xA444,
    0x93E2, 0x9C03, 0xA444, 0x9C43, 0xA484, 0xA484, 0xACA5, 0xACA5, 0xACA5, 0xACA5, 0xACC5, 0xACA5,
    0xB4E6, 0xACA4, 0xACA5, 0xACC5, 0xACC5, 0xACA4, 0xACA4, 0xACA5, 0xACA4, 0xACC5, 0xACC5, 0xACC5,
    0xA463, 0xAC84, 0xA464, 0xA464, 0xA464, 0xA444, 0xA464, 0xA444, 0x9C03, 0x9C23, 0xA464, 0x9C43,
    0xA484, 0xA484, 0xACC5, 0xACA5, 0xACC5, 0xACA5, 0xACC5, 0xACC5, 0xACC5, 0xACC5, 0xACA5, 0xB4E5,
    0xB4E6, 0xACA4, 0xACA4, 0xACC5, 0xACA4, 0xACA4, 0xACA5, 0xACC5, 0xA463, 0xACA5, 0xA484, 0x9C24,
    0xA444, 0xA464, 0xA464, 0x9C23, 0x9C23, 0x9C03, 0xA464, 0xA443, 0xA464, 0xA464, 0xACA5, 0xAC84,
    0xACC5, 0xACC5, 0xACC5, 0xACA5, 0xB4E5, 0xACC5, 0xACC5, 0xACC5, 0xB4E5, 0xACA5, 0xACC5, 0xB4E6,
    0xACA4, 0xACC5, 0xACA5, 0xACA5, 0xA463, 0xACA5, 0xA464, 0x9C44, 0xA464, 0xA464, 0xA464, 0x9C23,
    0x9C03, 0x93E3, 0xA444, 0x9C23, 0xA464, 0xA464, 0xAC84, 0xAC85, 0xACA5, 0xACA5, 0xACC5, 0xA484,
    0xACC5, 0xACA4, 0xACC5, 0xACC5, 0xACC5, 0xACA5, 0xACA5, 0xACA5, 0xACA4, 0xACA4, 0xACA5, 0xAC85,
    0xA443, 0xA484, 0xA464, 0xA464, 0xA484, 0xA464, 0xA464, 0xA444, 0x9403, 0x9403, 0x9C23, 0x9C23,
    0xA464, 0xA464, 0xAC85, 0xA484, 0xACA5, 0xAC85, 0xACC5, 0xAC85, 0xACC5, 0xA484, 0xACC5, 0xACA5,
    0xACC5, 0xACA4, 0xACA5, 0xACC5, 0xAC84, 0xACA5, 0xACA5, 0xACA5, 0xA463, 0xA464, 0xA443, 0xA444,
    0xA464, 0xA464, 0xA444, 0x9C23, 0x9403, 0x93E3, 0x9C23, 0x9C03, 0xA464, 0xA464, 0xA484, 0xA464,
    0xA484, 0xAC84, 0xAC85, 0xA464, 0xACA5, 0xA484, 0xACA4, 0xACA5, 0xACA5, 0xA484, 0xAC84, 0xACA5,
    0xAC84, 0xACA4, 0xACA5, 0xAC84, 0xA463, 0xA444, 0x9C44, 0xA444, 0xA464, 0xA444, 0x9C44, 0x9C24,
    0x93E3, 0x93C2, 0x93E3, 0x9C03, 0xA444, 0x9C43, 0xA464, 0xA464, 0xA484, 0xA484, 0xA484, 0x9C43,
    0xACA5, 0xA464, 0xAC84, 0xACA5, 0xACA5, 0xA484, 0xA484, 0xACA5, 0xA484, 0xA484, 0xAC85, 0xAC85,
    0x9C23, 0xA444, 0x9C23, 0x9C44, 0xA444, 0x9C44, 0x9C23, 0x9C23, 0x93C3, 0x93C2, 0x8BA2, 0x93E2,
    0x9C23, 0x9C23, 0xA464, 0x9C23, 0xA464, 0xA464, 0xA464, 0x9C43, 0xAC85, 0xA464, 0xA484, 0xA464,
    0xA484, 0xA464, 0xA484, 0xA484, 0xA464, 0xA464, 0xA464, 0xA484, 0x9C23, 0xA444, 0x9C03, 0x9C23,
    0x9C24, 0x9C23, 0x9C23, 0x9C03, 0x93C2, 0x8BC2, 0x93E3, 0x93C2, 0x9C23, 0x9C23, 0x9C44, 0xA444,
    0xA464, 0xA464, 0xA444, 0x9C43, 0xA484, 0xA443, 0xA464, 0xA464, 0xA484, 0xA464, 0xA464, 0xA484,
    0xA463, 0xA464, 0xA464, 0xA464, 0x9402, 0x9C44, 0x9C23, 0x9C23, 0x9C44, 0x9C03, 0x9C03, 0x9C03,
    0x93E2, 0x8BA2, 0x93E3, 0x93C2, 0x9C03, 0x9C03, 0x9C23, 0x9C03, 0x9C24, 0xA444, 0x9C23, 0x9C23,
    0xA464, 0x9C43, 0xA444, 0xA444, 0xA464, 0x9C44, 0xA444, 0xA444, 0x9C23, 0x9C23, 0x9C43, 0x9C23,
    0x9402, 0x9C23, 0x9C03, 0x9C23, 0x9C03, 0x9403, 0x93E3, 0x93C2, 0x8BC2, 0x8B82, 0x93E3, 0x93E2,
    0x93E3, 0x9C03, 0x9C03, 0x93E3, 0x9C03, 0x9403, 0x9C03, 0x9C03, 0x9C44, 0x9C03, 0x9C23, 0x9C23,
    0xA464, 0x9C23, 0x9C23, 0xA444, 0x9C23, 0x9C23, 0x9C23, 0x9C23, 0x93E2, 0x93E2, 0x93E3, 0x93E3,
    0x93E3, 0x8BA3, 0x8BA2, 0x93C2, 0x93C2, 0x8B82, 0x8BC2, 0x8BA2, 0x93E3, 0x93E3, 0x9C03, 0x93E3,
    0x93E3, 0x93E3, 0x93E3, 0x8BC3, 0x9C23, 0x9403, 0x9C23, 0x9C23, 0x9C24, 0x93E3, 0x9C03, 0x9C03,
    0x9403, 0x93E3, 0x9403, 0x93E3, 0x8382, 0x93C3, 0x93E3, 0x8BC2, 0x93E3, 0x8BA2, 0x8362, 0x8B82,
    0x8362, 0x8362, 0x8382, 0x8B82, 0x8BA3, 0x8B82, 0x93C3, 0x8BA2, 0x8BA2, 0x93C3, 0x8BA3, 0x8362,
    0x93E3, 0x93C2, 0x9403, 0x93E3, 0x9403, 0x8BC2, 0x93E3, 0x9403, 0x93E3, 0x93C3, 0x93C3, 0x8BC2,
    0x8BA2, 0x8BC2, 0x8BA2, 0x8BA2, 0x8BC2, 0x8BA2, 0x8BA3, 0x8B82, 0x7B41, 0x7B21, 0x7B22, 0x7B21,
    0x8342, 0x7B21, 0x8382, 0x8B82, 0x8B82, 0x8B82, 0x8342, 0x8382, 0x8BA2, 0x8382, 0x8BA2, 0x8B82,
    0x93E3, 0x8BA2, 0x8BA2, 0x8BC3, 0x8BA2, 0x8382, 0x8BA2, 0x8BA2, 0x8382, 0x8382, 0x8362, 0x8B82,
    0x8382, 0x8B82, 0x8BA2, 0x8B82,
};
#define TEXTURE_WALL_MIP3_SIZE 16
static const uint16_t TEXTURE_WALL_MIP3_PIXELS[256] __attribute__((aligned(16))) = {
    0x8362, 0x8BA2, 0x8BC2, 0x93C2, 0x93C2, 0x8BC2, 0x93C2, 0x93C3, 0x93E3, 0x93E3, 0x93E2, 0x8BC2,
    0x8BA2, 0x8BA2, 0x8BA2, 0x8B82, 0x8BA2, 0x93E3, 0x93E3, 0x9C03, 0x9C23, 0x9C43, 0xA464, 0xA444,
    0xA444, 0x9C43, 0x9C43, 0xA444, 0x9C03, 0x9C03, 0x9403, 0x93C3, 0x93E3, 0x93E3, 0x9C23, 0xA444,
    0xA464, 0xA464, 0xA484, 0xA484, 0xA484, 0xA484, 0xA464, 0xA464, 0x9C43, 0x9C23, 0x9C23, 0x9C03,
    0x93E3, 0x93E3, 0xA444, 0xA484, 0xA484, 0xACA5, 0xACA5, 0xACA5, 0xACA5, 0xACA5, 0xA484, 0xAC84,
    0xA463, 0xA464, 0xA464, 0x9C43, 0x93C2, 0x9C03, 0xA444, 0xA484, 0xACA5, 0xACA5, 0xACC5, 0xACC5,
    0xACA5, 0xACC5, 0xACA4, 0xACA5, 0xA484, 0xA484, 0xA464, 0x9C23, 0x9C03, 0x9C03, 0xA464, 0xAC84,
    0xACA5, 0xACC5, 0xACC5, 0xACC5, 0xACC5, 0xACC5, 0xACC5, 0xACC5, 0xACA4, 0xA484, 0xA484, 0xA444,
    0x9C03, 0xA443, 0xA464, 0xAC84, 0xACC5, 0xACC5, 0xACC5, 0xACC5, 0xACC5, 0xB4E5, 0xACC5, 0xACC5,
    0xACA4, 0xA484, 0xA484, 0xA464, 0x9C03, 0x9C43, 0xA484, 0xAC85, 0xACA5, 0xACC5, 0xACC5, 0xACA5,
    0xACC5, 0xACC5, 0xACC5, 0xACC5, 0xAC84, 0xA484, 0xA484, 0xA464, 0x93E3, 0x9C43, 0xA484, 0xACA5,
    0xACC5, 0xACC5, 0xACA5, 0xACA5, 0xACC5, 0xACC5, 0xACA5, 0xACC5, 0xA484, 0xA464, 0xA464, 0xA444,
    0x9C03, 0xA443, 0xA484, 0xACA5, 0xACA5, 0xACC5, 0xACC5, 0xACC5, 0xACC5, 0xACA5, 0xACA4, 0xACA5,
    0xA484, 0xA464, 0xA444, 0xA444, 0x9C03, 0xA443, 0xA464, 0xAC84, 0xACA5, 0xACA5, 0xACC5, 0xACC5,
    0xACC5, 0xACC5, 0xACA4, 0xACA5, 0xA464, 0xA444, 0xA464, 0xA444, 0x93E3, 0x9C23, 0xA464, 0xA484,
    0xAC84, 0xAC85, 0xACA4, 0xACA5, 0xACA4, 0xACA5, 0xACA4, 0xACA5, 0xA464, 0xA444, 0xA464, 0x9C24,
    0x93C2, 0x93E2, 0x9C43, 0xA444, 0xA464, 0xA464, 0xA484, 0xA484, 0xA484, 0xA484, 0xA464, 0xA484,
    0x9C43, 0x9C23, 0x9C44, 0x9C23, 0x93C2, 0x93E3, 0x9C23, 0x9C23, 0xA444, 0x9C23, 0xA444, 0xA464,
    0xA464, 0xA464, 0x9C43, 0xA444, 0x9C03, 0x9C03, 0x9C03, 0x93E3, 0x8BA2, 0x93C2, 0x93E3, 0x93E3,
    0x93E3, 0x93E3, 0x9C23, 0x9C23, 0x9C23, 0x9C23, 0x9C03, 0x9C03, 0x8BC2, 0x93C3, 0x93C3, 0x8BA2,
    0x8342, 0x8342, 0x8362, 0x8BA2, 0x8BA2, 0x8362, 0x8BA2, 0x8BC2, 0x93C2, 0x93C3, 0x8BA2, 0x8BA2,
    0x8B82, 0x8B82, 0x8BA2, 0x8BA2,
};
#endif /* BACKROOMS_GENERATED_TEXTURE_WALL_H */
