/* Embedded PSP texture data. */
#ifndef BACKROOMS_GENERATED_TEXTURE_CARPET_H
#define BACKROOMS_GENERATED_TEXTURE_CARPET_H
#include <stdint.h>
#define TEXTURE_CARPET_WIDTH 128
#define TEXTURE_CARPET_HEIGHT 128
static const uint16_t TEXTURE_CARPET_PIXELS[16384] __attribute__((aligned(16))) = {
    0x72A3, 0x72C3, 0x7B03, 0x7B03, 0x72E3, 0x6A82, 0x5A22, 0x5A22, 0x6A62, 0x6A82, 0x6A62, 0x6262,
    0x6262, 0x6242, 0x5A21, 0x5A01, 0x5A21, 0x6262, 0x72C3, 0x72C3, 0x6262, 0x6221, 0x6242, 0x6242,
    0x6242, 0x5A22, 0x5A01, 0x5A01, 0x6242, 0x6242, 0x6241, 0x6242, 0x6A82, 0x72C3, 0x7AE3, 0x7AE3,
    0x6AA2, 0x6262, 0x6242, 0x5A22, 0x5A02, 0x5A02, 0x6242, 0x5A22, 0x5A01, 0x5A01, 0x6A62, 0x72A2,
    0x72C2, 0x72A2, 0x6A82, 0x6A82, 0x72A2, 0x6AA2, 0x6262, 0x5A22, 0x5A22, 0x5A22, 0x6262, 0x6A82,
    0x72C3, 0x7AE3, 0x7AE3, 0x7AE3, 0x7AE3, 0x6AA2, 0x5A01, 0x5A01, 0x6A82, 0x72C3, 0x72C3, 0x72C3,
    0x6A82, 0x6A62, 0x6242, 0x6262, 0x6A82, 0x6A82, 0x6262, 0x6242, 0x5A22, 0x6262, 0x72E3, 0x7B03,
    0x72C3, 0x72A2, 0x6A82, 0x6A82, 0x72A2, 0x6AA2, 0x6262, 0x6262, 0x72A2, 0x72A2, 0x6A82, 0x6A62,
    0x6242, 0x5A22, 0x5A21, 0x5A01, 0x5201, 0x5A01, 0x6242, 0x6262, 0x6A62, 0x6A82, 0x72A2, 0x6A82,
    0x6262, 0x6242, 0x6262, 0x6A62, 0x6A82, 0x6AA2, 0x7AE3, 0x7AE3, 0x72A3, 0x6262, 0x5A22, 0x6242,
    0x72A3, 0x72C3, 0x6AA2, 0x6AA2, 0x72C3, 0x7AC3, 0x72C3, 0x72C3, 0x72A3, 0x72C3, 0x7B03, 0x7B03,
    0x72E3, 0x6AA2, 0x6242, 0x6242, 0x6A62, 0x6A82, 0x6A82, 0x6A82, 0x6A62, 0x6262, 0x6242, 0x6242,
    0x6262, 0x6A82, 0x72C3, 0x72C3, 0x6A82, 0x6262, 0x6242, 0x6242, 0x6242, 0x6242, 0x5A22, 0x6242,
    0x6A62, 0x6A82, 0x6A62, 0x6A62, 0x6A82, 0x72A3, 0x7AE3, 0x72C3, 0x6A82, 0x6262, 0x6242, 0x6242,
    0x5A22, 0x5A22, 0x6242, 0x6242, 0x5A22, 0x6222, 0x6A62, 0x72A2, 0x72A2, 0x72A2, 0x6A82, 0x6A82,
    0x72A2, 0x72A2, 0x6A62, 0x6242, 0x6242, 0x6242, 0x6262, 0x6A82, 0x72A2, 0x72C3, 0x72C3, 0x72E3,
    0x72C3, 0x6AA2, 0x6242, 0x6242, 0x6AA2, 0x72C3, 0x72C3, 0x72C2, 0x6A82, 0x6A82, 0x6A62, 0x6A62,
    0x72A2, 0x72A2, 0x6A82, 0x6262, 0x6242, 0x6A82, 0x72E3, 0x7AE3, 0x72A2, 0x6A82, 0x6A82, 0x6A82,
    0x72C3, 0x72C3, 0x6A82, 0x6A82, 0x72C3, 0x72C3, 0x72A2, 0x6A82, 0x6262, 0x6242, 0x6222, 0x5A21,
    0x5A21, 0x5A22, 0x6262, 0x6A82, 0x6A82, 0x6A82, 0x72A2, 0x6AA2, 0x6A82, 0x6262, 0x6A62, 0x6A82,
    0x6AA2, 0x72C3, 0x7AE3, 0x7AE3, 0x72C3, 0x6A82, 0x6242, 0x6262, 0x72C3, 0x72E3, 0x72A2, 0x72A2,
    0x72C3, 0x72C3, 0x72C3, 0x72A3, 0x72A2, 0x72C3, 0x7B03, 0x7B03, 0x7AE3, 0x72A3, 0x6A82, 0x6A62,
    0x6A62, 0x6A82, 0x6AA2, 0x72A2, 0x72A2, 0x72A2, 0x72A2, 0x72A2, 0x72C3, 0x72C3, 0x72A3, 0x72A3,
    0x72C3, 0x72A3, 0x6A62, 0x6262, 0x6242, 0x6262, 0x6A82, 0x6AA2, 0x72C3, 0x7AC3, 0x7AE3, 0x72C3,
    0x6AA2, 0x6A82, 0x72A3, 0x72A2, 0x6A82, 0x6A62, 0x6A82, 0x6A82, 0x6262, 0x6262, 0x6262, 0x6A82,
    0x6A82, 0x6A82, 0x6A82, 0x6A82, 0x72A2, 0x72A2, 0x72A3, 0x72A2, 0x72A2, 0x72A2, 0x72A2, 0x72A2,
    0x6A82, 0x6A82, 0x6262, 0x6262, 0x6262, 0x6A82, 0x72A2, 0x72C2, 0x72A2, 0x72A2, 0x72A2, 0x72A2,
    0x72A3, 0x72C3, 0x72C2, 0x72C2, 0x72A3, 0x72A3, 0x72A2, 0x72A2, 0x72C3, 0x72C3, 0x72C3, 0x72A3,
    0x6A82, 0x6AA2, 0x72E3, 0x72C3, 0x6262, 0x6242, 0x6A62, 0x72A2, 0x7AE3, 0x7B03, 0x7AE3, 0x7B03,
    0x8303, 0x7B03, 0x72A3, 0x6AA2, 0x72A2, 0x6AA2, 0x6A62, 0x6262, 0x6262, 0x6A62, 0x72A2, 0x72C3,
    0x72C3, 0x72C3, 0x72C3, 0x72A2, 0x72A2, 0x6A82, 0x6A62, 0x6A82, 0x72C3, 0x7AE3, 0x7AE3, 0x7AE3,
    0x72E3, 0x72C3, 0x72A2, 0x72A2, 0x7AE3, 0x7AE3, 0x72C2, 0x72A2, 0x72C3, 0x72C3, 0x72A2, 0x6A82,
    0x72C3, 0x72C3, 0x7AE3, 0x7AE3, 0x72C3, 0x72A3, 0x72A2, 0x6A82, 0x6A82, 0x6A82, 0x6AA2, 0x72A2,
    0x72A2, 0x72A2, 0x72C2, 0x7AC3, 0x7AE3, 0x7AE3, 0x7AC3, 0x72C3, 0x7AE3, 0x72C3, 0x6A82, 0x6242,
    0x6242, 0x6A62, 0x72A2, 0x72C3, 0x7AE3, 0x7B03, 0x7B03, 0x7AE3, 0x72A2, 0x6A82, 0x72A2, 0x72A2,
    0x6A62, 0x6262, 0x6A82, 0x6A82, 0x6A82, 0x6A82, 0x6A82, 0x6AA2, 0x6AA2, 0x6AA2, 0x6AA2, 0x72A2,
    0x72A2, 0x72C2, 0x72C3, 0x72C3, 0x72A2, 0x72A2, 0x72C3, 0x72C3, 0x72A2, 0x6A82, 0x6A62, 0x6242,
    0x6242, 0x6A62, 0x72A2, 0x72C2, 0x72A2, 0x72C2, 0x7AC3, 0x72C3, 0x72C3, 0x72A3, 0x72C2, 0x72C2,
    0x72C3, 0x72C3, 0x72C3, 0x72C3, 0x72C3, 0x72C3, 0x72C3, 0x72A3, 0x6A82, 0x6A82, 0x72C3, 0x72C3,
    0x6262, 0x6242, 0x6262, 0x6A82, 0x7AE3, 0x7B03, 0x7B03, 0x7B03, 0x7B03, 0x7AE3, 0x72A3, 0x72A2,
    0x72A2, 0x72A2, 0x6A82, 0x6A82, 0x6A82, 0x6A82, 0x72C3, 0x7AE3, 0x7AE3, 0x7AC3, 0x72C3, 0x72C3,
    0x72C3, 0x72A3, 0x6AA2, 0x72A2, 0x72C3, 0x7AE3, 0x72C3, 0x72C3, 0x7AE3, 0x7AE3, 0x7AE3, 0x7AE3,
    0x7AE3, 0x7AE3, 0x72C3, 0x72C3, 0x72C3, 0x72C3, 0x6A82, 0x6A82, 0x7AE3, 0x7AE3, 0x7AE3, 0x72C3,
    0x72A2, 0x6A82, 0x72A2, 0x72A3, 0x72C3, 0x72A2, 0x6A82, 0x6A82, 0x6A82, 0x72A2, 0x6A82, 0x72A2,
    0x7AE3, 0x8303, 0x8323, 0x8303, 0x7AE3, 0x72C3, 0x6262, 0x6242, 0x6242, 0x6262, 0x6A82, 0x72C3,
    0x7AE3, 0x7B03, 0x7AE3, 0x72C3, 0x72A2, 0x72A2, 0x72C3, 0x72C3, 0x6262, 0x6222, 0x6242, 0x6A62,
    0x72A3, 0x72C3, 0x72C3, 0x72A3, 0x6A82, 0x6A82, 0x72A3, 0x72C3, 0x72C3, 0x72C3, 0x7AC3, 0x7AC3,
    0x72C3, 0x72C3, 0x7AC3, 0x7AC2, 0x72A2, 0x6A82, 0x6A82, 0x6A62, 0x6A62, 0x6A82, 0x72C3, 0x7AE3,
    0x7AE2, 0x7AC2, 0x72C2, 0x72C3, 0x72A3, 0x72A3, 0x72C3, 0x7AC3, 0x7AC3, 0x7AE3, 0x72E3, 0x72C3,
    0x6AA3, 0x6A82, 0x6A82, 0x6262, 0x6242, 0x6262, 0x72C3, 0x72C3, 0x72A2, 0x6A82, 0x6A82, 0x6A82,
    0x72A3, 0x72C3, 0x72C3, 0x72A2, 0x6A62, 0x6A62, 0x6A82, 0x6A82, 0x6262, 0x6A62, 0x7282, 0x72A2,
    0x6A82, 0x6A82, 0x72A2, 0x72C3, 0x7AE3, 0x7AE3, 0x72C3, 0x72C2, 0x72C3, 0x7AE3, 0x7AE3, 0x72C3,
    0x6A82, 0x6A82, 0x72A2, 0x72C3, 0x7AE3, 0x7AE3, 0x7AE3, 0x7AE3, 0x7B03, 0x7B03, 0x7AE3, 0x7AE3,
    0x7AE3, 0x7AC3, 0x72A2, 0x6A82, 0x7AE3, 0x7AE3, 0x72A3, 0x6A82, 0x6A62, 0x6A82, 0x72A2, 0x72C3,
    0x7AE3, 0x72C3, 0x6A82, 0x6A62, 0x6A82, 0x6A82, 0x6A62, 0x6A82, 0x72A2, 0x7AE3, 0x8303, 0x8303,
    0x7AE3, 0x72A2, 0x6242, 0x6222, 0x6242, 0x6A62, 0x6A82, 0x72A2, 0x72C3, 0x7AE3, 0x72C3, 0x72A2,
    0x6A82, 0x72A2, 0x7AC3, 0x72C3, 0x6242, 0x5A21, 0x6222, 0x6262, 0x6A82, 0x72A3, 0x72C3, 0x72C3,
    0x6A82, 0x6A82, 0x6A82, 0x72A3, 0x72A3, 0x72A2, 0x72A2, 0x72A2, 0x72A2, 0x72C2, 0x72A2, 0x72A2,
    0x6A82, 0x6A82, 0x6A82, 0x6A82, 0x6A62, 0x6A82, 0x72A3, 0x72C3, 0x7AC2, 0x72C2, 0x72A2, 0x7282,
    0x72A2, 0x72A2, 0x72C2, 0x72C3, 0x72A2, 0x72A3, 0x72C3, 0x72A3, 0x6A62, 0x6242, 0x6242, 0x5A22,
    0x5A01, 0x6222, 0x72A3, 0x7AE3, 0x72A3, 0x6A82, 0x6A82, 0x6A82, 0x72A2, 0x72A3, 0x72A2, 0x6A82,
    0x6242, 0x6222, 0x6A62, 0x6A62, 0x6242, 0x6242, 0x7282, 0x72A2, 0x72A2, 0x72A2, 0x72A2, 0x72A3,
    0x72C3, 0x72C3, 0x6AA2, 0x6AA2, 0x72A2, 0x72C3, 0x7AE3, 0x72C3, 0x6A82, 0x6A62, 0x6A82, 0x72C3,
    0x72E3, 0x7AE3, 0x7AE3, 0x7AE3, 0x7AE3, 0x7AC3, 0x72A3, 0x72A3, 0x72A3, 0x72A2, 0x6A82, 0x6A82,
    0x7AE3, 0x72C3, 0x6A82, 0x6262, 0x6262, 0x6A62, 0x72A2, 0x72C3, 0x7AE3, 0x7AE3, 0x6A82, 0x6A62,
    0x6A82, 0x6A62, 0x6242, 0x5A21, 0x6221, 0x6262, 0x72A2, 0x7AC2, 0x72A2, 0x6A82, 0x6222, 0x6221,
    0x6A62, 0x6A82, 0x6A62, 0x6A62, 0x6A82, 0x6A82, 0x72A2, 0x72A2, 0x6A82, 0x72A2, 0x72C3, 0x72A2,
    0x6242, 0x6221, 0x6242, 0x6242, 0x5A21, 0x6242, 0x72A3, 0x72C3, 0x72A2, 0x6A62, 0x6242, 0x6242,
    0x6A82, 0x6A82, 0x6242, 0x6242, 0x6A82, 0x6A82, 0x6A62, 0x6242, 0x6242, 0x6262, 0x72A2, 0x72A2,
    0x6A82, 0x6A62, 0x6A62, 0x6A82, 0x72A2, 0x7282, 0x6A62, 0x6A62, 0x6A82, 0x6AA2, 0x6AA2, 0x6A82,
    0x6242, 0x6242, 0x6A62, 0x6A62, 0x6242, 0x5A22, 0x5A02, 0x5A01, 0x51E1, 0x5A22, 0x72C3, 0x7AE3,
    0x7282, 0x6A62, 0x6A62, 0x6A82, 0x72A2, 0x72C3, 0x72C2, 0x72A2, 0x6A62, 0x6242, 0x6242, 0x6242,
    0x6A62, 0x6A82, 0x7282, 0x72A2, 0x72C3, 0x72C3, 0x72A3, 0x6AA2, 0x6A62, 0x6262, 0x6242, 0x6262,
    0x6A62, 0x6A82, 0x72A2, 0x72A2, 0x72A3, 0x72A3, 0x72A3, 0x72A3, 0x72C3, 0x72C3, 0x72A2, 0x6A82,
    0x6A82, 0x6A62, 0x6242, 0x6222, 0x6222, 0x6242, 0x6242, 0x6242, 0x7AE3, 0x72C3, 0x6A82, 0x6262,
    0x6242, 0x6262, 0x72A2, 0x72C3, 0x7AE3, 0x72C3, 0x6A82, 0x6A62, 0x6A82, 0x6A82, 0x6242, 0x5A21,
    0x5A21, 0x6241, 0x6A82, 0x72A2, 0x7282, 0x6A62, 0x6221, 0x6221, 0x6A62, 0x6A82, 0x6242, 0x6242,
    0x6242, 0x6A62, 0x7282, 0x72A2, 0x6A82, 0x6A82, 0x72A2, 0x6A82, 0x6242, 0x6242, 0x6A62, 0x6A62,
    0x5A01, 0x5A22, 0x6AA3, 0x72C3, 0x6A82, 0x6A62, 0x5A22, 0x5A22, 0x6A62, 0x6A62, 0x5A01, 0x5A21,
    0x6A62, 0x6A82, 0x6A62, 0x6242, 0x6222, 0x6242, 0x72A2, 0x72C3, 0x6A82, 0x6A62, 0x6A62, 0x6A82,
    0x72A2, 0x72A2, 0x6A82, 0x6A82, 0x6A82, 0x6AA2, 0x6AA2, 0x6A82, 0x5A22, 0x5A22, 0x6242, 0x6242,
    0x5A22, 0x5A01, 0x5A01, 0x5A01, 0x51E1, 0x5A22, 0x72C3, 0x7AE3, 0x6A82, 0x6A62, 0x6A62, 0x6A62,
    0x6AA2, 0x72A2, 0x72A2, 0x72A2, 0x6A82, 0x6A62, 0x6222, 0x6242, 0x6A82, 0x72A2, 0x6A82, 0x6A82,
    0x72A3, 0x72A3, 0x72A3, 0x6A82, 0x6262, 0x6242, 0x6242, 0x6242, 0x6242, 0x6262, 0x6A82, 0x72A2,
    0x72C3, 0x72A3, 0x6A82, 0x6AA3, 0x72C3, 0x72C3, 0x6AA2, 0x6A82, 0x6A82, 0x6262, 0x5A22, 0x5A01,
    0x5A01, 0x5A01, 0x6242, 0x6242, 0x7AE3, 0x7AE3, 0x7AE3, 0x72A3, 0x6262, 0x6242, 0x6A82, 0x72A3,
    0x72A3, 0x6A82, 0x6A82, 0x6A82, 0x72A2, 0x72A2, 0x6A82, 0x6A62, 0x6A82, 0x6A82, 0x6A62, 0x6A62,
    0x6A82, 0x6A62, 0x5A21, 0x5A21, 0x6262, 0x6A62, 0x6242, 0x6242, 0x6262, 0x6A62, 0x7282, 0x6A82,
    0x6262, 0x6242, 0x6A62, 0x6A62, 0x6242, 0x6262, 0x6A82, 0x6A82, 0x6242, 0x6242, 0x6A82, 0x72A2,
    0x6A62, 0x6242, 0x6222, 0x6242, 0x6262, 0x6242, 0x5A22, 0x6242, 0x6A82, 0x72C3, 0x72A3, 0x7282,
    0x6262, 0x6A62, 0x72A2, 0x72C3, 0x72A2, 0x6A82, 0x7282, 0x72A2, 0x7AC2, 0x7AE3, 0x7B03, 0x7AE3,
    0x72C2, 0x72A2, 0x72C2, 0x72A2, 0x6242, 0x6222, 0x6222, 0x5A22, 0x5A22, 0x5A21, 0x5A21, 0x6221,
    0x5A22, 0x6262, 0x72C3, 0x7AE3, 0x72A2, 0x6A82, 0x6A62, 0x6262, 0x6262, 0x6262, 0x6A82, 0x72A2,
    0x72A2, 0x6A82, 0x6A42, 0x6A62, 0x72C2, 0x7AC3, 0x6A82, 0x6A62, 0x6262, 0x6262, 0x6A82, 0x6AA2,
    0x6AA2, 0x6A82, 0x6262, 0x6242, 0x6221, 0x6242, 0x6A62, 0x6A82, 0x6AA2, 0x6A82, 0x6262, 0x6A82,
    0x72C3, 0x7AE3, 0x72C3, 0x72A3, 0x72A2, 0x6A82, 0x6A62, 0x6242, 0x5A22, 0x6222, 0x6A62, 0x6AA2,
    0x7AE3, 0x7AE3, 0x7AE3, 0x72C3, 0x6242, 0x6242, 0x6A82, 0x72A2, 0x6A82, 0x6262, 0x6262, 0x6A82,
    0x72A2, 0x72A2, 0x6A82, 0x6A82, 0x6A82, 0x6A82, 0x6A62, 0x6A62, 0x6A62, 0x6242, 0x5A21, 0x5A21,
    0x6242, 0x6262, 0x6242, 0x6242, 0x6A62, 0x6A82, 0x6A82, 0x6A82, 0x6262, 0x6262, 0x6A82, 0x6A62,
    0x6242, 0x6A62, 0x72A3, 0x72C3, 0x6A82, 0x6A62, 0x72A2, 0x6AA2, 0x6A62, 0x6242, 0x6242, 0x6242,
    0x6A62, 0x6A62, 0x6242, 0x6262, 0x6AA3, 0x72C3, 0x7AE3, 0x72C3, 0x6A82, 0x6A82, 0x72A3, 0x72C3,
    0x7AC3, 0x7AC2, 0x7AC2, 0x7AC3, 0x7AE3, 0x7AE3, 0x7B03, 0x7B03, 0x72C2, 0x72A2, 0x72C2, 0x72A2,
    0x6A62, 0x6242, 0x6242, 0x6242, 0x6242, 0x6242, 0x6242, 0x6242, 0x6242, 0x6A62, 0x72C3, 0x72E3,
    0x72A2, 0x6A82, 0x6A62, 0x6242, 0x6242, 0x6262, 0x6A82, 0x72A2, 0x72C3, 0x72A3, 0x6A82, 0x7282,
    0x7AC3, 0x72C3, 0x6A82, 0x6A62, 0x6242, 0x6262, 0x6AA2, 0x72C3, 0x72C3, 0x72A3, 0x6A82, 0x6262,
    0x6242, 0x6242, 0x6A62, 0x6A82, 0x6AA2, 0x6A82, 0x6A62, 0x6A82, 0x72C3, 0x72C3, 0x72A2, 0x6A82,
    0x6A82, 0x6A82, 0x6A82, 0x6262, 0x5A22, 0x6222, 0x6A82, 0x72A3, 0x72C3, 0x72C3, 0x72A3, 0x6A82,
    0x6222, 0x6221, 0x6A82, 0x6A82, 0x6242, 0x6222, 0x5A22, 0x6242, 0x6A82, 0x72A2, 0x6A82, 0x6A62,
    0x6242, 0x6262, 0x6A82, 0x6A82, 0x6242, 0x5A21, 0x5A21, 0x6222, 0x6242, 0x6262, 0x6242, 0x6242,
    0x6A62, 0x6A82, 0x6262, 0x6A62, 0x6A82, 0x72A2, 0x72A2, 0x6A82, 0x6242, 0x6A62, 0x7AE3, 0x7AE3,
    0x72A2, 0x6A82, 0x72A3, 0x72A2, 0x6A62, 0x6242, 0x6242, 0x6A62, 0x72A3, 0x72C3, 0x72A3, 0x6AA2,
    0x6AA2, 0x72A3, 0x7AE3, 0x7AE3, 0x7AC3, 0x72C3, 0x72C3, 0x7AC3, 0x8303, 0x8323, 0x8303, 0x7B03,
    0x7AC3, 0x72A2, 0x72A2, 0x72A2, 0x72A2, 0x6A82, 0x6A82, 0x6A62, 0x6262, 0x6262, 0x6262, 0x6A62,
    0x72A2, 0x6A82, 0x6242, 0x6241, 0x6242, 0x6A82, 0x72C3, 0x7AE3, 0x6A82, 0x6262, 0x6242, 0x6242,
    0x6A62, 0x6A82, 0x6A82, 0x72A2, 0x7AE3, 0x7B03, 0x7AC3, 0x72C2, 0x72A2, 0x72A2, 0x6A82, 0x6A82,
    0x6A62, 0x6A82, 0x7AE3, 0x7B03, 0x7AE3, 0x72C3, 0x72A2, 0x6A82, 0x6A62, 0x6262, 0x6262, 0x6A82,
    0x72C2, 0x72C3, 0x72A2, 0x72A2, 0x72A2, 0x6A82, 0x6242, 0x6242, 0x6262, 0x6A62, 0x6A62, 0x6242,
    0x5A01, 0x5A01, 0x6A62, 0x72A2, 0x6AA2, 0x6AA2, 0x6A82, 0x6262, 0x6221, 0x6221, 0x6A82, 0x6A82,
    0x6242, 0x6221, 0x5A21, 0x6242, 0x6A82, 0x72A2, 0x7282, 0x6A62, 0x6242, 0x6242, 0x6AA2, 0x6AA2,
    0x6242, 0x6221, 0x6242, 0x6242, 0x6262, 0x6262, 0x6242, 0x6262, 0x6A82, 0x6A82, 0x6A82, 0x6A82,
    0x72C2, 0x7AC3, 0x72C3, 0x72A2, 0x6A62, 0x6A82, 0x7AC3, 0x7AE3, 0x7AC3, 0x72C3, 0x7AC3, 0x72C3,
    0x6A82, 0x6A62, 0x6A62, 0x6A82, 0x72C3, 0x7AE3, 0x72C3, 0x72A2, 0x72A2, 0x72A2, 0x7AE3, 0x7AE3,
    0x7AE3, 0x7AC3, 0x72C3, 0x72C3, 0x7AE3, 0x8303, 0x8323, 0x8303, 0x7AE3, 0x72A2, 0x6A82, 0x6A82,
    0x6A82, 0x6A82, 0x6A62, 0x6A62, 0x6A82, 0x6A82, 0x6A82, 0x72A2, 0x72C2, 0x72A2, 0x6262, 0x6221,
    0x6241, 0x6A62, 0x72C3, 0x7AE3, 0x72A2, 0x6A62, 0x6A62, 0x6A62, 0x72A2, 0x72A2, 0x6A82, 0x72A2,
    0x7B03, 0x8303, 0x7AE3, 0x72C3, 0x72A2, 0x6A82, 0x72A2, 0x72A2, 0x72A2, 0x72C2, 0x7B03, 0x8303,
    0x7AE3, 0x72C3, 0x72C3, 0x72A3, 0x72A2, 0x6A82, 0x6A62, 0x6A82, 0x7AC2, 0x7AE3, 0x72C3, 0x72A2,
    0x72A2, 0x6A62, 0x5A21, 0x5A01, 0x6242, 0x6242, 0x6242, 0x6242, 0x5A01, 0x5A01, 0x6242, 0x6A82,
    0x6A82, 0x6A82, 0x6A82, 0x6262, 0x6221, 0x6241, 0x6A82, 0x6AA2, 0x6A62, 0x6262, 0x6242, 0x6A62,
    0x72A2, 0x72C2, 0x72A2, 0x6A82, 0x6241, 0x6262, 0x6A82, 0x72A2, 0x6AA2, 0x6A82, 0x6A82, 0x6A62,
    0x6A62, 0x6A62, 0x6262, 0x6A62, 0x6A82, 0x72A2, 0x72C3, 0x7AE3, 0x7AE3, 0x7AE3, 0x7AC3, 0x72C3,
    0x72A2, 0x72A2, 0x72A2, 0x72C3, 0x8303, 0x8323, 0x7B03, 0x72C3, 0x6A82, 0x6A62, 0x6A82, 0x72A2,
    0x72C2, 0x72C2, 0x72A2, 0x72A2, 0x72C3, 0x7AC3, 0x7AC3, 0x72C3, 0x72C2, 0x72A2, 0x72A2, 0x72A2,
    0x6A82, 0x72A2, 0x7B03, 0x8303, 0x7AE3, 0x7AC2, 0x72A2, 0x6A82, 0x6A82, 0x6A82, 0x6A82, 0x6AA2,
    0x72A2, 0x72C3, 0x7AE3, 0x7AE3, 0x72C2, 0x72A2, 0x6A62, 0x6242, 0x5A21, 0x6242, 0x72A2, 0x7AC3,
    0x7AC3, 0x7AC3, 0x72C2, 0x72C2, 0x7AE3, 0x7AE3, 0x72C2, 0x72C2, 0x7B03, 0x8303, 0x7AE3, 0x72C2,
    0x72A2, 0x72A2, 0x72A2, 0x72C2, 0x72C2, 0x72C2, 0x7AE3, 0x7AE3, 0x7AE3, 0x7AE3, 0x7B03, 0x7B03,
    0x7AE3, 0x72C3, 0x72A2, 0x72C2, 0x7AC3, 0x7AE3, 0x72C3, 0x72C3, 0x72A2, 0x6A82, 0x6242, 0x5A21,
    0x6222, 0x6222, 0x6222, 0x6221, 0x6221, 0x6221, 0x6241, 0x6242, 0x6A62, 0x6A62, 0x6A82, 0x6A62,
    0x6262, 0x6A62, 0x72A2, 0x72A2, 0x6A82, 0x6A62, 0x6A62, 0x6A82, 0x72C2, 0x72C2, 0x72A2, 0x72A2,
    0x6A82, 0x6A62, 0x6A82, 0x6A82, 0x6A82, 0x6A82, 0x6A82, 0x6A82, 0x6A82, 0x6A82, 0x6A82, 0x72A2,
    0x72A2, 0x72C3, 0x7AE3, 0x7B03, 0x7AE3, 0x7AE3, 0x7AE3, 0x72C3, 0x72C2, 0x72A2, 0x72A2, 0x72C3,
    0x7B03, 0x8323, 0x8303, 0x7AE3, 0x72C3, 0x72A2, 0x72A2, 0x72A2, 0x7AC2, 0x72C2, 0x72A2, 0x72A2,
    0x7AC3, 0x7AC3, 0x72C2, 0x72A2, 0x72A2, 0x72A2, 0x72A2, 0x72A2, 0x6A82, 0x72A2, 0x7AE3, 0x8303,
    0x7B03, 0x7AE3, 0x7AE3, 0x72A3, 0x6A82, 0x6A62, 0x6A82, 0x6AA2, 0x72C3, 0x7AE3, 0x7B03, 0x7AE3,
    0x72C2, 0x72A2, 0x6A82, 0x6A62, 0x6242, 0x6262, 0x72A2, 0x7AC3, 0x7AE3, 0x7B03, 0x7AE3, 0x7AE3,
    0x7B03, 0x7AE3, 0x72C2, 0x72C2, 0x7AE3, 0x7AE3, 0x7AE3, 0x72C3, 0x72A2, 0x72A2, 0x72C2, 0x72C2,
    0x72C2, 0x72C2, 0x72C2, 0x72C2, 0x7AC3, 0x7AE3, 0x8303, 0x8303, 0x7AE3, 0x7AC3, 0x72C3, 0x72C2,
    0x72C3, 0x72C3, 0x72C3, 0x72C3, 0x72A2, 0x6A82, 0x6A62, 0x6242, 0x6242, 0x6242, 0x6242, 0x6242,
    0x6242, 0x6242, 0x6242, 0x6241, 0x6A62, 0x6A62, 0x6A82, 0x6A82, 0x72A2, 0x72A2, 0x72C3, 0x72C3,
    0x6A82, 0x6A62, 0x6AA2, 0x72A3, 0x72C2, 0x72C2, 0x72A2, 0x72A2, 0x72A2, 0x72A2, 0x6A82, 0x6262,
    0x6241, 0x6242, 0x6A82, 0x6A82, 0x6A82, 0x6A82, 0x72C2, 0x7AE3, 0x7AE3, 0x7AE3, 0x7AE3, 0x7AE3,
    0x7AE3, 0x72C3, 0x72C3, 0x72A2, 0x6A82, 0x6A82, 0x72C2, 0x72C3, 0x72C2, 0x7AE3, 0x7B03, 0x8323,
    0x7B03, 0x7AE3, 0x72A2, 0x72A2, 0x7AE3, 0x7AE3, 0x72A2, 0x72A2, 0x72C2, 0x72A2, 0x7282, 0x72A2,
    0x72C2, 0x72C3, 0x72C3, 0x7AE3, 0x7AE3, 0x7B03, 0x8303, 0x7B03, 0x7B03, 0x7B03, 0x7B03, 0x7AE3,
    0x6A82, 0x6242, 0x6242, 0x6A62, 0x72C3, 0x7AE3, 0x72C3, 0x72A2, 0x72A2, 0x72C2, 0x7AC3, 0x72C3,
    0x72A2, 0x72A2, 0x6AA2, 0x72C3, 0x7B03, 0x8303, 0x8303, 0x7B03, 0x7AE3, 0x7AE3, 0x72A2, 0x72A2,
    0x72C3, 0x7AC3, 0x7AE3, 0x7AE3, 0x6AA2, 0x6A82, 0x72C2, 0x7AC3, 0x72A2, 0x72A2, 0x72C2, 0x72C2,
    0x72C2, 0x72C3, 0x7B03, 0x7B03, 0x7AE3, 0x72C2, 0x72A2, 0x72A2, 0x72C2, 0x72C2, 0x72C3, 0x72C2,
    0x6A82, 0x6A82, 0x72A2, 0x72A2, 0x6AA2, 0x6A82, 0x6A82, 0x6A82, 0x6A82, 0x6A62, 0x6A62, 0x6A62,
    0x6A82, 0x6A82, 0x6A82, 0x72A2, 0x72C2, 0x7AE3, 0x7AE3, 0x72C3, 0x6A82, 0x6A82, 0x72A3, 0x72C3,
    0x72C3, 0x72C2, 0x72C2, 0x72C2, 0x72C3, 0x72C2, 0x6A62, 0x6241, 0x5A21, 0x6242, 0x6A82, 0x6A82,
    0x6A62, 0x6A82, 0x7AE2, 0x7B03, 0x7B03, 0x7B03, 0x7AE3, 0x7AE3, 0x7AC3, 0x72C3, 0x72C2, 0x72A2,
    0x6A82, 0x6A82, 0x72C2, 0x7AC2, 0x72A2, 0x72C2, 0x8323, 0x8344, 0x8324, 0x7B03, 0x72A2, 0x72A2,
    0x7AE3, 0x7B03, 0x7AE2, 0x72C2, 0x72A2, 0x72A2, 0x6A82, 0x7282, 0x72C2, 0x7AE3, 0x7AE3, 0x7AE3,
    0x8303, 0x8323, 0x8303, 0x7AE3, 0x7AC3, 0x7AE3, 0x7B03, 0x7B03, 0x6AA3, 0x6262, 0x6242, 0x6A62,
    0x72C3, 0x7AE3, 0x72C2, 0x72A2, 0x72A2, 0x72C2, 0x7AE3, 0x7B03, 0x7AE3, 0x7AC3, 0x72C2, 0x72C3,
    0x7B03, 0x8303, 0x8303, 0x7B03, 0x7AE3, 0x7AC3, 0x72C2, 0x72A2, 0x72A2, 0x72C3, 0x7B03, 0x7AE3,
    0x6AA2, 0x6A82, 0x72C3, 0x7AE3, 0x72C2, 0x72A2, 0x72C2, 0x72C2, 0x72A2, 0x72C2, 0x7AE3, 0x7AE3,
    0x72C2, 0x72A2, 0x6AA2, 0x6AA2, 0x72A2, 0x72A2, 0x72C2, 0x72C2, 0x6A82, 0x6A82, 0x6AA2, 0x72A2,
    0x72A3, 0x72C3, 0x72A3, 0x72A3, 0x72A2, 0x72A2, 0x6A82, 0x6A82, 0x6A82, 0x72A2, 0x72C3, 0x7AE3,
    0x7B03, 0x7B03, 0x7AE3, 0x7AC3, 0x72C3, 0x72C3, 0x6AA2, 0x72A2, 0x7AE3, 0x7AE3, 0x72C2, 0x72C2,
    0x7AE3, 0x72C3, 0x6A62, 0x6242, 0x6262, 0x6A82, 0x6A82, 0x6A82, 0x6A62, 0x6A82, 0x72C2, 0x7B03,
    0x8323, 0x8324, 0x7B03, 0x7AE3, 0x7AE3, 0x7AC3, 0x72C2, 0x72A2, 0x72C2, 0x72C2, 0x72C2, 0x72C2,
    0x72C2, 0x7AE3, 0x8343, 0x8344, 0x8323, 0x7B03, 0x72A2, 0x72A2, 0x72C3, 0x7AE3, 0x8303, 0x7AE3,
    0x72C2, 0x6A82, 0x6A82, 0x72A2, 0x7AC3, 0x7AE3, 0x7AE3, 0x7B03, 0x7B03, 0x7B03, 0x7AE3, 0x72C2,
    0x6A82, 0x72A2, 0x7AE3, 0x7AE3, 0x72C3, 0x72A2, 0x6AA2, 0x72A2, 0x72A2, 0x72C2, 0x7AE3, 0x72C3,
    0x72A2, 0x72A2, 0x7AE3, 0x8323, 0x8323, 0x8303, 0x7B03, 0x7AE3, 0x7AE3, 0x7AE3, 0x7B03, 0x7B03,
    0x7AE3, 0x72C2, 0x7AE2, 0x7AC2, 0x72C2, 0x72C3, 0x7AE3, 0x7AE3, 0x72C2, 0x72A2, 0x72C2, 0x7AC3,
    0x7AE3, 0x7AE3, 0x72C3, 0x72C2, 0x72A2, 0x72C2, 0x7B03, 0x7AE3, 0x6A82, 0x6A62, 0x6A62, 0x6A82,
    0x6A82, 0x72A2, 0x72C2, 0x72C2, 0x72A2, 0x6A82, 0x6242, 0x6262, 0x6AA2, 0x72C3, 0x6AA3, 0x72A3,
    0x72C3, 0x72C3, 0x72A2, 0x6A82, 0x72A2, 0x72C2, 0x7AE3, 0x7AE3, 0x7AE3, 0x7AE3, 0x7AE3, 0x7AE3,
    0x7AE3, 0x72C3, 0x6A82, 0x6A82, 0x72E3, 0x7AE3, 0x72C2, 0x72C2, 0x72C3, 0x72C2, 0x6A82, 0x6A62,
    0x6A82, 0x6A82, 0x6A62, 0x6262, 0x6262, 0x6A62, 0x72A2, 0x7AC3, 0x7B03, 0x7B03, 0x7B03, 0x7B03,
    0x7AE3, 0x7AC3, 0x72C3, 0x72C3, 0x7AC3, 0x72C2, 0x72A2, 0x72A2, 0x7AC2, 0x7B03, 0x8323, 0x8323,
    0x7B03, 0x7AC3, 0x72A2, 0x72A2, 0x72C2, 0x7AE3, 0x7B03, 0x7B03, 0x72C2, 0x72A2, 0x6A82, 0x6A82,
    0x72A2, 0x72C3, 0x72C3, 0x72C3, 0x72C2, 0x72C2, 0x7AC2, 0x72C2, 0x6A82, 0x6A82, 0x72A2, 0x72C3,
    0x72C2, 0x72C2, 0x72C2, 0x72C2, 0x7282, 0x72A2, 0x7AE3, 0x7AE3, 0x72A2, 0x72A2, 0x7AE3, 0x7B03,
    0x7B03, 0x8303, 0x8303, 0x7B03, 0x7AE3, 0x72C3, 0x72C3, 0x72C2, 0x72A2, 0x72C2, 0x7AE2, 0x7AE2,
    0x72A2, 0x72A2, 0x7AC2, 0x7AE2, 0x72C2, 0x72A2, 0x72A2, 0x72C2, 0x7AE3, 0x7AE3, 0x72A2, 0x6AA2,
    0x72A2, 0x72C2, 0x7AE3, 0x72C3, 0x6A62, 0x6242, 0x6A62, 0x6A82, 0x6A82, 0x72A2, 0x72A2, 0x72A2,
    0x72A2, 0x6A82, 0x5A22, 0x5A22, 0x6A82, 0x6AA3, 0x6A82, 0x6A82, 0x6AA2, 0x72A2, 0x72A2, 0x7282,
    0x7AE3, 0x72E3, 0x72C3, 0x72A2, 0x6A82, 0x6A82, 0x72C3, 0x7AC3, 0x72C3, 0x72A2, 0x6A62, 0x6A62,
    0x72A3, 0x72A3, 0x6A82, 0x6A82, 0x6A82, 0x6A82, 0x72A2, 0x72A2, 0x72A2, 0x6A82, 0x6221, 0x5A21,
    0x6242, 0x6262, 0x6262, 0x6A62, 0x6AA2, 0x72C3, 0x8303, 0x8303, 0x72C3, 0x72C3, 0x7AE3, 0x7AE3,
    0x72C2, 0x6A82, 0x6262, 0x6A62, 0x72C3, 0x7AE3, 0x72C3, 0x72A2, 0x6A82, 0x6A82, 0x6A82, 0x6A82,
    0x72A2, 0x72C2, 0x72C2, 0x72C3, 0x7AE3, 0x72C3, 0x6A82, 0x6242, 0x6242, 0x6242, 0x6A82, 0x6A82,
    0x6262, 0x6A62, 0x72A2, 0x72C2, 0x6A82, 0x6A82, 0x6A82, 0x6A82, 0x6A82, 0x6AA2, 0x7AE3, 0x7AC3,
    0x6A82, 0x6A82, 0x72C3, 0x7AE3, 0x72C3, 0x72A3, 0x72A2, 0x72A2, 0x72A2, 0x72C3, 0x7AE3, 0x7AE3,
    0x72C3, 0x72A2, 0x6262, 0x6242, 0x6A82, 0x72A2, 0x72C3, 0x72C2, 0x72A2, 0x6A82, 0x72A2, 0x72A2,
    0x6A82, 0x6A82, 0x6A82, 0x6A82, 0x72A2, 0x72A2, 0x6262, 0x6262, 0x72A2, 0x72C3, 0x72C3, 0x72A2,
    0x6A62, 0x6242, 0x6A62, 0x6A82, 0x72A2, 0x6AA2, 0x6A62, 0x6A62, 0x6A82, 0x6A82, 0x5A22, 0x5A22,
    0x6A62, 0x6A82, 0x6262, 0x6242, 0x5A22, 0x6242, 0x6A82, 0x72A3, 0x7AE3, 0x72C3, 0x72A2, 0x6A82,
    0x6262, 0x6A62, 0x72A2, 0x72C3, 0x72A2, 0x6A82, 0x6242, 0x6242, 0x6262, 0x6262, 0x6242, 0x6242,
    0x6242, 0x6A62, 0x72A2, 0x72C3, 0x72A2, 0x6A62, 0x5A21, 0x5A01, 0x6242, 0x6242, 0x6222, 0x6242,
    0x6A62, 0x72A2, 0x7AE3, 0x7AE3, 0x72A2, 0x72A2, 0x7AE3, 0x7AE3, 0x72A2, 0x6A62, 0x6241, 0x6242,
    0x72A3, 0x72C3, 0x6A82, 0x6A62, 0x6242, 0x6242, 0x6A62, 0x6A82, 0x6A82, 0x6A82, 0x72A2, 0x72A2,
    0x72C3, 0x72C3, 0x6262, 0x5A22, 0x5201, 0x5A02, 0x6242, 0x6242, 0x5A21, 0x5A21, 0x6A62, 0x6A82,
    0x6A82, 0x6A82, 0x6A62, 0x6262, 0x6262, 0x6A82, 0x7AC3, 0x7AC3, 0x6A82, 0x6A62, 0x72A3, 0x72C3,
    0x72A3, 0x6A82, 0x6A82, 0x6A82, 0x6A82, 0x72A2, 0x7AE3, 0x7AE3, 0x72C3, 0x6A82, 0x5A21, 0x5A21,
    0x6A62, 0x6AA2, 0x72A2, 0x6AA2, 0x6A82, 0x6A62, 0x6A62, 0x6A62, 0x6A82, 0x6A82, 0x6A82, 0x6A82,
    0x6A82, 0x6A62, 0x6242, 0x6242, 0x6A82, 0x6AA2, 0x6A82, 0x6A62, 0x6242, 0x6242, 0x6A62, 0x6A82,
    0x6A82, 0x6A82, 0x6242, 0x6242, 0x6A62, 0x6A62, 0x6242, 0x5A22, 0x6262, 0x6262, 0x6242, 0x5A02,
    0x51E1, 0x5A01, 0x6A62, 0x72A2, 0x6AA2, 0x6AA2, 0x6AA2, 0x6A82, 0x6242, 0x6242, 0x6A82, 0x6A82,
    0x6A82, 0x6A62, 0x5A22, 0x5A01, 0x5201, 0x5201, 0x5A01, 0x5A21, 0x6222, 0x6262, 0x6A82, 0x72A2,
    0x6A82, 0x6262, 0x6222, 0x5A21, 0x6222, 0x6242, 0x5A22, 0x6242, 0x6A62, 0x6A82, 0x72A3, 0x72A3,
    0x6262, 0x6A62, 0x72C3, 0x7AC3, 0x6A82, 0x6A62, 0x6242, 0x6242, 0x6A83, 0x6A83, 0x6A62, 0x6242,
    0x6221, 0x6242, 0x6A62, 0x6A62, 0x6242, 0x6262, 0x6A82, 0x72A2, 0x6A82, 0x6A62, 0x6242, 0x5A01,
    0x51E1, 0x51E1, 0x5A22, 0x5A22, 0x5A01, 0x5A01, 0x6222, 0x6242, 0x6242, 0x6242, 0x6262, 0x6262,
    0x6A62, 0x6A82, 0x72A2, 0x72A2, 0x6A82, 0x6A62, 0x6A82, 0x6AA2, 0x6A82, 0x6A82, 0x6A82, 0x6A82,
    0x6A62, 0x6A82, 0x7AE3, 0x7AE3, 0x72A2, 0x6A62, 0x6221, 0x6222, 0x6A82, 0x72A2, 0x6A62, 0x6262,
    0x6262, 0x6262, 0x6242, 0x6262, 0x6A82, 0x6A82, 0x6A82, 0x6A82, 0x6242, 0x6242, 0x6242, 0x6262,
    0x6262, 0x6242, 0x6241, 0x5A21, 0x5A21, 0x6221, 0x6A62, 0x6A82, 0x6262, 0x6242, 0x5A01, 0x5A02,
    0x6242, 0x6A62, 0x6262, 0x6262, 0x6242, 0x6242, 0x6222, 0x5A22, 0x5A01, 0x5A21, 0x6242, 0x6242,
    0x6AA2, 0x6AA2, 0x6A82, 0x6A82, 0x6242, 0x6242, 0x6A62, 0x6A62, 0x6A62, 0x6242, 0x5A22, 0x51E1,
    0x51E1, 0x51E1, 0x5201, 0x5A01, 0x5A22, 0x6242, 0x6A82, 0x72A2, 0x6A82, 0x6A62, 0x6242, 0x6242,
    0x6242, 0x6242, 0x5A22, 0x6242, 0x6A62, 0x6A82, 0x6A62, 0x6262, 0x6242, 0x6262, 0x72A2, 0x72A2,
    0x6A82, 0x6A62, 0x6242, 0x6242, 0x6A62, 0x6A62, 0x6242, 0x6222, 0x6221, 0x6242, 0x6A82, 0x6A82,
    0x6242, 0x6242, 0x6262, 0x6A62, 0x6A62, 0x6262, 0x6242, 0x5A21, 0x51E1, 0x51E1, 0x5A01, 0x5A21,
    0x5A01, 0x5A02, 0x6242, 0x6242, 0x6242, 0x6242, 0x6242, 0x6262, 0x6A82, 0x72A2, 0x72A2, 0x72A2,
    0x6A82, 0x6A82, 0x6A82, 0x6A82, 0x6A82, 0x6A82, 0x6A62, 0x6A62, 0x6A62, 0x6A82, 0x7AC3, 0x7AE3,
    0x6A82, 0x6242, 0x6221, 0x6242, 0x72A2, 0x72C3, 0x6262, 0x6242, 0x6A62, 0x6A62, 0x6A62, 0x6A62,
    0x6A82, 0x6A82, 0x6A82, 0x6A62, 0x6242, 0x6222, 0x6A62, 0x6A82, 0x6262, 0x6242, 0x5A21, 0x5A21,
    0x5A21, 0x6242, 0x6A82, 0x6A82, 0x6242, 0x6222, 0x5A22, 0x6242, 0x6A62, 0x6A62, 0x6A62, 0x6262,
    0x6262, 0x6242, 0x5A22, 0x5A22, 0x5A22, 0x6222, 0x6242, 0x6242, 0x72C3, 0x72C2, 0x72A2, 0x6A82,
    0x6242, 0x6242, 0x6A62, 0x6A62, 0x6242, 0x5A22, 0x5A22, 0x5A22, 0x5A02, 0x5A02, 0x5A22, 0x6222,
    0x6242, 0x6262, 0x6AA2, 0x72C3, 0x72C3, 0x72A2, 0x6A62, 0x6262, 0x6A62, 0x6262, 0x6242, 0x6222,
    0x6242, 0x6242, 0x6222, 0x6222, 0x6242, 0x6A62, 0x6A82, 0x72A2, 0x72A2, 0x6A82, 0x5A22, 0x5A22,
    0x6262, 0x6A62, 0x6222, 0x5A22, 0x6222, 0x6A62, 0x7AE3, 0x7AE3, 0x6A62, 0x5A22, 0x5A01, 0x5A22,
    0x6262, 0x6A62, 0x6A62, 0x6262, 0x6242, 0x6242, 0x6241, 0x6221, 0x6222, 0x6242, 0x72A2, 0x72C3,
    0x6AA2, 0x6A62, 0x6242, 0x6262, 0x72A2, 0x72C3, 0x72C3, 0x72A2, 0x6A82, 0x6A82, 0x72A2, 0x72A2,
    0x72A2, 0x6A82, 0x6A62, 0x6A62, 0x6241, 0x6A82, 0x7AE3, 0x7AE3, 0x6A82, 0x6242, 0x6221, 0x6242,
    0x72C3, 0x7AE3, 0x6A82, 0x6A62, 0x72A2, 0x72A2, 0x72A2, 0x72A2, 0x6A82, 0x6A62, 0x6A82, 0x6A62,
    0x6241, 0x6242, 0x6A82, 0x72A2, 0x6A82, 0x6A62, 0x6262, 0x6262, 0x6A62, 0x6A82, 0x72C3, 0x72A3,
    0x6A62, 0x6262, 0x6A82, 0x72A3, 0x72A3, 0x6AA2, 0x6262, 0x6242, 0x6A62, 0x6262, 0x6222, 0x5A21,
    0x6242, 0x6262, 0x6A82, 0x6A82, 0x7AE3, 0x7AC3, 0x72C2, 0x6A82, 0x6242, 0x6241, 0x6262, 0x6262,
    0x5A22, 0x5A22, 0x5A22, 0x5A22, 0x5A02, 0x5A02, 0x5A22, 0x6242, 0x6242, 0x6A62, 0x6AA3, 0x72C3,
    0x72C3, 0x72A2, 0x6A62, 0x6262, 0x6A62, 0x6A62, 0x6242, 0x6222, 0x6242, 0x6242, 0x5A22, 0x5A22,
    0x6242, 0x6A62, 0x6AA2, 0x72A2, 0x72A2, 0x6A82, 0x5A22, 0x5A22, 0x6A62, 0x6A62, 0x6222, 0x5A22,
    0x6242, 0x6A82, 0x7AE3, 0x7AE3, 0x6A82, 0x6222, 0x5A01, 0x5A01, 0x6242, 0x6A62, 0x6A82, 0x6A82,
    0x6262, 0x6242, 0x6241, 0x6241, 0x6242, 0x6A62, 0x72C3, 0x7AE3, 0x72A3, 0x6A82, 0x6242, 0x6262,
    0x72C3, 0x7AE3, 0x72C3, 0x72C2, 0x6AA2, 0x6A82, 0x72A3, 0x72C3, 0x72C2, 0x72A2, 0x6A62, 0x6262,
    0x6A62, 0x6A82, 0x7AE3, 0x7AE3, 0x72A2, 0x6A62, 0x6221, 0x6242, 0x72C3, 0x7AE3, 0x6AA2, 0x6A82,
    0x72C2, 0x7AC2, 0x72C2, 0x72A2, 0x7282, 0x6A82, 0x6A82, 0x6A82, 0x6242, 0x6A62, 0x72C2, 0x7AC3,
    0x72A2, 0x6A82, 0x6A82, 0x6A82, 0x6A82, 0x6A82, 0x72A2, 0x6A82, 0x6262, 0x6262, 0x6AA2, 0x72C3,
    0x72C3, 0x72A2, 0x6242, 0x6242, 0x6A82, 0x6A82, 0x6222, 0x5A21, 0x6242, 0x6262, 0x6A62, 0x6A82,
    0x7AE3, 0x7AE3, 0x7AC3, 0x72A2, 0x6A62, 0x6241, 0x6241, 0x6242, 0x6242, 0x6242, 0x5A22, 0x5A22,
    0x5A22, 0x5A22, 0x5A21, 0x5A22, 0x6242, 0x6A62, 0x6A82, 0x72A2, 0x72A2, 0x6A82, 0x6262, 0x6242,
    0x6262, 0x6242, 0x6242, 0x6242, 0x6262, 0x6262, 0x6242, 0x6242, 0x6222, 0x6A62, 0x72C3, 0x7AE3,
    0x72A2, 0x6A62, 0x6242, 0x6242, 0x6A82, 0x6A82, 0x6242, 0x6242, 0x6A62, 0x6A82, 0x72A2, 0x72A2,
    0x6A82, 0x6242, 0x5A22, 0x5A01, 0x6222, 0x6242, 0x6A82, 0x6A82, 0x6262, 0x6241, 0x6221, 0x6221,
    0x6241, 0x6A82, 0x72C2, 0x7AC3, 0x72A2, 0x6A62, 0x6242, 0x6262, 0x72C3, 0x7AE3, 0x7AC3, 0x72C2,
    0x72A2, 0x72A2, 0x72C3, 0x72C3, 0x72C2, 0x72A2, 0x6A62, 0x6A62, 0x6A82, 0x72A2, 0x7AE3, 0x7B03,
    0x7AE3, 0x72C3, 0x6242, 0x6242, 0x72A3, 0x72C3, 0x72A3, 0x72A2, 0x72A2, 0x72C2, 0x72C2, 0x72C2,
    0x72C3, 0x72C3, 0x72C2, 0x72A2, 0x6A62, 0x6A82, 0x7AE3, 0x7AE3, 0x72A2, 0x6A82, 0x6A82, 0x6A82,
    0x6A62, 0x6242, 0x6242, 0x6222, 0x6221, 0x6242, 0x6262, 0x6A82, 0x72C2, 0x72A2, 0x6242, 0x6242,
    0x6A82, 0x6A82, 0x6222, 0x5A01, 0x5A22, 0x6222, 0x6222, 0x6242, 0x7AE3, 0x7AE3, 0x7AE3, 0x72C2,
    0x6A62, 0x6242, 0x6242, 0x6242, 0x6242, 0x6242, 0x6242, 0x5A22, 0x5A22, 0x5A22, 0x5A21, 0x6222,
    0x6242, 0x6A62, 0x6A82, 0x72A2, 0x72A2, 0x6A82, 0x6262, 0x6242, 0x6A62, 0x6A62, 0x6242, 0x6242,
    0x6262, 0x6A62, 0x6262, 0x6242, 0x6242, 0x6A82, 0x7AE3, 0x7B03, 0x72A2, 0x6A62, 0x6A62, 0x6A62,
    0x6A82, 0x6A82, 0x6262, 0x6262, 0x6A82, 0x72A2, 0x72A2, 0x72A2, 0x6A62, 0x6242, 0x6222, 0x6222,
    0x6242, 0x6262, 0x6A82, 0x6A82, 0x6262, 0x6242, 0x6241, 0x6241, 0x6A61, 0x6A82, 0x72A2, 0x72A2,
    0x6A82, 0x6A62, 0x6262, 0x6A82, 0x72C3, 0x7AE3, 0x7AC3, 0x72C2, 0x72C2, 0x72C2, 0x72C3, 0x72C3,
    0x72C3, 0x72C3, 0x6A82, 0x6A82, 0x72A2, 0x72C3, 0x7AE3, 0x7B03, 0x8303, 0x7AE3, 0x6A62, 0x6A62,
    0x72C3, 0x7AE3, 0x72C3, 0x72A2, 0x72A2, 0x72A2, 0x72A2, 0x72A2, 0x7AC3, 0x7AE3, 0x7AC3, 0x72C2,
    0x6A82, 0x72A2, 0x7AE3, 0x7AE3, 0x6A82, 0x6A82, 0x6A82, 0x6A82, 0x6A62, 0x6242, 0x6242, 0x6241,
    0x6221, 0x6242, 0x6242, 0x6A62, 0x72A2, 0x72A2, 0x6A62, 0x6A62, 0x72A2, 0x6A82, 0x6242, 0x6242,
    0x6242, 0x6242, 0x6242, 0x6242, 0x7AE3, 0x7AE3, 0x7AE3, 0x72A2, 0x6262, 0x6242, 0x6A82, 0x6A82,
    0x6A62, 0x6242, 0x6242, 0x6222, 0x5A22, 0x5A22, 0x6222, 0x6242, 0x6262, 0x6A82, 0x6A82, 0x6AA2,
    0x72C3, 0x72A2, 0x6A62, 0x6A82, 0x72C3, 0x72C3, 0x6262, 0x6242, 0x6A82, 0x6A82, 0x6A62, 0x6A62,
    0x6A82, 0x72C3, 0x7B03, 0x7B03, 0x72A2, 0x6A82, 0x72A2, 0x72A3, 0x6A82, 0x6A62, 0x6A82, 0x6A82,
    0x72A2, 0x72C3, 0x72C3, 0x72A2, 0x6A62, 0x6242, 0x6221, 0x6242, 0x6A82, 0x6A82, 0x6A62, 0x6262,
    0x6A82, 0x6A82, 0x6A82, 0x6A62, 0x6A62, 0x6A62, 0x6A82, 0x6A82, 0x6A82, 0x6A82, 0x6A82, 0x6AA2,
    0x7AE3, 0x7AE3, 0x7AE3, 0x72C3, 0x72A2, 0x72A2, 0x72C3, 0x7AE3, 0x7B03, 0x7B03, 0x72C3, 0x72A2,
    0x72A2, 0x72A3, 0x72C3, 0x7AE3, 0x7B03, 0x7AE3, 0x72A2, 0x72A2, 0x7AE3, 0x7B03, 0x7AE3, 0x72C2,
    0x6A82, 0x6A82, 0x6A82, 0x72A2, 0x72A2, 0x72C2, 0x72A2, 0x72A2, 0x72A2, 0x72A2, 0x72A2, 0x72A2,
    0x6A62, 0x6A62, 0x6A82, 0x72A2, 0x72A2, 0x72A2, 0x72A2, 0x72A2, 0x6A62, 0x6262, 0x6262, 0x6A82,
    0x72A2, 0x72C2, 0x72C3, 0x72C3, 0x72C3, 0x72A2, 0x6A82, 0x6A82, 0x6A82, 0x6A82, 0x72A3, 0x72C3,
    0x72C3, 0x72C3, 0x72E3, 0x72A3, 0x6262, 0x6262, 0x7282, 0x72A2, 0x6A82, 0x6262, 0x6242, 0x5A22,
    0x6222, 0x6242, 0x6242, 0x6242, 0x6262, 0x6A62, 0x6A82, 0x6A82, 0x72C3, 0x72A3, 0x6A82, 0x6A82,
    0x7AE3, 0x72C3, 0x6A62, 0x6262, 0x6A82, 0x6A82, 0x6262, 0x6A82, 0x72A2, 0x7AE3, 0x7B03, 0x7AE3,
    0x72A2, 0x72A2, 0x72C3, 0x72C3, 0x6A82, 0x6A82, 0x6A82, 0x6A82, 0x6AA2, 0x72A3, 0x72C3, 0x72A2,
    0x6A62, 0x6242, 0x6221, 0x6242, 0x72A2, 0x72A2, 0x6A62, 0x6A62, 0x72A2, 0x72A2, 0x72A2, 0x6A82,
    0x6A82, 0x6A82, 0x6A62, 0x6A62, 0x6A82, 0x6A82, 0x6A82, 0x6A82, 0x7AC3, 0x7AE3, 0x7AE3, 0x72C2,
    0x72A2, 0x6A82, 0x72A2, 0x7AC3, 0x7B03, 0x7B03, 0x72C3, 0x72A2, 0x6A82, 0x6A82, 0x72A3, 0x72C3,
    0x72C3, 0x72C3, 0x72A2, 0x72A3, 0x7AE3, 0x7AE3, 0x7AE3, 0x72C2, 0x6A82, 0x6A62, 0x6A62, 0x6A82,
    0x72A2, 0x72A2, 0x6A82, 0x6A82, 0x6A82, 0x6A82, 0x6A82, 0x6A82, 0x6A62, 0x6A62, 0x6A82, 0x6A82,
    0x6A82, 0x72A2, 0x7AE3, 0x7AE3, 0x72A2, 0x6A62, 0x6262, 0x6262, 0x6A82, 0x72A2, 0x72C3, 0x72C3,
    0x72C3, 0x72C3, 0x72A2, 0x6A82, 0x6A82, 0x72A2, 0x72C3, 0x72C3, 0x6A82, 0x6A82, 0x72C3, 0x72A3,
    0x6A82, 0x6A82, 0x6A82, 0x72A2, 0x6AA2, 0x6A62, 0x5A22, 0x5A02, 0x6242, 0x6262, 0x6262, 0x6262,
    0x6242, 0x6262, 0x6A62, 0x6A82, 0x72A2, 0x72A2, 0x6A82, 0x72A2, 0x72C2, 0x72A2, 0x6262, 0x6242,
    0x6242, 0x6242, 0x6262, 0x6A82, 0x72A2, 0x72C3, 0x7AC3, 0x7AE3, 0x7AC3, 0x72C3, 0x72A2, 0x72A2,
    0x72A2, 0x6A82, 0x6A82, 0x6A82, 0x6A62, 0x6A82, 0x72A2, 0x7282, 0x6A62, 0x6242, 0x6221, 0x6242,
    0x72A2, 0x72C2, 0x6A82, 0x6A82, 0x72A2, 0x72C2, 0x72A2, 0x72A2, 0x72C2, 0x72A2, 0x6262, 0x6242,
    0x6A82, 0x6A82, 0x6242, 0x6262, 0x72A2, 0x72C3, 0x72C3, 0x72A2, 0x6A62, 0x6262, 0x6A62, 0x6A82,
    0x72C3, 0x72C2, 0x6A82, 0x6242, 0x5A21, 0x6222, 0x6A82, 0x6AA2, 0x6A82, 0x6A62, 0x6A82, 0x6A82,
    0x6AA3, 0x72A3, 0x72C3, 0x72A3, 0x6A82, 0x6A62, 0x6242, 0x6262, 0x72A3, 0x72C3, 0x6A62, 0x6242,
    0x6242, 0x6A62, 0x7282, 0x72A2, 0x6A82, 0x6A62, 0x6242, 0x6242, 0x6242, 0x6A82, 0x8303, 0x8323,
    0x72C3, 0x6A82, 0x6242, 0x6242, 0x6A62, 0x6A82, 0x6A62, 0x6A62, 0x6AA2, 0x6AA2, 0x6A82, 0x6A82,
    0x6A82, 0x6A82, 0x6A82, 0x6A82, 0x6A62, 0x6A82, 0x6AA2, 0x72A2, 0x6A82, 0x6A82, 0x6A82, 0x7282,
    0x72A2, 0x6A82, 0x6222, 0x5A22, 0x6262, 0x6A62, 0x6262, 0x6262, 0x6242, 0x6242, 0x6A62, 0x6A82,
    0x72A2, 0x72A2, 0x6A82, 0x6A82, 0x72A2, 0x6AA2, 0x6A82, 0x6262, 0x5A42, 0x6242, 0x6A62, 0x6A82,
    0x6A82, 0x72A2, 0x72A2, 0x72C2, 0x72C3, 0x72C3, 0x72A2, 0x6AA2, 0x72A2, 0x72A2, 0x6A82, 0x6A82,
    0x6A82, 0x6A82, 0x6A82, 0x6A82, 0x6A82, 0x6A62, 0x6242, 0x6262, 0x72A2, 0x72C2, 0x6A82, 0x6A82,
    0x72A2, 0x72C2, 0x72A2, 0x72A2, 0x72C3, 0x72A2, 0x6A62, 0x6262, 0x6A82, 0x6A82, 0x6262, 0x6262,
    0x6A82, 0x72A2, 0x72C2, 0x72A2, 0x6A62, 0x6262, 0x6A62, 0x6A82, 0x72A2, 0x72A2, 0x6A62, 0x6241,
    0x5A21, 0x6222, 0x6A82, 0x6A82, 0x6A62, 0x6A62, 0x6A62, 0x6A62, 0x6A82, 0x6AA2, 0x72C3, 0x72C3,
    0x6A82, 0x6A62, 0x6262, 0x6A62, 0x72C3, 0x72C3, 0x6A62, 0x6242, 0x6241, 0x6262, 0x6A82, 0x72A2,
    0x6A82, 0x6A82, 0x6A62, 0x6262, 0x6242, 0x6A82, 0x7AE3, 0x7B03, 0x72C3, 0x6A82, 0x6222, 0x5A21,
    0x6262, 0x6A62, 0x6242, 0x6242, 0x6A82, 0x6A82, 0x6A82, 0x6A62, 0x6A62, 0x6A62, 0x6262, 0x6262,
    0x6A82, 0x6A82, 0x6AA2, 0x6AA2, 0x6A82, 0x6A82, 0x6A82, 0x7282, 0x72A2, 0x72A2, 0x6A82, 0x6A82,
    0x6A82, 0x6A62, 0x6262, 0x6262, 0x6262, 0x6262, 0x6242, 0x6A62, 0x72C2, 0x72C2, 0x6A62, 0x6A62,
    0x72A2, 0x72A3, 0x6AA2, 0x6A82, 0x6242, 0x6242, 0x6A82, 0x6A82, 0x6242, 0x6242, 0x6A82, 0x72A2,
    0x72A3, 0x72A2, 0x6AA2, 0x6A82, 0x72A2, 0x72A3, 0x72C2, 0x7AC2, 0x7AE3, 0x7AE3, 0x72A2, 0x6A82,
    0x6A82, 0x6A82, 0x6A62, 0x6A82, 0x72C2, 0x72C2, 0x6A82, 0x6A82, 0x72A2, 0x72A2, 0x72A2, 0x6AA2,
    0x6A82, 0x7282, 0x72A2, 0x6A82, 0x6A82, 0x6A82, 0x72A2, 0x72A2, 0x6A82, 0x6A82, 0x72A2, 0x72A2,
    0x6A82, 0x72A2, 0x72C3, 0x72C3, 0x72A2, 0x6A82, 0x6A62, 0x6A62, 0x6A62, 0x6A82, 0x72A2, 0x72A2,
    0x72A2, 0x6A82, 0x6262, 0x6262, 0x6A62, 0x72A2, 0x7AE3, 0x7AE3, 0x6AA2, 0x6A82, 0x72A3, 0x72C3,
    0x72A3, 0x72A2, 0x72A2, 0x72A2, 0x6A82, 0x6A62, 0x6A62, 0x6A62, 0x6A82, 0x6A82, 0x72A2, 0x72C2,
    0x72A2, 0x72A2, 0x6A82, 0x6A82, 0x6A82, 0x6A62, 0x6222, 0x6221, 0x6A62, 0x6A62, 0x6242, 0x6242,
    0x6A82, 0x6AA2, 0x6A62, 0x6262, 0x6A62, 0x6A62, 0x6A62, 0x6A62, 0x72A2, 0x72A2, 0x6AA2, 0x6A82,
    0x6A62, 0x6A62, 0x6A82, 0x72A2, 0x72A2, 0x72A2, 0x72A2, 0x6A82, 0x6A82, 0x6262, 0x6242, 0x6242,
    0x6A62, 0x6A82, 0x6262, 0x6A82, 0x72C2, 0x72A2, 0x6242, 0x6242, 0x72A2, 0x72C3, 0x72A2, 0x6A82,
    0x6262, 0x6A62, 0x72A2, 0x72A2, 0x6262, 0x6262, 0x6A82, 0x72A2, 0x72A3, 0x72A2, 0x6A82, 0x6A82,
    0x72A3, 0x72C3, 0x72C3, 0x7AE3, 0x8303, 0x7AE3, 0x6A82, 0x6A62, 0x6A82, 0x6A82, 0x6A82, 0x72A2,
    0x7AC3, 0x72C2, 0x6AA2, 0x6A82, 0x72A2, 0x72A2, 0x72A3, 0x6A82, 0x6242, 0x6262, 0x72A2, 0x72A2,
    0x6A82, 0x6A82, 0x72A2, 0x6A82, 0x6A62, 0x6A62, 0x6A82, 0x6AA2, 0x6A82, 0x72A2, 0x7AE3, 0x7AE3,
    0x72C2, 0x72A2, 0x6A82, 0x6A82, 0x6A62, 0x6A82, 0x72A2, 0x72C3, 0x72A2, 0x6A82, 0x6242, 0x6242,
    0x6242, 0x6A82, 0x7AE3, 0x7AE3, 0x6AA2, 0x6A82, 0x72C3, 0x72C3, 0x72C3, 0x72A2, 0x72A2, 0x72A2,
    0x72A2, 0x6A82, 0x6A82, 0x6A62, 0x6A62, 0x6A82, 0x72C3, 0x7AE3, 0x72C3, 0x72A2, 0x6A62, 0x6262,
    0x6A62, 0x6A62, 0x6242, 0x6242, 0x6A62, 0x6A62, 0x6242, 0x6A62, 0x72A2, 0x72C2, 0x6A82, 0x6A82,
    0x6A82, 0x6A82, 0x6A62, 0x6A62, 0x7AE3, 0x72C2, 0x6A82, 0x6262, 0x6241, 0x6242, 0x6A82, 0x72A3,
    0x72C3, 0x72A2, 0x6A62, 0x6242, 0x6242, 0x6242, 0x5A21, 0x6242, 0x6A62, 0x6A82, 0x6A82, 0x6AA2,
    0x72C3, 0x6A82, 0x5A21, 0x5A22, 0x72A2, 0x72C3, 0x6A82, 0x6262, 0x6262, 0x6A62, 0x72A2, 0x72C3,
    0x72A3, 0x72A3, 0x72A3, 0x72C3, 0x72C3, 0x72A3, 0x6262, 0x6A62, 0x72C3, 0x7AE3, 0x72C3, 0x72A2,
    0x72C3, 0x72A2, 0x6242, 0x6221, 0x6A62, 0x6A82, 0x72A2, 0x72C2, 0x7AC3, 0x7AC3, 0x72A2, 0x72A2,
    0x72A2, 0x72A2, 0x72A2, 0x6A82, 0x5A01, 0x5A02, 0x6A82, 0x72C3, 0x6A82, 0x6A62, 0x6242, 0x6221,
    0x5A01, 0x6221, 0x6A82, 0x6A82, 0x6221, 0x6242, 0x7AE3, 0x8303, 0x7AE3, 0x7AC3, 0x72C3, 0x72A2,
    0x6242, 0x6262, 0x72A2, 0x72A3, 0x6A62, 0x6242, 0x5A02, 0x5A02, 0x5A22, 0x6242, 0x6A82, 0x6AA2,
    0x6A82, 0x6A82, 0x6262, 0x6A82, 0x72C3, 0x72C3, 0x6A62, 0x6A62, 0x72A2, 0x72C3, 0x72A2, 0x6A82,
    0x6A62, 0x6A82, 0x72C3, 0x72C3, 0x72A2, 0x72A2, 0x72A2, 0x6A82, 0x6A82, 0x6A62, 0x6242, 0x6262,
    0x6A62, 0x6A82, 0x6A62, 0x6A82, 0x7AC3, 0x7AE3, 0x72C3, 0x72A3, 0x72C3, 0x72A2, 0x6A82, 0x6A82,
    0x7AE3, 0x72C2, 0x6A82, 0x6242, 0x6221, 0x6242, 0x6A82, 0x72A2, 0x72C3, 0x72A2, 0x6242, 0x6222,
    0x6242, 0x6222, 0x5A21, 0x6242, 0x6262, 0x6A82, 0x72A3, 0x72A3, 0x6AA2, 0x6262, 0x5A01, 0x5A22,
    0x72A2, 0x72C3, 0x6A62, 0x6242, 0x6242, 0x6262, 0x72A2, 0x72C3, 0x72C3, 0x72C3, 0x72E3, 0x7AE3,
    0x72C3, 0x6A82, 0x6242, 0x6242, 0x72A2, 0x7AC3, 0x7282, 0x6A82, 0x6A82, 0x6A62, 0x6221, 0x6221,
    0x6262, 0x6A82, 0x6A82, 0x72A2, 0x72A2, 0x72C2, 0x72A2, 0x72A2, 0x72A2, 0x72A2, 0x72A2, 0x6A62,
    0x51E1, 0x51E1, 0x6A62, 0x72A3, 0x6AA2, 0x6A62, 0x6221, 0x5A21, 0x5A21, 0x6242, 0x6A82, 0x6A62,
    0x5A21, 0x6242, 0x72C3, 0x7B03, 0x7AE3, 0x7AE3, 0x72C3, 0x6AA2, 0x6242, 0x6242, 0x6A82, 0x72A2,
    0x6262, 0x5A22, 0x5201, 0x51E1, 0x5A02, 0x6242, 0x6A62, 0x6A82, 0x6A82, 0x6A62, 0x6241, 0x6242,
    0x72C3, 0x72C3, 0x6A62, 0x6242, 0x7282, 0x72C3, 0x72C3, 0x72A3, 0x6A82, 0x6A82, 0x6AA2, 0x72A2,
    0x6A82, 0x6A82, 0x72A3, 0x72A3, 0x6A82, 0x6262, 0x6242, 0x6242, 0x6A82, 0x6A82, 0x6A82, 0x6AA2,
    0x7AE3, 0x7AE3, 0x72C3, 0x72A3, 0x72A2, 0x72A2, 0x72A2, 0x6A82, 0x72A2, 0x72A2, 0x6A82, 0x6242,
    0x5A21, 0x6221, 0x6262, 0x6A82, 0x72A2, 0x6A82, 0x6242, 0x5A01, 0x5A22, 0x6222, 0x6242, 0x6242,
    0x5A22, 0x6242, 0x72A3, 0x72C3, 0x6A82, 0x6242, 0x5A21, 0x6242, 0x72A2, 0x72A2, 0x6262, 0x6242,
    0x5A22, 0x6242, 0x6A82, 0x6A82, 0x6A62, 0x6A82, 0x7AE3, 0x7AE3, 0x6A82, 0x6242, 0x5A21, 0x6242,
    0x6A82, 0x6A82, 0x6A62, 0x6242, 0x6262, 0x6262, 0x6A62, 0x6A62, 0x6A62, 0x6A62, 0x6242, 0x6262,
    0x6A82, 0x72A2, 0x7282, 0x6A82, 0x6A82, 0x6A82, 0x7282, 0x6A62, 0x5A01, 0x5A01, 0x6242, 0x6A82,
    0x6AA2, 0x6A82, 0x6242, 0x6262, 0x72A3, 0x72C3, 0x6A82, 0x6A62, 0x6242, 0x6242, 0x6A82, 0x72A3,
    0x72C3, 0x72C2, 0x72A2, 0x6A82, 0x5A22, 0x5A22, 0x6262, 0x6A82, 0x6262, 0x6242, 0x5202, 0x51E1,
    0x5A02, 0x6242, 0x6AA2, 0x72A2, 0x6A82, 0x6A62, 0x6242, 0x6262, 0x6A82, 0x72A2, 0x6A62, 0x6A62,
    0x6A62, 0x6A82, 0x72C3, 0x72C3, 0x72A2, 0x6A62, 0x6262, 0x6262, 0x6A82, 0x6A82, 0x72A2, 0x72A2,
    0x6A82, 0x6262, 0x5A21, 0x5A22, 0x6A82, 0x6AA2, 0x6A82, 0x6A82, 0x7AE3, 0x7AE3, 0x6A82, 0x6A62,
    0x6A62, 0x6A82, 0x6A82, 0x6A82, 0x72A2, 0x72A2, 0x72A2, 0x6A82, 0x6242, 0x6242, 0x6242, 0x6A62,
    0x72A2, 0x72A2, 0x6242, 0x6222, 0x6242, 0x6242, 0x6A62, 0x6262, 0x5A21, 0x6222, 0x72A2, 0x72C3,
    0x6A82, 0x6242, 0x6242, 0x6262, 0x6AA2, 0x72A2, 0x6A62, 0x6242, 0x6242, 0x6242, 0x6A82, 0x6A82,
    0x6262, 0x6A82, 0x7B03, 0x7B03, 0x6A62, 0x6221, 0x6221, 0x6242, 0x6A82, 0x6A82, 0x6A62, 0x6262,
    0x6A62, 0x6A82, 0x72A2, 0x72A2, 0x6A82, 0x6A82, 0x6262, 0x6A62, 0x72A2, 0x72A2, 0x72A2, 0x6A82,
    0x6A82, 0x6A82, 0x72A2, 0x6A82, 0x6242, 0x6242, 0x6262, 0x6A82, 0x6AA2, 0x6AA2, 0x6A82, 0x6AA2,
    0x7AE3, 0x7AE3, 0x72A2, 0x6A62, 0x6A62, 0x6A62, 0x6AA2, 0x72A3, 0x72C3, 0x72A2, 0x72A2, 0x6A82,
    0x6242, 0x6242, 0x6A62, 0x6A82, 0x6A62, 0x6242, 0x5A02, 0x5A02, 0x6242, 0x6A82, 0x72C3, 0x7AE3,
    0x72A2, 0x6A82, 0x6A62, 0x6A62, 0x6A62, 0x6A62, 0x6A62, 0x6A62, 0x6A62, 0x6A82, 0x72C3, 0x72C3,
    0x72A2, 0x6A82, 0x6A62, 0x6A62, 0x6A82, 0x72A2, 0x72A2, 0x72A2, 0x6A82, 0x6A62, 0x6242, 0x6242,
    0x6A82, 0x72A2, 0x6A82, 0x72A2, 0x7B03, 0x7B03, 0x6A82, 0x6A62, 0x6A62, 0x6A62, 0x6A82, 0x72A3,
    0x72C2, 0x7AC3, 0x7AE3, 0x7AE3, 0x72A2, 0x6A82, 0x6A62, 0x6A62, 0x72C3, 0x72C3, 0x6AA2, 0x6A82,
    0x6A62, 0x6A82, 0x6A82, 0x6A62, 0x6222, 0x6242, 0x72A2, 0x72C2, 0x6A82, 0x6A62, 0x6A62, 0x6A82,
    0x72A2, 0x72A2, 0x72A2, 0x72A2, 0x6A82, 0x6AA2, 0x72A2, 0x72A2, 0x6A82, 0x72A2, 0x7B03, 0x7B03,
    0x6A82, 0x6A62, 0x6A82, 0x72A2, 0x72C3, 0x7AC3, 0x72A2, 0x72A2, 0x72A2, 0x72A2, 0x72C3, 0x7AC3,
    0x72C2, 0x72C2, 0x72A2, 0x72C2, 0x7B03, 0x7B03, 0x72C3, 0x72A2, 0x72A2, 0x72C2, 0x72C2, 0x72A2,
    0x7282, 0x6AA2, 0x72A2, 0x72C2, 0x72A2, 0x72A2, 0x72C2, 0x72E3, 0x7AE3, 0x7AE3, 0x72C2, 0x72A2,
    0x6A82, 0x72A2, 0x7AE3, 0x7AE3, 0x7AE3, 0x7AC3, 0x72C2, 0x72A2, 0x72A2, 0x72A2, 0x72A3, 0x72A3,
    0x6A62, 0x6242, 0x6222, 0x6242, 0x6A82, 0x72C3, 0x8303, 0x8303, 0x72C2, 0x72A2, 0x72A2, 0x6A82,
    0x6262, 0x6242, 0x6A62, 0x6A62, 0x6A62, 0x6A82, 0x72A2, 0x72C3, 0x72A2, 0x7282, 0x72A2, 0x72A2,
    0x72A2, 0x72A2, 0x72A2, 0x72A2, 0x72A2, 0x6AA2, 0x6AA2, 0x6AA2, 0x72A2, 0x72A2, 0x72A2, 0x7AE3,
    0x8344, 0x8344, 0x72C3, 0x6A82, 0x6A62, 0x6A82, 0x72C3, 0x7AE3, 0x72C2, 0x7AC3, 0x8303, 0x8303,
    0x72C2, 0x6A82, 0x6A62, 0x6A62, 0x6AA2, 0x72A3, 0x72A2, 0x72A2, 0x6AA2, 0x72A2, 0x72A2, 0x6A82,
    0x6262, 0x6A62, 0x72A2, 0x72C2, 0x6A82, 0x6A62, 0x6A62, 0x6A82, 0x6A82, 0x72A2, 0x72C2, 0x72C2,
    0x72C2, 0x72A2, 0x72A2, 0x72A2, 0x72A2, 0x72A2, 0x7AE3, 0x7AE3, 0x72A2, 0x6A82, 0x6A82, 0x72A2,
    0x7AE3, 0x7AE3, 0x72C3, 0x72A2, 0x72A2, 0x72C2, 0x7AE3, 0x7AE3, 0x7AE3, 0x7AE2, 0x72C2, 0x7AE3,
    0x8323, 0x8323, 0x7AC3, 0x72A2, 0x72C2, 0x7AC2, 0x7AC2, 0x72C2, 0x72C2, 0x72C2, 0x7AC3, 0x72C3,
    0x72A2, 0x72A2, 0x7AE3, 0x7B03, 0x7B03, 0x7AE3, 0x7AC3, 0x72C2, 0x72A2, 0x72C3, 0x7AE3, 0x7B03,
    0x7AE3, 0x7AC3, 0x7AC3, 0x72C3, 0x72C3, 0x72C3, 0x7AC3, 0x72C3, 0x6A82, 0x6A62, 0x6262, 0x6A62,
    0x72A2, 0x7AE3, 0x8323, 0x8323, 0x7AC3, 0x72C2, 0x7AC3, 0x72A2, 0x6A62, 0x6242, 0x6A62, 0x6A82,
    0x6A82, 0x6A82, 0x72C3, 0x72C3, 0x72A3, 0x72A2, 0x72C2, 0x7AC2, 0x7AC3, 0x7AC3, 0x7AC3, 0x72C3,
    0x72A2, 0x72A2, 0x72C3, 0x72C3, 0x72C3, 0x72C2, 0x72C3, 0x7AE3, 0x8B44, 0x8344, 0x7AC3, 0x7282,
    0x6A82, 0x72A2, 0x7AE3, 0x7B03, 0x72A2, 0x72A2, 0x7AE3, 0x7AE3, 0x72A2, 0x6A82, 0x6A62, 0x6262,
    0x6262, 0x6A62, 0x6A82, 0x6A82, 0x72A2, 0x72C2, 0x72C2, 0x72C2, 0x72C2, 0x72C2, 0x72C3, 0x72A2,
    0x6A82, 0x6A62, 0x6A62, 0x6A62, 0x6A62, 0x6A82, 0x72A2, 0x7AC2, 0x72A2, 0x72A2, 0x6A82, 0x6A82,
    0x6A82, 0x72A2, 0x7AE3, 0x7AE3, 0x72A2, 0x6A82, 0x6262, 0x6A82, 0x72C3, 0x72C3, 0x6A82, 0x6A62,
    0x6A82, 0x72A2, 0x72C3, 0x7AE3, 0x7AE3, 0x7AE2, 0x72C2, 0x7AC3, 0x7B03, 0x7B03, 0x72A2, 0x72A2,
    0x72A2, 0x72C2, 0x72C2, 0x72C2, 0x72C2, 0x72C2, 0x72C3, 0x72C3, 0x72A2, 0x72A2, 0x7AE3, 0x7B03,
    0x7B03, 0x7B03, 0x7AC3, 0x72C2, 0x72C2, 0x72C3, 0x7AE3, 0x7AE3, 0x72A3, 0x72A2, 0x7AC3, 0x7AE3,
    0x7AE3, 0x7AE3, 0x7AE3, 0x7AE3, 0x7AC3, 0x72A2, 0x6A82, 0x7282, 0x72C2, 0x7AE3, 0x8303, 0x8303,
    0x7AE3, 0x7AE3, 0x7B03, 0x7AE3, 0x6A82, 0x6A82, 0x72A2, 0x72A2, 0x6A82, 0x72A2, 0x7AE3, 0x7B03,
    0x7AE3, 0x7AC3, 0x7AC3, 0x7AE3, 0x7AE3, 0x7B03, 0x7B03, 0x7AE3, 0x72A2, 0x72A2, 0x7AE3, 0x7B03,
    0x7B03, 0x7AE3, 0x72A2, 0x72C3, 0x8324, 0x8324, 0x72C3, 0x6AA2, 0x72C2, 0x7AE3, 0x7AE3, 0x7B03,
    0x6A82, 0x72A2, 0x72C3, 0x72C2, 0x6A82, 0x6A82, 0x6A62, 0x6262, 0x6242, 0x6242, 0x6A62, 0x6A82,
    0x72C2, 0x72C3, 0x72C2, 0x7AC3, 0x7AE3, 0x72E3, 0x72A3, 0x6AA2, 0x6A82, 0x6A82, 0x6A62, 0x6A62,
    0x6A82, 0x6A82, 0x72A2, 0x72A2, 0x72C2, 0x72C2, 0x72A2, 0x6A82, 0x72A2, 0x72C2, 0x7AC2, 0x72C3,
    0x72A2, 0x6A82, 0x6262, 0x6A62, 0x72A3, 0x72A3, 0x6262, 0x6242, 0x6A82, 0x72A2, 0x72A2, 0x72C2,
    0x7AC2, 0x7AE2, 0x7AC2, 0x7AE3, 0x7B03, 0x7AE3, 0x72A2, 0x72A2, 0x72C3, 0x72C3, 0x7AC3, 0x7AE3,
    0x7AE3, 0x7AE3, 0x7AE3, 0x7AE3, 0x72C3, 0x72C3, 0x7AE3, 0x7B03, 0x8303, 0x7B03, 0x72C2, 0x72A2,
    0x72C2, 0x72C3, 0x72C3, 0x72C3, 0x6A82, 0x6AA2, 0x7AE3, 0x7AE3, 0x7AE3, 0x7AE3, 0x7AE3, 0x7AE3,
    0x7AC3, 0x72C2, 0x72A2, 0x72C2, 0x7AE3, 0x7AE3, 0x7B03, 0x7B03, 0x7B03, 0x7B03, 0x8323, 0x7B03,
    0x72A2, 0x72A2, 0x7AE3, 0x7AE3, 0x72C3, 0x72C3, 0x7AE3, 0x7AE3, 0x7AE3, 0x7AE3, 0x7AE3, 0x7B03,
    0x8303, 0x8323, 0x8303, 0x7AE3, 0x72A2, 0x72A2, 0x7AE3, 0x8303, 0x7B03, 0x7AE3, 0x72C2, 0x72C3,
    0x8303, 0x7B03, 0x72C3, 0x72A2, 0x72C2, 0x7AE3, 0x7AE3, 0x7AE3, 0x6A82, 0x72A2, 0x72C2, 0x72C2,
    0x7282, 0x6A82, 0x6A82, 0x6A82, 0x6242, 0x6262, 0x6A82, 0x72A2, 0x72C2, 0x72C3, 0x72C3, 0x7AE3,
    0x7AE3, 0x72E3, 0x6AA2, 0x6A82, 0x72A2, 0x72A2, 0x6A62, 0x6A62, 0x72C2, 0x72C2, 0x6A82, 0x7282,
    0x7AE3, 0x7B03, 0x7AE3, 0x7AE3, 0x7AE3, 0x7AE3, 0x7AE3, 0x72C2, 0x6AA2, 0x6A82, 0x6A82, 0x6A82,
    0x72A3, 0x6AA2, 0x6262, 0x6262, 0x6A82, 0x6A82, 0x6A82, 0x6A82, 0x72A2, 0x7AE3, 0x7B03, 0x7B03,
    0x7B03, 0x7AE3, 0x72C2, 0x7AC3, 0x7B03, 0x7B03, 0x7B03, 0x7B03, 0x8323, 0x8323, 0x8323, 0x7B03,
    0x7B03, 0x7B03, 0x7B03, 0x7B03, 0x8303, 0x7AE3, 0x6A82, 0x6A82, 0x72A2, 0x72C3, 0x72C3, 0x72A3,
    0x6A82, 0x6AA2, 0x7AE3, 0x7B03, 0x7AE3, 0x7AE3, 0x72C3, 0x72A3, 0x7282, 0x72A2, 0x7AC3, 0x7AE3,
    0x7B03, 0x7B03, 0x7AE3, 0x7AE3, 0x7B03, 0x8303, 0x8344, 0x8323, 0x72C2, 0x72A2, 0x8303, 0x8323,
    0x8303, 0x7AE3, 0x72C3, 0x72C3, 0x7AE3, 0x7AE3, 0x7B03, 0x8303, 0x8323, 0x8323, 0x8323, 0x7AE3,
    0x6A82, 0x6A82, 0x7AE3, 0x7B03, 0x7AE3, 0x7AC3, 0x7AC2, 0x7AE3, 0x7B03, 0x7B03, 0x7AE3, 0x72C2,
    0x72C2, 0x72A2, 0x72C2, 0x72C3, 0x6A82, 0x6AA2, 0x72A2, 0x72A2, 0x6A82, 0x6A82, 0x6AA2, 0x6A82,
    0x6262, 0x6262, 0x6AA2, 0x72C2, 0x72C2, 0x72C2, 0x72C3, 0x7AE3, 0x72E3, 0x72C3, 0x6AA2, 0x6AA2,
    0x72C2, 0x72A2, 0x6A62, 0x6A82, 0x72C2, 0x7AC3, 0x7282, 0x7282, 0x7AE3, 0x7B03, 0x7AE3, 0x7AE3,
    0x7B03, 0x7B03, 0x7AE3, 0x72C3, 0x72A2, 0x6AA2, 0x6AA2, 0x72A2, 0x72A2, 0x6AA2, 0x6A62, 0x6A62,
    0x6A82, 0x6A82, 0x6A62, 0x6A62, 0x72A2, 0x72C2, 0x7AC3, 0x7AE3, 0x7AE3, 0x7AE3, 0x7AE2, 0x7AE3,
    0x7B03, 0x7B03, 0x7AE3, 0x7AE3, 0x8323, 0x8323, 0x8323, 0x8303, 0x8323, 0x7B03, 0x7AE3, 0x7AE3,
    0x7B03, 0x7AE3, 0x6A82, 0x6A82, 0x72A2, 0x72C2, 0x72A3, 0x72A2, 0x6A82, 0x6AA2, 0x72C3, 0x7AE3,
    0x7AE3, 0x7AE3, 0x7AE3, 0x72C3, 0x6A82, 0x6A82, 0x72C3, 0x7AE3, 0x7B03, 0x7B03, 0x7AE3, 0x7AC3,
    0x7B03, 0x8303, 0x8323, 0x7B03, 0x72A2, 0x72A2, 0x7B03, 0x8323, 0x8303, 0x7AE3, 0x72C3, 0x72C3,
    0x7AE3, 0x7AE3, 0x7B03, 0x7B03, 0x8303, 0x8303, 0x7B03, 0x7AE3, 0x6A82, 0x6AA2, 0x7AE3, 0x7AE3,
    0x72C3, 0x72A2, 0x72A2, 0x72C2, 0x72C3, 0x7AE3, 0x7AE3, 0x72C2, 0x72A2, 0x6A82, 0x6A82, 0x6A82,
    0x6AA2, 0x6A82, 0x6A82, 0x6A82, 0x6262, 0x6A62, 0x72A3, 0x72A3, 0x6262, 0x6262, 0x72A2, 0x72C2,
    0x72A2, 0x72A2, 0x72C2, 0x72C2, 0x6AA2, 0x6AA2, 0x72A3, 0x72C3, 0x72C3, 0x72C3, 0x6A82, 0x6A82,
    0x72C2, 0x72C2, 0x72C2, 0x72A2, 0x72A2, 0x72A2, 0x72A2, 0x72C3, 0x7B03, 0x7B03, 0x7B03, 0x7AE3,
    0x72E3, 0x72C3, 0x72A2, 0x72A2, 0x72A2, 0x6AA2, 0x6A82, 0x6A82, 0x6A82, 0x6AA2, 0x6A82, 0x6A82,
    0x6A82, 0x6A82, 0x6A62, 0x6A82, 0x7AE3, 0x7AE3, 0x7AC2, 0x7AC2, 0x7AE3, 0x72C3, 0x72A2, 0x72A2,
    0x7AE3, 0x7AE3, 0x7AE3, 0x7AE3, 0x8323, 0x7B03, 0x6AA2, 0x6AA2, 0x7B03, 0x7B03, 0x72C3, 0x72A2,
    0x72A2, 0x72A2, 0x7282, 0x6A82, 0x72A2, 0x72A2, 0x6A82, 0x6A82, 0x72A2, 0x72C2, 0x8303, 0x7B03,
    0x72A2, 0x6A82, 0x72A2, 0x72C3, 0x7B03, 0x7B03, 0x72C3, 0x72C3, 0x7B03, 0x8303, 0x7AE3, 0x72A2,
    0x6A82, 0x6AA2, 0x7AE3, 0x7AE3, 0x7AC3, 0x7AE3, 0x7B03, 0x7B03, 0x7AE3, 0x7AE3, 0x7AE3, 0x7AE3,
    0x72C2, 0x72A2, 0x72C2, 0x72C2, 0x6AA2, 0x6AA2, 0x72C3, 0x72C3, 0x6A82, 0x6A62, 0x6A62, 0x6A62,
    0x6A82, 0x72A2, 0x7AC2, 0x72C2, 0x6A82, 0x6242, 0x6242, 0x6242, 0x72A2, 0x6AA2, 0x6A82, 0x6262,
    0x6242, 0x6242, 0x72A2, 0x72A3, 0x6A62, 0x6A62, 0x6AA2, 0x6AA2, 0x6A82, 0x6A82, 0x72A2, 0x72A2,
    0x6A82, 0x6262, 0x6A82, 0x72A3, 0x72A3, 0x72A2, 0x6A82, 0x6A82, 0x72A2, 0x72A2, 0x72C3, 0x72A2,
    0x6A62, 0x6242, 0x6A82, 0x72A2, 0x72E3, 0x7AE3, 0x7AE3, 0x72C3, 0x72C3, 0x72A3, 0x6A82, 0x6A82,
    0x6AA2, 0x6A82, 0x6A62, 0x6262, 0x6A62, 0x6A82, 0x72A2, 0x72A2, 0x6A82, 0x6262, 0x6221, 0x6242,
    0x72A2, 0x7AE3, 0x72C2, 0x72A2, 0x72A2, 0x72A2, 0x6A82, 0x6A82, 0x6A82, 0x72A2, 0x72A2, 0x7AC3,
    0x7B03, 0x7AE3, 0x6A62, 0x6A62, 0x72C3, 0x7AE3, 0x72E3, 0x72C2, 0x6A82, 0x6A82, 0x6A82, 0x6A82,
    0x6A82, 0x6A62, 0x6262, 0x6242, 0x6262, 0x6A82, 0x7B03, 0x7B03, 0x72C2, 0x6A82, 0x6A82, 0x72A2,
    0x7AE3, 0x7AE3, 0x72A2, 0x72A2, 0x72C3, 0x72C3, 0x6A82, 0x6262, 0x6A82, 0x6A82, 0x72A2, 0x72A2,
    0x72A2, 0x72C3, 0x7B03, 0x7B03, 0x7AE3, 0x72C3, 0x7AE3, 0x72C3, 0x6A62, 0x6262, 0x6A82, 0x72A2,
    0x6A82, 0x6A82, 0x72A2, 0x72A2, 0x6A82, 0x6A62, 0x6242, 0x6A62, 0x6A82, 0x72A2, 0x72A2, 0x6A82,
    0x6242, 0x6221, 0x5A21, 0x5A21, 0x72C3, 0x72C2, 0x72A2, 0x6A82, 0x6242, 0x6222, 0x6A62, 0x6A82,
    0x72A2, 0x7282, 0x6A62, 0x6242, 0x6242, 0x6262, 0x6A62, 0x6262, 0x6241, 0x6242, 0x6262, 0x6262,
    0x6242, 0x6262, 0x6A82, 0x72A3, 0x6A82, 0x6A82, 0x6A82, 0x6A62, 0x5A21, 0x5A22, 0x6A62, 0x72A2,
    0x72A2, 0x72A2, 0x6AA2, 0x6A82, 0x6A82, 0x6262, 0x5A22, 0x6242, 0x6262, 0x6262, 0x6242, 0x5A21,
    0x5A21, 0x6242, 0x72A3, 0x72C3, 0x6A82, 0x6242, 0x5A01, 0x5A21, 0x6A82, 0x72A2, 0x72A2, 0x6A82,
    0x6A82, 0x6A82, 0x72A2, 0x6AA2, 0x6242, 0x6222, 0x6A62, 0x72A2, 0x7AC3, 0x72C2, 0x6A62, 0x6262,
    0x6A82, 0x72A3, 0x72A3, 0x72A2, 0x6262, 0x6242, 0x6242, 0x6242, 0x5A21, 0x5A01, 0x5A21, 0x5A21,
    0x5A21, 0x6242, 0x72A2, 0x72C2, 0x7282, 0x6A82, 0x6A82, 0x6A82, 0x6A82, 0x6AA2, 0x6A82, 0x6A82,
    0x6242, 0x5A22, 0x5A01, 0x5A21, 0x6A62, 0x6A82, 0x6A82, 0x6A82, 0x6A82, 0x72A2, 0x72C2, 0x72C2,
    0x72A2, 0x72A2, 0x72C2, 0x6A82, 0x5A21, 0x5A01, 0x6A62, 0x6A82, 0x6262, 0x6A62, 0x6A82, 0x72A2,
    0x72A2, 0x72A2, 0x72A2, 0x72A2, 0x72A2, 0x72A2, 0x6262, 0x6221, 0x6221, 0x5A01, 0x5A01, 0x5A01,
    0x72C2, 0x72A2, 0x6AA2, 0x6A62, 0x6242, 0x6222, 0x6A62, 0x72A2, 0x7AC3, 0x72C3, 0x6262, 0x6222,
    0x6221, 0x6242, 0x6A62, 0x6A62, 0x6242, 0x6242, 0x6262, 0x6262, 0x6242, 0x6262, 0x6A82, 0x72A3,
    0x72A2, 0x72A2, 0x6A82, 0x6A62, 0x6222, 0x6222, 0x6A62, 0x6A82, 0x6A82, 0x6A62, 0x6A62, 0x6A62,
    0x6262, 0x6242, 0x5A22, 0x5A22, 0x6262, 0x6262, 0x6222, 0x5A21, 0x5A21, 0x6242, 0x72A3, 0x72C3,
    0x6A82, 0x6242, 0x5A22, 0x6222, 0x6A82, 0x72A2, 0x72A2, 0x6A82, 0x6A62, 0x6A82, 0x72C3, 0x72A2,
    0x6222, 0x5A21, 0x6262, 0x72A2, 0x72C3, 0x72A2, 0x6262, 0x6242, 0x6A82, 0x6A82, 0x72A2, 0x6A82,
    0x6242, 0x6242, 0x6A62, 0x6262, 0x6222, 0x5A21, 0x5A21, 0x6222, 0x5A22, 0x6242, 0x6A82, 0x72A2,
    0x6A82, 0x6A62, 0x6A62, 0x6A62, 0x6A82, 0x6A82, 0x6A82, 0x6A82, 0x6221, 0x5A01, 0x5201, 0x5A21,
    0x6262, 0x6A82, 0x6A82, 0x6A82, 0x6A82, 0x7282, 0x72A2, 0x72A2, 0x72A2, 0x72A2, 0x72A2, 0x6A82,
    0x5A01, 0x5A01, 0x6242, 0x6A62, 0x6262, 0x6A62, 0x6A82, 0x72A2, 0x72C2, 0x72C2, 0x72A2, 0x72A2,
    0x72C2, 0x72A2, 0x6242, 0x6221, 0x6221, 0x6221, 0x5A01, 0x5A01, 0x6A62, 0x6A62, 0x6262, 0x6262,
    0x6242, 0x6242, 0x72A2, 0x7AC3, 0x7B03, 0x7AE3, 0x6A82, 0x6242, 0x6241, 0x6262, 0x72A2, 0x72A3,
    0x6A82, 0x6A82, 0x72A2, 0x72A2, 0x72A2, 0x6A82, 0x6A62, 0x6A82, 0x7AC3, 0x7AE3, 0x7AE3, 0x72A3,
    0x6A82, 0x6A62, 0x6262, 0x6242, 0x6242, 0x6242, 0x6A62, 0x6A82, 0x6A82, 0x6A82, 0x6A62, 0x6A62,
    0x6A82, 0x6A82, 0x6242, 0x6242, 0x6A62, 0x6A82, 0x72A2, 0x72A2, 0x6A62, 0x6262, 0x6262, 0x6A82,
    0x72C2, 0x7AE3, 0x72C3, 0x72A2, 0x6A82, 0x6A82, 0x72C2, 0x72A2, 0x6262, 0x6242, 0x6A62, 0x72A2,
    0x7AE3, 0x72C3, 0x6242, 0x6241, 0x6A82, 0x72A2, 0x72A2, 0x6A82, 0x6A82, 0x6A82, 0x72A2, 0x72A3,
    0x72A2, 0x72A2, 0x6A82, 0x6A82, 0x6AA2, 0x72A3, 0x72C3, 0x72C3, 0x6A82, 0x6A62, 0x6A62, 0x6A82,
    0x72A2, 0x72C2, 0x72A2, 0x6AA2, 0x6A62, 0x6242, 0x6242, 0x6242, 0x6A62, 0x6A62, 0x6A82, 0x6A82,
    0x72A2, 0x72A2, 0x72A2, 0x72A2, 0x72A2, 0x72A2, 0x72C3, 0x6A82, 0x5A21, 0x5A21, 0x6262, 0x6A82,
    0x6A62, 0x6A82, 0x72A2, 0x72C3, 0x7AC3, 0x72C3, 0x6A82, 0x6A82, 0x72A2, 0x72A2, 0x6A82, 0x6A62,
    0x6A62, 0x6242, 0x6222, 0x5A22, 0x6262, 0x6262, 0x6A62, 0x6A62, 0x6242, 0x6A62, 0x72A2, 0x7AE3,
    0x8303, 0x7AE3, 0x6AA2, 0x6A62, 0x6A62, 0x6A82, 0x72A3, 0x72C3, 0x72A2, 0x72A2, 0x72C3, 0x72C3,
    0x72C3, 0x72A2, 0x6A62, 0x6A82, 0x72C3, 0x7AE3, 0x7AE3, 0x7AE3, 0x72A2, 0x6A82, 0x6262, 0x6242,
    0x6242, 0x6262, 0x6A82, 0x6AA2, 0x72A2, 0x72A2, 0x7282, 0x72A2, 0x72A3, 0x72A3, 0x6A62, 0x6A62,
    0x6A82, 0x72A2, 0x72A2, 0x6AA2, 0x6A82, 0x6A82, 0x6A82, 0x72A2, 0x7AC3, 0x7AC3, 0x72C2, 0x72A2,
    0x6A82, 0x6A82, 0x72A2, 0x72A2, 0x6A62, 0x6A62, 0x6A82, 0x72A2, 0x7AE3, 0x72C2, 0x6242, 0x6242,
    0x6AA2, 0x72A2, 0x6A82, 0x6A82, 0x72A2, 0x72C2, 0x72C3, 0x7AE3, 0x7B03, 0x7AE3, 0x72C3, 0x72C3,
    0x72C3, 0x7AE3, 0x7AE3, 0x72C3, 0x6A82, 0x6A62, 0x6262, 0x6A82, 0x72C2, 0x7AC3, 0x72C2, 0x72A2,
    0x6A82, 0x6A82, 0x6A82, 0x6A82, 0x6A82, 0x6A82, 0x6A82, 0x6A82, 0x72A2, 0x72A2, 0x72A2, 0x72A2,
    0x72C2, 0x72C2, 0x72C2, 0x6A82, 0x6242, 0x6221, 0x6262, 0x6A62, 0x6A62, 0x6A82, 0x72A2, 0x72C3,
    0x72C3, 0x72C3, 0x6A82, 0x6A82, 0x6A82, 0x72A2, 0x72A2, 0x6A82, 0x6A82, 0x6A62, 0x6262, 0x6242,
    0x6A82, 0x72A2, 0x72C3, 0x72A2, 0x6A62, 0x6A62, 0x72A2, 0x7AC3, 0x7AE3, 0x7AE3, 0x72C3, 0x72A2,
    0x72A2, 0x72A2, 0x72A3, 0x72C3, 0x7AC3, 0x72C3, 0x72C2, 0x72C2, 0x72C2, 0x72A2, 0x72A2, 0x6A82,
    0x6A82, 0x72A2, 0x7AE3, 0x7AE3, 0x72A2, 0x6A82, 0x6A62, 0x6A62, 0x72A2, 0x72A2, 0x72A2, 0x72A2,
    0x72A2, 0x72A2, 0x72A2, 0x72C2, 0x7AE3, 0x7AE3, 0x6A82, 0x6A62, 0x72A2, 0x72C3, 0x72C3, 0x72A2,
    0x72A2, 0x72A2, 0x72A2, 0x72A2, 0x72A2, 0x72A2, 0x6A82, 0x6A82, 0x6A82, 0x6AA2, 0x6A82, 0x6A82,
    0x6A62, 0x6A62, 0x72A2, 0x72A2, 0x72A2, 0x72A2, 0x6A62, 0x6A62, 0x72A2, 0x72A2, 0x6A82, 0x72A2,
    0x72C2, 0x7AE3, 0x7B03, 0x7B03, 0x7B03, 0x7AE3, 0x72C3, 0x72C3, 0x72C3, 0x7AE3, 0x7AE3, 0x72C3,
    0x6AA2, 0x6A62, 0x6262, 0x6262, 0x72A2, 0x72A2, 0x72C2, 0x72A2, 0x6A82, 0x6A82, 0x72A2, 0x72A2,
    0x72A2, 0x72A2, 0x6A82, 0x6A82, 0x6A82, 0x7282, 0x72A2, 0x72C2, 0x7AC2, 0x72C2, 0x72A2, 0x6A82,
    0x6A62, 0x6242, 0x6242, 0x6262, 0x6A62, 0x6A82, 0x6A82, 0x6A82, 0x72A3, 0x72A3, 0x6A82, 0x6A82,
    0x72A2, 0x72A2, 0x72A2, 0x72A2, 0x7282, 0x7282, 0x6A82, 0x6A82, 0x72C3, 0x7AC3, 0x7AE3, 0x7AE3,
    0x72A2, 0x6A82, 0x72A2, 0x7AC3, 0x8303, 0x8303, 0x7AE3, 0x72C3, 0x72C2, 0x72C2, 0x7AC3, 0x7AE3,
    0x7AE3, 0x7AE3, 0x72C3, 0x72C3, 0x7AE3, 0x7AE3, 0x72A2, 0x6A82, 0x6A62, 0x6A82, 0x72A2, 0x72C3,
    0x72A2, 0x6A82, 0x6A82, 0x72A2, 0x72C3, 0x7AE3, 0x72C2, 0x72A2, 0x72A2, 0x72A2, 0x72C2, 0x7AE3,
    0x7B03, 0x7AE3, 0x6AA2, 0x6A82, 0x72A2, 0x72C3, 0x72C3, 0x7AC3, 0x72C3, 0x72C3, 0x72C3, 0x72C3,
    0x72A2, 0x72A2, 0x6A82, 0x6A82, 0x72A2, 0x72A2, 0x6A82, 0x6A82, 0x6A62, 0x6A82, 0x72A2, 0x72A2,
    0x72A2, 0x7282, 0x6A82, 0x72A2, 0x72A2, 0x72A2, 0x6A82, 0x72A2, 0x7AC3, 0x7B03, 0x8303, 0x8323,
    0x8323, 0x7B03, 0x7AE3, 0x72C3, 0x72C3, 0x72C3, 0x7AE3, 0x7AC3, 0x72A2, 0x6A82, 0x6262, 0x6A62,
    0x72A3, 0x7AC3, 0x72C3, 0x72C2, 0x72A2, 0x72A2, 0x72A2, 0x72A2, 0x72A2, 0x72A2, 0x6A62, 0x6A62,
    0x6A82, 0x6A82, 0x6A82, 0x72A2, 0x7AC2, 0x7AC2, 0x72A2, 0x6AA2, 0x6A82, 0x6A62, 0x6242, 0x6242,
    0x6A62, 0x6A62, 0x6262, 0x6262, 0x6A82, 0x6AA2, 0x6A82, 0x6A82, 0x72A2, 0x72C3, 0x72A2, 0x72A2,
    0x72A2, 0x72C2, 0x72C3, 0x72C3, 0x7B03, 0x7B03, 0x8323, 0x8303, 0x72C2, 0x72A2, 0x7AC3, 0x7B03,
    0x8323, 0x8303, 0x7AE3, 0x72C2, 0x72C2, 0x7AC3, 0x7B03, 0x7B03, 0x7AE3, 0x7AE3, 0x7AE3, 0x7B03,
    0x8323, 0x8303, 0x72C2, 0x6A82, 0x6A82, 0x6A82, 0x6A62, 0x6A82, 0x6A82, 0x72A2, 0x72C2, 0x72C3,
    0x72C3, 0x72C3, 0x72C2, 0x72A2, 0x6A82, 0x72A2, 0x7AE3, 0x7B03, 0x7B03, 0x7AE3, 0x72A3, 0x72A2,
    0x72A2, 0x72C2, 0x7AE3, 0x7AE3, 0x7AE3, 0x7AE3, 0x7AC3, 0x72C3, 0x72E3, 0x72C3, 0x72C3, 0x72C2,
    0x72C2, 0x72A2, 0x6A82, 0x6A82, 0x6A62, 0x6A82, 0x6A82, 0x72A2, 0x72A2, 0x72A2, 0x72C2, 0x72C2,
    0x72A2, 0x72A2, 0x72A2, 0x72A2, 0x72C2, 0x7AE3, 0x8323, 0x8344, 0x8323, 0x8303, 0x7AE3, 0x72C3,
    0x72C3, 0x72C3, 0x7AC3, 0x7AC3, 0x72A2, 0x6A82, 0x6A82, 0x72A3, 0x7B03, 0x8323, 0x7AE3, 0x7AE3,
    0x7AE3, 0x7AE3, 0x72A2, 0x6A82, 0x6A82, 0x6A62, 0x6242, 0x6262, 0x6A82, 0x6A62, 0x6242, 0x6A62,
    0x72C2, 0x7AE3, 0x7AE3, 0x72C3, 0x72A2, 0x6A82, 0x6A62, 0x6262, 0x6262, 0x6262, 0x6242, 0x6262,
    0x6A82, 0x6A82, 0x6262, 0x6A62, 0x72A3, 0x72C3, 0x72C3, 0x72C3, 0x7AC3, 0x7AE3, 0x8303, 0x8324,
    0x8324, 0x8324, 0x8324, 0x7B03, 0x72A2, 0x72A2, 0x7AC3, 0x7AE3, 0x7B03, 0x7B03, 0x72C3, 0x72A2,
    0x6A82, 0x72A2, 0x7AE3, 0x7AE3, 0x72C2, 0x72C2, 0x7AE3, 0x8303, 0x8323, 0x7B03, 0x72A2, 0x6A82,
    0x6A82, 0x6A62, 0x6242, 0x6242, 0x6A62, 0x72A2, 0x7AC3, 0x7AE3, 0x72C3, 0x72A2, 0x72A2, 0x72A2,
    0x6A82, 0x72A2, 0x72C3, 0x7AE3, 0x7AE3, 0x72C3, 0x72A2, 0x6AA2, 0x6AA2, 0x72A2, 0x7AE3, 0x7AE3,
    0x7AE3, 0x72C3, 0x72A2, 0x6AA2, 0x72A3, 0x72C3, 0x72A2, 0x72A2, 0x72C2, 0x72A2, 0x6A82, 0x6A62,
    0x6A62, 0x6A62, 0x6A82, 0x6AA2, 0x6AA2, 0x72A2, 0x72C2, 0x72C2, 0x72A2, 0x6A82, 0x72A2, 0x72A2,
    0x6A82, 0x72A2, 0x7B03, 0x8323, 0x8303, 0x7B03, 0x7AE3, 0x72C3, 0x72A2, 0x72A2, 0x72A2, 0x72A2,
    0x72A2, 0x6A82, 0x6A82, 0x6AA2, 0x7B03, 0x8303, 0x7AE3, 0x7AC3, 0x7AC3, 0x72C3, 0x6A82, 0x6262,
    0x6262, 0x6262, 0x6242, 0x6242, 0x6A82, 0x6A82, 0x6242, 0x6A62, 0x72C2, 0x7AE3, 0x7AE3, 0x72C3,
    0x6A82, 0x6A62, 0x6A62, 0x6262, 0x6242, 0x6222, 0x5A22, 0x5A22, 0x6262, 0x6262, 0x6242, 0x6242,
    0x6A82, 0x72A3, 0x72A2, 0x72A3, 0x72A3, 0x7AE3, 0x8303, 0x8324, 0x8344, 0x8324, 0x8304, 0x7AC3,
    0x6A62, 0x6242, 0x7282, 0x72C3, 0x7AE3, 0x72C3, 0x6A82, 0x6242, 0x5A22, 0x6242, 0x6A82, 0x6A82,
    0x6A62, 0x6A62, 0x72C3, 0x7AE3, 0x7AE3, 0x72A3, 0x6A62, 0x6262, 0x6A82, 0x6A62, 0x6242, 0x6241,
    0x6242, 0x6A82, 0x72C3, 0x7AE3, 0x72A2, 0x6AA2, 0x72A2, 0x72A2, 0x72A2, 0x72A2, 0x6A82, 0x6A82,
    0x72A2, 0x72A2, 0x6A82, 0x6A82, 0x6A82, 0x72A2, 0x7AC3, 0x7AC2, 0x72A2, 0x6A62, 0x6222, 0x5A22,
    0x6242, 0x6262, 0x6262, 0x6262, 0x6A82, 0x6A82, 0x6262, 0x6242, 0x6242, 0x6262, 0x6A82, 0x6A82,
    0x6A82, 0x6A82, 0x72A2, 0x72A2, 0x6A82, 0x6A62, 0x6A62, 0x6A62, 0x6242, 0x6262, 0x72A2, 0x72C3,
    0x72A3, 0x72A3, 0x72A2, 0x72A2, 0x72A2, 0x6A82, 0x6A82, 0x6A62, 0x6A82, 0x6A62, 0x6242, 0x6242,
    0x6A82, 0x72A3, 0x6AA2, 0x6A82, 0x6262, 0x6242, 0x6241, 0x6242, 0x6A62, 0x6A82, 0x6262, 0x6A62,
    0x6A82, 0x6A82, 0x72A2, 0x72C2, 0x72C2, 0x72C2, 0x6AA2, 0x6A82, 0x6241, 0x6221, 0x6242, 0x6242,
    0x5A22, 0x5A02, 0x51E1, 0x51E1, 0x5A22, 0x5A22, 0x5A22, 0x5A22, 0x6242, 0x6262, 0x6242, 0x6A62,
    0x6A62, 0x7282, 0x72C3, 0x72C3, 0x8324, 0x8324, 0x8304, 0x72C3, 0x6242, 0x6221, 0x6A82, 0x72C3,
    0x7AE3, 0x72C3, 0x6A62, 0x6222, 0x5A01, 0x5A21, 0x6262, 0x6262, 0x6242, 0x6242, 0x72A2, 0x72C3,
    0x72A2, 0x6A82, 0x6262, 0x6242, 0x6A62, 0x6A62, 0x6262, 0x6242, 0x6A62, 0x6A82, 0x72C2, 0x7AC3,
    0x72A2, 0x6AA2, 0x72A2, 0x72A2, 0x72A2, 0x6A82, 0x6A82, 0x6A62, 0x6A82, 0x6A82, 0x6A82, 0x6A82,
    0x6A82, 0x72A2, 0x7AE3, 0x7AC3, 0x6A82, 0x6242, 0x5A02, 0x5A02, 0x5A22, 0x6242, 0x6242, 0x6262,
    0x6A82, 0x6A82, 0x6262, 0x6242, 0x6242, 0x6262, 0x6A82, 0x6A82, 0x6A82, 0x6A82, 0x6AA2, 0x6A82,
    0x6A62, 0x6A62, 0x6A62, 0x6262, 0x6222, 0x6242, 0x6A82, 0x72A2, 0x72A2, 0x7282, 0x72A2, 0x72A2,
    0x6A82, 0x6A82, 0x6A62, 0x6A82, 0x7282, 0x6A82, 0x6241, 0x6242, 0x6A62, 0x6A82, 0x6A82, 0x6A82,
    0x6262, 0x6262, 0x6A62, 0x6A82, 0x6A82, 0x6A82, 0x6A82, 0x6A82, 0x6A82, 0x72A2, 0x7AC3, 0x7AE3,
    0x72C2, 0x72A2, 0x6A82, 0x6A62, 0x6241, 0x6241, 0x6262, 0x6262, 0x6242, 0x5A22, 0x5A01, 0x5201,
    0x5A22, 0x5A22, 0x5A22, 0x6242, 0x6262, 0x6262, 0x6242, 0x6242, 0x6A62, 0x6A82, 0x72A3, 0x72A3,
    0x7B03, 0x7B03, 0x8323, 0x72C3, 0x6222, 0x5A21, 0x72A2, 0x7AE3, 0x8323, 0x7B03, 0x72A3, 0x6262,
    0x6222, 0x6242, 0x6A62, 0x6A62, 0x6262, 0x6A62, 0x6A82, 0x72A2, 0x6A82, 0x6A82, 0x6262, 0x6262,
    0x6A62, 0x6A82, 0x6A82, 0x72A2, 0x72A2, 0x72C3, 0x72C3, 0x72C2, 0x72C2, 0x72A2, 0x72A2, 0x6A82,
    0x6A62, 0x6A62, 0x6A82, 0x6A82, 0x6242, 0x6242, 0x6A82, 0x72A2, 0x7AC3, 0x7AE3, 0x8303, 0x7AE3,
    0x6A82, 0x6242, 0x6242, 0x6242, 0x6242, 0x6262, 0x6A82, 0x72A2, 0x72C2, 0x72A2, 0x6A82, 0x6A62,
    0x6A62, 0x6A62, 0x6A82, 0x6A82, 0x72C3, 0x72C3, 0x6AA2, 0x6A82, 0x6A82, 0x6A82, 0x6A82, 0x6A62,
    0x6242, 0x6262, 0x6A82, 0x72A2, 0x72A2, 0x72A2, 0x72A2, 0x72A2, 0x6A82, 0x6A82, 0x72A2, 0x72A2,
    0x72C2, 0x72A2, 0x6262, 0x6242, 0x72A2, 0x72C3, 0x72C3, 0x72C3, 0x72C3, 0x7AE3, 0x8323, 0x7B03,
    0x72C3, 0x6AA2, 0x72A2, 0x72A2, 0x6A82, 0x72A2, 0x72C3, 0x72C3, 0x72C2, 0x72A2, 0x72A2, 0x72A2,
    0x6A82, 0x6A82, 0x6A82, 0x6AA2, 0x6A82, 0x6A82, 0x6A82, 0x6262, 0x6262, 0x6242, 0x6262, 0x6A82,
    0x72A3, 0x72A3, 0x6A82, 0x6A62, 0x6A82, 0x6A83, 0x72C3, 0x72C3, 0x72E3, 0x7AE3, 0x7B03, 0x72C3,
    0x6262, 0x6262, 0x72C3, 0x7B03, 0x8303, 0x7AE3, 0x72A3, 0x6A82, 0x6A62, 0x6A62, 0x6A82, 0x6A82,
    0x6A82, 0x6A82, 0x72A2, 0x72A2, 0x72A2, 0x6A82, 0x6A82, 0x6A82, 0x6A82, 0x72A2, 0x72A2, 0x72C3,
    0x7AC3, 0x72C3, 0x72C3, 0x72C2, 0x72C2, 0x72C2, 0x72A3, 0x72A2, 0x6A62, 0x6A62, 0x72A2, 0x72A2,
    0x6A62, 0x6262, 0x6A82, 0x72A2, 0x7AE3, 0x7AE3, 0x8303, 0x7AE3, 0x6AA2, 0x6A62, 0x6A82, 0x6A82,
    0x6A82, 0x6A82, 0x72A2, 0x72C2, 0x7AE3, 0x72C3, 0x6A62, 0x6262, 0x6A82, 0x6A82, 0x6A82, 0x6A82,
    0x72C3, 0x72C3, 0x72A2, 0x6AA2, 0x6AA2, 0x6AA2, 0x6A82, 0x6A82, 0x6A62, 0x6A82, 0x72A3, 0x72C3,
    0x7AC3, 0x7AC2, 0x72C2, 0x72A2, 0x72C2, 0x72C3, 0x72C3, 0x7AE3, 0x7AE3, 0x7AC3, 0x6A82, 0x6A82,
    0x7AC3, 0x7AE3, 0x7AE3, 0x7B03, 0x8303, 0x8323, 0x8B64, 0x8344, 0x72C3, 0x6A82, 0x72A2, 0x72A2,
    0x72A2, 0x72A2, 0x72C3, 0x72C3, 0x72C2, 0x72C2, 0x72A2, 0x72A2, 0x72C3, 0x72C3, 0x72A2, 0x72A2,
    0x72A3, 0x72A3, 0x72A3, 0x6AA3, 0x6A82, 0x6A82, 0x6A82, 0x72A3, 0x72E3, 0x72C3, 0x72A2, 0x6A82,
    0x72A3, 0x72A3, 0x72C3, 0x7AC3, 0x72A2, 0x72A2, 0x72A3, 0x72C3, 0x72C3, 0x7AE3, 0x7AE3, 0x7AC3,
    0x72A2, 0x6A82, 0x6A82, 0x6A82, 0x72A2, 0x72C3, 0x72A2, 0x72A3, 0x72C3, 0x7AC3, 0x7AE3, 0x7AE3,
    0x7AE3, 0x7AE3, 0x72C3, 0x72C2, 0x72C3, 0x72C3, 0x7AC3, 0x7AC3, 0x72C3, 0x72C3, 0x72C2, 0x72A2,
    0x72A2, 0x72C3, 0x7AE3, 0x7AE3, 0x72C3, 0x72A3, 0x72C3, 0x72C3, 0x72A2, 0x6A82, 0x6A82, 0x6A82,
    0x72A2, 0x72C3, 0x72C2, 0x72C3, 0x72C3, 0x72C3, 0x6AA2, 0x6A82, 0x6AA2, 0x72A2, 0x6AA2, 0x72C2,
    0x7AE3, 0x72C3, 0x6242, 0x5A21, 0x6A82, 0x72A2, 0x6A82, 0x6A82, 0x72A2, 0x72C2, 0x72C2, 0x72C2,
    0x72C2, 0x72A2, 0x6A82, 0x6A82, 0x7282, 0x72A2, 0x7AE3, 0x7AE3, 0x7AE3, 0x7AE3, 0x72C3, 0x7AC3,
    0x8303, 0x8323, 0x7AE3, 0x7AE3, 0x7B03, 0x7B03, 0x7AE3, 0x7AC3, 0x7AE3, 0x8303, 0x8323, 0x8323,
    0x8323, 0x8323, 0x8343, 0x7B03, 0x6AA2, 0x6A82, 0x72A2, 0x72C2, 0x7AC3, 0x7AE3, 0x7AE3, 0x7AE3,
    0x7AE3, 0x72C3, 0x72A2, 0x72C2, 0x7AE3, 0x7AE3, 0x72A2, 0x6A82, 0x6A82, 0x72A2, 0x6AA2, 0x6AA3,
    0x72A3, 0x72A3, 0x72C3, 0x72C3, 0x7AE3, 0x7AC3, 0x6A82, 0x6A82, 0x7AE3, 0x7AE3, 0x7AC3, 0x72C2,
    0x6A82, 0x6A82, 0x6A82, 0x72A2, 0x7AE3, 0x7B03, 0x7B03, 0x7AC3, 0x6A82, 0x6A82, 0x6A82, 0x6A82,
    0x72C3, 0x72C3, 0x72C3, 0x72C3, 0x7AE3, 0x7B03, 0x7AE3, 0x7AE3, 0x7AE3, 0x7AE3, 0x7AE3, 0x7AC3,
    0x72C3, 0x72C3, 0x7AC3, 0x72C3, 0x72A2, 0x72A2, 0x72A2, 0x72C2, 0x72C3, 0x72C3, 0x7AE3, 0x7AE3,
    0x72C3, 0x72A3, 0x72C3, 0x72C3, 0x72C3, 0x72A2, 0x6A82, 0x6A82, 0x72A2, 0x72A2, 0x6A82, 0x7282,
    0x72C3, 0x72C3, 0x72A3, 0x6AA2, 0x72A2, 0x6AA2, 0x6A82, 0x6AA2, 0x7AC3, 0x72A3, 0x6242, 0x5A21,
    0x6A62, 0x6A82, 0x6A82, 0x6A82, 0x6AA2, 0x72A2, 0x72C3, 0x72C3, 0x72C3, 0x72C2, 0x72A2, 0x6A82,
    0x72A2, 0x72C2, 0x7AC3, 0x7AE3, 0x7AE3, 0x7AE3, 0x7AE3, 0x7AE3, 0x8324, 0x8324, 0x7B03, 0x7AE3,
    0x7B03, 0x7B03, 0x7AE3, 0x7AC3, 0x7AE3, 0x7B03, 0x8323, 0x8323, 0x8303, 0x8303, 0x8303, 0x7AE3,
    0x6A82, 0x6A82, 0x72A2, 0x7AE3, 0x7B03, 0x7B03, 0x7B03, 0x7AE3, 0x7B03, 0x7AE3, 0x72A2, 0x72A2,
    0x7AE3, 0x7AE3, 0x6A82, 0x6A82, 0x6A82, 0x6A82, 0x6A82, 0x6A82, 0x6AA2, 0x72A3, 0x72C3, 0x72C3,
    0x72C3, 0x72C3, 0x6A82, 0x6A82, 0x7AC3, 0x7AE3, 0x7AC3, 0x72C2, 0x6A82, 0x6AA2, 0x6AA2, 0x72A2,
    0x72C2, 0x7AE3, 0x7B03, 0x7AE3, 0x7AE3, 0x72A2, 0x6A82, 0x6A62, 0x72A2, 0x72C3, 0x72C3, 0x72C3,
    0x7B03, 0x7B03, 0x7AC3, 0x72C3, 0x7AE3, 0x7AE3, 0x72C3, 0x72C2, 0x72C2, 0x72C2, 0x72A2, 0x72A2,
    0x6A82, 0x6A82, 0x72C2, 0x7AE3, 0x7AE3, 0x7AE3, 0x7AC3, 0x72A3, 0x6A82, 0x6A82, 0x72A2, 0x72A3,
    0x72C3, 0x72C3, 0x72A3, 0x72A3, 0x72C3, 0x72A2, 0x6A62, 0x6A62, 0x6A82, 0x6AA2, 0x72A2, 0x72A2,
    0x6A82, 0x6A82, 0x6A62, 0x6A82, 0x72A2, 0x72A2, 0x6A82, 0x6A62, 0x6242, 0x6A62, 0x6AA2, 0x72A2,
    0x6A82, 0x6AA2, 0x72C3, 0x7AE3, 0x7AE3, 0x72C3, 0x72A2, 0x6A82, 0x72A2, 0x72A2, 0x72A2, 0x72A2,
    0x72C3, 0x7AE3, 0x8303, 0x8323, 0x7B03, 0x7AE3, 0x7AE3, 0x7AE3, 0x7B03, 0x7AE3, 0x72A2, 0x7282,
    0x72C2, 0x7AE3, 0x7AE3, 0x7AE3, 0x7AC3, 0x7AC3, 0x7AE3, 0x7AE3, 0x6A82, 0x72A2, 0x7AE3, 0x8323,
    0x8323, 0x8303, 0x7B03, 0x7B03, 0x8303, 0x7B03, 0x72C2, 0x72A2, 0x72A2, 0x72A2, 0x6A82, 0x6A82,
    0x72A2, 0x6AA2, 0x6A82, 0x6A62, 0x6262, 0x6A62, 0x6AA3, 0x72A3, 0x72A3, 0x6A82, 0x6A82, 0x6A82,
    0x6AA2, 0x72A2, 0x7AE3, 0x7AE3, 0x6A82, 0x6AA2, 0x72A2, 0x72C2, 0x72C2, 0x7AE3, 0x7AE3, 0x7B03,
    0x7AE3, 0x72C3, 0x6A82, 0x6A82, 0x6A82, 0x72A2, 0x72C3, 0x7AE3, 0x8323, 0x8323, 0x7AC3, 0x72C3,
    0x7AE3, 0x7AC3, 0x72C2, 0x72A2, 0x6A82, 0x6A82, 0x72A2, 0x72A2, 0x6AA2, 0x72A2, 0x72C2, 0x7AC3,
    0x7AE3, 0x7AC3, 0x72A3, 0x6A82, 0x6A62, 0x6A62, 0x6A82, 0x72A2, 0x72C3, 0x7AE3, 0x72C3, 0x72C3,
    0x72C3, 0x72A3, 0x6A62, 0x6262, 0x6A62, 0x6A82, 0x72A2, 0x72A3, 0x6A82, 0x6A62, 0x6A62, 0x6A82,
    0x72A2, 0x72C2, 0x72A2, 0x6A82, 0x6A62, 0x6A62, 0x72A2, 0x72A2, 0x72A2, 0x72A2, 0x72C3, 0x72C3,
    0x72C3, 0x72C2, 0x6AA2, 0x6A82, 0x72A2, 0x72A2, 0x6A82, 0x6A82, 0x72A2, 0x7AC3, 0x8323, 0x8324,
    0x7B03, 0x7AE3, 0x7AE3, 0x7AE3, 0x7AE3, 0x7AC3, 0x72A2, 0x6A82, 0x72A2, 0x72C3, 0x7AC2, 0x7AC2,
    0x7AC2, 0x7AC3, 0x7AC3, 0x72C3, 0x6A82, 0x72A2, 0x7B03, 0x8323, 0x8323, 0x8303, 0x7AE3, 0x7B03,
    0x8323, 0x8303, 0x7AE3, 0x72C2, 0x72A2, 0x72A2, 0x6A82, 0x6A82, 0x6A82, 0x6A82, 0x6A82, 0x6A62,
    0x6262, 0x6A62, 0x6A82, 0x6A82, 0x6A82, 0x6A82, 0x6A82, 0x6A82, 0x6A82, 0x6A82, 0x72C2, 0x7AC3,
    0x6AA2, 0x72A2, 0x72A2, 0x72C3, 0x7AE3, 0x7B03, 0x7AE3, 0x72E3, 0x72C3, 0x72A2, 0x72A2, 0x72A2,
    0x6A82, 0x72A2, 0x72C2, 0x7AE3, 0x8324, 0x8324, 0x7AE3, 0x7AE3, 0x7AE3, 0x7AE3, 0x72C3, 0x6A82,
    0x6262, 0x6262, 0x72A2, 0x72C2, 0x7AE3, 0x7AE3, 0x72A3, 0x72A2, 0x72C3, 0x72A3, 0x6A62, 0x6242,
    0x6241, 0x6A62, 0x72A2, 0x72C2, 0x7AC3, 0x7AE3, 0x7AE3, 0x7AE3, 0x7AE3, 0x7AC3, 0x6A82, 0x6A62,
    0x6A82, 0x6A82, 0x6A82, 0x6AA3, 0x6A82, 0x6A82, 0x6A82, 0x6A82, 0x7AE3, 0x7AE3, 0x72A2, 0x7282,
    0x72A2, 0x72A2, 0x72A3, 0x72C3, 0x72C3, 0x7AC3, 0x72C3, 0x72A2, 0x6AA2, 0x6A82, 0x6A82, 0x6A82,
    0x72C3, 0x72C3, 0x72A2, 0x6A82, 0x6A82, 0x72A2, 0x7AE3, 0x8303, 0x8323, 0x7B03, 0x7AE3, 0x7AE3,
    0x7AE3, 0x7AE3, 0x72C3, 0x72C2, 0x72C3, 0x72C3, 0x72C3, 0x7AC3, 0x7AE3, 0x7AE3, 0x7AC3, 0x72A2,
    0x6A62, 0x6A82, 0x7AC3, 0x7B03, 0x7B03, 0x7B03, 0x7AE3, 0x7AE3, 0x8323, 0x8323, 0x7AE3, 0x7AE3,
    0x8303, 0x7AE3, 0x6A82, 0x6A62, 0x6A82, 0x6A82, 0x6A82, 0x6A82, 0x6A82, 0x6A82, 0x6A82, 0x6A82,
    0x6A82, 0x6A82, 0x6A82, 0x6A82, 0x6A82, 0x6A82, 0x6A82, 0x6A82, 0x72A2, 0x72A2, 0x72C2, 0x7AE3,
    0x7B03, 0x7B03, 0x7AE3, 0x72C3, 0x72A2, 0x72A2, 0x72C3, 0x7AC2, 0x72A2, 0x72A2, 0x72C2, 0x7AE3,
    0x8324, 0x8344, 0x7B03, 0x7AE3, 0x7AE3, 0x7AE3, 0x72A2, 0x6A82, 0x6242, 0x6262, 0x72A2, 0x7AC3,
    0x7B03, 0x7AE3, 0x72A3, 0x72A2, 0x72A3, 0x72A2, 0x6A62, 0x6262, 0x6262, 0x6A82, 0x72A2, 0x7AC2,
    0x7AE3, 0x7AE3, 0x7B03, 0x7B03, 0x7B03, 0x7AE3, 0x72A2, 0x6A82, 0x6A82, 0x6AA2, 0x72A2, 0x72A3,
    0x72A2, 0x72A2, 0x72A2, 0x72C3, 0x7B03, 0x7B03, 0x72C3, 0x72A2, 0x7AC3, 0x7AC3, 0x72C3, 0x72C3,
    0x7AE3, 0x7AE3, 0x72C2, 0x72A2, 0x6A82, 0x6A82, 0x6A82, 0x6AA2, 0x72C3, 0x7AE3, 0x72C3, 0x72A2,
    0x7282, 0x72A2, 0x7AE3, 0x7B03, 0x8323, 0x8323, 0x7AE3, 0x7AE3, 0x7AE3, 0x7AE3, 0x7AE3, 0x7AE3,
    0x7AE3, 0x7AC3, 0x72C3, 0x72C3, 0x7AE3, 0x7AE3, 0x72C3, 0x72A2, 0x6A62, 0x6A62, 0x72A3, 0x7AE3,
    0x7AE3, 0x7AE3, 0x72C3, 0x72C3, 0x7B03, 0x7B03, 0x7AE3, 0x7AE3, 0x8323, 0x8303, 0x72A2, 0x6A62,
    0x6A82, 0x72A2, 0x72A2, 0x6AA2, 0x6A82, 0x6A82, 0x6A82, 0x6A82, 0x6AA2, 0x6AA2, 0x6A82, 0x6A82,
    0x72A2, 0x72A2, 0x6A82, 0x6A82, 0x72A2, 0x72A2, 0x72C3, 0x7AE3, 0x7AE3, 0x7AE3, 0x7B03, 0x7AE3,
    0x72A2, 0x7282, 0x72C2, 0x7AC2, 0x72A2, 0x72A2, 0x72C3, 0x7AE3, 0x8324, 0x8344, 0x8323, 0x7B03,
    0x7AE3, 0x7AC3, 0x72A2, 0x6A82, 0x6A82, 0x6A82, 0x72A2, 0x72C3, 0x7AE3, 0x7AE3, 0x72A2, 0x72A2,
    0x7AC3, 0x7AC3, 0x72A2, 0x72A2, 0x72A2, 0x72C2, 0x72C2, 0x7AC3, 0x7AE3, 0x7B03, 0x7B03, 0x7B03,
    0x7B03, 0x7AE3, 0x72C2, 0x72A2, 0x72C2, 0x72C2, 0x72C2, 0x72C3, 0x72C3, 0x7AE3, 0x7B03, 0x8323,
    0x8323, 0x8303, 0x7B03, 0x7AE3, 0x7AE3, 0x7AE3, 0x72C3, 0x72C3, 0x7AE3, 0x7AE3, 0x72A2, 0x72A2,
    0x72A2, 0x72A2, 0x6AA2, 0x72A2, 0x72C3, 0x7AE3, 0x7AE3, 0x7AC3, 0x72A2, 0x72C2, 0x7AE3, 0x7B03,
    0x8323, 0x8323, 0x7B03, 0x7AE3, 0x7AE3, 0x7AE3, 0x7B03, 0x7B03, 0x7AE3, 0x7AE3, 0x72C3, 0x72A2,
    0x72A2, 0x72A2, 0x72C3, 0x72A3, 0x6A82, 0x6A82, 0x6A82, 0x72A3, 0x7AE3, 0x72C3, 0x6A82, 0x6A82,
    0x72C3, 0x7AE3, 0x72C3, 0x72C3, 0x7AE3, 0x7AE3, 0x72A2, 0x7282, 0x72A2, 0x72C2, 0x72A2, 0x6A82,
    0x6A82, 0x6A62, 0x6A82, 0x6A82, 0x72C3, 0x72A2, 0x6262, 0x6A62, 0x72A2, 0x7AC3, 0x72C2, 0x72A2,
    0x72A2, 0x72C2, 0x7B03, 0x7B03, 0x7AE3, 0x7AE3, 0x7AE3, 0x7AE3, 0x72A2, 0x72A2, 0x72C2, 0x72C2,
    0x72C3, 0x7AC3, 0x7AE3, 0x7B03, 0x8324, 0x8344, 0x8323, 0x8303, 0x7B03, 0x7AC3, 0x6A82, 0x6A62,
    0x7282, 0x72A2, 0x72A2, 0x72C3, 0x72C3, 0x72C3, 0x72A2, 0x72C2, 0x7AE3, 0x7AE3, 0x72C2, 0x72C2,
    0x72C3, 0x72E3, 0x7AE3, 0x7AE3, 0x7AE3, 0x7AE3, 0x7AE3, 0x7AE3, 0x7AE3, 0x7AE3, 0x72C2, 0x72C2,
    0x72C3, 0x72C2, 0x72C2, 0x72C2, 0x7AE3, 0x7B03, 0x8323, 0x8324, 0x8323, 0x8303, 0x7B03, 0x7AE3,
    0x72C3, 0x72C2, 0x72C2, 0x72C3, 0x7AE3, 0x72C3, 0x6A82, 0x6A82, 0x72A2, 0x72C2, 0x6AA2, 0x6AA2,
    0x72A2, 0x72C3, 0x7AE3, 0x7AE3, 0x72A2, 0x72A2, 0x72C3, 0x7AE3, 0x7B03, 0x7B03, 0x7B03, 0x7AE3,
    0x7AE3, 0x7AE3, 0x7B03, 0x8303, 0x7B03, 0x7AE3, 0x7AC3, 0x72C3, 0x72C3, 0x72C3, 0x7AC3, 0x72C3,
    0x72A2, 0x6A82, 0x6A82, 0x6AA2, 0x72C3, 0x72C3, 0x6A82, 0x6A82, 0x72A3, 0x72C3, 0x72A2, 0x72A2,
    0x72C3, 0x72C3, 0x72A2, 0x72A2, 0x72A2, 0x72C2, 0x72A2, 0x6A82, 0x6A62, 0x6A62, 0x6A82, 0x6A82,
    0x72C3, 0x72A2, 0x6242, 0x6242, 0x72C3, 0x7AE3, 0x7AE3, 0x7AE3, 0x7AE3, 0x7B03, 0x8344, 0x8323,
    0x7AC2, 0x72A2, 0x72C2, 0x7AC3, 0x7AC3, 0x72C2, 0x72A2, 0x72C2, 0x7B03, 0x8323, 0x7B03, 0x7B03,
    0x7B03, 0x8323, 0x8323, 0x8323, 0x8323, 0x7AE3, 0x6A62, 0x6241, 0x72A2, 0x72C2, 0x72C3, 0x72A3,
    0x6A82, 0x6A82, 0x72C2, 0x7AC3, 0x7AE3, 0x7AE3, 0x72C3, 0x72A2, 0x72C2, 0x72C3, 0x7B03, 0x7B03,
    0x7AE3, 0x7AC2, 0x72C2, 0x72C2, 0x72C3, 0x72C3, 0x72C2, 0x72C2, 0x72C3, 0x72A2, 0x6A82, 0x7282,
    0x7AE3, 0x8303, 0x8323, 0x8323, 0x8303, 0x7AE3, 0x72C3, 0x6A82, 0x6242, 0x6242, 0x6A82, 0x72C3,
    0x7AE3, 0x72C3, 0x6A62, 0x6262, 0x72A2, 0x72C2, 0x6A82, 0x6A82, 0x6262, 0x6A82, 0x7AE3, 0x7AE3,
    0x6A82, 0x6A82, 0x72A2, 0x72C3, 0x72C3, 0x7AE3, 0x7AE3, 0x7B03, 0x7AE3, 0x7AE3, 0x7B03, 0x8303,
    0x7B03, 0x7AE3, 0x7AE3, 0x7AE3, 0x8303, 0x8323, 0x8303, 0x7B03, 0x7AE3, 0x72C3, 0x6A82, 0x6A82,
    0x72A2, 0x72A2, 0x72A3, 0x72C3, 0x72C3, 0x72C3, 0x6AA2, 0x6A82, 0x6A82, 0x6A62, 0x6A82, 0x6A82,
    0x72A2, 0x72A2, 0x6A82, 0x6A82, 0x6A82, 0x6A82, 0x6A62, 0x6A82, 0x72A3, 0x6AA3, 0x6242, 0x6242,
    0x72C3, 0x7B03, 0x7AE3, 0x7AE3, 0x72C3, 0x7AE3, 0x8344, 0x8323, 0x72A2, 0x6A82, 0x72A2, 0x7AC3,
    0x7AE3, 0x72C3, 0x6AA2, 0x6AA2, 0x7AE3, 0x8303, 0x7B03, 0x7B03, 0x7B03, 0x8323, 0x8323, 0x8323,
    0x8323, 0x7AE3, 0x6262, 0x6242, 0x72A2, 0x72C3, 0x72A2, 0x6A82, 0x6A82, 0x6A82, 0x72C3, 0x7AE3,
    0x72E3, 0x72C3, 0x72C3, 0x72A2, 0x72A2, 0x72A2, 0x72C3, 0x7AE3, 0x7AE3, 0x7AC2, 0x72A2, 0x72A2,
    0x72C3, 0x72C3, 0x72C2, 0x72C2, 0x72C3, 0x72A2, 0x6A62, 0x6A82, 0x7AE3, 0x8303, 0x7B03, 0x7B03,
    0x7B03, 0x7AE3, 0x72A2, 0x6A62, 0x6221, 0x6221, 0x6A62, 0x72A2, 0x72C3, 0x72C2, 0x6262, 0x6262,
    0x72A2, 0x72C3, 0x6AA2, 0x6262, 0x6242, 0x6262, 0x72C3, 0x7AE3, 0x6A82, 0x6A82, 0x72A2, 0x72A3,
    0x72A2, 0x72C3, 0x7B03, 0x7B03, 0x7B03, 0x7AE3, 0x7AE3, 0x7AE3, 0x7B03, 0x7B03, 0x7B03, 0x8303,
    0x8323, 0x8323, 0x7B03, 0x7AE3, 0x7AE3, 0x72C3, 0x6A82, 0x6A62, 0x6A82, 0x72A2, 0x7AE3, 0x7AE3,
    0x7AE3, 0x72C3, 0x72A3, 0x6A82, 0x6262, 0x6262, 0x6A82, 0x6A82, 0x6A82, 0x6A82, 0x6262, 0x6A62,
    0x6A82, 0x6A82, 0x6A62, 0x6A62, 0x6AA3, 0x6A83, 0x6242, 0x6242, 0x72C3, 0x7AE3, 0x7AE3, 0x7AE3,
    0x6A82, 0x72A2, 0x72E3, 0x72C3, 0x6A82, 0x6A82, 0x72C3, 0x7AC3, 0x7AC3, 0x72C3, 0x6AA2, 0x6A82,
    0x72A2, 0x72C3, 0x7AE3, 0x7B03, 0x8323, 0x8323, 0x8323, 0x8323, 0x7AE3, 0x72C2, 0x6262, 0x6A62,
    0x72C2, 0x7AC3, 0x6A82, 0x6A62, 0x72A3, 0x72C3, 0x72C3, 0x72C3, 0x72A3, 0x72A2, 0x72A2, 0x72A2,
    0x6A82, 0x6262, 0x6262, 0x6A82, 0x7AE3, 0x7AE3, 0x72A2, 0x7282, 0x72C3, 0x7AE3, 0x7AE3, 0x7AE3,
    0x72C3, 0x72A2, 0x6A82, 0x6A82, 0x7AE3, 0x7B03, 0x7AE3, 0x7AE3, 0x7AE3, 0x72C3, 0x72A2, 0x6A82,
    0x6A62, 0x6A62, 0x6A82, 0x72A2, 0x72A2, 0x6A82, 0x6A82, 0x6A82, 0x72C3, 0x72C3, 0x72A2, 0x6A82,
    0x5A42, 0x6242, 0x72C3, 0x7AE3, 0x72C3, 0x72A3, 0x72A2, 0x72A2, 0x72A3, 0x72C3, 0x7B03, 0x8323,
    0x8323, 0x7B03, 0x72C3, 0x72C3, 0x8303, 0x8323, 0x8323, 0x8303, 0x7AE3, 0x72C3, 0x72C3, 0x72A2,
    0x72A2, 0x6A82, 0x6262, 0x6262, 0x6A62, 0x72A2, 0x7AE3, 0x8323, 0x8323, 0x7B03, 0x72C3, 0x6A82,
    0x6A82, 0x6A62, 0x6A82, 0x6A82, 0x6262, 0x6242, 0x5A21, 0x6242, 0x72A2, 0x72A2, 0x6A62, 0x6262,
    0x6A83, 0x6A83, 0x6242, 0x6262, 0x72A3, 0x72C3, 0x72C3, 0x72C3, 0x6A62, 0x6A82, 0x6A82, 0x6A82,
    0x6A82, 0x6A82, 0x72A2, 0x72C3, 0x72C3, 0x72A3, 0x6A82, 0x6262, 0x6A82, 0x6A82, 0x72A2, 0x72C3,
    0x7AE3, 0x7AE3, 0x7AE3, 0x7AE3, 0x72A2, 0x6A82, 0x6262, 0x6A62, 0x72C2, 0x72C2, 0x6A62, 0x6262,
    0x72A3, 0x72C3, 0x72C3, 0x72C3, 0x72A2, 0x72A2, 0x72A2, 0x72A2, 0x6A82, 0x6262, 0x6241, 0x6262,
    0x72C2, 0x72C3, 0x6A82, 0x6A82, 0x72A2, 0x7AC3, 0x72C3, 0x72C3, 0x72C3, 0x72A2, 0x6A82, 0x6A82,
    0x72C2, 0x7AE3, 0x72C3, 0x72C2, 0x72C3, 0x72A2, 0x72A2, 0x72A2, 0x6A82, 0x6A82, 0x7282, 0x72A2,
    0x6A82, 0x6A82, 0x6A82, 0x6AA2, 0x72A3, 0x72A3, 0x72A2, 0x6A62, 0x5A21, 0x5A22, 0x6A82, 0x72C3,
    0x72A3, 0x72A2, 0x6A82, 0x6A82, 0x72A2, 0x72C3, 0x7B03, 0x8323, 0x8303, 0x7AE3, 0x6A82, 0x6A82,
    0x7AE3, 0x8303, 0x7B03, 0x7AE3, 0x72A2, 0x6A82, 0x6A62, 0x6A62, 0x6A62, 0x6A62, 0x6242, 0x6242,
    0x6242, 0x6A82, 0x7AE3, 0x7B03, 0x8303, 0x7B03, 0x72C3, 0x6A82, 0x6A82, 0x6A62, 0x6A82, 0x6A82,
    0x6242, 0x5A22, 0x5A01, 0x5A21, 0x6A82, 0x6AA2, 0x6262, 0x6242, 0x6A62, 0x6A62, 0x6262, 0x6262,
    0x6A83, 0x6AA3, 0x72A2, 0x72A2, 0x6A82, 0x6A82, 0x6A62, 0x6A62, 0x6A82, 0x6A82, 0x6A82, 0x6A82,
    0x72A3, 0x6AA2, 0x6242, 0x5A22, 0x6262, 0x6A62, 0x6242, 0x6242, 0x6262, 0x6262, 0x6A82, 0x6A82,
    0x6262, 0x6242, 0x6242, 0x6242, 0x6A82, 0x6A82, 0x6A62, 0x6A62, 0x6A62, 0x6A82, 0x72C3, 0x7AE3,
    0x72C3, 0x72A3, 0x72C3, 0x7AC3, 0x72A2, 0x6A82, 0x6262, 0x6242, 0x6A82, 0x6A82, 0x6241, 0x6242,
    0x6A62, 0x6A82, 0x6A82, 0x72A2, 0x7AC3, 0x72C3, 0x6A82, 0x6A62, 0x72A2, 0x72A2, 0x72A2, 0x72A2,
    0x6A82, 0x6A82, 0x72A2, 0x72A2, 0x6A82, 0x6A62, 0x6A82, 0x6A82, 0x72A2, 0x72A2, 0x6AA2, 0x6A82,
    0x6A82, 0x6A62, 0x6A82, 0x6262, 0x5A01, 0x5A01, 0x6242, 0x6262, 0x6242, 0x6242, 0x6262, 0x6262,
    0x6A62, 0x6AA2, 0x7AE3, 0x7AE3, 0x72C3, 0x7282, 0x6242, 0x6242, 0x72A2, 0x72C2, 0x72A2, 0x6A82,
    0x6242, 0x6222, 0x5A21, 0x6221, 0x6242, 0x6242, 0x6242, 0x6222, 0x6221, 0x6242, 0x6A82, 0x72A2,
    0x7AC3, 0x7AC3, 0x72A2, 0x6A82, 0x6A62, 0x6A62, 0x6A82, 0x6A82, 0x6242, 0x5A21, 0x5A01, 0x5A01,
    0x6242, 0x6262, 0x5A22, 0x5A22, 0x6242, 0x6242, 0x6262, 0x6262, 0x6242, 0x6242, 0x6A62, 0x6A82,
    0x6A82, 0x6A62, 0x6242, 0x6242, 0x6262, 0x6A62, 0x6A62, 0x6A62, 0x6A82, 0x6A82, 0x5A22, 0x5A22,
    0x6242, 0x6242, 0x5A22, 0x5A02, 0x5A02, 0x5A22, 0x6242, 0x6242, 0x6222, 0x5A21, 0x5A21, 0x6222,
    0x6262, 0x6A62, 0x6A62, 0x6A62, 0x6262, 0x6A82, 0x72C2, 0x72C3, 0x72C3, 0x72C3, 0x72C3, 0x7AC3,
    0x72C2, 0x72A2, 0x6A62, 0x6242, 0x6A62, 0x6262, 0x6221, 0x6221, 0x6242, 0x6A62, 0x6A62, 0x6A82,
    0x72C3, 0x72C3, 0x6A82, 0x6A82, 0x6A82, 0x72A2, 0x6A82, 0x6A62, 0x6242, 0x6262, 0x7282, 0x72A2,
    0x6A62, 0x6A62, 0x6A82, 0x72A2, 0x72C2, 0x72C2, 0x6AA2, 0x6A62, 0x6241, 0x6241, 0x6A62, 0x6242,
    0x5A01, 0x5A01, 0x5A22, 0x6242, 0x5A22, 0x6222, 0x6242, 0x6242, 0x6242, 0x6A62, 0x72C2, 0x72C3,
    0x7282, 0x6A62, 0x6221, 0x6221, 0x6A62, 0x6A82, 0x6A62, 0x6262, 0x5A21, 0x5A01, 0x5A01, 0x5A21,
    0x6242, 0x6242, 0x6242, 0x6242, 0x6221, 0x6242, 0x6A62, 0x6A82, 0x72A2, 0x72A2, 0x72A2, 0x6A82,
    0x6242, 0x6242, 0x6A82, 0x6A82, 0x6242, 0x5A21, 0x5A01, 0x5A22, 0x6242, 0x6242, 0x5A22, 0x5A01,
    0x5A21, 0x6222, 0x6262, 0x6262, 0x6222, 0x5A22, 0x6242, 0x6242, 0x6262, 0x6242, 0x5A21, 0x5A21,
    0x6242, 0x6242, 0x6242, 0x6242, 0x6242, 0x6242, 0x6242, 0x6242, 0x6221, 0x6221, 0x6222, 0x5A22,
    0x51E1, 0x5A01, 0x6242, 0x6242, 0x5A21, 0x5A01, 0x5A01, 0x5A21, 0x6242, 0x6262, 0x6262, 0x6A62,
    0x6A62, 0x6A82, 0x7282, 0x72A2, 0x72C3, 0x72C3, 0x72C3, 0x72A2, 0x72A2, 0x6A82, 0x6262, 0x6262,
    0x6A82, 0x6A62, 0x5A01, 0x5A01, 0x6262, 0x6A82, 0x6A82, 0x6A82, 0x6A82, 0x7282, 0x72A2, 0x72A2,
    0x72A2, 0x72A2, 0x6A62, 0x6241, 0x5A01, 0x5A21, 0x6A62, 0x6A62, 0x6242, 0x6242, 0x72A2, 0x7AC3,
    0x7AE3, 0x72C2, 0x6A82, 0x6242, 0x6241, 0x6241, 0x6A82, 0x6A62, 0x5A21, 0x5A01, 0x5A22, 0x6222,
    0x6242, 0x6242, 0x6262, 0x6262, 0x6242, 0x6262, 0x6A82, 0x6A82, 0x6A62, 0x6242, 0x5A01, 0x5A01,
    0x6242, 0x6A62, 0x6A62, 0x6242, 0x5A21, 0x5A01, 0x5A01, 0x5A21, 0x6242, 0x6A62, 0x6A62, 0x6A62,
    0x6242, 0x6242, 0x6A82, 0x6A82, 0x6A62, 0x6A62, 0x6A82, 0x6A62, 0x6222, 0x6222, 0x6A82, 0x6A82,
    0x6242, 0x5A22, 0x6221, 0x6242, 0x6A82, 0x6A82, 0x5A22, 0x5A01, 0x5A01, 0x5A21, 0x6242, 0x6242,
    0x6222, 0x5A21, 0x6221, 0x6222, 0x6242, 0x6242, 0x6242, 0x6242, 0x6242, 0x6242, 0x6242, 0x6242,
    0x6222, 0x6222, 0x6242, 0x6242, 0x6242, 0x6242, 0x6242, 0x6242, 0x5A01, 0x5A22, 0x6262, 0x6A62,
    0x6242, 0x5A21, 0x5A21, 0x5A22, 0x6242, 0x6262, 0x6262, 0x6262, 0x6A62, 0x6A82, 0x72A2, 0x72A2,
    0x72C3, 0x72C3, 0x72C3, 0x72C2, 0x72A2, 0x6A82, 0x6262, 0x6262, 0x6A82, 0x6A82, 0x5A21, 0x5A21,
    0x6A62, 0x6A82, 0x7282, 0x72A2, 0x7282, 0x72A2, 0x72A2, 0x72C2, 0x72C2, 0x72A2, 0x6A62, 0x6241,
    0x5A01, 0x5A21, 0x6242, 0x6262, 0x6221, 0x6242, 0x72A2, 0x7AE3, 0x7AE3, 0x72C2, 0x6A62, 0x6242,
    0x6262, 0x6A62, 0x7282, 0x6A82, 0x6242, 0x6222, 0x6242, 0x6242, 0x6242, 0x6242, 0x6262, 0x6262,
    0x6262, 0x6A62, 0x6A82, 0x6A82, 0x6A82, 0x6A62, 0x5A21, 0x5A01, 0x6242, 0x6262, 0x6A82, 0x6A62,
    0x6242, 0x6222, 0x6221, 0x6242, 0x6A82, 0x72A2, 0x6A82, 0x6A82, 0x6262, 0x6A62, 0x7282, 0x7282,
    0x6A62, 0x6A62, 0x6A62, 0x6262, 0x6222, 0x6222, 0x6A82, 0x6A82, 0x6262, 0x6242, 0x6262, 0x6A82,
    0x72C3, 0x72A3, 0x6262, 0x6222, 0x6221, 0x6242, 0x6A62, 0x6A62, 0x6242, 0x6222, 0x6242, 0x6262,
    0x6A62, 0x6A62, 0x6A82, 0x6A82, 0x6A62, 0x6262, 0x6A82, 0x6A62, 0x6242, 0x6222, 0x6242, 0x6A62,
    0x6A82, 0x6A82, 0x6262, 0x6242, 0x6262, 0x6A82, 0x6AA2, 0x6A82, 0x6A62, 0x6242, 0x6242, 0x6262,
    0x6A82, 0x6A82, 0x6262, 0x6242, 0x6242, 0x6A62, 0x72C3, 0x7AE3, 0x7AE3, 0x7AE3, 0x7AE3, 0x7AE3,
    0x72C3, 0x72A2, 0x6A62, 0x6242, 0x6A62, 0x6A82, 0x6262, 0x6262, 0x6A82, 0x72A2, 0x72C2, 0x7AC3,
    0x7AE3, 0x7AC3, 0x7AC2, 0x72C2, 0x72A2, 0x72A2, 0x6A82, 0x6A82, 0x6262, 0x6262, 0x6A82, 0x6A62,
    0x6242, 0x6242, 0x6A82, 0x72A2, 0x72C2, 0x72A2, 0x6262, 0x6262, 0x6A82, 0x72A2, 0x72C2, 0x72A2,
    0x6A82, 0x6A82, 0x6A82, 0x6262, 0x6242, 0x6242, 0x6262, 0x6A83, 0x6AA3, 0x6AA3, 0x6AA2, 0x72A3,
    0x7AE3, 0x72C3, 0x6262, 0x6222, 0x6242, 0x6262, 0x72A2, 0x72A3, 0x6A82, 0x6A62, 0x6A82, 0x72A2,
    0x7AE3, 0x7AE3, 0x72C2, 0x6A82, 0x6262, 0x6A62, 0x72A2, 0x72A2, 0x6A82, 0x6A62, 0x6A82, 0x6A62,
    0x6242, 0x6242, 0x6A82, 0x72A2, 0x72A2, 0x7282, 0x6A82, 0x72A2, 0x7AE3, 0x7AE3, 0x72A2, 0x6A82,
    0x6A82, 0x72A2, 0x72A3, 0x6A82, 0x6242, 0x6242, 0x72A2, 0x7AC3, 0x6A82, 0x72A2, 0x72C3, 0x72C3,
    0x6A82, 0x6A82, 0x72A3, 0x6AA2, 0x6262, 0x6242, 0x6A62, 0x6A82, 0x72A2, 0x72A2, 0x6A62, 0x6A62,
    0x6AA2, 0x72C2, 0x72C2, 0x72C2, 0x6AA2, 0x6A82, 0x6A62, 0x6A62, 0x6A82, 0x6A82, 0x6A62, 0x6A62,
    0x6A62, 0x6AA2, 0x72C3, 0x7AE3, 0x7AE3, 0x7AE3, 0x7AE3, 0x7AC3, 0x72C3, 0x72A2, 0x6A82, 0x6A62,
    0x6A82, 0x6A82, 0x6AA2, 0x72A2, 0x72A2, 0x72C3, 0x72C2, 0x7AC3, 0x7B03, 0x7AE3, 0x72C2, 0x72A2,
    0x72A2, 0x72A2, 0x72A2, 0x72A2, 0x72A2, 0x72A2, 0x72A2, 0x6A82, 0x6A62, 0x6A62, 0x6A82, 0x6A82,
    0x6A82, 0x6A82, 0x6A82, 0x6A82, 0x72C2, 0x7AE3, 0x7AE3, 0x7AC2, 0x72C2, 0x72A2, 0x72A2, 0x6A82,
    0x6262, 0x6262, 0x6262, 0x6A83, 0x72A3, 0x72C3, 0x72A3, 0x72C3, 0x7B03, 0x7AE3, 0x6A82, 0x6262,
    0x6262, 0x6A62, 0x72A3, 0x72C3, 0x72A2, 0x6AA2, 0x72A2, 0x72C2, 0x7AE3, 0x7B03, 0x7AE3, 0x72A2,
    0x6A62, 0x6A82, 0x72C2, 0x72C2, 0x6A82, 0x6A82, 0x6A82, 0x6A82, 0x6A62, 0x6A82, 0x72A2, 0x72C3,
    0x7AC2, 0x7AC2, 0x72C3, 0x72C3, 0x7AE3, 0x7AC3, 0x72C3, 0x72C3, 0x72C3, 0x72C3, 0x7AC3, 0x72A3,
    0x6A82, 0x6A82, 0x7AE3, 0x8303, 0x72A2, 0x72C2, 0x7AE3, 0x7AE3, 0x72C3, 0x72C3, 0x7AE3, 0x7AE3,
    0x6AA3, 0x6A82, 0x72A2, 0x72A2, 0x72C3, 0x72A3, 0x6A82, 0x6A82, 0x72C3, 0x7AE3, 0x7AE3, 0x7AE3,
    0x72C2, 0x72A2, 0x6A82, 0x6A82, 0x6A82, 0x72A2, 0x72A2, 0x72C2, 0x7AE3, 0x7AE3, 0x72C3, 0x72C3,
    0x7AE3, 0x7AC3, 0x72A2, 0x6A82, 0x72A2, 0x72A2, 0x72A2, 0x72A2, 0x72A2, 0x72A2, 0x7AC2, 0x7AE3,
    0x7AE3, 0x7AC3, 0x72A2, 0x72A2, 0x7B03, 0x7B03, 0x72A2, 0x6A82, 0x6A82, 0x72A2, 0x72A2, 0x72C2,
    0x7AE3, 0x7AE3, 0x72A2, 0x72A2, 0x72C2, 0x72A2, 0x6A82, 0x6A62, 0x6A62, 0x6A82, 0x72A2, 0x72C3,
    0x7AE3, 0x7AE3, 0x7AE3, 0x7AE3, 0x7AE3, 0x72C3, 0x72A3, 0x6AA3, 0x6A83, 0x6A83, 0x6262, 0x6262,
    0x6AA3, 0x72C3, 0x72C3, 0x72C3, 0x7AE3, 0x7AE3, 0x72A2, 0x6AA2, 0x6AA2, 0x6A82, 0x6A82, 0x6A82,
    0x6A82, 0x72A2, 0x72A2, 0x72A2, 0x72A2, 0x72C3, 0x7AE3, 0x7AE3, 0x72A2, 0x72A2, 0x72C2, 0x72C2,
    0x6A82, 0x6A82, 0x72A3, 0x72C3, 0x72A2, 0x72A2, 0x7AE3, 0x7B03, 0x7B03, 0x7B03, 0x7B03, 0x7AE3,
    0x72C3, 0x72A2, 0x6A82, 0x72A2, 0x72C3, 0x7AE3, 0x7AE3, 0x7AE3, 0x72C3, 0x72C3, 0x7B03, 0x8303,
    0x72C2, 0x7AC3, 0x7B03, 0x7AE3, 0x72C3, 0x72C3, 0x7B03, 0x7B03, 0x72C3, 0x72A2, 0x72A2, 0x72C3,
    0x72C3, 0x72C3, 0x6A82, 0x72A2, 0x7AE3, 0x7AE3, 0x7AE3, 0x7AE3, 0x72C2, 0x6AA2, 0x6A82, 0x6A62,
    0x6A82, 0x72A2, 0x7AC2, 0x7AE3, 0x8303, 0x7B03, 0x72C3, 0x72C2, 0x7AE3, 0x72C3, 0x6A82, 0x6A82,
    0x72A2, 0x72A2, 0x72A2, 0x72A2, 0x72C2, 0x7AC2, 0x7AC2, 0x7AE3, 0x7AE3, 0x7AC3, 0x6A82, 0x72A2,
    0x7AE3, 0x7AE3, 0x7282, 0x6A82, 0x72A2, 0x72A2, 0x72C2, 0x7AC3, 0x7AE3, 0x7AE3, 0x72C3, 0x72C2,
    0x7AE3, 0x72C2, 0x6A82, 0x6A62, 0x6A62, 0x6A82, 0x72A2, 0x72C2, 0x7AE3, 0x7AE3, 0x7AE3, 0x72C3,
    0x72C2, 0x72A3, 0x72A3, 0x72A3, 0x6A83, 0x6262, 0x6262, 0x6262, 0x6AA3, 0x72C3, 0x72C3, 0x7AC3,
    0x7AE3, 0x7AC3, 0x72C2, 0x72C2, 0x72C3, 0x72A2, 0x6A62, 0x6262, 0x6A82, 0x6A82, 0x6A82, 0x6A82,
    0x6A82, 0x6AA2, 0x7AE3, 0x7B03, 0x72C2, 0x72C2, 0x72C3, 0x72C3, 0x72A2, 0x6AA2, 0x72A3, 0x72C3,
    0x72A3, 0x72C3, 0x7AE3, 0x7B03, 0x7B03, 0x7B03, 0x7B03, 0x7AE3, 0x72A2, 0x6A82, 0x6262, 0x6A62,
    0x72C3, 0x7AE3, 0x7AE3, 0x7AE3, 0x7AE3, 0x7AE3, 0x8303, 0x8323, 0x7AE3, 0x7AE3, 0x7AE3, 0x72C3,
    0x6A82, 0x72A2, 0x7AE3, 0x7AE3, 0x7AC3, 0x72C2, 0x72A2, 0x72A2, 0x72A3, 0x72C3, 0x72C3, 0x72C3,
    0x7AC3, 0x7AE3, 0x7AC3, 0x72A2, 0x6A82, 0x6A62, 0x6242, 0x6262, 0x72A2, 0x72C3, 0x7AC2, 0x7AE3,
    0x7B03, 0x7AE3, 0x72A2, 0x72A2, 0x7AE3, 0x7AE3, 0x72C3, 0x72A2, 0x72C3, 0x72A2, 0x72A2, 0x72A2,
    0x7AC3, 0x72C3, 0x6A82, 0x6A82, 0x72A2, 0x72A3, 0x72A2, 0x72C3, 0x7AE3, 0x7AC3, 0x72A2, 0x72A2,
    0x7AC3, 0x7AE3, 0x7AE3, 0x72C3, 0x72A3, 0x72C3, 0x7AE3, 0x7B03, 0x7AE3, 0x72C2, 0x7282, 0x6A82,
    0x72A2, 0x72A2, 0x6A82, 0x6A82, 0x72C2, 0x72C2, 0x6A82, 0x6A62, 0x6262, 0x6A62, 0x72A3, 0x72A3,
    0x6262, 0x6242, 0x6262, 0x6A62, 0x6A82, 0x72A3, 0x72C3, 0x7AE3, 0x7AE3, 0x7AC3, 0x7AC3, 0x7AC3,
    0x7AE3, 0x72C3, 0x6242, 0x6222, 0x6262, 0x6A62, 0x6262, 0x6A62, 0x6A82, 0x72A2, 0x72C3, 0x72C3,
    0x72A2, 0x72A2, 0x72C3, 0x7AE3, 0x7AE3, 0x72C3, 0x6A82, 0x6A82, 0x72A3, 0x72C3, 0x72C3, 0x7AE3,
    0x7AC3, 0x7AC3, 0x7AE3, 0x7AE3, 0x6A82, 0x6242, 0x5A21, 0x6222, 0x72A3, 0x7AE3, 0x72C3, 0x72C3,
    0x72C3, 0x7AE3, 0x8323, 0x8344, 0x7AE3, 0x7AE3, 0x7AE3, 0x72C3, 0x6A82, 0x6A82, 0x72C3, 0x7AE3,
    0x7AE3, 0x72C3, 0x6A82, 0x6A82, 0x6A82, 0x72A2, 0x72A3, 0x72C3, 0x72C3, 0x72C3, 0x7AC3, 0x72A2,
    0x6A62, 0x6242, 0x6221, 0x6242, 0x72A2, 0x7AE3, 0x7AC3, 0x7AC3, 0x7AC3, 0x72C3, 0x72A2, 0x72A2,
    0x7AE3, 0x7AE3, 0x7AE3, 0x7AE3, 0x7AE3, 0x7AC3, 0x72A2, 0x72A2, 0x72C3, 0x72C3, 0x6A82, 0x6A62,
    0x6A82, 0x6A82, 0x72A2, 0x72A2, 0x72A2, 0x72A2, 0x72A2, 0x72C3, 0x7AE3, 0x7AE3, 0x7AE3, 0x72C3,
    0x72A2, 0x72A2, 0x7AE3, 0x7AE3, 0x72C2, 0x72A2, 0x72A2, 0x72A2, 0x72A2, 0x6AA2, 0x6A62, 0x6A62,
    0x72A2, 0x72A2, 0x6A62, 0x6242, 0x6242, 0x6262, 0x72A3, 0x72A3, 0x6262, 0x6242, 0x6262, 0x6A62,
    0x6A82, 0x6AA2, 0x72C3, 0x72C3, 0x72C3, 0x72C3, 0x72A2, 0x72A2, 0x7AC3, 0x72A3, 0x6242, 0x6222,
    0x6242, 0x6242, 0x6242, 0x6242, 0x6A82, 0x72A2, 0x72A2, 0x72A2, 0x72A2, 0x72A3, 0x72C3, 0x7AE3,
    0x7AE3, 0x72A2, 0x6A62, 0x6242, 0x6A62, 0x6A83, 0x72A3, 0x72A3, 0x72A2, 0x72A2, 0x72A3, 0x72A3,
    0x6A82, 0x6242, 0x5A01, 0x5A22, 0x6AA3, 0x72C3, 0x72A3, 0x72A3, 0x72C3, 0x7AE3, 0x8303, 0x8323,
    0x7AE3, 0x7AE3, 0x7AE3, 0x72C3, 0x6A82, 0x6A62, 0x72A3, 0x72C3, 0x7AC3, 0x72C3, 0x6A82, 0x6262,
    0x6A62, 0x6A62, 0x6A82, 0x6A82, 0x6A82, 0x72A2, 0x7AE3, 0x7AC3, 0x6A62, 0x6222, 0x6221, 0x6262,
    0x72C3, 0x7AE3, 0x72A3, 0x72A2, 0x6A82, 0x6A82, 0x72A2, 0x72C3, 0x7AE3, 0x7AE3, 0x7AE3, 0x7AE3,
    0x8303, 0x7AE3, 0x72C3, 0x72A2, 0x72C3, 0x72C3, 0x72A2, 0x6A82, 0x6A62, 0x6A62, 0x6262, 0x6262,
    0x6242, 0x6A62, 0x7AC3, 0x7B03, 0x7B03, 0x7AE3, 0x7AC3, 0x72C3, 0x72C3, 0x72C3, 0x72A3, 0x6A82,
    0x6A82, 0x6A82, 0x72A2, 0x72A2, 0x6A82, 0x6A82, 0x6A62, 0x6A82, 0x72A2, 0x72A2, 0x6A82, 0x6A62,
    0x6242, 0x6A62, 0x6A82, 0x6AA2, 0x6A62, 0x6262, 0x6262, 0x6262, 0x6262, 0x6A82, 0x72A3, 0x72A3,
    0x72A3, 0x6A82, 0x6242, 0x6242, 0x6A82, 0x6A82, 0x6242, 0x6222, 0x6242, 0x6242, 0x6221, 0x6242,
    0x6A82, 0x72A2, 0x72A2, 0x6A82, 0x72A2, 0x72A3, 0x72C3, 0x72A2, 0x6A82, 0x6242, 0x5A01, 0x5A01,
    0x6222, 0x6262, 0x6A62, 0x6A82, 0x72A2, 0x6A82, 0x6262, 0x6242, 0x6A62, 0x6242, 0x5A22, 0x6242,
    0x72A3, 0x72C3, 0x72A3, 0x72A3, 0x72A3, 0x72C3, 0x72C3, 0x72C3, 0x72C3, 0x72C3, 0x72C3, 0x72A2,
    0x6A62, 0x6262, 0x6A82, 0x72A3, 0x72C3, 0x72A3, 0x6A82, 0x6262, 0x6262, 0x6A62, 0x6A82, 0x6A82,
    0x6A82, 0x72A2, 0x7AE3, 0x72C3, 0x6262, 0x5A21, 0x6221, 0x6262, 0x72C3, 0x7AC3, 0x6A82, 0x6A62,
    0x6242, 0x6A62, 0x6A82, 0x72A2, 0x72A3, 0x72C3, 0x7AE3, 0x7AE3, 0x8303, 0x7AE3, 0x72A2, 0x6A82,
    0x6A82, 0x6A82, 0x6A82, 0x6A82, 0x6A62, 0x6242, 0x6242, 0x6221, 0x6221, 0x6A62, 0x7AC3, 0x7B03,
    0x7AE3, 0x7AC3, 0x72A3, 0x72A2, 0x72C2, 0x72A2, 0x6A82, 0x6A62, 0x6A62, 0x6A62, 0x6A82, 0x6A82,
    0x6A62, 0x6262, 0x6A62, 0x6A82, 0x72A2, 0x72A2, 0x72A2, 0x6A82, 0x6A62, 0x6A62, 0x6A82, 0x6A82,
    0x6A82, 0x6A62, 0x6A62, 0x6A62, 0x6262, 0x6A62, 0x6A82, 0x6AA2, 0x6A82, 0x6A62, 0x5A21, 0x5A21,
    0x6242, 0x6A62, 0x6242, 0x6242, 0x6242, 0x6242, 0x6241, 0x6262, 0x6A82, 0x7282, 0x6A82, 0x6A82,
    0x6A82, 0x72A2, 0x72A2, 0x72A2, 0x6A62, 0x6222, 0x5A01, 0x5A01, 0x5A22, 0x5A22, 0x6242, 0x6A62,
    0x6A82, 0x6A82, 0x6242, 0x6222, 0x6262, 0x6A62, 0x6242, 0x6262, 0x72A3, 0x72C3, 0x72A3, 0x6AA3,
    0x72A3, 0x72A3, 0x72A3, 0x72A3, 0x6AA2, 0x6A82, 0x6262, 0x6242, 0x6242, 0x6242, 0x6A62, 0x6A82,
    0x6A82, 0x6A82, 0x6A62, 0x6A62, 0x6A62, 0x6A62, 0x6A82, 0x72A2, 0x72C3, 0x72E3, 0x7AE3, 0x72A3,
    0x6242, 0x5A01, 0x5A21, 0x6242, 0x6AA3, 0x6AA3, 0x6262, 0x6221, 0x6221, 0x6242, 0x6A62, 0x6A82,
    0x6A62, 0x6A82, 0x72C2, 0x7AE3, 0x7AE3, 0x72C2, 0x6A82, 0x6242, 0x6242, 0x6222, 0x6241, 0x6262,
    0x6262, 0x6242, 0x6221, 0x6241, 0x6A62, 0x72A2, 0x72C3, 0x72C3, 0x72A2, 0x6A82, 0x6A82, 0x6A62,
    0x6A62, 0x6A82, 0x72A2, 0x72A2, 0x6A62, 0x6A62, 0x6A82, 0x6A82, 0x6262, 0x6262, 0x6A62, 0x6A82,
    0x72A2, 0x72C3, 0x7AC3, 0x72C3, 0x6A82, 0x6A62, 0x6A82, 0x6A82, 0x6A62, 0x6A62, 0x6A82, 0x6A82,
    0x6A62, 0x6A62, 0x6A62, 0x6A62, 0x6A62, 0x6242, 0x5A21, 0x5A21, 0x6242, 0x6242, 0x6242, 0x6242,
    0x6242, 0x6262, 0x6A82, 0x7282, 0x6A82, 0x6A62, 0x6242, 0x6242, 0x6262, 0x6A62, 0x6AA2, 0x72A2,
    0x6A82, 0x6A62, 0x6242, 0x6221, 0x5A21, 0x6222, 0x6242, 0x6A62, 0x6A62, 0x6A62, 0x6262, 0x6262,
    0x6A62, 0x6A62, 0x6262, 0x6A62, 0x72A2, 0x72A3, 0x6AA3, 0x6A82, 0x6A82, 0x72A2, 0x72C3, 0x7AE3,
    0x6262, 0x6262, 0x6242, 0x6242, 0x6242, 0x6A62, 0x6A82, 0x72A2, 0x6A82, 0x6A82, 0x6A82, 0x6A62,
    0x6242, 0x6242, 0x6A62, 0x6A82, 0x72C3, 0x72E3, 0x72E3, 0x72A3, 0x6242, 0x6221, 0x6222, 0x6242,
    0x6A82, 0x6A82, 0x6262, 0x6242, 0x6242, 0x6242, 0x6A62, 0x6A62, 0x6221, 0x6241, 0x6A82, 0x72C2,
    0x72C3, 0x72C2, 0x6A82, 0x6242, 0x5A21, 0x5A21, 0x6241, 0x6262, 0x6A82, 0x6A82, 0x6A62, 0x6A62,
    0x7282, 0x72A2, 0x72A2, 0x6A82, 0x6A82, 0x6A82, 0x6A82, 0x6A62, 0x6242, 0x6262, 0x72A2, 0x72A2,
    0x6A62, 0x6262, 0x6A82, 0x6A82, 0x6A62, 0x6A62, 0x6A62, 0x6A82, 0x72C3, 0x7AE3, 0x7B03, 0x7AE3,
    0x6A82, 0x6A62, 0x6A62, 0x6A82, 0x6A62, 0x6A62, 0x6A82, 0x6A82, 0x6A82, 0x6A82, 0x72A2, 0x72A2,
    0x6A82, 0x6242, 0x5A21, 0x5A21, 0x6242, 0x6242, 0x6242, 0x6242, 0x6262, 0x6A82, 0x72A2, 0x72A2,
    0x7282, 0x6A62, 0x6242, 0x6242, 0x6242, 0x6262, 0x6A82, 0x72A2, 0x6A82, 0x6A82, 0x6262, 0x6242,
    0x6242, 0x6242, 0x6262, 0x6A62, 0x6A62, 0x6A62, 0x6262, 0x6262, 0x6A62, 0x6A62, 0x6242, 0x6242,
    0x6A62, 0x6A82, 0x6A82, 0x6A82, 0x6A82, 0x72A2, 0x7AE3, 0x7B03, 0x5A01, 0x6242, 0x6A82, 0x72A2,
    0x6A82, 0x72A2, 0x7AC3, 0x7AE3, 0x72C2, 0x72A2, 0x6A82, 0x6A62, 0x6222, 0x5A21, 0x6222, 0x6242,
    0x6A62, 0x6AA2, 0x72C3, 0x72C3, 0x6A82, 0x6262, 0x6262, 0x6A62, 0x6A82, 0x6AA2, 0x72A2, 0x72A2,
    0x6A82, 0x6A82, 0x6A82, 0x6A62, 0x5A01, 0x5A01, 0x6242, 0x72A2, 0x7AC3, 0x7AC3, 0x6AA2, 0x6A62,
    0x6262, 0x6262, 0x6A62, 0x6A82, 0x7AE3, 0x7AE3, 0x72C2, 0x72A2, 0x72A2, 0x6A82, 0x6A62, 0x6262,
    0x6A62, 0x6A82, 0x72C3, 0x72A2, 0x6242, 0x6241, 0x6A82, 0x6AA2, 0x6262, 0x6262, 0x6AA2, 0x72A3,
    0x6AA2, 0x6A82, 0x6A82, 0x6AA2, 0x7AE3, 0x8303, 0x8303, 0x7AE3, 0x6A62, 0x6242, 0x6A62, 0x6A82,
    0x6A62, 0x6A62, 0x6A82, 0x6A82, 0x6A82, 0x72A2, 0x7AE3, 0x7B03, 0x7AC3, 0x6A82, 0x5A21, 0x5A01,
    0x6242, 0x6242, 0x6221, 0x6242, 0x6A82, 0x6AA2, 0x6A82, 0x6A82, 0x72C3, 0x72C3, 0x6A62, 0x6242,
    0x6242, 0x6A62, 0x72A2, 0x72A2, 0x6A82, 0x6A62, 0x6242, 0x6242, 0x6A82, 0x6A82, 0x6A62, 0x6A82,
    0x72A2, 0x6A82, 0x5A21, 0x5A21, 0x6A62, 0x6A62, 0x5A22, 0x5A01, 0x5A21, 0x6242, 0x6A82, 0x6A82,
    0x6A82, 0x72A3, 0x7AE3, 0x8304, 0x5A21, 0x6242, 0x6A82, 0x72A2, 0x72A2, 0x72A2, 0x7AE3, 0x7AE3,
    0x7AE3, 0x72C3, 0x72A2, 0x6A62, 0x6242, 0x5A21, 0x5A21, 0x5A21, 0x6222, 0x6262, 0x72A2, 0x72A2,
    0x6A82, 0x6A62, 0x6262, 0x6A62, 0x6A82, 0x6AA2, 0x72A2, 0x72C2, 0x72A2, 0x7282, 0x6A82, 0x6A62,
    0x5A21, 0x5A01, 0x6242, 0x6A82, 0x72C2, 0x72C2, 0x6A82, 0x6A82, 0x6A82, 0x6A82, 0x6A62, 0x7282,
    0x7AE3, 0x7B03, 0x7AE3, 0x72A2, 0x6A82, 0x6A62, 0x6241, 0x6242, 0x6A62, 0x6AA2, 0x72C3, 0x72A3,
    0x6242, 0x6242, 0x6A82, 0x6A82, 0x6242, 0x6262, 0x72A3, 0x72A3, 0x6A82, 0x6A82, 0x6A62, 0x6A82,
    0x72C3, 0x7B03, 0x8303, 0x7AE3, 0x6A62, 0x6242, 0x6A62, 0x6A82, 0x6A62, 0x6A62, 0x72A2, 0x72A2,
    0x6A62, 0x6A82, 0x7AE3, 0x8303, 0x7AE3, 0x72A2, 0x6221, 0x5A01, 0x6221, 0x6242, 0x6262, 0x6A82,
    0x72A2, 0x72A2, 0x6A62, 0x6A82, 0x72A3, 0x72A3, 0x6262, 0x6242, 0x6242, 0x6A62, 0x72A2, 0x72A2,
    0x6A62, 0x6242, 0x6221, 0x6242, 0x6A82, 0x72A2, 0x6A82, 0x6A82, 0x6A82, 0x6A62, 0x5A21, 0x5A21,
    0x6A62, 0x6262, 0x5A21, 0x5A01, 0x5A01, 0x6222, 0x6A82, 0x6A82, 0x6A62, 0x6A82, 0x72C3, 0x7AE3,
    0x72A3, 0x6A82, 0x6262, 0x6242, 0x6262, 0x6A82, 0x72A2, 0x72C3, 0x7AE3, 0x7AE3, 0x72A2, 0x6A82,
    0x6A82, 0x6A62, 0x6221, 0x5A01, 0x5A21, 0x6222, 0x6242, 0x6242, 0x6242, 0x6242, 0x6242, 0x6242,
    0x6A62, 0x6A82, 0x6A82, 0x6A82, 0x6A82, 0x6A62, 0x6A42, 0x6A42, 0x6A62, 0x6A82, 0x6A82, 0x6A82,
    0x72A2, 0x6A82, 0x6262, 0x6242, 0x6A82, 0x6A82, 0x6262, 0x6A62, 0x7282, 0x72A2, 0x72A2, 0x6A82,
    0x6A62, 0x6242, 0x6221, 0x6221, 0x6A62, 0x6A82, 0x72A2, 0x72A2, 0x6A82, 0x6A62, 0x6A82, 0x6262,
    0x6242, 0x6242, 0x6A82, 0x6A82, 0x6262, 0x6242, 0x6242, 0x6A62, 0x6A82, 0x72A3, 0x7AE3, 0x7AE3,
    0x72A3, 0x6A82, 0x6A82, 0x6A82, 0x6A62, 0x6A82, 0x72C2, 0x72A2, 0x6242, 0x6241, 0x6A82, 0x72C3,
    0x72C3, 0x72A3, 0x6262, 0x6221, 0x5A21, 0x6242, 0x72C3, 0x7AE3, 0x72C3, 0x72A2, 0x6A82, 0x6262,
    0x6242, 0x6242, 0x6242, 0x6242, 0x6241, 0x6262, 0x7282, 0x7282, 0x6242, 0x6221, 0x5A21, 0x6242,
    0x6A62, 0x6A82, 0x6A82, 0x6A62, 0x6242, 0x6242, 0x6242, 0x6262, 0x6A62, 0x6262, 0x5A21, 0x5A01,
    0x5A21, 0x6242, 0x6A82, 0x6A62, 0x6242, 0x6242, 0x6A62, 0x6A82, 0x7B03, 0x72C3, 0x6262, 0x6242,
    0x6262, 0x6A62, 0x6A82, 0x72A2, 0x7AE3, 0x7AE3, 0x72A2, 0x6A82, 0x7282, 0x6A82, 0x6241, 0x5A21,
    0x5A21, 0x5A21, 0x6222, 0x6221, 0x6221, 0x6221, 0x6242, 0x6A62, 0x6A82, 0x72A2, 0x6A82, 0x6A82,
    0x6A62, 0x6A62, 0x6241, 0x6A42, 0x7282, 0x72A3, 0x72A2, 0x72A2, 0x6A82, 0x6A61, 0x6241, 0x6242,
    0x7282, 0x72A2, 0x6A62, 0x6A62, 0x6A62, 0x6A82, 0x6A82, 0x6A82, 0x6262, 0x6241, 0x5A21, 0x6221,
    0x6A82, 0x6AA2, 0x6A82, 0x6A82, 0x6A82, 0x6A62, 0x6A62, 0x6262, 0x6242, 0x6242, 0x6262, 0x6262,
    0x6242, 0x6242, 0x6242, 0x6262, 0x6A82, 0x72A2, 0x7AC3, 0x7AE3, 0x72A3, 0x72A2, 0x7282, 0x6A82,
    0x6A82, 0x6A82, 0x72A2, 0x72A2, 0x6242, 0x6242, 0x6A62, 0x7282, 0x72A3, 0x72A3, 0x6A62, 0x6242,
    0x6221, 0x6242, 0x72C3, 0x72E3, 0x72A2, 0x6A82, 0x6A62, 0x6242, 0x5A22, 0x5A22, 0x5A22, 0x6242,
    0x6241, 0x6262, 0x72A2, 0x72A2, 0x6A62, 0x6241, 0x6242, 0x6262, 0x6A82, 0x6A82, 0x6A62, 0x6242,
    0x6221, 0x6221, 0x6242, 0x6A62, 0x6A62, 0x6262, 0x6221, 0x6221, 0x6241, 0x6242, 0x6A62, 0x6A62,
    0x6242, 0x6242, 0x6A62, 0x6A82, 0x8323, 0x7AE3, 0x72A3, 0x6A82, 0x6A62, 0x6A82, 0x72A2, 0x72C3,
    0x72C3, 0x72A3, 0x72A2, 0x7282, 0x6A82, 0x6A62, 0x6241, 0x6241, 0x6221, 0x6222, 0x6242, 0x6242,
    0x6221, 0x6241, 0x6A62, 0x72A2, 0x72C3, 0x7AC3, 0x72A2, 0x72A2, 0x72A2, 0x6A82, 0x6262, 0x6A62,
    0x72A2, 0x72C3, 0x7AE3, 0x72C2, 0x6A62, 0x6241, 0x6241, 0x6A62, 0x72C3, 0x7AE3, 0x72A2, 0x6A82,
    0x6A82, 0x6A82, 0x6A82, 0x6A82, 0x6262, 0x6241, 0x5A01, 0x6221, 0x6A82, 0x72A3, 0x6AA2, 0x6A82,
    0x6262, 0x6242, 0x6262, 0x6A62, 0x6262, 0x6242, 0x6222, 0x6222, 0x6242, 0x6242, 0x6242, 0x6A62,
    0x72A3, 0x72C3, 0x72C3, 0x72A2, 0x6A82, 0x6A82, 0x72A3, 0x72A3, 0x6A82, 0x6A82, 0x6A82, 0x6AA2,
    0x6A82, 0x6A82, 0x72A2, 0x72A2, 0x72A2, 0x72A2, 0x6A82, 0x6A62, 0x6242, 0x6242, 0x6262, 0x6262,
    0x5A21, 0x5A01, 0x6242, 0x6262, 0x6A62, 0x6A62, 0x6242, 0x6222, 0x6242, 0x6A62, 0x72A2, 0x72C3,
    0x72A2, 0x72A2, 0x6A82, 0x6A82, 0x72A2, 0x72A2, 0x6242, 0x6221, 0x6222, 0x6242, 0x6242, 0x6242,
    0x6A62, 0x6A62, 0x6242, 0x6242, 0x6242, 0x6262, 0x6A62, 0x6A82, 0x6A82, 0x72A3, 0x72C3, 0x72E3,
    0x8324, 0x8303, 0x72C3, 0x6A82, 0x6A62, 0x6A62, 0x72A2, 0x72C3, 0x72A2, 0x72A2, 0x7282, 0x6A82,
    0x6A82, 0x6A62, 0x6A61, 0x6242, 0x6242, 0x6A62, 0x6A62, 0x6262, 0x6221, 0x6241, 0x6A82, 0x72C2,
    0x7AE3, 0x7AE3, 0x7AC3, 0x72C2, 0x72A2, 0x7282, 0x6A82, 0x6A82, 0x72A2, 0x72C3, 0x7AE3, 0x7AC2,
    0x6A62, 0x6242, 0x6A62, 0x6A82, 0x72C3, 0x72C3, 0x6AA2, 0x6A82, 0x6A82, 0x6A82, 0x6A82, 0x6A82,
    0x6262, 0x6241, 0x6221, 0x6242, 0x72A2, 0x72C3, 0x72A2, 0x6A62, 0x6242, 0x6242, 0x6242, 0x6262,
    0x6262, 0x6242, 0x5A22, 0x5A22, 0x6242, 0x6262, 0x6262, 0x6A82, 0x72C3, 0x72C3, 0x72A2, 0x6A82,
    0x6A82, 0x6A82, 0x72C3, 0x72C3, 0x72A2, 0x6A82, 0x6A62, 0x6A62, 0x6A82, 0x72A2, 0x72A2, 0x72A2,
    0x72A2, 0x72A2, 0x6A62, 0x6242, 0x6242, 0x6242, 0x6242, 0x6241, 0x5A01, 0x5A01, 0x6242, 0x6A62,
    0x6A82, 0x6A82, 0x6A62, 0x6242, 0x6262, 0x6A82, 0x72C3, 0x72C3, 0x72C3, 0x72A2, 0x72A2, 0x72C2,
    0x72C2, 0x72A2, 0x6A62, 0x6242, 0x6242, 0x6242, 0x6242, 0x6242, 0x6A62, 0x6A82, 0x6A62, 0x6262,
    0x6A62, 0x6A62, 0x6A82, 0x6A82, 0x72A3, 0x72C3, 0x7AE3, 0x7AE3, 0x8344, 0x8324, 0x72C3, 0x6A62,
    0x6222, 0x6222, 0x6A62, 0x72A2, 0x72A2, 0x7282, 0x6A62, 0x6A62, 0x6A62, 0x6A62, 0x6A62, 0x6A62,
    0x6A82, 0x6A82, 0x72A2, 0x6A82, 0x6242, 0x6242, 0x6A82, 0x72A2, 0x7AE3, 0x7AE3, 0x72C3, 0x72C2,
    0x72A2, 0x72A2, 0x72A2, 0x72A2, 0x6A82, 0x72A2, 0x7AC3, 0x7AC2, 0x72A2, 0x6A82, 0x6A82, 0x6A82,
    0x6A82, 0x6A82, 0x6242, 0x6242, 0x6242, 0x6A62, 0x6A62, 0x6A62, 0x6242, 0x6242, 0x6242, 0x6A62,
    0x72C3, 0x7AE3, 0x72A2, 0x6A82, 0x6242, 0x6222, 0x6242, 0x6242, 0x6222, 0x6222, 0x6222, 0x6242,
    0x6A62, 0x6A82, 0x6A62, 0x6A82, 0x72C3, 0x72C3, 0x72A3, 0x6AA2, 0x6AA2, 0x72A2, 0x72C3, 0x72C3,
    0x72A2, 0x6A62, 0x5A21, 0x5A01, 0x6241, 0x6A62, 0x72A2, 0x72C3, 0x72C2, 0x6A82, 0x6222, 0x5A21,
    0x6262, 0x6A82, 0x6A82, 0x6A62, 0x6242, 0x6242, 0x6A62, 0x6A82, 0x72A2, 0x72A2, 0x7282, 0x6A82,
    0x6A82, 0x6A82, 0x72C3, 0x72C3, 0x6A82, 0x6A82, 0x72C2, 0x7AE3, 0x72C2, 0x72C2, 0x72C3, 0x72C2,
    0x6A82, 0x6262, 0x6242, 0x6262, 0x6A82, 0x72A2, 0x6A62, 0x6262, 0x6A82, 0x6A82, 0x72A2, 0x72A2,
    0x72A3, 0x72A3, 0x72C3, 0x72C3, 0x8324, 0x7B03, 0x72C3, 0x6A82, 0x6242, 0x6222, 0x6A62, 0x6A82,
    0x7282, 0x6A82, 0x6A82, 0x6A82, 0x6A82, 0x7282, 0x72A2, 0x72A2, 0x72A2, 0x72A2, 0x72A2, 0x6A82,
    0x6A62, 0x6A62, 0x72A2, 0x72C2, 0x7AC3, 0x7AE3, 0x7AE3, 0x72C2, 0x72A2, 0x72A2, 0x72C3, 0x72C3,
    0x72A2, 0x6A82, 0x72A2, 0x72A2, 0x7282, 0x6A82, 0x72A2, 0x72A2, 0x6A62, 0x6242, 0x6242, 0x6242,
    0x6A62, 0x6A62, 0x6A62, 0x6A62, 0x6A62, 0x6A62, 0x6A82, 0x6AA2, 0x7AC3, 0x7AE3, 0x72A2, 0x6A82,
    0x6A62, 0x6242, 0x6242, 0x6242, 0x6262, 0x6A62, 0x6A62, 0x6A62, 0x6AA2, 0x72A2, 0x6A82, 0x6A82,
    0x72C3, 0x72C3, 0x6A82, 0x6A82, 0x6AA2, 0x72C2, 0x72C3, 0x72C3, 0x72A2, 0x6A62, 0x6221, 0x5A21,
    0x6242, 0x6A82, 0x72C3, 0x7AE3, 0x72C2, 0x6A82, 0x6242, 0x6222, 0x6A82, 0x72A2, 0x72A2, 0x72A2,
    0x6A82, 0x6A82, 0x72A2, 0x72C2, 0x72C2, 0x72C2, 0x72C2, 0x72A2, 0x6A82, 0x6A82, 0x72A3, 0x72A3,
    0x6A82, 0x6A82, 0x7AE3, 0x7AE3, 0x7AE3, 0x7AE3, 0x7B03, 0x7AE3, 0x72A2, 0x6A82, 0x6A82, 0x6A82,
    0x72A2, 0x72A2, 0x6A82, 0x6A82, 0x72A2, 0x72A2, 0x72A2, 0x72A2, 0x72A3, 0x72A3, 0x72C3, 0x72C3,
    0x7AE3, 0x72C3, 0x72A3, 0x6A82, 0x6A82, 0x6A82, 0x6AA2, 0x6AA2, 0x6A82, 0x6A82, 0x72A2, 0x72C2,
    0x72C2, 0x7AC2, 0x7AE3, 0x7AE3, 0x72A2, 0x72A2, 0x72A2, 0x6A82, 0x6A82, 0x72A2, 0x72C2, 0x7AE3,
    0x7AE3, 0x7AE3, 0x7AE3, 0x7AC2, 0x72C2, 0x72C2, 0x72A3, 0x72C3, 0x72C2, 0x72A2, 0x6A62, 0x6242,
    0x6A62, 0x6A82, 0x72A2, 0x72A2, 0x6A62, 0x6A62, 0x6A82, 0x72A2, 0x72A2, 0x6AA2, 0x6A82, 0x6A82,
    0x72A2, 0x72A2, 0x72A2, 0x72A2, 0x72C3, 0x72C3, 0x72C2, 0x72A2, 0x72A2, 0x6A82, 0x6262, 0x6A82,
    0x7AE3, 0x7AE3, 0x72A2, 0x72A2, 0x72C2, 0x72C2, 0x72A2, 0x72A2, 0x72C2, 0x72A2, 0x6262, 0x6262,
    0x6A82, 0x72C2, 0x7AE3, 0x7AC3, 0x72A2, 0x6A82, 0x72A2, 0x72A2, 0x72A2, 0x72C3, 0x7B03, 0x7AE3,
    0x72A2, 0x7282, 0x6A82, 0x6A82, 0x72C3, 0x7AE3, 0x72C2, 0x72A2, 0x72A2, 0x72C2, 0x7AE3, 0x7AE3,
    0x72C2, 0x72C2, 0x7AE3, 0x72C2, 0x6A82, 0x6A62, 0x6242, 0x6262, 0x72A2, 0x72C3, 0x7AE3, 0x7B03,
    0x7B03, 0x7B03, 0x7AE3, 0x7AE3, 0x72C2, 0x72C3, 0x72E3, 0x72E3, 0x72C3, 0x72C2, 0x72C2, 0x72C2,
    0x7AC3, 0x72C3, 0x72A2, 0x72A2, 0x72C3, 0x72C3, 0x7AE3, 0x7AE3, 0x72C2, 0x72C2, 0x72A2, 0x72A2,
    0x72C2, 0x72C2, 0x72C3, 0x72A2, 0x6A82, 0x6A82, 0x72C2, 0x7AC2, 0x72C2, 0x7AC2, 0x7AE3, 0x7AE3,
    0x72A2, 0x6A82, 0x72A2, 0x72A2, 0x72A2, 0x72A2, 0x72A2, 0x72A2, 0x72A2, 0x72A2, 0x72C2, 0x72C2,
    0x72A2, 0x72A2, 0x72A2, 0x72A2, 0x72C3, 0x72A2, 0x6262, 0x6241, 0x6241, 0x6A62, 0x72A2, 0x72A2,
    0x6A62, 0x6A62, 0x6A82, 0x72A2, 0x72C3, 0x72A2, 0x6A82, 0x6A82, 0x72A2, 0x72A2, 0x72A2, 0x72A2,
    0x72C3, 0x72C3, 0x72A2, 0x72A2, 0x72C3, 0x72A2, 0x6A82, 0x6A82, 0x7B03, 0x8303, 0x7AC3, 0x72C2,
    0x7AE3, 0x7AC2, 0x72A2, 0x72A2, 0x72A2, 0x6A82, 0x6241, 0x6241, 0x6A62, 0x6A82, 0x72C2, 0x72C2,
    0x72A2, 0x72A2, 0x72C2, 0x72C3, 0x72C2, 0x7AC3, 0x7AE3, 0x7AE3, 0x72A2, 0x6A82, 0x6A82, 0x72A3,
    0x7AE3, 0x7AE3, 0x7AC3, 0x72A2, 0x72C2, 0x72C3, 0x72C3, 0x72C3, 0x72C3, 0x72C3, 0x7AE3, 0x72C2,
    0x6A82, 0x6A62, 0x6242, 0x6262, 0x72A2, 0x7AC3, 0x72C3, 0x72C3, 0x7AE3, 0x7AE3, 0x7AE3, 0x72C3,
    0x72C2, 0x72C3, 0x72C3, 0x72C3, 0x72A2, 0x72A2, 0x72C2, 0x72C3, 0x7AE3, 0x72C3, 0x72A2, 0x6A82,
    0x6A82, 0x72A2, 0x72C3, 0x7AE3, 0x7AE3, 0x72C2, 0x72A2, 0x72C2, 0x7AE3, 0x7AE3, 0x72C2, 0x72A2,
    0x6A82, 0x6A82, 0x72A2, 0x6AA2, 0x6A82, 0x6A82, 0x72C2, 0x72A2, 0x6262, 0x6262, 0x72A2, 0x72C2,
    0x72A2, 0x6A62, 0x6242, 0x6242, 0x6262, 0x6A62, 0x6A82, 0x6A82, 0x6A82, 0x6A82, 0x72A2, 0x72C2,
    0x72C3, 0x72A2, 0x6A82, 0x6A62, 0x6241, 0x6262, 0x7282, 0x72A2, 0x6A62, 0x6242, 0x6242, 0x6262,
    0x6A82, 0x72A2, 0x72A2, 0x6A82, 0x6A82, 0x6A82, 0x6A82, 0x6A82, 0x72C2, 0x72C2, 0x6A82, 0x6A82,
    0x72C3, 0x72C3, 0x6A82, 0x6A82, 0x72A2, 0x72C3, 0x72C2, 0x72C2, 0x72C2, 0x72A2, 0x6A82, 0x6A82,
    0x72A2, 0x6AA2, 0x6262, 0x6241, 0x6241, 0x6242, 0x6262, 0x6A82, 0x72A2, 0x72A3, 0x6AA2, 0x6A82,
    0x6A82, 0x6A82, 0x72A2, 0x72A2, 0x6A82, 0x6A62, 0x6262, 0x6A82, 0x72C3, 0x7AE3, 0x72C3, 0x72A3,
    0x72C3, 0x72A2, 0x6A82, 0x6A82, 0x72C3, 0x7AE3, 0x72C3, 0x72A2, 0x6A82, 0x6A82, 0x6A82, 0x7282,
    0x72A2, 0x72A2, 0x6A82, 0x6A82, 0x6A82, 0x6A82, 0x72A2, 0x72A2, 0x72A2, 0x6A82, 0x6262, 0x6262,
    0x6A62, 0x6A82, 0x6A82, 0x6AA2, 0x72A3, 0x72A3, 0x6A82, 0x6A62, 0x5A22, 0x6222, 0x6A62, 0x72A2,
    0x72C3, 0x72C3, 0x72C3, 0x72C3, 0x7AE3, 0x7AE2, 0x72C2, 0x72A2, 0x6A82, 0x6A82, 0x6AA2, 0x6A82,
    0x6A62, 0x6A62, 0x7282, 0x6A82, 0x6242, 0x6242, 0x72A2, 0x7AC3, 0x72A2, 0x6A82, 0x6242, 0x6222,
    0x6242, 0x6262, 0x6A62, 0x6A82, 0x6A82, 0x6A82, 0x72A2, 0x72A2, 0x72C2, 0x72C2, 0x72A2, 0x6A82,
    0x6A62, 0x6A62, 0x6A82, 0x6A82, 0x6A62, 0x6242, 0x5A22, 0x6242, 0x6A82, 0x72C2, 0x72C2, 0x72A2,
    0x6A82, 0x6A62, 0x6A62, 0x6A82, 0x72A2, 0x72A2, 0x6A82, 0x6A82, 0x72A2, 0x72A2, 0x6A82, 0x6A82,
    0x6A82, 0x72A2, 0x72A2, 0x72C2, 0x72C2, 0x72A2, 0x6A82, 0x6A62, 0x6A82, 0x6A82, 0x6A62, 0x6242,
    0x6241, 0x6221, 0x6242, 0x6A62, 0x72A2, 0x72A2, 0x6A82, 0x6A62, 0x6262, 0x6262, 0x6A82, 0x6A82,
    0x6A62, 0x6262, 0x6242, 0x6262, 0x72C3, 0x7AE3, 0x72C3, 0x72A3, 0x72A2, 0x6AA2, 0x6A82, 0x6A82,
    0x7AE3, 0x7AE3, 0x72C2, 0x72A2, 0x72A2, 0x72A2, 0x72A2, 0x72C3, 0x72C3, 0x72A2, 0x6A82, 0x6262,
    0x6262, 0x6A62, 0x6A82, 0x6AA2, 0x6A82, 0x6A62, 0x6242, 0x6242, 0x6262, 0x6A62, 0x6A82, 0x6A82,
    0x6AA2, 0x72A2, 0x6A82, 0x6A62, 0x5A01, 0x5A21, 0x6A62, 0x72A2, 0x72A2, 0x72C3, 0x7AE3, 0x7AC3,
    0x72A2, 0x72A2, 0x6A82, 0x6A82, 0x6A82, 0x6AA2, 0x72A2, 0x72A2, 0x6A82, 0x6A82, 0x6A82, 0x6A62,
    0x6242, 0x6A62, 0x72C3, 0x7AE3, 0x72C3, 0x72A2, 0x72A2, 0x6A82, 0x6A82, 0x6A62, 0x6A82, 0x6A82,
    0x72A2, 0x72A2, 0x72A2, 0x72A2, 0x7AC2, 0x72C2, 0x7282, 0x6A82, 0x6A82, 0x6A62, 0x6242, 0x6242,
    0x6262, 0x6242, 0x5A22, 0x6242, 0x72C3, 0x7B03, 0x7AE3, 0x7AC3, 0x72A2, 0x7282, 0x6A62, 0x6A62,
    0x72A2, 0x72A2, 0x6A82, 0x6A82, 0x6A82, 0x6A62, 0x6A62, 0x6A82, 0x6A82, 0x6A82, 0x72A2, 0x72C2,
    0x72A2, 0x72A2, 0x6A82, 0x6A62, 0x6A62, 0x6A82, 0x6A82, 0x6A82, 0x6262, 0x6262, 0x6A82, 0x6A82,
    0x72A2, 0x72A2, 0x6A82, 0x6A82, 0x6262, 0x6262, 0x6A82, 0x6A82, 0x6262, 0x6242, 0x5A22, 0x6242,
    0x72C3, 0x7AE3, 0x72C3, 0x72A3, 0x6A82, 0x6AA2, 0x72C3, 0x7AC3, 0x7AE3, 0x7AE3, 0x72C2, 0x72A2,
    0x72A2, 0x72A2, 0x72C2, 0x7AC3, 0x7B03, 0x7AE3, 0x6AA2, 0x6A62, 0x6A82, 0x6A82, 0x6A82, 0x6A82,
    0x6A82, 0x72A2, 0x72C3, 0x72A3, 0x6A62, 0x6262, 0x6A82, 0x6AA2, 0x72A2, 0x72A2, 0x72A2, 0x6A82,
    0x6A62, 0x6A82, 0x72A3, 0x7AC3, 0x6AA2, 0x72C3, 0x7AE3, 0x7AE3, 0x72A2, 0x6A62, 0x6A62, 0x6A82,
    0x6A82, 0x72A2, 0x72C2, 0x72C2, 0x72A2, 0x7282, 0x6A82, 0x6A82, 0x6A62, 0x6A82, 0x72C3, 0x7AE3,
    0x72C3, 0x72C3, 0x7AC3, 0x72C3, 0x72A2, 0x6A82, 0x6A82, 0x72A2, 0x72A2, 0x72C2, 0x72A2, 0x72A2,
    0x72C2, 0x72A2, 0x6A82, 0x6A82, 0x6A82, 0x6A62, 0x6242, 0x6242, 0x6262, 0x6262, 0x6242, 0x6A62,
    0x7AE3, 0x8303, 0x8303, 0x7AE3, 0x72A2, 0x7282, 0x6A62, 0x6A62, 0x72A2, 0x72A2, 0x6AA2, 0x6A82,
    0x6A62, 0x6262, 0x6A62, 0x6A62, 0x6A82, 0x7282, 0x72C2, 0x72C2, 0x72A2, 0x72A2, 0x72A2, 0x6A82,
    0x6A62, 0x6A62, 0x6A82, 0x6A82, 0x6A82, 0x6A82, 0x6AA2, 0x6A82, 0x6A82, 0x6A82, 0x72A2, 0x6AA2,
    0x6A62, 0x6262, 0x6A62, 0x6A62, 0x6242, 0x6221, 0x5A01, 0x6242, 0x72A3, 0x7AC3, 0x72C3, 0x72A3,
    0x72A2, 0x72A2, 0x72A2, 0x72C3, 0x7AE3, 0x7AC3, 0x72C2, 0x72A2, 0x72A2, 0x72A2, 0x72C3, 0x7AE3,
    0x8303, 0x8303, 0x72C3, 0x72A2, 0x72A2, 0x6AA2, 0x6A82, 0x6A82, 0x6A82, 0x6A82, 0x72C3, 0x72A3,
    0x6262, 0x6242, 0x6A62, 0x6A82, 0x6AA2, 0x6AA2, 0x6A82, 0x6A82, 0x6A82, 0x72A3, 0x72C3, 0x7AC3,
    0x72C3, 0x72C3, 0x7B03, 0x7B03, 0x6AA2, 0x6A62, 0x6242, 0x6A62, 0x72A2, 0x7AE3, 0x7AE3, 0x7AE3,
    0x72C3, 0x72A2, 0x72A2, 0x72A2, 0x72A2, 0x72C3, 0x7AE3, 0x7AE3, 0x72A2, 0x72A2, 0x7AC3, 0x7AE3,
    0x72A2, 0x72A2, 0x72A2, 0x72A2, 0x72A2, 0x72A2, 0x72C2, 0x72A2, 0x6A82, 0x6A82, 0x7282, 0x6A82,
    0x6A62, 0x6A62, 0x6242, 0x6262, 0x6A82, 0x6A82, 0x6A82, 0x72A2, 0x7AE3, 0x7B03, 0x7AE3, 0x7AC2,
    0x7282, 0x6A62, 0x6242, 0x6262, 0x72C3, 0x72C3, 0x6AA2, 0x6A62, 0x6262, 0x6262, 0x6242, 0x6A62,
    0x72A2, 0x72C3, 0x7AC3, 0x7AC3, 0x72C2, 0x72C2, 0x72C2, 0x72A2, 0x6A82, 0x6A62, 0x6242, 0x6A62,
    0x72C3, 0x72C3, 0x72A2, 0x6A82, 0x6242, 0x6A62, 0x72C3, 0x72C3, 0x6AA2, 0x6A82, 0x6A62, 0x6262,
    0x6221, 0x5A21, 0x5A21, 0x6242, 0x6A82, 0x72A3, 0x72A3, 0x72A3, 0x72C3, 0x72A2, 0x6A62, 0x6A62,
    0x72A2, 0x72A2, 0x72A2, 0x72A2, 0x72A2, 0x72A2, 0x72C3, 0x7AE3, 0x8303, 0x8324, 0x8324, 0x7B03,
    0x72C3, 0x72A2, 0x72A2, 0x6A82, 0x6A62, 0x6262, 0x6262, 0x6242, 0x6242, 0x6242, 0x6242, 0x6242,
    0x6A62, 0x6A62, 0x6242, 0x6262, 0x6A82, 0x6AA2, 0x72A2, 0x72A2, 0x72C3, 0x72C3, 0x7B03, 0x7AE3,
    0x6AA2, 0x6262, 0x6242, 0x6A62, 0x6A82, 0x72C2, 0x7AC3, 0x72C3, 0x72A2, 0x72A2, 0x72A2, 0x72C2,
    0x72C3, 0x72C3, 0x7AE3, 0x7AE3, 0x72A2, 0x72A2, 0x72C3, 0x72C3, 0x72A2, 0x72A2, 0x72A2, 0x72C2,
    0x72C3, 0x7AC3, 0x7AC3, 0x72C2, 0x6A82, 0x6A82, 0x72A2, 0x72A2, 0x6A82, 0x6A62, 0x6262, 0x6A62,
    0x6AA3, 0x72C3, 0x72A2, 0x72C2, 0x7AE3, 0x7AE3, 0x7AE3, 0x72C3, 0x72A2, 0x6A62, 0x6242, 0x6262,
    0x72C3, 0x7AE3, 0x72A2, 0x6A82, 0x6262, 0x6262, 0x6262, 0x6A62, 0x7282, 0x72C2, 0x7AE3, 0x7AE3,
    0x7AE3, 0x72C2, 0x72A2, 0x72A2, 0x6AA2, 0x6A82, 0x6242, 0x6A62, 0x7AC3, 0x7AE3, 0x7AC3, 0x72A2,
    0x6A62, 0x6A82, 0x72C3, 0x7AE3, 0x72A2, 0x6A82, 0x6A82, 0x6A62, 0x6262, 0x6242, 0x6241, 0x6242,
    0x6A82, 0x6AA2, 0x72A2, 0x72A2, 0x7AC3, 0x72C3, 0x6A62, 0x6242, 0x6A82, 0x72A2, 0x72A2, 0x72A2,
    0x7282, 0x72A2, 0x72C3, 0x7AE3, 0x7B03, 0x8323, 0x8324, 0x7B03, 0x72C3, 0x6AA2, 0x6A82, 0x6A82,
    0x6A62, 0x6262, 0x6242, 0x6242, 0x6242, 0x6242, 0x6242, 0x6262, 0x6A82, 0x6A82, 0x6242, 0x6242,
    0x6A62, 0x6A82, 0x6A82, 0x72A2, 0x72A3, 0x72C3, 0x7AE3, 0x72C3, 0x6A82, 0x6A62, 0x6A62, 0x6A62,
    0x6262, 0x6262, 0x6A62, 0x6A62, 0x6A62, 0x6A82, 0x72A2, 0x72A2, 0x72A2, 0x72A2, 0x7AE3, 0x7AE3,
    0x72C2, 0x72A2, 0x6A82, 0x6A82, 0x6A82, 0x72A2, 0x72C2, 0x7AE3, 0x8303, 0x8303, 0x7AE3, 0x72C3,
    0x72A2, 0x72A2, 0x72C3, 0x72C3, 0x72A2, 0x6A82, 0x6262, 0x6A62, 0x72A3, 0x72C3, 0x72C2, 0x72C2,
    0x72C3, 0x7AE3, 0x7AE3, 0x7AE3, 0x7AE3, 0x72A3, 0x6262, 0x6A62, 0x7AE3, 0x7B03, 0x72C2, 0x6A82,
    0x6262, 0x6A62, 0x6A82, 0x7282, 0x6A62, 0x6A82, 0x7AE3, 0x8323, 0x7B03, 0x7AC3, 0x6A82, 0x6A82,
    0x72C3, 0x72C3, 0x72A2, 0x72A2, 0x72C3, 0x7AE3, 0x8303, 0x7B03, 0x7AE3, 0x7AE3, 0x7AC3, 0x72C3,
    0x72A3, 0x72A3, 0x72C3, 0x72C3, 0x72A3, 0x6AA2, 0x6A82, 0x6A82, 0x6A82, 0x6A82, 0x6A82, 0x72A2,
    0x7AC3, 0x72C3, 0x6A82, 0x6A62, 0x6A82, 0x72A2, 0x72C2, 0x72C2, 0x72A2, 0x72A2, 0x7AE3, 0x7AE3,
    0x7AE3, 0x7AE3, 0x72C3, 0x72A2, 0x6A82, 0x6A82, 0x6A82, 0x6A82, 0x6A82, 0x6A82, 0x6A82, 0x6A62,
    0x6A82, 0x6A82, 0x6AA2, 0x72A2, 0x72C3, 0x72A3, 0x6A62, 0x6A62, 0x6A62, 0x6A82, 0x72A3, 0x72C3,
    0x72C3, 0x72C3, 0x72C2, 0x72A2, 0x6262, 0x6241, 0x6262, 0x6262, 0x6242, 0x6241, 0x6241, 0x6242,
    0x6A62, 0x6A82, 0x72A2, 0x72A2, 0x72A2, 0x72A2, 0x7AE3, 0x7AE3, 0x7AC3, 0x72A2, 0x6A62, 0x6A62,
    0x6A62, 0x6A82, 0x72C3, 0x7AE3, 0x8303, 0x8303, 0x7AE3, 0x72C3, 0x72A2, 0x7282, 0x72A2, 0x72C3,
    0x72C3, 0x72A2, 0x6262, 0x6A62, 0x72C3, 0x7AE3, 0x72C3, 0x72C3, 0x72C3, 0x72C3, 0x7AE3, 0x7AE3,
    0x7AE3, 0x72C3, 0x6A82, 0x6A82, 0x7AE3, 0x7AE3, 0x72C2, 0x6A82, 0x6A62, 0x6A62, 0x72A2, 0x72A2,
    0x6A62, 0x6A62, 0x7AE3, 0x8323, 0x8303, 0x7AC3, 0x6A62, 0x6A62, 0x72C3, 0x7AE3, 0x72C3, 0x72C3,
    0x7AC3, 0x7AE3, 0x8324, 0x8344, 0x8324, 0x7B03, 0x72C3, 0x72A2, 0x72A3, 0x72A3, 0x72C3, 0x72C3,
    0x72C3, 0x72A3, 0x6A82, 0x6A62, 0x6A82, 0x6A82, 0x6A82, 0x72A2, 0x7AC3, 0x7AC3, 0x6A82, 0x6A82,
    0x6A82, 0x72A2, 0x7AC3, 0x7AC3, 0x72C2, 0x72C2, 0x7AC3, 0x7AE3, 0x72C3, 0x72A2, 0x6A82, 0x6A62,
    0x6A82, 0x6A82, 0x6A82, 0x6A83, 0x6A82, 0x6A82, 0x6A82, 0x6A82, 0x72A2, 0x72A2, 0x72C3, 0x72E3,
    0x7AE3, 0x72C3, 0x7282, 0x6A62, 0x6A82, 0x6A82, 0x72A3, 0x72C3, 0x7AE3, 0x7AC3, 0x72C2, 0x6A82,
    0x5A21, 0x5201, 0x5A21, 0x6242, 0x6262, 0x6A62, 0x6A62, 0x6A62, 0x6A82, 0x72A2, 0x72A2, 0x72C2,
    0x72C2, 0x72C3, 0x7AE3, 0x7AE3, 0x72C2, 0x7282, 0x6A62, 0x6242, 0x6242, 0x6A62, 0x72C3, 0x7AE3,
    0x7AE3, 0x7AE3, 0x7AE3, 0x72C3, 0x6A82, 0x6A62, 0x6A82, 0x6A82, 0x72A2, 0x6A82, 0x6242, 0x6262,
    0x72A3, 0x7AE3, 0x7AE3, 0x72C3, 0x72A2, 0x72A2, 0x7AE3, 0x7AE3, 0x72C3, 0x72A2, 0x6A82, 0x72A2,
    0x7AC3, 0x7AE3, 0x72A2, 0x6A82, 0x6A82, 0x72A2, 0x72A2, 0x72A2, 0x6A62, 0x6A62, 0x7AC3, 0x7B03,
    0x7AE3, 0x72C2, 0x6A62, 0x6262, 0x6A82, 0x72A2, 0x72C2, 0x7AC3, 0x7AE3, 0x8303, 0x8324, 0x8324,
    0x8323, 0x7AE3, 0x72A2, 0x6A82, 0x6A82, 0x6AA2, 0x72A2, 0x6AA2, 0x6A82, 0x6A62, 0x6222, 0x6242,
    0x6A82, 0x72A2, 0x6A82, 0x72A2, 0x7AC3, 0x7AC3, 0x72A2, 0x6A82, 0x6A82, 0x72A2, 0x7AE3, 0x7AE3,
    0x7AE3, 0x7AC3, 0x72A3, 0x72A2, 0x6A82, 0x6A82, 0x6A62, 0x6A62, 0x72A2, 0x72C3, 0x72E3, 0x72C3,
    0x6A82, 0x6A62, 0x6A62, 0x6A82, 0x72C2, 0x7AE3, 0x7AE3, 0x7AE3, 0x7AE3, 0x7AE3, 0x72A2, 0x6A82,
    0x72A2, 0x72A2, 0x6A82, 0x6A82, 0x7AC3, 0x7AC2, 0x72C2, 0x6A82, 0x5A21, 0x5A01, 0x5A22, 0x6242,
    0x6A82, 0x6A82, 0x6A82, 0x6A82, 0x72A2, 0x72A2, 0x72A2, 0x72C2, 0x72C3, 0x7AC3, 0x7AE3, 0x7AE3,
    0x72A2, 0x6A82, 0x6242, 0x6242, 0x6242, 0x6A62, 0x72A2, 0x72C3, 0x72C3, 0x7AC3, 0x7AC3, 0x72C2,
    0x6A82, 0x6A62, 0x6A62, 0x6A62, 0x72A2, 0x72A2, 0x6262, 0x6A62, 0x72C3, 0x7AE3, 0x7AE3, 0x7AE3,
    0x72A2, 0x72A2, 0x72C3, 0x72C3, 0x72A2, 0x6A82, 0x6A82, 0x6A82, 0x72C2, 0x72C3, 0x72A2, 0x72A2,
    0x72A2, 0x72A2, 0x72A2, 0x72A2, 0x6A82, 0x7282, 0x7AC3, 0x7AE3, 0x7AC3, 0x72A2, 0x6A62, 0x6242,
    0x6A82, 0x72A2, 0x72A2, 0x72C3, 0x7AE3, 0x7B03, 0x8324, 0x8324, 0x8303, 0x7AE3, 0x6A82, 0x6A82,
    0x6A82, 0x6AA2, 0x72A2, 0x72A2, 0x6A82, 0x6A62, 0x5A22, 0x6242, 0x6A82, 0x72C3, 0x72A2, 0x72A2,
    0x72C2, 0x72A2, 0x7282, 0x6A82, 0x6A82, 0x72A2, 0x72C3, 0x7AC3, 0x7AC3, 0x72C3, 0x72A2, 0x6A82,
    0x6A62, 0x6A62, 0x6A62, 0x6A82, 0x72A2, 0x72C3, 0x7AE3, 0x72C3, 0x6A82, 0x6A62, 0x6A62, 0x7282,
    0x72C2, 0x7AE3, 0x7AE3, 0x7AE3, 0x7AE3, 0x7AE3, 0x72A2, 0x72A2, 0x72A2, 0x72A2, 0x6262, 0x6242,
    0x72A2, 0x72A2, 0x72C2, 0x72A2, 0x6A62, 0x6262, 0x6A82, 0x6A82, 0x72C3, 0x72A2, 0x6A62, 0x6A62,
    0x6A82, 0x72A2, 0x72A2, 0x72A2, 0x72C3, 0x7AE3, 0x7AE3, 0x7AE3, 0x72A2, 0x6A82, 0x6262, 0x6262,
    0x6A82, 0x6A82, 0x6A82, 0x72A2, 0x7282, 0x72A2, 0x72A2, 0x72A2, 0x6AA2, 0x6A82, 0x6A62, 0x6A62,
    0x72A2, 0x72A2, 0x6A82, 0x72A2, 0x7AE3, 0x8303, 0x7B03, 0x7AE3, 0x72C2, 0x72A2, 0x6A82, 0x6A82,
    0x6A82, 0x6A62, 0x6262, 0x6A62, 0x6A82, 0x72C2, 0x72C3, 0x72C3, 0x72A2, 0x7282, 0x72A2, 0x72A2,
    0x72A2, 0x72A2, 0x7AC3, 0x7AC3, 0x72A2, 0x6A82, 0x6242, 0x6242, 0x72A2, 0x72C3, 0x72C2, 0x72C2,
    0x72C3, 0x7AE3, 0x7B03, 0x7B03, 0x7AC3, 0x72A2, 0x6A82, 0x6A82, 0x6A82, 0x72A2, 0x72C3, 0x72C3,
    0x72C3, 0x72A2, 0x6262, 0x6A62, 0x72A2, 0x7AC3, 0x7AC3, 0x72C3, 0x72A2, 0x6A82, 0x6A62, 0x6A82,
    0x72C2, 0x72C2, 0x6A82, 0x6A62, 0x6A62, 0x6A82, 0x72A3, 0x72A3, 0x6A82, 0x6A82, 0x72C3, 0x72C3,
    0x72C2, 0x72A2, 0x72C3, 0x72A3, 0x6A82, 0x6A82, 0x6A82, 0x72A2, 0x72A2, 0x72C3, 0x7AE3, 0x7AE3,
    0x7AE3, 0x72C3, 0x72A2, 0x72A2, 0x72A2, 0x6A82, 0x6242, 0x5A22, 0x6A62, 0x6A82, 0x7AE3, 0x7AE3,
    0x72A2, 0x7282, 0x72A2, 0x72C3, 0x72C3, 0x72A2, 0x6A82, 0x6A82, 0x72A2, 0x72A2, 0x72A2, 0x72C3,
    0x7AE3, 0x7AE3, 0x7AE3, 0x72C3, 0x72A2, 0x6A62, 0x6A62, 0x6A62, 0x6AA2, 0x72A2, 0x6AA2, 0x6A82,
    0x7282, 0x72A2, 0x6AA2, 0x72A2, 0x72C2, 0x72A2, 0x6A82, 0x6A82, 0x72C2, 0x72C2, 0x72C2, 0x7AC2,
    0x8303, 0x8323, 0x8323, 0x7B03, 0x7AC3, 0x72A2, 0x72A2, 0x6AA2, 0x72A2, 0x7282, 0x6A62, 0x6A62,
    0x72A2, 0x72C2, 0x72C3, 0x72C3, 0x72A2, 0x7282, 0x72A2, 0x72C2, 0x7AE3, 0x7AE3, 0x7AE3, 0x72C3,
    0x72A2, 0x6A82, 0x6A62, 0x6A82, 0x72C3, 0x7AC3, 0x72A2, 0x72A2, 0x72C3, 0x7AE3, 0x7B03, 0x7AE3,
    0x72C3, 0x72A2, 0x6A82, 0x6A82, 0x72A2, 0x72C2, 0x72C3, 0x7AC3, 0x7AC3, 0x72A3, 0x6A82, 0x6A82,
    0x72C3, 0x7AE3, 0x7AE3, 0x7AC3, 0x72A2, 0x6A82, 0x6A82, 0x6A82, 0x72C2, 0x72A2, 0x6A62, 0x6242,
    0x6A62, 0x6A82, 0x72C3, 0x72C3, 0x6A82, 0x6A82, 0x72C3, 0x7AE3, 0x72C3, 0x72A2, 0x72A2, 0x6A82,
    0x6A82, 0x6A82, 0x72A2, 0x72A2, 0x72A2, 0x72A2, 0x72C3, 0x72C3, 0x72C3, 0x72A2, 0x72C3, 0x72C3,
    0x72A2, 0x6AA2, 0x6262, 0x6242, 0x6262, 0x6A82, 0x7B03, 0x7B03, 0x72C2, 0x72A2, 0x72C2, 0x72C3,
    0x72A2, 0x72A2, 0x72C3, 0x7AE3, 0x7AE3, 0x7AE3, 0x7AE3, 0x7AE3, 0x8324, 0x8324, 0x7AE3, 0x72C3,
    0x6A82, 0x6A82, 0x6A82, 0x6A82, 0x72A2, 0x72C2, 0x72C2, 0x72C3, 0x72C2, 0x72C2, 0x72A2, 0x72A2,
    0x7AE3, 0x7B03, 0x7AE3, 0x72C3, 0x72C2, 0x72C2, 0x7AE3, 0x7B03, 0x8323, 0x8323, 0x8344, 0x8323,
    0x7AE3, 0x72C2, 0x7AC2, 0x7AE2, 0x7B03, 0x7AE3, 0x72C2, 0x72C2, 0x7AE3, 0x72C3, 0x72A2, 0x72A2,
    0x7282, 0x72A2, 0x72C2, 0x7AE3, 0x8303, 0x8303, 0x7AE3, 0x72C3, 0x72C2, 0x72C2, 0x72C3, 0x72C3,
    0x7AE3, 0x7AE3, 0x6A82, 0x6A82, 0x72C3, 0x7B03, 0x7B03, 0x7B03, 0x72C3, 0x72A2, 0x72A2, 0x72C3,
    0x7AE3, 0x7AE3, 0x7AE3, 0x72C3, 0x72A2, 0x72A2, 0x72A2, 0x72A2, 0x7AE3, 0x7AE3, 0x7AE3, 0x7AC3,
    0x72A2, 0x72A2, 0x7AE3, 0x72C3, 0x6A82, 0x6A62, 0x6A82, 0x7282, 0x72C2, 0x72C3, 0x72C3, 0x72C3,
    0x6A82, 0x6A82, 0x72A2, 0x72C3, 0x7AE3, 0x72C3, 0x6AA2, 0x6A82, 0x6A82, 0x6A82, 0x7AE3, 0x7AE3,
    0x6AA2, 0x6A82, 0x6AA2, 0x72A2, 0x6AA2, 0x72A2, 0x72C3, 0x7AE3, 0x7AE3, 0x72C2, 0x6AA2, 0x6A82,
    0x6262, 0x6AA2, 0x7B03, 0x7B03, 0x72C2, 0x72A2, 0x72C2, 0x72A2, 0x6A82, 0x72A2, 0x7AE3, 0x8303,
    0x8303, 0x7B03, 0x7AE3, 0x7B03, 0x8344, 0x8324, 0x7AE3, 0x72C3, 0x6A82, 0x6A82, 0x72A2, 0x72C2,
    0x72C2, 0x72C3, 0x7AC3, 0x7AE3, 0x7AE3, 0x7AE3, 0x72A2, 0x72A2, 0x7AE3, 0x7B03, 0x7B03, 0x7AE3,
    0x7AE3, 0x7AE3, 0x7B03, 0x7B03, 0x7B03, 0x7B03, 0x8323, 0x8323, 0x7AE3, 0x72C2, 0x72C2, 0x7AE3,
    0x8303, 0x8323, 0x7B03, 0x7B03, 0x7B03, 0x7AE3, 0x72A2, 0x6AA2, 0x72A2, 0x72A2, 0x72C2, 0x7AE3,
    0x8323, 0x8323, 0x7AE3, 0x72C2, 0x72C2, 0x72C3, 0x72E3, 0x7AE3, 0x7AE3, 0x7AC3, 0x6A82, 0x6AA2,
    0x7AE3, 0x7B03, 0x7B03, 0x7B03, 0x72C3, 0x72A2, 0x72C2, 0x7AC3, 0x7AE3, 0x7AE3, 0x7AE3, 0x72C2,
    0x72A2, 0x6A82, 0x72A2, 0x72C3, 0x7AE3, 0x7AE3, 0x7AE3, 0x7AE3, 0x72C3, 0x72C3, 0x7B03, 0x7AE3,
    0x6A82, 0x6262, 0x6A82, 0x72A2, 0x72C3, 0x7AC3, 0x72C3, 0x72C3, 0x6AA2, 0x6A82, 0x72A2, 0x72C2,
    0x7AE3, 0x7AC3, 0x6A82, 0x6A62, 0x6A62, 0x6A82, 0x7AE3, 0x7AE3, 0x72C3, 0x6A82, 0x6A82, 0x6A82,
    0x6A82, 0x6A82, 0x72C3, 0x7AE3, 0x7B03, 0x7AE3, 0x72C2, 0x72A2, 0x6AA2, 0x72A2, 0x7AE3, 0x7AE3,
    0x72C2, 0x72A2, 0x72C2, 0x72A2, 0x6A62, 0x6A82, 0x7AE3, 0x7B03, 0x7AE3, 0x7AE3, 0x7AE3, 0x7B03,
    0x8323, 0x7B03, 0x7AE3, 0x72C3, 0x72A3, 0x72C3, 0x7AE3, 0x7AE3, 0x72C3, 0x72C3, 0x7AE3, 0x7AE3,
    0x7B03, 0x7AE3, 0x72A2, 0x6A82, 0x72A2, 0x72C3, 0x7AE3, 0x7B03, 0x8303, 0x8303, 0x8323, 0x7B03,
    0x72C3, 0x72C2, 0x7AE3, 0x7AE3, 0x72C3, 0x72A2, 0x6A82, 0x6A82, 0x72C3, 0x7B03, 0x8B44, 0x8B44,
    0x7B03, 0x7AE3, 0x72C3, 0x72A2, 0x72A2, 0x72A2, 0x72A2, 0x7AE3, 0x7B03, 0x7B03, 0x72A2, 0x7282,
    0x72A2, 0x72A2, 0x72A2, 0x72C2, 0x72C3, 0x72C3, 0x72A3, 0x72C3, 0x7AE3, 0x7B03, 0x7B03, 0x7AE3,
    0x7AC3, 0x72C2, 0x72A2, 0x72A2, 0x72C2, 0x7AC3, 0x7AC3, 0x72C2, 0x6A82, 0x6A82, 0x72A2, 0x72C2,
    0x7AE3, 0x7AE3, 0x7AE3, 0x7AE3, 0x72C3, 0x72C3, 0x7AE3, 0x72C3, 0x6A82, 0x6A82, 0x6A82, 0x72A2,
    0x72A2, 0x72A2, 0x72C2, 0x7AC3, 0x7AE3, 0x72C3, 0x72C3, 0x72C3, 0x7AE3, 0x7AE3, 0x6A82, 0x6A62,
    0x6A62, 0x6A82, 0x7AE3, 0x7B03, 0x7AE3, 0x72C3, 0x6A82, 0x6A62, 0x6262, 0x6A62, 0x6A82, 0x72C3,
    0x8323, 0x8323, 0x72C3, 0x72A2, 0x72C2, 0x72C2, 0x7AE3, 0x72E3, 0x72C2, 0x72A2, 0x72C3, 0x72A2,
    0x6A82, 0x6A82, 0x72C3, 0x7AE3, 0x7AE3, 0x72C3, 0x7AC3, 0x7AE3, 0x7AE3, 0x7B03, 0x7AE3, 0x72E3,
    0x72C3, 0x72C3, 0x7AC3, 0x7AE3, 0x72C3, 0x72C3, 0x7AC3, 0x7AE3, 0x7AE3, 0x7AE3, 0x72A2, 0x6AA2,
    0x6A82, 0x72A2, 0x72C3, 0x7B03, 0x8323, 0x8323, 0x7AE3, 0x72C3, 0x6A82, 0x7282, 0x72C2, 0x7AC3,
    0x72A2, 0x6A82, 0x6A82, 0x6A82, 0x72A2, 0x7AE3, 0x8323, 0x8324, 0x7AE3, 0x72C3, 0x72A2, 0x6A82,
    0x6A62, 0x6A82, 0x72A2, 0x72C3, 0x7AE3, 0x7AC3, 0x72A2, 0x7282, 0x72A2, 0x72A2, 0x6A82, 0x6A82,
    0x72A2, 0x72C3, 0x72C3, 0x72C3, 0x72C3, 0x72C3, 0x7AE3, 0x7AE3, 0x7AE3, 0x72C3, 0x6A82, 0x6A82,
    0x72A2, 0x72A2, 0x7AC3, 0x72C3, 0x72A2, 0x6A82, 0x6A82, 0x72A2, 0x7AE3, 0x7AE3, 0x7AC3, 0x72C2,
    0x6AA2, 0x6AA2, 0x72C3, 0x72C3, 0x6A82, 0x6A82, 0x6A82, 0x72A2, 0x6A82, 0x6A82, 0x72C2, 0x7AC3,
    0x7AE3, 0x7AE3, 0x72C3, 0x72C3, 0x72C3, 0x72C2, 0x6A82, 0x6A62, 0x6A82, 0x6AA2, 0x72E3, 0x7AE3,
    0x7AE3, 0x72C3, 0x6A82, 0x6262, 0x6262, 0x6A62, 0x6A82, 0x72A2, 0x7AE3, 0x7AE3, 0x72C2, 0x72A2,
    0x72C2, 0x72C2, 0x7AE3, 0x72C3, 0x72A2, 0x72C2, 0x7AE3, 0x7AE3, 0x72A2, 0x6A82, 0x72A2, 0x72A3,
    0x72A3, 0x72A3, 0x72A3, 0x72C3, 0x72C3, 0x7AE3, 0x7AE3, 0x7AE3, 0x72A2, 0x7282, 0x6A62, 0x6A62,
    0x72A2, 0x72C3, 0x72A2, 0x72A2, 0x72A2, 0x72A2, 0x7AE3, 0x7AE3, 0x72A2, 0x72A2, 0x72C2, 0x7AE3,
    0x8323, 0x7AE3, 0x6A82, 0x6242, 0x6A62, 0x6A82, 0x72C3, 0x72C3, 0x6AA2, 0x6A82, 0x6A82, 0x72A2,
    0x72A2, 0x72C2, 0x72C2, 0x72C3, 0x72C2, 0x6A82, 0x6242, 0x5A22, 0x5A21, 0x6242, 0x72A2, 0x72C3,
    0x72A2, 0x72A2, 0x72A2, 0x72A2, 0x7AC2, 0x72A2, 0x6262, 0x6242, 0x6A82, 0x72A3, 0x72C3, 0x72A3,
    0x6A62, 0x6A62, 0x72C2, 0x7AE3, 0x7B03, 0x7AE3, 0x6AA2, 0x6A62, 0x6A62, 0x6A82, 0x7AE3, 0x7B03,
    0x7AE3, 0x72A2, 0x6A62, 0x6A82, 0x72C3, 0x7AE3, 0x72A2, 0x6A62, 0x5A21, 0x5A22, 0x6A82, 0x72A2,
    0x6A62, 0x6A62, 0x6A82, 0x6AA2, 0x6A82, 0x6A82, 0x72A2, 0x72C2, 0x72C2, 0x72C3, 0x72C3, 0x72A2,
    0x6A82, 0x6A82, 0x6A82, 0x6AA2, 0x72A2, 0x72C3, 0x7AE3, 0x7AE3, 0x72C3, 0x6A82, 0x6A62, 0x6A62,
    0x6A62, 0x6A62, 0x6A82, 0x6A82, 0x6A82, 0x6A82, 0x6A82, 0x6A82, 0x72C2, 0x72C2, 0x72C3, 0x72C3,
    0x72A2, 0x72A2, 0x7AE3, 0x7AE3, 0x72A2, 0x6A82, 0x6A82, 0x6A82, 0x72A3, 0x72A3, 0x6A82, 0x6A82,
    0x6A82, 0x72A3, 0x72C3, 0x72C3, 0x72A2, 0x6A62, 0x6221, 0x6241, 0x6A82, 0x72A3, 0x6AA2, 0x6A82,
    0x6A82, 0x72A2, 0x7AE3, 0x7AE3, 0x72A2, 0x7282, 0x72C2, 0x7AE3, 0x7B03, 0x72C3, 0x6242, 0x6221,
    0x6A62, 0x6AA2, 0x72A3, 0x72A3, 0x6AA2, 0x6A82, 0x72A2, 0x72A2, 0x72A2, 0x6A82, 0x6A62, 0x6A62,
    0x7282, 0x6A82, 0x6222, 0x5A01, 0x5A01, 0x6242, 0x6A82, 0x6A82, 0x6A82, 0x6A82, 0x72A2, 0x72C3,
    0x7AC3, 0x72A2, 0x6262, 0x6242, 0x6A82, 0x72A2, 0x72A3, 0x72A2, 0x6242, 0x6242, 0x6A82, 0x72C3,
    0x7AE3, 0x7AE3, 0x6A82, 0x6262, 0x6A62, 0x72A3, 0x7B03, 0x8323, 0x7B03, 0x72C2, 0x6A62, 0x6A62,
    0x72C3, 0x7AE3, 0x72A2, 0x6A62, 0x5A01, 0x5A01, 0x6A62, 0x6A82, 0x6242, 0x6242, 0x6A82, 0x6A82,
    0x6AA2, 0x72A2, 0x72A2, 0x72A2, 0x6A82, 0x7282, 0x72A2, 0x72A2, 0x6262, 0x6262, 0x6A82, 0x72A2,
    0x72A2, 0x72A2, 0x72C3, 0x72C3, 0x72A2, 0x6A82, 0x6262, 0x6242, 0x6262, 0x6A62, 0x6A82, 0x6A82,
    0x6262, 0x6242, 0x6262, 0x6262, 0x72C2, 0x72C2, 0x72C3, 0x72C3, 0x72A2, 0x72A2, 0x72C2, 0x72C2,
    0x72A2, 0x6A82, 0x6A82, 0x6A82, 0x72A2, 0x72A2, 0x6262, 0x6242, 0x6242, 0x6262, 0x6A62, 0x6A82,
    0x6A82, 0x6A62, 0x6241, 0x6241, 0x6A62, 0x6A82, 0x72A2, 0x72A2, 0x72A2, 0x72A2, 0x72C3, 0x72C2,
    0x72A2, 0x7282, 0x72A2, 0x72C2, 0x72C2, 0x72A2, 0x6242, 0x6242, 0x6A62, 0x6AA2, 0x72A2, 0x72A3,
    0x72A2, 0x72A2, 0x72A2, 0x72A2, 0x6A82, 0x6262, 0x6221, 0x6241, 0x6A82, 0x6A82, 0x6242, 0x6242,
    0x6242, 0x6242, 0x6241, 0x6241, 0x6242, 0x6A62, 0x6A82, 0x72A3, 0x72C3, 0x72A2, 0x6A82, 0x6A62,
    0x6A82, 0x6A82, 0x6A82, 0x6A62, 0x6262, 0x6242, 0x6A62, 0x6A82, 0x72C2, 0x72A2, 0x6242, 0x6242,
    0x72C2, 0x8303, 0x8343, 0x8323, 0x7AE3, 0x72A2, 0x6262, 0x6A62, 0x72C3, 0x7AE3, 0x7AE3, 0x6AA2,
    0x6242, 0x5A01, 0x6222, 0x6222, 0x5A21, 0x6221, 0x6A62, 0x6A82, 0x72A2, 0x72A2, 0x6A82, 0x6A62,
    0x6262, 0x6A62, 0x6AA2, 0x6A82, 0x6262, 0x6A62, 0x72A2, 0x72C2, 0x72A2, 0x6A82, 0x6A82, 0x6A82,
    0x72A2, 0x6AA2, 0x6242, 0x5A21, 0x6241, 0x6242, 0x6A62, 0x6A82, 0x6A82, 0x6A62, 0x6242, 0x6242,
    0x72A2, 0x72A2, 0x6A82, 0x6A82, 0x6A62, 0x6A62, 0x6A82, 0x6A82, 0x6A82, 0x6A82, 0x6A82, 0x6A82,
    0x72A2, 0x6A82, 0x6242, 0x5A21, 0x5A22, 0x6242, 0x6242, 0x6262, 0x6A62, 0x6A62, 0x6242, 0x6242,
    0x6A62, 0x6A82, 0x6A82, 0x6A82, 0x7282, 0x72A2, 0x72A2, 0x72A2, 0x72A2, 0x72A2, 0x72A2, 0x72A2,
    0x72A2, 0x6A82, 0x6262, 0x6242, 0x6A62, 0x6A82, 0x6A82, 0x6AA2, 0x72A2, 0x72A2, 0x72C2, 0x72A2,
    0x6A82, 0x6262, 0x6241, 0x6242, 0x72A2, 0x72A2, 0x6262, 0x6242, 0x6242, 0x6242, 0x5A21, 0x5A21,
    0x6221, 0x6242, 0x6A82, 0x72A2, 0x72C3, 0x72A2, 0x6A82, 0x6A62, 0x6A62, 0x6A62, 0x6A62, 0x6262,
    0x6262, 0x6242, 0x6222, 0x6242, 0x6A82, 0x6A82, 0x6242, 0x6262, 0x72C2, 0x7B03, 0x8323, 0x8323,
    0x72C3, 0x6A82, 0x6242, 0x6A62, 0x72C3, 0x7AE3, 0x7AE3, 0x72A3, 0x6262, 0x5A22, 0x5A21, 0x5A01,
    0x5A01, 0x6221, 0x6A62, 0x7282, 0x72A2, 0x72A2, 0x6AA2, 0x6A82, 0x6A62, 0x6A62, 0x72A2, 0x72A2,
    0x6A62, 0x6A62, 0x72A2, 0x72A2, 0x6A82, 0x6A82, 0x6A62, 0x6A82, 0x72A2, 0x6A82, 0x5A21, 0x5A01,
    0x5A21, 0x6241, 0x6262, 0x6A82, 0x7282, 0x6A82, 0x6242, 0x6241, 0x6A82, 0x6A62, 0x6222, 0x5A01,
    0x51E1, 0x51E1, 0x5A22, 0x6262, 0x6A82, 0x72A2, 0x6A82, 0x6A82, 0x7282, 0x6A82, 0x6242, 0x6242,
    0x6242, 0x6242, 0x6262, 0x6A62, 0x6262, 0x6A62, 0x6A62, 0x6A62, 0x6A62, 0x6262, 0x6242, 0x6242,
    0x6A62, 0x6A62, 0x6A82, 0x6A82, 0x72C3, 0x7AE3, 0x72A2, 0x72A2, 0x72A2, 0x72A2, 0x6A62, 0x6262,
    0x6242, 0x6242, 0x6242, 0x6262, 0x6A82, 0x72A2, 0x7AE3, 0x7AE3, 0x72A2, 0x6A82, 0x72A2, 0x72A2,
    0x72C3, 0x72A2, 0x6262, 0x5A22, 0x5A22, 0x5A22, 0x6221, 0x6221, 0x6221, 0x6241, 0x6A62, 0x6A82,
    0x72C2, 0x72A2, 0x6A62, 0x6242, 0x6242, 0x6242, 0x6242, 0x6262, 0x6262, 0x6242, 0x5A21, 0x6221,
    0x6262, 0x6A62, 0x6A62, 0x6A62, 0x6A62, 0x6A82, 0x7AE3, 0x7AE3, 0x6A62, 0x6242, 0x6242, 0x6A62,
    0x72A2, 0x72C3, 0x72C3, 0x72A2, 0x6262, 0x6242, 0x5A21, 0x5A01, 0x5A21, 0x6242, 0x7282, 0x72A2,
    0x6A82, 0x6A82, 0x72C3, 0x7AE3, 0x72C3, 0x72C3, 0x7AE3, 0x7AE3, 0x72C3, 0x72A2, 0x6A82, 0x6A82,
    0x6A62, 0x6A82, 0x6A82, 0x72A2, 0x72A2, 0x6A82, 0x5A21, 0x51E1, 0x5A01, 0x5A21, 0x6242, 0x6A82,
    0x72A2, 0x72A2, 0x6A62, 0x6241, 0x6A82, 0x6A62, 0x6222, 0x5A01, 0x51E1, 0x51E1, 0x5A22, 0x6262,
    0x72A2, 0x72C2, 0x72A2, 0x6A82, 0x7282, 0x6A82, 0x6242, 0x6242, 0x5A42, 0x6242, 0x6A82, 0x6A82,
    0x6A62, 0x6A82, 0x72A2, 0x72A2, 0x6A82, 0x6262, 0x6242, 0x6242, 0x6A62, 0x6A82, 0x6A82, 0x72A2,
    0x7AE3, 0x7AE3, 0x72C3, 0x72A2, 0x72A2, 0x72A2, 0x6A82, 0x6A62, 0x6242, 0x6242, 0x6242, 0x6262,
    0x6A82, 0x72C2, 0x7AE3, 0x7AE3, 0x72A2, 0x72A2, 0x72C2, 0x7AC3, 0x7AC3, 0x72A2, 0x6262, 0x6222,
    0x5A22, 0x6222, 0x6242, 0x6241, 0x6221, 0x6221, 0x6A62, 0x6A82, 0x72C3, 0x72C3, 0x6A82, 0x6242,
    0x6242, 0x6242, 0x6242, 0x6242, 0x6A62, 0x6262, 0x6222, 0x6222, 0x6262, 0x6A62, 0x6A82, 0x6A82,
    0x6262, 0x6A62, 0x72C2, 0x72C3, 0x6A62, 0x6242, 0x6A62, 0x6A82, 0x72A3, 0x72C3, 0x72A2, 0x72A2,
    0x6A82, 0x6262, 0x6242, 0x6242, 0x6241, 0x6A62, 0x72A2, 0x72A2, 0x6A62, 0x6A82, 0x72C3, 0x7AE3,
    0x72A3, 0x72A3, 0x7AE3, 0x7AE3, 0x72C3, 0x72A2, 0x6A62, 0x6A62, 0x6A82, 0x6A82, 0x72A2, 0x72C2,
    0x72A2, 0x6A82, 0x5A22, 0x5A01, 0x5A01, 0x5A21, 0x6242, 0x6A82, 0x72A2, 0x72A2, 0x6A62, 0x6A62,
    0x72C3, 0x72C3, 0x6A82, 0x6A62, 0x6242, 0x6242, 0x6A82, 0x72C3, 0x7AE3, 0x7AE3, 0x72C2, 0x72A2,
    0x72A2, 0x6A82, 0x6262, 0x6222, 0x5A22, 0x6242, 0x6A82, 0x72A2, 0x6A82, 0x72A2, 0x7AE3, 0x7AE3,
    0x72A2, 0x6A82, 0x6A62, 0x6A82, 0x72A3, 0x72C3, 0x72A3, 0x72C3, 0x7AE3, 0x7AE3, 0x72C3, 0x72A2,
    0x72A2, 0x72A2, 0x72C2, 0x72A2, 0x6242, 0x6242, 0x6A82, 0x72A2, 0x72C3, 0x72C2, 0x72C2, 0x72A2,
    0x72A2, 0x72A2, 0x72A2, 0x72A2, 0x72A2, 0x7282, 0x6A62, 0x6242, 0x6242, 0x6262, 0x6262, 0x6242,
    0x6241, 0x6241, 0x6A62, 0x72A2, 0x7AE3, 0x7AE3, 0x72A3, 0x6A82, 0x6A62, 0x6242, 0x5A21, 0x6242,
    0x6A82, 0x6AA2, 0x6262, 0x6242, 0x6A62, 0x6A82, 0x6A82, 0x6A82, 0x6A82, 0x72A2, 0x72C3, 0x7AC3,
    0x72C3, 0x72A2, 0x6A82, 0x72A2, 0x7AE3, 0x7AE3, 0x7AE3, 0x72C2, 0x72A2, 0x72A2, 0x72A2, 0x6AA2,
    0x6A62, 0x6A62, 0x72A2, 0x72A2, 0x6A62, 0x6A62, 0x6A82, 0x6A82, 0x6A62, 0x6A62, 0x72A2, 0x72A2,
    0x72A2, 0x6A82, 0x6262, 0x6A62, 0x72A2, 0x72C3, 0x72C3, 0x72C3, 0x72A2, 0x6A82, 0x6262, 0x6242,
    0x6242, 0x6242, 0x6262, 0x6A62, 0x6A82, 0x7282, 0x72A2, 0x72A2, 0x7AE3, 0x72E3, 0x72C3, 0x6AA2,
    0x6A82, 0x6A82, 0x6AA3, 0x72C3, 0x7AE3, 0x7AE3, 0x72A2, 0x6A82, 0x72A2, 0x6A82, 0x6242, 0x6222,
    0x5A22, 0x6242, 0x6A82, 0x72A2, 0x72A2, 0x72A3, 0x7AC3, 0x72C3, 0x72A2, 0x6A82, 0x6A82, 0x6A82,
    0x72A3, 0x72A3, 0x72A3, 0x72A3, 0x72C3, 0x72C3, 0x72C3, 0x72C2, 0x72A2, 0x6AA2, 0x72A2, 0x72A2,
    0x6A62, 0x6A62, 0x6A82, 0x6AA2, 0x72A2, 0x72A2, 0x6A82, 0x6A82, 0x6A82, 0x6A82, 0x6A82, 0x6A62,
    0x6A82, 0x6A82, 0x6A62, 0x6A62, 0x6A62, 0x6A62, 0x6242, 0x6242, 0x6242, 0x6A62, 0x7282, 0x72C2,
    0x7AE3, 0x7AE3, 0x72A2, 0x6AA2, 0x6AA2, 0x6A82, 0x6242, 0x6242, 0x6A82, 0x6AA2, 0x6A62, 0x6A62,
    0x6A82, 0x6A82, 0x6A62, 0x6A62, 0x6AA2, 0x72C3, 0x7AE3, 0x7AE3, 0x7AE3, 0x72C3, 0x6A82, 0x6A82,
    0x72C3, 0x7AE3, 0x72C3, 0x72A2, 0x72A2, 0x72A2, 0x72A2, 0x6AA2, 0x6A62, 0x6A62, 0x7282, 0x6A82,
    0x6A62, 0x6242, 0x6A62, 0x6A62, 0x6242, 0x6242, 0x6A62, 0x6A82, 0x6A62, 0x6A62, 0x6A62, 0x6A62,
    0x72A2, 0x72C3, 0x72A3, 0x72A3, 0x72A3, 0x6AA2, 0x6262, 0x6242, 0x6262, 0x6242, 0x6242, 0x6242,
    0x6262, 0x6A82, 0x72A2, 0x72A3, 0x72E3, 0x72C3, 0x72A3, 0x6A82, 0x6A62, 0x6262, 0x6242, 0x6262,
    0x6AA2, 0x72A2, 0x6A62, 0x6262, 0x6A62, 0x6A62, 0x6242, 0x6242, 0x6242, 0x6242, 0x6242, 0x6A62,
    0x72A2, 0x72A2, 0x6A62, 0x6A62, 0x6A82, 0x6A82, 0x6A82, 0x6262, 0x6242, 0x6242, 0x6262, 0x6A62,
    0x6A62, 0x6A82, 0x72C3, 0x72C3, 0x72A2, 0x6A82, 0x6A82, 0x6A82, 0x72A2, 0x6A82, 0x6242, 0x5A22,
    0x6221, 0x6241, 0x6A62, 0x6A82, 0x6A82, 0x6A62, 0x6242, 0x6241, 0x6262, 0x6A62, 0x6A62, 0x6A62,
    0x6A62, 0x6262, 0x5A22, 0x5A22, 0x6242, 0x6A62, 0x72C3, 0x7AE3, 0x7AE3, 0x72C2, 0x6A62, 0x6A82,
    0x72C3, 0x7AE3, 0x72A2, 0x6A82, 0x6A62, 0x6A62, 0x6262, 0x6A82, 0x72A2, 0x72A2, 0x6242, 0x6242,
    0x6A82, 0x72C2, 0x7AE3, 0x7B03, 0x7AE3, 0x72A2, 0x6242, 0x6242, 0x6A82, 0x6A82, 0x6A62, 0x6A62,
    0x6A82, 0x6A82, 0x6242, 0x6222, 0x6242, 0x6A62, 0x6A82, 0x6A82, 0x6242, 0x6242, 0x6A62, 0x6A82,
    0x6262, 0x6242, 0x6242, 0x6242, 0x6242, 0x6242, 0x6A62, 0x6A82, 0x6A82, 0x6A82, 0x6A62, 0x6A62,
    0x72C3, 0x72A3, 0x6242, 0x5A21, 0x6242, 0x6242, 0x5A21, 0x5A21, 0x6242, 0x6262, 0x6A82, 0x6AA2,
    0x72C3, 0x72C3, 0x72A2, 0x6A82, 0x6262, 0x6242, 0x5A21, 0x6222, 0x6A62, 0x6A82, 0x6262, 0x6262,
    0x6A62, 0x6A62, 0x6242, 0x6242, 0x6262, 0x6262, 0x6242, 0x6262, 0x72A3, 0x72A2, 0x6242, 0x6242,
    0x6A82, 0x72A2, 0x6A82, 0x6262, 0x6242, 0x6242, 0x6262, 0x6A62, 0x6262, 0x6A82, 0x72C3, 0x72C3,
    0x7282, 0x6A62, 0x6A62, 0x6A82, 0x72C3, 0x72A3, 0x5A22, 0x5A01, 0x5A01, 0x6221, 0x6A62, 0x6A82,
    0x6A82, 0x6262, 0x5A21, 0x5A21, 0x6262, 0x6A62, 0x6A62, 0x6A62, 0x6A62, 0x6262, 0x6242, 0x6242,
    0x6242, 0x6A82, 0x72C3, 0x7AE3, 0x72C2, 0x72A2, 0x6A62, 0x6A82, 0x7AE3, 0x8303, 0x7AC3, 0x72A2,
    0x6A82, 0x6A62, 0x6A82, 0x6A82, 0x72A2, 0x72A2, 0x6262, 0x6242, 0x6A62, 0x72A2, 0x7AE3, 0x7B03,
    0x7AE3, 0x72A2, 0x6242, 0x6222, 0x6262, 0x6A62, 0x6A62, 0x6A62, 0x6A62, 0x6262, 0x5A01, 0x5A01,
    0x6262, 0x6A82, 0x72A2, 0x6A82, 0x6262, 0x6262, 0x72A2, 0x72A2, 0x6A82, 0x6A62, 0x6242, 0x6242,
    0x6242, 0x6A62, 0x7282, 0x72A2, 0x6A82, 0x6A82, 0x6242, 0x6A62, 0x7AE3, 0x7AC3, 0x6262, 0x5A22,
    0x6242, 0x6242, 0x5A21, 0x5A21, 0x5A22, 0x6242, 0x6A82, 0x6AA2, 0x72C3, 0x72C2, 0x72A2, 0x6A82,
    0x6242, 0x5A22, 0x5A01, 0x5A22, 0x6A62, 0x6A82, 0x6A82, 0x6A82, 0x6A82, 0x6A62, 0x6242, 0x6242,
    0x6A82, 0x6AA2, 0x6A82, 0x6A82, 0x72C3, 0x72C3, 0x6A82, 0x6A82, 0x72A2, 0x72A3, 0x6AA2, 0x6A82,
    0x6A62, 0x6A82, 0x72C3, 0x72A3, 0x6A62, 0x6A82, 0x72C3, 0x72C3, 0x6A82, 0x6A62, 0x6262, 0x6A82,
    0x72C2, 0x72A2, 0x6242, 0x5A21, 0x6241, 0x6262, 0x6A82, 0x6A82, 0x6A82, 0x6A82, 0x6242, 0x6242,
    0x6A82, 0x72A2, 0x72A2, 0x6A82, 0x6A62, 0x6A62, 0x6AA3, 0x6AA3, 0x6A82, 0x6A82, 0x72A2, 0x72A2,
    0x6A82, 0x6A82, 0x6A82, 0x72A2, 0x7AE3, 0x8303, 0x7AE3, 0x7AC3, 0x72C3, 0x72C3, 0x72A3, 0x72A2,
    0x72A2, 0x72A2, 0x6A82, 0x6A82, 0x6A62, 0x6A82, 0x7AE3, 0x7B03, 0x72C3, 0x6A82, 0x6242, 0x6242,
    0x6A62, 0x6A82, 0x72C2, 0x72C2, 0x6A82, 0x6242, 0x6221, 0x6242, 0x6A82, 0x72A3, 0x72A2, 0x6A82,
    0x6A62, 0x6A82, 0x72C3, 0x7AE3, 0x72C3, 0x72A2, 0x6A62, 0x6262, 0x6A82, 0x7282, 0x72A2, 0x72C2,
    0x72A2, 0x72A2, 0x72A2, 0x72C3, 0x8323, 0x8303, 0x72A2, 0x6A62, 0x6A62, 0x6A62, 0x6262, 0x6242,
    0x5A22, 0x6222, 0x6A82, 0x72A3, 0x6AA2, 0x6AA2, 0x6AA2, 0x6A82, 0x6242, 0x5A22, 0x5A22, 0x6242,
    0x6A62, 0x6A82, 0x72A2, 0x72A2, 0x72A2, 0x6A82, 0x6242, 0x6242, 0x6A82, 0x72A2, 0x72A2, 0x72A2,
    0x72C3, 0x72C3, 0x72A2, 0x72A2, 0x72C3, 0x72C3, 0x72A3, 0x72A3, 0x72A3, 0x72A3, 0x7AE3, 0x7AC3,
    0x6A82, 0x6A82, 0x72C3, 0x72C3, 0x6A82, 0x6A82, 0x6A82, 0x6A82, 0x72C2, 0x72A2, 0x6A62, 0x6242,
    0x6A62, 0x6A82, 0x6A82, 0x6A82, 0x6A82, 0x6A82, 0x6A62, 0x6A82, 0x72A2, 0x72C2, 0x72C3, 0x72A2,
    0x6A82, 0x6A82, 0x72C3, 0x72C3, 0x72A3, 0x6A82, 0x6A82, 0x6A82, 0x6A82, 0x6A82, 0x72A2, 0x72C3,
    0x7B03, 0x8303, 0x7AE3, 0x7AC3, 0x7B03, 0x7B03, 0x72C3, 0x72A3, 0x6A82, 0x7282, 0x72A2, 0x72C3,
    0x72A2, 0x72A3, 0x7B03, 0x7B03, 0x72C3, 0x72A2, 0x6A82, 0x6A62, 0x6A82, 0x72A2, 0x7AE3, 0x72E2,
    0x6A82, 0x6A62, 0x6A62, 0x6A62, 0x72A2, 0x72A3, 0x72A2, 0x7282, 0x6A82, 0x6A82, 0x7AE3, 0x7AE3,
    0x72C3, 0x72A2, 0x6A82, 0x6A82, 0x6A82, 0x72A2, 0x72A2, 0x72A2, 0x72A2, 0x72A2, 0x72C2, 0x7AE3,
    0x8303, 0x8303, 0x72C3, 0x72A2, 0x6AA2, 0x6A82, 0x6A82, 0x6A62, 0x6222, 0x6242, 0x6A82, 0x72C3,
    0x6A62, 0x6A62, 0x6262, 0x6242, 0x5A22, 0x6242, 0x6262, 0x6A62, 0x6A62, 0x6A82, 0x72A2, 0x72C2,
    0x72A2, 0x6A82, 0x6262, 0x6242, 0x6A62, 0x6A82, 0x72A2, 0x72C3, 0x72A2, 0x72A2, 0x72A2, 0x72C2,
    0x72C3, 0x72C3, 0x72C3, 0x72C3, 0x72A3, 0x72C3, 0x7AE3, 0x7AC3, 0x72A2, 0x72A2, 0x72A2, 0x72A2,
    0x72A3, 0x72C3, 0x7AE3, 0x7AE3, 0x72C3, 0x72A2, 0x6A82, 0x6A82, 0x6A82, 0x6A82, 0x6A82, 0x6A62,
    0x6242, 0x6A62, 0x72A2, 0x72C2, 0x7AE3, 0x7AC3, 0x72A2, 0x72A2, 0x72A2, 0x72A2, 0x72C3, 0x72C3,
    0x72C3, 0x72A2, 0x6A82, 0x6A82, 0x72A2, 0x72C2, 0x7AE3, 0x7B03, 0x8303, 0x7B03, 0x72A2, 0x72C2,
    0x7B03, 0x8323, 0x7AE3, 0x72A3, 0x6A82, 0x6A82, 0x7AC3, 0x7B03, 0x7B03, 0x7B03, 0x8323, 0x7B03,
    0x7AE3, 0x72C3, 0x72A2, 0x72A2, 0x72A2, 0x72C2, 0x72C2, 0x72C2, 0x72A2, 0x72A2, 0x72A2, 0x72A2,
    0x7282, 0x6A82, 0x6A82, 0x6A82, 0x6A82, 0x6A82, 0x72C3, 0x72C3, 0x72A2, 0x6AA2, 0x72A2, 0x72A2,
    0x6A82, 0x6A82, 0x6A82, 0x6A82, 0x6A82, 0x6A82, 0x72C2, 0x7AC3, 0x72C3, 0x72C3, 0x7AC3, 0x7AC3,
    0x72C3, 0x72C3, 0x72C3, 0x72A3, 0x6A62, 0x6A62, 0x72A2, 0x72C3, 0x6242, 0x6242, 0x6242, 0x6242,
    0x5A22, 0x6242, 0x6A62, 0x6A82, 0x6A82, 0x6A82, 0x72A2, 0x72A2, 0x72A2, 0x6A82, 0x6262, 0x6262,
    0x6A62, 0x6A82, 0x72C3, 0x72C3, 0x72A2, 0x72A2, 0x6A82, 0x6A82, 0x72C3, 0x72C3, 0x72A3, 0x6AA3,
    0x72A3, 0x72A3, 0x72C3, 0x72C2, 0x72A2, 0x6A82, 0x6A82, 0x7282, 0x72C3, 0x7AC3, 0x7AE3, 0x72C3,
    0x72A2, 0x6A82, 0x6A62, 0x6A62, 0x6A82, 0x6A82, 0x6A82, 0x6A62, 0x6242, 0x6262, 0x72A2, 0x7AE3,
    0x7AE3, 0x7AC3, 0x72A2, 0x6A82, 0x6A82, 0x6A82, 0x72A2, 0x72C2, 0x7AE3, 0x7AC3, 0x72A2, 0x6A82,
    0x72A2, 0x72C2, 0x7B03, 0x8323, 0x8323, 0x7B03, 0x72C2, 0x72A2, 0x7AE3, 0x7B03, 0x7AE3, 0x72A2,
    0x6A62, 0x6A82, 0x72C3, 0x7B03, 0x8303, 0x8323, 0x8303, 0x7B03, 0x7AE3, 0x72C3, 0x72A2, 0x72A2,
    0x72C3, 0x72C3, 0x72C2, 0x72C2, 0x72C2, 0x72C2, 0x72A2, 0x72A2, 0x6A82, 0x6A82, 0x6A62, 0x6A62,
    0x6262, 0x6A82, 0x72A3, 0x72A3, 0x6A82, 0x6A82, 0x6AA2, 0x6AA2, 0x6A82, 0x6A62, 0x6A62, 0x6262,
    0x6262, 0x6A62, 0x6AA2, 0x72A2, 0x6A82, 0x7282, 0x72A3, 0x72C3, 0x7AC3, 0x7AC3, 0x72C3, 0x72A3,
    0x6A62, 0x6A62, 0x6A82, 0x6A82, 0x5A01, 0x5A21, 0x6242, 0x6242, 0x6222, 0x6222, 0x6242, 0x6A82,
    0x72C3, 0x72C3, 0x6A82, 0x6A62, 0x6A82, 0x6A82, 0x6242, 0x6242, 0x6A82, 0x72A2, 0x72C2, 0x72C2,
    0x72C3, 0x7282, 0x6222, 0x5A22, 0x6A62, 0x6A82, 0x6262, 0x6262, 0x6A82, 0x6AA2, 0x72A2, 0x6AA2,
    0x6A62, 0x6242, 0x6242, 0x6A62, 0x72A2, 0x72C2, 0x72A2, 0x6A82, 0x6A82, 0x6242, 0x5A22, 0x5A01,
    0x5A22, 0x6262, 0x72A2, 0x72C2, 0x6A62, 0x6A62, 0x6AA2, 0x72C2, 0x72C3, 0x72C3, 0x6A82, 0x6262,
    0x6242, 0x6242, 0x6A82, 0x72C2, 0x7AE3, 0x7AE3, 0x7AE3, 0x72A2, 0x6A62, 0x6A82, 0x7B03, 0x8323,
    0x8323, 0x8303, 0x7AE3, 0x7AC3, 0x72A2, 0x72A2, 0x72C2, 0x72A2, 0x6A82, 0x6A82, 0x6A82, 0x72A2,
    0x7AC3, 0x7AE3, 0x7AC3, 0x7AC3, 0x7AE3, 0x72C3, 0x6A82, 0x6A82, 0x72C3, 0x72C3, 0x72A2, 0x72A2,
    0x72C2, 0x72A2, 0x6A62, 0x6A62, 0x6A82, 0x6A82, 0x6262, 0x6242, 0x5A22, 0x6242, 0x6A82, 0x72A3,
    0x6A82, 0x6A82, 0x6262, 0x6242, 0x6262, 0x6262, 0x6262, 0x6242, 0x6242, 0x6242, 0x6242, 0x6262,
    0x6A62, 0x6A62, 0x6A82, 0x7282, 0x7AC3, 0x72C3, 0x6A82, 0x6242, 0x6222, 0x5A21, 0x6242, 0x6242,
    0x5A21, 0x5A22, 0x6262, 0x6262, 0x6242, 0x6242, 0x6A62, 0x6A82, 0x72C3, 0x72C3, 0x6A62, 0x6242,
    0x6A62, 0x6A62, 0x6242, 0x6242, 0x6A82, 0x6A82, 0x72A2, 0x72A2, 0x72C2, 0x7282, 0x5A22, 0x5A01,
    0x6A62, 0x6A82, 0x6242, 0x6242, 0x6A82, 0x6A82, 0x72A2, 0x6A82, 0x6262, 0x6242, 0x6242, 0x6A62,
    0x72A2, 0x72A2, 0x6A62, 0x6242, 0x6242, 0x5A22, 0x51E1, 0x51E1, 0x5A01, 0x6242, 0x72A3, 0x7AC3,
    0x72A2, 0x6A82, 0x6A82, 0x72A2, 0x72C3, 0x72C3, 0x6AA2, 0x6A62, 0x6242, 0x6242, 0x6A82, 0x72A2,
    0x7AC3, 0x7AC3, 0x7AE3, 0x72A2, 0x6A62, 0x6A62, 0x7AC2, 0x7B03, 0x7AE3, 0x7AE3, 0x7AE3, 0x72C2,
    0x6A82, 0x6A62, 0x6A82, 0x7282, 0x6A82, 0x6A62, 0x6262, 0x6A62, 0x72A2, 0x72A2, 0x72C2, 0x72C2,
    0x7AE3, 0x7AE3, 0x6A82, 0x6A62, 0x72A3, 0x72C3, 0x72A2, 0x72A2, 0x72C3, 0x72A2, 0x6A62, 0x6242,
    0x6A82, 0x6A82, 0x6242, 0x5A21, 0x5A01, 0x6222, 0x6A82, 0x72A3, 0x72A2, 0x6A82, 0x6242, 0x6222,
    0x6242, 0x6242, 0x6242, 0x6242, 0x6222, 0x6222, 0x5A22, 0x6242, 0x6A62, 0x6A62, 0x6A62, 0x6A82,
    0x72C3, 0x7AC3, 0x6A82, 0x6242, 0x6222, 0x6221, 0x6242, 0x6262, 0x6A62, 0x6A62, 0x6A82, 0x6A62,
    0x6242, 0x6242, 0x72A3, 0x72C3, 0x72A3, 0x6A82, 0x6A62, 0x6242, 0x6242, 0x6242, 0x6242, 0x6221,
    0x6221, 0x6241, 0x6A62, 0x6A82, 0x72A2, 0x6A82, 0x6262, 0x6242, 0x6A82, 0x6A82, 0x6A82, 0x6A82,
    0x6A82, 0x72A2, 0x72A2, 0x72A2, 0x6A62, 0x6242, 0x6A62, 0x72A2, 0x72C2, 0x72A2, 0x6242, 0x5A01,
    0x5A01, 0x5A01, 0x5A01, 0x5A01, 0x5A02, 0x6242, 0x6A82, 0x72C2, 0x7AC2, 0x72C2, 0x6A82, 0x6A82,
    0x7AC3, 0x7AE3, 0x7AE3, 0x72A2, 0x6A62, 0x6A62, 0x7282, 0x72A2, 0x72A2, 0x72A2, 0x7282, 0x6A82,
    0x6A62, 0x6A62, 0x7282, 0x7282, 0x6A62, 0x6A62, 0x6A82, 0x6A82, 0x6A62, 0x6262, 0x6242, 0x6242,
    0x6242, 0x6242, 0x6262, 0x6A62, 0x6A82, 0x6A82, 0x72C2, 0x7AE3, 0x8323, 0x7B03, 0x72A2, 0x7282,
    0x72A2, 0x72A2, 0x6A82, 0x72A2, 0x7AC3, 0x72C2, 0x6A82, 0x6A62, 0x6A82, 0x6A82, 0x6242, 0x5A01,
    0x5A01, 0x5A21, 0x6A82, 0x72A2, 0x72A2, 0x7282, 0x6242, 0x6241, 0x6242, 0x6242, 0x6222, 0x6222,
    0x6222, 0x6242, 0x6242, 0x6242, 0x6A82, 0x72A2, 0x6A62, 0x6A82, 0x72C3, 0x7AE3, 0x7AC3, 0x72A3,
    0x6A62, 0x6A62, 0x72A3, 0x72C3, 0x72A2, 0x72A2, 0x72A3, 0x6AA2, 0x6A62, 0x6A62, 0x72C3, 0x72C3,
    0x72A2, 0x6A82, 0x6A62, 0x6242, 0x6242, 0x6242, 0x6262, 0x6242, 0x6221, 0x6241, 0x6262, 0x6A82,
    0x6A82, 0x7282, 0x6A82, 0x6A82, 0x72A2, 0x72A2, 0x72A2, 0x72A2, 0x72A2, 0x72A2, 0x72C3, 0x72A2,
    0x6A62, 0x6A62, 0x6A82, 0x72A2, 0x72A2, 0x6A82, 0x6221, 0x5A01, 0x5A21, 0x5A21, 0x5A22, 0x6222,
    0x6242, 0x6262, 0x6A82, 0x72A2, 0x7AC2, 0x72C2, 0x6A82, 0x6A82, 0x72C3, 0x7AE3, 0x7AE3, 0x72A2,
    0x6A62, 0x6A62, 0x6A82, 0x6A82, 0x6A82, 0x6A82, 0x6A82, 0x6A82, 0x6A82, 0x6A82, 0x6A62, 0x6A62,
    0x6221, 0x6241, 0x6A62, 0x6A82, 0x6A62, 0x6262, 0x6242, 0x6242, 0x6242, 0x6262, 0x6A62, 0x6A62,
    0x6A62, 0x6A82, 0x72A2, 0x7AE3, 0x8303, 0x7B03, 0x72C2, 0x72A2, 0x72A2, 0x72A2, 0x72A2, 0x72A2,
    0x72C2, 0x72C2, 0x72A2, 0x7282, 0x72A2, 0x6A82, 0x6242, 0x6221, 0x5A21, 0x6222, 0x6A62, 0x72A2,
    0x72A2, 0x72A2, 0x6A62, 0x6262, 0x6262, 0x6262, 0x6262, 0x6242, 0x6242, 0x6242, 0x6262, 0x6A82,
    0x72A2, 0x72A2, 0x6A82, 0x7282, 0x7AC3, 0x7AE3, 0x7AE3, 0x72C3, 0x72A2, 0x72A2, 0x72C3, 0x72C3,
    0x72A2, 0x72C2, 0x7AE3, 0x7AE3, 0x72A2, 0x6A82, 0x72C2, 0x72C3, 0x72A2, 0x72A2, 0x6A62, 0x6A62,
    0x6262, 0x6A62, 0x6A82, 0x72A2, 0x6A82, 0x6A82, 0x6A82, 0x6A82, 0x6A82, 0x72A2, 0x72C2, 0x72C3,
    0x72C2, 0x72A2, 0x72A2, 0x72A2, 0x72C2, 0x7AC3, 0x7AC3, 0x72C3, 0x72A2, 0x6A82, 0x6A82, 0x6A62,
    0x6A62, 0x6242, 0x6222, 0x6222, 0x6262, 0x6A62, 0x6A82, 0x6A82, 0x6A82, 0x6A82, 0x72A2, 0x72A2,
    0x72A2, 0x72A2, 0x72A2, 0x72A2, 0x72C2, 0x72C2, 0x6AA2, 0x6A62, 0x6242, 0x6221, 0x6242, 0x6A62,
    0x6A82, 0x6A82, 0x6A82, 0x6A82, 0x72A2, 0x72A2, 0x6A82, 0x6A62, 0x6242, 0x6242, 0x6A62, 0x6A82,
    0x6A82, 0x6A82, 0x6A62, 0x6A82, 0x6A82, 0x6A82, 0x6A82, 0x6A82, 0x6A82, 0x6AA2, 0x6AA2, 0x72A2,
    0x72C3, 0x72C3, 0x72A2, 0x72A2, 0x72A2, 0x72C2, 0x72C2, 0x72A2, 0x6A82, 0x6A82, 0x72A2, 0x72A2,
    0x72A2, 0x72A2, 0x6A82, 0x6A62, 0x6242, 0x6262, 0x6A62, 0x6A82, 0x72A2, 0x72A2, 0x6A82, 0x6AA2,
    0x72C3, 0x7AE3, 0x72C3, 0x6AA2, 0x6A62, 0x6A62, 0x6A82, 0x72A2, 0x72C2, 0x72C3, 0x72C3, 0x72C3,
    0x7AC3, 0x7AC3, 0x72C3, 0x72A3, 0x72A2, 0x72A2, 0x6A82, 0x6A82, 0x72A2, 0x72C2, 0x7B03, 0x7B03,
    0x72C2, 0x72A2, 0x72C2, 0x72C2, 0x72C2, 0x72A2, 0x6A82, 0x6A62, 0x6A62, 0x6A82, 0x72A2, 0x72C2,
    0x72C2, 0x72A2, 0x6A82, 0x6A82, 0x6A82, 0x72A2, 0x7AE3, 0x7AE3, 0x7AC3, 0x72C2, 0x72A2, 0x72A2,
    0x7AE3, 0x7AE3, 0x7AC3, 0x72C3, 0x72A2, 0x6AA2, 0x6A62, 0x6242, 0x6242, 0x6222, 0x6222, 0x6242,
    0x6A82, 0x6AA2, 0x72A3, 0x72C3, 0x72A3, 0x72A2, 0x72C2, 0x72C2, 0x72A2, 0x72A2, 0x72A2, 0x72C2,
    0x72C2, 0x72A2, 0x6A82, 0x6242, 0x5A21, 0x5A01, 0x6222, 0x6242, 0x6A82, 0x6AA2, 0x6A82, 0x6A82,
    0x72C2, 0x72A2, 0x6A82, 0x6A62, 0x6A62, 0x6A62, 0x6A62, 0x6A82, 0x7282, 0x7282, 0x6A82, 0x6A82,
    0x72A3, 0x72A2, 0x6AA2, 0x6AA2, 0x72A2, 0x6AA2, 0x6A82, 0x6AA2, 0x72A2, 0x72A2, 0x72A2, 0x72A2,
    0x72A2, 0x72C3, 0x7AC3, 0x72C2, 0x6A82, 0x6A62, 0x72A2, 0x72C3, 0x72C2, 0x72C2, 0x72A2, 0x6A82,
    0x6A62, 0x6A62, 0x6262, 0x6A82, 0x6AA2, 0x72A2, 0x6AA2, 0x72C2, 0x7B03, 0x8303, 0x7B03, 0x72C3,
    0x6A82, 0x6A82, 0x72A2, 0x72C2, 0x72C3, 0x7AC3, 0x7AC3, 0x7AC3, 0x7AE3, 0x7AC3, 0x72A3, 0x72A3,
    0x72A3, 0x72A2, 0x6262, 0x6242,
};
#define TEXTURE_CARPET_MIP1_SIZE 64
static const uint16_t TEXTURE_CARPET_MIP1_PIXELS[4096] __attribute__((aligned(16))) = {
    0x72C3, 0x7B03, 0x72A3, 0x5A22, 0x6A82, 0x6A62, 0x6262, 0x5A21, 0x6242, 0x72C3, 0x6262, 0x6242,
    0x6242, 0x5A22, 0x6262, 0x6242, 0x72A2, 0x7AE3, 0x6A82, 0x6242, 0x5A22, 0x6242, 0x5A21, 0x6A82,
    0x72A2, 0x6A82, 0x72A2, 0x6242, 0x6242, 0x6A62, 0x72C3, 0x72E3, 0x72C2, 0x5A22, 0x72A3, 0x72C3,
    0x6A82, 0x6A62, 0x6AA2, 0x6262, 0x6242, 0x7AE3, 0x72A2, 0x6A82, 0x72A2, 0x6A82, 0x72C2, 0x6A82,
    0x6242, 0x5A21, 0x5A01, 0x6262, 0x6A82, 0x6A82, 0x6262, 0x6A62, 0x6AA2, 0x7AE3, 0x6AA2, 0x6242,
    0x72C3, 0x6AA2, 0x72C3, 0x72C3, 0x72C3, 0x7B03, 0x72C3, 0x6A82, 0x6A82, 0x6AA2, 0x72A2, 0x72A2,
    0x7AE3, 0x72C3, 0x72C3, 0x6262, 0x6262, 0x72A2, 0x7AE3, 0x7AE3, 0x6A82, 0x72A2, 0x6A62, 0x6A82,
    0x6A62, 0x6A82, 0x6A82, 0x6A82, 0x72A2, 0x72A3, 0x72A2, 0x72A2, 0x6A82, 0x6262, 0x6262, 0x72A2,
    0x72A2, 0x72C2, 0x72A3, 0x72C2, 0x72C3, 0x72A2, 0x72C3, 0x72C3, 0x6A82, 0x72C3, 0x6242, 0x6A82,
    0x7AE3, 0x7B03, 0x7AE3, 0x72A2, 0x72A2, 0x6A62, 0x6A62, 0x72C3, 0x72C3, 0x72C3, 0x72A2, 0x6A82,
    0x7AE3, 0x72E3, 0x72E3, 0x72C2, 0x7AE3, 0x72C2, 0x72C3, 0x6A82, 0x7AE3, 0x72C3, 0x6A82, 0x72A2,
    0x72C3, 0x6A62, 0x6A82, 0x6A82, 0x7AE3, 0x8303, 0x72C3, 0x6242, 0x6242, 0x7282, 0x7AE3, 0x72C3,
    0x72A2, 0x72C3, 0x6242, 0x6242, 0x72A3, 0x72C3, 0x6A82, 0x72A3, 0x72C2, 0x72C3, 0x72C2, 0x72C2,
    0x6A82, 0x6A82, 0x6A62, 0x72C3, 0x7AC2, 0x72A2, 0x72A2, 0x72C3, 0x72C3, 0x72C3, 0x6A62, 0x6242,
    0x6222, 0x72C3, 0x6AA2, 0x6A82, 0x72A3, 0x72A2, 0x6242, 0x6A62, 0x6242, 0x72A2, 0x7282, 0x72A2,
    0x72C3, 0x72A2, 0x72C3, 0x72C3, 0x6A82, 0x72A2, 0x7AE3, 0x7AE3, 0x7AE3, 0x72C3, 0x72C3, 0x6A82,
    0x7AC3, 0x6A62, 0x6262, 0x72A3, 0x7AE3, 0x6A82, 0x6A82, 0x6221, 0x6241, 0x72A2, 0x6A82, 0x6221,
    0x6A62, 0x6242, 0x6A62, 0x72A2, 0x6A82, 0x72A2, 0x6242, 0x6262, 0x5A21, 0x72A3, 0x6A82, 0x6222,
    0x6A82, 0x6222, 0x6A82, 0x6242, 0x6242, 0x72A2, 0x6A62, 0x6A62, 0x7282, 0x6A62, 0x6A82, 0x6A82,
    0x6222, 0x6242, 0x5A22, 0x5A01, 0x5A01, 0x72C3, 0x6A82, 0x6A62, 0x72A2, 0x72A2, 0x6A62, 0x6242,
    0x6A82, 0x7282, 0x72A3, 0x72A2, 0x6262, 0x6242, 0x6A62, 0x6AA2, 0x72A3, 0x6AA3, 0x72C3, 0x6A82,
    0x6A62, 0x5A22, 0x5A21, 0x6242, 0x7AE3, 0x72C3, 0x6242, 0x7282, 0x6A82, 0x6A82, 0x72A2, 0x6A82,
    0x6A82, 0x6A62, 0x6A62, 0x5A21, 0x6262, 0x6242, 0x6A62, 0x6A82, 0x6262, 0x6A62, 0x6262, 0x72A2,
    0x6262, 0x6A82, 0x6262, 0x6242, 0x6262, 0x6242, 0x72A3, 0x72C3, 0x6A82, 0x72C3, 0x72A2, 0x72A2,
    0x7AE3, 0x7B03, 0x72A2, 0x72A2, 0x6242, 0x6222, 0x5A22, 0x6221, 0x6242, 0x72C3, 0x6A82, 0x6262,
    0x6262, 0x6A82, 0x72A2, 0x6A62, 0x72C2, 0x6A82, 0x6242, 0x6AA2, 0x72A2, 0x6262, 0x6241, 0x6A82,
    0x6A82, 0x6A62, 0x72C3, 0x72A2, 0x6A82, 0x6262, 0x5A22, 0x6A82, 0x72A3, 0x6A82, 0x6221, 0x6A82,
    0x6242, 0x5A22, 0x72A2, 0x6A82, 0x6242, 0x6A82, 0x6241, 0x6222, 0x6242, 0x6242, 0x6A82, 0x6A62,
    0x72A2, 0x72A2, 0x6A62, 0x7AE3, 0x72A3, 0x72C3, 0x6A62, 0x6A62, 0x72C3, 0x72A3, 0x72A2, 0x7AE3,
    0x7AC3, 0x72C3, 0x8303, 0x8303, 0x72C2, 0x6A82, 0x6A82, 0x6A62, 0x6A62, 0x6A82, 0x72A2, 0x6242,
    0x6242, 0x72C3, 0x6A82, 0x6242, 0x6A82, 0x6AA2, 0x7B03, 0x72C3, 0x72A2, 0x7282, 0x6A82, 0x7B03,
    0x72C3, 0x72A2, 0x6A62, 0x6A62, 0x72C2, 0x72A2, 0x6A82, 0x5A22, 0x6242, 0x6242, 0x5A01, 0x6A62,
    0x6A82, 0x6A62, 0x6242, 0x6AA2, 0x6A62, 0x6A62, 0x72C2, 0x72A2, 0x6A62, 0x6A82, 0x6A82, 0x6A82,
    0x6A82, 0x6A82, 0x72A2, 0x7AE3, 0x7AE3, 0x72C3, 0x72A2, 0x72A2, 0x8303, 0x7AE3, 0x6A82, 0x72A2,
    0x72C2, 0x72A2, 0x7AC3, 0x72C3, 0x72A2, 0x72A2, 0x72A2, 0x7B03, 0x7AE3, 0x72A2, 0x6A62, 0x6A82,
    0x72C3, 0x7AE3, 0x72A2, 0x6A62, 0x6242, 0x72A2, 0x7AE3, 0x7AC3, 0x7AE3, 0x72C2, 0x7B03, 0x72C3,
    0x72A2, 0x72C2, 0x72C2, 0x7AE2, 0x7AE3, 0x8303, 0x7AC3, 0x72C2, 0x72C3, 0x72C3, 0x72A2, 0x6242,
    0x6242, 0x6242, 0x6242, 0x6241, 0x6A62, 0x6A82, 0x72C2, 0x72C3, 0x6A82, 0x72A2, 0x72C2, 0x72A2,
    0x72A2, 0x6262, 0x6241, 0x6A82, 0x6A82, 0x7AE2, 0x7AE3, 0x7AE3, 0x72C3, 0x72C2, 0x6A82, 0x72C2,
    0x72C2, 0x8323, 0x7B03, 0x72A2, 0x7AE3, 0x72C2, 0x72A2, 0x6A82, 0x72C2, 0x7AE3, 0x8303, 0x7B03,
    0x7AE3, 0x7B03, 0x6A62, 0x6242, 0x7AE3, 0x72A2, 0x72A2, 0x7AE3, 0x72C2, 0x72A2, 0x7B03, 0x7B03,
    0x7AE3, 0x72A2, 0x72C3, 0x7AE3, 0x6A82, 0x7AC2, 0x72A2, 0x72C2, 0x72C2, 0x7AE3, 0x72C2, 0x72A2,
    0x72A2, 0x72C2, 0x6A82, 0x72A2, 0x6AA2, 0x6A82, 0x6A82, 0x6A62, 0x72A2, 0x7AE3, 0x7AE3, 0x7AE3,
    0x72C3, 0x6AA2, 0x7AE3, 0x72C2, 0x72C3, 0x6A62, 0x6A82, 0x6A82, 0x6A62, 0x72C2, 0x7B23, 0x7B03,
    0x7AC3, 0x72C2, 0x72C2, 0x72A2, 0x7AE2, 0x8323, 0x7B03, 0x72A2, 0x72C3, 0x7B03, 0x72A2, 0x6A82,
    0x72C3, 0x7AE3, 0x7AE3, 0x7AC2, 0x6A82, 0x7AC3, 0x72C2, 0x72A2, 0x72A2, 0x7AE3, 0x72A2, 0x7AE3,
    0x8303, 0x7B03, 0x7AE3, 0x7AE3, 0x72C2, 0x7AC2, 0x72A2, 0x7AE3, 0x72A2, 0x72C2, 0x7AE3, 0x72A2,
    0x72A2, 0x7AE3, 0x6A62, 0x6A62, 0x6AA2, 0x72C2, 0x6AA2, 0x6242, 0x6AA2, 0x6AA2, 0x72A2, 0x6A82,
    0x72E3, 0x72A2, 0x6A62, 0x72C3, 0x72A2, 0x6262, 0x6A82, 0x6262, 0x6A62, 0x72A2, 0x6A82, 0x5A21,
    0x6242, 0x6242, 0x6AA2, 0x7B03, 0x72A2, 0x7AE3, 0x7282, 0x6242, 0x72C3, 0x6AA2, 0x6A62, 0x6A82,
    0x72A2, 0x72A2, 0x72C3, 0x6242, 0x5A22, 0x6A62, 0x6242, 0x6A82, 0x6A82, 0x6A82, 0x6A82, 0x7AC3,
    0x6A82, 0x72C3, 0x72A3, 0x6A82, 0x72A2, 0x7AE3, 0x72A2, 0x6222, 0x6A82, 0x72A2, 0x6A82, 0x6A82,
    0x6A82, 0x6A82, 0x6A82, 0x6242, 0x72A2, 0x6AA2, 0x6242, 0x6A82, 0x6A82, 0x6242, 0x6A82, 0x5A22,
    0x6262, 0x6222, 0x5A21, 0x6A82, 0x6AA2, 0x6A82, 0x6242, 0x6A62, 0x6A62, 0x5A01, 0x51E1, 0x5A01,
    0x6242, 0x6A82, 0x6A62, 0x6222, 0x6242, 0x6222, 0x6A62, 0x6A82, 0x6242, 0x72A2, 0x6A62, 0x6242,
    0x6A82, 0x6242, 0x6242, 0x6A82, 0x6242, 0x6A82, 0x6A62, 0x5A21, 0x51E1, 0x5A21, 0x5A01, 0x6242,
    0x6242, 0x6242, 0x6A82, 0x72A2, 0x6A82, 0x6A82, 0x6A82, 0x6A62, 0x6A82, 0x7AC3, 0x6A62, 0x6221,
    0x72A2, 0x6262, 0x6262, 0x6262, 0x6A82, 0x6A82, 0x6242, 0x6262, 0x6242, 0x5A21, 0x6221, 0x6A82,
    0x6242, 0x5A22, 0x6262, 0x6262, 0x6242, 0x5A22, 0x5A21, 0x6242, 0x72C3, 0x7282, 0x6241, 0x6262,
    0x5A22, 0x5A22, 0x5A02, 0x5A22, 0x6262, 0x72A3, 0x72A3, 0x6262, 0x6A62, 0x6222, 0x6242, 0x5A22,
    0x6262, 0x6AA2, 0x6A82, 0x5A22, 0x6A62, 0x5A22, 0x6262, 0x7AE3, 0x6242, 0x5A01, 0x6262, 0x6A82,
    0x6242, 0x6241, 0x6242, 0x72C3, 0x6A82, 0x6242, 0x72C3, 0x72C2, 0x6A82, 0x72A2, 0x72A2, 0x6A62,
    0x6A62, 0x7AE3, 0x6A82, 0x6221, 0x72C3, 0x6A82, 0x72A2, 0x72A2, 0x6A82, 0x6A82, 0x6242, 0x72A2,
    0x6A82, 0x6A62, 0x6A82, 0x72A2, 0x6262, 0x72A2, 0x72A2, 0x6242, 0x6A62, 0x5A21, 0x6242, 0x6A82,
    0x7AE3, 0x72C2, 0x6262, 0x6241, 0x6242, 0x5A22, 0x5A22, 0x5A21, 0x6262, 0x6A82, 0x6A82, 0x6242,
    0x6262, 0x6242, 0x6262, 0x6242, 0x6242, 0x7AE3, 0x6A82, 0x6242, 0x6A82, 0x6242, 0x6A82, 0x72A2,
    0x6262, 0x5A21, 0x6242, 0x6A82, 0x6242, 0x6221, 0x6A62, 0x72A2, 0x6A82, 0x6262, 0x72C3, 0x72C2,
    0x72A2, 0x72C3, 0x72C2, 0x6A82, 0x72A2, 0x7AE3, 0x7AE3, 0x6262, 0x72C3, 0x72A2, 0x72A2, 0x72A2,
    0x72C3, 0x72C2, 0x6A82, 0x7AE3, 0x6A82, 0x6A82, 0x6A62, 0x6241, 0x6221, 0x6262, 0x72A2, 0x6242,
    0x6A82, 0x6222, 0x6222, 0x6242, 0x7AE3, 0x72C3, 0x6242, 0x6A82, 0x6262, 0x6222, 0x5A22, 0x6242,
    0x6A62, 0x6A82, 0x72A2, 0x6A82, 0x72C3, 0x6262, 0x6A82, 0x6A62, 0x72A2, 0x7AE3, 0x72A2, 0x72C2,
    0x6A82, 0x6A82, 0x72A2, 0x72A2, 0x6262, 0x6241, 0x6AA2, 0x6A62, 0x6A82, 0x6A82, 0x6A62, 0x6A62,
    0x6A82, 0x6A82, 0x7AE3, 0x72C3, 0x72A2, 0x72C3, 0x7B03, 0x72C2, 0x6A82, 0x72C3, 0x7AC3, 0x72A2,
    0x7AE3, 0x72C3, 0x6A82, 0x6A82, 0x72A2, 0x6AA2, 0x6A82, 0x6A82, 0x6A62, 0x6A82, 0x72A2, 0x72C2,
    0x6A82, 0x6262, 0x72A2, 0x72C3, 0x72C3, 0x6A82, 0x6A82, 0x72C3, 0x6A82, 0x72A2, 0x6A82, 0x6A82,
    0x6A82, 0x5A22, 0x6262, 0x6262, 0x6242, 0x6A62, 0x72A2, 0x6A82, 0x72A2, 0x6262, 0x6242, 0x6A62,
    0x72A2, 0x72C2, 0x72C3, 0x72A2, 0x72A2, 0x6A82, 0x6A82, 0x6A82, 0x6A62, 0x6242, 0x72A2, 0x6A82,
    0x72A2, 0x72A2, 0x72A2, 0x6262, 0x6A82, 0x6242, 0x72A2, 0x72A2, 0x6262, 0x6A82, 0x72A2, 0x6A62,
    0x6221, 0x6A82, 0x6A62, 0x6A62, 0x6AA2, 0x72C3, 0x6A62, 0x6242, 0x72A3, 0x6262, 0x6242, 0x6A82,
    0x6A82, 0x6242, 0x6A62, 0x7B03, 0x72A2, 0x6222, 0x6A62, 0x6262, 0x6A82, 0x6A82, 0x6A62, 0x6A62,
    0x6AA2, 0x6A82, 0x6A62, 0x6A82, 0x72A2, 0x6A82, 0x6A62, 0x6242, 0x6A62, 0x6A62, 0x72C2, 0x6262,
    0x72A2, 0x6A82, 0x6262, 0x6A82, 0x6242, 0x6A82, 0x72A2, 0x6A82, 0x72A3, 0x72C2, 0x7AE3, 0x6A82,
    0x6A82, 0x6A82, 0x72C2, 0x6A82, 0x72A2, 0x6AA2, 0x6A62, 0x72A2, 0x6A82, 0x6AA2, 0x6A82, 0x6AA2,
    0x6A82, 0x7AC3, 0x72A2, 0x6A62, 0x6A62, 0x72A2, 0x6A82, 0x6242, 0x6A82, 0x7AE3, 0x6A82, 0x72C3,
    0x72A2, 0x72A2, 0x6A82, 0x6A62, 0x6A82, 0x72C2, 0x72A2, 0x6A62, 0x6A62, 0x6222, 0x6A62, 0x6242,
    0x72A2, 0x6A62, 0x6A62, 0x6A62, 0x72C2, 0x6A62, 0x6241, 0x72A2, 0x72A2, 0x6242, 0x6242, 0x6221,
    0x6A62, 0x6AA2, 0x6A82, 0x5A21, 0x72A2, 0x6A62, 0x6262, 0x72A3, 0x72A3, 0x72C3, 0x72A3, 0x6242,
    0x72C3, 0x72A2, 0x6A82, 0x6221, 0x6A62, 0x72A2, 0x72C2, 0x72A2, 0x72A2, 0x6A82, 0x51E1, 0x6AA2,
    0x6A82, 0x6221, 0x6221, 0x6A62, 0x6221, 0x7AE3, 0x7AE3, 0x72A2, 0x6242, 0x72A2, 0x6242, 0x5A01,
    0x5A22, 0x6A82, 0x6A82, 0x6262, 0x72C3, 0x6A62, 0x72A2, 0x72A3, 0x6A82, 0x72A2, 0x6A82, 0x72A2,
    0x6A62, 0x6242, 0x6A82, 0x6A82, 0x7AE3, 0x72A3, 0x72A2, 0x6A82, 0x72A2, 0x6A82, 0x6242, 0x6A62,
    0x72A2, 0x6222, 0x6222, 0x6242, 0x6222, 0x72A2, 0x6A62, 0x6242, 0x72A2, 0x6242, 0x6222, 0x6A82,
    0x6A82, 0x7AE3, 0x6242, 0x6222, 0x6A82, 0x6262, 0x6A62, 0x6A82, 0x6A82, 0x6262, 0x72A2, 0x6A82,
    0x6A82, 0x6A82, 0x5A22, 0x6A62, 0x6A82, 0x6262, 0x72C3, 0x6A82, 0x6262, 0x72A2, 0x72A2, 0x6A82,
    0x6242, 0x6A62, 0x6262, 0x5201, 0x6242, 0x72C2, 0x6A82, 0x6A62, 0x6A82, 0x6A62, 0x6A62, 0x72C3,
    0x6A82, 0x6262, 0x6A82, 0x72A2, 0x6A82, 0x6242, 0x6A82, 0x6A82, 0x7AE3, 0x6A82, 0x6A62, 0x6A82,
    0x72C2, 0x7B03, 0x72A2, 0x6A62, 0x72A2, 0x6AA2, 0x6A82, 0x6A82, 0x6242, 0x72A2, 0x6A82, 0x6A62,
    0x72A2, 0x72A2, 0x72A2, 0x72A2, 0x72A2, 0x7AE3, 0x6A82, 0x6A82, 0x7AE3, 0x72A2, 0x72A2, 0x7AC3,
    0x72C2, 0x72C2, 0x8303, 0x72C2, 0x72C2, 0x72C2, 0x72A2, 0x72C2, 0x72A2, 0x7AE3, 0x7AE3, 0x72C2,
    0x72A2, 0x7AE3, 0x7AE3, 0x72C2, 0x72A3, 0x72A3, 0x6A62, 0x6242, 0x72A3, 0x8303, 0x72A2, 0x72A2,
    0x6242, 0x6A62, 0x6A82, 0x72C3, 0x72A2, 0x72A2, 0x72C2, 0x72C2, 0x72A2, 0x72A2, 0x72A2, 0x72C3,
    0x8344, 0x72A2, 0x6A82, 0x7AE3, 0x72A2, 0x72C3, 0x6A82, 0x6262, 0x6242, 0x6A82, 0x72C2, 0x72C2,
    0x72C3, 0x72A2, 0x6A82, 0x6A62, 0x6A82, 0x72A2, 0x72A2, 0x6A82, 0x72A2, 0x7AC3, 0x6A82, 0x6A62,
    0x72C3, 0x6262, 0x6A82, 0x72C3, 0x7AE2, 0x7AC2, 0x7B03, 0x72A2, 0x72C2, 0x7AC3, 0x7AC3, 0x7AC3,
    0x72C3, 0x7B03, 0x7B03, 0x72C2, 0x72C3, 0x72C3, 0x72A2, 0x7AE3, 0x7AE3, 0x7AE3, 0x72C2, 0x72A2,
    0x7AE3, 0x7B03, 0x7AE3, 0x7B03, 0x6AA2, 0x72C3, 0x72A2, 0x7AE3, 0x7AE3, 0x7AE3, 0x7B03, 0x7AE3,
    0x72A2, 0x7AE3, 0x7AE3, 0x72C2, 0x8323, 0x72A2, 0x72C2, 0x7AE3, 0x6A82, 0x72A2, 0x6A82, 0x6A82,
    0x6242, 0x6AA2, 0x72C2, 0x72C3, 0x72C3, 0x6AA2, 0x72A2, 0x6A62, 0x72C2, 0x7282, 0x7AE3, 0x7AE3,
    0x7AE3, 0x7AE3, 0x6A82, 0x6A82, 0x72A2, 0x6262, 0x6A82, 0x6A62, 0x72A2, 0x7AE3, 0x7AE3, 0x7AC2,
    0x7B03, 0x7B03, 0x8323, 0x8303, 0x7B03, 0x7AE3, 0x7B03, 0x6A82, 0x72A2, 0x72A3, 0x6A82, 0x7AE3,
    0x7AE3, 0x72C3, 0x7282, 0x7AC3, 0x7B03, 0x7AE3, 0x7B03, 0x8323, 0x72A2, 0x8323, 0x7B03, 0x72C3,
    0x7AE3, 0x7B03, 0x8323, 0x7AE3, 0x6A82, 0x7AE3, 0x72C3, 0x72C2, 0x7AE3, 0x7AE3, 0x72A2, 0x72A2,
    0x6AA2, 0x6A82, 0x6242, 0x72A2, 0x6262, 0x72A2, 0x72A2, 0x72C2, 0x6A82, 0x72A3, 0x72A3, 0x6A82,
    0x72A2, 0x72A2, 0x6A82, 0x72A2, 0x7AE3, 0x7AE3, 0x72C3, 0x6A82, 0x6AA2, 0x6A62, 0x6A82, 0x6A82,
    0x6A82, 0x6A62, 0x7AC3, 0x72C2, 0x72C2, 0x6A82, 0x72C2, 0x7AC3, 0x7B03, 0x6A82, 0x7AE3, 0x72C2,
    0x7282, 0x6A82, 0x6A82, 0x6A62, 0x6A82, 0x7B03, 0x72A2, 0x72A2, 0x7AE3, 0x72A2, 0x7AE3, 0x6AA2,
    0x6A82, 0x72C2, 0x72C3, 0x7B03, 0x7AE3, 0x7AE3, 0x6A82, 0x72A2, 0x6A82, 0x72C2, 0x6A82, 0x6262,
    0x6A82, 0x72A2, 0x6242, 0x5A21, 0x72C2, 0x6A82, 0x6222, 0x6A82, 0x72A2, 0x6242, 0x6242, 0x6A62,
    0x6241, 0x6262, 0x6242, 0x6A82, 0x6A82, 0x6A82, 0x5A21, 0x6A82, 0x6A82, 0x6A82, 0x6262, 0x5A22,
    0x6262, 0x5A21, 0x6222, 0x72A3, 0x6A62, 0x5A21, 0x6A82, 0x6A82, 0x6A82, 0x72A2, 0x6221, 0x6A82,
    0x72C2, 0x6262, 0x6A82, 0x72A2, 0x6242, 0x6242, 0x5A21, 0x5A21, 0x6222, 0x72A2, 0x6A82, 0x6A62,
    0x6A82, 0x6A82, 0x5A21, 0x5A01, 0x6A62, 0x6A82, 0x6A82, 0x72A2, 0x72A2, 0x72A2, 0x5A01, 0x6A62,
    0x6262, 0x6AA2, 0x72A2, 0x72A2, 0x72A2, 0x6241, 0x5A21, 0x5A01, 0x6262, 0x6262, 0x6242, 0x72C3,
    0x7AE3, 0x6A62, 0x6262, 0x72A3, 0x6AA2, 0x72C2, 0x72A2, 0x6A62, 0x7AE3, 0x7AC3, 0x6A82, 0x6242,
    0x6242, 0x6A82, 0x6A82, 0x6A82, 0x6A82, 0x6242, 0x6A82, 0x72A2, 0x6A62, 0x6A82, 0x72C3, 0x72A2,
    0x6A82, 0x72A2, 0x6262, 0x6A82, 0x7AC3, 0x6242, 0x72A2, 0x6A82, 0x6AA2, 0x72C3, 0x72C3, 0x72A2,
    0x72C3, 0x72C3, 0x6A82, 0x6A62, 0x72C2, 0x72A2, 0x6A62, 0x6262, 0x6A62, 0x6A82, 0x72A2, 0x72A2,
    0x72A2, 0x72A2, 0x6221, 0x6A62, 0x6A82, 0x72A2, 0x72C3, 0x6A82, 0x6A82, 0x6A82, 0x6A62, 0x6242,
    0x72A2, 0x72C3, 0x6A82, 0x72A2, 0x7AE3, 0x72C3, 0x72A2, 0x72C3, 0x7AE3, 0x72C2, 0x72C2, 0x72A2,
    0x6A82, 0x72C3, 0x72A2, 0x6A82, 0x72C2, 0x72A2, 0x72A2, 0x72C2, 0x7AE3, 0x6A82, 0x72A2, 0x72C2,
    0x72C2, 0x72C2, 0x72A2, 0x6A82, 0x6AA2, 0x6A82, 0x6A62, 0x72A2, 0x72A2, 0x6A82, 0x72A2, 0x6A82,
    0x7AE3, 0x7B03, 0x7B03, 0x72C3, 0x72C3, 0x7AE3, 0x6A82, 0x6262, 0x72A2, 0x72C2, 0x6A82, 0x72A2,
    0x72A2, 0x6A62, 0x6A82, 0x72A2, 0x72C2, 0x72A2, 0x6A62, 0x6242, 0x6A62, 0x6262, 0x6AA2, 0x6A82,
    0x72A2, 0x72A2, 0x72A2, 0x72A2, 0x8303, 0x8323, 0x72A2, 0x7AE3, 0x7B03, 0x72C2, 0x72A2, 0x7AE3,
    0x7AC3, 0x7B03, 0x8323, 0x7282, 0x6A82, 0x6A62, 0x6A82, 0x72C3, 0x72C3, 0x72A2, 0x6A82, 0x7AE3,
    0x7AE3, 0x72A2, 0x72A2, 0x7AE3, 0x72E3, 0x72A3, 0x72C3, 0x72C2, 0x72A2, 0x6A82, 0x6A62, 0x6A82,
    0x72A2, 0x72C2, 0x72A2, 0x72A2, 0x72C2, 0x8323, 0x8303, 0x72C3, 0x72A2, 0x72C2, 0x6A82, 0x6A82,
    0x8303, 0x7AE3, 0x72C3, 0x6A82, 0x6262, 0x6242, 0x6A62, 0x6262, 0x7AE3, 0x72C3, 0x6A82, 0x6A62,
    0x6242, 0x6242, 0x6262, 0x6242, 0x72A2, 0x72A3, 0x7AC3, 0x8324, 0x8324, 0x7AE3, 0x6242, 0x72A2,
    0x72C3, 0x6262, 0x5A21, 0x6A62, 0x6262, 0x72C3, 0x72A2, 0x6262, 0x6A62, 0x6242, 0x6A62, 0x72C2,
    0x72A2, 0x72A2, 0x72A2, 0x6A82, 0x6A82, 0x6A82, 0x72A2, 0x7AC3, 0x6A62, 0x5A22, 0x6242, 0x6262,
    0x6A82, 0x6262, 0x6242, 0x6A82, 0x6A82, 0x6AA2, 0x6A62, 0x6262, 0x6242, 0x72A2, 0x72A2, 0x72A2,
    0x6A82, 0x6A62, 0x6A82, 0x6242, 0x6A82, 0x6A82, 0x6262, 0x6262, 0x6A82, 0x6A62, 0x6A82, 0x72C2,
    0x72A2, 0x6A82, 0x6241, 0x6242, 0x5A22, 0x51E1, 0x5A22, 0x5A22, 0x6242, 0x6242, 0x6A62, 0x72A3,
    0x7AE3, 0x7AE3, 0x6242, 0x7AC3, 0x7B03, 0x6A82, 0x6242, 0x6A82, 0x6A62, 0x72A2, 0x6A82, 0x6A62,
    0x6A82, 0x72A2, 0x72C3, 0x72C2, 0x72A2, 0x72A2, 0x6A62, 0x6AA2, 0x6242, 0x6AA2, 0x7AE3, 0x7AE3,
    0x6A62, 0x6262, 0x6A62, 0x72A2, 0x72C2, 0x6A62, 0x6A82, 0x6A82, 0x72C3, 0x6AA2, 0x6A82, 0x6A82,
    0x6A62, 0x72A2, 0x72C2, 0x72A2, 0x72A2, 0x72C2, 0x72C2, 0x6A62, 0x72C3, 0x7AE3, 0x7B03, 0x8323,
    0x72A2, 0x72A2, 0x72A2, 0x72C3, 0x72A2, 0x72A2, 0x72A2, 0x72A2, 0x72A2, 0x6A82, 0x6262, 0x6A82,
    0x72C3, 0x6A82, 0x6A83, 0x72C3, 0x6AA2, 0x72A2, 0x7AE3, 0x7AE3, 0x6A82, 0x6A82, 0x72C3, 0x72C3,
    0x7AE3, 0x7AE3, 0x7AE3, 0x72C3, 0x72C3, 0x7AC3, 0x72A2, 0x72A2, 0x72C3, 0x7AE3, 0x72A3, 0x72C3,
    0x72A2, 0x6A82, 0x72A2, 0x72A2, 0x72C3, 0x6AA2, 0x6AA2, 0x6AA2, 0x72C3, 0x6221, 0x6A82, 0x6A82,
    0x72A2, 0x72C2, 0x72C2, 0x6A82, 0x72A2, 0x7AE3, 0x7AE3, 0x7AC3, 0x8323, 0x7AE3, 0x7B03, 0x7AC3,
    0x7AE3, 0x8323, 0x8323, 0x7B03, 0x6A82, 0x72A2, 0x7AE3, 0x7AE3, 0x7AE3, 0x72A2, 0x7AE3, 0x6A82,
    0x6A82, 0x6AA2, 0x6AA3, 0x72C3, 0x72C3, 0x6A82, 0x7AE3, 0x72C2, 0x6A82, 0x72A2, 0x72C3, 0x7AE3,
    0x72C3, 0x6A82, 0x72A2, 0x72C3, 0x7B03, 0x72C3, 0x7AC3, 0x72A2, 0x72A2, 0x72A2, 0x6A82, 0x72C2,
    0x7AE3, 0x72A2, 0x6A62, 0x72A2, 0x72C3, 0x72C3, 0x72C3, 0x6A62, 0x6A82, 0x72A2, 0x6A82, 0x6A62,
    0x72A2, 0x6A82, 0x6262, 0x72A2, 0x6AA2, 0x72C3, 0x72C3, 0x6A82, 0x72A2, 0x6A82, 0x72C3, 0x8323,
    0x7AE3, 0x7AE3, 0x7AE3, 0x7282, 0x72C2, 0x7AE3, 0x7AC2, 0x7AC3, 0x7282, 0x7B03, 0x8323, 0x7AE3,
    0x8303, 0x72C2, 0x72A2, 0x6A82, 0x6A82, 0x6A62, 0x6262, 0x6A82, 0x6A82, 0x6A82, 0x6A82, 0x7AC3,
    0x72A2, 0x72C2, 0x7AE3, 0x7AE3, 0x72A2, 0x72C2, 0x7282, 0x7AE3, 0x8324, 0x7AE3, 0x7AE3, 0x72A2,
    0x6242, 0x72A2, 0x7AE3, 0x72A2, 0x72A3, 0x6262, 0x6262, 0x72C2, 0x7AE3, 0x7AE3, 0x7AE3, 0x6A82,
    0x6A82, 0x6AA2, 0x6A82, 0x72A2, 0x7AE3, 0x72A2, 0x72C2, 0x72A3, 0x7AE3, 0x72A2, 0x6A82, 0x6A82,
    0x72C3, 0x72A2, 0x72A2, 0x7AE3, 0x8303, 0x7AE3, 0x7AE3, 0x7AC3, 0x72C3, 0x72C3, 0x7AE3, 0x72A3,
    0x6A62, 0x7AC3, 0x7AE3, 0x7AE3, 0x7B03, 0x7AE3, 0x8303, 0x6A82, 0x6A82, 0x6AA2, 0x6A82, 0x6A82,
    0x6A82, 0x6A82, 0x6A82, 0x6A82, 0x72A2, 0x7AE3, 0x7AE3, 0x7AE3, 0x72A2, 0x72C2, 0x72C2, 0x7AE3,
    0x8324, 0x8303, 0x7AE3, 0x6A82, 0x6A82, 0x72C2, 0x72C3, 0x72A2, 0x7AC3, 0x72A2, 0x72C2, 0x7AC3,
    0x7AE3, 0x7AE3, 0x7AE3, 0x72C2, 0x72C2, 0x72C2, 0x7AE3, 0x8323, 0x8303, 0x7AE3, 0x7AC3, 0x72C3,
    0x7AE3, 0x6A82, 0x72A2, 0x6AA2, 0x72C3, 0x7AC3, 0x72A2, 0x7AE3, 0x8303, 0x7AE3, 0x7AE3, 0x7B03,
    0x7AE3, 0x72C2, 0x72A2, 0x72C3, 0x6A82, 0x6AA2, 0x72C3, 0x6A82, 0x72C3, 0x72A2, 0x7AC3, 0x72A2,
    0x72A2, 0x6AA2, 0x6A62, 0x6A82, 0x72A2, 0x6242, 0x7AC3, 0x72C3, 0x7AE3, 0x8323, 0x72A2, 0x72C2,
    0x7AC3, 0x6AA2, 0x7B03, 0x7B03, 0x7B03, 0x8323, 0x7B03, 0x6242, 0x72A2, 0x72A2, 0x6A82, 0x72C3,
    0x72E3, 0x72A2, 0x72A2, 0x7AE3, 0x7AC2, 0x72A2, 0x72C3, 0x72C2, 0x72A2, 0x6A82, 0x7AE3, 0x8303,
    0x7B03, 0x6A82, 0x6241, 0x6A82, 0x72C3, 0x6262, 0x72A2, 0x6A82, 0x6262, 0x7AC3, 0x6A82, 0x72A2,
    0x72C3, 0x7B03, 0x7AE3, 0x7B03, 0x7AE3, 0x7AE3, 0x8323, 0x7B03, 0x72C3, 0x6A82, 0x7282, 0x72C3,
    0x72C3, 0x6A82, 0x6A62, 0x6A82, 0x6A82, 0x6A82, 0x6A82, 0x6A62, 0x6AA3, 0x6242, 0x7AE3, 0x7AE3,
    0x6A82, 0x72A3, 0x6A82, 0x72C3, 0x72C3, 0x6A82, 0x72A2, 0x7AC3, 0x7B03, 0x7B03, 0x72C2, 0x6262,
    0x72C2, 0x6A62, 0x72A3, 0x72C3, 0x72A2, 0x72A2, 0x6A62, 0x6262, 0x7AC3, 0x6A82, 0x72C3, 0x72C3,
    0x72A2, 0x6A82, 0x7AE3, 0x72C3, 0x72C3, 0x72A2, 0x6A62, 0x7282, 0x6A82, 0x6A82, 0x72C3, 0x6A82,
    0x5A22, 0x72C3, 0x72A3, 0x72A2, 0x72A2, 0x7B03, 0x7B03, 0x72A2, 0x7B03, 0x7B03, 0x72C2, 0x6A82,
    0x6A82, 0x6242, 0x6A62, 0x7B03, 0x7B03, 0x72A2, 0x6A62, 0x6A82, 0x6242, 0x5A21, 0x6AA2, 0x6262,
    0x6A82, 0x6262, 0x72A3, 0x72A3, 0x6A82, 0x6242, 0x6A62, 0x6A62, 0x6A82, 0x5A22, 0x6242, 0x5A22,
    0x6242, 0x6262, 0x6242, 0x6222, 0x6A62, 0x6A62, 0x6A62, 0x72C3, 0x72C3, 0x72C3, 0x72A2, 0x6242,
    0x6A62, 0x6241, 0x6A62, 0x6A82, 0x72C3, 0x6A82, 0x72A2, 0x6A82, 0x6A62, 0x72A2, 0x6A62, 0x6A82,
    0x72C2, 0x6A82, 0x6A62, 0x6A62, 0x5A01, 0x6242, 0x6242, 0x6242, 0x6A62, 0x72C3, 0x7282, 0x6242,
    0x6A82, 0x6A82, 0x5A21, 0x5A21, 0x6242, 0x6242, 0x6241, 0x6A82, 0x72A2, 0x7282, 0x6242, 0x6A82,
    0x6222, 0x5A01, 0x6242, 0x5A22, 0x6222, 0x6262, 0x6242, 0x6262, 0x6242, 0x5A21, 0x6242, 0x6242,
    0x6242, 0x6242, 0x6221, 0x6222, 0x5A01, 0x6262, 0x5A21, 0x5A21, 0x6242, 0x6262, 0x6A62, 0x72A2,
    0x72C3, 0x72C2, 0x6A82, 0x6262, 0x6A82, 0x5A01, 0x6A62, 0x6A82, 0x6A82, 0x72A2, 0x72A2, 0x6242,
    0x5A01, 0x6262, 0x6242, 0x72C2, 0x7AC2, 0x6A62, 0x6242, 0x6A82, 0x5A21, 0x6222, 0x6242, 0x6262,
    0x6262, 0x6A82, 0x6A62, 0x5A01, 0x6242, 0x6A62, 0x5A21, 0x5A21, 0x6A62, 0x6A62, 0x6242, 0x6A82,
    0x6A62, 0x6A62, 0x6222, 0x6A82, 0x6242, 0x6242, 0x6AA2, 0x5A22, 0x5A21, 0x6242, 0x6221, 0x6242,
    0x6A82, 0x72A2, 0x6A62, 0x6A82, 0x6242, 0x6A62, 0x6A82, 0x6262, 0x6A82, 0x72A2, 0x6A62, 0x6262,
    0x6A82, 0x6262, 0x6A62, 0x7AE3, 0x7AE3, 0x7AE3, 0x72C2, 0x6A62, 0x6A82, 0x6A82, 0x72A2, 0x72C3,
    0x7AE3, 0x72C2, 0x72A2, 0x6A82, 0x6A82, 0x6A82, 0x6262, 0x6A82, 0x72A2, 0x6A62, 0x72A2, 0x72C2,
    0x72A2, 0x6A82, 0x6242, 0x6262, 0x6AA3, 0x72A3, 0x7AE3, 0x6262, 0x6262, 0x72A3, 0x6A82, 0x72A2,
    0x7AE3, 0x72A2, 0x6A62, 0x72A2, 0x6A82, 0x6A82, 0x6A62, 0x72A2, 0x72A2, 0x72A2, 0x7AC3, 0x72A2,
    0x72A3, 0x72A3, 0x6A62, 0x7AE3, 0x72C2, 0x7AE3, 0x72C3, 0x7AE3, 0x72A2, 0x72A2, 0x72C3, 0x6A82,
    0x7AE3, 0x7AE3, 0x72A2, 0x6A82, 0x72A2, 0x72C2, 0x7AE3, 0x72C3, 0x7AC3, 0x6A82, 0x72A2, 0x72A2,
    0x72A2, 0x7AE3, 0x7AE3, 0x72A2, 0x7AE3, 0x6A82, 0x72A2, 0x72C2, 0x7AE3, 0x72C2, 0x72C2, 0x6A82,
    0x6A62, 0x72C2, 0x7AE3, 0x7AE3, 0x72C3, 0x72A3, 0x6A83, 0x6262, 0x6AA3, 0x72C3, 0x7AE3, 0x72A2,
    0x72A2, 0x6A82, 0x6A82, 0x72A2, 0x6AA2, 0x7AE3, 0x72A2, 0x72C2, 0x6A82, 0x72A3, 0x72A2, 0x7AE3,
    0x7B03, 0x7AE3, 0x72A2, 0x6A82, 0x7AC3, 0x7AE3, 0x72C3, 0x8303, 0x7AE3, 0x72C3, 0x6A82, 0x7AE3,
    0x72C3, 0x6A82, 0x72A2, 0x72C3, 0x72C3, 0x72C2, 0x6A62, 0x6242, 0x72C2, 0x7AC3, 0x7AE3, 0x72A2,
    0x7AE3, 0x72C3, 0x72C3, 0x72A2, 0x72C3, 0x6A82, 0x7282, 0x72A2, 0x72C3, 0x72A2, 0x7AE3, 0x72C3,
    0x72A2, 0x7AE3, 0x72C2, 0x7282, 0x72A2, 0x6A62, 0x72A2, 0x6A62, 0x6242, 0x72A3, 0x6242, 0x6262,
    0x6A82, 0x72C3, 0x72C3, 0x72C2, 0x72C3, 0x6242, 0x6242, 0x6242, 0x6A82, 0x72A2, 0x72A2, 0x7AC3,
    0x7AC3, 0x6A62, 0x6A82, 0x72C3, 0x72C2, 0x72C3, 0x6A62, 0x5A22, 0x72C3, 0x72C3, 0x7AC3, 0x8323,
    0x72C3, 0x72C3, 0x6A62, 0x72A3, 0x72C3, 0x6A62, 0x6A62, 0x6A82, 0x6A82, 0x7AE3, 0x6242, 0x6242,
    0x72C3, 0x6A82, 0x6A62, 0x72A2, 0x72C3, 0x7AE3, 0x7AE3, 0x72A2, 0x72A2, 0x6A82, 0x6262, 0x6242,
    0x6A42, 0x7AE3, 0x7AE3, 0x72C3, 0x72C2, 0x6A82, 0x6A62, 0x6A82, 0x6A62, 0x6A82, 0x72A2, 0x6A82,
    0x6262, 0x6A82, 0x6A62, 0x6262, 0x6262, 0x6AA2, 0x6A82, 0x6242, 0x6A62, 0x6242, 0x6242, 0x6241,
    0x6A82, 0x6A82, 0x72A2, 0x72A2, 0x6262, 0x5A01, 0x5A22, 0x6A62, 0x6A82, 0x6242, 0x6262, 0x6242,
    0x72A3, 0x72A3, 0x72A3, 0x72C3, 0x6A62, 0x6242, 0x6242, 0x6A82, 0x6A82, 0x6A62, 0x6262, 0x6A82,
    0x72C3, 0x72C3, 0x6222, 0x6242, 0x6A82, 0x6242, 0x6241, 0x6A62, 0x6242, 0x72A2, 0x72C2, 0x6262,
    0x5A21, 0x6241, 0x6A62, 0x6241, 0x7282, 0x72A2, 0x6A82, 0x6A62, 0x6A62, 0x72A2, 0x6A62, 0x6A82,
    0x6262, 0x6A62, 0x72C3, 0x7AE3, 0x6A62, 0x6A82, 0x6A62, 0x6A82, 0x6A62, 0x6A82, 0x6A62, 0x5A21,
    0x6242, 0x6242, 0x6262, 0x72A2, 0x6A62, 0x6242, 0x6262, 0x6AA2, 0x6A82, 0x6242, 0x6222, 0x6262,
    0x6A62, 0x6262, 0x6A62, 0x6262, 0x6A82, 0x6A82, 0x6A82, 0x7AE3, 0x5A21, 0x6A82, 0x72A2, 0x7AE3,
    0x72C2, 0x6A82, 0x5A21, 0x5A21, 0x6262, 0x72C3, 0x6A62, 0x6262, 0x6A82, 0x72A2, 0x6A82, 0x6A62,
    0x5A01, 0x6A62, 0x72C2, 0x6A82, 0x6A62, 0x6A82, 0x7AE3, 0x72C2, 0x6A82, 0x6242, 0x6A82, 0x72A3,
    0x6242, 0x6A82, 0x6242, 0x72A3, 0x6A82, 0x6A82, 0x7AE3, 0x7AE3, 0x6242, 0x6A62, 0x6A62, 0x7282,
    0x6A82, 0x7B03, 0x72A2, 0x5A01, 0x6242, 0x6242, 0x6AA2, 0x6A82, 0x72C3, 0x6262, 0x6262, 0x72A2,
    0x6A62, 0x6242, 0x6A82, 0x6A62, 0x6A82, 0x5A21, 0x6262, 0x5A01, 0x5A21, 0x6A82, 0x6A82, 0x7AE3,
    0x72C3, 0x6242, 0x6A62, 0x72A2, 0x7AE3, 0x6A82, 0x6A82, 0x6221, 0x5A21, 0x6242, 0x6221, 0x6242,
    0x6A82, 0x6A82, 0x6A62, 0x6242, 0x6A82, 0x72A2, 0x6A82, 0x6242, 0x6A82, 0x6A62, 0x6A82, 0x6A82,
    0x6242, 0x6221, 0x6A82, 0x6A82, 0x6A62, 0x6262, 0x6242, 0x6A62, 0x6242, 0x6262, 0x6A82, 0x7AE3,
    0x72A2, 0x6A82, 0x6A82, 0x72A2, 0x6242, 0x6A82, 0x72A3, 0x6242, 0x6242, 0x72C3, 0x72A2, 0x6262,
    0x6222, 0x6222, 0x6242, 0x7282, 0x6241, 0x6242, 0x6A82, 0x6A62, 0x6241, 0x6242, 0x6A62, 0x5A21,
    0x6241, 0x6A62, 0x6242, 0x6A62, 0x8303, 0x72A2, 0x6A62, 0x72A2, 0x72A2, 0x7282, 0x6A62, 0x6241,
    0x6242, 0x6242, 0x6221, 0x72A2, 0x7AE3, 0x72A2, 0x7282, 0x6A62, 0x72A2, 0x7AC2, 0x6A62, 0x6A62,
    0x72C3, 0x6A82, 0x6A82, 0x6A82, 0x6242, 0x6221, 0x72A2, 0x6A82, 0x6242, 0x6262, 0x6242, 0x5A22,
    0x6242, 0x6262, 0x72A3, 0x72A2, 0x6A82, 0x72C3, 0x6A82, 0x6A82, 0x6A82, 0x72A2, 0x72A2, 0x6A62,
    0x6242, 0x6242, 0x5A01, 0x6242, 0x6A82, 0x6242, 0x6A62, 0x72C2, 0x72A2, 0x72A2, 0x72A2, 0x6242,
    0x6242, 0x6242, 0x6A62, 0x6242, 0x6262, 0x6A82, 0x72A3, 0x7AE3, 0x8324, 0x6AA2, 0x6222, 0x6A82,
    0x7282, 0x6A62, 0x6A82, 0x6A82, 0x6A82, 0x7282, 0x6242, 0x72A2, 0x7AE3, 0x72C2, 0x72A2, 0x72C2,
    0x6A82, 0x72C2, 0x6A82, 0x6A82, 0x6A62, 0x6242, 0x6262, 0x6A62, 0x6262, 0x6A62, 0x72C3, 0x6A82,
    0x6242, 0x6242, 0x6242, 0x6242, 0x6A82, 0x6A82, 0x72C3, 0x6A82, 0x72A2, 0x72C3, 0x6A82, 0x5A21,
    0x6262, 0x72C3, 0x72A2, 0x6221, 0x6A82, 0x6A82, 0x6A62, 0x6AA2, 0x72A2, 0x72A2, 0x6A82, 0x72A3,
    0x6A82, 0x7AE3, 0x7AC3, 0x72E3, 0x6A82, 0x6A62, 0x72A2, 0x6A62, 0x6A82, 0x72A2, 0x72A3, 0x72C3,
    0x72C3, 0x72A2, 0x6AA2, 0x72A2, 0x6A82, 0x72C2, 0x72C2, 0x7AE3, 0x72A2, 0x72A2, 0x72A2, 0x72C2,
    0x72C2, 0x72C2, 0x72A2, 0x72A2, 0x72A2, 0x6242, 0x6A62, 0x72A2, 0x6A62, 0x6AA2, 0x72A2, 0x6A82,
    0x72A2, 0x72A2, 0x72C3, 0x72A2, 0x72A2, 0x6A82, 0x7AE3, 0x72A2, 0x72C2, 0x72A2, 0x72A2, 0x6241,
    0x6A82, 0x72C3, 0x7282, 0x72A2, 0x72C2, 0x7AE3, 0x7282, 0x6A82, 0x7AE3, 0x72A2, 0x72A2, 0x7AC3,
    0x72C2, 0x72C2, 0x6A82, 0x6242, 0x72A2, 0x7AE3, 0x7AE3, 0x7AE3, 0x72C2, 0x72C3, 0x72C2, 0x72C2,
    0x72C3, 0x72A2, 0x72A3, 0x7AC3, 0x72C2, 0x72C2, 0x7AE2, 0x72A2, 0x6A82, 0x6A82, 0x6A62, 0x72A2,
    0x6242, 0x72C2, 0x6A82, 0x6222, 0x6262, 0x6A82, 0x6A82, 0x72A2, 0x72C2, 0x6A82, 0x6242, 0x6A82,
    0x6262, 0x6242, 0x6AA2, 0x72A2, 0x6A82, 0x6A82, 0x72A2, 0x6A82, 0x72A2, 0x6A82, 0x72A2, 0x72A2,
    0x72A2, 0x6A82, 0x6A82, 0x6242, 0x6241, 0x6262, 0x72A2, 0x6A82, 0x6A62, 0x72A2, 0x6A62, 0x6262,
    0x72C3, 0x72C3, 0x72A2, 0x6A82, 0x7AE3, 0x72A2, 0x6A82, 0x72A2, 0x72A2, 0x6A62, 0x6A62, 0x72A2,
    0x6A82, 0x6242, 0x6A62, 0x6A82, 0x72A2, 0x6A62, 0x5A21, 0x6A82, 0x72A2, 0x7AE3, 0x7282, 0x6A82,
    0x6AA2, 0x72C2, 0x6A82, 0x6A82, 0x6A62, 0x72C3, 0x72C3, 0x72A2, 0x6A82, 0x6A82, 0x72A2, 0x72A2,
    0x72C2, 0x6A82, 0x6A82, 0x6242, 0x6262, 0x6242, 0x7AE3, 0x7AE3, 0x72A2, 0x6A62, 0x72A2, 0x6A82,
    0x6A62, 0x6A62, 0x6A82, 0x72A2, 0x72A2, 0x6A82, 0x6A62, 0x6A82, 0x6A62, 0x6A82, 0x6A82, 0x6A82,
    0x6262, 0x6A62, 0x6242, 0x5A22, 0x72C3, 0x72A3, 0x6A82, 0x72C3, 0x7AE3, 0x72A2, 0x72A2, 0x72C3,
    0x7B03, 0x72A2, 0x6A82, 0x6A82, 0x6A82, 0x72A3, 0x6262, 0x6A82, 0x72A2, 0x6A82, 0x6A82, 0x72C3,
    0x72C3, 0x7B03, 0x6A82, 0x6262, 0x72A2, 0x7AE3, 0x72A2, 0x72A2, 0x72C3, 0x7AE3, 0x72A2, 0x72C3,
    0x72A2, 0x72A2, 0x72C2, 0x72C2, 0x6A82, 0x7282, 0x6A62, 0x6262, 0x6AA3, 0x72A2, 0x7AE3, 0x7AC3,
    0x6A82, 0x6242, 0x72C3, 0x6A82, 0x6262, 0x6A62, 0x72A2, 0x7AE3, 0x72C2, 0x72A2, 0x6A82, 0x6262,
    0x72C3, 0x72A2, 0x6A62, 0x72C3, 0x6A82, 0x6A62, 0x6241, 0x6221, 0x6A82, 0x72A2, 0x72C3, 0x6A62,
    0x7282, 0x72A2, 0x7282, 0x7AC3, 0x8303, 0x8303, 0x72A2, 0x6A82, 0x6A62, 0x6242, 0x6242, 0x6242,
    0x6A62, 0x6242, 0x6A82, 0x7282, 0x72C3, 0x72C2, 0x6262, 0x6262, 0x6242, 0x6242, 0x6A62, 0x72A2,
    0x72A2, 0x7AE3, 0x72A2, 0x6A62, 0x6A82, 0x7AC3, 0x8303, 0x7AC3, 0x7282, 0x72C3, 0x72A2, 0x6262,
    0x72C3, 0x72C2, 0x72C3, 0x7AE3, 0x72C3, 0x6A62, 0x7AE3, 0x72A2, 0x6A62, 0x72A2, 0x6A62, 0x7B03,
    0x7AE3, 0x6A82, 0x72C3, 0x72A2, 0x7AE3, 0x8324, 0x7AE3, 0x72C3, 0x72A3, 0x72C3, 0x72A2, 0x6A82,
    0x6A82, 0x6A82, 0x7AC3, 0x6A82, 0x6A82, 0x72C2, 0x72A2, 0x7AE3, 0x7AC3, 0x6A82, 0x6A82, 0x6A82,
    0x6A82, 0x6A82, 0x6A82, 0x72C2, 0x72C3, 0x6A62, 0x6A82, 0x72A3, 0x7AC3, 0x72A2, 0x5A01, 0x6222,
    0x6A82, 0x6A62, 0x72A2, 0x72A2, 0x72C2, 0x7AE3, 0x72A2, 0x6242, 0x6262, 0x72C3, 0x7AE3, 0x7AC3,
    0x6A62, 0x6A62, 0x72A2, 0x6262, 0x72C3, 0x7AE3, 0x72A2, 0x72C3, 0x72A2, 0x6A82, 0x72C3, 0x72A2,
    0x7282, 0x72A2, 0x6A62, 0x7AE3, 0x7AC2, 0x6262, 0x6A82, 0x72C2, 0x7AE3, 0x8324, 0x7B03, 0x6A82,
    0x6A82, 0x6AA2, 0x6A62, 0x6222, 0x6AA2, 0x72A2, 0x72C2, 0x6A82, 0x6A82, 0x7AC3, 0x7AC3, 0x72A2,
    0x6A62, 0x6A62, 0x72C3, 0x72E3, 0x6A62, 0x6A82, 0x7AC2, 0x7AE3, 0x7AE3, 0x7282, 0x72A2, 0x6262,
    0x6A82, 0x72C2, 0x6A82, 0x6AA2, 0x72A2, 0x6A82, 0x72A2, 0x72A2, 0x7AE3, 0x7AE3, 0x6A82, 0x6262,
    0x6A82, 0x6A82, 0x7282, 0x72A2, 0x72A2, 0x6A82, 0x72A2, 0x72A2, 0x8303, 0x7B03, 0x72A2, 0x6A82,
    0x6A82, 0x6A62, 0x72A2, 0x72C3, 0x7282, 0x72A2, 0x72C2, 0x7AC3, 0x7282, 0x6262, 0x72C2, 0x72A2,
    0x72C3, 0x7B03, 0x72A3, 0x6A82, 0x72A2, 0x72C3, 0x72A3, 0x6A62, 0x72C3, 0x7AC3, 0x7282, 0x6A82,
    0x72A2, 0x6A62, 0x6A82, 0x72A3, 0x6A82, 0x72C3, 0x72A2, 0x72A2, 0x6A82, 0x72A2, 0x72A2, 0x72E3,
    0x72C3, 0x72A2, 0x72A2, 0x6242, 0x6A82, 0x7B03, 0x72A2, 0x72C2, 0x6AA2, 0x7AE3, 0x7B03, 0x7AE3,
    0x8324, 0x72C3, 0x6A82, 0x72A2, 0x72C2, 0x72C3, 0x7AC3, 0x72A2, 0x7AE3, 0x7AE3, 0x7AC2, 0x7B03,
    0x8303, 0x8323, 0x7AC3, 0x7AC2, 0x7B03, 0x7AE3, 0x7AE3, 0x72A2, 0x72A2, 0x72C3, 0x8303, 0x72C3,
    0x72C2, 0x72C3, 0x7AE3, 0x6A82, 0x7AE3, 0x7B03, 0x72A2, 0x72C2, 0x7AE3, 0x72C3, 0x72A2, 0x72A2,
    0x7AE3, 0x7AE3, 0x72C2, 0x7AE3, 0x6A62, 0x6A82, 0x72C2, 0x72C3, 0x6A82, 0x72A2, 0x7AC3, 0x6A82,
    0x6A82, 0x7AE3, 0x6AA2, 0x6A82, 0x6A82, 0x72C3, 0x7AE3, 0x6AA2, 0x72A2, 0x7AE3, 0x72A2, 0x72A2,
    0x6A82, 0x7AE3, 0x7AE3, 0x7AE3, 0x7B03, 0x72E3, 0x72C3, 0x7AE3, 0x72C3, 0x7AE3, 0x7AE3, 0x72A2,
    0x72A2, 0x7AE3, 0x8303, 0x7AE3, 0x72A2, 0x7AE3, 0x72A2, 0x6A82, 0x7AC3, 0x8344, 0x7AE3, 0x72A2,
    0x6A82, 0x72C2, 0x7AE3, 0x72A2, 0x72A2, 0x72A2, 0x72C2, 0x72C3, 0x7AE3, 0x7AE3, 0x72C3, 0x6A82,
    0x72A2, 0x72C2, 0x6A82, 0x72A2, 0x7AE3, 0x7AC3, 0x72A2, 0x72C3, 0x6A82, 0x6A82, 0x6A82, 0x72C2,
    0x7AE3, 0x72C3, 0x72C3, 0x6A82, 0x6A82, 0x7AE3, 0x7AE3, 0x6A62, 0x6262, 0x72A2, 0x7B03, 0x72A2,
    0x72C2, 0x72C3, 0x72A2, 0x7AE3, 0x72A2, 0x72A2, 0x72A3, 0x72A2, 0x72A3, 0x72C3, 0x7282, 0x6242,
    0x72A2, 0x6AA2, 0x72A2, 0x7AE3, 0x72A2, 0x7AC3, 0x7AE3, 0x6242, 0x6A82, 0x72A3, 0x6A82, 0x72A2,
    0x72A2, 0x72A2, 0x7282, 0x5A22, 0x5A21, 0x72A2, 0x6A82, 0x72A2, 0x72C2, 0x6242, 0x6A82, 0x72A3,
    0x6A62, 0x72C2, 0x7AE3, 0x6A62, 0x6A82, 0x7B03, 0x7AC3, 0x6A62, 0x72C3, 0x6A82, 0x5A01, 0x6A82,
    0x6262, 0x6A82, 0x6A82, 0x72A2, 0x72A2, 0x72A2, 0x6A62, 0x6AA2, 0x72A2, 0x72C3, 0x72A2, 0x6262,
    0x6A62, 0x6A82, 0x6262, 0x6262, 0x72A2, 0x72A2, 0x6A82, 0x72A2, 0x6A82, 0x6A82, 0x72A2, 0x6242,
    0x6242, 0x6262, 0x6A62, 0x6241, 0x6A82, 0x6A82, 0x72A2, 0x72A2, 0x72A2, 0x72A2, 0x72A2, 0x6242,
    0x6A82, 0x6AA2, 0x72A2, 0x72A2, 0x6A62, 0x6241, 0x6A82, 0x6242, 0x6242, 0x6221, 0x6242, 0x72A2,
    0x72C2, 0x6A62, 0x6A82, 0x6A62, 0x6242, 0x6242, 0x72A2, 0x6242, 0x7AE3, 0x8323, 0x72A2, 0x6262,
    0x7AC3, 0x72C3, 0x5A22, 0x5A21, 0x5A21, 0x6A82, 0x72A2, 0x6A82, 0x6A62, 0x72A2, 0x6A62, 0x72A2,
    0x6A82, 0x6A82, 0x72A2, 0x5A21, 0x6221, 0x6A62, 0x6A82, 0x6241, 0x6A62, 0x5A22, 0x51E1, 0x6242,
    0x72A2, 0x6A82, 0x6A82, 0x6242, 0x6242, 0x6A62, 0x6A62, 0x6A82, 0x6A62, 0x6242, 0x6A62, 0x6A82,
    0x7AE3, 0x72A2, 0x72A2, 0x6A62, 0x6242, 0x6242, 0x72A2, 0x7AE3, 0x6A82, 0x72A2, 0x72A2, 0x6242,
    0x5A22, 0x6241, 0x6221, 0x6A82, 0x72C2, 0x6262, 0x6242, 0x6242, 0x6262, 0x5A21, 0x6A62, 0x6A62,
    0x6A62, 0x72C3, 0x6262, 0x6A62, 0x72A3, 0x72A2, 0x6262, 0x5A21, 0x6241, 0x72A2, 0x6A82, 0x72C3,
    0x72A3, 0x7AE3, 0x72A2, 0x6A62, 0x6A82, 0x72A2, 0x6A82, 0x5A01, 0x5A01, 0x6A62, 0x72A2, 0x6A61,
    0x72C3, 0x6A82, 0x6262, 0x72A3, 0x7AE3, 0x72A2, 0x6A82, 0x6242, 0x5A22, 0x6A82, 0x72A2, 0x7AE3,
    0x6A82, 0x6A82, 0x72A3, 0x72A3, 0x72C3, 0x72C2, 0x6AA2, 0x72A2, 0x6262, 0x6A82, 0x72C2, 0x72A2,
    0x6AA2, 0x6A82, 0x6A82, 0x6A62, 0x6A62, 0x6242, 0x6242, 0x72A2, 0x7AE3, 0x6AA2, 0x6A62, 0x6242,
    0x6A82, 0x6262, 0x6A82, 0x6A82, 0x72A2, 0x7AE3, 0x72C3, 0x6A82, 0x7AE3, 0x72C2, 0x72A2, 0x72A2,
    0x6A62, 0x7282, 0x6242, 0x6A62, 0x6242, 0x6A82, 0x6A82, 0x6A62, 0x72A2, 0x72C3, 0x6AA2, 0x6242,
    0x6242, 0x6242, 0x6A82, 0x72A2, 0x72C3, 0x6AA2, 0x6262, 0x6242, 0x6A82, 0x6262, 0x6A62, 0x6242,
    0x6242, 0x6262, 0x72A2, 0x6242, 0x6A82, 0x6A62, 0x6242, 0x6262, 0x6A62, 0x72C3, 0x6A82, 0x6A62,
    0x72A2, 0x5A22, 0x6221, 0x6A62, 0x6A62, 0x5A21, 0x6A62, 0x6A62, 0x6A62, 0x5A22, 0x6A62, 0x7AC3,
    0x72C2, 0x6A62, 0x7AE3, 0x72A2, 0x6A62, 0x6A62, 0x72A2, 0x6242, 0x6A82, 0x7B03, 0x72C3, 0x6242,
    0x6A62, 0x6A62, 0x6A62, 0x5A21, 0x6A62, 0x6A82, 0x6242, 0x6A82, 0x6A62, 0x6242, 0x6242, 0x6A82,
    0x6A82, 0x6A62, 0x72C3, 0x6242, 0x6242, 0x5A21, 0x6242, 0x6A82, 0x72A2, 0x6A82, 0x6222, 0x5A22,
    0x6A82, 0x6A82, 0x6A82, 0x6242, 0x6A82, 0x6AA2, 0x72C3, 0x6A82, 0x72A2, 0x6AA3, 0x6A82, 0x72C3,
    0x6A82, 0x72C3, 0x6A62, 0x6A82, 0x72A2, 0x6242, 0x6262, 0x6A82, 0x6A82, 0x6262, 0x72A2, 0x72A2,
    0x6A62, 0x72A3, 0x6A82, 0x6A82, 0x6A82, 0x72A2, 0x7B03, 0x7AC3, 0x7AE3, 0x72A3, 0x7282, 0x6AA2,
    0x6A82, 0x7B03, 0x72A2, 0x6A62, 0x6A82, 0x72C2, 0x6A62, 0x6242, 0x72A2, 0x72A2, 0x6A82, 0x7AE3,
    0x72C3, 0x6A62, 0x6A82, 0x72A2, 0x72A2, 0x72C2, 0x8303, 0x6AA2, 0x6A82, 0x6A62, 0x6222, 0x72A3,
    0x6262, 0x6242, 0x6222, 0x6A62, 0x6A82, 0x72A2, 0x72A2, 0x6262, 0x6A62, 0x72C2, 0x72A2, 0x6AA2,
    0x72C3, 0x72A3, 0x72A3, 0x72C3, 0x72A2, 0x72A2, 0x72C3, 0x7AE3, 0x72A2, 0x6A82, 0x6A82, 0x6A62,
    0x6242, 0x72A2, 0x7AC3, 0x6A82, 0x6A82, 0x72A2, 0x72C3, 0x6A82, 0x72A2, 0x7B03, 0x7B03, 0x72A2,
    0x7B03, 0x72C3, 0x6A82, 0x7AE3, 0x7B03, 0x7B03, 0x72C3, 0x72A2, 0x72C2, 0x72C2, 0x72A2, 0x72A2,
    0x6A82, 0x6A82, 0x6A82, 0x72A3, 0x6A82, 0x6AA2, 0x6A82, 0x6A62, 0x6A62, 0x72A2, 0x72A2, 0x72C3,
    0x72C3, 0x72A3, 0x6A62, 0x72A2, 0x5A21, 0x6242, 0x6222, 0x6A62, 0x72C3, 0x6A62, 0x6A82, 0x6242,
    0x6A82, 0x72A2, 0x72A2, 0x5A22, 0x6A62, 0x6262, 0x6A82, 0x6AA2, 0x6242, 0x6242, 0x72A2, 0x6A62,
    0x6242, 0x5A01, 0x6242, 0x72C2, 0x6A82, 0x72A2, 0x72C3, 0x6A82, 0x6242, 0x72A2, 0x7AC3, 0x72C2,
    0x6A62, 0x7B03, 0x7B03, 0x7AE3, 0x6A82, 0x72A2, 0x6A82, 0x6A82, 0x72C2, 0x72C2, 0x7AE3, 0x6A82,
    0x72C3, 0x72A2, 0x72C2, 0x6A62, 0x6A82, 0x6242, 0x5A22, 0x72A2, 0x6A82, 0x6242, 0x6242, 0x6242,
    0x6242, 0x6242, 0x6A62, 0x6A82, 0x72C3, 0x6A62, 0x5A21, 0x6242, 0x6A82, 0x6A82, 0x6262, 0x72C3,
    0x6A82, 0x6262, 0x6242, 0x6242, 0x6221, 0x6A62, 0x6A82, 0x6A62, 0x6A82, 0x6A82, 0x72A2, 0x72A2,
    0x6A62, 0x6A82, 0x72A2, 0x5A21, 0x5A01, 0x5A01, 0x6242, 0x72A2, 0x72C2, 0x6A82, 0x7AC3, 0x72C3,
    0x6A62, 0x6A82, 0x6A82, 0x6A82, 0x6A62, 0x6A82, 0x6242, 0x6A82, 0x6262, 0x6242, 0x6242, 0x6262,
    0x6A82, 0x72C2, 0x7B03, 0x72A2, 0x72A2, 0x72A2, 0x72C2, 0x6A82, 0x6A82, 0x6221, 0x5A21, 0x6A82,
    0x72A2, 0x6242, 0x6242, 0x6242, 0x6242, 0x6242, 0x72A2, 0x6A82, 0x7AC3, 0x72C3, 0x6A82, 0x72C3,
    0x72A2, 0x7AE3, 0x72A2, 0x72C2, 0x72A2, 0x6A62, 0x6A62, 0x72A2, 0x72A2, 0x6A82, 0x7282, 0x7AC3,
    0x72C2, 0x72A2, 0x7AC3, 0x72C3, 0x72A2, 0x6A62, 0x6242, 0x6222, 0x6A62, 0x6AA2, 0x72A2, 0x72A2,
    0x72A2, 0x72A2, 0x72A2, 0x6A62, 0x5A21, 0x6242, 0x6A82, 0x6A82, 0x72A2, 0x6A62, 0x6242, 0x6A82,
    0x6A82, 0x6A82, 0x6AA2, 0x6A82, 0x6AA2, 0x6AA2, 0x72C2, 0x72A2, 0x72A2, 0x72C2, 0x6A82, 0x72A2,
    0x72A2, 0x6A82, 0x6262, 0x6A82, 0x72A2, 0x6AA2, 0x7AE3, 0x72C3, 0x6A62, 0x72A2, 0x72C2, 0x72C3,
    0x7AC3, 0x72A3, 0x72A2, 0x6262,
};
#define TEXTURE_CARPET_MIP2_SIZE 32
static const uint16_t TEXTURE_CARPET_MIP2_PIXELS[1024] __attribute__((aligned(16))) = {
    0x7AE3, 0x6A82, 0x6A82, 0x6A62, 0x72A2, 0x6A62, 0x6242, 0x6AA2, 0x72A2, 0x6262, 0x6242, 0x6A62,
    0x72A2, 0x6A82, 0x6262, 0x72A2, 0x6A82, 0x72A2, 0x6A82, 0x6AA2, 0x6AA3, 0x6A82, 0x72C3, 0x72A2,
    0x6262, 0x6A62, 0x72A2, 0x6A82, 0x72C3, 0x6AA2, 0x72C2, 0x72A2, 0x72A3, 0x6A82, 0x72A2, 0x6A62,
    0x72A2, 0x6A62, 0x6A62, 0x72A2, 0x72A2, 0x6242, 0x6A82, 0x6A62, 0x6A82, 0x6A82, 0x6A82, 0x6A82,
    0x72A2, 0x72A2, 0x6A82, 0x6222, 0x6A62, 0x6A82, 0x72A2, 0x6242, 0x6A82, 0x72A2, 0x6A82, 0x72A2,
    0x6AA2, 0x72C3, 0x6A82, 0x6A62, 0x72A3, 0x6262, 0x6262, 0x6A82, 0x6A62, 0x6241, 0x6242, 0x6A62,
    0x6A82, 0x6A82, 0x6A82, 0x6242, 0x6A82, 0x72C3, 0x72A2, 0x7AE3, 0x72C3, 0x6A82, 0x6242, 0x6242,
    0x6A82, 0x6A62, 0x6A82, 0x72A2, 0x72A2, 0x6AA2, 0x6AA2, 0x6A62, 0x6AA2, 0x6A82, 0x6A62, 0x6242,
    0x6A82, 0x6AA2, 0x6A82, 0x72A2, 0x6A82, 0x6A62, 0x6A82, 0x72C3, 0x72C2, 0x72A2, 0x7AE3, 0x72A2,
    0x72C2, 0x72A2, 0x72C2, 0x7AE3, 0x7AE3, 0x6A62, 0x72C3, 0x72A2, 0x7282, 0x7AE3, 0x72C2, 0x7AE3,
    0x72A2, 0x72C2, 0x7AE3, 0x72C2, 0x72C2, 0x6A82, 0x6A62, 0x6262, 0x72C2, 0x72C2, 0x6AA2, 0x6AA2,
    0x6A82, 0x6262, 0x6A62, 0x7AE3, 0x72C3, 0x6A82, 0x7AE3, 0x72A2, 0x72C2, 0x6A82, 0x6A82, 0x72A2,
    0x6A82, 0x72A2, 0x72A2, 0x72A2, 0x7AE3, 0x72A2, 0x72A2, 0x72A2, 0x72A2, 0x6AA2, 0x72A2, 0x6A62,
    0x6A82, 0x6262, 0x6A62, 0x6A82, 0x72A2, 0x6242, 0x5A22, 0x5A01, 0x6A62, 0x6A62, 0x6242, 0x6262,
    0x6A82, 0x6262, 0x6242, 0x6A82, 0x6242, 0x6262, 0x5A21, 0x6242, 0x6262, 0x72A2, 0x6A82, 0x6A82,
    0x72A2, 0x6242, 0x6A82, 0x6A82, 0x6A82, 0x6A62, 0x6262, 0x6A62, 0x6242, 0x6A62, 0x6242, 0x6242,
    0x72C3, 0x6262, 0x6242, 0x5A22, 0x6A62, 0x6A82, 0x6A62, 0x6262, 0x72A2, 0x6A82, 0x6A62, 0x72A2,
    0x6242, 0x6A62, 0x6A62, 0x6A82, 0x6A82, 0x72C3, 0x72A2, 0x72C2, 0x72C3, 0x72A2, 0x72C3, 0x7282,
    0x72A2, 0x72A2, 0x6A82, 0x6A82, 0x6262, 0x6A82, 0x6A82, 0x6A62, 0x6A82, 0x6A82, 0x6A62, 0x6262,
    0x6262, 0x6A82, 0x6A82, 0x6262, 0x6A82, 0x72A2, 0x72A2, 0x72A2, 0x6A62, 0x72A2, 0x72A2, 0x6A82,
    0x6A62, 0x6AA2, 0x6A82, 0x6A82, 0x6A62, 0x6A62, 0x72A2, 0x6A82, 0x6A82, 0x6A62, 0x6A82, 0x72A2,
    0x6262, 0x6262, 0x6A82, 0x6A62, 0x6A82, 0x6262, 0x6A62, 0x6242, 0x6A82, 0x6242, 0x6A82, 0x6A62,
    0x72C2, 0x6262, 0x6A82, 0x6A62, 0x6A62, 0x72A2, 0x6A82, 0x6242, 0x6A62, 0x6A62, 0x6A82, 0x72A2,
    0x6262, 0x5A22, 0x6A62, 0x6A62, 0x6A82, 0x72A2, 0x6A82, 0x6A82, 0x6262, 0x6A82, 0x72C3, 0x6A82,
    0x72C2, 0x6A82, 0x6A82, 0x72A2, 0x6AA2, 0x6A62, 0x72A2, 0x72A2, 0x72C2, 0x6A82, 0x72A2, 0x72A2,
    0x72C2, 0x7AC3, 0x72C2, 0x72C2, 0x72C3, 0x7AC3, 0x72C3, 0x72C3, 0x72C3, 0x6A82, 0x7AE3, 0x7AC3,
    0x6A82, 0x72A2, 0x72C3, 0x7AE3, 0x72A2, 0x72C3, 0x7AE3, 0x72C3, 0x6A82, 0x6A82, 0x6A82, 0x72C2,
    0x6AA2, 0x6A82, 0x72A2, 0x72C2, 0x7AE3, 0x6AA2, 0x6A82, 0x6A82, 0x72A2, 0x7AC2, 0x72C3, 0x7AE3,
    0x7AE3, 0x72C2, 0x72A2, 0x6AA2, 0x72C3, 0x72A2, 0x7AE3, 0x7AE3, 0x72C2, 0x7AE3, 0x7AE3, 0x72C3,
    0x72A2, 0x6A82, 0x72C2, 0x6A62, 0x6A82, 0x6A62, 0x6A82, 0x6A62, 0x6A82, 0x6A82, 0x72A2, 0x6262,
    0x6A62, 0x6262, 0x6262, 0x6A82, 0x6262, 0x72A2, 0x6A82, 0x6A62, 0x6A82, 0x6A82, 0x6A82, 0x6A62,
    0x6A82, 0x6A62, 0x72A2, 0x6242, 0x6A62, 0x72A2, 0x72A2, 0x6242, 0x6A82, 0x72A2, 0x6A82, 0x6221,
    0x7AE3, 0x72A2, 0x7AE3, 0x72C2, 0x7AE3, 0x72C2, 0x6A82, 0x72A2, 0x72A2, 0x72A2, 0x72C3, 0x72C2,
    0x72C2, 0x72A2, 0x6A82, 0x6A82, 0x72A2, 0x72A2, 0x7AE3, 0x7AE3, 0x72C3, 0x6A82, 0x7AC3, 0x72A2,
    0x6A62, 0x6A82, 0x72C2, 0x6A62, 0x6262, 0x6A82, 0x72A2, 0x72C3, 0x7B03, 0x6A82, 0x72A2, 0x6242,
    0x6A82, 0x6A82, 0x6A62, 0x72A2, 0x72A2, 0x6A82, 0x6A82, 0x7AC3, 0x6242, 0x6262, 0x6A82, 0x6A62,
    0x6AA2, 0x6A62, 0x6A82, 0x72A2, 0x7282, 0x6A82, 0x72A2, 0x72A2, 0x6A82, 0x72A2, 0x72A2, 0x6A62,
    0x6242, 0x6242, 0x6A62, 0x72A2, 0x6AA2, 0x7AE3, 0x6A82, 0x72A2, 0x7AE3, 0x72C3, 0x72A2, 0x72A2,
    0x72C3, 0x72A2, 0x72A2, 0x72A2, 0x72A2, 0x6A82, 0x6A82, 0x6A82, 0x72A2, 0x72A2, 0x72A2, 0x7AE3,
    0x7AE3, 0x7AC3, 0x7AE3, 0x7AE3, 0x72A2, 0x7AE3, 0x7AC3, 0x72A2, 0x6A82, 0x6A82, 0x6A82, 0x72C2,
    0x72C2, 0x7AE3, 0x72A2, 0x72C2, 0x8303, 0x72C2, 0x6A82, 0x72C3, 0x72A2, 0x72A2, 0x7AE3, 0x72C2,
    0x72A2, 0x72C3, 0x7AE3, 0x72C3, 0x72C2, 0x6A82, 0x72C3, 0x72C3, 0x7B03, 0x7AE3, 0x7AC3, 0x72C3,
    0x7282, 0x72C3, 0x7AE3, 0x72C2, 0x6AA2, 0x6A82, 0x6A82, 0x72A2, 0x72C3, 0x72A2, 0x72A2, 0x7AE3,
    0x7B03, 0x6AA2, 0x72A2, 0x72A3, 0x72A2, 0x6A82, 0x72A2, 0x72C2, 0x7282, 0x7AE3, 0x72A2, 0x6A62,
    0x6A82, 0x6AA2, 0x6A82, 0x72A2, 0x7AE3, 0x7AE3, 0x7B03, 0x7AC3, 0x6A82, 0x72A2, 0x72C3, 0x6A62,
    0x6262, 0x6A82, 0x6A62, 0x72C3, 0x6242, 0x6262, 0x6242, 0x6222, 0x6242, 0x5A21, 0x6262, 0x6A82,
    0x72C3, 0x6A62, 0x6241, 0x6A82, 0x72A2, 0x6A82, 0x6A62, 0x6A82, 0x72A2, 0x6A62, 0x5A22, 0x6242,
    0x6A82, 0x6242, 0x6A62, 0x5A21, 0x6262, 0x6A62, 0x6A82, 0x6262, 0x6222, 0x6242, 0x6242, 0x6242,
    0x72A2, 0x72A2, 0x6A82, 0x6A82, 0x72C2, 0x6A82, 0x6A82, 0x72C2, 0x72C3, 0x7282, 0x72A2, 0x72A2,
    0x72C2, 0x72A2, 0x72A2, 0x6A82, 0x6A82, 0x7AC2, 0x72A2, 0x6262, 0x72A3, 0x72A2, 0x6A82, 0x6A82,
    0x72C2, 0x72A2, 0x6A82, 0x72A2, 0x72C3, 0x72A2, 0x72C3, 0x72C3, 0x72C3, 0x72A2, 0x72A2, 0x6A82,
    0x72C3, 0x6242, 0x72A2, 0x72A2, 0x7AC3, 0x72C2, 0x6AA2, 0x6A82, 0x72A2, 0x7AC3, 0x72A2, 0x6A82,
    0x6A82, 0x6A82, 0x6A62, 0x6262, 0x6A82, 0x6A82, 0x6A62, 0x6242, 0x6A82, 0x72A2, 0x6A62, 0x6A82,
    0x6A82, 0x6242, 0x72A3, 0x7AC3, 0x6262, 0x6A82, 0x6A82, 0x6242, 0x72A2, 0x6242, 0x6A82, 0x6A62,
    0x6A62, 0x6AA2, 0x6242, 0x7282, 0x6A82, 0x6A82, 0x6A62, 0x6A62, 0x6A62, 0x7AE3, 0x6A62, 0x6A62,
    0x72A2, 0x6242, 0x6242, 0x6A82, 0x6A62, 0x6A82, 0x6242, 0x6A62, 0x6262, 0x6242, 0x6A62, 0x72A3,
    0x72A3, 0x6A82, 0x72A2, 0x6A41, 0x6222, 0x6242, 0x72A2, 0x6A62, 0x72A2, 0x6A62, 0x6A82, 0x6A82,
    0x6241, 0x6A82, 0x6262, 0x6242, 0x6242, 0x72A2, 0x7282, 0x6A82, 0x6A82, 0x6A82, 0x6A62, 0x6242,
    0x6242, 0x6A82, 0x6A62, 0x6A62, 0x6242, 0x6242, 0x6A62, 0x6A82, 0x72C3, 0x6A82, 0x6A82, 0x72A2,
    0x6A82, 0x6A82, 0x72C2, 0x72A2, 0x6A82, 0x6A82, 0x6A62, 0x6A82, 0x6A82, 0x72A2, 0x6A62, 0x6A82,
    0x72A2, 0x6A82, 0x72A2, 0x6A82, 0x72A2, 0x6A62, 0x72A2, 0x72A2, 0x72A2, 0x6A82, 0x72C2, 0x7AE3,
    0x6AA2, 0x72A2, 0x72A2, 0x72A3, 0x72C3, 0x72A2, 0x6AA2, 0x6A82, 0x6A82, 0x6A82, 0x6A82, 0x72A2,
    0x72A2, 0x6A62, 0x6242, 0x72C2, 0x6A82, 0x6A82, 0x6A82, 0x72A2, 0x6A82, 0x6A62, 0x6262, 0x6A82,
    0x6A62, 0x6242, 0x72C3, 0x72A2, 0x72C2, 0x72A2, 0x72A2, 0x6A82, 0x6A82, 0x6A62, 0x6A82, 0x6A82,
    0x72C3, 0x6A62, 0x6A82, 0x7282, 0x72C3, 0x72A2, 0x72A2, 0x7AC3, 0x7282, 0x6A62, 0x72A2, 0x7AC3,
    0x6A82, 0x72C2, 0x6A62, 0x72C2, 0x72A2, 0x6A82, 0x7AC3, 0x72C3, 0x6A82, 0x6262, 0x6A82, 0x7282,
    0x72A2, 0x72C2, 0x7AE3, 0x6A82, 0x6A62, 0x6A62, 0x6A82, 0x6A82, 0x72A2, 0x6242, 0x6A82, 0x72A2,
    0x72C3, 0x6A62, 0x6A82, 0x72A2, 0x6A82, 0x6A82, 0x7AE3, 0x72A2, 0x6A82, 0x72A2, 0x72A2, 0x72A2,
    0x6A82, 0x72A2, 0x7AE3, 0x72A2, 0x72A2, 0x6A62, 0x72A2, 0x7282, 0x72A2, 0x72A2, 0x6A82, 0x72C3,
    0x6A82, 0x72C3, 0x72A2, 0x6A82, 0x72C2, 0x72A2, 0x72C2, 0x7AE3, 0x7AE3, 0x72A2, 0x72C3, 0x72C2,
    0x7AC3, 0x7AE3, 0x7AE3, 0x72A2, 0x7B03, 0x72C2, 0x72A2, 0x7AE3, 0x72A2, 0x72C2, 0x7AE3, 0x72A2,
    0x72C2, 0x72A2, 0x7AE3, 0x72C3, 0x6A82, 0x72A2, 0x72A2, 0x72A2, 0x72A2, 0x6AA2, 0x6AA2, 0x72C2,
    0x72A2, 0x72A2, 0x6A82, 0x6A82, 0x6A82, 0x6A62, 0x6A82, 0x72A2, 0x72A2, 0x6A82, 0x6A82, 0x72A2,
    0x6A82, 0x6A62, 0x6242, 0x6A82, 0x6A82, 0x6A82, 0x6A62, 0x6A82, 0x7AE3, 0x6A82, 0x72A2, 0x6222,
    0x6262, 0x6A82, 0x6A82, 0x6A82, 0x72A2, 0x6A62, 0x6262, 0x6262, 0x6A82, 0x6242, 0x72A2, 0x6A62,
    0x6262, 0x72A2, 0x6A62, 0x6A82, 0x72C2, 0x6A82, 0x6262, 0x72A2, 0x6AA2, 0x6A62, 0x6242, 0x6A62,
    0x72A2, 0x6242, 0x6262, 0x6A62, 0x72A2, 0x6A82, 0x72C3, 0x6A62, 0x6A62, 0x6A82, 0x72A2, 0x6A82,
    0x72A2, 0x6262, 0x6242, 0x6A82, 0x72A2, 0x6242, 0x6A82, 0x6262, 0x6A62, 0x6A82, 0x6A82, 0x6A82,
    0x72A2, 0x6A62, 0x6A62, 0x6262, 0x6262, 0x6A82, 0x6A62, 0x6A82, 0x6A82, 0x7AC3, 0x72A2, 0x6A82,
    0x72C3, 0x6A82, 0x6A82, 0x6242, 0x6A82, 0x6A82, 0x6A62, 0x6A82, 0x6A82, 0x72A2, 0x6242, 0x6A62,
    0x6242, 0x6242, 0x6A82, 0x6A62, 0x6AA2, 0x6A82, 0x6A82, 0x72A2, 0x6A62, 0x72A2, 0x6262, 0x6A82,
    0x6A82, 0x72A2, 0x6A82, 0x72A2, 0x72C2, 0x7AE3, 0x72C3, 0x6A82, 0x7AE3, 0x72A2, 0x72C2, 0x72A2,
    0x6A62, 0x6A82, 0x6A82, 0x6262, 0x6A62, 0x6A82, 0x72A3, 0x6262, 0x72A2, 0x6AA2, 0x6A82, 0x6A62,
    0x6A62, 0x72A2, 0x72A2, 0x72A2, 0x6A82, 0x6242, 0x6242, 0x6A82, 0x72A2, 0x72A2, 0x6242, 0x6A82,
    0x6A82, 0x6A62, 0x6A62, 0x6A62, 0x6AA2, 0x72C2, 0x72A2, 0x72A2, 0x6A62, 0x6262, 0x6A82, 0x6A82,
    0x6A62, 0x72A2, 0x72C3, 0x6A82,
};
#define TEXTURE_CARPET_MIP3_SIZE 16
static const uint16_t TEXTURE_CARPET_MIP3_PIXELS[256] __attribute__((aligned(16))) = {
    0x72A2, 0x6A82, 0x6A82, 0x6A82, 0x6A82, 0x6A62, 0x6A82, 0x6A82, 0x72A2, 0x6A62, 0x6A82, 0x6AA2,
    0x6A62, 0x6A82, 0x72A2, 0x6AA2, 0x6A82, 0x6A82, 0x6262, 0x6A82, 0x72A2, 0x72A2, 0x72A2, 0x72C3,
    0x72A2, 0x6A82, 0x72A2, 0x72A2, 0x72A2, 0x72A2, 0x6A82, 0x6262, 0x6A82, 0x6262, 0x6A62, 0x6A82,
    0x6A82, 0x6A82, 0x6A82, 0x6262, 0x6A82, 0x6AA2, 0x72A2, 0x6AA2, 0x6A82, 0x6A82, 0x6262, 0x6262,
    0x6A82, 0x6242, 0x6A62, 0x6A62, 0x72A2, 0x6A82, 0x6A62, 0x6A82, 0x6A82, 0x72A2, 0x6A82, 0x72A2,
    0x6A82, 0x6A82, 0x6A62, 0x6A62, 0x6A82, 0x6A62, 0x6A62, 0x6A82, 0x6A82, 0x6A82, 0x72A2, 0x6A82,
    0x72A2, 0x72A2, 0x6A62, 0x72A2, 0x6A82, 0x72A2, 0x6A82, 0x72C3, 0x6A82, 0x6A82, 0x6A82, 0x72A2,
    0x6A82, 0x6A62, 0x72A2, 0x72A2, 0x72A2, 0x6A82, 0x72A2, 0x72A2, 0x72A2, 0x72A2, 0x6AA2, 0x6A62,
    0x72C3, 0x72A2, 0x72A2, 0x6A82, 0x72A2, 0x72A2, 0x6A82, 0x6A82, 0x6A82, 0x72C2, 0x6A82, 0x72A2,
    0x6A82, 0x6A82, 0x6262, 0x72A2, 0x72C2, 0x72A2, 0x7AE3, 0x72A2, 0x72A2, 0x72C2, 0x72A2, 0x72A2,
    0x72A2, 0x72C3, 0x7AE3, 0x7AC3, 0x72C3, 0x72C2, 0x6A82, 0x72A2, 0x6A82, 0x6A82, 0x6A82, 0x6A82,
    0x72A2, 0x6A82, 0x72A2, 0x6A82, 0x6A82, 0x6262, 0x72A2, 0x6A82, 0x6A82, 0x6A82, 0x6242, 0x6A62,
    0x72A2, 0x6A82, 0x6A82, 0x72A2, 0x72A2, 0x6A82, 0x72A2, 0x72A2, 0x6A82, 0x6A62, 0x72A2, 0x6A62,
    0x72A2, 0x6A82, 0x6A82, 0x72C3, 0x6A82, 0x6A62, 0x6262, 0x6A82, 0x6A82, 0x6A82, 0x6A62, 0x6262,
    0x6A82, 0x6A82, 0x6A62, 0x6262, 0x6A62, 0x6A62, 0x6242, 0x6A82, 0x72A2, 0x6A82, 0x6A82, 0x72A2,
    0x6A82, 0x6A82, 0x6A82, 0x6A82, 0x6A82, 0x6A82, 0x6A62, 0x72A2, 0x72A2, 0x72A2, 0x6A82, 0x6A82,
    0x6A82, 0x6A82, 0x72A2, 0x72A2, 0x6A82, 0x72C3, 0x6AA2, 0x72A2, 0x72A2, 0x72C3, 0x6A82, 0x72A2,
    0x72A2, 0x72A2, 0x6A82, 0x6A82, 0x72A2, 0x72A2, 0x72A2, 0x72A2, 0x72C2, 0x72A2, 0x72A2, 0x6A82,
    0x72A2, 0x72A2, 0x72A2, 0x72A2, 0x6A82, 0x6AA2, 0x6A82, 0x6A82, 0x6262, 0x6A82, 0x6A82, 0x6A82,
    0x7282, 0x6A62, 0x6A82, 0x6A62, 0x6A82, 0x6A82, 0x72A2, 0x6A82, 0x6A82, 0x6A82, 0x6A82, 0x6262,
    0x6A62, 0x6A62, 0x6A82, 0x72A2, 0x6A62, 0x6A62, 0x72A2, 0x6A82, 0x72A2, 0x6A82, 0x72C2, 0x72A2,
    0x6A62, 0x6A82, 0x6A82, 0x6A82,
};
#endif /* BACKROOMS_GENERATED_TEXTURE_CARPET_H */
