/* Generated by tools/convert_textures.py. Do not edit manually. */
#ifndef BACKROOMS_GENERATED_TEXTURE_DOOR_H
#define BACKROOMS_GENERATED_TEXTURE_DOOR_H
#include <stdint.h>
#define TEXTURE_DOOR_WIDTH 128
#define TEXTURE_DOOR_HEIGHT 128
static const uint16_t TEXTURE_DOOR_PIXELS[16384] __attribute__((aligned(16))) = {
    0xFFFF, 0xFFFF, 0xFFFF, 0xFFFF, 0xFFFF, 0xFFFF, 0xFFFF, 0x7B67, 0x8BE9, 0x7B68, 0x7B68, 0x7348,
    0x7327, 0x7B88, 0x7B88, 0x7347, 0x7347, 0x7347, 0x7B68, 0x7347, 0x7327, 0x7368, 0x7B68, 0x7B68,
    0x7B88, 0x83A9, 0x7BA9, 0x7B88, 0x7B88, 0x7B68, 0x7347, 0x7347, 0x7B67, 0x7B68, 0x7B88, 0x7B88,
    0x7B68, 0x7B68, 0x7B88, 0x83A8, 0x83A9, 0x7B89, 0x83A9, 0x8389, 0x7B88, 0x7B88, 0x7B88, 0x7B68,
    0x7B68, 0x7B68, 0x7B88, 0x7B88, 0x7BA8, 0x83A9, 0x7B67, 0x7B68, 0x7B88, 0x7B88, 0x7B88, 0x7B88,
    0x7B67, 0x7B68, 0x7B68, 0x7B88, 0x7B48, 0x83A9, 0x7B68, 0x8389, 0x7B88, 0x7B88, 0x7B68, 0x7B68,
    0x7B68, 0x7B68, 0x7B68, 0x7347, 0x7327, 0x7B47, 0x7327, 0x7B48, 0x7B68, 0x7B68, 0x7B67, 0x7347,
    0x7B68, 0x7B88, 0x7B88, 0x7348, 0x7347, 0x7B68, 0x7347, 0x7368, 0x7347, 0x7348, 0x7B47, 0x7327,
    0x7B88, 0x7348, 0x7B88, 0x7347, 0x7B68, 0x7347, 0x7B68, 0x7B88, 0x7B68, 0x7B88, 0x7B88, 0x7B68,
    0x7B68, 0x7B48, 0x7B68, 0x7327, 0x7327, 0x7347, 0x7348, 0x6B06, 0x7348, 0x7348, 0x7347, 0x83C9,
    0xDEB9, 0xFFFF, 0xFFFF, 0xFFFF, 0xFFFF, 0xFFFF, 0xFFFF, 0xFFFF, 0xFFFF, 0xFFFF, 0xFFFF, 0xFFFF,
    0xFFFF, 0xFFFF, 0xFFFF, 0x7B87, 0x6AE6, 0x9429, 0x942A, 0x8BE8, 0x942A, 0x9C6B, 0x9449, 0x9C6A,
    0x9C49, 0xA4AB, 0x9C6B, 0x9C4A, 0x9C49, 0x942A, 0xA48B, 0x9C8B, 0xA48B, 0xA48B, 0xA48B, 0x9C6A,
    0x9C6A, 0x9C6A, 0x9C8B, 0x9C8B, 0xA48B, 0x9C8B, 0xA4AC, 0x9C6B, 0xA4AC, 0xA48B, 0xA48C, 0x9C8B,
    0x9C8B, 0x9C6B, 0xA48C, 0x9C8B, 0x9C6B, 0x9C8B, 0x9C8C, 0xA4AC, 0x9C8B, 0xA48C, 0x9C8B, 0x9C6B,
    0xA4AC, 0xA48C, 0xA48C, 0xA4AC, 0xA4AC, 0xA4AC, 0x9C6B, 0x9C8B, 0xA48C, 0x9C4B, 0x9C6A, 0x9C8B,
    0xA48B, 0x9C8B, 0x9C6B, 0x9C4A, 0x9C6B, 0xA4AB, 0x9C4A, 0x8BE8, 0x9C8B, 0xA48B, 0x9C8B, 0xA48B,
    0x9C8C, 0xA48B, 0x9C6B, 0xA4CC, 0x9C8B, 0x9C6B, 0x9C4A, 0xA4AC, 0x9C8B, 0xA4AC, 0x9C6B, 0xA4AC,
    0x9C4A, 0x9409, 0x9C4B, 0x9C6B, 0x9C4B, 0x942A, 0x944A, 0x9C6B, 0x9C6B, 0x9C8B, 0x9C6B, 0x9C6B,
    0x9C4B, 0x9C6B, 0x942A, 0x9C6B, 0x9C8B, 0x8C09, 0x940A, 0x9C4A, 0x942A, 0x942A, 0x944A, 0x944A,
    0x9C4A, 0x942A, 0x9C6B, 0x942A, 0x944A, 0x9409, 0x8387, 0x41C3, 0xD698, 0xFFFF, 0xFFFF, 0xFFFF,
    0xFFFF, 0xFFFF, 0xFFFF, 0xFFFF, 0xFFFF, 0xFFFF, 0xFFFF, 0xFFFF, 0xFFFF, 0xFFFF, 0xFFFF, 0x7B87,
    0x62C5, 0x9C4A, 0x7B47, 0x9C6B, 0x942A, 0x5203, 0x9C6A, 0x9C4A, 0x9C6A, 0x9C8B, 0xA48B, 0xA48A,
    0xA4AB, 0x9C6A, 0xA48B, 0xA48B, 0x9C6A, 0x9C6A, 0x9C6A, 0x9C6A, 0x9C6A, 0x9C6A, 0x9C6A, 0x9C8B,
    0x9C6B, 0xA48B, 0x9C8B, 0x9C8B, 0xA4AC, 0x9C6B, 0xA4AC, 0xA48C, 0xA48C, 0x9C8B, 0xA48C, 0x9C6B,
    0xA4AC, 0xA4AC, 0xA4AC, 0x9C8C, 0x9C6B, 0xA4CC, 0xA4AC, 0xA4AC, 0xA48C, 0x9C8B, 0xA4AC, 0xA4AC,
    0xA4AC, 0xACED, 0xA4CD, 0xA48C, 0xA4AC, 0x944A, 0xA4AC, 0xA4AC, 0xA4AC, 0xA4AC, 0xA4AC, 0xA4AC,
    0xA48B, 0x9C8B, 0x9C6A, 0x9C6B, 0x9C6A, 0x9C8B, 0xA4AC, 0x9C8C, 0x942A, 0x9C6B, 0xA48C, 0x9C6A,
    0xA48B, 0xA4AC, 0x9C6B, 0xA4AC, 0x9C6B, 0x9C6B, 0x9C6B, 0x9C8B, 0x9C8B, 0x9C6A, 0x944A, 0x9C8C,
    0xA48C, 0x9C6B, 0x9C6B, 0x9C6B, 0x9C6B, 0x9C8C, 0x9C8C, 0x9CAC, 0xA4AC, 0x7326, 0x9C4A, 0x9C6B,
    0x9C6B, 0x9C6B, 0x944A, 0x9C6B, 0x9C4B, 0x942A, 0x944A, 0x9C6B, 0x944A, 0x942A, 0x942A, 0x8C09,
    0x9429, 0x8C09, 0x944A, 0x3161, 0xD698, 0xFFFF, 0xFFFF, 0xFFFF, 0xFFFF, 0xFFFF, 0xFFFF, 0xFFFF,
    0xFFFF, 0xFFFF, 0xFFFF, 0xFFFF, 0xFFFF, 0xFFFF, 0xFFFF, 0x7B67, 0x62C5, 0x942A, 0x942A, 0xA4AC,
    0x944A, 0x942A, 0x9429, 0x9C6B, 0x9C4A, 0x9C6A, 0x9C6A, 0x9C6A, 0x9C8A, 0x9C8A, 0x9C4A, 0x9C6A,
    0xA48B, 0x9C6A, 0x9C6A, 0x9C8A, 0xA48A, 0x9C6A, 0x9C8A, 0x9C8B, 0x9C8B, 0x9C8B, 0xA48B, 0x9C6B,
    0xA48B, 0x9C8B, 0xA48B, 0xA48B, 0x9C4B, 0xA4AC, 0x9C6B, 0xA48B, 0xA4AC, 0xA48C, 0x9C8B, 0x9C8C,
    0xA48C, 0xA4AC, 0xA4AC, 0xA4CD, 0x9C6B, 0xA4CD, 0xA4AC, 0xA48C, 0xA4AC, 0xA4AC, 0xA4AC, 0x9C8B,
    0xA4AC, 0xA4AC, 0xA4CC, 0xA48B, 0x9C8B, 0xA4AC, 0xA48B, 0xA48B, 0xA4AC, 0x9C6B, 0x9C8B, 0x9C6B,
    0x9C8B, 0x9C6A, 0xA4AC, 0xA4AC, 0xA48B, 0x9C6B, 0xA48C, 0xA4AC, 0xA48C, 0xA48B, 0x9C8B, 0x9C8B,
    0x9C4B, 0x9C4B, 0xA4AB, 0x9C4B, 0x9C8C, 0x9C6B, 0x9C4A, 0x9C6B, 0x9C6B, 0x9C6B, 0x9C6B, 0x9C4A,
    0x9C8B, 0x8BC8, 0x942A, 0x8C09, 0x9C6B, 0x9C6B, 0x9C6B, 0x9C8B, 0x9C6B, 0x944A, 0x9C4A, 0x9C4A,
    0x942A, 0x942A, 0x9C4A, 0x942A, 0x9C4A, 0x9C4A, 0x944A, 0x944A, 0x9C4A, 0x9409, 0x942A, 0x2941,
    0xD698, 0xFFFF, 0xFFFF, 0xFFFF, 0xFFFF, 0xFFFF, 0xFFFF, 0xFFFF, 0xFFFF, 0xFFFF, 0xFFFF, 0xFFFF,
    0xFFFF, 0xFFFF, 0xFFFF, 0x7B67, 0x62C5, 0x942A, 0x9C6B, 0x944A, 0x9C6B, 0x8C0A, 0x62A5, 0x9C6A,
    0x9C8B, 0x944A, 0x9C6B, 0x9C6B, 0x944A, 0x9C6A, 0x9C4A, 0x9C6B, 0x8BE8, 0x9C4A, 0x9C6B, 0x9C6A,
    0x9C6A, 0x9C4A, 0x9C6A, 0x9C6B, 0x9C6B, 0x9C8B, 0xA4AC, 0x9C8C, 0xA4AC, 0x9C4A, 0xA4AC, 0x9C8C,
    0xA4AC, 0x9C6B, 0xA48C, 0xA48C, 0xA4AC, 0x9C4B, 0x9C8C, 0x9C6B, 0x9C4A, 0x9C6B, 0x9C6B, 0x944A,
    0xA4CC, 0xACCD, 0xA4AC, 0xA4AC, 0xA4AD, 0xA4AC, 0xA4AC, 0x9C6B, 0x9C6B, 0xA4AC, 0x9C8B, 0xA48C,
    0x9C8B, 0x9C6B, 0x9C6B, 0x9C8B, 0x9C6B, 0x9C6B, 0x9C6B, 0x9C8B, 0x9C6B, 0x9C4A, 0xA4AC, 0xA48C,
    0x942A, 0xA48C, 0x9C8B, 0xA48C, 0x9C6B, 0x9C6B, 0x9C6B, 0x942A, 0x9C6B, 0x9C6B, 0x9C6B, 0x944B,
    0x9C6B, 0x9C8B, 0x9C4B, 0x9C6B, 0x9C4B, 0x9C4B, 0x9C6B, 0x9C6B, 0x9409, 0x9C6B, 0x9C6B, 0x9C6B,
    0xA48C, 0x9C6B, 0x9409, 0x944A, 0x9C6B, 0x9C4A, 0x9C4A, 0x942A, 0x9C6B, 0x944A, 0x944A, 0x942A,
    0x944B, 0x944B, 0x942A, 0x944A, 0x944A, 0x940A, 0x942A, 0x3141, 0xDEB9, 0xFFFF, 0xFFFF, 0xFFFF,
    0xFFFF, 0xFFFF, 0xFFFF, 0xFFFF, 0xFFFF, 0xFFFF, 0xFFFF, 0xFFFF, 0xFFFF, 0xFFFF, 0xFFFF, 0x7327,
    0x5A64, 0x9C4B, 0x944A, 0x944A, 0x942A, 0x83C8, 0x3141, 0x3982, 0x3182, 0x39E5, 0x39E4, 0x31A2,
    0x3182, 0x3182, 0x39A2, 0x41C3, 0x39C3, 0x39E3, 0x31C3, 0x3A04, 0x3A04, 0x3A45, 0x4287, 0x3225,
    0x3A66, 0x3A45, 0x4265, 0x3A25, 0x4266, 0x4266, 0x3A25, 0x3A25, 0x3A04, 0x39E3, 0x4204, 0x4224,
    0x4224, 0x4204, 0x4245, 0x4246, 0x3A04, 0x39E4, 0x4204, 0x4224, 0x4245, 0x4245, 0x3A25, 0x4286,
    0x4286, 0x3A24, 0x42A7, 0x4286, 0x4266, 0x4A86, 0x4245, 0x4204, 0x41E3, 0x41E3, 0x4203, 0x4224,
    0x4203, 0x4A44, 0x4225, 0x4266, 0x3A25, 0x3A25, 0x3A45, 0x4266, 0x42A7, 0x4267, 0x4266, 0x4204,
    0x4203, 0x4203, 0x4203, 0x4203, 0x4204, 0x41E3, 0x4204, 0x4204, 0x4204, 0x3A04, 0x3A04, 0x4245,
    0x3A45, 0x3A45, 0x3A24, 0x39E4, 0x4224, 0x39E4, 0x4245, 0x39E3, 0x39C3, 0x31C4, 0x3A04, 0x39E4,
    0x3A25, 0x39E4, 0x39A3, 0x3182, 0x31A2, 0x39C3, 0x3A26, 0x39A3, 0x3182, 0x3162, 0x9429, 0x9409,
    0x942A, 0x940A, 0x940A, 0x3982, 0xDEB9, 0xFFFF, 0xFFFF, 0xFFFF, 0xFFFF, 0xFFFF, 0xFFFF, 0xFFFF,
    0xFFFF, 0xFFFF, 0xFFFF, 0xFFFF, 0xFFFF, 0xFFFF, 0xFFFF, 0x7B47, 0x5A44, 0x9C6B, 0x9C4A, 0x942A,
    0x940A, 0x9409, 0x2941, 0x2901, 0x2901, 0x3162, 0x3182, 0x3162, 0x3162, 0x3982, 0x39C3, 0x41E3,
    0x4A04, 0x4203, 0x41E3, 0x41C3, 0x41E3, 0x4204, 0x4A44, 0x4A24, 0x4A44, 0x4A24, 0x41E3, 0x4A24,
    0x4A24, 0x4A24, 0x4203, 0x4A03, 0x4A03, 0x4A23, 0x49E3, 0x41E3, 0x4A03, 0x4A23, 0x4A03, 0x4A03,
    0x41C2, 0x49E3, 0x49C2, 0x4A03, 0x41E2, 0x4A03, 0x4A03, 0x4A23, 0x4A03, 0x4A03, 0x41E3, 0x4A03,
    0x4A03, 0x49E3, 0x49E3, 0x41C2, 0x4A03, 0x49C2, 0x41C2, 0x49E2, 0x49E2, 0x4203, 0x4A03, 0x4A03,
    0x4A24, 0x4A23, 0x4A03, 0x41E3, 0x4203, 0x41C2, 0x41E3, 0x49E3, 0x49E2, 0x4A03, 0x5203, 0x4A03,
    0x5223, 0x4A03, 0x4A03, 0x4A03, 0x4A03, 0x4A03, 0x4A03, 0x4A23, 0x4A23, 0x4A23, 0x4A03, 0x49E3,
    0x4A03, 0x49E3, 0x49E2, 0x41E3, 0x49E3, 0x4A03, 0x4A03, 0x41E3, 0x41E3, 0x41E3, 0x41E3, 0x39A2,
    0x3982, 0x3182, 0x3182, 0x2921, 0x20E1, 0x2942, 0x8BE8, 0x9409, 0x8C09, 0x9C6A, 0x8BE9, 0x2921,
    0xD678, 0xFFFF, 0xFFFF, 0xFFFF, 0xFFFF, 0xFFFF, 0xFFFF, 0xFFFF, 0xFFFF, 0xFFFF, 0xFFFF, 0xFFFF,
    0xFFFF, 0xFFFF, 0xFFFF, 0x7B88, 0x6285, 0x7B46, 0x9C6B, 0x9C6B, 0x942A, 0x942A, 0x2941, 0x3982,
    0x2941, 0x3266, 0x29C4, 0x31E4, 0x31E4, 0x29C3, 0x42A7, 0x4309, 0x4329, 0x4B29, 0x4B8A, 0x4308,
    0x4B08, 0x4B09, 0x5328, 0x5B6A, 0x5349, 0x5B6B, 0x63EC, 0x4AE8, 0x5B28, 0x62E7, 0x5B08, 0x5349,
    0x5349, 0x5349, 0x63CC, 0x5328, 0x63CC, 0x534A, 0x644E, 0x6B89, 0x52A6, 0x52E8, 0x4AC6, 0x52C6,
    0x5B49, 0x5B69, 0x52C7, 0x52C6, 0x5B08, 0x5B29, 0x63AA, 0x63AA, 0x52E8, 0x52E8, 0x5B6A, 0x4AE8,
    0x52A6, 0x4A86, 0x6348, 0x5B49, 0x6349, 0x63AB, 0x5B4A, 0x5308, 0x538B, 0x4AE8, 0x5B8A, 0x5B49,
    0x52A7, 0x636A, 0x5B49, 0x52E8, 0x4A86, 0x5AE7, 0x52C7, 0x62E7, 0x4A44, 0x4A23, 0x4A45, 0x5B29,
    0x52E8, 0x536A, 0x5BAB, 0x4B09, 0x4B29, 0x5BED, 0x42E8, 0x42C8, 0x4B49, 0x4B08, 0x52E8, 0x5AE7,
    0x5B08, 0x4AA6, 0x5308, 0x5329, 0x4B29, 0x4B09, 0x3AA8, 0x3AC8, 0x434A, 0x3AC8, 0x31E4, 0x18E1,
    0x3982, 0x3182, 0x9429, 0x942A, 0x944A, 0x8BE9, 0x8C0A, 0x2921, 0xD698, 0xFFFF, 0xFFFF, 0xFFFF,
    0xFFFF, 0xFFFF, 0xFFFF, 0xFFFF, 0xFFFF, 0xFFFF, 0xFFFF, 0xFFFF, 0xFFFF, 0xFFFF, 0xFFFF, 0x7B67,
    0x6285, 0x9C6B, 0x9C6B, 0x9C4A, 0x944A, 0x942A, 0x39A2, 0x41C2, 0x1A69, 0x18C1, 0x3142, 0x2102,
    0x2122, 0x3161, 0x39A2, 0x3141, 0x3182, 0x31A2, 0x3162, 0x39A2, 0x3162, 0x3982, 0x3982, 0x3162,
    0x41E3, 0x41C3, 0x41C3, 0x4A03, 0x4A03, 0x39A2, 0x41E3, 0x4A03, 0x41E3, 0x41E3, 0x41E3, 0x4A04,
    0x41E3, 0x41E3, 0x41C3, 0x41E3, 0x4A03, 0x41C3, 0x41E3, 0x41E3, 0x4A03, 0x41E3, 0x4A24, 0x4A04,
    0x4A24, 0x5244, 0x4A44, 0x4A24, 0x41C3, 0x49E3, 0x41C2, 0x49E3, 0x41C2, 0x5244, 0x5244, 0x5223,
    0x3982, 0x39A3, 0x41C3, 0x5AA5, 0x41E3, 0x4A04, 0x41A2, 0x39C3, 0x41C3, 0x4A03, 0x41C2, 0x41E3,
    0x4A03, 0x4A23, 0x4A03, 0x4A24, 0x4A03, 0x41C3, 0x39A2, 0x41C2, 0x41C2, 0x4A24, 0x4A24, 0x39C2,
    0x4A24, 0x4A24, 0x41C3, 0x41E3, 0x3182, 0x41C3, 0x39A2, 0x39A2, 0x2921, 0x41C3, 0x39C3, 0x3182,
    0x3162, 0x3142, 0x41E3, 0x39A2, 0x41C3, 0x31A3, 0x2922, 0x3226, 0x4A03, 0x4A44, 0x9429, 0x9409,
    0x942A, 0x9409, 0x940A, 0x3141, 0xD698, 0xFFFF, 0xFFFF, 0xFFFF, 0xFFFF, 0xFFFF, 0xFFFF, 0xFFFF,
    0xFFFF, 0xFFFF, 0xFFFF, 0xFFFF, 0xFFFF, 0xFFFF, 0xFFFF, 0x7B67, 0x6285, 0x9C4B, 0x9C4A, 0x9C4B,
    0x9C4A, 0x944B, 0x4203, 0x5223, 0x4BCE, 0x4A23, 0x5203, 0x6284, 0x5224, 0x62A4, 0x5A43, 0x6AE6,
    0x7326, 0x7B67, 0x7B87, 0x7B67, 0x7346, 0x83A7, 0x7B88, 0x83C8, 0x7B67, 0x7B68, 0x8BE9, 0x83A8,
    0x7306, 0x7B87, 0x7B87, 0x83A8, 0x7B88, 0x83C9, 0x7B88, 0x7B87, 0x7B67, 0x7B46, 0x83A9, 0x7B67,
    0x83C8, 0x7BA8, 0x8BC9, 0x8BE9, 0x83C9, 0x83C9, 0x7B67, 0x7B87, 0x7B87, 0x7B88, 0x83A8, 0x7B68,
    0x83C9, 0x7B88, 0x7B87, 0x8388, 0x83A8, 0x8387, 0x7B87, 0x7305, 0x7B46, 0x83A8, 0x8388, 0x83A8,
    0x7326, 0x83A8, 0x72E4, 0x7B67, 0x7346, 0x7B87, 0x7B67, 0x7B67, 0x83A8, 0x83A8, 0x7B47, 0x7B67,
    0x8387, 0x7B87, 0x83C9, 0x7B67, 0x83A8, 0x7B67, 0x7B88, 0x7B87, 0x83A8, 0x7B88, 0x7326, 0x7326,
    0x7347, 0x7306, 0x7346, 0x6B06, 0x7326, 0x6B05, 0x6B26, 0x6B06, 0x62A4, 0x7327, 0x6AC5, 0x6AE5,
    0x62C5, 0x5A44, 0x39A3, 0x3A46, 0x5A84, 0x62C5, 0x9429, 0x9429, 0x942A, 0x9429, 0x8BE9, 0x3141,
    0xD698, 0xFFFF, 0xFFFF, 0xFFFF, 0xFFFF, 0xFFFF, 0xFFFF, 0xFFFF, 0xFFFF, 0xFFFF, 0xFFFF, 0xFFFF,
    0xFFFF, 0xFFFF, 0xFFFF, 0x7B47, 0x6285, 0x9C6B, 0x9C4A, 0x944A, 0x9C4A, 0x944A, 0x4A44, 0x6AE6,
    0x3BAE, 0x4A03, 0x6284, 0x6B06, 0x7326, 0x7326, 0x83A8, 0x7B26, 0x83A8, 0x83A8, 0x8BC8, 0x8387,
    0x8BC8, 0x8BC8, 0x8BE9, 0x8BC9, 0x83C8, 0x83A8, 0x8BE9, 0x9409, 0x8C0A, 0x7B87, 0x83C8, 0x8BC8,
    0x8BE9, 0x8BC8, 0x8BC8, 0x944A, 0x8BE9, 0x8BE8, 0x8C0A, 0x8C0A, 0x8BE9, 0x942A, 0x944A, 0x942B,
    0x942A, 0x942A, 0x8BC9, 0x8C0A, 0x8BE9, 0x942A, 0x8C0A, 0x940A, 0x8C0A, 0x8BE9, 0x8BC9, 0x8C09,
    0x8BC8, 0x8BC8, 0x9409, 0x940A, 0x8BC8, 0x83A8, 0x83A7, 0x8BE9, 0x8BE9, 0x8C09, 0x6AC5, 0x8BC9,
    0x8BE9, 0x940A, 0x8BE8, 0x8BC8, 0x8BE8, 0x8BC8, 0x83A7, 0x8BE9, 0x8387, 0x8BE8, 0x83C8, 0x8387,
    0x8BC8, 0x8BE9, 0x83C8, 0x83A8, 0x8BC9, 0x8BE9, 0x83A8, 0x83C9, 0x8BE9, 0x8BE9, 0x7326, 0x7B67,
    0x83A8, 0x7B67, 0x7326, 0x83A8, 0x6B05, 0x7B47, 0x7B46, 0x7B47, 0x7306, 0x6284, 0x4A03, 0x4B08,
    0x7347, 0x62E5, 0x9429, 0x9C49, 0x93E8, 0x9409, 0x9409, 0x3162, 0xDEB9, 0xFFFF, 0xFFFF, 0xFFFF,
    0xFFFF, 0xFFFF, 0xFFFF, 0xFFFF, 0xFFFF, 0xFFFF, 0xFFFF, 0xFFFF, 0xFFFF, 0xFFFF, 0xFFFF, 0x7B46,
    0x6AE5, 0x9C4A, 0x9C6A, 0x9C6B, 0x9C6B, 0x83C9, 0x4A24, 0x6264, 0x4BEF, 0x49E2, 0x6283, 0x6AE5,
    0x6AC4, 0x7B87, 0x7B66, 0x8BE9, 0x8BC8, 0x83C8, 0x7B67, 0x8C09, 0x8BE8, 0x8BE9, 0x8BC8, 0x8BE9,
    0x8BE9, 0x942A, 0x944A, 0x9C4A, 0x9409, 0x8C09, 0x9C6B, 0x944A, 0x942A, 0x942A, 0x9409, 0x942A,
    0x9409, 0x944A, 0x942A, 0x942A, 0x944B, 0x942A, 0x942A, 0x942A, 0x942A, 0x9409, 0x942A, 0x942A,
    0x8BE9, 0x9C4B, 0x944B, 0x942A, 0x942A, 0x940A, 0x9409, 0x8C09, 0x8BC8, 0x944A, 0x93E9, 0x8BE8,
    0x83A7, 0x9449, 0x942A, 0x9409, 0x7B46, 0x942A, 0x8BE9, 0x944A, 0x8BE9, 0x940A, 0x9409, 0x9409,
    0x83A7, 0x8BE8, 0x9409, 0x8BE8, 0x9429, 0x9409, 0x8BE9, 0x942A, 0x9409, 0x8BE9, 0x9429, 0x944A,
    0x8C09, 0x8BE9, 0x8BE9, 0x9409, 0x8BE9, 0x8BC8, 0x8C09, 0x83C8, 0x8BC8, 0x8C09, 0x8BC8, 0x8387,
    0x83A8, 0x8BE9, 0x8BE9, 0x7B46, 0x7326, 0x6B05, 0x41C2, 0x3205, 0x7347, 0x6B05, 0x942A, 0x9429,
    0x9409, 0x8BE9, 0x9409, 0x3161, 0xD698, 0xFFFF, 0xFFFF, 0xFFFF, 0xFFFF, 0xFFFF, 0xFFFF, 0xFFFF,
    0xFFFF, 0xFFFF, 0xFFFF, 0xFFFF, 0xFFFF, 0xFFFF, 0xFFFF, 0x7B47, 0x62C6, 0x9429, 0x9C4A, 0x9C6A,
    0x944A, 0x9C4A, 0x5AC6, 0x72E5, 0x540F, 0x62A5, 0x7306, 0x6263, 0x8387, 0x8C09, 0x6AE5, 0x9409,
    0x8BC8, 0x8387, 0x9409, 0x942A, 0x8BE8, 0x8BE8, 0x942A, 0x9429, 0x9409, 0x9409, 0x9C6B, 0x9C4A,
    0x9429, 0x944A, 0x9429, 0x9C4A, 0x942A, 0x9429, 0x9C4A, 0x9C8B, 0x9C4B, 0x944A, 0x9C6B, 0x9C6B,
    0x9C8C, 0x9C6B, 0x944B, 0x942A, 0xA4AC, 0x942A, 0x942A, 0x8C09, 0x9409, 0x9C8C, 0x9C6B, 0x944A,
    0x942A, 0x9C4A, 0x944B, 0x9409, 0x8BC8, 0x9409, 0x9C29, 0x93E9, 0x9C4A, 0x9C6B, 0x9409, 0x944A,
    0x9429, 0x9429, 0x83A7, 0x9C4A, 0x9409, 0x9409, 0x9409, 0x9409, 0x8BC8, 0x9429, 0x944A, 0x8BE8,
    0x944A, 0x942A, 0x942A, 0x942A, 0x942A, 0x9409, 0x9409, 0x942A, 0x942A, 0x942A, 0x942A, 0x940A,
    0x8BC8, 0x942A, 0x942A, 0x8BE9, 0x8388, 0x8BE9, 0x942A, 0x83C8, 0x8BE9, 0x8BE9, 0x7B87, 0x7B66,
    0x7B67, 0x83A8, 0x4A23, 0x3A46, 0x8387, 0x6AE5, 0x9429, 0x942A, 0x9C4A, 0x9409, 0x8BE9, 0x3141,
    0xD678, 0xFFFF, 0xFFFF, 0xFFFF, 0xFFFF, 0xFFFF, 0xFFFF, 0xFFFF, 0xFFFF, 0xFFFF, 0xFFFF, 0xFFFF,
    0xFFFF, 0xFFFF, 0xFFFF, 0x7B47, 0x62A5, 0x944A, 0x9C6A, 0x9429, 0x9429, 0x9C8B, 0x4A02, 0x6AC4,
    0x5C0F, 0x6284, 0x83A8, 0x7B46, 0x8BC8, 0x8BE9, 0x8C09, 0x7B47, 0x942A, 0x9409, 0x8BE9, 0x9C4A,
    0x9429, 0x9449, 0x9429, 0x9429, 0x942A, 0x944A, 0x9C6B, 0x942A, 0x942A, 0x9C6A, 0x942A, 0x9C4A,
    0x944A, 0x944A, 0x9C4A, 0x944A, 0x942A, 0x9C4A, 0x944A, 0x9C6B, 0x9C6B, 0x9C4B, 0x9C4A, 0x944B,
    0x9C4B, 0x940A, 0x944B, 0x9429, 0x9C4B, 0x9C6B, 0x9C6B, 0x942A, 0x9C6C, 0x940A, 0x942A, 0x942A,
    0x940A, 0x9409, 0x9C4A, 0x9409, 0x9429, 0x942A, 0x9409, 0x9429, 0x9429, 0x9C4A, 0x8BC8, 0x9429,
    0x8BE8, 0x9429, 0x9409, 0x9409, 0x8BE8, 0x9429, 0x9429, 0x942A, 0x9C6B, 0x942A, 0x942A, 0x8C09,
    0x9409, 0x9429, 0x944A, 0x942A, 0x9C6B, 0x942A, 0x9409, 0x942A, 0x942A, 0x942A, 0x8C09, 0x8BC8,
    0x8BE9, 0x8C0A, 0x944A, 0x8C0A, 0x8BC9, 0x8C09, 0x9409, 0x7306, 0x7B67, 0x7305, 0x41A1, 0x4A86,
    0x83A8, 0x6AE5, 0x8BE9, 0x9429, 0x9429, 0x9429, 0x83A8, 0x3162, 0xD678, 0xFFFF, 0xFFFF, 0xFFFF,
    0xFFFF, 0xFFFF, 0xFFFF, 0xFFFF, 0xFFFF, 0xFFFF, 0xFFFF, 0xFFFF, 0xFFFF, 0xFFFF, 0xFFFF, 0x7B67,
    0x6AE6, 0x9C6A, 0x9C6A, 0x9C6B, 0x9C6A, 0x9C6B, 0x5242, 0x7306, 0x53EE, 0x5A63, 0x72E5, 0x8367,
    0x8BE9, 0x8BE8, 0x8C09, 0x942A, 0x83A8, 0x83C8, 0x944A, 0x944A, 0x942A, 0x942A, 0x9C4A, 0x942A,
    0x942A, 0x9429, 0x9409, 0x9409, 0x9C4A, 0x942A, 0x9429, 0x944A, 0x9C4A, 0x9429, 0x9C8B, 0x9C6B,
    0x944A, 0x944A, 0x944A, 0x9C4A, 0x944A, 0x944A, 0x9C8C, 0x9C6B, 0x9C4B, 0x944A, 0x9C6B, 0x942B,
    0x942A, 0x9C4A, 0x940A, 0x942A, 0x9C8B, 0x9C6B, 0x9C6B, 0x942A, 0x942A, 0x9409, 0x9429, 0x9C4A,
    0x9C6A, 0x9409, 0x9409, 0x9429, 0x9409, 0x9C4A, 0x942A, 0x944A, 0x9409, 0x9C6B, 0x9408, 0x9409,
    0x9429, 0x944A, 0x9409, 0x9409, 0x9C4A, 0x9C6B, 0x9C4B, 0x8BE9, 0x8C09, 0x944A, 0x942A, 0x9C6B,
    0x9C6B, 0x942A, 0x940A, 0x8BE9, 0x9409, 0x8BE9, 0x9409, 0x8BE9, 0x8BC9, 0x942A, 0x8C09, 0x8BC9,
    0x8BE9, 0x8C0A, 0x8387, 0x7B47, 0x6AE5, 0x7B47, 0x5243, 0x52E7, 0x8367, 0x6AE5, 0x9409, 0x9C4A,
    0x9409, 0x9429, 0x942A, 0x3141, 0xD677, 0xFFFF, 0xFFFF, 0xFFFF, 0xFFFF, 0xFFFF, 0xFFFF, 0xFFFF,
    0xFFFF, 0xFFFF, 0xFFFF, 0xFFFF, 0xFFFF, 0xFFFF, 0xFFFF, 0x7326, 0x62E6, 0x9C4A, 0x9C4A, 0x9C4B,
    0x9C4A, 0x7B25, 0x5A63, 0x7306, 0x5C50, 0x5A43, 0x8BE9, 0x8BE9, 0x8367, 0x9409, 0x942A, 0x942A,
    0x7B67, 0x8BC8, 0x9409, 0x8C09, 0x9C4A, 0x9429, 0x942A, 0x8BE8, 0x942A, 0x9409, 0x9429, 0x944A,
    0x9C6B, 0x944A, 0x9C4B, 0x9C4A, 0x9C6B, 0x942A, 0x9C8B, 0x9C6B, 0x942A, 0x9C4A, 0x944A, 0x9C6B,
    0x942A, 0x944B, 0x944B, 0x9409, 0xA4AC, 0x9C6B, 0x944B, 0x9C6C, 0x942B, 0x9C6B, 0x942A, 0x9C6B,
    0x9C4B, 0x942A, 0x9C6B, 0x942A, 0x9429, 0x9408, 0x9409, 0x944A, 0x8BC8, 0x9429, 0x9429, 0x9409,
    0x8BE8, 0x8BE8, 0x9C4A, 0x9429, 0x9C4A, 0x9429, 0x9408, 0x8BE8, 0x9409, 0x9409, 0x9429, 0x83A8,
    0x8BE9, 0x9C6A, 0x9C4B, 0x9C6B, 0x9409, 0x9409, 0x942A, 0x9C6B, 0x9C6B, 0x9C4A, 0x944A, 0x942A,
    0x944A, 0x942A, 0x942A, 0x8BE9, 0x8BE9, 0x8BC9, 0x940A, 0x942A, 0x942A, 0x8BE9, 0x83C8, 0x7326,
    0x83A8, 0x8BE9, 0x6B05, 0x5329, 0x83A7, 0x7305, 0x9409, 0x942A, 0x9C4A, 0x944A, 0x940A, 0x3141,
    0xD677, 0xFFFF, 0xFFFF, 0xFFFF, 0xFFFF, 0xFFFF, 0xFFFF, 0xFFFF, 0xFFFF, 0xFFFF, 0xFFFF, 0xFFFF,
    0xFFFF, 0xFFFF, 0xFFFF, 0x8388, 0x6AE5, 0x9C6B, 0x9C8B, 0x9C6A, 0x8387, 0x8388, 0x5A43, 0x6AE5,
    0x5C71, 0x62C4, 0x8BC8, 0x83A8, 0x8C09, 0x944A, 0x9409, 0x9409, 0x942A, 0x9C4B, 0x944A, 0x9429,
    0x9C4A, 0x944A, 0x9C6A, 0x944A, 0x9409, 0x9C6A, 0x8C08, 0x9C4A, 0x944A, 0xA4AC, 0x9C6B, 0x942A,
    0x9C4A, 0x942A, 0x9C6B, 0x942A, 0x944A, 0x942A, 0x9C6B, 0x9C4A, 0x8BE9, 0x944B, 0x942A, 0x9C6B,
    0x9C8B, 0x9C6B, 0x9C6B, 0x942A, 0x9C4B, 0x9C4A, 0x9C4B, 0x9C6B, 0x942A, 0x9C6B, 0x944B, 0x9429,
    0x944A, 0x942A, 0x9408, 0x8BE8, 0x9C6A, 0x9429, 0x9409, 0x9429, 0x944A, 0x8C09, 0x944A, 0x9409,
    0x9409, 0x9C4A, 0x942A, 0x942A, 0x8C09, 0x8C09, 0x9409, 0x944A, 0x8C09, 0x942A, 0x9C8B, 0x944A,
    0x8BE8, 0x940A, 0x9C4A, 0x9409, 0x942A, 0x9C4B, 0x9C4B, 0x9409, 0x944B, 0x8C09, 0x942A, 0x8BE9,
    0x942A, 0x8BC9, 0x7326, 0x8C0A, 0x940A, 0x8BE9, 0x8C09, 0x83A8, 0x83A8, 0x83C8, 0x49E2, 0x4B09,
    0x83C8, 0x7305, 0x9429, 0x9429, 0x944A, 0x8C09, 0x8C09, 0x3142, 0xD677, 0xFFFF, 0xFFFF, 0xFFFF,
    0xFFFF, 0xFFFF, 0xFFFF, 0xFFFF, 0xFFFF, 0xFFFF, 0xFFFF, 0xFFFF, 0xFFFF, 0xFFFF, 0xFFFF, 0x7B47,
    0x62A5, 0x9C4A, 0x9C6A, 0x942A, 0x9C4A, 0x9C8C, 0x62A4, 0x83A8, 0x5492, 0x62A4, 0x72E4, 0x8387,
    0x8BC8, 0x940A, 0x8C09, 0x9429, 0x944A, 0x942A, 0x944A, 0x944A, 0x9429, 0x9C4A, 0x942A, 0x944A,
    0x9C4A, 0x942A, 0x9409, 0x942A, 0x9C6B, 0x944A, 0x9C4A, 0x9429, 0x9C6B, 0x944A, 0x9C4A, 0x9409,
    0x942A, 0x942A, 0x942A, 0x9C6B, 0x940A, 0x944B, 0x9C6B, 0x942A, 0x9C4B, 0x9C8C, 0x944A, 0x9C6B,
    0x9C6B, 0x9C6B, 0xA4AD, 0xA4AC, 0x9C6B, 0x8BC8, 0x8BE9, 0x9409, 0x944A, 0x944A, 0x9429, 0x8C09,
    0x8BE9, 0x9C6A, 0x9429, 0x942A, 0x9C4A, 0x9449, 0x942A, 0x942A, 0x9409, 0x9C4A, 0x944A, 0x9C4A,
    0x9429, 0x942A, 0x9409, 0x9C6A, 0x944A, 0x944A, 0x9C4A, 0x944A, 0x83C9, 0x7B47, 0x9C4A, 0x942A,
    0x944A, 0x9C6B, 0x9C6B, 0x9429, 0x942A, 0x8BE9, 0x9409, 0x83A8, 0x9409, 0x940A, 0x8C0A, 0x8C09,
    0x8C09, 0x8BE9, 0x8BE9, 0x8BC9, 0x8BC9, 0x83C8, 0x41C2, 0x5349, 0x83A8, 0x7B46, 0x83A7, 0x9409,
    0x9409, 0x9429, 0x8C09, 0x3121, 0xD678, 0xFFFF, 0xFFFF, 0xFFFF, 0xFFFF, 0xFFFF, 0xFFFF, 0xFFFF,
    0xFFFF, 0xFFFF, 0xFFFF, 0xFFFF, 0xFFFF, 0xFFFF, 0xFFFF, 0x7B67, 0x6AE6, 0x9C6B, 0x9429, 0x9C4A,
    0x9C6A, 0x9C4A, 0x5A84, 0x7B67, 0x6492, 0x62C4, 0x83A8, 0x83A8, 0x8BE9, 0x8BE8, 0x942A, 0x944A,
    0x942A, 0x9C4B, 0x9C6B, 0x944A, 0x942A, 0x944B, 0x9C4A, 0x942A, 0x9409, 0x942A, 0x944A, 0x9C4A,
    0x9C6A, 0x9C4A, 0x9C4B, 0x942A, 0x9C4A, 0x9C4A, 0x944A, 0x9C6B, 0x942B, 0x942A, 0x944B, 0x9C4B,
    0x940A, 0x944B, 0x9C4B, 0x8BE9, 0x944B, 0x9C8B, 0x942A, 0x944A, 0x944B, 0x944A, 0x940A, 0x9C4B,
    0x944A, 0x9C4A, 0x942A, 0x9C4A, 0x942A, 0x9429, 0x944A, 0x942A, 0x9C4A, 0x9C6B, 0x9409, 0x9409,
    0x944A, 0x944A, 0x942A, 0x9409, 0x944A, 0x942A, 0x9429, 0x9409, 0x9409, 0x9429, 0x942A, 0x942A,
    0x9429, 0x8BE9, 0x942A, 0x8BE9, 0x8BC8, 0x942A, 0x944A, 0x942A, 0x942A, 0x8BA8, 0x944A, 0x944B,
    0x944A, 0x83C8, 0x942A, 0x8BE9, 0x8BE9, 0x8C09, 0x8C0A, 0x8BE9, 0x83C8, 0x940A, 0x942A, 0x7B67,
    0x83A8, 0x7B67, 0x62A5, 0x52C8, 0x8367, 0x7B46, 0x72A3, 0x9429, 0x9429, 0x9429, 0x8BE9, 0x2921,
    0xD698, 0xFFFF, 0xFFFF, 0xFFFF, 0xFFFF, 0xFFFF, 0xFFFF, 0xFFFF, 0xFFFF, 0xFFFF, 0xFFFF, 0xFFFF,
    0xFFFF, 0xFFFF, 0xFFFF, 0x7B67, 0x5A64, 0x944A, 0x9C4A, 0x942A, 0x9C4A, 0x9C6B, 0x6284, 0x7B25,
    0x5C0F, 0x6283, 0x7B47, 0x8BC8, 0x8BE9, 0x9409, 0x940A, 0x83C8, 0x8BC8, 0x940A, 0x9C6B, 0x8BC8,
    0x944B, 0x944A, 0x944A, 0x942A, 0x9429, 0x9449, 0x9429, 0x9409, 0x944A, 0x944B, 0x944A, 0x942A,
    0x942B, 0x942B, 0x9C4B, 0x942B, 0x9C6C, 0x942A, 0x944B, 0x9C4B, 0x942A, 0x942B, 0x944B, 0x8BE9,
    0x942A, 0x944B, 0x9C4B, 0x9C6B, 0x942A, 0x942A, 0x942A, 0x9C8C, 0x9C6B, 0x9C4A, 0x9C4A, 0x9C6B,
    0x942A, 0x942A, 0x9C8B, 0x944A, 0x944A, 0x9409, 0x8C08, 0x944A, 0x8C09, 0x942A, 0x944A, 0x942A,
    0x942A, 0x9C6B, 0x9C4A, 0x9C6A, 0x944A, 0x942A, 0x942A, 0x944A, 0x9C4B, 0x8BC8, 0x940A, 0x9409,
    0x942A, 0x9409, 0x944A, 0x9C6B, 0x7B67, 0x7B67, 0x8BE9, 0x942A, 0x8BE9, 0x942A, 0x8BC9, 0x8C09,
    0x942A, 0x942A, 0x8BE9, 0x8BC8, 0x8BE9, 0x8C09, 0x8BE8, 0x940A, 0x940A, 0x83A8, 0x6B06, 0x42A7,
    0x83C8, 0x7326, 0x9C2A, 0x8BC8, 0x942A, 0x8C09, 0x942A, 0x3141, 0xD657, 0xFFFF, 0xFFFF, 0xFFFF,
    0xFFFF, 0xFFFF, 0xFFFF, 0xFFFF, 0xFFFF, 0xFFFF, 0xFFFF, 0xFFFF, 0xFFFF, 0xFFFF, 0xFFFF, 0x7B67,
    0x6AC5, 0x944A, 0x942A, 0x942A, 0x9C4A, 0x9409, 0x6284, 0x7B26, 0x4C31, 0x6B05, 0x83A8, 0x83A8,
    0x944B, 0x8BE9, 0x8BE9, 0x83A8, 0x940A, 0x8BE8, 0x9C6B, 0x8BE9, 0x942A, 0x944A, 0x9429, 0x9C4A,
    0x9429, 0x942A, 0x942A, 0x9C4B, 0x942A, 0x942A, 0x944B, 0x942A, 0x9C4B, 0x9C6B, 0x944B, 0x942A,
    0x944B, 0x942A, 0x944A, 0x8BC9, 0x944B, 0x942A, 0x9C6B, 0x9C6B, 0x8BE9, 0x942A, 0x944A, 0x942A,
    0x9C4B, 0x942A, 0x9C6B, 0x944A, 0x9C8B, 0x9C4B, 0x942A, 0x9429, 0x9C6B, 0x9C6B, 0x942A, 0x944A,
    0x940A, 0x9409, 0x944A, 0x9C6A, 0x942A, 0x9409, 0x942A, 0x8BE9, 0x944A, 0x9C6B, 0x8BE9, 0x8BC9,
    0x942A, 0x9409, 0x940A, 0x9409, 0x942A, 0x8BE9, 0x940A, 0x942A, 0x944A, 0x9C4A, 0x9C6B, 0x942A,
    0x942A, 0x942A, 0x944A, 0x942A, 0x8BC9, 0x83A8, 0x8C09, 0x8BE9, 0x9409, 0x944A, 0x8BE9, 0x8C09,
    0x942A, 0x8BE9, 0x8BC8, 0x8BE9, 0x8BC8, 0x7B87, 0x6AE5, 0x52E8, 0x8BC8, 0x7346, 0x9409, 0x8BE8,
    0x9429, 0x8C09, 0x8C09, 0x3141, 0xD678, 0xFFFF, 0xFFFF, 0xFFFF, 0xFFFF, 0xFFFF, 0xFFFF, 0xFFFF,
    0xFFFF, 0xFFFF, 0xFFFF, 0xFFFF, 0xFFFF, 0xFFFF, 0xFFFF, 0x7B47, 0x5A64, 0x9C4A, 0x9C4A, 0x9429,
    0x9C4A, 0x942A, 0x6284, 0x6AC5, 0x7534, 0x5A63, 0x83A8, 0x8C09, 0x8387, 0x9409, 0x9409, 0x942A,
    0x942A, 0x942A, 0x942A, 0x940A, 0x8BEA, 0x8BC8, 0x9409, 0x8BE9, 0x9C4A, 0x9C4A, 0x942A, 0x9C4A,
    0x9C4B, 0x942A, 0x942A, 0x944B, 0x944B, 0x9C6B, 0x944B, 0xA4AD, 0x944B, 0x942A, 0x942A, 0x9C4B,
    0x942A, 0x944B, 0x9C6B, 0x944B, 0x9C6B, 0x944B, 0x944B, 0x942B, 0x942B, 0x942A, 0x944B, 0x9C4B,
    0x944B, 0x9409, 0x9C8B, 0x9409, 0x9409, 0x9C6B, 0x942A, 0x942A, 0x9C6B, 0x9C4A, 0x942A, 0x942A,
    0x944A, 0x944A, 0x942A, 0x9C4A, 0x942A, 0x942A, 0x942A, 0x942A, 0x940A, 0x9C4B, 0x942A, 0x942A,
    0x8C09, 0x942B, 0x9C6B, 0x9C6B, 0x942A, 0x942A, 0x942A, 0x944A, 0x944A, 0x944A, 0x8BE9, 0x9409,
    0x8BE9, 0x8BE9, 0x942A, 0x8C09, 0x8BE9, 0x942A, 0x8C09, 0x942A, 0x8BE9, 0x942A, 0x83A8, 0x8BC8,
    0x83A8, 0x83A8, 0x5A43, 0x6BCB, 0x8BC8, 0x7346, 0x9409, 0x9409, 0x9429, 0x9409, 0x942A, 0x3142,
    0xD678, 0xFFFF, 0xFFFF, 0xFFFF, 0xFFFF, 0xFFFF, 0xFFFF, 0xFFFF, 0xFFFF, 0xFFFF, 0xFFFF, 0xFFFF,
    0xFFFF, 0xFFFF, 0xFFFF, 0x7B67, 0x62A4, 0x942A, 0x9429, 0x9429, 0x944A, 0x9C4A, 0x62A4, 0x8388,
    0x5C92, 0x62A5, 0x8388, 0x8BE9, 0x8BC8, 0x942A, 0x8BE9, 0x942A, 0x9C4B, 0x940A, 0x9C4B, 0x942A,
    0x944A, 0x942A, 0x944A, 0x9C6B, 0x942A, 0x942A, 0x9C6B, 0x9C4B, 0x942A, 0x942A, 0x942A, 0x9C4B,
    0x9C4B, 0x944B, 0x942A, 0x9C6C, 0x942A, 0x940A, 0x942A, 0x944B, 0x944B, 0x942B, 0x944B, 0x940A,
    0x942A, 0x940A, 0x9C8C, 0x942A, 0x942B, 0xA48C, 0x9C6B, 0x8367, 0x944A, 0x9C4B, 0x944B, 0x942A,
    0x942A, 0x942A, 0x8C09, 0x940A, 0x942A, 0x942A, 0x8BE9, 0x9409, 0x942A, 0x9409, 0x944A, 0x944B,
    0x942A, 0x942A, 0x8BE9, 0x942A, 0x942A, 0x942A, 0x942A, 0x9C8B, 0x942A, 0x8C09, 0x942A, 0x8BE9,
    0x9C6B, 0x942A, 0x9C4B, 0x942A, 0x944A, 0x942A, 0x9409, 0x942A, 0x940A, 0x944B, 0x9409, 0x942A,
    0x942A, 0x944A, 0x8BC9, 0x8BE9, 0x940A, 0x83A8, 0x8BE9, 0x83C8, 0x8BC8, 0x7B67, 0x62A4, 0x4AE9,
    0x8BC8, 0x7B46, 0x9429, 0x9409, 0x8C09, 0x940A, 0x8BE9, 0x3142, 0xD699, 0xFFFF, 0xFFFF, 0xFFFF,
    0xFFFF, 0xFFFF, 0xFFFF, 0xFFFF, 0xFFFF, 0xFFFF, 0xFFFF, 0xFFFF, 0xFFFF, 0xFFFF, 0xFFFF, 0x7B87,
    0x7327, 0x9C4A, 0x942A, 0x9429, 0x9C6B, 0x9C4B, 0x62A4, 0x8388, 0x7534, 0x6B06, 0x7B67, 0x8C09,
    0x8BE8, 0x8BE9, 0x8BE9, 0x9409, 0x9C6B, 0x8BE9, 0x940A, 0x9C6B, 0x8BE9, 0x8C09, 0x944B, 0x944A,
    0x9429, 0x9C4B, 0x9C4B, 0x944A, 0x9C6C, 0x940A, 0x9C4B, 0x9C6B, 0x9C4B, 0x944B, 0x944B, 0x9C6C,
    0x942A, 0x944B, 0x944B, 0x942A, 0x942A, 0x944B, 0x942B, 0x944B, 0x9C6C, 0x942A, 0x942A, 0x9C4B,
    0x942A, 0x9C6C, 0x8BE9, 0x944B, 0x942A, 0x9C8C, 0x9C4B, 0x942A, 0x940A, 0x9C6B, 0x944B, 0x942A,
    0x942A, 0x9429, 0x942A, 0x940A, 0x942A, 0x942A, 0x9429, 0x942A, 0x942A, 0x942A, 0x942B, 0x942A,
    0x942A, 0x942A, 0x9C4B, 0x944B, 0x942A, 0x944B, 0x944B, 0x7B67, 0x9C4B, 0x944A, 0x8BE9, 0x8BE9,
    0x944A, 0x942A, 0x9C4A, 0x942A, 0x942A, 0x8BE9, 0x8BE9, 0x8C09, 0x940A, 0x9C4A, 0x9409, 0x8BE9,
    0x9429, 0x8BC9, 0x83C8, 0x8BC8, 0x8BC9, 0x83C8, 0x5222, 0x63AB, 0x8BC8, 0x7B46, 0x9409, 0x942A,
    0x942A, 0x942A, 0x8C09, 0x3162, 0xD678, 0xFFFF, 0xFFFF, 0xFFFF, 0xFFFF, 0xFFFF, 0xFFFF, 0xFFFF,
    0xFFFF, 0xFFFF, 0xFFFF, 0xFFFF, 0xFFFF, 0xFFFF, 0xFFFF, 0x7B87, 0x6AE6, 0x9C4B, 0x944A, 0x9C4A,
    0x9C6B, 0x9409, 0x5A84, 0x83A8, 0x64D3, 0x7326, 0x8BE9, 0x8BE9, 0x83C8, 0x8C09, 0x8BE9, 0x940A,
    0x942A, 0x8BE9, 0x940A, 0x9C4B, 0x8BC8, 0x942A, 0x9C4B, 0x940A, 0x942A, 0x944B, 0x8BC9, 0x940A,
    0x9C6C, 0x940A, 0x942A, 0x9C8C, 0x9C6B, 0x9C6B, 0x9C4B, 0x9C6B, 0x944B, 0x944A, 0x944B, 0x942B,
    0x9C6B, 0x942B, 0x9C6B, 0x9C4B, 0x944B, 0x944B, 0x9C6B, 0x942A, 0x9C6B, 0x942A, 0x8BE9, 0x9C4B,
    0x9C6B, 0x944A, 0x9C6C, 0x942A, 0x942A, 0x8BE9, 0x9409, 0x9C6B, 0x9C6B, 0x944A, 0x9409, 0x9409,
    0x8C09, 0x942A, 0x9409, 0x944A, 0x9C6B, 0x944A, 0x9C6B, 0x942A, 0x9C8C, 0x944B, 0x940A, 0x942A,
    0x942A, 0x9C6B, 0x942A, 0x942A, 0x942A, 0x944A, 0x942A, 0x942A, 0x942A, 0x944A, 0x942A, 0x942A,
    0x942A, 0x942A, 0x9409, 0x8C0A, 0x942A, 0x944A, 0x940A, 0x9409, 0x8BE9, 0x8C09, 0x8BE8, 0x83A7,
    0x8BC8, 0x83A8, 0x41A1, 0x742D, 0x8BC8, 0x7B46, 0x8C09, 0x944A, 0x942A, 0x944A, 0x942A, 0x3162,
    0xD677, 0xFFFF, 0xFFFF, 0xFFFF, 0xFFFF, 0xFFFF, 0xFFFF, 0xFFFF, 0xFFFF, 0xFFFF, 0xFFFF, 0xFFFF,
    0xFFFF, 0xFFFF, 0xFFFF, 0x7B67, 0x6B06, 0x9C6B, 0x944A, 0x7B67, 0x9C6B, 0x7B67, 0x5A83, 0x83C8,
    0x6CF3, 0x6B06, 0x83A8, 0x8BE9, 0x8BC8, 0x942A, 0x944B, 0x8C0A, 0x942A, 0x942A, 0x944B, 0x8BC9,
    0x944A, 0x9409, 0x9C6C, 0x944B, 0x940A, 0x9C6B, 0x9C8C, 0x944A, 0x9C6B, 0x9C6B, 0x942A, 0x944B,
    0x9C6B, 0x942B, 0x9C6B, 0x942A, 0x944A, 0x942A, 0x9C4B, 0x942A, 0x942B, 0x944A, 0x8C09, 0x942A,
    0x944B, 0x9C4B, 0x942A, 0x942A, 0x944B, 0x942B, 0x944B, 0x940A, 0x9C8C, 0x942A, 0x942A, 0x942A,
    0x944A, 0x940A, 0x9C4B, 0x9C8C, 0x9C6B, 0x940A, 0x942A, 0x9C4B, 0x942A, 0x942A, 0x942A, 0x944A,
    0x942A, 0x944A, 0x942A, 0x942A, 0x9C6B, 0x944B, 0x944B, 0x942A, 0x942A, 0x940A, 0x942A, 0x8C0A,
    0x940A, 0x942A, 0x940A, 0x9C4B, 0x9C6B, 0x942A, 0x942A, 0x942A, 0x942A, 0x942A, 0x942A, 0x942A,
    0x8BE9, 0x940A, 0x940A, 0x8C09, 0x944A, 0x8C09, 0x8BC8, 0x8BE9, 0x8387, 0x7B87, 0x5223, 0x6C0C,
    0x8BE8, 0x7B86, 0x9429, 0x942A, 0x8BE9, 0x942A, 0x8BC9, 0x3982, 0xD678, 0xFFFF, 0xFFFF, 0xFFFF,
    0xFFFF, 0xFFFF, 0xFFFF, 0xFFFF, 0xFFFF, 0xFFFF, 0xFFFF, 0xFFFF, 0xFFFF, 0xFFFF, 0xFFFF, 0x7B87,
    0x6B05, 0x9C8B, 0x9C6B, 0x9C6B, 0x944A, 0x8388, 0x5A84, 0x83A8, 0x6CF4, 0x7347, 0x7B88, 0x83A8,
    0x9429, 0x9409, 0x942A, 0x942A, 0x9409, 0x942A, 0x9C6C, 0x944A, 0x944A, 0x942B, 0x942A, 0x8BE9,
    0x942A, 0x8BC9, 0x942A, 0x9C4B, 0x942A, 0x9C4B, 0x944B, 0x8BEA, 0x940A, 0x942A, 0x942B, 0x942A,
    0x9C4B, 0x944A, 0x944A, 0x942A, 0x942B, 0x942A, 0x9C6B, 0x940A, 0x940A, 0x9C4B, 0x9C6B, 0x942B,
    0xA4AD, 0x9C6B, 0x9C4B, 0x9C6B, 0x9C4B, 0x944B, 0x944B, 0x944B, 0x944A, 0x9C4B, 0x940A, 0x8BE9,
    0x8C09, 0x942A, 0x942A, 0x944B, 0x942A, 0x944B, 0x944B, 0x8C09, 0x8C0A, 0x9C6B, 0x944B, 0x944B,
    0x944B, 0x944B, 0x942A, 0x944B, 0x942A, 0x942A, 0x940A, 0x940A, 0x944A, 0x8C09, 0x944A, 0x9C4B,
    0x944A, 0x9409, 0x942A, 0x942A, 0x942A, 0x942A, 0x942A, 0x942A, 0x944A, 0x8BC8, 0x7B67, 0x8BE9,
    0x942A, 0x8BE9, 0x8BE9, 0x8BE9, 0x8BC8, 0x83A7, 0x62C4, 0x5B69, 0x8BE8, 0x7B45, 0x9409, 0x8BE9,
    0x9409, 0x942A, 0x944B, 0x3162, 0xD677, 0xFFFF, 0xFFFF, 0xFFFF, 0xFFFF, 0xFFFF, 0xFFFF, 0xFFFF,
    0xFFFF, 0xFFFF, 0xFFFF, 0xFFFF, 0xFFFF, 0xFFFF, 0xFFFF, 0x7347, 0x62A5, 0x9C4A, 0x9429, 0x9C6B,
    0x9C6B, 0x942A, 0x5A84, 0x83A8, 0x6515, 0x6AE6, 0x7B67, 0x83A8, 0x8BE9, 0x944A, 0x9C4B, 0x940A,
    0x942A, 0x944B, 0x942A, 0x944A, 0x944A, 0x8C0A, 0x9409, 0x9C4B, 0x942A, 0x940A, 0x9C6B, 0x940A,
    0x944B, 0x9C4B, 0x9C4B, 0x942A, 0x944B, 0x9C6B, 0x944B, 0x8C0A, 0x942A, 0x942B, 0x944B, 0x942A,
    0x942A, 0x9C6B, 0x942A, 0x944B, 0x942A, 0x8BE9, 0x944B, 0x9C8C, 0x9C6C, 0x9C6B, 0x944B, 0x944B,
    0x942A, 0x944B, 0x8BC9, 0x944B, 0x942B, 0x942A, 0x9C4A, 0x942A, 0x8C09, 0x944A, 0x944B, 0x942A,
    0x942A, 0x944A, 0x944B, 0x8C0A, 0x940A, 0x8BE9, 0x940A, 0x942A, 0x942A, 0x942A, 0x9C4B, 0x942A,
    0x942A, 0x8C0A, 0x944B, 0x942B, 0x8C0A, 0x944A, 0x944A, 0x942A, 0x9C6B, 0x9409, 0x942A, 0x944A,
    0x9C4A, 0x942A, 0x942A, 0x942A, 0x8BEA, 0x83A8, 0x940A, 0x8C09, 0x8BE9, 0x8BE8, 0x9409, 0x83C8,
    0x8387, 0x83A8, 0x7326, 0x5B6A, 0x83A7, 0x7B45, 0x8BE8, 0x944A, 0x9C4A, 0x942A, 0x940A, 0x3982,
    0xD677, 0xFFFF, 0xFFFF, 0xFFFF, 0xFFFF, 0xFFFF, 0xFFFF, 0xFFFF, 0xFFFF, 0xFFFF, 0xFFFF, 0xFFFF,
    0xFFFF, 0xFFFF, 0xFFFF, 0x7B67, 0x7326, 0x944B, 0x9C6B, 0x944A, 0x942A, 0x944B, 0x62A4, 0x8387,
    0x5C93, 0x6AC5, 0x83A8, 0x83A7, 0x8C09, 0x940A, 0x944A, 0x9409, 0x8BE8, 0x942A, 0x942A, 0x942A,
    0x944B, 0x942A, 0x8C09, 0x942B, 0x944B, 0x942A, 0x9C6B, 0x944B, 0x944B, 0x942A, 0x944B, 0x944B,
    0x942A, 0x8C09, 0x9C6B, 0x944B, 0x944B, 0x942B, 0x942A, 0x942A, 0x9C4B, 0x9C4B, 0x944B, 0x944A,
    0x9C6B, 0x9C6B, 0x942A, 0x942A, 0x944B, 0x9C4B, 0x944B, 0x9C6B, 0x8C0A, 0x9C4B, 0x9C6B, 0x8C0A,
    0x942A, 0x940A, 0x9C4A, 0x940A, 0x942A, 0x940A, 0x944A, 0x942A, 0x942A, 0x944A, 0x942A, 0x942A,
    0x8C0A, 0x942A, 0x942A, 0x9C6B, 0x8C0A, 0x942A, 0x942A, 0x942B, 0x940A, 0x942A, 0x940A, 0x8C0A,
    0x944A, 0x942A, 0x942A, 0x942A, 0x940A, 0x9C6B, 0x8BC8, 0x942A, 0x7326, 0x942A, 0x944A, 0x940A,
    0x9409, 0x8C09, 0x942A, 0x8C09, 0x9409, 0x8BE9, 0x8C09, 0x83C8, 0x83A8, 0x83C8, 0x6AE5, 0x636A,
    0x8BC7, 0x7B66, 0x9409, 0x942A, 0x9C4A, 0x942A, 0x942A, 0x3162, 0xD698, 0xFFFF, 0xFFFF, 0xFFFF,
    0xFFFF, 0xFFFF, 0xFFFF, 0xFFFF, 0xFFFF, 0xFFFF, 0xFFFF, 0xFFFF, 0xFFFF, 0xFFFF, 0xFFFF, 0x7B87,
    0x62C5, 0x9C4B, 0x9409, 0x940A, 0x9C4A, 0x942B, 0x5A84, 0x8387, 0x5472, 0x7326, 0x7326, 0x8BC8,
    0x8BE9, 0x9409, 0x942A, 0x8C09, 0x942A, 0x942A, 0x940A, 0x944A, 0x944B, 0x8BE9, 0x942A, 0x944B,
    0x940A, 0x944B, 0x944B, 0x940A, 0x942A, 0x9C4B, 0x944B, 0x944B, 0x944B, 0x9C8C, 0x9C8C, 0x9C4B,
    0x9C4B, 0x944A, 0x9C4B, 0x9C6B, 0x944B, 0x944B, 0x8BA8, 0x9C6B, 0x944A, 0x9C6B, 0x8BC9, 0x944B,
    0x944B, 0x944A, 0x944B, 0x942A, 0x944B, 0x942A, 0x9C4B, 0x940A, 0x940A, 0x940A, 0x944B, 0x942A,
    0x940A, 0x9C4B, 0x942A, 0x944A, 0x942A, 0x940A, 0x942A, 0x9409, 0x942A, 0x942A, 0x942A, 0x942A,
    0x9C4B, 0x9C6B, 0x9C6B, 0x944B, 0x942B, 0x942A, 0x940A, 0x9C4B, 0x942A, 0x942A, 0x940A, 0x940A,
    0x942A, 0x9C4B, 0x942A, 0x942A, 0x9409, 0x942A, 0x942A, 0x8C09, 0x8C09, 0x940A, 0x940A, 0x944B,
    0x8C0A, 0x8C09, 0x83A8, 0x8C09, 0x83C8, 0x8BE9, 0x7326, 0x52C7, 0x8BE8, 0x7325, 0x9429, 0x944A,
    0x942A, 0x8BE9, 0x9C6B, 0x3162, 0xD698, 0xFFFF, 0xFFFF, 0xFFFF, 0xFFFF, 0xFFFF, 0xFFFF, 0xFFFF,
    0xFFFF, 0xFFFF, 0xFFFF, 0xFFFF, 0xFFFF, 0xFFFF, 0xFFFF, 0x7B87, 0x5A64, 0x942A, 0x944A, 0x944B,
    0x944A, 0x940A, 0x5A63, 0x7B88, 0x5451, 0x6AE5, 0x7B46, 0x83A8, 0x8BC8, 0x942A, 0x8BE8, 0x8C09,
    0x8BE9, 0x942A, 0x8BC9, 0x9429, 0x944B, 0x8BE9, 0x942A, 0x942A, 0x942A, 0x940A, 0x942A, 0x944B,
    0x942B, 0x942B, 0x944A, 0x942B, 0x942A, 0x944B, 0x942A, 0x944B, 0x9C6B, 0x942A, 0x940A, 0x942A,
    0x944B, 0x9C4B, 0x942A, 0x944B, 0x942A, 0x9C6B, 0x8C0A, 0x944A, 0x944B, 0x9C6B, 0x942A, 0x942A,
    0x942A, 0x942A, 0x944B, 0x942A, 0x942A, 0x942A, 0x942A, 0x942A, 0x940A, 0x942A, 0x942A, 0x944B,
    0x942A, 0x940A, 0x944B, 0x940A, 0x942B, 0x942A, 0x942A, 0x940A, 0x942A, 0x8C0A, 0x942A, 0x8C09,
    0x8BEA, 0x8BE9, 0x944A, 0x940A, 0x940A, 0x9C6B, 0x940A, 0x944B, 0x8C09, 0x8C0A, 0x940A, 0x8C09,
    0x8C0A, 0x942A, 0x83A8, 0x8C09, 0x8BC9, 0x8BE9, 0x942A, 0x7B87, 0x942A, 0x8BE9, 0x8BC8, 0x8BC9,
    0x83A8, 0x7B46, 0x5AA4, 0x52C7, 0x83A8, 0x7B25, 0x944A, 0x9409, 0x8C09, 0x942A, 0x940A, 0x2941,
    0xD698, 0xFFFF, 0xFFFF, 0xFFFF, 0xFFFF, 0xFFFF, 0xFFFF, 0xFFFF, 0xFFFF, 0xFFFF, 0xFFFF, 0xFFFF,
    0xFFFF, 0xFFFF, 0xFFFF, 0x7346, 0x6AC6, 0x9C6B, 0x9C4B, 0x9C4B, 0x9C4B, 0x944B, 0x5AA4, 0x83A8,
    0x5C50, 0x7B67, 0x83A7, 0x8387, 0x9409, 0x8BE8, 0x8BC8, 0x9409, 0x944B, 0x944A, 0x940A, 0x942A,
    0x942B, 0x944A, 0x942A, 0x9C4B, 0x8C0A, 0x944B, 0x942A, 0x9C8C, 0x9C6B, 0x8C0A, 0x944B, 0x944B,
    0x9C6B, 0x942B, 0x8367, 0xA4AC, 0x9C6B, 0x9C6B, 0x944B, 0x944B, 0x944A, 0x942A, 0x944B, 0x942A,
    0x9C6B, 0x944B, 0x9C4B, 0x9C4B, 0x944B, 0x942A, 0x940A, 0x942A, 0x940A, 0x942A, 0x940A, 0x8BE9,
    0x8BE9, 0x942A, 0x944A, 0x940A, 0x942A, 0x942A, 0x8C0A, 0x942A, 0x942A, 0x942A, 0x942A, 0x942A,
    0x940A, 0x942A, 0x940A, 0x8C0A, 0x8388, 0x940A, 0x940A, 0x942A, 0x944A, 0x940A, 0x8BE9, 0x940A,
    0x942A, 0x944B, 0x942B, 0x942A, 0x942A, 0x944B, 0x942A, 0x9C6B, 0x942A, 0x940A, 0x942A, 0x942A,
    0x7B27, 0x8BE9, 0x940A, 0x942A, 0x940A, 0x8C09, 0x8BE9, 0x83C8, 0x83C8, 0x7B88, 0x62A4, 0x5308,
    0x8BC8, 0x7B46, 0x9C4A, 0x942A, 0x942A, 0x944A, 0x940A, 0x3982, 0xD698, 0xFFFF, 0xFFFF, 0xFFFF,
    0xFFFF, 0xFFFF, 0xFFFF, 0xFFFF, 0xFFFF, 0xFFFF, 0xFFFF, 0xFFFF, 0xFFFF, 0xFFFF, 0xFFFF, 0x7326,
    0x5A85, 0x944A, 0x944A, 0x9C6B, 0x9C6B, 0x9C8C, 0x5A83, 0x8387, 0x5430, 0x5A84, 0x7B67, 0x8BE8,
    0x8BE9, 0x9409, 0x9429, 0x8387, 0x8C09, 0x942A, 0x942A, 0x944A, 0x940A, 0x942A, 0x9C6B, 0x940A,
    0x9C6B, 0x8BE9, 0x9C4B, 0x942B, 0x8BE9, 0x942A, 0x9C6B, 0x942A, 0x9C6B, 0x940A, 0x944A, 0x944A,
    0x940A, 0x944B, 0x944B, 0x942A, 0x940A, 0x944A, 0x942A, 0x940A, 0x944A, 0x83A8, 0x942A, 0x942A,
    0x8BEA, 0x942A, 0x942A, 0x940A, 0x942A, 0x942A, 0x942A, 0x940A, 0x942A, 0x9C6B, 0x940A, 0x942A,
    0x8C09, 0x940A, 0x942A, 0x942A, 0x940A, 0x942A, 0x942A, 0x942A, 0x940A, 0x942A, 0x940A, 0x8C0A,
    0x8BEA, 0x8BE9, 0x944B, 0x942A, 0x942A, 0x944B, 0x942A, 0x942A, 0x942A, 0x944B, 0x9C6B, 0x942A,
    0x942A, 0x942B, 0x942A, 0x8BC9, 0x8BC9, 0x942A, 0x942A, 0x942A, 0x942A, 0x942A, 0x83A8, 0x8C0A,
    0x944A, 0x9409, 0x8BE9, 0x83C8, 0x7B67, 0x83C8, 0x6B06, 0x4AC7, 0x83A8, 0x7B46, 0x942A, 0x9409,
    0x8C0A, 0x9409, 0x9409, 0x3962, 0xD678, 0xFFFF, 0xFFFF, 0xFFFF, 0xFFFF, 0xFFFF, 0xFFFF, 0xFFFF,
    0xFFFF, 0xFFFF, 0xFFFF, 0xFFFF, 0xFFFF, 0xFFFF, 0xFFFF, 0x7B67, 0x62C5, 0x9C4B, 0x942A, 0x9C6B,
    0x9C4B, 0x942A, 0x62A4, 0x83A8, 0x64B3, 0x5A63, 0x83A8, 0x8387, 0x8BC8, 0x83A8, 0x8C09, 0x944A,
    0x8BC9, 0x9409, 0x942A, 0x942B, 0x940A, 0x942A, 0x942A, 0x942A, 0x942A, 0x83C8, 0x942A, 0x9C6B,
    0x9C6B, 0x940A, 0x942B, 0x944B, 0x9C6B, 0x944A, 0x942A, 0x9C6B, 0x942A, 0x942A, 0x942B, 0x942A,
    0x8C09, 0x944B, 0x944A, 0x8BE9, 0x9409, 0x942A, 0x942A, 0x942B, 0x942A, 0x942A, 0x942A, 0x942A,
    0x8C0A, 0x8C0A, 0x942A, 0x942B, 0x944B, 0x942A, 0x8C0A, 0x8C09, 0x8BE9, 0x942A, 0x8C0A, 0x8C0A,
    0x83C9, 0x940A, 0x9C4B, 0x8C0A, 0x8BE9, 0x9C6B, 0x8BEA, 0x8C0A, 0x8C0A, 0x940A, 0x942A, 0x940A,
    0x940A, 0x8C0A, 0x940A, 0x944B, 0x9C6B, 0x944B, 0x942A, 0x944A, 0x942A, 0x942A, 0x942B, 0x944A,
    0x944A, 0x942A, 0x942A, 0x944A, 0x944B, 0x944A, 0x942A, 0x942A, 0x944A, 0x7B67, 0x83C8, 0x8BE9,
    0x83C8, 0x7326, 0x5A84, 0x4AC7, 0x83A7, 0x7B87, 0x9C6B, 0x940A, 0x9429, 0x940A, 0x940A, 0x3142,
    0xD677, 0xFFFF, 0xFFFF, 0xFFFF, 0xFFFF, 0xFFFF, 0xFFFF, 0xFFFF, 0xFFFF, 0xFFFF, 0xFFFF, 0xFFFF,
    0xFFFF, 0xFFFF, 0xFFFF, 0x7B47, 0x62C5, 0x9C4B, 0x942A, 0x9C6A, 0x942A, 0x83A8, 0x5A84, 0x7B67,
    0x53CE, 0x5A63, 0x7B87, 0x8BE8, 0x8BC9, 0x8BC8, 0x9429, 0x942A, 0x942A, 0x942A, 0x942A, 0x944B,
    0x8387, 0x942A, 0x942A, 0x9C6B, 0x9C4B, 0x9C4B, 0x944B, 0x944B, 0x8C0A, 0x940A, 0x944B, 0x944B,
    0x9C4B, 0x9C4B, 0x944B, 0x942A, 0x8C09, 0x942A, 0x942A, 0x942A, 0x944B, 0x942A, 0x5A85, 0x6309,
    0x942B, 0xA4CE, 0x9C4C, 0x942B, 0x8388, 0x9C8D, 0x9C6C, 0x944C, 0x9C8D, 0x9C6C, 0x940A, 0x942B,
    0x9C8D, 0x9C8D, 0x9C6D, 0x9C8D, 0x9C6D, 0x944B, 0x9C6C, 0x9C6D, 0x9C4B, 0x942B, 0x8BEA, 0x8367,
    0x6308, 0x5A65, 0x942A, 0x940A, 0x940A, 0x942A, 0x940A, 0x940A, 0x944B, 0x8C09, 0x944B, 0x9C6B,
    0x944B, 0x944B, 0x942B, 0x944B, 0x944B, 0x942B, 0x940A, 0x944B, 0x942A, 0x942A, 0x944B, 0x944B,
    0x944B, 0x944A, 0x942A, 0x940A, 0x942A, 0x9409, 0x83A8, 0x83A8, 0x83C8, 0x7B87, 0x7305, 0x636A,
    0x8BE8, 0x7B67, 0x8BC8, 0x944A, 0x942A, 0x9409, 0x8BE9, 0x3141, 0xD698, 0xFFFF, 0xFFFF, 0xFFFF,
    0xFFFF, 0xFFFF, 0xFFFF, 0xFFFF, 0xFFFF, 0xFFFF, 0xFFFF, 0xFFFF, 0xFFFF, 0xFFFF, 0xFFFF, 0x7B67,
    0x6AC5, 0x9C4B, 0x942B, 0x942A, 0x942B, 0x7305, 0x5A84, 0x7B67, 0x5450, 0x7347, 0x7B67, 0x83A8,
    0x9429, 0x8C09, 0x8BE9, 0x942A, 0x944A, 0x940A, 0x8C09, 0x8387, 0x942A, 0x942A, 0x940A, 0x8C0A,
    0x940A, 0x9C4B, 0x9C6B, 0x942A, 0x8BE9, 0x8C0A, 0x8C0A, 0x942A, 0x942A, 0x940A, 0x944A, 0x942B,
    0x9C6B, 0x8BE9, 0x942A, 0x944B, 0x944B, 0x942B, 0x5A86, 0x8BC8, 0x9C8D, 0x9C8D, 0x9CAD, 0x9CAE,
    0x9C6C, 0x9C6C, 0x9C8D, 0x9C8D, 0x9C6C, 0x9C6D, 0x9C6D, 0x942C, 0xA4AE, 0x9C8D, 0x9C6D, 0x9C6D,
    0xA4AE, 0x9C8D, 0x9C6D, 0xA4AE, 0xA4CE, 0x8BEA, 0x9C4C, 0x942B, 0x8387, 0x5A85, 0x942A, 0x940A,
    0x8C0A, 0x944B, 0x944B, 0x944A, 0x944B, 0x8BE9, 0x942A, 0x9C6B, 0x940A, 0x944B, 0x944B, 0x942A,
    0x940A, 0x944B, 0x942A, 0x942A, 0x942B, 0x8C2A, 0x942A, 0x8BC9, 0x942A, 0x942A, 0x942A, 0x940A,
    0x944B, 0x942A, 0x8BC9, 0x83C8, 0x8BE9, 0x7B87, 0x5A43, 0x52C7, 0x8BC8, 0x7B66, 0x942A, 0x8BE9,
    0x9429, 0x9409, 0x942A, 0x3141, 0xD698, 0xFFFF, 0xFFFF, 0xFFFF, 0xFFFF, 0xFFFF, 0xFFFF, 0xFFFF,
    0xFFFF, 0xFFFF, 0xFFFF, 0xFFFF, 0xFFFF, 0xFFFF, 0xFFFF, 0x7326, 0x6284, 0x942B, 0x942B, 0x942B,
    0x944B, 0x944B, 0x5A84, 0x7B67, 0x54D3, 0x7305, 0x8388, 0x8386, 0x8BE8, 0x9409, 0x9409, 0x83A8,
    0x9409, 0x83A8, 0x942A, 0x942A, 0x942A, 0x942A, 0x942A, 0x8C0A, 0x942A, 0x944B, 0x944A, 0x9409,
    0x8BEA, 0x940A, 0x942A, 0x9C8C, 0x9C4B, 0x940A, 0x944A, 0x9C6B, 0x9C4B, 0x942A, 0x942A, 0x942B,
    0x942A, 0x942A, 0x5266, 0x9C4C, 0x9C8E, 0xA4AE, 0xA4AE, 0x8BCA, 0x9C8D, 0x9C8D, 0x9C8D, 0x9C8D,
    0xA4CE, 0xA4AE, 0x9C8D, 0x9C8D, 0xA4CE, 0x9C8D, 0x9C8D, 0xA4AE, 0x9C8D, 0x9C8D, 0x9C6D, 0x9C6D,
    0x8BEB, 0x9C8D, 0x9C8E, 0x9C6C, 0x942B, 0x5A85, 0x942A, 0x8BE9, 0x8C0A, 0x7327, 0x940A, 0x940A,
    0x942A, 0x942A, 0x940A, 0x942A, 0x942A, 0x942A, 0x944B, 0x942A, 0x942B, 0x944B, 0x940A, 0x942B,
    0x944B, 0x942B, 0x944B, 0x942A, 0x940A, 0x8C0A, 0x8C0A, 0x942A, 0x9409, 0x83A8, 0x942A, 0x8BE8,
    0x8BC8, 0x7B67, 0x5222, 0x4A86, 0x8BE8, 0x7B67, 0x9409, 0x9429, 0x9409, 0x9409, 0x9409, 0x3142,
    0xD678, 0xFFFF, 0xFFFF, 0xFFFF, 0xFFFF, 0xFFFF, 0xFFFF, 0xFFFF, 0xFFFF, 0xFFFF, 0xFFFF, 0xFFFF,
    0xFFFF, 0xFFFF, 0xFFFF, 0x7326, 0x62C5, 0x8C0A, 0x944A, 0x942A, 0x944B, 0x9C4A, 0x6283, 0x7B67,
    0x4C72, 0x62C5, 0x83A8, 0x83A7, 0x83A8, 0x9429, 0x8BE9, 0x8C09, 0x944A, 0x944B, 0x942A, 0x940A,
    0x940A, 0x8C09, 0x8BA8, 0x7B67, 0x944A, 0x944A, 0x942A, 0x8C0A, 0x942A, 0x942A, 0x8C09, 0x944B,
    0x940A, 0x9409, 0x9C6B, 0x942B, 0x944B, 0x942A, 0x9C6B, 0x9C4B, 0x942A, 0x942B, 0x5A86, 0xA4CE,
    0xA4AE, 0xA4CE, 0xA4CE, 0x9C8D, 0xA4CE, 0x9CAE, 0x9C6D, 0xAD0F, 0x9C8D, 0x9C8D, 0xA4AE, 0x9CAD,
    0x9CAD, 0xA4EF, 0x9C8E, 0x9C8D, 0xA4CE, 0x9C6D, 0x9CAE, 0x9C6D, 0x9C8D, 0x9CAE, 0xA4CE, 0xA4CE,
    0x9C8D, 0x5244, 0x942A, 0x8BC9, 0x942A, 0x940A, 0x944B, 0x944A, 0x942A, 0x940A, 0x942A, 0x942A,
    0x942A, 0x944B, 0x940A, 0x940A, 0x942B, 0x942A, 0x942A, 0x942A, 0x8BE9, 0x942A, 0x8C0A, 0x944A,
    0x944A, 0x8BE9, 0x940A, 0x940A, 0x8C0A, 0x8C0A, 0x8C0A, 0x8BE8, 0x83C8, 0x8388, 0x6283, 0x5B28,
    0x8BE8, 0x7B46, 0x942A, 0x8C09, 0x944A, 0x9409, 0x942A, 0x3962, 0xD678, 0xFFFF, 0xFFFF, 0xFFFF,
    0xFFFF, 0xFFFF, 0xFFFF, 0xFFFF, 0xFFFF, 0xFFFF, 0xFFFF, 0xFFFF, 0xFFFF, 0xFFFF, 0xFFFF, 0x7B46,
    0x6B06, 0x942A, 0x942A, 0x942A, 0x940A, 0x940A, 0x62C4, 0x7B67, 0x4C72, 0x6B06, 0x83A8, 0x8387,
    0x83C8, 0x8C09, 0x8BC8, 0x8BE9, 0x9409, 0x8BE9, 0x8C0A, 0x942A, 0x83A8, 0x940A, 0x942A, 0x942A,
    0x942A, 0x9C6B, 0x9C6B, 0x940A, 0x942B, 0x9409, 0x940A, 0x9C6B, 0x944A, 0x942A, 0x942A, 0x944B,
    0x944B, 0x942A, 0x940A, 0x8BEA, 0x942A, 0x942A, 0x5A86, 0xA4AE, 0x942B, 0x9C8D, 0x3184, 0x2943,
    0x2102, 0x39C4, 0xA4AE, 0x946E, 0xA4EF, 0x5267, 0xA4AE, 0x3184, 0x3184, 0x39C5, 0x5AA8, 0x9C6C,
    0x83EC, 0x8C4D, 0x3163, 0x2943, 0x39C5, 0x2103, 0xA4CE, 0xA4AD, 0x9CAD, 0x5A65, 0x942A, 0x942A,
    0x942A, 0x942A, 0x940A, 0x942A, 0x942A, 0x944B, 0x942A, 0x942A, 0x942A, 0x942A, 0x942B, 0x944B,
    0x8BEA, 0x8C09, 0x940A, 0x942A, 0x942B, 0x942A, 0x942A, 0x944B, 0x8C0A, 0x940A, 0x8BE9, 0x940A,
    0x8BC8, 0x8BE9, 0x9409, 0x8BC9, 0x8BE9, 0x8367, 0x5A84, 0x5B29, 0x83C7, 0x7B46, 0x9429, 0x8BE9,
    0x9409, 0x9429, 0x8C09, 0x3162, 0xD698, 0xFFFF, 0xFFFF, 0xFFFF, 0xFFFF, 0xFFFF, 0xFFFF, 0xFFFF,
    0xFFFF, 0xFFFF, 0xFFFF, 0xFFFF, 0xFFFF, 0xFFFF, 0xFFFF, 0x7347, 0x62C5, 0x940A, 0x942A, 0x944A,
    0x942A, 0x942A, 0x62A4, 0x8387, 0x64F4, 0x6B05, 0x83A7, 0x8BE8, 0x8387, 0x8BC8, 0x8BC8, 0x8BC8,
    0x9429, 0x8BE9, 0x942A, 0x944A, 0x942B, 0x942A, 0x942A, 0x9409, 0x8BE9, 0x9409, 0x944A, 0x9C4A,
    0x940A, 0x8C09, 0x942A, 0x9C6B, 0x8C09, 0x944A, 0x942A, 0x944B, 0x944B, 0x942B, 0x9C4B, 0x942A,
    0x940A, 0x942A, 0x62C6, 0xA4AE, 0x9C6D, 0x9CAE, 0x3164, 0x31A4, 0x2963, 0xA4EF, 0x944D, 0x9C8D,
    0x9CAF, 0x5AA8, 0x9C8D, 0x2964, 0x3184, 0x2943, 0x944C, 0xAD0F, 0x9C8E, 0x62E8, 0x6B4A, 0x39C4,
    0x7B8B, 0x2102, 0x9C6D, 0x9C8D, 0x9C8D, 0x5A65, 0x8C0A, 0x942A, 0x942A, 0x942A, 0x9C6B, 0x942A,
    0x942B, 0x7B68, 0x83A9, 0x942B, 0x8C0A, 0x942A, 0x942A, 0x942A, 0x942B, 0x942A, 0x942A, 0x942A,
    0x8C0A, 0x942A, 0x942A, 0x940A, 0x9C4B, 0x942A, 0x8BE9, 0x942B, 0x940A, 0x8BE9, 0x8BE9, 0x8BC8,
    0x8387, 0x72E5, 0x5A43, 0x4AA7, 0x83A7, 0x7B46, 0x9409, 0x9408, 0x9409, 0x9429, 0x8BE9, 0x39A3,
    0xD698, 0xFFFF, 0xFFFF, 0xFFFF, 0xFFFF, 0xFFFF, 0xFFFF, 0xFFFF, 0xFFFF, 0xFFFF, 0xFFFF, 0xFFFF,
    0xFFFF, 0xFFFF, 0xFFFF, 0x7B67, 0x6B06, 0x8C09, 0x944A, 0x9C4B, 0x944A, 0x9C6B, 0x62A4, 0x83A8,
    0x5C92, 0x7325, 0x83A8, 0x8BC8, 0x8BE8, 0x83C8, 0x8BE8, 0x940A, 0x9409, 0x83A8, 0x8C09, 0x8C09,
    0x942A, 0x942A, 0x942A, 0x9C4B, 0x942A, 0x942A, 0x9C4A, 0x9429, 0x9409, 0x8BE9, 0x942A, 0x944A,
    0x9C6B, 0x942A, 0x944B, 0x9C4B, 0x942A, 0x942A, 0x942A, 0x940A, 0x942B, 0x942A, 0x5A86, 0x9C8D,
    0xA4CE, 0x9C8D, 0x2943, 0x9C8D, 0x2943, 0x4205, 0x9C6D, 0x9C6D, 0xAD0F, 0x4A67, 0x83EC, 0x2923,
    0x3184, 0x41E5, 0x6309, 0x9C8D, 0x9C8E, 0x8C2C, 0x8C2D, 0x39A4, 0x2943, 0x3163, 0x9C8D, 0x9C8D,
    0x9C8D, 0x5A85, 0x942A, 0x9C6B, 0x940A, 0x942A, 0x942A, 0x8BE9, 0x942A, 0x944A, 0x942A, 0x942B,
    0x942B, 0x944B, 0x942A, 0x9C6B, 0x9C6B, 0x8BE9, 0x942A, 0x944A, 0x944B, 0x8C0A, 0x944B, 0x944B,
    0x8C0A, 0x8BE9, 0x8BE9, 0x942B, 0x8C09, 0x8BC8, 0x8BE9, 0x8BE9, 0x8BC8, 0x8387, 0x62A4, 0x5329,
    0x8BC8, 0x7B66, 0x944A, 0x9409, 0x9409, 0x9429, 0x942A, 0x39A3, 0xD678, 0xFFFF, 0xFFFF, 0xFFFF,
    0xFFFF, 0xFFFF, 0xFFFF, 0xFFFF, 0xFFFF, 0xFFFF, 0xFFFF, 0xFFFF, 0xFFFF, 0xFFFF, 0xFFFF, 0x7B47,
    0x6B06, 0x9C4B, 0x944A, 0x942A, 0x9C4B, 0x942A, 0x6283, 0x8388, 0x6CD2, 0x7346, 0x83C8, 0x8387,
    0x8BE9, 0x942A, 0x940A, 0x8BE9, 0x8BC8, 0x83A8, 0x9409, 0x8C09, 0x9409, 0x940A, 0x942A, 0x944A,
    0x942A, 0x942A, 0x8BE9, 0x9C4B, 0x940A, 0x942A, 0x944A, 0x9429, 0x9C4B, 0x9C4B, 0x940A, 0x8C0A,
    0x944A, 0x942A, 0x942A, 0x942A, 0x942A, 0x944B, 0x62C7, 0xA4AE, 0x9C6D, 0x9CAE, 0x9C6D, 0x9C8D,
    0x9C8D, 0x9C6D, 0x9C6D, 0x9C6D, 0xA4AD, 0xA4AD, 0x946C, 0x9C6C, 0x942C, 0x9C8D, 0x9C8D, 0x9C8D,
    0x9C6D, 0x9C8D, 0x9CAE, 0x8C0B, 0x944C, 0x9C4C, 0x9C8D, 0x9C8D, 0x9C6C, 0x6AC6, 0x942A, 0x942A,
    0x8BEA, 0x9C6B, 0x942A, 0x944A, 0x8BE9, 0x942A, 0x944A, 0x9C6B, 0x942A, 0x8C0A, 0x942A, 0x944B,
    0x942A, 0x942B, 0x942A, 0x8C0A, 0x942B, 0x944A, 0x942A, 0x942A, 0x942A, 0x8BC9, 0x942A, 0x942A,
    0x8BE9, 0x9409, 0x8C09, 0x83C8, 0x7326, 0x8BE8, 0x5A63, 0x4B08, 0x8BE8, 0x7B66, 0x9429, 0x9429,
    0x9C4A, 0x9409, 0x942A, 0x41E3, 0xD677, 0xFFFF, 0xFFFF, 0xFFFF, 0xFFFF, 0xFFFF, 0xFFFF, 0xFFFF,
    0xFFFF, 0xFFFF, 0xFFFF, 0xFFFF, 0xFFFF, 0xFFFF, 0xFFFF, 0x7B67, 0x7347, 0x942A, 0x9C4B, 0x944A,
    0x944A, 0x942A, 0x5A83, 0x7B87, 0x6CD2, 0x6AE4, 0x7326, 0x83C8, 0x83A8, 0x9409, 0x83C8, 0x942A,
    0x942A, 0x944A, 0x8C09, 0x8BE9, 0x83C8, 0x9429, 0x9C4B, 0x9409, 0x9409, 0x944A, 0x8C09, 0x942A,
    0x944A, 0x8BE9, 0x940A, 0x9409, 0x942A, 0x942A, 0x942A, 0x9C4B, 0x9C6B, 0x942A, 0x8BE9, 0x944B,
    0x942A, 0x942A, 0x5A85, 0x944C, 0x9CAE, 0x9C8D, 0x944B, 0x9C8D, 0x9C8D, 0x9C8D, 0x9C8D, 0x9C8D,
    0x9C8D, 0x9C4C, 0x9C6D, 0x9C6C, 0x9C8D, 0x9C6D, 0x9C8D, 0x9C8D, 0xA4AD, 0x9C8D, 0x9C8C, 0x9C8D,
    0x944C, 0x942B, 0x9C6D, 0x944C, 0x9C6C, 0x5AA6, 0x942A, 0x8C0A, 0x944A, 0x942A, 0x942A, 0x940A,
    0x944A, 0x944A, 0x942A, 0x944B, 0x942A, 0x8C09, 0x942A, 0x8BC9, 0x942A, 0x942A, 0x8C0A, 0x8C0A,
    0x940A, 0x942A, 0x8C0A, 0x8BE9, 0x942B, 0x944A, 0x942A, 0x8C0A, 0x942A, 0x9409, 0x8BE8, 0x8BE9,
    0x8BC8, 0x83A7, 0x6AC4, 0x4B08, 0x8BE8, 0x7346, 0x9409, 0x9429, 0x9449, 0x9429, 0x9429, 0x41C3,
    0xCE57, 0xFFFF, 0xFFFF, 0xFFFF, 0xFFFF, 0xFFFF, 0xFFFF, 0xFFFF, 0xFFFF, 0xFFFF, 0xFFFF, 0xFFFF,
    0xFFFF, 0xFFFF, 0xFFFF, 0x7347, 0x6B06, 0x944A, 0x9409, 0x942A, 0x944A, 0x9C4B, 0x5A84, 0x7B88,
    0x64B2, 0x5A83, 0x83C9, 0x8387, 0x8387, 0x8BC8, 0x8BE9, 0x8BE9, 0x942A, 0x8BE9, 0x944B, 0x8C09,
    0x9409, 0x8BE9, 0x8BE9, 0x8C09, 0x9409, 0x9C4B, 0x942A, 0x942A, 0x942A, 0x9409, 0x942A, 0x944B,
    0x9C6B, 0x942A, 0x9C4B, 0x942A, 0x942A, 0x944B, 0x8C0A, 0x942A, 0x942A, 0x942A, 0x62C6, 0x944B,
    0xA4AD, 0x9C6C, 0x9C6C, 0x9C8D, 0x9C8D, 0x9C8D, 0x9C8D, 0x9C6D, 0x944C, 0x9C6C, 0x9C8D, 0x9C8D,
    0x9C8D, 0x9C8D, 0x9C6D, 0x9C6D, 0x944C, 0x9C6C, 0x942C, 0x9CAD, 0xA4CE, 0x83CA, 0x8C0B, 0x9C6C,
    0x83A9, 0x5AA6, 0x942A, 0x942A, 0x8BE9, 0x942A, 0x944B, 0x942A, 0x942A, 0x942A, 0x944A, 0x942A,
    0x942A, 0x8C0A, 0x940A, 0x8BEA, 0x942A, 0x940A, 0x940A, 0x8BEA, 0x942A, 0x8BC9, 0x8C09, 0x942B,
    0x942A, 0x942A, 0x940A, 0x942A, 0x8BE9, 0x8BC8, 0x8C09, 0x8BC8, 0x8BE9, 0x83A7, 0x6283, 0x4A87,
    0x83A7, 0x7B46, 0x9409, 0x9C4A, 0x9429, 0x9C4A, 0x9409, 0x39A2, 0xD678, 0xFFFF, 0xFFFF, 0xFFFF,
    0xFFFF, 0xFFFF, 0xFFFF, 0xFFFF, 0xFFFF, 0xFFFF, 0xFFFF, 0xFFFF, 0xFFFF, 0xFFFF, 0xFFFF, 0x7B67,
    0x6AE6, 0x942A, 0x942A, 0x9429, 0x942A, 0x942A, 0x5A84, 0x7B67, 0x6CD3, 0x5A84, 0x83A8, 0x8BC8,
    0x8C09, 0x8BE9, 0x8C0A, 0x8C09, 0x940A, 0x942A, 0x942A, 0x942A, 0x8C0A, 0x942A, 0x942A, 0x940A,
    0x8BE9, 0x942A, 0x942A, 0x8C09, 0x940A, 0x940A, 0x944B, 0x944B, 0x940A, 0x944B, 0x942B, 0x944B,
    0x942A, 0x942A, 0x942A, 0x942A, 0x942A, 0x942A, 0x5A85, 0x2922, 0x942B, 0x9C6D, 0x944B, 0x8388,
    0x944B, 0x9CAE, 0x9C6D, 0x942B, 0x9C6C, 0x9C6D, 0x9C6C, 0x9C6D, 0x9C6C, 0x9C6D, 0x944C, 0x942B,
    0x9C6C, 0x8C0A, 0x944C, 0x8BEA, 0x940B, 0x940B, 0x8389, 0x8C0A, 0x20E1, 0x6AE6, 0x940A, 0x942A,
    0x942A, 0x83C9, 0x940A, 0x9C6B, 0x940A, 0x942A, 0x8C0A, 0x8BE9, 0x8C0A, 0x8BE9, 0x8BE9, 0x8BE9,
    0x8C0A, 0x942A, 0x942A, 0x8C0A, 0x8BE9, 0x944B, 0x942A, 0x942A, 0x944B, 0x944B, 0x942B, 0x8C0A,
    0x8C09, 0x8BE9, 0x83A8, 0x8BE9, 0x8BC9, 0x83A8, 0x62A4, 0x3205, 0x8387, 0x7326, 0x9429, 0x9429,
    0x9409, 0x9409, 0x942A, 0x3982, 0xD678, 0xFFFF, 0xFFFF, 0xFFFF, 0xFFFF, 0xFFFF, 0xFFFF, 0xFFFF,
    0xFFFF, 0xFFFF, 0xFFFF, 0xFFFF, 0xFFFF, 0xFFFF, 0xFFFF, 0x7327, 0x62C5, 0x942A, 0x942A, 0x942A,
    0x8BE9, 0x940A, 0x5A63, 0x7B87, 0x6492, 0x6AE5, 0x83A7, 0x8BE9, 0x8BE8, 0x8BE8, 0x8C09, 0x8BE9,
    0x8C0A, 0x9409, 0x944A, 0x7B67, 0x942A, 0x944A, 0x8C09, 0x942A, 0x942A, 0x8BE9, 0x9409, 0x83C8,
    0x8BE9, 0x9409, 0x942A, 0x944B, 0x8C09, 0x940A, 0x942B, 0x8BC9, 0x944A, 0x8BC9, 0x8BE9, 0x942A,
    0x940A, 0x944B, 0x8C09, 0x83C8, 0x7326, 0x7326, 0x7B87, 0x8BE9, 0x8C09, 0x83A8, 0x83A8, 0x8BE9,
    0x8BE9, 0x8BEA, 0x8BC9, 0x8BEA, 0x8BE9, 0x8BE9, 0x83A8, 0x7B88, 0x83A9, 0x8C0A, 0x8BE9, 0x7B68,
    0x83C9, 0x83A8, 0x7B88, 0x7B88, 0x7B88, 0x8BE9, 0x8C09, 0x8C09, 0x940A, 0x942A, 0x8C09, 0x8BE9,
    0x8BE9, 0x944B, 0x8C0A, 0x942A, 0x8C0A, 0x940A, 0x944A, 0x8BE9, 0x940A, 0x8BE9, 0x940A, 0x8BC9,
    0x940A, 0x940A, 0x942A, 0x940A, 0x942A, 0x942A, 0x944B, 0x8C0A, 0x8C09, 0x8C09, 0x8BE9, 0x8BE9,
    0x7B67, 0x8387, 0x5A84, 0x4246, 0x83A7, 0x7B67, 0x9429, 0x9409, 0x942A, 0x8C09, 0x83C8, 0x3982,
    0xD678, 0xFFFF, 0xFFFF, 0xFFFF, 0xFFFF, 0xFFFF, 0xFFFF, 0xFFFF, 0xFFFF, 0xFFFF, 0xFFFF, 0xFFFF,
    0xFFFF, 0xFFFF, 0xFFFF, 0x6B06, 0x49C2, 0x942A, 0x9409, 0x8BE8, 0x942A, 0x940A, 0x6284, 0x7B87,
    0x5C71, 0x6B05, 0x8BC8, 0x8BC8, 0x8BC8, 0x8BE9, 0x942A, 0x940A, 0x83A8, 0x8BE9, 0x8BE9, 0x83A8,
    0x8BC9, 0x7B47, 0x8BE9, 0x8C09, 0x8BC9, 0x8BE9, 0x942A, 0x8C09, 0x8BE9, 0x8C09, 0x942A, 0x8BE9,
    0x942A, 0x942A, 0x8BE9, 0x8C09, 0x8BEA, 0x940A, 0x940A, 0x8C0A, 0x942A, 0x944B, 0x8C0A, 0x8BE9,
    0x8C09, 0x8C09, 0x8BE9, 0x940A, 0x940A, 0x940A, 0x8BE9, 0x942A, 0x944B, 0x9C4B, 0x944B, 0x8BC9,
    0x942B, 0x942A, 0x8BE9, 0x8BE9, 0x942A, 0x942A, 0x942A, 0x942A, 0x940A, 0x942A, 0x940A, 0x940A,
    0x8BE9, 0x940A, 0x942A, 0x8C09, 0x942A, 0x940A, 0x8C09, 0x8BE9, 0x942A, 0x8C0A, 0x942A, 0x940A,
    0x8BE9, 0x942A, 0x940A, 0x8BE9, 0x8BE9, 0x8BC9, 0x83C9, 0x940A, 0x8C0A, 0x942A, 0x942A, 0x8BE9,
    0x8C09, 0x8BE9, 0x942A, 0x8C0A, 0x8BE9, 0x8C09, 0x8BE9, 0x8BC8, 0x8388, 0x8BC8, 0x62A4, 0x4AA7,
    0x83A7, 0x7B46, 0x8C09, 0x9409, 0x8C09, 0x8BE9, 0x8C09, 0x2921, 0xD698, 0xFFFF, 0xFFFF, 0xFFFF,
    0xFFFF, 0xFFFF, 0xFFFF, 0xFFFF, 0xFFFF, 0xFFFF, 0xFFFF, 0xFFFF, 0xFFFF, 0xFFFF, 0xFFFF, 0x7327,
    0x62C5, 0x940A, 0x942A, 0x942A, 0x8C09, 0x942A, 0x5A84, 0x8388, 0x5C30, 0x6B05, 0x7B67, 0x83A8,
    0x8BC8, 0x9409, 0x8BE9, 0x8BE9, 0x8C0A, 0x942A, 0x8BE9, 0x8BE9, 0x8C09, 0x8BE9, 0x944A, 0x942A,
    0x8BE9, 0x944A, 0x940A, 0x944B, 0x9C4B, 0x8C09, 0x942A, 0x944B, 0x942A, 0x940A, 0x940A, 0x940A,
    0x8C09, 0x942A, 0x8C0A, 0x940A, 0x9409, 0x8C0A, 0x8C09, 0x8C29, 0x942A, 0x8BE9, 0x8C09, 0x8C09,
    0x8BEA, 0x8BE9, 0x942A, 0x944B, 0x942A, 0x942A, 0x9C4B, 0x944B, 0x940A, 0x944B, 0x8BE9, 0x940A,
    0x944A, 0x940A, 0x940A, 0x944B, 0x940A, 0x8C09, 0x8BE9, 0x8BE9, 0x8C0A, 0x8C0A, 0x8C0A, 0x83C8,
    0x8BE9, 0x8C0A, 0x940A, 0x8BC8, 0x940A, 0x8C0A, 0x940A, 0x942B, 0x940A, 0x940A, 0x942A, 0x8BE9,
    0x8C09, 0x8BE9, 0x8C09, 0x942A, 0x8BC9, 0x946B, 0x8C09, 0x942A, 0x940A, 0x8BE9, 0x942A, 0x942A,
    0x8BE9, 0x8BE9, 0x8BE9, 0x8C0A, 0x83A8, 0x7B67, 0x62A4, 0x5B08, 0x8387, 0x7346, 0x9429, 0x9429,
    0x942A, 0x9409, 0x8C0A, 0x2921, 0xD678, 0xFFFF, 0xFFFF, 0xFFFF, 0xFFFF, 0xFFFF, 0xFFFF, 0xFFFF,
    0xFFFF, 0xFFFF, 0xFFFF, 0xFFFF, 0xFFFF, 0xFFFF, 0xFFFF, 0x7326, 0x6264, 0x942A, 0x942A, 0x942A,
    0x942A, 0x8BC9, 0x5A64, 0x7B68, 0x5431, 0x6AC4, 0x7B87, 0x83A7, 0x8BE8, 0x8BE9, 0x83C8, 0x8C09,
    0x8BC9, 0x942A, 0x8BE9, 0x8C09, 0x8BE9, 0x8C09, 0x940A, 0x8BE9, 0x942A, 0x8BE9, 0x8388, 0x8C09,
    0x940A, 0x83A8, 0x942B, 0x940A, 0x942A, 0x8C0A, 0x8C0A, 0x942A, 0x8C09, 0x942A, 0x940A, 0x8C09,
    0x8BE9, 0x940A, 0x8C09, 0x8BE9, 0x942A, 0x940A, 0x942B, 0x942A, 0x8C0A, 0x944A, 0x942A, 0x942A,
    0x940A, 0x942A, 0x942A, 0x944A, 0x944A, 0x942A, 0x942A, 0x9429, 0x8C09, 0x942A, 0x8C09, 0x944B,
    0x944B, 0x8C0A, 0x8BE9, 0x942A, 0x942A, 0x8C0A, 0x8BE9, 0x940A, 0x942A, 0x8C0A, 0x8C09, 0x940A,
    0x8BC9, 0x8BE9, 0x8C0A, 0x942A, 0x8C0A, 0x942A, 0x8C0A, 0x940A, 0x8BE9, 0x942A, 0x8C09, 0x942A,
    0x8BE9, 0x942A, 0x942A, 0x942A, 0x8BE9, 0x8BEA, 0x940A, 0x8C0A, 0x83C8, 0x8C0A, 0x8BC8, 0x8BE9,
    0x83A8, 0x7B46, 0x6B05, 0x4A87, 0x8BC8, 0x7B66, 0x942A, 0x8C09, 0x9409, 0x940A, 0x8BE9, 0x3162,
    0xD698, 0xFFFF, 0xFFFF, 0xFFFF, 0xFFFF, 0xFFFF, 0xFFFF, 0xFFFF, 0xFFFF, 0xFFFF, 0xFFFF, 0xFFFF,
    0xFFFF, 0xFFFF, 0xFFFF, 0x7347, 0x62A5, 0x940A, 0x944A, 0x944A, 0x942A, 0x940A, 0x5A84, 0x8388,
    0x7514, 0x62A4, 0x7325, 0x83C8, 0x8387, 0x8BE9, 0x8BE9, 0x8C09, 0x8BE9, 0x8C09, 0x8C09, 0x8BE9,
    0x8BE9, 0x8BE9, 0x940A, 0x8C09, 0x8C09, 0x940A, 0x944B, 0x940A, 0x940A, 0x8BE9, 0x8C09, 0x942A,
    0x8C09, 0x8C0A, 0x942A, 0x942A, 0x8BE9, 0x942A, 0x8C0A, 0x942A, 0x8BE9, 0x8C0A, 0x940A, 0x8BE9,
    0x8BE9, 0x8C09, 0x942A, 0x8C09, 0x8C0A, 0x8BE9, 0x942A, 0x944A, 0x940A, 0x942A, 0x940A, 0x942A,
    0x942A, 0x942A, 0x942A, 0x940A, 0x8BE9, 0x940A, 0x8BE9, 0x942A, 0x942A, 0x940A, 0x8C0A, 0x83A8,
    0x942A, 0x940A, 0x940A, 0x942A, 0x940A, 0x940A, 0x942A, 0x8BE9, 0x940A, 0x8BEA, 0x944A, 0x8BE9,
    0x942A, 0x8BC9, 0x8C0A, 0x8BC9, 0x940A, 0x944A, 0x942A, 0x942A, 0x8BE9, 0x8C0A, 0x942A, 0x942A,
    0x942A, 0x8BEA, 0x8C09, 0x8C0A, 0x8C09, 0x8C0A, 0x8BE9, 0x83C8, 0x8BE9, 0x7B67, 0x6AE5, 0x5B4A,
    0x8BC8, 0x7B46, 0x9409, 0x8C09, 0x8C0A, 0x83C8, 0x8BE9, 0x3982, 0xD698, 0xFFFF, 0xFFFF, 0xFFFF,
    0xFFFF, 0xFFFF, 0xFFFF, 0xFFFF, 0xFFFF, 0xFFFF, 0xFFFF, 0xFFFF, 0xFFFF, 0xFFFF, 0xFFFF, 0x7B68,
    0x62A4, 0x8C09, 0x942A, 0x942A, 0x944A, 0x944B, 0x62A5, 0x83A8, 0x5CB3, 0x7326, 0x7B47, 0x83C9,
    0x83A8, 0x8BE9, 0x8C09, 0x8C09, 0x8BE9, 0x942A, 0x8BE9, 0x8BE9, 0x8C09, 0x8BE9, 0x8BC8, 0x8BE9,
    0x8C0A, 0x8C0A, 0x8BE9, 0x8BE9, 0x942A, 0x8C09, 0x9409, 0x942A, 0x8BE9, 0x8C0A, 0x942A, 0x942A,
    0x8BE9, 0x8C0A, 0x944A, 0x942A, 0x942A, 0x8C0A, 0x8BE9, 0x8C09, 0x8C09, 0x942A, 0x9409, 0x944A,
    0x9C6B, 0x9C6B, 0x942A, 0x940A, 0x940A, 0x942A, 0x942A, 0x942A, 0x944A, 0x940A, 0x8BE9, 0x942A,
    0x944B, 0x942A, 0x942A, 0x8C09, 0x942A, 0x942A, 0x942A, 0x942A, 0x940A, 0x8C0A, 0x942A, 0x8BE9,
    0x8C0A, 0x8C09, 0x940A, 0x942A, 0x942A, 0x8C0A, 0x8C09, 0x8C0A, 0x8C0A, 0x942A, 0x8C0A, 0x8C0A,
    0x942A, 0x942A, 0x942A, 0x940A, 0x942A, 0x8C09, 0x942A, 0x8C0A, 0x942B, 0x8C09, 0x8C0A, 0x940A,
    0x940A, 0x8C0A, 0x8C09, 0x8BE8, 0x8C09, 0x83C8, 0x6AE5, 0x5B6A, 0x8388, 0x7B46, 0x9429, 0x9429,
    0x8BE9, 0x8BE9, 0x8BC9, 0x3982, 0xD698, 0xFFFF, 0xFFFF, 0xFFFF, 0xFFFF, 0xFFFF, 0xFFFF, 0xFFFF,
    0xFFFF, 0xFFFF, 0xFFFF, 0xFFFF, 0xFFFF, 0xFFFF, 0xFFFF, 0x6AE5, 0x5A84, 0x942A, 0x942A, 0x940A,
    0x942A, 0x9C6B, 0x5A84, 0x83A8, 0x64D3, 0x6AE4, 0x7B87, 0x83A8, 0x8C09, 0x8C09, 0x8C09, 0x8C09,
    0x8C0A, 0x8C09, 0x942A, 0x8BE9, 0x8BE8, 0x8C09, 0x8C2A, 0x942A, 0x940A, 0x8C0A, 0x944B, 0x940A,
    0x8BE9, 0x8BE9, 0x942A, 0x8C0A, 0x942A, 0x942A, 0x8BE9, 0x8C09, 0x8BE9, 0x8C0A, 0x940A, 0x942A,
    0x8C0A, 0x8C0A, 0x8C09, 0x942A, 0x9429, 0x942A, 0x942A, 0x942A, 0x944A, 0x944B, 0x9C6B, 0x944A,
    0x942A, 0x942A, 0x942A, 0x942A, 0x944A, 0x942A, 0x940A, 0x942A, 0x942A, 0x942A, 0x944A, 0x83C9,
    0x940A, 0x8C0A, 0x8C0A, 0x8BE9, 0x942A, 0x940A, 0x8C0A, 0x8BE9, 0x8BE9, 0x942A, 0x942A, 0x8BC9,
    0x8BE9, 0x8BE9, 0x940A, 0x940A, 0x942B, 0x83A8, 0x8BE9, 0x8BE9, 0x942A, 0x8C09, 0x7B87, 0x944B,
    0x8BE9, 0x8C0A, 0x8BE9, 0x8C0A, 0x8BEA, 0x8BE9, 0x8C09, 0x8C0A, 0x8BE9, 0x8C0A, 0x7B67, 0x8BC8,
    0x83A8, 0x83C8, 0x7367, 0x5308, 0x83C7, 0x7325, 0x942A, 0x8BE8, 0x942A, 0x8C09, 0x8C09, 0x3982,
    0xD698, 0xFFFF, 0xFFFF, 0xFFFF, 0xFFFF, 0xFFFF, 0xFFFF, 0xFFFF, 0xFFFF, 0xFFFF, 0xFFFF, 0xFFFF,
    0xFFFF, 0xFFFF, 0xFFFF, 0x7B47, 0x62A5, 0x944B, 0x942A, 0x8C0A, 0x942A, 0x8BC9, 0x62C5, 0x7B88,
    0x5C71, 0x6AE5, 0x8387, 0x8BC8, 0x8BE9, 0x8BE9, 0x8BE9, 0x8BC8, 0x8BE9, 0x8C09, 0x8C09, 0x8C09,
    0x83C8, 0x7305, 0x8C09, 0x944B, 0x9409, 0x942B, 0x940A, 0x940A, 0x8BE9, 0x8C09, 0x8C0A, 0x8BE9,
    0x942A, 0x9C4B, 0x8BE9, 0x942A, 0x83C9, 0x942A, 0x8C0A, 0x942A, 0x942A, 0x940A, 0x942A, 0x940A,
    0x940A, 0x942A, 0x942A, 0x942A, 0x942A, 0x9C6B, 0x942A, 0x942A, 0x940A, 0x942A, 0x8C0A, 0x942A,
    0x942A, 0x944A, 0x944A, 0x8C0A, 0x8C0A, 0x8BE9, 0x8BE9, 0x8C09, 0x940A, 0x942A, 0x8C09, 0x8C0A,
    0x8BE9, 0x940A, 0x8BE9, 0x8C09, 0x8C09, 0x8C09, 0x8BE9, 0x8C09, 0x8C0A, 0x940A, 0x8BE9, 0x8BC9,
    0x940A, 0x942A, 0x940A, 0x940A, 0x8BE9, 0x940A, 0x944B, 0x942A, 0x942A, 0x942A, 0x8BE9, 0x8C09,
    0x940A, 0x8C0A, 0x8C0A, 0x8388, 0x8C09, 0x8BE9, 0x8BE9, 0x83C8, 0x83C8, 0x7B67, 0x6B46, 0x638A,
    0x83A7, 0x7325, 0x9429, 0x8BE9, 0x8BE8, 0x8BE9, 0x83C9, 0x39A2, 0xD677, 0xFFFF, 0xFFFF, 0xFFFF,
    0xFFFF, 0xFFFF, 0xFFFF, 0xFFFF, 0xFFFF, 0xFFFF, 0xFFFF, 0xFFFF, 0xFFFF, 0xFFFF, 0xFFFF, 0x7326,
    0x6B06, 0x940A, 0x8C09, 0x940A, 0x940A, 0x6AC5, 0x62C5, 0x83A8, 0x5C71, 0x6AE5, 0x7B67, 0x83A8,
    0x8387, 0x8BE9, 0x8BE9, 0x8BE9, 0x8BE9, 0x8BE9, 0x8BC8, 0x8C09, 0x8C09, 0x8BC8, 0x8C09, 0x8BE9,
    0x8C09, 0x942A, 0x8BE9, 0x942A, 0x942A, 0x940A, 0x8C0A, 0x8C09, 0x942A, 0x942A, 0x8C0A, 0x942A,
    0x8C0A, 0x942A, 0x8BE9, 0x940A, 0x8C09, 0x942A, 0x9409, 0x8C09, 0x942A, 0x940A, 0x8C09, 0x8C0A,
    0x942A, 0x942A, 0x942A, 0x942A, 0x942A, 0x942A, 0x942A, 0x942A, 0x944A, 0x944A, 0x940A, 0x8BE9,
    0x940A, 0x8C09, 0x8BE9, 0x942A, 0x8C09, 0x940A, 0x8BE9, 0x8C0A, 0x8C09, 0x8C09, 0x8BE9, 0x8C09,
    0x8C0A, 0x8C0A, 0x8C09, 0x8BC9, 0x8C09, 0x940A, 0x944B, 0x8C0A, 0x83C9, 0x942A, 0x942A, 0x8C0A,
    0x8C0A, 0x8C09, 0x942A, 0x942A, 0x8C09, 0x83A8, 0x8C0A, 0x8BEA, 0x942B, 0x8C0A, 0x8C0A, 0x8C0A,
    0x8BEA, 0x8C09, 0x8BE9, 0x8BC9, 0x83A8, 0x83C8, 0x5264, 0x52E8, 0x83C8, 0x7325, 0x9409, 0x8C09,
    0x942A, 0x8BE9, 0x83A8, 0x3982, 0xD678, 0xFFFF, 0xFFFF, 0xFFFF, 0xFFFF, 0xFFFF, 0xFFFF, 0xFFFF,
    0xFFFF, 0xFFFF, 0xFFFF, 0xFFFF, 0xFFFF, 0xFFFF, 0xFFFF, 0x7326, 0x6B06, 0x8BE9, 0x8C0A, 0x8C0A,
    0x944B, 0x6AC5, 0x5A84, 0x7B88, 0x540F, 0x6AE5, 0x7B67, 0x83A8, 0x8BC8, 0x8C09, 0x8BE9, 0x83C8,
    0x8BC8, 0x8BE9, 0x8BE9, 0x940A, 0x8C09, 0x8BE9, 0x9409, 0x942A, 0x942A, 0x942A, 0x940A, 0x942A,
    0x940A, 0x8BE9, 0x940A, 0x940A, 0x8C09, 0x8BE9, 0x8BE9, 0x8BE9, 0x942A, 0x8C09, 0x944B, 0x942A,
    0x8C09, 0x8BE9, 0x9409, 0x9409, 0x9409, 0x942A, 0x944A, 0x942A, 0x8C0A, 0x942A, 0x942A, 0x942A,
    0x942A, 0x942A, 0x940A, 0x942A, 0x944A, 0x8C09, 0x9409, 0x942A, 0x942A, 0x940A, 0x942A, 0x8C0A,
    0x8BE9, 0x8C0A, 0x8C0A, 0x8C09, 0x9409, 0x8C0A, 0x942A, 0x8C09, 0x942A, 0x8C0A, 0x944B, 0x8BE9,
    0x8C0A, 0x83A8, 0x942A, 0x8C0A, 0x83A9, 0x8C0A, 0x942A, 0x8C2A, 0x942A, 0x8C0A, 0x8BE9, 0x942A,
    0x8C0A, 0x8C09, 0x8C0A, 0x940A, 0x942B, 0x8BC9, 0x8BC9, 0x8C0A, 0x8C0A, 0x83C9, 0x8C09, 0x83A8,
    0x83A8, 0x83A8, 0x62A5, 0x42C8, 0x83A7, 0x7305, 0x942A, 0x8C09, 0x9409, 0x8C09, 0x8BC9, 0x3962,
    0xD698, 0xFFFF, 0xFFFF, 0xFFFF, 0xFFFF, 0xFFFF, 0xFFFF, 0xFFFF, 0xFFFF, 0xFFFF, 0xFFFF, 0xFFFF,
    0xFFFF, 0xFFFF, 0xFFFF, 0x7347, 0x6AE5, 0x8BE9, 0x8C09, 0x944A, 0x940A, 0x8BC9, 0x5A84, 0x7B88,
    0x5C71, 0x6AE5, 0x7B67, 0x8BE8, 0x83C8, 0x8BE9, 0x8C0A, 0x8BC8, 0x83C8, 0x8BE9, 0x942A, 0x8BE9,
    0x8C09, 0x8BE9, 0x8BE9, 0x8C09, 0x83C8, 0x7B87, 0x8BC9, 0x8BC9, 0x942A, 0x940A, 0x942A, 0x944B,
    0x942A, 0x8C09, 0x8BE9, 0x940A, 0x8BE9, 0x940A, 0x8BE9, 0x940A, 0x8BE9, 0x9429, 0x9409, 0x8C09,
    0x942A, 0x9429, 0x942A, 0x8BE9, 0x8BE9, 0x944B, 0x8BE9, 0x8C09, 0x9409, 0x8C0A, 0x942B, 0x9C4B,
    0x942A, 0x8C09, 0x942A, 0x940A, 0x942A, 0x942A, 0x8C09, 0x8BE9, 0x8BE9, 0x942A, 0x940A, 0x8BE9,
    0x8C0A, 0x8BE9, 0x8C0A, 0x8BE9, 0x8C0A, 0x942A, 0x8C0A, 0x942A, 0x942A, 0x8C0A, 0x8C09, 0x8C0A,
    0x8C0A, 0x8C0A, 0x942A, 0x8BE9, 0x8C0A, 0x8C0A, 0x8C0A, 0x8C0A, 0x942A, 0x944B, 0x942A, 0x8BE9,
    0x8C09, 0x940A, 0x8BE9, 0x8BEA, 0x8BE9, 0x940A, 0x8BC9, 0x83C8, 0x8387, 0x7B87, 0x6AE5, 0x42C8,
    0x7B67, 0x7346, 0x942A, 0x9409, 0x9429, 0x9409, 0x8C09, 0x3962, 0xCE57, 0xFFFF, 0xFFFF, 0xFFFF,
    0xFFFF, 0xFFFF, 0xFFFF, 0xFFFF, 0xFFFF, 0xFFFF, 0xFFFF, 0xFFFF, 0xFFFF, 0xFFFF, 0xFFFF, 0x7306,
    0x6B06, 0x942A, 0x942A, 0x8BE9, 0x8C09, 0x8BEA, 0x62A5, 0x7B88, 0x5C71, 0x5223, 0x8387, 0x83A7,
    0x8387, 0x83A8, 0x8BC8, 0x8BE9, 0x83C8, 0x8BE9, 0x8BE9, 0x8BE9, 0x8C09, 0x83C8, 0x942A, 0x940A,
    0x8C09, 0x8C09, 0x8C0A, 0x942A, 0x83C8, 0x940A, 0x944B, 0x944B, 0x942A, 0x942A, 0x8C09, 0x9409,
    0x942A, 0x8BE9, 0x944A, 0x8C09, 0x8C0A, 0x8C09, 0x9409, 0x942A, 0x83A8, 0x944A, 0x944B, 0x944A,
    0x8BC9, 0x942A, 0x8C09, 0x942A, 0x8C0A, 0x940A, 0x8BE9, 0x942A, 0x942A, 0x940A, 0x944A, 0x942A,
    0x8C09, 0x8C0A, 0x83C9, 0x940A, 0x942A, 0x8C09, 0x8C09, 0x8C0A, 0x8BC9, 0x942A, 0x942A, 0x8BE9,
    0x942A, 0x942A, 0x942A, 0x8C0A, 0x944B, 0x8C0A, 0x942A, 0x8C0A, 0x8BE9, 0x942A, 0x942B, 0x940A,
    0x942A, 0x942A, 0x8BE9, 0x8C09, 0x8C09, 0x8BE9, 0x8BC9, 0x8C0A, 0x8C0A, 0x8BC9, 0x942A, 0x8C09,
    0x942A, 0x8BE9, 0x940A, 0x83A8, 0x83A8, 0x7326, 0x5A43, 0x4AE9, 0x83C8, 0x7326, 0x8BE9, 0x940A,
    0x9429, 0x8BC8, 0x8BC8, 0x3142, 0xCE57, 0xFFFF, 0xFFFF, 0xFFFF, 0xFFFF, 0xFFFF, 0xFFFF, 0xFFFF,
    0xFFFF, 0xFFFF, 0xFFFF, 0xFFFF, 0xFFFF, 0xFFFF, 0xFFFF, 0x7326, 0x6AE6, 0x8C09, 0x8BE9, 0x8C09,
    0x8C0A, 0x8BEA, 0x5A84, 0x7B88, 0x53EF, 0x6AE5, 0x8BE9, 0x8BE8, 0x8387, 0x83A8, 0x83A8, 0x83C8,
    0x8BE8, 0x8C09, 0x8BE9, 0x8BC9, 0x83A8, 0x8BE9, 0x940A, 0x8C09, 0x942A, 0x7B67, 0x8C0A, 0x942A,
    0x944A, 0x942A, 0x9C4B, 0x944B, 0x8BE9, 0x8BE9, 0x8BE9, 0x940A, 0x8C0A, 0x940A, 0x8BE9, 0x8C09,
    0x9409, 0x9409, 0x8C09, 0x8C09, 0x8C0A, 0x944A, 0x942A, 0x942A, 0x942A, 0x944A, 0x944B, 0x942A,
    0x942A, 0x940A, 0x8BE9, 0x8C09, 0x8C09, 0x942A, 0x944A, 0x942A, 0x940A, 0x83C9, 0x942A, 0x8C0A,
    0x8BE9, 0x942A, 0x8BC9, 0x940A, 0x942A, 0x8BE9, 0x8C0A, 0x8BC9, 0x940A, 0x942B, 0x8BEA, 0x8BE9,
    0x942A, 0x940A, 0x8C0A, 0x8BEA, 0x940A, 0x942A, 0x940A, 0x942A, 0x8C0A, 0x944A, 0x8C0A, 0x8BEA,
    0x942A, 0x8BE9, 0x8BEA, 0x8BE9, 0x83A9, 0x8C09, 0x8C09, 0x940A, 0x8C09, 0x83A8, 0x83A8, 0x83A8,
    0x83A8, 0x8387, 0x5223, 0x42A8, 0x83A8, 0x7326, 0x942A, 0x8BE9, 0x8C09, 0x942A, 0x83A8, 0x3162,
    0xD678, 0xFFFF, 0xFFFF, 0xFFFF, 0xFFFF, 0xFFFF, 0xFFFF, 0xFFFF, 0xFFFF, 0xFFFF, 0xFFFF, 0xFFFF,
    0xFFFF, 0xFFFF, 0xFFFF, 0x6B06, 0x62A5, 0x8C09, 0x8BE9, 0x942A, 0x940A, 0x942A, 0x62A4, 0x7B68,
    0x6492, 0x62A4, 0x8387, 0x83A8, 0x83A7, 0x7B67, 0x8BE9, 0x8BE9, 0x83C8, 0x8C09, 0x8C09, 0x83C8,
    0x83C8, 0x8C09, 0x940A, 0x940A, 0x942A, 0x942A, 0x942A, 0x942A, 0x8C09, 0x940A, 0x83C9, 0x8C0A,
    0x942A, 0x8C09, 0x8C0A, 0x8C0A, 0x944A, 0x942A, 0x942A, 0x8BE9, 0x942A, 0x942A, 0x940A, 0x942A,
    0x7B67, 0x942A, 0x944A, 0x942A, 0x8C2A, 0x942A, 0x8C0A, 0x942A, 0x942A, 0x8C09, 0x8C09, 0x942A,
    0x8C0A, 0x9C4B, 0x8BE9, 0x942A, 0x9429, 0x8BE9, 0x942A, 0x940A, 0x8C0A, 0x8BE9, 0x8BE9, 0x8C09,
    0x8BE9, 0x8C0A, 0x942A, 0x942A, 0x944B, 0x942A, 0x8BE9, 0x940A, 0x8C0A, 0x942B, 0x940A, 0x83C9,
    0x8C09, 0x9C6B, 0x940A, 0x8BE9, 0x8C0A, 0x8C0A, 0x8BE9, 0x944B, 0x8BEA, 0x8C09, 0x8C0A, 0x942A,
    0x8BE9, 0x8BE9, 0x83C9, 0x8BE9, 0x8BE9, 0x8BE9, 0x8BE9, 0x83C8, 0x83A8, 0x83A8, 0x5222, 0x4AE8,
    0x7B67, 0x7326, 0x9409, 0x9409, 0x940A, 0x8BE9, 0x83C9, 0x3982, 0xD678, 0xFFFF, 0xFFFF, 0xFFFF,
    0xFFFF, 0xFFFF, 0xFFFF, 0xFFFF, 0xFFFF, 0xFFFF, 0xFFFF, 0xFFFF, 0xFFFF, 0xFFFF, 0xFFFF, 0x6B06,
    0x5223, 0x940A, 0x8BE9, 0x8BE9, 0x8C0A, 0x942A, 0x62C5, 0x83A8, 0x6CB2, 0x6B05, 0x7B87, 0x83C8,
    0x7B67, 0x83A8, 0x8C0A, 0x8BE9, 0x8BE9, 0x8BC9, 0x8BC9, 0x8BC8, 0x8BE9, 0x8C09, 0x942A, 0x8C0A,
    0x8C09, 0x8BE9, 0x942A, 0x8C0A, 0x8BE9, 0x8C09, 0x942A, 0x942A, 0x940A, 0x940A, 0x942A, 0x940A,
    0x9C4B, 0x942A, 0x942A, 0x8C09, 0x942A, 0x944B, 0x8BEA, 0x942A, 0x8BE9, 0x8C0A, 0x942A, 0x942A,
    0x940A, 0x8C09, 0x942A, 0x942A, 0x9429, 0x942A, 0x942A, 0x942A, 0x940A, 0x8C0A, 0x942A, 0x942A,
    0x8BE9, 0x8C09, 0x8BE9, 0x9409, 0x942A, 0x940A, 0x8C0A, 0x942A, 0x8BE9, 0x8BE9, 0x8BE9, 0x8C0A,
    0x942A, 0x9C4B, 0x942A, 0x940A, 0x942A, 0x940A, 0x8BE9, 0x8BC9, 0x8C0A, 0x8BE9, 0x942A, 0x8C0A,
    0x940A, 0x8BE9, 0x940A, 0x940A, 0x8BE9, 0x8BE9, 0x8C0A, 0x8C0A, 0x8C0A, 0x83A8, 0x8C0A, 0x8BE9,
    0x8BE9, 0x8BC9, 0x83C8, 0x83A8, 0x83C8, 0x7B66, 0x5202, 0x4266, 0x7B87, 0x7346, 0x8BE9, 0x8BE9,
    0x8BE9, 0x8BC8, 0x8BE9, 0x3162, 0xD678, 0xFFFF, 0xFFFF, 0xFFFF, 0xFFFF, 0xFFFF, 0xFFFF, 0xFFFF,
    0xFFFF, 0xFFFF, 0xFFFF, 0xFFFF, 0xFFFF, 0xFFFF, 0xFFFF, 0x7306, 0x5A64, 0x942A, 0x8C0A, 0x8BE9,
    0x942A, 0x8C0A, 0x62C5, 0x7B67, 0x6CB3, 0x6283, 0x7B46, 0x83A8, 0x83C8, 0x8BC8, 0x7B67, 0x8C09,
    0x8BE9, 0x8BE8, 0x8C0A, 0x83C8, 0x942A, 0x8BE9, 0x8C0A, 0x942A, 0x942A, 0x942A, 0x7B87, 0x942A,
    0x8BE9, 0x8BE9, 0x8BE9, 0x942A, 0x944B, 0x942A, 0x942A, 0x940A, 0x940A, 0x8C0A, 0x942A, 0x8C09,
    0x942A, 0x8BE9, 0x942A, 0x940A, 0x942A, 0x8C0A, 0x942A, 0x8C0A, 0x942A, 0x8C0A, 0x942A, 0x942A,
    0x942A, 0x942A, 0x942A, 0x8C09, 0x942A, 0x8C0A, 0x942A, 0x942A, 0x8C0A, 0x8BE9, 0x942A, 0x8BEA,
    0x8BE9, 0x8C09, 0x8BC9, 0x8BC9, 0x8BE9, 0x8C0A, 0x942A, 0x942A, 0x942A, 0x942A, 0x8BE9, 0x9C8C,
    0x942A, 0x942B, 0x8BEA, 0x8C0A, 0x940A, 0x8C0A, 0x8C09, 0x8C09, 0x940A, 0x8BE9, 0x8C0A, 0x8C0A,
    0x8C09, 0x8BE9, 0x8C0A, 0x8C0A, 0x8BE9, 0x8BE9, 0x942A, 0x8C0A, 0x8BE9, 0x8BE9, 0x8BE9, 0x8BC8,
    0x83A8, 0x83A8, 0x5222, 0x4A87, 0x8387, 0x7B66, 0x8C09, 0x8BE9, 0x942A, 0x8BE9, 0x8C09, 0x2921,
    0xD698, 0xFFFF, 0xFFFF, 0xFFFF, 0xFFFF, 0xFFFF, 0xFFFF, 0xFFFF, 0xFFFF, 0xFFFF, 0xFFFF, 0xFFFF,
    0xFFFF, 0xFFFF, 0xFFFF, 0x7306, 0x5A64, 0x8C0A, 0x8BE9, 0x8BE9, 0x940A, 0x940A, 0x5A84, 0x7B67,
    0x5C72, 0x62A4, 0x83A8, 0x7B46, 0x8387, 0x8C09, 0x83A8, 0x8BE9, 0x83A8, 0x83C8, 0x8BE9, 0x83C8,
    0x8BE9, 0x83C9, 0x8BE9, 0x8C09, 0x8C0A, 0x8C0A, 0x8BC9, 0x8BE9, 0x940A, 0x8C0A, 0x8C0A, 0x940A,
    0x942A, 0x8C09, 0x8C0A, 0x83A8, 0x8BC9, 0x942A, 0x944B, 0x942A, 0x8BC9, 0x940A, 0x8BEA, 0x942A,
    0x942A, 0x8C0A, 0x8BEA, 0x942A, 0x942A, 0x942A, 0x940A, 0x942A, 0x940A, 0x942A, 0x944A, 0x8C0A,
    0x942A, 0x942A, 0x8BEA, 0x8C0A, 0x8BE9, 0x83A8, 0x942A, 0x940A, 0x8C0A, 0x8BE9, 0x8BE9, 0x8BE9,
    0x940A, 0x8C0A, 0x8C0A, 0x83A8, 0x7B87, 0x8C0A, 0x944B, 0x8BE9, 0x8C0A, 0x83A9, 0x7B67, 0x940A,
    0x8C0A, 0x8C0A, 0x8C0A, 0x8C09, 0x8C09, 0x8C09, 0x8BE9, 0x8C0A, 0x8BE9, 0x8BE9, 0x8C0A, 0x8BC9,
    0x942A, 0x8BE9, 0x8BE9, 0x83C9, 0x8C0A, 0x83A8, 0x83C9, 0x83A8, 0x8BC8, 0x7B46, 0x5A63, 0x4225,
    0x8387, 0x7346, 0x940A, 0x8BE9, 0x8BC8, 0x942A, 0x8BE9, 0x2921, 0xD678, 0xFFFF, 0xFFFF, 0xFFFF,
    0xFFFF, 0xFFFF, 0xFFFF, 0xFFFF, 0xFFFF, 0xFFFF, 0xFFFF, 0xFFFF, 0xFFFF, 0xFFFF, 0xFFFF, 0x6AE5,
    0x62C5, 0x940A, 0x942A, 0x942A, 0x942A, 0x8C0A, 0x62C5, 0x7347, 0x6CD3, 0x62C4, 0x8BC9, 0x8388,
    0x83A8, 0x8BE9, 0x83C8, 0x7B87, 0x8BE9, 0x8BE9, 0x8BE9, 0x83A8, 0x8BC8, 0x8C0A, 0x8BE9, 0x8C0A,
    0x942A, 0x942B, 0x8BE9, 0x8BE9, 0x83A8, 0x942A, 0x83C8, 0x8C0A, 0x942A, 0x942A, 0x940A, 0x8BEA,
    0x8C0A, 0x942A, 0x83C9, 0x942A, 0x944B, 0x8C0A, 0x8BEA, 0x8C0A, 0x940A, 0x8C0A, 0x942A, 0x8BEA,
    0x942B, 0x8C0A, 0x8BE9, 0x8C0A, 0x942A, 0x8C0A, 0x942A, 0x942A, 0x8C0A, 0x8C0A, 0x942A, 0x8BE9,
    0x8C0A, 0x8C0A, 0x942B, 0x8BE9, 0x8BE9, 0x8C09, 0x83C9, 0x8BE9, 0x8C0A, 0x8C0A, 0x83C9, 0x940A,
    0x940A, 0x8C0A, 0x8C0A, 0x8C0A, 0x942A, 0x8BE9, 0x8BE9, 0x8BC9, 0x940A, 0x8BEA, 0x8C0A, 0x8C0A,
    0x944B, 0x8BC9, 0x8BC9, 0x8C0A, 0x8BC9, 0x8BC9, 0x8C0A, 0x8BE9, 0x942A, 0x942A, 0x8BE9, 0x8BE9,
    0x8BE9, 0x8BC9, 0x83A8, 0x8BC9, 0x83A8, 0x8388, 0x5A83, 0x3A46, 0x83A8, 0x7326, 0x942A, 0x8BE9,
    0x940A, 0x8BE9, 0x8BC9, 0x3141, 0xCE57, 0xFFFF, 0xFFFF, 0xFFFF, 0xFFFF, 0xFFFF, 0xFFFF, 0xFFFF,
    0xFFFF, 0xFFFF, 0xFFFF, 0xFFFF, 0xFFFF, 0xFFFF, 0xFFFF, 0x7306, 0x6AE5, 0x942A, 0x8C09, 0x8C0A,
    0x8C0A, 0x8C0A, 0x5AA5, 0x7326, 0x5C51, 0x6B05, 0x7B46, 0x83A8, 0x83A8, 0x8BC9, 0x8388, 0x83A8,
    0x8BE9, 0x8BC8, 0x7B46, 0x83A8, 0x8BC9, 0x83A8, 0x8BE9, 0x8C09, 0x8C0A, 0x8BE9, 0x83A8, 0x8BE9,
    0x8C09, 0x8C0A, 0x942A, 0x940A, 0x942B, 0x942B, 0x8C0A, 0x7326, 0x942A, 0x944B, 0x8C0A, 0x942B,
    0x944B, 0x942A, 0x8C0A, 0x8BEA, 0x8BE9, 0x8C0A, 0x8C0A, 0x942A, 0x942A, 0x8C09, 0x940A, 0x942A,
    0x8C0A, 0x83C9, 0x942A, 0x8C0A, 0x942A, 0x8C0A, 0x8C0A, 0x8BC9, 0x8BE9, 0x8BE9, 0x942A, 0x940A,
    0x8C0A, 0x8C0A, 0x8BE9, 0x8BE9, 0x9C6C, 0x8BC9, 0x83C9, 0x8C0A, 0x942A, 0x83A8, 0x8BE9, 0x942A,
    0x8C0A, 0x942A, 0x8C0A, 0x8BE9, 0x8BE9, 0x8C0A, 0x940A, 0x944B, 0x8BC9, 0x8BE9, 0x8BE9, 0x8C0A,
    0x8BE9, 0x8C0A, 0x8BE9, 0x8C0A, 0x8BC9, 0x8BE9, 0x8C0A, 0x8C0A, 0x83C9, 0x942B, 0x8BE9, 0x83C8,
    0x83C9, 0x7B87, 0x62A4, 0x4266, 0x83A8, 0x8387, 0x6A84, 0x8BE9, 0x83A8, 0x8BE9, 0x8BE9, 0x3162,
    0xCE57, 0xFFFF, 0xFFFF, 0xFFFF, 0xFFFF, 0xFFFF, 0xFFFF, 0xFFFF, 0xFFFF, 0xFFFF, 0xFFFF, 0xFFFF,
    0xFFFF, 0xFFFF, 0xFFFF, 0x6B06, 0x5A65, 0x8BC9, 0x8C0A, 0x8C0A, 0x8BE9, 0x8C09, 0x62C5, 0x7B88,
    0x6472, 0x62A4, 0x7B46, 0x7326, 0x83A8, 0x83C8, 0x7327, 0x7B88, 0x8BE9, 0x7B47, 0x8BC8, 0x8BC9,
    0x8C09, 0x8BE9, 0x942A, 0x8C09, 0x8BE9, 0x942A, 0x8BE9, 0x8388, 0x8BC9, 0x940A, 0x8BE9, 0x942B,
    0x940A, 0x8388, 0x942A, 0x942A, 0x940A, 0x7B67, 0x942A, 0x942A, 0x942A, 0x942B, 0x8C0A, 0x8C0A,
    0x8BE9, 0x8C0A, 0x942A, 0x942A, 0x942B, 0x942A, 0x940A, 0x942A, 0x8C0A, 0x8BEA, 0x8C0A, 0x8BE9,
    0x940A, 0x942A, 0x8BE9, 0x8BE9, 0x8C0A, 0x8BE9, 0x942A, 0x83C8, 0x8BC9, 0x8BC9, 0x942A, 0x8C0A,
    0x8BEA, 0x8BEA, 0x8BE9, 0x940A, 0x8C0A, 0x8BE9, 0x8C0A, 0x8C0A, 0x8BC9, 0x8BE9, 0x942A, 0x8C0A,
    0x942A, 0x8BE9, 0x8BC9, 0x8BEA, 0x8BEA, 0x8BC9, 0x8C0A, 0x8BE9, 0x8BE9, 0x8C09, 0x8BE9, 0x8C09,
    0x8C0A, 0x8BE9, 0x83C9, 0x8BE9, 0x8BC9, 0x8BC9, 0x8BE9, 0x8BE9, 0x83C8, 0x7B87, 0x5A84, 0x4A86,
    0x83C8, 0x7B26, 0x8BE9, 0x8C09, 0x8BE8, 0x8BC9, 0x83C9, 0x3141, 0xD678, 0xFFFF, 0xFFFF, 0xFFFF,
    0xFFFF, 0xFFFF, 0xFFFF, 0xFFFF, 0xFFFF, 0xFFFF, 0xFFFF, 0xFFFF, 0xFFFF, 0xFFFF, 0xFFFF, 0x7327,
    0x62C5, 0x8C0A, 0x8C0A, 0x8C0A, 0x8C09, 0x7305, 0x5AA5, 0x7B67, 0x5451, 0x62A4, 0x7326, 0x7B67,
    0x7347, 0x52CA, 0x31A5, 0x3185, 0x39C5, 0x7B67, 0x83A8, 0x8BE9, 0x83C9, 0x8BC9, 0x8BE9, 0x8BE9,
    0x8C09, 0x8BE9, 0x8BEA, 0x83A8, 0x8C09, 0x942A, 0x942A, 0x942A, 0x942B, 0x942B, 0x942B, 0x9409,
    0x8C0A, 0x940A, 0x83A9, 0x8BE9, 0x942A, 0x942A, 0x8C0A, 0x942A, 0x942A, 0x8C0A, 0x940A, 0x942A,
    0x942B, 0x83C9, 0x940A, 0x942A, 0x8C0A, 0x8C0A, 0x940A, 0x8BE9, 0x942B, 0x8C09, 0x8BEA, 0x8BE9,
    0x8C0A, 0x83C8, 0x942A, 0x8BE9, 0x8C0A, 0x8C2A, 0x8BE9, 0x8C0A, 0x942A, 0x942B, 0x940A, 0x942A,
    0x942A, 0x8BE9, 0x942B, 0x942A, 0x8C0A, 0x8C0A, 0x942A, 0x83A8, 0x944B, 0x8C0A, 0x8C0A, 0x8C0A,
    0x83C9, 0x8BC9, 0x8BE9, 0x8BE9, 0x942A, 0x8BE9, 0x8C2A, 0x8BE9, 0x940A, 0x83C9, 0x8BE9, 0x8C0A,
    0x8BC9, 0x83C9, 0x83C8, 0x83C8, 0x83A8, 0x7B67, 0x5A84, 0x4287, 0x8387, 0x7326, 0x9409, 0x8BE9,
    0x8BE9, 0x8BE9, 0x83C9, 0x3162, 0xD658, 0xFFFF, 0xFFFF, 0xFFFF, 0xFFFF, 0xFFFF, 0xFFFF, 0xFFFF,
    0xFFFF, 0xFFFF, 0xFFFF, 0xFFFF, 0xFFFF, 0xFFFF, 0xFFFF, 0x7347, 0x62C6, 0x8BE9, 0x940A, 0x8C09,
    0x942A, 0x7B67, 0x5A64, 0x7347, 0x4BAE, 0x4A02, 0x7305, 0x7B67, 0x7326, 0x31A5, 0x2964, 0x636D,
    0x3185, 0x5265, 0x83A8, 0x7326, 0x83E8, 0x83C8, 0x8BE9, 0x8BE9, 0x8BE9, 0x8BE9, 0x8BC9, 0x83C9,
    0x942A, 0x8BE9, 0x83C8, 0x942A, 0x8C0A, 0x8C0A, 0x942A, 0x8C09, 0x940A, 0x8C0A, 0x940A, 0x8C0A,
    0x940A, 0x8C0A, 0x8BE9, 0x8C2A, 0x8C09, 0x942A, 0x8C0A, 0x8BE9, 0x942B, 0x942A, 0x942A, 0x8C0A,
    0x942A, 0x942A, 0x8C0A, 0x8BE9, 0x944B, 0x8BE9, 0x942A, 0x8C09, 0x8C0A, 0x8C0A, 0x83C9, 0x8C0A,
    0x8C0A, 0x8C0A, 0x8BEA, 0x8BE9, 0x942A, 0x8388, 0x942A, 0x942A, 0x942A, 0x8C0A, 0x8C2A, 0x8C0A,
    0x8C0A, 0x83C8, 0x942A, 0x8C0A, 0x942A, 0x8C0A, 0x8C0A, 0x8C2A, 0x940A, 0x8BE9, 0x8BE9, 0x8BE9,
    0x83C8, 0x8C0A, 0x83C9, 0x8C0A, 0x8BC9, 0x83C8, 0x8BE9, 0x83C8, 0x83C8, 0x83C9, 0x8BE9, 0x83A8,
    0x83C8, 0x7B67, 0x62C4, 0x4AA7, 0x7B87, 0x7326, 0x8BC9, 0x8BE9, 0x8BE8, 0x83C8, 0x83C8, 0x2941,
    0xD698, 0xFFFF, 0xFFFF, 0xFFFF, 0xFFFF, 0xFFFF, 0xFFFF, 0xFFFF, 0xFFFF, 0xFFFF, 0xFFFF, 0xFFFF,
    0xFFFF, 0xFFFF, 0xFFFF, 0x6B06, 0x6AE5, 0x8C0A, 0x8C0A, 0x8BC9, 0x8BEA, 0x7305, 0x5A84, 0x7347,
    0x32EA, 0x6AE5, 0x7B46, 0x7B46, 0x6AE5, 0x3185, 0x39A4, 0x4A05, 0x39C5, 0x39E6, 0x39E6, 0x4206,
    0x39C5, 0x39E6, 0x39C6, 0x31A5, 0x39C5, 0x8BC9, 0x942A, 0x8BE9, 0x944B, 0x7B67, 0x940A, 0x942A,
    0x942A, 0x8C0A, 0x8C0A, 0x8C09, 0x942A, 0x8C0A, 0x8BEA, 0x8C0A, 0x8C0A, 0x8C0A, 0x942B, 0x8C0A,
    0x942B, 0x83C9, 0x8BE9, 0x8C0A, 0x942A, 0x8C0A, 0x8BEA, 0x942A, 0x8C0A, 0x8BEA, 0x940A, 0x942A,
    0x8BE9, 0x8C09, 0x944A, 0x83A8, 0x8C09, 0x940A, 0x8C0A, 0x8BE9, 0x83A8, 0x8BE9, 0x8C0A, 0x942A,
    0x942A, 0x8C0A, 0x944B, 0x8C0A, 0x942A, 0x942A, 0x8BEA, 0x8C2A, 0x8BE9, 0x8BC9, 0x8BC9, 0x8BC9,
    0x8C0A, 0x8BE9, 0x83C9, 0x8BE9, 0x940A, 0x8C0A, 0x8BE9, 0x8C0A, 0x8BC9, 0x83A9, 0x8C0A, 0x8BE9,
    0x8C0A, 0x8BC9, 0x83C9, 0x8C09, 0x8BC9, 0x83C9, 0x83A8, 0x7B87, 0x8BC9, 0x7B66, 0x62C4, 0x4287,
    0x83A8, 0x72E4, 0x83C8, 0x8BE9, 0x83A8, 0x8BC8, 0x8BC9, 0x3962, 0xD678, 0xFFFF, 0xFFFF, 0xFFFF,
    0xFFFF, 0xFFFF, 0xFFFF, 0xFFFF, 0xFFFF, 0xFFFF, 0xFFFF, 0xFFFF, 0xFFFF, 0xFFFF, 0xFFFF, 0x6B06,
    0x62C5, 0x83A8, 0x8C09, 0x942A, 0x8BC9, 0x6AC5, 0x5243, 0x7306, 0x3AEA, 0x7305, 0x7B47, 0x7B47,
    0x62A5, 0x31A5, 0x29A4, 0x3983, 0x31A4, 0x39E5, 0x4205, 0x31A4, 0x31A5, 0x3184, 0x31A4, 0x31A4,
    0x3184, 0x8BE9, 0x8BEA, 0x8BE9, 0x8BE9, 0x940A, 0x8C0A, 0x940A, 0x8BE9, 0x942A, 0x942A, 0x940A,
    0x8C0A, 0x8C0A, 0x8BE9, 0x8BE9, 0x8C0A, 0x8C0A, 0x8BE9, 0x8BE9, 0x942A, 0x942A, 0x8C0A, 0x8C09,
    0x942A, 0x8C0A, 0x8C0A, 0x942A, 0x940A, 0x942A, 0x8C0A, 0x942A, 0x7B47, 0x8C09, 0x8BE9, 0x83C8,
    0x8C09, 0x8BE9, 0x83A8, 0x8C09, 0x8BE9, 0x83C9, 0x7B67, 0x8BE9, 0x8C09, 0x8C0A, 0x942A, 0x8C0A,
    0x8BE9, 0x942B, 0x8C0A, 0x8BE9, 0x8C0A, 0x8C2A, 0x8C0A, 0x8C0A, 0x8BE9, 0x8C0A, 0x8C0A, 0x8BE9,
    0x8C0A, 0x8BEA, 0x8BE9, 0x8C0A, 0x8BEA, 0x8BE9, 0x8BE9, 0x83A9, 0x8C0A, 0x8BC9, 0x83C8, 0x83A8,
    0x8BE9, 0x83C9, 0x83C8, 0x83C8, 0x7B67, 0x7B46, 0x6284, 0x5B4A, 0x83A8, 0x6AE4, 0x8BE9, 0x8C09,
    0x7B87, 0x8BE9, 0x83C9, 0x3982, 0xD678, 0xFFFF, 0xFFFF, 0xFFFF, 0xFFFF, 0xFFFF, 0xFFFF, 0xFFFF,
    0xFFFF, 0xFFFF, 0xFFFF, 0xFFFF, 0xFFFF, 0xFFFF, 0xFFFF, 0x6B06, 0x5A84, 0x942A, 0x8BC8, 0x8C0A,
    0x8BE9, 0x8C0A, 0x5AC5, 0x7326, 0x43AE, 0x62C5, 0x6B05, 0x7B47, 0x7327, 0x31A5, 0x2123, 0x18E2,
    0x2123, 0x4A24, 0x7346, 0x7346, 0x7326, 0x7B87, 0x7B87, 0x7B88, 0x7326, 0x7B47, 0x8C09, 0x8BE9,
    0x8C0A, 0x8BE9, 0x8BEA, 0x8C0A, 0x8BEA, 0x942A, 0x942A, 0x8C09, 0x8BE9, 0x942A, 0x8BC9, 0x944B,
    0x8C0A, 0x8C0A, 0x8C0A, 0x942A, 0x942A, 0x8BE9, 0x8BEA, 0x8C0A, 0x944B, 0x8C0A, 0x83C9, 0x940A,
    0x942A, 0x942B, 0x942A, 0x8BC9, 0x8BE9, 0x8387, 0x83C8, 0x83A8, 0x83C9, 0x8C09, 0x8BC9, 0x83C9,
    0x83A8, 0x8BE9, 0x8C09, 0x8C0A, 0x8BE9, 0x8C0A, 0x8C0A, 0x8C0A, 0x940A, 0x8C0A, 0x8BE9, 0x940A,
    0x8C0A, 0x8C0A, 0x83A8, 0x8C0A, 0x8BE9, 0x8BEA, 0x8BE9, 0x83C8, 0x8BC9, 0x8C0A, 0x8BE9, 0x8BC9,
    0x8BE9, 0x8BC9, 0x8BE9, 0x8BC9, 0x83A8, 0x8C0A, 0x83A9, 0x8BC9, 0x8BC9, 0x8BE9, 0x83A8, 0x8BE9,
    0x83A8, 0x7326, 0x5A63, 0x52E8, 0x8388, 0x6B05, 0x7B47, 0x8BC8, 0x8BE9, 0x8BE9, 0x83C8, 0x3162,
    0xCE57, 0xFFFF, 0xFFFF, 0xFFFF, 0xFFFF, 0xFFFF, 0xFFFF, 0xFFFF, 0xFFFF, 0xFFFF, 0xFFFF, 0xFFFF,
    0xFFFF, 0xFFFF, 0xFFFF, 0x6AE6, 0x6B06, 0x940A, 0x8BE9, 0x83A8, 0x8BE9, 0x8BC9, 0x5285, 0x7347,
    0x4C0F, 0x5A84, 0x6AE6, 0x7B67, 0x7B47, 0x10A0, 0x2964, 0x2963, 0x2102, 0x5A84, 0x6B06, 0x7326,
    0x7347, 0x7B88, 0x7326, 0x7326, 0x7347, 0x83A8, 0x8C0A, 0x8BC8, 0x8C0A, 0x940A, 0x8BE9, 0x942A,
    0x8BE9, 0x83C9, 0x8C0A, 0x8BE9, 0x8C0A, 0x942B, 0x8BE9, 0x8BC9, 0x942A, 0x8C0A, 0x940A, 0x8C09,
    0x8C0A, 0x83C9, 0x8BEA, 0x8BEA, 0x940A, 0x942A, 0x8BC9, 0x8C0A, 0x942A, 0x8BE9, 0x8C0A, 0x8BE9,
    0x8BE9, 0x8BE9, 0x8388, 0x8BC9, 0x8C0A, 0x8C09, 0x83C9, 0x8BE9, 0x8C0A, 0x8BE9, 0x8BE9, 0x8BE9,
    0x8BC9, 0x8C0A, 0x8BE9, 0x940A, 0x944B, 0x940A, 0x83A8, 0x83A8, 0x8BE9, 0x8BE9, 0x8BEA, 0x8BE9,
    0x83C9, 0x8BE9, 0x8BC9, 0x8BE9, 0x8BE9, 0x8BE9, 0x8BE9, 0x8BE9, 0x83C9, 0x8BC9, 0x83A8, 0x7346,
    0x8BE9, 0x83A8, 0x942A, 0x8BE9, 0x83A8, 0x83C8, 0x83C8, 0x83A8, 0x8388, 0x7346, 0x62C5, 0x52E9,
    0x7B67, 0x6B05, 0x8BE8, 0x8BC8, 0x8BE9, 0x83C9, 0x83C9, 0x3962, 0xD678, 0xFFFF, 0xFFFF, 0xFFFF,
    0xFFFF, 0xFFFF, 0xFFFF, 0xFFFF, 0xFFFF, 0xFFFF, 0xFFFF, 0xFFFF, 0xFFFF, 0xFFFF, 0xFFFF, 0x7347,
    0x5A64, 0x8C09, 0x940A, 0x8BE9, 0x83A8, 0x8BE9, 0x5285, 0x6B06, 0x4452, 0x5223, 0x7326, 0x7B88,
    0x7B67, 0x6B06, 0x5A84, 0x49E3, 0x4A03, 0x5A64, 0x62C5, 0x62C5, 0x62C6, 0x5A85, 0x62A5, 0x62C5,
    0x6AE6, 0x83A8, 0x8C09, 0x8BE9, 0x83C8, 0x8C0A, 0x8C0A, 0x942A, 0x8BC9, 0x83C9, 0x8C0A, 0x83A9,
    0x8388, 0x8C0A, 0x942A, 0x8BE9, 0x8BEA, 0x8C0A, 0x8C0A, 0x8C0A, 0x8C0A, 0x8C0A, 0x8BE9, 0x8C09,
    0x8C0A, 0x8BE9, 0x8C0A, 0x8BE9, 0x9429, 0x8BC9, 0x8BE9, 0x8C0A, 0x8BE9, 0x8BE9, 0x8BE9, 0x8BC9,
    0x83A8, 0x942A, 0x8BE9, 0x8BC9, 0x83A8, 0x8BE9, 0x8C0A, 0x8C0A, 0x83C9, 0x8BE9, 0x8C09, 0x8C0A,
    0x83A8, 0x83C8, 0x8BE9, 0x8C0A, 0x8BE9, 0x8C0A, 0x8C0A, 0x8C0A, 0x8BE9, 0x8BE9, 0x8BC9, 0x83C9,
    0x8BE9, 0x8BE9, 0x8BC9, 0x8BE9, 0x83C9, 0x83C9, 0x8BE9, 0x8BE9, 0x8BC9, 0x8BE9, 0x8BE9, 0x8BC9,
    0x8BC9, 0x8388, 0x83C9, 0x83A8, 0x7B87, 0x7B88, 0x7367, 0x63CC, 0x8388, 0x7326, 0x8BC9, 0x8BE8,
    0x8BE9, 0x83C8, 0x8BE9, 0x3121, 0xCE57, 0xFFFF, 0xFFFF, 0xFFFF, 0xFFFF, 0xFFFF, 0xFFFF, 0xFFFF,
    0xFFFF, 0xFFFF, 0xFFFF, 0xFFFF, 0xFFFF, 0xFFFF, 0xFFFF, 0x7347, 0x5223, 0x8BE9, 0x8BE9, 0x8BE9,
    0x8BE9, 0x8BC9, 0x5244, 0x6AE6, 0x4431, 0x6AC4, 0x7B88, 0x8387, 0x6AC5, 0x7B88, 0x6AC5, 0x62A5,
    0x62A5, 0x5AA5, 0x5A64, 0x62C5, 0x62C5, 0x62C5, 0x62E6, 0x6AE6, 0x7347, 0x8388, 0x8BE9, 0x8C0A,
    0x83C9, 0x8BE9, 0x8C0A, 0x8C09, 0x8BE9, 0x8BE9, 0x8BE9, 0x8BC9, 0x8BE9, 0x8BE9, 0x8BE9, 0x8BE9,
    0x8BE9, 0x8BE9, 0x8BE9, 0x8BE9, 0x8BC9, 0x8BE9, 0x8C0A, 0x8C0A, 0x8BE9, 0x940A, 0x8BE9, 0x940A,
    0x83A8, 0x8BC9, 0x8BE9, 0x8BE9, 0x942A, 0x8C09, 0x8BE9, 0x8BE9, 0x83C8, 0x83C8, 0x83A8, 0x8C09,
    0x8BEA, 0x8BE9, 0x8BE9, 0x8C0A, 0x83A8, 0x8BC9, 0x8BC9, 0x940A, 0x8BE9, 0x8C0A, 0x83C9, 0x8BC9,
    0x8BE9, 0x8C0A, 0x8C0A, 0x8BE9, 0x8BE9, 0x8BE9, 0x8BC9, 0x83C9, 0x8BE9, 0x8BC9, 0x83C9, 0x8388,
    0x83A8, 0x83A8, 0x8BE9, 0x8BC9, 0x8BE9, 0x7B88, 0x8BC9, 0x83A8, 0x83C9, 0x83A8, 0x7B67, 0x83C9,
    0x7B87, 0x7B67, 0x62C5, 0x5BCC, 0x7B87, 0x7326, 0x8BE9, 0x8BC8, 0x8BC9, 0x8BC9, 0x8BE9, 0x3162,
    0xCE57, 0xFFFF, 0xFFFF, 0xFFFF, 0xFFFF, 0xFFFF, 0xFFFF, 0xFFFF, 0xFFFF, 0xFFFF, 0xFFFF, 0xFFFF,
    0xFFFF, 0xFFFF, 0xFFFF, 0x6AE6, 0x5244, 0x8BE9, 0x8BE9, 0x7B67, 0x83C8, 0x83A9, 0x5244, 0x6B06,
    0x4CB3, 0x5A63, 0x7B47, 0x7B67, 0x7B67, 0x7307, 0x6B2A, 0x630A, 0x3184, 0x62C5, 0x7326, 0x7327,
    0x7B68, 0x7347, 0x7B67, 0x7B88, 0x7B88, 0x8BE9, 0x8BE9, 0x8BE9, 0x8BC9, 0x83C9, 0x8BE9, 0x8BE9,
    0x83A8, 0x8BE9, 0x8C0A, 0x8BE9, 0x8BE9, 0x942A, 0x940A, 0x8C09, 0x8BE9, 0x8BE9, 0x8BC9, 0x8BE9,
    0x940A, 0x940A, 0x8C0A, 0x940A, 0x8C09, 0x8C0A, 0x8BE9, 0x8BC9, 0x8C0A, 0x8BE9, 0x8BE9, 0x83C9,
    0x8C09, 0x8BE9, 0x83A8, 0x8C09, 0x7B67, 0x8C0A, 0x8BC9, 0x8BE9, 0x8BC9, 0x8BC9, 0x8BE9, 0x940A,
    0x8C0A, 0x8C0A, 0x8C0A, 0x8C09, 0x8C0A, 0x7B88, 0x8BE9, 0x83C8, 0x83A8, 0x8BC9, 0x8BE9, 0x8388,
    0x8BE9, 0x8BEA, 0x8BE9, 0x83C9, 0x8BC9, 0x83C9, 0x8BC9, 0x8BE9, 0x8BE9, 0x83A8, 0x8BE9, 0x8BE9,
    0x8BE9, 0x83A8, 0x83A8, 0x8BE9, 0x83C8, 0x83A8, 0x8BC8, 0x8388, 0x7B88, 0x7B47, 0x6B06, 0x5B8B,
    0x7B67, 0x7326, 0x8BE9, 0x8C09, 0x83C9, 0x8BC9, 0x83C9, 0x3141, 0xD678, 0xFFFF, 0xFFFF, 0xFFFF,
    0xFFFF, 0xFFFF, 0xFFFF, 0xFFFF, 0xFFFF, 0xFFFF, 0xFFFF, 0xFFFF, 0xFFFF, 0xFFFF, 0xFFFF, 0x6AC5,
    0x5A64, 0x8BE9, 0x8BC9, 0x83C9, 0x8BE9, 0x83C9, 0x5264, 0x7347, 0x4C93, 0x6AE5, 0x6AC5, 0x7B47,
    0x7B47, 0x4A46, 0x4A26, 0x4A26, 0x4A04, 0x62C5, 0x7B88, 0x62A4, 0x7B87, 0x7327, 0x7B67, 0x83A9,
    0x83A8, 0x83C8, 0x8388, 0x8BE9, 0x8BC9, 0x8BE9, 0x8BE9, 0x83C9, 0x8BE9, 0x8C0A, 0x8C09, 0x8BC9,
    0x83C8, 0x83C9, 0x8BC9, 0x83C8, 0x8BE9, 0x83A8, 0x8BEA, 0x8BE9, 0x8C0A, 0x8BE9, 0x8C0A, 0x940A,
    0x8BE9, 0x8BE9, 0x942A, 0x8BE9, 0x8BE9, 0x8BE9, 0x8C0A, 0x8C0A, 0x8BE9, 0x8BE9, 0x8C09, 0x8BE9,
    0x83C8, 0x83C9, 0x8BC9, 0x8BE9, 0x8BC9, 0x8BE9, 0x8BC9, 0x8C0A, 0x940A, 0x8BE9, 0x8C0A, 0x942A,
    0x942A, 0x940A, 0x8BE9, 0x8BE9, 0x83C8, 0x8BE9, 0x8BEA, 0x8BEA, 0x8BE9, 0x8BEA, 0x83A9, 0x8BE9,
    0x83C9, 0x83A8, 0x8BC9, 0x8C09, 0x83C9, 0x83C9, 0x83C9, 0x7347, 0x83C9, 0x8388, 0x8BE9, 0x83C8,
    0x83A8, 0x83A8, 0x7B87, 0x83A8, 0x83A8, 0x7B47, 0x62A4, 0x5329, 0x8388, 0x7306, 0x8C0A, 0x8BE9,
    0x8BC9, 0x8BC9, 0x83C8, 0x3121, 0xD678, 0xFFFF, 0xFFFF, 0xFFFF, 0xFFFF, 0xFFFF, 0xFFFF, 0xFFFF,
    0xFFFF, 0xFFFF, 0xFFFF, 0xFFFF, 0xFFFF, 0xFFFF, 0xFFFF, 0x6B06, 0x5243, 0x8C09, 0x8BE9, 0x8BE9,
    0x83C9, 0x8BEA, 0x5244, 0x7326, 0x4C72, 0x5243, 0x7B47, 0x8388, 0x7B47, 0x4A25, 0x4A04, 0x4A46,
    0x39A3, 0x7326, 0x83A8, 0x7326, 0x7B88, 0x83A9, 0x83C9, 0x83C9, 0x8BC9, 0x8BE9, 0x942A, 0x83A8,
    0x83A8, 0x8BC9, 0x8BEA, 0x8C0A, 0x8BE9, 0x8BC9, 0x83A8, 0x8BE9, 0x8BE9, 0x8BE9, 0x83C9, 0x8BE9,
    0x83C8, 0x83C9, 0x8BC9, 0x8C0A, 0x942A, 0x942A, 0x83C9, 0x8C0A, 0x8BEA, 0x8C0A, 0x940A, 0x942A,
    0x8BE9, 0x942A, 0x7B67, 0x7B67, 0x83C8, 0x8BE9, 0x8BE9, 0x83A8, 0x8BC8, 0x8BE9, 0x83A9, 0x8BC9,
    0x83C9, 0x8BC9, 0x8BC9, 0x83C9, 0x83C9, 0x8BE9, 0x7B88, 0x6AE5, 0x942A, 0x8C09, 0x8BC9, 0x8BE9,
    0x8BEA, 0x8C0A, 0x83C9, 0x83C9, 0x83A8, 0x8BEA, 0x8C0A, 0x8BE9, 0x83C9, 0x8BC9, 0x83A8, 0x83C9,
    0x83C9, 0x8C0A, 0x83C9, 0x83A8, 0x83C9, 0x8BE9, 0x7B67, 0x83A8, 0x83A8, 0x83A8, 0x8388, 0x83A8,
    0x7B88, 0x7306, 0x5243, 0x4287, 0x7B67, 0x7305, 0x942A, 0x8BE9, 0x8BC9, 0x8388, 0x8388, 0x3162,
    0xD678, 0xFFFF, 0xFFFF, 0xFFFF, 0xFFFF, 0xFFFF, 0xFFFF, 0xFFFF, 0xFFFF, 0xFFFF, 0xFFFF, 0xFFFF,
    0xFFFF, 0xFFFF, 0xFFFF, 0x7306, 0x4A03, 0x8BE9, 0x8BE9, 0x8C0A, 0x8BE9, 0x8BEA, 0x5A84, 0x6AE5,
    0x5472, 0x5223, 0x6AC5, 0x7B47, 0x5A63, 0x4A25, 0x4204, 0x4A26, 0x4A26, 0x7B67, 0x8388, 0x8387,
    0x83A8, 0x83C9, 0x8388, 0x8BE9, 0x8BE9, 0x8BE9, 0x8C0A, 0x8BC9, 0x8BC9, 0x8BE9, 0x8C0A, 0x8BE9,
    0x8C09, 0x7B87, 0x7B88, 0x8C0A, 0x8C09, 0x8BE9, 0x8BC9, 0x8BE9, 0x83A8, 0x8BE9, 0x83A9, 0x8C0A,
    0x8C0A, 0x8BEA, 0x8BE9, 0x8BE9, 0x8C0A, 0x8BE9, 0x940A, 0x8C09, 0x6AC5, 0x8BEA, 0x8BE9, 0x8BC9,
    0x8BE9, 0x83A8, 0x83C8, 0x8BC9, 0x83C8, 0x8BC9, 0x940A, 0x8BE9, 0x83A8, 0x8BEA, 0x83A8, 0x8BE9,
    0x8BE9, 0x8BE9, 0x83C9, 0x8BEA, 0x83A8, 0x942A, 0x8C0A, 0x83E9, 0x83C9, 0x8BE9, 0x83A9, 0x8BC9,
    0x83C9, 0x8C0A, 0x8C0A, 0x8BC9, 0x8BC9, 0x83A8, 0x8388, 0x8C0A, 0x8BC9, 0x83A9, 0x83C9, 0x83A8,
    0x83A8, 0x83C9, 0x8BE9, 0x83C9, 0x83C8, 0x83C9, 0x7B67, 0x7B88, 0x7B67, 0x7326, 0x4A03, 0x4287,
    0x7B67, 0x6B05, 0x8BE9, 0x83C8, 0x6AE5, 0x83A8, 0x83C9, 0x3142, 0xD698, 0xFFFF, 0xFFFF, 0xFFFF,
    0xFFFF, 0xFFFF, 0xFFFF, 0xFFFF, 0xFFFF, 0xFFFF, 0xFFFF, 0xFFFF, 0xFFFF, 0xFFFF, 0xFFFF, 0x6AC5,
    0x5A44, 0x8BC9, 0x8BE9, 0x83C9, 0x8BC9, 0x8BC9, 0x5AC6, 0x7327, 0x54D4, 0x5222, 0x7326, 0x7326,
    0x7326, 0x2921, 0x3163, 0x3163, 0x2102, 0x83C9, 0x8BE9, 0x83A8, 0x8BE9, 0x83A8, 0x83C9, 0x8388,
    0x83A8, 0x83A8, 0x8BE9, 0x8BC9, 0x8BE9, 0x8C09, 0x940A, 0x8C09, 0x83C9, 0x7B67, 0x8BC9, 0x7B67,
    0x83C9, 0x8C0A, 0x8C0A, 0x83C9, 0x8BE9, 0x8BE9, 0x8BE9, 0x8C0A, 0x8BEA, 0x8BE9, 0x8BC8, 0x8C0A,
    0x8BE9, 0x8BE9, 0x8BEA, 0x8BE9, 0x8BE9, 0x8BE9, 0x8BC9, 0x83A8, 0x8BE9, 0x83C8, 0x83C8, 0x8BE9,
    0x8BE9, 0x940A, 0x8BC9, 0x83A8, 0x83C9, 0x8BE9, 0x83C9, 0x8BC9, 0x8BEA, 0x83C8, 0x8BE9, 0x8BC9,
    0x8C0A, 0x83A8, 0x83A9, 0x8388, 0x83A9, 0x8C0A, 0x83C8, 0x8BC9, 0x83C9, 0x83A9, 0x8C09, 0x8BE9,
    0x83A8, 0x8BC9, 0x83C9, 0x8C0A, 0x8C0A, 0x83A8, 0x83C8, 0x83A9, 0x83C9, 0x8388, 0x8BC9, 0x83A8,
    0x83A8, 0x83A8, 0x83A8, 0x7B87, 0x83A8, 0x7326, 0x49E2, 0x4287, 0x7B87, 0x7326, 0x9409, 0x8C09,
    0x83A8, 0x83A8, 0x7B67, 0x3982, 0xD698, 0xFFFF, 0xFFFF, 0xFFFF, 0xFFFF, 0xFFFF, 0xFFFF, 0xFFFF,
    0xFFFF, 0xFFFF, 0xFFFF, 0xFFFF, 0xFFFF, 0xFFFF, 0xFFFF, 0x7327, 0x5244, 0x8BE9, 0x8BC9, 0x8BE9,
    0x8C0A, 0x8388, 0x5244, 0x6B06, 0x4C30, 0x5243, 0x6B05, 0x7B67, 0x7B67, 0x7326, 0x7B46, 0x72E5,
    0x7326, 0x8387, 0x7B67, 0x7B88, 0x83A8, 0x8BC9, 0x8BEA, 0x83A8, 0x8BC9, 0x83C8, 0x8BC9, 0x83C9,
    0x8BC9, 0x8BC9, 0x8BC9, 0x83A8, 0x8BC9, 0x8BC9, 0x8BE9, 0x8C0A, 0x8C0A, 0x83C9, 0x8BC9, 0x8BE9,
    0x8BC9, 0x83C9, 0x83C9, 0x8C0A, 0x8C0A, 0x8BEA, 0x8BC9, 0x8BE9, 0x940A, 0x8BE9, 0x8BE9, 0x8BE9,
    0x83C9, 0x8C0A, 0x8BE9, 0x942A, 0x83C9, 0x83C8, 0x8388, 0x8C09, 0x942A, 0x8388, 0x83C8, 0x83A8,
    0x8BE9, 0x8BE9, 0x8BC9, 0x8BE9, 0x8BE9, 0x8BE9, 0x8C09, 0x83A8, 0x8BC9, 0x8BE9, 0x8BE9, 0x83A8,
    0x8C0A, 0x83C9, 0x8BE9, 0x8BEA, 0x8BEA, 0x8BC9, 0x8C0A, 0x8BC9, 0x83C9, 0x83C9, 0x83C9, 0x8BE9,
    0x83C8, 0x8BC9, 0x83C9, 0x83C9, 0x83C8, 0x83C9, 0x83A8, 0x7B88, 0x83A9, 0x83A8, 0x83C9, 0x8388,
    0x7347, 0x7326, 0x5243, 0x4B09, 0x8388, 0x7306, 0x8BE9, 0x8BC9, 0x83C8, 0x83A8, 0x83C9, 0x3962,
    0xCE77, 0xFFFF, 0xFFFF, 0xFFFF, 0xFFFF, 0xFFFF, 0xFFFF, 0xFFFF, 0xFFFF, 0xFFFF, 0xFFFF, 0xFFFF,
    0xFFFF, 0xFFFF, 0xFFFF, 0x62C5, 0x5244, 0x8BC9, 0x8BC9, 0x83C9, 0x83C9, 0x8BC9, 0x5244, 0x7327,
    0x4C31, 0x5A84, 0x7326, 0x7B87, 0x7B88, 0x7B67, 0x7305, 0x7B46, 0x7B26, 0x83A8, 0x7B88, 0x83E9,
    0x83C9, 0x8BC9, 0x8C0A, 0x8BE9, 0x8BC9, 0x8C0A, 0x8C0A, 0x83A8, 0x8C09, 0x8C0A, 0x8BC9, 0x8BE9,
    0x8BE9, 0x7B47, 0x8BE9, 0x8BE9, 0x8C0A, 0x83A8, 0x8BE9, 0x8BE9, 0x8BC9, 0x8C0A, 0x8BE9, 0x8BC9,
    0x8388, 0x6AE5, 0x940A, 0x8BE9, 0x8C0A, 0x940A, 0x8BC9, 0x8C0A, 0x8388, 0x8BEA, 0x83C9, 0x8BE9,
    0x8C0A, 0x8388, 0x8BE9, 0x8BC9, 0x83C8, 0x7B87, 0x83C9, 0x8C0A, 0x8388, 0x8388, 0x83C9, 0x8BC9,
    0x8C0A, 0x8BE9, 0x8C0A, 0x8BC9, 0x8388, 0x8BC9, 0x8BE9, 0x8BE9, 0x940A, 0x8BE9, 0x8BEA, 0x83C9,
    0x8C0A, 0x8BE9, 0x8BC9, 0x83A8, 0x8BE9, 0x8BE9, 0x8BE9, 0x8BE9, 0x83C9, 0x83A8, 0x83A8, 0x83A8,
    0x83A8, 0x83A8, 0x83A8, 0x83A8, 0x83A8, 0x8388, 0x83C8, 0x7B88, 0x7B67, 0x6B05, 0x49E2, 0x4AE9,
    0x7B87, 0x6B06, 0x8BE9, 0x83C8, 0x8388, 0x83C9, 0x83A8, 0x3162, 0xCE57, 0xFFFF, 0xFFFF, 0xFFFF,
    0xFFFF, 0xFFFF, 0xFFFF, 0xFFFF, 0xFFFF, 0xFFFF, 0xFFFF, 0xFFFF, 0xFFFF, 0xFFFF, 0xFFFF, 0x6B06,
    0x4A03, 0x8BE9, 0x8BE9, 0x83C9, 0x8BC9, 0x83C9, 0x5264, 0x7326, 0x43EE, 0x6AE5, 0x7B88, 0x7B46,
    0x7B67, 0x7B67, 0x7305, 0x7306, 0x83A8, 0x83A8, 0x7B87, 0x83C8, 0x8388, 0x83C9, 0x83C9, 0x8BE9,
    0x83A8, 0x8C0A, 0x8BE9, 0x83C9, 0x8BE9, 0x83C9, 0x8BE9, 0x83C9, 0x8BE9, 0x83C9, 0x8BE9, 0x83C8,
    0x83A8, 0x8387, 0x83C9, 0x8BC9, 0x83A9, 0x83C9, 0x8BE9, 0x8BE9, 0x8C09, 0x940A, 0x83C9, 0x8BE9,
    0x942A, 0x8BE9, 0x83A8, 0x83A9, 0x83C9, 0x8BE9, 0x8C0A, 0x8BE9, 0x942A, 0x8388, 0x8BE9, 0x83A9,
    0x8BE9, 0x8BC8, 0x940A, 0x83C9, 0x8C09, 0x83C9, 0x8BE9, 0x8388, 0x83C9, 0x8BC9, 0x8BE9, 0x8BE9,
    0x8BE9, 0x83A8, 0x8BE9, 0x8BE9, 0x8BEA, 0x8C0A, 0x8BE9, 0x8BC9, 0x83C8, 0x8BE9, 0x8BC9, 0x8C09,
    0x8BE9, 0x8388, 0x8C0A, 0x8C0A, 0x83A8, 0x83A8, 0x83A9, 0x83C8, 0x83A8, 0x83C8, 0x7B47, 0x83A9,
    0x83A8, 0x83C9, 0x83A8, 0x83A8, 0x7B47, 0x7B67, 0x5AA4, 0x5BCC, 0x8388, 0x6AE5, 0x83A8, 0x83A8,
    0x83A8, 0x83A8, 0x83C8, 0x3982, 0xD697, 0xFFFF, 0xFFFF, 0xFFFF, 0xFFFF, 0xFFFF, 0xFFFF, 0xFFFF,
    0xFFFF, 0xFFFF, 0xFFFF, 0xFFFF, 0xFFFF, 0xFFFF, 0xFFFF, 0x5A84, 0x5224, 0x7B67, 0x83A8, 0x8BE9,
    0x8BE9, 0x83C9, 0x5243, 0x7347, 0x4BEF, 0x5AA4, 0x7306, 0x7305, 0x7326, 0x7B88, 0x6AE5, 0x7B26,
    0x83A8, 0x7B67, 0x83A8, 0x83A8, 0x8BE9, 0x83A8, 0x7B46, 0x8388, 0x83C9, 0x83C9, 0x83A8, 0x8BE9,
    0x83A8, 0x83C9, 0x8BEA, 0x8BE9, 0x83C9, 0x83A8, 0x8BE9, 0x8BE9, 0x8BE9, 0x8BC9, 0x8BE9, 0x8BC9,
    0x8BE9, 0x8BEA, 0x8C0A, 0x8BE9, 0x940A, 0x83C9, 0x8BE9, 0x8BE9, 0x8BC9, 0x8C09, 0x83C9, 0x8BC9,
    0x8BE9, 0x8BE9, 0x8BEA, 0x83A8, 0x8BE9, 0x8C0A, 0x7306, 0x8BEA, 0x8BE9, 0x83C8, 0x8BC9, 0x83A8,
    0x8388, 0x8BE9, 0x8C0A, 0x83A8, 0x8388, 0x83A8, 0x8BC9, 0x83A8, 0x8BE9, 0x83A9, 0x8BE9, 0x7B67,
    0x8BE9, 0x83C9, 0x8388, 0x8BE9, 0x83C9, 0x83C9, 0x8BC9, 0x83A8, 0x83A8, 0x83A8, 0x7B67, 0x8BE9,
    0x83A8, 0x8BEA, 0x8BC9, 0x8BE9, 0x8388, 0x83A8, 0x83C9, 0x83A8, 0x83A8, 0x83C9, 0x7B87, 0x7B87,
    0x7B67, 0x7346, 0x6306, 0x538B, 0x7326, 0x6B06, 0x8BC8, 0x8BC9, 0x8BC9, 0x83A8, 0x8BC9, 0x3162,
    0xD678, 0xFFFF, 0xFFFF, 0xFFFF, 0xFFFF, 0xFFFF, 0xFFFF, 0xFFFF, 0xFFFF, 0xFFFF, 0xFFFF, 0xFFFF,
    0xFFFF, 0xFFFF, 0xFFFF, 0x6AE6, 0x5223, 0x8BC9, 0x83A8, 0x83C9, 0x83A9, 0x8BEA, 0x5243, 0x7347,
    0x540E, 0x5264, 0x6AE5, 0x7B47, 0x7B67, 0x7306, 0x7B47, 0x7B67, 0x7B66, 0x8387, 0x8BC9, 0x83C9,
    0x8388, 0x83A8, 0x83A8, 0x8BE9, 0x8BC9, 0x83C8, 0x8BE9, 0x83A8, 0x8BC8, 0x83C8, 0x8BC9, 0x8BC9,
    0x8BE9, 0x8BE9, 0x8BC8, 0x83C9, 0x8BE9, 0x83C9, 0x8BE9, 0x83A8, 0x8C0A, 0x8BC9, 0x8C09, 0x8BC9,
    0x8C0A, 0x8BC9, 0x8BC9, 0x8BC9, 0x8BC9, 0x8BC9, 0x8BE9, 0x8BC9, 0x7B88, 0x8BE9, 0x83C9, 0x8C0A,
    0x8C0A, 0x8388, 0x83C9, 0x83C9, 0x8BE9, 0x83A8, 0x8BC9, 0x8388, 0x83A8, 0x8BE9, 0x8BE9, 0x83C9,
    0x8C0A, 0x83C9, 0x8BE9, 0x83A8, 0x8BE9, 0x8C09, 0x8BE9, 0x83A8, 0x83C9, 0x8BC9, 0x83C9, 0x7B68,
    0x83C9, 0x8BE9, 0x83A9, 0x83A8, 0x8BC9, 0x83A9, 0x8BC9, 0x83C9, 0x8BE9, 0x6AE6, 0x83C9, 0x7B88,
    0x8388, 0x7B67, 0x8BE9, 0x83A9, 0x7326, 0x7B88, 0x7B87, 0x83A8, 0x7B67, 0x7B47, 0x5AA5, 0x4B28,
    0x7B67, 0x6B05, 0x8BC9, 0x83C8, 0x83A8, 0x83A8, 0x83A8, 0x3982, 0xCE58, 0xFFFF, 0xFFFF, 0xFFFF,
    0xFFFF, 0xFFFF, 0xFFFF, 0xFFFF, 0xFFFF, 0xFFFF, 0xFFFF, 0xFFFF, 0xFFFF, 0xFFFF, 0xFFFF, 0x6B06,
    0x5244, 0x7B68, 0x83C9, 0x83C9, 0x8BC9, 0x83A8, 0x5243, 0x7326, 0x43EF, 0x5AA4, 0x6284, 0x7346,
    0x7B47, 0x7B67, 0x7B46, 0x7305, 0x83A8, 0x7326, 0x83A9, 0x83A8, 0x83A8, 0x8388, 0x7B67, 0x8387,
    0x8BC9, 0x8BE9, 0x8BC9, 0x83C9, 0x8BC8, 0x83A8, 0x8BE9, 0x8BE9, 0x83C8, 0x9409, 0x8BE9, 0x83C9,
    0x83C9, 0x83C9, 0x8BC9, 0x8C09, 0x83A8, 0x83A8, 0x8C0A, 0x83C9, 0x83A8, 0x8C0A, 0x8BC9, 0x8BE9,
    0x8BC9, 0x8BE9, 0x83A8, 0x8BE9, 0x83A8, 0x83C9, 0x83A9, 0x83A8, 0x83C9, 0x8BE9, 0x7B47, 0x7306,
    0x83C9, 0x83A8, 0x83C9, 0x8BC9, 0x8BE9, 0x83C8, 0x83A9, 0x8388, 0x8BC9, 0x83A8, 0x8BE9, 0x83C9,
    0x8BE9, 0x8BE9, 0x8BE9, 0x83C8, 0x83A8, 0x83A8, 0x83C9, 0x83C9, 0x83C9, 0x83A8, 0x83C9, 0x8BE9,
    0x83C9, 0x7B88, 0x83A8, 0x83C9, 0x8BC9, 0x8388, 0x83C9, 0x83A9, 0x8388, 0x83C8, 0x83A8, 0x83C9,
    0x7327, 0x7B88, 0x7B87, 0x8388, 0x8388, 0x7B67, 0x5264, 0x4B08, 0x7326, 0x6B05, 0x8367, 0x8BC8,
    0x83C8, 0x83C8, 0x83C8, 0x3162, 0xD678, 0xFFFF, 0xFFFF, 0xFFFF, 0xFFFF, 0xFFFF, 0xFFFF, 0xFFFF,
    0xFFFF, 0xFFFF, 0xFFFF, 0xFFFF, 0xFFFF, 0xFFFF, 0xFFFF, 0x6AE5, 0x5A64, 0x7326, 0x83C9, 0x83A8,
    0x83C9, 0x83A8, 0x5243, 0x6B06, 0x5410, 0x5A64, 0x6AE6, 0x7306, 0x6AE5, 0x7B67, 0x7B88, 0x7B46,
    0x7B67, 0x6AE4, 0x83C9, 0x83A8, 0x7B87, 0x8388, 0x83A8, 0x8387, 0x83A8, 0x83C9, 0x83C9, 0x8BC9,
    0x83C8, 0x8BC9, 0x83A8, 0x83C9, 0x8BE9, 0x83C8, 0x8BE9, 0x8BC9, 0x83A8, 0x8BE9, 0x8C0A, 0x8BE9,
    0x8BE9, 0x8BE9, 0x83C9, 0x83A8, 0x72E6, 0x8BE9, 0x8BEA, 0x8BC9, 0x8BE9, 0x8BC9, 0x8BE9, 0x8BC9,
    0x83C9, 0x83C9, 0x83A8, 0x83C9, 0x83A8, 0x83C9, 0x83A8, 0x83C9, 0x83C8, 0x8BE9, 0x83A9, 0x8BE9,
    0x7B26, 0x8388, 0x83C8, 0x7326, 0x7B67, 0x83C9, 0x7B88, 0x83C8, 0x83C9, 0x8BE9, 0x83A8, 0x8BC9,
    0x83C9, 0x83A9, 0x83A8, 0x7B67, 0x7347, 0x83C9, 0x83A8, 0x8BC9, 0x83A8, 0x83A9, 0x7B47, 0x83C9,
    0x7B67, 0x83C9, 0x8388, 0x83A8, 0x7B88, 0x7347, 0x7B88, 0x83C9, 0x83A9, 0x8388, 0x7B88, 0x7B47,
    0x7B88, 0x6B06, 0x5264, 0x5349, 0x7326, 0x6AE5, 0x8C09, 0x83C8, 0x83A8, 0x8BC9, 0x8BC9, 0x3141,
    0xCE57, 0xFFFF, 0xFFFF, 0xFFFF, 0xFFFF, 0xFFFF, 0xFFFF, 0xFFFF, 0xFFFF, 0xFFFF, 0xFFFF, 0xFFFF,
    0xFFFF, 0xFFFF, 0xFFFF, 0x62A5, 0x5A64, 0x83C8, 0x83C9, 0x8BC9, 0x8388, 0x6AE6, 0x5223, 0x7326,
    0x4C0F, 0x5243, 0x7306, 0x6AA4, 0x7B67, 0x7B67, 0x7346, 0x7B46, 0x7B46, 0x7B47, 0x7B47, 0x83C9,
    0x8388, 0x83C9, 0x83A9, 0x83A8, 0x83A8, 0x83C9, 0x83C9, 0x8BC9, 0x83A8, 0x83C9, 0x8BC9, 0x83C9,
    0x83C9, 0x8BC9, 0x7B67, 0x8BE9, 0x83C9, 0x83C9, 0x8BC9, 0x83C9, 0x8BE9, 0x8BC9, 0x8BC9, 0x83C9,
    0x8C0A, 0x8BC9, 0x83C9, 0x8BEA, 0x83A9, 0x8BE9, 0x83A9, 0x8BE9, 0x83A8, 0x83C9, 0x83A8, 0x8BC9,
    0x8BC9, 0x7305, 0x83A9, 0x8BC9, 0x7B87, 0x83A8, 0x83A8, 0x8388, 0x83A8, 0x8BC8, 0x8BC9, 0x83C9,
    0x83E9, 0x83A8, 0x8388, 0x83A8, 0x8388, 0x8BE9, 0x83C8, 0x7306, 0x83A9, 0x8BE9, 0x8388, 0x83A8,
    0x83C9, 0x8388, 0x83A8, 0x83A8, 0x8388, 0x7B67, 0x7B88, 0x7B67, 0x83A8, 0x8388, 0x8388, 0x8388,
    0x8BC9, 0x7B67, 0x7B67, 0x7B87, 0x7B47, 0x83A8, 0x7B47, 0x7B87, 0x7B47, 0x7327, 0x62E5, 0x5328,
    0x7306, 0x6AE5, 0x83C8, 0x8388, 0x8BE9, 0x8388, 0x83C9, 0x3141, 0xCE57, 0xFFFF, 0xFFFF, 0xFFFF,
    0xFFFF, 0xFFFF, 0xFFFF, 0xFFFF, 0xFFFF, 0xFFFF, 0xFFFF, 0xFFFF, 0xFFFF, 0xFFFF, 0xFFFF, 0x6AC5,
    0x5A64, 0x83C9, 0x8BE9, 0x83C9, 0x8BC9, 0x83A8, 0x4A23, 0x7327, 0x43CF, 0x5A43, 0x5A64, 0x7306,
    0x7346, 0x7B67, 0x6B05, 0x7B67, 0x7B67, 0x7B46, 0x83A8, 0x83A8, 0x8388, 0x83C8, 0x83A8, 0x83A9,
    0x7B67, 0x7326, 0x83C8, 0x83A9, 0x83A8, 0x8388, 0x8BE9, 0x83C9, 0x83C9, 0x83C9, 0x8BE9, 0x8BE9,
    0x83A9, 0x8388, 0x83C9, 0x83C9, 0x8C0A, 0x83A8, 0x83C9, 0x8BE9, 0x8C0A, 0x8C0A, 0x7327, 0x8BE9,
    0x8BEA, 0x8BC9, 0x8BE9, 0x8BE9, 0x8BC9, 0x8BC9, 0x83A9, 0x83C9, 0x83C8, 0x8BE9, 0x83A8, 0x83A8,
    0x83A8, 0x83A8, 0x8BC9, 0x8BE9, 0x83A8, 0x83C9, 0x83C8, 0x7B88, 0x83C8, 0x7326, 0x83C9, 0x83C9,
    0x8BC9, 0x83C9, 0x7B88, 0x6AE6, 0x8BC9, 0x7B68, 0x83A8, 0x8388, 0x8BC9, 0x83A8, 0x83A8, 0x8388,
    0x8388, 0x7B88, 0x7B67, 0x7B88, 0x7B67, 0x8388, 0x8387, 0x7B88, 0x83A8, 0x8BE9, 0x83A8, 0x7B88,
    0x8388, 0x7B47, 0x7347, 0x7B88, 0x7306, 0x6AE5, 0x4A03, 0x4245, 0x7B47, 0x7326, 0x8387, 0x83A8,
    0x83A8, 0x7B67, 0x7B67, 0x3142, 0xD678, 0xFFFF, 0xFFFF, 0xFFFF, 0xFFFF, 0xFFFF, 0xFFFF, 0xFFFF,
    0xFFFF, 0xFFFF, 0xFFFF, 0xFFFF, 0xFFFF, 0xFFFF, 0xFFFF, 0x62C5, 0x5244, 0x83C9, 0x83C9, 0x83A9,
    0x83A9, 0x7B88, 0x5264, 0x7327, 0x4BEF, 0x5244, 0x6AE5, 0x6AE5, 0x7B47, 0x7B47, 0x7B67, 0x7B67,
    0x7B67, 0x7B67, 0x83C8, 0x7B87, 0x8388, 0x83A8, 0x8BE9, 0x83A8, 0x7B67, 0x7B47, 0x8BC9, 0x83C9,
    0x83C9, 0x83A8, 0x8BC9, 0x83A9, 0x83A9, 0x83A9, 0x83C9, 0x8BE9, 0x83C9, 0x83C9, 0x83C9, 0x83C9,
    0x83C9, 0x8BC9, 0x7B88, 0x8BE9, 0x8BC9, 0x83C9, 0x8BE9, 0x83A9, 0x8BE9, 0x8BEA, 0x83A8, 0x8BE9,
    0x83A8, 0x83C9, 0x83C9, 0x8BE9, 0x83A8, 0x83A9, 0x83A8, 0x83C8, 0x8BE9, 0x8388, 0x8BC9, 0x83A8,
    0x8BC9, 0x8388, 0x83A8, 0x8BC9, 0x83A8, 0x83A8, 0x83A8, 0x7B47, 0x83A8, 0x8BC9, 0x7B88, 0x7B88,
    0x7B67, 0x83A8, 0x83C9, 0x7B87, 0x83A8, 0x7B87, 0x83A8, 0x83C9, 0x83C9, 0x8388, 0x83A8, 0x83A9,
    0x8367, 0x8388, 0x8388, 0x83A8, 0x83A8, 0x83A8, 0x8388, 0x8388, 0x7B46, 0x8388, 0x7B67, 0x83A8,
    0x7326, 0x6AE6, 0x5223, 0x4AA7, 0x7B47, 0x6B06, 0x8387, 0x8BC9, 0x8388, 0x8388, 0x83A8, 0x3162,
    0xD678, 0xFFFF, 0xFFFF, 0xFFFF, 0xFFFF, 0xFFFF, 0xFFFF, 0xFFFF, 0xFFFF, 0xFFFF, 0xFFFF, 0xFFFF,
    0xFFFF, 0xFFFF, 0xFFFF, 0x62C5, 0x5A64, 0x83C9, 0x8BE9, 0x8BE9, 0x83A8, 0x83A8, 0x5264, 0x7326,
    0x4C10, 0x5243, 0x62C5, 0x6AE5, 0x7347, 0x6AE6, 0x7B87, 0x83A8, 0x7B67, 0x7B25, 0x8BE9, 0x83A8,
    0x7B88, 0x83A8, 0x7B67, 0x83C8, 0x8BC9, 0x83A8, 0x83C8, 0x83C8, 0x7B88, 0x83A8, 0x83A8, 0x83C9,
    0x83C9, 0x83C9, 0x83C9, 0x83A8, 0x83A9, 0x8388, 0x83C9, 0x83C9, 0x8BE9, 0x83C9, 0x8BE9, 0x83C9,
    0x83C8, 0x83A9, 0x83C9, 0x83A8, 0x83A8, 0x8388, 0x83C9, 0x83C9, 0x8BE9, 0x8BC9, 0x83A8, 0x83C9,
    0x83C9, 0x83A8, 0x83C9, 0x83C9, 0x8388, 0x83C8, 0x83A8, 0x83C9, 0x83A8, 0x8BE9, 0x83C8, 0x8BE9,
    0x83A8, 0x83A8, 0x83A8, 0x83A8, 0x83A8, 0x83A8, 0x83A8, 0x83A8, 0x8388, 0x8388, 0x83A8, 0x8388,
    0x7B88, 0x83A8, 0x7B88, 0x83A8, 0x7B88, 0x7B47, 0x7B88, 0x83A8, 0x7B67, 0x83A8, 0x8388, 0x83A8,
    0x83A8, 0x7B47, 0x83A8, 0x7347, 0x83A9, 0x7306, 0x6AE5, 0x7B88, 0x7306, 0x7326, 0x6284, 0x4AA7,
    0x7B67, 0x6AE5, 0x83A8, 0x83A8, 0x83C8, 0x8BC9, 0x83A8, 0x3141, 0xD678, 0xFFFF, 0xFFFF, 0xFFFF,
    0xFFFF, 0xFFFF, 0xFFFF, 0xFFFF, 0xFFFF, 0xFFFF, 0xFFFF, 0xFFFF, 0xFFFF, 0xFFFF, 0xFFFF, 0x62A5,
    0x5A64, 0x83A8, 0x83A8, 0x83A8, 0x8BE9, 0x83C9, 0x5264, 0x7327, 0x5C92, 0x4A23, 0x62A4, 0x7B25,
    0x7B66, 0x7346, 0x7346, 0x7B88, 0x7B67, 0x7326, 0x83A8, 0x83A7, 0x83A8, 0x83A8, 0x7B67, 0x8BC9,
    0x8388, 0x7B67, 0x83C8, 0x8387, 0x83A8, 0x83C9, 0x83C9, 0x8BC9, 0x8BC9, 0x83C9, 0x8388, 0x83C9,
    0x83A9, 0x83C9, 0x83C8, 0x8BEA, 0x83C9, 0x83A9, 0x83A8, 0x83C9, 0x83C9, 0x83A9, 0x83A9, 0x83C9,
    0x83C9, 0x83A8, 0x83C9, 0x7B88, 0x83A8, 0x83C9, 0x83C9, 0x8BE9, 0x8BE9, 0x83C9, 0x83A8, 0x8388,
    0x83C9, 0x8BC9, 0x83A8, 0x8388, 0x7347, 0x8388, 0x83A8, 0x83A8, 0x7B87, 0x8388, 0x83A8, 0x83A8,
    0x8BC9, 0x83A8, 0x7B88, 0x8BE9, 0x7347, 0x7B68, 0x8388, 0x83A8, 0x83C9, 0x83A8, 0x6B06, 0x7B46,
    0x7B67, 0x8BE9, 0x7B88, 0x7B67, 0x7B88, 0x83A8, 0x83A8, 0x7B88, 0x7B87, 0x7B47, 0x83A8, 0x83A8,
    0x7B88, 0x83A8, 0x7B67, 0x6AE6, 0x7346, 0x6B06, 0x4A03, 0x4287, 0x7326, 0x6AE5, 0x83A8, 0x83A8,
    0x7B88, 0x7306, 0x83A8, 0x2941, 0xD678, 0xFFFF, 0xFFFF, 0xFFFF, 0xFFFF, 0xFFFF, 0xFFFF, 0xFFFF,
    0xFFFF, 0xFFFF, 0xFFFF, 0xFFFF, 0xFFFF, 0xFFFF, 0xFFFF, 0x6AE6, 0x5A44, 0x8BC9, 0x8388, 0x83A8,
    0x8388, 0x7B68, 0x5264, 0x7347, 0x64F3, 0x5243, 0x6AE6, 0x7305, 0x7325, 0x7346, 0x7B67, 0x8387,
    0x7326, 0x83A8, 0x83A8, 0x7B87, 0x83C9, 0x83A8, 0x6AE5, 0x83C9, 0x8BE9, 0x83A9, 0x7B88, 0x8388,
    0x83C9, 0x7B88, 0x8BE9, 0x83A8, 0x83A8, 0x83C9, 0x8C0A, 0x83A8, 0x83A9, 0x8BE9, 0x83C9, 0x8BE9,
    0x83C9, 0x83C9, 0x83A8, 0x8BE9, 0x83A8, 0x83C9, 0x8BC9, 0x8BC9, 0x8BC9, 0x8388, 0x83A8, 0x83C9,
    0x83A8, 0x83A8, 0x8388, 0x83A9, 0x83C8, 0x8388, 0x7B88, 0x83A8, 0x83A8, 0x8BE9, 0x8BC9, 0x8BE9,
    0x83A8, 0x83A8, 0x83A8, 0x83A8, 0x8388, 0x8388, 0x83A8, 0x83C9, 0x83A8, 0x83A8, 0x7B46, 0x83A8,
    0x7B47, 0x83A8, 0x83A8, 0x7B67, 0x7B88, 0x83A8, 0x7B88, 0x8BE9, 0x7B67, 0x83A8, 0x83A8, 0x8388,
    0x7B67, 0x83A8, 0x7B67, 0x7B67, 0x7347, 0x7B47, 0x7B67, 0x7B88, 0x83A8, 0x7B67, 0x7B68, 0x7B67,
    0x7B47, 0x6AC5, 0x5A64, 0x5309, 0x7B67, 0x6AE6, 0x8388, 0x83C8, 0x7B67, 0x83A8, 0x7B47, 0x3161,
    0xD678, 0xFFFF, 0xFFFF, 0xFFFF, 0xFFFF, 0xFFFF, 0xFFFF, 0xFFFF, 0xFFFF, 0xFFFF, 0xFFFF, 0xFFFF,
    0xFFFF, 0xFFFF, 0xFFFF, 0x62C5, 0x5A85, 0x83C9, 0x83A8, 0x83A9, 0x83A9, 0x83A8, 0x5264, 0x7347,
    0x5452, 0x5243, 0x7326, 0x7B66, 0x7326, 0x7B46, 0x7B87, 0x7B87, 0x7B87, 0x7B67, 0x83A8, 0x8BE9,
    0x8388, 0x8388, 0x7B87, 0x8BC9, 0x83A9, 0x83A8, 0x7347, 0x83A8, 0x83A8, 0x83A9, 0x83A8, 0x83A8,
    0x83C9, 0x8388, 0x83C9, 0x8388, 0x7B67, 0x83A8, 0x8BC9, 0x83A8, 0x83C9, 0x83C9, 0x8BE9, 0x83C9,
    0x8388, 0x83A8, 0x8BC9, 0x83C9, 0x83C9, 0x7B88, 0x83C9, 0x83A8, 0x83A9, 0x8388, 0x83A9, 0x8BC9,
    0x83A8, 0x83A8, 0x8BE9, 0x83C9, 0x7B47, 0x83C8, 0x83A8, 0x8388, 0x8388, 0x83A8, 0x7B87, 0x8388,
    0x7B88, 0x83A8, 0x83A8, 0x7B88, 0x83A8, 0x83A8, 0x83C8, 0x7B88, 0x83A8, 0x83A8, 0x8388, 0x83A8,
    0x83C8, 0x83A8, 0x8388, 0x7347, 0x7B87, 0x83A9, 0x7B67, 0x83A8, 0x8388, 0x83C8, 0x8388, 0x7B67,
    0x7B67, 0x7B88, 0x7B88, 0x6AC5, 0x8388, 0x7B88, 0x7B88, 0x6AE5, 0x7B68, 0x6284, 0x4A03, 0x432A,
    0x7326, 0x6B06, 0x83A8, 0x8BC9, 0x83C9, 0x83A8, 0x83A8, 0x2921, 0xD678, 0xFFFF, 0xFFFF, 0xFFFF,
    0xFFFF, 0xFFFF, 0xFFFF, 0xFFFF, 0xFFFF, 0xFFFF, 0xFFFF, 0xFFFF, 0xFFFF, 0xFFFF, 0xFFFF, 0x62C5,
    0x5A64, 0x8BC9, 0x83A8, 0x7346, 0x7B47, 0x6284, 0x5264, 0x6B06, 0x5472, 0x5284, 0x7326, 0x7B46,
    0x6AE5, 0x7326, 0x7B46, 0x7B67, 0x8387, 0x7B67, 0x8388, 0x83C8, 0x8388, 0x8388, 0x6AE5, 0x8388,
    0x83A8, 0x7327, 0x83C9, 0x7347, 0x83A8, 0x83C9, 0x83A9, 0x83A8, 0x8BE9, 0x83C9, 0x83C9, 0x7B88,
    0x7B88, 0x83A8, 0x83C9, 0x8388, 0x83C9, 0x83A8, 0x83C9, 0x83A9, 0x8BC9, 0x83E9, 0x83C9, 0x83C9,
    0x83C9, 0x83C9, 0x83A9, 0x83C9, 0x83A8, 0x83C9, 0x83C9, 0x83A8, 0x83C9, 0x83A8, 0x83C9, 0x83A8,
    0x6284, 0x83A8, 0x83C9, 0x7B87, 0x7B87, 0x83A8, 0x83A8, 0x7B88, 0x8BC9, 0x83A8, 0x83A8, 0x83A8,
    0x7B67, 0x7B67, 0x83A8, 0x7B88, 0x8388, 0x7B47, 0x83A8, 0x83A8, 0x8388, 0x7B47, 0x83A8, 0x83C8,
    0x7B87, 0x7B87, 0x8388, 0x7B87, 0x7B46, 0x7346, 0x7B87, 0x83A8, 0x7B88, 0x7B67, 0x83A8, 0x7B47,
    0x7B87, 0x7B47, 0x6AC5, 0x7306, 0x62C5, 0x62C5, 0x4181, 0x438B, 0x7347, 0x6306, 0x7B67, 0x83A8,
    0x8388, 0x83A8, 0x7B88, 0x3162, 0xD6B8, 0xFFFF, 0xFFFF, 0xFFFF, 0xFFFF, 0xFFFF, 0xFFFF, 0xFFFF,
    0xFFFF, 0xFFFF, 0xFFFF, 0xFFFF, 0xFFFF, 0xFFFF, 0xFFFF, 0x6AE5, 0x5244, 0x83A8, 0x8388, 0x83A8,
    0x83C8, 0x8388, 0x5244, 0x7347, 0x4C31, 0x4A43, 0x62A5, 0x7326, 0x7306, 0x7326, 0x7B46, 0x7B67,
    0x7B67, 0x7306, 0x7B67, 0x83C8, 0x83A8, 0x8388, 0x7B87, 0x83C9, 0x83A8, 0x7B88, 0x83A8, 0x7B67,
    0x8388, 0x8BC9, 0x83C9, 0x83A8, 0x83C9, 0x8BE9, 0x83A8, 0x7347, 0x83C9, 0x83C9, 0x83C9, 0x83A9,
    0x83C9, 0x83A8, 0x83A9, 0x83A8, 0x83A9, 0x83A8, 0x83C9, 0x83C9, 0x83A9, 0x8388, 0x83A8, 0x8BE9,
    0x83C9, 0x8388, 0x83C9, 0x83A8, 0x83A8, 0x83A8, 0x83A8, 0x7327, 0x7B47, 0x6AC5, 0x8388, 0x83A8,
    0x7B88, 0x8388, 0x8388, 0x83C9, 0x83C8, 0x7B87, 0x7B88, 0x8388, 0x7B87, 0x83C9, 0x83A8, 0x7346,
    0x83A8, 0x8BE9, 0x83A8, 0x83A8, 0x7B87, 0x7B67, 0x8BC9, 0x8388, 0x7306, 0x7B88, 0x83A8, 0x83A8,
    0x8388, 0x6AE5, 0x7346, 0x7B47, 0x7B67, 0x7B88, 0x7B67, 0x7326, 0x7326, 0x7B88, 0x6AC5, 0x6AC4,
    0x6AE5, 0x6AE5, 0x5AA5, 0x43AC, 0x7326, 0x62E6, 0x7B88, 0x83C8, 0x7B67, 0x7B88, 0x8388, 0x3141,
    0xD699, 0xFFFF, 0xFFFF, 0xFFFF, 0xFFFF, 0xFFFF, 0xFFFF, 0xFFFF, 0xFFFF, 0xFFFF, 0xFFFF, 0xFFFF,
    0xFFFF, 0xFFFF, 0xFFFF, 0x6AE5, 0x5264, 0x83A8, 0x7B67, 0x83A8, 0x83A8, 0x83A8, 0x5265, 0x6B06,
    0x43F0, 0x4A23, 0x7347, 0x6AE5, 0x7326, 0x7306, 0x7B67, 0x7B67, 0x7B87, 0x7B67, 0x8BC9, 0x83A8,
    0x7306, 0x7B67, 0x7B87, 0x8388, 0x83A8, 0x83A8, 0x83A8, 0x8388, 0x7B68, 0x83C9, 0x83C9, 0x83C9,
    0x8BC9, 0x8BE9, 0x8BE9, 0x8BE9, 0x7B67, 0x83C9, 0x83A9, 0x83A9, 0x83C9, 0x83C9, 0x83A8, 0x7B88,
    0x7B88, 0x83A8, 0x83A8, 0x83A8, 0x83A8, 0x83A8, 0x83A8, 0x83A8, 0x7B88, 0x8BC9, 0x62C5, 0x83A8,
    0x7347, 0x7326, 0x83A8, 0x7B88, 0x62A5, 0x6AC5, 0x7B67, 0x8388, 0x7B67, 0x83A8, 0x83A8, 0x7B67,
    0x8388, 0x83A8, 0x83A8, 0x83A8, 0x7B47, 0x7B88, 0x7B87, 0x8388, 0x83A8, 0x83A8, 0x83A8, 0x83C8,
    0x7B67, 0x83A8, 0x7B87, 0x83A8, 0x8388, 0x7B67, 0x8388, 0x7B47, 0x7B88, 0x8388, 0x8388, 0x7B67,
    0x7B88, 0x8388, 0x8388, 0x7B47, 0x7B67, 0x8388, 0x72E5, 0x6AE5, 0x7326, 0x6AC5, 0x39A1, 0x332B,
    0x7347, 0x62E6, 0x8BC9, 0x8388, 0x7B67, 0x7B88, 0x7B67, 0x2901, 0xD698, 0xFFFF, 0xFFFF, 0xFFFF,
    0xFFFF, 0xFFFF, 0xFFFF, 0xFFFF, 0xFFFF, 0xFFFF, 0xFFFF, 0xFFFF, 0xFFFF, 0xFFFF, 0xFFFF, 0x62A4,
    0x5A64, 0x8388, 0x8388, 0x83A8, 0x83A8, 0x83A8, 0x5265, 0x7347, 0x4C11, 0x5265, 0x6B06, 0x7B46,
    0x7326, 0x7347, 0x7B67, 0x83A8, 0x8388, 0x6B05, 0x8388, 0x83A8, 0x7B87, 0x83C8, 0x8387, 0x83A8,
    0x83A8, 0x7B88, 0x7B67, 0x7B68, 0x83A8, 0x7B67, 0x7B68, 0x83A8, 0x83A8, 0x83A9, 0x83A8, 0x83C9,
    0x83C9, 0x8BE9, 0x8388, 0x7B67, 0x83A8, 0x83A8, 0x83A8, 0x83A8, 0x83A8, 0x8BC9, 0x8BE9, 0x83A8,
    0x83A9, 0x7B88, 0x83A8, 0x7B88, 0x7B88, 0x7B67, 0x7B88, 0x83A8, 0x8388, 0x83A8, 0x7306, 0x7B88,
    0x83C9, 0x83A8, 0x83A8, 0x7B47, 0x83A8, 0x83A8, 0x7B67, 0x7B67, 0x8388, 0x7B88, 0x7B47, 0x83C9,
    0x7B67, 0x7B67, 0x7B87, 0x7346, 0x7B67, 0x7B67, 0x83A8, 0x8388, 0x83A8, 0x7B87, 0x8387, 0x7B67,
    0x7B67, 0x7326, 0x7B87, 0x83A8, 0x62C5, 0x7B67, 0x7346, 0x7326, 0x7B67, 0x7B87, 0x7B67, 0x7B47,
    0x7B67, 0x7B47, 0x6AC5, 0x7306, 0x7306, 0x62A5, 0x5A63, 0x53AC, 0x6B06, 0x62E6, 0x72E6, 0x7B87,
    0x7B88, 0x8388, 0x7B68, 0x3121, 0xCE58, 0xFFFF, 0xFFFF, 0xFFFF, 0xFFFF, 0xFFFF, 0xFFFF, 0xFFFF,
    0xFFFF, 0xFFFF, 0xFFFF, 0xFFFF, 0xFFFF, 0xFFFF, 0xFFFF, 0x62A5, 0x62A5, 0x83A8, 0x8388, 0x83A8,
    0x8388, 0x8BE9, 0x5265, 0x6B06, 0x4C31, 0x5A85, 0x6B26, 0x7325, 0x7B67, 0x83C9, 0x7B67, 0x7B67,
    0x83A8, 0x7B88, 0x7B88, 0x7B67, 0x7B88, 0x83A8, 0x83C8, 0x7B47, 0x7B47, 0x7B67, 0x83A8, 0x83A9,
    0x83A8, 0x7B88, 0x83A9, 0x7B88, 0x7B67, 0x83A8, 0x83A8, 0x83C9, 0x83C9, 0x83A9, 0x83A8, 0x83A8,
    0x7B88, 0x83C9, 0x7B68, 0x83A8, 0x83A9, 0x83A8, 0x83A8, 0x83C9, 0x7B68, 0x7B88, 0x8388, 0x83A8,
    0x7B88, 0x7B47, 0x7B67, 0x83A8, 0x83A8, 0x83A9, 0x7B67, 0x83A8, 0x7B47, 0x7B88, 0x7B67, 0x8BC9,
    0x83A8, 0x7B68, 0x7B88, 0x7B67, 0x7B47, 0x7B67, 0x7B67, 0x83C8, 0x7B87, 0x7B47, 0x7B47, 0x7306,
    0x7B67, 0x7B67, 0x8387, 0x7B67, 0x7B67, 0x8388, 0x7B87, 0x7B67, 0x83A8, 0x7B47, 0x7326, 0x83A8,
    0x7306, 0x7B67, 0x7B47, 0x7B67, 0x7B47, 0x7B67, 0x7B67, 0x7B47, 0x7326, 0x8388, 0x62A4, 0x6AC4,
    0x7326, 0x6AE5, 0x41C2, 0x4B2A, 0x7327, 0x62E6, 0x7B67, 0x7326, 0x7326, 0x83A8, 0x8388, 0x2921,
    0xD698, 0xFFFF, 0xFFFF, 0xFFFF, 0xFFFF, 0xFFFF, 0xFFFF, 0xFFFF, 0xFFFF, 0xFFFF, 0xFFFF, 0xFFFF,
    0xFFFF, 0xFFFF, 0xFFFF, 0x5A84, 0x5A85, 0x8388, 0x7347, 0x7B88, 0x7B88, 0x7B88, 0x5265, 0x6AE6,
    0x4C10, 0x4A03, 0x62A5, 0x7326, 0x7326, 0x7347, 0x83A8, 0x7B67, 0x7B88, 0x7B67, 0x7B88, 0x7B47,
    0x83A8, 0x83A8, 0x83A8, 0x8387, 0x6264, 0x7B87, 0x83A8, 0x7347, 0x7B87, 0x83A9, 0x7B88, 0x7B47,
    0x83A9, 0x7B88, 0x7346, 0x83A8, 0x83C9, 0x7B88, 0x7B68, 0x83A9, 0x83A9, 0x83C9, 0x7B68, 0x7B88,
    0x83C9, 0x8388, 0x83A8, 0x8388, 0x7B67, 0x7B67, 0x8388, 0x7B67, 0x8388, 0x7B88, 0x7B88, 0x7B68,
    0x7B87, 0x6B06, 0x7326, 0x8388, 0x7346, 0x7306, 0x7B88, 0x8388, 0x83A8, 0x7326, 0x7B88, 0x8388,
    0x8388, 0x7B67, 0x7346, 0x7B87, 0x7B67, 0x6AE5, 0x7B67, 0x7B87, 0x83A8, 0x6B05, 0x7B67, 0x7B87,
    0x7B67, 0x7B87, 0x7B87, 0x83A7, 0x7B67, 0x7B67, 0x7B67, 0x8388, 0x7B46, 0x7B67, 0x7B67, 0x7B67,
    0x7B47, 0x7B67, 0x7326, 0x7306, 0x6B05, 0x7B67, 0x6AE5, 0x7306, 0x7347, 0x6AC5, 0x41A1, 0x42A7,
    0x6B06, 0x62C5, 0x7B87, 0x7B67, 0x6AC5, 0x7B67, 0x7B88, 0x2901, 0xD678, 0xFFFF, 0xFFFF, 0xFFFF,
    0xFFFF, 0xFFFF, 0xFFFF, 0xFFFF, 0xFFFF, 0xFFFF, 0xFFFF, 0xFFFF, 0xFFFF, 0xFFFF, 0xFFFF, 0x62A5,
    0x62A4, 0x83A8, 0x7B67, 0x8388, 0x7B67, 0x83A8, 0x4A44, 0x6B06, 0x4BCF, 0x5243, 0x6AE6, 0x7346,
    0x7B67, 0x6B06, 0x7347, 0x7B88, 0x7B87, 0x8387, 0x7B87, 0x7306, 0x7B67, 0x8388, 0x8388, 0x7B87,
    0x7B67, 0x7347, 0x8BC8, 0x7B88, 0x8388, 0x8387, 0x8388, 0x83C9, 0x7B67, 0x7B87, 0x83A8, 0x8388,
    0x8388, 0x8BE9, 0x83A8, 0x8388, 0x7327, 0x83A8, 0x7B88, 0x7B67, 0x7B88, 0x7B88, 0x7B88, 0x8388,
    0x83A8, 0x7326, 0x7B88, 0x7B88, 0x7B67, 0x7B68, 0x7B88, 0x83A8, 0x7327, 0x83C9, 0x83A8, 0x7B67,
    0x7B88, 0x7326, 0x7B88, 0x7B67, 0x8388, 0x7B67, 0x7B67, 0x7B67, 0x7B88, 0x7B88, 0x7B46, 0x7B88,
    0x7347, 0x83A8, 0x7325, 0x7B87, 0x83A8, 0x7326, 0x7B67, 0x7B87, 0x7B67, 0x7B46, 0x83A8, 0x7B67,
    0x7B47, 0x83A8, 0x6AE5, 0x8388, 0x7346, 0x7B87, 0x8388, 0x83A8, 0x7B67, 0x7B47, 0x7326, 0x5A63,
    0x7326, 0x7347, 0x6AC4, 0x7347, 0x7326, 0x6B06, 0x41C2, 0x4AE8, 0x6B06, 0x62E6, 0x7346, 0x7347,
    0x62A4, 0x7B67, 0x7347, 0x2921, 0xD678, 0xFFFF, 0xFFFF, 0xFFFF, 0xFFFF, 0xFFFF, 0xFFFF, 0xFFFF,
    0xFFFF, 0xFFFF, 0xFFFF, 0xFFFF, 0xFFFF, 0xFFFF, 0xFFFF, 0x5A64, 0x5A85, 0x7B68, 0x7347, 0x7B68,
    0x7B47, 0x83A8, 0x4A24, 0x62E6, 0x3B8E, 0x5224, 0x6B06, 0x6AE5, 0x7B87, 0x7B67, 0x7326, 0x7B67,
    0x7B87, 0x7B67, 0x8388, 0x7B67, 0x7B87, 0x7B87, 0x7B88, 0x83A8, 0x7326, 0x7B67, 0x7346, 0x7326,
    0x62A5, 0x83A8, 0x7B88, 0x83C9, 0x83C8, 0x7B88, 0x83A8, 0x7327, 0x7B88, 0x62A5, 0x62A4, 0x7B88,
    0x8388, 0x83A8, 0x83C9, 0x7B88, 0x7B88, 0x7B88, 0x7B47, 0x7B88, 0x83A8, 0x7B67, 0x7B47, 0x7B68,
    0x7B88, 0x7B47, 0x7326, 0x7B88, 0x83A8, 0x8388, 0x7B88, 0x7B67, 0x7B88, 0x7327, 0x7B87, 0x8388,
    0x7B67, 0x7B67, 0x8388, 0x83A8, 0x7347, 0x7B67, 0x7305, 0x8388, 0x7B88, 0x7B87, 0x7346, 0x7326,
    0x7B67, 0x7B67, 0x7B67, 0x8387, 0x7B87, 0x7B67, 0x83A7, 0x7B67, 0x7347, 0x7346, 0x6284, 0x7B47,
    0x7B47, 0x7306, 0x7B67, 0x7326, 0x7B47, 0x6AC5, 0x5A63, 0x6AE5, 0x7347, 0x7327, 0x7305, 0x6AE5,
    0x5A64, 0x6B05, 0x49E2, 0x3A25, 0x6B06, 0x5AC6, 0x7B67, 0x7B67, 0x7346, 0x7347, 0x7B68, 0x2921,
    0xCE58, 0xFFFF, 0xFFFF, 0xFFFF, 0xFFFF, 0xFFFF, 0xFFFF, 0xFFFF, 0xFFFF, 0xFFFF, 0xFFFF, 0xFFFF,
    0xFFFF, 0xFFFF, 0xFFFF, 0x5A84, 0x5223, 0x7B88, 0x7B67, 0x7B88, 0x7B87, 0x6AE6, 0x4A24, 0x6AE6,
    0x43F1, 0x49E3, 0x6AE5, 0x6284, 0x7B47, 0x7306, 0x7326, 0x7B88, 0x7B67, 0x83A8, 0x83A8, 0x7B67,
    0x7B88, 0x6AE5, 0x8388, 0x7306, 0x7367, 0x7347, 0x7B67, 0x7B88, 0x8388, 0x7B88, 0x7B88, 0x7B67,
    0x83A8, 0x7B67, 0x7B47, 0x83C9, 0x8388, 0x6AE6, 0x83A8, 0x83A8, 0x7B88, 0x83A8, 0x8388, 0x83A8,
    0x7347, 0x7B67, 0x7B68, 0x7B67, 0x7B67, 0x7326, 0x7B88, 0x7B68, 0x7B88, 0x7B88, 0x7327, 0x7B88,
    0x7B67, 0x83A8, 0x7B88, 0x7B67, 0x7B88, 0x7B47, 0x8388, 0x7B87, 0x7326, 0x7B88, 0x83A8, 0x7B87,
    0x7B67, 0x7B88, 0x7306, 0x7B67, 0x7B88, 0x7B87, 0x7326, 0x7305, 0x7B67, 0x7B47, 0x7B87, 0x8388,
    0x7B67, 0x7B47, 0x7B87, 0x7346, 0x7326, 0x7B87, 0x6AC4, 0x7B46, 0x7306, 0x7B67, 0x7326, 0x7B67,
    0x7B67, 0x8388, 0x7B67, 0x7326, 0x7B67, 0x7326, 0x7306, 0x6B06, 0x6B06, 0x6AE5, 0x6306, 0x4266,
    0x6AE6, 0x5AA5, 0x7B67, 0x7B67, 0x7326, 0x7B88, 0x7B68, 0x3162, 0xCE57, 0xFFFF, 0xFFFF, 0xFFFF,
    0xFFFF, 0xFFFF, 0xFFFF, 0xFFFF, 0xFFFF, 0xFFFF, 0xFFFF, 0xFFFF, 0xFFFF, 0xFFFF, 0xFFFF, 0x5A84,
    0x5224, 0x7326, 0x7B88, 0x7B88, 0x7326, 0x7B47, 0x4A24, 0x62E6, 0x5410, 0x41E2, 0x62C5, 0x5202,
    0x6B06, 0x7346, 0x7B67, 0x7B87, 0x7B88, 0x7326, 0x83A8, 0x6B06, 0x6AE5, 0x7B47, 0x6AE5, 0x7305,
    0x7347, 0x7B68, 0x7B47, 0x7B68, 0x83A8, 0x83A9, 0x7B67, 0x7B47, 0x7B88, 0x7B87, 0x83A8, 0x7B88,
    0x7347, 0x7B68, 0x7B68, 0x7B88, 0x7347, 0x7B67, 0x7B68, 0x7B88, 0x7B68, 0x7B88, 0x7B67, 0x7B67,
    0x7B47, 0x6AE5, 0x7B67, 0x7B88, 0x7B88, 0x7B68, 0x7347, 0x7B68, 0x7326, 0x7B88, 0x8388, 0x7B67,
    0x7347, 0x7B47, 0x7B88, 0x7326, 0x7B47, 0x83A8, 0x7B67, 0x7B67, 0x7347, 0x7B47, 0x7326, 0x7326,
    0x7347, 0x7B67, 0x83A8, 0x7346, 0x7B47, 0x7B46, 0x7B67, 0x7B47, 0x7B67, 0x7B67, 0x7B67, 0x7346,
    0x6AE5, 0x7B67, 0x6283, 0x7B67, 0x7B46, 0x7306, 0x7347, 0x7B47, 0x7326, 0x7B47, 0x6AE6, 0x62A4,
    0x7347, 0x5A64, 0x6AC5, 0x6B06, 0x62C5, 0x6B06, 0x4A03, 0x4B09, 0x6B06, 0x5AA5, 0x7B67, 0x7B67,
    0x7326, 0x7B47, 0x7347, 0x2921, 0xCE37, 0xFFFF, 0xFFFF, 0xFFFF, 0xFFFF, 0xFFFF, 0xFFFF, 0xFFFF,
    0xFFFF, 0xFFFF, 0xFFFF, 0xFFFF, 0xFFFF, 0xFFFF, 0xFFFF, 0x5243, 0x5244, 0x7B67, 0x7B87, 0x7B67,
    0x7B47, 0x7B88, 0x4A24, 0x62C5, 0x5431, 0x4A03, 0x62A5, 0x5A63, 0x7347, 0x6B06, 0x6AE5, 0x7347,
    0x7326, 0x7B47, 0x7B47, 0x7B88, 0x7B67, 0x7B88, 0x7B47, 0x7347, 0x7B47, 0x7326, 0x7347, 0x7B67,
    0x83A8, 0x83A8, 0x83A8, 0x7B67, 0x7B88, 0x7347, 0x7B88, 0x7347, 0x7B88, 0x7347, 0x7B88, 0x7326,
    0x7B68, 0x7B67, 0x83A8, 0x7326, 0x7B67, 0x7B88, 0x7B88, 0x7B67, 0x7347, 0x7347, 0x7B67, 0x7346,
    0x6AE5, 0x7B88, 0x7347, 0x7B67, 0x7B88, 0x7B88, 0x7326, 0x7B47, 0x7326, 0x7B88, 0x7B68, 0x7347,
    0x7B67, 0x7B67, 0x7B67, 0x6B06, 0x7B47, 0x7B67, 0x7326, 0x7B67, 0x7B67, 0x7B88, 0x7B67, 0x7B67,
    0x7326, 0x6AE5, 0x7B67, 0x7326, 0x7B67, 0x7B87, 0x7B67, 0x7326, 0x7346, 0x7346, 0x7347, 0x7347,
    0x7306, 0x7347, 0x7B47, 0x7326, 0x7B67, 0x6AE5, 0x7B47, 0x6AE5, 0x7306, 0x62A4, 0x6284, 0x6B06,
    0x62A4, 0x62C4, 0x41C2, 0x4309, 0x6AE6, 0x62E6, 0x7B88, 0x7B88, 0x6AE5, 0x7B47, 0x7B47, 0x2921,
    0xCE57, 0xFFFF, 0xFFFF, 0xFFFF, 0xFFFF, 0xFFFF, 0xFFFF, 0xFFFF, 0xFFFF, 0xFFFF, 0xFFFF, 0xFFFF,
    0xFFFF, 0xFFFF, 0xFFFF, 0x5AA4, 0x5244, 0x7B67, 0x83A8, 0x7B67, 0x7B67, 0x7B68, 0x5244, 0x6B06,
    0x5C92, 0x49E2, 0x6AE6, 0x6AC5, 0x7306, 0x7B67, 0x83A8, 0x6AE5, 0x7B67, 0x7347, 0x7B47, 0x6AE5,
    0x7326, 0x7347, 0x7347, 0x7326, 0x7306, 0x7326, 0x7B47, 0x7346, 0x7B67, 0x7B88, 0x6AE5, 0x83A8,
    0x8388, 0x7327, 0x7B47, 0x7347, 0x7B88, 0x7B67, 0x83A8, 0x83A9, 0x7B68, 0x7B67, 0x7306, 0x7B88,
    0x7347, 0x83A8, 0x7B47, 0x7B88, 0x7B67, 0x6AC4, 0x83A8, 0x7B88, 0x83A8, 0x7326, 0x7B67, 0x7B67,
    0x7B68, 0x7347, 0x83A8, 0x7B47, 0x7B47, 0x7347, 0x7B87, 0x7B67, 0x7326, 0x7347, 0x7B87, 0x7B47,
    0x7B68, 0x7B67, 0x7326, 0x7B47, 0x7326, 0x7347, 0x7B47, 0x7B67, 0x7347, 0x7B67, 0x7347, 0x7326,
    0x7326, 0x7B67, 0x7B67, 0x7B87, 0x7346, 0x7B46, 0x7346, 0x6AE5, 0x6AE6, 0x7B67, 0x7B67, 0x6B06,
    0x7346, 0x7347, 0x7B88, 0x7306, 0x7306, 0x7326, 0x6B06, 0x6B06, 0x7347, 0x62A4, 0x39E3, 0x4BAB,
    0x6B06, 0x5285, 0x7367, 0x7306, 0x7347, 0x6B06, 0x7326, 0x2921, 0xCE78, 0xFFFF, 0xFFFF, 0xFFFF,
    0xFFFF, 0xFFFF, 0xFFFF, 0xFFFF, 0xFFFF, 0xFFFF, 0xFFFF, 0xFFFF, 0xFFFF, 0xFFFF, 0xFFFF, 0x62A5,
    0x5A84, 0x7B47, 0x7B88, 0x7306, 0x7B88, 0x5A43, 0x5264, 0x6B06, 0x4C32, 0x5243, 0x62A5, 0x5A43,
    0x62C5, 0x7326, 0x7346, 0x7346, 0x7326, 0x7326, 0x7B67, 0x7B47, 0x7326, 0x7326, 0x7347, 0x7305,
    0x7B47, 0x7347, 0x7B88, 0x7B67, 0x7B47, 0x7B47, 0x7B67, 0x7B67, 0x83A8, 0x83A8, 0x7B68, 0x7B47,
    0x7326, 0x7B67, 0x7347, 0x7B47, 0x7B88, 0x83A8, 0x83A8, 0x7306, 0x7B88, 0x7B68, 0x7B88, 0x7B47,
    0x7326, 0x7305, 0x7B67, 0x7B88, 0x7B67, 0x7B67, 0x7B67, 0x7B88, 0x7326, 0x7346, 0x7B67, 0x7347,
    0x7326, 0x7B67, 0x7306, 0x7B47, 0x7B67, 0x7326, 0x7B88, 0x7B67, 0x7B68, 0x7B67, 0x6AE5, 0x7306,
    0x7B67, 0x7B47, 0x7B47, 0x7326, 0x7326, 0x7326, 0x7B47, 0x7B67, 0x7B67, 0x7B47, 0x7B67, 0x7326,
    0x7B47, 0x7B67, 0x6AE5, 0x7347, 0x7326, 0x7347, 0x7B67, 0x62A4, 0x7326, 0x7327, 0x7306, 0x7306,
    0x7326, 0x7326, 0x62C5, 0x7306, 0x6AE6, 0x6B06, 0x39E3, 0x4C2E, 0x6B06, 0x62C5, 0x7347, 0x7B88,
    0x6AE6, 0x7B68, 0x7327, 0x2901, 0xD678, 0xFFFF, 0xFFFF, 0xFFFF, 0xFFFF, 0xFFFF, 0xFFFF, 0xFFFF,
    0xFFFF, 0xFFFF, 0xFFFF, 0xFFFF, 0xFFFF, 0xFFFF, 0xFFFF, 0x5264, 0x5A85, 0x7B68, 0x7B67, 0x7326,
    0x7326, 0x5223, 0x4A24, 0x7327, 0x54B3, 0x5243, 0x7327, 0x62A4, 0x6B06, 0x7B47, 0x7326, 0x7347,
    0x7326, 0x7346, 0x6B06, 0x7B67, 0x7347, 0x6B06, 0x7B67, 0x7326, 0x7B87, 0x7B67, 0x7B67, 0x7B87,
    0x7B87, 0x7B87, 0x7B67, 0x7327, 0x6AC5, 0x8388, 0x7B88, 0x7347, 0x7B67, 0x7327, 0x7347, 0x7347,
    0x7326, 0x7327, 0x8388, 0x7B88, 0x7B88, 0x83A8, 0x7B88, 0x7347, 0x7B47, 0x7B67, 0x8388, 0x7326,
    0x7B67, 0x7347, 0x7B67, 0x7B67, 0x7326, 0x7347, 0x7326, 0x7347, 0x7306, 0x7B67, 0x7347, 0x7347,
    0x7B88, 0x7B88, 0x7347, 0x7326, 0x7347, 0x7B67, 0x7306, 0x6AE5, 0x6AE6, 0x7B67, 0x7306, 0x7B67,
    0x7B67, 0x7B47, 0x7346, 0x7326, 0x7306, 0x7B67, 0x7B46, 0x7B67, 0x7B67, 0x7347, 0x7326, 0x7346,
    0x7B88, 0x7B67, 0x7347, 0x7347, 0x7327, 0x7326, 0x6B06, 0x6AE5, 0x7326, 0x7347, 0x7326, 0x6AC5,
    0x6B06, 0x62C5, 0x31C2, 0x43ED, 0x6B07, 0x62E6, 0x7B88, 0x7B88, 0x7347, 0x7347, 0x7B47, 0x2101,
    0xCE58, 0xFFFF, 0xFFFF, 0xFFFF, 0xFFFF, 0xFFFF, 0xFFFF, 0xFFFF, 0xFFFF, 0xFFFF, 0xFFFF, 0xFFFF,
    0xFFFF, 0xFFFF, 0xFFFF, 0x5244, 0x62A5, 0x7B67, 0x7B88, 0x7B67, 0x7B47, 0x83A9, 0x4A64, 0x62A5,
    0x4CF3, 0x4A22, 0x62C5, 0x6AE5, 0x6AE5, 0x7326, 0x6B06, 0x7326, 0x7306, 0x7346, 0x6AE5, 0x7347,
    0x62C5, 0x7347, 0x7326, 0x7326, 0x7347, 0x7B47, 0x7326, 0x7B47, 0x8388, 0x7347, 0x7B67, 0x7347,
    0x7B47, 0x7327, 0x7327, 0x7326, 0x7326, 0x7B47, 0x6B06, 0x7B88, 0x7B67, 0x7B67, 0x7B88, 0x7B67,
    0x7B88, 0x83A8, 0x7B67, 0x7B88, 0x7306, 0x6B06, 0x7347, 0x7B67, 0x7B67, 0x7B87, 0x6AE5, 0x7326,
    0x7B47, 0x7327, 0x7B47, 0x7347, 0x7B67, 0x7326, 0x7B67, 0x7347, 0x7327, 0x7B67, 0x7B47, 0x7B67,
    0x7BA8, 0x7346, 0x7346, 0x6284, 0x7306, 0x7B47, 0x7326, 0x7346, 0x7B47, 0x7347, 0x7346, 0x7B87,
    0x7347, 0x7347, 0x7347, 0x7B47, 0x7326, 0x6AC5, 0x6AC5, 0x7326, 0x7346, 0x7347, 0x7346, 0x6AE5,
    0x7B67, 0x7B47, 0x6284, 0x6B06, 0x7306, 0x7B47, 0x7347, 0x6AE6, 0x6B06, 0x62C5, 0x39E3, 0x3AE9,
    0x6B27, 0x5AC5, 0x7347, 0x7B67, 0x7B67, 0x7347, 0x7B47, 0x20E1, 0xCE57, 0xFFFF, 0xFFFF, 0xFFFF,
    0xFFFF, 0xFFFF, 0xFFFF, 0xFFFF, 0xFFFF, 0xFFFF, 0xFFFF, 0xFFFF, 0xFFFF, 0xFFFF, 0xFFFF, 0x5A64,
    0x49E3, 0x7B67, 0x7B87, 0x7B67, 0x7B67, 0x7B68, 0x4A24, 0x62C5, 0x4CF4, 0x4A43, 0x6AE6, 0x62A4,
    0x6AE5, 0x6B06, 0x62C5, 0x7326, 0x7326, 0x7346, 0x7B67, 0x7347, 0x7B88, 0x7326, 0x7B47, 0x7326,
    0x7326, 0x7B47, 0x7B67, 0x7B67, 0x7B47, 0x7B67, 0x7B47, 0x7347, 0x7347, 0x7B47, 0x7B67, 0x7347,
    0x7347, 0x7347, 0x7347, 0x7B67, 0x7B47, 0x7B67, 0x7347, 0x7326, 0x6284, 0x7B67, 0x7B67, 0x7B47,
    0x7326, 0x7326, 0x7347, 0x7346, 0x7B47, 0x6AE5, 0x7347, 0x7327, 0x7347, 0x7B47, 0x7306, 0x7326,
    0x7326, 0x83A8, 0x7326, 0x7327, 0x7347, 0x7346, 0x7347, 0x7347, 0x7B67, 0x7347, 0x6B06, 0x62C5,
    0x7B67, 0x7B67, 0x7326, 0x6AE5, 0x6B06, 0x7B67, 0x7326, 0x7B87, 0x7326, 0x7B47, 0x7326, 0x7326,
    0x6B06, 0x6B05, 0x7346, 0x7346, 0x7347, 0x7347, 0x7347, 0x7346, 0x62A4, 0x7347, 0x7326, 0x7326,
    0x7347, 0x7327, 0x7326, 0x6B06, 0x6B06, 0x62E5, 0x3162, 0x4BAC, 0x6B06, 0x5AA5, 0x7347, 0x7347,
    0x7B47, 0x7B47, 0x7347, 0x2101, 0xCE57, 0xFFFF, 0xFFFF, 0xFFFF, 0xFFFF, 0xFFFF, 0xFFFF, 0xFFFF,
    0xFFFF, 0xFFFF, 0xFFFF, 0xFFFF, 0xFFFF, 0xFFFF, 0xFFFF, 0x5A84, 0x5A64, 0x7B67, 0x7B47, 0x7306,
    0x7B67, 0x7B88, 0x4203, 0x62E6, 0x6534, 0x5243, 0x6B06, 0x6AE6, 0x6B06, 0x7B67, 0x6B06, 0x5A84,
    0x7326, 0x7B67, 0x62A4, 0x7347, 0x7B88, 0x7347, 0x6B06, 0x7326, 0x6B06, 0x7327, 0x7B67, 0x7326,
    0x7B67, 0x7B67, 0x7B47, 0x7B88, 0x7347, 0x7B47, 0x7347, 0x7347, 0x6B06, 0x7347, 0x6B06, 0x7347,
    0x7B67, 0x7B67, 0x7347, 0x7B67, 0x7346, 0x6AE5, 0x7347, 0x7346, 0x7326, 0x7347, 0x7B47, 0x7306,
    0x7347, 0x7346, 0x7326, 0x7306, 0x7326, 0x7B67, 0x7B88, 0x7347, 0x7B88, 0x7B47, 0x7B67, 0x7347,
    0x7B67, 0x7B67, 0x7326, 0x6AE5, 0x7306, 0x7347, 0x6AE5, 0x62A4, 0x7306, 0x7326, 0x7B47, 0x6B06,
    0x6B06, 0x7326, 0x7B47, 0x7327, 0x7347, 0x7B67, 0x7B67, 0x7B47, 0x6B05, 0x7B67, 0x7326, 0x7326,
    0x7B67, 0x7347, 0x7326, 0x7327, 0x7327, 0x6B06, 0x7326, 0x7326, 0x6AE6, 0x6AE6, 0x62C5, 0x6AE6,
    0x6284, 0x62A5, 0x3181, 0x432A, 0x62C5, 0x5A85, 0x6AE6, 0x7B67, 0x6B06, 0x7B47, 0x7B68, 0x2942,
    0xCE57, 0xFFFF, 0xFFFF, 0xFFFF, 0xFFFF, 0xFFFF, 0xFFFF, 0xFFFF, 0xFFFF, 0xFFFF, 0xFFFF, 0xFFFF,
    0xFFFF, 0xFFFF, 0xFFFF, 0x5A44, 0x5244, 0x7326, 0x7347, 0x6B06, 0x7347, 0x7326, 0x4203, 0x62C5,
    0x6576, 0x4A44, 0x5AA5, 0x62A4, 0x6AE5, 0x7B67, 0x6B06, 0x5A43, 0x62C5, 0x6AE5, 0x6AE5, 0x7347,
    0x7347, 0x7347, 0x6AE5, 0x6AE6, 0x7326, 0x7B67, 0x6B05, 0x6B06, 0x6B06, 0x7347, 0x7326, 0x7B67,
    0x7B67, 0x7306, 0x7B47, 0x7347, 0x7347, 0x7327, 0x7B87, 0x7326, 0x7327, 0x7B47, 0x7B87, 0x7B47,
    0x7B47, 0x7B67, 0x7B67, 0x7367, 0x6B06, 0x7347, 0x7327, 0x6AE6, 0x7347, 0x7B47, 0x7327, 0x7347,
    0x7B47, 0x6B06, 0x7B47, 0x7B47, 0x7347, 0x7327, 0x7326, 0x7326, 0x7347, 0x7B67, 0x7326, 0x6AE5,
    0x7B47, 0x7346, 0x6AE5, 0x7306, 0x6AE6, 0x7326, 0x7326, 0x7347, 0x7306, 0x7B88, 0x7327, 0x7326,
    0x62A4, 0x7327, 0x7346, 0x7346, 0x7B67, 0x6AE5, 0x6B06, 0x7306, 0x6B06, 0x7326, 0x6AE5, 0x6AE5,
    0x7306, 0x7327, 0x7327, 0x6B06, 0x6AE6, 0x6B06, 0x6B06, 0x6B06, 0x62A5, 0x62A4, 0x39A1, 0x540E,
    0x62C5, 0x5AC5, 0x7327, 0x7347, 0x6AC5, 0x7347, 0x7347, 0x2901, 0xCE37, 0xFFFF, 0xFFFF, 0xFFFF,
    0xFFFF, 0xFFFF, 0xFFFF, 0xFFFF, 0xFFFF, 0xFFFF, 0xFFFF, 0xFFFF, 0xFFFF, 0xFFFF, 0xFFFF, 0x4A03,
    0x39A2, 0x7306, 0x7327, 0x7347, 0x7B47, 0x7367, 0x41E3, 0x62C5, 0x5D34, 0x39A2, 0x62C6, 0x6284,
    0x7327, 0x62A4, 0x6AE6, 0x62A5, 0x62C5, 0x7B67, 0x5A63, 0x7326, 0x6B05, 0x7326, 0x7326, 0x7306,
    0x7347, 0x7347, 0x7346, 0x7347, 0x7B67, 0x7347, 0x7326, 0x7B67, 0x7327, 0x7B47, 0x6B06, 0x6B06,
    0x7347, 0x7306, 0x7B67, 0x7B67, 0x7326, 0x7306, 0x7B67, 0x7326, 0x7326, 0x6AE6, 0x7B67, 0x7347,
    0x7327, 0x7B88, 0x6AE5, 0x6AE5, 0x7347, 0x6AE6, 0x6AE5, 0x7347, 0x7306, 0x7326, 0x7326, 0x7326,
    0x7B67, 0x7B47, 0x7347, 0x7347, 0x7B87, 0x7326, 0x7326, 0x6B06, 0x7347, 0x6B06, 0x6AE6, 0x6AE5,
    0x62C5, 0x7306, 0x7B67, 0x6B06, 0x7326, 0x7326, 0x6B06, 0x7326, 0x62C5, 0x6AE6, 0x62A4, 0x7306,
    0x7326, 0x7347, 0x7327, 0x62A5, 0x62A4, 0x5243, 0x7347, 0x7326, 0x7326, 0x6B06, 0x6AE5, 0x6B06,
    0x6AE6, 0x7306, 0x7347, 0x6AE6, 0x5223, 0x62A4, 0x39A1, 0x3AEA, 0x62A5, 0x5AC5, 0x83A8, 0x7B47,
    0x7327, 0x7B68, 0x7326, 0x20E1, 0xCE37, 0xFFFF, 0xFFFF, 0xFFFF, 0xFFFF, 0xFFFF, 0xFFFF, 0xFFFF,
    0xFFFF, 0xFFFF, 0xFFFF, 0xFFFF, 0xFFFF, 0xFFFF, 0xFFFF, 0x5223, 0x3121, 0x62C5, 0x7347, 0x7327,
    0x7B47, 0x6B06, 0x39E3, 0x62A5, 0x5D97, 0x3181, 0x5A84, 0x6284, 0x6B06, 0x6AE6, 0x62C5, 0x7325,
    0x7306, 0x7326, 0x7306, 0x7326, 0x6AE6, 0x7326, 0x6AC5, 0x6B06, 0x7326, 0x7327, 0x6AE5, 0x7326,
    0x7B47, 0x7347, 0x7347, 0x7B47, 0x6B06, 0x7347, 0x7B47, 0x6AE6, 0x6284, 0x7326, 0x7306, 0x6AE6,
    0x7347, 0x6B06, 0x7326, 0x7347, 0x7326, 0x7347, 0x7347, 0x7326, 0x7326, 0x7306, 0x7B47, 0x7326,
    0x7326, 0x7B88, 0x7306, 0x7327, 0x7326, 0x7327, 0x7347, 0x7347, 0x7327, 0x7306, 0x7326, 0x7347,
    0x7326, 0x6AE5, 0x7347, 0x7347, 0x7B67, 0x7306, 0x7346, 0x62C5, 0x6B06, 0x7326, 0x6AE5, 0x7306,
    0x7306, 0x62C5, 0x7326, 0x6B06, 0x62A5, 0x6B06, 0x7347, 0x6B06, 0x7347, 0x7306, 0x7B67, 0x7326,
    0x5A63, 0x62C5, 0x62C5, 0x6B06, 0x62C5, 0x6AE5, 0x6B06, 0x6B06, 0x7326, 0x7326, 0x6B06, 0x62A4,
    0x5A84, 0x5A64, 0x3140, 0x2A67, 0x62A5, 0x5A85, 0x7347, 0x7B47, 0x5223, 0x7327, 0x7326, 0x2101,
    0xCE37, 0xFFFF, 0xFFFF, 0xFFFF, 0xFFFF, 0xFFFF, 0xFFFF, 0xFFFF, 0xFFFF, 0xFFFF, 0xFFFF, 0xFFFF,
    0xFFFF, 0xFFFF, 0xFFFF, 0x5244, 0x39A2, 0x7347, 0x6AC5, 0x7347, 0x7B67, 0x7347, 0x5265, 0x6AE6,
    0x5535, 0x39C2, 0x62A5, 0x62A4, 0x5A84, 0x6AE5, 0x6B06, 0x5A84, 0x7347, 0x6AE5, 0x6AE5, 0x7326,
    0x7306, 0x7346, 0x6B06, 0x6AE6, 0x7326, 0x7327, 0x7306, 0x62C5, 0x7347, 0x7326, 0x5A64, 0x6AE6,
    0x7326, 0x7326, 0x7B47, 0x7347, 0x6AC5, 0x6284, 0x7B67, 0x7326, 0x6AC5, 0x7347, 0x7347, 0x7326,
    0x7327, 0x7347, 0x7306, 0x7347, 0x6B06, 0x6B06, 0x7347, 0x7327, 0x7326, 0x6B06, 0x6B05, 0x6B06,
    0x7326, 0x7326, 0x7B47, 0x7B67, 0x7B67, 0x6AE6, 0x6B06, 0x6B06, 0x7347, 0x7326, 0x7327, 0x7347,
    0x7326, 0x6B06, 0x6AC5, 0x6B06, 0x6AE6, 0x7326, 0x6B06, 0x7306, 0x7306, 0x7B67, 0x7326, 0x6B06,
    0x6AC5, 0x7326, 0x6AE6, 0x7306, 0x7326, 0x7347, 0x7306, 0x7B68, 0x6B06, 0x7326, 0x6B06, 0x62C6,
    0x6B06, 0x5A84, 0x6B06, 0x6AE6, 0x6B06, 0x6AE5, 0x6B06, 0x6B06, 0x62A5, 0x5A64, 0x2920, 0x2206,
    0x5A85, 0x52A6, 0x7327, 0x7327, 0x6B06, 0x6B27, 0x7327, 0x2901, 0xCE58, 0xFFFF, 0xFFFF, 0xFFFF,
    0xFFFF, 0xFFFF, 0xFFFF, 0xFFFF, 0xFFFF, 0xFFFF, 0xFFFF, 0xFFFF, 0xFFFF, 0xFFFF, 0xFFFF, 0x5A64,
    0x41A3, 0x7347, 0x7348, 0x6AE5, 0x7327, 0x7B68, 0x4224, 0x5A84, 0x5535, 0x3A87, 0x5264, 0x5A63,
    0x5A64, 0x62C5, 0x6AC5, 0x6AE5, 0x7326, 0x6AC5, 0x6284, 0x6B06, 0x7326, 0x7326, 0x6AE6, 0x6AE6,
    0x7327, 0x6B06, 0x62A4, 0x6B06, 0x7347, 0x7347, 0x7326, 0x6B26, 0x7327, 0x6B06, 0x6B06, 0x7326,
    0x62C4, 0x6B06, 0x6B06, 0x7367, 0x6B06, 0x7347, 0x7327, 0x7327, 0x7326, 0x7326, 0x7326, 0x7347,
    0x6B06, 0x7347, 0x7326, 0x7347, 0x7326, 0x7326, 0x7326, 0x7326, 0x7347, 0x62A4, 0x7B68, 0x7327,
    0x7347, 0x6B06, 0x6B06, 0x7347, 0x7347, 0x7327, 0x7326, 0x7347, 0x7306, 0x6AE6, 0x62C5, 0x6284,
    0x7327, 0x6AE5, 0x7326, 0x6B06, 0x6AE6, 0x7306, 0x6B06, 0x6B06, 0x6B06, 0x6AE6, 0x7B67, 0x7326,
    0x6B06, 0x6B27, 0x6B07, 0x6AE6, 0x6AE6, 0x6B06, 0x6B07, 0x6B06, 0x6B06, 0x6AE6, 0x6B27, 0x6B06,
    0x5A64, 0x6B06, 0x6AE6, 0x62C5, 0x6285, 0x5A85, 0x3181, 0x3B0A, 0x62C6, 0x52A6, 0x62A5, 0x7347,
    0x6B06, 0x7327, 0x6AE6, 0x2101, 0xC617, 0xFFFF, 0xFFFF, 0xFFFF, 0xFFFF, 0xFFFF, 0xFFFF, 0xFFFF,
    0xFFFF, 0xFFFF, 0xFFFF, 0xFFFF, 0xFFFF, 0xFFFF, 0xFFFF, 0x4A03, 0x4A03, 0x7327, 0x6B06, 0x5A84,
    0x62A5, 0x7347, 0x4204, 0x62C6, 0x65F8, 0x41E2, 0x4A03, 0x5A64, 0x5223, 0x5A84, 0x62C5, 0x62A5,
    0x7306, 0x6284, 0x6284, 0x7326, 0x7326, 0x6B06, 0x7327, 0x62C5, 0x62C5, 0x7326, 0x62A5, 0x6AC5,
    0x7347, 0x7347, 0x7346, 0x6AE5, 0x7347, 0x7327, 0x7347, 0x7306, 0x7347, 0x7326, 0x7326, 0x7326,
    0x6284, 0x7327, 0x7327, 0x6AE6, 0x6B06, 0x7306, 0x6B06, 0x7306, 0x7306, 0x6B06, 0x6B06, 0x7346,
    0x7326, 0x7B47, 0x6AC5, 0x7326, 0x7347, 0x6B06, 0x7347, 0x7327, 0x7327, 0x6B06, 0x7327, 0x6B06,
    0x7347, 0x7347, 0x6B06, 0x7327, 0x5A43, 0x6AE5, 0x62A4, 0x6AE5, 0x7326, 0x6B06, 0x62A5, 0x6AC5,
    0x62C5, 0x6B06, 0x7327, 0x7347, 0x6AE5, 0x7327, 0x7327, 0x7326, 0x7347, 0x6AE6, 0x5223, 0x5243,
    0x6B06, 0x62A4, 0x5223, 0x5A84, 0x6AE6, 0x6B06, 0x6AE6, 0x6B06, 0x62C5, 0x5A64, 0x6AE6, 0x6AE6,
    0x5AA5, 0x5A84, 0x3161, 0x3288, 0x5AA5, 0x5AA6, 0x7326, 0x7327, 0x7326, 0x7327, 0x7347, 0x20E1,
    0xCE37, 0xFFFF, 0xFFFF, 0xFFFF, 0xFFFF, 0xFFFF, 0xFFFF, 0xFFFF, 0xFFFF, 0xFFFF, 0xFFFF, 0xFFFF,
    0xFFFF, 0xFFFF, 0xFFFF, 0x49E2, 0x41C3, 0x7347, 0x7326, 0x7348, 0x7327, 0x7327, 0x39E4, 0x62C5,
    0x65D9, 0x41E2, 0x5244, 0x5A84, 0x5A63, 0x6AE5, 0x62A4, 0x5243, 0x6B06, 0x6AE5, 0x6AE5, 0x7327,
    0x6B06, 0x62A4, 0x7326, 0x6B06, 0x6B06, 0x6B26, 0x6AC5, 0x7326, 0x7326, 0x7347, 0x7326, 0x6B06,
    0x7347, 0x7347, 0x6B06, 0x7306, 0x7326, 0x6B06, 0x7326, 0x6B06, 0x5A63, 0x7306, 0x7347, 0x7306,
    0x7326, 0x7306, 0x6284, 0x6AE5, 0x6B06, 0x6B06, 0x6B06, 0x6AE5, 0x7326, 0x7326, 0x6AE5, 0x7306,
    0x7327, 0x6B06, 0x6AE6, 0x6B06, 0x7B67, 0x7327, 0x6AE6, 0x7326, 0x6B06, 0x7327, 0x7347, 0x7347,
    0x6AE5, 0x7326, 0x62A5, 0x6B06, 0x62C5, 0x6AE5, 0x6B06, 0x7326, 0x6B06, 0x6AE5, 0x6B06, 0x6AE6,
    0x62A5, 0x6B06, 0x6B06, 0x7326, 0x6AE6, 0x7306, 0x6AC5, 0x6284, 0x6B06, 0x62A4, 0x6B06, 0x62A5,
    0x6AE6, 0x6AC6, 0x6B06, 0x62A4, 0x7307, 0x6B06, 0x6B06, 0x5A43, 0x5223, 0x5A44, 0x3961, 0x3288,
    0x4A23, 0x5285, 0x7347, 0x5243, 0x7347, 0x7327, 0x62C5, 0x2101, 0xC637, 0xFFFF, 0xFFFF, 0xFFFF,
    0xFFFF, 0xFFFF, 0xFFFF, 0xFFFF, 0xFFFF, 0xFFFF, 0xFFFF, 0xFFFF, 0xFFFF, 0xFFFF, 0xFFFF, 0x3961,
    0x41E3, 0x7326, 0x6AE6, 0x7327, 0x7367, 0x5243, 0x4A45, 0x5A84, 0x44D5, 0x39C2, 0x5A85, 0x5A85,
    0x5242, 0x5A64, 0x5A84, 0x5A44, 0x62E5, 0x6AC5, 0x62A5, 0x62C4, 0x62C5, 0x6AE5, 0x7B88, 0x6AE6,
    0x62C5, 0x7326, 0x5A43, 0x6B06, 0x6B06, 0x7306, 0x6B06, 0x7347, 0x6B07, 0x6B06, 0x7347, 0x7347,
    0x7326, 0x6AE5, 0x7327, 0x5A84, 0x62A4, 0x6B06, 0x7347, 0x6B06, 0x7306, 0x6B06, 0x7326, 0x7327,
    0x6AE6, 0x7347, 0x7347, 0x7306, 0x62A4, 0x6AC5, 0x62A4, 0x7347, 0x7326, 0x7326, 0x6B06, 0x6B27,
    0x6B06, 0x7326, 0x6AE6, 0x7306, 0x6AE5, 0x7326, 0x7326, 0x6B06, 0x62C5, 0x6AE6, 0x6AE5, 0x6B06,
    0x62A4, 0x62C5, 0x6AE6, 0x62E5, 0x62C5, 0x7326, 0x6AE5, 0x6B06, 0x6AC5, 0x7306, 0x62C5, 0x62C5,
    0x5A84, 0x62C5, 0x7326, 0x6AE6, 0x6AE5, 0x6AE6, 0x7327, 0x5A84, 0x6AE6, 0x5A84, 0x6B06, 0x6B06,
    0x6B06, 0x62C5, 0x62C5, 0x5223, 0x5222, 0x5243, 0x3161, 0x3246, 0x5A85, 0x5265, 0x5A64, 0x62C6,
    0x7327, 0x7327, 0x6B06, 0x2901, 0xC617, 0xFFFF, 0xFFFF, 0xFFFF, 0xFFFF, 0xFFFF, 0xFFFF, 0xFFFF,
    0xFFFF, 0xFFFF, 0xFFFF, 0xFFFF, 0xFFFF, 0xFFFF, 0xFFFF, 0x5243, 0x4A03, 0x7327, 0x6AE6, 0x62A5,
    0x62A5, 0x7368, 0x4224, 0x62A5, 0x3C94, 0x41E2, 0x62C5, 0x5222, 0x5A84, 0x5223, 0x6284, 0x6B06,
    0x62A5, 0x6B06, 0x6B06, 0x6B06, 0x6AE5, 0x6285, 0x6AE6, 0x6AE5, 0x6B06, 0x6B06, 0x5A43, 0x62C6,
    0x62A5, 0x6AC5, 0x62A5, 0x7326, 0x6AE6, 0x6B06, 0x7326, 0x62A5, 0x62A4, 0x6AE5, 0x6B06, 0x6B26,
    0x62A5, 0x6AE5, 0x62C5, 0x6B06, 0x62C5, 0x62A4, 0x7326, 0x6AE6, 0x6AE5, 0x6B26, 0x6AE6, 0x7326,
    0x6AE6, 0x6AE5, 0x6AC4, 0x6AE5, 0x7347, 0x7326, 0x7327, 0x6B06, 0x6B06, 0x6B06, 0x62A5, 0x7306,
    0x7327, 0x7326, 0x7327, 0x7327, 0x5A44, 0x6AE6, 0x6AC5, 0x6AE5, 0x6AE6, 0x6AE6, 0x62A4, 0x6AE5,
    0x6AE5, 0x62A5, 0x6B06, 0x6B06, 0x6AE5, 0x6AE6, 0x6B26, 0x6AE6, 0x5223, 0x62A5, 0x62A5, 0x6AC5,
    0x6AE5, 0x6AE6, 0x62C5, 0x62A5, 0x5A85, 0x6AE6, 0x6B27, 0x6AE5, 0x62C5, 0x5A64, 0x62C5, 0x62A4,
    0x5202, 0x5243, 0x3981, 0x21C4, 0x5A64, 0x5265, 0x7327, 0x7348, 0x5244, 0x6AE6, 0x7327, 0x2921,
    0xC617, 0xFFFF, 0xFFFF, 0xFFFF, 0xFFFF, 0xFFFF, 0xFFFF, 0xFFFF, 0xFFFF, 0xFFFF, 0xFFFF, 0xFFFF,
    0xFFFF, 0xFFFF, 0xFFFF, 0x4A23, 0x41E3, 0x6AE5, 0x7327, 0x7327, 0x6B07, 0x5A64, 0x39A3, 0x62C5,
    0x4432, 0x3182, 0x62A5, 0x5223, 0x5244, 0x5244, 0x5203, 0x6AE6, 0x62C5, 0x6AE6, 0x62A4, 0x6AE6,
    0x5A64, 0x5A84, 0x6AE6, 0x62C5, 0x6B06, 0x6AC5, 0x62A5, 0x5A43, 0x5A64, 0x62C5, 0x62C5, 0x7327,
    0x7327, 0x5A64, 0x6B06, 0x62A4, 0x5A84, 0x7327, 0x6B06, 0x62A5, 0x62C5, 0x6B06, 0x6B06, 0x6B06,
    0x62C5, 0x6AE5, 0x6AE5, 0x7326, 0x6AE5, 0x62A5, 0x6AC5, 0x5A43, 0x6AE5, 0x6AE5, 0x5A43, 0x6B26,
    0x6B06, 0x6B06, 0x6B06, 0x62A5, 0x6AE5, 0x62C5, 0x6B06, 0x6AE5, 0x6B06, 0x6B06, 0x6B07, 0x62C5,
    0x6B06, 0x6AE6, 0x62C5, 0x6AE6, 0x6B06, 0x6AE6, 0x62C5, 0x6AE6, 0x6B06, 0x62C5, 0x62C5, 0x6AE6,
    0x62C5, 0x41C2, 0x62C5, 0x6AE6, 0x62C5, 0x6AE6, 0x5A43, 0x6AE5, 0x62C5, 0x5223, 0x62C5, 0x5A84,
    0x6B06, 0x49E2, 0x6B06, 0x6AC5, 0x6AE6, 0x62A5, 0x5A85, 0x6284, 0x5A64, 0x62C5, 0x3981, 0x2A26,
    0x6AE5, 0x4A24, 0x6B06, 0x62C6, 0x6AE5, 0x6AE6, 0x6B06, 0x2901, 0xC617, 0xFFFF, 0xFFFF, 0xFFFF,
    0xFFFF, 0xFFFF, 0xFFFF, 0xFFFF, 0xFFFF, 0xFFFF, 0xFFFF, 0xFFFF, 0xFFFF, 0xFFFF, 0xFFFF, 0x49E3,
    0x49E3, 0x6AE6, 0x7326, 0x6AE6, 0x7306, 0x6B07, 0x39C3, 0x5244, 0x33D0, 0x39A2, 0x5223, 0x49E2,
    0x49C2, 0x62A5, 0x5202, 0x5A84, 0x6B06, 0x6AE5, 0x6AE6, 0x62E6, 0x5243, 0x62E6, 0x62A5, 0x5A44,
    0x5A84, 0x5A84, 0x4A02, 0x62A4, 0x6B06, 0x62C5, 0x6B06, 0x62A5, 0x6B06, 0x6B06, 0x5A64, 0x6AE6,
    0x62C6, 0x62A5, 0x6AE5, 0x6AE6, 0x62C5, 0x6AC5, 0x5A84, 0x62C5, 0x7326, 0x6AE5, 0x62C5, 0x6B06,
    0x6B06, 0x7326, 0x7306, 0x7326, 0x6AC5, 0x6AC5, 0x5A63, 0x7306, 0x62A5, 0x6AE6, 0x62A5, 0x62C5,
    0x62C5, 0x62C5, 0x6AE6, 0x62C5, 0x6AE6, 0x62E5, 0x6B26, 0x6AE6, 0x62A5, 0x6B06, 0x6AE5, 0x5A84,
    0x5A85, 0x62A5, 0x6AE6, 0x6AE6, 0x6B06, 0x62C5, 0x62C5, 0x62A5, 0x5224, 0x62C6, 0x62C5, 0x62A5,
    0x6AE6, 0x6AE6, 0x5A63, 0x6B07, 0x6AC6, 0x5A64, 0x62C5, 0x6AE6, 0x62A5, 0x6AE6, 0x5A84, 0x5223,
    0x62C5, 0x5223, 0x5A85, 0x5244, 0x5223, 0x5A64, 0x3161, 0x3205, 0x62A5, 0x4A44, 0x7326, 0x5A64,
    0x6B06, 0x6AE6, 0x6B06, 0x2901, 0xCE37, 0xFFFF, 0xFFFF, 0xFFFF, 0xFFFF, 0xFFFF, 0xFFFF, 0xFFFF,
    0xFFFF, 0xFFFF, 0xFFFF, 0xFFFF, 0xFFFF, 0xFFFF, 0xFFFF, 0x4A23, 0x41E3, 0x7B68, 0x6AE6, 0x4A03,
    0x7306, 0x5203, 0x39C3, 0x5264, 0x4472, 0x31A2, 0x4A03, 0x41A2, 0x5223, 0x5A64, 0x49C2, 0x5A63,
    0x5A84, 0x62A5, 0x6AE5, 0x6AE6, 0x5202, 0x62C5, 0x62C5, 0x6AE6, 0x62C5, 0x5A43, 0x5202, 0x6AE5,
    0x5A64, 0x62C5, 0x5223, 0x62A5, 0x62A5, 0x6B06, 0x6B06, 0x62C5, 0x62A5, 0x6284, 0x6AE6, 0x6AE6,
    0x5A84, 0x6B06, 0x6AE6, 0x7B89, 0x6AE6, 0x6284, 0x6B06, 0x6B06, 0x62A4, 0x6B06, 0x62A5, 0x6AE5,
    0x62C5, 0x6B06, 0x6AE5, 0x6B26, 0x62A5, 0x6AE6, 0x6B06, 0x62A5, 0x7327, 0x6B06, 0x6285, 0x62E6,
    0x6AE6, 0x6AC6, 0x6AE6, 0x6B27, 0x6B06, 0x6AE6, 0x62A5, 0x62A5, 0x62C5, 0x6AE6, 0x62C6, 0x5A84,
    0x62E5, 0x5A64, 0x62A5, 0x6AE6, 0x62A5, 0x6B06, 0x62E5, 0x62C5, 0x5A63, 0x62E6, 0x6283, 0x5A64,
    0x62C5, 0x5244, 0x5A84, 0x7327, 0x6AE6, 0x62A5, 0x5202, 0x6AE6, 0x62A5, 0x5243, 0x5A85, 0x41C2,
    0x5243, 0x41C2, 0x3161, 0x3A25, 0x5A64, 0x5244, 0x5A43, 0x7347, 0x6AE6, 0x62C6, 0x6B07, 0x2901,
    0xC616, 0xFFFF, 0xFFFF, 0xFFFF, 0xFFFF, 0xFFFF, 0xFFFF, 0xFFFF, 0xFFFF, 0xFFFF, 0xFFFF, 0xFFFF,
    0xFFFF, 0xFFFF, 0xFFFF, 0x41A2, 0x49E3, 0x7326, 0x6B06, 0x6B06, 0x7327, 0x49E2, 0x39E3, 0x5A64,
    0x4C92, 0x2942, 0x62C6, 0x5243, 0x41A2, 0x5A44, 0x41A2, 0x49E2, 0x5AA4, 0x62C5, 0x4A02, 0x5A84,
    0x62C5, 0x62C5, 0x62A5, 0x5223, 0x62C5, 0x62A4, 0x41A1, 0x62C5, 0x6B06, 0x6B27, 0x6B06, 0x6AE6,
    0x62A5, 0x6B06, 0x5A64, 0x62C5, 0x62C5, 0x5A64, 0x62E5, 0x6AE6, 0x62A5, 0x6AE6, 0x6AE5, 0x6AE6,
    0x6AE6, 0x62C5, 0x62C5, 0x5A84, 0x5A64, 0x6B06, 0x6B06, 0x6AC5, 0x62C5, 0x6AE5, 0x6AE5, 0x6B06,
    0x6AE6, 0x62A5, 0x6AE6, 0x62C5, 0x6B06, 0x62C5, 0x62C5, 0x6B06, 0x6AE6, 0x62A4, 0x5A64, 0x6B06,
    0x62A4, 0x62C5, 0x6AE6, 0x6AE6, 0x62A5, 0x62C6, 0x62E6, 0x5A84, 0x62C5, 0x62C5, 0x5A64, 0x6B06,
    0x62A5, 0x5A64, 0x6B06, 0x62C5, 0x62A4, 0x5243, 0x49C2, 0x5223, 0x4A03, 0x5A44, 0x5223, 0x5A84,
    0x5A85, 0x62A5, 0x5202, 0x5A64, 0x62C5, 0x62A5, 0x41C2, 0x4A03, 0x49E3, 0x49E2, 0x3161, 0x29C4,
    0x5A64, 0x4A23, 0x7327, 0x6AE6, 0x62A5, 0x6B06, 0x62C5, 0x20E1, 0xC5F6, 0xFFFF, 0xFFFF, 0xFFFF,
    0xFFFF, 0xFFFF, 0xFFFF, 0xFFFF, 0xFFFF, 0xFFFF, 0xFFFF, 0xFFFF, 0xFFFF, 0xFFFF, 0xFFFF, 0x3981,
    0x4A24, 0x6B27, 0x6AE6, 0x6AE6, 0x62C5, 0x49E3, 0x39A2, 0x5244, 0x33F0, 0x2921, 0x49E3, 0x49C2,
    0x49C2, 0x5A63, 0x41C1, 0x49E2, 0x5A63, 0x62A5, 0x41C1, 0x62A4, 0x6B06, 0x5A64, 0x5A63, 0x5223,
    0x62E6, 0x5A64, 0x51E2, 0x5A63, 0x5A64, 0x5A84, 0x5A64, 0x7348, 0x62A5, 0x5A85, 0x5244, 0x62A5,
    0x62C5, 0x62A5, 0x5A84, 0x62C5, 0x62A5, 0x7347, 0x62E6, 0x5A85, 0x6AE6, 0x5A84, 0x62A5, 0x62E6,
    0x6284, 0x6B06, 0x5A64, 0x5A43, 0x6B06, 0x62C5, 0x62A4, 0x6AE5, 0x62A5, 0x5A85, 0x6B06, 0x62C5,
    0x62C6, 0x62A5, 0x62A5, 0x62A5, 0x62A5, 0x6AE5, 0x5AA4, 0x62C5, 0x62A5, 0x5A85, 0x62C6, 0x5A85,
    0x62A5, 0x5A85, 0x62E6, 0x6B06, 0x6B06, 0x62E6, 0x62C6, 0x49E2, 0x49E2, 0x5243, 0x5A44, 0x62C5,
    0x6B07, 0x5244, 0x41C1, 0x62A5, 0x5A85, 0x41C2, 0x49E2, 0x62A5, 0x62C5, 0x5223, 0x49E2, 0x5223,
    0x5A44, 0x5203, 0x4A03, 0x5A64, 0x4A02, 0x4A02, 0x2941, 0x29E5, 0x4A03, 0x5224, 0x5202, 0x6285,
    0x62A5, 0x6AE6, 0x6AE6, 0x20E1, 0xBDD6, 0xFFFF, 0xFFFF, 0xFFFF, 0xFFFF, 0xFFFF, 0xFFFF, 0xFFFF,
    0xFFFF, 0xFFFF, 0xFFFF, 0xFFFF, 0xFFFF, 0xFFFF, 0xFFFF, 0x41C2, 0x4A24, 0x7326, 0x6B26, 0x6AE6,
    0x6AE6, 0x5A44, 0x3982, 0x4A03, 0x4C92, 0x3181, 0x4A24, 0x41A2, 0x41C2, 0x49C2, 0x5A43, 0x49C2,
    0x41A2, 0x5223, 0x5222, 0x49E2, 0x5A64, 0x62E6, 0x5A84, 0x49E2, 0x5A84, 0x5A85, 0x5202, 0x4A02,
    0x5243, 0x5A85, 0x49C2, 0x5AA4, 0x5AA5, 0x62E6, 0x62E6, 0x6B47, 0x6AE6, 0x5243, 0x5264, 0x62A5,
    0x5244, 0x6B06, 0x5A85, 0x6B27, 0x6B07, 0x5A85, 0x62A5, 0x5A64, 0x62C5, 0x5223, 0x5A64, 0x5222,
    0x5A84, 0x5201, 0x5A43, 0x6AE6, 0x5AA4, 0x5A84, 0x5A64, 0x62C6, 0x5A85, 0x62A5, 0x5263, 0x5AA5,
    0x62A5, 0x62A5, 0x5A84, 0x5224, 0x5223, 0x5A64, 0x5244, 0x5A64, 0x5AA5, 0x5AA5, 0x5A64, 0x5243,
    0x5A64, 0x5A84, 0x5A84, 0x62A5, 0x5A84, 0x49C2, 0x5223, 0x49C2, 0x5A84, 0x62A5, 0x49E1, 0x5202,
    0x5A85, 0x5A85, 0x5AA5, 0x62C6, 0x6AE5, 0x4A23, 0x49E2, 0x49E3, 0x4A03, 0x5244, 0x5223, 0x5A64,
    0x4A03, 0x41A1, 0x2100, 0x21C5, 0x5264, 0x4A03, 0x6AE6, 0x6AE6, 0x6AE6, 0x62C6, 0x5A64, 0x2901,
    0xBDD6, 0xFFFF, 0xFFFF, 0xFFFF, 0xFFFF, 0xFFFF, 0xFFFF, 0xFFFF, 0xFFFF, 0xFFFF, 0xFFFF, 0xFFFF,
    0xFFFF, 0xFFFF, 0xFFFF, 0x39A2, 0x41A2, 0x5223, 0x6AE6, 0x6B06, 0x62C6, 0x5244, 0x2962, 0x4A24,
    0x5DB7, 0x31A2, 0x4A04, 0x39A2, 0x49E2, 0x41A2, 0x3981, 0x41A1, 0x49E3, 0x4A02, 0x4A03, 0x41C2,
    0x49E2, 0x5AC6, 0x5A64, 0x4A02, 0x5264, 0x41A2, 0x49E2, 0x5202, 0x5223, 0x49E2, 0x49C2, 0x41C2,
    0x49E2, 0x4A02, 0x5AC5, 0x5A84, 0x5A64, 0x5A85, 0x5A85, 0x5244, 0x5A84, 0x5A84, 0x6B07, 0x5AA5,
    0x62A5, 0x5244, 0x62C5, 0x4A03, 0x5244, 0x62C6, 0x5244, 0x49E2, 0x5243, 0x49E2, 0x5223, 0x5A84,
    0x62A5, 0x62A4, 0x5264, 0x5A85, 0x62E6, 0x6307, 0x5AA6, 0x5AA5, 0x62C5, 0x62C6, 0x41C2, 0x49E2,
    0x5244, 0x5264, 0x5A64, 0x5243, 0x5223, 0x5223, 0x49E3, 0x4181, 0x5222, 0x5AA5, 0x5AC5, 0x5A64,
    0x5203, 0x49E2, 0x41C2, 0x49E2, 0x5243, 0x49E2, 0x49E2, 0x5222, 0x49E2, 0x49C2, 0x49C2, 0x4A03,
    0x4A24, 0x5202, 0x3981, 0x4A02, 0x49E2, 0x49E2, 0x5A85, 0x41C2, 0x41E3, 0x41A2, 0x3182, 0x2A26,
    0x4A23, 0x41E3, 0x41C2, 0x6AE6, 0x6AE6, 0x62C6, 0x5244, 0x20C0, 0xBDD6, 0xFFFF, 0xFFFF, 0xFFFF,
    0xFFFF, 0xFFFF, 0xFFFF, 0xFFFF, 0xFFFF, 0xFFFF, 0xFFFF, 0xFFFF, 0xFFFF, 0xFFFF, 0xFFFF, 0x2900,
    0x4A24, 0x62C5, 0x6AE6, 0x5223, 0x5223, 0x3981, 0x2962, 0x4A04, 0x238F, 0x2962, 0x39E4, 0x3182,
    0x5285, 0x4205, 0x3120, 0x3982, 0x41C2, 0x41A2, 0x3981, 0x49E2, 0x41E3, 0x5223, 0x3161, 0x39A1,
    0x41E2, 0x3982, 0x3161, 0x41A2, 0x4A23, 0x49E3, 0x3961, 0x41A2, 0x41C2, 0x41A1, 0x3961, 0x4A03,
    0x4A24, 0x4A23, 0x5265, 0x3982, 0x41E3, 0x6307, 0x4A43, 0x4A03, 0x5AC6, 0x41E3, 0x41E3, 0x5285,
    0x4A03, 0x5265, 0x4A03, 0x41E3, 0x4A23, 0x4A03, 0x4A03, 0x4A44, 0x5265, 0x4A44, 0x4A24, 0x4A44,
    0x39A2, 0x4204, 0x3982, 0x3981, 0x4A23, 0x5244, 0x41E3, 0x49E2, 0x3161, 0x5244, 0x5264, 0x41E3,
    0x5223, 0x4A03, 0x41A2, 0x41A1, 0x41C2, 0x5264, 0x62E6, 0x3981, 0x41C2, 0x41A2, 0x5224, 0x41E3,
    0x4A23, 0x39A2, 0x41C2, 0x3981, 0x4A24, 0x39A2, 0x41C2, 0x3982, 0x41E3, 0x39C2, 0x3961, 0x39C2,
    0x39A3, 0x39A2, 0x39A2, 0x3161, 0x3981, 0x41E2, 0x2901, 0x21C5, 0x41C3, 0x41C3, 0x5A64, 0x5A64,
    0x4A03, 0x6B07, 0x41A2, 0x20E1, 0xC5F6, 0xFFFF, 0xFFFF, 0xFFFF, 0xFFFF, 0xFFFF, 0xFFFF, 0xFFFF,
    0xFFFF, 0xFFFF, 0xFFFF, 0xFFFF, 0xFFFF, 0xFFFF, 0xFFFF, 0x2921, 0x3982, 0x5A64, 0x4A03, 0x5A64,
    0x62C5, 0x5223, 0x2921, 0x39A2, 0x18E1, 0x0922, 0x09C6, 0x09C5, 0x11A5, 0x09A5, 0x0984, 0x11C6,
    0x11C6, 0x09E7, 0x0A07, 0x09C6, 0x09E6, 0x11C6, 0x0985, 0x11A5, 0x0A07, 0x09E8, 0x128A, 0x0A28,
    0x0A08, 0x1269, 0x09C6, 0x0A48, 0x0A27, 0x0A68, 0x1247, 0x1206, 0x1268, 0x1267, 0x0A06, 0x09E6,
    0x1207, 0x1227, 0x1289, 0x0A07, 0x1227, 0x1207, 0x1A88, 0x0A69, 0x0A28, 0x1248, 0x09E7, 0x1269,
    0x11E6, 0x11A5, 0x09E7, 0x09C6, 0x11C5, 0x0A07, 0x0985, 0x1249, 0x09E7, 0x0A07, 0x09E7, 0x09E7,
    0x0A89, 0x0A49, 0x0A28, 0x1228, 0x1269, 0x12EB, 0x128A, 0x0A6A, 0x0A29, 0x0A29, 0x0A49, 0x0A49,
    0x128A, 0x09C7, 0x0A08, 0x0A28, 0x12AA, 0x0A28, 0x1248, 0x0A08, 0x0A07, 0x1206, 0x11E7, 0x0A48,
    0x0A08, 0x09E7, 0x09C6, 0x09C6, 0x0985, 0x0A27, 0x1A27, 0x1207, 0x09E7, 0x0A07, 0x0986, 0x0A48,
    0x11E6, 0x11A5, 0x1122, 0x20E1, 0x39A2, 0x39A2, 0x62C5, 0x62A5, 0x62A5, 0x62A5, 0x49E2, 0x18A0,
    0xBDD7, 0xFFFF, 0xFFFF, 0xFFFF, 0xFFFF, 0xFFFF, 0xFFFF, 0xFFFF, 0xFFFF, 0xFFFF, 0xFFFF, 0xFFFF,
    0xFFFF, 0xFFFF, 0xFFFF, 0x39A2, 0x39A3, 0x3183, 0x3183, 0x39C4, 0x39C4, 0x39E4, 0x4A24, 0x4204,
    0x4267, 0x4204, 0x4A24, 0x4A04, 0x4A03, 0x4A03, 0x49E3, 0x5243, 0x4A03, 0x5223, 0x4A03, 0x5A43,
    0x49E3, 0x5223, 0x5223, 0x5244, 0x5A64, 0x5A64, 0x5243, 0x5223, 0x5A43, 0x5243, 0x5223, 0x5243,
    0x5244, 0x5244, 0x5244, 0x5244, 0x5A64, 0x5A64, 0x5244, 0x5A65, 0x5A64, 0x5244, 0x5A84, 0x5223,
    0x5244, 0x5223, 0x5A64, 0x5A85, 0x5264, 0x5A64, 0x5A64, 0x5223, 0x5A64, 0x5A84, 0x5A64, 0x5A64,
    0x5A85, 0x5A84, 0x5A85, 0x5244, 0x5AA5, 0x5A85, 0x5A65, 0x5A64, 0x5A64, 0x5A64, 0x5A84, 0x5223,
    0x5A64, 0x5223, 0x5A64, 0x5223, 0x5A64, 0x5A84, 0x5A84, 0x5223, 0x5243, 0x5244, 0x5243, 0x5243,
    0x5223, 0x5243, 0x5A64, 0x5A85, 0x5244, 0x5244, 0x5243, 0x5244, 0x5224, 0x4A03, 0x4A03, 0x4A03,
    0x5243, 0x5223, 0x49E3, 0x4A03, 0x5223, 0x5223, 0x4A03, 0x5244, 0x49E3, 0x4A24, 0x4A87, 0x4245,
    0x4A04, 0x4A66, 0x3162, 0x39A3, 0x3162, 0x3162, 0x3983, 0x39A3, 0xBDD6, 0xFFFF, 0xFFFF, 0xFFFF,
    0xFFFF, 0xFFFF, 0xFFFF, 0xFFFF,
};
#define TEXTURE_DOOR_MIP1_SIZE 64
static const uint16_t TEXTURE_DOOR_MIP1_PIXELS[4096] __attribute__((aligned(16))) = {
    0xFFFF, 0xFFFF, 0xFFFF, 0xBDB3, 0x7B88, 0x83A8, 0x8BC9, 0x8BE9, 0x8BC9, 0x8BC9, 0x83C8, 0x8C09,
    0x8C0A, 0x8C09, 0x8BE9, 0x8BE9, 0x8BE9, 0x8C0A, 0x8C0A, 0x8C0A, 0x8C0A, 0x8C0A, 0x8C0A, 0x8C0A,
    0x8BEA, 0x8C0A, 0x942A, 0x8C0A, 0x8C0A, 0x8C0A, 0x8BE9, 0x8BE9, 0x8C0A, 0x8BE9, 0x8C09, 0x83C9,
    0x8BE9, 0x8BE9, 0x8BE9, 0x8BE9, 0x8BE9, 0x8BE9, 0x8C0A, 0x8C0A, 0x83C9, 0x8BE9, 0x83C9, 0x83C9,
    0x8BE9, 0x8BE9, 0x8BC9, 0x8BE9, 0x8BE9, 0x83C9, 0x83C9, 0x83C9, 0x83A8, 0x83C9, 0x83A9, 0x6B07,
    0xEF5C, 0xFFFF, 0xFFFF, 0xFFFF, 0xFFFF, 0xFFFF, 0xFFFF, 0xBDB3, 0x7B88, 0x942A, 0x83A8, 0x9C4A,
    0x9C6A, 0x9C6A, 0xA48B, 0x9C6A, 0x9C6A, 0x9C6A, 0x9C6A, 0x9C8A, 0x9C8B, 0x9C6B, 0x9C8B, 0xA48B,
    0x9C8B, 0x9C6B, 0xA48C, 0x9C8C, 0xA4AC, 0xA4AC, 0xA48C, 0xA48C, 0xA4CC, 0xA4AC, 0xA48C, 0xA4AC,
    0xA4AB, 0xA48B, 0xA48B, 0x9C6B, 0x9C6B, 0xA4AC, 0x9C6B, 0x9C8B, 0xA48B, 0xA48B, 0x9C6B, 0x9C8B,
    0x9C6B, 0x9C6B, 0x9C6B, 0x9C6B, 0x9C4B, 0x9C4B, 0x942A, 0x9C6B, 0x9C4B, 0x9C4A, 0x942A, 0x944A,
    0x944A, 0x942A, 0x9429, 0x62C6, 0xEF5C, 0xFFFF, 0xFFFF, 0xFFFF, 0xFFFF, 0xFFFF, 0xFFFF, 0xBD93,
    0x7B67, 0x944A, 0x8C0A, 0x5A65, 0x6B07, 0x6B07, 0x62E6, 0x6B06, 0x6AE6, 0x6B27, 0x6B47, 0x6B68,
    0x6B68, 0x6B68, 0x6B68, 0x6B68, 0x6B48, 0x7348, 0x7348, 0x6B48, 0x6B27, 0x6B27, 0x7389, 0x7369,
    0x7389, 0x7389, 0x7389, 0x7348, 0x6B27, 0x7347, 0x7347, 0x6B68, 0x6B48, 0x7369, 0x6B69, 0x7368,
    0x7347, 0x6B27, 0x6B27, 0x6B27, 0x6B48, 0x6B47, 0x6B48, 0x6B27, 0x6B27, 0x6B47, 0x6B27, 0x6307,
    0x6B27, 0x62E6, 0x6306, 0x6307, 0x62E6, 0x942A, 0x942A, 0x62C6, 0xEF5C, 0xFFFF, 0xFFFF, 0xFFFF,
    0xFFFF, 0xFFFF, 0xFFFF, 0xBDB3, 0x7327, 0x9C4B, 0x942A, 0x2941, 0x2982, 0x31A3, 0x31A3, 0x4245,
    0x4A86, 0x4286, 0x4266, 0x52C7, 0x52C7, 0x52C7, 0x5286, 0x4A86, 0x52A6, 0x52A6, 0x52C7, 0x5B07,
    0x4A45, 0x4A44, 0x52A6, 0x4A65, 0x5286, 0x52C7, 0x4A65, 0x4A86, 0x4A44, 0x5285, 0x52A6, 0x52A6,
    0x4AA6, 0x52A6, 0x4A65, 0x5286, 0x4A44, 0x5265, 0x4A23, 0x4A65, 0x4A86, 0x52A6, 0x52C7, 0x4265,
    0x4A86, 0x4A65, 0x4A65, 0x4A86, 0x4286, 0x3A45, 0x3A45, 0x2962, 0x2942, 0x9409, 0x942A, 0x5A85,
    0xEF3C, 0xFFFF, 0xFFFF, 0xFFFF, 0xFFFF, 0xFFFF, 0xFFFF, 0xBDB3, 0x7B68, 0x9C4A, 0x944A, 0x41E3,
    0x3247, 0x41C3, 0x41C3, 0x4A03, 0x5264, 0x5A84, 0x5A64, 0x5A85, 0x5AA5, 0x62E6, 0x5A85, 0x62C5,
    0x62C6, 0x62C5, 0x62A5, 0x62A5, 0x62C5, 0x62E6, 0x62E6, 0x62C5, 0x62E6, 0x62C6, 0x62C6, 0x62A5,
    0x62C5, 0x62C5, 0x5A85, 0x62E6, 0x62A5, 0x5A64, 0x62A5, 0x62A5, 0x62C6, 0x62A5, 0x62C5, 0x5AA5,
    0x62C5, 0x5AA5, 0x62E6, 0x5A85, 0x5264, 0x5264, 0x5244, 0x5244, 0x4A24, 0x5244, 0x4A24, 0x31C4,
    0x5264, 0x9409, 0x9429, 0x62A5, 0xEF3C, 0xFFFF, 0xFFFF, 0xFFFF, 0xFFFF, 0xFFFF, 0xFFFF, 0xBDB3,
    0x7B88, 0x9C4A, 0x942A, 0x5A64, 0x4AE9, 0x6AC4, 0x7326, 0x8387, 0x83A8, 0x83A7, 0x8BE8, 0x8BC8,
    0x8BE9, 0x942A, 0x8BE9, 0x9409, 0x8C09, 0x940A, 0x9409, 0x942A, 0x942A, 0x942A, 0x940A, 0x8C09,
    0x940A, 0x942A, 0x9409, 0x8BE9, 0x8BE8, 0x8C09, 0x8BC8, 0x8C09, 0x8BE8, 0x83A8, 0x8C09, 0x8BE9,
    0x8BC8, 0x8BE8, 0x8BE8, 0x8BE9, 0x8BE9, 0x8BE9, 0x8BE9, 0x8BE9, 0x8BE9, 0x8387, 0x83A8, 0x8387,
    0x7B67, 0x7B67, 0x6AE5, 0x4225, 0x7326, 0x9429, 0x9409, 0x62A5, 0xEF5C, 0xFFFF, 0xFFFF, 0xFFFF,
    0xFFFF, 0xFFFF, 0xFFFF, 0xBDB3, 0x7B67, 0x9C4A, 0x9C4A, 0x62A5, 0x5B4A, 0x7306, 0x8BC8, 0x8387,
    0x8BE8, 0x9409, 0x9409, 0x942A, 0x9429, 0x9C4A, 0x942A, 0x942A, 0x942A, 0x9C4A, 0x944A, 0x9C4B,
    0x9C6B, 0x944A, 0x9C4B, 0x942A, 0x9C4B, 0x9C4B, 0x942A, 0x942A, 0x9409, 0x9429, 0x944A, 0x9429,
    0x9429, 0x8BE9, 0x8C09, 0x9409, 0x8C09, 0x9429, 0x944A, 0x942A, 0x9409, 0x942A, 0x942A, 0x940A,
    0x9409, 0x8BE9, 0x8BE9, 0x8C09, 0x8BE9, 0x7B87, 0x7B67, 0x4224, 0x7346, 0x9409, 0x9429, 0x5A85,
    0xEF3B, 0xFFFF, 0xFFFF, 0xFFFF, 0xFFFF, 0xFFFF, 0xFFFF, 0xBDB3, 0x83A8, 0x9C4A, 0x9409, 0x62A4,
    0x5B49, 0x8387, 0x8BC8, 0x942A, 0x83A8, 0x942A, 0x942A, 0x9429, 0x9429, 0x9429, 0x9C4A, 0x944A,
    0x944A, 0x9C6B, 0x942A, 0x9C4A, 0x942A, 0x944B, 0x9C6B, 0x9C4B, 0x944A, 0x942A, 0x9C4B, 0x9C4A,
    0x9409, 0x9429, 0x9429, 0x9409, 0x9409, 0x942A, 0x942A, 0x9408, 0x9429, 0x8BE9, 0x944A, 0x944A,
    0x9409, 0x944A, 0x944A, 0x942A, 0x940A, 0x8C09, 0x8BE9, 0x8C09, 0x8C09, 0x7B67, 0x7B67, 0x5AC6,
    0x7B46, 0x9429, 0x942A, 0x62A5, 0xE73B, 0xFFFF, 0xFFFF, 0xFFFF, 0xFFFF, 0xFFFF, 0xFFFF, 0xBDB3,
    0x8388, 0x9C4A, 0x8BE9, 0x6AC5, 0x5B8B, 0x7B67, 0x9409, 0x9409, 0x942A, 0x942A, 0x944A, 0x944A,
    0x942A, 0x9429, 0x9C6B, 0x944A, 0x9C4A, 0x944A, 0x942A, 0x9C4B, 0x942A, 0x9C4B, 0x9C6B, 0x944B,
    0x9C4B, 0x9C8C, 0x942A, 0x9409, 0x944A, 0x9409, 0x9429, 0x9429, 0x942A, 0x942A, 0x9429, 0x944A,
    0x9409, 0x9429, 0x942A, 0x9C4A, 0x83C8, 0x942A, 0x944A, 0x942A, 0x940A, 0x8BE9, 0x9409, 0x8BC9,
    0x8BE9, 0x8BC8, 0x83C9, 0x4A65, 0x7B67, 0x9409, 0x9429, 0x62A5, 0xE73B, 0xFFFF, 0xFFFF, 0xFFFF,
    0xFFFF, 0xFFFF, 0xFFFF, 0xBDB3, 0x7B68, 0x944A, 0x9C4A, 0x6AE5, 0x636A, 0x8388, 0x8BE9, 0x9409,
    0x940A, 0x942A, 0x944A, 0x944A, 0x9429, 0x942A, 0x944A, 0x944A, 0x944A, 0x944B, 0x942B, 0x944B,
    0x942A, 0x942A, 0x944B, 0x9C4B, 0x942A, 0x944A, 0x9C4A, 0x9C4A, 0x942A, 0x9C4A, 0x944A, 0x9409,
    0x942A, 0x942A, 0x942A, 0x942A, 0x9429, 0x942A, 0x9409, 0x940A, 0x8C09, 0x944A, 0x83A8, 0x942A,
    0x8C09, 0x8BE9, 0x8C0A, 0x8BE9, 0x8BE9, 0x8BE9, 0x83A8, 0x5AC6, 0x7B67, 0x8BA7, 0x9429, 0x62A5,
    0xEF3B, 0xFFFF, 0xFFFF, 0xFFFF, 0xFFFF, 0xFFFF, 0xFFFF, 0xBDB3, 0x7B67, 0x942A, 0x942A, 0x6AC5,
    0x63AB, 0x83C8, 0x8BE9, 0x8BE9, 0x940A, 0x942A, 0x940A, 0x940A, 0x942A, 0x944A, 0x942A, 0x942B,
    0x9C4B, 0x9C4B, 0x942A, 0x942A, 0x942A, 0x9C6B, 0x942A, 0x942B, 0x942A, 0x9C4B, 0x9C4A, 0x942A,
    0x9C4A, 0x942A, 0x942A, 0x942A, 0x942A, 0x942A, 0x942A, 0x8C09, 0x942A, 0x942A, 0x940A, 0x944A,
    0x942A, 0x944A, 0x942A, 0x940A, 0x8BC9, 0x8C09, 0x940A, 0x8C09, 0x8C09, 0x8BC8, 0x83A8, 0x6307,
    0x7B87, 0x9409, 0x9409, 0x62A5, 0xEF3C, 0xFFFF, 0xFFFF, 0xFFFF, 0xFFFF, 0xFFFF, 0xFFFF, 0xBDB3,
    0x8388, 0x9429, 0x9C4A, 0x7326, 0x6BEC, 0x83A8, 0x8BE9, 0x8BE9, 0x942A, 0x942A, 0x940A, 0x944A,
    0x942A, 0x9C4B, 0x942A, 0x944B, 0x944B, 0x9C4B, 0x942A, 0x942A, 0x942A, 0x942B, 0x942A, 0x944B,
    0x9C4B, 0x8C0A, 0x9C4B, 0x944A, 0x942A, 0x942A, 0x942A, 0x9409, 0x942A, 0x942A, 0x942A, 0x940A,
    0x942A, 0x9C4B, 0x942A, 0x8BE9, 0x944B, 0x940A, 0x942A, 0x942A, 0x942A, 0x8C09, 0x942A, 0x8BE9,
    0x8BE9, 0x8BC8, 0x83A8, 0x5AC6, 0x8387, 0x9409, 0x940A, 0x62A5, 0xEF3C, 0xFFFF, 0xFFFF, 0xFFFF,
    0xFFFF, 0xFFFF, 0xFFFF, 0xBDB3, 0x83A8, 0x940A, 0x940A, 0x7306, 0x6BED, 0x8BC9, 0x8BE9, 0x8C0A,
    0x942A, 0x942A, 0x9409, 0x944B, 0x942A, 0x942A, 0x9C4B, 0x944B, 0x9C4B, 0x944B, 0x942A, 0x944A,
    0x944B, 0x942A, 0x944B, 0x942A, 0x944B, 0x942A, 0x9C4B, 0x944B, 0x940A, 0x9C4B, 0x944A, 0x942A,
    0x942A, 0x942A, 0x944A, 0x942A, 0x9C4B, 0x942A, 0x942A, 0x942A, 0x942A, 0x942A, 0x944A, 0x942A,
    0x942A, 0x940A, 0x940A, 0x8C09, 0x9409, 0x8BC8, 0x83A8, 0x5B07, 0x83A7, 0x942A, 0x940A, 0x62A5,
    0xE73B, 0xFFFF, 0xFFFF, 0xFFFF, 0xFFFF, 0xFFFF, 0xFFFF, 0xBDB3, 0x83A8, 0x9C4A, 0x940A, 0x7306,
    0x6C0D, 0x8388, 0x9409, 0x942A, 0x942A, 0x944B, 0x942A, 0x942A, 0x940A, 0x942A, 0x944B, 0x942A,
    0x942A, 0x942A, 0x942B, 0x942A, 0x944B, 0x942A, 0x942A, 0x944B, 0x9C8C, 0x9C4B, 0x944B, 0x942A,
    0x942A, 0x942A, 0x942A, 0x944A, 0x942A, 0x942A, 0x940A, 0x942A, 0x942A, 0x942A, 0x942A, 0x942A,
    0x942A, 0x942A, 0x942A, 0x942A, 0x942A, 0x942A, 0x8BE9, 0x8BC9, 0x8BE9, 0x8BE9, 0x83A8, 0x6328,
    0x8387, 0x8C09, 0x942A, 0x62C6, 0xE73B, 0xFFFF, 0xFFFF, 0xFFFF, 0xFFFF, 0xFFFF, 0xFFFF, 0xBDB3,
    0x83A8, 0x942A, 0x944A, 0x7306, 0x63AC, 0x8387, 0x8C09, 0x942A, 0x940A, 0x942A, 0x942A, 0x942A,
    0x942A, 0x944B, 0x942A, 0x944B, 0x944B, 0x9C6B, 0x944B, 0x944B, 0x944B, 0x942A, 0x9C6B, 0x940A,
    0x944B, 0x944B, 0x942A, 0x942A, 0x940A, 0x942A, 0x942A, 0x942A, 0x942A, 0x942A, 0x942A, 0x944A,
    0x942A, 0x944B, 0x942A, 0x940A, 0x942A, 0x940A, 0x942A, 0x940A, 0x8BE9, 0x942A, 0x9409, 0x942A,
    0x8C09, 0x8BE8, 0x83C8, 0x6307, 0x8387, 0x942A, 0x942A, 0x62C6, 0xEF3B, 0xFFFF, 0xFFFF, 0xFFFF,
    0xFFFF, 0xFFFF, 0xFFFF, 0xBDB3, 0x7B68, 0x9C4B, 0x944A, 0x6B06, 0x63AB, 0x8387, 0x8BE9, 0x8BE9,
    0x942A, 0x9409, 0x942A, 0x942A, 0x942A, 0x944B, 0x942A, 0x944B, 0x944B, 0x942A, 0x9C4B, 0x942A,
    0x942A, 0x942A, 0x944B, 0x942A, 0x944B, 0x942A, 0x942A, 0x942A, 0x940A, 0x942A, 0x942A, 0x942A,
    0x942A, 0x942A, 0x942A, 0x940A, 0x8BE9, 0x940A, 0x8C0A, 0x940A, 0x942A, 0x942A, 0x942A, 0x942A,
    0x940A, 0x8BE9, 0x83A9, 0x8BE9, 0x8C09, 0x8BC8, 0x8387, 0x5AC6, 0x8387, 0x942A, 0x942A, 0x62A6,
    0xEF3C, 0xFFFF, 0xFFFF, 0xFFFF, 0xFFFF, 0xFFFF, 0xFFFF, 0xBD93, 0x7B68, 0x9C4B, 0x9C4B, 0x7306,
    0x5B6A, 0x83A7, 0x8BC8, 0x8C09, 0x8C09, 0x942A, 0x942A, 0x942A, 0x8C0A, 0x944B, 0x942A, 0x944B,
    0x944B, 0x944B, 0x942A, 0x942A, 0x942A, 0x940A, 0x8C09, 0x942A, 0x942A, 0x942A, 0x940A, 0x942A,
    0x944B, 0x8C0A, 0x940A, 0x940A, 0x8C09, 0x942A, 0x942A, 0x8C0A, 0x8BEA, 0x942A, 0x940A, 0x942A,
    0x944B, 0x942B, 0x942A, 0x940A, 0x940A, 0x942A, 0x942A, 0x8C09, 0x8BE9, 0x8BC8, 0x7B87, 0x5AC6,
    0x8387, 0x942A, 0x9409, 0x62A6, 0xE73B, 0xFFFF, 0xFFFF, 0xFFFF, 0xFFFF, 0xFFFF, 0xFFFF, 0xBDB3,
    0x8388, 0x942A, 0x8BC8, 0x6AE5, 0x5B6A, 0x8387, 0x8BE9, 0x9429, 0x942A, 0x8BE9, 0x8C09, 0x942A,
    0x944A, 0x944B, 0x8BEA, 0x942A, 0x942A, 0x942A, 0x942A, 0x942A, 0x942B, 0x6AE7, 0x9C8D, 0x9C6D,
    0x942B, 0x9C6C, 0x9C6C, 0x942B, 0x9C8D, 0x9C6D, 0x9C6D, 0x9C8D, 0x9C4C, 0x8BEA, 0x6AE6, 0x942A,
    0x942A, 0x942A, 0x942A, 0x944B, 0x942B, 0x942B, 0x942A, 0x942A, 0x942A, 0x942A, 0x942A, 0x942A,
    0x942A, 0x83A8, 0x83A8, 0x5AE6, 0x8387, 0x9409, 0x9429, 0x62A5, 0xEF3C, 0xFFFF, 0xFFFF, 0xFFFF,
    0xFFFF, 0xFFFF, 0xFFFF, 0xBD93, 0x7B67, 0x942A, 0x944B, 0x6AE5, 0x5BCC, 0x8387, 0x8BE8, 0x8BE9,
    0x9409, 0x942A, 0x940A, 0x8BC9, 0x944A, 0x942A, 0x940A, 0x944A, 0x942A, 0x9C4B, 0x942A, 0x944B,
    0x942A, 0x7B89, 0xA4AE, 0x9C6D, 0x9CAD, 0xA4AE, 0x9C8D, 0x9CAD, 0xA4AE, 0x9C8D, 0x9C8D, 0x9C8D,
    0x9C6D, 0x9CAE, 0x7B69, 0x8C0A, 0x8BC9, 0x942A, 0x942A, 0x942A, 0x942A, 0x942A, 0x942B, 0x942A,
    0x942A, 0x942A, 0x940A, 0x940A, 0x8BE9, 0x8BE9, 0x83A8, 0x52A5, 0x83A7, 0x9409, 0x9409, 0x62A6,
    0xEF3C, 0xFFFF, 0xFFFF, 0xFFFF, 0xFFFF, 0xFFFF, 0xFFFF, 0xBDB3, 0x7B88, 0x942A, 0x942A, 0x7306,
    0x63EC, 0x83A8, 0x8BC8, 0x8BC8, 0x8C09, 0x942A, 0x8C0A, 0x942A, 0x942A, 0x944A, 0x940A, 0x944A,
    0x942A, 0x942A, 0x942A, 0x942A, 0x942A, 0x83AA, 0x9C6C, 0x3164, 0x4A46, 0x9C6D, 0x7BAB, 0x6308,
    0x3184, 0x8C0C, 0x83EC, 0x41E5, 0x39C5, 0x9C8D, 0x7B89, 0x940A, 0x942A, 0x942A, 0x8C0A, 0x8C0A,
    0x942A, 0x942A, 0x8C0A, 0x942A, 0x942A, 0x942A, 0x942A, 0x8C0A, 0x8BE9, 0x8BE9, 0x7B67, 0x52A6,
    0x7B87, 0x9409, 0x9429, 0x62C5, 0xEF3C, 0xFFFF, 0xFFFF, 0xFFFF, 0xFFFF, 0xFFFF, 0xFFFF, 0xBDB3,
    0x8388, 0x944A, 0x944A, 0x7326, 0x6BEC, 0x83A8, 0x8BE9, 0x8BE9, 0x8BC8, 0x8C09, 0x942A, 0x942A,
    0x942A, 0x942A, 0x9409, 0x942A, 0x944B, 0x942A, 0x942A, 0x942A, 0x942A, 0x7BAA, 0x9CAD, 0x7BAA,
    0x6B08, 0x9C6D, 0x8C2C, 0x736A, 0x6B08, 0x8C2C, 0x946D, 0x7BAA, 0x62C8, 0x9C8D, 0x7B89, 0x944B,
    0x942A, 0x942A, 0x942A, 0x944B, 0x942A, 0x942A, 0x942A, 0x942A, 0x942A, 0x942A, 0x8BE9, 0x942A,
    0x8BE9, 0x8BE8, 0x8387, 0x5AC6, 0x83A7, 0x9429, 0x9429, 0x6AE6, 0xEF3B, 0xFFFF, 0xFFFF, 0xFFFF,
    0xFFFF, 0xFFFF, 0xFFFF, 0xBDB3, 0x83A8, 0x942A, 0x944A, 0x6B05, 0x63AB, 0x8387, 0x83C8, 0x8BE9,
    0x942A, 0x8C09, 0x8BE9, 0x9409, 0x942A, 0x942A, 0x9409, 0x942A, 0x942A, 0x944A, 0x944B, 0x942A,
    0x942A, 0x7B69, 0x9C8D, 0x9C6C, 0x9C8D, 0x9C8D, 0x9C6C, 0x9C6D, 0x9C8D, 0x9C8D, 0x9C6D, 0x9C6D,
    0x942B, 0x944C, 0x7348, 0x940A, 0x942A, 0x942A, 0x942A, 0x944A, 0x8C0A, 0x8BEA, 0x942A, 0x8C0A,
    0x8C0A, 0x8C0A, 0x942A, 0x940A, 0x8BE9, 0x8BE9, 0x83C8, 0x5AC6, 0x8387, 0x9429, 0x9429, 0x6AE6,
    0xE73B, 0xFFFF, 0xFFFF, 0xFFFF, 0xFFFF, 0xFFFF, 0xFFFF, 0xBD93, 0x7B88, 0x9429, 0x940A, 0x6B05,
    0x63AB, 0x83A8, 0x8BE9, 0x8C09, 0x940A, 0x8C09, 0x942A, 0x940A, 0x9409, 0x8C09, 0x8C09, 0x942B,
    0x942A, 0x942A, 0x940A, 0x940A, 0x942A, 0x62C6, 0x83C9, 0x83C9, 0x942B, 0x8C0A, 0x942B, 0x942B,
    0x942B, 0x8BEA, 0x8C0A, 0x8BEA, 0x8BEA, 0x83A9, 0x62C6, 0x8C0A, 0x8C0A, 0x942A, 0x942A, 0x8C0A,
    0x8C0A, 0x8C0A, 0x8C0A, 0x8C0A, 0x940A, 0x942A, 0x942B, 0x940A, 0x8C09, 0x8BE9, 0x83A8, 0x4A65,
    0x7B66, 0x9409, 0x9409, 0x62A6, 0xEF3C, 0xFFFF, 0xFFFF, 0xFFFF, 0xFFFF, 0xFFFF, 0xFFFF, 0xBD93,
    0x7327, 0x9409, 0x940A, 0x6B06, 0x63AB, 0x83A8, 0x8BE9, 0x8C09, 0x8BE9, 0x8BE9, 0x8BC8, 0x940A,
    0x8C09, 0x942A, 0x940A, 0x942A, 0x942A, 0x8C09, 0x8C0A, 0x8C0A, 0x942A, 0x8C09, 0x8C09, 0x8C09,
    0x8C0A, 0x942A, 0x942A, 0x942A, 0x942A, 0x8BE9, 0x942A, 0x942A, 0x940A, 0x8C09, 0x8C0A, 0x8C09,
    0x8C0A, 0x8BE9, 0x8C0A, 0x940A, 0x940A, 0x8C0A, 0x8BE9, 0x8BE9, 0x940A, 0x8C0A, 0x8BE9, 0x940A,
    0x8BE9, 0x8BE9, 0x8388, 0x5AC6, 0x7B67, 0x9409, 0x9409, 0x5A85, 0xEF3C, 0xFFFF, 0xFFFF, 0xFFFF,
    0xFFFF, 0xFFFF, 0xFFFF, 0xBD93, 0x7B47, 0x942A, 0x9409, 0x6B06, 0x63AB, 0x7B87, 0x8BC8, 0x8BE9,
    0x8BE9, 0x8BE9, 0x8BE9, 0x8C09, 0x8C09, 0x8C09, 0x8BE9, 0x940A, 0x940A, 0x942A, 0x8C0A, 0x940A,
    0x8C09, 0x8C09, 0x8C09, 0x940A, 0x8C0A, 0x942A, 0x940A, 0x942A, 0x942A, 0x942A, 0x8C09, 0x940A,
    0x942A, 0x8BE9, 0x940A, 0x940A, 0x8C0A, 0x8C09, 0x8BE9, 0x940A, 0x8C0A, 0x8BE9, 0x940A, 0x940A,
    0x8C0A, 0x942A, 0x8BEA, 0x8C0A, 0x8BE9, 0x8BC8, 0x8387, 0x5AE7, 0x8387, 0x9409, 0x8C09, 0x62A6,
    0xEF5C, 0xFFFF, 0xFFFF, 0xFFFF, 0xFFFF, 0xFFFF, 0xFFFF, 0xBD93, 0x7B47, 0x942A, 0x944A, 0x7326,
    0x63EC, 0x8388, 0x8BE9, 0x8C09, 0x8C0A, 0x8BE9, 0x8BE9, 0x8C09, 0x8C0A, 0x8C0A, 0x8C09, 0x940A,
    0x8C0A, 0x8C0A, 0x8C09, 0x942A, 0x940A, 0x8C09, 0x9429, 0x942A, 0x9C4B, 0x942A, 0x942A, 0x942A,
    0x942A, 0x940A, 0x942A, 0x8C09, 0x940A, 0x8C0A, 0x940A, 0x8C09, 0x8C09, 0x8C0A, 0x8C09, 0x8C0A,
    0x8C0A, 0x8BE9, 0x940A, 0x8C0A, 0x8C0A, 0x8C0A, 0x8C0A, 0x8C0A, 0x8C0A, 0x83C8, 0x83C8, 0x6328,
    0x7B67, 0x9409, 0x8C09, 0x62C6, 0xEF5C, 0xFFFF, 0xFFFF, 0xFFFF, 0xFFFF, 0xFFFF, 0xFFFF, 0xBD93,
    0x7B88, 0x8C0A, 0x83A8, 0x7326, 0x63AB, 0x8388, 0x8BC8, 0x8BE9, 0x8BE9, 0x8BE9, 0x83A7, 0x8C0A,
    0x8C0A, 0x8C0A, 0x8C0A, 0x8C09, 0x942A, 0x8C0A, 0x8C0A, 0x8C0A, 0x940A, 0x940A, 0x942A, 0x940A,
    0x942A, 0x942A, 0x942A, 0x942A, 0x942A, 0x940A, 0x8C09, 0x8C09, 0x940A, 0x8C09, 0x8C0A, 0x8BE9,
    0x8C09, 0x8BE9, 0x8C0A, 0x8C0A, 0x8C0A, 0x940A, 0x8C0A, 0x942A, 0x8C09, 0x8BE9, 0x940A, 0x8BE9,
    0x8BE9, 0x8BC9, 0x83A8, 0x5B07, 0x7B66, 0x9409, 0x8C09, 0x62A5, 0xEF3B, 0xFFFF, 0xFFFF, 0xFFFF,
    0xFFFF, 0xFFFF, 0xFFFF, 0xBD93, 0x7B67, 0x8C0A, 0x83A9, 0x6B06, 0x638B, 0x8387, 0x8BE9, 0x8BE9,
    0x8BC8, 0x8C09, 0x8BE9, 0x8C09, 0x8BE9, 0x8BE9, 0x940A, 0x940A, 0x8C09, 0x8BE9, 0x8C09, 0x940A,
    0x8C09, 0x9409, 0x942A, 0x942A, 0x940A, 0x940A, 0x942A, 0x942A, 0x942A, 0x940A, 0x942A, 0x8C09,
    0x8C09, 0x8C09, 0x8C09, 0x8C09, 0x8C0A, 0x940A, 0x8BE9, 0x8C0A, 0x8BEA, 0x8C0A, 0x8C0A, 0x8C0A,
    0x940A, 0x8C0A, 0x8C0A, 0x8BE9, 0x8BE9, 0x83C8, 0x8388, 0x52C7, 0x7B66, 0x9409, 0x9409, 0x62A5,
    0xE73B, 0xFFFF, 0xFFFF, 0xFFFF, 0xFFFF, 0xFFFF, 0xFFFF, 0xBD93, 0x7B88, 0x8C09, 0x8BE9, 0x6B06,
    0x5B4A, 0x83C8, 0x8387, 0x83C8, 0x8BE8, 0x8BE9, 0x8BC8, 0x940A, 0x8BE9, 0x940A, 0x940A, 0x944B,
    0x8C09, 0x8C09, 0x8C0A, 0x8C09, 0x8C09, 0x9409, 0x8C0A, 0x944A, 0x940A, 0x942A, 0x940A, 0x8C09,
    0x942A, 0x942A, 0x8C09, 0x8C0A, 0x8C0A, 0x8C09, 0x8C0A, 0x8C09, 0x942A, 0x8C0A, 0x942A, 0x8C0A,
    0x8C0A, 0x942A, 0x942A, 0x8BE9, 0x8C0A, 0x8BE9, 0x8BE9, 0x8C0A, 0x8BE9, 0x83C8, 0x7B87, 0x4A85,
    0x7B67, 0x8C09, 0x8C09, 0x5A85, 0xE73B, 0xFFFF, 0xFFFF, 0xFFFF, 0xFFFF, 0xFFFF, 0xFFFF, 0xB572,
    0x7327, 0x8BE9, 0x940A, 0x6B26, 0x63AB, 0x83A8, 0x8387, 0x8BE9, 0x8BE9, 0x8BC8, 0x8BE9, 0x940A,
    0x8C0A, 0x8C0A, 0x8C09, 0x8C0A, 0x8C0A, 0x8C0A, 0x944B, 0x8C0A, 0x942A, 0x940A, 0x8BE9, 0x942A,
    0x940A, 0x942A, 0x942A, 0x940A, 0x940A, 0x940A, 0x8C09, 0x9409, 0x8C0A, 0x8C0A, 0x8BE9, 0x8C0A,
    0x942B, 0x8C0A, 0x940A, 0x8BE9, 0x940A, 0x8C0A, 0x8C0A, 0x8C0A, 0x8BE9, 0x8C0A, 0x8BE9, 0x8BE9,
    0x8BE9, 0x83C8, 0x83A8, 0x4A44, 0x7B46, 0x8BE9, 0x8BE9, 0x5AA5, 0xE73B, 0xFFFF, 0xFFFF, 0xFFFF,
    0xFFFF, 0xFFFF, 0xFFFF, 0xB593, 0x7347, 0x8BE9, 0x940A, 0x6B06, 0x638B, 0x7B67, 0x83C8, 0x83A8,
    0x83C8, 0x8BC9, 0x8BE9, 0x8C0A, 0x940A, 0x8BC9, 0x8BE9, 0x8C0A, 0x942A, 0x8BE9, 0x8C09, 0x942A,
    0x8C0A, 0x940A, 0x8C0A, 0x940A, 0x942A, 0x942A, 0x942A, 0x940A, 0x940A, 0x940A, 0x8BE9, 0x8C0A,
    0x8BE9, 0x8BE9, 0x8C0A, 0x8BEA, 0x8BE9, 0x942A, 0x8C0A, 0x8BC9, 0x8C0A, 0x8C0A, 0x8C09, 0x8BEA,
    0x8BE9, 0x8C0A, 0x8BE9, 0x8BE9, 0x8BE9, 0x83C9, 0x83A8, 0x4A44, 0x7B67, 0x8BE9, 0x8C09, 0x5A85,
    0xEF3C, 0xFFFF, 0xFFFF, 0xFFFF, 0xFFFF, 0xFFFF, 0xFFFF, 0xB572, 0x7B88, 0x940A, 0x8C0A, 0x6B06,
    0x63AB, 0x8387, 0x83C8, 0x83A8, 0x8BE9, 0x83A8, 0x8BC9, 0x8BE9, 0x940A, 0x8BC9, 0x8BE9, 0x8C0A,
    0x942A, 0x8BC9, 0x942A, 0x8C0A, 0x942A, 0x8BEA, 0x8C0A, 0x8C0A, 0x940A, 0x8C0A, 0x8C0A, 0x942A,
    0x8C0A, 0x8BE9, 0x8BE9, 0x940A, 0x8C09, 0x8BE9, 0x8C0A, 0x8BE9, 0x8BEA, 0x8C0A, 0x8C0A, 0x8BE9,
    0x8BEA, 0x940A, 0x8BE9, 0x8BE9, 0x8BE9, 0x8BE9, 0x8C09, 0x8BE9, 0x8BE9, 0x83C8, 0x83A8, 0x5265,
    0x7B87, 0x8388, 0x8BE9, 0x5A85, 0xE71B, 0xFFFF, 0xFFFF, 0xFFFF, 0xFFFF, 0xFFFF, 0xFFFF, 0xB593,
    0x7347, 0x8C0A, 0x83A8, 0x6B06, 0x5B8B, 0x7B46, 0x7368, 0x5286, 0x6B07, 0x83C9, 0x8BE9, 0x8BE9,
    0x8C09, 0x83C9, 0x8C0A, 0x8C0A, 0x8C0A, 0x942A, 0x8BE9, 0x8BEA, 0x942A, 0x8C0A, 0x8C0A, 0x942A,
    0x8C0A, 0x940A, 0x8C0A, 0x8C0A, 0x942A, 0x8BE9, 0x8BE9, 0x8C09, 0x8BE9, 0x8C0A, 0x8C0A, 0x940A,
    0x8C0A, 0x942A, 0x8BEA, 0x8BEA, 0x8C0A, 0x8BEA, 0x8BC9, 0x8BE9, 0x8BEA, 0x8C09, 0x8BE9, 0x8BE9,
    0x83C9, 0x8BE9, 0x8388, 0x5285, 0x7B67, 0x8C09, 0x8BE9, 0x5A85, 0xE73B, 0xFFFF, 0xFFFF, 0xFFFF,
    0xFFFF, 0xFFFF, 0xFFFF, 0xBD93, 0x7B67, 0x8BE9, 0x83A8, 0x6AE5, 0x4AE8, 0x7B26, 0x4A45, 0x4226,
    0x39E5, 0x5AA7, 0x62C7, 0x62C7, 0x7348, 0x8BE9, 0x8BE9, 0x8C0A, 0x8C0A, 0x8C09, 0x940A, 0x8C0A,
    0x8C0A, 0x8C0A, 0x8C0A, 0x8BE9, 0x942A, 0x8C0A, 0x8C0A, 0x8C0A, 0x8C0A, 0x8C09, 0x8C0A, 0x8BE9,
    0x8BE9, 0x8C0A, 0x8BE9, 0x942A, 0x940A, 0x8C0A, 0x8BE9, 0x8BE9, 0x8C0A, 0x8BE9, 0x8C09, 0x8BE9,
    0x8BC9, 0x8BE9, 0x8BE9, 0x8BC9, 0x83C9, 0x83A8, 0x8388, 0x52A5, 0x7B46, 0x8BE9, 0x83C8, 0x5A85,
    0xEF3C, 0xFFFF, 0xFFFF, 0xFFFF, 0xFFFF, 0xFFFF, 0xFFFF, 0xB573, 0x7347, 0x8C09, 0x83A8, 0x62C5,
    0x5308, 0x7326, 0x4A45, 0x2943, 0x39A4, 0x5A85, 0x5286, 0x5A86, 0x6B07, 0x8BE9, 0x8BE9, 0x8C0A,
    0x8C0A, 0x940A, 0x8C0A, 0x8C0A, 0x8C0A, 0x8BE9, 0x942A, 0x8C0A, 0x942A, 0x8C0A, 0x942A, 0x8C0A,
    0x83A8, 0x83C8, 0x8BE9, 0x83C9, 0x83C9, 0x8BC9, 0x8BEA, 0x8C0A, 0x8C0A, 0x8C09, 0x8C0A, 0x8BE9,
    0x8BE9, 0x8BE9, 0x8BE9, 0x8BE9, 0x8BE9, 0x8BC9, 0x8BE9, 0x83A8, 0x8BC9, 0x83C8, 0x7B67, 0x5AC6,
    0x7B46, 0x83C8, 0x8BC9, 0x5AA5, 0xE73B, 0xFFFF, 0xFFFF, 0xFFFF, 0xFFFF, 0xFFFF, 0xFFFF, 0xB593,
    0x7B67, 0x8BE9, 0x8BC9, 0x62C6, 0x534A, 0x7347, 0x5A85, 0x41C4, 0x4A03, 0x6AE5, 0x6B06, 0x6AE6,
    0x7B67, 0x8BE9, 0x8BE9, 0x8C0A, 0x8BC9, 0x8BE9, 0x8BE9, 0x8BE9, 0x8C0A, 0x8C0A, 0x8BE9, 0x8BE9,
    0x8C0A, 0x8BE9, 0x8C09, 0x8BE9, 0x8BE9, 0x8BC9, 0x8BE9, 0x8BC9, 0x8BC9, 0x8BE9, 0x8BE9, 0x8C0A,
    0x8BE9, 0x8BC9, 0x8BE9, 0x8BEA, 0x8BE9, 0x8BC9, 0x8BE9, 0x8BE9, 0x83C9, 0x83A8, 0x8BC9, 0x8BE9,
    0x83A8, 0x83A8, 0x7B67, 0x6348, 0x7346, 0x8BC8, 0x8BC9, 0x5A85, 0xE73B, 0xFFFF, 0xFFFF, 0xFFFF,
    0xFFFF, 0xFFFF, 0xFFFF, 0xB593, 0x6B06, 0x8BC9, 0x83C9, 0x5AA5, 0x538B, 0x7B67, 0x7327, 0x62E8,
    0x5265, 0x6AE6, 0x6B06, 0x7327, 0x7B88, 0x8BE9, 0x8BC9, 0x8BE9, 0x8BE9, 0x8BE9, 0x8BE9, 0x8BE9,
    0x8BE9, 0x8BE9, 0x8BE9, 0x8C0A, 0x8C0A, 0x8BE9, 0x8BC9, 0x8BC9, 0x8C09, 0x8BC9, 0x83A8, 0x8BE9,
    0x8BE9, 0x8BEA, 0x8BE9, 0x8BE9, 0x8BC9, 0x83C9, 0x8BC9, 0x8BE9, 0x8BE9, 0x83C9, 0x8BC9, 0x83C9,
    0x83A8, 0x8BE9, 0x83A8, 0x83A8, 0x83A8, 0x83A8, 0x7B67, 0x6348, 0x7347, 0x8BE9, 0x83C9, 0x5A85,
    0xE73B, 0xFFFF, 0xFFFF, 0xFFFF, 0xFFFF, 0xFFFF, 0xFFFF, 0xB572, 0x7327, 0x8BC9, 0x8BC9, 0x62C5,
    0x538B, 0x7347, 0x62C6, 0x4A25, 0x5264, 0x7347, 0x7B68, 0x83A8, 0x83C9, 0x8BC9, 0x8BC9, 0x8BE9,
    0x8BE9, 0x8BC9, 0x8BC9, 0x8BC9, 0x83C9, 0x8BE9, 0x8C0A, 0x8BE9, 0x8BE9, 0x940A, 0x8BE9, 0x83A9,
    0x8BE9, 0x8BE9, 0x8BC9, 0x83C9, 0x8BC9, 0x8BC9, 0x8BE9, 0x83A8, 0x942A, 0x8BE9, 0x8BE9, 0x8BC9,
    0x8BC9, 0x8BC9, 0x83C9, 0x8BC9, 0x8BE9, 0x83A8, 0x83C8, 0x83A8, 0x83A8, 0x8388, 0x7B67, 0x52A6,
    0x7346, 0x8C09, 0x83C8, 0x5A65, 0xEF3C, 0xFFFF, 0xFFFF, 0xFFFF, 0xFFFF, 0xFFFF, 0xFFFF, 0xB572,
    0x6B06, 0x8BE9, 0x8BE9, 0x62C6, 0x536B, 0x7306, 0x5224, 0x39C4, 0x5A86, 0x83A8, 0x83C9, 0x83A8,
    0x83C8, 0x8BE9, 0x8BE9, 0x8BE9, 0x83A8, 0x83A8, 0x8BE9, 0x8BE9, 0x8BC9, 0x8BE9, 0x8BEA, 0x8BE9,
    0x8BE9, 0x8BEA, 0x83A8, 0x8BC9, 0x8BC9, 0x83C8, 0x8BE9, 0x8BC9, 0x8BC9, 0x83C9, 0x8BE9, 0x8BC9,
    0x8BE9, 0x83C9, 0x8BC9, 0x83C9, 0x83C9, 0x8BE9, 0x83C8, 0x83C9, 0x83C9, 0x83A8, 0x83A8, 0x83C9,
    0x83A8, 0x7B88, 0x7B47, 0x4A44, 0x7346, 0x8BE9, 0x7B67, 0x5A85, 0xEF3C, 0xFFFF, 0xFFFF, 0xFFFF,
    0xFFFF, 0xFFFF, 0xFFFF, 0xB573, 0x6B06, 0x8BC9, 0x83C9, 0x62A5, 0x534A, 0x7346, 0x7B67, 0x7326,
    0x7B67, 0x8388, 0x83C9, 0x8BE9, 0x8BC9, 0x8BC9, 0x8BE9, 0x8BC9, 0x83A8, 0x8BE9, 0x8BC9, 0x8BE9,
    0x8BE9, 0x8BE9, 0x8388, 0x8BE9, 0x8C0A, 0x8BE9, 0x8BC9, 0x8BE9, 0x83C9, 0x83C9, 0x83C8, 0x83C9,
    0x83A9, 0x8BC9, 0x8BE9, 0x8BE9, 0x83C9, 0x8BC9, 0x8BE9, 0x8BE9, 0x8BE9, 0x8BC9, 0x8BC9, 0x8BE9,
    0x83C8, 0x83A8, 0x83A8, 0x83A8, 0x83A8, 0x83A8, 0x7326, 0x4A86, 0x7347, 0x8BC9, 0x83A8, 0x5A85,
    0xE73B, 0xFFFF, 0xFFFF, 0xFFFF, 0xFFFF, 0xFFFF, 0xFFFF, 0xB552, 0x6AE6, 0x83C9, 0x8BC9, 0x62C5,
    0x5349, 0x7326, 0x7B67, 0x7305, 0x8388, 0x83A8, 0x83C9, 0x83A8, 0x8BC9, 0x8BC9, 0x83C9, 0x8BE9,
    0x83C8, 0x8BE9, 0x83C8, 0x8BC9, 0x8BC9, 0x8BE9, 0x8BE9, 0x8BE9, 0x8BE9, 0x83C9, 0x8BE9, 0x8BE9,
    0x8BE9, 0x83A8, 0x8BC9, 0x8BC9, 0x83C9, 0x83C9, 0x83A8, 0x83C9, 0x83C9, 0x83C9, 0x8BE9, 0x83C9,
    0x83C9, 0x8BC9, 0x83A8, 0x8BC9, 0x83C9, 0x83C9, 0x83A8, 0x83A8, 0x83A8, 0x8388, 0x7B47, 0x5B48,
    0x7326, 0x83C8, 0x83A8, 0x5A85, 0xE73B, 0xFFFF, 0xFFFF, 0xFFFF, 0xFFFF, 0xFFFF, 0xFFFF, 0xB572,
    0x6AE6, 0x83C9, 0x83C9, 0x62C5, 0x5329, 0x6B05, 0x7347, 0x7346, 0x7B67, 0x83A9, 0x83A8, 0x83A8,
    0x8BC9, 0x83C9, 0x83C8, 0x8BE9, 0x8BE9, 0x83C9, 0x83C9, 0x8BC9, 0x83C9, 0x8BE9, 0x8BE9, 0x8BC9,
    0x8BC9, 0x8BC9, 0x83A9, 0x83C9, 0x8BC9, 0x7B87, 0x83C8, 0x83C8, 0x83C9, 0x83A8, 0x8BC9, 0x8BC9,
    0x8BE9, 0x83C9, 0x83A9, 0x83A8, 0x83C9, 0x83C9, 0x83A8, 0x83C9, 0x7B88, 0x83A8, 0x8388, 0x83C9,
    0x7B67, 0x7B88, 0x7B67, 0x52C6, 0x7326, 0x83A8, 0x83A8, 0x5A85, 0xE73C, 0xFFFF, 0xFFFF, 0xFFFF,
    0xFFFF, 0xFFFF, 0xFFFF, 0xB572, 0x6AE6, 0x83C9, 0x7B88, 0x5AA5, 0x5329, 0x6AE5, 0x7347, 0x7B47,
    0x7326, 0x83A8, 0x83A8, 0x83A8, 0x83A8, 0x83C9, 0x83C8, 0x83C9, 0x83C9, 0x83C9, 0x83C9, 0x8BE9,
    0x8BE9, 0x83C9, 0x83A8, 0x8BC9, 0x8BC9, 0x8BC9, 0x83C9, 0x83A8, 0x8388, 0x83C9, 0x83A8, 0x83A8,
    0x8388, 0x83A8, 0x83A8, 0x83A8, 0x83C9, 0x8388, 0x83C9, 0x8388, 0x8388, 0x83A8, 0x8388, 0x7B88,
    0x83A8, 0x8388, 0x7B68, 0x7B88, 0x7B88, 0x7B67, 0x7347, 0x5AE7, 0x6B06, 0x83C8, 0x83C8, 0x5A85,
    0xE73B, 0xFFFF, 0xFFFF, 0xFFFF, 0xFFFF, 0xFFFF, 0xFFFF, 0xB552, 0x6B06, 0x83C9, 0x83A8, 0x62A5,
    0x4B09, 0x6AC5, 0x7B47, 0x7B47, 0x7B67, 0x83A8, 0x83A8, 0x83C8, 0x7B47, 0x83C9, 0x83A8, 0x83C9,
    0x83C9, 0x8BE9, 0x83A8, 0x83C9, 0x83C9, 0x83C9, 0x8BE9, 0x83A8, 0x8BE9, 0x8BC9, 0x83C9, 0x83C9,
    0x83A8, 0x83A8, 0x83A8, 0x83C9, 0x83A8, 0x83A8, 0x7B88, 0x8388, 0x83C9, 0x7B67, 0x8388, 0x83A8,
    0x83A8, 0x83A8, 0x8388, 0x7B88, 0x7B67, 0x8388, 0x83A8, 0x8388, 0x7B67, 0x7B68, 0x6B06, 0x4A44,
    0x7326, 0x83A8, 0x8388, 0x5A65, 0xEF3C, 0xFFFF, 0xFFFF, 0xFFFF, 0xFFFF, 0xFFFF, 0xFFFF, 0xB552,
    0x6B06, 0x83C9, 0x83C9, 0x62C5, 0x534A, 0x6AE5, 0x7326, 0x7B87, 0x7B46, 0x83A8, 0x83A8, 0x8388,
    0x83A8, 0x83A8, 0x83A8, 0x83C9, 0x83C9, 0x83A8, 0x83A9, 0x83C9, 0x83C9, 0x83C9, 0x83A9, 0x83A9,
    0x83A8, 0x83A8, 0x83C9, 0x83C9, 0x83C9, 0x83A8, 0x83C8, 0x83A8, 0x8388, 0x83C8, 0x8388, 0x83A8,
    0x83A8, 0x83A8, 0x7B67, 0x83A8, 0x83A8, 0x7B67, 0x7B88, 0x7B88, 0x8388, 0x8388, 0x7B67, 0x7B88,
    0x7B68, 0x7326, 0x7326, 0x5265, 0x7306, 0x83A8, 0x7B88, 0x5A65, 0xE73C, 0xFFFF, 0xFFFF, 0xFFFF,
    0xFFFF, 0xFFFF, 0xFFFF, 0xB572, 0x7326, 0x83A8, 0x8388, 0x62C5, 0x536B, 0x7326, 0x7326, 0x7B87,
    0x7B67, 0x83A8, 0x83A8, 0x7B88, 0x83A9, 0x7B88, 0x83A8, 0x83A9, 0x83A8, 0x83C9, 0x83A8, 0x83C9,
    0x83C9, 0x83C9, 0x83A8, 0x83C9, 0x83A8, 0x83A8, 0x83A8, 0x83A9, 0x83A8, 0x83A8, 0x83A8, 0x83C8,
    0x83A8, 0x83A8, 0x7B88, 0x83A8, 0x83A8, 0x7B88, 0x7B88, 0x8388, 0x83A8, 0x8388, 0x8388, 0x7B88,
    0x8388, 0x7B67, 0x7B67, 0x7B47, 0x7B88, 0x7B47, 0x6B06, 0x52A6, 0x7326, 0x83A8, 0x83A8, 0x5264,
    0xEF3C, 0xFFFF, 0xFFFF, 0xFFFF, 0xFFFF, 0xFFFF, 0xFFFF, 0xB572, 0x6B06, 0x7B88, 0x7347, 0x62C5,
    0x534B, 0x7306, 0x7306, 0x7B47, 0x7B47, 0x83A8, 0x8388, 0x7B67, 0x7B88, 0x7B88, 0x83A8, 0x83A8,
    0x83C9, 0x7B88, 0x83A9, 0x83A8, 0x83A8, 0x83A9, 0x83C9, 0x83C9, 0x83A8, 0x83C9, 0x83A9, 0x83A9,
    0x83A8, 0x8388, 0x7306, 0x83A8, 0x7B88, 0x83A8, 0x83A8, 0x8388, 0x7B88, 0x7B88, 0x8388, 0x83A8,
    0x7B67, 0x83A8, 0x7B67, 0x8388, 0x7346, 0x7B67, 0x7B68, 0x7B67, 0x7B47, 0x6AE5, 0x62C5, 0x4AC7,
    0x6B06, 0x8388, 0x7B88, 0x5A65, 0xEF5C, 0xFFFF, 0xFFFF, 0xFFFF, 0xFFFF, 0xFFFF, 0xFFFF, 0xB552,
    0x6B06, 0x8388, 0x83A8, 0x62C6, 0x4B2A, 0x7306, 0x7326, 0x7B67, 0x7B67, 0x83A8, 0x7B67, 0x8388,
    0x83A8, 0x7B88, 0x7B88, 0x83A8, 0x83C9, 0x83C9, 0x83A8, 0x8388, 0x83A8, 0x83A8, 0x83A8, 0x83A8,
    0x83A8, 0x83A8, 0x8388, 0x7B67, 0x7B67, 0x7B67, 0x7326, 0x7B87, 0x8388, 0x7B67, 0x7B88, 0x83A8,
    0x7B67, 0x7B67, 0x7B88, 0x83A8, 0x8388, 0x7B88, 0x7B67, 0x7B87, 0x7B47, 0x7B67, 0x7B88, 0x7B67,
    0x7B67, 0x6AE5, 0x6AE6, 0x42A7, 0x6B06, 0x7B68, 0x7B88, 0x5244, 0xE73C, 0xFFFF, 0xFFFF, 0xFFFF,
    0xFFFF, 0xFFFF, 0xFFFF, 0xAD52, 0x7307, 0x7B88, 0x83A8, 0x5AA6, 0x4B2A, 0x6B06, 0x7B67, 0x7B67,
    0x7B88, 0x7B67, 0x83A8, 0x7B87, 0x7326, 0x8388, 0x8388, 0x7B88, 0x7B88, 0x7B88, 0x83A8, 0x8388,
    0x83A9, 0x7B88, 0x83A8, 0x83A8, 0x7B67, 0x7B88, 0x7B68, 0x7B88, 0x7B68, 0x7B67, 0x7347, 0x8388,
    0x7B68, 0x7B88, 0x7B67, 0x7B87, 0x7346, 0x7B47, 0x7B67, 0x7B87, 0x7B67, 0x7B87, 0x7B67, 0x7B67,
    0x7B46, 0x7B67, 0x7B47, 0x7326, 0x7347, 0x6AC5, 0x6B06, 0x4245, 0x6B06, 0x7B67, 0x7347, 0x5244,
    0xEF3C, 0xFFFF, 0xFFFF, 0xFFFF, 0xFFFF, 0xFFFF, 0xFFFF, 0xAD52, 0x6B06, 0x7B67, 0x7B68, 0x5A85,
    0x4AE9, 0x6B06, 0x7347, 0x7B47, 0x7B67, 0x7B67, 0x7B87, 0x7B88, 0x7B47, 0x7B67, 0x7B47, 0x83A8,
    0x7B88, 0x7B88, 0x7B67, 0x7B47, 0x7B88, 0x7B88, 0x7B88, 0x7B88, 0x7B67, 0x7B67, 0x7B67, 0x7B67,
    0x7B88, 0x7B88, 0x7B47, 0x7B87, 0x7B67, 0x7B87, 0x7B67, 0x7B67, 0x7B87, 0x7346, 0x7B67, 0x7B67,
    0x7B67, 0x7B87, 0x7B67, 0x7306, 0x7346, 0x7B67, 0x7326, 0x62A5, 0x7326, 0x6B05, 0x6AE5, 0x4224,
    0x62E6, 0x7B47, 0x7326, 0x5244, 0xE73C, 0xFFFF, 0xFFFF, 0xFFFF, 0xFFFF, 0xFFFF, 0xFFFF, 0xAD32,
    0x62C5, 0x7B88, 0x7347, 0x5A85, 0x4AE9, 0x6284, 0x7326, 0x7B67, 0x7B67, 0x7B67, 0x7326, 0x7326,
    0x7B47, 0x7B67, 0x83A8, 0x7B67, 0x7B88, 0x7B88, 0x7347, 0x7B88, 0x7B68, 0x7B88, 0x7B67, 0x7B67,
    0x7326, 0x7B68, 0x7B88, 0x7B67, 0x7B67, 0x7B88, 0x7B47, 0x7B67, 0x7B67, 0x7B87, 0x7B67, 0x7326,
    0x7B67, 0x7346, 0x7B47, 0x7B67, 0x7B67, 0x7B47, 0x7346, 0x7305, 0x7326, 0x7347, 0x7B47, 0x6B06,
    0x7306, 0x6AE5, 0x6AE5, 0x52A6, 0x62C6, 0x7B67, 0x7347, 0x5244, 0xE71B, 0xFFFF, 0xFFFF, 0xFFFF,
    0xFFFF, 0xFFFF, 0xFFFF, 0xAD32, 0x6AE5, 0x7B87, 0x7B68, 0x5A85, 0x4B2A, 0x62A5, 0x7326, 0x7326,
    0x7347, 0x7347, 0x7B47, 0x7346, 0x7326, 0x7347, 0x7B88, 0x7B67, 0x7B67, 0x7B47, 0x7B67, 0x7B88,
    0x7B67, 0x7B47, 0x7B67, 0x7B67, 0x7326, 0x7B67, 0x7347, 0x7B47, 0x7B67, 0x7B47, 0x7B47, 0x7B67,
    0x7347, 0x7347, 0x7B67, 0x7346, 0x7B67, 0x7B67, 0x7326, 0x7347, 0x7B47, 0x7B47, 0x7346, 0x7326,
    0x7326, 0x7326, 0x7326, 0x7326, 0x6AE6, 0x6AE5, 0x6AE5, 0x42A6, 0x62E6, 0x7B67, 0x7326, 0x5224,
    0xE73B, 0xFFFF, 0xFFFF, 0xFFFF, 0xFFFF, 0xFFFF, 0xFFFF, 0xAD32, 0x6AE6, 0x7347, 0x62C5, 0x5AA5,
    0x536B, 0x62A5, 0x6B06, 0x7346, 0x7326, 0x7347, 0x7326, 0x7326, 0x7B67, 0x7B87, 0x7B67, 0x7B67,
    0x7B67, 0x7B67, 0x7347, 0x7347, 0x7B67, 0x7B67, 0x7B88, 0x7B67, 0x7326, 0x7B67, 0x7B67, 0x7B67,
    0x7326, 0x7347, 0x7347, 0x7347, 0x7B67, 0x7B47, 0x7B67, 0x6AE5, 0x7347, 0x7326, 0x7346, 0x7346,
    0x7346, 0x7B47, 0x7B67, 0x7326, 0x7B67, 0x7326, 0x7326, 0x6B06, 0x7326, 0x6AE5, 0x6AE6, 0x42E8,
    0x6AE6, 0x7B68, 0x7347, 0x4A24, 0xE73B, 0xFFFF, 0xFFFF, 0xFFFF, 0xFFFF, 0xFFFF, 0xFFFF, 0xAD31,
    0x6AE6, 0x7B67, 0x7B68, 0x5265, 0x4B8B, 0x6AC5, 0x6B06, 0x6B06, 0x7326, 0x7326, 0x7326, 0x7326,
    0x7347, 0x7B47, 0x7B67, 0x7B47, 0x7347, 0x7347, 0x7347, 0x7347, 0x7B67, 0x7B47, 0x7347, 0x7B67,
    0x7306, 0x7347, 0x7347, 0x7326, 0x7347, 0x7326, 0x7B47, 0x7347, 0x7347, 0x7347, 0x7B67, 0x6AE5,
    0x7347, 0x7306, 0x7346, 0x7B67, 0x7346, 0x7326, 0x6B06, 0x7326, 0x7347, 0x7326, 0x7326, 0x6B06,
    0x7327, 0x6B06, 0x6AE5, 0x3A86, 0x62E6, 0x7347, 0x7B47, 0x4A24, 0xE71B, 0xFFFF, 0xFFFF, 0xFFFF,
    0xFFFF, 0xFFFF, 0xFFFF, 0xAD32, 0x62C6, 0x7326, 0x7B47, 0x5264, 0x5BCC, 0x62C5, 0x7326, 0x62A5,
    0x6B06, 0x6B06, 0x7B47, 0x6B06, 0x7326, 0x7326, 0x7347, 0x7B67, 0x7347, 0x7347, 0x7326, 0x7327,
    0x7B47, 0x7B47, 0x7326, 0x7347, 0x7326, 0x7326, 0x7347, 0x7326, 0x7347, 0x7B67, 0x7347, 0x7347,
    0x7B67, 0x6B06, 0x7327, 0x6AC5, 0x7306, 0x7326, 0x7326, 0x7327, 0x7306, 0x7B47, 0x7326, 0x7326,
    0x7326, 0x6B06, 0x7326, 0x7326, 0x6AE6, 0x6AE6, 0x62A5, 0x4287, 0x62A5, 0x7327, 0x7306, 0x5244,
    0xE71B, 0xFFFF, 0xFFFF, 0xFFFF, 0xFFFF, 0xFFFF, 0xFFFF, 0xA511, 0x5224, 0x7327, 0x7347, 0x5244,
    0x4B6B, 0x62A4, 0x6AE6, 0x6AE5, 0x6B06, 0x6AE5, 0x6B06, 0x6B06, 0x7347, 0x7326, 0x7347, 0x7347,
    0x7327, 0x6B06, 0x6B06, 0x7327, 0x7326, 0x7327, 0x7326, 0x7347, 0x7327, 0x7306, 0x7326, 0x7326,
    0x7326, 0x7326, 0x7327, 0x7326, 0x7326, 0x7326, 0x7326, 0x6AE5, 0x6B06, 0x7306, 0x6B06, 0x7326,
    0x6AE5, 0x6AE6, 0x7326, 0x7306, 0x5A84, 0x6B06, 0x6AE6, 0x6B06, 0x6B06, 0x6AE6, 0x5A64, 0x3205,
    0x5AA5, 0x7B67, 0x6B06, 0x4A04, 0xE71B, 0xFFFF, 0xFFFF, 0xFFFF, 0xFFFF, 0xFFFF, 0xFFFF, 0xAD31,
    0x5A65, 0x6B06, 0x7347, 0x5285, 0x4BAD, 0x5A84, 0x62A4, 0x62C5, 0x6B06, 0x6AE5, 0x7326, 0x6AE6,
    0x7327, 0x6AC5, 0x7347, 0x6AE6, 0x7326, 0x7326, 0x62C5, 0x7326, 0x7326, 0x7327, 0x7326, 0x7326,
    0x6B06, 0x7327, 0x7306, 0x7306, 0x6B06, 0x7347, 0x7327, 0x7306, 0x7327, 0x7327, 0x6B06, 0x62C5,
    0x6B06, 0x6B06, 0x7326, 0x6B06, 0x6AE6, 0x7326, 0x7326, 0x7327, 0x6B06, 0x6B06, 0x6AE5, 0x6B06,
    0x6AE5, 0x6AE6, 0x5A85, 0x29E4, 0x5AA6, 0x7306, 0x6B06, 0x4A03, 0xE71B, 0xFFFF, 0xFFFF, 0xFFFF,
    0xFFFF, 0xFFFF, 0xFFFF, 0xA4F1, 0x5A85, 0x6B06, 0x6B06, 0x5264, 0x53CD, 0x5244, 0x5A64, 0x6284,
    0x6AE5, 0x6AE5, 0x6AE6, 0x6B06, 0x6B06, 0x6AE5, 0x7347, 0x7306, 0x7327, 0x7306, 0x7326, 0x7306,
    0x6AC5, 0x7306, 0x7306, 0x6AE5, 0x6B06, 0x6B06, 0x7326, 0x6AE6, 0x7326, 0x6B06, 0x7327, 0x6B06,
    0x7327, 0x7326, 0x62C5, 0x6AC5, 0x6AE6, 0x6AE5, 0x6AE6, 0x6B06, 0x6AE6, 0x7326, 0x6B06, 0x5A64,
    0x6AC5, 0x62A4, 0x6AE6, 0x6AE6, 0x62C5, 0x62C5, 0x5A64, 0x3204, 0x5285, 0x6AE6, 0x7327, 0x49E3,
    0xE71B, 0xFFFF, 0xFFFF, 0xFFFF, 0xFFFF, 0xFFFF, 0xFFFF, 0xA4F1, 0x5A85, 0x6AE6, 0x6AE6, 0x5265,
    0x434B, 0x5A84, 0x5A43, 0x6284, 0x6AC5, 0x6AC5, 0x62C5, 0x6B06, 0x6B06, 0x62A4, 0x6AE6, 0x6B06,
    0x6B06, 0x6B06, 0x6AE5, 0x6AE6, 0x6AC5, 0x6B06, 0x6AE5, 0x7306, 0x6B06, 0x7306, 0x6AC5, 0x6AE5,
    0x7327, 0x6B06, 0x6B06, 0x6AE6, 0x6B06, 0x7326, 0x62C5, 0x6AE5, 0x62C5, 0x62C5, 0x6AE5, 0x6AE6,
    0x6AE6, 0x6AE5, 0x5A84, 0x6AE5, 0x6AE6, 0x62C5, 0x62A5, 0x6B06, 0x62C5, 0x6284, 0x5223, 0x31C3,
    0x5265, 0x6AE6, 0x6AE6, 0x4A04, 0xE6FB, 0xFFFF, 0xFFFF, 0xFFFF, 0xFFFF, 0xFFFF, 0xFFFF, 0xA4F1,
    0x5A64, 0x7306, 0x6AE6, 0x4A24, 0x3AC9, 0x5223, 0x5243, 0x5A64, 0x6AE5, 0x6AC5, 0x5A84, 0x62A5,
    0x62A5, 0x5A64, 0x62A5, 0x6AE6, 0x6AE5, 0x62C5, 0x62C5, 0x6AE5, 0x62C5, 0x62C5, 0x6AE5, 0x6AE6,
    0x6AE5, 0x6AC5, 0x6AC5, 0x62C4, 0x6AE6, 0x62C5, 0x62C5, 0x6AE6, 0x6AE6, 0x6B06, 0x6AE6, 0x62C5,
    0x62C5, 0x6AE6, 0x6AE5, 0x62C5, 0x5264, 0x62C5, 0x6AE6, 0x62A4, 0x5A84, 0x62C5, 0x62A5, 0x62A5,
    0x62A5, 0x5A84, 0x5A64, 0x31C3, 0x5A85, 0x6AC6, 0x6AE6, 0x4A04, 0xE71B, 0xFFFF, 0xFFFF, 0xFFFF,
    0xFFFF, 0xFFFF, 0xFFFF, 0xA4F1, 0x5A85, 0x62C5, 0x5A84, 0x4A03, 0x3AEA, 0x5223, 0x5223, 0x49E2,
    0x62A4, 0x5A84, 0x6284, 0x62A5, 0x62A5, 0x5A43, 0x62C5, 0x62A5, 0x62C5, 0x62C5, 0x62A4, 0x6AE6,
    0x62C5, 0x6B06, 0x62C5, 0x62C5, 0x62C5, 0x6AC5, 0x6AE5, 0x6AE5, 0x62C5, 0x62C5, 0x6B06, 0x62C5,
    0x62C5, 0x62E6, 0x62C5, 0x62C5, 0x62C5, 0x62A5, 0x62A5, 0x62C5, 0x62A5, 0x62E5, 0x5A84, 0x5243,
    0x5A64, 0x6285, 0x62A5, 0x5A64, 0x5A85, 0x4A03, 0x49E2, 0x31A3, 0x5244, 0x6AE6, 0x62E6, 0x41E3,
    0xDEFB, 0xFFFF, 0xFFFF, 0xFFFF, 0xFFFF, 0xFFFF, 0xFFFF, 0x9CD0, 0x5AA5, 0x6AE6, 0x5A84, 0x41E3,
    0x32C9, 0x49E2, 0x49E2, 0x49E2, 0x5243, 0x5223, 0x62A5, 0x5243, 0x5A85, 0x5202, 0x5A64, 0x5A84,
    0x62A5, 0x62C5, 0x62A5, 0x5AA5, 0x62C5, 0x62C5, 0x62C5, 0x62A5, 0x62A5, 0x5A43, 0x6284, 0x62A5,
    0x5A84, 0x62C5, 0x62A5, 0x5A84, 0x62A5, 0x5A84, 0x5A64, 0x5A84, 0x5AA5, 0x5AA5, 0x62A5, 0x5A84,
    0x5203, 0x5243, 0x62A5, 0x5202, 0x5244, 0x5A84, 0x5A84, 0x4A02, 0x5223, 0x5243, 0x49E2, 0x2983,
    0x5223, 0x62A5, 0x62C6, 0x41C3, 0xDEDA, 0xFFFF, 0xFFFF, 0xFFFF, 0xFFFF, 0xFFFF, 0xFFFF, 0x9CB0,
    0x5224, 0x62C5, 0x5223, 0x39C3, 0x3B0B, 0x39C3, 0x4A03, 0x3981, 0x41C2, 0x41C2, 0x4A23, 0x41C2,
    0x41E2, 0x41A2, 0x4A03, 0x41A2, 0x41C2, 0x4A23, 0x5244, 0x5224, 0x5A85, 0x5285, 0x5264, 0x5244,
    0x5264, 0x4A03, 0x4A03, 0x5243, 0x5A85, 0x5244, 0x5265, 0x4A03, 0x5A85, 0x41E2, 0x4A03, 0x5243,
    0x5223, 0x41A2, 0x5223, 0x5264, 0x49C2, 0x49E3, 0x4A03, 0x41C2, 0x49E2, 0x41C2, 0x49E3, 0x41A2,
    0x41C2, 0x41C3, 0x41C2, 0x2983, 0x41E3, 0x5A64, 0x62A5, 0x3162, 0xDEFB, 0xFFFF, 0xFFFF, 0xFFFF,
    0xFFFF, 0xFFFF, 0xFFFF, 0x9CB0, 0x41C3, 0x41E3, 0x4A24, 0x39C3, 0x29A3, 0x29E5, 0x29C4, 0x29E4,
    0x29E5, 0x3205, 0x29E4, 0x31E4, 0x3226, 0x3246, 0x3226, 0x3205, 0x3246, 0x3225, 0x3266, 0x3225,
    0x3246, 0x3246, 0x3225, 0x3A66, 0x3246, 0x3226, 0x3225, 0x3225, 0x3225, 0x3226, 0x3246, 0x3226,
    0x3267, 0x3246, 0x3287, 0x3267, 0x3246, 0x3246, 0x3226, 0x2A26, 0x3246, 0x3246, 0x3225, 0x3225,
    0x2A05, 0x29E4, 0x3205, 0x3205, 0x2A05, 0x2A05, 0x29E4, 0x31A4, 0x41E3, 0x4A24, 0x4A04, 0x3162,
    0xDEFB, 0xFFFF, 0xFFFF, 0xFFFF,
};
#define TEXTURE_DOOR_MIP2_SIZE 32
static const uint16_t TEXTURE_DOOR_MIP2_PIXELS[1024] __attribute__((aligned(16))) = {
    0xFFFF, 0xDED9, 0x83A8, 0x8BE9, 0x9429, 0x942A, 0x944A, 0x942A, 0x944A, 0x944A, 0x944B, 0x944B,
    0x944B, 0x944B, 0x9C4B, 0x944A, 0x944A, 0x942A, 0x942A, 0x942A, 0x942A, 0x942A, 0x940A, 0x940A,
    0x942A, 0x8C0A, 0x940A, 0x8C09, 0x8BE9, 0x7B68, 0xF79D, 0xFFFF, 0xFFFF, 0xDED9, 0x83C9, 0x6AE6,
    0x4A45, 0x5285, 0x52C6, 0x5AE7, 0x5B08, 0x6307, 0x62E7, 0x6307, 0x5AC6, 0x6307, 0x6307, 0x62E7,
    0x5AC6, 0x6307, 0x5B07, 0x5AE7, 0x62C6, 0x5AA6, 0x5AE7, 0x5AE7, 0x5AC6, 0x5AC6, 0x52A6, 0x4A65,
    0x6B07, 0x7B68, 0xF79D, 0xFFFF, 0xFFFF, 0xDED9, 0x8BE9, 0x7327, 0x4A66, 0x62A5, 0x6B06, 0x7326,
    0x7B67, 0x7347, 0x7B67, 0x7B67, 0x7B88, 0x7B68, 0x7B68, 0x7B67, 0x7B47, 0x7347, 0x7326, 0x7347,
    0x7347, 0x7347, 0x7347, 0x7347, 0x6B06, 0x6AE6, 0x62C5, 0x4A44, 0x7B67, 0x7B67, 0xF79E, 0xFFFF,
    0xFFFF, 0xDED9, 0x8BE9, 0x7B67, 0x6B48, 0x8BC8, 0x8BE9, 0x9429, 0x9429, 0x942A, 0x9C4A, 0x944A,
    0x944B, 0x944B, 0x944A, 0x944A, 0x9409, 0x9429, 0x9409, 0x9409, 0x9409, 0x942A, 0x942A, 0x942A,
    0x8C09, 0x8BE9, 0x83A8, 0x62E6, 0x83A8, 0x7B67, 0xF79D, 0xFFFF, 0xFFFF, 0xDED9, 0x8BE9, 0x7B87,
    0x7389, 0x8C09, 0x942A, 0x944A, 0x9429, 0x944A, 0x944A, 0x944A, 0x942A, 0x9C4B, 0x9C4B, 0x942A,
    0x942A, 0x9429, 0x942A, 0x942A, 0x9429, 0x942A, 0x8C09, 0x940A, 0x8C09, 0x8BE9, 0x8BE9, 0x6B27,
    0x83A7, 0x7B67, 0xF79D, 0xFFFF, 0xFFFF, 0xDED9, 0x8BC9, 0x8388, 0x73CA, 0x8BE9, 0x942A, 0x942A,
    0x942A, 0x942A, 0x944B, 0x942A, 0x942B, 0x942A, 0x942A, 0x944A, 0x942A, 0x942A, 0x942A, 0x940A,
    0x942A, 0x940A, 0x942A, 0x942A, 0x8BE9, 0x9409, 0x8BE9, 0x7347, 0x8BC8, 0x7B67, 0xF79D, 0xFFFF,
    0xFFFF, 0xDED9, 0x8BE9, 0x8388, 0x73CB, 0x8C09, 0x942A, 0x942A, 0x942A, 0x944A, 0x944B, 0x942A,
    0x942A, 0x942B, 0x944B, 0x944A, 0x942A, 0x942A, 0x942A, 0x942A, 0x942A, 0x942A, 0x942A, 0x942A,
    0x942A, 0x8BE9, 0x8BE9, 0x7347, 0x8BC8, 0x7B68, 0xF79D, 0xFFFF, 0xFFFF, 0xDED9, 0x8BE9, 0x83A8,
    0x73A9, 0x8C09, 0x942A, 0x942A, 0x942A, 0x942A, 0x944B, 0x944B, 0x942A, 0x942A, 0x942A, 0x942A,
    0x942A, 0x942A, 0x942A, 0x942A, 0x942A, 0x940A, 0x942A, 0x942A, 0x8C09, 0x8BE9, 0x8BE9, 0x7347,
    0x8BC8, 0x7B68, 0xF79D, 0xFFFF, 0xFFFF, 0xDED9, 0x8BE9, 0x7B88, 0x7389, 0x8BE9, 0x940A, 0x940A,
    0x942A, 0x942A, 0x942A, 0x942A, 0x8BC9, 0x944B, 0x942B, 0x942B, 0x944B, 0x944B, 0x940A, 0x83C9,
    0x940A, 0x942A, 0x942B, 0x942A, 0x942A, 0x942A, 0x8BE9, 0x6B27, 0x8BC8, 0x7B67, 0xF79D, 0xFFFF,
    0xFFFF, 0xDED9, 0x8BC9, 0x8388, 0x73AA, 0x8BC8, 0x9409, 0x8C09, 0x942A, 0x942A, 0x942A, 0x942A,
    0x8BCA, 0x83AB, 0x8C0C, 0x83EC, 0x7BAB, 0x7BAB, 0x83CB, 0x83C9, 0x940A, 0x940A, 0x942A, 0x942A,
    0x942A, 0x940A, 0x8BE9, 0x6B06, 0x8BC8, 0x7B67, 0xF79D, 0xFFFF, 0xFFFF, 0xDED9, 0x8BE9, 0x83A8,
    0x73A9, 0x8BE9, 0x8C09, 0x940A, 0x942A, 0x942A, 0x942A, 0x942A, 0x83CA, 0x944C, 0x8C2C, 0x8C0C,
    0x8C0B, 0x942C, 0x8BEB, 0x83C9, 0x942A, 0x942A, 0x940A, 0x940A, 0x940A, 0x940A, 0x8BE9, 0x6B27,
    0x8BC8, 0x7B88, 0xF79D, 0xFFFF, 0xFFFF, 0xDEB9, 0x83A8, 0x7B87, 0x73A9, 0x8BE9, 0x8BE9, 0x8C09,
    0x8C09, 0x940A, 0x940A, 0x8C0A, 0x83C9, 0x8BE9, 0x8C0A, 0x942A, 0x8C0A, 0x8C0A, 0x8BE9, 0x83A9,
    0x8C0A, 0x940A, 0x8C0A, 0x8BE9, 0x940A, 0x8C0A, 0x8BE9, 0x6B06, 0x8BC8, 0x7B47, 0xF79D, 0xFFFF,
    0xFFFF, 0xDEB9, 0x83A8, 0x8388, 0x73A9, 0x8BE9, 0x8BE9, 0x8BE9, 0x8C09, 0x8C09, 0x8C0A, 0x8C0A,
    0x8C09, 0x940A, 0x942A, 0x942A, 0x942A, 0x940A, 0x8C0A, 0x8C0A, 0x8C09, 0x8C0A, 0x8C09, 0x8C0A,
    0x8C0A, 0x8C0A, 0x8BE9, 0x7347, 0x8BC8, 0x7347, 0xF79D, 0xFFFF, 0xFFFF, 0xDED9, 0x83C9, 0x7B67,
    0x7389, 0x8BC8, 0x8BE9, 0x8BE9, 0x8BE9, 0x8C0A, 0x8C0A, 0x8C0A, 0x8C09, 0x942A, 0x942A, 0x942A,
    0x942A, 0x8C09, 0x8C09, 0x8C09, 0x8C09, 0x8C0A, 0x8C0A, 0x8C0A, 0x8C0A, 0x8BE9, 0x8BE9, 0x6B47,
    0x83A8, 0x7347, 0xF79D, 0xFFFF, 0xFFFF, 0xDEB9, 0x83A8, 0x7B88, 0x7389, 0x83A8, 0x8BE9, 0x8BE9,
    0x8C0A, 0x940A, 0x8C0A, 0x940A, 0x940A, 0x8C0A, 0x940A, 0x940A, 0x942A, 0x8C09, 0x8C0A, 0x8C09,
    0x940A, 0x8C0A, 0x8C0A, 0x8C0A, 0x8BE9, 0x8BE9, 0x8BC9, 0x6306, 0x83A8, 0x7347, 0xF79D, 0xFFFF,
    0xFFFF, 0xDEB9, 0x83A8, 0x7B88, 0x7389, 0x83A8, 0x83C8, 0x8BE9, 0x8BE9, 0x8C09, 0x8C0A, 0x940A,
    0x8C0A, 0x8C0A, 0x940A, 0x940A, 0x8C0A, 0x8C0A, 0x8BE9, 0x8BEA, 0x8C0A, 0x8BEA, 0x8C0A, 0x8BE9,
    0x8BE9, 0x8BE9, 0x8BC9, 0x6B06, 0x83A8, 0x7347, 0xF79D, 0xFFFF, 0xFFFF, 0xDEB9, 0x83A8, 0x7347,
    0x6328, 0x5286, 0x62C7, 0x7368, 0x83C9, 0x8C0A, 0x8C0A, 0x8C0A, 0x8C0A, 0x8C0A, 0x8C0A, 0x8C0A,
    0x8C0A, 0x8BE9, 0x8BE9, 0x8C0A, 0x8C0A, 0x8BE9, 0x8C0A, 0x8BE9, 0x8BE9, 0x8BE9, 0x83C8, 0x6B06,
    0x83A7, 0x7327, 0xF79D, 0xFFFF, 0xFFFF, 0xDEB9, 0x83A8, 0x7347, 0x6328, 0x4204, 0x5244, 0x62C6,
    0x7B88, 0x8C0A, 0x8BE9, 0x8BE9, 0x8C0A, 0x8C0A, 0x8C0A, 0x8C0A, 0x8BC9, 0x8BE9, 0x8BE9, 0x8BE9,
    0x8BE9, 0x8BEA, 0x8BE9, 0x8BE9, 0x83C9, 0x8BC9, 0x83C8, 0x6B27, 0x7B87, 0x7327, 0xF79D, 0xFFFF,
    0xFFFF, 0xDEB9, 0x7B68, 0x7347, 0x6369, 0x62C6, 0x62A5, 0x7347, 0x83C8, 0x8BE9, 0x8BE9, 0x8BE9,
    0x8BE9, 0x8C0A, 0x8BEA, 0x8BC9, 0x8BE9, 0x83C9, 0x8BE9, 0x8BC9, 0x8BE9, 0x8BC9, 0x8BC9, 0x83C9,
    0x83C9, 0x83A8, 0x83A8, 0x6B27, 0x83A8, 0x7327, 0xF79D, 0xFFFF, 0xFFFF, 0xDEB9, 0x7B68, 0x7347,
    0x6348, 0x5AA5, 0x7347, 0x83C9, 0x8BC9, 0x8BE9, 0x83C9, 0x8BE9, 0x8BE9, 0x8BC9, 0x8BE9, 0x83C9,
    0x83C9, 0x83C9, 0x83C9, 0x8BE9, 0x8BC9, 0x8BC9, 0x8BC9, 0x83C9, 0x83A8, 0x83A8, 0x83A8, 0x62C6,
    0x8387, 0x6B06, 0xF79D, 0xFFFF, 0xFFFF, 0xDEB9, 0x7B47, 0x7347, 0x6328, 0x7326, 0x8388, 0x83A8,
    0x83C9, 0x8BC9, 0x8BC9, 0x83C9, 0x8BC9, 0x8BE9, 0x8BC9, 0x83C9, 0x83A8, 0x83C9, 0x83C9, 0x83C9,
    0x83C9, 0x83C9, 0x83C9, 0x83A9, 0x83A8, 0x83A8, 0x7B88, 0x6B27, 0x7B67, 0x7326, 0xF79D, 0xFFFF,
    0xFFFF, 0xDEB9, 0x7B67, 0x7326, 0x5B07, 0x7B47, 0x7B67, 0x83A8, 0x83A8, 0x83A8, 0x83C9, 0x83C9,
    0x83C9, 0x83C9, 0x8BC9, 0x83C9, 0x83A8, 0x83A8, 0x83A8, 0x8388, 0x83A8, 0x83A8, 0x83A8, 0x7B88,
    0x8388, 0x7B88, 0x7B67, 0x62C6, 0x7B67, 0x6B06, 0xF79D, 0xFFFF, 0xFFFF, 0xD6B9, 0x7B67, 0x7327,
    0x6328, 0x7B47, 0x7B87, 0x8388, 0x83A8, 0x83A8, 0x83A9, 0x83A9, 0x83C9, 0x83A9, 0x83A8, 0x83A8,
    0x83A8, 0x83A8, 0x83A8, 0x83A8, 0x83A8, 0x7B88, 0x7B88, 0x7B88, 0x7B88, 0x7B67, 0x7B67, 0x62C6,
    0x7B67, 0x6AE6, 0xF79D, 0xFFFF, 0xFFFF, 0xD6B9, 0x7347, 0x6B26, 0x5B28, 0x7346, 0x7B87, 0x7B87,
    0x7B88, 0x83A8, 0x83A9, 0x83A8, 0x83A8, 0x83A8, 0x83A8, 0x8388, 0x7B88, 0x7B47, 0x7B88, 0x8388,
    0x7B67, 0x8388, 0x8388, 0x7B67, 0x7B47, 0x7B67, 0x7326, 0x5AC6, 0x7347, 0x6AE6, 0xF79D, 0xFFFF,
    0xFFFF, 0xD698, 0x7347, 0x6B06, 0x5B07, 0x7B67, 0x7B67, 0x7B88, 0x7B47, 0x7B88, 0x7B88, 0x7B88,
    0x7B88, 0x7B88, 0x7B68, 0x7B67, 0x7B67, 0x7B67, 0x7B67, 0x7B67, 0x7B47, 0x7B67, 0x7B67, 0x7B47,
    0x7B47, 0x7326, 0x7306, 0x5A85, 0x7326, 0x62A5, 0xF79D, 0xFFFF, 0xFFFF, 0xD698, 0x7326, 0x6AE6,
    0x52C7, 0x7326, 0x7B47, 0x7326, 0x7347, 0x7B88, 0x7B67, 0x7B68, 0x7B67, 0x7B67, 0x7B47, 0x7B67,
    0x7B67, 0x7B47, 0x7B67, 0x7347, 0x7B47, 0x7B47, 0x7B47, 0x7326, 0x7326, 0x7326, 0x6AE5, 0x5AC6,
    0x6B06, 0x62A5, 0xF79D, 0xFFFF, 0xFFFF, 0xD698, 0x7326, 0x62C6, 0x5B08, 0x6B06, 0x7326, 0x7326,
    0x7B67, 0x7B67, 0x7B47, 0x7347, 0x7B67, 0x7B67, 0x7346, 0x7347, 0x7346, 0x7347, 0x7347, 0x7326,
    0x7326, 0x7346, 0x7346, 0x7326, 0x7326, 0x6B06, 0x7306, 0x52C6, 0x7327, 0x62A5, 0xF79D, 0xFFFF,
    0xFFFF, 0xD698, 0x62C6, 0x62C6, 0x5B28, 0x6AE5, 0x6B06, 0x7306, 0x7326, 0x7347, 0x7327, 0x7326,
    0x7347, 0x7326, 0x7326, 0x7326, 0x7327, 0x7347, 0x7326, 0x6B06, 0x7306, 0x7326, 0x6B06, 0x7326,
    0x6AE5, 0x6B06, 0x6AE6, 0x4A65, 0x6AE6, 0x5A85, 0xF77D, 0xFFFF, 0xFFFF, 0xD678, 0x62C5, 0x62C6,
    0x5308, 0x62A4, 0x6AE5, 0x6B06, 0x6AE6, 0x7326, 0x7326, 0x6B06, 0x6B06, 0x7306, 0x6B06, 0x7306,
    0x7326, 0x7326, 0x7326, 0x6AE5, 0x6AE6, 0x6B06, 0x6B06, 0x6AE6, 0x6AE5, 0x6AE6, 0x62C5, 0x4224,
    0x62C6, 0x5A85, 0xEF7D, 0xFFFF, 0xFFFF, 0xD678, 0x62A5, 0x5A85, 0x4AA7, 0x5A64, 0x6AC5, 0x62C5,
    0x62A5, 0x6AE5, 0x6AE6, 0x6AE5, 0x6AE5, 0x6AE6, 0x6AE6, 0x6AC5, 0x6AE6, 0x6AE6, 0x6B06, 0x62C5,
    0x62C5, 0x6AE5, 0x62A5, 0x62A5, 0x62C5, 0x62C5, 0x6285, 0x4203, 0x62A5, 0x5A65, 0xEF7D, 0xFFFF,
    0xFFFF, 0xCE78, 0x62A5, 0x5244, 0x4266, 0x49E2, 0x5A64, 0x5A84, 0x5A64, 0x5AA5, 0x62C5, 0x62A5,
    0x62E6, 0x62C5, 0x62A5, 0x62C5, 0x62C5, 0x62C5, 0x62A5, 0x62A5, 0x62A5, 0x62A5, 0x5A64, 0x5A64,
    0x5A64, 0x5A64, 0x5243, 0x39C2, 0x5A84, 0x5264, 0xEF7D, 0xFFFF, 0xFFFF, 0xCE58, 0x4A24, 0x41E3,
    0x3205, 0x31C3, 0x39E3, 0x39E4, 0x3A04, 0x3A04, 0x3A04, 0x4245, 0x4265, 0x4245, 0x4225, 0x4224,
    0x4245, 0x4225, 0x4245, 0x4245, 0x3A04, 0x4225, 0x3A04, 0x3A04, 0x39E3, 0x39E3, 0x39E4, 0x31A3,
    0x4A04, 0x41E3, 0xEF7D, 0xFFFF,
};
#define TEXTURE_DOOR_MIP3_SIZE 16
static const uint16_t TEXTURE_DOOR_MIP3_PIXELS[256] __attribute__((aligned(16))) = {
    0xEF5C, 0x8388, 0x7347, 0x7388, 0x7BA9, 0x7BA9, 0x7B88, 0x7BA9, 0x7B88, 0x7B89, 0x7B68, 0x7388,
    0x7368, 0x7348, 0x7B68, 0xFFBE, 0xEF5C, 0x8388, 0x6307, 0x7B88, 0x83C8, 0x8BC9, 0x8BE9, 0x8BC9,
    0x83A8, 0x83A8, 0x83A8, 0x83A8, 0x7B88, 0x62E6, 0x7B67, 0xFFBE, 0xEF5C, 0x83A8, 0x83C9, 0x942A,
    0x942A, 0x942A, 0x942A, 0x944A, 0x942A, 0x942A, 0x942A, 0x942A, 0x8BE9, 0x7B88, 0x7B87, 0xF7BE,
    0xEF5C, 0x83C8, 0x83EA, 0x942A, 0x942A, 0x942B, 0x942A, 0x942A, 0x942A, 0x942A, 0x942A, 0x942A,
    0x8C09, 0x7B88, 0x83A8, 0xF7BE, 0xEF5C, 0x83A8, 0x7BC9, 0x940A, 0x942A, 0x942A, 0x8BEA, 0x8C0B,
    0x8C0B, 0x8BCA, 0x940A, 0x942A, 0x940A, 0x7B88, 0x8388, 0xF7BE, 0xEF5C, 0x83A8, 0x83C9, 0x8C09,
    0x940A, 0x942A, 0x8BEA, 0x8C0B, 0x8C0B, 0x83C9, 0x940A, 0x8C0A, 0x940A, 0x7B88, 0x8388, 0xF7BE,
    0xEF5C, 0x8388, 0x7BC9, 0x8BE9, 0x8C09, 0x8C0A, 0x8C09, 0x942A, 0x940A, 0x8C09, 0x8C09, 0x8C0A,
    0x8C0A, 0x7B88, 0x7B88, 0xFFBE, 0xEF5C, 0x8388, 0x7BA9, 0x8BE9, 0x8C0A, 0x8C0A, 0x8C0A, 0x940A,
    0x8C0A, 0x8BE9, 0x8C0A, 0x8C0A, 0x8BE9, 0x7367, 0x7B67, 0xFFBE, 0xEF5C, 0x7B67, 0x5AA6, 0x62C6,
    0x83C9, 0x8BE9, 0x8C0A, 0x8C0A, 0x8BE9, 0x8BE9, 0x8BE9, 0x8BE9, 0x8BC9, 0x7B68, 0x7B67, 0xF7BE,
    0xEF5C, 0x7B67, 0x6307, 0x7347, 0x8BC9, 0x8BC9, 0x8BE9, 0x8BE9, 0x8BC9, 0x8BC9, 0x8BC9, 0x83C9,
    0x83A8, 0x7347, 0x7B47, 0xF7BE, 0xEF5C, 0x7347, 0x6B27, 0x8388, 0x83A8, 0x83C9, 0x83C9, 0x83C9,
    0x83A8, 0x83A8, 0x83A8, 0x83A8, 0x8388, 0x7347, 0x7347, 0xF7BE, 0xEF5C, 0x7347, 0x6B27, 0x7B87,
    0x83A8, 0x83A8, 0x83A9, 0x83A8, 0x7B88, 0x8388, 0x7B88, 0x7B88, 0x7B67, 0x6B06, 0x7326, 0xF7BE,
    0xEF3C, 0x6B06, 0x6B07, 0x7B67, 0x7B67, 0x7B68, 0x7B68, 0x7B67, 0x7B67, 0x7B67, 0x7B47, 0x7B46,
    0x7326, 0x62C5, 0x6AE6, 0xF7BE, 0xEF3C, 0x6AE6, 0x6307, 0x7326, 0x7347, 0x7327, 0x7347, 0x7326,
    0x7347, 0x7326, 0x7326, 0x7326, 0x6B06, 0x5AC6, 0x62C6, 0xF7BE, 0xE73C, 0x62A5, 0x52A6, 0x6AE5,
    0x6AE5, 0x6B06, 0x6AE6, 0x6AE6, 0x6B06, 0x6AE6, 0x6AE6, 0x6AC5, 0x62C5, 0x5264, 0x5A85, 0xF7BE,
    0xE71B, 0x5244, 0x3A04, 0x4A24, 0x4A44, 0x5265, 0x5285, 0x5264, 0x5285, 0x5265, 0x4A65, 0x4A24,
    0x4A24, 0x39E3, 0x5224, 0xF7BE,
};
#endif /* BACKROOMS_GENERATED_TEXTURE_DOOR_H */
