/* Generated by tools/convert_textures.py. Do not edit manually. */
#ifndef BACKROOMS_GENERATED_TEXTURE_CEILING_H
#define BACKROOMS_GENERATED_TEXTURE_CEILING_H
#include <stdint.h>
#define TEXTURE_CEILING_WIDTH 128
#define TEXTURE_CEILING_HEIGHT 128
static const uint16_t TEXTURE_CEILING_PIXELS[16384] __attribute__((aligned(16))) = {
    0x7B89, 0x83A9, 0x8C0B, 0x942B, 0x8C2B, 0x8C0B, 0x8BEA, 0x8BEA, 0x8C0A, 0x942B, 0x944B, 0x944C,
    0x944C, 0x944B, 0x942B, 0x942B, 0x942B, 0x944B, 0x944B, 0x944C, 0x944C, 0x9C6C, 0x9C8C, 0x9C8C,
    0xA4AD, 0x9CAC, 0x9C8C, 0x9C6C, 0x942B, 0x944B, 0x9C8D, 0x9C6C, 0x83CA, 0x7BA9, 0x8BEA, 0x942B,
    0x942B, 0x944B, 0x944B, 0x944B, 0x944C, 0x9C6C, 0x9C6C, 0x9C6C, 0x944C, 0x940B, 0x83A9, 0x83A9,
    0x942B, 0x9C6C, 0x944C, 0x9C6C, 0x9C8C, 0xA4AD, 0xA4AD, 0x9CAD, 0x9C8C, 0x9C6C, 0x9C6C, 0x9C4C,
    0x940B, 0x942B, 0x9C8D, 0xA4AD, 0x946C, 0x944B, 0x9C6C, 0x9C8C, 0x9C8C, 0x9C6C, 0x944B, 0x944B,
    0x9C4B, 0x9C6C, 0x9C8C, 0x9C8C, 0x9C8C, 0x9C6C, 0x944B, 0x944B, 0x9C8C, 0x9CAD, 0x9C8C, 0x9C8C,
    0xA4AD, 0xA4AD, 0x9C6C, 0x9C6C, 0x9C8C, 0x9C8C, 0xA4AD, 0xA4AD, 0xA4AD, 0x9C8C, 0x942B, 0x944B,
    0xA48D, 0xA4AD, 0x9C6C, 0x944B, 0x944B, 0x944B, 0x9C4B, 0x9C6C, 0x9C8C, 0xA4AC, 0x9C8C, 0x9C8C,
    0x9C6C, 0x9C4B, 0x9C4B, 0x9C4B, 0x9C4B, 0x9C6C, 0x9C8C, 0x9C8C, 0x9C6C, 0x944B, 0x942B, 0x8C0A,
    0x8C0A, 0x940A, 0x942B, 0x942B, 0x944B, 0x8C0A, 0x7B89, 0x7348, 0x83A9, 0x83CA, 0x942B, 0x944C,
    0x946C, 0x946C, 0x944C, 0x9C6C, 0x9C6C, 0x9C8C, 0x9C8D, 0xA4AD, 0x9CAD, 0x9C8D, 0x9C8C, 0x9C6C,
    0x9C8D, 0x9C8D, 0x9CAD, 0xA4AD, 0xA4AD, 0xA4AD, 0xA4CD, 0xA4CD, 0xACEE, 0xA4EE, 0xA4CD, 0xA4AD,
    0x9C8D, 0x9CAD, 0xA4CD, 0x9CAD, 0x8C0A, 0x83EA, 0x944B, 0x9C8C, 0x9C8C, 0x9C8C, 0x9C8C, 0x9C8D,
    0xA4AD, 0xA4AD, 0xA4AD, 0xA4AD, 0xA4AD, 0x9C6C, 0x942B, 0x942B, 0x9C8C, 0xA4AD, 0x9C8D, 0xA4AD,
    0xA4CD, 0xACEE, 0xACEE, 0xACEE, 0xA4CD, 0xA4CD, 0xA4AD, 0xA4AD, 0x9C6C, 0x9C8C, 0xA4CD, 0xA4CD,
    0x9C8C, 0x9C6C, 0xA4AD, 0xA4CD, 0xA4CD, 0xA4CD, 0xA4AC, 0xA4AC, 0xA4AD, 0xA4AD, 0xA4CD, 0xA4AD,
    0x9C8D, 0x9C8C, 0x9C8C, 0xA4AD, 0xA4CD, 0xA4EE, 0xA4CD, 0xA4CD, 0xACEE, 0xACEE, 0xA4CD, 0xA4AD,
    0xA4CD, 0xA4CD, 0xACED, 0xACEE, 0xACEE, 0xA4CD, 0x9C6C, 0x9C6C, 0xA4CD, 0xACCD, 0xA4AD, 0xA48C,
    0xA48D, 0xA48D, 0xA4AD, 0xA4AD, 0xA4CD, 0xACEE, 0xACED, 0xA4CD, 0xA4AD, 0xA4AD, 0xA4AD, 0xA4AD,
    0xA4AD, 0xA4AD, 0xA4CD, 0xA4CD, 0xA4AD, 0x9C8C, 0x9C6C, 0x9C6C, 0x9C6C, 0x9C6C, 0x9C6C, 0x9C6C,
    0x9C6C, 0x944B, 0x83C9, 0x7B89, 0x940B, 0x942B, 0x9C8C, 0xA4AD, 0xA4CE, 0xACEE, 0xB52F, 0xB54F,
    0xB52F, 0xB52F, 0xB54F, 0xB54F, 0xB550, 0xB54F, 0xB52F, 0xAD0F, 0xAD2F, 0xB52F, 0xB550, 0xB570,
    0xB54F, 0xB54F, 0xB54F, 0xB550, 0xBD70, 0xBD70, 0xB570, 0xB550, 0xB550, 0xB54F, 0xB54F, 0xAD0E,
    0x9C6C, 0x9C6C, 0xACEE, 0xB52E, 0xAD0E, 0xAD0E, 0xAD0E, 0xB52F, 0xB54F, 0xB570, 0xB54F, 0xB54F,
    0xB52F, 0xB52F, 0xB52F, 0xB52F, 0xB54F, 0xB54F, 0xB52F, 0xB52F, 0xB54F, 0xB570, 0xBD70, 0xBD70,
    0xBD70, 0xB570, 0xB550, 0xB54F, 0xB52F, 0xB52F, 0xB54F, 0xB52F, 0xA4CD, 0xA4CD, 0xAD2E, 0xB54F,
    0xBD6F, 0xBD6F, 0xB54F, 0xB54F, 0xB54F, 0xB54F, 0xB550, 0xAD2F, 0xA4CD, 0xA4CE, 0xB52F, 0xBD70,
    0xBD70, 0xBD70, 0xB570, 0xB550, 0xB570, 0xBD70, 0xBD70, 0xBD70, 0xB54F, 0xB54F, 0xB54F, 0xB54F,
    0xBD70, 0xB54F, 0xA4CD, 0xA4AD, 0xAD0E, 0xB52F, 0xB52F, 0xB52F, 0xB52F, 0xB52F, 0xB52F, 0xB54F,
    0xBD70, 0xBD70, 0xBD70, 0xBD6F, 0xB54F, 0xB54F, 0xB54F, 0xB54F, 0xB54F, 0xB54F, 0xB54F, 0xB54F,
    0xB54F, 0xB52F, 0xB52F, 0xB50E, 0xB52F, 0xB50E, 0xAD0E, 0xACEE, 0xACEE, 0xA4AD, 0x942B, 0x8BEA,
    0x944B, 0x9C6C, 0xA4CD, 0xAD0E, 0xAD2F, 0xB550, 0xBD90, 0xBDB1, 0xBD91, 0xBD91, 0xBD91, 0xBDB1,
    0xC5B1, 0xBDB1, 0xBD90, 0xBD70, 0xBD90, 0xBD91, 0xC5B1, 0xC5B1, 0xBD90, 0xBD90, 0xBD90, 0xBD91,
    0xBDB1, 0xC5B1, 0xC5B1, 0xC5B1, 0xC5D1, 0xC5B1, 0xBD90, 0xB52F, 0xA4AD, 0xA4AD, 0xB52F, 0xBD70,
    0xBD70, 0xB54F, 0xB54F, 0xBD70, 0xBDB1, 0xC5B1, 0xBD90, 0xBD90, 0xBD90, 0xBD90, 0xBD90, 0xC590,
    0xC5B0, 0xBD90, 0xBD70, 0xBD70, 0xBD91, 0xC5B1, 0xC5B1, 0xC5B1, 0xC5B1, 0xBDB1, 0xBD91, 0xBD90,
    0xBD90, 0xBD90, 0xBD70, 0xB54F, 0xACEE, 0xACEE, 0xBD6F, 0xBD90, 0xBD90, 0xBDB0, 0xBDB1, 0xC5B1,
    0xC5B1, 0xBD91, 0xBD91, 0xBD70, 0xAD0F, 0xB52F, 0xBDB1, 0xC5D1, 0xC5B1, 0xC5B1, 0xC5B1, 0xC5B1,
    0xBDB1, 0xC5B1, 0xC5B1, 0xC5B1, 0xC5B1, 0xBD90, 0xBD70, 0xBD70, 0xC5B1, 0xBD90, 0xAD0E, 0xACEE,
    0xB52F, 0xBD70, 0xBD90, 0xBD90, 0xBD70, 0xBD70, 0xBD70, 0xBD90, 0xC5B1, 0xC5D1, 0xC5B1, 0xC5B1,
    0xBD90, 0xBD90, 0xBD91, 0xBDB1, 0xBDB0, 0xBD90, 0xBD90, 0xBD90, 0xBD90, 0xBD90, 0xBD70, 0xBD70,
    0xBD90, 0xBD70, 0xB550, 0xB54F, 0xB52F, 0xACEE, 0x9C6C, 0x942B, 0x944B, 0x9C8C, 0xAD0E, 0xB54F,
    0xB550, 0xB570, 0xBD90, 0xBD91, 0xBD90, 0xBD91, 0xBDB1, 0xC5B1, 0xC5D1, 0xC5B1, 0xC5B1, 0xC5B1,
    0xC5B1, 0xC5B1, 0xBDB1, 0xBD91, 0xBD70, 0xBD70, 0xBD90, 0xBD90, 0xBD91, 0xC5B1, 0xC5D1, 0xC5D2,
    0xC5D2, 0xC5D1, 0xBDB1, 0xB54F, 0x9CAD, 0x9CAD, 0xB54F, 0xBD90, 0xBD70, 0xBD70, 0xB54F, 0xBD70,
    0xBD91, 0xBD91, 0xBD90, 0xBD90, 0xC5B0, 0xC5B0, 0xBD70, 0xBD70, 0xBD90, 0xBDB1, 0xBD90, 0xBD91,
    0xC5B1, 0xC5B1, 0xC5B1, 0xC5B1, 0xC5B1, 0xBD90, 0xBD90, 0xBD90, 0xC591, 0xBD91, 0xBD70, 0xB52F,
    0xAD0E, 0xAD2F, 0xBD70, 0xBD90, 0xBD70, 0xBD90, 0xC5B1, 0xC5D1, 0xC5B1, 0xC5B1, 0xBDB1, 0xBD90,
    0xBD70, 0xBD70, 0xC5B1, 0xC5D2, 0xC5B1, 0xC5B1, 0xC5D1, 0xC5D1, 0xC5B1, 0xC5B1, 0xBD90, 0xBD90,
    0xC5B1, 0xBDB1, 0xB550, 0xB570, 0xC5B1, 0xBD90, 0xAD2F, 0xAD0E, 0xB54F, 0xB56F, 0xBD70, 0xBD70,
    0xBD70, 0xBD70, 0xB550, 0xBD70, 0xC5B1, 0xC5D1, 0xC5B1, 0xBD90, 0xBD70, 0xB550, 0xBD70, 0xBD90,
    0xBD90, 0xBD90, 0xBD90, 0xBD90, 0xBD70, 0xBD70, 0xBD70, 0xBD90, 0xBD90, 0xBD70, 0xBD70, 0xBD70,
    0xB54F, 0xACEE, 0x9C8C, 0x9C6C, 0x942B, 0x9C8C, 0xB52F, 0xBD70, 0xBD70, 0xBD70, 0xBD91, 0xBD91,
    0xBD91, 0xBDB1, 0xBDB1, 0xC5B1, 0xC5D1, 0xC5D1, 0xC5D1, 0xC5D1, 0xC5D2, 0xC5D1, 0xBDB1, 0xBD91,
    0xBD90, 0xBD90, 0xBD91, 0xBDB1, 0xC5B1, 0xC5B1, 0xC5D2, 0xC5D2, 0xC5D2, 0xC5B1, 0xBDB1, 0xB52F,
    0x9C8C, 0x9C8D, 0xB54F, 0xBD91, 0xBD90, 0xBD70, 0xB54F, 0xB550, 0xBD70, 0xBD90, 0xBD70, 0xBD90,
    0xC5B1, 0xC5B1, 0xBD70, 0xBD50, 0xBD90, 0xC5B1, 0xC5B1, 0xC5B1, 0xC5B1, 0xC5B1, 0xC5B1, 0xC5B1,
    0xBD91, 0xBD90, 0xBD70, 0xBD90, 0xC5B1, 0xC591, 0xBD70, 0xB52F, 0xAD0E, 0xB52F, 0xBD70, 0xBD90,
    0xBD70, 0xBD90, 0xBDB1, 0xC5B1, 0xC5B1, 0xC5B1, 0xC5B1, 0xC5B1, 0xBDB1, 0xC5B1, 0xC5D2, 0xC5D2,
    0xC5B1, 0xC5B1, 0xC5D1, 0xC5D2, 0xC5D1, 0xC5B1, 0xBD90, 0xBD90, 0xC5D1, 0xC5B1, 0xBD70, 0xBD70,
    0xC5B1, 0xBDB1, 0xB52F, 0xAD0E, 0xB52F, 0xB54F, 0xBD70, 0xBD70, 0xBD70, 0xBD70, 0xBD70, 0xBD90,
    0xC5B1, 0xC5B1, 0xC5B1, 0xBD90, 0xBD70, 0xB550, 0xB570, 0xBD70, 0xBD90, 0xBD90, 0xBD91, 0xBD90,
    0xBD70, 0xBD70, 0xBD70, 0xBD70, 0xBD70, 0xBD90, 0xBD90, 0xBD90, 0xB54F, 0xAD0E, 0xA4AD, 0x9C6C,
    0x944B, 0xA48C, 0xB52F, 0xBD90, 0xBD91, 0xBD91, 0xBD91, 0xBDB1, 0xC5B1, 0xC5B1, 0xBD91, 0xBD91,
    0xC5B1, 0xC5D1, 0xC5D1, 0xC5D1, 0xC5D2, 0xC5D1, 0xC5B1, 0xC5B1, 0xC5B1, 0xC5B1, 0xC5B1, 0xC5B1,
    0xC5B1, 0xC5B1, 0xC5D2, 0xC5D2, 0xC5B1, 0xBDB1, 0xBD90, 0xB52F, 0x944C, 0x944C, 0xB54F, 0xC5B1,
    0xBD70, 0xB550, 0xB54F, 0xB54F, 0xBD4F, 0xBD70, 0xBD70, 0xBD90, 0xC5B1, 0xBD90, 0xB54F, 0xB54F,
    0xBD91, 0xC5D1, 0xC5D1, 0xC5D1, 0xC5B1, 0xBDB1, 0xBD91, 0xBD90, 0xBD90, 0xBD90, 0xBD90, 0xBD90,
    0xC5B1, 0xC5B1, 0xBD70, 0xB54F, 0xACEE, 0xAD0E, 0xBD70, 0xBD91, 0xBD91, 0xBD91, 0xBD90, 0xBD91,
    0xC5B1, 0xC5B1, 0xC5B1, 0xC5B1, 0xC5B1, 0xC5D1, 0xC5D1, 0xC5B1, 0xC5B1, 0xC5B1, 0xC5D2, 0xCDF2,
    0xC5D2, 0xC5D1, 0xC5B1, 0xC5B1, 0xC5D1, 0xC5D1, 0xBDB1, 0xC5B1, 0xC5D2, 0xBD91, 0xAD0F, 0xACEE,
    0xAD0E, 0xB54F, 0xBD70, 0xBD90, 0xBD90, 0xBD90, 0xBD91, 0xC5B1, 0xC5D1, 0xC5B1, 0xBD91, 0xBD90,
    0xBDB1, 0xBD91, 0xB550, 0xB54F, 0xBD70, 0xBD90, 0xBD91, 0xBD90, 0xBD90, 0xBD70, 0xB54F, 0xB54F,
    0xBD70, 0xBD90, 0xBD91, 0xBD90, 0xBD70, 0xAD2F, 0xA4AD, 0x9C6C, 0x9C4B, 0xA4AC, 0xB52F, 0xBD90,
    0xBDB1, 0xC5B1, 0xBD91, 0xBDB1, 0xC5B1, 0xC5B1, 0xBD91, 0xBD91, 0xC5B1, 0xC5D1, 0xC5D1, 0xC5D2,
    0xC5D2, 0xC5D2, 0xC5B1, 0xC5B1, 0xC5D2, 0xC5D2, 0xC5D1, 0xC5D1, 0xC5D2, 0xC5D2, 0xC5D1, 0xC5B1,
    0xBDB1, 0xBD91, 0xBD90, 0xAD0E, 0x944B, 0x944C, 0xB550, 0xC5B1, 0xBD70, 0xBD70, 0xBD70, 0xBD70,
    0xBD70, 0xBD70, 0xBD90, 0xC590, 0xC5B0, 0xBD90, 0xBD70, 0xBD70, 0xC5B1, 0xC5D2, 0xC5F2, 0xC5D2,
    0xC5B1, 0xC5B1, 0xBD91, 0xBD90, 0xBD90, 0xBD90, 0xBD90, 0xBD91, 0xC5B1, 0xC5B1, 0xBD90, 0xB54F,
    0xACEE, 0xAD0E, 0xBD70, 0xC5B1, 0xC5B1, 0xBDB1, 0xBD91, 0xBD91, 0xC5B1, 0xC5B1, 0xC5B1, 0xC5D1,
    0xC5D2, 0xC5D2, 0xC5D2, 0xC5D1, 0xC5B1, 0xC5D1, 0xC5D1, 0xC5D2, 0xC5F2, 0xC5D2, 0xC5D1, 0xC5B1,
    0xC5B1, 0xC5B1, 0xC5B1, 0xC5D1, 0xC5D2, 0xBD91, 0xAD0E, 0xACEE, 0xB52E, 0xB54F, 0xBD70, 0xBD90,
    0xBD91, 0xBDB1, 0xBDB1, 0xC5B1, 0xC5D1, 0xC5D1, 0xBDB1, 0xBDB1, 0xC5D1, 0xC5B1, 0xBD70, 0xB550,
    0xBD70, 0xBD91, 0xBD91, 0xBD91, 0xBD91, 0xBD90, 0xB570, 0xB570, 0xBD90, 0xBD91, 0xBD91, 0xBD90,
    0xBD70, 0xB52F, 0xA4AD, 0x9C4C, 0x9C8C, 0xA4AD, 0xB50E, 0xBD70, 0xBD91, 0xC5B1, 0xBD91, 0xBD91,
    0xC5B1, 0xC5B1, 0xBDB1, 0xBDB1, 0xC5D1, 0xC5D2, 0xC5D2, 0xC5F2, 0xC5F2, 0xC5D2, 0xC5B1, 0xC5B1,
    0xC5D2, 0xC5D2, 0xC5D2, 0xC5D2, 0xC5D2, 0xC5D2, 0xC5D1, 0xC5B1, 0xBD91, 0xBD90, 0xBD70, 0xB50E,
    0x9C6C, 0x9C8C, 0xB570, 0xC5B1, 0xBDB1, 0xBDB1, 0xC5B1, 0xC5B1, 0xC5B1, 0xC5B1, 0xC5B1, 0xC590,
    0xBD70, 0xBD70, 0xC5B1, 0xC5D2, 0xC5D2, 0xC5D2, 0xC5F2, 0xC5F2, 0xC5D2, 0xC5D2, 0xC5D1, 0xC5B1,
    0xBDB1, 0xBD91, 0xC5B1, 0xC5B1, 0xC5D2, 0xC5B1, 0xBD70, 0xB52F, 0xACEE, 0xAD0E, 0xBD70, 0xC5B1,
    0xC5B1, 0xC5B1, 0xC5B1, 0xC5B1, 0xC5B1, 0xC5B1, 0xC5B1, 0xC5D1, 0xCDF2, 0xCDF2, 0xCDF2, 0xCDF2,
    0xC5F2, 0xC5D2, 0xC5B1, 0xC5B1, 0xC5D2, 0xC5F2, 0xC5D1, 0xC5B1, 0xBD90, 0xBD90, 0xC5B1, 0xC5B1,
    0xC5B1, 0xBD90, 0xAD0E, 0xAD0E, 0xB54F, 0xBD90, 0xBD90, 0xC5B1, 0xC5B1, 0xC5B1, 0xBD70, 0xBD90,
    0xC5D1, 0xC5F2, 0xC5D2, 0xC5D2, 0xC5D1, 0xC5B1, 0xBDB1, 0xBDB1, 0xC5B1, 0xC5B1, 0xC5B1, 0xBDB1,
    0xBD91, 0xBD91, 0xBDB1, 0xBDB1, 0xBDB1, 0xBD91, 0xBD70, 0xBD50, 0xBD90, 0xB54F, 0xA4AD, 0x9C6C,
    0xA4AD, 0xA4CD, 0xAD0E, 0xB550, 0xBD90, 0xC5B1, 0xBDB1, 0xBDB1, 0xC5B1, 0xC5B1, 0xC5B1, 0xC5B1,
    0xC5B1, 0xC5D1, 0xC5D2, 0xC5F2, 0xC5D2, 0xC5D1, 0xC5B1, 0xC5B1, 0xC5F2, 0xC5F2, 0xC5D2, 0xC5D2,
    0xC5D2, 0xC5D2, 0xC5D1, 0xC5D1, 0xBDB1, 0xBD90, 0xBD70, 0xB52F, 0xA4AD, 0xA4AD, 0xBD70, 0xC5D2,
    0xC5D1, 0xC5D1, 0xC5D2, 0xC5D2, 0xC5D2, 0xC5D1, 0xC5D1, 0xC5B1, 0xBD70, 0xBD90, 0xC5D2, 0xCDF2,
    0xC5D2, 0xC5D2, 0xC5D2, 0xC5D2, 0xC5D2, 0xC5D2, 0xC5D1, 0xC5B1, 0xC5B1, 0xBDB1, 0xC5B1, 0xC5B1,
    0xC5D1, 0xC5B1, 0xBD70, 0xB54F, 0xAD0E, 0xB52F, 0xBD90, 0xC5B1, 0xC5B1, 0xC5B1, 0xC5D2, 0xC5D2,
    0xC5B1, 0xC5B1, 0xC5B1, 0xC5D2, 0xCDF2, 0xCDF2, 0xCDF2, 0xCDF2, 0xCDF2, 0xC5F2, 0xBDB1, 0xBDB1,
    0xC5D1, 0xC5D1, 0xC5B1, 0xBD91, 0xBD70, 0xBD90, 0xC5B1, 0xC5D1, 0xC5B1, 0xBD90, 0xAD2F, 0xAD2E,
    0xBD70, 0xBDB0, 0xC5B1, 0xC5B1, 0xC5D1, 0xC5B1, 0xBD90, 0xBD90, 0xC5D1, 0xC5F2, 0xC5F2, 0xC5D2,
    0xC5D1, 0xC5B1, 0xC5D1, 0xC5D2, 0xC5D2, 0xC5D2, 0xC5D1, 0xC5B1, 0xC5B1, 0xC5B1, 0xC5D1, 0xC5D1,
    0xC5B1, 0xBD91, 0xB550, 0xB550, 0xBD90, 0xB550, 0xA4CD, 0x9C6C, 0xA4CD, 0xACEE, 0xB52F, 0xBD70,
    0xBD90, 0xC5B1, 0xC5B1, 0xC5B1, 0xC5B1, 0xC5B1, 0xC5B1, 0xBDB1, 0xBD91, 0xBDB1, 0xC5D2, 0xC5D2,
    0xC5B1, 0xC5B1, 0xC5D2, 0xC5D2, 0xCDF2, 0xCDF2, 0xC5F2, 0xC5D2, 0xC5B1, 0xC5B1, 0xC5F2, 0xC5F2,
    0xC5B1, 0xBD91, 0xBD70, 0xB52F, 0xA4CD, 0xACEE, 0xBD91, 0xC5D2, 0xC5D2, 0xC5D2, 0xC5D2, 0xC5D2,
    0xC5F2, 0xCDF2, 0xC5D1, 0xC5D1, 0xC5B1, 0xC5D1, 0xC5F2, 0xC5F2, 0xC5D1, 0xC5B1, 0xC5B1, 0xC5B1,
    0xC5D2, 0xC5D2, 0xC5B1, 0xC5B1, 0xC5B1, 0xC5B1, 0xBD90, 0xC590, 0xC5B1, 0xC5B1, 0xBD70, 0xB54F,
    0xB52F, 0xB54F, 0xC5B1, 0xC5D1, 0xC5B1, 0xBDB1, 0xC5D2, 0xC5D2, 0xC5D1, 0xC5D1, 0xC5D2, 0xC5F2,
    0xC5D2, 0xC5F2, 0xCDF2, 0xCDF2, 0xCE12, 0xC5F2, 0xC5B1, 0xBD91, 0xC5B1, 0xC5B1, 0xBD91, 0xBD90,
    0xBD70, 0xBD90, 0xC5B1, 0xC5D1, 0xC5D1, 0xBD90, 0xB52F, 0xB52F, 0xBD90, 0xC5B1, 0xC5D1, 0xC5F2,
    0xCDF2, 0xC5F2, 0xC5B1, 0xC5B1, 0xC5B1, 0xC5D1, 0xC5D2, 0xC5D2, 0xC5B1, 0xBDB1, 0xC5B1, 0xC5D2,
    0xC5B1, 0xC5B1, 0xC5D1, 0xC5D2, 0xC5D2, 0xC5D2, 0xC5D2, 0xC5D1, 0xC5B1, 0xBD91, 0xBD70, 0xBD70,
    0xBD90, 0xB54F, 0xA4CD, 0x9C8C, 0xA4CD, 0xACEE, 0xB52F, 0xBD70, 0xBD90, 0xC5B1, 0xC5B1, 0xC5B1,
    0xC5B1, 0xC5B1, 0xBD91, 0xBD91, 0xBD91, 0xC5B1, 0xC5D1, 0xC5D1, 0xC5B1, 0xC5B1, 0xC5D2, 0xC5D2,
    0xCDF2, 0xCDF2, 0xC5F2, 0xC5D2, 0xC5B1, 0xC5B1, 0xC5F2, 0xCDF2, 0xC5D1, 0xC5B1, 0xBD70, 0xB52F,
    0xACEE, 0xACEE, 0xBD91, 0xC5D2, 0xC5D2, 0xC5D2, 0xC5D1, 0xC5D2, 0xCDF2, 0xCDF2, 0xCDF2, 0xC5F2,
    0xC5F2, 0xC5D2, 0xC5F2, 0xC5D2, 0xC5B1, 0xBDB1, 0xC5B1, 0xC5D1, 0xC5D2, 0xC5D2, 0xC5B1, 0xC5B1,
    0xC5D1, 0xC5D1, 0xC5B1, 0xC591, 0xC5B1, 0xC5B1, 0xBD90, 0xBD70, 0xB54F, 0xBD70, 0xC5D1, 0xC5D1,
    0xBDB1, 0xBDB1, 0xC5D2, 0xC5F2, 0xC5D2, 0xC5F2, 0xCDF2, 0xCDF2, 0xC5D2, 0xC5D2, 0xC5D2, 0xCDF2,
    0xCDF2, 0xC5F2, 0xC5B1, 0xC5B1, 0xC5B1, 0xC5B1, 0xBD91, 0xBD90, 0xBD90, 0xBD90, 0xC5D1, 0xC5D1,
    0xC5D1, 0xBD90, 0xB52F, 0xB52F, 0xBD70, 0xC5B1, 0xC5D1, 0xCDF2, 0xCDF2, 0xCDF2, 0xC5D1, 0xC5B1,
    0xC5B1, 0xC5D1, 0xC5D2, 0xC5D1, 0xC5B1, 0xC5B1, 0xC5D2, 0xC5D2, 0xC5B1, 0xC5B1, 0xC5D2, 0xC5F2,
    0xC5F2, 0xC5F2, 0xC5D2, 0xC5B1, 0xBD90, 0xBD70, 0xBD70, 0xBD70, 0xBD90, 0xB54F, 0xA4CD, 0x9C8C,
    0xA4AD, 0xA4CD, 0xB52F, 0xBD70, 0xC5B1, 0xC5B1, 0xC5B1, 0xC5B1, 0xC5B1, 0xC5B1, 0xBD90, 0xBD91,
    0xC5D1, 0xC5D2, 0xC5B1, 0xBDB1, 0xC5D2, 0xC5D2, 0xC5B1, 0xC5B1, 0xC5B1, 0xC5D1, 0xC5D1, 0xC5D1,
    0xC5D1, 0xC5D2, 0xC5D2, 0xC5D2, 0xC5F2, 0xC5B1, 0xBD70, 0xB52F, 0xA4CD, 0xACEE, 0xBD70, 0xC5B1,
    0xBD91, 0xBDB1, 0xC5D1, 0xC5F2, 0xC5F2, 0xCDF2, 0xCDF2, 0xCDF2, 0xCDF2, 0xC5F2, 0xC5D2, 0xC5D2,
    0xC5B1, 0xC5B1, 0xC5D2, 0xCDF2, 0xCDF2, 0xCDF2, 0xC5F2, 0xC5F2, 0xC5F2, 0xC5F2, 0xC5D2, 0xC5D1,
    0xC5B1, 0xC5B1, 0xC5B1, 0xBD90, 0xB550, 0xBD70, 0xC5B1, 0xC5D1, 0xC5B1, 0xC5B1, 0xC5F2, 0xCDF2,
    0xCDF2, 0xCE12, 0xCE13, 0xCDF2, 0xC5D2, 0xC5B1, 0xC5D1, 0xC5D1, 0xC5F2, 0xC5F1, 0xC5D1, 0xC5B1,
    0xC5D1, 0xC5D2, 0xC5D1, 0xC5D1, 0xC5B1, 0xC5B1, 0xC5D1, 0xC5D1, 0xC5B1, 0xBD70, 0xB52F, 0xAD0E,
    0xBD70, 0xBD90, 0xC5B1, 0xC5D2, 0xCDF2, 0xCDF2, 0xC5D1, 0xC5D1, 0xC5D2, 0xC5F2, 0xC5D1, 0xC5D1,
    0xC5D2, 0xC5F2, 0xC5F2, 0xC5D2, 0xC5D2, 0xC5D2, 0xC5D1, 0xC5D1, 0xC5D2, 0xC5D2, 0xC5D2, 0xBD91,
    0xB52F, 0xAD0F, 0xB550, 0xBD70, 0xBD90, 0xB550, 0xA4CE, 0x9C8D, 0xA4AD, 0xA4CE, 0xB54F, 0xBD90,
    0xC5B1, 0xC5B1, 0xC5B1, 0xC5B1, 0xC5D1, 0xC5B1, 0xBD91, 0xBD91, 0xC5D2, 0xC5D2, 0xC5B1, 0xC5B1,
    0xC5D2, 0xC5F2, 0xC5D1, 0xC5B1, 0xC5B1, 0xC5B1, 0xBDB1, 0xC5B1, 0xC5D1, 0xC5D2, 0xC5D1, 0xC5D1,
    0xC5D2, 0xC5D1, 0xBD90, 0xB52F, 0xACCE, 0xACEE, 0xBD90, 0xC5B1, 0xBD90, 0xBDB1, 0xC5D1, 0xC5D2,
    0xC5D2, 0xC5D2, 0xCDF2, 0xCDF2, 0xCDF2, 0xCDF2, 0xC5F2, 0xC5D2, 0xC5B1, 0xC5D1, 0xC5F2, 0xCE13,
    0xCE13, 0xCDF3, 0xCDF2, 0xCDF2, 0xC5F2, 0xC5F2, 0xC5F2, 0xC5D2, 0xC5D2, 0xC5D1, 0xC5D1, 0xC5B1,
    0xB550, 0xB550, 0xC5B1, 0xC5D1, 0xC5B1, 0xC5B1, 0xC5F2, 0xCDF2, 0xCE12, 0xCE13, 0xCE13, 0xCDF2,
    0xC5D2, 0xC5B1, 0xC5D1, 0xC5D1, 0xC5D1, 0xC5D1, 0xC5D1, 0xC5D2, 0xC5F2, 0xC5F2, 0xC5D2, 0xC5D2,
    0xC5D2, 0xC5D2, 0xC5D1, 0xC5D1, 0xC5B1, 0xBD70, 0xB52F, 0xB52F, 0xBD70, 0xBD91, 0xC5B1, 0xC5D1,
    0xC5F2, 0xC5F2, 0xC5D2, 0xC5D2, 0xC5F2, 0xCDF2, 0xC5D2, 0xC5D2, 0xCDF2, 0xCDF2, 0xC5F2, 0xC5D2,
    0xC5D2, 0xC5D2, 0xC5D2, 0xC5D1, 0xC5D1, 0xC5D1, 0xC5D2, 0xBDB1, 0xB52F, 0xAD0F, 0xB570, 0xBD90,
    0xBD90, 0xB54F, 0xA4CE, 0xA4AD, 0xA4CD, 0xAD0E, 0xBD70, 0xBDB1, 0xBDB1, 0xC5B1, 0xC5B1, 0xC5D2,
    0xC5F2, 0xC5F2, 0xC5D2, 0xC5D2, 0xC5D2, 0xC5D2, 0xC5D2, 0xC5D2, 0xC5F2, 0xC5F2, 0xC5D2, 0xC5D2,
    0xC5D2, 0xC5B1, 0xB570, 0xB570, 0xBDB1, 0xC5D1, 0xC5D2, 0xC5D2, 0xC5D1, 0xC5B1, 0xBDB1, 0xBD70,
    0xAD0E, 0xAD0F, 0xC5B1, 0xCDF2, 0xC5D1, 0xC5D1, 0xC5D2, 0xC5D1, 0xC5B1, 0xC5D1, 0xCDF2, 0xCDF2,
    0xCDF2, 0xCDF2, 0xCDF2, 0xCDF2, 0xC5D1, 0xC5D2, 0xCDF2, 0xCE13, 0xCE13, 0xCDF3, 0xC5F2, 0xC5D2,
    0xC5D2, 0xC5D2, 0xC5D2, 0xC5F2, 0xCDF2, 0xCDF2, 0xC5F2, 0xC5B1, 0xB54F, 0xB54F, 0xBD91, 0xC5B1,
    0xC5B1, 0xC5B1, 0xC5B1, 0xC5D2, 0xCDF2, 0xCE13, 0xCDF2, 0xC5D2, 0xC5D2, 0xC5D2, 0xC5D2, 0xC5D1,
    0xC5D1, 0xC5D1, 0xC5D1, 0xC5D2, 0xC5F2, 0xC5F2, 0xC5D2, 0xC5D1, 0xC5F2, 0xC5F2, 0xCDF2, 0xC5D1,
    0xC5D1, 0xBDB0, 0xB54F, 0xB54F, 0xBD90, 0xC5B1, 0xC5D1, 0xC5D2, 0xC5D2, 0xC5D2, 0xC5D2, 0xC5D2,
    0xC5F2, 0xCDF2, 0xC5F2, 0xC5F2, 0xC5F2, 0xC5D2, 0xC5D2, 0xC5D1, 0xC5D2, 0xC5D2, 0xCDF2, 0xC5D2,
    0xC5B1, 0xC5B1, 0xC5D2, 0xC5D1, 0xBD90, 0xBD70, 0xBD91, 0xBD91, 0xBD70, 0xB54F, 0xACEE, 0xA4AD,
    0xA4CD, 0xAD0E, 0xBD70, 0xBDB1, 0xBDB1, 0xC5B1, 0xC5D1, 0xC5D2, 0xC5D2, 0xC5D2, 0xC5D2, 0xC5D2,
    0xC5D2, 0xC5D2, 0xC5F2, 0xC5F2, 0xCDF2, 0xCDF2, 0xCDF2, 0xC5F2, 0xC5D2, 0xC5B1, 0xBD70, 0xB570,
    0xBDB1, 0xC5D1, 0xC5F2, 0xC5F2, 0xC5D1, 0xC5B1, 0xC5B1, 0xBD70, 0xAD0E, 0xAD0F, 0xC5B1, 0xCE12,
    0xCDF2, 0xCDF2, 0xC5D2, 0xC5D1, 0xC5B1, 0xC5D1, 0xCDF2, 0xCDF2, 0xCDF2, 0xCDF2, 0xCDF2, 0xCDF2,
    0xC5F2, 0xC5F2, 0xCDF2, 0xCE13, 0xCE13, 0xCDF3, 0xC5F2, 0xC5D2, 0xC5D2, 0xC5F2, 0xC5F2, 0xCDF2,
    0xCE13, 0xCE12, 0xCDF2, 0xC5B1, 0xB52F, 0xB52F, 0xBD91, 0xC5D1, 0xC5B1, 0xC5B1, 0xC5D1, 0xC5D2,
    0xCDF2, 0xCDF2, 0xC5F2, 0xC5F2, 0xC5F2, 0xC5F2, 0xCDF2, 0xC5D2, 0xC5D1, 0xC5D1, 0xC5D1, 0xC5D2,
    0xC5D2, 0xC5D2, 0xC5D2, 0xC5D2, 0xCDF2, 0xCDF2, 0xCDF2, 0xCDF2, 0xC5F2, 0xC5B1, 0xB54F, 0xB54F,
    0xBD90, 0xC5B1, 0xC5D1, 0xC5D2, 0xC5D2, 0xC5D2, 0xC5F2, 0xC5F2, 0xCDF2, 0xCDF2, 0xCDF2, 0xCDF2,
    0xC5F2, 0xC5D2, 0xC5D1, 0xC5D1, 0xC5D2, 0xC5D2, 0xC5D2, 0xC5D2, 0xC5B1, 0xC5B1, 0xC5D1, 0xC5D2,
    0xC5B1, 0xC5B1, 0xC5D1, 0xC5B1, 0xBD90, 0xB54F, 0xACEE, 0xA4AD, 0xA4CD, 0xACEE, 0xB550, 0xBD91,
    0xC5B1, 0xC5D1, 0xC5D2, 0xC5D2, 0xC5B1, 0xBDB1, 0xC5B1, 0xC5B1, 0xBDB1, 0xBDB1, 0xC5F2, 0xCE13,
    0xCE13, 0xCE13, 0xCE12, 0xCDF2, 0xC5B1, 0xC5B1, 0xC5B1, 0xC5B1, 0xC5D1, 0xC5D2, 0xCE12, 0xCE12,
    0xC5D1, 0xC5B1, 0xC5B1, 0xBD70, 0xACEE, 0xACEE, 0xC5B1, 0xCE12, 0xCDF2, 0xCDF2, 0xC5D2, 0xC5D2,
    0xC5D2, 0xC5F2, 0xCDF2, 0xCDF2, 0xCDF2, 0xCDF2, 0xC5F2, 0xC5F2, 0xCDF2, 0xCE12, 0xCE13, 0xCE13,
    0xCE13, 0xCE13, 0xCDF2, 0xCDF2, 0xCE13, 0xCE13, 0xCE13, 0xCE13, 0xCE13, 0xCE12, 0xC5F2, 0xBD91,
    0xB52F, 0xB52F, 0xBDB1, 0xC5D2, 0xC5B1, 0xC5D1, 0xC5F2, 0xCDF2, 0xCDF2, 0xCDF2, 0xCDF2, 0xCDF3,
    0xCDF3, 0xCDF2, 0xCDF2, 0xCDF2, 0xC5D1, 0xC5D1, 0xC5D1, 0xC5D1, 0xBDB1, 0xC5B1, 0xC5D2, 0xCDF2,
    0xCDF2, 0xCE12, 0xCDF2, 0xCDF2, 0xCDF2, 0xC5B1, 0xB54F, 0xB54F, 0xBD90, 0xC5D1, 0xC5D1, 0xC5D2,
    0xC5F2, 0xC5F2, 0xCDF2, 0xCDF2, 0xCDF2, 0xCDF2, 0xCDF2, 0xCDF2, 0xCDF2, 0xC5F2, 0xC5D2, 0xC5D2,
    0xC5F2, 0xC5D2, 0xBD91, 0xBD91, 0xC5D1, 0xC5F2, 0xC5D1, 0xC5D1, 0xC5D2, 0xC5D2, 0xC5D1, 0xC5D1,
    0xC5B1, 0xBD70, 0xACEE, 0xA4AD, 0xA4CD, 0xACEE, 0xB550, 0xBD90, 0xBDB1, 0xC5B1, 0xC5D2, 0xC5D1,
    0xBD91, 0xBD91, 0xC5D1, 0xC5D1, 0xBDB1, 0xC5B1, 0xC5F2, 0xCE13, 0xCE13, 0xCE13, 0xCE13, 0xCDF2,
    0xC5B1, 0xC5B1, 0xC5D2, 0xC5D2, 0xC5D2, 0xC5D2, 0xCDF2, 0xCDF2, 0xC5D2, 0xC5D1, 0xC5B1, 0xBD70,
    0xA4EE, 0xACEE, 0xC5B1, 0xCE12, 0xCDF2, 0xCDF2, 0xCDF2, 0xCDF2, 0xCDF2, 0xCDF2, 0xCDF2, 0xCDF2,
    0xCDF2, 0xCDF2, 0xC5D2, 0xC5F2, 0xCDF2, 0xCE12, 0xCE12, 0xCE12, 0xCE13, 0xCE13, 0xCDF2, 0xCDF2,
    0xCE33, 0xCE33, 0xCE13, 0xCE13, 0xCDF3, 0xCDF2, 0xC5D2, 0xBD90, 0xB52F, 0xB52F, 0xC5B1, 0xC5F2,
    0xC5D1, 0xC5D1, 0xCDF2, 0xCE13, 0xCDF2, 0xCDF2, 0xCE13, 0xCE13, 0xCE13, 0xCE13, 0xCE13, 0xCDF2,
    0xC5D1, 0xC5D1, 0xC5F2, 0xC5D2, 0xBD91, 0xBD91, 0xC5D2, 0xCDF2, 0xCE12, 0xCE12, 0xCDF2, 0xCDF2,
    0xC5F2, 0xC5B1, 0xB54F, 0xB54F, 0xBD90, 0xC5B1, 0xC5D1, 0xC5D1, 0xC5F2, 0xCDF2, 0xCDF2, 0xCDF2,
    0xCDF2, 0xCDF2, 0xCDF2, 0xCDF2, 0xCDF2, 0xCDF2, 0xCDF2, 0xCDF2, 0xCDF2, 0xC5D2, 0xBD70, 0xBD70,
    0xC5D2, 0xC5F2, 0xC5D1, 0xC5B1, 0xC5D2, 0xC5F2, 0xC5D2, 0xC5D1, 0xC5B1, 0xBD70, 0xACEE, 0xA4AD,
    0xA4CD, 0xAD0E, 0xBD70, 0xBDB1, 0xBD91, 0xBD91, 0xC5B1, 0xC5D1, 0xC5B1, 0xC5B1, 0xC5D2, 0xC5F2,
    0xC5D2, 0xC5D2, 0xC5F2, 0xCDF2, 0xCE13, 0xCE13, 0xCE13, 0xC5F2, 0xC5B1, 0xC5B1, 0xC5D2, 0xC5D2,
    0xC5D2, 0xC5D2, 0xC5D2, 0xC5D2, 0xCDF2, 0xCDF2, 0xC5D1, 0xBD70, 0xACEE, 0xAD0E, 0xC5B1, 0xCE13,
    0xCE13, 0xCE13, 0xCE13, 0xCE13, 0xCE13, 0xCE13, 0xCDF2, 0xCDF2, 0xCDF2, 0xC5F2, 0xCDF2, 0xC5F2,
    0xC5F2, 0xC5D2, 0xC5D2, 0xC5F2, 0xCDF2, 0xC5F2, 0xC5D2, 0xC5F2, 0xCE13, 0xCE13, 0xCDF3, 0xC5F2,
    0xC5D2, 0xC5D2, 0xC5D2, 0xBDB1, 0xB52F, 0xB54F, 0xC5D1, 0xCDF2, 0xC5D2, 0xC5D2, 0xCE12, 0xCE13,
    0xCE13, 0xCE13, 0xCE33, 0xCE33, 0xCE13, 0xCE13, 0xCE13, 0xCE12, 0xC5D2, 0xC5D2, 0xCDF2, 0xCDF2,
    0xC5B1, 0xC5B1, 0xC5D1, 0xC5D2, 0xCDF2, 0xCDF2, 0xCDF2, 0xCDF2, 0xC5D1, 0xBD90, 0xB52F, 0xB52F,
    0xBD70, 0xBDB1, 0xC5B1, 0xC5B1, 0xC5F2, 0xCE13, 0xCE13, 0xCE13, 0xCE13, 0xCE13, 0xCE12, 0xCDF2,
    0xC5F2, 0xCDF2, 0xCE12, 0xCE13, 0xCE12, 0xC5D2, 0xBD91, 0xBD91, 0xC5D2, 0xC5D2, 0xBD91, 0xBD91,
    0xC5D1, 0xC5D2, 0xC5D2, 0xC5D1, 0xBD91, 0xB54F, 0xA4EE, 0xA4AD, 0xA4CD, 0xACEE, 0xBD70, 0xBDB1,
    0xBD90, 0xBD91, 0xC5B1, 0xC5B1, 0xC5D1, 0xC5D2, 0xC5F2, 0xCDF2, 0xC5D2, 0xC5D2, 0xC5F2, 0xCDF2,
    0xCE12, 0xCE13, 0xCDF3, 0xCDF2, 0xC5D2, 0xC5D1, 0xC5D2, 0xC5D2, 0xC5D2, 0xC5D2, 0xC5D2, 0xC5D2,
    0xCDF2, 0xCDF2, 0xC5D2, 0xBD90, 0xAD0E, 0xAD0F, 0xC5D2, 0xCE13, 0xCE13, 0xCE13, 0xCE13, 0xCE13,
    0xCE13, 0xCE13, 0xCDF2, 0xCDF2, 0xCDF2, 0xCDF2, 0xCDF3, 0xCDF2, 0xC5D2, 0xC5D2, 0xC5D2, 0xC5D2,
    0xCDF2, 0xC5F2, 0xC5D2, 0xC5D2, 0xCDF2, 0xCE13, 0xCDF2, 0xC5F2, 0xC5D2, 0xC5D2, 0xC5D1, 0xBDB1,
    0xB54F, 0xB550, 0xC5D2, 0xCE13, 0xC5F2, 0xC5F2, 0xCE13, 0xCE13, 0xCE13, 0xCE13, 0xCE33, 0xCE33,
    0xCE13, 0xCE13, 0xCE13, 0xCE12, 0xCDF2, 0xCDF2, 0xCE12, 0xCDF2, 0xC5D1, 0xC5B1, 0xC5D2, 0xC5F2,
    0xCDF2, 0xCDF2, 0xCDF2, 0xC5D2, 0xC5B1, 0xBD90, 0xB52F, 0xB52F, 0xBD70, 0xBD90, 0xC5B1, 0xC5D1,
    0xCDF2, 0xCE13, 0xCDF2, 0xCDF2, 0xCDF3, 0xCDF3, 0xCDF2, 0xCDF2, 0xC5F2, 0xC5F2, 0xCDF2, 0xCDF2,
    0xCDF2, 0xC5D2, 0xC5B1, 0xBDB1, 0xC5D2, 0xC5D2, 0xBD91, 0xBD91, 0xC5B1, 0xC5D2, 0xC5D2, 0xC5B1,
    0xBD91, 0xB54F, 0xA4EE, 0xA4AD, 0x9C8C, 0xA4CD, 0xB54F, 0xBD90, 0xBD91, 0xBDB1, 0xC5B1, 0xC5B1,
    0xC5D1, 0xC5D2, 0xC5F2, 0xC5D2, 0xC5B1, 0xC5B1, 0xC5D2, 0xCDF2, 0xCDF2, 0xCDF2, 0xCE13, 0xCDF2,
    0xC5F2, 0xC5D2, 0xC5D2, 0xC5D2, 0xC5F2, 0xCDF2, 0xCDF2, 0xCDF2, 0xCDF2, 0xC5F2, 0xC5D2, 0xBD91,
    0xAD0F, 0xAD2F, 0xC5D2, 0xCE13, 0xCE13, 0xCE13, 0xCDF2, 0xCDF2, 0xCE13, 0xCE13, 0xCE13, 0xCE13,
    0xCE13, 0xCE13, 0xCDF3, 0xC5F2, 0xC5F2, 0xC5F2, 0xCDF2, 0xCDF2, 0xCDF3, 0xCDF3, 0xCDF2, 0xC5F2,
    0xC5D2, 0xC5D2, 0xCDF3, 0xCE13, 0xC5F2, 0xC5D2, 0xC5D1, 0xBD91, 0xB54F, 0xBD70, 0xC5F2, 0xCE13,
    0xCE13, 0xCE13, 0xCE13, 0xCE13, 0xCE13, 0xCE13, 0xCE13, 0xCE13, 0xCDF3, 0xCDF2, 0xCDF2, 0xCDF2,
    0xCDF2, 0xCDF2, 0xCDF2, 0xCDF2, 0xC5D2, 0xC5D2, 0xCDF2, 0xCDF2, 0xCE13, 0xCDF2, 0xC5D2, 0xC5B1,
    0xC5D1, 0xBD91, 0xB54F, 0xB52F, 0xBD70, 0xC591, 0xC5B1, 0xC5D2, 0xCDF2, 0xCDF2, 0xC5D2, 0xC5D2,
    0xC5D2, 0xC5F2, 0xC5F2, 0xC5F2, 0xC5D2, 0xC5D2, 0xC5B1, 0xC5B1, 0xC5D2, 0xC5D2, 0xC5B1, 0xC5B1,
    0xC5D2, 0xC5D2, 0xC5D1, 0xC5B1, 0xC5B1, 0xC5B1, 0xC5B2, 0xC5B1, 0xBDB1, 0xB570, 0xACEE, 0xA4AD,
    0x9C8C, 0xA4CD, 0xB54F, 0xBD90, 0xBDB1, 0xC5B1, 0xC5B1, 0xC5B1, 0xC5B1, 0xC5D1, 0xC5D1, 0xC5D1,
    0xBD91, 0xBD91, 0xC5D2, 0xC5F2, 0xC5F2, 0xC5F2, 0xCDF2, 0xCDF3, 0xCDF2, 0xC5D2, 0xC5D2, 0xC5D2,
    0xCDF2, 0xCE13, 0xCE13, 0xCE13, 0xCDF2, 0xC5D2, 0xC5D2, 0xBD91, 0xAD0F, 0xAD2F, 0xC5D1, 0xCE13,
    0xCE13, 0xCE13, 0xC5F2, 0xC5F2, 0xCE13, 0xCE13, 0xCE13, 0xCE13, 0xCE13, 0xCE13, 0xC5F2, 0xC5F2,
    0xCDF2, 0xCE13, 0xCE13, 0xCE13, 0xCDF3, 0xCDF3, 0xCE13, 0xCDF2, 0xC5D2, 0xC5D2, 0xCDF3, 0xCE13,
    0xCDF3, 0xC5F2, 0xC5B1, 0xBD91, 0xB550, 0xBD70, 0xC5F2, 0xCE13, 0xCE13, 0xCE13, 0xCE13, 0xCE13,
    0xCE13, 0xCE13, 0xCE13, 0xCDF3, 0xCDF2, 0xC5D2, 0xC5F2, 0xC5F2, 0xC5F2, 0xC5F2, 0xCDF2, 0xCDF2,
    0xC5D2, 0xC5D2, 0xC5F2, 0xCDF2, 0xCDF2, 0xCDF2, 0xC5D2, 0xC5B1, 0xC5D2, 0xC5B1, 0xB54F, 0xB52F,
    0xBD70, 0xC5B1, 0xC5D2, 0xCDF2, 0xCDF2, 0xCDF2, 0xC5F2, 0xC5D2, 0xC5D2, 0xC5D2, 0xC5F2, 0xC5F2,
    0xC5F2, 0xC5D2, 0xBDB1, 0xBDB1, 0xC5D2, 0xC5D2, 0xC5B1, 0xC5B1, 0xC5D2, 0xC5D2, 0xC5D1, 0xC5B1,
    0xC5B1, 0xC5D1, 0xC5D2, 0xC5B1, 0xC5B1, 0xBD70, 0xACEE, 0xA4CD, 0xA4AD, 0xACEE, 0xBD70, 0xBD91,
    0xBD91, 0xC5B1, 0xC5D1, 0xC5B1, 0xBD91, 0xBD90, 0xBD91, 0xBDB1, 0xC5B1, 0xC5B1, 0xC5D2, 0xC5D2,
    0xC5D1, 0xC5F2, 0xC5F2, 0xCDF2, 0xC5F2, 0xC5F2, 0xC5F2, 0xCDF2, 0xCE13, 0xCE13, 0xCE13, 0xCDF3,
    0xC5F2, 0xC5D2, 0xC5D1, 0xBD90, 0xAD0F, 0xB52F, 0xC5B1, 0xCE13, 0xCE13, 0xCE13, 0xC5F2, 0xC5F2,
    0xCDF3, 0xCE13, 0xCDF2, 0xCDF2, 0xCDF2, 0xC5F2, 0xC5D2, 0xC5D2, 0xCE13, 0xCE13, 0xCE13, 0xCE13,
    0xC5D2, 0xC5D2, 0xCE13, 0xCE13, 0xC5D2, 0xC5D2, 0xCDF2, 0xCE13, 0xCDF3, 0xC5F2, 0xC5D1, 0xBD91,
    0xB550, 0xBD70, 0xC5D2, 0xCDF3, 0xC5D2, 0xC5D2, 0xCE13, 0xCE13, 0xCE13, 0xCE13, 0xCDF2, 0xC5F2,
    0xC5D2, 0xC5F2, 0xC5F2, 0xC5F2, 0xC5D2, 0xC5D2, 0xC5D2, 0xC5D2, 0xC5B2, 0xC5B1, 0xBD91, 0xC5B1,
    0xC5D2, 0xC5F2, 0xC5D1, 0xC5D1, 0xCDF2, 0xC5D1, 0xBD70, 0xB54F, 0xBD70, 0xBD91, 0xC5D2, 0xCDF2,
    0xCE13, 0xCE13, 0xCE13, 0xCDF3, 0xCDF2, 0xCDF2, 0xCDF2, 0xCE13, 0xCDF2, 0xCDF2, 0xC5D2, 0xC5D2,
    0xC5D2, 0xC5D2, 0xBD91, 0xBD91, 0xBD91, 0xBD91, 0xBD91, 0xC5B1, 0xC5D2, 0xC5F2, 0xC5D2, 0xC5D1,
    0xC5B1, 0xBD70, 0xACEE, 0xA4CD, 0xA4CD, 0xAD0E, 0xBD70, 0xC5B1, 0xBD91, 0xBD91, 0xC5B1, 0xC5B1,
    0xBD90, 0xBD90, 0xBD91, 0xBDB1, 0xC5B1, 0xC5B1, 0xC5B1, 0xC5B1, 0xC5D1, 0xC5D2, 0xC5D2, 0xC5D2,
    0xC5D2, 0xC5F2, 0xCDF2, 0xCE12, 0xCE13, 0xCDF3, 0xCDF3, 0xCDF3, 0xCDF2, 0xC5D2, 0xC5D1, 0xBD70,
    0xAD0E, 0xAD2F, 0xC5B1, 0xCDF2, 0xCE13, 0xCDF2, 0xCDF2, 0xCDF2, 0xCDF3, 0xCDF3, 0xCDF2, 0xCDF2,
    0xC5F2, 0xC5F2, 0xC5D2, 0xC5F2, 0xCE13, 0xCE33, 0xCE33, 0xCE13, 0xC5D2, 0xC5D2, 0xCDF3, 0xCE13,
    0xC5F2, 0xC5D2, 0xC5D2, 0xC5D2, 0xC5D2, 0xC5D2, 0xC5D2, 0xBD91, 0xB550, 0xBD70, 0xC5D2, 0xC5F2,
    0xC5D2, 0xC5D2, 0xCDF3, 0xCE13, 0xCE13, 0xCE13, 0xC5D2, 0xC5D2, 0xC5F2, 0xC5F2, 0xC5F2, 0xC5F2,
    0xC5D2, 0xC5D2, 0xCDF2, 0xC5F2, 0xC5D2, 0xC5B1, 0xBD91, 0xC5B1, 0xC5D2, 0xC5D2, 0xC5D2, 0xC5D2,
    0xC5F2, 0xC5D1, 0xBD70, 0xB54F, 0xBD70, 0xC5B1, 0xC5F2, 0xCE13, 0xCE13, 0xCE13, 0xCE13, 0xCE13,
    0xCDF3, 0xCDF2, 0xCE13, 0xCE13, 0xCE13, 0xCDF2, 0xCDF2, 0xC5F2, 0xC5D2, 0xC5D2, 0xC5B1, 0xBD91,
    0xBD91, 0xBD91, 0xBD91, 0xBD91, 0xC5B1, 0xC5D1, 0xC5D2, 0xC5D1, 0xBDB1, 0xB550, 0xACEE, 0xA4CD,
    0xA4CE, 0xAD0E, 0xBD90, 0xC5B1, 0xBD91, 0xBD70, 0xBD70, 0xBD70, 0xC5B1, 0xC5D1, 0xC5D2, 0xC5B1,
    0xBD91, 0xBD91, 0xBD90, 0xC5B1, 0xC5D2, 0xC5F2, 0xC5D1, 0xC5D2, 0xC5D2, 0xCDF2, 0xCE13, 0xCE13,
    0xCDF2, 0xC5F2, 0xCE13, 0xCE13, 0xCDF2, 0xC5F2, 0xC5D1, 0xBD70, 0xAD0E, 0xAD0F, 0xC5B1, 0xCDF2,
    0xCE13, 0xCE13, 0xCDF2, 0xCE13, 0xCE13, 0xCE13, 0xCDF2, 0xC5F2, 0xCDF2, 0xCDF2, 0xCE13, 0xCE13,
    0xCE13, 0xCE13, 0xCE13, 0xCE13, 0xCE13, 0xCDF3, 0xC5F2, 0xCDF2, 0xCE13, 0xCDF2, 0xC5D2, 0xBDB1,
    0xC5B1, 0xC5B2, 0xC5D2, 0xC5B1, 0xBD70, 0xBD70, 0xC5B1, 0xC5D2, 0xC5B2, 0xC5D2, 0xCDF2, 0xCE13,
    0xCE13, 0xCDF2, 0xC5B2, 0xC5B2, 0xC5F2, 0xCDF3, 0xC5F2, 0xC5F2, 0xCDF2, 0xCE13, 0xCE13, 0xCDF3,
    0xC5F2, 0xC5D2, 0xC5F2, 0xC5D2, 0xC5D1, 0xC5D2, 0xC5F2, 0xC5F2, 0xC5D1, 0xBD91, 0xBD70, 0xB570,
    0xBD90, 0xC5D1, 0xC5F2, 0xCE12, 0xCE13, 0xCE13, 0xCE13, 0xCE13, 0xCDF3, 0xCDF2, 0xCDF2, 0xCDF2,
    0xCDF2, 0xCDF2, 0xC5D2, 0xC5D2, 0xC5F2, 0xC5F2, 0xC5D2, 0xC5D2, 0xC5D2, 0xC5B1, 0xBD91, 0xBD70,
    0xB550, 0xB550, 0xBDB1, 0xC5B1, 0xBD91, 0xB54F, 0xACEE, 0xA4CD, 0xA4CE, 0xAD0E, 0xBD70, 0xC5B1,
    0xBD91, 0xBD90, 0xBD70, 0xBD90, 0xC5B1, 0xC5D2, 0xC5F2, 0xC5D2, 0xBDB1, 0xBD91, 0xBD91, 0xC5B1,
    0xC5D2, 0xC5F2, 0xC5D2, 0xC5D2, 0xC5F2, 0xCDF2, 0xCDF2, 0xCDF2, 0xCDF2, 0xC5F2, 0xCE12, 0xCE13,
    0xCDF2, 0xCDF2, 0xC5D1, 0xBD70, 0xACEE, 0xACEE, 0xBD91, 0xCDF2, 0xCDF2, 0xCE13, 0xCE13, 0xCE13,
    0xCE13, 0xCE13, 0xC5F2, 0xC5F2, 0xCDF2, 0xCE13, 0xCE13, 0xCE13, 0xCE13, 0xCE13, 0xCE13, 0xCE13,
    0xCE13, 0xCE13, 0xCDF2, 0xC5F2, 0xCDF2, 0xCDF2, 0xC5D2, 0xC5B1, 0xC5B2, 0xC5D2, 0xC5D2, 0xC5B1,
    0xBD70, 0xBD70, 0xC5D1, 0xC5D2, 0xC5D2, 0xC5D2, 0xCDF2, 0xCE13, 0xCE13, 0xCDF2, 0xC5D2, 0xC5D2,
    0xCE13, 0xCE13, 0xCDF3, 0xCDF3, 0xCE13, 0xCE13, 0xCE13, 0xCE13, 0xC5F2, 0xC5F2, 0xCDF2, 0xCDF2,
    0xC5D2, 0xC5D2, 0xCDF3, 0xCDF3, 0xC5D2, 0xBD91, 0xB570, 0xB570, 0xBD91, 0xC5D1, 0xC5F2, 0xCDF2,
    0xCE13, 0xCE13, 0xCE13, 0xCE13, 0xCE13, 0xCDF2, 0xCDF2, 0xCDF2, 0xCDF2, 0xCDF2, 0xC5D2, 0xC5D2,
    0xCDF2, 0xCDF3, 0xCDF2, 0xCDF2, 0xC5F2, 0xC5D2, 0xC5B1, 0xBD70, 0xB52F, 0xB54F, 0xBD91, 0xC5B1,
    0xBD90, 0xB54F, 0xACEE, 0xA4CD, 0xA4AD, 0xACEE, 0xBD70, 0xC5B1, 0xC5B1, 0xC5B1, 0xC5B1, 0xC5B1,
    0xC5D1, 0xC5D2, 0xC5D2, 0xC5D2, 0xC5D2, 0xC5D2, 0xC5D1, 0xC5D2, 0xC5D2, 0xC5F2, 0xC5F2, 0xC5F2,
    0xCDF2, 0xCDF2, 0xC5F2, 0xC5F2, 0xCE13, 0xCE13, 0xCDF2, 0xCDF2, 0xCE13, 0xCDF2, 0xC5B1, 0xB570,
    0xA4CE, 0xA4EE, 0xBD70, 0xC5D2, 0xC5F2, 0xCE12, 0xCE13, 0xCE13, 0xCDF3, 0xCDF2, 0xC5F2, 0xC5F2,
    0xCDF2, 0xCE12, 0xCDF2, 0xCDF2, 0xC5F2, 0xCDF2, 0xCE13, 0xCE13, 0xCE33, 0xCE33, 0xCE13, 0xCDF3,
    0xC5D2, 0xC5D2, 0xC5F2, 0xCDF2, 0xCE13, 0xCDF3, 0xC5F2, 0xC5B1, 0xBD70, 0xBD90, 0xC5F2, 0xCE13,
    0xCDF2, 0xCDF3, 0xCE13, 0xCE13, 0xCDF3, 0xCDF3, 0xCE13, 0xCE13, 0xCE33, 0xCE33, 0xCE13, 0xCE13,
    0xCE13, 0xCE13, 0xCE13, 0xCE13, 0xC5D2, 0xC5D1, 0xC5D2, 0xC5F2, 0xC5D2, 0xC5F2, 0xCE13, 0xCE13,
    0xCE13, 0xC5D2, 0xBD70, 0xB570, 0xBD91, 0xC5D1, 0xC5F2, 0xCDF2, 0xCE13, 0xCE33, 0xCE13, 0xCE13,
    0xCDF3, 0xCDF3, 0xCE13, 0xCE13, 0xCDF2, 0xCDF2, 0xCDF2, 0xC5F2, 0xCDF2, 0xCDF2, 0xC5F2, 0xC5F2,
    0xC5D2, 0xC5D2, 0xC5D1, 0xBDB1, 0xBD70, 0xBD70, 0xBD91, 0xBD91, 0xBD70, 0xB54F, 0xACEE, 0xA4CD,
    0xA4AD, 0xACEE, 0xB570, 0xC5B1, 0xC5B1, 0xC5B1, 0xC5D1, 0xC5D1, 0xC5D2, 0xC5D2, 0xC5D2, 0xC5D2,
    0xC5F2, 0xC5F2, 0xC5D2, 0xC5D2, 0xC5D2, 0xC5D2, 0xC5D2, 0xC5D2, 0xCDF2, 0xCDF2, 0xC5F2, 0xC5F2,
    0xCE13, 0xCE13, 0xCDF3, 0xCDF2, 0xCDF3, 0xC5F2, 0xC5D1, 0xB570, 0xA4CD, 0xA4CE, 0xBD70, 0xC5D2,
    0xCDF2, 0xCE13, 0xCE13, 0xCE13, 0xCDF3, 0xC5F2, 0xC5D2, 0xC5F2, 0xCDF2, 0xCDF2, 0xC5D2, 0xC5D2,
    0xC5D2, 0xCDF2, 0xCE13, 0xCE13, 0xCE33, 0xCE33, 0xCE13, 0xCE13, 0xC5D2, 0xC5D2, 0xCDF2, 0xCE13,
    0xCE13, 0xCE13, 0xC5F2, 0xC5B1, 0xBD70, 0xBD70, 0xC5D2, 0xCDF2, 0xCDF2, 0xCDF2, 0xCDF3, 0xCDF3,
    0xCDF2, 0xCE13, 0xCE13, 0xD633, 0xD634, 0xD634, 0xCE33, 0xCE13, 0xCE13, 0xCE13, 0xCE13, 0xCE13,
    0xC5D2, 0xC5B1, 0xC5D2, 0xC5D2, 0xC5F2, 0xCDF2, 0xCE13, 0xCE13, 0xCE13, 0xC5F2, 0xBD70, 0xB570,
    0xBD91, 0xC5B1, 0xC5D2, 0xCDF2, 0xCDF2, 0xCE13, 0xCE13, 0xCE13, 0xCE13, 0xCE13, 0xCE13, 0xCE13,
    0xCE13, 0xCDF2, 0xCDF2, 0xCDF2, 0xCDF2, 0xCDF2, 0xC5F2, 0xC5D2, 0xC5D1, 0xC5D1, 0xC5D2, 0xC5D2,
    0xC5B1, 0xBDB1, 0xBDB1, 0xBD91, 0xBD91, 0xB550, 0xACEE, 0xA4CD, 0xA4AD, 0xACEE, 0xB550, 0xBD90,
    0xBD90, 0xBD91, 0xBDB1, 0xC5B1, 0xC5D2, 0xC5D2, 0xC5F2, 0xCDF2, 0xCDF2, 0xCDF2, 0xC5D2, 0xC5D2,
    0xC5D2, 0xC5D2, 0xBDB1, 0xC5B1, 0xC5D1, 0xCDF2, 0xCDF2, 0xCDF2, 0xCDF2, 0xCDF2, 0xCE13, 0xCE13,
    0xCDF2, 0xC5F2, 0xC5D2, 0xBD90, 0xA4CE, 0xA4CE, 0xBD70, 0xC5D2, 0xCE13, 0xCE13, 0xCE13, 0xCE13,
    0xCE13, 0xCDF3, 0xC5F2, 0xC5F2, 0xCE12, 0xCDF2, 0xC5B1, 0xC5B1, 0xCDF2, 0xCE13, 0xCE13, 0xCE13,
    0xCE13, 0xCE13, 0xCE13, 0xCE13, 0xCDF3, 0xC5F2, 0xC5F2, 0xC5F2, 0xCDF2, 0xCDF2, 0xC5D2, 0xBDB1,
    0xB570, 0xB570, 0xBDB1, 0xC5D2, 0xC5D2, 0xC5D2, 0xC5D2, 0xC5F2, 0xCDF2, 0xCE13, 0xCE13, 0xCE13,
    0xCE33, 0xCE33, 0xCE33, 0xCE13, 0xCE13, 0xCE13, 0xCE13, 0xCE13, 0xC5F2, 0xC5D2, 0xC5D2, 0xC5D2,
    0xCDF2, 0xCE13, 0xCDF2, 0xCE13, 0xCE13, 0xCDF2, 0xBD91, 0xBD70, 0xBD91, 0xC5B1, 0xC5D2, 0xC5D2,
    0xC5B1, 0xC5D2, 0xCE13, 0xCE13, 0xCE13, 0xCE13, 0xCE13, 0xCE13, 0xCE13, 0xCE13, 0xCDF2, 0xCDF2,
    0xCE13, 0xCE13, 0xCDF2, 0xC5D2, 0xBDB1, 0xBD91, 0xC5D2, 0xC5D2, 0xC5D2, 0xC5D2, 0xC5B1, 0xBDB1,
    0xC5B1, 0xBD70, 0xAD0E, 0xA4CE, 0xA4CD, 0xACEE, 0xB550, 0xBD90, 0xBD90, 0xBD90, 0xBD90, 0xBDB1,
    0xC5B1, 0xC5D2, 0xC5D2, 0xC5D2, 0xC5F2, 0xC5F2, 0xC5D2, 0xC5D2, 0xC5D2, 0xC5D1, 0xBD91, 0xBD90,
    0xC5B1, 0xC5D2, 0xC5D2, 0xC5F2, 0xC5D2, 0xC5F2, 0xCE13, 0xCE13, 0xC5D2, 0xC5D2, 0xC5D1, 0xBD90,
    0xAD0E, 0xAD0E, 0xBD90, 0xC5D2, 0xCDF2, 0xCE13, 0xCE13, 0xCE13, 0xCE13, 0xCE13, 0xC5F2, 0xC5F2,
    0xCDF2, 0xCDF2, 0xC5B1, 0xC5B1, 0xCDF2, 0xCE13, 0xCDF2, 0xCDF2, 0xCE13, 0xCE13, 0xCE13, 0xCE13,
    0xCE13, 0xCDF3, 0xC5F2, 0xC5D2, 0xC5F2, 0xC5F2, 0xC5D2, 0xBD91, 0xB550, 0xB570, 0xBD91, 0xC5B1,
    0xC5B1, 0xC5B2, 0xC5D2, 0xC5D2, 0xCDF2, 0xCDF2, 0xCE13, 0xCE13, 0xCE13, 0xCE13, 0xCE13, 0xCE13,
    0xCDF3, 0xCDF2, 0xCE13, 0xCE13, 0xCDF2, 0xC5D2, 0xC5D2, 0xC5D2, 0xCDF3, 0xCE13, 0xCDF2, 0xCDF2,
    0xCE13, 0xC5F2, 0xBD91, 0xBD70, 0xBD91, 0xC5B1, 0xC5D2, 0xC5D2, 0xBDB1, 0xC5B1, 0xC5F2, 0xCDF3,
    0xCE13, 0xCE13, 0xCE13, 0xCE13, 0xCE13, 0xCDF3, 0xCDF2, 0xCDF2, 0xCE13, 0xCE12, 0xC5F2, 0xC5D2,
    0xBD91, 0xBD91, 0xC5B1, 0xC5D2, 0xC5D2, 0xC5D2, 0xC5B1, 0xBDB1, 0xC5B1, 0xBD90, 0xAD0F, 0xA4EE,
    0xA4CE, 0xAD0E, 0xBD70, 0xBD90, 0xBD90, 0xBD90, 0xBD90, 0xBD90, 0xC5B1, 0xC5B1, 0xC5B1, 0xC5B1,
    0xC5D1, 0xC5D2, 0xC5D2, 0xC5D2, 0xC5D1, 0xC5B1, 0xBD91, 0xBD91, 0xC5B1, 0xC5B1, 0xBD91, 0xBDB1,
    0xC5D1, 0xC5D2, 0xCDF2, 0xC5F2, 0xC5D1, 0xBDB1, 0xBD90, 0xBD70, 0xB52F, 0xB54F, 0xBDB1, 0xC5D1,
    0xC5D2, 0xC5D2, 0xC5D2, 0xC5F2, 0xCDF2, 0xCDF2, 0xCDF2, 0xC5F2, 0xCDF2, 0xCDF2, 0xC5D2, 0xC5D2,
    0xC5F2, 0xCDF2, 0xC5F2, 0xC5F2, 0xCDF2, 0xCDF2, 0xC5F2, 0xCDF2, 0xCE13, 0xCE13, 0xC5F2, 0xC5F2,
    0xCDF2, 0xC5F2, 0xC5B1, 0xBD91, 0xB570, 0xBD70, 0xC5B1, 0xC5D2, 0xC5D2, 0xC5D2, 0xC5D2, 0xC5D2,
    0xC5D2, 0xC5D2, 0xCDF2, 0xCE13, 0xCE13, 0xCE13, 0xCE13, 0xCDF2, 0xCDF2, 0xCDF2, 0xCDF2, 0xCDF2,
    0xCDF2, 0xC5F2, 0xC5D2, 0xC5D2, 0xCDF2, 0xCDF2, 0xCDF2, 0xCDF2, 0xCDF2, 0xC5D2, 0xBD91, 0xBD70,
    0xBD91, 0xBDB1, 0xC5B1, 0xC5D1, 0xC5D1, 0xC5B1, 0xC5B1, 0xC5D2, 0xCDF2, 0xCDF3, 0xCDF2, 0xC5F2,
    0xC5D2, 0xC5F2, 0xC5F2, 0xCDF2, 0xCDF2, 0xC5F2, 0xC5D2, 0xC5B1, 0xC5B1, 0xBDB1, 0xC5B1, 0xC5B1,
    0xC5B1, 0xC5B1, 0xBDB1, 0xBDB1, 0xC5B1, 0xBD90, 0xB52F, 0xAD0E, 0x9C8D, 0xA4AD, 0xAD0E, 0xB52F,
    0xB52F, 0xB52F, 0xB52F, 0xB52F, 0xB550, 0xB550, 0xB52F, 0xB52F, 0xB550, 0xBD70, 0xBD70, 0xBD70,
    0xBD70, 0xB550, 0xB54F, 0xB54F, 0xB550, 0xB550, 0xB52F, 0xB52F, 0xB550, 0xBD70, 0xBD91, 0xBD91,
    0xBD70, 0xB570, 0xB550, 0xB54F, 0xAD0F, 0xAD0F, 0xB550, 0xBD70, 0xB570, 0xB570, 0xBD70, 0xBD91,
    0xBD91, 0xBDB1, 0xBDB1, 0xBD91, 0xBD91, 0xBD91, 0xBD91, 0xBD91, 0xBD91, 0xBD91, 0xBD91, 0xBD91,
    0xBD91, 0xBD91, 0xBD91, 0xBD91, 0xC5B1, 0xC5B1, 0xBDB1, 0xBD91, 0xBDB1, 0xBD91, 0xBD90, 0xB550,
    0xAD0F, 0xAD0F, 0xB570, 0xBD91, 0xBD91, 0xBD91, 0xBD91, 0xBD91, 0xBD70, 0xBD90, 0xBDB1, 0xC5B1,
    0xC5D2, 0xC5D2, 0xC5B1, 0xBDB1, 0xBDB1, 0xBDB1, 0xBD91, 0xBD91, 0xBD91, 0xBD91, 0xBD91, 0xBD91,
    0xBDB1, 0xBDB1, 0xBDB1, 0xBDB1, 0xBDB1, 0xBD91, 0xB550, 0xB54F, 0xB570, 0xBD70, 0xBD70, 0xBD70,
    0xBD90, 0xBD70, 0xB550, 0xB550, 0xBD91, 0xBD91, 0xBD91, 0xBD90, 0xBD70, 0xBD70, 0xBD90, 0xBD91,
    0xBD91, 0xBD90, 0xBD70, 0xBD70, 0xB550, 0xB550, 0xB550, 0xB550, 0xB550, 0xB550, 0xB550, 0xB550,
    0xB550, 0xAD2F, 0xA4EE, 0xA4CD, 0x8BEA, 0x8C0B, 0x944C, 0x9C6C, 0x9C6C, 0x9C8C, 0x9C8D, 0xA4AD,
    0x9C8D, 0x9C8D, 0x9C6C, 0x9C6C, 0x9CAD, 0xA4AD, 0xA4CE, 0xA4CE, 0xA4CE, 0xA4CD, 0x9CAD, 0x9CAD,
    0xA4AD, 0xA4AD, 0xA4AD, 0xA4AD, 0xA4AD, 0xA4CD, 0xACEE, 0xACEE, 0xACEE, 0xACEE, 0xB52F, 0xACEE,
    0x946C, 0x944C, 0x9CAD, 0xA4CE, 0xA4AD, 0xA4AD, 0xACEE, 0xAD0E, 0xACEE, 0xACEE, 0xAD0F, 0xAD0F,
    0xACEE, 0xACEE, 0xAD0E, 0xAD0E, 0xAD0E, 0xAD0E, 0xAD0F, 0xACEF, 0xACEE, 0xACEE, 0xACEE, 0xAD0E,
    0xAD0F, 0xAD0F, 0xAD0F, 0xACEE, 0xACEE, 0xACEE, 0xAD0F, 0xACEE, 0x9C6C, 0x944C, 0xA4AE, 0xA4EE,
    0xA4CE, 0xA4EE, 0xA4EE, 0xACEE, 0xA4EE, 0xA4EE, 0xACEE, 0xAD0F, 0xB52F, 0xB52F, 0xB52F, 0xAD0F,
    0xAD0F, 0xAD0F, 0xAD0F, 0xACEE, 0xA4CE, 0xA4CE, 0xACEE, 0xACEF, 0xAD0F, 0xAD0F, 0xAD0F, 0xAD0F,
    0xAD0F, 0xAD0E, 0xA4CE, 0xA4CE, 0xAD0F, 0xAD0F, 0xA4CE, 0xA4CE, 0xA4EE, 0xA4CE, 0xA4AD, 0xA4AD,
    0xA4CD, 0xA4CE, 0xA4EE, 0xA4EE, 0xA4CE, 0xA4CE, 0xA4CD, 0xA4CE, 0xACEE, 0xACEE, 0xA4CE, 0xA4CE,
    0xA4CD, 0xA4CD, 0xA4AD, 0xA4AD, 0xA4AD, 0xA4AD, 0xA4CD, 0xA4AD, 0x9C8D, 0x946C, 0x942B, 0x8C0B,
    0x83EA, 0x8C0A, 0x944B, 0x9C6C, 0x9C6C, 0x9C8C, 0xA4AD, 0xA4AD, 0x9C8D, 0x9C8D, 0x9C6C, 0x9C8D,
    0x9C8D, 0xA4AD, 0xA4CE, 0xA4EE, 0xA4EE, 0xA4CE, 0xA4AD, 0xA4AD, 0xA4CE, 0xA4CE, 0xA4CE, 0xA4CD,
    0xA4AD, 0xA4CE, 0xACEE, 0xACEE, 0xACEE, 0xAD0F, 0xB550, 0xAD0F, 0x946C, 0x942B, 0x9C8D, 0xA4AD,
    0x9CAD, 0xA4AD, 0xACEE, 0xAD0F, 0xAD0F, 0xAD0F, 0xAD0F, 0xAD0F, 0xACEE, 0xACEE, 0xACEE, 0xAD0E,
    0xAD0F, 0xAD0F, 0xAD0F, 0xAD0F, 0xAD0F, 0xAD0F, 0xAD0E, 0xAD0F, 0xAD0F, 0xAD0F, 0xAD0E, 0xACEE,
    0xA4CD, 0xACCE, 0xAD0E, 0xACEE, 0x9C6C, 0x946C, 0xA4CE, 0xACEF, 0xA4EE, 0xA4EE, 0xACEE, 0xACEE,
    0xA4EE, 0xA4EE, 0xA4EE, 0xACEE, 0xAD0F, 0xB52F, 0xAD0F, 0xAD0F, 0xAD2F, 0xAD2F, 0xAD0F, 0xAD0F,
    0xA4CE, 0xA4CE, 0xACEE, 0xAD0F, 0xAD0F, 0xAD0F, 0xAD0F, 0xAD0F, 0xAD0F, 0xAD0F, 0xA4CE, 0xA4CE,
    0xAD2F, 0xAD2F, 0xA4EE, 0xA4CE, 0xACEE, 0xA4EE, 0xA4AD, 0xA4AD, 0xA4CE, 0xA4CE, 0xA4CE, 0xA4CE,
    0xA4CE, 0xA4CE, 0xA4CD, 0xA4CE, 0xACEE, 0xACEE, 0xA4EE, 0xA4CE, 0xA4CE, 0xA4CE, 0xA4CD, 0xA4CD,
    0xA4CE, 0xA4CD, 0xA4AD, 0x9CAD, 0x9C6C, 0x944C, 0x8C0B, 0x83EA, 0x9C4C, 0x9C8C, 0xACEE, 0xB52F,
    0xB54F, 0xB54F, 0xB54F, 0xB54F, 0xB52F, 0xB54F, 0xB550, 0xB570, 0xB550, 0xB550, 0xBD70, 0xBD90,
    0xBD91, 0xBD91, 0xB550, 0xB570, 0xBD91, 0xBD91, 0xBD90, 0xBD70, 0xBD90, 0xBD91, 0xBD91, 0xBD91,
    0xBD91, 0xBD91, 0xC5B1, 0xBD70, 0xACEE, 0xA4CE, 0xAD0F, 0xB550, 0xB550, 0xB570, 0xBD91, 0xC5B1,
    0xC5B1, 0xC5D2, 0xC5D2, 0xC5D2, 0xBDB1, 0xBD91, 0xBD91, 0xBD91, 0xC5B1, 0xC5B2, 0xC5B1, 0xC5B1,
    0xC5D2, 0xC5D2, 0xC5B2, 0xC5B1, 0xC5B1, 0xBDB1, 0xBD91, 0xBD70, 0xBD70, 0xBD50, 0xBD70, 0xB550,
    0xAD0E, 0xAD2F, 0xBD91, 0xC5D2, 0xC5B1, 0xBDB1, 0xBDB1, 0xBD91, 0xBD90, 0xBD70, 0xBD70, 0xBD71,
    0xBD71, 0xBD91, 0xBD91, 0xBDB1, 0xC5B1, 0xC5B2, 0xC5D2, 0xC5B2, 0xBDB1, 0xBDB1, 0xC5B2, 0xC5B2,
    0xBDB1, 0xBD91, 0xBD91, 0xBD91, 0xC5B1, 0xBD91, 0xB550, 0xB550, 0xBD91, 0xBDB1, 0xBD91, 0xBD91,
    0xBD91, 0xBD91, 0xB570, 0xBD70, 0xBD91, 0xBD91, 0xBD70, 0xB570, 0xBD91, 0xBD91, 0xBD91, 0xBD91,
    0xBD70, 0xBD90, 0xBD91, 0xBD91, 0xBD70, 0xBD70, 0xBD70, 0xBD90, 0xBD91, 0xBD70, 0xB54F, 0xB52F,
    0xAD0F, 0xA4CE, 0x9C6C, 0x942B, 0xA4AD, 0xACCD, 0xB54F, 0xBD90, 0xBD91, 0xBD91, 0xBD91, 0xBD90,
    0xBD90, 0xBD91, 0xC5D1, 0xC5D2, 0xC5B1, 0xC5B1, 0xC5D2, 0xC5F2, 0xC5F2, 0xC5D2, 0xC5D2, 0xC5D2,
    0xC5F2, 0xCDF2, 0xC5D2, 0xC5D1, 0xC5F2, 0xCDF2, 0xC5D2, 0xC5D2, 0xC5F2, 0xC5F2, 0xC5F2, 0xBDB1,
    0xAD2F, 0xAD0F, 0xBD71, 0xC5B1, 0xC5B2, 0xC5D2, 0xC5F2, 0xCE13, 0xCE13, 0xCE33, 0xCE33, 0xCE13,
    0xCE13, 0xCDF3, 0xC5D2, 0xC5D2, 0xCE13, 0xCE13, 0xCE13, 0xCE13, 0xCE13, 0xCE13, 0xCE13, 0xCDF3,
    0xCE13, 0xCDF2, 0xC5D2, 0xC5D1, 0xC5B1, 0xC5B1, 0xC5B1, 0xBD90, 0xB570, 0xBD90, 0xCDF2, 0xCE33,
    0xCE13, 0xCE13, 0xCDF2, 0xC5F2, 0xC5D1, 0xC5B1, 0xC5D2, 0xC5D2, 0xC5D2, 0xC5D2, 0xC5F2, 0xCDF2,
    0xCE13, 0xCE13, 0xCE13, 0xCE13, 0xCE13, 0xCE13, 0xCE33, 0xCE13, 0xCDF3, 0xC5D2, 0xC5B2, 0xC5D2,
    0xC5F2, 0xC5D2, 0xBD91, 0xBD91, 0xC5D1, 0xC5F2, 0xC5F2, 0xC5F2, 0xC5F2, 0xC5D2, 0xC5D2, 0xC5D2,
    0xCDF2, 0xC5F2, 0xC5B1, 0xC5B1, 0xC5D2, 0xCDF2, 0xCDF2, 0xCDF2, 0xC5D2, 0xC5D2, 0xC5F2, 0xC5F2,
    0xC5D2, 0xC5D1, 0xC5D2, 0xC5D2, 0xC5D2, 0xC5D1, 0xBD90, 0xBD70, 0xBD70, 0xB52F, 0xA4AD, 0x9C6C,
    0xA4CD, 0xACEE, 0xBD70, 0xBD90, 0xBD70, 0xBD70, 0xBD70, 0xBD90, 0xBD90, 0xBD91, 0xC5D1, 0xC5D2,
    0xC5B1, 0xC5D1, 0xC5F2, 0xC5F2, 0xC5D2, 0xC5D2, 0xC5D2, 0xC5F2, 0xCDF2, 0xC5D2, 0xBDB1, 0xC5B1,
    0xC5F2, 0xCDF2, 0xC5D2, 0xC5D2, 0xCDF2, 0xCDF2, 0xC5F2, 0xBD91, 0xAD0F, 0xAD0F, 0xBDB1, 0xC5F2,
    0xC5D2, 0xC5D2, 0xC5F2, 0xCE13, 0xCE33, 0xD633, 0xCE33, 0xCE13, 0xCE13, 0xCE13, 0xCDF2, 0xCDF2,
    0xCE13, 0xCE13, 0xCE13, 0xCE13, 0xC5F2, 0xC5D2, 0xC5D2, 0xC5D2, 0xCDF3, 0xCDF3, 0xC5D2, 0xC5D2,
    0xC5D2, 0xC5D2, 0xC5B1, 0xBD91, 0xBD70, 0xBD70, 0xC5D2, 0xCE13, 0xCE13, 0xCE13, 0xC5D2, 0xC5B1,
    0xC5B1, 0xC5B1, 0xC5F2, 0xCDF3, 0xCE13, 0xCE13, 0xCDF3, 0xCDF3, 0xCE13, 0xCE33, 0xCE13, 0xCE13,
    0xCE13, 0xCE13, 0xCE33, 0xCE13, 0xCE13, 0xC5F2, 0xBDB1, 0xBD91, 0xC5B1, 0xC5B1, 0xBD71, 0xBD91,
    0xC5D2, 0xCDF2, 0xCDF2, 0xCDF2, 0xC5F2, 0xC5F2, 0xC5F2, 0xCDF3, 0xCE13, 0xC5F2, 0xC5B2, 0xC5B1,
    0xC5D2, 0xC5D2, 0xC5F2, 0xC5F2, 0xC5D2, 0xC5D2, 0xC5D2, 0xC5F2, 0xC5D2, 0xC5D2, 0xBDB1, 0xBDB1,
    0xC5D1, 0xC5B1, 0xBD90, 0xBD70, 0xBD91, 0xB550, 0xACEE, 0xA4AD, 0xACCD, 0xAD0E, 0xBD70, 0xBD90,
    0xB550, 0xB54F, 0xBD70, 0xBD70, 0xBD90, 0xBD91, 0xC5B1, 0xC5D1, 0xC5B1, 0xC5D2, 0xCDF2, 0xC5F2,
    0xC5B1, 0xC5B1, 0xC5D2, 0xCDF2, 0xCDF2, 0xC5D2, 0xBD91, 0xBDB1, 0xCDF2, 0xCE13, 0xC5F2, 0xC5D2,
    0xCDF2, 0xC5F2, 0xC5D2, 0xBD91, 0xACEE, 0xAD0F, 0xC5B1, 0xCDF3, 0xC5F2, 0xC5F2, 0xCDF2, 0xCE13,
    0xCE33, 0xCE33, 0xCE13, 0xCE13, 0xCE13, 0xCE13, 0xCE13, 0xCE13, 0xCE13, 0xCE13, 0xCE13, 0xCE13,
    0xCDF2, 0xC5D2, 0xC5D2, 0xC5D2, 0xCE13, 0xCE13, 0xC5F2, 0xC5D2, 0xCDF2, 0xC5D2, 0xC5D1, 0xBD91,
    0xB570, 0xBD70, 0xC5D2, 0xCDF3, 0xCE13, 0xCE13, 0xC5D2, 0xC5B1, 0xC5B1, 0xC5D2, 0xCDF3, 0xCE13,
    0xCE33, 0xCE33, 0xCE13, 0xCE13, 0xCE33, 0xCE33, 0xCE13, 0xCE13, 0xCE13, 0xCE13, 0xCE13, 0xCE13,
    0xCE13, 0xC5F2, 0xC5B2, 0xC5B1, 0xC5B2, 0xC5B1, 0xBD70, 0xBD70, 0xC5B1, 0xC5F2, 0xCDF2, 0xCDF2,
    0xCDF2, 0xCDF3, 0xCE13, 0xCE13, 0xCE13, 0xCDF2, 0xC5D2, 0xC5D2, 0xC5D2, 0xC5D2, 0xC5D2, 0xC5D2,
    0xC5D2, 0xC5D2, 0xC5D2, 0xC5D2, 0xC5D2, 0xC5D2, 0xBDB1, 0xBD91, 0xC5B1, 0xC5B1, 0xBD90, 0xBD70,
    0xBD90, 0xB550, 0xACEE, 0xA4AD, 0xACED, 0xAD0E, 0xBD70, 0xBD90, 0xB54F, 0xB54F, 0xB54F, 0xBD70,
    0xBD90, 0xBD91, 0xBDB1, 0xBDB1, 0xC5B1, 0xC5D1, 0xCDF2, 0xC5D2, 0xBD91, 0xBD91, 0xC5D2, 0xC5F2,
    0xC5F2, 0xC5D2, 0xC5B1, 0xC5D2, 0xCE13, 0xCE13, 0xCDF2, 0xC5D2, 0xC5D2, 0xC5D2, 0xC5D2, 0xBD70,
    0xA4EE, 0xACEE, 0xBD91, 0xCDF2, 0xCDF2, 0xCDF2, 0xCE13, 0xCE13, 0xCE13, 0xCE13, 0xC5F2, 0xC5F2,
    0xCE13, 0xCE13, 0xCE13, 0xCE13, 0xCDF3, 0xCDF3, 0xCE13, 0xCE33, 0xCE33, 0xCE13, 0xCE13, 0xCE13,
    0xCE33, 0xCE13, 0xCE13, 0xCDF3, 0xC5D2, 0xC5B1, 0xC5B1, 0xBD90, 0xB550, 0xB570, 0xC5D2, 0xCE13,
    0xCE13, 0xCE13, 0xCDF3, 0xCDF2, 0xCDF3, 0xCE13, 0xCE13, 0xCE33, 0xCE33, 0xCE33, 0xCE13, 0xCE13,
    0xCE33, 0xCE33, 0xCE13, 0xCE13, 0xCDF2, 0xCDF2, 0xCE13, 0xCE13, 0xCDF3, 0xC5F2, 0xCDF2, 0xCDF3,
    0xCDF3, 0xC5D2, 0xB550, 0xB52F, 0xBD91, 0xC5D1, 0xC5F2, 0xCDF2, 0xCE13, 0xCE13, 0xCE13, 0xCE13,
    0xCE13, 0xCE13, 0xC5F2, 0xC5F2, 0xC5F2, 0xC5D2, 0xC5B1, 0xC5B1, 0xC5D2, 0xC5D2, 0xC5D2, 0xC5D2,
    0xC5D2, 0xC5D2, 0xC5B1, 0xC5B1, 0xC5B1, 0xBDB1, 0xBD90, 0xB570, 0xB550, 0xAD2F, 0xA4CD, 0xA4AD,
    0xACED, 0xAD0E, 0xBD70, 0xBD90, 0xB570, 0xB54F, 0xB54F, 0xBD70, 0xBD91, 0xBD91, 0xBD91, 0xBDB1,
    0xC5B1, 0xC5D1, 0xCDF2, 0xC5D2, 0xBD91, 0xBD91, 0xC5B1, 0xC5D2, 0xCDF2, 0xC5F2, 0xC5D2, 0xC5D2,
    0xCE13, 0xCE13, 0xCDF2, 0xC5F2, 0xC5D2, 0xC5D2, 0xC5D2, 0xBD70, 0xA4CE, 0xACEE, 0xBD91, 0xCDF2,
    0xCDF2, 0xCDF2, 0xCE13, 0xCE13, 0xCDF3, 0xC5F2, 0xC5D2, 0xC5F2, 0xCE13, 0xCE13, 0xCE33, 0xCE13,
    0xCDF3, 0xCDF3, 0xCE13, 0xCE33, 0xCE34, 0xD634, 0xCE33, 0xCE33, 0xCE33, 0xCE33, 0xCE13, 0xCDF3,
    0xC5D2, 0xC5B1, 0xC5B1, 0xBD90, 0xB54F, 0xB570, 0xC5D2, 0xCE13, 0xCE13, 0xCE13, 0xCE13, 0xCE13,
    0xCE13, 0xCE13, 0xCE33, 0xCE33, 0xCE33, 0xCE13, 0xCE13, 0xCE13, 0xCE13, 0xCE13, 0xCE13, 0xCE13,
    0xCDF3, 0xCDF3, 0xCE13, 0xCE13, 0xC5F3, 0xCDF3, 0xCE13, 0xCE13, 0xCE13, 0xC5D2, 0xB550, 0xB52F,
    0xBD70, 0xC5B1, 0xC5F2, 0xCE12, 0xCE13, 0xCE13, 0xCE13, 0xCE13, 0xCE13, 0xCE13, 0xCDF2, 0xCDF2,
    0xCDF2, 0xC5D2, 0xC5B1, 0xC5B1, 0xC5D2, 0xC5D2, 0xC5D2, 0xC5D2, 0xC5D2, 0xC5D2, 0xC5D2, 0xC5D1,
    0xC5D1, 0xBDB1, 0xBD90, 0xB570, 0xB54F, 0xAD0E, 0xA4CD, 0x9C8D, 0xA4CD, 0xAD0E, 0xBD70, 0xBDB1,
    0xBD70, 0xBD70, 0xBD70, 0xBD70, 0xBD70, 0xBD91, 0xBDB1, 0xC5B1, 0xC5D2, 0xC5D2, 0xC5F2, 0xC5D2,
    0xC5D2, 0xC5B2, 0xC5B2, 0xC5D2, 0xCE12, 0xCE13, 0xCDF2, 0xCDF2, 0xCDF3, 0xCE13, 0xCE13, 0xCE13,
    0xCE13, 0xCDF3, 0xC5F2, 0xBD91, 0xACEE, 0xACEE, 0xBDB1, 0xCDF2, 0xCDF2, 0xCDF2, 0xCE13, 0xCDF3,
    0xC5D2, 0xC5D2, 0xCDF3, 0xCE13, 0xCE13, 0xCE13, 0xCE13, 0xCE13, 0xCE13, 0xCE13, 0xCE33, 0xCE34,
    0xD634, 0xCE34, 0xCE33, 0xCE13, 0xCE13, 0xCE13, 0xCE13, 0xCE13, 0xC5F2, 0xC5D2, 0xC5D1, 0xBD91,
    0xB54F, 0xB550, 0xC5D1, 0xCE13, 0xCE13, 0xCE13, 0xCE13, 0xCE13, 0xCDF2, 0xCDF3, 0xCE13, 0xCE33,
    0xCE13, 0xCE13, 0xCE13, 0xCE13, 0xCE13, 0xCE13, 0xCE13, 0xCE13, 0xCE13, 0xCE13, 0xCE13, 0xCE13,
    0xCE13, 0xCE13, 0xCE13, 0xCE13, 0xCE13, 0xC5D2, 0xBD70, 0xB550, 0xBD90, 0xC5B1, 0xCDF2, 0xCE12,
    0xCE13, 0xCDF2, 0xC5F2, 0xC5F2, 0xC5F2, 0xCDF2, 0xCE12, 0xCDF2, 0xCDF2, 0xC5D2, 0xC5D2, 0xC5F2,
    0xCDF2, 0xCDF2, 0xC5F2, 0xC5D2, 0xC5F2, 0xC5F2, 0xC5F2, 0xC5F2, 0xC5D2, 0xC5B1, 0xBD90, 0xBD70,
    0xB54F, 0xAD2F, 0xA4CD, 0xA4AD, 0xA4CD, 0xAD0E, 0xBD70, 0xBDB1, 0xBD90, 0xBD70, 0xBD90, 0xBD91,
    0xBD91, 0xBD91, 0xC5B1, 0xC5D1, 0xC5D2, 0xC5D2, 0xC5F2, 0xC5F2, 0xC5F2, 0xC5F2, 0xC5D2, 0xC5D2,
    0xCE12, 0xCE13, 0xCDF2, 0xCDF2, 0xCDF2, 0xCE13, 0xCE13, 0xCE13, 0xCE13, 0xCDF3, 0xC5F2, 0xBD91,
    0xACEE, 0xACEE, 0xBD91, 0xCDF2, 0xCDF2, 0xCE12, 0xCE13, 0xCE13, 0xC5D2, 0xC5D2, 0xCE13, 0xCE33,
    0xCE13, 0xCE13, 0xCE33, 0xCE33, 0xCE13, 0xCE33, 0xCE33, 0xD634, 0xD634, 0xCE34, 0xCE33, 0xCE13,
    0xCE13, 0xCE13, 0xCDF3, 0xC5F2, 0xC5F2, 0xC5F2, 0xC5D2, 0xBDB1, 0xB54F, 0xB550, 0xC5D2, 0xCE13,
    0xCE13, 0xCE13, 0xCE13, 0xCE13, 0xC5F2, 0xC5F2, 0xCE13, 0xCE13, 0xCE13, 0xCE13, 0xCE13, 0xCE13,
    0xCE13, 0xCE13, 0xCE13, 0xCE13, 0xCE13, 0xCE13, 0xCE13, 0xCE13, 0xCE13, 0xCE13, 0xCDF3, 0xCDF3,
    0xCE13, 0xC5D2, 0xBD70, 0xB550, 0xBD90, 0xC5B1, 0xC5F2, 0xCDF2, 0xCDF2, 0xC5F2, 0xC5F2, 0xC5F2,
    0xC5D2, 0xC5F2, 0xCDF2, 0xCDF2, 0xC5D2, 0xC5D2, 0xCDF2, 0xCDF2, 0xCE13, 0xCE13, 0xC5F2, 0xC5F2,
    0xC5F2, 0xC5F2, 0xC5F2, 0xC5D2, 0xC5D1, 0xC5B1, 0xBD91, 0xBD70, 0xBD70, 0xB52F, 0xA4CD, 0x9C8C,
    0xA4CD, 0xAD0E, 0xBD70, 0xBD90, 0xBD70, 0xBD70, 0xC5B1, 0xC5D1, 0xC5B1, 0xC5B1, 0xC5D1, 0xC5D2,
    0xC5D2, 0xC5D2, 0xC5F2, 0xCE13, 0xCE13, 0xCE13, 0xCDF2, 0xCDF2, 0xCDF2, 0xC5F2, 0xC5D2, 0xC5D2,
    0xCE13, 0xCE13, 0xCDF2, 0xC5F2, 0xC5D2, 0xC5D2, 0xC5F2, 0xBD91, 0xA4EE, 0xA4CD, 0xBD90, 0xC5F2,
    0xCDF2, 0xCE13, 0xCE13, 0xCE13, 0xCE13, 0xCE13, 0xCE13, 0xCE13, 0xCE13, 0xCE13, 0xCE33, 0xD634,
    0xD634, 0xD634, 0xD634, 0xD634, 0xD634, 0xCE34, 0xCE33, 0xCE33, 0xCE33, 0xCE13, 0xC5D2, 0xC5D2,
    0xC5D2, 0xC5D2, 0xC5F2, 0xC5B1, 0xB54F, 0xB550, 0xC5D2, 0xCE13, 0xCE13, 0xCE13, 0xCE13, 0xCE13,
    0xCDF2, 0xC5D2, 0xC5D2, 0xC5F2, 0xCE13, 0xCE13, 0xCE13, 0xCE13, 0xC5F2, 0xC5F2, 0xCE13, 0xCE13,
    0xC5F2, 0xC5F2, 0xCE13, 0xCE13, 0xCE13, 0xCE13, 0xCDF3, 0xCDF2, 0xCDF3, 0xC5D2, 0xB570, 0xB54F,
    0xBD70, 0xBDB1, 0xC5D2, 0xCDF2, 0xC5F2, 0xC5D2, 0xC5F2, 0xC5F2, 0xC5D2, 0xC5D2, 0xC5D2, 0xC5D2,
    0xC5D2, 0xC5D2, 0xCDF2, 0xCE13, 0xCE13, 0xCE13, 0xCDF2, 0xC5F2, 0xC5F2, 0xC5F2, 0xC5D1, 0xC5B1,
    0xC5B1, 0xC5B1, 0xBDB1, 0xBD91, 0xBD90, 0xB52F, 0xA4AD, 0x9C6C, 0xA4CD, 0xAD0E, 0xBD70, 0xBD91,
    0xBD70, 0xBD90, 0xC5B1, 0xC5D1, 0xC5D1, 0xC5D1, 0xC5D2, 0xC5D2, 0xC5B1, 0xC5B1, 0xC5F2, 0xCE13,
    0xCE13, 0xCE13, 0xCE13, 0xCDF2, 0xCDF2, 0xC5D2, 0xC5D2, 0xC5D2, 0xCDF2, 0xCDF2, 0xCDF2, 0xC5F2,
    0xC5D2, 0xC5D2, 0xC5D2, 0xBD90, 0xA4EE, 0xA4CD, 0xBD70, 0xC5D2, 0xCDF2, 0xCE13, 0xCE13, 0xCE13,
    0xCE33, 0xCE33, 0xCE13, 0xCE12, 0xCE13, 0xCE13, 0xCE33, 0xCE33, 0xD634, 0xD634, 0xCE33, 0xCE33,
    0xCE33, 0xCE33, 0xCE33, 0xCE33, 0xCE33, 0xCE13, 0xC5D2, 0xC5D2, 0xC5D2, 0xC5F2, 0xCDF2, 0xC5D1,
    0xB550, 0xB570, 0xC5F2, 0xCE33, 0xCE13, 0xCE13, 0xCE13, 0xCE13, 0xCE13, 0xCDF2, 0xC5D2, 0xC5F2,
    0xCE13, 0xCE13, 0xCE13, 0xCE13, 0xC5D2, 0xC5F2, 0xCE13, 0xCE13, 0xC5D2, 0xC5D2, 0xCE13, 0xCE13,
    0xCE13, 0xCE13, 0xCDF2, 0xCDF2, 0xCE13, 0xC5D2, 0xB570, 0xB54F, 0xBD70, 0xBD90, 0xC5D1, 0xC5D2,
    0xC5D2, 0xC5D2, 0xC5F2, 0xCDF2, 0xC5F2, 0xC5D2, 0xC5D2, 0xC5D2, 0xC5D2, 0xC5D2, 0xC5D2, 0xC5F2,
    0xCE13, 0xCE13, 0xCDF2, 0xC5F2, 0xC5D2, 0xC5D2, 0xC5B1, 0xBDB1, 0xBD90, 0xBD90, 0xBDB1, 0xBD91,
    0xBD90, 0xB52F, 0x9C8C, 0x944B, 0xA4CD, 0xAD0E, 0xBD90, 0xC5B1, 0xC5B1, 0xC5B1, 0xC5B1, 0xC5B1,
    0xC5B1, 0xC5B1, 0xC5D2, 0xC5D2, 0xBDB1, 0xC5B1, 0xC5D2, 0xCDF2, 0xCDF2, 0xCDF2, 0xCE13, 0xCE13,
    0xCDF2, 0xCDF2, 0xC5D2, 0xC5D2, 0xC5B1, 0xC5D2, 0xCDF2, 0xCDF3, 0xC5F2, 0xC5D2, 0xC5D2, 0xBD90,
    0xACEE, 0xACEE, 0xBD70, 0xC5D1, 0xC5D2, 0xC5F2, 0xC5D2, 0xC5F2, 0xCDF3, 0xCE13, 0xCDF2, 0xCDF2,
    0xCE13, 0xCE13, 0xCE13, 0xCE13, 0xCE13, 0xCE13, 0xCE13, 0xCE13, 0xCE13, 0xCE13, 0xCE33, 0xCE13,
    0xCE13, 0xCE12, 0xCE13, 0xCE13, 0xCE13, 0xCDF3, 0xCDF2, 0xC5D2, 0xBD70, 0xBD70, 0xC5F2, 0xCE13,
    0xCE13, 0xCE13, 0xCE13, 0xCE13, 0xCE13, 0xCE13, 0xCE13, 0xCE13, 0xCE13, 0xCE13, 0xCE13, 0xCDF3,
    0xC5F2, 0xC5F2, 0xCE13, 0xCE13, 0xCDF3, 0xCDF3, 0xCE13, 0xCE13, 0xCE13, 0xCE13, 0xCDF2, 0xCDF2,
    0xCE13, 0xC5D2, 0xBD70, 0xB54F, 0xBD90, 0xBDB1, 0xC5B1, 0xC5D1, 0xC5D1, 0xC5D2, 0xCDF2, 0xCE13,
    0xCDF2, 0xCDF2, 0xC5F2, 0xC5F2, 0xC5F2, 0xC5D2, 0xC5D2, 0xC5D2, 0xC5F2, 0xCDF2, 0xCDF2, 0xC5D2,
    0xC5B1, 0xBDB1, 0xBD91, 0xBD90, 0xBD90, 0xBD90, 0xBD90, 0xBD70, 0xB550, 0xAD0E, 0x9C8D, 0x9C6C,
    0xA4AD, 0xAD0E, 0xBD90, 0xC5D1, 0xC5D1, 0xC5D1, 0xC5B1, 0xC5B1, 0xC5B1, 0xC5B1, 0xC5D2, 0xC5D1,
    0xBD90, 0xBD91, 0xC5D2, 0xCDF2, 0xCDF2, 0xCDF2, 0xCE13, 0xCE13, 0xCDF2, 0xCDF2, 0xC5F2, 0xC5D2,
    0xC5B1, 0xC5B2, 0xCDF2, 0xCE13, 0xCDF2, 0xC5F2, 0xC5D2, 0xBD70, 0xACEE, 0xACEE, 0xBD70, 0xC5D2,
    0xC5F2, 0xC5F2, 0xC5D2, 0xC5D2, 0xCDF3, 0xCDF2, 0xC5D2, 0xC5F2, 0xCE13, 0xCE13, 0xCE13, 0xCE13,
    0xCE13, 0xCE13, 0xCE13, 0xCDF3, 0xCDF2, 0xCDF3, 0xCE13, 0xCE13, 0xCDF3, 0xCE13, 0xCE13, 0xCE33,
    0xCE13, 0xCE13, 0xCE13, 0xC5D2, 0xBD70, 0xBD70, 0xC5D2, 0xCE13, 0xCDF2, 0xCDF2, 0xCE13, 0xCE13,
    0xCE33, 0xCE33, 0xCE13, 0xCDF3, 0xCE13, 0xCE13, 0xCE13, 0xCDF3, 0xC5D2, 0xC5D2, 0xCDF3, 0xCDF3,
    0xCDF3, 0xCDF3, 0xCE13, 0xCE13, 0xCE13, 0xCE13, 0xCDF2, 0xCDF2, 0xCDF2, 0xC5D2, 0xB570, 0xB550,
    0xBD90, 0xC5B1, 0xC5B1, 0xC5D1, 0xC5D1, 0xC5D2, 0xCDF2, 0xCDF3, 0xCDF2, 0xCDF2, 0xC5F2, 0xC5F2,
    0xCDF2, 0xC5F2, 0xC5D2, 0xC5D2, 0xC5D2, 0xC5D2, 0xC5D2, 0xC5B1, 0xC5B1, 0xBDB1, 0xBD91, 0xBD90,
    0xBD70, 0xBD70, 0xBD70, 0xBD70, 0xB550, 0xAD0F, 0xA4AD, 0x9C6C, 0xA4CD, 0xAD0E, 0xBD91, 0xC5D2,
    0xC5D1, 0xC5D1, 0xC5B1, 0xC5D1, 0xC5D1, 0xC5D1, 0xC5D1, 0xC5B1, 0xBD70, 0xBD70, 0xC5D1, 0xCDF2,
    0xCDF2, 0xCE13, 0xCE13, 0xCE13, 0xCDF2, 0xC5F2, 0xCDF2, 0xC5F2, 0xC5D2, 0xC5D2, 0xCDF2, 0xCDF2,
    0xCE13, 0xCDF2, 0xC5F2, 0xBD70, 0xA4CD, 0xA4CD, 0xBD90, 0xC5F2, 0xCDF2, 0xCDF3, 0xCDF3, 0xCDF3,
    0xCDF3, 0xC5F2, 0xC5D2, 0xC5D2, 0xCDF3, 0xCE13, 0xCE13, 0xCE13, 0xCE13, 0xCE13, 0xCE13, 0xCDF2,
    0xC5D2, 0xC5D2, 0xC5D2, 0xC5F2, 0xCE13, 0xCE13, 0xCE33, 0xCE13, 0xCE13, 0xCE13, 0xCDF2, 0xC5B1,
    0xB54F, 0xB52F, 0xBDB1, 0xC5D2, 0xCDF2, 0xCDF2, 0xCDF2, 0xCDF3, 0xCE13, 0xCE13, 0xC5D2, 0xC5D2,
    0xCDF3, 0xCE13, 0xCE33, 0xCE13, 0xC5D2, 0xC5B2, 0xC5F2, 0xC5F2, 0xC5D2, 0xC5D2, 0xC5F2, 0xC5F2,
    0xC5F2, 0xC5F2, 0xCDF3, 0xC5F2, 0xC5B1, 0xBD91, 0xB550, 0xB550, 0xBD90, 0xC5B1, 0xC5D1, 0xC5D2,
    0xC5D2, 0xC5D2, 0xC5D2, 0xC5D2, 0xC5D2, 0xC5D2, 0xC5D2, 0xC5F2, 0xC5F2, 0xCDF2, 0xC5F2, 0xC5D2,
    0xC5D2, 0xC5B1, 0xBD90, 0xBD90, 0xC5D1, 0xC5D2, 0xC5B1, 0xBD90, 0xBD70, 0xBD70, 0xBD6F, 0xBD70,
    0xBD70, 0xB54F, 0xA4CE, 0xA48D, 0xA4CD, 0xAD0E, 0xBD91, 0xC5D2, 0xC5D1, 0xC5B1, 0xC5D1, 0xC5D2,
    0xC5D2, 0xC5D2, 0xC5D1, 0xC5B1, 0xBD90, 0xBD90, 0xC5D1, 0xC5F2, 0xCDF2, 0xCE13, 0xCE13, 0xCDF2,
    0xC5D2, 0xC5D2, 0xCDF2, 0xCDF3, 0xCDF2, 0xC5F2, 0xC5F2, 0xCDF2, 0xCDF3, 0xCDF2, 0xC5F2, 0xBD90,
    0xA4CE, 0xA4CE, 0xBD91, 0xCDF2, 0xCE13, 0xCE13, 0xCE13, 0xCE13, 0xCE13, 0xCDF3, 0xC5D2, 0xC5D2,
    0xCE13, 0xCE13, 0xCE13, 0xCE13, 0xCE13, 0xCE13, 0xCE13, 0xCE13, 0xC5F2, 0xC5D2, 0xC5D2, 0xC5F2,
    0xCE13, 0xCE33, 0xCE13, 0xCE13, 0xCDF2, 0xCDF2, 0xCDF2, 0xC5B1, 0xB54F, 0xB52F, 0xBDB1, 0xC5D2,
    0xC5F2, 0xC5F2, 0xC5D2, 0xCDF2, 0xCE13, 0xCDF3, 0xC5B2, 0xC5B2, 0xCDF3, 0xCE13, 0xCE33, 0xCE13,
    0xC5D2, 0xC5D2, 0xC5F2, 0xC5F2, 0xC5D2, 0xC5D2, 0xC5D2, 0xC5D2, 0xC5F2, 0xC5F2, 0xCDF3, 0xC5F2,
    0xC5B1, 0xBD91, 0xB550, 0xB550, 0xBD70, 0xC5B1, 0xC5D2, 0xC5F2, 0xC5F2, 0xC5D2, 0xC5D2, 0xC5D2,
    0xC5D2, 0xC5D2, 0xC5D2, 0xC5D2, 0xC5F2, 0xC5F2, 0xCDF2, 0xC5F2, 0xC5D2, 0xBDB1, 0xBD70, 0xBD90,
    0xC5D2, 0xC5F2, 0xC5B1, 0xBD91, 0xBD90, 0xBD70, 0xBD6F, 0xBD70, 0xBD90, 0xB550, 0xACCE, 0xA48D,
    0xA4AD, 0xACEE, 0xBD70, 0xC5B1, 0xC5B1, 0xC5B1, 0xC5D2, 0xC5D2, 0xC5D2, 0xC5D2, 0xC5D2, 0xC5D1,
    0xC5B1, 0xC5B1, 0xC5D1, 0xC5F2, 0xCDF2, 0xCDF2, 0xC5F2, 0xC5D2, 0xC5D2, 0xC5D2, 0xCDF2, 0xCE13,
    0xCE13, 0xCDF2, 0xC5F2, 0xC5D2, 0xC5F2, 0xC5F2, 0xC5D2, 0xBD90, 0xACEE, 0xAD0E, 0xC5B1, 0xCE13,
    0xCE13, 0xCE13, 0xCE13, 0xCE13, 0xCE33, 0xCE13, 0xCDF3, 0xCDF3, 0xCE13, 0xCE13, 0xCDF3, 0xC5F2,
    0xC5D2, 0xCDF2, 0xCE33, 0xD633, 0xCE13, 0xCE13, 0xCE13, 0xCE13, 0xCE13, 0xCE13, 0xC5F2, 0xC5D2,
    0xC5D2, 0xC5D2, 0xC5D2, 0xC5B1, 0xBD70, 0xBD70, 0xC5D2, 0xCDF2, 0xC5F2, 0xC5D2, 0xC5D2, 0xC5F2,
    0xCE13, 0xCE13, 0xC5D2, 0xC5D2, 0xCE13, 0xCE13, 0xCE13, 0xCE13, 0xCE13, 0xCE13, 0xCE13, 0xCE13,
    0xCDF3, 0xCDF2, 0xC5D2, 0xC5F2, 0xCE13, 0xCE13, 0xCDF3, 0xCDF2, 0xC5F2, 0xC5B1, 0xB550, 0xB52F,
    0xB550, 0xBD90, 0xC5D2, 0xCDF2, 0xCDF2, 0xCDF2, 0xCDF2, 0xC5F2, 0xC5D2, 0xC5D2, 0xC5D2, 0xC5D2,
    0xC5D2, 0xC5D2, 0xC5F2, 0xC5F2, 0xC5D2, 0xC5B1, 0xBDB1, 0xC5B1, 0xC5D2, 0xC5F2, 0xC5D2, 0xC5D1,
    0xC5D1, 0xC5B1, 0xBD90, 0xBD70, 0xBD70, 0xB54F, 0xA4CD, 0xA48D, 0xA4CD, 0xAD0E, 0xBD90, 0xC5D1,
    0xC5B1, 0xC5B1, 0xC5D2, 0xC5D2, 0xC5D2, 0xC5D2, 0xC5D2, 0xC5D2, 0xC5D2, 0xC5D1, 0xC5D1, 0xC5D1,
    0xC5F2, 0xC5F2, 0xC5D2, 0xC5D2, 0xC5D2, 0xC5D2, 0xCDF2, 0xCE13, 0xCE13, 0xCE13, 0xC5F2, 0xC5D2,
    0xC5D2, 0xC5D2, 0xC5D2, 0xBD90, 0xAD0E, 0xAD0F, 0xC5B1, 0xCE13, 0xCE13, 0xCE13, 0xCE13, 0xCE33,
    0xCE33, 0xCE33, 0xCE13, 0xCE13, 0xCE13, 0xCE13, 0xC5F2, 0xC5D2, 0xC5D2, 0xC5F2, 0xCE33, 0xD634,
    0xCE33, 0xCE33, 0xCE33, 0xCE13, 0xCE13, 0xCDF3, 0xC5D2, 0xC5D2, 0xC5D2, 0xC5D2, 0xC5D2, 0xC5B1,
    0xBD70, 0xBD70, 0xC5D2, 0xCDF2, 0xC5D2, 0xC5D2, 0xC5D2, 0xC5F2, 0xCDF2, 0xCDF2, 0xCDF3, 0xCDF3,
    0xCDF3, 0xCE13, 0xCE13, 0xCE33, 0xCE34, 0xCE33, 0xCE13, 0xCE13, 0xCE13, 0xCE13, 0xC5F2, 0xC5F2,
    0xCE13, 0xCE13, 0xCE13, 0xCE13, 0xCE13, 0xC5D2, 0xB550, 0xB52F, 0xB550, 0xBD90, 0xC5F2, 0xCE12,
    0xCDF2, 0xCDF2, 0xC5F2, 0xC5D2, 0xC5D2, 0xC5D2, 0xC5D2, 0xC5D2, 0xC5D2, 0xC5D2, 0xC5F2, 0xC5F2,
    0xC5D2, 0xC5D1, 0xC5B1, 0xC5B1, 0xC5D1, 0xC5D2, 0xC5D2, 0xC5D1, 0xC5D1, 0xC5B1, 0xBD90, 0xBD70,
    0xBD70, 0xB52F, 0xA4CD, 0x9C8C, 0xACED, 0xB52E, 0xBD90, 0xC5D2, 0xC5D2, 0xC5B1, 0xC5B1, 0xC5B1,
    0xC5D2, 0xC5D2, 0xC5D2, 0xC5D2, 0xC5F2, 0xC5D1, 0xBD90, 0xBD90, 0xC5B1, 0xC5D2, 0xC5F2, 0xC5F2,
    0xC5F2, 0xC5F2, 0xC5F2, 0xC5F2, 0xCE13, 0xCE13, 0xCDF2, 0xC5F2, 0xC5F2, 0xC5F2, 0xC5D2, 0xBD90,
    0xAD0E, 0xAD0E, 0xBDB1, 0xC5F2, 0xC5D2, 0xC5F2, 0xCE13, 0xCE13, 0xCE33, 0xCE33, 0xCE33, 0xCE33,
    0xCE33, 0xCE13, 0xC5D2, 0xC5B2, 0xC5D2, 0xC5F2, 0xCE13, 0xCE13, 0xCE33, 0xCE33, 0xCE33, 0xCE13,
    0xCDF3, 0xC5F2, 0xC5D2, 0xC5D2, 0xC5D2, 0xC5F2, 0xC5F2, 0xC5B1, 0xB54F, 0xB54F, 0xBDB1, 0xC5D2,
    0xC5B1, 0xC5B2, 0xC5F2, 0xCDF2, 0xC5D2, 0xC5D2, 0xCDF3, 0xCDF3, 0xC5D2, 0xC5D2, 0xCE13, 0xCE34,
    0xD634, 0xCE33, 0xCE13, 0xCDF3, 0xCE13, 0xCE13, 0xCDF3, 0xCDF3, 0xCE13, 0xCE13, 0xCE13, 0xCE13,
    0xCE13, 0xC5D2, 0xB570, 0xB54F, 0xBD70, 0xC5B1, 0xC5F2, 0xCDF2, 0xCDF2, 0xC5F2, 0xC5D2, 0xC5B1,
    0xC5B1, 0xC5B1, 0xC5D2, 0xC5D2, 0xC5D2, 0xC5D2, 0xC5F2, 0xC5F2, 0xC5F2, 0xC5D2, 0xC5D1, 0xC5B1,
    0xC5B1, 0xC5D1, 0xC5D1, 0xC5D1, 0xBDB1, 0xBD90, 0xBD70, 0xBD70, 0xBD4F, 0xB52F, 0xA4CD, 0x9C8C,
    0xACED, 0xAD0E, 0xBD90, 0xC5D1, 0xC5B1, 0xBDB1, 0xBD91, 0xC5B1, 0xC5D2, 0xC5D2, 0xC5D2, 0xC5F2,
    0xC5F2, 0xC5D2, 0xBDB1, 0xBD91, 0xC5D1, 0xC5D2, 0xCDF2, 0xCDF2, 0xCDF2, 0xCDF2, 0xC5F2, 0xC5F2,
    0xCDF3, 0xCE13, 0xCDF3, 0xCDF3, 0xCDF3, 0xCDF2, 0xC5D2, 0xBD91, 0xAD0E, 0xAD0F, 0xBDB1, 0xC5F2,
    0xC5D2, 0xC5D2, 0xCDF3, 0xCE13, 0xCE13, 0xCE13, 0xCE13, 0xCE13, 0xCE13, 0xCDF3, 0xC5D2, 0xC5D2,
    0xC5F2, 0xCDF2, 0xCE13, 0xCE13, 0xCE33, 0xCE33, 0xCE33, 0xCE13, 0xCDF3, 0xC5D2, 0xC5D2, 0xC5D2,
    0xCDF2, 0xCDF2, 0xC5F2, 0xC5B1, 0xB52F, 0xB52F, 0xBD91, 0xC5B1, 0xC5B2, 0xC5D2, 0xCDF2, 0xCDF2,
    0xC5D2, 0xC5D2, 0xCE13, 0xCE13, 0xC5D2, 0xC5F2, 0xCE13, 0xD634, 0xCE33, 0xCE13, 0xC5F3, 0xC5F3,
    0xCE13, 0xCE13, 0xCE13, 0xCE13, 0xCE13, 0xCE13, 0xCE13, 0xCE13, 0xCE33, 0xC5F2, 0xBD70, 0xB550,
    0xBD90, 0xC5B1, 0xC5F2, 0xC5F2, 0xC5D2, 0xC5D2, 0xC5B1, 0xC5B1, 0xC5B1, 0xC5B1, 0xC5D2, 0xC5D2,
    0xC5D2, 0xC5D2, 0xCDF2, 0xCDF2, 0xCDF2, 0xC5D2, 0xC5B1, 0xBD91, 0xBDB1, 0xC5B1, 0xC5D1, 0xC5B1,
    0xBD91, 0xBD90, 0xBD70, 0xBD70, 0xBD70, 0xB52F, 0xA4CD, 0x9C8D, 0xA4AD, 0xACEE, 0xBD70, 0xBD91,
    0xBD70, 0xBD70, 0xBDB1, 0xC5D2, 0xC5D2, 0xC5F2, 0xC5F2, 0xC5F2, 0xC5F2, 0xC5D2, 0xC5D2, 0xC5D2,
    0xC5F2, 0xCDF2, 0xCE13, 0xCE13, 0xCE13, 0xCDF3, 0xC5F2, 0xC5D2, 0xC5D2, 0xC5F2, 0xCE13, 0xCE13,
    0xCE13, 0xCE13, 0xC5D2, 0xBD91, 0xAD0F, 0xB52F, 0xC5B1, 0xCE13, 0xCDF2, 0xCDF2, 0xCDF3, 0xC5D2,
    0xBDB1, 0xC5B2, 0xCDF3, 0xCE13, 0xC5D2, 0xC5D2, 0xC5D2, 0xC5F3, 0xCDF3, 0xCE13, 0xCE13, 0xCE33,
    0xCE33, 0xCE13, 0xCE13, 0xCE13, 0xCE13, 0xCDF2, 0xC5D2, 0xC5F2, 0xCE13, 0xCE13, 0xC5D2, 0xBD91,
    0xB54F, 0xB54F, 0xBD91, 0xC5D2, 0xCDF3, 0xCE13, 0xCDF2, 0xC5F2, 0xC5D2, 0xC5F2, 0xCE13, 0xCE13,
    0xCE13, 0xCE13, 0xCE34, 0xCE34, 0xCE33, 0xCE13, 0xC5F2, 0xC5F2, 0xCE13, 0xCE13, 0xCE13, 0xCE13,
    0xCE13, 0xCE13, 0xCE13, 0xCE33, 0xCE33, 0xCDF2, 0xBD91, 0xB570, 0xBD91, 0xC5B1, 0xC5F2, 0xC5D2,
    0xBDB1, 0xBDB1, 0xC5D2, 0xC5F2, 0xC5D2, 0xC5D2, 0xC5F2, 0xC5F2, 0xC5D2, 0xC5D2, 0xCDF2, 0xCDF2,
    0xCDF2, 0xC5D1, 0xBD70, 0xB550, 0xBD90, 0xC5B1, 0xC5B1, 0xC5D1, 0xC5B1, 0xBDB1, 0xBD91, 0xBD90,
    0xBD90, 0xB54F, 0xA4CE, 0x9C8D, 0xA4AD, 0xACEE, 0xB570, 0xBD91, 0xBD70, 0xBD71, 0xC5B1, 0xC5D2,
    0xC5D2, 0xC5F2, 0xC5F2, 0xC5D2, 0xC5F2, 0xC5F2, 0xCDF2, 0xCDF2, 0xCE12, 0xCE13, 0xCE13, 0xCE13,
    0xCE13, 0xCE13, 0xCDF3, 0xC5F2, 0xC5D2, 0xC5F2, 0xCE13, 0xCE13, 0xCE13, 0xCE13, 0xC5D2, 0xBD91,
    0xAD0F, 0xB52F, 0xC5D2, 0xCE13, 0xCE13, 0xCE13, 0xCE13, 0xC5D2, 0xBD71, 0xBD91, 0xCDF3, 0xCE13,
    0xC5D2, 0xC5D2, 0xCDF3, 0xCDF3, 0xCE13, 0xCE13, 0xCE13, 0xCE13, 0xCE13, 0xCE13, 0xCDF3, 0xCDF3,
    0xCE13, 0xCE13, 0xCDF2, 0xCDF2, 0xCE13, 0xCE12, 0xC5D1, 0xBD90, 0xB54F, 0xB550, 0xBD91, 0xC5D2,
    0xCE13, 0xCE13, 0xC5F2, 0xC5D2, 0xC5F2, 0xCDF2, 0xCE13, 0xCE13, 0xCE33, 0xCE33, 0xD634, 0xCE33,
    0xCE13, 0xC5F2, 0xC5F2, 0xC5F2, 0xCE13, 0xCE13, 0xCE13, 0xCE13, 0xCDF3, 0xCE13, 0xCE13, 0xCE33,
    0xCE33, 0xCDF2, 0xBD91, 0xBD70, 0xC5B1, 0xC5D2, 0xC5D2, 0xC5D2, 0xBDB1, 0xBDB1, 0xC5D2, 0xCDF2,
    0xCDF2, 0xCDF2, 0xCDF2, 0xC5F2, 0xC5D2, 0xC5D2, 0xCDF2, 0xCDF2, 0xC5F2, 0xC5B1, 0xBD70, 0xB54F,
    0xBD70, 0xBD90, 0xC5B1, 0xC5D1, 0xC5D1, 0xC5B1, 0xBDB1, 0xBD91, 0xBD91, 0xB550, 0xA4CE, 0xA4AD,
    0xA4AD, 0xACEE, 0xBD70, 0xC5B1, 0xC5B1, 0xC5B1, 0xC5B1, 0xC5D2, 0xC5D2, 0xC5D2, 0xC5D2, 0xC5D2,
    0xC5D2, 0xCDF2, 0xCE13, 0xCE13, 0xCE13, 0xCE13, 0xCE13, 0xCE13, 0xCE13, 0xCE13, 0xCE13, 0xCDF3,
    0xCDF3, 0xCE13, 0xCE13, 0xCE13, 0xCE13, 0xCDF3, 0xC5F2, 0xBD91, 0xAD0F, 0xAD2F, 0xC5B1, 0xCE13,
    0xCE33, 0xCE33, 0xCE13, 0xC5F3, 0xBD91, 0xBD91, 0xCDF3, 0xCE13, 0xCDF3, 0xCDF3, 0xCDF3, 0xCE13,
    0xCE13, 0xCE13, 0xCE13, 0xCE13, 0xCE13, 0xCE13, 0xC5D2, 0xC5D2, 0xCE13, 0xCE33, 0xCE13, 0xCDF3,
    0xCDF2, 0xC5F2, 0xC5D1, 0xBD90, 0xB54F, 0xB54F, 0xC5B1, 0xC5D2, 0xC5D2, 0xC5D2, 0xC5B1, 0xC5B1,
    0xCDF2, 0xCE12, 0xCE13, 0xCE13, 0xCE33, 0xCE33, 0xCE34, 0xCE13, 0xC5F2, 0xC5D2, 0xCDF3, 0xCE13,
    0xCE13, 0xCE13, 0xCE13, 0xCDF3, 0xCDF3, 0xCDF3, 0xCE13, 0xCE13, 0xCE13, 0xC5D2, 0xBD90, 0xBD70,
    0xC5B1, 0xC5D2, 0xC5D2, 0xC5D2, 0xC5D2, 0xC5D2, 0xC5D2, 0xC5D2, 0xCDF2, 0xCDF2, 0xCDF2, 0xCDF2,
    0xC5F2, 0xC5F2, 0xCDF2, 0xC5F2, 0xC5D2, 0xC5B1, 0xBD91, 0xBD70, 0xB54F, 0xB550, 0xBD91, 0xC5D1,
    0xC5D2, 0xC5D2, 0xC5B1, 0xC5B1, 0xBD91, 0xB550, 0xACEE, 0xA4AD, 0xA4AD, 0xACEE, 0xB550, 0xBD91,
    0xC5D2, 0xC5D2, 0xC5D2, 0xC5D2, 0xC5F2, 0xC5D2, 0xC5D2, 0xC5D2, 0xC5D2, 0xCDF2, 0xCE13, 0xCE13,
    0xCE13, 0xCE13, 0xCE13, 0xCE13, 0xCE13, 0xCE13, 0xCE13, 0xCDF3, 0xCDF3, 0xCDF3, 0xCDF3, 0xCE13,
    0xCE13, 0xCDF3, 0xCDF2, 0xBD91, 0xAD0F, 0xAD0F, 0xC5B1, 0xCE13, 0xCE33, 0xCE34, 0xCE33, 0xCE13,
    0xC5B2, 0xC5B2, 0xCDF3, 0xCE13, 0xCE13, 0xCE13, 0xCDF3, 0xCDF3, 0xCDF3, 0xCE13, 0xCE13, 0xCE13,
    0xCE13, 0xCE13, 0xC5D2, 0xC5D2, 0xCE13, 0xCE13, 0xCE13, 0xCE13, 0xCDF2, 0xC5F2, 0xC5D2, 0xBD91,
    0xB54F, 0xB54F, 0xC5B1, 0xC5D2, 0xC5D2, 0xC5D2, 0xC5B1, 0xC5D2, 0xCDF2, 0xCE12, 0xCDF2, 0xCE12,
    0xCE13, 0xCE33, 0xCE13, 0xCE13, 0xC5D2, 0xC5F2, 0xCE13, 0xCE33, 0xCE13, 0xCDF3, 0xCDF3, 0xCDF3,
    0xC5F2, 0xCDF3, 0xCE13, 0xCE13, 0xCE13, 0xC5D2, 0xBD70, 0xBD70, 0xC5D1, 0xC5F2, 0xC5D2, 0xC5D2,
    0xC5F2, 0xCDF2, 0xC5F2, 0xC5F2, 0xCDF3, 0xCDF3, 0xCDF2, 0xC5F2, 0xCDF2, 0xCDF2, 0xCDF2, 0xC5D2,
    0xC5B2, 0xC5B1, 0xC5D1, 0xC5B1, 0xB570, 0xB550, 0xBD91, 0xC5B1, 0xC5B1, 0xC5B1, 0xC5B1, 0xC5B1,
    0xBD91, 0xB550, 0xACEE, 0xA4CD, 0xA4AD, 0xA4CE, 0xAD0F, 0xB550, 0xBD91, 0xC5D2, 0xC5D2, 0xC5D2,
    0xCDF2, 0xC5F2, 0xBDB1, 0xBD91, 0xC5D2, 0xC5F2, 0xCDF3, 0xCE13, 0xCE13, 0xCE13, 0xCE13, 0xCE13,
    0xCE33, 0xCE13, 0xCE13, 0xCDF3, 0xC5D2, 0xC5D2, 0xC5F2, 0xCDF3, 0xCE13, 0xCE13, 0xCDF2, 0xBD91,
    0xAD0E, 0xAD0F, 0xC5D2, 0xCE13, 0xCE13, 0xCE13, 0xCE33, 0xCE13, 0xC5D2, 0xC5D2, 0xCE13, 0xCE13,
    0xCE13, 0xCE13, 0xC5D2, 0xC5D2, 0xC5F2, 0xCE13, 0xCE13, 0xCE33, 0xCE13, 0xCE13, 0xC5F3, 0xC5F2,
    0xC5F2, 0xCDF3, 0xCE13, 0xCE13, 0xCE13, 0xCE13, 0xCDF2, 0xC5B1, 0xB550, 0xB550, 0xBDB1, 0xC5F2,
    0xCE13, 0xCE13, 0xCE13, 0xCE13, 0xCDF2, 0xCDF2, 0xC5D2, 0xC5F2, 0xCE13, 0xCE13, 0xC5F2, 0xC5D2,
    0xC5F2, 0xCE13, 0xCE33, 0xCE13, 0xCDF3, 0xCDF2, 0xC5F2, 0xC5F2, 0xC5D2, 0xC5F2, 0xCE13, 0xCE13,
    0xCE13, 0xC5D2, 0xBD70, 0xB570, 0xC5B1, 0xC5D1, 0xC5D2, 0xC5F2, 0xCDF2, 0xCDF2, 0xCDF3, 0xCE13,
    0xCE13, 0xCDF3, 0xC5D2, 0xC5D2, 0xCDF2, 0xCDF2, 0xCDF2, 0xC5D2, 0xC5B1, 0xC5B1, 0xC5F2, 0xC5F2,
    0xC5B1, 0xC5B1, 0xC5D1, 0xC5B1, 0xBD91, 0xBD91, 0xC5B1, 0xC5B1, 0xBDB1, 0xBD70, 0xAD0E, 0xA4CE,
    0x9CAD, 0xA4CE, 0xAD0F, 0xB550, 0xBD91, 0xC5B1, 0xC5D2, 0xC5F2, 0xCE12, 0xCDF2, 0xC5B1, 0xBDB1,
    0xC5D2, 0xC5F2, 0xCDF3, 0xCDF3, 0xC5F3, 0xCDF3, 0xCE13, 0xCE13, 0xCE13, 0xCE13, 0xCE13, 0xCDF3,
    0xC5D2, 0xC5D2, 0xC5F2, 0xCDF3, 0xCE13, 0xCE13, 0xC5F2, 0xBD91, 0xAD0E, 0xAD0F, 0xC5D2, 0xCE13,
    0xCE13, 0xCE13, 0xCE13, 0xCE13, 0xCDF3, 0xCDF3, 0xCE13, 0xCE13, 0xCE13, 0xCE13, 0xC5D2, 0xC5D2,
    0xC5F2, 0xCE13, 0xCE13, 0xCE13, 0xCE13, 0xCE13, 0xCE13, 0xCDF3, 0xC5F2, 0xC5F2, 0xCE13, 0xCE13,
    0xCE13, 0xCE13, 0xCDF2, 0xC5B1, 0xB550, 0xB550, 0xC5B1, 0xC5F2, 0xCE13, 0xCE33, 0xCE33, 0xCE33,
    0xCE13, 0xCDF2, 0xC5D2, 0xC5F2, 0xCDF2, 0xCDF3, 0xC5D2, 0xC5F2, 0xCE13, 0xCE33, 0xCE33, 0xCE13,
    0xCDF3, 0xCDF2, 0xC5F2, 0xC5F2, 0xC5D2, 0xC5F2, 0xCDF3, 0xCE13, 0xCE13, 0xC5D2, 0xB570, 0xB550,
    0xBD91, 0xC5D1, 0xC5F2, 0xCDF2, 0xCDF2, 0xCE13, 0xCE13, 0xCE13, 0xCE13, 0xCDF2, 0xC5D2, 0xC5D2,
    0xCDF2, 0xCDF2, 0xC5F2, 0xC5D2, 0xC5B1, 0xC5B2, 0xC5F2, 0xCDF2, 0xC5F2, 0xC5D2, 0xC5D2, 0xC5B1,
    0xBD91, 0xBD91, 0xC5B1, 0xC5B1, 0xBD91, 0xB570, 0xAD0E, 0xA4CE, 0x9CAD, 0xA4EE, 0xB550, 0xBDB1,
    0xC5B1, 0xC5D2, 0xC5D2, 0xCDF2, 0xCDF2, 0xCDF2, 0xC5F2, 0xC5D2, 0xC5F2, 0xC5F2, 0xCDF3, 0xCDF3,
    0xC5D2, 0xC5F2, 0xCE13, 0xCE13, 0xCE13, 0xCE13, 0xCE13, 0xCE13, 0xCDF2, 0xCDF2, 0xCDF3, 0xCE13,
    0xCE13, 0xCE13, 0xC5D2, 0xBD90, 0xAD0E, 0xAD0F, 0xC5B1, 0xCDF3, 0xC5F2, 0xCDF3, 0xCE13, 0xCE13,
    0xCE13, 0xCE13, 0xCE13, 0xCE13, 0xCE13, 0xCE13, 0xC5F2, 0xC5F2, 0xCDF3, 0xCDF2, 0xC5D2, 0xC5F2,
    0xCE13, 0xCE33, 0xCE13, 0xCE13, 0xC5F2, 0xC5F3, 0xCE13, 0xCE13, 0xCE13, 0xCDF2, 0xC5D2, 0xC5B1,
    0xB570, 0xBD70, 0xC5F2, 0xCE13, 0xCDF3, 0xCDF3, 0xCE13, 0xCE33, 0xCE13, 0xCE13, 0xCDF3, 0xCDF2,
    0xC5F2, 0xC5F2, 0xCDF3, 0xCE13, 0xCE13, 0xCE33, 0xCE33, 0xCE13, 0xCE13, 0xCE13, 0xCE13, 0xCDF3,
    0xCDF3, 0xCDF2, 0xC5F2, 0xCDF2, 0xCE13, 0xC5D2, 0xB550, 0xB550, 0xBD91, 0xC5D1, 0xC5F2, 0xCDF2,
    0xCE13, 0xCE13, 0xCE13, 0xCE13, 0xCDF2, 0xC5F2, 0xC5D2, 0xC5F2, 0xCDF2, 0xCDF2, 0xC5D2, 0xC5B1,
    0xBDB1, 0xC5B1, 0xC5F2, 0xCDF2, 0xC5F2, 0xC5D2, 0xC5D2, 0xC5B1, 0xC5B1, 0xC5D1, 0xC5D1, 0xC5B1,
    0xBD91, 0xB54F, 0xA4CE, 0xA4AD, 0x9CAD, 0xACEE, 0xBD90, 0xC5D1, 0xC5B1, 0xC5B1, 0xC5D2, 0xCDF2,
    0xCDF2, 0xCDF2, 0xC5F2, 0xC5F2, 0xC5D2, 0xC5D2, 0xC5D2, 0xC5D2, 0xC5D2, 0xC5F2, 0xCE13, 0xCE13,
    0xCE13, 0xCE13, 0xCE13, 0xCE13, 0xCDF2, 0xC5F2, 0xC5D2, 0xC5F2, 0xCE13, 0xCDF3, 0xC5D2, 0xBD91,
    0xAD0E, 0xAD0F, 0xBDB1, 0xC5F2, 0xC5D2, 0xC5F2, 0xCE13, 0xCE13, 0xCE13, 0xCE13, 0xCE13, 0xCE13,
    0xCDF3, 0xC5F3, 0xCDF2, 0xCDF2, 0xCDF2, 0xC5F2, 0xC5B2, 0xC5B2, 0xCDF2, 0xCE13, 0xCE13, 0xCE13,
    0xC5F3, 0xC5F2, 0xCDF3, 0xCE13, 0xCDF3, 0xCDF3, 0xC5F2, 0xC5B1, 0xB570, 0xBD71, 0xCDF3, 0xCE33,
    0xC5F2, 0xC5F2, 0xCE13, 0xCE33, 0xCE13, 0xCE13, 0xCE13, 0xCDF3, 0xC5D2, 0xC5D2, 0xCE13, 0xCE33,
    0xCE33, 0xCE33, 0xCE33, 0xCE13, 0xCE13, 0xCDF3, 0xC5F3, 0xCDF3, 0xCE13, 0xCE13, 0xCDF2, 0xCDF2,
    0xCE13, 0xC5D2, 0xB570, 0xB550, 0xBD91, 0xC5D2, 0xC5F2, 0xCDF2, 0xCE13, 0xCE13, 0xCE13, 0xCDF2,
    0xC5D2, 0xC5D2, 0xC5F2, 0xC5F2, 0xCDF2, 0xC5F2, 0xC5B1, 0xC5B1, 0xC5B1, 0xC5D2, 0xC5F2, 0xCDF2,
    0xC5F2, 0xC5D2, 0xC5B1, 0xC5B1, 0xC5D1, 0xC5D1, 0xC5D1, 0xBDB1, 0xBD70, 0xB52F, 0xA4CD, 0x9C8D,
    0x9C8D, 0xACEE, 0xBD70, 0xC5B1, 0xBD90, 0xBD90, 0xC5B1, 0xC5D2, 0xC5F2, 0xC5D2, 0xC5B1, 0xC5B1,
    0xC5D2, 0xC5D2, 0xC5B1, 0xC5B2, 0xCDF2, 0xCE13, 0xCE13, 0xCE13, 0xCE13, 0xCE13, 0xCE13, 0xCDF2,
    0xC5F2, 0xC5B2, 0xBD91, 0xBD91, 0xC5D2, 0xCDF2, 0xC5F2, 0xBD91, 0xAD0F, 0xAD0F, 0xBDB1, 0xC5F2,
    0xC5B2, 0xC5D2, 0xC5F2, 0xCDF3, 0xCE13, 0xCE13, 0xCE13, 0xCDF3, 0xC5B2, 0xBDB2, 0xCDF2, 0xCE13,
    0xC5F2, 0xC5D2, 0xBDB1, 0xBDB1, 0xC5B2, 0xC5F2, 0xCE13, 0xCE13, 0xCDF3, 0xC5D2, 0xC5D2, 0xC5D2,
    0xCE13, 0xCE13, 0xCDF3, 0xC5B2, 0xB570, 0xBD70, 0xC5F2, 0xCE13, 0xC5F2, 0xC5F2, 0xCE13, 0xCE13,
    0xCE13, 0xCE13, 0xCE13, 0xCDF3, 0xC5D2, 0xC5D2, 0xCE13, 0xCE33, 0xCE33, 0xCE33, 0xCE34, 0xCE13,
    0xC5D2, 0xC5B2, 0xC5B2, 0xC5D2, 0xCDF3, 0xCE13, 0xCE13, 0xCE13, 0xCE13, 0xC5F2, 0xBD71, 0xBD70,
    0xC5B1, 0xC5D2, 0xC5D2, 0xC5D2, 0xC5F2, 0xC5F2, 0xC5F2, 0xC5D2, 0xC5D2, 0xC5F2, 0xCDF3, 0xCDF3,
    0xC5F2, 0xC5D2, 0xC5B1, 0xC5B1, 0xC5D2, 0xCDF2, 0xCDF2, 0xCDF2, 0xC5D2, 0xC5B1, 0xC5B1, 0xC5B1,
    0xBDB1, 0xBDB1, 0xBDB1, 0xBD90, 0xB550, 0xAD0F, 0xA4AD, 0x9C8D, 0xA4AD, 0xACEE, 0xBD70, 0xBDB1,
    0xBD70, 0xBD70, 0xC5B1, 0xC5D2, 0xC5D2, 0xC5D2, 0xBDB1, 0xBD91, 0xC5B1, 0xC5B1, 0xBDB1, 0xC5B1,
    0xC5F2, 0xCDF3, 0xCE13, 0xCE13, 0xCE13, 0xCE13, 0xC5F2, 0xC5F2, 0xC5D2, 0xC5B1, 0xBD91, 0xBD91,
    0xC5D2, 0xC5F2, 0xC5D2, 0xBD91, 0xAD2F, 0xAD2F, 0xBDB1, 0xC5D2, 0xC5D2, 0xC5D2, 0xC5D2, 0xC5F2,
    0xCDF2, 0xCDF3, 0xCE13, 0xCDF2, 0xBDB1, 0xBDB1, 0xC5F2, 0xCDF3, 0xC5D2, 0xC5D2, 0xC5B1, 0xC5B1,
    0xC5B1, 0xC5D2, 0xCE13, 0xCE13, 0xCDF3, 0xC5D2, 0xC5B2, 0xC5D2, 0xCE13, 0xCE13, 0xCDF3, 0xC5B2,
    0xB570, 0xBD70, 0xC5D2, 0xCDF3, 0xC5F2, 0xC5F2, 0xCDF3, 0xCDF3, 0xCDF3, 0xCE13, 0xCE13, 0xCDF2,
    0xC5D2, 0xC5D2, 0xCDF3, 0xCE13, 0xCE33, 0xCE33, 0xCE33, 0xCE13, 0xC5D2, 0xC5B1, 0xC5B1, 0xC5D2,
    0xCDF2, 0xCE13, 0xCE13, 0xCE13, 0xCE13, 0xC5F2, 0xBD91, 0xBD70, 0xC5B1, 0xC5D1, 0xC5D2, 0xC5D2,
    0xC5F2, 0xC5F2, 0xC5D2, 0xC5D2, 0xC5D2, 0xC5F2, 0xCDF3, 0xCDF2, 0xC5D2, 0xC5D2, 0xBDB1, 0xC5B1,
    0xC5D2, 0xCDF2, 0xCDF2, 0xC5F2, 0xC5B1, 0xBDB1, 0xC5B1, 0xBDB1, 0xBD90, 0xBD90, 0xBD90, 0xBD70,
    0xB550, 0xAD0F, 0xA4CD, 0xA4AD, 0xA4CE, 0xAD0E, 0xB570, 0xBD90, 0xBD90, 0xBD90, 0xC5B1, 0xC5B1,
    0xC5B1, 0xC5B1, 0xBD91, 0xBD91, 0xC5B1, 0xC5B1, 0xC5B1, 0xC5B1, 0xC5B1, 0xC5D1, 0xC5D2, 0xC5D2,
    0xC5F2, 0xC5F2, 0xC5D2, 0xC5B1, 0xC5D1, 0xC5D1, 0xC5D1, 0xC5D2, 0xC5D2, 0xC5D2, 0xC5B1, 0xBD90,
    0xB52F, 0xB54F, 0xBD91, 0xC5D2, 0xC5F2, 0xC5F2, 0xC5D2, 0xC5D2, 0xC5D2, 0xC5D2, 0xC5D2, 0xC5F2,
    0xC5F2, 0xC5F2, 0xC5D2, 0xC5D2, 0xC5D2, 0xC5D2, 0xC5D2, 0xC5D2, 0xC5D2, 0xC5D2, 0xCE13, 0xCE13,
    0xCE13, 0xC5F2, 0xC5D2, 0xC5D2, 0xCDF2, 0xCDF2, 0xC5D2, 0xBDB1, 0xB570, 0xBD70, 0xC5B1, 0xC5F2,
    0xCDF3, 0xCDF3, 0xCDF2, 0xCDF2, 0xCDF2, 0xCDF2, 0xCDF2, 0xC5D2, 0xC5B1, 0xC5D2, 0xC5F2, 0xCE13,
    0xCE13, 0xCE13, 0xCE13, 0xCDF2, 0xCDF2, 0xC5F2, 0xC5F2, 0xC5F2, 0xCDF2, 0xC5F2, 0xC5D2, 0xC5D2,
    0xC5F2, 0xC5D2, 0xBD91, 0xBD91, 0xBDB1, 0xC5B1, 0xC5D1, 0xC5D2, 0xC5F2, 0xC5F2, 0xC5D1, 0xC5D1,
    0xC5D2, 0xC5F2, 0xCDF2, 0xCDF2, 0xC5D2, 0xC5B1, 0xBD91, 0xBD91, 0xC5D2, 0xC5D2, 0xC5D2, 0xC5D1,
    0xC5B1, 0xBDB1, 0xC5B1, 0xBDB1, 0xBD90, 0xBD70, 0xBD90, 0xBD70, 0xBD70, 0xB52F, 0xACEE, 0xACEE,
    0xA4AD, 0xA4EE, 0xAD2F, 0xB54F, 0xB550, 0xB550, 0xB54F, 0xB550, 0xB550, 0xB550, 0xB550, 0xB570,
    0xBD70, 0xBD90, 0xBD90, 0xBD90, 0xBD70, 0xB570, 0xBD70, 0xBD91, 0xBD91, 0xBD91, 0xBD70, 0xBD70,
    0xBD70, 0xBD90, 0xBD91, 0xBD91, 0xBD91, 0xBD91, 0xBD70, 0xB550, 0xAD0F, 0xAD0F, 0xB550, 0xBD90,
    0xC5B1, 0xC5B1, 0xBD91, 0xBD90, 0xBD91, 0xBD91, 0xBD91, 0xBDB1, 0xC5D2, 0xC5B1, 0xBD91, 0xBD91,
    0xBD91, 0xBDB1, 0xC5B1, 0xBDB1, 0xBD91, 0xBD91, 0xC5B1, 0xC5B2, 0xC5B1, 0xBDB1, 0xBDB1, 0xBDB1,
    0xBDB1, 0xBDB1, 0xBDB1, 0xBD70, 0xB52F, 0xB52F, 0xBD70, 0xBD91, 0xC5B1, 0xC5B1, 0xBDB1, 0xBDB1,
    0xC5B1, 0xC5B1, 0xC5D1, 0xC5B1, 0xC5B1, 0xBDB1, 0xC5B1, 0xC5B1, 0xC5B1, 0xC5B1, 0xC5B1, 0xC5B1,
    0xC5B1, 0xC5B1, 0xBDB1, 0xC5B1, 0xC5B1, 0xBDB1, 0xBD90, 0xBD90, 0xBDB1, 0xBD91, 0xB570, 0xB550,
    0xBD70, 0xBD90, 0xBD90, 0xBD91, 0xBDB1, 0xBD91, 0xBD90, 0xBD70, 0xBD90, 0xBD91, 0xBD91, 0xBD91,
    0xBD90, 0xBD70, 0xB550, 0xB550, 0xBD70, 0xBD90, 0xBD70, 0xB570, 0xB570, 0xB570, 0xB570, 0xB550,
    0xB54F, 0xB54F, 0xB54F, 0xB54F, 0xB52F, 0xAD0E, 0xA4AD, 0x9C8D, 0x944C, 0x946C, 0x9CAD, 0xA4CE,
    0xA4EE, 0xA4CE, 0x9CAD, 0x9C8D, 0xA4AD, 0xA4CE, 0xA4EE, 0xACEE, 0xAD0E, 0xAD0F, 0xAD2F, 0xAD0E,
    0xA4EE, 0xA4EE, 0xAD0F, 0xAD0F, 0xAD2F, 0xAD2F, 0xAD0F, 0xAD0F, 0xACEE, 0xACEE, 0xAD0E, 0xAD0E,
    0xAD0E, 0xAD0F, 0xB52F, 0xACEF, 0x9C6D, 0x946C, 0xA4AD, 0xACEE, 0xAD0F, 0xAD2F, 0xAD2F, 0xAD2F,
    0xB52F, 0xB52F, 0xB52F, 0xB52F, 0xB550, 0xB52F, 0xAD2F, 0xAD0F, 0xAD2F, 0xB52F, 0xB52F, 0xAD2F,
    0xAD0F, 0xAD0F, 0xAD0F, 0xAD2F, 0xAD2F, 0xAD2F, 0xAD2F, 0xAD2F, 0xB52F, 0xB550, 0xB550, 0xAD2F,
    0xA4CE, 0xA4AD, 0xA4EE, 0xAD0F, 0xAD0F, 0xAD2F, 0xAD0F, 0xAD2F, 0xB52F, 0xB550, 0xBD91, 0xBD91,
    0xBD91, 0xBD70, 0xB54F, 0xB52F, 0xAD0F, 0xAD0F, 0xAD2F, 0xAD2F, 0xAD0F, 0xAD0F, 0xAD0F, 0xAD2F,
    0xB52F, 0xB550, 0xB550, 0xB550, 0xB550, 0xAD2F, 0xACEE, 0xA4EE, 0xAD0F, 0xAD2F, 0xAD0E, 0xACEE,
    0xAD0F, 0xAD0F, 0xACEE, 0xACEE, 0xA4EE, 0xACEE, 0xACEE, 0xACEE, 0xA4EE, 0xA4CE, 0xA4CE, 0xACEE,
    0xAD0E, 0xACEE, 0xA4CE, 0xA4AD, 0xA4CE, 0xA4CE, 0xA4CE, 0xA4CE, 0xA4CE, 0xA4EE, 0xA4CE, 0xA4CD,
    0xA4AD, 0x9C6C, 0x8C0B, 0x83EA, 0x942C, 0x946C, 0x9CAD, 0xA4EE, 0xACEE, 0xA4CE, 0x9CAD, 0x9C8D,
    0xA4AD, 0xA4CE, 0xACEE, 0xAD0E, 0xAD0F, 0xAD0F, 0xB52F, 0xAD0F, 0xACEE, 0xACEE, 0xAD0F, 0xAD2F,
    0xB52F, 0xB52F, 0xB52F, 0xAD0F, 0xAD0E, 0xAD0E, 0xAD0E, 0xAD0E, 0xACEE, 0xAD0F, 0xB52F, 0xAD0F,
    0x9C6C, 0x944C, 0xA4AD, 0xA4EE, 0xAD0F, 0xAD2F, 0xB52F, 0xB52F, 0xB550, 0xB550, 0xB530, 0xB52F,
    0xB550, 0xB550, 0xB52F, 0xAD2F, 0xB52F, 0xB530, 0xB52F, 0xAD2F, 0xAD2F, 0xAD0F, 0xAD2F, 0xAD2F,
    0xAD2F, 0xAD2F, 0xAD2F, 0xB52F, 0xB530, 0xB550, 0xB550, 0xB52F, 0xA4CE, 0xA4AD, 0xA4EE, 0xAD0F,
    0xAD0F, 0xAD0F, 0xAD0F, 0xAD2F, 0xB52F, 0xB550, 0xBD91, 0xBDB1, 0xBD91, 0xBD70, 0xB550, 0xB52F,
    0xAD2F, 0xAD2F, 0xAD2F, 0xAD2F, 0xAD0F, 0xAD0F, 0xAD2F, 0xB52F, 0xB550, 0xB550, 0xB570, 0xB550,
    0xB550, 0xAD2F, 0xA4EE, 0xA4EE, 0xAD2F, 0xAD2F, 0xAD0F, 0xACEF, 0xAD0F, 0xAD0F, 0xACEE, 0xACEE,
    0xA4CE, 0xA4CE, 0xACEE, 0xACEE, 0xACEE, 0xA4EE, 0xACEE, 0xACEE, 0xAD0E, 0xACEE, 0xA4CE, 0xA4CD,
    0xA4CE, 0xA4CE, 0xA4CE, 0xA4CE, 0xA4EE, 0xA4EE, 0xA4CE, 0xA4CD, 0xA4AD, 0x9C6C, 0x8BEA, 0x83AA,
    0x9C8C, 0xA4AD, 0xAD0F, 0xB550, 0xBD70, 0xBD70, 0xB550, 0xB54F, 0xB570, 0xBD70, 0xBD70, 0xBD70,
    0xBD90, 0xBD91, 0xC5B1, 0xC5B1, 0xBDB1, 0xBD91, 0xBDB1, 0xBDB1, 0xC5B2, 0xC5D2, 0xC5B1, 0xBDB1,
    0xBD91, 0xBD91, 0xC5B1, 0xBDB1, 0xBD91, 0xBD70, 0xBD91, 0xB570, 0xA4CE, 0xA4AE, 0xB52F, 0xBD70,
    0xBD70, 0xBD91, 0xC5B1, 0xC5D2, 0xC5D2, 0xC5D2, 0xC5B2, 0xC5B1, 0xC5D2, 0xC5D2, 0xC5D2, 0xC5D2,
    0xC5D2, 0xC5D2, 0xC5B2, 0xC5B2, 0xBDB1, 0xC5B1, 0xC5D2, 0xC5D2, 0xC5F2, 0xC5D2, 0xC5D2, 0xC5D2,
    0xC5D2, 0xC5D2, 0xC5D2, 0xBD91, 0xB52F, 0xB52F, 0xBD91, 0xBD91, 0xBD70, 0xBD71, 0xC5B1, 0xC5D2,
    0xC5B1, 0xC5B1, 0xC5D2, 0xC5F2, 0xC5D2, 0xC5D2, 0xC5D1, 0xC5D1, 0xC5D2, 0xC5D2, 0xC5B1, 0xBDB1,
    0xBDB1, 0xC5B1, 0xC5D2, 0xC5D2, 0xC5D2, 0xC5D2, 0xC5F2, 0xC5D2, 0xBDB1, 0xBD70, 0xB550, 0xB550,
    0xBD91, 0xBDB1, 0xBD91, 0xBD91, 0xBD91, 0xBD91, 0xBD91, 0xBD70, 0xB550, 0xB570, 0xBD91, 0xBDB1,
    0xBD91, 0xBD91, 0xBD90, 0xBD90, 0xBD91, 0xBD91, 0xBD90, 0xBD90, 0xBD70, 0xBD70, 0xBD70, 0xBD70,
    0xBD70, 0xBD70, 0xB550, 0xB54F, 0xB52F, 0xACEE, 0x9C6C, 0x942B, 0xA4AD, 0xA4CE, 0xB54F, 0xBD90,
    0xBD91, 0xBDB1, 0xBD91, 0xBD90, 0xBDB1, 0xBDB1, 0xBD91, 0xBDB1, 0xC5B1, 0xC5D1, 0xCDF2, 0xCDF2,
    0xCDF2, 0xC5F2, 0xC5F2, 0xC5F2, 0xCDF3, 0xCE13, 0xCDF2, 0xCDF2, 0xC5F2, 0xC5F2, 0xCE13, 0xCDF2,
    0xC5D2, 0xC5D2, 0xC5D2, 0xBD91, 0xACEE, 0xACEE, 0xBD70, 0xC5B1, 0xC5D2, 0xC5D2, 0xCDF3, 0xCE13,
    0xCE13, 0xCE13, 0xCDF3, 0xCDF2, 0xCDF3, 0xCE13, 0xCE13, 0xCE13, 0xCE13, 0xCE13, 0xCE13, 0xCDF3,
    0xC5D2, 0xC5D2, 0xCDF3, 0xCE13, 0xCE33, 0xCE33, 0xCE13, 0xCE13, 0xCE13, 0xCE13, 0xCDF3, 0xC5D2,
    0xBD70, 0xBD70, 0xC5D2, 0xC5D2, 0xC5B2, 0xC5D2, 0xCDF2, 0xCDF2, 0xC5F2, 0xC5D2, 0xC5F2, 0xCDF2,
    0xCDF2, 0xCDF2, 0xCDF2, 0xCDF2, 0xCDF2, 0xCDF2, 0xC5F2, 0xCDF2, 0xCDF2, 0xCE13, 0xCE13, 0xCE13,
    0xCDF2, 0xCE12, 0xCE13, 0xCE13, 0xC5D2, 0xBD91, 0xB570, 0xBD70, 0xC5B1, 0xC5D2, 0xC5B1, 0xC5B1,
    0xC5D2, 0xC5D2, 0xC5D2, 0xC5D2, 0xC5B1, 0xC5D2, 0xC5F2, 0xCE13, 0xCDF2, 0xC5F2, 0xC5D2, 0xC5D2,
    0xC5D2, 0xC5F2, 0xC5F2, 0xC5D1, 0xC5B1, 0xC5B1, 0xC5D1, 0xC5D1, 0xC5B1, 0xC5B1, 0xBD91, 0xBD91,
    0xBD90, 0xB52F, 0xA4AD, 0x9C6C, 0xA4AD, 0xACEE, 0xB54F, 0xBD90, 0xBD70, 0xBD70, 0xBD70, 0xBD70,
    0xB550, 0xBD70, 0xBD70, 0xBD90, 0xBDB1, 0xC5D1, 0xCDF2, 0xCDF2, 0xCDF2, 0xC5F2, 0xC5D2, 0xC5D2,
    0xC5F2, 0xCDF2, 0xCDF2, 0xCDF2, 0xCDF2, 0xCDF2, 0xCDF3, 0xCDF3, 0xCDF3, 0xCDF3, 0xCDF2, 0xBD91,
    0xA4EE, 0xA4EE, 0xBD91, 0xC5F2, 0xCDF2, 0xCDF3, 0xCE13, 0xCE13, 0xCE13, 0xCE13, 0xCE13, 0xCDF3,
    0xC5F2, 0xC5F2, 0xCDF2, 0xCE13, 0xCE13, 0xCE13, 0xCE13, 0xC5F2, 0xC5B1, 0xBD91, 0xBDB1, 0xC5B2,
    0xCDF3, 0xCE13, 0xC5F3, 0xC5F2, 0xCDF3, 0xCDF2, 0xCDF2, 0xC5D1, 0xB570, 0xB570, 0xC5B1, 0xC5D2,
    0xC5D2, 0xC5D2, 0xC5D2, 0xC5D2, 0xC5B1, 0xC5B1, 0xC5B1, 0xC5D1, 0xC5D2, 0xC5F2, 0xC5F2, 0xC5D2,
    0xC5B1, 0xC5B2, 0xC5F2, 0xCDF3, 0xCDF2, 0xCDF2, 0xCDF3, 0xC5F2, 0xC5D2, 0xC5D2, 0xCE13, 0xCE13,
    0xC5D2, 0xBD91, 0xB550, 0xB570, 0xC5B1, 0xC5B1, 0xBD91, 0xBD91, 0xC5B1, 0xC5D2, 0xC5F2, 0xC5F2,
    0xC5D2, 0xC5F2, 0xCDF2, 0xCDF2, 0xC5F2, 0xC5D2, 0xC5D2, 0xC5D2, 0xC5F2, 0xC5F2, 0xC5D2, 0xC5D1,
    0xC5B1, 0xC5B1, 0xC5B1, 0xC5B1, 0xC5B1, 0xC5B1, 0xC5B1, 0xBDB1, 0xBD91, 0xB54F, 0xA4AD, 0x9C6C,
    0xA4AD, 0xA4CE, 0xB54F, 0xBD70, 0xBD70, 0xBD70, 0xB54F, 0xB54F, 0xB54F, 0xB54F, 0xBD70, 0xBD91,
    0xBDB1, 0xC5D2, 0xC5F2, 0xCDF2, 0xCDF2, 0xC5F2, 0xC5D2, 0xC5D2, 0xC5F2, 0xCDF2, 0xCDF2, 0xCDF2,
    0xCDF2, 0xCDF2, 0xCDF3, 0xCE13, 0xCE13, 0xCE13, 0xCDF2, 0xBD91, 0xA4EE, 0xA4EE, 0xBD91, 0xCDF2,
    0xCE13, 0xCE13, 0xCE13, 0xCE13, 0xCE13, 0xCE13, 0xCE13, 0xCE13, 0xC5F2, 0xC5D2, 0xCDF2, 0xCE13,
    0xCE13, 0xCE13, 0xCDF2, 0xC5D2, 0xC5B1, 0xBD91, 0xBDB1, 0xC5B2, 0xC5F2, 0xCDF3, 0xC5F2, 0xC5F2,
    0xCDF2, 0xCDF2, 0xC5F2, 0xC5B1, 0xB570, 0xB570, 0xC5B1, 0xC5D2, 0xC5F2, 0xC5F2, 0xC5D2, 0xC5B1,
    0xBD91, 0xBD91, 0xC5B1, 0xC5D1, 0xC5F2, 0xC5F2, 0xC5D2, 0xC5D2, 0xBDB1, 0xC5B2, 0xC5F2, 0xCDF3,
    0xC5F2, 0xC5F2, 0xCDF2, 0xC5F2, 0xC5D2, 0xC5D2, 0xCE13, 0xCE13, 0xC5D2, 0xBD91, 0xB550, 0xB54F,
    0xBD90, 0xBDB1, 0xBD90, 0xBD91, 0xC5B1, 0xC5D2, 0xC5F2, 0xCDF2, 0xC5F2, 0xC5F2, 0xCDF2, 0xCDF2,
    0xC5D2, 0xC5D2, 0xC5D2, 0xC5D2, 0xC5F2, 0xC5F2, 0xC5D2, 0xC5B1, 0xBDB1, 0xBD91, 0xBD91, 0xBD90,
    0xBD90, 0xBD91, 0xBDB1, 0xC5B1, 0xBD91, 0xB54F, 0xA4AD, 0x9C6C, 0x9C8D, 0xA4CD, 0xAD0F, 0xBD70,
    0xBD91, 0xBD90, 0xB54F, 0xB54F, 0xBD70, 0xBD90, 0xBD91, 0xBDB1, 0xC5B1, 0xC5D2, 0xC5D2, 0xC5F2,
    0xC5F2, 0xC5F2, 0xC5D2, 0xC5D2, 0xCDF2, 0xCDF2, 0xCDF2, 0xCDF2, 0xCDF2, 0xCE13, 0xCE13, 0xCE13,
    0xCE13, 0xCDF3, 0xCDF2, 0xBD91, 0xACEE, 0xACEE, 0xBD91, 0xC5F2, 0xCE13, 0xCE13, 0xCE13, 0xCE13,
    0xCE13, 0xCE13, 0xCE13, 0xCE13, 0xCDF2, 0xC5F2, 0xCDF3, 0xCE13, 0xCE13, 0xCDF2, 0xC5D2, 0xC5B2,
    0xC5D2, 0xC5F2, 0xCDF3, 0xCE13, 0xCE13, 0xCE13, 0xC5F3, 0xC5F2, 0xCDF3, 0xCDF2, 0xC5F2, 0xC5B1,
    0xB570, 0xBD70, 0xC5D2, 0xCDF2, 0xC5D2, 0xC5D2, 0xC5F2, 0xC5D2, 0xBD90, 0xBD70, 0xC5D1, 0xCDF2,
    0xCDF3, 0xCDF3, 0xC5D2, 0xC5D2, 0xC5F2, 0xCDF3, 0xCDF3, 0xCDF2, 0xC5F2, 0xC5F2, 0xCE13, 0xCE13,
    0xCDF2, 0xCDF2, 0xCE13, 0xCE13, 0xCDF2, 0xC5B1, 0xB52F, 0xAD2F, 0xB570, 0xBD90, 0xBD90, 0xBD91,
    0xC5B1, 0xC5D2, 0xC5D2, 0xC5D2, 0xC5D2, 0xC5D2, 0xC5F2, 0xCDF2, 0xC5D2, 0xC5D2, 0xC5D2, 0xC5D2,
    0xC5F2, 0xC5F2, 0xC5D1, 0xC5B1, 0xC5B1, 0xBD91, 0xBD70, 0xBD70, 0xB550, 0xBD70, 0xBD90, 0xBD91,
    0xBD91, 0xB54F, 0xA4AD, 0x9C6C, 0x9C8D, 0xA4CD, 0xAD0F, 0xBD70, 0xC5B1, 0xC5B1, 0xBD50, 0xB54F,
    0xBD70, 0xBD90, 0xC5B1, 0xC5B1, 0xC5D2, 0xC5D2, 0xC5F2, 0xC5F2, 0xC5F2, 0xC5F2, 0xC5F2, 0xC5F2,
    0xCDF2, 0xCDF2, 0xCDF2, 0xCDF2, 0xCDF2, 0xCDF2, 0xCDF2, 0xCDF2, 0xCE13, 0xCDF2, 0xC5F2, 0xBD91,
    0xACEE, 0xACEE, 0xBD91, 0xC5F2, 0xCE13, 0xCE13, 0xCE13, 0xCE13, 0xCE13, 0xCE13, 0xCE13, 0xCE13,
    0xCDF3, 0xCDF3, 0xCE13, 0xCE13, 0xCE13, 0xCDF2, 0xC5D2, 0xC5D2, 0xCDF3, 0xCE13, 0xCE33, 0xCE33,
    0xCE13, 0xCE13, 0xCDF3, 0xCDF3, 0xCDF3, 0xCDF2, 0xC5F2, 0xC5B1, 0xB570, 0xBD70, 0xC5D2, 0xCDF2,
    0xC5D2, 0xC5D2, 0xCDF2, 0xC5D2, 0xBD70, 0xBD70, 0xC5D2, 0xCDF3, 0xCDF3, 0xCDF3, 0xC5D2, 0xC5D2,
    0xCE13, 0xCE13, 0xCDF2, 0xC5D2, 0xC5D2, 0xC5D2, 0xCDF2, 0xCE13, 0xCE13, 0xCE12, 0xCE12, 0xCE13,
    0xCE13, 0xC5D2, 0xB550, 0xAD2F, 0xB550, 0xBD90, 0xBD91, 0xC5B1, 0xC5D1, 0xC5D2, 0xC5D2, 0xC5D2,
    0xC5D2, 0xC5D2, 0xC5F2, 0xC5F2, 0xC5D2, 0xC5D2, 0xC5D2, 0xC5D2, 0xC5F2, 0xC5D2, 0xC5B1, 0xC5B1,
    0xC5B1, 0xC5B1, 0xBD70, 0xBD70, 0xB550, 0xB570, 0xBD70, 0xBD90, 0xBD90, 0xB52F, 0xA4AD, 0x9C6C,
    0xA4AD, 0xA4CE, 0xB52F, 0xBD70, 0xC5B1, 0xC5B1, 0xBD70, 0xB54F, 0xB54F, 0xBD70, 0xC5B1, 0xC5D1,
    0xC5D1, 0xC5D2, 0xCDF2, 0xCE13, 0xCDF2, 0xCDF2, 0xC5F2, 0xC5F2, 0xCDF2, 0xCDF2, 0xCDF2, 0xC5F2,
    0xC5F2, 0xC5D2, 0xC5D2, 0xC5F2, 0xCE13, 0xCDF3, 0xC5D2, 0xBD71, 0xACEE, 0xAD0E, 0xBD91, 0xCDF2,
    0xCE13, 0xCE13, 0xCE13, 0xCE13, 0xCE13, 0xCE13, 0xCE13, 0xCE13, 0xCE13, 0xCE13, 0xCE13, 0xCE13,
    0xCE13, 0xCE13, 0xCDF3, 0xCDF3, 0xCE13, 0xCE33, 0xCE33, 0xCE13, 0xCE13, 0xCDF3, 0xCE13, 0xCE13,
    0xCDF3, 0xCDF2, 0xC5D2, 0xC5B1, 0xB550, 0xB550, 0xBDB1, 0xC5D2, 0xC5F2, 0xCDF2, 0xCE12, 0xC5F2,
    0xBD91, 0xBD91, 0xC5D2, 0xCDF2, 0xC5F2, 0xC5D2, 0xC5D2, 0xC5D2, 0xCDF3, 0xCDF3, 0xC5D2, 0xC5B1,
    0xBD91, 0xBD91, 0xC5F2, 0xCE13, 0xCDF2, 0xCDF2, 0xCE12, 0xCE13, 0xCE13, 0xC5F2, 0xBD70, 0xB550,
    0xBD90, 0xBDB1, 0xC5B1, 0xC5D1, 0xC5F2, 0xCDF2, 0xCDF2, 0xCDF2, 0xCDF2, 0xCDF2, 0xCDF3, 0xCDF2,
    0xC5F2, 0xC5D2, 0xC5D2, 0xC5D2, 0xC5D2, 0xC5D2, 0xC5B1, 0xC5B1, 0xC5D2, 0xC5D2, 0xC5B1, 0xBD91,
    0xBD90, 0xBD90, 0xBD90, 0xBD90, 0xBD70, 0xB52F, 0xA4AD, 0x9C6C, 0xA4AD, 0xA4CE, 0xB52F, 0xBD70,
    0xBDB0, 0xC5B1, 0xBD90, 0xBD70, 0xB54F, 0xBD70, 0xC5B1, 0xC5D1, 0xC5D1, 0xC5D2, 0xCDF2, 0xCDF3,
    0xC5F2, 0xC5F2, 0xC5F2, 0xCDF2, 0xCDF2, 0xCDF2, 0xC5F2, 0xC5F2, 0xC5D2, 0xC5D2, 0xC5D2, 0xCDF2,
    0xCE13, 0xCE13, 0xC5D2, 0xBD70, 0xAD0E, 0xAD0F, 0xC5B1, 0xCDF2, 0xCDF3, 0xCE13, 0xCE13, 0xCE13,
    0xCE13, 0xCE13, 0xCE33, 0xCE13, 0xCE13, 0xCE13, 0xCE13, 0xCE33, 0xCE33, 0xCE13, 0xCE13, 0xCE13,
    0xCE13, 0xCE33, 0xCE33, 0xCE13, 0xCDF3, 0xC5F2, 0xCDF2, 0xCDF2, 0xCDF3, 0xCDF2, 0xC5F2, 0xC5B1,
    0xB550, 0xB550, 0xBDB1, 0xC5D2, 0xCDF2, 0xCDF2, 0xCDF2, 0xC5F2, 0xC5B1, 0xC5B1, 0xC5F2, 0xCDF3,
    0xC5F2, 0xC5D2, 0xC5D2, 0xC5D2, 0xCDF3, 0xCDF2, 0xC5D2, 0xBDB1, 0xBD91, 0xBD91, 0xC5D2, 0xC5F2,
    0xC5F2, 0xCDF2, 0xCDF2, 0xCE13, 0xCE13, 0xC5F2, 0xBD91, 0xBD70, 0xBD91, 0xC5B1, 0xC5D1, 0xC5F2,
    0xCDF2, 0xCDF2, 0xCDF2, 0xCDF2, 0xCDF2, 0xCDF3, 0xC5F2, 0xC5F2, 0xC5D2, 0xC5D2, 0xC5D2, 0xC5D2,
    0xC5D2, 0xC5D2, 0xC5B1, 0xC5D2, 0xC5D2, 0xC5D2, 0xC5D2, 0xC5B1, 0xC5B1, 0xBD91, 0xBD90, 0xBD70,
    0xBD70, 0xAD0E, 0xA4AD, 0x9C6C, 0xA4AD, 0xA4CD, 0xAD0E, 0xB54F, 0xBD90, 0xC5B1, 0xC5B1, 0xBDB1,
    0xBD90, 0xBD90, 0xC5B1, 0xC5D1, 0xC5D1, 0xC5D2, 0xC5F2, 0xC5D2, 0xC5B1, 0xC5D2, 0xCDF2, 0xCDF2,
    0xC5F2, 0xC5D2, 0xC5D2, 0xC5D2, 0xC5D2, 0xC5F2, 0xCDF3, 0xCE13, 0xCE13, 0xCE13, 0xC5D2, 0xBD70,
    0xAD0F, 0xB52F, 0xC5B1, 0xCDF2, 0xCDF2, 0xCDF3, 0xCE13, 0xCE13, 0xCE13, 0xCE13, 0xCE13, 0xCE13,
    0xC5F2, 0xC5F2, 0xCE13, 0xCE33, 0xCE13, 0xCE13, 0xCE13, 0xCE13, 0xCE13, 0xCE13, 0xCE13, 0xCE13,
    0xC5F2, 0xC5D2, 0xC5D2, 0xC5D2, 0xC5F2, 0xCDF2, 0xC5F2, 0xC5B1, 0xB570, 0xB570, 0xC5B1, 0xC5F2,
    0xCDF2, 0xCDF2, 0xC5F2, 0xC5D1, 0xC5D1, 0xC5D2, 0xCDF3, 0xCE13, 0xCE13, 0xCDF3, 0xCDF2, 0xCDF2,
    0xCE13, 0xCDF3, 0xC5D2, 0xC5D2, 0xC5D2, 0xC5D2, 0xC5B1, 0xC5B1, 0xC5D2, 0xC5F2, 0xC5F2, 0xCDF2,
    0xCE13, 0xC5F2, 0xBDB1, 0xBD91, 0xBD91, 0xC5B1, 0xC5D1, 0xC5F2, 0xCE12, 0xCE12, 0xC5F2, 0xC5D2,
    0xC5F2, 0xC5F2, 0xC5D2, 0xC5D2, 0xC5B2, 0xC5D1, 0xC5D2, 0xC5D2, 0xC5F2, 0xC5F2, 0xC5D2, 0xC5D2,
    0xC5F2, 0xC5F2, 0xC5D2, 0xC5D1, 0xC5B1, 0xC5B1, 0xBD91, 0xBD70, 0xB54F, 0xAD0E, 0xA4AD, 0x9C6C,
    0xA4AD, 0xA4CD, 0xAD0F, 0xB54F, 0xBD70, 0xBD90, 0xC5B1, 0xC5B1, 0xBD91, 0xBD91, 0xC5B1, 0xC5D1,
    0xC5D2, 0xC5D2, 0xC5F2, 0xC5D2, 0xC5B1, 0xC5D2, 0xCDF2, 0xCDF2, 0xC5D2, 0xC5D2, 0xC5D2, 0xC5D2,
    0xC5F2, 0xCDF2, 0xCE13, 0xCE13, 0xCE13, 0xCDF3, 0xC5D2, 0xBD91, 0xAD2F, 0xB52F, 0xBDB1, 0xC5F2,
    0xC5F2, 0xCDF3, 0xCE13, 0xCE13, 0xCE13, 0xCE13, 0xCE13, 0xCE13, 0xC5D2, 0xC5D2, 0xCDF3, 0xCE13,
    0xCE13, 0xCE13, 0xCE13, 0xCE13, 0xCE13, 0xCE13, 0xCE13, 0xCE13, 0xC5F2, 0xC5D2, 0xC5B2, 0xC5B2,
    0xC5D2, 0xC5F2, 0xC5F2, 0xC5B1, 0xB570, 0xB570, 0xC5B1, 0xC5D2, 0xC5D2, 0xC5D2, 0xC5D1, 0xC5D1,
    0xC5D2, 0xC5F2, 0xCE13, 0xCE13, 0xCE13, 0xCE13, 0xCE13, 0xCDF3, 0xC5F2, 0xC5F2, 0xC5D2, 0xC5D2,
    0xC5F2, 0xC5D2, 0xC5B1, 0xC5B1, 0xC5D2, 0xC5D2, 0xC5D2, 0xC5F2, 0xCDF2, 0xC5F2, 0xBDB1, 0xBD91,
    0xBD91, 0xBD91, 0xC5B1, 0xC5D2, 0xC5F2, 0xC5F2, 0xC5D2, 0xC5D2, 0xC5F2, 0xC5F2, 0xC5D2, 0xC5D2,
    0xC5B2, 0xC5B1, 0xC5D2, 0xC5D2, 0xC5D2, 0xC5D2, 0xC5D2, 0xC5D2, 0xC5D2, 0xC5D2, 0xC5D2, 0xC5D1,
    0xC5B1, 0xC5B1, 0xBD91, 0xBD70, 0xB54F, 0xAD0E, 0xA4AD, 0x9C8C, 0xA4CE, 0xAD0E, 0xB570, 0xBD90,
    0xBD90, 0xBD90, 0xBD90, 0xBD90, 0xBD91, 0xC5B1, 0xC5B1, 0xC5D2, 0xC5F2, 0xCDF2, 0xCDF2, 0xCDF2,
    0xC5D2, 0xC5D2, 0xCDF2, 0xCDF2, 0xC5D2, 0xC5B1, 0xC5D2, 0xCDF2, 0xC5F2, 0xCDF3, 0xCE13, 0xCE13,
    0xCDF2, 0xC5F2, 0xC5D2, 0xBD91, 0xB52F, 0xAD2F, 0xBD91, 0xC5D2, 0xC5F2, 0xCDF3, 0xCE13, 0xCE13,
    0xCE13, 0xCE13, 0xCE13, 0xCDF3, 0xBDB1, 0xBD91, 0xC5D2, 0xCE13, 0xCE13, 0xCE13, 0xCE33, 0xCE33,
    0xCE13, 0xCE13, 0xCE13, 0xCE13, 0xCDF2, 0xC5F2, 0xC5D2, 0xC5D2, 0xC5B1, 0xC5D2, 0xC5D2, 0xC5B1,
    0xB550, 0xB54F, 0xBD91, 0xC5B1, 0xBD90, 0xBD90, 0xBDB1, 0xC5B1, 0xC5D2, 0xC5F2, 0xCDF2, 0xCDF3,
    0xC5F2, 0xC5F2, 0xCE13, 0xC5F2, 0xBDB1, 0xBDB1, 0xC5D2, 0xC5F2, 0xC5F2, 0xC5F2, 0xC5D2, 0xC5D2,
    0xC5D2, 0xC5D2, 0xC5D2, 0xC5F2, 0xC5F2, 0xC5D2, 0xBD91, 0xBD70, 0xBD70, 0xBD90, 0xC5B1, 0xC5D1,
    0xC5D1, 0xC5D2, 0xC5D2, 0xCDF2, 0xCDF2, 0xCDF3, 0xCDF2, 0xC5F2, 0xC5D2, 0xC5D2, 0xC5D2, 0xC5D2,
    0xBDB1, 0xBDB1, 0xC5B1, 0xC5D2, 0xC5D2, 0xC5D2, 0xC5D2, 0xC5B1, 0xC5B1, 0xBD91, 0xBD90, 0xBD70,
    0xBD70, 0xB52F, 0xA4CD, 0xA4AD, 0xA4EE, 0xAD0E, 0xBD70, 0xC5B1, 0xC5B0, 0xBD90, 0xBD90, 0xBD91,
    0xC5B1, 0xC5B2, 0xC5D2, 0xC5D2, 0xC5F2, 0xCDF2, 0xCDF2, 0xCDF2, 0xC5D2, 0xC5D2, 0xCDF2, 0xCDF2,
    0xC5D2, 0xC5D2, 0xC5F2, 0xC5F2, 0xC5F2, 0xC5F2, 0xCE13, 0xCE13, 0xC5F2, 0xC5D2, 0xC5D2, 0xBD91,
    0xAD2F, 0xAD2F, 0xBD91, 0xC5D2, 0xCDF2, 0xCDF3, 0xCE13, 0xCE13, 0xCE13, 0xCE13, 0xCE13, 0xCDF3,
    0xC5B2, 0xBDB1, 0xC5D2, 0xCDF2, 0xCDF2, 0xCDF2, 0xCE13, 0xCE13, 0xCDF2, 0xCDF2, 0xCDF3, 0xCE13,
    0xCE13, 0xCDF2, 0xC5F2, 0xC5D2, 0xC5D2, 0xC5D2, 0xC5D2, 0xC5B1, 0xB550, 0xB54F, 0xBDB1, 0xC5B1,
    0xBD90, 0xBD90, 0xBDB1, 0xC5B1, 0xC5D2, 0xC5D2, 0xCDF2, 0xCDF3, 0xC5D2, 0xC5F2, 0xCDF3, 0xC5F2,
    0xBDB1, 0xBDB1, 0xC5D2, 0xCDF2, 0xC5F2, 0xC5F2, 0xC5D2, 0xC5D2, 0xC5D2, 0xC5D2, 0xC5F2, 0xCDF2,
    0xC5F2, 0xC5D2, 0xBD91, 0xB570, 0xB570, 0xBD90, 0xC5B1, 0xC5D1, 0xC5B1, 0xC5B1, 0xC5D2, 0xC5F2,
    0xCDF2, 0xCDF2, 0xCDF2, 0xC5F2, 0xC5D2, 0xC5D2, 0xC5D2, 0xC5D2, 0xBD91, 0xBD91, 0xBDB1, 0xC5B1,
    0xC5B1, 0xC5D1, 0xC5D2, 0xC5D1, 0xC5B1, 0xBD91, 0xBD91, 0xBD90, 0xBD70, 0xB52F, 0xA4CD, 0xA4AD,
    0xA4CD, 0xACEE, 0xB54F, 0xBD90, 0xC5B1, 0xC5B1, 0xC5B1, 0xC5B1, 0xC5D1, 0xC5D2, 0xC5D2, 0xC5D2,
    0xC5D2, 0xC5D2, 0xC5D2, 0xC5D2, 0xC5B1, 0xC5B1, 0xCDF2, 0xCE13, 0xCDF3, 0xC5F2, 0xC5D2, 0xC5D2,
    0xC5D2, 0xC5D2, 0xCDF3, 0xCE13, 0xCDF2, 0xC5F2, 0xC5D2, 0xBD91, 0xAD0F, 0xAD2F, 0xBDB1, 0xCDF2,
    0xCDF2, 0xCDF3, 0xCDF3, 0xCDF3, 0xCE13, 0xCE13, 0xCDF3, 0xCDF3, 0xC5F3, 0xC5F2, 0xCDF2, 0xC5F2,
    0xC5B1, 0xC5B1, 0xC5F2, 0xC5F2, 0xC5B2, 0xC5D2, 0xCDF2, 0xCE13, 0xCE13, 0xCDF3, 0xCDF2, 0xC5F2,
    0xCDF2, 0xC5F2, 0xC5F2, 0xC5B1, 0xB550, 0xB550, 0xC5D2, 0xC5F2, 0xC5D1, 0xC5B1, 0xC5D1, 0xC5D1,
    0xC5B1, 0xC5D2, 0xCDF2, 0xCE13, 0xCDF2, 0xCDF2, 0xCDF2, 0xC5F2, 0xC5D2, 0xC5D2, 0xCDF2, 0xCE13,
    0xCDF2, 0xC5F2, 0xC5D2, 0xC5B1, 0xC5B2, 0xC5D2, 0xC5F2, 0xCDF2, 0xCDF2, 0xC5D2, 0xBD91, 0xB570,
    0xBD70, 0xBD90, 0xC5D1, 0xC5D2, 0xC5D2, 0xC5D2, 0xC5D2, 0xC5D2, 0xC5D2, 0xC5B2, 0xC5B2, 0xC5D2,
    0xC5D2, 0xC5D2, 0xC5D2, 0xC5D2, 0xC5B1, 0xC5B1, 0xBD91, 0xBD91, 0xC5B1, 0xC5D2, 0xC5D1, 0xC5D1,
    0xC5D1, 0xC5B1, 0xC5B1, 0xBD91, 0xBD70, 0xB52F, 0xA4AD, 0x9C8C, 0xA4AD, 0xA4CE, 0xB52F, 0xBD90,
    0xC5B1, 0xC5D1, 0xC5D1, 0xC5D1, 0xC5D2, 0xC5F2, 0xC5D2, 0xC5D2, 0xC5D2, 0xC5D2, 0xC5F2, 0xC5D2,
    0xC5B1, 0xC5B1, 0xCDF2, 0xCE13, 0xCE13, 0xC5F2, 0xC5B2, 0xC5B1, 0xC5D2, 0xC5F2, 0xCE13, 0xCE13,
    0xCE12, 0xC5F2, 0xC5D2, 0xBD91, 0xAD0F, 0xAD0F, 0xBDB1, 0xC5F2, 0xC5F2, 0xC5F2, 0xCDF3, 0xCDF3,
    0xCE13, 0xCDF3, 0xC5F2, 0xC5F2, 0xCE13, 0xCE13, 0xC5F2, 0xC5D2, 0xC5B1, 0xC5B1, 0xC5D2, 0xC5D2,
    0xC5B1, 0xC5B2, 0xCDF2, 0xCE13, 0xCE13, 0xCE13, 0xCE13, 0xCDF2, 0xCDF2, 0xCDF2, 0xC5F2, 0xC5B1,
    0xB550, 0xB570, 0xC5B1, 0xC5D2, 0xC5D1, 0xC5D1, 0xC5D1, 0xC5D1, 0xC5D1, 0xC5D1, 0xC5F2, 0xCDF2,
    0xCDF2, 0xCDF2, 0xC5D2, 0xC5F2, 0xCDF2, 0xCE13, 0xCE13, 0xCE13, 0xCE13, 0xC5F2, 0xC5D2, 0xC5D2,
    0xC5D2, 0xC5F2, 0xCDF2, 0xCDF2, 0xCDF2, 0xC5D2, 0xBD91, 0xBD70, 0xBD70, 0xBD91, 0xC5D1, 0xC5D2,
    0xC5D2, 0xC5D2, 0xC5D2, 0xC5D2, 0xC5D2, 0xC5B2, 0xC5D2, 0xC5D2, 0xC5D2, 0xC5D2, 0xC5D2, 0xC5D2,
    0xC5D2, 0xC5B1, 0xBD91, 0xBD91, 0xC5B1, 0xC5D1, 0xC5B1, 0xC5B1, 0xC5D1, 0xC5D1, 0xC5D1, 0xBD91,
    0xB550, 0xACEE, 0xA4AD, 0x9C6C, 0x9C8C, 0xA4AD, 0xAD2F, 0xBD70, 0xC5B1, 0xC5D1, 0xC5D1, 0xC5D1,
    0xC5D2, 0xC5F2, 0xC5F2, 0xC5F2, 0xC5F2, 0xC5F2, 0xCDF2, 0xCDF2, 0xC5D2, 0xC5D2, 0xCE13, 0xCE13,
    0xCDF2, 0xC5D2, 0xBD91, 0xBD91, 0xC5D2, 0xCDF2, 0xCE33, 0xCE33, 0xCE12, 0xC5F2, 0xC5D2, 0xBD91,
    0xAD2F, 0xAD0F, 0xBD91, 0xC5D2, 0xC5D2, 0xC5D2, 0xC5F2, 0xCE13, 0xCE13, 0xCE13, 0xC5F2, 0xC5D2,
    0xC5F2, 0xC5F2, 0xC5B1, 0xC5B1, 0xC5D2, 0xCDF2, 0xCDF3, 0xC5F2, 0xC5D2, 0xC5D2, 0xCDF3, 0xCE13,
    0xCE33, 0xCE33, 0xCE13, 0xCDF3, 0xC5F2, 0xC5D2, 0xC5D2, 0xC5B1, 0xBD70, 0xB550, 0xBD70, 0xBD91,
    0xBDB1, 0xC5B1, 0xC5B1, 0xC5D1, 0xC5F2, 0xC5F2, 0xC5D1, 0xC5D2, 0xCDF2, 0xCDF2, 0xC5D2, 0xC5D2,
    0xCE13, 0xCE33, 0xCE13, 0xCE13, 0xCE13, 0xCE13, 0xCE13, 0xCDF3, 0xCDF2, 0xCDF2, 0xCE13, 0xCDF2,
    0xC5F2, 0xC5B1, 0xBD90, 0xBD70, 0xBD91, 0xC5B1, 0xC5D1, 0xC5D1, 0xC5B1, 0xC5D2, 0xC5F2, 0xCDF2,
    0xCDF2, 0xCDF2, 0xCDF3, 0xCDF2, 0xCDF2, 0xC5D2, 0xC5D2, 0xC5D2, 0xC5D2, 0xC5D2, 0xC5B1, 0xC5B1,
    0xC5D1, 0xC5B1, 0xBD91, 0xBD91, 0xC5B1, 0xC5D1, 0xC5B1, 0xBD70, 0xAD0E, 0xA4AD, 0xA4AD, 0xA4AD,
    0x9C6C, 0xA4AD, 0xB52F, 0xBD70, 0xBDB1, 0xC5B1, 0xC5B1, 0xC5D1, 0xC5D2, 0xC5D2, 0xC5F2, 0xC5F2,
    0xC5D2, 0xC5F2, 0xCDF2, 0xCE12, 0xCDF2, 0xCDF2, 0xCE13, 0xCE13, 0xC5F2, 0xC5B1, 0xBD70, 0xBD70,
    0xC5B1, 0xC5F2, 0xCE13, 0xCE13, 0xCDF2, 0xC5D2, 0xC5D2, 0xBD91, 0xAD2F, 0xAD0F, 0xBD91, 0xC5D2,
    0xC5D2, 0xC5D2, 0xCDF2, 0xCE13, 0xCE13, 0xCE13, 0xC5F2, 0xC5F2, 0xC5F2, 0xC5D2, 0xC5B1, 0xC5B1,
    0xC5F2, 0xCE13, 0xCE13, 0xCDF2, 0xC5D2, 0xC5F2, 0xCE13, 0xCE33, 0xCE33, 0xCE33, 0xCE13, 0xCE13,
    0xC5F2, 0xC5F2, 0xC5D2, 0xC5B1, 0xB570, 0xB54F, 0xB550, 0xBD70, 0xBD91, 0xC5B1, 0xC5D1, 0xC5D2,
    0xCDF2, 0xC5F2, 0xC5B1, 0xC5B1, 0xCDF2, 0xCDF2, 0xC5D2, 0xC5D2, 0xCE12, 0xCE13, 0xCE13, 0xCE13,
    0xCE13, 0xCE13, 0xCE13, 0xCE13, 0xCE13, 0xCE12, 0xC5F2, 0xC5D2, 0xC5D2, 0xBDB1, 0xBD90, 0xBD90,
    0xBDB1, 0xC5D1, 0xC5B1, 0xC5D1, 0xC5D2, 0xC5F2, 0xCDF2, 0xCE13, 0xCE13, 0xCE13, 0xCE13, 0xCE13,
    0xCDF2, 0xC5D2, 0xC5D2, 0xC5D2, 0xC5D2, 0xC5D2, 0xC5D1, 0xC5D1, 0xC5B1, 0xBDB1, 0xBD90, 0xBD90,
    0xBDB1, 0xC5B1, 0xBDB1, 0xBD70, 0xAD0E, 0xA4CD, 0xA4AD, 0xA4AD, 0x9C6C, 0xA4CD, 0xB54F, 0xBD90,
    0xBD90, 0xBD90, 0xBD91, 0xBDB1, 0xC5B1, 0xC5D1, 0xC5D2, 0xC5D2, 0xC5B1, 0xC5D1, 0xC5F2, 0xCDF2,
    0xCE12, 0xCE13, 0xCDF3, 0xCDF2, 0xC5F2, 0xC5B2, 0xBD70, 0xBD70, 0xBDB1, 0xC5D2, 0xC5D2, 0xC5D2,
    0xC5F2, 0xC5F2, 0xC5D2, 0xBD91, 0xAD0F, 0xAD2F, 0xBD91, 0xC5F2, 0xC5F2, 0xCDF2, 0xCDF3, 0xCE13,
    0xCE13, 0xCE33, 0xCE13, 0xCE13, 0xCDF2, 0xC5F2, 0xC5D2, 0xC5D2, 0xC5D2, 0xC5F2, 0xC5F2, 0xCDF2,
    0xCDF3, 0xCE13, 0xCE33, 0xCE33, 0xCE33, 0xCE33, 0xCE13, 0xCE13, 0xCE13, 0xCDF2, 0xC5D2, 0xBDB1,
    0xB54F, 0xB52F, 0xB52F, 0xB570, 0xC5B1, 0xC5F2, 0xCDF2, 0xCDF2, 0xCE12, 0xC5F2, 0xC5B1, 0xC5B1,
    0xCDF2, 0xCE13, 0xCDF2, 0xCDF2, 0xC5F2, 0xC5F2, 0xCDF2, 0xCDF2, 0xCDF2, 0xC5F2, 0xCDF2, 0xCDF2,
    0xCE13, 0xC5F2, 0xC5B1, 0xBDB1, 0xC5B1, 0xBDB1, 0xBD70, 0xBD90, 0xC5B1, 0xC5D1, 0xC5D1, 0xC5D2,
    0xCDF2, 0xCE12, 0xCE13, 0xCE13, 0xCE13, 0xCE13, 0xCE13, 0xCDF2, 0xC5F2, 0xC5D2, 0xC5D2, 0xC5B1,
    0xC5B1, 0xC5B1, 0xC5B1, 0xBDB1, 0xBD91, 0xBD91, 0xBDB1, 0xBDB1, 0xBD91, 0xBD90, 0xBD90, 0xBD70,
    0xB550, 0xAD0F, 0xA4AD, 0x9C6C, 0x9C6C, 0xA4CD, 0xB54F, 0xBD90, 0xBD90, 0xBD90, 0xBD90, 0xBD91,
    0xBDB1, 0xC5B1, 0xC5B1, 0xC5B1, 0xBDB1, 0xBDB1, 0xC5D2, 0xC5F2, 0xCDF2, 0xCDF3, 0xCDF2, 0xC5F2,
    0xC5F2, 0xC5D2, 0xBD91, 0xBD91, 0xBDB1, 0xC5B1, 0xBD91, 0xC5B1, 0xC5D2, 0xC5F2, 0xC5D2, 0xBD91,
    0xAD0F, 0xAD0F, 0xBDB1, 0xC5F2, 0xCDF2, 0xCDF2, 0xCDF3, 0xCE13, 0xCE13, 0xCE33, 0xCE33, 0xCE13,
    0xC5F2, 0xC5D2, 0xC5D2, 0xC5D2, 0xC5D2, 0xC5D2, 0xC5F2, 0xCDF2, 0xCE13, 0xCE13, 0xCE13, 0xCE13,
    0xCE13, 0xCE13, 0xCE13, 0xCE13, 0xCE13, 0xCDF2, 0xC5D2, 0xBD91, 0xB52F, 0xB52F, 0xB54F, 0xBD90,
    0xC5D1, 0xCDF2, 0xCDF2, 0xCDF2, 0xCDF2, 0xC5F2, 0xC5B1, 0xC5B1, 0xC5D2, 0xCDF2, 0xCDF2, 0xCDF2,
    0xC5F2, 0xC5D2, 0xC5D2, 0xC5D2, 0xC5D2, 0xC5D2, 0xC5D2, 0xC5F2, 0xCDF2, 0xC5D2, 0xBD91, 0xBD70,
    0xC5B1, 0xBDB1, 0xBD70, 0xBD70, 0xC5B1, 0xC5D2, 0xC5D2, 0xC5D2, 0xCDF2, 0xCE12, 0xCDF2, 0xCDF2,
    0xCDF2, 0xCDF2, 0xCDF2, 0xCDF2, 0xC5F2, 0xC5D2, 0xC5D2, 0xC5B1, 0xBD91, 0xBD91, 0xBDB1, 0xBDB1,
    0xBD90, 0xBD90, 0xC5B1, 0xC5B1, 0xBD91, 0xBD90, 0xBD90, 0xBD90, 0xBD70, 0xB52F, 0xA4AD, 0x9C6C,
    0x9C6C, 0xA4AD, 0xB54F, 0xBD90, 0xBD90, 0xBD90, 0xBD90, 0xBD91, 0xBDB1, 0xC5B1, 0xC5B1, 0xC5B1,
    0xBD91, 0xBD91, 0xC5D2, 0xC5F2, 0xC5F2, 0xC5F2, 0xC5F2, 0xC5F2, 0xC5D2, 0xC5D2, 0xC5F2, 0xC5D2,
    0xC5B1, 0xBDB1, 0xBD91, 0xBDB1, 0xC5F2, 0xCDF2, 0xCDF2, 0xBD91, 0xACEE, 0xACEE, 0xBD90, 0xC5D2,
    0xC5F2, 0xCDF2, 0xCDF3, 0xCE13, 0xCE13, 0xCE13, 0xCE13, 0xCDF2, 0xC5D2, 0xC5B1, 0xBDB1, 0xC5B1,
    0xC5D2, 0xCDF2, 0xCDF3, 0xCDF2, 0xC5F2, 0xC5F2, 0xCDF2, 0xCDF2, 0xCDF2, 0xCDF2, 0xCDF2, 0xC5F2,
    0xC5D2, 0xC5D2, 0xC5D2, 0xBD91, 0xB52F, 0xB52F, 0xBD90, 0xC5B1, 0xC5D2, 0xC5F2, 0xC5F2, 0xC5F2,
    0xC5F2, 0xC5D2, 0xC5D1, 0xC5D1, 0xC5B1, 0xC5D1, 0xC5D2, 0xCDF2, 0xCDF2, 0xC5D2, 0xC5B1, 0xC5B1,
    0xC5D2, 0xC5D2, 0xC5F2, 0xC5F2, 0xCDF2, 0xC5D2, 0xBD71, 0xBD70, 0xBDB1, 0xBD91, 0xB550, 0xB550,
    0xBDB1, 0xC5D2, 0xC5D2, 0xC5F2, 0xC5F2, 0xC5F2, 0xC5F2, 0xC5D2, 0xC5D2, 0xC5D1, 0xC5D2, 0xC5F2,
    0xCDF2, 0xC5F2, 0xC5D1, 0xC5B1, 0xBD91, 0xBD91, 0xBDB1, 0xBDB1, 0xBD91, 0xBD91, 0xBD91, 0xBD91,
    0xBD91, 0xBD91, 0xBD91, 0xBD90, 0xBD70, 0xB52F, 0xA4CE, 0xA4AD, 0x9C8C, 0xA4CD, 0xB56F, 0xC5B0,
    0xBD90, 0xBD90, 0xBD91, 0xBD91, 0xC5B1, 0xC5B1, 0xC5B1, 0xC5B1, 0xBDB1, 0xBDB1, 0xC5B2, 0xC5D2,
    0xC5F2, 0xC5F2, 0xC5D2, 0xC5D2, 0xC5D2, 0xC5D2, 0xC5F2, 0xC5D2, 0xC5B1, 0xBDB1, 0xBD91, 0xBDB1,
    0xC5D2, 0xC5F2, 0xC5D2, 0xBD91, 0xACEE, 0xA4EE, 0xBD91, 0xC5D2, 0xC5D2, 0xC5D2, 0xC5F2, 0xCDF2,
    0xCDF3, 0xCE13, 0xCE13, 0xCDF2, 0xC5D2, 0xC5B1, 0xBDB1, 0xC5B2, 0xC5F2, 0xCDF3, 0xCE13, 0xCE13,
    0xC5F2, 0xC5D2, 0xC5F2, 0xC5F2, 0xC5F2, 0xC5F2, 0xC5F2, 0xC5D2, 0xC5D2, 0xC5D2, 0xC5D2, 0xBDB1,
    0xB52F, 0xB52F, 0xBD91, 0xC5D2, 0xC5D2, 0xC5D2, 0xC5D2, 0xC5D2, 0xC5D2, 0xC5D2, 0xC5D2, 0xC5D1,
    0xC5B1, 0xC5B1, 0xC5D2, 0xC5F2, 0xCDF2, 0xC5F2, 0xC5B1, 0xC5B1, 0xC5B1, 0xC5D2, 0xC5F2, 0xCDF2,
    0xC5F2, 0xC5D2, 0xBD91, 0xBD91, 0xC5B2, 0xBDB1, 0xB550, 0xB550, 0xBD91, 0xC5D1, 0xC5D2, 0xC5F2,
    0xC5D2, 0xC5D2, 0xC5D1, 0xC5B1, 0xC5B1, 0xC5B1, 0xC5D1, 0xC5D1, 0xC5D1, 0xC5D1, 0xC5B1, 0xC5B1,
    0xC5B1, 0xBDB1, 0xC5B1, 0xC5B1, 0xC5B1, 0xC5B1, 0xBDB1, 0xBD91, 0xBD91, 0xBD91, 0xBD91, 0xBD91,
    0xBD70, 0xB52F, 0xACEE, 0xA4AD, 0xA4AD, 0xACEE, 0xBD70, 0xC5B1, 0xC5B1, 0xC5B1, 0xBD91, 0xC5B1,
    0xC5B1, 0xC5D1, 0xC5B1, 0xC5D1, 0xC5D2, 0xC5D2, 0xC5B2, 0xC5D1, 0xC5D2, 0xC5D2, 0xC5D2, 0xC5B1,
    0xC5B1, 0xC5B1, 0xBD91, 0xBD91, 0xC5B1, 0xC5B1, 0xBDB1, 0xBD91, 0xBDB1, 0xBDB1, 0xC5B1, 0xBD70,
    0xACEE, 0xACEE, 0xBDB1, 0xC5D2, 0xC5B1, 0xBDB1, 0xC5D2, 0xC5D2, 0xCDF2, 0xCE13, 0xCE13, 0xCE12,
    0xC5F2, 0xC5D2, 0xC5F2, 0xCDF3, 0xCDF3, 0xCDF3, 0xCE13, 0xCE13, 0xC5F2, 0xC5D2, 0xC5F2, 0xC5F2,
    0xC5F2, 0xC5D2, 0xC5D2, 0xC5D2, 0xC5F2, 0xC5F2, 0xC5D2, 0xBDB1, 0xB54F, 0xB52F, 0xBD90, 0xC5B1,
    0xC5B1, 0xC5B1, 0xC5D2, 0xC5D2, 0xC5F2, 0xC5F2, 0xC5F2, 0xC5D2, 0xC5D1, 0xC5B1, 0xC5D2, 0xC5D2,
    0xCDF2, 0xCDF2, 0xC5D2, 0xC5B1, 0xC5D1, 0xC5D2, 0xCDF2, 0xCDF2, 0xC5F2, 0xC5F2, 0xC5D2, 0xC5D2,
    0xC5F2, 0xC5D2, 0xBD70, 0xB570, 0xBD91, 0xC5B1, 0xC5D2, 0xC5D2, 0xC5D2, 0xC5B1, 0xBD90, 0xBD90,
    0xC5B1, 0xC5D2, 0xC5B1, 0xBDB1, 0xBD90, 0xBD91, 0xC5B1, 0xC5B1, 0xC5B1, 0xC5B1, 0xC5B1, 0xC5B1,
    0xC5B1, 0xC5B1, 0xC5D1, 0xC5B1, 0xC5B1, 0xBDB1, 0xBDB1, 0xBD91, 0xBD70, 0xB52F, 0xACEE, 0xA4CD,
    0xA4EE, 0xAD0F, 0xBD90, 0xC5B1, 0xC5B1, 0xBDB1, 0xBD91, 0xC5B1, 0xC5B1, 0xC5D1, 0xC5D1, 0xC5D2,
    0xC5D2, 0xC5D2, 0xC5D2, 0xC5D1, 0xC5D2, 0xC5D2, 0xC5B1, 0xC5B1, 0xC5B1, 0xC5B1, 0xBD91, 0xBD91,
    0xC5D2, 0xC5D2, 0xC5B2, 0xC5B1, 0xBDB1, 0xBDB1, 0xBDB1, 0xBD70, 0xACEE, 0xAD0E, 0xBDB1, 0xC5D2,
    0xBDB1, 0xBD91, 0xC5B1, 0xC5D2, 0xCDF2, 0xCDF3, 0xCE13, 0xCDF2, 0xC5D2, 0xC5D2, 0xCDF3, 0xCDF3,
    0xC5F2, 0xC5F2, 0xCE13, 0xCE13, 0xC5F2, 0xC5D2, 0xC5F2, 0xC5F2, 0xC5F2, 0xC5D2, 0xC5B1, 0xC5B1,
    0xC5F2, 0xC5F2, 0xC5D2, 0xBDB1, 0xB550, 0xB52F, 0xBD70, 0xBD91, 0xC5B1, 0xC5B1, 0xC5D2, 0xC5F2,
    0xCDF2, 0xC5F2, 0xC5F2, 0xC5D2, 0xC5D2, 0xC5D2, 0xC5D2, 0xC5D2, 0xCDF2, 0xCDF2, 0xC5D2, 0xC5D2,
    0xC5D2, 0xC5D2, 0xC5D2, 0xC5F2, 0xC5F2, 0xC5F2, 0xC5F2, 0xC5F2, 0xC5D2, 0xC5B1, 0xBD70, 0xB570,
    0xBD91, 0xC5B1, 0xC5D2, 0xC5D2, 0xC5D2, 0xC5B1, 0xBD70, 0xBD70, 0xC5D1, 0xC5D2, 0xC5B1, 0xBD90,
    0xBD70, 0xBD70, 0xBD91, 0xC5B1, 0xC5D1, 0xC5D2, 0xC5D2, 0xC5D1, 0xC5B1, 0xC5B1, 0xC5D1, 0xC5D1,
    0xC5B1, 0xC5B1, 0xBD91, 0xBD70, 0xB550, 0xAD0F, 0xA4CE, 0xA4AD, 0xACEE, 0xAD2F, 0xBD90, 0xBDB1,
    0xBD90, 0xBD70, 0xBD91, 0xBDB1, 0xBDB1, 0xC5B1, 0xC5D2, 0xC5D2, 0xC5D2, 0xC5D2, 0xC5D2, 0xC5D2,
    0xC5D1, 0xC5B1, 0xC5B1, 0xC5B1, 0xC5D2, 0xC5D2, 0xC5D2, 0xC5F2, 0xCDF2, 0xCDF2, 0xC5F2, 0xC5D2,
    0xC5D2, 0xC5D2, 0xC5D1, 0xBD90, 0xACEE, 0xAD0E, 0xBDB1, 0xC5D2, 0xBDB1, 0xBD91, 0xC5B1, 0xC5D2,
    0xC5F2, 0xCDF2, 0xCDF2, 0xC5D2, 0xC5B1, 0xC5B1, 0xC5F2, 0xCDF3, 0xC5D2, 0xC5D2, 0xCE12, 0xCE12,
    0xC5D2, 0xC5D2, 0xC5D2, 0xC5F2, 0xCDF2, 0xC5F2, 0xC5B1, 0xBD91, 0xC5B1, 0xC5D2, 0xC5D2, 0xBDB1,
    0xB550, 0xB52F, 0xB570, 0xBD91, 0xC5B1, 0xC5D2, 0xC5F2, 0xCDF2, 0xCDF2, 0xC5F2, 0xC5D2, 0xC5D2,
    0xCDF2, 0xCDF2, 0xCDF2, 0xC5F2, 0xC5F2, 0xC5F2, 0xC5F2, 0xC5F2, 0xC5D2, 0xC5D2, 0xC5B1, 0xC5D2,
    0xC5F2, 0xC5F2, 0xC5D2, 0xC5B1, 0xBD91, 0xBD71, 0xB550, 0xB570, 0xBD91, 0xC5B1, 0xC5D2, 0xC5D2,
    0xC5B1, 0xBD91, 0xBD70, 0xBD70, 0xC5D1, 0xC5D2, 0xC5B1, 0xBD90, 0xBD70, 0xBD70, 0xBD90, 0xC5B1,
    0xC5D1, 0xC5D2, 0xC5D2, 0xC5D1, 0xBDB1, 0xBD91, 0xBDB1, 0xC5B1, 0xC5B1, 0xC5B1, 0xBD70, 0xB54F,
    0xAD0F, 0xACEE, 0xA4AD, 0x9C8D, 0xACEE, 0xAD2F, 0xBD90, 0xBD91, 0xBD70, 0xBD70, 0xBD91, 0xBD91,
    0xBDB1, 0xC5B1, 0xC5B1, 0xC5B1, 0xBDB1, 0xC5B1, 0xC5D1, 0xC5D2, 0xC5D1, 0xC5B1, 0xC5B1, 0xC5D1,
    0xC5D2, 0xC5D2, 0xCDF2, 0xCDF2, 0xCDF2, 0xCDF2, 0xC5F2, 0xC5F2, 0xC5F2, 0xC5F2, 0xC5D2, 0xBD90,
    0xACEE, 0xACEE, 0xBD91, 0xC5D2, 0xC5B1, 0xC5B1, 0xC5D2, 0xC5D2, 0xC5F2, 0xC5F2, 0xC5D2, 0xC5D2,
    0xC5B1, 0xC5B1, 0xCDF2, 0xCDF2, 0xC5D2, 0xC5D2, 0xC5F2, 0xCDF2, 0xC5D2, 0xC5D2, 0xC5F2, 0xC5F2,
    0xCDF3, 0xC5F2, 0xC5B1, 0xC5B1, 0xC5D2, 0xC5D2, 0xC5D2, 0xBDB1, 0xB550, 0xB54F, 0xBD70, 0xBD91,
    0xC5D2, 0xC5D2, 0xC5F2, 0xC5F2, 0xCDF2, 0xC5F2, 0xC5D1, 0xC5D1, 0xCDF2, 0xCE12, 0xCDF2, 0xCDF2,
    0xC5F2, 0xC5F2, 0xCDF2, 0xCDF2, 0xC5F2, 0xC5D2, 0xC5B1, 0xC5B1, 0xC5D2, 0xC5D2, 0xC5B1, 0xBD91,
    0xBD91, 0xBD91, 0xB570, 0xB570, 0xBD91, 0xC5B1, 0xC5D2, 0xC5D2, 0xC5D2, 0xC5B1, 0xBD90, 0xBD91,
    0xC5D1, 0xC5D1, 0xBD91, 0xBD70, 0xBD70, 0xBD70, 0xBD90, 0xC5B1, 0xC5D1, 0xC5D2, 0xC5D2, 0xC5D1,
    0xBDB1, 0xBD90, 0xBD90, 0xBDB1, 0xC5B1, 0xBDB1, 0xBD70, 0xB54F, 0xAD0E, 0xA4CE, 0x9C8D, 0x9C6C,
    0xA4EE, 0xAD0F, 0xBD70, 0xBDB1, 0xBDB1, 0xBD91, 0xBD91, 0xBD91, 0xC5B1, 0xC5B1, 0xBD91, 0xBD91,
    0xBD70, 0xBD90, 0xC5B1, 0xC5D1, 0xC5D1, 0xC5B1, 0xC5B1, 0xC5B1, 0xC5D2, 0xC5D2, 0xC5D2, 0xC5D1,
    0xC5D2, 0xC5F2, 0xCDF2, 0xCE13, 0xCDF2, 0xC5F2, 0xC5D2, 0xBD70, 0xACEE, 0xACEE, 0xBD91, 0xC5D2,
    0xC5F2, 0xC5F2, 0xC5D2, 0xC5D2, 0xC5D2, 0xC5D2, 0xC5B2, 0xC5B2, 0xC5D2, 0xC5F2, 0xCE13, 0xCDF3,
    0xC5D2, 0xC5D2, 0xC5F2, 0xCDF2, 0xC5F2, 0xC5F2, 0xCE13, 0xCE13, 0xCDF3, 0xCDF2, 0xC5D2, 0xC5F2,
    0xCDF2, 0xCDF2, 0xC5D2, 0xBDB1, 0xB550, 0xB550, 0xC5B1, 0xC5D2, 0xC5F2, 0xC5F2, 0xC5B1, 0xC5D2,
    0xCDF2, 0xCDF2, 0xC5D1, 0xC5B1, 0xC5D2, 0xCDF2, 0xCDF2, 0xCDF2, 0xCDF2, 0xCDF2, 0xCDF2, 0xCDF2,
    0xC5F2, 0xC5F2, 0xC5D2, 0xC5D2, 0xC5D2, 0xC5D2, 0xBDB1, 0xC5B1, 0xC5D2, 0xC5D2, 0xBD90, 0xBD70,
    0xBD90, 0xC5B1, 0xC5D2, 0xCDF2, 0xC5F2, 0xC5D2, 0xC5D2, 0xC5D1, 0xC5B1, 0xBDB1, 0xBD70, 0xB570,
    0xBD70, 0xBD70, 0xBD90, 0xC5B1, 0xC5D2, 0xC5D2, 0xC5D2, 0xC5D2, 0xC5B1, 0xC5B1, 0xC5B1, 0xC5B1,
    0xBDB1, 0xBDB1, 0xBDB1, 0xBD70, 0xB52F, 0xA4CE, 0x9C8C, 0x944C, 0xA4CE, 0xAD0E, 0xB570, 0xBD91,
    0xC5B1, 0xBDB1, 0xBD70, 0xBD90, 0xC5B1, 0xC5B1, 0xBD91, 0xBD70, 0xBD70, 0xBD90, 0xBDB1, 0xC5B1,
    0xC5B1, 0xC5B1, 0xC5B1, 0xC5B1, 0xC5D2, 0xC5D2, 0xC5D1, 0xC5D1, 0xC5D2, 0xC5F2, 0xCDF2, 0xCE13,
    0xCDF3, 0xC5F2, 0xC5D2, 0xBD70, 0xA4EE, 0xA4EE, 0xBD70, 0xC5D2, 0xCDF2, 0xCDF2, 0xC5D2, 0xC5D2,
    0xC5D2, 0xC5D2, 0xC5B2, 0xC5D2, 0xC5F2, 0xCDF3, 0xCDF2, 0xC5D2, 0xC5B1, 0xC5D2, 0xC5F2, 0xCDF2,
    0xCDF2, 0xCDF2, 0xCE13, 0xCE13, 0xCDF2, 0xC5F2, 0xC5D2, 0xC5F2, 0xCE13, 0xCDF2, 0xC5D2, 0xBD91,
    0xB550, 0xBD70, 0xC5B1, 0xC5F2, 0xC5F2, 0xC5D2, 0xC5B1, 0xC5B1, 0xC5F2, 0xC5F2, 0xC5D1, 0xC5D1,
    0xC5D2, 0xCDF2, 0xCDF2, 0xCDF2, 0xCDF2, 0xC5F2, 0xC5F2, 0xCDF2, 0xCDF2, 0xCDF2, 0xC5F2, 0xC5D2,
    0xC5D2, 0xC5D2, 0xC5B2, 0xC5D2, 0xCDF3, 0xC5F2, 0xBD91, 0xB570, 0xBD90, 0xC5B1, 0xC5D2, 0xCDF2,
    0xC5F2, 0xC5F2, 0xC5F2, 0xC5D2, 0xC5B1, 0xBD91, 0xBD70, 0xBD70, 0xBD70, 0xBD70, 0xC5B1, 0xC5D1,
    0xC5D2, 0xC5D2, 0xC5D2, 0xC5D1, 0xBDB1, 0xBD90, 0xBDB1, 0xBDB1, 0xBD90, 0xBD90, 0xBDB1, 0xBD90,
    0xB52F, 0xA4CE, 0x9C8C, 0x944C, 0xA4AD, 0xACEE, 0xB54F, 0xBD70, 0xBD91, 0xBD91, 0xBD70, 0xBD70,
    0xBD91, 0xBD91, 0xBD70, 0xBD70, 0xBD91, 0xC5B1, 0xC5D1, 0xC5B1, 0xBD90, 0xBD90, 0xBD91, 0xC5B1,
    0xC5B1, 0xC5D2, 0xC5D2, 0xC5F2, 0xC5F2, 0xCDF2, 0xCDF2, 0xCDF2, 0xCDF2, 0xC5F2, 0xC5D2, 0xBD70,
    0xA4CE, 0xA4CD, 0xB550, 0xC5B1, 0xC5D2, 0xC5D2, 0xC5B1, 0xC5B1, 0xC5D2, 0xC5F2, 0xC5F2, 0xC5F2,
    0xCDF2, 0xC5D2, 0xBDB1, 0xBD91, 0xBD91, 0xC5B1, 0xCDF2, 0xCE13, 0xCDF2, 0xCDF3, 0xCE13, 0xCDF3,
    0xC5F2, 0xC5D2, 0xBDB1, 0xC5B2, 0xC5F2, 0xCDF2, 0xC5D1, 0xBD91, 0xB550, 0xBD70, 0xC5B1, 0xC5D2,
    0xC5B1, 0xC5B1, 0xC5D1, 0xC5D1, 0xC5B1, 0xC5B1, 0xC5D2, 0xC5F2, 0xCDF2, 0xCDF2, 0xCDF2, 0xCDF2,
    0xC5D2, 0xC5D2, 0xC5D2, 0xC5D2, 0xCDF3, 0xCDF2, 0xC5D2, 0xC5D2, 0xC5F2, 0xCDF2, 0xC5D2, 0xC5F2,
    0xCE13, 0xC5F2, 0xBD70, 0xB550, 0xBD90, 0xC5B1, 0xC5D2, 0xC5D2, 0xC5B1, 0xC5B1, 0xC5D2, 0xC5D2,
    0xBDB1, 0xBD91, 0xBD90, 0xBD90, 0xBD70, 0xBD90, 0xC5B1, 0xC5D1, 0xC5B1, 0xC5B1, 0xC5D1, 0xC5B1,
    0xBD70, 0xB550, 0xBD90, 0xBD90, 0xBD70, 0xBD70, 0xBD90, 0xB570, 0xAD0F, 0xA4CE, 0x9C8D, 0x9C8C,
    0xA4AD, 0xA4EE, 0xB52F, 0xBD70, 0xBD91, 0xBD90, 0xBD70, 0xB570, 0xBD90, 0xBD90, 0xBD70, 0xBD70,
    0xBDB1, 0xC5B1, 0xC5D1, 0xC5B1, 0xBD90, 0xBD90, 0xC591, 0xC5B1, 0xC5B1, 0xC5D1, 0xC5D2, 0xC5D2,
    0xC5F2, 0xC5F2, 0xC5F2, 0xC5F2, 0xC5F2, 0xC5F2, 0xC5D2, 0xBD90, 0xACEE, 0xA4CE, 0xB550, 0xC5B1,
    0xC5D2, 0xC5D2, 0xC5B1, 0xC5B1, 0xC5D2, 0xC5F2, 0xCDF2, 0xCDF2, 0xCDF2, 0xC5D2, 0xBD91, 0xBD70,
    0xBD91, 0xC5B1, 0xCDF2, 0xCDF3, 0xCDF3, 0xCDF2, 0xCDF2, 0xC5F2, 0xC5D2, 0xC5D2, 0xBDB1, 0xBDB1,
    0xC5D2, 0xC5F2, 0xC5B1, 0xBD91, 0xB54F, 0xB550, 0xC5B1, 0xC5D1, 0xBDB1, 0xBDB1, 0xC5D1, 0xC5D1,
    0xBDB1, 0xBDB1, 0xC5F2, 0xCDF2, 0xC5F2, 0xC5F2, 0xCDF2, 0xCDF2, 0xC5D2, 0xC5D2, 0xC5D2, 0xC5D2,
    0xCDF2, 0xC5F2, 0xC5B1, 0xC5B1, 0xC5F2, 0xCDF2, 0xC5F2, 0xC5F2, 0xCDF3, 0xC5D2, 0xBD70, 0xB550,
    0xBD70, 0xBDB1, 0xC5D1, 0xC5D2, 0xC5B1, 0xC5B1, 0xC5D2, 0xC5D2, 0xC5B1, 0xBD91, 0xBD91, 0xBD90,
    0xBD90, 0xBD90, 0xC5B1, 0xC5B1, 0xBD91, 0xBD91, 0xC5B1, 0xBDB1, 0xBD70, 0xB550, 0xBD70, 0xBD90,
    0xBD70, 0xBD70, 0xBD70, 0xB550, 0xAD0F, 0xA4EE, 0xA4AD, 0x9CAD, 0xA4CE, 0xACEE, 0xB52F, 0xBD70,
    0xBD70, 0xBD70, 0xB54F, 0xB54F, 0xB570, 0xBD70, 0xBD70, 0xBD70, 0xBD90, 0xBDB1, 0xC5B1, 0xC5B1,
    0xC5B1, 0xC5B1, 0xC5D1, 0xC5D1, 0xC5D1, 0xC5B1, 0xBD91, 0xBD91, 0xC5B1, 0xC5B1, 0xC5D2, 0xC5D2,
    0xC5D2, 0xC5D2, 0xC5D1, 0xBD90, 0xAD0F, 0xAD0F, 0xBD70, 0xC5B1, 0xCDF2, 0xCDF2, 0xC5D2, 0xC5D2,
    0xC5D2, 0xC5D2, 0xC5F2, 0xC5F2, 0xC5D2, 0xC5D2, 0xC5B1, 0xC5B1, 0xC5D2, 0xC5D2, 0xC5F2, 0xCDF2,
    0xCDF2, 0xCDF2, 0xC5F2, 0xC5D2, 0xC5D2, 0xC5D2, 0xC5B1, 0xC5D1, 0xC5D2, 0xC5D2, 0xC5B1, 0xBD90,
    0xB52F, 0xB52F, 0xBDB1, 0xC5D1, 0xC5B1, 0xC5B1, 0xC5D1, 0xC5D1, 0xC5D1, 0xC5D1, 0xC5D2, 0xC5D2,
    0xC5B1, 0xC5B1, 0xC5D2, 0xCDF2, 0xC5D2, 0xC5D2, 0xC5F2, 0xC5F2, 0xC5D2, 0xC5D2, 0xC5B1, 0xC5B1,
    0xC5D2, 0xC5D2, 0xC5D2, 0xC5D2, 0xC5D2, 0xC5B1, 0xBD70, 0xB570, 0xB570, 0xBD70, 0xBDB1, 0xC5B1,
    0xC5B1, 0xC5B1, 0xC5D1, 0xC5D2, 0xC5D2, 0xC5D1, 0xC5B1, 0xBDB1, 0xBD90, 0xBD90, 0xBD91, 0xBD90,
    0xBD70, 0xBD90, 0xC5B1, 0xC5B1, 0xBDB1, 0xBD90, 0xBD90, 0xBD70, 0xBD90, 0xBD70, 0xBD70, 0xB54F,
    0xB52F, 0xAD0E, 0xA4CE, 0xA4CD, 0x9C8D, 0xA4CD, 0xAD0F, 0xB52F, 0xB52F, 0xB52F, 0xAD0E, 0xAD0E,
    0xAD2F, 0xB52F, 0xB54F, 0xB54F, 0xB570, 0xBD70, 0xBD70, 0xBD70, 0xBD70, 0xBD70, 0xBD91, 0xBD91,
    0xBD90, 0xBD70, 0xB550, 0xB550, 0xB550, 0xBD70, 0xBD90, 0xBD91, 0xBD91, 0xBD91, 0xBD91, 0xB570,
    0xACEE, 0xACEE, 0xB54F, 0xBD90, 0xC5B1, 0xC5B1, 0xBD91, 0xBD91, 0xBDB1, 0xBDB1, 0xBDB1, 0xBD91,
    0xBD91, 0xBD91, 0xBD91, 0xBD91, 0xBDB1, 0xBDB1, 0xBD91, 0xBDB1, 0xBDB1, 0xBDB1, 0xBD91, 0xBD91,
    0xBD91, 0xBD91, 0xBD90, 0xBD90, 0xBD91, 0xBD91, 0xBD91, 0xB570, 0xAD0E, 0xAD0E, 0xB550, 0xBD90,
    0xBD90, 0xBD70, 0xBD70, 0xBD90, 0xBD91, 0xBD91, 0xC5B1, 0xBD91, 0xBD70, 0xBD70, 0xBD91, 0xC5B1,
    0xBDB1, 0xBDB1, 0xC5B1, 0xC5B1, 0xBD91, 0xBD90, 0xBD70, 0xBD70, 0xBD90, 0xBD91, 0xBD91, 0xBD91,
    0xBD91, 0xBD70, 0xB550, 0xB52F, 0xB52F, 0xB54F, 0xB570, 0xBD70, 0xBD90, 0xBD91, 0xBD91, 0xBD91,
    0xBD91, 0xBD91, 0xBD90, 0xBD70, 0xBD70, 0xB570, 0xB54F, 0xB52F, 0xB52F, 0xB550, 0xB570, 0xBD70,
    0xBD70, 0xBD70, 0xB54F, 0xB54F, 0xB54F, 0xB54F, 0xB52F, 0xAD0E, 0xAD0E, 0xA4EE, 0xA4AD, 0x9C8D,
    0x8C2B, 0x944C, 0x9CAD, 0xA4CE, 0xA4CE, 0xA4AD, 0x9CAD, 0x9CAD, 0xA4CD, 0xA4CE, 0xA4EE, 0xACEE,
    0xAD0F, 0xAD2F, 0xAD0E, 0xAD0E, 0xAD0E, 0xAD0E, 0xAD0E, 0xAD0E, 0xAD0E, 0xAD0E, 0xACEE, 0xACEE,
    0xA4CE, 0xA4EE, 0xAD0F, 0xAD0F, 0xAD0F, 0xAD0F, 0xB52F, 0xAD0F, 0x9C8D, 0x9C6C, 0xA4CE, 0xAD0F,
    0xAD0F, 0xAD0E, 0xACEE, 0xACEE, 0xAD2F, 0xB52F, 0xAD2F, 0xAD2F, 0xAD0F, 0xAD0F, 0xB52F, 0xB52F,
    0xB52F, 0xB52F, 0xAD0F, 0xAD0F, 0xAD2F, 0xB52F, 0xAD2F, 0xAD0F, 0xAD0F, 0xAD0F, 0xAD0E, 0xACEE,
    0xAD0F, 0xAD2F, 0xB550, 0xAD2F, 0xA4AD, 0x9CAD, 0xA4EE, 0xAD0E, 0xAD0F, 0xAD0F, 0xAD0E, 0xAD0E,
    0xAD0F, 0xB52F, 0xB54F, 0xB550, 0xB52F, 0xAD2F, 0xB52F, 0xB52F, 0xB52F, 0xB52F, 0xB52F, 0xB52F,
    0xB52F, 0xAD2F, 0xAD0F, 0xAD0F, 0xAD0F, 0xAD0F, 0xB52F, 0xAD2F, 0xAD0F, 0xACEE, 0xA4EE, 0xA4EE,
    0xACEE, 0xAD0E, 0xAD0E, 0xAD0F, 0xAD0F, 0xAD2F, 0xAD0F, 0xAD0F, 0xAD0F, 0xAD0F, 0xAD0F, 0xAD0E,
    0xAD0E, 0xACEE, 0xA4CD, 0xA4AD, 0xA4EE, 0xACEE, 0xACEE, 0xACEE, 0xA4EE, 0xA4EE, 0xA4EE, 0xA4EE,
    0xA4CE, 0xA4CE, 0xA4AD, 0xA4AD, 0xA4AD, 0x9C6C, 0x8C0B, 0x83EA, 0x8C0B, 0x944C, 0x9CAD, 0xA4CE,
    0xA4CD, 0xA4AD, 0xA4AD, 0xA4AD, 0xA4CE, 0xA4EE, 0xA4EE, 0xACEE, 0xAD0F, 0xAD2F, 0xAD0E, 0xAD0E,
    0xAD0E, 0xAD0E, 0xACEE, 0xACEE, 0xAD0E, 0xAD0E, 0xAD0F, 0xAD0F, 0xA4EE, 0xACEE, 0xAD0F, 0xAD0F,
    0xAD0F, 0xAD0F, 0xAD2F, 0xACEE, 0x946C, 0x944C, 0xA4CE, 0xAD0E, 0xACEE, 0xACEE, 0xA4EE, 0xACEE,
    0xAD2F, 0xB52F, 0xAD2F, 0xAD2F, 0xAD0F, 0xAD2F, 0xB52F, 0xB52F, 0xB52F, 0xAD2F, 0xAD0F, 0xAD0F,
    0xAD2F, 0xAD2F, 0xAD0F, 0xAD0F, 0xAD2F, 0xAD0F, 0xAD0E, 0xACEE, 0xAD0F, 0xAD2F, 0xB550, 0xAD2F,
    0xA4AD, 0x9CAD, 0xA4EE, 0xAD0E, 0xAD0E, 0xACEE, 0xACEE, 0xACEE, 0xAD0F, 0xB52F, 0xB52F, 0xB52F,
    0xB530, 0xB530, 0xB530, 0xB52F, 0xB52F, 0xB52F, 0xB52F, 0xB52F, 0xB52F, 0xB52F, 0xAD2F, 0xAD2F,
    0xAD0F, 0xAD0F, 0xAD2F, 0xAD0F, 0xAD0F, 0xACEE, 0xA4CE, 0xA4CE, 0xAD0E, 0xAD0F, 0xAD0F, 0xAD0F,
    0xAD2F, 0xAD2F, 0xAD0F, 0xACEF, 0xACEE, 0xACEE, 0xAD0F, 0xAD0F, 0xAD0F, 0xACEE, 0xA4CE, 0xA4CE,
    0xACEE, 0xAD0E, 0xACEE, 0xACEE, 0xA4CE, 0xA4CE, 0xA4EE, 0xA4EE, 0xA4CE, 0xA4CD, 0xA4AD, 0xA4AD,
    0x9C8D, 0x944C, 0x8BEA, 0x83CA, 0x944C, 0x9C8D, 0xAD0F, 0xB54F, 0xB54F, 0xB52F, 0xAD2F, 0xB52F,
    0xB54F, 0xB550, 0xB550, 0xB550, 0xBD70, 0xBD70, 0xBD70, 0xBD70, 0xBD70, 0xBD70, 0xBD70, 0xBD70,
    0xBD70, 0xBD70, 0xBD91, 0xBD91, 0xBD70, 0xBD70, 0xBD91, 0xBD91, 0xB570, 0xB550, 0xBD70, 0xAD2F,
    0x9C8D, 0x9C8D, 0xB52F, 0xBD70, 0xBD70, 0xBD70, 0xBD90, 0xBD91, 0xBD91, 0xBDB1, 0xBD91, 0xBD91,
    0xBDB1, 0xBDB1, 0xBD91, 0xBD91, 0xBD91, 0xBD91, 0xBD91, 0xBD91, 0xBDB1, 0xBD91, 0xBD70, 0xBD70,
    0xBDB1, 0xC5B1, 0xBD91, 0xBD70, 0xBD91, 0xBD91, 0xBD91, 0xB570, 0xAD0E, 0xAD0E, 0xB570, 0xBD90,
    0xB550, 0xB54F, 0xB52F, 0xB550, 0xBD91, 0xBD91, 0xB570, 0xBD70, 0xBDB1, 0xC5D2, 0xC5B1, 0xC5B1,
    0xC5B1, 0xC5B1, 0xBDB1, 0xBDB1, 0xBD91, 0xBD91, 0xBD91, 0xBD91, 0xBD91, 0xBD91, 0xBD70, 0xBD70,
    0xBD91, 0xBD91, 0xB550, 0xB52F, 0xB550, 0xB570, 0xBD70, 0xBD70, 0xBDB1, 0xBD91, 0xBD70, 0xB550,
    0xB570, 0xBD70, 0xBD90, 0xBD90, 0xBD90, 0xBD90, 0xBD90, 0xBD70, 0xBD70, 0xBD70, 0xBD91, 0xBD70,
    0xB570, 0xB550, 0xB54F, 0xB52F, 0xB52F, 0xB52F, 0xB52F, 0xAD0F, 0xACEE, 0x9C8D, 0x944C, 0x8C0B,
    0x9C8C, 0xA4CD, 0xB54F, 0xBD90, 0xBD70, 0xBD70, 0xBD70, 0xBD70, 0xBD70, 0xBD70, 0xBD70, 0xBD70,
    0xBD91, 0xBDB1, 0xC5B1, 0xC5B1, 0xC5B1, 0xC5B1, 0xBD91, 0xBD91, 0xBDB1, 0xC5B1, 0xC5D2, 0xC5D2,
    0xC5B1, 0xC5B1, 0xC5D2, 0xC5B2, 0xBD91, 0xBD91, 0xBD90, 0xB54F, 0xA4AD, 0xA4AD, 0xB550, 0xBD91,
    0xC5B1, 0xC5B1, 0xC5D2, 0xC5D2, 0xC5D2, 0xC5F2, 0xC5D2, 0xC5D2, 0xC5F2, 0xC5F2, 0xC5D2, 0xC5B1,
    0xC5D2, 0xC5D2, 0xC5D2, 0xC5D2, 0xC5D2, 0xC5B1, 0xBD90, 0xBD91, 0xC5D2, 0xCDF2, 0xC5D2, 0xC5D2,
    0xC5D2, 0xC5D2, 0xC5B1, 0xBD90, 0xB52F, 0xB52F, 0xBDB1, 0xC5D1, 0xBD91, 0xBD70, 0xBD70, 0xBD70,
    0xC5B1, 0xC5B1, 0xBD91, 0xBDB1, 0xC5F2, 0xCE13, 0xCDF2, 0xC5F2, 0xC5F2, 0xC5D2, 0xC5D2, 0xC5D2,
    0xC5D2, 0xC5B2, 0xC5B1, 0xC5D2, 0xC5D2, 0xC5D2, 0xBDB1, 0xBDB1, 0xC5D2, 0xC5D2, 0xBD70, 0xB550,
    0xBD90, 0xBD91, 0xBDB1, 0xC5B1, 0xC5D2, 0xC5D2, 0xBDB1, 0xBD91, 0xBD91, 0xBD91, 0xC5B1, 0xC5B1,
    0xC5D1, 0xC5D2, 0xC5D2, 0xC5D2, 0xC5B1, 0xC5B1, 0xC5D1, 0xC5B1, 0xBDB1, 0xBD90, 0xB570, 0xB550,
    0xB550, 0xB550, 0xBD70, 0xB550, 0xB50F, 0xA4CE, 0x9C6C, 0x944C, 0x9C8C, 0xA4CD, 0xB52F, 0xBD70,
    0xBD70, 0xBD90, 0xBD91, 0xBD91, 0xBD70, 0xB550, 0xB54F, 0xB550, 0xBD91, 0xC5B1, 0xC5D1, 0xC5B1,
    0xC5B1, 0xBDB1, 0xBD91, 0xBD91, 0xC5B1, 0xC5D2, 0xC5D2, 0xC5D2, 0xC5B1, 0xC5B1, 0xC5B1, 0xBDB1,
    0xBDB1, 0xBD91, 0xBD91, 0xB54F, 0xA4CD, 0xA4CD, 0xB52F, 0xBD91, 0xC5B1, 0xC5D2, 0xC5B1, 0xC5D2,
    0xC5D2, 0xCDF2, 0xC5F2, 0xC5F2, 0xC5F2, 0xC5D2, 0xBDB1, 0xBDB1, 0xC5D2, 0xC5D2, 0xC5D2, 0xC5B1,
    0xBD91, 0xBD70, 0xB550, 0xBD70, 0xC5B1, 0xC5F2, 0xCDF2, 0xCDF2, 0xCDF2, 0xC5F2, 0xC5D2, 0xBD91,
    0xB54F, 0xB54F, 0xBD91, 0xC5D2, 0xC5B1, 0xC5B1, 0xBD91, 0xBD91, 0xBD70, 0xBD70, 0xBDB1, 0xC5D2,
    0xCDF2, 0xCE13, 0xCDF3, 0xC5F2, 0xC5D2, 0xC5D1, 0xC5B1, 0xC5B1, 0xC5B2, 0xBDB1, 0xBD91, 0xBDB1,
    0xC5D2, 0xC5D2, 0xC5B1, 0xC5B1, 0xC5D2, 0xC5B1, 0xB570, 0xB54F, 0xBD70, 0xBD91, 0xBDB1, 0xC5B1,
    0xC5B1, 0xC5B1, 0xC5B1, 0xBD91, 0xB570, 0xB570, 0xBD91, 0xC5B1, 0xC5D1, 0xC5D2, 0xC5D2, 0xC5D2,
    0xC5B1, 0xBDB1, 0xC5B1, 0xC5B1, 0xBDB1, 0xBD90, 0xB52F, 0xAD0F, 0xB52F, 0xB54F, 0xB550, 0xB570,
    0xB550, 0xAD0F, 0x9C8D, 0x944C, 0x9C6C, 0xA4AD, 0xB52F, 0xBD70, 0xBD70, 0xBD90, 0xC5B1, 0xBDB1,
    0xBD70, 0xB550, 0xB54F, 0xB550, 0xBD91, 0xC5D1, 0xC5D1, 0xC5D1, 0xC5B1, 0xC5B1, 0xBD91, 0xBD91,
    0xC5B1, 0xC5D1, 0xC5D1, 0xC5D1, 0xC5B1, 0xBD91, 0xBDB1, 0xBDB1, 0xBDB1, 0xBD91, 0xBD90, 0xB54F,
    0xA4CD, 0xA4CD, 0xB52F, 0xBD91, 0xC5D1, 0xC5D2, 0xC5B1, 0xC5B1, 0xC5D2, 0xC5F2, 0xC5F2, 0xC5D2,
    0xC5D2, 0xC5D2, 0xBDB1, 0xC5B1, 0xC5D2, 0xC5D2, 0xC5D2, 0xBDB1, 0xBD70, 0xBD70, 0xBD70, 0xBD91,
    0xC5B1, 0xC5F2, 0xCDF2, 0xCDF2, 0xCDF2, 0xC5D2, 0xC5D2, 0xBD90, 0xB52F, 0xB52F, 0xBD91, 0xC5D2,
    0xC5D2, 0xC5D2, 0xC5B1, 0xBDB1, 0xBD70, 0xBD90, 0xC5B1, 0xC5D2, 0xC5F2, 0xC5F2, 0xCDF2, 0xC5F2,
    0xC5D1, 0xBDB1, 0xBDB1, 0xC5B1, 0xC5B1, 0xBDB1, 0xBD91, 0xBDB1, 0xC5D2, 0xC5F2, 0xC5D2, 0xC5D1,
    0xC5D1, 0xBDB1, 0xB54F, 0xB52F, 0xBD70, 0xBD91, 0xC5B1, 0xC5B1, 0xC5B1, 0xC5B1, 0xC5B1, 0xBDB1,
    0xB570, 0xB550, 0xBD90, 0xC5B1, 0xC5B1, 0xC5D1, 0xC5D2, 0xC5B1, 0xBDB1, 0xBDB1, 0xBDB1, 0xC5B1,
    0xBDB1, 0xBD90, 0xB54F, 0xB52F, 0xB52F, 0xB550, 0xB570, 0xBD70, 0xBD70, 0xAD0F, 0x9C8D, 0x944C,
    0x942B, 0x9C8C, 0xAD0E, 0xB550, 0xBD70, 0xBD90, 0xBD91, 0xBD91, 0xBD90, 0xBD70, 0xBD70, 0xBD90,
    0xBDB1, 0xC5B1, 0xC5B1, 0xC5B1, 0xC5D2, 0xC5D2, 0xC5B1, 0xC5B1, 0xBDB1, 0xBDB1, 0xBDB1, 0xBDB1,
    0xBD90, 0xBD90, 0xBDB1, 0xC5B1, 0xC5B1, 0xBD91, 0xBD70, 0xAD0F, 0xA4AD, 0xA4AD, 0xB54F, 0xBD91,
    0xC5D1, 0xC5D2, 0xC5B1, 0xC5B1, 0xC5D1, 0xC5D2, 0xC5D2, 0xC5D2, 0xC5D2, 0xC5D2, 0xC5D2, 0xC5D2,
    0xC5D2, 0xC5D2, 0xC5D2, 0xC5B1, 0xC5B1, 0xBDB1, 0xBDB1, 0xC5B1, 0xC5D2, 0xC5F2, 0xCDF2, 0xCDF2,
    0xC5D2, 0xC5D2, 0xBD91, 0xB550, 0xACEE, 0xACEE, 0xBD70, 0xC5D1, 0xC5D2, 0xC5D2, 0xC5D2, 0xC5D2,
    0xC5B1, 0xC5D1, 0xC5D2, 0xC5D2, 0xC5B1, 0xC5B1, 0xC5F2, 0xC5D2, 0xBDB1, 0xBD91, 0xBDB1, 0xC5B1,
    0xC5B2, 0xC5D2, 0xC5B1, 0xC5D1, 0xC5D2, 0xC5D2, 0xC5D2, 0xC5D1, 0xC5B1, 0xBD90, 0xB52F, 0xAD2F,
    0xB570, 0xBD90, 0xC5B1, 0xC5D1, 0xC5D2, 0xC5D2, 0xC5D2, 0xC5B1, 0xBD90, 0xBD70, 0xBD90, 0xBD91,
    0xC5B1, 0xC5B1, 0xC5B1, 0xBDB1, 0xBD91, 0xBD91, 0xC5B1, 0xC5B1, 0xC5B1, 0xBDB1, 0xBD90, 0xBD70,
    0xBD70, 0xBD70, 0xBD70, 0xB570, 0xB54F, 0xAD0E, 0x9CAD, 0x9C6C, 0x944B, 0x9C8C, 0xAD0E, 0xB550,
    0xB550, 0xBD70, 0xBD91, 0xBD91, 0xBD90, 0xBD90, 0xBD91, 0xBD91, 0xC5B1, 0xC5B1, 0xC5B1, 0xC5B1,
    0xC5D2, 0xC5D2, 0xC5D2, 0xC5B1, 0xBDB1, 0xBD91, 0xBDB1, 0xBD91, 0xBD90, 0xBD90, 0xC5B1, 0xC5D1,
    0xC5B1, 0xBD91, 0xB570, 0xAD0F, 0x9CAD, 0xA4AD, 0xB550, 0xC5B1, 0xC5B1, 0xC5B1, 0xC5B1, 0xC5B1,
    0xC5B1, 0xC5B1, 0xC5D1, 0xC5D2, 0xC5D2, 0xC5D2, 0xC5D2, 0xC5D2, 0xC5D2, 0xC5D1, 0xC5B1, 0xC5B1,
    0xC5B1, 0xC5B1, 0xC5D1, 0xC5D2, 0xC5F2, 0xC5D2, 0xC5D2, 0xC5B1, 0xC5D2, 0xC5B1, 0xBD91, 0xB54F,
    0xACEE, 0xACEE, 0xBD70, 0xC5D1, 0xC5D2, 0xC5D2, 0xC5D2, 0xC5D2, 0xC5D2, 0xC5D2, 0xC5D2, 0xC5D1,
    0xBD91, 0xBDB1, 0xC5D2, 0xC5D2, 0xC5B1, 0xBDB1, 0xC5B1, 0xC5D2, 0xC5B2, 0xC5B2, 0xC5D2, 0xC5D2,
    0xC5D2, 0xC5D2, 0xC5D2, 0xC5D1, 0xBDB1, 0xB570, 0xAD0F, 0xAD0E, 0xB54F, 0xBD90, 0xC5B1, 0xC5B1,
    0xC5B1, 0xC5B1, 0xC5D2, 0xC5B1, 0xBD91, 0xBD91, 0xBD91, 0xBDB1, 0xBDB1, 0xBDB1, 0xBDB1, 0xBD91,
    0xBD91, 0xBDB1, 0xC5B1, 0xC5B1, 0xC5B1, 0xC5B1, 0xC5B1, 0xBD91, 0xBD90, 0xBD70, 0xB570, 0xB54F,
    0xB52F, 0xAD0E, 0x9CAD, 0x9C6C, 0x9C6C, 0xA4AD, 0xB52F, 0xBD70, 0xB54F, 0xB550, 0xBD91, 0xBDB1,
    0xBD70, 0xBD70, 0xBD90, 0xBDB1, 0xC5D1, 0xC5D2, 0xC5D1, 0xC5D1, 0xC5D2, 0xC5D2, 0xC5D2, 0xC5D2,
    0xC5B1, 0xBDB1, 0xC5B1, 0xC5B1, 0xC5B1, 0xC5B1, 0xC5B1, 0xC5D1, 0xC5D1, 0xC5B1, 0xBD70, 0xAD2F,
    0xA4AD, 0xA4CD, 0xBD70, 0xC5B1, 0xC5B1, 0xBDB1, 0xBD91, 0xBD91, 0xBDB1, 0xC5B1, 0xC5D1, 0xC5D1,
    0xC5D1, 0xC5B1, 0xC5B1, 0xC5B1, 0xC5B1, 0xC5B1, 0xBD91, 0xBD90, 0xBD91, 0xC5B1, 0xC5D2, 0xC5D2,
    0xC5F2, 0xC5D2, 0xBD70, 0xBD70, 0xBD91, 0xC5B1, 0xC5B1, 0xBD70, 0xAD0E, 0xAD0F, 0xBD90, 0xC5D1,
    0xC5D2, 0xC5D2, 0xC5D2, 0xC5D2, 0xC5F2, 0xC5D2, 0xC5B1, 0xBD91, 0xBD91, 0xC5B1, 0xC5D2, 0xC5F2,
    0xC5D2, 0xC5D2, 0xC5F2, 0xC5D2, 0xBDB1, 0xBD91, 0xC5B1, 0xC5D2, 0xC5F2, 0xC5F2, 0xC5F2, 0xC5D1,
    0xBD90, 0xB54F, 0xACEE, 0xACEE, 0xB54F, 0xBD70, 0xBDB1, 0xBD91, 0xBD70, 0xBD70, 0xBDB1, 0xC5B1,
    0xBDB1, 0xC5B1, 0xC5B1, 0xC5B1, 0xBDB1, 0xBD91, 0xBD91, 0xBD91, 0xBDB1, 0xBDB1, 0xBDB1, 0xBDB1,
    0xC5D1, 0xC5B1, 0xBDB1, 0xBD90, 0xB570, 0xB54F, 0xB52F, 0xB52F, 0xB54F, 0xAD0F, 0x9C8D, 0x944C,
    0x9C8D, 0xA4CD, 0xB54F, 0xBD6F, 0xB52F, 0xB54F, 0xBD90, 0xBDB1, 0xBD90, 0xBD70, 0xBD91, 0xC5B1,
    0xC5D2, 0xC5D2, 0xC5D1, 0xC5D1, 0xC5D2, 0xC5D2, 0xC5D2, 0xC5D2, 0xC5B1, 0xBDB1, 0xBDB1, 0xC5B1,
    0xC5B1, 0xC5B1, 0xC5B1, 0xC5D1, 0xC5D2, 0xC5D1, 0xBD90, 0xB52F, 0xA4AD, 0xA4CD, 0xBD70, 0xC5D1,
    0xC5B1, 0xC5B1, 0xBDB1, 0xBDB1, 0xBDB1, 0xC5B1, 0xC5D2, 0xC5D2, 0xC5B1, 0xC5B1, 0xBDB1, 0xC5B1,
    0xC5B1, 0xC5B1, 0xBD91, 0xBD90, 0xBD91, 0xBDB1, 0xC5B1, 0xC5D2, 0xC5F2, 0xC5D2, 0xBD70, 0xB570,
    0xBD91, 0xC5B1, 0xC5B1, 0xBD70, 0xB52F, 0xB52F, 0xBD90, 0xC5B1, 0xC5D1, 0xC5D2, 0xC5D2, 0xC5D2,
    0xC5D2, 0xC5B1, 0xBDB1, 0xBDB1, 0xC5B1, 0xC5B1, 0xC5D2, 0xC5F2, 0xC5F2, 0xC5F2, 0xC5F2, 0xC5D2,
    0xBD91, 0xBD91, 0xBDB1, 0xC5D1, 0xC5D2, 0xC5F2, 0xC5D2, 0xC5B1, 0xBD90, 0xB54F, 0xACEE, 0xACEE,
    0xB52F, 0xBD70, 0xBD90, 0xBD91, 0xB570, 0xB570, 0xBD91, 0xC5B1, 0xC5B1, 0xC5B1, 0xBDB1, 0xBDB1,
    0xBD91, 0xBD91, 0xBD91, 0xBD91, 0xC5B1, 0xC5B1, 0xBDB1, 0xBDB1, 0xBDB1, 0xBDB1, 0xBD91, 0xBD90,
    0xB570, 0xB54F, 0xB52F, 0xB52F, 0xB54F, 0xAD0E, 0x9C8D, 0x944C, 0x9CAD, 0xA4CD, 0xB52F, 0xB54F,
    0xAD0E, 0xB52F, 0xBD90, 0xC5B1, 0xC5B1, 0xBDB1, 0xBDB1, 0xC5B1, 0xC5D2, 0xC5D2, 0xC5B1, 0xC5B1,
    0xC5D2, 0xC5D2, 0xC5D2, 0xC5D2, 0xBDB1, 0xBD91, 0xBD91, 0xBD91, 0xC5B1, 0xC5B1, 0xC5B1, 0xC5D1,
    0xC5D2, 0xC5D1, 0xBD91, 0xB52F, 0xA4AD, 0xA4CD, 0xBD70, 0xC5D1, 0xC5D2, 0xC5D2, 0xC5D2, 0xC5D2,
    0xC5B1, 0xC5B1, 0xC5D2, 0xC5D2, 0xC5B1, 0xBDB1, 0xBD90, 0xBD91, 0xC5B1, 0xC5D1, 0xC5B1, 0xC5B1,
    0xC5B1, 0xBDB1, 0xBDB1, 0xC5B1, 0xC5F2, 0xC5D2, 0xBDB1, 0xBD91, 0xC5B1, 0xC5B1, 0xBDB1, 0xBD70,
    0xB52F, 0xB52F, 0xBD91, 0xC5B1, 0xC5B1, 0xC5B1, 0xC5D2, 0xC5D2, 0xBD91, 0xBD91, 0xC5B1, 0xC5D1,
    0xC5D2, 0xC5D2, 0xC5D2, 0xC5D2, 0xC5F2, 0xC5D2, 0xBDB1, 0xBD91, 0xBD70, 0xBD70, 0xBD91, 0xBDB1,
    0xC5B1, 0xC5D1, 0xC5B1, 0xC5B1, 0xBD91, 0xB570, 0xAD0E, 0xAD0E, 0xB52F, 0xBD70, 0xBD90, 0xBDB1,
    0xBD90, 0xBD90, 0xBDB1, 0xC5B1, 0xC5B1, 0xBDB1, 0xB570, 0xB550, 0xBD90, 0xBDB1, 0xBDB1, 0xBDB1,
    0xC5B1, 0xC5B1, 0xBDB1, 0xBD91, 0xBD70, 0xBD70, 0xBD91, 0xBD91, 0xBD70, 0xB550, 0xB52F, 0xAD0F,
    0xAD0F, 0xACEE, 0x9C8D, 0x946C, 0x9C8C, 0xA4CD, 0xAD0E, 0xB52F, 0xAD0E, 0xB52F, 0xBD70, 0xBDB1,
    0xBDB1, 0xC5B1, 0xC5B1, 0xC5B1, 0xC5D2, 0xC5D1, 0xC5B1, 0xC5B1, 0xC5D2, 0xC5D2, 0xC5D2, 0xC5D1,
    0xBDB1, 0xBD91, 0xBD91, 0xBD91, 0xC5B1, 0xC5B1, 0xC5B1, 0xC5B1, 0xC5D1, 0xC5B1, 0xBD91, 0xB54F,
    0xA4AD, 0xA4CD, 0xB550, 0xC5B1, 0xC5D1, 0xC5D2, 0xC5F2, 0xC5F2, 0xC5D1, 0xC5B1, 0xC5D2, 0xC5D2,
    0xC5B1, 0xBDB1, 0xBD90, 0xBD91, 0xC5B1, 0xC5D1, 0xC5D1, 0xC5D1, 0xC5B1, 0xC5B1, 0xC5B1, 0xC5B1,
    0xC5B1, 0xC5B1, 0xC5B1, 0xC5B1, 0xC5D1, 0xC5B1, 0xBD91, 0xBD70, 0xAD0E, 0xB52F, 0xBD91, 0xC5B1,
    0xBD91, 0xBDB1, 0xC5D2, 0xC5D1, 0xBD91, 0xBD90, 0xC5B1, 0xC5D2, 0xC5F2, 0xC5F2, 0xC5D2, 0xC5D1,
    0xC5D2, 0xC5D1, 0xBDB1, 0xBD91, 0xBD91, 0xBD91, 0xBD90, 0xBD91, 0xBD91, 0xBDB1, 0xC5B1, 0xBDB1,
    0xBDB1, 0xBD70, 0xAD0E, 0xACEE, 0xB52F, 0xBD70, 0xBD90, 0xBDB1, 0xBD91, 0xBD91, 0xBDB1, 0xC5B1,
    0xC5B1, 0xBD91, 0xB54F, 0xB54F, 0xBD70, 0xBD91, 0xBDB1, 0xC5B1, 0xC5B1, 0xBDB1, 0xBDB1, 0xBD90,
    0xB550, 0xB550, 0xBD90, 0xBD91, 0xBD70, 0xB550, 0xB52F, 0xAD0F, 0xAD0E, 0xA4CE, 0x9C6C, 0x944C,
    0x9C8C, 0xA4AD, 0xACEE, 0xB52F, 0xB54F, 0xB54F, 0xBD70, 0xBD90, 0xBD70, 0xBD90, 0xC5B1, 0xC5D2,
    0xC5D2, 0xC5D1, 0xBDB1, 0xBDB1, 0xC5B1, 0xC5D2, 0xC5D2, 0xC5D1, 0xC5B1, 0xBDB1, 0xBDB1, 0xBDB1,
    0xC5B1, 0xC5B1, 0xC5B1, 0xBDB1, 0xC5B1, 0xBDB1, 0xBD90, 0xB54F, 0xA4AD, 0xA4AD, 0xB52F, 0xBD70,
    0xBD91, 0xC5B1, 0xC5D2, 0xC5D2, 0xC5D1, 0xC5B1, 0xC5D1, 0xC5D1, 0xC5D1, 0xC5B1, 0xC5B1, 0xBDB1,
    0xBDB1, 0xBDB1, 0xBDB1, 0xC5B1, 0xC5D2, 0xC5D2, 0xC5D2, 0xBDB1, 0xB550, 0xB550, 0xBD91, 0xC5D2,
    0xC5D2, 0xC5B1, 0xBD90, 0xB54F, 0xAD0E, 0xB52F, 0xBD90, 0xC5B1, 0xBD91, 0xC5B1, 0xC5D2, 0xC5D2,
    0xBDB1, 0xBD91, 0xC5B1, 0xC5D1, 0xC5D2, 0xC5D2, 0xC5B1, 0xBD91, 0xC5B1, 0xC5B1, 0xC5B1, 0xC5B1,
    0xC5B1, 0xC5B1, 0xBD91, 0xBD70, 0xBD70, 0xBD90, 0xBD91, 0xBDB1, 0xBDB0, 0xB56F, 0xACEE, 0xA4CD,
    0xB52F, 0xBD70, 0xBD90, 0xBDB1, 0xBD90, 0xBD90, 0xBD91, 0xBD91, 0xBDB1, 0xBD91, 0xBD70, 0xB550,
    0xB550, 0xBD70, 0xBD91, 0xBDB1, 0xBDB1, 0xBDB1, 0xBDB1, 0xBD91, 0xB550, 0xB550, 0xBD70, 0xBD90,
    0xB570, 0xB54F, 0xB52F, 0xB52F, 0xB52F, 0xACEE, 0x9C6C, 0x942B, 0x9C6C, 0x9C8D, 0xACEE, 0xB52F,
    0xB54F, 0xBD70, 0xB56F, 0xB54F, 0xB54F, 0xBD70, 0xC5B1, 0xC5D1, 0xC5B1, 0xC5B1, 0xBDB1, 0xC5B1,
    0xC5B1, 0xC5D2, 0xC5D2, 0xC5D2, 0xC5B1, 0xC5B1, 0xC5B1, 0xC5B1, 0xC5B1, 0xC5B1, 0xC5B1, 0xBDB1,
    0xBD91, 0xBD90, 0xBD90, 0xB54F, 0xA4AD, 0x9CAD, 0xAD2F, 0xBD70, 0xBD70, 0xBD91, 0xC5B1, 0xC5D2,
    0xC5D2, 0xC5D2, 0xC5D1, 0xC5D1, 0xC5D1, 0xC5D1, 0xC5B1, 0xC5B1, 0xBDB1, 0xBD91, 0xBDB1, 0xC5B1,
    0xC5D2, 0xC5D2, 0xC5D2, 0xBD91, 0xB52F, 0xB52F, 0xBD91, 0xC5B1, 0xC5D1, 0xC5B1, 0xBD90, 0xB54F,
    0xAD0E, 0xAD0E, 0xBD90, 0xC5B1, 0xC5B1, 0xC5B1, 0xC5D2, 0xC5D2, 0xC5B1, 0xBD91, 0xBDB1, 0xC5B1,
    0xC5D2, 0xC5D1, 0xBDB1, 0xBD91, 0xBD91, 0xBD91, 0xC5B1, 0xC5D2, 0xC5D2, 0xC5B1, 0xBD91, 0xBD70,
    0xBD90, 0xBD90, 0xBD90, 0xBD90, 0xBD90, 0xB54F, 0xA4EE, 0xA4CD, 0xAD0E, 0xB54F, 0xBD90, 0xBD91,
    0xBD90, 0xBD90, 0xBD90, 0xBD90, 0xBD70, 0xBD70, 0xBD90, 0xBD70, 0xBD70, 0xBD70, 0xBD91, 0xBD91,
    0xBD91, 0xBD91, 0xBD91, 0xBD91, 0xB570, 0xB550, 0xBD70, 0xB570, 0xB54F, 0xB52F, 0xB52F, 0xB52F,
    0xB52F, 0xACEE, 0x9C6C, 0x8C0B, 0x9C6C, 0xA4AD, 0xAD0E, 0xB52F, 0xB54F, 0xB54F, 0xB52F, 0xB52F,
    0xBD70, 0xBD90, 0xBD91, 0xBD91, 0xBD91, 0xBD91, 0xC5B1, 0xC5D1, 0xC5D2, 0xC5D2, 0xC5D2, 0xC5D2,
    0xC5D2, 0xC5B1, 0xC5B1, 0xC5B1, 0xC5D2, 0xC5D2, 0xC5D1, 0xC5B1, 0xBD91, 0xBD70, 0xBD90, 0xB52F,
    0xA4AD, 0xA4AD, 0xB54F, 0xBD90, 0xBD90, 0xBD90, 0xC5B1, 0xC5D2, 0xC5D2, 0xC5D2, 0xC5D1, 0xC5B1,
    0xC5D1, 0xC5B1, 0xC5B1, 0xBDB1, 0xBD91, 0xBDB1, 0xC5B1, 0xC5D2, 0xC5B1, 0xC5B1, 0xBD91, 0xBD91,
    0xBD70, 0xBD70, 0xBD90, 0xBD91, 0xC5B1, 0xC5B1, 0xBD70, 0xB54F, 0xACEE, 0xAD0E, 0xBDB1, 0xC5D2,
    0xC5D1, 0xC5B1, 0xC5B1, 0xC5B1, 0xC5B1, 0xBD91, 0xBDB1, 0xC5B1, 0xC5B1, 0xC5D1, 0xC5B1, 0xC5B1,
    0xBD70, 0xBD70, 0xC5B1, 0xC5D2, 0xC5D2, 0xC5B1, 0xBD91, 0xBD91, 0xBDB1, 0xC5B1, 0xBD90, 0xBD90,
    0xBD70, 0xB54F, 0xACEE, 0xA4CD, 0xAD0E, 0xB52F, 0xBD70, 0xBD90, 0xBD90, 0xBD90, 0xBD90, 0xBD70,
    0xB52F, 0xB52F, 0xBD90, 0xBDB1, 0xBD91, 0xBD91, 0xBDB1, 0xBD91, 0xBD70, 0xBD70, 0xBD91, 0xBD91,
    0xBD70, 0xB570, 0xB550, 0xB54F, 0xB52F, 0xB52F, 0xB52F, 0xB52F, 0xB52F, 0xACEE, 0x9C6C, 0x942B,
    0x9C6C, 0x9CAD, 0xAD0E, 0xB52F, 0xB54F, 0xB52F, 0xAD0E, 0xAD0E, 0xB550, 0xBD70, 0xBD70, 0xBD70,
    0xBD70, 0xBD91, 0xC5B1, 0xC5D1, 0xC5D2, 0xC5D2, 0xC5B1, 0xC5B1, 0xC5B1, 0xC5B1, 0xC5B1, 0xC5B1,
    0xC5B1, 0xC5B1, 0xC5D1, 0xC5B1, 0xBD90, 0xBD70, 0xBD70, 0xB52F, 0xA4AD, 0xA4AD, 0xB54F, 0xBD90,
    0xBD70, 0xBD90, 0xC5B1, 0xC5D2, 0xC5D2, 0xC5D2, 0xC5D1, 0xC5B1, 0xC5B1, 0xC5B1, 0xBD91, 0xBD91,
    0xBD91, 0xC5B1, 0xC5B1, 0xC5B1, 0xBD91, 0xBD90, 0xBD90, 0xBD91, 0xBDB1, 0xBDB1, 0xBD90, 0xBD70,
    0xBD90, 0xBD90, 0xBD70, 0xB54F, 0xACEE, 0xAD0E, 0xBD90, 0xC5D1, 0xBDB1, 0xBD91, 0xBDB1, 0xBD91,
    0xBD91, 0xBD91, 0xBD91, 0xBDB1, 0xC5B1, 0xC5B1, 0xC5D1, 0xC5B1, 0xBD70, 0xBD70, 0xBDB1, 0xC5B1,
    0xC5D1, 0xC5B1, 0xBD91, 0xBD90, 0xC5B1, 0xC5B1, 0xBDB1, 0xBD90, 0xBD70, 0xB54F, 0xACEE, 0xA4EE,
    0xAD0E, 0xB54F, 0xBD70, 0xBD90, 0xBD90, 0xBD90, 0xBD90, 0xBD70, 0xB52F, 0xB52F, 0xBD90, 0xC5B1,
    0xC5B1, 0xC5B1, 0xC5B1, 0xBD91, 0xBD70, 0xB550, 0xBD70, 0xBD90, 0xBD70, 0xB570, 0xB550, 0xB52F,
    0xAD2F, 0xAD0F, 0xB52F, 0xB52F, 0xB52F, 0xACEE, 0x9C6C, 0x942B, 0x944B, 0x9C8C, 0xACEE, 0xB52F,
    0xB52F, 0xB52F, 0xACEE, 0xAD0E, 0xB54F, 0xBD70, 0xB550, 0xB550, 0xBD70, 0xBD91, 0xBDB1, 0xC5B1,
    0xC5D1, 0xC5B1, 0xBD70, 0xB570, 0xBD91, 0xBD91, 0xBD90, 0xBD90, 0xBD91, 0xBDB1, 0xBDB1, 0xBD91,
    0xBD90, 0xBD90, 0xBD90, 0xB52F, 0xA4AD, 0xA4AD, 0xB54F, 0xBD90, 0xBD70, 0xBD70, 0xC5B1, 0xC5D2,
    0xC5D1, 0xC5D1, 0xC5D1, 0xC5B1, 0xC5B1, 0xBD91, 0xBD90, 0xBD91, 0xC5B1, 0xC5B1, 0xBDB1, 0xBD70,
    0xB54F, 0xB54F, 0xBD70, 0xBDB1, 0xC5B1, 0xC5B1, 0xBD91, 0xBD70, 0xB550, 0xB550, 0xBD70, 0xB550,
    0xAD0E, 0xAD0E, 0xB54F, 0xBD70, 0xB550, 0xB570, 0xBD91, 0xBD91, 0xBD70, 0xBD70, 0xBD91, 0xBDB1,
    0xC5B1, 0xC5B1, 0xC5B1, 0xBDB1, 0xBD90, 0xBD90, 0xBDB1, 0xC5B1, 0xC5B1, 0xBDB1, 0xBD70, 0xBD70,
    0xBD91, 0xBDB1, 0xC5B1, 0xC5B1, 0xBD90, 0xB54F, 0xAD0E, 0xACEE, 0xB52F, 0xB56F, 0xBD70, 0xBD90,
    0xBD70, 0xBD70, 0xBD91, 0xBD90, 0xBD70, 0xBD70, 0xBDB1, 0xC5B1, 0xC5D1, 0xC5B1, 0xBD91, 0xBD70,
    0xB550, 0xB550, 0xB550, 0xBD70, 0xBD70, 0xB570, 0xB550, 0xB54F, 0xAD0F, 0xAD0F, 0xB52F, 0xB52F,
    0xAD0F, 0xA4CD, 0x944B, 0x8C0A, 0x942B, 0x9C6C, 0xA4CD, 0xAD0E, 0xB52F, 0xB50E, 0xAD0E, 0xAD0E,
    0xB550, 0xBD70, 0xB550, 0xB550, 0xBD70, 0xBD90, 0xBD91, 0xBDB1, 0xC5B1, 0xBD91, 0xB550, 0xB550,
    0xBD90, 0xBD91, 0xBD70, 0xBD70, 0xBD90, 0xBD91, 0xBD91, 0xBD90, 0xBD70, 0xBD70, 0xBD70, 0xB52F,
    0xA4AD, 0xA4AD, 0xB54F, 0xBD90, 0xBD70, 0xBD70, 0xBD91, 0xC5B1, 0xC5B1, 0xC5B1, 0xBDB1, 0xBDB1,
    0xBDB1, 0xBD91, 0xBD90, 0xBD91, 0xC5B1, 0xC5B1, 0xBD90, 0xB570, 0xB52F, 0xB52F, 0xBD70, 0xC5B1,
    0xC5D1, 0xC5B1, 0xBD91, 0xBD70, 0xB550, 0xB54F, 0xBD70, 0xB54F, 0xAD0E, 0xAD0E, 0xB54F, 0xB570,
    0xB54F, 0xB550, 0xBD90, 0xBD90, 0xBD70, 0xBD70, 0xBD90, 0xBD91, 0xBDB1, 0xBDB1, 0xBD91, 0xBD91,
    0xBD91, 0xBDB1, 0xC5B1, 0xC5B1, 0xC5B1, 0xBD91, 0xBD70, 0xBD70, 0xBD90, 0xBD91, 0xC5B1, 0xC5B1,
    0xBD90, 0xB54F, 0xAD0E, 0xAD0E, 0xB54F, 0xBD6F, 0xBD70, 0xBD70, 0xBD70, 0xBD70, 0xBD91, 0xBDB1,
    0xBD91, 0xBD91, 0xC5B1, 0xC5B1, 0xC5D1, 0xC5B1, 0xBD90, 0xBD70, 0xB550, 0xB550, 0xB550, 0xB570,
    0xB570, 0xB570, 0xB570, 0xB54F, 0xAD0F, 0xAD0F, 0xB52F, 0xB52F, 0xAD0E, 0xA4CD, 0x944B, 0x8C0A,
    0x942B, 0x944B, 0xA4CD, 0xACEE, 0xACEE, 0xACEE, 0xB52F, 0xB54F, 0xBD70, 0xBD70, 0xB550, 0xB550,
    0xBD70, 0xBD70, 0xBD90, 0xBD91, 0xBD91, 0xBD90, 0xBD70, 0xBD70, 0xBD90, 0xBD91, 0xBD70, 0xBD90,
    0xBD91, 0xBD91, 0xBD90, 0xBD70, 0xBD70, 0xBD70, 0xBD50, 0xAD0F, 0x9CAD, 0xA4AD, 0xB550, 0xBD91,
    0xBD91, 0xBD90, 0xBD90, 0xBD70, 0xBD90, 0xBD90, 0xBD90, 0xBD90, 0xBD91, 0xC5B1, 0xC5B1, 0xC5B1,
    0xC5B1, 0xBD91, 0xBD70, 0xBD70, 0xBD70, 0xBD70, 0xBD90, 0xBD91, 0xC5B1, 0xC5B1, 0xBD91, 0xBD90,
    0xBD90, 0xBD70, 0xBD70, 0xB52F, 0xACEE, 0xAD0E, 0xB56F, 0xBD90, 0xBD90, 0xBD90, 0xBD90, 0xBD70,
    0xBD70, 0xBD70, 0xB550, 0xBD70, 0xBD91, 0xBD91, 0xBD70, 0xBD70, 0xBD91, 0xC5B1, 0xC5B1, 0xC5D1,
    0xC5B1, 0xC5B1, 0xBD91, 0xBD70, 0xBD70, 0xBD70, 0xBD91, 0xBDB1, 0xBD90, 0xB54F, 0xAD0E, 0xAD0E,
    0xB52F, 0xB54F, 0xBD70, 0xBD70, 0xBD70, 0xBD90, 0xBD91, 0xC5B1, 0xBD91, 0xBD91, 0xC5B1, 0xC5B1,
    0xC5B1, 0xBD91, 0xBD70, 0xB570, 0xBD70, 0xBD70, 0xB570, 0xB570, 0xBD70, 0xBD70, 0xBD70, 0xB550,
    0xB52F, 0xAD2F, 0xB52F, 0xB52F, 0xAD0E, 0xA4AD, 0x942B, 0x8BCA, 0x942B, 0x9C4C, 0xA4CD, 0xACEE,
    0xACEE, 0xACEE, 0xB52F, 0xBD50, 0xBD70, 0xBD70, 0xB54F, 0xB54F, 0xB570, 0xBD70, 0xBD90, 0xBD90,
    0xBD90, 0xBD91, 0xBD91, 0xBD91, 0xBD91, 0xBD91, 0xBD70, 0xBD90, 0xBD90, 0xBD90, 0xBD70, 0xBD70,
    0xB550, 0xB54F, 0xB54F, 0xAD0E, 0x9C8D, 0x9CAD, 0xB52F, 0xBD91, 0xBDB1, 0xBD91, 0xBD70, 0xBD70,
    0xBD70, 0xBD70, 0xBD90, 0xBD90, 0xBD91, 0xC5B1, 0xC5B1, 0xBDB1, 0xBDB1, 0xBD90, 0xBD70, 0xBD70,
    0xBD90, 0xBD90, 0xBD91, 0xBD91, 0xBDB1, 0xBDB1, 0xBD90, 0xBD90, 0xBDB1, 0xBD90, 0xBD70, 0xB52F,
    0xACEE, 0xAD0E, 0xBD70, 0xBDB0, 0xBDB1, 0xBD91, 0xBD90, 0xBD70, 0xBD90, 0xBD70, 0xB550, 0xBD70,
    0xBD91, 0xBDB1, 0xBD70, 0xBD70, 0xBD91, 0xC5B1, 0xC5D1, 0xC5D1, 0xC5B1, 0xC5B1, 0xBD91, 0xBD90,
    0xBD70, 0xBD70, 0xBD90, 0xBD90, 0xBD90, 0xB54F, 0xAD0E, 0xAD0E, 0xB52F, 0xB54F, 0xBD70, 0xBD70,
    0xBD70, 0xBD70, 0xBD90, 0xBD70, 0xBD70, 0xBD70, 0xBDB1, 0xBDB1, 0xBDB1, 0xBD90, 0xB570, 0xB550,
    0xBD70, 0xBD70, 0xBD70, 0xBD70, 0xBD70, 0xBD70, 0xBD70, 0xB570, 0xB52F, 0xB52F, 0xB54F, 0xB52F,
    0xAD0E, 0xA4AD, 0x942B, 0x8BCA, 0x944B, 0x9C6C, 0xA4CD, 0xAD0E, 0xAD0E, 0xB52F, 0xB54F, 0xB550,
    0xB550, 0xB52F, 0xAD2F, 0xB52F, 0xB550, 0xBD70, 0xBD70, 0xBD90, 0xBD91, 0xBD91, 0xBDB1, 0xBD91,
    0xBD91, 0xBD91, 0xBD70, 0xBD70, 0xBD70, 0xBD70, 0xB54F, 0xB52F, 0xB54F, 0xB54F, 0xB54F, 0xAD0E,
    0x9C8C, 0x9C8C, 0xAD0F, 0xBD70, 0xBD90, 0xBD90, 0xBD70, 0xBD70, 0xBD90, 0xBD91, 0xC5B1, 0xC5B1,
    0xBDB1, 0xBD91, 0xBD70, 0xBD70, 0xBD91, 0xBDB1, 0xBD90, 0xBD90, 0xBD70, 0xBD70, 0xBD91, 0xC5B1,
    0xC5B1, 0xBDB1, 0xBD90, 0xBD90, 0xBDB1, 0xBD91, 0xBD70, 0xB52F, 0xACEE, 0xACEE, 0xB550, 0xBD90,
    0xBD90, 0xBD90, 0xBD91, 0xBDB1, 0xBDB1, 0xBD91, 0xBD90, 0xBD90, 0xC5B1, 0xC5B1, 0xBD91, 0xBD91,
    0xBD91, 0xC5B1, 0xC5D2, 0xC5D1, 0xC5B1, 0xBD91, 0xBD91, 0xBD91, 0xBD91, 0xBD90, 0xBD70, 0xBD70,
    0xBD90, 0xBD70, 0xB52F, 0xAD0E, 0xB52F, 0xB54F, 0xBD70, 0xBD70, 0xBD90, 0xBD70, 0xB54F, 0xB52F,
    0xB52F, 0xB54F, 0xBD90, 0xBDB1, 0xBD91, 0xBD90, 0xBD70, 0xB550, 0xBD70, 0xBD70, 0xBD70, 0xBD70,
    0xBD70, 0xBD70, 0xBD70, 0xB570, 0xB550, 0xB54F, 0xB550, 0xB54F, 0xB52F, 0xA4CD, 0x944C, 0x8C0B,
    0x944C, 0x9C8C, 0xA4CD, 0xAD0E, 0xB52F, 0xB54F, 0xB550, 0xB550, 0xB54F, 0xB52F, 0xAD0F, 0xAD2F,
    0xB550, 0xBD70, 0xBD90, 0xBD90, 0xBD91, 0xBD91, 0xBD91, 0xBD91, 0xBD91, 0xBD91, 0xBD70, 0xBD70,
    0xBD70, 0xB550, 0xB52F, 0xB52F, 0xB54F, 0xB54F, 0xB52F, 0xACEE, 0x9C6C, 0x9C6C, 0xAD0E, 0xB550,
    0xBD70, 0xBD70, 0xBD70, 0xBD70, 0xBD70, 0xBD91, 0xC5B1, 0xC5B1, 0xBD91, 0xBD70, 0xBD70, 0xBD70,
    0xBD90, 0xBDB1, 0xBD91, 0xBD90, 0xBD70, 0xBD70, 0xBDB1, 0xC5B1, 0xC5B1, 0xBDB1, 0xBD91, 0xBD91,
    0xBD91, 0xBD90, 0xBD70, 0xB52F, 0xACEE, 0xACEE, 0xB54F, 0xBD70, 0xBD70, 0xBD70, 0xBD70, 0xBD91,
    0xC5B1, 0xC5B1, 0xBD91, 0xBD91, 0xC5B1, 0xC5B1, 0xC5B1, 0xBD91, 0xBD91, 0xBDB1, 0xC5D1, 0xC5B1,
    0xBD90, 0xBD70, 0xBD90, 0xBD91, 0xBDB1, 0xBD90, 0xB570, 0xB54F, 0xBD70, 0xBD70, 0xAD2F, 0xAD0E,
    0xAD2F, 0xB52F, 0xB54F, 0xB550, 0xBD70, 0xB550, 0xB50E, 0xACEE, 0xAD0E, 0xB52F, 0xBD90, 0xBD91,
    0xBD90, 0xBD70, 0xB550, 0xB54F, 0xB550, 0xBD70, 0xBD70, 0xBD70, 0xBD70, 0xB570, 0xB54F, 0xB54F,
    0xB52F, 0xB52F, 0xB550, 0xB54F, 0xB52F, 0xACEE, 0x9C6C, 0x942B, 0x942B, 0x9C6C, 0xA4CD, 0xAD0E,
    0xAD0E, 0xB52F, 0xB54F, 0xB550, 0xB570, 0xB550, 0xAD2F, 0xB52F, 0xBD70, 0xBD91, 0xBDB1, 0xBDB1,
    0xBD91, 0xBD90, 0xBD90, 0xBD90, 0xBD91, 0xBD90, 0xB570, 0xB550, 0xBD70, 0xBD70, 0xB54F, 0xB54F,
    0xBD70, 0xB570, 0xB52F, 0xACEE, 0x9C6C, 0x9C6C, 0xAD0F, 0xBD70, 0xB54F, 0xB54F, 0xB52F, 0xB52F,
    0xB54F, 0xBD50, 0xBD90, 0xBD90, 0xBD70, 0xBD70, 0xBD70, 0xBD90, 0xBD90, 0xBD91, 0xBDB1, 0xBD91,
    0xBD90, 0xBD90, 0xC5B1, 0xC5B1, 0xC5B1, 0xC5B1, 0xC5B1, 0xBD91, 0xBD90, 0xBD70, 0xB54F, 0xB50F,
    0xACEE, 0xACEE, 0xB52F, 0xBD50, 0xB54F, 0xB52F, 0xB52F, 0xB550, 0xBD91, 0xC5B1, 0xBD90, 0xBD90,
    0xBDB1, 0xC5B1, 0xBDB1, 0xBD91, 0xBD91, 0xBD91, 0xC5B1, 0xBD91, 0xB550, 0xB52F, 0xBD70, 0xBD70,
    0xBD90, 0xBD90, 0xB550, 0xB54F, 0xBD70, 0xB54F, 0xAD0E, 0xACEE, 0xAD0E, 0xAD0F, 0xAD0F, 0xAD0F,
    0xB52F, 0xB52F, 0xACEE, 0xACEE, 0xB52F, 0xB54F, 0xBD90, 0xBD90, 0xBD90, 0xBD70, 0xB52F, 0xB52F,
    0xB550, 0xBD70, 0xBD70, 0xBD70, 0xBD70, 0xB54F, 0xAD0E, 0xAD0E, 0xAD0E, 0xAD0F, 0xB52F, 0xB52F,
    0xB52F, 0xACEE, 0x9C6C, 0x942B, 0x942B, 0x9C6C, 0xA4CD, 0xAD0E, 0xAD0E, 0xB52F, 0xB54F, 0xB570,
    0xBD70, 0xB570, 0xB52F, 0xB52F, 0xB570, 0xBD90, 0xBDB1, 0xBDB1, 0xBD90, 0xBD90, 0xBD90, 0xBD90,
    0xBD90, 0xBD70, 0xBD70, 0xBD70, 0xBD90, 0xBD70, 0xB550, 0xB550, 0xBD90, 0xBD70, 0xB54F, 0xACEE,
    0x9C6C, 0x9C8C, 0xAD0F, 0xB550, 0xB52F, 0xB52F, 0xB52F, 0xB52F, 0xB52F, 0xB54F, 0xBD70, 0xBD70,
    0xBD70, 0xBD70, 0xBD90, 0xBD90, 0xBD70, 0xBD90, 0xBD90, 0xBD90, 0xBD90, 0xBD90, 0xC5B1, 0xC5B1,
    0xC5B1, 0xC5B1, 0xC5B1, 0xBD91, 0xBD70, 0xBD70, 0xB54F, 0xB52F, 0xACEE, 0xACEE, 0xB52F, 0xB550,
    0xB54F, 0xB54F, 0xB52F, 0xB54F, 0xBD90, 0xC5B1, 0xBD90, 0xBD90, 0xBD91, 0xBD91, 0xBD91, 0xBD91,
    0xBD91, 0xBD91, 0xBDB1, 0xBD91, 0xB550, 0xB54F, 0xB570, 0xBD70, 0xBD90, 0xBD70, 0xBD70, 0xBD70,
    0xBD70, 0xB54F, 0xAD0E, 0xACEE, 0xAD0E, 0xAD2F, 0xAD0F, 0xAD0F, 0xB52F, 0xB52F, 0xACEE, 0xACEE,
    0xB52F, 0xBD6F, 0xBD90, 0xBD90, 0xBD70, 0xB54F, 0xB52F, 0xB52F, 0xB550, 0xBD70, 0xBD70, 0xBD70,
    0xB570, 0xB54F, 0xAD0E, 0xACEE, 0xACEE, 0xAD0E, 0xAD2F, 0xB52F, 0xAD0F, 0xA4CE, 0x9C6C, 0x942B,
    0x944B, 0x9C6C, 0xACEE, 0xAD0E, 0xAD0E, 0xB52F, 0xB54F, 0xBD70, 0xBD70, 0xBD70, 0xB54F, 0xB52F,
    0xB52F, 0xB54F, 0xBD70, 0xBD70, 0xBD70, 0xBD90, 0xBD90, 0xBD70, 0xBD70, 0xBD70, 0xBD90, 0xBD91,
    0xBD91, 0xBD90, 0xBD70, 0xBD70, 0xBD91, 0xBD90, 0xBD70, 0xAD0E, 0x9CAD, 0x9C8D, 0xACEE, 0xB52F,
    0xAD0E, 0xB50F, 0xB54F, 0xB54F, 0xBD4F, 0xB54F, 0xB52F, 0xB54F, 0xBD70, 0xBD70, 0xBD70, 0xBD70,
    0xB570, 0xB570, 0xB54F, 0xBD70, 0xBD90, 0xC5B1, 0xC5B1, 0xC5B1, 0xC5B1, 0xC5B1, 0xBD91, 0xBD70,
    0xBD70, 0xBD70, 0xB550, 0xB52F, 0xACEE, 0xACEE, 0xB54F, 0xBD70, 0xBD70, 0xBD70, 0xBD70, 0xBD70,
    0xBD91, 0xC5B1, 0xBD91, 0xBD90, 0xB550, 0xB550, 0xBD70, 0xBD91, 0xBDB1, 0xBD91, 0xBD90, 0xBD70,
    0xBD70, 0xBD70, 0xBD70, 0xBD70, 0xBD90, 0xBD90, 0xBD90, 0xBD90, 0xBD90, 0xBD70, 0xAD0E, 0xAD0E,
    0xB52F, 0xB54F, 0xB54F, 0xB54F, 0xB550, 0xB54F, 0xB52F, 0xB52F, 0xB52F, 0xB54F, 0xBD90, 0xBD90,
    0xB54F, 0xB54F, 0xB550, 0xBD70, 0xB570, 0xB550, 0xB54F, 0xB54F, 0xB550, 0xB54F, 0xB52F, 0xAD0E,
    0xAD0E, 0xAD2F, 0xAD2F, 0xAD0E, 0xAD0E, 0xA4CD, 0x944C, 0x8C2B, 0x944B, 0x9C8C, 0xACEE, 0xB52F,
    0xAD0F, 0xB52F, 0xB54F, 0xB550, 0xBD70, 0xB570, 0xB54F, 0xB52F, 0xB52F, 0xB52F, 0xB54F, 0xBD70,
    0xBD70, 0xBD70, 0xBD70, 0xBD70, 0xBD70, 0xBD70, 0xBD70, 0xBD90, 0xBD91, 0xBD90, 0xBD70, 0xBD70,
    0xBD91, 0xBD90, 0xBD70, 0xAD0E, 0x9C8C, 0x9C8C, 0xACCE, 0xAD0E, 0xAD0E, 0xAD0E, 0xB54F, 0xBD4F,
    0xBD70, 0xBD4F, 0xB52F, 0xB52F, 0xBD70, 0xBD70, 0xBD70, 0xB570, 0xB550, 0xB54F, 0xB54F, 0xB54F,
    0xBD70, 0xBD90, 0xBD90, 0xBD91, 0xBDB1, 0xBD91, 0xBD90, 0xBD70, 0xBD70, 0xBD70, 0xBD70, 0xB52F,
    0xA4CE, 0xACEE, 0xB54F, 0xBD70, 0xBD70, 0xBD70, 0xBD70, 0xBD70, 0xBD91, 0xBD91, 0xBD90, 0xBD70,
    0xB550, 0xB550, 0xBD70, 0xBD90, 0xBD90, 0xBD90, 0xBD70, 0xBD70, 0xBD91, 0xBD91, 0xBD90, 0xBD70,
    0xBD90, 0xBD90, 0xBD90, 0xBD90, 0xBD90, 0xBD70, 0xAD0E, 0xAD0E, 0xB52F, 0xB52F, 0xB54F, 0xBD70,
    0xBD70, 0xB550, 0xB54F, 0xB54F, 0xB54F, 0xB54F, 0xBD70, 0xBD70, 0xB54F, 0xB54F, 0xBD70, 0xBD70,
    0xB570, 0xB54F, 0xB52F, 0xB52F, 0xB52F, 0xB54F, 0xB52F, 0xB52F, 0xB52F, 0xB52F, 0xAD2F, 0xAD0E,
    0xACEE, 0xA4AD, 0x944C, 0x8C2B, 0x944B, 0x9C8C, 0xAD0E, 0xB54F, 0xB52F, 0xB52F, 0xAD0F, 0xAD0F,
    0xB54F, 0xB550, 0xB550, 0xB54F, 0xB52F, 0xB52F, 0xB54F, 0xB550, 0xB570, 0xB570, 0xBD70, 0xBD70,
    0xB570, 0xB550, 0xB550, 0xB550, 0xBD70, 0xBD70, 0xB54F, 0xB54F, 0xBD70, 0xBD70, 0xB54F, 0xACEE,
    0x944B, 0x942B, 0xA4AD, 0xACEE, 0xAD0E, 0xAD0E, 0xB52E, 0xB54F, 0xBD70, 0xBD70, 0xB54F, 0xB54F,
    0xBD70, 0xBD70, 0xB550, 0xB54F, 0xB550, 0xB570, 0xBD4F, 0xB54F, 0xB54F, 0xB550, 0xBD70, 0xBD70,
    0xBD70, 0xBD70, 0xBD70, 0xBD70, 0xB570, 0xB550, 0xB550, 0xB52F, 0xA4CD, 0xA4CD, 0xB54F, 0xBD70,
    0xBD70, 0xB54F, 0xB54F, 0xB550, 0xBD70, 0xBD70, 0xBD70, 0xBD70, 0xB570, 0xBD70, 0xBD70, 0xBD70,
    0xB54F, 0xB54F, 0xBD70, 0xBD70, 0xBD70, 0xBD70, 0xBD70, 0xBD70, 0xBD70, 0xBD70, 0xBD70, 0xB570,
    0xBD70, 0xB54F, 0xAD0E, 0xACEE, 0xAD0E, 0xAD0E, 0xB54F, 0xB54F, 0xB550, 0xB550, 0xB54F, 0xB54F,
    0xB54F, 0xB54F, 0xB570, 0xB54F, 0xB54F, 0xB54F, 0xB550, 0xB550, 0xB550, 0xB54F, 0xB52F, 0xAD0E,
    0xAD0E, 0xB52F, 0xB52F, 0xB52F, 0xB52F, 0xB52F, 0xAD2F, 0xAD0F, 0xAD0E, 0xA4CD, 0x9C6C, 0x942B,
    0x942B, 0x9C6C, 0xAD0E, 0xB54F, 0xB52F, 0xAD0E, 0xACEE, 0xAD0E, 0xB52F, 0xB52F, 0xB54F, 0xB54F,
    0xAD0F, 0xAD0E, 0xB52F, 0xB52F, 0xB54F, 0xB54F, 0xB54F, 0xB550, 0xB54F, 0xB54F, 0xB52F, 0xB52F,
    0xB550, 0xB550, 0xAD0F, 0xB52F, 0xB550, 0xBD70, 0xB52F, 0xA4CD, 0x942B, 0x940B, 0xA4AD, 0xAD0E,
    0xAD0E, 0xAD0E, 0xAD0E, 0xB52E, 0xB54F, 0xB54F, 0xB52F, 0xB52F, 0xB54F, 0xB54F, 0xB54F, 0xB54F,
    0xB54F, 0xB54F, 0xBD70, 0xB54F, 0xB52F, 0xB52F, 0xBD70, 0xBD70, 0xBD70, 0xBD70, 0xBD70, 0xBD70,
    0xBD70, 0xB550, 0xB550, 0xB50F, 0xA4AD, 0xA4AD, 0xB52F, 0xBD70, 0xB570, 0xB54F, 0xB54F, 0xB54F,
    0xB570, 0xBD70, 0xBD70, 0xB570, 0xB570, 0xBD70, 0xBD70, 0xBD70, 0xB52F, 0xB52F, 0xB550, 0xBD70,
    0xB550, 0xB550, 0xB550, 0xBD70, 0xBD70, 0xBD70, 0xB54F, 0xB54F, 0xB54F, 0xB54F, 0xAD0E, 0xACEE,
    0xACEE, 0xAD0E, 0xB52F, 0xB52F, 0xB54F, 0xB54F, 0xB52F, 0xB52F, 0xB54F, 0xB54F, 0xB54F, 0xB54F,
    0xB54F, 0xB52F, 0xB52F, 0xB52F, 0xB54F, 0xB52F, 0xAD0E, 0xACEE, 0xACEE, 0xAD0E, 0xB52F, 0xB52F,
    0xB52F, 0xAD0E, 0xAD0E, 0xACEE, 0xAD0E, 0xA4CD, 0x944C, 0x8C0B, 0x940B, 0x9C6C, 0xACEE, 0xB52F,
    0xACEE, 0xACEE, 0xACEE, 0xAD0E, 0xAD0F, 0xB50F, 0xB52F, 0xAD0E, 0xACCE, 0xA4CD, 0xACEE, 0xACEE,
    0xAD0E, 0xB52F, 0xB54F, 0xB54F, 0xB54F, 0xB52F, 0xB52F, 0xB52F, 0xB54F, 0xB52F, 0xACEE, 0xACEE,
    0xB52F, 0xB52F, 0xAD0E, 0xA4CD, 0x942B, 0x942B, 0xA4CD, 0xB52F, 0xB52F, 0xB52E, 0xAD0E, 0xAD0E,
    0xB52E, 0xAD0E, 0xACCE, 0xACCE, 0xAD0E, 0xB52F, 0xB52F, 0xB54F, 0xB52F, 0xB54F, 0xB54F, 0xB54F,
    0xAD0F, 0xAD2F, 0xBD70, 0xBD90, 0xBD70, 0xBD70, 0xBD70, 0xBD70, 0xBD70, 0xBD70, 0xB54F, 0xAD0E,
    0xA48C, 0x9C8C, 0xAD0E, 0xB54F, 0xBD70, 0xBD70, 0xBD70, 0xBD70, 0xBD70, 0xBD70, 0xBD70, 0xB570,
    0xB550, 0xB54F, 0xBD70, 0xBD70, 0xBD70, 0xBD70, 0xB54F, 0xB52F, 0xB50F, 0xB50F, 0xB52F, 0xB52F,
    0xB54F, 0xBD4F, 0xB54F, 0xB54F, 0xB54F, 0xB52F, 0xACEE, 0xA4CD, 0xACED, 0xACEE, 0xAD0E, 0xAD0E,
    0xB52F, 0xB52F, 0xAD0E, 0xACEE, 0xAD0E, 0xB52F, 0xB54F, 0xB54F, 0xB54F, 0xB52F, 0xACEE, 0xACEE,
    0xB52F, 0xAD0E, 0xA4CD, 0xA4AD, 0xA4CD, 0xACEE, 0xAD0E, 0xAD0E, 0xAD0F, 0xAD0E, 0xA4CE, 0xA4CD,
    0xACEE, 0xA4AD, 0x942B, 0x8BEA, 0x8BEA, 0x942B, 0xA4CD, 0xACEE, 0xA4CD, 0xA4AD, 0xA4CD, 0xA4CE,
    0xA4CE, 0xA4CE, 0xACEE, 0xA4CD, 0xA48D, 0x9C8D, 0xA4AD, 0xA4CD, 0xA4CD, 0xACEE, 0xAD0E, 0xAD0E,
    0xACEE, 0xACEE, 0xACEE, 0xACEE, 0xACEE, 0xACEE, 0xA4CD, 0xA4CD, 0xACEE, 0xACEE, 0xACEE, 0xA4AC,
    0x8C0A, 0x940B, 0xA4AD, 0xACEE, 0xACEE, 0xACEE, 0xA4CD, 0xA4CD, 0xACED, 0xA4CD, 0x9C8C, 0x9C8C,
    0xA4CD, 0xACEE, 0xAD0E, 0xAD0E, 0xAD0E, 0xAD0E, 0xAD0E, 0xAD0E, 0xA4EE, 0xACEE, 0xB52F, 0xB54F,
    0xB52F, 0xB52F, 0xB52F, 0xB52F, 0xB54F, 0xB52F, 0xB52F, 0xACEE, 0x9C6C, 0x9C6C, 0xA4CD, 0xAD0E,
    0xB52F, 0xB54F, 0xB54F, 0xB54F, 0xB52F, 0xB52F, 0xB52F, 0xB52F, 0xAD0F, 0xAD0E, 0xAD0E, 0xB52F,
    0xB52F, 0xB52F, 0xAD0E, 0xACEE, 0xACCD, 0xA4CD, 0xACCE, 0xACEE, 0xAD0E, 0xB50E, 0xAD0E, 0xAD0E,
    0xAD0E, 0xACEE, 0xA4AD, 0x9C8C, 0xA4CD, 0xA4CD, 0xA4CD, 0xA4CD, 0xACEE, 0xACCD, 0xA4AD, 0xA4AD,
    0xA4CD, 0xACEE, 0xAD0E, 0xAD0E, 0xAD0F, 0xACEE, 0xA4AD, 0xA48D, 0xA4CE, 0xA4CD, 0x9C6C, 0x9C6C,
    0x9C8C, 0xA4AD, 0xA4CD, 0xA4CD, 0xA4CE, 0xA4CD, 0x9C8C, 0x9C6C, 0xA4AD, 0x9C6C, 0x8BEA, 0x83A9,
    0x83A9, 0x8BEA, 0x9C8C, 0xA4AD, 0x9C8D, 0x9C8C, 0x9C6C, 0x9C6C, 0x9C6C, 0x9C6C, 0x9C8C, 0x9C6C,
    0x9C6C, 0x9C6C, 0x9C8C, 0x9C8C, 0xA4AC, 0xA4AD, 0xA4AD, 0xA48D, 0x9C8C, 0x9C6C, 0x9C6C, 0x9C6C,
    0x9C8C, 0x9C8C, 0x9C8C, 0x9C8C, 0x9C8C, 0x9C8C, 0xA4AD, 0x9C6C, 0x83A9, 0x83A9, 0x942B, 0x9C6C,
    0x9C6C, 0x9C6C, 0x9C6C, 0x9C6C, 0x9C8C, 0x9C6C, 0x942B, 0x944B, 0x9C8C, 0xA4AD, 0xA4AD, 0xA4AD,
    0xA4AD, 0xA4AD, 0xA4AD, 0xA4AD, 0x9C8D, 0x9C8D, 0xA4AD, 0xA4CD, 0xA4CD, 0xA4CD, 0xA4AD, 0xA4AD,
    0xA4CD, 0xA4CD, 0xACEE, 0xA4AD, 0x942B, 0x942A, 0x9C6C, 0xA4AD, 0xA4CD, 0xA4CD, 0xA4CD, 0xA4CD,
    0xA4CD, 0xA4CD, 0xA4AD, 0xA4AD, 0xA4AD, 0xA4AD, 0x9C8C, 0x9C8C, 0xA4AD, 0xA4AD, 0x9C8C, 0x9C6C,
    0x9C6C, 0x9C8C, 0x9C8C, 0xA4AD, 0xA4AD, 0xA4AD, 0xA4AD, 0x9C8C, 0x9C8C, 0x9C6C, 0x944B, 0x944B,
    0x9C6C, 0x9C8C, 0x9C6B, 0x9C6B, 0x9C6C, 0x9C6C, 0x944B, 0x9C4B, 0x9C8C, 0xA4AD, 0xA4AD, 0xA48D,
    0x9C8D, 0x9C8C, 0x9C4C, 0x944C, 0x9C6C, 0x9C4C, 0x942B, 0x940A, 0x8C0A, 0x942B, 0x9C6C, 0x9C6C,
    0x9C6C, 0x944C, 0x942B, 0x940B, 0x942B, 0x8C0B, 0x83A9, 0x7B89, 0x7B89, 0x83CA, 0x946C, 0x9C8D,
    0x9C8C, 0x9C6C, 0x944B, 0x942B, 0x942B, 0x942B, 0x944B, 0x944B, 0x944B, 0x944B, 0x9C6C, 0x9C8C,
    0x9C8C, 0x9C8C, 0x9C6C, 0x9C4C, 0x944B, 0x942B, 0x942B, 0x942B, 0x944B, 0x9C6C, 0x9C6C, 0x9C6C,
    0x944B, 0x9C6C, 0xA48C, 0x9C4C, 0x7B89, 0x7B68, 0x8BEA, 0x942B, 0x942B, 0x942B, 0x942B, 0x944B,
    0x944B, 0x942B, 0x8C0A, 0x940B, 0x9C6C, 0x9C8C, 0x9C8C, 0x9C8C, 0x9C8C, 0x9C8C, 0x9C8C, 0x9C6C,
    0x9C6C, 0x9C6C, 0x9C8C, 0x9C8D, 0x9C8D, 0x9C8D, 0x9C8C, 0x9C8C, 0x9C8C, 0x9C8C, 0xA4AD, 0x9C8C,
    0x940A, 0x8C0A, 0x944B, 0x9C8C, 0x9C8C, 0x9C8C, 0x9C8D, 0x9C8C, 0x9C8C, 0x9C8C, 0x9C6C, 0x9C6C,
    0x9C8C, 0x9C6C, 0x942B, 0x942B, 0x944B, 0x9C6C, 0x944B, 0x944B, 0x944B, 0x9C4C, 0x9C6C, 0x9C6C,
    0x9C8C, 0x9C6C, 0x9C6C, 0x944B, 0x942B, 0x942B, 0x8C0B, 0x942B, 0x9C4B, 0x9C6B, 0x942B, 0x942B,
    0x944B, 0x942B, 0x942B, 0x942B, 0x9C6C, 0x9C6C, 0x9C6C, 0x9C6C, 0x9C6C, 0x944C, 0x942B, 0x942B,
    0x942B, 0x942B, 0x8C0A, 0x8BEA, 0x8BEA, 0x8BEA, 0x942B, 0x944B, 0x942B, 0x8C0B, 0x8BEA, 0x8BEA,
    0x8C0B, 0x8BEA, 0x7B89, 0x7B68,
};
#define TEXTURE_CEILING_MIP1_SIZE 64
static const uint16_t TEXTURE_CEILING_MIP1_PIXELS[4096] __attribute__((aligned(16))) = {
    0x83A9, 0x942B, 0x942B, 0x942B, 0x944B, 0x9C6C, 0x9C6C, 0x944C, 0x946C, 0x9C6C, 0x9C8C, 0xA4AD,
    0xA4CD, 0xA48D, 0x9C6C, 0x9C8D, 0x83CA, 0x942B, 0x9C4C, 0x9C6C, 0x9C8C, 0x9C8C, 0x9C6C, 0x8BEA,
    0x9C6C, 0x9C8C, 0xA4CD, 0xA4CD, 0x9CAD, 0x9C8C, 0x944C, 0xA4AD, 0x9C6C, 0x9CAC, 0xA4AC, 0x9C6C,
    0x9C8C, 0xA4AD, 0x9C8C, 0x9C6C, 0xA4AD, 0xA4AD, 0xA4CD, 0x9C8D, 0xA4AD, 0xA4CD, 0xA4AD, 0x944C,
    0xA4AD, 0x9C6C, 0x9C6C, 0x9C8C, 0xA4AD, 0xA4AD, 0x9C8C, 0x9C6C, 0x9C8C, 0xA4AD, 0x9C8C, 0x942B,
    0x942B, 0x944B, 0x944B, 0x7B89, 0x944B, 0xA4CD, 0xAD0F, 0xB570, 0xB570, 0xBD70, 0xBD70, 0xB54F,
    0xB550, 0xBD91, 0xBD70, 0xBD70, 0xBD90, 0xBD90, 0xBD90, 0xB54F, 0x9C8C, 0xB52F, 0xB52F, 0xB52F,
    0xBD90, 0xBD70, 0xB54F, 0xBD50, 0xBD70, 0xB54F, 0xBD90, 0xBD90, 0xBD90, 0xBD70, 0xB54F, 0xB54F,
    0xA4CD, 0xB54F, 0xBD70, 0xBD70, 0xBD70, 0xB550, 0xACEE, 0xBD90, 0xBD90, 0xBD90, 0xBD90, 0xBD91,
    0xBD70, 0xB570, 0xBD70, 0xA4CE, 0xB52F, 0xBD4F, 0xB550, 0xBD70, 0xBD90, 0xBD90, 0xBD70, 0xBD70,
    0xBD70, 0xBD6F, 0xB54F, 0xB54F, 0xB54F, 0xB52F, 0xACEE, 0x942B, 0x9C6C, 0xB54F, 0xBD70, 0xBD91,
    0xBD91, 0xC5B1, 0xC5D1, 0xC5B1, 0xC5B1, 0xBD91, 0xBD70, 0xBD90, 0xC5B1, 0xC5D2, 0xC5D1, 0xBD70,
    0x9C8D, 0xBD70, 0xBD70, 0xB54F, 0xBD90, 0xBD70, 0xC5B0, 0xBD70, 0xBD91, 0xBDB1, 0xC5B1, 0xC5B1,
    0xBD90, 0xBD70, 0xBD91, 0xB54F, 0xAD0E, 0xBD90, 0xBD70, 0xC5B1, 0xC5B1, 0xBD91, 0xBD90, 0xC5D1,
    0xC5B1, 0xC5D1, 0xC5B1, 0xBD90, 0xC5B1, 0xB570, 0xBDB1, 0xAD0E, 0xB54F, 0xBD70, 0xBD70, 0xBD70,
    0xC5B1, 0xBD90, 0xB550, 0xBD70, 0xBD90, 0xBD90, 0xBD70, 0xBD70, 0xBD70, 0xBD70, 0xB52F, 0x9C8C,
    0x9C6C, 0xBD70, 0xBD91, 0xBD91, 0xC5B1, 0xBD91, 0xC5D1, 0xC5D1, 0xC5D2, 0xC5B1, 0xC5B1, 0xC5B1,
    0xC5D1, 0xC5D1, 0xBDB1, 0xB54F, 0x944C, 0xBD70, 0xBD70, 0xB54F, 0xBD70, 0xBD90, 0xBD90, 0xB550,
    0xC5B1, 0xC5D2, 0xC5B1, 0xBD90, 0xBD90, 0xBD90, 0xC5B1, 0xBD50, 0xACEE, 0xBD90, 0xBD91, 0xBD91,
    0xC5B1, 0xC5B1, 0xC5D1, 0xC5D1, 0xC5B1, 0xC5D2, 0xC5D2, 0xC5B1, 0xC5B1, 0xC5B1, 0xBDB1, 0xACEE,
    0xB52F, 0xBD70, 0xBD90, 0xBDB1, 0xC5D1, 0xBD91, 0xBDB1, 0xB550, 0xBD70, 0xBD91, 0xBD90, 0xB550,
    0xBD90, 0xBD90, 0xB54F, 0x9C6C, 0xA4AD, 0xB52F, 0xBD91, 0xBD91, 0xC5B1, 0xBDB1, 0xC5D1, 0xC5D2,
    0xC5D2, 0xC5B1, 0xC5D2, 0xC5D2, 0xC5D2, 0xC5D1, 0xBD90, 0xB54F, 0x9C8D, 0xBD91, 0xC5B1, 0xC5D1,
    0xC5B1, 0xC5B1, 0xBD70, 0xC5D2, 0xC5D2, 0xC5D2, 0xC5D2, 0xC5D1, 0xBDB1, 0xC5B1, 0xC5B1, 0xB54F,
    0xAD0E, 0xBD90, 0xC5B1, 0xC5D1, 0xC5B1, 0xC5B1, 0xCDF2, 0xCDF2, 0xC5F2, 0xBDB1, 0xC5D1, 0xC5B1,
    0xBD90, 0xC5B1, 0xBD91, 0xAD0E, 0xBD70, 0xC5B1, 0xC5B1, 0xBD90, 0xC5D1, 0xC5D2, 0xC5B1, 0xC5B1,
    0xC5D1, 0xC5B1, 0xC5B1, 0xC5B1, 0xBD91, 0xB550, 0xBD70, 0x9C8D, 0xA4CD, 0xB54F, 0xBD91, 0xC5B1,
    0xC5B1, 0xBD91, 0xBDB1, 0xC5D2, 0xC5B1, 0xC5D2, 0xCDF2, 0xC5D2, 0xC5B1, 0xC5F2, 0xC5B1, 0xB54F,
    0xACEE, 0xC5B1, 0xC5D2, 0xC5D1, 0xCDF2, 0xC5D1, 0xC5D1, 0xC5D2, 0xC5B1, 0xC5B1, 0xC5D2, 0xC5B1,
    0xC5B1, 0xC591, 0xC5B1, 0xBD70, 0xB54F, 0xC5D1, 0xBDB1, 0xC5D2, 0xC5D1, 0xC5F2, 0xC5D2, 0xC5F2,
    0xCDF2, 0xC5B1, 0xC5B1, 0xBD90, 0xBD90, 0xC5D1, 0xC5B1, 0xB52F, 0xBD90, 0xC5D2, 0xCDF2, 0xC5B1,
    0xC5B1, 0xC5D2, 0xC5B1, 0xC5D2, 0xC5B1, 0xC5D2, 0xC5D2, 0xC5D1, 0xBD90, 0xBD70, 0xBD70, 0xA4AD,
    0xA4AD, 0xB54F, 0xC5B1, 0xC5B1, 0xC5B1, 0xBD91, 0xC5D2, 0xBDB1, 0xC5D2, 0xC5B1, 0xC5B1, 0xC5D1,
    0xC5D1, 0xC5D1, 0xC5D1, 0xB54F, 0xACEE, 0xBD91, 0xBD91, 0xC5D2, 0xC5D2, 0xCDF2, 0xCDF2, 0xC5D2,
    0xC5B1, 0xC5F2, 0xCDF3, 0xC5F2, 0xC5F2, 0xC5D2, 0xC5D1, 0xC5B1, 0xB550, 0xC5B1, 0xC5B1, 0xCDF2,
    0xCE12, 0xCDF2, 0xC5D1, 0xC5D1, 0xC5D1, 0xC5D1, 0xC5D2, 0xC5D1, 0xC5D1, 0xC5D1, 0xBD90, 0xAD2F,
    0xBD90, 0xC5B1, 0xC5F2, 0xC5D1, 0xC5F2, 0xC5D1, 0xC5F2, 0xC5D2, 0xC5D2, 0xC5D1, 0xC5D1, 0xC5B1,
    0xAD0F, 0xBD70, 0xBD70, 0xA4AD, 0xACEE, 0xBD90, 0xBDB1, 0xC5D1, 0xC5D2, 0xC5D2, 0xC5D2, 0xC5D2,
    0xC5F2, 0xC5D2, 0xC5B1, 0xB570, 0xC5B1, 0xC5D2, 0xC5B1, 0xBD90, 0xAD0E, 0xC5D2, 0xC5D2, 0xC5D1,
    0xC5B1, 0xCDF2, 0xCDF2, 0xCDF2, 0xC5D2, 0xCDF2, 0xCDF3, 0xC5D2, 0xC5D2, 0xC5F2, 0xCDF2, 0xC5D1,
    0xB52F, 0xC5B1, 0xC5B1, 0xC5D2, 0xCDF2, 0xC5F2, 0xC5D2, 0xC5D2, 0xC5D1, 0xC5D2, 0xC5F2, 0xC5D2,
    0xC5F2, 0xCDF2, 0xC5D1, 0xB54F, 0xBD91, 0xC5D1, 0xC5D2, 0xC5D2, 0xC5F2, 0xC5F2, 0xC5D2, 0xC5D1,
    0xC5D2, 0xC5D2, 0xC5B1, 0xC5D1, 0xBD91, 0xC5B1, 0xBD70, 0xA4CD, 0xA4EE, 0xBD70, 0xC5B1, 0xC5D2,
    0xBDB1, 0xC5B1, 0xBDB1, 0xCDF2, 0xCE13, 0xCDF2, 0xC5B1, 0xC5B1, 0xC5D1, 0xCDF2, 0xC5D1, 0xBD90,
    0xACEE, 0xC5D2, 0xCDF2, 0xC5D2, 0xC5F2, 0xCDF2, 0xCDF2, 0xC5D2, 0xCDF2, 0xCE12, 0xCE13, 0xCDF2,
    0xCE13, 0xCE13, 0xCDF2, 0xC5B1, 0xB52F, 0xC5D1, 0xC5D1, 0xCDF2, 0xCDF2, 0xCDF3, 0xCE13, 0xCDF2,
    0xC5D1, 0xC5D1, 0xBD91, 0xC5F2, 0xCDF2, 0xCDF2, 0xC5D1, 0xB54F, 0xC5B1, 0xC5D1, 0xC5F2, 0xCDF2,
    0xCDF2, 0xCDF2, 0xC5F2, 0xC5F2, 0xC5D2, 0xBD70, 0xC5D2, 0xC5D1, 0xC5D2, 0xC5D1, 0xBD91, 0xA4CD,
    0xACEE, 0xBD90, 0xBD91, 0xC5B1, 0xC5B1, 0xC5F2, 0xC5D2, 0xC5F2, 0xCE13, 0xCDF2, 0xC5B1, 0xC5D2,
    0xC5D2, 0xC5D2, 0xCDF2, 0xC5B1, 0xAD0E, 0xC5F2, 0xCE13, 0xCE13, 0xCE13, 0xCDF2, 0xCDF2, 0xCDF2,
    0xC5D2, 0xC5D2, 0xC5F2, 0xC5D2, 0xCE13, 0xCDF2, 0xC5D2, 0xC5B1, 0xB54F, 0xC5F2, 0xC5D2, 0xCE13,
    0xCE13, 0xCE33, 0xCE13, 0xCE12, 0xC5F2, 0xCDF2, 0xC5B1, 0xC5D2, 0xCDF2, 0xCDF2, 0xC5B1, 0xB52F,
    0xBD90, 0xC5B1, 0xCDF2, 0xCDF2, 0xCDF3, 0xCDF2, 0xC5F2, 0xCDF2, 0xC5F2, 0xBD91, 0xC5D2, 0xBD91,
    0xC5D2, 0xC5D2, 0xBD70, 0xA4CD, 0xA4AD, 0xBD70, 0xBDB1, 0xC5B1, 0xC5D1, 0xC5D2, 0xBD91, 0xC5D2,
    0xC5F2, 0xCDF2, 0xC5D2, 0xC5D2, 0xCDF2, 0xCDF3, 0xC5F2, 0xC5B1, 0xAD0F, 0xC5F2, 0xCE13, 0xC5F2,
    0xCE13, 0xCE13, 0xCE13, 0xC5F2, 0xCDF2, 0xCDF2, 0xCDF3, 0xCDF2, 0xC5D2, 0xCDF3, 0xC5F2, 0xBDB1,
    0xB570, 0xCDF2, 0xCE13, 0xCE13, 0xCE13, 0xCE13, 0xCDF2, 0xC5F2, 0xC5F2, 0xCDF2, 0xC5D2, 0xCDF2,
    0xCDF2, 0xC5D1, 0xC5B1, 0xB52F, 0xBD90, 0xC5D2, 0xCDF2, 0xC5D2, 0xC5D2, 0xC5F2, 0xC5D2, 0xC5B1,
    0xC5D2, 0xC5B1, 0xC5D2, 0xC5B1, 0xC5B1, 0xC5B1, 0xBD90, 0xA4CE, 0xA4EE, 0xBD90, 0xBD91, 0xC5B1,
    0xBD90, 0xBD91, 0xC5B1, 0xC5D1, 0xC5D1, 0xC5F2, 0xC5F2, 0xCDF2, 0xCDF3, 0xCDF3, 0xC5F2, 0xBD91,
    0xAD0F, 0xC5D2, 0xCE13, 0xC5F2, 0xCDF3, 0xCDF2, 0xC5F2, 0xC5D2, 0xCE13, 0xCE13, 0xC5D2, 0xCDF3,
    0xC5D2, 0xC5F2, 0xC5F2, 0xC5B1, 0xB550, 0xC5F2, 0xC5D2, 0xCE13, 0xCE13, 0xC5D2, 0xC5F2, 0xC5F2,
    0xC5D2, 0xC5D2, 0xC5B1, 0xBDB1, 0xC5D2, 0xC5D2, 0xC5D2, 0xB550, 0xBD90, 0xCDF2, 0xCE13, 0xCE13,
    0xCDF2, 0xCDF2, 0xCDF2, 0xC5D2, 0xC5D2, 0xBD91, 0xBD91, 0xBD91, 0xC5D1, 0xC5D2, 0xBD90, 0xACEE,
    0xACEE, 0xBD90, 0xBD90, 0xBD70, 0xC5B1, 0xC5D2, 0xBD91, 0xBD91, 0xC5D2, 0xC5D1, 0xC5F2, 0xCDF2,
    0xC5F2, 0xCE12, 0xCDF2, 0xBD90, 0xACEE, 0xC5D2, 0xCDF2, 0xCE13, 0xCE13, 0xC5F2, 0xCDF2, 0xCE13,
    0xCE13, 0xCE13, 0xCE13, 0xC5F2, 0xCDF2, 0xC5B1, 0xC5B2, 0xC5D2, 0xBD70, 0xC5D2, 0xC5D2, 0xCDF2,
    0xCE13, 0xC5D2, 0xCDF3, 0xCDF2, 0xCE13, 0xCE13, 0xC5F2, 0xCDF2, 0xC5D2, 0xCDF2, 0xC5B1, 0xB570,
    0xC5B1, 0xCDF2, 0xCE13, 0xCE13, 0xCDF2, 0xCDF2, 0xCDF2, 0xC5D2, 0xC5F2, 0xC5F2, 0xC5D2, 0xBD91,
    0xB54F, 0xBDB1, 0xBD70, 0xA4CE, 0xA4CE, 0xBD90, 0xC5B1, 0xC5B1, 0xC5D2, 0xC5D2, 0xC5D2, 0xC5D2,
    0xC5D2, 0xC5D2, 0xCDF2, 0xC5F2, 0xCE13, 0xCDF2, 0xCDF2, 0xBD91, 0xA4CE, 0xBD91, 0xCDF2, 0xCE13,
    0xCDF2, 0xC5D2, 0xCDF2, 0xCDF2, 0xC5F2, 0xCE13, 0xCE33, 0xCE13, 0xC5D2, 0xCDF2, 0xCE13, 0xC5D2,
    0xBD70, 0xC5F2, 0xCDF2, 0xCDF3, 0xCDF3, 0xCE13, 0xCE33, 0xCE13, 0xCE13, 0xCE13, 0xC5D1, 0xC5D2,
    0xC5F2, 0xCE13, 0xCDF2, 0xBD70, 0xBDB1, 0xC5F2, 0xCE13, 0xCE13, 0xCDF3, 0xCE13, 0xCDF2, 0xC5F2,
    0xCDF2, 0xC5F2, 0xC5D2, 0xC5B1, 0xBD91, 0xBD91, 0xBD70, 0xA4CE, 0xA4CE, 0xBD70, 0xBD90, 0xBDB1,
    0xC5D2, 0xC5D2, 0xC5F2, 0xC5D2, 0xC5D2, 0xBD91, 0xC5D1, 0xC5F2, 0xC5F2, 0xCE13, 0xC5D2, 0xBDB1,
    0xACEE, 0xBDB1, 0xCE13, 0xCE13, 0xCE13, 0xC5F2, 0xCDF2, 0xC5B1, 0xCDF2, 0xCDF2, 0xCE13, 0xCE13,
    0xCDF3, 0xC5D2, 0xC5F2, 0xC5B1, 0xB550, 0xC5B1, 0xC5B2, 0xC5D2, 0xCDF2, 0xCE13, 0xCE13, 0xCE13,
    0xCDF3, 0xCE13, 0xC5D2, 0xC5D2, 0xCDF2, 0xCDF2, 0xCE13, 0xBD70, 0xC5B1, 0xC5D2, 0xC5B1, 0xCDF3,
    0xCE13, 0xCE13, 0xCE13, 0xCDF2, 0xCE12, 0xC5D2, 0xBD91, 0xC5D2, 0xC5D2, 0xC5B1, 0xBD91, 0xACEE,
    0xA4CD, 0xB54F, 0xB54F, 0xB550, 0xBD70, 0xBD70, 0xBD91, 0xBD91, 0xBD91, 0xBD70, 0xBD70, 0xBD70,
    0xBD91, 0xC5B1, 0xBD91, 0xB570, 0xAD2F, 0xBD90, 0xBD91, 0xC5B1, 0xC5D2, 0xC5D1, 0xC5B1, 0xC5B1,
    0xC5B1, 0xC5B1, 0xC5D2, 0xC5B1, 0xC5D2, 0xC5D1, 0xC5D1, 0xBD90, 0xB52F, 0xBD91, 0xBDB1, 0xC5B1,
    0xC5B1, 0xC5D2, 0xC5F2, 0xC5D2, 0xC5D2, 0xC5D1, 0xC5B1, 0xC5B1, 0xC5D2, 0xC5D2, 0xC5D1, 0xBD70,
    0xBD90, 0xBD91, 0xBD91, 0xBD91, 0xC5D2, 0xC5B1, 0xC5B1, 0xC5B1, 0xC5B1, 0xBD91, 0xBD70, 0xBD90,
    0xBD91, 0xBD70, 0xB570, 0xACEE, 0x8BEA, 0x944C, 0x9C6C, 0x9C8D, 0x9C8D, 0x9C6C, 0xA4AD, 0xA4CE,
    0xA4CE, 0x9CAD, 0xA4CD, 0xA4AD, 0xA4AD, 0xACEE, 0xACEE, 0xAD0F, 0x944C, 0x9CAD, 0xA4AD, 0xACEE,
    0xACEE, 0xAD0F, 0xACEE, 0xACEE, 0xAD0E, 0xAD0F, 0xACEE, 0xACEE, 0xAD0F, 0xACEE, 0xACEE, 0xACEE,
    0x946C, 0xA4CE, 0xA4EE, 0xA4EE, 0xA4EE, 0xACEE, 0xB52F, 0xAD0F, 0xAD0F, 0xAD0F, 0xA4CE, 0xACEE,
    0xAD0F, 0xAD0F, 0xAD0F, 0xA4CE, 0xAD0F, 0xA4CE, 0xA4EE, 0xA4AD, 0xA4CE, 0xA4EE, 0xA4CE, 0xA4CD,
    0xACEE, 0xA4CE, 0xA4CD, 0xA4AD, 0xA4AD, 0xA4AD, 0x946C, 0x8C0B, 0xA48C, 0xB52F, 0xBD70, 0xBD70,
    0xB570, 0xBD91, 0xBD70, 0xC5B1, 0xC5B1, 0xBD91, 0xC5B1, 0xBDB1, 0xC5B1, 0xC5B1, 0xC5B1, 0xBDB1,
    0xACEE, 0xB570, 0xBD91, 0xC5D2, 0xC5F2, 0xCDF2, 0xC5D2, 0xC5B1, 0xC5D2, 0xC5D2, 0xC5F2, 0xC5D2,
    0xC5D2, 0xC5B1, 0xBD90, 0xBD70, 0xB54F, 0xC5D2, 0xC5D2, 0xC5D2, 0xBD91, 0xBD91, 0xBDB1, 0xC5D2,
    0xC5D2, 0xC5F2, 0xC5D2, 0xC5F2, 0xC5D2, 0xBDB1, 0xC5D2, 0xB570, 0xC5B1, 0xC5B1, 0xC5B1, 0xBD91,
    0xC5D1, 0xBD91, 0xC5B1, 0xC5B1, 0xBDB1, 0xC5B1, 0xBD91, 0xBDB1, 0xBDB1, 0xB550, 0xAD0F, 0x9C6C,
    0xACEE, 0xBD70, 0xB550, 0xBD70, 0xBD90, 0xC5D1, 0xC5B1, 0xC5F2, 0xC5B1, 0xC5D2, 0xC5D2, 0xBDB1,
    0xCDF2, 0xC5D2, 0xCDF2, 0xC5B1, 0xAD0F, 0xC5D2, 0xC5D2, 0xCDF2, 0xCE33, 0xCE13, 0xCE13, 0xCDF3,
    0xCE13, 0xCE13, 0xC5F2, 0xC5D2, 0xCE13, 0xC5D2, 0xC5D2, 0xC5B1, 0xBD70, 0xC5F2, 0xCE13, 0xC5D2,
    0xC5B1, 0xCDF3, 0xCE13, 0xCE13, 0xCE33, 0xCE13, 0xCE13, 0xCE13, 0xCDF2, 0xBDB1, 0xC5B1, 0xBD70,
    0xC5D2, 0xCDF2, 0xC5F2, 0xCDF3, 0xCDF2, 0xC5B2, 0xC5D2, 0xC5D2, 0xC5D2, 0xC5D2, 0xC5D2, 0xBD91,
    0xC5B1, 0xBD70, 0xBD70, 0xA4CD, 0xACEE, 0xBD70, 0xB54F, 0xB550, 0xBD91, 0xBD91, 0xC5B1, 0xC5F2,
    0xBD91, 0xC5D2, 0xC5D2, 0xC5D2, 0xCE13, 0xC5F2, 0xC5D2, 0xBD91, 0xA4EE, 0xC5D1, 0xCDF2, 0xCE13,
    0xCE13, 0xC5F2, 0xCE13, 0xCE13, 0xCDF3, 0xCE13, 0xCE33, 0xCE13, 0xCE13, 0xCE13, 0xC5B2, 0xBDB1,
    0xB550, 0xC5F2, 0xCE13, 0xCDF3, 0xCDF3, 0xCE33, 0xCE33, 0xCE13, 0xCE13, 0xCE13, 0xCDF2, 0xCE13,
    0xC5F2, 0xCE13, 0xC5F2, 0xB54F, 0xBD91, 0xCDF2, 0xCE13, 0xCE13, 0xCE13, 0xC5F2, 0xC5D2, 0xC5B1,
    0xC5D2, 0xC5D2, 0xC5D2, 0xC5D1, 0xC5B1, 0xBD70, 0xB52F, 0xA4AD, 0xACEE, 0xBD90, 0xBD70, 0xBD90,
    0xBD90, 0xC5B1, 0xC5D2, 0xC5F2, 0xC5D2, 0xC5D2, 0xCE13, 0xCDF2, 0xCDF2, 0xCE13, 0xCDF3, 0xC5B1,
    0xACEE, 0xC5D1, 0xCDF2, 0xCE13, 0xC5D2, 0xCE13, 0xCE13, 0xCE13, 0xCE13, 0xCE33, 0xCE34, 0xCE13,
    0xCE13, 0xCDF3, 0xC5F2, 0xC5B1, 0xB54F, 0xC5F2, 0xCE13, 0xCE13, 0xC5F2, 0xCE13, 0xCE13, 0xCE13,
    0xCE13, 0xCE13, 0xCE13, 0xCE13, 0xCE13, 0xCDF3, 0xC5F2, 0xB570, 0xBD91, 0xCDF2, 0xCDF2, 0xC5F2,
    0xC5F2, 0xCDF2, 0xC5D2, 0xC5F2, 0xCE13, 0xC5F2, 0xC5F2, 0xC5D2, 0xC5B1, 0xBD70, 0xB54F, 0xA4AD,
    0xACEE, 0xBD90, 0xBD70, 0xC5B1, 0xC5B1, 0xC5D2, 0xC5B1, 0xCDF2, 0xCE13, 0xCDF2, 0xC5F2, 0xC5D2,
    0xCDF2, 0xC5F2, 0xC5D2, 0xC5B1, 0xA4CD, 0xC5B1, 0xCDF2, 0xCE13, 0xCE13, 0xCE13, 0xCE13, 0xCE33,
    0xD634, 0xCE34, 0xCE33, 0xCE33, 0xCE13, 0xC5D2, 0xC5D2, 0xC5D1, 0xB550, 0xCDF2, 0xCE13, 0xCE13,
    0xCDF2, 0xC5D2, 0xCE13, 0xCE13, 0xC5F2, 0xCE13, 0xC5D2, 0xCE13, 0xCE13, 0xCDF2, 0xC5F2, 0xB550,
    0xBD90, 0xC5D2, 0xC5D2, 0xC5F2, 0xC5D2, 0xC5D2, 0xC5D2, 0xC5F2, 0xCE13, 0xC5F2, 0xC5D2, 0xC5B1,
    0xBDB1, 0xBD91, 0xB54F, 0x9C8C, 0xACCE, 0xC5B1, 0xC5B1, 0xC5B1, 0xC5B1, 0xC5D2, 0xBD91, 0xC5F2,
    0xCDF2, 0xCE13, 0xCDF2, 0xC5D2, 0xC5B1, 0xCDF2, 0xC5D2, 0xBDB1, 0xACEE, 0xBD91, 0xC5D2, 0xC5D2,
    0xCDF3, 0xC5F2, 0xCE13, 0xCE13, 0xCE13, 0xCE13, 0xCE13, 0xCE13, 0xCE13, 0xCE13, 0xCE13, 0xC5F2,
    0xBD70, 0xCDF2, 0xCE13, 0xCE13, 0xCE13, 0xCDF3, 0xCE13, 0xCDF3, 0xC5D2, 0xCDF3, 0xCDF3, 0xCE13,
    0xCE13, 0xCDF2, 0xC5F2, 0xB550, 0xBD90, 0xC5B1, 0xC5D1, 0xCDF2, 0xCDF2, 0xC5F2, 0xC5F2, 0xC5D2,
    0xC5F2, 0xC5D2, 0xC5B1, 0xBD90, 0xBD70, 0xBD70, 0xB52F, 0x9C8C, 0xACEE, 0xC5B1, 0xC5D1, 0xC5D1,
    0xC5D1, 0xC5D1, 0xBD70, 0xC5D2, 0xCDF2, 0xCDF2, 0xC5D2, 0xCDF2, 0xC5F2, 0xCDF2, 0xCDF2, 0xBDB1,
    0xA4CD, 0xC5B1, 0xCDF3, 0xCE13, 0xCDF3, 0xC5D2, 0xCE13, 0xCE13, 0xCE13, 0xCE13, 0xC5D2, 0xC5D2,
    0xCE13, 0xCE13, 0xCDF3, 0xC5D2, 0xB52F, 0xC5B1, 0xC5F2, 0xCDF2, 0xCE13, 0xC5B2, 0xCE13, 0xCE13,
    0xC5D2, 0xC5F2, 0xC5D2, 0xC5D2, 0xC5F2, 0xC5F2, 0xBD91, 0xB550, 0xBD91, 0xC5D2, 0xC5D2, 0xC5D2,
    0xC5D2, 0xC5D2, 0xC5F2, 0xC5F2, 0xC5B1, 0xBD70, 0xC5D2, 0xBD91, 0xBD70, 0xBD6F, 0xBD70, 0xA4AD,
    0xACCD, 0xBD91, 0xC5B1, 0xC5D2, 0xC5D2, 0xC5D2, 0xC5B1, 0xC5D1, 0xC5F2, 0xC5D2, 0xC5D2, 0xCDF2,
    0xCE13, 0xC5D2, 0xC5D2, 0xBDB1, 0xAD0E, 0xC5D2, 0xCE13, 0xCE13, 0xCE33, 0xCE13, 0xCE13, 0xC5F2,
    0xC5D2, 0xCE33, 0xCE13, 0xCE13, 0xCE13, 0xC5D2, 0xC5D2, 0xC5D1, 0xBD70, 0xC5D2, 0xC5D2, 0xC5D2,
    0xCDF2, 0xC5F2, 0xCE13, 0xCE13, 0xCE13, 0xCE13, 0xCE13, 0xC5F2, 0xCE13, 0xCDF3, 0xC5F2, 0xB550,
    0xBD70, 0xCDF2, 0xCDF2, 0xC5F2, 0xC5D2, 0xC5D2, 0xC5D2, 0xC5F2, 0xC5D1, 0xC5B1, 0xC5D2, 0xC5D1,
    0xC5B1, 0xBD70, 0xB54F, 0xA4AD, 0xACEE, 0xC5B1, 0xC5B1, 0xBDB1, 0xC5D2, 0xC5D2, 0xC5D2, 0xBD90,
    0xC5D1, 0xC5F2, 0xC5F2, 0xC5F2, 0xCE13, 0xCDF2, 0xC5F2, 0xC5B1, 0xAD0E, 0xC5D1, 0xC5D2, 0xCE13,
    0xCE13, 0xCE13, 0xCE13, 0xC5D2, 0xC5F2, 0xCE13, 0xCE33, 0xCE13, 0xC5F2, 0xC5D2, 0xC5F2, 0xC5D1,
    0xB52F, 0xBDB1, 0xC5B2, 0xCDF2, 0xC5D2, 0xCDF3, 0xC5D2, 0xCE33, 0xCE33, 0xCDF3, 0xCE13, 0xCDF3,
    0xCE13, 0xCE13, 0xCDF3, 0xB550, 0xBD91, 0xC5F2, 0xC5D2, 0xC5B1, 0xC5B1, 0xC5D2, 0xC5D2, 0xC5F2,
    0xC5D2, 0xC5B1, 0xC5B1, 0xC5D1, 0xBD90, 0xBD70, 0xB54F, 0xA4AD, 0xA4CD, 0xBD70, 0xBD70, 0xC5B1,
    0xC5D2, 0xC5D2, 0xC5F2, 0xC5F2, 0xCDF2, 0xCE13, 0xCDF3, 0xC5F2, 0xC5D2, 0xCE13, 0xCE13, 0xC5B1,
    0xAD2F, 0xC5F2, 0xCDF3, 0xC5F2, 0xBD91, 0xCDF3, 0xC5D2, 0xC5F3, 0xCDF3, 0xCE13, 0xCE13, 0xCE13,
    0xCDF3, 0xC5F2, 0xCE13, 0xC5B1, 0xB54F, 0xC5B1, 0xCE13, 0xC5F2, 0xC5F2, 0xCE13, 0xCE13, 0xCE33,
    0xCE13, 0xC5F2, 0xCE13, 0xCE13, 0xCE13, 0xCE13, 0xCE13, 0xBD70, 0xC5B1, 0xC5D2, 0xBDB1, 0xC5F2,
    0xC5F2, 0xC5F2, 0xC5D2, 0xCDF2, 0xC5D2, 0xB550, 0xBD90, 0xC5B1, 0xC5B1, 0xBD91, 0xBD70, 0xA4AD,
    0xA4CE, 0xBD90, 0xC5D1, 0xC5D1, 0xC5D2, 0xC5D2, 0xC5F2, 0xCE13, 0xCE13, 0xCE13, 0xCE13, 0xCDF3,
    0xCDF3, 0xCE13, 0xCDF3, 0xC5B1, 0xAD0F, 0xC5D2, 0xCE33, 0xCE13, 0xBDB1, 0xCDF3, 0xCDF3, 0xCDF3,
    0xCDF3, 0xCE13, 0xCE13, 0xC5D2, 0xCE13, 0xCE13, 0xC5F2, 0xBDB1, 0xB54F, 0xC5D1, 0xC5D2, 0xC5B1,
    0xCDF2, 0xCE12, 0xCE33, 0xCE13, 0xC5D2, 0xCE13, 0xCE13, 0xCDF3, 0xCDF3, 0xCE13, 0xCDF2, 0xBD70,
    0xC5D2, 0xC5D2, 0xC5F2, 0xC5D2, 0xCDF2, 0xCDF2, 0xC5F2, 0xC5D2, 0xC5B1, 0xBD91, 0xB550, 0xC5B1,
    0xC5D1, 0xC5B1, 0xBD70, 0xA4CD, 0xA4AD, 0xB52F, 0xC5B1, 0xC5D2, 0xCDF2, 0xBDB1, 0xC5D2, 0xCDF3,
    0xCDF3, 0xCE13, 0xCE13, 0xCE13, 0xC5D2, 0xCDF2, 0xCE13, 0xC5D2, 0xAD0E, 0xC5F2, 0xCE13, 0xCE13,
    0xC5F2, 0xCE13, 0xCE13, 0xC5D2, 0xCDF3, 0xCE13, 0xCE13, 0xC5F3, 0xC5F2, 0xCE13, 0xCE13, 0xC5D2,
    0xB550, 0xC5D2, 0xCE13, 0xCE13, 0xCDF2, 0xC5D2, 0xCE13, 0xC5D2, 0xCE13, 0xCE13, 0xCDF3, 0xC5F2,
    0xC5D2, 0xCE13, 0xCDF2, 0xB570, 0xC5B1, 0xC5F2, 0xCDF2, 0xCE13, 0xCDF3, 0xC5D2, 0xCDF2, 0xC5D2,
    0xC5B1, 0xC5F2, 0xC5D2, 0xC5B1, 0xBD91, 0xC5B1, 0xBD90, 0xACEE, 0xA4CD, 0xBD91, 0xC5B1, 0xC5D2,
    0xCDF2, 0xC5D2, 0xC5D2, 0xC5F2, 0xC5D2, 0xCE13, 0xCE13, 0xCE13, 0xC5F2, 0xCDF2, 0xCE13, 0xC5B1,
    0xAD0E, 0xC5D2, 0xC5F2, 0xCE13, 0xCE13, 0xCE13, 0xCDF3, 0xC5F2, 0xC5F2, 0xC5D2, 0xCE13, 0xCE13,
    0xC5F2, 0xCE13, 0xCDF3, 0xC5D2, 0xBD70, 0xCE13, 0xC5F2, 0xCE13, 0xCE13, 0xCDF3, 0xC5D2, 0xCE13,
    0xCE33, 0xCE13, 0xCDF3, 0xCDF3, 0xCDF3, 0xC5F2, 0xCDF2, 0xB550, 0xC5B1, 0xCDF2, 0xCE13, 0xCDF3,
    0xC5D2, 0xC5F2, 0xC5F2, 0xC5B1, 0xC5B1, 0xC5F2, 0xC5D2, 0xC5B1, 0xC5B1, 0xC5B1, 0xB550, 0xA4AD,
    0xA4CD, 0xBD91, 0xBD70, 0xC5D1, 0xC5D2, 0xC5B1, 0xC5B2, 0xC5B1, 0xCDF2, 0xCE13, 0xCE13, 0xC5F2,
    0xC5D2, 0xBD91, 0xC5D2, 0xC5B1, 0xAD0F, 0xC5D1, 0xC5B2, 0xC5F2, 0xCDF3, 0xCE13, 0xBDB1, 0xCDF2,
    0xC5D2, 0xBDB1, 0xC5D2, 0xCE13, 0xC5F2, 0xC5B2, 0xCE13, 0xC5D2, 0xB570, 0xC5F2, 0xC5F2, 0xCDF3,
    0xCE13, 0xCDF3, 0xC5D2, 0xCE13, 0xCE33, 0xCE13, 0xC5D2, 0xC5B2, 0xCDF3, 0xCE13, 0xCDF3, 0xBD70,
    0xC5B1, 0xC5D2, 0xC5F2, 0xC5D2, 0xC5D2, 0xCDF2, 0xC5D2, 0xBDB1, 0xC5F2, 0xCDF2, 0xC5B1, 0xBDB1,
    0xBD90, 0xBD90, 0xB52F, 0xA4AD, 0xA4CE, 0xB550, 0xBD70, 0xBD70, 0xBD90, 0xBD70, 0xBD91, 0xBDB1,
    0xBD91, 0xBDB1, 0xC5B1, 0xBD91, 0xBDB1, 0xBDB1, 0xC5B1, 0xBD70, 0xAD0F, 0xBD91, 0xC5D2, 0xBDB1,
    0xBDB1, 0xC5B2, 0xC5D2, 0xC5B1, 0xC5B1, 0xC5D1, 0xC5B1, 0xC5D2, 0xC5D2, 0xC5D2, 0xC5D2, 0xBDB1,
    0xB550, 0xBDB1, 0xC5D2, 0xC5D2, 0xC5D2, 0xC5D2, 0xC5B1, 0xC5D2, 0xC5F2, 0xC5D2, 0xC5D2, 0xC5D2,
    0xC5D2, 0xBDB1, 0xC5B1, 0xBD70, 0xBD90, 0xC5B1, 0xC5B1, 0xBDB1, 0xC5B1, 0xC5D1, 0xBD91, 0xBD70,
    0xC5B1, 0xBD91, 0xBD90, 0xBD90, 0xB570, 0xB570, 0xB52F, 0xA4CD, 0x944C, 0xA4CE, 0xA4EE, 0x9C8D,
    0xA4CD, 0xACEE, 0xAD0F, 0xAD0F, 0xACEE, 0xAD0F, 0xB52F, 0xAD0F, 0xACEE, 0xAD0E, 0xAD0F, 0xAD0F,
    0x946C, 0xA4CE, 0xAD0F, 0xAD2F, 0xB52F, 0xB52F, 0xB530, 0xAD2F, 0xB52F, 0xAD2F, 0xAD0F, 0xAD2F,
    0xAD2F, 0xAD2F, 0xB530, 0xB530, 0xA4AE, 0xACEE, 0xAD0F, 0xAD0F, 0xB54F, 0xBD91, 0xBD70, 0xB52F,
    0xAD0F, 0xAD2F, 0xAD0F, 0xAD2F, 0xB550, 0xB550, 0xB52F, 0xA4EE, 0xAD2F, 0xACEE, 0xAD0F, 0xACEE,
    0xA4CE, 0xACEE, 0xA4EE, 0xA4EE, 0xACEE, 0xA4CD, 0xA4CE, 0xA4CE, 0xA4EE, 0xA4CD, 0x9C8D, 0x8BEA,
    0xA4AD, 0xB550, 0xBD90, 0xBD70, 0xBD90, 0xBD90, 0xBDB1, 0xC5D2, 0xC5D2, 0xC5D2, 0xC5D2, 0xC5D2,
    0xC5B1, 0xC5D2, 0xBDB1, 0xBD91, 0xA4CE, 0xBD70, 0xC5B1, 0xC5D2, 0xC5F2, 0xC5D2, 0xC5F2, 0xC5F2,
    0xC5F2, 0xC5D2, 0xC5D2, 0xC5F2, 0xCDF3, 0xC5F2, 0xC5F2, 0xC5D2, 0xB550, 0xC5B1, 0xBD91, 0xC5D2,
    0xC5D1, 0xC5D2, 0xC5F2, 0xC5D2, 0xC5D2, 0xC5D2, 0xC5D2, 0xC5F2, 0xC5F2, 0xC5F2, 0xBDB1, 0xB550,
    0xC5B1, 0xBDB1, 0xC5B1, 0xC5B1, 0xBD91, 0xC5D2, 0xC5B1, 0xBDB1, 0xC5B1, 0xC5B1, 0xBD90, 0xBD91,
    0xBD90, 0xB570, 0xB52F, 0x9C6C, 0xA4CD, 0xB570, 0xBD70, 0xB54F, 0xB54F, 0xBD70, 0xC5B1, 0xCDF2,
    0xC5F2, 0xC5D2, 0xC5F2, 0xCDF2, 0xCDF2, 0xCDF3, 0xCE13, 0xC5B2, 0xA4EE, 0xC5B2, 0xCDF3, 0xCE13,
    0xCE13, 0xCE13, 0xC5D2, 0xCDF3, 0xCE13, 0xC5F2, 0xBDB1, 0xBDB1, 0xCDF3, 0xC5F2, 0xCDF2, 0xC5D2,
    0xB570, 0xC5B1, 0xC5D2, 0xC5D2, 0xBDB1, 0xC5B1, 0xC5F2, 0xC5D2, 0xBDB1, 0xC5F2, 0xC5F2, 0xC5F2,
    0xC5D2, 0xCE13, 0xC5B1, 0xB550, 0xBDB1, 0xBD91, 0xC5D2, 0xC5F2, 0xC5D2, 0xCDF2, 0xC5D2, 0xC5D2,
    0xC5F2, 0xC5D1, 0xBDB1, 0xC5B1, 0xBDB1, 0xBDB1, 0xBD70, 0x9C8C, 0xA4AD, 0xB52F, 0xBD91, 0xB54F,
    0xBD70, 0xBDB1, 0xC5D2, 0xC5F2, 0xC5F2, 0xC5D2, 0xCDF2, 0xCDF2, 0xCDF2, 0xCDF2, 0xCDF3, 0xC5B2,
    0xACEE, 0xC5B1, 0xCE13, 0xCE13, 0xCE13, 0xCE13, 0xCDF3, 0xCE13, 0xCDF3, 0xC5D2, 0xC5F2, 0xCE13,
    0xCE13, 0xC5F3, 0xCDF2, 0xC5D2, 0xB570, 0xC5D2, 0xC5D2, 0xC5F2, 0xBD70, 0xC5D2, 0xCDF3, 0xC5D2,
    0xCDF3, 0xC5F2, 0xC5D2, 0xCE13, 0xCDF2, 0xCE12, 0xC5F2, 0xB52F, 0xBD70, 0xBD91, 0xC5D1, 0xC5D2,
    0xC5D2, 0xC5F2, 0xC5D2, 0xC5D2, 0xC5F2, 0xC5B1, 0xC5B1, 0xBD70, 0xB550, 0xBD90, 0xBD70, 0x9C8C,
    0xA4CD, 0xB54F, 0xC5B1, 0xBD70, 0xB54F, 0xC5B1, 0xC5D2, 0xCDF2, 0xC5F2, 0xC5F2, 0xCDF2, 0xC5F2,
    0xC5D2, 0xC5D2, 0xCE13, 0xBDB1, 0xAD0E, 0xC5D2, 0xCE13, 0xCE13, 0xCE13, 0xCE13, 0xCE13, 0xCE13,
    0xCE13, 0xCE13, 0xCE13, 0xCE13, 0xCDF3, 0xCDF3, 0xCDF2, 0xC5D2, 0xB550, 0xC5B1, 0xCDF2, 0xC5F2,
    0xBD91, 0xC5F2, 0xC5D2, 0xC5D2, 0xCDF2, 0xC5B1, 0xBD91, 0xC5F2, 0xCDF2, 0xCDF2, 0xCDF2, 0xB570,
    0xBD91, 0xC5D1, 0xC5F2, 0xCDF2, 0xCDF2, 0xC5F2, 0xC5D2, 0xC5D2, 0xC5D2, 0xC5B1, 0xC5D2, 0xC5B1,
    0xBD91, 0xBD90, 0xB54F, 0x9C8C, 0xA4AD, 0xB52F, 0xBD90, 0xC5B1, 0xBD90, 0xC5B1, 0xC5D2, 0xC5D2,
    0xC5B1, 0xCDF2, 0xC5D2, 0xC5D2, 0xC5F2, 0xCE13, 0xCE13, 0xBDB1, 0xAD2F, 0xC5D2, 0xCDF2, 0xCE13,
    0xCE13, 0xCE13, 0xC5D2, 0xCE13, 0xCE13, 0xCE13, 0xCE13, 0xCE13, 0xC5F2, 0xC5B2, 0xC5F2, 0xC5D2,
    0xB570, 0xC5D1, 0xC5D2, 0xC5D1, 0xC5D2, 0xCE13, 0xCDF3, 0xCDF2, 0xC5F2, 0xC5D2, 0xC5D2, 0xC5B1,
    0xC5D2, 0xC5F2, 0xCDF2, 0xBD91, 0xBD91, 0xC5D1, 0xCDF2, 0xC5D2, 0xC5F2, 0xC5D2, 0xC5B1, 0xC5D2,
    0xC5D2, 0xC5D2, 0xC5D2, 0xC5D1, 0xC5B1, 0xBD90, 0xB52F, 0x9C8C, 0xACEE, 0xBD90, 0xBD90, 0xBD90,
    0xC5B1, 0xC5D2, 0xC5F2, 0xCDF2, 0xC5D2, 0xCDF2, 0xC5D2, 0xC5F2, 0xC5F2, 0xCE13, 0xC5F2, 0xC5B1,
    0xAD2F, 0xC5B1, 0xCDF2, 0xCE13, 0xCE13, 0xCDF3, 0xBDB1, 0xC5F2, 0xCDF3, 0xCE13, 0xCDF2, 0xCDF3,
    0xCDF2, 0xC5D2, 0xC5B1, 0xC5D2, 0xB54F, 0xC5B1, 0xBD90, 0xC5B1, 0xC5D2, 0xCDF2, 0xC5F2, 0xCDF2,
    0xBDB1, 0xC5F2, 0xC5F2, 0xC5D2, 0xC5D2, 0xC5F2, 0xC5D2, 0xBD70, 0xBD70, 0xC5B1, 0xC5B1, 0xC5F2,
    0xCDF2, 0xC5F2, 0xC5D2, 0xC5D2, 0xBD91, 0xC5B1, 0xC5D1, 0xC5D1, 0xBD91, 0xBD90, 0xB54F, 0xA4CD,
    0xA4CD, 0xBD70, 0xC5B1, 0xC5B1, 0xC5D2, 0xC5D2, 0xC5D2, 0xC5D2, 0xC5B1, 0xCDF2, 0xCDF2, 0xC5B2,
    0xC5D2, 0xCE13, 0xCDF2, 0xC5B1, 0xAD0F, 0xC5D2, 0xC5F2, 0xCDF3, 0xCDF3, 0xC5F2, 0xCDF3, 0xC5F2,
    0xC5B1, 0xC5D2, 0xC5B1, 0xCDF3, 0xCE13, 0xCDF2, 0xCDF2, 0xC5D2, 0xB550, 0xC5D2, 0xC5D1, 0xC5D1,
    0xC5D1, 0xCDF2, 0xCDF2, 0xC5F2, 0xC5F2, 0xCE13, 0xC5F2, 0xC5D2, 0xC5D2, 0xCDF2, 0xC5F2, 0xBD70,
    0xBD90, 0xC5D2, 0xC5D2, 0xC5D2, 0xC5B2, 0xC5D2, 0xC5D2, 0xC5D2, 0xC5B1, 0xBD91, 0xC5B1, 0xC5D1,
    0xC5B1, 0xBDB1, 0xB52F, 0x9C8C, 0x9C8C, 0xB54F, 0xC5B1, 0xC5D1, 0xC5D2, 0xC5F2, 0xC5F2, 0xCDF2,
    0xC5F2, 0xCE13, 0xC5D2, 0xBD70, 0xC5D2, 0xCE13, 0xC5F2, 0xC5B1, 0xAD0F, 0xBDB1, 0xC5D2, 0xCDF3,
    0xCE13, 0xC5F2, 0xC5F2, 0xC5B1, 0xC5F2, 0xCDF2, 0xC5D2, 0xCE13, 0xCE33, 0xCE13, 0xC5F2, 0xC5D2,
    0xB550, 0xBD70, 0xC5B1, 0xC5D1, 0xC5F2, 0xC5D1, 0xCDF2, 0xC5D2, 0xCE13, 0xCE13, 0xCE13, 0xCE13,
    0xCDF2, 0xC5F2, 0xC5D1, 0xBD70, 0xBDB1, 0xC5B1, 0xC5D2, 0xCDF2, 0xCDF2, 0xCE13, 0xC5F2, 0xC5D2,
    0xC5D2, 0xC5B1, 0xC5B1, 0xBD90, 0xC5B1, 0xBD90, 0xA4CE, 0xA4AD, 0x9C8D, 0xBD70, 0xBD90, 0xBD91,
    0xC5B1, 0xC5D1, 0xC5B1, 0xC5F2, 0xCDF2, 0xCDF2, 0xC5D2, 0xBD70, 0xC5B1, 0xC5B1, 0xC5F2, 0xC5B1,
    0xAD0F, 0xC5D1, 0xCDF2, 0xCDF3, 0xCE13, 0xCE13, 0xC5F2, 0xC5D2, 0xC5D2, 0xC5F2, 0xCE13, 0xCE13,
    0xCE33, 0xCE13, 0xCDF2, 0xC5B1, 0xB52F, 0xB550, 0xC5D2, 0xCDF2, 0xCDF2, 0xC5B1, 0xCDF2, 0xCDF2,
    0xC5F2, 0xC5F2, 0xC5F2, 0xC5F2, 0xC5F2, 0xBD91, 0xBDB1, 0xBD70, 0xC5B1, 0xC5D2, 0xCDF2, 0xCDF2,
    0xCDF2, 0xCDF2, 0xC5D2, 0xC5B1, 0xBDB1, 0xBDB1, 0xBD90, 0xBDB1, 0xBD90, 0xBD90, 0xB54F, 0x9C8C,
    0x9C8D, 0xBD70, 0xBD90, 0xBD91, 0xC5B1, 0xC5B1, 0xBD91, 0xC5D2, 0xC5F2, 0xC5D2, 0xC5D2, 0xC5D2,
    0xC5B1, 0xBD91, 0xC5F2, 0xC5B1, 0xACEE, 0xC5B1, 0xC5D2, 0xCDF2, 0xCE13, 0xCDF3, 0xC5D2, 0xBDB1,
    0xC5F2, 0xCDF3, 0xC5F2, 0xC5F2, 0xC5F2, 0xC5F2, 0xC5D2, 0xC5B1, 0xB52F, 0xC5B1, 0xC5D2, 0xC5D2,
    0xC5D2, 0xC5D1, 0xC5B1, 0xC5D2, 0xC5F2, 0xC5B1, 0xC5D2, 0xC5F2, 0xC5D2, 0xBD71, 0xBDB1, 0xB550,
    0xC5B1, 0xC5D2, 0xC5D2, 0xC5D2, 0xC5D1, 0xC5D1, 0xC5D2, 0xC5B1, 0xBD91, 0xBDB1, 0xBD91, 0xBD91,
    0xBD91, 0xBD90, 0xB550, 0xA4CD, 0xACEE, 0xBD91, 0xC5B1, 0xBD91, 0xC5B1, 0xC5D1, 0xC5D2, 0xC5B1,
    0xC5D2, 0xC5B1, 0xC5B1, 0xBD91, 0xC5B2, 0xBDB1, 0xBDB1, 0xBD90, 0xACEE, 0xC5B1, 0xBDB1, 0xC5D2,
    0xCDF2, 0xCE12, 0xC5D2, 0xCDF3, 0xC5F2, 0xCE13, 0xC5D2, 0xC5F2, 0xC5D2, 0xC5D2, 0xC5F2, 0xC5D1,
    0xB52F, 0xBD91, 0xC5B1, 0xC5D2, 0xC5F2, 0xC5D2, 0xC5D1, 0xC5D2, 0xCDF2, 0xC5D2, 0xC5D2, 0xC5F2,
    0xC5F2, 0xC5D2, 0xC5D2, 0xBD70, 0xBDB1, 0xC5D2, 0xC5B1, 0xBD70, 0xC5D1, 0xBDB1, 0xBD70, 0xC5B1,
    0xC5D1, 0xC5B1, 0xC5B1, 0xC5B1, 0xC5B1, 0xBD91, 0xB52F, 0xA4CD, 0xAD0E, 0xBD91, 0xBD70, 0xBD91,
    0xC5B1, 0xC5D1, 0xC5B1, 0xC5D2, 0xC5B1, 0xC5B1, 0xC5D2, 0xC5F2, 0xCDF2, 0xC5F2, 0xC5D2, 0xBDB1,
    0xACEE, 0xC5B1, 0xBDB1, 0xC5D2, 0xC5F2, 0xC5D2, 0xC5B1, 0xC5F2, 0xC5D2, 0xCDF2, 0xC5D2, 0xC5D2,
    0xC5F2, 0xC5B1, 0xC5D2, 0xC5B1, 0xB54F, 0xBD70, 0xC5D2, 0xC5F2, 0xC5F2, 0xC5D1, 0xCDF2, 0xCDF2,
    0xC5F2, 0xC5F2, 0xC5D2, 0xC5B1, 0xC5D2, 0xC5B1, 0xBD91, 0xB550, 0xBD91, 0xC5D2, 0xC5B1, 0xBD70,
    0xC5D1, 0xBD90, 0xBD70, 0xC5B1, 0xC5D1, 0xC5D1, 0xBD91, 0xBDB1, 0xC5B1, 0xB550, 0xACEE, 0x9C8D,
    0xACEE, 0xBD90, 0xBD91, 0xBD90, 0xC5B1, 0xBD91, 0xBD70, 0xC5B1, 0xC5B1, 0xC5B1, 0xC5D2, 0xC5D1,
    0xC5F2, 0xCDF2, 0xCDF2, 0xBD91, 0xA4EE, 0xC5B1, 0xC5F2, 0xC5D2, 0xC5D2, 0xC5B2, 0xC5F2, 0xCDF2,
    0xC5D2, 0xC5F2, 0xC5F2, 0xCE13, 0xC5F2, 0xC5D2, 0xCDF2, 0xC5B1, 0xB550, 0xC5D2, 0xC5D2, 0xC5B1,
    0xC5F2, 0xC5D1, 0xC5F2, 0xCDF2, 0xC5F2, 0xC5F2, 0xC5F2, 0xC5D2, 0xC5D2, 0xC5B1, 0xC5D2, 0xBD70,
    0xBD91, 0xC5D2, 0xC5F2, 0xC5D2, 0xBDB1, 0xBD70, 0xBD70, 0xC5B1, 0xC5D2, 0xC5D2, 0xBDB1, 0xBDB1,
    0xBD90, 0xBD90, 0xACEE, 0x9C6C, 0xA4CE, 0xB550, 0xBD91, 0xBD70, 0xBD91, 0xBD70, 0xBDB1, 0xC5B1,
    0xBD90, 0xBD91, 0xC5B1, 0xC5D2, 0xC5F2, 0xC5F2, 0xC5F2, 0xBDB1, 0xA4CE, 0xBD70, 0xC5D2, 0xC5B1,
    0xC5D2, 0xC5F2, 0xC5F2, 0xBD91, 0xBDB1, 0xCDF2, 0xCDF2, 0xCDF2, 0xC5D2, 0xBDB1, 0xC5F2, 0xBDB1,
    0xB550, 0xC5D1, 0xBDB1, 0xC5D1, 0xBDB1, 0xC5F2, 0xC5F2, 0xCDF2, 0xC5D2, 0xC5D2, 0xCDF2, 0xC5B2,
    0xC5F2, 0xC5F2, 0xC5F2, 0xB570, 0xBD90, 0xC5D2, 0xC5B1, 0xC5D2, 0xBD91, 0xBD90, 0xBD70, 0xC5B1,
    0xBDB1, 0xC5B1, 0xB570, 0xBD90, 0xBD70, 0xBD70, 0xACEE, 0x9C8D, 0xA4CD, 0xB52F, 0xB550, 0xAD2F,
    0xB54F, 0xB550, 0xBD70, 0xBD90, 0xBD90, 0xC5B1, 0xBDB1, 0xBD70, 0xBD91, 0xC5B1, 0xC5B1, 0xBD91,
    0xAD0E, 0xBD70, 0xC5D2, 0xC5B1, 0xC5B1, 0xC5B1, 0xC5B1, 0xBDB1, 0xC5B1, 0xC5D2, 0xC5D2, 0xC5B1,
    0xC5B1, 0xBD91, 0xC5B1, 0xBD91, 0xAD0F, 0xBD90, 0xBD91, 0xBDB1, 0xC5B1, 0xC5B1, 0xBD91, 0xC5B1,
    0xC5B1, 0xC5D2, 0xC5B1, 0xBD91, 0xBDB1, 0xC5B1, 0xBDB1, 0xB550, 0xB550, 0xBD90, 0xBD91, 0xBDB1,
    0xC5B1, 0xBD90, 0xBD70, 0xB570, 0xB550, 0xBD90, 0xBD90, 0xB570, 0xB570, 0xB52F, 0xAD0E, 0xA4AD,
    0x942B, 0xA4AD, 0xA4CD, 0x9CAD, 0xA4CE, 0xA4EE, 0xAD0F, 0xAD0E, 0xAD0E, 0xAD0E, 0xAD0E, 0xACEE,
    0xA4EE, 0xAD0F, 0xAD0F, 0xAD0F, 0x9C6C, 0xA4EE, 0xAD0E, 0xACEE, 0xAD2F, 0xAD2F, 0xAD0F, 0xB52F,
    0xAD2F, 0xAD0F, 0xAD2F, 0xAD0F, 0xAD0F, 0xACEE, 0xAD0F, 0xB52F, 0xA4AD, 0xACEE, 0xAD0E, 0xACEE,
    0xAD0F, 0xB52F, 0xB52F, 0xB52F, 0xB52F, 0xB52F, 0xAD2F, 0xAD0F, 0xAD0F, 0xAD2F, 0xAD0E, 0xA4CE,
    0xACEE, 0xAD0F, 0xAD0F, 0xAD0F, 0xACEE, 0xAD0E, 0xACEE, 0xA4CE, 0xACEE, 0xACEE, 0xA4CE, 0xA4EE,
    0xA4CE, 0xA4AD, 0x9C8C, 0x8BEA, 0x9C8C, 0xB54F, 0xB550, 0xB54F, 0xB550, 0xB570, 0xBD90, 0xBD90,
    0xBD91, 0xBD90, 0xBD91, 0xC5B1, 0xBD91, 0xBDB1, 0xBD70, 0xB550, 0x9CAD, 0xB550, 0xBD91, 0xBDB1,
    0xC5B2, 0xC5B1, 0xC5D1, 0xC5B1, 0xBDB1, 0xBDB1, 0xBDB1, 0xBD70, 0xC5D2, 0xBDB1, 0xC5B1, 0xBD90,
    0xAD0E, 0xBD91, 0xBD70, 0xB550, 0xBD91, 0xBD91, 0xC5D2, 0xC5D2, 0xC5D2, 0xC5B1, 0xBDB1, 0xBDB1,
    0xBDB1, 0xBD91, 0xC5B1, 0xB550, 0xBD70, 0xBD91, 0xC5B1, 0xBD71, 0xBD70, 0xBD91, 0xBDB1, 0xBDB1,
    0xBD91, 0xBD91, 0xBD70, 0xB54F, 0xB54F, 0xB54F, 0xA4CE, 0x944C, 0x9C8C, 0xB54F, 0xBD90, 0xBD91,
    0xB550, 0xB54F, 0xBDB1, 0xC5B1, 0xC5B1, 0xBD91, 0xC5B1, 0xC5D1, 0xC5B1, 0xBDB1, 0xBD91, 0xB570,
    0xA4CD, 0xB550, 0xC5D1, 0xC5B1, 0xC5D2, 0xC5F2, 0xC5D2, 0xBDB1, 0xC5D2, 0xC5B1, 0xBD70, 0xBD70,
    0xC5D2, 0xCDF2, 0xC5F2, 0xC5B1, 0xB52F, 0xBDB1, 0xC5B1, 0xBD91, 0xBD70, 0xC5B1, 0xC5F2, 0xC5F2,
    0xC5B1, 0xC5B1, 0xBDB1, 0xBD91, 0xC5D2, 0xC5B1, 0xC5B1, 0xB54F, 0xBD90, 0xC5B1, 0xC5B1, 0xBDB1,
    0xB550, 0xBD91, 0xC5D1, 0xC5D1, 0xBDB1, 0xBDB1, 0xBD91, 0xB52F, 0xB54F, 0xB550, 0xB52F, 0x9C6C,
    0x9C4C, 0xB52F, 0xBD70, 0xBD91, 0xBD90, 0xBD90, 0xC5B1, 0xC5B1, 0xC5D2, 0xC5B1, 0xBD91, 0xBDB1,
    0xBD90, 0xC5B1, 0xBD91, 0xB52F, 0xA4AD, 0xBD70, 0xC5B1, 0xC5B1, 0xC5B1, 0xC5D2, 0xC5D2, 0xC5D2,
    0xC5D2, 0xC5B1, 0xC5B1, 0xC5B1, 0xC5D2, 0xC5D2, 0xC5D2, 0xBD70, 0xACEE, 0xBD91, 0xC5D2, 0xC5D2,
    0xC5D2, 0xC5D2, 0xBDB1, 0xC5D2, 0xBDB1, 0xC5B1, 0xC5B2, 0xC5D2, 0xC5D2, 0xC5D2, 0xBD91, 0xAD0F,
    0xBD70, 0xC5B1, 0xC5B1, 0xC5D1, 0xBD90, 0xBD91, 0xC5B1, 0xBDB1, 0xBD91, 0xC5B1, 0xC5B1, 0xBD91,
    0xBD70, 0xB570, 0xAD0F, 0x9C8C, 0xA4AD, 0xB54F, 0xB54F, 0xBD91, 0xBD70, 0xBD91, 0xC5D2, 0xC5D1,
    0xC5D2, 0xC5D2, 0xBDB1, 0xBDB1, 0xC5B1, 0xC5B1, 0xC5D1, 0xB550, 0xA4AD, 0xBD90, 0xC5B1, 0xBD91,
    0xBDB1, 0xC5D1, 0xC5B1, 0xC5B1, 0xC5B1, 0xBD90, 0xBD91, 0xC5D2, 0xC5D2, 0xBD70, 0xBDB1, 0xBD90,
    0xAD2F, 0xBDB1, 0xC5D2, 0xC5D2, 0xC5D2, 0xBDB1, 0xBDB1, 0xC5D2, 0xC5D2, 0xC5D2, 0xBD91, 0xC5B1,
    0xC5F2, 0xC5D2, 0xB570, 0xACEE, 0xB54F, 0xBD91, 0xBD70, 0xBDB1, 0xBDB1, 0xC5B1, 0xBD91, 0xBD91,
    0xBDB1, 0xBDB1, 0xBDB1, 0xBD90, 0xB550, 0xB52F, 0xB52F, 0x9C6C, 0xA4AD, 0xB52F, 0xAD2F, 0xBD90,
    0xBDB1, 0xC5B1, 0xC5D1, 0xC5B1, 0xC5D2, 0xC5D2, 0xBDB1, 0xBD91, 0xC5B1, 0xC5B1, 0xC5D1, 0xBD70,
    0xA4AD, 0xBD91, 0xC5D2, 0xC5D2, 0xC5B1, 0xC5D2, 0xBDB1, 0xBD90, 0xC5B1, 0xC5B1, 0xC5B1, 0xC5B1,
    0xC5D2, 0xBDB1, 0xC5B1, 0xBD90, 0xB52F, 0xBDB1, 0xBDB1, 0xC5D1, 0xBD91, 0xC5D1, 0xC5D2, 0xC5D2,
    0xC5D2, 0xBD91, 0xBD70, 0xBD91, 0xC5B1, 0xC5B1, 0xBD90, 0xAD0E, 0xB54F, 0xBD91, 0xBD90, 0xBDB1,
    0xBDB1, 0xB54F, 0xBD90, 0xBDB1, 0xBDB1, 0xBD91, 0xB550, 0xBD90, 0xBD70, 0xB52F, 0xACEE, 0x9C6C,
    0x9C8C, 0xAD0E, 0xB54F, 0xBD70, 0xBD70, 0xC5B1, 0xC5B1, 0xBDB1, 0xC5B1, 0xC5D2, 0xC5B1, 0xBDB1,
    0xC5B1, 0xBDB1, 0xBD91, 0xBD70, 0xA4AD, 0xB54F, 0xBD91, 0xC5D2, 0xC5D1, 0xC5D1, 0xC5B1, 0xC5B1,
    0xBDB1, 0xBDB1, 0xC5D2, 0xC5B1, 0xB550, 0xBDB1, 0xC5B1, 0xBD70, 0xAD0E, 0xBD91, 0xBDB1, 0xC5D2,
    0xBD91, 0xC5B1, 0xC5D2, 0xBD91, 0xBD91, 0xC5B1, 0xC5B1, 0xBD90, 0xBD90, 0xBD90, 0xBD70, 0xA4CD,
    0xB54F, 0xBD90, 0xBD90, 0xBD91, 0xBD90, 0xBD70, 0xB570, 0xBD91, 0xBD91, 0xBD91, 0xB550, 0xBD70,
    0xB54F, 0xB52F, 0xAD0E, 0x944B, 0x9C8C, 0xAD0E, 0xB52F, 0xB50E, 0xBD70, 0xBD90, 0xBD91, 0xC5B1,
    0xC5D2, 0xC5B1, 0xC5B1, 0xC5B1, 0xC5B1, 0xC5B1, 0xBD90, 0xB550, 0xA4AD, 0xBD70, 0xBD90, 0xC5B1,
    0xC5D2, 0xC5B1, 0xC5B1, 0xBD91, 0xBD91, 0xC5B1, 0xBD91, 0xBD91, 0xBD91, 0xBD90, 0xBD91, 0xB550,
    0xAD0E, 0xC5B1, 0xC5B1, 0xBDB1, 0xBD91, 0xBDB1, 0xC5B1, 0xC5B1, 0xBD70, 0xC5B1, 0xC5B1, 0xBD91,
    0xC5B1, 0xBD90, 0xB570, 0xA4EE, 0xB52F, 0xBD70, 0xBD90, 0xBD70, 0xB52F, 0xBD91, 0xC5B1, 0xBD91,
    0xBD70, 0xBD90, 0xBD70, 0xB54F, 0xAD2F, 0xB52F, 0xAD0E, 0x944B, 0x944B, 0xACEE, 0xB52F, 0xAD0E,
    0xB550, 0xB550, 0xBD70, 0xBDB1, 0xC5B1, 0xB550, 0xBD91, 0xBD70, 0xBD91, 0xBD91, 0xBD70, 0xB54F,
    0xA4AD, 0xB570, 0xBD70, 0xC5B1, 0xC5B1, 0xC5B1, 0xBD91, 0xBD90, 0xC5B1, 0xBD90, 0xB52F, 0xBD91,
    0xC5B1, 0xBD90, 0xB550, 0xB570, 0xAD0E, 0xB54F, 0xB550, 0xBD90, 0xBD70, 0xBD90, 0xBDB1, 0xBD91,
    0xBD91, 0xC5B1, 0xBDB1, 0xBD70, 0xBD91, 0xC5B1, 0xBD70, 0xACEE, 0xB54F, 0xBD70, 0xBD70, 0xBD91,
    0xBD90, 0xC5B1, 0xC5B1, 0xBD90, 0xB550, 0xB550, 0xB570, 0xB550, 0xAD0F, 0xB52F, 0xACEE, 0x942B,
    0x942B, 0xACCE, 0xACEE, 0xB52F, 0xBD70, 0xB550, 0xBD70, 0xBD90, 0xBD90, 0xBD90, 0xBD90, 0xBD70,
    0xBD90, 0xBD70, 0xB550, 0xB52F, 0x9CAD, 0xBD70, 0xBD91, 0xBD70, 0xBD70, 0xBD90, 0xBD91, 0xC5B1,
    0xBD91, 0xBD70, 0xBD70, 0xBD91, 0xBDB1, 0xBD90, 0xBD90, 0xB54F, 0xACEE, 0xBD70, 0xBD91, 0xBD70,
    0xBD70, 0xBD70, 0xBD91, 0xBD70, 0xBDB1, 0xC5D1, 0xC5B1, 0xBD90, 0xBD70, 0xBD90, 0xBD70, 0xAD0E,
    0xB52F, 0xBD70, 0xBD70, 0xBD90, 0xBD90, 0xBDB1, 0xBD91, 0xB570, 0xBD70, 0xB570, 0xBD70, 0xB570,
    0xB52F, 0xB52F, 0xA4CE, 0x8BEA, 0x9C6C, 0xACEE, 0xB52F, 0xB54F, 0xB52F, 0xAD0F, 0xB550, 0xBD70,
    0xBD91, 0xBD91, 0xBD91, 0xBD70, 0xBD70, 0xB52F, 0xB54F, 0xAD0E, 0x9C6C, 0xB52F, 0xBD90, 0xBD70,
    0xBD90, 0xC5B1, 0xBD91, 0xBD70, 0xBD91, 0xBD90, 0xBD70, 0xBDB1, 0xBDB1, 0xBD90, 0xBD91, 0xB54F,
    0xACEE, 0xBD70, 0xBD70, 0xBD90, 0xBDB1, 0xBD90, 0xC5B1, 0xBD91, 0xBD91, 0xC5B1, 0xBD91, 0xBD91,
    0xBD90, 0xB570, 0xBD70, 0xAD0F, 0xB52F, 0xB550, 0xBD70, 0xB50E, 0xB52F, 0xBD90, 0xBD90, 0xB550,
    0xB550, 0xBD70, 0xBD70, 0xB550, 0xB54F, 0xB54F, 0xAD0E, 0x942B, 0x944B, 0xACEE, 0xB52F, 0xB550,
    0xB570, 0xB52F, 0xBD70, 0xBDB1, 0xBD90, 0xBD90, 0xBD90, 0xB570, 0xBD70, 0xB54F, 0xBD70, 0xAD0E,
    0x9C6C, 0xB52F, 0xB52F, 0xB52F, 0xB54F, 0xBD70, 0xBD70, 0xBD90, 0xBD90, 0xBD90, 0xBD90, 0xC5B1,
    0xC5B1, 0xBD91, 0xBD70, 0xB52F, 0xACEE, 0xB54F, 0xB54F, 0xB54F, 0xBD91, 0xBD90, 0xBD91, 0xBD91,
    0xBD91, 0xBD91, 0xB550, 0xBD70, 0xBD90, 0xB550, 0xB54F, 0xACEE, 0xAD0E, 0xAD0F, 0xB52F, 0xACEE,
    0xB54F, 0xBD90, 0xBD70, 0xB52F, 0xB570, 0xBD70, 0xB54F, 0xAD0E, 0xAD0E, 0xB52F, 0xAD0E, 0x944B,
    0x946C, 0xAD0E, 0xAD0F, 0xB54F, 0xBD70, 0xB52F, 0xB52F, 0xBD70, 0xBD70, 0xBD70, 0xBD70, 0xBD90,
    0xBD90, 0xBD70, 0xBD90, 0xB52F, 0x9C8C, 0xACEE, 0xAD0E, 0xB54F, 0xBD4F, 0xB52F, 0xBD70, 0xBD70,
    0xB550, 0xB54F, 0xBD90, 0xBD91, 0xBDB1, 0xBD70, 0xBD70, 0xB54F, 0xACEE, 0xB54F, 0xBD70, 0xBD70,
    0xBD91, 0xBD90, 0xB550, 0xBD70, 0xBD90, 0xBD70, 0xBD90, 0xBD70, 0xBD90, 0xBD90, 0xBD70, 0xAD0E,
    0xB52F, 0xB54F, 0xB54F, 0xB52F, 0xB54F, 0xBD90, 0xB54F, 0xBD70, 0xB550, 0xB52F, 0xB54F, 0xAD2F,
    0xAD2F, 0xAD0E, 0xA4CE, 0x942B, 0x944C, 0xAD2E, 0xB52F, 0xAD0E, 0xB52F, 0xB54F, 0xB52F, 0xB54F,
    0xB54F, 0xB550, 0xB550, 0xB54F, 0xB570, 0xB52F, 0xBD70, 0xAD0E, 0x942B, 0xA4CE, 0xAD0E, 0xB52E,
    0xBD4F, 0xB52F, 0xB550, 0xB54F, 0xB54F, 0xB54F, 0xB54F, 0xBD70, 0xBD70, 0xBD70, 0xB550, 0xB52F,
    0xA4AD, 0xB54F, 0xB54F, 0xB54F, 0xBD70, 0xBD70, 0xB570, 0xBD70, 0xB52F, 0xBD70, 0xBD70, 0xBD70,
    0xBD70, 0xB54F, 0xB54F, 0xACEE, 0xACEE, 0xB52F, 0xB54F, 0xB54F, 0xB54F, 0xB54F, 0xB52F, 0xB54F,
    0xB54F, 0xAD0E, 0xAD0E, 0xB52F, 0xB52F, 0xAD0E, 0xACEE, 0x942B, 0x942B, 0xACEE, 0xA4CD, 0xACEE,
    0xACEE, 0xACEE, 0xA4AD, 0xA4CD, 0xACEE, 0xB52F, 0xAD0F, 0xAD0F, 0xAD0E, 0xA4CE, 0xAD0E, 0xA4CD,
    0x942B, 0xACEE, 0xAD0E, 0xACED, 0xACEE, 0xA4AD, 0xACEE, 0xB52F, 0xB52F, 0xB52F, 0xAD0E, 0xB550,
    0xB54F, 0xB54F, 0xB54F, 0xB50F, 0x9C6C, 0xAD0E, 0xB54F, 0xB550, 0xB54F, 0xB54F, 0xB52F, 0xB54F,
    0xB54F, 0xB50F, 0xACEE, 0xAD0E, 0xB52F, 0xB52F, 0xB52E, 0xA4AD, 0xACCD, 0xACEE, 0xAD0E, 0xA4CD,
    0xAD0E, 0xB52F, 0xAD0F, 0xA4CD, 0xACEE, 0x9C8C, 0xA4CD, 0xACEE, 0xACEE, 0xA4AD, 0xA4AD, 0x8BEA,
    0x83CA, 0x9C8C, 0x9C6C, 0x944B, 0x944B, 0x9C6C, 0x944B, 0x9C6C, 0x9C8C, 0x9C6C, 0x9C4C, 0x944C,
    0x9C6C, 0x9C8C, 0x9C6C, 0x9C8C, 0x8389, 0x942B, 0x944B, 0x944B, 0x9C4B, 0x942B, 0x9C8C, 0xA4AD,
    0xA4AD, 0x9C8C, 0x9C6C, 0xA4AD, 0xA4AD, 0x9C8D, 0xA4AD, 0xA4AD, 0x940A, 0x9C8C, 0xA4AD, 0xA4AD,
    0xA4AD, 0x9C8C, 0x9C8C, 0x944B, 0x9C8C, 0x9C6C, 0x9C6C, 0x9C8C, 0x9C8C, 0x9C6C, 0x944B, 0x942B,
    0x9C6C, 0x944B, 0x9C4C, 0x942B, 0x9C6C, 0x9C8C, 0x9C6C, 0x944B, 0x944B, 0x8C0A, 0x8C0A, 0x944B,
    0x944B, 0x8C0A, 0x8C0B, 0x7B89,
};
#define TEXTURE_CEILING_MIP2_SIZE 32
static const uint16_t TEXTURE_CEILING_MIP2_PIXELS[1024] __attribute__((aligned(16))) = {
    0x942B, 0xA4AD, 0xA4EE, 0xA4CE, 0xACEE, 0xACEE, 0xAD0E, 0xACEE, 0x9C6C, 0xA4CD, 0xACEE, 0xA4CD,
    0xACEE, 0xAD2F, 0xAD0E, 0xACEE, 0xA4CD, 0xAD0E, 0xACEE, 0xA4CE, 0xAD0F, 0xAD0F, 0xAD0E, 0xA4CD,
    0xACEE, 0xACEE, 0xB52E, 0xACEE, 0xAD0E, 0xA4CD, 0xA4AD, 0x942B, 0xACCD, 0xBD90, 0xBDB1, 0xC5B1,
    0xC5B1, 0xBD91, 0xC5B1, 0xBD90, 0xACEE, 0xBD50, 0xBD70, 0xBD70, 0xC5B1, 0xC5B1, 0xBD90, 0xBD70,
    0xB54F, 0xBD90, 0xC5B1, 0xC5B1, 0xC5D1, 0xC5B1, 0xBD91, 0xB550, 0xB54F, 0xBD90, 0xBDB1, 0xBD70,
    0xBD90, 0xBD70, 0xBD90, 0xA4CE, 0xACEE, 0xBD91, 0xBDB1, 0xC5D1, 0xC5B1, 0xC5D2, 0xC5D1, 0xBD70,
    0xB52F, 0xC5D1, 0xC5D1, 0xC5B1, 0xC5D1, 0xC5D1, 0xC5B1, 0xBD90, 0xBD70, 0xC5B1, 0xC5D1, 0xC5F2,
    0xC5D1, 0xC5B1, 0xBD90, 0xB570, 0xBD91, 0xC5B1, 0xC5D1, 0xC5B1, 0xC5B1, 0xC5B1, 0xBD70, 0xACEE,
    0xAD2F, 0xC5B1, 0xC5B1, 0xC5D2, 0xC5D2, 0xBDB1, 0xC5D1, 0xBD91, 0xB550, 0xC5D1, 0xC5D2, 0xC5F2,
    0xC5D2, 0xCDF2, 0xC5D2, 0xC5D1, 0xBD70, 0xC5D1, 0xCDF2, 0xC5D1, 0xC5D1, 0xC5D2, 0xC5D1, 0xBD70,
    0xC5B1, 0xC5D2, 0xC5D2, 0xC5D2, 0xC5D2, 0xC5B1, 0xBD70, 0xAD0F, 0xB52F, 0xC5B1, 0xC5B1, 0xC5D2,
    0xCDF2, 0xC5B1, 0xC5D2, 0xC5B1, 0xBD70, 0xCDF2, 0xCDF2, 0xC5F2, 0xC5F2, 0xC5F2, 0xCE13, 0xC5D1,
    0xBD90, 0xC5F2, 0xCE13, 0xCE12, 0xC5D2, 0xC5B1, 0xCDF2, 0xBD70, 0xC5B1, 0xCDF2, 0xCDF2, 0xC5F2,
    0xC5B1, 0xC5B1, 0xC5D1, 0xAD2F, 0xAD0F, 0xC5B1, 0xC5B1, 0xC5B1, 0xC5F2, 0xC5D2, 0xCDF2, 0xC5D1,
    0xBD70, 0xCDF2, 0xCDF3, 0xC5F2, 0xCE13, 0xC5F2, 0xC5D2, 0xC5D2, 0xBDB1, 0xCDF3, 0xCDF3, 0xC5F2,
    0xC5D2, 0xC5D2, 0xC5D2, 0xBD90, 0xC5B1, 0xCDF2, 0xC5F2, 0xC5D2, 0xC5B1, 0xBDB1, 0xC5B1, 0xB52F,
    0xB52F, 0xBD91, 0xC5D2, 0xC5B1, 0xC5D2, 0xCDF2, 0xCDF2, 0xC5B1, 0xB54F, 0xCDF2, 0xCDF2, 0xCDF2,
    0xCE13, 0xCE13, 0xC5D2, 0xC5D2, 0xBDB1, 0xC5F2, 0xCDF2, 0xCE13, 0xCE13, 0xC5D2, 0xC5F2, 0xBD91,
    0xC5D1, 0xCE13, 0xCDF3, 0xCDF2, 0xC5F2, 0xC5B1, 0xBD90, 0xAD0F, 0xAD0F, 0xBD70, 0xBDB1, 0xC5B1,
    0xBD91, 0xBDB1, 0xC5D2, 0xBD91, 0xB550, 0xC5D2, 0xC5D2, 0xC5D2, 0xC5D2, 0xC5F2, 0xC5D2, 0xC5B1,
    0xBD70, 0xC5B1, 0xC5D2, 0xCDF3, 0xC5F2, 0xC5D2, 0xC5D2, 0xBDB1, 0xBD91, 0xC5B1, 0xC5F2, 0xC5D2,
    0xC5D1, 0xBD91, 0xBD91, 0xB52F, 0x9C8C, 0xACEE, 0xACEE, 0xB52F, 0xB52F, 0xB52F, 0xB54F, 0xB550,
    0xA4CE, 0xB52F, 0xBD70, 0xB550, 0xBD70, 0xB570, 0xB550, 0xB52F, 0xAD0F, 0xB550, 0xB550, 0xB570,
    0xBD70, 0xB570, 0xB550, 0xB52F, 0xB550, 0xB52F, 0xB52F, 0xB54F, 0xB54F, 0xAD2F, 0xAD0F, 0x9C6C,
    0xB52F, 0xB550, 0xBD91, 0xC5D2, 0xC5B1, 0xC5D2, 0xC5F2, 0xC5D2, 0xB550, 0xCDF2, 0xCE13, 0xCE13,
    0xCE13, 0xCDF3, 0xCDF3, 0xC5B1, 0xBDB1, 0xCDF2, 0xCDF2, 0xCE13, 0xCE13, 0xCE13, 0xC5F2, 0xBD91,
    0xC5D2, 0xCDF3, 0xC5F2, 0xC5D2, 0xC5D2, 0xC5B1, 0xBD91, 0xAD0E, 0xB52F, 0xBD90, 0xC5B1, 0xC5D2,
    0xC5F2, 0xC5F2, 0xCDF2, 0xC5D2, 0xB54F, 0xCDF2, 0xCDF2, 0xCE13, 0xCE33, 0xCE33, 0xCDF3, 0xC5D2,
    0xBD91, 0xCE13, 0xCDF2, 0xCE13, 0xCE13, 0xCDF3, 0xCDF3, 0xBD91, 0xC5B1, 0xC5F2, 0xC5D2, 0xC5D2,
    0xCDF2, 0xC5D2, 0xBD91, 0xACEE, 0xB54F, 0xC5B1, 0xC5B1, 0xC5B1, 0xCDF2, 0xC5F2, 0xC5D2, 0xC5D2,
    0xB54F, 0xC5F2, 0xC5F2, 0xCE13, 0xCE13, 0xC5F2, 0xCE13, 0xC5F2, 0xBD91, 0xCDF2, 0xCDF3, 0xCE13,
    0xC5D2, 0xC5F2, 0xC5F2, 0xBD91, 0xC5B1, 0xC5D2, 0xC5D2, 0xC5D2, 0xC5B1, 0xC5B1, 0xBD70, 0xACEE,
    0xB54F, 0xC5B1, 0xC5D2, 0xC5B1, 0xC5D2, 0xC5D2, 0xCDF2, 0xC5D2, 0xB570, 0xCDF3, 0xCE13, 0xC5F3,
    0xCDF3, 0xCE13, 0xC5F2, 0xC5D2, 0xBD90, 0xC5D2, 0xC5F2, 0xCE13, 0xCE13, 0xCDF3, 0xCE13, 0xBD91,
    0xC5B1, 0xC5D2, 0xC5D2, 0xC5D2, 0xC5B1, 0xC5D1, 0xBD90, 0xACEE, 0xB52F, 0xC5B1, 0xC5D2, 0xC5F2,
    0xCE13, 0xCDF3, 0xCDF3, 0xC5D2, 0xBD70, 0xCE13, 0xC5D2, 0xC5F2, 0xCE13, 0xCDF3, 0xCDF3, 0xC5D2,
    0xBD70, 0xC5D2, 0xCDF2, 0xCE33, 0xC5F2, 0xCDF3, 0xCE13, 0xC5B1, 0xC5D2, 0xC5D2, 0xC5F2, 0xC5D2,
    0xBD91, 0xBD90, 0xC5B1, 0xAD0F, 0xAD0F, 0xC5D1, 0xC5D2, 0xC5D2, 0xCDF3, 0xCE13, 0xC5F2, 0xC5D2,
    0xB570, 0xCE13, 0xCE13, 0xCDF3, 0xC5F2, 0xCE13, 0xCDF3, 0xC5F2, 0xBDB1, 0xCE13, 0xCDF2, 0xCDF2,
    0xCE13, 0xCDF2, 0xCDF2, 0xBDB1, 0xC5D2, 0xCDF3, 0xC5D2, 0xC5D2, 0xC5D2, 0xC5D1, 0xC5B1, 0xAD0F,
    0xAD0F, 0xBD90, 0xBD91, 0xBDB1, 0xC5D2, 0xC5D2, 0xBDB1, 0xC5B1, 0xB550, 0xC5B2, 0xC5D2, 0xC5D2,
    0xC5B1, 0xC5D2, 0xC5D2, 0xC5D2, 0xBD91, 0xC5D2, 0xC5F2, 0xC5D2, 0xCDF3, 0xC5D2, 0xC5D2, 0xBDB1,
    0xC5B1, 0xC5D1, 0xC5D2, 0xBD91, 0xC5B1, 0xBD91, 0xBD70, 0xACEE, 0xA4CD, 0xAD0F, 0xB52F, 0xB570,
    0xB550, 0xBD70, 0xB570, 0xB550, 0xA4CE, 0xBD70, 0xBD91, 0xBD91, 0xBD91, 0xBD70, 0xBD91, 0xBD91,
    0xAD2F, 0xB570, 0xBD91, 0xBD91, 0xBD70, 0xBD70, 0xBD91, 0xB54F, 0xB550, 0xB550, 0xB550, 0xB550,
    0xB54F, 0xB52F, 0xAD2F, 0x9C8C, 0xAD0E, 0xBD70, 0xBD70, 0xC5D2, 0xC5D2, 0xC5F2, 0xCDF2, 0xC5D2,
    0xB550, 0xCE13, 0xCE13, 0xCDF2, 0xC5F2, 0xC5D2, 0xC5F3, 0xC5D2, 0xBD91, 0xC5D2, 0xC5B1, 0xC5D2,
    0xC5D2, 0xC5F2, 0xC5F2, 0xBD90, 0xBD90, 0xC5D2, 0xC5D2, 0xC5D2, 0xC5D2, 0xBD91, 0xBD90, 0xACEE,
    0xACEE, 0xBD90, 0xBD90, 0xC5D2, 0xC5D2, 0xC5D2, 0xC5F2, 0xC5D2, 0xBD70, 0xCE13, 0xCE13, 0xCDF3,
    0xCE13, 0xCE13, 0xC5F2, 0xC5D2, 0xBD91, 0xC5D2, 0xC5D2, 0xC5F2, 0xC5D2, 0xC5B1, 0xC5F2, 0xC5B1,
    0xC5B1, 0xC5F2, 0xC5F2, 0xC5D2, 0xC5D2, 0xC5D1, 0xBD90, 0xACEE, 0xB52F, 0xBD91, 0xC5D2, 0xC5D2,
    0xC5D2, 0xC5D2, 0xC5F2, 0xC5D2, 0xB570, 0xCDF2, 0xCDF3, 0xC5D2, 0xC5F2, 0xC5F2, 0xC5F2, 0xC5D2,
    0xBD90, 0xC5B1, 0xC5D2, 0xC5F2, 0xC5D2, 0xC5D2, 0xC5D2, 0xBDB1, 0xBD91, 0xC5D2, 0xC5D2, 0xC5D2,
    0xBDB1, 0xC5B1, 0xBD91, 0xACEE, 0xACEE, 0xBDB1, 0xC5D2, 0xC5D2, 0xCDF2, 0xBDB1, 0xC5D2, 0xC5D2,
    0xB570, 0xC5F2, 0xCE13, 0xC5D2, 0xC5F2, 0xCDF3, 0xCE13, 0xC5D2, 0xB550, 0xC5D1, 0xC5D1, 0xC5F2,
    0xCDF2, 0xCDF2, 0xC5D2, 0xBD91, 0xC5B1, 0xCDF2, 0xCDF2, 0xC5D2, 0xC5B1, 0xBD91, 0xBD90, 0xA4CE,
    0xAD2F, 0xBD91, 0xC5B1, 0xC5B1, 0xC5D2, 0xC5B1, 0xC5B1, 0xC5B1, 0xB550, 0xC5D2, 0xCDF3, 0xC5D2,
    0xCDF2, 0xC5F2, 0xC5D2, 0xC5D2, 0xBD70, 0xC5D2, 0xC5D2, 0xC5D1, 0xC5D2, 0xC5D2, 0xC5D2, 0xBD91,
    0xC5B1, 0xC5B1, 0xC5B1, 0xC5B1, 0xC5B1, 0xC5B1, 0xBD91, 0xAD0E, 0xB54F, 0xBD91, 0xBDB1, 0xBDB1,
    0xC5B1, 0xC5D2, 0xC5F2, 0xC5D1, 0xB550, 0xC5D2, 0xC5D2, 0xC5D2, 0xC5D2, 0xC5F2, 0xC5D2, 0xC5D2,
    0xBD70, 0xC5D2, 0xC5D2, 0xCDF2, 0xC5F2, 0xC5D2, 0xC5D2, 0xBD91, 0xC5B1, 0xC5B1, 0xBD91, 0xBD90,
    0xC5D1, 0xBD91, 0xBD90, 0xA4AD, 0xAD0E, 0xB550, 0xBD70, 0xBD91, 0xBD91, 0xBDB1, 0xC5B1, 0xC5B1,
    0xB52F, 0xC5B1, 0xC5D2, 0xC5B1, 0xC5D2, 0xC5D2, 0xC5B1, 0xC5B1, 0xBD70, 0xBDB1, 0xC5B1, 0xC5D1,
    0xC5D2, 0xC5B1, 0xC5D2, 0xBD91, 0xBD90, 0xC5B1, 0xBD91, 0xBD90, 0xBD91, 0xBD70, 0xB550, 0xA4CD,
    0xA4AD, 0xAD0E, 0xAD0F, 0xB54F, 0xB54F, 0xB550, 0xB550, 0xB52F, 0xA4CE, 0xB54F, 0xBD70, 0xB570,
    0xB570, 0xB550, 0xB550, 0xB550, 0xAD0F, 0xB52F, 0xB550, 0xBD71, 0xBD70, 0xB570, 0xB550, 0xB52F,
    0xB52F, 0xB550, 0xB54F, 0xB52F, 0xB54F, 0xAD0F, 0xACEE, 0x946C, 0xA4CE, 0xBD90, 0xBD70, 0xC5B1,
    0xC5B1, 0xC5B1, 0xBD91, 0xBD70, 0xAD0F, 0xC5B1, 0xC5D2, 0xC5D2, 0xC5B1, 0xBD91, 0xC5D2, 0xC5B1,
    0xB550, 0xC5B1, 0xC5B1, 0xC5D2, 0xBDB1, 0xC5B1, 0xC5D2, 0xBD70, 0xBD90, 0xC5B1, 0xBD90, 0xC5B1,
    0xBDB1, 0xBD70, 0xB550, 0xA4CD, 0xACEE, 0xB570, 0xBD91, 0xC5B1, 0xC5D2, 0xBDB1, 0xC5B1, 0xBD90,
    0xAD2F, 0xC5B1, 0xC5B1, 0xBDB1, 0xC5B1, 0xC5B1, 0xBDB1, 0xBD91, 0xB570, 0xC5D1, 0xC5B1, 0xC5D1,
    0xC5D1, 0xBD91, 0xC5B1, 0xB52F, 0xBD70, 0xBD91, 0xBD91, 0xBD91, 0xBD91, 0xBD90, 0xB54F, 0xA4AD,
    0xA4CD, 0xB54F, 0xBD90, 0xBDB1, 0xC5D2, 0xC5B1, 0xC5B1, 0xBD70, 0xACEE, 0xBDB1, 0xC5D1, 0xC5B1,
    0xBDB1, 0xBDB1, 0xBD70, 0xBD90, 0xB54F, 0xC5B1, 0xBD91, 0xC5B1, 0xBD91, 0xBD91, 0xBD90, 0xAD2F,
    0xB54F, 0xBD90, 0xBD70, 0xBD90, 0xBD90, 0xB550, 0xB52F, 0xA4AD, 0x9C8C, 0xAD0E, 0xB550, 0xBD90,
    0xBD90, 0xBD90, 0xBD90, 0xB550, 0xAD0E, 0xBD90, 0xBD91, 0xBD91, 0xBD90, 0xBD70, 0xBD91, 0xB570,
    0xB52F, 0xBD70, 0xBD70, 0xBD91, 0xBDB1, 0xBD91, 0xBD90, 0xB52F, 0xB54F, 0xBD90, 0xBD90, 0xBD90,
    0xB550, 0xB550, 0xB52F, 0x9C6C, 0xA48D, 0xB52F, 0xB52F, 0xBD70, 0xBD90, 0xBD70, 0xB54F, 0xB52F,
    0xA4CE, 0xB54F, 0xBD70, 0xBD70, 0xBD90, 0xBD91, 0xBD91, 0xB550, 0xB50F, 0xB570, 0xBD90, 0xBD91,
    0xBD91, 0xBD70, 0xBD70, 0xB52F, 0xB52F, 0xB52F, 0xB54F, 0xB550, 0xB570, 0xB54F, 0xB52F, 0x9CAD,
    0xA4AD, 0xB52F, 0xB54F, 0xB52F, 0xBD70, 0xB550, 0xB570, 0xB54F, 0xA4AD, 0xB52E, 0xB54F, 0xB550,
    0xB54F, 0xBD70, 0xBD70, 0xB550, 0xAD0E, 0xB550, 0xBD70, 0xBD70, 0xBD70, 0xBD70, 0xBD70, 0xB52F,
    0xB52F, 0xB54F, 0xB54F, 0xB54F, 0xB52F, 0xB52F, 0xAD0E, 0x9C8C, 0x944C, 0xA4AD, 0xA4AD, 0x9C8C,
    0xA4CD, 0xA4AD, 0xA4AD, 0xA4AD, 0x942B, 0xA48C, 0x9C8C, 0xA4CD, 0xACCE, 0xA4CE, 0xACEE, 0xACEE,
    0x9C8C, 0xACEE, 0xACEE, 0xA4CD, 0xA4CD, 0xA4AD, 0xA4CD, 0x9C8C, 0xA48C, 0xA48C, 0xA4CD, 0xA4AD,
    0x9C6C, 0x9C6C, 0x9C6C, 0x8C0B,
};
#define TEXTURE_CEILING_MIP3_SIZE 16
static const uint16_t TEXTURE_CEILING_MIP3_PIXELS[256] __attribute__((aligned(16))) = {
    0xA4CD, 0xB54F, 0xB54F, 0xB54F, 0xA4CE, 0xB52F, 0xB54F, 0xB52F, 0xB52F, 0xB54F, 0xBD70, 0xB52F,
    0xB52F, 0xB54F, 0xB52F, 0xA4CD, 0xB54F, 0xC5B1, 0xC5D1, 0xBDB1, 0xBD70, 0xC5D1, 0xC5D2, 0xC5B1,
    0xBD91, 0xC5D2, 0xC5D1, 0xBD90, 0xC5B1, 0xC5D1, 0xC5B1, 0xB52F, 0xB570, 0xC5B1, 0xC5D2, 0xC5D2,
    0xC5B1, 0xC5F2, 0xC5F2, 0xC5D2, 0xC5B1, 0xCDF2, 0xC5D2, 0xC5B1, 0xC5D2, 0xC5F2, 0xC5B1, 0xBD70,
    0xB550, 0xC5B1, 0xC5B1, 0xC5D1, 0xBD91, 0xC5D2, 0xCDF2, 0xC5D2, 0xBDB1, 0xCDF2, 0xC5D2, 0xC5D1,
    0xC5D2, 0xC5F2, 0xC5B1, 0xB550, 0xAD0E, 0xB550, 0xBD70, 0xBD91, 0xB550, 0xC5B1, 0xC5B1, 0xBD91,
    0xBD90, 0xBDB1, 0xC5B2, 0xBD91, 0xBD91, 0xBD91, 0xBD70, 0xAD0E, 0xBD70, 0xC5B1, 0xC5F2, 0xC5D2,
    0xBD91, 0xCDF3, 0xCE13, 0xC5F2, 0xC5D2, 0xCDF3, 0xC5F2, 0xC5D2, 0xC5D1, 0xC5D2, 0xC5D1, 0xB52F,
    0xBD70, 0xC5D2, 0xC5F2, 0xC5D2, 0xC5B1, 0xC5F2, 0xCE13, 0xC5D2, 0xC5B1, 0xCDF3, 0xCDF3, 0xC5D2,
    0xC5D2, 0xC5D2, 0xC5B1, 0xB54F, 0xB550, 0xC5B1, 0xC5F2, 0xC5D2, 0xBDB1, 0xC5D2, 0xC5D2, 0xC5D2,
    0xC5D2, 0xC5F2, 0xC5F2, 0xC5D2, 0xC5D2, 0xC5D2, 0xC5B1, 0xB54F, 0xAD0E, 0xBD70, 0xBDB1, 0xBD91,
    0xB570, 0xC5B2, 0xBDB1, 0xC5B1, 0xBD70, 0xC5B1, 0xBDB1, 0xBD91, 0xBD90, 0xBD91, 0xBD70, 0xAD0E,
    0xB54F, 0xC5B1, 0xC5D2, 0xC5D2, 0xC5B1, 0xCDF3, 0xCDF2, 0xC5D2, 0xBDB1, 0xC5D2, 0xC5D2, 0xC5D2,
    0xC5B1, 0xC5D2, 0xC5B1, 0xB52F, 0xB54F, 0xC5D1, 0xC5D2, 0xC5B1, 0xBD91, 0xC5F2, 0xC5F2, 0xC5D2,
    0xBD91, 0xC5D2, 0xC5F2, 0xBDB1, 0xC5D1, 0xC5D1, 0xBDB1, 0xB52F, 0xB54F, 0xBD91, 0xC5B1, 0xC5D1,
    0xBD70, 0xC5D2, 0xC5D2, 0xC5B1, 0xBD91, 0xC5D2, 0xC5D2, 0xBDB1, 0xBDB1, 0xBD90, 0xBD91, 0xAD0F,
    0xAD0E, 0xB550, 0xBD70, 0xB570, 0xB52F, 0xBD91, 0xBD70, 0xBD91, 0xB550, 0xBD91, 0xBD91, 0xBD70,
    0xBD70, 0xBD70, 0xB550, 0xA4EE, 0xAD0E, 0xBD91, 0xC5B1, 0xBD91, 0xB550, 0xC5B1, 0xBDB1, 0xBD91,
    0xBD90, 0xC5B1, 0xBDB1, 0xB570, 0xBD70, 0xBD90, 0xBD70, 0xACEE, 0xACCE, 0xB550, 0xBD70, 0xB550,
    0xB52F, 0xBD90, 0xBD90, 0xBD70, 0xB54F, 0xBD90, 0xBD91, 0xB550, 0xB54F, 0xBD70, 0xB550, 0xA4CE,
    0xA4AD, 0xACEE, 0xAD0E, 0xAD0E, 0xA4AD, 0xACEE, 0xAD0F, 0xB52F, 0xACEE, 0xB52F, 0xAD0F, 0xAD0E,
    0xACEE, 0xAD0E, 0xA4CD, 0x9C8C,
};
#endif /* BACKROOMS_GENERATED_TEXTURE_CEILING_H */
