/* Embedded PSP texture data. */
#ifndef BACKROOMS_GENERATED_TEXTURE_DIRTY_WALL_H
#define BACKROOMS_GENERATED_TEXTURE_DIRTY_WALL_H
#include <stdint.h>
#define TEXTURE_DIRTY_WALL_WIDTH 128
#define TEXTURE_DIRTY_WALL_HEIGHT 128
static const uint16_t TEXTURE_DIRTY_WALL_PIXELS[16384] __attribute__((aligned(16))) = {
    0x3141, 0x3141, 0x49C1, 0x3981, 0x3140, 0x3981, 0x49E2, 0x3981, 0x5202, 0x41A1, 0x41A1, 0x4181,
    0x49E1, 0x4A02, 0x3960, 0x41A1, 0x41C1, 0x6283, 0x5A62, 0x7324, 0x6282, 0x6AA3, 0x6282, 0x5A42,
    0x6AA2, 0x6282, 0x62A2, 0x5A41, 0x62A2, 0x6AC3, 0x6AE4, 0x5A42, 0x5A21, 0x5A41, 0x5A62, 0x5A41,
    0x7303, 0x5201, 0x5222, 0x5242, 0x5222, 0x3961, 0x5222, 0x6AC3, 0x6262, 0x72E3, 0x41C1, 0x62A2,
    0x6AE3, 0x6AA2, 0x5A62, 0x72E3, 0x6AE3, 0x6AC2, 0x7303, 0x5A41, 0x5A42, 0x6282, 0x7B23, 0x6282,
    0x5A42, 0x5A41, 0x6AC2, 0x72E2, 0x6AC2, 0x5A41, 0x5221, 0x6AA2, 0x6AC2, 0x5A62, 0x6282, 0x5A62,
    0x6282, 0x5221, 0x5A41, 0x6282, 0x72E3, 0x72E3, 0x72E3, 0x72E3, 0x62A2, 0x6282, 0x6262, 0x6261,
    0x6AC2, 0x6AC2, 0x6282, 0x6262, 0x5A42, 0x5222, 0x5A42, 0x5A42, 0x6AC2, 0x5A41, 0x6AA2, 0x6262,
    0x72E3, 0x5222, 0x5221, 0x5A21, 0x5A41, 0x7303, 0x7303, 0x6AC3, 0x6AC3, 0x6282, 0x5A42, 0x5221,
    0x5A42, 0x5201, 0x5A21, 0x62A2, 0x6AA2, 0x6AA3, 0x5A62, 0x5221, 0x5A62, 0x49E1, 0x5A62, 0x5201,
    0x62A3, 0x5A63, 0x62A3, 0x6283, 0x49E2, 0x5A63, 0x5222, 0x41A1, 0x49E2, 0x49C1, 0x5201, 0x5A63,
    0x49C1, 0x4180, 0x41A1, 0x41C1, 0x3981, 0x3940, 0x49E1, 0x5222, 0x5202, 0x5202, 0x41C1, 0x4A01,
    0x5201, 0x7304, 0x72E4, 0x6AE3, 0x6AA2, 0x5A42, 0x4A01, 0x6282, 0x6AE3, 0x6AC2, 0x7303, 0x7303,
    0x7B44, 0x7323, 0x8365, 0x6262, 0x7323, 0x6AA2, 0x6282, 0x6282, 0x6AE3, 0x62A2, 0x5A62, 0x62C3,
    0x62A3, 0x6283, 0x6262, 0x7304, 0x6AA2, 0x6AC3, 0x7323, 0x6282, 0x6AC2, 0x5A62, 0x6AE2, 0x7B44,
    0x6AC2, 0x6AE2, 0x7323, 0x6AC2, 0x6AC3, 0x6AE3, 0x83A5, 0x72E3, 0x62A2, 0x5A42, 0x49E1, 0x6AC2,
    0x7B43, 0x6AE4, 0x5A61, 0x6AA2, 0x7B63, 0x62A2, 0x6AC3, 0x4A01, 0x5A41, 0x5A21, 0x5221, 0x5A41,
    0x7303, 0x7B24, 0x7303, 0x6AC2, 0x7303, 0x6AC3, 0x6AA2, 0x6AA3, 0x6AE3, 0x62A2, 0x6AC3, 0x72E3,
    0x6262, 0x6AC3, 0x5221, 0x62A2, 0x6282, 0x6AE3, 0x6AC2, 0x62A2, 0x6282, 0x72E3, 0x6AE2, 0x3980,
    0x6282, 0x6282, 0x6AC3, 0x7303, 0x7304, 0x5A42, 0x6262, 0x5221, 0x5201, 0x5A41, 0x5222, 0x62A2,
    0x7B24, 0x62A3, 0x7303, 0x62A2, 0x6282, 0x49C1, 0x5222, 0x6282, 0x62A3, 0x5201, 0x6283, 0x6283,
    0x5A42, 0x5A42, 0x4A01, 0x3981, 0x5202, 0x5222, 0x49E2, 0x5222, 0x41C1, 0x5221, 0x49E1, 0x4A02,
    0x41C1, 0x49E2, 0x3981, 0x5A42, 0x5201, 0x41A1, 0x41C1, 0x5221, 0x49C1, 0x7324, 0x7B65, 0x7303,
    0x72E3, 0x5222, 0x62A3, 0x6282, 0x8364, 0x8364, 0x8364, 0x7B64, 0x7303, 0x8385, 0x7344, 0x8384,
    0x7304, 0x6AC3, 0x6AC2, 0x5A62, 0x7324, 0x6AC3, 0x72E3, 0x6AE3, 0x7303, 0x7324, 0x5A62, 0x6AC2,
    0x6AE3, 0x7303, 0x8384, 0x7303, 0x7B23, 0x72E2, 0x6282, 0x8364, 0x7B85, 0x6282, 0x7303, 0x6AC2,
    0x7303, 0x8364, 0x7323, 0x6AC2, 0x6AA2, 0x7304, 0x6AE2, 0x62A2, 0x8384, 0x7303, 0x6AE3, 0x7303,
    0x72E3, 0x6AC2, 0x62A2, 0x62A2, 0x6AA2, 0x6281, 0x72E2, 0x6282, 0x7B44, 0x72E3, 0x8384, 0x8364,
    0x7B23, 0x83A4, 0x6AC3, 0x7302, 0x7B23, 0x72E3, 0x6AC2, 0x7B44, 0x72E3, 0x72E2, 0x62A2, 0x62A2,
    0x5A41, 0x6282, 0x6AC2, 0x6282, 0x6AC3, 0x7B23, 0x7303, 0x5A42, 0x62A2, 0x6AE3, 0x72E3, 0x62A3,
    0x7B45, 0x7304, 0x72E3, 0x7303, 0x5A41, 0x5221, 0x6282, 0x7303, 0x7303, 0x5242, 0x6AC3, 0x72E3,
    0x6AE3, 0x49E1, 0x5221, 0x62A2, 0x62A3, 0x5221, 0x5222, 0x5A63, 0x3981, 0x6283, 0x41A1, 0x2900,
    0x5222, 0x5221, 0x5222, 0x49E1, 0x5221, 0x5202, 0x4181, 0x41C1, 0x41C1, 0x4A02, 0x41C1, 0x5A22,
    0x5222, 0x41A1, 0x49C1, 0x5A41, 0x62A2, 0x6AC3, 0x7304, 0x6282, 0x6282, 0x6262, 0x6282, 0x7303,
    0x8BA5, 0x7B43, 0x7B64, 0x7303, 0x83A5, 0x6282, 0x7B44, 0x8385, 0x7303, 0x6AC2, 0x7B23, 0x6AC3,
    0x7B24, 0x5A42, 0x72E3, 0x7B44, 0x7B24, 0x7B64, 0x7323, 0x83A4, 0x7B23, 0x7303, 0x7303, 0x7B44,
    0x7303, 0x8BA5, 0x7303, 0x8BC5, 0x8364, 0x6AE2, 0x7B64, 0x7302, 0x6262, 0x8364, 0x72E3, 0x5A62,
    0x72E2, 0x72E3, 0x62A2, 0x6AC2, 0x8BC4, 0x7B63, 0x6AA2, 0x6AE3, 0x6AE3, 0x7303, 0x6262, 0x6282,
    0x6AA2, 0x6261, 0x62A2, 0x6282, 0x72E3, 0x7B44, 0x7B44, 0x8365, 0x7323, 0x93E5, 0x8363, 0x7B43,
    0x7302, 0x7323, 0x8384, 0x8364, 0x7B64, 0x7B43, 0x7B43, 0x6282, 0x7324, 0x6AC3, 0x62A2, 0x6AE3,
    0x5A82, 0x8364, 0x6AC2, 0x5A62, 0x6AE3, 0x6AC2, 0x7303, 0x7303, 0x6AC2, 0x7B44, 0x7324, 0x7303,
    0x6AA2, 0x62A2, 0x6AA2, 0x6AC3, 0x6AE3, 0x6AA3, 0x7324, 0x7304, 0x6AA3, 0x62A3, 0x5222, 0x5201,
    0x5A62, 0x5202, 0x5201, 0x6283, 0x5222, 0x5A42, 0x4180, 0x4181, 0x5222, 0x49E1, 0x5242, 0x5A62,
    0x41A1, 0x49C1, 0x3161, 0x2920, 0x5222, 0x49E1, 0x41A1, 0x5222, 0x41A1, 0x5201, 0x5201, 0x5A42,
    0x62A2, 0x7B24, 0x5A42, 0x7303, 0x5A42, 0x5A41, 0x7B23, 0x7B23, 0x8384, 0x6AC2, 0x9406, 0x72E2,
    0x7B23, 0x7B24, 0x7B44, 0x7B23, 0x5221, 0x6AC2, 0x7303, 0x6AC2, 0x8364, 0x5A62, 0x7B64, 0x7B44,
    0x7B44, 0x8365, 0x8BC5, 0x8384, 0x7303, 0x7B43, 0x7303, 0x5A62, 0x8BC5, 0x8BA5, 0x7B44, 0x5A62,
    0x8384, 0x7B23, 0x7B23, 0x72E2, 0x7303, 0x6282, 0x6AC2, 0x5222, 0x6AA2, 0x7303, 0x7B23, 0x6282,
    0x8384, 0x8BC4, 0x5241, 0x7323, 0x6AC2, 0x6AA2, 0x5A62, 0x6282, 0x6AC2, 0x6281, 0x6AC2, 0x62A2,
    0x7303, 0x8384, 0x7B43, 0x7B23, 0x83A4, 0x8BA4, 0x7303, 0x8BC5, 0x7323, 0x8BA4, 0x83A4, 0x8363,
    0x8384, 0x8BA5, 0x8BC4, 0x6AE3, 0x6AC2, 0x7323, 0x7323, 0x8364, 0x6AC3, 0x8364, 0x7303, 0x6AE3,
    0x6282, 0x7B23, 0x8344, 0x7B44, 0x72E3, 0x7303, 0x7303, 0x6AC2, 0x7303, 0x62A2, 0x6AC2, 0x7303,
    0x6AC2, 0x72E3, 0x6AE3, 0x6AE3, 0x6AE3, 0x6283, 0x6282, 0x49C1, 0x5A63, 0x5A42, 0x5A62, 0x62A2,
    0x6283, 0x5A42, 0x49E1, 0x3960, 0x5A22, 0x5A42, 0x5A42, 0x5A42, 0x6283, 0x4181, 0x3981, 0x3141,
    0x41C2, 0x49E1, 0x5201, 0x5202, 0x5A42, 0x3981, 0x5201, 0x5221, 0x6AE3, 0x8364, 0x6282, 0x6282,
    0x6AC2, 0x6AE3, 0x7B23, 0x8364, 0x8BE6, 0x7B22, 0x8BA4, 0x8363, 0x8BC5, 0x7B43, 0x8BA4, 0x7B43,
    0x5A61, 0x6AC2, 0x7323, 0x6AC2, 0x7B43, 0x7B44, 0x7B23, 0x7B23, 0x8384, 0x7B24, 0x83A5, 0x7B44,
    0x8363, 0x7323, 0x8384, 0x8BC4, 0x7303, 0x7B64, 0x6282, 0x7B44, 0x83A4, 0x7B43, 0x7323, 0x7302,
    0x5A62, 0x6AA2, 0x62A2, 0x7323, 0x6282, 0x7B44, 0x6AC2, 0x7302, 0x6AC2, 0x7B43, 0x6AE2, 0x8BA4,
    0x8BC5, 0x8364, 0x62A2, 0x6282, 0x72E3, 0x6AC2, 0x6AA2, 0x6AA2, 0x7303, 0x8364, 0x8364, 0x8383,
    0x8BA4, 0x8BC4, 0x8343, 0x7B22, 0x9C26, 0x83A4, 0x8BC5, 0x7B23, 0x8BA4, 0x8383, 0x8BE5, 0x7B23,
    0x8BA5, 0x8384, 0x8384, 0x7B23, 0x6AA2, 0x6AC2, 0x8384, 0x7303, 0x6AA2, 0x62A2, 0x7303, 0x7B24,
    0x72E3, 0x7303, 0x8364, 0x7303, 0x6AC2, 0x5A82, 0x5A62, 0x7B24, 0x6AE3, 0x7324, 0x7324, 0x72E3,
    0x7324, 0x6282, 0x49C1, 0x6283, 0x5A22, 0x5222, 0x5222, 0x62A3, 0x6282, 0x5222, 0x41C1, 0x41C1,
    0x5201, 0x5222, 0x6282, 0x6282, 0x49E1, 0x41C1, 0x3961, 0x3961, 0x5222, 0x5222, 0x6282, 0x5222,
    0x6282, 0x5222, 0x5A41, 0x49E1, 0x5201, 0x8385, 0x72E3, 0x8364, 0x6AA2, 0x8364, 0x6282, 0x8BA4,
    0x9405, 0x8363, 0x8BC4, 0x8384, 0x8BC5, 0x8BC5, 0x93E5, 0x72E2, 0x7B44, 0x5222, 0x7303, 0x6AE2,
    0x8BA4, 0x8BE5, 0x7B64, 0x83A4, 0x7323, 0x8BE6, 0x7B44, 0x8BC5, 0x6AA2, 0x7B63, 0x9405, 0x8BA5,
    0x72E2, 0x8364, 0x8BE6, 0x8BA4, 0x8384, 0x6282, 0x7B23, 0x6282, 0x62A2, 0x5A62, 0x7303, 0x6AC3,
    0x6AE3, 0x6AC2, 0x6AE2, 0x8342, 0x8BC5, 0x93E5, 0x6282, 0x8363, 0x7303, 0x5A41, 0x6AA2, 0x6AC2,
    0x7303, 0x6AA1, 0x7302, 0x6AC2, 0x7B63, 0x7B44, 0x7B43, 0x8B84, 0x8383, 0x9405, 0x8363, 0x8363,
    0x9406, 0x93E5, 0x8384, 0x8BC4, 0x8383, 0x8BA4, 0x8BC5, 0x7B63, 0x8BC5, 0x7B43, 0x8BC4, 0x7303,
    0x6282, 0x7303, 0x83A5, 0x7302, 0x72E3, 0x7303, 0x6AA2, 0x7B44, 0x7B23, 0x7B44, 0x7302, 0x72E2,
    0x6282, 0x5242, 0x62A2, 0x72C3, 0x72E3, 0x6AE3, 0x72E3, 0x72E3, 0x6AC2, 0x6262, 0x5201, 0x5A62,
    0x5202, 0x5A42, 0x6282, 0x5A42, 0x6282, 0x5A42, 0x4A02, 0x41A1, 0x4A02, 0x49C1, 0x5A42, 0x49E2,
    0x5222, 0x49E1, 0x49E2, 0x41A1, 0x5A62, 0x5201, 0x5A42, 0x6282, 0x5A62, 0x41A1, 0x5221, 0x6282,
    0x6282, 0x7303, 0x7B43, 0x8384, 0x8384, 0x8363, 0x8364, 0x8384, 0x93E5, 0x7B43, 0x8384, 0x7B63,
    0x6AE3, 0x7B23, 0x8BE6, 0x8BE5, 0x9C26, 0x7324, 0x5A62, 0x7303, 0x83A4, 0x9426, 0x7B43, 0x7B23,
    0x8BA5, 0x83A5, 0x9406, 0x8BC5, 0x8384, 0x7322, 0x7B43, 0x8BA4, 0x83A4, 0x8364, 0x8BE5, 0x8384,
    0x6AA2, 0x8363, 0x7B43, 0x7303, 0x5A42, 0x72E3, 0x5A82, 0x6AC3, 0x49E1, 0x7302, 0x7B43, 0x93E5,
    0x93E5, 0x8BC4, 0x7302, 0x6281, 0x7323, 0x7B43, 0x6AC2, 0x6AC2, 0x7323, 0x7302, 0x8383, 0x6AE2,
    0x7B43, 0x8363, 0x8383, 0x7B02, 0x8BA4, 0x9405, 0x8BC4, 0x8383, 0x8383, 0x93E5, 0x9405, 0x72E3,
    0x8384, 0x83A4, 0x8BC5, 0x8363, 0x93E5, 0x7303, 0x8BA4, 0x8BC5, 0x6AC2, 0x8384, 0x7B23, 0x7B43,
    0x7322, 0x7B43, 0x7B44, 0x72E3, 0x6282, 0x7B44, 0x8364, 0x6AC2, 0x6AC2, 0x5201, 0x6282, 0x7B44,
    0x7B23, 0x6262, 0x6AC3, 0x7304, 0x72E3, 0x6AC2, 0x5A62, 0x5201, 0x6283, 0x5222, 0x6283, 0x5A22,
    0x5222, 0x5202, 0x49E1, 0x4A02, 0x4A02, 0x49E2, 0x6282, 0x5222, 0x5242, 0x5A63, 0x5202, 0x49E1,
    0x5A42, 0x5A62, 0x6AC3, 0x5A42, 0x6283, 0x5222, 0x49C1, 0x6AC2, 0x62A2, 0x8364, 0x8384, 0x8BA4,
    0x72E2, 0x8BC4, 0x93E5, 0x7B43, 0x8363, 0x7323, 0x8BC4, 0x7302, 0x8384, 0x7B44, 0x8BA5, 0x8BE5,
    0x93E5, 0x6B03, 0x7303, 0x6AE2, 0x8BE5, 0x8BE5, 0x8BC5, 0x8C05, 0x8BE5, 0x7B24, 0x8BE6, 0x8BA5,
    0x8384, 0x8BA4, 0x8383, 0x7B44, 0x8385, 0x83A5, 0x9406, 0x8BE5, 0x8BA4, 0x7B22, 0x8363, 0x7302,
    0x7303, 0x6AE3, 0x6AC3, 0x62A2, 0x6282, 0x6AC2, 0x8BC5, 0x8384, 0x83A4, 0x93E5, 0x9C46, 0x8384,
    0x7B22, 0x7323, 0x9405, 0x7303, 0x7323, 0x7B22, 0x8363, 0x72E1, 0x9405, 0x8BC4, 0x8BA4, 0x9405,
    0x8BC4, 0x9405, 0x9405, 0x9C46, 0x8383, 0x9C46, 0x8BC4, 0x7303, 0x8BE5, 0x9405, 0x9405, 0x8383,
    0x8BC4, 0x8BE5, 0x8BA4, 0x8BA3, 0x7303, 0x8BC5, 0x7B43, 0x7B43, 0x8BA4, 0x7B23, 0x83A4, 0x8BA5,
    0x7303, 0x7B23, 0x8363, 0x7B23, 0x72E2, 0x62A2, 0x6AC2, 0x8364, 0x7B64, 0x7303, 0x7303, 0x7324,
    0x6282, 0x6AE3, 0x6AA2, 0x5221, 0x5A42, 0x5A83, 0x49E2, 0x6283, 0x49E1, 0x62A3, 0x5201, 0x49E1,
    0x3981, 0x5202, 0x5222, 0x5242, 0x62A3, 0x5222, 0x5201, 0x5A82, 0x6282, 0x5222, 0x6AE3, 0x5A42,
    0x6AA3, 0x5A42, 0x5221, 0x7303, 0x6AA2, 0x7B23, 0x7B24, 0x8BC5, 0x8BA4, 0x8BA4, 0x93E5, 0x8384,
    0x8BE5, 0x6AC2, 0x8364, 0x7B23, 0x8BA4, 0x8384, 0x8BA5, 0x8BC5, 0x8363, 0x7B64, 0x6AC2, 0x7B43,
    0x9426, 0x8384, 0x8C06, 0x9406, 0x93E5, 0x8BA4, 0x8BE5, 0x8BE5, 0x7B43, 0x8363, 0x8BE5, 0x83A4,
    0x9405, 0x93E5, 0x9405, 0x9425, 0x7B63, 0x7B42, 0x8BA3, 0x72E3, 0x6AE3, 0x6262, 0x8BC5, 0x7303,
    0x7B44, 0x7323, 0xA467, 0x7B22, 0x9425, 0x7B43, 0x8383, 0x8BE5, 0x9425, 0x6AA2, 0x8383, 0x72E2,
    0x7B43, 0x7B42, 0x9405, 0x7B42, 0x9425, 0x9425, 0x8BA4, 0x93E4, 0x9425, 0x93E4, 0x8363, 0x93E4,
    0x9C26, 0x8BC3, 0x93E4, 0x93E5, 0x93E5, 0x9405, 0x7302, 0x7322, 0x8BE5, 0x8BC5, 0x8BC4, 0x9405,
    0x7303, 0x8363, 0x8BC4, 0x8364, 0x6AC2, 0x8383, 0x8BC4, 0x8BA4, 0x7B43, 0x7B63, 0x72E2, 0x7302,
    0x7303, 0x5A41, 0x72E3, 0x8343, 0x6AC3, 0x72E3, 0x7B23, 0x7303, 0x7B44, 0x6AA2, 0x5A42, 0x6282,
    0x6282, 0x5202, 0x5202, 0x5A42, 0x5A83, 0x6263, 0x5A21, 0x5221, 0x5202, 0x41A1, 0x5222, 0x6283,
    0x6283, 0x5A21, 0x49C1, 0x5A62, 0x72E3, 0x5A62, 0x7323, 0x6282, 0x6282, 0x5A42, 0x5A41, 0x7B23,
    0x7B23, 0x7303, 0x7303, 0x8BA4, 0x8BA4, 0x8BE5, 0x8BC4, 0x8BA4, 0x9C26, 0x8BA3, 0x8383, 0x8BE5,
    0x8BC4, 0x8BA4, 0x7B44, 0x9406, 0x9405, 0x7303, 0x7B23, 0x8383, 0x8BE5, 0x9C47, 0x9406, 0x8BE5,
    0x9406, 0x9406, 0x8BC5, 0x7302, 0x83A4, 0x7B63, 0x9C46, 0x8BC4, 0x9405, 0x9404, 0x9405, 0x9C46,
    0x8BE5, 0x8BC4, 0x8BE4, 0x62A2, 0x7B44, 0x72E3, 0x8364, 0x7323, 0x7B23, 0x7B44, 0x8BA3, 0x8BC3,
    0x8BC4, 0x93E4, 0x7B22, 0x7B22, 0x7B43, 0x7B23, 0x9C26, 0x93E5, 0x7B43, 0x8362, 0x8BE4, 0x83A3,
    0x9405, 0x9C26, 0x9404, 0x9C25, 0x93E4, 0x9426, 0x8BA3, 0x8BA4, 0x9426, 0x9C46, 0x8BE4, 0x9405,
    0x8BC4, 0x9405, 0x8BA4, 0x7B42, 0x8B84, 0x93E5, 0x8BC4, 0x7B23, 0x83A4, 0x7B43, 0x7303, 0x6AE2,
    0x8363, 0x8363, 0x8363, 0x8BA4, 0x7B43, 0x5201, 0x7B43, 0x7B63, 0x7302, 0x6AC2, 0x6AA2, 0x7B43,
    0x8364, 0x6AE3, 0x6AA2, 0x72E3, 0x6282, 0x6AA2, 0x6262, 0x6AE3, 0x5A42, 0x5242, 0x5A42, 0x5A42,
    0x5A62, 0x5201, 0x5201, 0x5221, 0x41A1, 0x5A42, 0x5202, 0x41A1, 0x49E1, 0x5201, 0x5201, 0x5A62,
    0x6262, 0x6283, 0x7B23, 0x5A42, 0x7324, 0x6282, 0x6AA2, 0x8343, 0x7302, 0x7B43, 0x7B44, 0x8383,
    0x8BA4, 0x8BA4, 0x8BE5, 0x8BA4, 0x9425, 0x9C26, 0x8383, 0x8BC4, 0x7B63, 0x7B44, 0x8BC5, 0x8BE5,
    0x9405, 0x8363, 0x7B42, 0x8383, 0x9425, 0x9426, 0x93E5, 0x9C26, 0x9426, 0x9405, 0x8BE5, 0x8383,
    0x9405, 0x83A3, 0x8363, 0x93C4, 0x93E4, 0x9C46, 0x9425, 0x9405, 0x8BC5, 0x8BC4, 0x8383, 0x62A2,
    0x7303, 0x8364, 0x8BA4, 0x7B64, 0x8364, 0x6A81, 0x8363, 0x9C46, 0x9C25, 0x93E4, 0x7B43, 0x9C45,
    0x7302, 0x6AC2, 0x9405, 0x8BE4, 0x7B43, 0x8383, 0x8BA3, 0x8BC3, 0x9404, 0x8BC4, 0x9C46, 0x9C46,
    0x9405, 0x9C66, 0x9C26, 0x8383, 0x93E4, 0x9425, 0x8BC4, 0x9405, 0x93E4, 0x9405, 0x8BA4, 0x7B43,
    0x93E5, 0x8BC4, 0x93E4, 0x8384, 0x93E5, 0x7B43, 0x7303, 0x7302, 0x8363, 0x8343, 0x8BA4, 0x7302,
    0x6AC2, 0x5A82, 0x8363, 0x72E2, 0x7322, 0x6AE2, 0x7B23, 0x6AC2, 0x7B43, 0x62A2, 0x6AE3, 0x6282,
    0x6AC2, 0x6AC3, 0x6262, 0x5A41, 0x6283, 0x6282, 0x5A42, 0x5A62, 0x6AA3, 0x6AA2, 0x62A2, 0x5201,
    0x41A1, 0x49E1, 0x5A62, 0x49E1, 0x5201, 0x5A62, 0x6262, 0x6282, 0x6282, 0x6282, 0x83A5, 0x5A62,
    0x6282, 0x6AC3, 0x6AC2, 0x7B43, 0x8BA4, 0x8BA4, 0x9405, 0x7B43, 0x8363, 0x83A4, 0x8BA4, 0x7B23,
    0x7B23, 0x93C4, 0x8383, 0x8383, 0x93E5, 0x8BC5, 0x8BC4, 0x8BC4, 0x9C46, 0x83A4, 0x8383, 0x8383,
    0x9405, 0x9C46, 0x9405, 0x9426, 0x7323, 0x8BE5, 0x9406, 0x8BE4, 0x9405, 0x9C45, 0x9405, 0x9C46,
    0x9C46, 0x9C66, 0x9C25, 0x9405, 0x9425, 0x8BA3, 0x8BC4, 0x6AC2, 0x83A5, 0x7B44, 0x8384, 0x7B43,
    0x6AE3, 0x6281, 0x93E5, 0x8BA3, 0x93E4, 0x9C66, 0x7302, 0x9C66, 0x7302, 0x8363, 0x9405, 0x8BE4,
    0x8384, 0x8BE4, 0x93E4, 0x8BC3, 0x9425, 0x9425, 0x9426, 0x9C46, 0x9C46, 0x9404, 0x9C46, 0x9C46,
    0x93E4, 0x93E5, 0x7B63, 0x7B63, 0x9C46, 0x9C25, 0x9405, 0x8363, 0x9406, 0x8BE5, 0x8BC5, 0x7B23,
    0x8BE5, 0x8BC5, 0x7B43, 0x8BC4, 0x93E4, 0x83A3, 0x93E5, 0x8BC4, 0x8384, 0x8384, 0x8384, 0x6AC1,
    0x7302, 0x6AC2, 0x7302, 0x7B44, 0x7303, 0x6AC2, 0x6282, 0x62A3, 0x6AC3, 0x6AC3, 0x7304, 0x5221,
    0x6AA3, 0x6283, 0x5A42, 0x62A3, 0x6AA3, 0x7B44, 0x5A42, 0x49C1, 0x41A1, 0x2921, 0x49E2, 0x3981,
    0x49C1, 0x49E1, 0x6282, 0x6262, 0x6AA2, 0x5A42, 0x7B24, 0x6AC3, 0x7303, 0x62A2, 0x8343, 0x7B42,
    0x7B43, 0x9405, 0x8BA4, 0x7302, 0x8363, 0x93E6, 0x8384, 0x8363, 0x7322, 0x7B03, 0x9C45, 0x8383,
    0x93E5, 0x93E5, 0x9426, 0x93E4, 0x9C25, 0x83A4, 0x8BE4, 0x8BC4, 0xA466, 0x9C26, 0x9406, 0x7B64,
    0x8364, 0xA487, 0x9C26, 0x8BE4, 0x93E5, 0x8BC3, 0x93C4, 0x9405, 0x9C25, 0x93E5, 0x9425, 0x8BE5,
    0x8BC4, 0x8BC4, 0x8BA4, 0x7302, 0x8BA5, 0x8BE6, 0x8384, 0x7B44, 0x7B44, 0x6AE2, 0x83A3, 0x8362,
    0xA466, 0x9C66, 0x72E2, 0x9C45, 0x7B22, 0x7B63, 0x9C25, 0x9C26, 0x93E5, 0x8BE3, 0x9C25, 0x8383,
    0x9C66, 0x9C46, 0x9C24, 0x9C45, 0x9405, 0x9C25, 0x8BC3, 0x9C46, 0x8BE4, 0x9C26, 0x9C26, 0x8BC4,
    0x9C46, 0x93E4, 0x9C25, 0x8383, 0x8BC5, 0x8383, 0x7302, 0x8383, 0x7B43, 0x8384, 0x8383, 0x8BC4,
    0x8364, 0x8384, 0x8BC5, 0x6AC3, 0x8BA4, 0x8BC5, 0x83A4, 0x7302, 0x72E2, 0x6AC2, 0x6AC2, 0x7B44,
    0x6AE3, 0x7B23, 0x6282, 0x62A3, 0x5A62, 0x5202, 0x6AE3, 0x5A62, 0x62A3, 0x6283, 0x5A62, 0x6AA3,
    0x6283, 0x6262, 0x5A22, 0x5201, 0x49E1, 0x49E1, 0x4A02, 0x2900, 0x5A42, 0x41A1, 0x5201, 0x7B43,
    0x7303, 0x5A62, 0x7324, 0x7303, 0x7B64, 0x6AC2, 0x7303, 0x83A3, 0x8363, 0x8384, 0x7B22, 0x8383,
    0x8BC4, 0x8BC4, 0x8BC5, 0x8BC4, 0x9405, 0x7B43, 0x9C46, 0xA467, 0x9425, 0x9C67, 0x9C26, 0x9C26,
    0x9C46, 0x8BA3, 0x8BC4, 0x8BC4, 0x9C46, 0xA466, 0x9405, 0xA487, 0x9425, 0x93E4, 0x9C45, 0x9425,
    0x93E4, 0x8BA3, 0x9405, 0x7B43, 0x83A4, 0x9425, 0x9C25, 0xA487, 0x9425, 0x8383, 0x8BA3, 0x7B42,
    0x7B43, 0x83A4, 0x8BC5, 0x8BA4, 0x7B43, 0x9C46, 0x8BC3, 0x8BA3, 0x9C25, 0x93E4, 0x9C45, 0xA486,
    0x7302, 0x7B22, 0x9C25, 0xA487, 0x9C67, 0x8BC3, 0x9404, 0x8BA3, 0xA466, 0x9C45, 0xA466, 0xA466,
    0x9C46, 0x9C46, 0x8BA3, 0x8BA3, 0x9C46, 0x9C25, 0xA467, 0x9404, 0x9404, 0x9405, 0x9405, 0x8342,
    0x8BC5, 0x8BE4, 0x9C46, 0x93E4, 0x9405, 0x9405, 0x93E5, 0x7302, 0x6AC2, 0x7B44, 0x8BC5, 0x6AC3,
    0x8BA4, 0x8BA5, 0x7344, 0x72E2, 0x7302, 0x6AC2, 0x6282, 0x72E3, 0x6AC2, 0x6AC3, 0x7B23, 0x7303,
    0x5A62, 0x5201, 0x5201, 0x6282, 0x5A62, 0x6283, 0x62A2, 0x72E3, 0x6AA3, 0x6AC3, 0x5222, 0x41C1,
    0x5222, 0x5222, 0x5222, 0x5202, 0x49C2, 0x5201, 0x5221, 0x6282, 0x8364, 0x5A62, 0x5A42, 0x6AA3,
    0x7303, 0x6AC2, 0x7B43, 0x8383, 0x7B63, 0x9405, 0x8385, 0x93E5, 0x9C26, 0x9426, 0x9405, 0x9405,
    0x9C46, 0x8383, 0x93E5, 0x9425, 0x9C46, 0x9426, 0x9C46, 0x9425, 0x9C46, 0x8BA3, 0x8BA3, 0x8BC3,
    0xA486, 0xA486, 0x9C46, 0x9C25, 0x9C26, 0x9425, 0x9404, 0x9C45, 0x9404, 0x9404, 0x9405, 0x9404,
    0x9404, 0x9C46, 0x9404, 0x9C66, 0x9C25, 0x8BC3, 0x9425, 0x7B42, 0x7B23, 0x8BC5, 0x8363, 0x8BC5,
    0x8384, 0x9405, 0x8BC3, 0x8BA3, 0xA487, 0x93E4, 0x9C45, 0x9C45, 0x8BC3, 0x93E4, 0x93E4, 0x9405,
    0x9425, 0x8BC2, 0x9C46, 0x8BC3, 0xA487, 0x9C25, 0x9C25, 0x9C25, 0x9404, 0x9C66, 0x8BA3, 0x8BA3,
    0x9C66, 0x9C46, 0x9C26, 0x9C47, 0x93E4, 0x9425, 0x9405, 0x8363, 0x9C25, 0x8BE4, 0x9404, 0x9C25,
    0x9405, 0x9C25, 0x93E4, 0x7301, 0x6AC2, 0x5201, 0x7303, 0x8BA4, 0x8384, 0x8BA5, 0x8383, 0x72E2,
    0x6282, 0x6AA2, 0x5A41, 0x6282, 0x7303, 0x7B64, 0x72E3, 0x7303, 0x6AE3, 0x5A42, 0x5202, 0x6282,
    0x6AA2, 0x6AE3, 0x7303, 0x6AC3, 0x6AC3, 0x5A21, 0x49E1, 0x41C1, 0x5A62, 0x5A62, 0x41C1, 0x6282,
    0x5A41, 0x62A3, 0x49E1, 0x6282, 0x8384, 0x6AE3, 0x8384, 0x72E3, 0x7323, 0x7B43, 0x7302, 0x7B42,
    0x8383, 0x8BC5, 0x93E5, 0x8BE5, 0x8BC4, 0x9405, 0x93E4, 0x93E5, 0x93E4, 0x9405, 0x9404, 0x7B42,
    0x93E4, 0x9C46, 0x9405, 0x9C46, 0x9C46, 0x8BA4, 0x8362, 0x8BC4, 0x9C46, 0xA4A7, 0x9C46, 0x8BC4,
    0x9C25, 0x9C45, 0xA487, 0x8BC3, 0x9C66, 0x9404, 0x8BC3, 0x9C46, 0x9C46, 0x9C46, 0x9C46, 0x9425,
    0x9C45, 0x8BC3, 0x9404, 0x8362, 0x83A4, 0x7B43, 0x7303, 0x7B43, 0x7B23, 0x8363, 0x8BC3, 0x9C46,
    0x83A3, 0x9C45, 0x9405, 0x9C45, 0x8383, 0x7302, 0x9C25, 0x8BE4, 0x8BA3, 0x8BC3, 0x9C25, 0x93E4,
    0xA486, 0x9C45, 0xA487, 0xA466, 0x9C45, 0x9404, 0xA467, 0x9404, 0x8383, 0x9C45, 0xA466, 0x93E4,
    0x9425, 0x9405, 0x8BC3, 0x8383, 0x93E4, 0x8BA4, 0x9C25, 0x9C25, 0x9C66, 0x9C46, 0x8383, 0x8363,
    0x93E5, 0x62A2, 0x8BA4, 0x9406, 0x8384, 0x8363, 0x8BA4, 0x8363, 0x7302, 0x7302, 0x6AC2, 0x7B43,
    0x8363, 0x6282, 0x6AA2, 0x7B24, 0x6AC2, 0x6AA2, 0x6262, 0x5202, 0x6282, 0x7B44, 0x7303, 0x6AE3,
    0x62A3, 0x6282, 0x41A1, 0x4A01, 0x5222, 0x5A42, 0x49E2, 0x5222, 0x4A02, 0x72E3, 0x6262, 0x7302,
    0x7B23, 0x6AE3, 0x8384, 0x8364, 0x7303, 0x5A61, 0x7322, 0x7B63, 0x8383, 0x9C46, 0x93E5, 0x9404,
    0x9405, 0x8BC4, 0x93E4, 0x83A4, 0x9405, 0x9C45, 0x8BA4, 0x8383, 0x9426, 0x9C46, 0x9404, 0x9C67,
    0xA487, 0x8363, 0x93E4, 0x8BC4, 0x9C66, 0xA487, 0xA4A7, 0x8BA3, 0xA487, 0x9C66, 0x9C66, 0x8BC3,
    0x9C46, 0x9425, 0x8BC3, 0x9C45, 0x9C46, 0x9C24, 0x9C66, 0xACC8, 0xA487, 0x93E3, 0x9404, 0x8BC4,
    0x83A4, 0x6AE2, 0x7B23, 0x8384, 0x7B64, 0x6AE3, 0x9405, 0x8343, 0x8BA3, 0xA4A6, 0x9405, 0x8BC4,
    0x7302, 0x8362, 0x9C45, 0x9C46, 0x9C46, 0x93E3, 0x9C45, 0x8BC3, 0x9C45, 0x9C46, 0x9C46, 0xA466,
    0x9C66, 0x8382, 0xA486, 0xA487, 0x8BA3, 0x9C66, 0x9404, 0x9C45, 0x9C67, 0x93E4, 0x9C46, 0x8BC3,
    0x93E4, 0x8363, 0x9C46, 0x9C66, 0xA486, 0x9404, 0x7B63, 0xA466, 0x8383, 0x7B42, 0x9405, 0x93E5,
    0x7B02, 0x93C4, 0x8BA4, 0x8363, 0x7B43, 0x7B43, 0x72E2, 0x8384, 0x8BA4, 0x8363, 0x7323, 0x8384,
    0x6282, 0x6AC2, 0x6AE3, 0x5A62, 0x7B44, 0x7303, 0x8364, 0x6AA2, 0x5A62, 0x5A22, 0x49E1, 0x49E1,
    0x62A3, 0x7304, 0x6AC3, 0x5222, 0x6262, 0x72E3, 0x6282, 0x8384, 0x8BA5, 0x7303, 0x7324, 0x7B43,
    0x8364, 0x7B64, 0x7B22, 0x7B22, 0x8383, 0x9C05, 0x9406, 0x9C26, 0x9405, 0x9405, 0x9C25, 0x9404,
    0x9C25, 0x7B42, 0x9C25, 0x8BC3, 0x9425, 0x9425, 0x9C66, 0x9C67, 0x9C45, 0x8BC4, 0x83A3, 0x93E4,
    0x9C66, 0x93E4, 0xA487, 0x9C66, 0xA486, 0xA4A7, 0x9C67, 0xA467, 0x8BC4, 0x9C46, 0x8BC3, 0xA466,
    0x9C25, 0x9C67, 0x9C66, 0xA487, 0x9C66, 0x8BC3, 0x8BC3, 0x8BA3, 0x8384, 0x93E5, 0x7B43, 0x7B43,
    0x8363, 0x8BC4, 0x7323, 0x7B43, 0x9C25, 0x9C46, 0xACA7, 0x8BA3, 0x72E2, 0x83A4, 0x9C66, 0x9C26,
    0x9C46, 0x93E4, 0x9C24, 0x8BE4, 0xA487, 0x9425, 0x9424, 0x9C66, 0x9C46, 0x9C25, 0x9404, 0x9425,
    0x93E4, 0x9C25, 0x9C67, 0x9C66, 0x93C4, 0x9C25, 0x9C46, 0x8BA3, 0x9425, 0x8BC4, 0x9C25, 0x93E4,
    0x9C66, 0x9425, 0x83A3, 0x9C25, 0x8363, 0x9C25, 0x8BC4, 0x8BC4, 0x93E5, 0x8BA4, 0x8BC4, 0x7B23,
    0x7B22, 0x7B23, 0x6AE2, 0x93E5, 0x7B44, 0x6AC2, 0x7B24, 0x7B24, 0x6AC3, 0x6282, 0x7B23, 0x5A62,
    0x7303, 0x8384, 0x7303, 0x7B24, 0x6282, 0x6283, 0x6282, 0x5A42, 0x6AC3, 0x6AC3, 0x7303, 0x5222,
    0x6AC3, 0x6262, 0x5A21, 0x7B64, 0x8B84, 0x8384, 0x7B44, 0x9C05, 0x8BA4, 0x7303, 0x7B42, 0x7B42,
    0x8383, 0x9C46, 0x9C26, 0x9C25, 0x9C66, 0x8BC5, 0x9C26, 0x9C46, 0x93E4, 0x8BC4, 0x8363, 0x9C46,
    0x9C46, 0x9405, 0x9C46, 0x9C25, 0xA487, 0x8BC4, 0x8BC3, 0x93E4, 0x9C25, 0x9405, 0x9425, 0x9C66,
    0x9C66, 0xA467, 0x9C66, 0xA467, 0x93E3, 0x8BC4, 0xA487, 0x9C66, 0x9C25, 0x9C46, 0x9425, 0xA487,
    0xA4A7, 0x93E4, 0x93E4, 0x8BA3, 0x7302, 0x6AE2, 0x7B64, 0x83A4, 0x8BC4, 0x9C66, 0x7B63, 0x7302,
    0x93E4, 0x9C46, 0x93E4, 0x9425, 0x9C46, 0x7B43, 0x9C46, 0x9C25, 0x9C46, 0x93E3, 0x9C45, 0x8BC3,
    0xA467, 0xA466, 0x9C46, 0xA466, 0x9404, 0xA466, 0x8BE4, 0x8BC3, 0x9C25, 0x93C3, 0x9C45, 0x9C66,
    0x9405, 0x9C25, 0x9C25, 0x93C3, 0x9C25, 0x8BE4, 0x9404, 0x9C25, 0x93E4, 0x9C66, 0x9C46, 0x8BA3,
    0x8383, 0x93E5, 0x9405, 0x9405, 0x8BA4, 0x8BA4, 0x93E5, 0x7B63, 0x7B43, 0x7B43, 0x7303, 0x8BA4,
    0x8364, 0x8384, 0x6AC3, 0x8364, 0x7B44, 0x6282, 0x62A2, 0x7B23, 0x7B24, 0x7B44, 0x72E3, 0x7303,
    0x6AC3, 0x6282, 0x5221, 0x5A42, 0x6282, 0x6AE3, 0x6AE3, 0x5222, 0x5A42, 0x5A82, 0x5A61, 0x6AA2,
    0x7304, 0x62A2, 0x7B44, 0x9C25, 0x8384, 0x7B43, 0x8383, 0x8363, 0x7B43, 0x9C67, 0x9405, 0x93E4,
    0x9426, 0x8BA4, 0x93E5, 0x8BC4, 0x9C46, 0x8BA4, 0x9405, 0x9426, 0x9425, 0x9425, 0x9425, 0x9C46,
    0x9C46, 0x8BA3, 0x8BC3, 0x9404, 0xA487, 0x9C66, 0x9425, 0x9C46, 0x9C66, 0xA467, 0xA466, 0xA487,
    0x93E4, 0x8BE3, 0xA4A7, 0xA467, 0xA467, 0x9C26, 0x9C46, 0xA486, 0x9C67, 0x9404, 0x8BE4, 0x8BC4,
    0xA466, 0x8364, 0x8384, 0x7B63, 0xA486, 0xA4A8, 0x6AC2, 0x7B43, 0x8BC4, 0x9C25, 0x93E5, 0x9C45,
    0x7B43, 0x83A4, 0x8BC4, 0xA487, 0x9C46, 0x8BE3, 0x93C3, 0x93E4, 0x9C66, 0x9C46, 0x9C46, 0xA466,
    0x9C25, 0x9C66, 0x8BC4, 0x8BC3, 0x9C46, 0x9405, 0x9405, 0x9C25, 0x9C25, 0x9405, 0x9405, 0x8BA3,
    0x93E4, 0x93E4, 0x9C25, 0x9404, 0x8BC3, 0x9C25, 0xA467, 0x8BA3, 0x8BC3, 0x9425, 0x9405, 0x9405,
    0x93E4, 0x8BC4, 0x8BA4, 0x8363, 0x7B22, 0x7B22, 0x72E2, 0x8BA4, 0x8363, 0x8364, 0x8364, 0x7B23,
    0x7B23, 0x72E3, 0x62A2, 0x72E3, 0x7B23, 0x8364, 0x7B23, 0x7B23, 0x72E3, 0x6282, 0x5A41, 0x5221,
    0x6283, 0x6AC3, 0x7B44, 0x6AE3, 0x5201, 0x6AC3, 0x72E3, 0x6281, 0x7B44, 0x7B23, 0x72E2, 0x7B43,
    0x8BC4, 0x7B43, 0x7302, 0x7B43, 0x8BA4, 0x9425, 0x9C25, 0x9C45, 0x9404, 0x8363, 0x8383, 0x8363,
    0x93E5, 0x8BA4, 0x8BC3, 0x8383, 0x9426, 0x93E4, 0x9C66, 0x9C25, 0x93E4, 0x8383, 0x8383, 0x8BA3,
    0x9C26, 0x83A4, 0x9C46, 0x9C67, 0x9C66, 0x9C67, 0xACE8, 0x9C66, 0x9C46, 0x8BE4, 0x9C45, 0xA487,
    0x93E4, 0x9C25, 0x9C66, 0x9C66, 0xA487, 0x93E3, 0x9425, 0x83A3, 0x9C66, 0x7B23, 0x8BA4, 0x93E5,
    0x9C25, 0x9404, 0x62C2, 0x8BA4, 0x8383, 0x8364, 0x8BC4, 0xA466, 0x7323, 0x8384, 0xA445, 0x9405,
    0x9405, 0x8BE3, 0x9C24, 0x8BA3, 0x9C45, 0x9C46, 0x9C66, 0x72C2, 0x93E4, 0x9405, 0x9405, 0x93E3,
    0x9404, 0xA466, 0x9C26, 0x93E5, 0x9405, 0x9C25, 0x9C05, 0x8BA3, 0x9405, 0x9C25, 0x9C46, 0x9C46,
    0x8BC4, 0x9C46, 0x8BA3, 0x8BA3, 0x9C45, 0x8BA3, 0x9425, 0x9C46, 0x93E5, 0x8383, 0x8BC5, 0x7B43,
    0x8363, 0x7B63, 0x7B43, 0x8BA4, 0x8344, 0x7B23, 0x7B23, 0x8364, 0x8343, 0x8384, 0x6282, 0x5A62,
    0x7B03, 0x8344, 0x7B24, 0x7303, 0x6AA2, 0x7304, 0x6262, 0x5A62, 0x6262, 0x62A2, 0x6AC3, 0x49E1,
    0x5A62, 0x72E3, 0x7303, 0x6261, 0x8384, 0x8364, 0x5242, 0x8384, 0x8363, 0x8BE6, 0x8363, 0x7B43,
    0x8BC4, 0x8BC4, 0x9405, 0x9425, 0x8BC3, 0x8BA3, 0x9C26, 0x8384, 0x9C25, 0x93E5, 0x9425, 0x8363,
    0x93E4, 0x8BC4, 0x9C66, 0x9C25, 0x9C25, 0x8383, 0x93E4, 0x7B22, 0x9405, 0x9C66, 0x8BE4, 0x9C46,
    0x9C25, 0x9425, 0xA488, 0x9C46, 0xA487, 0x9C46, 0x9424, 0x93E4, 0x9425, 0x9C46, 0x9C45, 0xA487,
    0x9C66, 0x8BC3, 0x9C45, 0x83A3, 0x9426, 0x8BC4, 0x83A5, 0x9C46, 0x9C25, 0x93E4, 0x8363, 0x8384,
    0x7303, 0x8384, 0x7B23, 0x8BC4, 0x7B43, 0x83A4, 0x9C46, 0x8BC4, 0x9C46, 0x93E4, 0x9404, 0x8BA3,
    0x9C66, 0x9C25, 0x9C25, 0x9C26, 0x8BE5, 0x9C46, 0xA486, 0xA466, 0x8BA3, 0xA467, 0x93E4, 0x9C46,
    0x9C25, 0x9C46, 0xA467, 0x93E4, 0x9425, 0x9404, 0x9404, 0x9C45, 0xA446, 0x8BC4, 0x8BC3, 0x93E4,
    0x9C25, 0x8BA3, 0x9C46, 0x9405, 0x9405, 0x93E4, 0x9425, 0x7B43, 0x7B63, 0x7B02, 0x8363, 0x8BE5,
    0x7B44, 0x8BA4, 0x8BA4, 0x8364, 0x7303, 0x8344, 0x7B44, 0x6282, 0x7B23, 0x72E3, 0x72E3, 0x7303,
    0x7B43, 0x7B25, 0x5221, 0x5221, 0x5222, 0x5201, 0x5202, 0x6283, 0x5A41, 0x5A42, 0x6AA2, 0x8363,
    0x8364, 0x8BA4, 0x6AC2, 0x8BC4, 0x8BA4, 0x8BA5, 0x7B43, 0x8BE4, 0x7B22, 0x93E5, 0x9C25, 0x9405,
    0x93C4, 0x9405, 0x9C26, 0x93E5, 0x9C46, 0x8363, 0x9405, 0x7B21, 0x9404, 0x7B43, 0x9C25, 0xA467,
    0xA467, 0x8BC3, 0x8BC3, 0x8BA3, 0x9C25, 0x9C67, 0x9405, 0x9C46, 0xA466, 0x9C25, 0xA487, 0x9C46,
    0x9404, 0xA466, 0x9C25, 0x8383, 0x9C25, 0xA466, 0xA486, 0x9C65, 0xA4A7, 0x93E3, 0x9404, 0x8BE3,
    0x9C45, 0x93E5, 0x8BA4, 0x9C46, 0x9C46, 0x9405, 0x8BC4, 0x7B43, 0x93E5, 0x7B24, 0x9405, 0x8384,
    0x7B43, 0x8384, 0x9405, 0x8BA4, 0x93E5, 0x8BC3, 0x93E4, 0x8BC3, 0x9405, 0x9C67, 0x9C25, 0x8BE4,
    0x9425, 0x9C25, 0x9404, 0xA466, 0x8BC3, 0x9405, 0x9C25, 0x9405, 0x9C25, 0x93E4, 0x9C25, 0x93E4,
    0x9C25, 0x8BE4, 0x9C66, 0x9C46, 0x8383, 0x9C45, 0xA4A7, 0x93E4, 0x8BC3, 0x9405, 0x9405, 0x9C46,
    0x8BC3, 0x9405, 0x93E4, 0x8363, 0x7B42, 0x7B43, 0x7302, 0x83A4, 0x8363, 0x8363, 0x8343, 0x8BC5,
    0x7B44, 0x7323, 0x7B24, 0x6AC2, 0x7303, 0x7B23, 0x62A2, 0x6AC3, 0x72E3, 0x6AE3, 0x5221, 0x6262,
    0x5A42, 0x6282, 0x72E3, 0x6282, 0x62A2, 0x5A21, 0x5A62, 0x6AE2, 0x8384, 0x7B64, 0x7B23, 0x93E5,
    0x8BA4, 0x8BA4, 0x7B42, 0x8383, 0x83A3, 0x8BA4, 0x9C26, 0x9C46, 0x93E4, 0x9C46, 0x93E4, 0x9405,
    0x9C45, 0x9C24, 0x9C46, 0x9405, 0x9C26, 0x9C46, 0xA487, 0x9C46, 0x9C25, 0x8B83, 0x9404, 0x93E4,
    0x9C46, 0x9425, 0x9C66, 0x9405, 0xA487, 0xA466, 0x9C66, 0x9425, 0x9404, 0x8BC3, 0xA4A7, 0x9C45,
    0x9C46, 0x9C25, 0x9C45, 0x9C67, 0x9C25, 0x9403, 0x9404, 0x8382, 0xA486, 0x9405, 0x7B63, 0x9C45,
    0xA466, 0x9426, 0x7302, 0x7B43, 0x83A4, 0x8BC4, 0x8BE5, 0x8BA4, 0x8384, 0x8BA4, 0x93E5, 0x93E4,
    0x8BC4, 0x8BA3, 0x8BC3, 0x8B83, 0xA487, 0x9C25, 0x9404, 0x9C46, 0x9405, 0x9C66, 0x93E3, 0x8BC4,
    0x9C45, 0x9C25, 0x8BC3, 0x9C66, 0x9404, 0x8BC4, 0x9C46, 0x93E3, 0x9C46, 0x9404, 0xA466, 0x9C45,
    0x9C46, 0x9404, 0x9C46, 0x7B22, 0x8BC3, 0x9C45, 0x9C46, 0x9C46, 0x9405, 0x93E4, 0x8BA3, 0x8BA3,
    0x7B42, 0x8363, 0x7B23, 0x8BA4, 0x8384, 0x8BA4, 0x7B23, 0x7B23, 0x72E2, 0x72E2, 0x6282, 0x7B43,
    0x8364, 0x7B44, 0x72E3, 0x6282, 0x6AA2, 0x6AA2, 0x5A62, 0x49C1, 0x6283, 0x5222, 0x7B23, 0x62A3,
    0x5A62, 0x5A62, 0x5242, 0x62A2, 0x7303, 0x7323, 0x6AE2, 0x8BA4, 0x8BA4, 0x8364, 0x6281, 0x8362,
    0x8383, 0x9404, 0x93E4, 0x9405, 0x9405, 0x9405, 0x9405, 0x93E4, 0x9C45, 0x9C26, 0x9C25, 0x8BC4,
    0x9404, 0x9C46, 0xA4A8, 0xA466, 0x9C46, 0x8B83, 0x9C46, 0x8BC4, 0x93E5, 0x9C45, 0x9C45, 0x9C25,
    0xA487, 0xA4A7, 0xA487, 0xA487, 0xA4A7, 0x9403, 0x8382, 0x9C25, 0xA486, 0x9425, 0x9C45, 0xA4A7,
    0x9405, 0x8BC3, 0x83A3, 0x83A3, 0x9C25, 0x8BC5, 0x6AC2, 0x9425, 0x9C66, 0x8BA4, 0x7B43, 0x9C25,
    0x9C25, 0x8BA3, 0x8384, 0x9406, 0x7303, 0x8364, 0x8BC4, 0x8383, 0x9405, 0x93E4, 0x8382, 0x93E4,
    0xA466, 0x9404, 0xA486, 0xA486, 0x9C45, 0x9424, 0x8BC4, 0x93C3, 0x8BC4, 0x9C25, 0x9C46, 0x9C66,
    0x9C46, 0x9C46, 0x9C46, 0x93E3, 0x9C25, 0x9404, 0x9C46, 0x9C45, 0x9C46, 0x9C45, 0x8BA3, 0x8383,
    0x9405, 0x9C45, 0x9C46, 0x9C25, 0x9C25, 0x8BA3, 0xA466, 0x8BC4, 0x8383, 0x7B22, 0x7303, 0x8BA4,
    0x8BA4, 0x72E2, 0x7B64, 0x8363, 0x7B23, 0x7303, 0x6AE2, 0x6AC2, 0x7B23, 0x7B43, 0x7303, 0x6AA2,
    0x7303, 0x6AA2, 0x5201, 0x5221, 0x5A62, 0x6282, 0x72E3, 0x62A3, 0x5242, 0x72E3, 0x6AC2, 0x7303,
    0x8364, 0x7B63, 0x7B44, 0x9405, 0x7B42, 0x8BC4, 0x6AA2, 0x8BA4, 0x8383, 0x93E4, 0x9405, 0x93E4,
    0x9404, 0x9C46, 0x9C45, 0x9405, 0x9404, 0x9C46, 0x9405, 0x8382, 0xA467, 0x8BC4, 0x9C45, 0x9C45,
    0xA487, 0x9404, 0x93C3, 0x8383, 0xA466, 0xA487, 0x9C25, 0x9C46, 0xA487, 0xA487, 0xA487, 0xA466,
    0xA466, 0xA486, 0x8BC3, 0x93E3, 0xA487, 0x9C25, 0x7302, 0x9447, 0x9426, 0x8382, 0x93E3, 0x83A3,
    0x9C46, 0x7B43, 0x8383, 0xA4A7, 0x9C26, 0x8BE4, 0x8384, 0x8384, 0x8BC4, 0x9C45, 0x83C4, 0x7B43,
    0x7B44, 0x8BA4, 0x9C25, 0x8363, 0x9405, 0x93E3, 0x9C25, 0x8BC3, 0xA486, 0xA4A7, 0xA4A7, 0x9C66,
    0x9C66, 0x9C45, 0xA466, 0x9C26, 0x8BA3, 0x9C66, 0xA487, 0x9C45, 0x9424, 0x9C46, 0x9C66, 0x8382,
    0x9C46, 0x93E4, 0x9C25, 0xA466, 0x9C25, 0x9C45, 0x8383, 0x93E4, 0x93E4, 0x9404, 0x9C25, 0x9C66,
    0x9C25, 0x8BA3, 0x9405, 0x8383, 0x8BA4, 0x7B22, 0x7323, 0x7B23, 0x7B43, 0x7303, 0x8383, 0x7303,
    0x6AE3, 0x6AE3, 0x7B23, 0x7303, 0x8384, 0x8384, 0x8364, 0x7B24, 0x7B23, 0x7323, 0x5A42, 0x5A62,
    0x5A62, 0x5A42, 0x5A41, 0x6283, 0x62C2, 0x7303, 0x7303, 0x62A2, 0x8BA4, 0x8384, 0x7B23, 0x8BA4,
    0x93E5, 0x8383, 0x6AC1, 0x8B83, 0x8BC4, 0x9405, 0x9405, 0x9426, 0x8BC4, 0x9425, 0x9404, 0x9405,
    0x9C25, 0x9404, 0x9C45, 0x8383, 0x9C25, 0x8BC4, 0x9425, 0x9C25, 0xA465, 0x8BC3, 0x9404, 0x9404,
    0xA4A7, 0x93E3, 0x9404, 0x9C66, 0xA467, 0xA466, 0x9C66, 0xA4A7, 0x9405, 0xA486, 0x9C24, 0x9405,
    0x9C45, 0xA486, 0xA4A7, 0x8383, 0x8BC4, 0x9404, 0x83A2, 0x7B42, 0x8BA3, 0x83A4, 0x7B43, 0xA466,
    0x8BC4, 0x7303, 0x93E5, 0x7323, 0x9426, 0x9C25, 0x9405, 0x8384, 0x7B43, 0x8BE4, 0x9405, 0x8BC4,
    0x8BA4, 0x93E3, 0xA465, 0x8BC3, 0x9C66, 0xA487, 0xA487, 0xA466, 0x9C46, 0xA487, 0x93E4, 0x9C45,
    0x93E4, 0x9C24, 0x9C46, 0xA466, 0x9C04, 0x9C25, 0x9C46, 0x8362, 0x9C45, 0x9C46, 0x9C45, 0x9C45,
    0xA466, 0x9405, 0x8383, 0x9C46, 0x8363, 0x9C25, 0x9C67, 0x9404, 0x9425, 0x9C66, 0x9C46, 0x8BE4,
    0x8BC3, 0x8383, 0x7B23, 0x93E5, 0x8BC5, 0x7303, 0x8BC5, 0x8364, 0x8384, 0x6AC2, 0x72E3, 0x6AC2,
    0x7B44, 0x83A4, 0x8364, 0x8364, 0x7303, 0x7323, 0x5A41, 0x5A42, 0x6282, 0x6AE3, 0x7B64, 0x5A42,
    0x62A2, 0x6AC2, 0x6AA2, 0x8B84, 0x83A4, 0x7B23, 0x7B43, 0x9425, 0x8BC4, 0x8BE4, 0x6AA1, 0x8BA3,
    0x7B22, 0x9C46, 0x8BC4, 0x9425, 0x8BE4, 0x9405, 0x93E4, 0x9C05, 0x93E4, 0x93E4, 0x9C25, 0xA466,
    0x9C66, 0x9404, 0xA487, 0x9C66, 0x9C45, 0x8BA3, 0x8BC3, 0x9404, 0xA467, 0x9C66, 0xA487, 0xA465,
    0xA486, 0xA487, 0xA465, 0x9C25, 0x9424, 0x93E4, 0x9C46, 0xA467, 0x9C25, 0x9C45, 0x9C25, 0x9C46,
    0x9405, 0x9404, 0x93E3, 0x7322, 0xA466, 0x7B63, 0x8BE4, 0x8BC4, 0x9C45, 0x9405, 0x8363, 0x7B22,
    0x9C67, 0x83A4, 0x8384, 0x7B23, 0x7B43, 0x7B23, 0x8363, 0x8383, 0x8BE5, 0x93E4, 0x9424, 0x8BE4,
    0xA487, 0xA487, 0xA487, 0x9C45, 0x93E4, 0xACA7, 0x93E4, 0x8BC3, 0xA466, 0xA466, 0x9C66, 0x8BE4,
    0xA486, 0x9425, 0x9C45, 0x93E3, 0x9425, 0x9C25, 0x9C25, 0x9C25, 0x9C45, 0x93C3, 0x9C45, 0x8BA3,
    0x8382, 0x9C25, 0x9C46, 0x9C46, 0x9404, 0x9C25, 0x9C45, 0x8383, 0x83A3, 0x8383, 0x7B23, 0x9405,
    0x8BC5, 0x8BE5, 0x72E2, 0x8384, 0x8364, 0x7B43, 0x6AE3, 0x72E3, 0x8BC5, 0x8BA4, 0x7B43, 0x8384,
    0x7B03, 0x72E3, 0x5A62, 0x5A42, 0x6AC3, 0x7303, 0x7B03, 0x5222, 0x6282, 0x6AE2, 0x6281, 0x7B43,
    0x8364, 0x8363, 0x6AC2, 0x7B23, 0x9C26, 0x8BC4, 0x6AA1, 0x8383, 0x8363, 0x9405, 0x7B43, 0x9405,
    0x9C25, 0x93E4, 0x9425, 0x9405, 0x9C67, 0x93E4, 0x9C46, 0x9C45, 0x9404, 0x93E4, 0xA466, 0x9C45,
    0x9C46, 0x93E4, 0x9404, 0x9404, 0x9C66, 0x9C66, 0xA486, 0x9C45, 0x9C66, 0xA487, 0x9C45, 0xA4A7,
    0x9405, 0x9404, 0xA486, 0x9C24, 0x9C04, 0x9C45, 0x9C45, 0x9404, 0x9405, 0x93E3, 0x93E3, 0x8383,
    0x8BC4, 0x9C46, 0x8363, 0x9C25, 0x8BC4, 0x9C66, 0x7B43, 0x7302, 0x9C25, 0x7B63, 0xA486, 0x8383,
    0x8383, 0x7303, 0x8363, 0x8BA4, 0x83A4, 0x8BC3, 0x9C45, 0x93E4, 0xA466, 0x9C46, 0x9C45, 0xA486,
    0x9C45, 0xA487, 0x9C45, 0x9404, 0xA487, 0x9C25, 0x9C25, 0x9C24, 0xA466, 0x9C25, 0xA466, 0x8BC3,
    0x9425, 0x9424, 0x9424, 0xA466, 0x9C25, 0x9C25, 0x9C25, 0x8BA2, 0x93E3, 0x9425, 0x93E4, 0x9C25,
    0x9C46, 0x9C46, 0x9C46, 0x8383, 0x8BA3, 0x8363, 0x7302, 0x9C25, 0x93E5, 0x7B23, 0x8384, 0x8384,
    0x83A4, 0x7B43, 0x6AE2, 0x7323, 0x8BA5, 0x8BC5, 0x8364, 0x7324, 0x7303, 0x6AA2, 0x5A61, 0x49E1,
    0x72E3, 0x5242, 0x7B03, 0x7B23, 0x62A2, 0x7B43, 0x6AC2, 0x7303, 0x8384, 0x9405, 0x8364, 0x8BA3,
    0x8BE4, 0x8BA4, 0x7322, 0x8BA3, 0x83A3, 0x72E2, 0x8BC3, 0x93E3, 0x9C25, 0x9C46, 0x9C25, 0x9C46,
    0xA487, 0x9404, 0x9C45, 0x93E4, 0x9C45, 0x9C46, 0x9C45, 0x9C45, 0x9C46, 0x8BA3, 0x8BC3, 0x8BA3,
    0xA466, 0x9C66, 0xA466, 0x9C66, 0x9C45, 0xA486, 0xA486, 0xA487, 0x9C25, 0x8383, 0x93E4, 0x9C45,
    0xA466, 0x8383, 0x9C45, 0xA466, 0x9C66, 0x93C3, 0x93E4, 0x8381, 0x93E4, 0x7B63, 0x8362, 0xA486,
    0x9C46, 0x7B22, 0x8384, 0x6AE3, 0x8BA4, 0x8BC4, 0x93E4, 0x8383, 0x9C45, 0x83A4, 0x9405, 0x8363,
    0x9C26, 0x8362, 0x9C65, 0x93E4, 0x9C66, 0xA467, 0x9C66, 0x9404, 0xA486, 0x9C46, 0xA465, 0x8BC3,
    0x9404, 0x9C25, 0x9C25, 0x9C46, 0x9C25, 0x9C66, 0x9C45, 0x93E3, 0x9404, 0x9C25, 0xA4A7, 0xA487,
    0x9C25, 0x9C66, 0x8BA3, 0x93E5, 0x93E4, 0x8BC3, 0x9404, 0x9C25, 0x93C4, 0x9C45, 0x9C66, 0x8BA3,
    0x8383, 0x8383, 0x7B43, 0x8BE5, 0x93E5, 0x8BC5, 0x93C5, 0x8364, 0x8BE5, 0x7B43, 0x8BA4, 0x6AC2,
    0x8385, 0x7B64, 0x62C3, 0x7B24, 0x5A42, 0x7303, 0x5201, 0x5221, 0x62A2, 0x72E2, 0x6282, 0x7B23,
    0x62A2, 0x8384, 0x6AE3, 0x6AC2, 0x8BC4, 0x8BA4, 0x7303, 0x9404, 0x8BC4, 0x8BC4, 0x7B22, 0x8BA3,
    0x83A3, 0x9C25, 0x93E4, 0x9C46, 0xA466, 0x8BC4, 0x83A3, 0x8BE4, 0x93E4, 0x83A3, 0x9C66, 0x8383,
    0x9C45, 0x9C45, 0x9C45, 0x9C66, 0x9425, 0x8BA3, 0x9404, 0x9404, 0xA466, 0x9425, 0x9C46, 0x9C66,
    0x9425, 0x9C45, 0xA487, 0xA487, 0x8BC4, 0x9C45, 0x93E4, 0x9404, 0xA466, 0x9405, 0xA466, 0xA4A7,
    0x9C66, 0x8BC3, 0x9404, 0x8BE3, 0xA486, 0x8BA4, 0x9425, 0x9C26, 0xA466, 0x83A3, 0x7B23, 0x6282,
    0x8BC5, 0x6AC2, 0xA466, 0x9C66, 0x8383, 0x8BA4, 0x9425, 0xA466, 0x8363, 0x93E4, 0x9C25, 0x8BA3,
    0xA466, 0x9C66, 0x9C45, 0x9C45, 0x9C66, 0xA4A7, 0x93E4, 0x9C45, 0x93E3, 0xA487, 0x9C66, 0x8BA3,
    0x9C45, 0xA466, 0x9C25, 0x9403, 0x9404, 0x9C45, 0x9C46, 0x9C45, 0x9C45, 0x93C4, 0x8BE4, 0xA466,
    0xA466, 0x8BC4, 0x8BC4, 0x9C25, 0x9C25, 0x9425, 0xA466, 0x8BA3, 0x7B62, 0x7B42, 0x7302, 0x9405,
    0x8BE5, 0x8BC4, 0x93E5, 0x93E5, 0x8BC4, 0x7303, 0x8383, 0x7B23, 0x8384, 0x83A4, 0x6283, 0x6AC3,
    0x6283, 0x6AA2, 0x6282, 0x6282, 0x6282, 0x6282, 0x7303, 0x7323, 0x7B23, 0x7303, 0x62A2, 0x8BA4,
    0x93E4, 0x83A4, 0x7303, 0x7B43, 0x8BE4, 0x8BC4, 0x72E1, 0x8383, 0x7B42, 0x9405, 0x9C46, 0x93E4,
    0x8382, 0x7B42, 0x9C45, 0x9405, 0x9C46, 0x8BE4, 0x8BC4, 0x8BA4, 0xA466, 0x9C46, 0x9C66, 0xA466,
    0xA487, 0x8BA3, 0x93E4, 0x9404, 0x9C25, 0xA487, 0xA487, 0x9C24, 0xA466, 0x9C66, 0x9C25, 0xA486,
    0x93E3, 0x8BA3, 0xA487, 0x9C66, 0x9C45, 0x9C25, 0x9C66, 0xA487, 0x9426, 0x9404, 0x9C45, 0x8362,
    0xA466, 0x7B63, 0x93E3, 0xA487, 0x9C45, 0x9426, 0x8384, 0x8342, 0x9C25, 0x7302, 0x9C24, 0x9C46,
    0x7B42, 0x7B43, 0xA466, 0x83A4, 0x9C26, 0x93E3, 0x9424, 0x93E3, 0x9C65, 0x9C45, 0xA466, 0xA487,
    0x9C66, 0x9C45, 0x93E4, 0x93E3, 0xA486, 0xA466, 0x9C66, 0x9C46, 0x9425, 0x9C46, 0x9C25, 0x8BC3,
    0x9C25, 0x9C25, 0xA466, 0x9C25, 0x9C25, 0x8363, 0xA487, 0x8BA3, 0x93E4, 0xA466, 0x9405, 0x8363,
    0x8BC4, 0x93E3, 0x9425, 0x8BC3, 0x7B42, 0x7B42, 0x7B23, 0x9425, 0x8384, 0x8BA4, 0x9C05, 0x9406,
    0x8BC5, 0x7B23, 0x72E2, 0x8BA4, 0x8364, 0x7B64, 0x72E3, 0x5222, 0x5A62, 0x5221, 0x5221, 0x5A42,
    0x6AE3, 0x7B43, 0x7B23, 0x62A3, 0x6AC2, 0x7303, 0x7323, 0x7B43, 0x8BC4, 0x9405, 0x8BA4, 0x8BE5,
    0x8BE4, 0x9405, 0x7B22, 0x8BA3, 0x8363, 0x9C25, 0x9C46, 0x9404, 0x8BC4, 0x93E5, 0x8383, 0xA466,
    0xA466, 0x8BA3, 0x93E5, 0x9C45, 0x9C25, 0x9C66, 0xA4A7, 0xA466, 0xA486, 0x8383, 0x93E3, 0x93E3,
    0xA486, 0xACC8, 0xA487, 0xA466, 0xA487, 0xA466, 0xA487, 0xA487, 0x9C24, 0x8BA3, 0x9C46, 0x9C25,
    0xA4A7, 0x9C46, 0x9C66, 0x9C66, 0x9C67, 0x9404, 0x9C24, 0x8BA2, 0xA466, 0x8BA3, 0x9C66, 0x9C25,
    0x9C45, 0x8BA4, 0x7B42, 0x9404, 0x9C46, 0x8362, 0x9C66, 0x9405, 0x9C65, 0x9C45, 0x9C66, 0x93E5,
    0x9C66, 0x93E3, 0x9C24, 0x9404, 0xA4A7, 0xA486, 0x9C45, 0xA487, 0x9C45, 0xA487, 0x9C44, 0x8BC3,
    0x9C45, 0xA466, 0x9C45, 0xA466, 0x9C66, 0xA486, 0xA466, 0x8BC3, 0x9C45, 0x9C45, 0xA487, 0x9C25,
    0x9405, 0x9405, 0xA487, 0x8BC3, 0x93E3, 0x9C45, 0x9C05, 0x8383, 0x9405, 0x8BE4, 0x9C25, 0x7B42,
    0x8383, 0x8383, 0x8363, 0x9405, 0x7B43, 0x8BE4, 0x8BA3, 0x8BE5, 0x8BC5, 0x7B43, 0x7B23, 0x93E5,
    0x8364, 0x6AC2, 0x7B44, 0x7324, 0x6AC3, 0x6AC3, 0x49E1, 0x5221, 0x83A5, 0x7B43, 0x7B43, 0x8B84,
    0x7303, 0x7303, 0x6AC2, 0x72E3, 0x7B43, 0x8BA3, 0x7303, 0x7B22, 0x8BC4, 0x9405, 0x72E2, 0x8BA3,
    0x83A3, 0x9C26, 0x9C25, 0x9405, 0x9C46, 0x9426, 0x9C46, 0x93E4, 0x9C47, 0x93E4, 0x93E4, 0x7B42,
    0x93C3, 0x9C45, 0x9C45, 0x9C66, 0xA466, 0x8BC3, 0x8BC3, 0x8BA3, 0x9C66, 0xA466, 0xA486, 0x9C45,
    0x9C25, 0xA487, 0x9C25, 0xA486, 0x9C46, 0x9403, 0x8BC3, 0xA466, 0xA486, 0x9C45, 0x9C45, 0x9C46,
    0x9C45, 0x9403, 0x9404, 0x8361, 0x9C45, 0x8342, 0x8383, 0xA4A7, 0x9C66, 0x8BC3, 0x7B23, 0x9405,
    0x9C25, 0x9424, 0xA466, 0x9C45, 0x9424, 0x9425, 0x93E4, 0x8BC4, 0x9C66, 0x8BC2, 0x9404, 0x93E3,
    0xA466, 0xA486, 0xA486, 0xA466, 0xA466, 0xA487, 0x9C46, 0x9404, 0x93E4, 0xA4A7, 0xA486, 0x9C66,
    0xA466, 0xA487, 0x9C25, 0x93E4, 0x9C45, 0x9C25, 0x9C65, 0x9C45, 0x9C46, 0x9425, 0x8BC4, 0x7B42,
    0x9C46, 0x8BC3, 0x9C25, 0x9C46, 0x9405, 0x8BC4, 0x93E5, 0x7B42, 0x8383, 0x8363, 0x8362, 0x9C26,
    0x93C4, 0x9C26, 0x93E4, 0x9406, 0x8BC4, 0x8363, 0x7303, 0x7303, 0x7323, 0x7B23, 0x7B23, 0x72E3,
    0x6282, 0x6282, 0x5A41, 0x4A01, 0x7323, 0x8384, 0x8364, 0x8BA5, 0x7323, 0x7303, 0x6AE3, 0x62A2,
    0x93E5, 0x8BC4, 0x7B43, 0x6AE2, 0x93E4, 0x93E4, 0x8383, 0x8B83, 0x8363, 0x9405, 0x9C45, 0x93E4,
    0x8BC4, 0x9C05, 0x9404, 0x93E4, 0x9425, 0x8BA4, 0x9C25, 0x8383, 0x93E4, 0x9C45, 0x9404, 0x9C25,
    0x9C25, 0x8BC3, 0x93E3, 0x8BA3, 0xA466, 0xA487, 0xA487, 0x9C45, 0xA486, 0xA486, 0xA487, 0x9404,
    0xA487, 0x9405, 0x93E4, 0x9C45, 0x9C45, 0xA487, 0x9C45, 0xA487, 0x9C66, 0x9C24, 0x9424, 0x8BA3,
    0x9C66, 0x8383, 0x93E4, 0x9425, 0x9C24, 0x8BA3, 0x8B83, 0x8B83, 0x93E4, 0xA4A7, 0x9C45, 0xACA7,
    0xA4A6, 0x9C46, 0x9C46, 0x8BC4, 0xA466, 0x93E3, 0xA465, 0x93E4, 0xA467, 0xA486, 0xA486, 0x9C46,
    0xA466, 0xA487, 0x9C45, 0x9C45, 0x8BC3, 0x9C45, 0x9C66, 0x9404, 0xA487, 0x9C66, 0xACA7, 0x9404,
    0x9C65, 0x9C46, 0x9C25, 0xA487, 0x9C66, 0x9C66, 0x8BE4, 0x7B42, 0x9C25, 0x83A3, 0x93E4, 0x9C46,
    0xA466, 0x9C25, 0x8BC5, 0x7B43, 0x8363, 0x8363, 0x7B63, 0x9C25, 0x9405, 0x93E4, 0x9405, 0x8BC5,
    0x8384, 0x7B44, 0x8384, 0x6AA2, 0x8364, 0x7B44, 0x6AC3, 0x7B45, 0x7B23, 0x7B23, 0x6282, 0x5221,
    0x7B44, 0x8384, 0x8364, 0x8B84, 0x93E5, 0x72E3, 0x5A62, 0x8384, 0x8363, 0x93E4, 0x7302, 0x62A1,
    0x9C46, 0x8BC4, 0x7302, 0x8BA3, 0x93C3, 0x93E4, 0x9405, 0x9405, 0x9425, 0x93E4, 0x9C45, 0x93E4,
    0x9405, 0x7302, 0x8B83, 0x8362, 0x9405, 0x9C46, 0x72E2, 0x9C25, 0xA466, 0x8BA3, 0x93E3, 0x9404,
    0xA486, 0x9C45, 0x9C25, 0x9C45, 0x9404, 0x9C24, 0x9C66, 0x9C25, 0x9C24, 0x9C45, 0x8BA3, 0x9C25,
    0xA486, 0x9C45, 0x9C45, 0x9C66, 0x9424, 0x93E3, 0x9C45, 0x93C3, 0x9C45, 0x8BC3, 0x9445, 0x93E4,
    0x9C45, 0x8363, 0x8383, 0x8383, 0x9405, 0x9424, 0xA4A6, 0xA486, 0x9C25, 0x9C46, 0x9C66, 0x9404,
    0x9404, 0x8BA2, 0x9C65, 0x9424, 0x9C45, 0xA486, 0xA486, 0x9C66, 0xA486, 0x93E4, 0x9C24, 0xA465,
    0x8BA3, 0xA466, 0xA466, 0x9C45, 0x9C46, 0x9C46, 0x9C45, 0x93E3, 0x9C46, 0x93E3, 0xA487, 0x9C45,
    0xA466, 0x9C45, 0x9C66, 0x8BC4, 0x93C4, 0x9C25, 0x9C25, 0x9C25, 0x9C46, 0x9C25, 0x8BE4, 0x8363,
    0x8363, 0x8383, 0x8383, 0x9C26, 0x9C46, 0x93C4, 0x8BC4, 0x8384, 0x8384, 0x7323, 0x7B43, 0x7B64,
    0x7B65, 0x7B65, 0x6AE3, 0x7B44, 0x6AC3, 0x7303, 0x6AC3, 0x49E1, 0x7B23, 0x83A4, 0x7B64, 0x93E5,
    0x8BA4, 0x6282, 0x6282, 0x8BC4, 0x8BA4, 0x8383, 0x8384, 0x93E4, 0x8383, 0x8384, 0x8383, 0x8BA3,
    0x8382, 0x9405, 0x93E4, 0x9425, 0x9C46, 0x9C25, 0x9C66, 0x9424, 0xA465, 0x93E4, 0x93E5, 0x9C46,
    0x9C46, 0x9425, 0x9C25, 0x9C25, 0x9404, 0x8BC3, 0x8BC3, 0x93C3, 0xA486, 0x9C46, 0xA466, 0x9C46,
    0x9C25, 0xA466, 0xA486, 0x9405, 0x9C24, 0x8BC3, 0xACA7, 0x9C24, 0x9C25, 0x9C45, 0x9C45, 0x9C46,
    0x9C65, 0x9404, 0x9C45, 0x8BC3, 0x9C66, 0x83A3, 0x9C46, 0x9C66, 0x9405, 0x8BC3, 0x72E2, 0x8BC3,
    0x9405, 0x9C86, 0xA465, 0x9C25, 0xA466, 0x9C25, 0x9404, 0x9C45, 0x9C25, 0x9404, 0x9C65, 0x9425,
    0xA466, 0x9C46, 0xA465, 0x9C25, 0x9C66, 0xA4A7, 0x93E3, 0x8BC3, 0x9C46, 0x9C46, 0x8BC3, 0xA466,
    0x9C65, 0x9C46, 0x9C45, 0x93E3, 0x9C25, 0x9C25, 0x9C66, 0xA487, 0x9C04, 0xA486, 0x9C66, 0x8362,
    0x8BA3, 0x8383, 0x8BC4, 0x9425, 0x9C25, 0x9C45, 0x9C46, 0x8383, 0x7B22, 0x83A4, 0x8363, 0x9405,
    0x9405, 0x93E5, 0x8BE5, 0x8384, 0x8363, 0x7B23, 0x6AE2, 0x8364, 0x7303, 0x7B44, 0x7304, 0x7B44,
    0x6AE3, 0x7303, 0x5221, 0x41A1, 0x7B43, 0x8363, 0x8364, 0x8BA5, 0x7303, 0x6AE3, 0x6AC2, 0x6AC2,
    0x8BA4, 0x93E5, 0x72E2, 0x8B84, 0x7B43, 0x72E3, 0x8363, 0x8BA3, 0x83A3, 0x9405, 0x93E5, 0x9425,
    0x9404, 0x9C25, 0x9C45, 0x93E4, 0x9C26, 0x8BC4, 0x9425, 0x8BA3, 0x9C67, 0x8BE4, 0x9C45, 0x9405,
    0x9404, 0x8362, 0x93E4, 0x9404, 0x9C25, 0x9C45, 0x9C25, 0x9424, 0xA4A7, 0x9C46, 0x9C66, 0x9425,
    0x9C46, 0x93E3, 0x8BA3, 0xA465, 0x9C25, 0xA465, 0xA486, 0x9C45, 0x9C66, 0x93E3, 0x9404, 0x83A3,
    0xA486, 0x8BA3, 0xA487, 0xA466, 0x9C24, 0x93E3, 0x8383, 0x9C46, 0xA466, 0x8BC3, 0x9C66, 0xA486,
    0x9404, 0x9C45, 0x9C46, 0x9404, 0x9C45, 0x93E3, 0x9C24, 0x9404, 0x9C45, 0x9404, 0x9C25, 0xA466,
    0xA487, 0xA4A6, 0x9C46, 0x9404, 0x8BC3, 0x93E4, 0x93E4, 0x9424, 0xA465, 0x9425, 0x9C45, 0x8BC3,
    0x9C45, 0x9C25, 0x93E4, 0x9C45, 0x9C45, 0x9C46, 0x8BE4, 0x8BC3, 0x9405, 0x9C25, 0x9C25, 0x93E4,
    0x9C25, 0x9C25, 0x9C67, 0x8383, 0x7B42, 0x7B22, 0x8363, 0x9405, 0x8BC4, 0x8BC4, 0x93E4, 0x83A4,
    0x8BA4, 0x8BC4, 0x7B43, 0x7303, 0x7303, 0x8384, 0x7303, 0x5A62, 0x6AC3, 0x7303, 0x5221, 0x49C1,
    0x8384, 0x83A4, 0x8364, 0x9406, 0x7B43, 0x6AE3, 0x7B23, 0x7B22, 0x93E5, 0x9406, 0x8384, 0x8BC4,
    0x8BC4, 0x8384, 0x7B43, 0x8BA3, 0x7B42, 0x9C25, 0x8BC3, 0x9C25, 0x9C25, 0x9C46, 0x9C25, 0x9405,
    0x9405, 0x9404, 0xA487, 0x8BC3, 0x9C45, 0x9C46, 0x9405, 0x9C25, 0x8B83, 0x8383, 0x9404, 0x8BC3,
    0x9C45, 0xA486, 0x9C25, 0x9C25, 0xA486, 0x9C65, 0x9C46, 0x9C25, 0x9C45, 0x9C66, 0x93E4, 0x9C65,
    0x9C45, 0x9C45, 0x9C25, 0xA487, 0xA466, 0x93E3, 0x9404, 0x8BC3, 0x9C65, 0x8382, 0xA467, 0xA487,
    0xA486, 0x8BE4, 0x8BA4, 0x9C45, 0x9C24, 0x9C25, 0x9C66, 0x9425, 0x9C46, 0xA466, 0xA466, 0x9404,
    0xA466, 0x93E3, 0x9404, 0x93E4, 0xA466, 0xA466, 0x9C45, 0xA4A7, 0xA466, 0x93E4, 0x9C46, 0xA466,
    0x8BC3, 0x9C46, 0x9C66, 0x9C25, 0xA487, 0x9C25, 0xA466, 0x93E3, 0x9C45, 0x9C25, 0x9405, 0xA467,
    0x9404, 0x9C66, 0x8BE4, 0x9404, 0x8BA3, 0x93E4, 0x9C46, 0x9405, 0x9C25, 0x9405, 0x9C25, 0x7B22,
    0x8383, 0x83A3, 0x8363, 0x8BC4, 0x8BA4, 0x8BC4, 0x8BA4, 0x8BE5, 0x7B23, 0x8BA4, 0x8364, 0x62A2,
    0x8364, 0x7303, 0x6282, 0x6282, 0x7303, 0x6282, 0x5A21, 0x5222, 0x8384, 0x72E3, 0x7B44, 0x8384,
    0x8BC4, 0x6AE3, 0x7303, 0x8BC4, 0x8BC5, 0x8BC4, 0x7B42, 0x8384, 0x7B43, 0x7B63, 0x7302, 0x7301,
    0x8383, 0x9405, 0x9404, 0x9424, 0x9C25, 0x9C45, 0x9C45, 0x93E4, 0x9405, 0x8363, 0x9C46, 0x9404,
    0xA487, 0x9425, 0xA487, 0xA4A7, 0xA4A7, 0x93E3, 0x9404, 0x8BA3, 0x9404, 0x9C25, 0xA466, 0x9404,
    0x9C25, 0x9C25, 0xA486, 0x9C25, 0x8BC3, 0xA486, 0x93E3, 0x9C45, 0x9C24, 0x9424, 0x9C45, 0x9C66,
    0xA487, 0x9403, 0x9C24, 0x8B82, 0x9C45, 0x8BA3, 0xA486, 0x9C45, 0x9C25, 0x7B43, 0x93E4, 0x9C25,
    0x9C45, 0x9C45, 0x9C45, 0xA486, 0x9C45, 0x9C24, 0x9C24, 0x9405, 0xA466, 0x8BC2, 0x93E4, 0x8BA3,
    0x9404, 0x93E4, 0x9C66, 0x9C25, 0x9C66, 0x93E4, 0x93E4, 0xA466, 0x93E4, 0xA466, 0x93C3, 0x9405,
    0xA466, 0xA466, 0xA4A7, 0x8BC3, 0x9C25, 0x9C25, 0x93C4, 0x9C25, 0x9C45, 0x9C45, 0x8BC3, 0x9C45,
    0x8BA3, 0x9425, 0x9C46, 0x9C25, 0x93E4, 0x8BC4, 0x9C25, 0x8383, 0x8362, 0x8383, 0x7B42, 0x93C4,
    0x93E5, 0x93E5, 0x93E5, 0x8BC4, 0x8BA4, 0x8363, 0x8BC5, 0x62A2, 0x72E3, 0x7303, 0x6AE3, 0x6AC3,
    0x6AC2, 0x6AC3, 0x5201, 0x49C1, 0x8364, 0x7B44, 0x7344, 0x8BC5, 0x7B64, 0x7303, 0x6282, 0x7B43,
    0x7B43, 0x9425, 0x8BA4, 0x8BA4, 0x8BC5, 0x7B42, 0x7302, 0x8BA3, 0x8383, 0x9404, 0x9425, 0x9C45,
    0x9404, 0x9C45, 0x9C66, 0x93E4, 0x9404, 0x93E4, 0x9C25, 0x9405, 0x9C66, 0x9C25, 0x9C45, 0xA466,
    0xA486, 0x8BC4, 0x8BC3, 0x93E3, 0x9C26, 0x9C45, 0x9C24, 0x9405, 0x9C66, 0x9C66, 0x9405, 0xA486,
    0x9404, 0x93E3, 0xA4A6, 0xACA7, 0xA466, 0x9C45, 0xA466, 0x9C45, 0x9C66, 0x9404, 0x9424, 0x8BC3,
    0x9404, 0x9425, 0x9C45, 0x9C25, 0x9C66, 0x8BA4, 0x93E4, 0x8BA3, 0x9C24, 0x8382, 0x9C44, 0xA466,
    0x9C45, 0xA487, 0xA4A7, 0x9C25, 0x9C45, 0x8BA3, 0x9C25, 0x8BA3, 0x9C45, 0x8BA4, 0x93C4, 0x8363,
    0x93E4, 0x8BC3, 0x8BC3, 0x93E4, 0x9C45, 0x9425, 0xA487, 0x9C25, 0x9C46, 0x9C66, 0xA486, 0x9424,
    0x9C26, 0x9425, 0x8BA3, 0x9C46, 0x9C45, 0x9C66, 0x9C46, 0x8B82, 0x7B42, 0x9404, 0x9425, 0x9405,
    0xA486, 0xA487, 0x93E4, 0x8383, 0x83A3, 0x8383, 0x8363, 0x93E4, 0x93E4, 0x93E4, 0x9C26, 0x8BA4,
    0x8BC5, 0x7B43, 0x62A2, 0x7303, 0x6282, 0x7B23, 0x7303, 0x7B44, 0x8385, 0x7B44, 0x41A1, 0x5201,
    0x8384, 0x8BA4, 0x7303, 0x8384, 0x7B23, 0x7303, 0x7303, 0x8384, 0x8363, 0x8BA4, 0x93C4, 0x8BC4,
    0x9405, 0x8BA4, 0x7B22, 0x8383, 0x8383, 0x8BC3, 0x9C45, 0x9C25, 0x9C66, 0x93E4, 0x9C86, 0x93E4,
    0x9C66, 0x9C46, 0x8BC4, 0x9C45, 0x9C65, 0x9C45, 0xA466, 0x9C45, 0x9C24, 0x8BC3, 0x93E3, 0x8BE4,
    0x9C66, 0x9C46, 0x9C45, 0x9C45, 0x9C66, 0x93E5, 0x9C46, 0x9C46, 0x9C45, 0x9403, 0x9C45, 0xA486,
    0x9C45, 0x9C66, 0xA466, 0xA487, 0x9424, 0x9404, 0x9403, 0x93E3, 0x9C45, 0x93E3, 0x9C66, 0x9C45,
    0xA486, 0x8383, 0x8363, 0x8BC4, 0xA466, 0x8382, 0xA486, 0xACA7, 0x8BA2, 0x9C45, 0x9C66, 0x8BE4,
    0x9C45, 0x8BC3, 0x8BC3, 0x8382, 0x9C25, 0x9C46, 0x7B23, 0x8BA4, 0x83A4, 0xA4A6, 0x9C46, 0x9404,
    0x9C46, 0x9C25, 0x9C46, 0x9C45, 0x9C45, 0x9C46, 0x9C45, 0x8BA3, 0xA466, 0x9404, 0x8BA3, 0x93E3,
    0x9C66, 0xA486, 0x8383, 0x8362, 0x7B42, 0x93E4, 0x9425, 0xA467, 0x8BC3, 0x9C46, 0xA4A7, 0x8BA3,
    0x8362, 0x8383, 0x7B42, 0x9405, 0x9404, 0x9405, 0x8BC4, 0x8BA4, 0x8383, 0x8384, 0x7303, 0x7303,
    0x6283, 0x6AC3, 0x72E3, 0x7303, 0x7303, 0x6AC2, 0x62A2, 0x5A42, 0x7B64, 0x8BA5, 0x8363, 0x8363,
    0x7302, 0x7303, 0x6AC2, 0x7302, 0x8384, 0x8BC4, 0x8BA4, 0x8383, 0x8383, 0x7323, 0x7B22, 0x8342,
    0x8383, 0x9C25, 0x9C25, 0x9C45, 0x9425, 0x9C45, 0x9C25, 0x8384, 0x9405, 0x9C25, 0x8BA4, 0x8363,
    0x9C66, 0xA466, 0x9C24, 0xA466, 0x9C45, 0x93E3, 0x9403, 0x9404, 0x8BE4, 0x9C46, 0x9C46, 0x9C66,
    0xA487, 0x9C45, 0x9405, 0xACA8, 0x9C24, 0xA465, 0x93E3, 0xA466, 0xA486, 0xA466, 0x9C45, 0xA4A7,
    0xA487, 0x93C3, 0x9404, 0x8BC3, 0xA465, 0x7322, 0x9C66, 0x9C25, 0x9C45, 0x7302, 0x7B63, 0x9C25,
    0x8BC3, 0x9404, 0xA4A7, 0x9C25, 0x8BC3, 0xA486, 0x9C45, 0x9405, 0x9C45, 0x8BC3, 0x9405, 0x8362,
    0x93E4, 0x8363, 0x9405, 0x9405, 0x8BE4, 0x9C45, 0x9C25, 0x9C46, 0x9404, 0x9C45, 0x9426, 0x9C45,
    0xA486, 0x9405, 0x9C45, 0x93C3, 0x9405, 0x8BC3, 0x9C25, 0x9425, 0x93E4, 0x9C46, 0x93E3, 0x9425,
    0x8BA4, 0x93E4, 0x8BC3, 0x9425, 0x9C25, 0x9C25, 0x9C25, 0x8B83, 0x8BA3, 0x8383, 0x7B42, 0x93E4,
    0x93C3, 0x93E4, 0x93E5, 0x93E5, 0x8BC4, 0x8383, 0x7B64, 0x5A61, 0x7B24, 0x6A82, 0x6AA3, 0x5A62,
    0x8365, 0x7B44, 0x6AE2, 0x5A62, 0x72E2, 0x8384, 0x83A5, 0x7B43, 0x8383, 0x8BC5, 0x72E2, 0x6AA1,
    0x8363, 0x8BA4, 0x8BA4, 0x7302, 0x7B23, 0x7B43, 0x8383, 0x72E2, 0x83A4, 0x9C45, 0x9C66, 0x9404,
    0x93E4, 0x9C26, 0x9404, 0x8383, 0x8362, 0x8383, 0x9405, 0x8362, 0x9C45, 0x9C45, 0x9C45, 0x9C46,
    0x9C66, 0x8BC4, 0x93C3, 0x8383, 0x8BC4, 0x9C25, 0x9C46, 0xA487, 0x9405, 0x9C46, 0x9C25, 0x9C45,
    0x8BC3, 0xA486, 0x9404, 0x9C45, 0xA466, 0xA487, 0xA486, 0xA486, 0x9C46, 0x8BC2, 0x9404, 0x93E4,
    0x8B83, 0x8BC3, 0xA466, 0x93E4, 0x93E4, 0x7302, 0x7B23, 0x8363, 0x9C45, 0x9404, 0xA487, 0x9C45,
    0x8B83, 0xA466, 0x9C46, 0xA466, 0x9C46, 0x8BC3, 0x9C25, 0x8383, 0x8BE5, 0x9405, 0x93C4, 0x9405,
    0x93E4, 0x8B83, 0x93E4, 0x9C46, 0x9C45, 0x9C46, 0x93E4, 0xA487, 0x9C66, 0x9C66, 0xA466, 0x8BA3,
    0x9405, 0xA466, 0x9C45, 0x9405, 0x8383, 0x9C46, 0x8383, 0x8BC4, 0x8383, 0x9C26, 0x8BC4, 0x9C46,
    0x9C25, 0x9C04, 0x9C45, 0x93C4, 0x83A3, 0x8BA4, 0x8362, 0x9404, 0x93E4, 0x93E5, 0x8BC4, 0x8BA5,
    0x8BA3, 0x7302, 0x7B43, 0x7303, 0x8384, 0x7303, 0x7303, 0x6283, 0x6AC3, 0x7B23, 0x62A2, 0x62A2,
    0x7323, 0x7323, 0x7B44, 0x8363, 0x8BC4, 0x6AC1, 0x6AC2, 0x7B23, 0x8384, 0x8383, 0x8BA3, 0x6AE2,
    0x7B43, 0x8383, 0x8362, 0x8363, 0x8363, 0x8BC4, 0x9405, 0x93E4, 0x93E4, 0xA466, 0x93E4, 0x9405,
    0x8BE4, 0x8BC3, 0x8382, 0x9C46, 0x9C25, 0x9C45, 0xA487, 0x9404, 0x9C25, 0x8383, 0x8BC4, 0x9404,
    0x8BC5, 0x9C46, 0x8BC4, 0x9C45, 0x9C66, 0x7B43, 0x9C46, 0x9C66, 0x9404, 0x9404, 0x9C66, 0xA486,
    0x9C25, 0x9C45, 0x9C86, 0xA487, 0x9C45, 0x93E3, 0x93E4, 0x8BC3, 0x9C46, 0x9424, 0x9C66, 0x9425,
    0x8383, 0x9405, 0x7B02, 0x8362, 0x9405, 0x9C46, 0x9C66, 0xA466, 0x8BA3, 0xA486, 0x9C45, 0x93E4,
    0x93E4, 0x93E4, 0x8BA3, 0x72E1, 0x9405, 0x9405, 0x9C25, 0x8BC4, 0x9C46, 0xA486, 0x8BC3, 0x93E3,
    0x9C66, 0x9C26, 0x8BC4, 0x9C25, 0x9C45, 0x9C65, 0x9C45, 0x9403, 0x9405, 0x9C45, 0x9C25, 0xA466,
    0x93E4, 0x93E5, 0x8BE5, 0x8383, 0x7B22, 0x9C05, 0x93E5, 0x9C25, 0x9C25, 0x9C66, 0xA486, 0x8382,
    0x8B83, 0x83A3, 0x7B42, 0x9C25, 0x8BC4, 0x8BC4, 0x8383, 0x83A4, 0x8BE5, 0x7B63, 0x6AC2, 0x7B23,
    0x72E3, 0x7B64, 0x7B64, 0x7B64, 0x7303, 0x93E6, 0x6AA2, 0x6AC2, 0x8364, 0x6B02, 0x8363, 0x8B83,
    0x7B23, 0x7B02, 0x6282, 0x7302, 0x8363, 0x8BA4, 0x7B23, 0x8383, 0x9405, 0x8BE5, 0x7B22, 0x8383,
    0x7B22, 0x93E4, 0x8382, 0x9C25, 0x93E4, 0x9C25, 0x9405, 0x9425, 0xA487, 0x9C46, 0x9404, 0x9C46,
    0x9C46, 0xA466, 0x9C25, 0x9404, 0xA486, 0x8383, 0x8BC4, 0x8BC4, 0x8364, 0xA466, 0x9C46, 0x9425,
    0x9C25, 0x8BC4, 0x8BC4, 0xA487, 0x93E4, 0x93E4, 0x9C25, 0xA466, 0x9C44, 0xA487, 0xA486, 0xA487,
    0xA466, 0x8BC3, 0x9425, 0x8BC3, 0x9C66, 0x9C66, 0xA466, 0x9C46, 0x9405, 0x9405, 0x8363, 0x8B82,
    0x9426, 0x9C45, 0x9C46, 0x9404, 0x93E4, 0x9C45, 0xA487, 0x9C26, 0x9C46, 0x9C24, 0x9C25, 0x8363,
    0x8383, 0x8BC4, 0x9C45, 0x9C45, 0x93E4, 0xA487, 0x93E3, 0x8BA3, 0x9C45, 0x9C25, 0x8363, 0x9C46,
    0xA487, 0x9C46, 0xA486, 0x8BC3, 0x9C25, 0x9425, 0x93E4, 0x9C45, 0x9C45, 0x9405, 0x72E2, 0x8383,
    0x8383, 0x8BC4, 0x9404, 0x9405, 0x9C46, 0x9C25, 0x9C66, 0x8BA3, 0x8383, 0x8383, 0x7B42, 0x9C25,
    0x9405, 0x9C26, 0x9425, 0x8BC4, 0x8384, 0x7303, 0x7302, 0x8384, 0x7B23, 0x6AC2, 0x8364, 0x7B23,
    0x7B24, 0x7B23, 0x6AE2, 0x62A2, 0x7B23, 0x8364, 0x8363, 0x7B64, 0x72E2, 0x7B23, 0x7B43, 0x8363,
    0x8384, 0x8383, 0x9405, 0x93E4, 0x8383, 0x8BA4, 0x8383, 0x7B42, 0x7B42, 0x9405, 0x9405, 0x93E4,
    0x93E4, 0x9C25, 0x9C45, 0x93E4, 0xA487, 0xA466, 0x9C66, 0x8BA3, 0xA487, 0x9C66, 0x9405, 0xA466,
    0x8BE4, 0x83A3, 0x8BA3, 0x8363, 0x9C45, 0x8BA3, 0x9C25, 0x9C25, 0x6AC2, 0x9405, 0xA466, 0xA487,
    0x9C45, 0x8BA3, 0x9404, 0x9C46, 0xA487, 0xA486, 0x9C66, 0x9C66, 0x9C66, 0x93E3, 0x9404, 0x8BA3,
    0xA466, 0xA487, 0x9C25, 0xA487, 0x93E4, 0x93E3, 0x72E2, 0x9C26, 0xACA7, 0xA466, 0xA445, 0xA487,
    0x93E3, 0xA486, 0x9424, 0xA466, 0xA466, 0x9403, 0x9404, 0x7B22, 0x9405, 0x9C05, 0x8BC4, 0xA445,
    0xA466, 0xA467, 0x9C46, 0x8BC3, 0x93E4, 0x9405, 0x9C45, 0x9C45, 0x9C25, 0x9C26, 0x9C66, 0x93E3,
    0x9C25, 0x93E4, 0x9C45, 0x93E4, 0x9404, 0x7B43, 0x8362, 0x8BA4, 0x8BC4, 0x8BC4, 0x9C25, 0x9C45,
    0x9C45, 0x9C45, 0xA465, 0x8363, 0x8383, 0x8363, 0x7B42, 0x8BC4, 0x9405, 0x93E4, 0x93E5, 0x93E5,
    0x8BC5, 0x7B23, 0x8364, 0x7B23, 0x7B43, 0x8BC5, 0x8384, 0x7B23, 0x7303, 0x8364, 0x6AE3, 0x6262,
    0x7303, 0x7B23, 0x72E2, 0x6AC2, 0x6AA2, 0x8384, 0x6AA2, 0x7B22, 0x8BC5, 0x9405, 0x8BC4, 0x9C25,
    0x8BC4, 0x8383, 0x7B22, 0x7B22, 0x8363, 0x9404, 0x93E4, 0x8BA3, 0x9C25, 0x9405, 0x9C45, 0x9404,
    0x9404, 0x8B83, 0x9C45, 0x93E4, 0x9C66, 0x9C65, 0x9405, 0x9405, 0x8363, 0x8383, 0x7B22, 0x83A3,
    0x9405, 0x9C46, 0x9405, 0x8BE5, 0x9426, 0x7B23, 0xA467, 0xA486, 0x9406, 0x9C46, 0x8BC3, 0xA465,
    0x9C25, 0xA486, 0xA466, 0xA4A7, 0x9C45, 0x8BC2, 0x93E3, 0x8BC3, 0x9C46, 0x9C45, 0x9C45, 0x9C45,
    0x9C45, 0x93E4, 0x8363, 0x9C45, 0x93E5, 0xA466, 0x9C45, 0xA487, 0x93E4, 0x9C65, 0x9C66, 0x9C25,
    0x9C25, 0x9424, 0x9C65, 0x93E4, 0x8BC4, 0xA4A7, 0x93E4, 0x9C24, 0xA487, 0xA486, 0x8BC4, 0xA466,
    0x8BA3, 0x9C45, 0xA466, 0x9C25, 0x9C46, 0x9C46, 0xA466, 0x8BC2, 0xA446, 0x9C46, 0x93E4, 0x83A3,
    0x93E4, 0x8BC4, 0x8383, 0x93E4, 0x9C46, 0x93E4, 0x9C25, 0x9C46, 0x9C25, 0x9C45, 0x9C67, 0x8B83,
    0x8BA3, 0x8BA3, 0x7B42, 0x8BA3, 0x93C4, 0x93E5, 0x8BC4, 0x7B42, 0x7303, 0x7B23, 0x93E5, 0x7302,
    0x8BC4, 0x8BA4, 0x8BA5, 0x7B64, 0x8364, 0x7303, 0x5A41, 0x5A41, 0x7B23, 0x7303, 0x8363, 0x7303,
    0x8364, 0x7B23, 0x62A2, 0x8343, 0x7303, 0x8BA4, 0x8BC4, 0x8BC4, 0x8BC3, 0x93E4, 0x7B42, 0x8383,
    0x8BA3, 0x8383, 0x93E5, 0x93E4, 0x9C25, 0x9C25, 0x9C25, 0x9C25, 0x9C66, 0x93E4, 0x9404, 0x9404,
    0x9C46, 0x9425, 0x8BA3, 0x9404, 0x9C46, 0x7B43, 0x8383, 0x7302, 0x9405, 0x9405, 0x9C26, 0x8BA4,
    0xA485, 0x93E5, 0x8BC4, 0x9C25, 0x93E4, 0x8BE4, 0xA487, 0x9C46, 0xA466, 0x9C25, 0xA486, 0xA466,
    0x9C45, 0x9403, 0x93E3, 0x8BC3, 0x9C66, 0x9404, 0x9C45, 0xA466, 0x9C25, 0x9404, 0x8BC4, 0x8BE3,
    0xA444, 0xA487, 0x9C45, 0x9C25, 0x93E4, 0xA466, 0xACA8, 0x9C24, 0x9C45, 0x9404, 0x9C25, 0x8BA3,
    0x9425, 0x9425, 0x9C46, 0xA486, 0x9C66, 0xA465, 0x93E3, 0x9404, 0x9C66, 0x9C45, 0xA486, 0xA445,
    0x9405, 0x9404, 0x9C25, 0x9C24, 0xA466, 0x9C46, 0x93E4, 0x9C66, 0x9404, 0x8BA4, 0x93E4, 0x8BA3,
    0x8383, 0x93E4, 0x9405, 0x9C46, 0x9C25, 0x9C45, 0x9C46, 0x8383, 0x8BA3, 0x8362, 0x7B42, 0x8BC4,
    0x8BC4, 0x93E5, 0x8BA4, 0x8BA4, 0x83A4, 0x72E2, 0x7323, 0x8BC4, 0x7B23, 0x8364, 0x72E3, 0x7B64,
    0x7303, 0x7B44, 0x6281, 0x5221, 0x7B63, 0x8364, 0x8BC4, 0x8364, 0x7B23, 0x72E2, 0x5A82, 0x8BC4,
    0x8383, 0x7B43, 0x8B83, 0x9405, 0x93E4, 0x9405, 0x8B83, 0x83A3, 0x8383, 0x8362, 0x8342, 0x9C25,
    0x9C26, 0x9424, 0x9C46, 0x9C25, 0xA487, 0x8BC3, 0x9C46, 0x9C45, 0x9C45, 0x9405, 0x9C66, 0x9C46,
    0x9425, 0x7B62, 0x8BA3, 0x8BA3, 0xA466, 0xA486, 0x8BA5, 0x9C87, 0x93E5, 0x83A4, 0x9C25, 0xA4A7,
    0x93E3, 0x8BA3, 0xA487, 0x93E4, 0x9C25, 0xA466, 0x9C45, 0x9C46, 0x9C66, 0x93E3, 0x93E3, 0x8382,
    0x9C66, 0xA467, 0x9C45, 0xA466, 0xA466, 0x9C46, 0x8BA3, 0x93E3, 0x9C25, 0xA466, 0xA466, 0x9C46,
    0x9404, 0xA466, 0xA466, 0x9C66, 0x9C25, 0x9404, 0x9C24, 0x8382, 0x9C26, 0x9C25, 0x9C45, 0xA466,
    0x9C45, 0xA466, 0x93C3, 0x9404, 0xA487, 0x9C46, 0xA486, 0x9C25, 0x9C45, 0x9C25, 0x9C25, 0x9404,
    0x9C45, 0x9C25, 0x9C46, 0x9C25, 0x8BA3, 0x9405, 0x8BC4, 0x8BA3, 0x8BC4, 0x93E4, 0x9404, 0x8383,
    0x9C26, 0xA466, 0x9C45, 0x8BA3, 0x8383, 0x8BC4, 0x8383, 0x9405, 0x8B83, 0x8BE5, 0x93E5, 0x8383,
    0x7B43, 0x7B23, 0x8384, 0x8364, 0x8363, 0x7B44, 0x7B43, 0x6AC3, 0x8364, 0x7B23, 0x6282, 0x6282,
    0x8BE5, 0x7B43, 0x8384, 0x7B43, 0x7B22, 0x8384, 0x7B23, 0x8363, 0x8BC4, 0x8383, 0x93E4, 0x93E4,
    0x8BC4, 0x8BC4, 0x8BA3, 0x8383, 0x7322, 0x8383, 0x8384, 0x8BA4, 0x9C46, 0x9C45, 0x9C45, 0x9404,
    0xA466, 0x9C25, 0x93E4, 0x8382, 0x9424, 0x9C24, 0xA486, 0x9C45, 0x93E4, 0x8BC3, 0x8BC3, 0x8BE3,
    0x9C26, 0x9C25, 0x9C25, 0x8BC5, 0x8BC5, 0x93E5, 0x9C66, 0x9C66, 0x9C46, 0x9403, 0x9404, 0x9C45,
    0x93C3, 0xA466, 0xA486, 0xACA8, 0x9426, 0x8BA3, 0x8BA2, 0x8BA2, 0xA486, 0x9C46, 0x9404, 0x9C45,
    0x9404, 0x9404, 0x8363, 0x9425, 0x9C25, 0x9C45, 0xA487, 0xA467, 0x9C24, 0x9C46, 0x9C25, 0x9404,
    0x9C25, 0x9403, 0x9404, 0x8BC3, 0x9C25, 0x9C26, 0x8BA4, 0x9C25, 0x9C25, 0xACC7, 0x9C25, 0x93E3,
    0x9404, 0x9404, 0x9C45, 0x9C46, 0xA467, 0x9C25, 0xA466, 0x93E3, 0x9C45, 0x9425, 0x93E4, 0x9405,
    0x9405, 0x9405, 0x8BA4, 0x8BA3, 0x93E5, 0x93E4, 0x9C46, 0x9C46, 0x9405, 0x9425, 0x8BE4, 0x8BC4,
    0x8383, 0x8BA3, 0x8383, 0x93E5, 0x93C4, 0x8BC4, 0x8BC4, 0x8BC5, 0x8BA4, 0x8364, 0x7B23, 0x72E2,
    0x7303, 0x8363, 0x6AA2, 0x6AE3, 0x6AE3, 0x72E3, 0x6AE3, 0x5A42, 0x83A4, 0x8363, 0x7B43, 0x7B43,
    0x8383, 0x7B43, 0x7B23, 0x8363, 0x8B84, 0x8BA4, 0x8342, 0x8BC3, 0x9405, 0x8BA3, 0x8362, 0x8BA3,
    0x8362, 0x8383, 0x6AA2, 0x8BC4, 0x9C46, 0x9C46, 0x9C25, 0x9C66, 0x9C65, 0x8383, 0xA466, 0x83A3,
    0x9C45, 0x9C25, 0x9C45, 0x9425, 0xA465, 0x93E3, 0x8382, 0x9404, 0x9C46, 0x9C25, 0x9C46, 0x9C46,
    0x7B64, 0x8B84, 0x9C26, 0x7B63, 0xA466, 0x9C45, 0x8B83, 0x8BC3, 0x9404, 0x9C46, 0x93E3, 0x9C66,
    0xA486, 0x8BC3, 0x8BE3, 0x8BA3, 0x9C25, 0x9C25, 0x9C45, 0x9C45, 0xA466, 0x7B62, 0x8383, 0x9405,
    0x8BA3, 0x9C46, 0x9C66, 0xA466, 0x9403, 0x9404, 0x9C66, 0x9425, 0x9C46, 0x93E4, 0x93E3, 0x8BC4,
    0x9C45, 0x9C46, 0x9C45, 0xA466, 0x9425, 0x9C65, 0x9C25, 0xA486, 0x93E4, 0x9C45, 0xA486, 0x9404,
    0xA467, 0x9C45, 0xA466, 0x8B82, 0x9C45, 0x9404, 0x9C46, 0x9C46, 0x9C46, 0x9C45, 0x8BC3, 0x93E4,
    0x9405, 0x93E3, 0xA466, 0x9C45, 0x9C46, 0x9C66, 0x9405, 0x8362, 0x8383, 0x8BA3, 0x8383, 0x9C46,
    0x8BC4, 0x9405, 0x9405, 0x8BC5, 0x7B43, 0x8BC5, 0x6AE3, 0x5221, 0x7B44, 0x6282, 0x6AE3, 0x7323,
    0x8384, 0x7B23, 0x6AE2, 0x5A62, 0x8384, 0x8364, 0x8364, 0x8BA4, 0x8363, 0x7303, 0x72E2, 0x8383,
    0x8363, 0x72E3, 0x72E2, 0x8BC4, 0x93E4, 0x9405, 0x8383, 0x8362, 0x8383, 0x7B23, 0x8BA4, 0x9405,
    0x7B23, 0x9C45, 0xA466, 0x8BC3, 0x9C66, 0x8BA3, 0xA486, 0x8382, 0x9404, 0x9C46, 0x9C46, 0x9C46,
    0x9C66, 0x8362, 0x93E3, 0x93E4, 0xA466, 0x8BC4, 0x93E5, 0x8364, 0x9406, 0x9426, 0x8BE5, 0x9C25,
    0x8BC3, 0xA486, 0x8BA3, 0x9C45, 0x9C46, 0x9C25, 0x9C25, 0x9C25, 0x9C66, 0x8BC3, 0x9404, 0x8BC4,
    0xA465, 0x9C45, 0x9C45, 0x9C66, 0x9C25, 0x7B42, 0x8BC4, 0x8383, 0x9C25, 0x93E4, 0x9C24, 0x9C25,
    0x93E3, 0x9C24, 0xA445, 0x8BA3, 0x9C25, 0x93E3, 0x9C45, 0x8BC3, 0x9C45, 0x9C46, 0x9C25, 0x9C25,
    0x9425, 0x9C45, 0x8BC3, 0x9404, 0x9404, 0xA487, 0x9404, 0xA487, 0x8BA3, 0x9404, 0x9425, 0x93E3,
    0x9C45, 0x93E4, 0xA466, 0x9C45, 0x9C25, 0x9C46, 0x9C25, 0x9C45, 0x8BC3, 0x9C05, 0x9C46, 0x9404,
    0x9C05, 0x9C65, 0x9425, 0x8BA3, 0x8BA3, 0x8383, 0x7B42, 0x9425, 0x93C4, 0x93C4, 0x9425, 0x9405,
    0x8BA4, 0x8363, 0x83A4, 0x7323, 0x7B44, 0x6282, 0x6AE3, 0x7B43, 0x7303, 0x8364, 0x6AA2, 0x5A21,
    0x7B23, 0x7B44, 0x7B23, 0x8364, 0x8BC5, 0x7B43, 0x7322, 0x8BC5, 0x8363, 0x6AA2, 0x8BA4, 0x8BA4,
    0x8BA4, 0x8BC4, 0x7B42, 0x8BA3, 0x7B42, 0x9425, 0x8BC4, 0x9C25, 0x9425, 0x93E4, 0x9425, 0x9405,
    0xA466, 0x8BA2, 0x9425, 0x9C25, 0x9C46, 0x9C46, 0x9C45, 0x9C66, 0x9C25, 0x8BC4, 0x9404, 0x93E4,
    0xA487, 0x9C46, 0xA487, 0xA466, 0x93E4, 0x7303, 0x8BC4, 0x8BA4, 0x8BC3, 0x8BC3, 0x9C25, 0x9C45,
    0x8BC3, 0x93E4, 0x9C65, 0x9C66, 0x9C66, 0x93C3, 0x9C24, 0x9404, 0x9C45, 0x9C66, 0xA465, 0x9425,
    0x9404, 0x8BE5, 0x8362, 0x8BA3, 0x8BC3, 0x8BC4, 0x9404, 0x9C45, 0xA4A7, 0x9C66, 0x9C65, 0x9C46,
    0xA487, 0x93C3, 0x9404, 0x8BC3, 0x9C25, 0xA466, 0xA487, 0xA466, 0x9C24, 0xA466, 0x9404, 0x8BA2,
    0x9C46, 0x9C25, 0x9405, 0x9C25, 0x8B83, 0x93E4, 0x93E4, 0x93E3, 0x9C66, 0x9404, 0x9C25, 0xACA7,
    0x9C25, 0x9C25, 0x9C46, 0x8BC3, 0x8BC3, 0x9C25, 0x9C46, 0x9C46, 0x9C46, 0x9C45, 0x9C45, 0x8BA3,
    0x8BC4, 0x8363, 0x7B42, 0x8BC4, 0x9405, 0x93E5, 0x9C25, 0x8BE5, 0x8BA4, 0x8B83, 0x7B23, 0x7B43,
    0x8BC5, 0x7B43, 0x7B64, 0x7B43, 0x6AC2, 0x72E3, 0x6282, 0x5A62, 0x7B44, 0x7303, 0x8384, 0x8384,
    0x6AC2, 0x6AE3, 0x6AA2, 0x8363, 0x8BC4, 0x5A42, 0x7B43, 0x7302, 0x83A4, 0x83A4, 0x7B22, 0x8383,
    0x8BC4, 0x8BC4, 0x93E4, 0x9C25, 0x93E4, 0x9C46, 0x9C45, 0x93E4, 0x9C45, 0x9405, 0x9424, 0x8363,
    0xA467, 0x9C67, 0x8363, 0x8BA4, 0x93E4, 0x8BC3, 0x8383, 0x8BC3, 0x9405, 0x8BC4, 0x7B43, 0x7303,
    0x8BC4, 0x7B44, 0x9C46, 0x9C45, 0x9405, 0x93C3, 0x8383, 0x9C25, 0x9C05, 0x9C25, 0x9C45, 0x9C46,
    0x9C25, 0x9404, 0x9C24, 0x8BA2, 0x9C24, 0x9C45, 0xA466, 0xA487, 0x93E5, 0x8383, 0x8363, 0x93E4,
    0xA485, 0x93E3, 0xA466, 0xA486, 0x9C24, 0x9C04, 0xA466, 0x8BC3, 0xA466, 0x9404, 0x9403, 0x8382,
    0x9404, 0x9C45, 0x9C45, 0x9C25, 0x9C66, 0xA486, 0x9C25, 0x93E3, 0x93E3, 0x93E4, 0x9405, 0x8BC4,
    0x7B43, 0x7B43, 0x9405, 0x8BA2, 0x9C45, 0x7B42, 0x9C46, 0x9C25, 0x9C25, 0x9C45, 0x8383, 0x8BC3,
    0x9C25, 0x8BC4, 0x9C25, 0x93E4, 0x93E4, 0x9C46, 0x9C46, 0x8383, 0x8BA3, 0x8363, 0x7B02, 0x9405,
    0x9C26, 0x8BC4, 0x93E4, 0x9425, 0x8BE4, 0x93E5, 0x8363, 0x72E2, 0x7B43, 0x7B23, 0x7323, 0x72E2,
    0x8384, 0x6AE3, 0x6AA2, 0x5A62, 0x6AC2, 0x7B23, 0x8343, 0x8384, 0x6AC3, 0x6AA3, 0x8B84, 0x7B63,
    0x8BC4, 0x7B43, 0x7B43, 0x8BA3, 0x9405, 0x8363, 0x7B43, 0x8363, 0x8BA3, 0x9425, 0x9C26, 0x8BC4,
    0x9C26, 0x93E4, 0x9C25, 0x8BC3, 0x8BC4, 0x9405, 0xACA7, 0x8383, 0xA4A7, 0x9C46, 0x8BC4, 0x93E4,
    0x9425, 0x8362, 0x8BA3, 0x8BA3, 0x9C66, 0x9C45, 0x7B23, 0x93E5, 0x8BC4, 0x8384, 0x8383, 0xA466,
    0x8383, 0x9426, 0x9C24, 0x9C46, 0x9C45, 0xA466, 0x9C46, 0x9C25, 0x9C65, 0x8BA2, 0x9404, 0x8B82,
    0x9C46, 0x9C24, 0x9C45, 0x9C46, 0xA466, 0x8BC4, 0x9C25, 0x9404, 0x8BC3, 0xA445, 0xA486, 0x9C45,
    0x9C45, 0x9C45, 0xA486, 0x9C46, 0x9C45, 0x93E3, 0x93E4, 0x8BC3, 0xA486, 0x9C45, 0x9C45, 0x9C65,
    0x9C66, 0x9404, 0xA466, 0xA487, 0x93E4, 0x93C3, 0x93E4, 0x8BE4, 0x8363, 0x7B43, 0xA466, 0x8342,
    0x9C25, 0x9C66, 0x9C25, 0x9C46, 0x9C24, 0x7B42, 0x8BC3, 0xA466, 0x9405, 0x8BA3, 0xA487, 0x9C25,
    0x9C25, 0x9425, 0x9C45, 0x8B83, 0x8BA3, 0x7B42, 0x7B22, 0x8BC4, 0x9405, 0x9405, 0x9404, 0x9405,
    0x8383, 0x8BE5, 0x8BE4, 0x7B43, 0x8364, 0x93E5, 0x8384, 0x8343, 0x8364, 0x7B64, 0x62A2, 0x6282,
    0x7303, 0x8364, 0x7B63, 0x7B23, 0x7B23, 0x7323, 0x8363, 0x8363, 0x8BC4, 0x8BC4, 0x9405, 0x8BC4,
    0x93E4, 0x8363, 0x6AC1, 0x8383, 0x8BC3, 0xA445, 0x9C25, 0x9C66, 0x93E4, 0x9C45, 0x93E4, 0x8B82,
    0x9404, 0x8BC4, 0x9C25, 0x8BC3, 0x9C66, 0x8BC4, 0x9C45, 0xA486, 0x8383, 0x8363, 0x8BA3, 0x8383,
    0xA487, 0x83A4, 0x93C4, 0x9C46, 0x9405, 0x9C46, 0x93E4, 0x93E4, 0x8383, 0x9405, 0x8383, 0xA466,
    0x93E4, 0x9C24, 0x9C66, 0x9C45, 0x9C65, 0x8BA2, 0x93E3, 0x8382, 0x9C26, 0x9C46, 0x9C46, 0x8B83,
    0x9C25, 0x8383, 0x9405, 0x8383, 0xA446, 0x9404, 0xA487, 0x9C45, 0x9425, 0x9C45, 0x9C45, 0xA467,
    0x9C46, 0x8BA2, 0x9C24, 0x8BE3, 0x9C24, 0x9C24, 0x9C45, 0x9404, 0xA466, 0xA466, 0x8BC4, 0x9C25,
    0x8BC3, 0x9405, 0x9425, 0x9405, 0x9C25, 0x8363, 0x8BA4, 0x8B82, 0xA466, 0x9C24, 0x9404, 0x9C45,
    0x9404, 0x9425, 0x8BA3, 0x9C25, 0x8BC3, 0x9C45, 0x9C46, 0x9C25, 0x9C05, 0x9C05, 0x93E4, 0x8BA3,
    0x8383, 0x8B83, 0x7B22, 0x8BC4, 0x93E4, 0x8BC4, 0x93E4, 0x8BC3, 0x93E5, 0x7B43, 0x8BC4, 0x8363,
    0x93C4, 0x8363, 0x8364, 0x7B23, 0x7B43, 0x72E2, 0x6AA2, 0x62A2, 0x7303, 0x7303, 0x8344, 0x6AE3,
    0x7B44, 0x62A2, 0x7B43, 0x8363, 0x8BC4, 0x8BA4, 0x8BC4, 0x9405, 0x8384, 0x7B43, 0x7B62, 0x8362,
    0x8BC3, 0x9404, 0x9405, 0x9404, 0x9C25, 0x93E4, 0x9404, 0x9404, 0x8BC4, 0x8BE3, 0x8383, 0x9C46,
    0x9C45, 0x9C46, 0x9404, 0x9405, 0x9425, 0x8383, 0x8BC3, 0x8BC4, 0x9C46, 0x9C45, 0x9C26, 0x8BC4,
    0x9C46, 0x9C46, 0x9C25, 0x9C46, 0x8BC3, 0x8362, 0x9C25, 0xA466, 0x9C24, 0x9C05, 0x9C66, 0xA466,
    0x9C45, 0x9403, 0x9404, 0x9404, 0x9C46, 0x9424, 0x9C66, 0x9C25, 0x9404, 0x9C45, 0x8B83, 0x93E3,
    0x9C25, 0x9C24, 0x9C25, 0x9C46, 0x9C66, 0x9403, 0x9C45, 0x9C26, 0x9C46, 0x8BA3, 0x93E4, 0x8BA3,
    0x9C66, 0x9C25, 0x9405, 0xA466, 0x93E4, 0x9404, 0x93E3, 0x8BE3, 0x9C65, 0x9405, 0x9C66, 0x9405,
    0x83A4, 0x9405, 0x93E5, 0x8BA3, 0x93E4, 0x9405, 0x9405, 0x9C45, 0x9C45, 0xA466, 0x9C46, 0x8B83,
    0x8362, 0x9C25, 0x9405, 0x9C24, 0x9404, 0x9C25, 0x9C25, 0x8BA3, 0x8BA4, 0x8363, 0x8363, 0x93E5,
    0x9405, 0x93E5, 0x83A4, 0x93E4, 0x8BC5, 0x7B22, 0x8363, 0x8BC4, 0x93E5, 0x8384, 0x8384, 0x8364,
    0x7303, 0x7B44, 0x6AA2, 0x72E3, 0x8384, 0x7303, 0x6AE3, 0x8BA5, 0x62A2, 0x6AC2, 0x7B22, 0x7B43,
    0x8BC4, 0x8BA4, 0x8BC4, 0x8BC4, 0x8363, 0x8363, 0x8383, 0x8BA3, 0x8383, 0x93E4, 0x93C4, 0x8BC3,
    0x93E3, 0x8BC4, 0x9C66, 0x9404, 0x9C46, 0x9C26, 0x8BC3, 0x9405, 0xA466, 0x9C46, 0x9C45, 0x9404,
    0x9C45, 0x8383, 0x8383, 0x8BA3, 0x93E4, 0x93E4, 0x93E4, 0x9C26, 0xA466, 0x9C45, 0x9C25, 0xA487,
    0x8BC4, 0x93C3, 0x9C25, 0x8BC4, 0x9C45, 0xA487, 0x9C45, 0x9C25, 0xA466, 0x8BC3, 0x8BC3, 0x93E4,
    0xA466, 0x9C66, 0x8BC3, 0x9C46, 0x9404, 0x9405, 0x8363, 0x8342, 0x9C25, 0x9C04, 0x9C45, 0xA487,
    0x9C25, 0x93E4, 0x9C05, 0x9C45, 0x93E4, 0x8BA2, 0x9C24, 0x8BC3, 0xA466, 0x9C46, 0x9C46, 0x9C45,
    0x9C25, 0xA486, 0xA487, 0x9404, 0x8BA3, 0x93E4, 0x9C25, 0x9C25, 0x9405, 0x7B43, 0x93E4, 0x7B42,
    0x9C25, 0x93E5, 0x9C25, 0x8342, 0x9C45, 0x9C25, 0x9405, 0x8BA3, 0x7B22, 0x9405, 0x9C26, 0x9C25,
    0x9C26, 0x9C05, 0x9C45, 0x8383, 0x8BA3, 0x7B43, 0x7B43, 0x93E4, 0x93E4, 0x8BE4, 0x8BC4, 0x83C4,
    0x7B23, 0x7B43, 0x8363, 0x8BA4, 0x9405, 0x8BE4, 0x8364, 0x8BA5, 0x8364, 0x7B23, 0x62A2, 0x6AA2,
    0x7303, 0x5A62, 0x5A62, 0x7B44, 0x72E2, 0x6282, 0x8364, 0x8363, 0x93C5, 0x8BA4, 0x9405, 0x8BC4,
    0x93E5, 0x8363, 0x8342, 0x8BA3, 0x7B42, 0x93C4, 0x9C25, 0x9C45, 0x93C4, 0x9C25, 0x9C45, 0x9405,
    0xA487, 0x8363, 0x8363, 0x8BA3, 0x9C25, 0xA466, 0x9C46, 0xA486, 0x9C45, 0x7B43, 0x8BA3, 0x7B23,
    0x8BC4, 0x9405, 0x9C25, 0x9C25, 0x9C25, 0x9C46, 0x9405, 0xA487, 0x9404, 0x9C25, 0x8BA3, 0x8BE4,
    0x9425, 0x9C45, 0x9C45, 0x8BC4, 0x9C45, 0x93C3, 0x8BC3, 0x8BA2, 0x93E4, 0x93C4, 0x9C25, 0x9C25,
    0x9C66, 0x8BA3, 0x7B42, 0x93E4, 0xA487, 0xA465, 0x9C45, 0x9C25, 0x93E4, 0x93E5, 0x9425, 0x93E4,
    0x9C26, 0x8BC3, 0x9404, 0x8B82, 0x9C25, 0x9C46, 0x9C45, 0x9C45, 0x9425, 0xACA7, 0x9C45, 0x9C45,
    0x93C4, 0xA446, 0x9C25, 0x9C26, 0x9C25, 0x9C45, 0x93E5, 0x8362, 0x9404, 0x9405, 0x9425, 0x9404,
    0x9C05, 0x9424, 0x93C3, 0x93E4, 0x8BA4, 0x8BC4, 0x9C26, 0x9C46, 0x93E5, 0x7B22, 0x93E4, 0x7B02,
    0x7B22, 0x8363, 0x7B43, 0x8BC4, 0x8BC4, 0x8BA4, 0x93E4, 0x8383, 0x8384, 0x8383, 0x7B43, 0x7B22,
    0x93E6, 0x93C5, 0x8BA4, 0x8385, 0x7B23, 0x8384, 0x6282, 0x6AA2, 0x6282, 0x7B23, 0x7324, 0x72E3,
    0x6AC2, 0x7B44, 0x8343, 0x7B43, 0x8364, 0x8BC4, 0x9405, 0x9C46, 0x93E5, 0x8BC4, 0x8362, 0x8383,
    0x8BC4, 0x9404, 0x8BA4, 0x8BC4, 0x8BC3, 0x9425, 0x9C46, 0x8BA3, 0x9C45, 0x6A82, 0x93E3, 0x83A3,
    0x9C46, 0x9C26, 0x9C46, 0x9C25, 0x9C66, 0x7B22, 0x7B22, 0x8BA3, 0x8383, 0x9426, 0x9C05, 0x9C25,
    0x8BC3, 0x9425, 0xA487, 0x9405, 0x8BA3, 0x9C24, 0x9404, 0x9405, 0x93E4, 0x9C45, 0x93E4, 0x93E5,
    0xA466, 0x8BA2, 0x93E3, 0x8BC3, 0xA466, 0x9C46, 0xA466, 0x9C46, 0x9404, 0x8383, 0x9C04, 0x8BC4,
    0x9C45, 0x9C26, 0x9404, 0x9C25, 0x9404, 0x9405, 0x9C45, 0x9C24, 0x9C25, 0x93E3, 0x9C24, 0x8362,
    0x9C25, 0x9404, 0x9C25, 0x9C46, 0x9405, 0xA466, 0x8BA3, 0x9C25, 0x93E3, 0xA466, 0x9405, 0x7B42,
    0x8BC3, 0x9425, 0x9C05, 0x8BA3, 0x8BC3, 0x9C26, 0xA466, 0x9C25, 0x93E4, 0x9405, 0x8BA3, 0x9405,
    0x9405, 0x8BC4, 0x93E5, 0x9405, 0x93E5, 0x9406, 0x9405, 0x8BA3, 0x8363, 0x7322, 0x7B43, 0x93E5,
    0x9405, 0x8BC4, 0x93E5, 0x8BC4, 0x8BA4, 0x7B43, 0x9405, 0x8363, 0x8364, 0x8BA4, 0x7B23, 0x8384,
    0x7302, 0x8365, 0x6AA2, 0x6AA1, 0x6283, 0x6282, 0x5A42, 0x7303, 0x7B64, 0x72E3, 0x8363, 0x8BC4,
    0x93E6, 0x93E4, 0x8B84, 0x8BC4, 0x93E4, 0x9405, 0x7B22, 0x8BA3, 0x7B42, 0x83A4, 0x8BC5, 0x9405,
    0x93E4, 0x9C04, 0x9405, 0x9C25, 0x9C46, 0x7B22, 0x8BC4, 0x8BE4, 0x9C25, 0x9C25, 0x9C46, 0xA487,
    0x8384, 0x8363, 0x8BA3, 0x7302, 0x8384, 0x9C45, 0x9C46, 0xA466, 0x93E4, 0x9405, 0x9C25, 0x9C25,
    0x8BA3, 0x8B83, 0x9C46, 0x93E3, 0x9C25, 0x9C45, 0x9C46, 0x9C66, 0x9404, 0x93E4, 0x93E4, 0x8BC3,
    0x9404, 0x9C45, 0x9C25, 0x9C46, 0x9404, 0x9404, 0x93C4, 0x9404, 0x93E3, 0xA466, 0x9C45, 0xA486,
    0x9425, 0x9C45, 0x93E4, 0x9404, 0x9C26, 0x8BA3, 0x8BC3, 0x8BA3, 0x9C25, 0x9C66, 0x9C45, 0xA487,
    0xA466, 0x9C25, 0x93E3, 0x8BA3, 0xA466, 0x9C45, 0x9C25, 0x9C26, 0x9C45, 0x9C25, 0x93E5, 0x8342,
    0x9405, 0x8BC4, 0x9C25, 0x9C25, 0x9C24, 0x9C25, 0x9C66, 0x8383, 0x93E4, 0x8383, 0x8342, 0x9405,
    0x93E4, 0x9C46, 0x9425, 0x7B42, 0x7302, 0x7B42, 0x7303, 0x8363, 0x8B84, 0x8BC5, 0x8BC4, 0x93E4,
    0x93E5, 0x7302, 0x8363, 0x93E5, 0x8BC5, 0x8BA4, 0x8BC4, 0x7B43, 0x8B84, 0x8BA4, 0x72E2, 0x6AC2,
    0x6282, 0x7B24, 0x8385, 0x6283, 0x6AE3, 0x7B23, 0x7B22, 0x93E4, 0x8BA4, 0x8383, 0x7302, 0x8384,
    0x8363, 0x93E4, 0x7B42, 0x7B62, 0x8363, 0x8BC3, 0x8BA4, 0x9C25, 0x8BC3, 0x9404, 0x9405, 0x93E4,
    0x9C46, 0x7B22, 0x8BE4, 0x9C25, 0x93C4, 0x9405, 0x9C26, 0x9C25, 0x8BA4, 0x7B23, 0x8383, 0x7B42,
    0x8BC4, 0x9405, 0x9C25, 0x9405, 0x9C46, 0xA466, 0x8BC4, 0x9C25, 0x8BA3, 0x93E4, 0x9C05, 0x93E4,
    0x9C45, 0x9404, 0xA487, 0x9C46, 0x9C25, 0x8BA3, 0x9C44, 0x8362, 0x93E4, 0x9C46, 0x9C46, 0x9404,
    0x9C46, 0x8BA3, 0x9425, 0x9C25, 0x9C46, 0x9C25, 0x9404, 0x9C65, 0x9C25, 0x93E4, 0x9425, 0x9405,
    0x9C46, 0x8382, 0x93E4, 0x8382, 0x9C45, 0x9C25, 0xA466, 0x9C24, 0x9C04, 0x9C46, 0x8362, 0x9404,
    0xA487, 0x9C46, 0x93E4, 0x9C25, 0x9C46, 0x9C46, 0x9C25, 0x8BC3, 0x9425, 0x9405, 0x93E4, 0x9C25,
    0x9405, 0x9425, 0x9C45, 0x8362, 0x8BA3, 0x93E5, 0x9405, 0x93E5, 0x9C25, 0x9C46, 0x8BC4, 0x7B22,
    0x8BA3, 0x8363, 0x7B43, 0x8383, 0x93E5, 0x93E5, 0x93E5, 0x8BA4, 0x8BC4, 0x8383, 0x8343, 0x8BC4,
    0x8BC4, 0x8BC4, 0x8363, 0x8BC5, 0x7B43, 0x8BA4, 0x7B43, 0x6282, 0x6AE3, 0x7303, 0x6262, 0x7B44,
    0x7302, 0x8384, 0x6AA2, 0x8363, 0x8BC4, 0x93E5, 0x93E5, 0x8384, 0x9404, 0x8BC3, 0x8362, 0x8BC3,
    0x7B42, 0x9C04, 0x9405, 0x9C25, 0x9404, 0x9C46, 0x9C25, 0x93E4, 0x9C45, 0x9404, 0x8BC3, 0x8382,
    0x9404, 0x9404, 0x9C25, 0x8BA4, 0x8BA3, 0x7B63, 0x7322, 0x8BA3, 0x9405, 0x8383, 0x9C45, 0x8BA3,
    0x9C66, 0xA487, 0x9404, 0x8BA2, 0xA466, 0x93E3, 0x8BC3, 0x9C25, 0x93E4, 0x9C25, 0x9C45, 0xA466,
    0x93E4, 0x8BC3, 0x93E4, 0x8362, 0x93C3, 0x93E4, 0x9C25, 0x9C25, 0x9404, 0x9404, 0x9404, 0x9C25,
    0x9C25, 0x9405, 0x9C65, 0x9C45, 0xA466, 0x9C46, 0x9C46, 0x9C25, 0x9405, 0x8BA3, 0x8BA3, 0x8BA2,
    0xA487, 0x9C45, 0xA466, 0x9C45, 0x9C25, 0x8BA3, 0x9C46, 0x8BC3, 0x8BC3, 0x9404, 0x93E4, 0x9C46,
    0xA446, 0x9C25, 0x9C05, 0x8BC3, 0x9C25, 0x8BE4, 0x9405, 0x9C46, 0x9C25, 0x8BA3, 0x8BC4, 0x8B82,
    0x9C26, 0x8BA3, 0x93E4, 0x9405, 0x8B84, 0x8363, 0x8BC4, 0x8383, 0x8383, 0x7B63, 0x8363, 0x8BA3,
    0x93E5, 0x93C4, 0x93C4, 0x8BC5, 0x8384, 0x8BC4, 0x7302, 0x8363, 0x9406, 0x93E5, 0x8BA4, 0x8364,
    0x8BC5, 0x8BC5, 0x6AC2, 0x6AC2, 0x72E3, 0x6AC3, 0x8384, 0x6AC3, 0x7B23, 0x8364, 0x7303, 0x6AC1,
    0x8BC4, 0x8BC5, 0x7323, 0x8BC4, 0x93E4, 0x8BC4, 0x8BC3, 0x8383, 0x7B42, 0x8BC4, 0x93E4, 0x93E4,
    0x93C3, 0x9C45, 0x9C25, 0x9404, 0xA466, 0x93E4, 0x9C65, 0x83A3, 0x9C45, 0x8343, 0x9404, 0x9405,
    0x8364, 0x8363, 0x8BA3, 0x8383, 0x8BE4, 0x93E4, 0x93C4, 0x9C45, 0x9C25, 0x9C65, 0x9C45, 0x93E3,
    0x9C66, 0x9404, 0x8BC3, 0x93E4, 0x9404, 0x9404, 0x9C66, 0x9C46, 0x93E4, 0x8BA3, 0x93E4, 0x8BC3,
    0x9C05, 0x9C65, 0x9C25, 0x9C45, 0x9C45, 0x8362, 0x9C46, 0x93E4, 0x8383, 0x9C25, 0xA486, 0x9424,
    0x9C25, 0x9404, 0x9C04, 0x9C46, 0x9C25, 0x8BA3, 0x8BC3, 0x8BA3, 0x9C45, 0xA445, 0x9404, 0xA486,
    0x9C46, 0x9C46, 0x9C25, 0x9C25, 0x8B83, 0x9405, 0xA466, 0x9C25, 0x9C24, 0xA466, 0x9C45, 0x8382,
    0x9C25, 0x9C25, 0x9405, 0x9C25, 0x9C25, 0x9C45, 0x8BC3, 0x9C45, 0x9C05, 0x8BA3, 0x9C05, 0x9C47,
    0x8363, 0x8BC3, 0x8BA4, 0x7322, 0x8363, 0x8383, 0x7B02, 0x8BC4, 0x9404, 0x9405, 0x8BA3, 0x8BA4,
    0x7B63, 0x93E5, 0x93E5, 0x8343, 0x93E5, 0x8384, 0x93E5, 0x8364, 0x8343, 0x8384, 0x7B23, 0x6AE2,
    0x5222, 0x6AE3, 0x7B23, 0x8384, 0x8384, 0x7B23, 0x6AE2, 0x8BE5, 0x8BC4, 0x8BA3, 0x6AE2, 0x8BE4,
    0x9404, 0x8383, 0x8362, 0x8BC3, 0x8362, 0x9425, 0x9C25, 0x9C45, 0x9404, 0xA466, 0x8BC3, 0x9404,
    0x9C25, 0x8362, 0x9C45, 0x7B41, 0x9404, 0x9C46, 0xA466, 0x8BA4, 0x9405, 0x83A3, 0x8383, 0x8BC3,
    0x9C46, 0x8384, 0x8BA3, 0x9404, 0x9C45, 0x9C45, 0xA466, 0x9404, 0x8BC3, 0x9404, 0x8362, 0x9C24,
    0x9C25, 0x93E4, 0x9C25, 0x93C4, 0x9C66, 0x93E3, 0x9404, 0x83A2, 0xA465, 0x9C46, 0x9C46, 0xA466,
    0x9C46, 0x8BA3, 0x9C25, 0x8BA4, 0x93E3, 0x9C46, 0xA486, 0x8BA3, 0x8BC4, 0x9C66, 0x93E3, 0x8BC3,
    0xA466, 0x8BC3, 0x9425, 0x8BA3, 0x9C45, 0x9C24, 0x9C24, 0xA466, 0x9C45, 0x9C25, 0x8BA3, 0x9425,
    0x9404, 0x8383, 0x8BC4, 0x9C45, 0xA465, 0x9405, 0xA466, 0x8383, 0x8BA4, 0x8363, 0x8BA4, 0x8384,
    0x93E4, 0x9C66, 0x8BA4, 0x9C46, 0x8BC4, 0x9405, 0x9404, 0x8BC4, 0x7B02, 0x83A4, 0x8BC4, 0x8BA4,
    0x8362, 0x8362, 0x7B43, 0x9405, 0x8BA4, 0x8BA4, 0x8BA4, 0x8BC4, 0x8364, 0x7B43, 0x93E5, 0x8363,
    0x93E5, 0x8343, 0x8BA4, 0x8385, 0x8384, 0x8363, 0x7B23, 0x6AC2, 0x62A2, 0x7B43, 0x7303, 0x7B43,
    0x7B43, 0x7B43, 0x7B43, 0x8BA4, 0x9C25, 0x8BC4, 0x7B23, 0x8BC4, 0x8383, 0x8BE4, 0x8382, 0x8383,
    0x7B62, 0x9405, 0x9C25, 0x93E4, 0x9C45, 0x93E4, 0x9C24, 0x93E4, 0x9C45, 0x8BC3, 0x9404, 0x9404,
    0x9C25, 0x9C45, 0x8BA4, 0x93E5, 0x9C45, 0x8383, 0x7B22, 0x8342, 0x9405, 0x9404, 0x93E4, 0x93E4,
    0xA466, 0xA487, 0xA466, 0x8BE4, 0x8BC3, 0x8BC3, 0x9405, 0x9C25, 0x9C04, 0x9404, 0x93E4, 0x9405,
    0x9405, 0x8BC3, 0x93E4, 0x8362, 0xA467, 0xA445, 0x9404, 0xA465, 0x8BC4, 0x9C45, 0x8383, 0x8BA3,
    0x93E4, 0x93E3, 0x9C25, 0x9404, 0x93E4, 0x9C45, 0xA486, 0x8BA3, 0x9405, 0x8BA2, 0x9C45, 0x8BC3,
    0x9C24, 0x9C46, 0x9C25, 0x9C25, 0x8BC3, 0xACA6, 0x93C4, 0x8BC4, 0x9C45, 0x9405, 0x9C45, 0x9C46,
    0x9C46, 0x9C45, 0x9405, 0x8362, 0x83A4, 0x8BA3, 0x8BE4, 0x9405, 0x9405, 0x8BC3, 0x93E4, 0x7B62,
    0x8BE4, 0x9404, 0x93E4, 0x93E5, 0x8BC4, 0x93E5, 0x93E4, 0x8363, 0x8383, 0x7B42, 0x7B43, 0x8BC4,
    0x8BC4, 0x8B83, 0x93C4, 0x8BE5, 0x7B43, 0x7B22, 0x7B23, 0x8384, 0x8BA5, 0x8BC5, 0x8384, 0x7B43,
    0x8384, 0x8384, 0x7302, 0x6AC2, 0x7303, 0x8384, 0x7B64, 0x8384, 0x7B22, 0x7303, 0x7302, 0x8363,
    0x8BA3, 0x8362, 0x93E4, 0x7B42, 0x8BA3, 0x9405, 0x8382, 0x8BA3, 0x7B62, 0x9C25, 0x9C25, 0x9425,
    0xA466, 0x9C46, 0xA466, 0x9404, 0x9C45, 0x9405, 0x9C25, 0x8362, 0x9C45, 0x9405, 0x8BA4, 0x93C4,
    0x9C45, 0x8363, 0x7B42, 0x6AC2, 0x9C45, 0x93E4, 0x9404, 0x9404, 0x9C66, 0xA465, 0x9C66, 0xA466,
    0x93E4, 0x93C3, 0x8BA3, 0xA446, 0x9C25, 0x9404, 0xA466, 0x9C25, 0x9C66, 0x8382, 0x93E3, 0x93C3,
    0x9C65, 0x9C66, 0x9425, 0xA465, 0x9C45, 0x9C45, 0x8382, 0x9C45, 0x9C24, 0x93C3, 0xA466, 0x9C45,
    0x8362, 0x9C45, 0x9425, 0x93E4, 0x9C25, 0x93E4, 0x93E4, 0x8BE3, 0x9C24, 0x9404, 0x9C46, 0x9C25,
    0x9404, 0xA486, 0xA486, 0x93E3, 0x8B82, 0x9C25, 0x9404, 0xA466, 0x9C46, 0x9C25, 0x9C45, 0x8BA3,
    0x8383, 0x83A4, 0x8BC4, 0x93C4, 0x9425, 0x9C25, 0x8BC4, 0x8362, 0x93E4, 0x93E4, 0x8BC4, 0x8383,
    0x8BC4, 0x8BC5, 0x8BE4, 0x8383, 0x8363, 0x7B42, 0x8363, 0x9405, 0x8BC4, 0x8BA3, 0x9405, 0x8BE4,
    0x8363, 0x8BC4, 0x8BA4, 0x7302, 0x8BC5, 0x8BC4, 0x9406, 0x8BA4, 0x8384, 0x8BA4, 0x6AC2, 0x6AC2,
    0x72E3, 0x7323, 0x7B03, 0x7B23, 0x7B22, 0x8363, 0x8BA4, 0x7B43, 0x93C4, 0x93E4, 0x93E4, 0x8BA3,
    0x9404, 0x93E4, 0x8BA3, 0x83A3, 0x7B63, 0x9405, 0x9C25, 0x8BA3, 0x8BA4, 0x9405, 0x93E4, 0x8383,
    0x9404, 0x8363, 0x9C25, 0x8363, 0xA466, 0x9405, 0x9404, 0x9C66, 0x9C25, 0x8383, 0x8383, 0x8BC3,
    0x9425, 0x9404, 0x9405, 0x9405, 0x93E4, 0x9C65, 0x9C45, 0x8BC3, 0x9C04, 0x9404, 0x8BA3, 0x93E4,
    0x9C46, 0x9C45, 0x9C04, 0xA487, 0x9C66, 0x8BC3, 0x9424, 0x8382, 0x9C45, 0xA466, 0x9404, 0x93E3,
    0x93E3, 0x93E3, 0x9404, 0x8B83, 0x8BC3, 0x9C25, 0xA466, 0x9C46, 0x9C46, 0x9404, 0x9404, 0x8BA3,
    0x9405, 0x8BA3, 0x9C04, 0x9425, 0x9C66, 0xA486, 0x9404, 0x9C25, 0x9404, 0xA466, 0x8383, 0x9C25,
    0x8BA3, 0x9C46, 0xA466, 0x9404, 0x9C45, 0x9425, 0x9404, 0x8BA3, 0x93E5, 0x7B43, 0x9405, 0x9C25,
    0x9C45, 0x9C26, 0x8BA3, 0x9C25, 0x9404, 0x8BA3, 0x8BC4, 0x93E5, 0x93C4, 0x93E4, 0x8BE4, 0x8363,
    0x7B42, 0x8363, 0x7B43, 0x9C26, 0x93E4, 0x9405, 0x9405, 0x8BA4, 0x8383, 0x8364, 0x8383, 0x7B43,
    0x8363, 0x8BE5, 0x8BA4, 0x8384, 0x8B84, 0x8BC5, 0x72E2, 0x7303, 0x7303, 0x7B23, 0x7B23, 0x7303,
    0x7B43, 0x7B43, 0x7B43, 0x8BA4, 0x93C4, 0x93C4, 0x93E5, 0x8BA3, 0x93C4, 0x8BC4, 0x8383, 0x8362,
    0x83A3, 0x93E4, 0x93E4, 0x8363, 0x9405, 0x93E5, 0x9C05, 0x8BC3, 0x9405, 0x7B43, 0x9404, 0x8383,
    0x9C45, 0xA486, 0x9C46, 0x9405, 0x8BC4, 0x8363, 0x8383, 0x8383, 0x9404, 0x9C25, 0x9C25, 0x9405,
    0x8383, 0x9424, 0x9404, 0x93C4, 0x93E4, 0x9C45, 0x8342, 0x9C45, 0x9C25, 0x9C46, 0x9C45, 0x9C45,
    0x9C46, 0x8BC3, 0x93E4, 0x8BA2, 0x9C45, 0x9C24, 0x9C46, 0x9404, 0x93E4, 0x9404, 0x9C25, 0x8BC3,
    0x93E4, 0x9C25, 0x9404, 0x9C25, 0x8383, 0x9C24, 0x9C66, 0x9404, 0x8BC3, 0x8BC2, 0x93E3, 0x93E4,
    0x9C24, 0x9405, 0x9C66, 0x9C45, 0x9425, 0x9C25, 0x93C4, 0x9404, 0x8342, 0xA466, 0x9404, 0x9C25,
    0x9C25, 0x8BC3, 0x9C25, 0x8B82, 0x93E4, 0x93E4, 0x9C46, 0x9404, 0x9404, 0x93E4, 0x8362, 0x9404,
    0x8BA3, 0x9C25, 0x8BC4, 0x8BA3, 0x9405, 0x8B83, 0x8BC4, 0x8383, 0x8383, 0x7B22, 0x8363, 0x93E5,
    0x8BE4, 0x93E4, 0x93E5, 0x93E4, 0x8BC4, 0x8363, 0x8BA4, 0x7B43, 0x8BA4, 0x8363, 0x8383, 0x8BC5,
    0x8384, 0x8344, 0x7323, 0x6AC2, 0x7303, 0x6AA2, 0x7302, 0x7B23, 0x7B23, 0x7B43, 0x8363, 0x8BC4,
    0x8383, 0x93C4, 0x8BA4, 0x8BC4, 0x9404, 0x8BC4, 0x8383, 0x8362, 0x8363, 0x93C4, 0x8BC4, 0x9405,
    0x93E4, 0x8383, 0x93E4, 0x8BC4, 0x9C25, 0x8BA3, 0x93E4, 0x9C24, 0xA446, 0x9405, 0x8BC4, 0x93E4,
    0x9405, 0x8363, 0x8BC3, 0x8BC4, 0x9405, 0x93E4, 0x9404, 0x9405, 0x9C26, 0x9404, 0x8383, 0x93E4,
    0x93E3, 0x8BC3, 0xA486, 0x9C45, 0x9404, 0x9C24, 0x9C45, 0xA466, 0x9C25, 0x8382, 0x9404, 0x8BA2,
    0x9C25, 0x9425, 0x9C45, 0x9C25, 0x9404, 0x9C25, 0x9C25, 0x9C25, 0x8BA3, 0x9C25, 0x9404, 0x9405,
    0x9404, 0x8383, 0x9C25, 0x8383, 0x8BC3, 0x93E4, 0x9404, 0x8BC3, 0xA466, 0x93E4, 0x8BC3, 0x93E4,
    0x93E4, 0x9C66, 0x8BC3, 0x9404, 0x9C45, 0x9C25, 0x93C3, 0x9C25, 0x9404, 0x9C25, 0x9C45, 0x8BC3,
    0x9C45, 0x8BA4, 0x9425, 0x9C45, 0x9404, 0x9404, 0x9C25, 0x8362, 0x93E4, 0x9C25, 0x9C45, 0x93C4,
    0x8BC3, 0x93E5, 0x8BC4, 0x8362, 0x8383, 0x7B42, 0x7B43, 0x93E5, 0x9405, 0x93E5, 0x8B83, 0x8BC4,
    0x7B42, 0x7B63, 0x7322, 0x8BC4, 0x8384, 0x8364, 0x93E5, 0x8384, 0x8384, 0x8B84, 0x6AA2, 0x72E2,
    0x7B23, 0x7303, 0x8363, 0x7B24, 0x6282, 0x8384, 0x7B03, 0x8383, 0x8BA3, 0x8BC3, 0x9404, 0x8BC4,
    0x8BE4, 0x8363, 0x8362, 0x7B42, 0x8363, 0x9404, 0x9C25, 0x8BC4, 0x8BA4, 0x8BC4, 0x8BC3, 0x8BC4,
    0x9C66, 0x9C25, 0x9404, 0x7B42, 0x9425, 0x9425, 0x8BC4, 0x9C45, 0x9C45, 0x7302, 0x8BC3, 0x8BC3,
    0x9C25, 0x9C25, 0x9C45, 0x8BA3, 0x9404, 0x9C25, 0x9C25, 0xA466, 0x93E4, 0x9C04, 0x8BC3, 0x9C25,
    0x9C46, 0x9C25, 0x9C45, 0x9C25, 0x9C45, 0x93C3, 0x8BC3, 0x8BA2, 0x9C25, 0x9C24, 0x9C45, 0x9C25,
    0x9C45, 0x93E4, 0xA486, 0x8BA4, 0xA466, 0x8BA3, 0x9404, 0x8BA3, 0x8383, 0x9C04, 0x8383, 0x9C25,
    0x9405, 0x8BC3, 0x9424, 0x8BA2, 0x9C04, 0x9404, 0x9404, 0x9C45, 0x9C46, 0xA487, 0x9C25, 0x9404,
    0x93C4, 0x9404, 0x9C45, 0x9C25, 0x9C25, 0x9C25, 0x93E4, 0x8BC4, 0x93E4, 0x8BC3, 0x9C25, 0x9C25,
    0x9C45, 0x9C25, 0x8383, 0x93E3, 0x93E4, 0x9C26, 0x9C25, 0x93C4, 0x8BC4, 0x93E4, 0x9405, 0x8383,
    0x8383, 0x7B42, 0x7B42, 0x93E4, 0x8BC4, 0x8BA4, 0x8BA4, 0x83A4, 0x8BA4, 0x8384, 0x8343, 0x7302,
    0x7B44, 0x8384, 0x8364, 0x8384, 0x7B23, 0x7B64, 0x6AC2, 0x6AE2, 0x6282, 0x7323, 0x6AC2, 0x7B43,
    0x6AC2, 0x8BA4, 0x72E2, 0x7B42, 0x8BA3, 0x93E4, 0x93E4, 0x9C05, 0x9C05, 0x8BC4, 0x8342, 0x8363,
    0x8383, 0x93E4, 0x9C26, 0x8BE4, 0x7B43, 0x8BA3, 0x9C25, 0x93E4, 0x9C25, 0x8383, 0x9405, 0x8383,
    0x9425, 0x5A62, 0x9404, 0x9C45, 0x9C45, 0x8383, 0x8BA3, 0x8BA3, 0x9C45, 0x9C25, 0x9C25, 0x9C25,
    0x9C25, 0x9425, 0x9C46, 0x93E4, 0x9404, 0x9404, 0x93E3, 0x8BA3, 0x93E4, 0x9C45, 0x9C45, 0x9C46,
    0x9C66, 0x93E3, 0x93C3, 0x8B82, 0x93E4, 0x9404, 0x93E4, 0x93C3, 0x9C25, 0x8362, 0x8363, 0x9405,
    0x8383, 0x9C25, 0x9405, 0x9C45, 0x8BA3, 0x8BC4, 0x9C25, 0x9404, 0x9C25, 0x8BC3, 0x9C24, 0x93E3,
    0x9C45, 0x9C25, 0x9404, 0xA465, 0xA466, 0x9C45, 0x93E4, 0x9C45, 0x8BA2, 0x93E4, 0x9C25, 0xA446,
    0x8BA2, 0x9C25, 0x9404, 0x8BA3, 0x9C25, 0x9405, 0x9C24, 0x9C05, 0x9C45, 0xA466, 0x93E4, 0x9405,
    0x8BC4, 0x8BA3, 0x9C46, 0x9C25, 0x9405, 0x8B83, 0x9C26, 0x8BA4, 0x8383, 0x8383, 0x7B43, 0x8BC4,
    0x9405, 0x7303, 0x8BC4, 0x8BA4, 0x7B43, 0x83A4, 0x8BA4, 0x7B43, 0x8384, 0x6AE3, 0x7303, 0x8364,
    0x7B44, 0x8364, 0x7302, 0x7B23, 0x7B23, 0x5A41, 0x7303, 0x8363, 0x8363, 0x72E2, 0x7B23, 0x8BA4,
    0x7B43, 0x8BA4, 0x8BA4, 0x93E4, 0x93C4, 0x9404, 0x7B42, 0x8362, 0x8362, 0x9C25, 0x8BC4, 0x9405,
    0x83A4, 0x8383, 0x8363, 0x8BC4, 0x93E4, 0x8BC3, 0x9C25, 0x7322, 0x8BC4, 0x8363, 0x8BC3, 0x9C46,
    0x9C46, 0x8BA4, 0x8382, 0x8BA3, 0x9425, 0x9C25, 0x9404, 0x9C66, 0x9C45, 0x9C45, 0x9C25, 0x9C25,
    0x93E4, 0x9404, 0x8362, 0x9C25, 0x9405, 0x9C45, 0x9404, 0x9C45, 0xA466, 0x93E4, 0x93E3, 0x8BA3,
    0x9C46, 0x8BC4, 0x9C46, 0x9405, 0x9C24, 0x7B22, 0x9C26, 0x9404, 0x93E4, 0x8BC4, 0x9C66, 0x93E4,
    0x8BA3, 0x9425, 0x8BA3, 0x9404, 0x9C25, 0x9404, 0x9404, 0x9404, 0x9404, 0x9C45, 0x9C24, 0x9404,
    0x9405, 0x9C45, 0x93E4, 0x9C45, 0x8BA3, 0xA466, 0x9C25, 0x9405, 0x9C26, 0x9404, 0xA466, 0x8362,
    0x9C25, 0x9405, 0x9C25, 0x9C24, 0x9C25, 0x9404, 0x9C25, 0x9C25, 0x8BC3, 0x8BA3, 0x9C25, 0x9405,
    0x93E4, 0x93E4, 0x9C46, 0x8383, 0x8363, 0x8363, 0x7B43, 0x8BA4, 0x93E5, 0x83A5, 0x8BA4, 0x8BC5,
    0x8363, 0x7B43, 0x93E5, 0x7302, 0x8384, 0x8BC5, 0x6AC2, 0x7B43, 0x7B64, 0x8363, 0x72E2, 0x6AC2,
    0x6282, 0x6AA2, 0x8363, 0x7B63, 0x8364, 0x72E2, 0x72E2, 0x8B84, 0x8363, 0x8383, 0x8BA3, 0x93E4,
    0x9C26, 0x8BA4, 0x7B42, 0x8363, 0x8383, 0x9C26, 0x7B22, 0x93E5, 0x8BC4, 0x8BC4, 0x8BA4, 0x8BA3,
    0x9C46, 0x8BA3, 0x93E4, 0x9C25, 0x8383, 0x8363, 0x9404, 0x9424, 0x9404, 0x8B83, 0x8BC3, 0x8382,
    0x9C46, 0x9405, 0x9C45, 0x9C25, 0x9C45, 0x9C24, 0x9C45, 0x9C25, 0x93E4, 0x93E3, 0x8BA3, 0x93E4,
    0x6AA1, 0x93E4, 0x9C05, 0x9C25, 0xA486, 0x8BC3, 0x93E3, 0x8BA3, 0x9C45, 0x9405, 0x9C25, 0x9425,
    0x9C65, 0x9C45, 0x9424, 0x9405, 0x93E4, 0x9404, 0x8363, 0x9C25, 0x8383, 0x93E4, 0x9404, 0x9C45,
    0x9C25, 0x93E3, 0x9404, 0x8BA2, 0x9C46, 0x9C25, 0x9405, 0x93C3, 0x9C24, 0xACA7, 0x9404, 0x93E3,
    0x9404, 0xA486, 0x9C66, 0x9C25, 0x9C25, 0x93E4, 0x9C25, 0x8382, 0x9C24, 0x9C05, 0x9C25, 0x9C25,
    0x9404, 0x9C45, 0x9425, 0x8382, 0x8BE4, 0x7B42, 0x9405, 0x9405, 0x9C26, 0x9C25, 0x93E4, 0x93E4,
    0x8383, 0x7B43, 0x7B43, 0x93E5, 0x9405, 0x93E5, 0x8BC4, 0x8363, 0x7B23, 0x7B63, 0x7323, 0x8BA4,
    0x8BA4, 0x8384, 0x7B64, 0x8364, 0x72E2, 0x6AC2, 0x72E2, 0x6282, 0x72E3, 0x7B23, 0x8384, 0x7B23,
    0x7B43, 0x7B43, 0x72E2, 0x8343, 0x7B42, 0x8383, 0x7B23, 0x8383, 0x8B83, 0x8BA3, 0x7B42, 0x7301,
    0x7B63, 0x93E4, 0x8BA4, 0x8384, 0x8343, 0x8384, 0x93E5, 0x8BC4, 0x93E4, 0x8B84, 0x8BA3, 0x7B22,
    0x9404, 0x9425, 0x8BC4, 0xA465, 0x9C45, 0x8BC3, 0x8B82, 0x8362, 0x9C05, 0x9404, 0x9C25, 0x8BA3,
    0x9C45, 0x9C44, 0xA486, 0x9C25, 0x93E4, 0x8383, 0x8BA3, 0x9C45, 0x9C25, 0x8BC4, 0xA466, 0x9C45,
    0xA465, 0x8382, 0x93C3, 0x8BA3, 0x9404, 0x9C25, 0x9404, 0x9C46, 0x9404, 0x9C25, 0xA466, 0x8383,
    0x9405, 0x7B43, 0x9C45, 0x9425, 0x93E4, 0x93E4, 0x9C45, 0x9404, 0x9C46, 0x8BC3, 0x8BA3, 0x8BE3,
    0x9C45, 0x9C04, 0x8BA2, 0x9C46, 0x9C66, 0x9C45, 0x9C25, 0x8BC3, 0x8BC3, 0x9C04, 0xA486, 0x9C45,
    0x9C25, 0x8BC3, 0xA466, 0x8382, 0x9C45, 0x9C25, 0x93E4, 0x9404, 0x9405, 0xA467, 0x8BC4, 0x8BA3,
    0x9C25, 0x93E4, 0x93E4, 0x93E5, 0x7B43, 0x93E4, 0x93E4, 0x8BC4, 0x8342, 0x8383, 0x7B43, 0x8BC4,
    0x8BC4, 0x8B83, 0x8384, 0x9405, 0x8383, 0x8BA4, 0x8363, 0x6AC3, 0x8B84, 0x8343, 0x7303, 0x8364,
    0x7303, 0x8364, 0x6282, 0x72E2, 0x7B23, 0x7303, 0x8385, 0x7B43, 0x7302, 0x7B23, 0x8363, 0x8363,
    0x8B84, 0x8383, 0x8363, 0x8B83, 0x8BC4, 0x8BC4, 0x8362, 0x8BC4, 0x6282, 0x93E4, 0x9C05, 0x8BC4,
    0x8384, 0x8364, 0x7B63, 0x8363, 0x8383, 0x8BC4, 0x9C05, 0x7302, 0x8B83, 0x9405, 0x9C25, 0x9404,
    0x8BA3, 0x8BA3, 0x8BC3, 0x8BC3, 0x9C05, 0x9C45, 0x9C25, 0x9404, 0x9C46, 0x9C24, 0xA486, 0x93E4,
    0x9C24, 0x93E4, 0x8BA3, 0x8BC4, 0x9C66, 0x9C46, 0xA466, 0xA466, 0x9C66, 0x8BC3, 0x93E3, 0x8383,
    0x9C45, 0x9C46, 0x9C25, 0x9C46, 0x9C45, 0x8BC3, 0x9C24, 0x93C4, 0x8383, 0x9C26, 0x9C25, 0x9405,
    0x9404, 0x9405, 0x9404, 0x9405, 0x9C25, 0x93E3, 0x9404, 0x8B82, 0xA466, 0x9425, 0xA466, 0xA466,
    0x9C46, 0x8383, 0x93E4, 0x9C45, 0x8B82, 0x9C04, 0x9405, 0x9C46, 0x9404, 0x9C46, 0x9C46, 0x8BC2,
    0x93E4, 0x9C26, 0x8BC3, 0x9404, 0x8BC3, 0x8BA3, 0x8BC3, 0x93E4, 0x8BA4, 0x8BA3, 0x9C25, 0x9C25,
    0x8B83, 0x93E5, 0x9C26, 0x8383, 0x8383, 0x8363, 0x7302, 0x9406, 0x8BC4, 0x8BC5, 0x8BA4, 0x8384,
    0x7B23, 0x8B84, 0x8BA4, 0x7302, 0x8BA5, 0x8BC5, 0x6AE3, 0x7303, 0x72E3, 0x6AC3, 0x5201, 0x5A41,
    0x7303, 0x7B44, 0x8364, 0x8364, 0x8363, 0x7B02, 0x72E2, 0x93E5, 0x8BA4, 0x8383, 0x8BA4, 0x8BA3,
    0x93E4, 0x8BC3, 0x8342, 0x8363, 0x7302, 0x8383, 0x9405, 0x9405, 0x8BA4, 0x8363, 0x8363, 0x8383,
    0x8BA4, 0x8BA3, 0x9C25, 0x8383, 0x9405, 0x9C25, 0x8BE4, 0x9C66, 0x9C45, 0x8383, 0x8382, 0x8BC4,
    0x9C25, 0xA466, 0x9C25, 0x9C25, 0x93E3, 0x9404, 0xA466, 0x8BC3, 0x8BC3, 0x9424, 0x8BA3, 0x93E4,
    0x8BA3, 0x9404, 0xA486, 0xA486, 0x9404, 0x8BC3, 0x93E4, 0x8362, 0x9C25, 0x6AC2, 0x9C45, 0x9404,
    0x8BC3, 0x8362, 0xA466, 0x9404, 0x93C4, 0x8BC4, 0x9405, 0x9C25, 0x93E3, 0x9C25, 0x9404, 0xA466,
    0x9C24, 0x9404, 0x9C45, 0x8382, 0x9C25, 0x9C45, 0x9C25, 0xA4A7, 0x9C46, 0x9C45, 0x93C4, 0x9404,
    0x8BC3, 0x9C45, 0x93E4, 0x93E4, 0x9C25, 0x9C45, 0xA466, 0x8BC3, 0x8BC4, 0x8BA3, 0x9C25, 0x9C25,
    0x8383, 0x8384, 0x7B42, 0x93C4, 0x8383, 0x93E4, 0x9C25, 0x9C25, 0x8BC4, 0x93E5, 0x93E4, 0x8383,
    0x7B42, 0x7B22, 0x72E2, 0x93E5, 0x8363, 0x8384, 0x8363, 0x8384, 0x8364, 0x7B43, 0x8384, 0x6AC2,
    0x7B23, 0x8364, 0x8364, 0x8364, 0x7B23, 0x8344, 0x5221, 0x4A01, 0x7B23, 0x7B23, 0x72E3, 0x7B43,
    0x8384, 0x7B23, 0x72E2, 0x7B43, 0x8BC4, 0x8BA4, 0x8383, 0x8363, 0x8BA3, 0x8BA3, 0x8362, 0x7B22,
    0x8363, 0x9405, 0x8BC4, 0x8BA4, 0x7B22, 0x9405, 0x8BA4, 0x8BC4, 0x9405, 0x8363, 0x9C25, 0x93E4,
    0x9404, 0x9C25, 0x9C66, 0x9424, 0x8BA3, 0x8383, 0x8383, 0x93E3, 0x7B22, 0x9404, 0x9C25, 0x9C25,
    0x9C46, 0x93E4, 0x93E3, 0x93E4, 0x93E4, 0x8BA2, 0xA466, 0xA486, 0x9C45, 0x9C25, 0x9C45, 0x9C45,
    0x9C45, 0x8B82, 0x8BA3, 0x8B83, 0xA466, 0x9405, 0x9425, 0x9404, 0x9404, 0x9405, 0x9404, 0x9404,
    0x9405, 0x8BC4, 0x9C45, 0x9C25, 0xA466, 0x9404, 0x9C25, 0x8BC3, 0x93E4, 0x93E3, 0x8BA2, 0x8BC3,
    0x9C45, 0x9C46, 0x9C45, 0x9404, 0x9C24, 0x8BC3, 0x93E4, 0x8BC3, 0x93E4, 0x9C46, 0x9C25, 0x93C3,
    0xA446, 0x9C46, 0x9C25, 0x8382, 0x93C3, 0x8BC3, 0x9C66, 0x93E4, 0x93E4, 0x9405, 0x8BC4, 0x7B22,
    0x8363, 0x8383, 0x9404, 0x9C25, 0x9405, 0x8BE5, 0x8BA3, 0x8383, 0x83A4, 0x8363, 0x7322, 0x8BC4,
    0x8BC5, 0x8BA4, 0x6AE2, 0x7303, 0x72E2, 0x7B23, 0x7303, 0x7B44, 0x8BA5, 0x8BA4, 0x8BA5, 0x8364,
    0x7B23, 0x6261, 0x5221, 0x5A62, 0x6AE2, 0x7303, 0x7B43, 0x7B43, 0x7B43, 0x7B23, 0x72E2, 0x7B43,
    0x93E5, 0x93E4, 0x8BA4, 0x8BA4, 0x8BA4, 0x8BC4, 0x7B42, 0x7B42, 0x7B42, 0x93C4, 0x93E4, 0x8383,
    0x7B23, 0x8BA4, 0x8383, 0x8BA3, 0x9426, 0x8BC5, 0x8BC4, 0x8BC4, 0x9C25, 0x9404, 0x9404, 0x7322,
    0x9404, 0x8BC3, 0x8363, 0x8383, 0x9C45, 0x9C25, 0x9C25, 0xA466, 0x9404, 0x9C46, 0x9C24, 0x9C45,
    0x9C45, 0x8BC2, 0x8BA3, 0x93E4, 0x9404, 0x8BC3, 0xA486, 0x9C45, 0x93E4, 0x93E3, 0x93E4, 0x8362,
    0x9C46, 0x9C25, 0x9404, 0x93E4, 0x9405, 0x8362, 0x9404, 0x9C25, 0x9C45, 0x9404, 0x9C44, 0xA445,
    0x9C45, 0x9C45, 0x9404, 0x9404, 0x9C24, 0x93E3, 0x9404, 0x8382, 0xA486, 0x9C25, 0xA466, 0x9C25,
    0x9424, 0x9C25, 0x9C25, 0x8BC2, 0x8BA3, 0x9C45, 0xA465, 0xA466, 0x9C24, 0x9425, 0x9C46, 0x8BC3,
    0x9404, 0x93E4, 0x9C25, 0x9C25, 0x8BA3, 0x9405, 0x8383, 0x7B42, 0x8BC4, 0x8BA3, 0x9C45, 0x93E4,
    0x9C46, 0x9405, 0x9C46, 0x8383, 0x8383, 0x8363, 0x7B42, 0x8363, 0x8BC4, 0x8BA4, 0x8384, 0x6AE3,
    0x7303, 0x8BA4, 0x7B23, 0x7323, 0x8364, 0x8BA4, 0x6AC3, 0x7B24, 0x6282, 0x7324, 0x62A2, 0x6AA2,
    0x7B43, 0x7303, 0x8363, 0x7303, 0x7B23, 0x8384, 0x8343, 0x7B42, 0x8BA3, 0x8BC4, 0x8BA3, 0x9405,
    0x9405, 0x9404, 0x8363, 0x8363, 0x8BA4, 0x93E4, 0x93E4, 0x7B43, 0x93C4, 0x8BA4, 0x8BA3, 0x8383,
    0x8BC4, 0x9404, 0x9405, 0x93C4, 0x8BC4, 0x93E5, 0x9C25, 0x93E4, 0x9C45, 0x8BA3, 0x8383, 0x8BA3,
    0x9C66, 0x9C46, 0x9404, 0x9C25, 0x9C45, 0x9C45, 0x9425, 0x9C45, 0x9C25, 0x9425, 0x8363, 0x8BC3,
    0x9405, 0xA466, 0x9C45, 0xA486, 0x9C45, 0x8BA2, 0x8BE3, 0x7B62, 0x9C25, 0x9C25, 0x9C46, 0x9C25,
    0x93E4, 0x8BA3, 0x9C46, 0x9C45, 0x83A3, 0xACA6, 0x9C45, 0x9C05, 0x9C45, 0x9C25, 0x9C66, 0x9404,
    0x9C25, 0x8362, 0x9404, 0x8BC3, 0x9C45, 0x9C25, 0x93E3, 0x9C66, 0x9C44, 0x9C25, 0x9C45, 0xA466,
    0x8B83, 0x9C45, 0x93E4, 0x9C45, 0x9C46, 0x9C66, 0x9C46, 0x8BA3, 0x9404, 0x9405, 0x9404, 0x8BC3,
    0x9C25, 0x9425, 0x8363, 0x9C25, 0x8BA4, 0x7B22, 0x93E4, 0x9C46, 0x8BA4, 0x9C26, 0x8B83, 0x8BA4,
    0x7B42, 0x7B63, 0x7B42, 0x9405, 0x8B84, 0x8BC5, 0x8BA4, 0x8384, 0x7B23, 0x7B44, 0x7B44, 0x6AE3,
    0x7323, 0x8344, 0x7303, 0x7B23, 0x8364, 0x8385, 0x6282, 0x5A41, 0x7323, 0x7B44, 0x8384, 0x7302,
    0x7B23, 0x8363, 0x8384, 0x8BA4, 0x8BC5, 0x93E5, 0x8BA3, 0x8BC4, 0x8363, 0x8383, 0x8363, 0x7B43,
    0x7B42, 0x8BA4, 0x8383, 0x8BE4, 0x7B43, 0x7B43, 0x9405, 0x8363, 0x8363, 0x7B43, 0x9404, 0x7B42,
    0x9C46, 0x9C46, 0x9C04, 0xA466, 0x93E4, 0x8BA3, 0x8B83, 0x8BA3, 0x9C45, 0x9425, 0x9404, 0x9404,
    0x9C24, 0x9C45, 0x9C45, 0x9404, 0x93E4, 0x9404, 0x8382, 0x9404, 0x93E3, 0x93E4, 0x9C65, 0x9425,
    0x9C66, 0x8BC3, 0x9404, 0x8382, 0x9404, 0x8B82, 0x9C45, 0x9C66, 0x9404, 0x7B21, 0x93E4, 0x8BE3,
    0x9C25, 0x9C24, 0x9C24, 0x9C24, 0x9404, 0x9C46, 0x9C45, 0x9C46, 0x9405, 0x8383, 0x8363, 0x8383,
    0x9C45, 0x9C25, 0x93E4, 0x9C45, 0x9C66, 0x93E3, 0x93E4, 0x9C24, 0x8BC3, 0x9C46, 0x9C25, 0x9404,
    0x9C46, 0x9425, 0x9C46, 0x8BA3, 0x93E5, 0x9405, 0x8BC3, 0x9C25, 0x9C45, 0x8362, 0x8BA3, 0x93E4,
    0x8383, 0x93C4, 0x9C25, 0x93E5, 0x8BC3, 0x8B83, 0x93E4, 0x7B42, 0x8362, 0x8383, 0x8363, 0x7B23,
    0x9405, 0x8363, 0x93E5, 0x7303, 0x7303, 0x6AA2, 0x72E3, 0x5A82, 0x6262, 0x8BC6, 0x7303, 0x8343,
    0x8343, 0x7B23, 0x6AC2, 0x5A41, 0x7303, 0x7B24, 0x6AC2, 0x7B23, 0x8384, 0x7B43, 0x7B43, 0x8BA4,
    0x93C5, 0x8BA3, 0x8B83, 0x8BC4, 0x8BA4, 0x8BC4, 0x8363, 0x8363, 0x8BA3, 0x8BE4, 0x8383, 0x93E5,
    0x8BC4, 0x7303, 0x8384, 0x8BA4, 0x8383, 0x8383, 0x7B43, 0x8383, 0x93E4, 0x9425, 0x93E4, 0x9404,
    0x9404, 0x8362, 0x8B83, 0x8362, 0x9C45, 0x9C45, 0x9404, 0x9C25, 0x9405, 0x9C25, 0x93E4, 0x8BC4,
    0x8BA3, 0x8383, 0x9404, 0x9424, 0x9404, 0x93E4, 0x9C45, 0xA486, 0x9C66, 0x8382, 0x9403, 0x8B83,
    0x9404, 0x9C45, 0x9C66, 0x9C25, 0x9C46, 0x9C65, 0x8BC4, 0x8BC3, 0xA466, 0x93E3, 0x9C24, 0x9C45,
    0x9C45, 0x93E4, 0x93E4, 0x9C25, 0x9425, 0x8383, 0x8BA3, 0x8BA3, 0x9C04, 0x9C04, 0x9C04, 0x9C04,
    0x9404, 0x9C24, 0x93E4, 0x93E4, 0x9C05, 0x9C25, 0x9404, 0x9404, 0x93C3, 0x9C05, 0x9405, 0x8BA3,
    0x9405, 0x9405, 0x9405, 0x93E4, 0x9C25, 0x9404, 0x9C25, 0x8363, 0x8BA3, 0x8BC4, 0x93E5, 0x9405,
    0x8BA3, 0x8384, 0x93E5, 0x7B42, 0x8363, 0x83A4, 0x7B43, 0x8BA4, 0x93E5, 0x93C5, 0x6AE3, 0x8384,
    0x7303, 0x4A01, 0x5222, 0x72E3, 0x7303, 0x8385, 0x7B64, 0x7B23, 0x8BA5, 0x8385, 0x6AC2, 0x6282,
    0x6AC3, 0x7303, 0x72E3, 0x7B23, 0x72E2, 0x7302, 0x72E2, 0x8343, 0x93C4, 0x8383, 0x93C4, 0x8383,
    0x8BA3, 0x7B42, 0x8363, 0x8383, 0x7B42, 0x93E4, 0x8BA3, 0x8BC4, 0x8BA4, 0x8BA4, 0x93C4, 0x7B43,
    0x93E4, 0x93E5, 0x7B43, 0x8383, 0x9404, 0x8BC4, 0x9C46, 0x9C46, 0x9C46, 0x8362, 0x8362, 0x8BA3,
    0x9C45, 0x9C46, 0x9C46, 0x9425, 0x7B43, 0x9405, 0x7303, 0x93E4, 0x8BA3, 0x8BA3, 0x8BA3, 0x9C45,
    0x9404, 0x9424, 0x9C24, 0x9C45, 0x9425, 0x8BA2, 0x8BA3, 0x8B83, 0x9C46, 0x9C25, 0x9C45, 0x9C46,
    0x9C45, 0x9404, 0x8BA3, 0x9405, 0x9C45, 0x9C05, 0x9C45, 0x9C45, 0x9C25, 0x9C25, 0x9C45, 0x9C25,
    0x8B84, 0x8BA3, 0x8BC4, 0x8BC3, 0x9C25, 0x9C46, 0x9C25, 0x9C04, 0x9424, 0xA465, 0x8BC4, 0x8382,
    0xA487, 0x93E5, 0x9C45, 0x9404, 0x9C25, 0x9405, 0x9405, 0x8BA3, 0x9405, 0x8363, 0x9405, 0x8BC3,
    0x8BC3, 0x93C4, 0x8BE4, 0x8362, 0x7B22, 0x8BC4, 0x8BA4, 0x93E5, 0x8BA4, 0x8BC4, 0x8BC4, 0x7B42,
    0x8362, 0x7B43, 0x7302, 0x8363, 0x8384, 0x8364, 0x8384, 0x8384, 0x72E3, 0x5A42, 0x6282, 0x72E3,
    0x7303, 0x7B03, 0x7B44, 0x7B23, 0x8364, 0x7303, 0x6AC2, 0x6282, 0x72E3, 0x7303, 0x7B43, 0x8384,
    0x6AC2, 0x8BA4, 0x8364, 0x72E2, 0x8BC4, 0x8BA4, 0x8BA4, 0x8384, 0x7B43, 0x8363, 0x7B22, 0x7B22,
    0x7B43, 0x93E4, 0x8BA3, 0x8BA3, 0x8BA4, 0x9405, 0x93E4, 0x7B42, 0x9405, 0x8383, 0x8342, 0x7323,
    0x9405, 0x9404, 0x8BC4, 0x93E4, 0x9404, 0x8342, 0x8BA3, 0x8BA3, 0x9C25, 0x8BC3, 0x9C25, 0x8BA4,
    0x9404, 0x7B64, 0x8BA4, 0x9406, 0x7B43, 0x9404, 0x8342, 0x9404, 0x93E4, 0x9C25, 0x93E4, 0x93E4,
    0x9404, 0x8362, 0x93E4, 0x8BA3, 0x9C25, 0x9C45, 0x9425, 0x9C45, 0x9C25, 0x8BC3, 0x9C25, 0x93E4,
    0x9C46, 0x9C45, 0x9C46, 0x93E4, 0x93E4, 0x8BC3, 0x9C45, 0x8BA3, 0x9405, 0x7B42, 0x8363, 0x8342,
    0x9404, 0x9C25, 0x93C4, 0x9C25, 0x9C25, 0xA466, 0x9404, 0x93E4, 0x8383, 0x9C25, 0x93E4, 0x9C05,
    0x9C46, 0x9405, 0x9405, 0x8BA3, 0x93E4, 0x9405, 0x9C25, 0x9C25, 0x93E4, 0x9405, 0x8BA3, 0x9C25,
    0x8BC3, 0x9404, 0x8BA4, 0x8BC4, 0x9405, 0x9C26, 0x93E4, 0x7B22, 0x7B43, 0x7302, 0x6AC2, 0x8BC5,
    0x7B43, 0x7323, 0x8BA4, 0x7B23, 0x6282, 0x62A3, 0x7B24, 0x6282, 0x6AE3, 0x7B23, 0x7B43, 0x8384,
    0x7B44, 0x8364, 0x6AA2, 0x7303, 0x6AC2, 0x7303, 0x7B43, 0x8384, 0x7303, 0x8BA4, 0x8363, 0x6281,
    0x8BA4, 0x8B83, 0x8363, 0x8BC4, 0x7B22, 0x8363, 0x7B42, 0x8383, 0x7B43, 0x93E4, 0x8B83, 0x8B83,
    0x8BA3, 0x8BC4, 0x9C25, 0x8BA3, 0x8BA3, 0x8363, 0x8BA3, 0x7B23, 0x9C46, 0x9C66, 0x9C25, 0x9405,
    0x93C4, 0x8363, 0x8362, 0x8383, 0x9C25, 0x9C26, 0x8BA4, 0x8BA4, 0x8BC4, 0x8384, 0x83A5, 0x62A2,
    0x8384, 0x9C25, 0x8BC3, 0x9405, 0x93E4, 0xA466, 0x93E4, 0x93E4, 0x9404, 0x8B82, 0x9404, 0x8383,
    0x9C46, 0x9404, 0x9C25, 0x9C25, 0x9C25, 0x8BA3, 0x93E4, 0x7B43, 0x9404, 0x9404, 0x9424, 0x9405,
    0x8BE4, 0x93E4, 0x9C45, 0x9404, 0x9C46, 0x8382, 0x8BA3, 0x7B41, 0x9C66, 0x9C25, 0x9C24, 0x9C25,
    0x9C45, 0x9C45, 0x8363, 0x9C04, 0x8BC4, 0x93E5, 0x9C05, 0x9404, 0x9C46, 0x9C26, 0x9C25, 0x8362,
    0x9404, 0x8BC4, 0x9C25, 0x9C25, 0x9C05, 0x9404, 0x8383, 0x8BA3, 0x7B22, 0x9C25, 0x9405, 0x8BE4,
    0x9405, 0x8384, 0x9C25, 0x7B42, 0x8342, 0x7B42, 0x72E2, 0x8BA4, 0x8BC4, 0x8383, 0x7B43, 0x8BA5,
    0x7303, 0x5A62, 0x6AE3, 0x6282, 0x7B44, 0x7B43, 0x7B43, 0x8BA4, 0x8BC5, 0x8364, 0x6AC2, 0x6AA2,
    0x72E3, 0x6AC2, 0x7303, 0x7B23, 0x7B43, 0x72E2, 0x7303, 0x8383, 0x8BA4, 0x93E5, 0x8363, 0x8BE5,
    0x8383, 0x8383, 0x8B83, 0x8363, 0x7322, 0x8BC4, 0x93E5, 0x8BA3, 0x93E5, 0x93E4, 0x8BC3, 0x7B42,
    0x8363, 0x8BC3, 0x93C4, 0x8342, 0x93E4, 0x9406, 0x8BA3, 0x9C25, 0x9404, 0x8383, 0x8362, 0x8362,
    0x9C25, 0x9425, 0x7B43, 0x8BA4, 0x7B43, 0x9405, 0x7B43, 0x7B43, 0x8362, 0x7B22, 0x8BA3, 0x9C25,
    0x8383, 0x8383, 0x9C25, 0x9425, 0x9404, 0x8BA2, 0x93E4, 0x8383, 0xA446, 0x9C45, 0x9C45, 0x9C25,
    0x9C25, 0xA487, 0x8383, 0x7B62, 0x93E4, 0x9C25, 0x9425, 0x8BC4, 0x9C25, 0x93E4, 0x9C25, 0x8BA4,
    0x9405, 0x8BA3, 0x8BC3, 0x8362, 0x93E3, 0x9404, 0x9404, 0x9404, 0x9C45, 0x9C24, 0x8BC3, 0x8BA3,
    0x9405, 0x8BA3, 0x9404, 0x9C25, 0x8363, 0x8BC4, 0x8BA4, 0x8383, 0x93E4, 0x9405, 0x93C4, 0x9405,
    0x93E4, 0x9405, 0x8BA3, 0x7B42, 0x8383, 0x9405, 0x8BC4, 0x9C46, 0x8BA3, 0x93C4, 0x93E4, 0x7B22,
    0x8343, 0x7B22, 0x72E2, 0x8BA4, 0x8363, 0x8384, 0x8BA5, 0x8384, 0x6AC3, 0x5A62, 0x6AA2, 0x8364,
    0x7B44, 0x6AC2, 0x7B44, 0x7B44, 0x7303, 0x7B44, 0x6AA2, 0x6282, 0x7B23, 0x7B23, 0x7303, 0x6282,
    0x6AA2, 0x6AC3, 0x6281, 0x7323, 0x8384, 0x8BA4, 0x8363, 0x8BC5, 0x8BA4, 0x8363, 0x7B22, 0x7B42,
    0x8383, 0x9C46, 0x8BC4, 0x93E5, 0x93C4, 0x8383, 0x8BA3, 0x8BC4, 0x9C26, 0x8342, 0x93E4, 0x8BC4,
    0x93E4, 0x9405, 0x9C46, 0x9425, 0x9405, 0x8342, 0x8BA3, 0x8BA3, 0x9C46, 0x93E5, 0x8364, 0x93E5,
    0x8384, 0x93E5, 0x7B23, 0x9405, 0x8383, 0x8BA3, 0x8BE4, 0x8BA3, 0x9405, 0x9405, 0x9404, 0x9C05,
    0x9404, 0x8BA3, 0x93E4, 0x8382, 0x93C3, 0x9404, 0xA466, 0x9C25, 0x9C25, 0x9C67, 0x8BA3, 0x8BC3,
    0x9405, 0x9C25, 0x9C25, 0x9405, 0x93E4, 0x8BE4, 0x8BC4, 0x8BE4, 0x93C4, 0x8342, 0x8362, 0x8BA3,
    0x9C05, 0x93E4, 0x93E4, 0x9C25, 0x93E4, 0x9C46, 0x8BA3, 0x93E3, 0x93E4, 0x9C04, 0x8BC4, 0x93E4,
    0x8B83, 0x9C46, 0x93E4, 0x8383, 0x9405, 0x93E4, 0x9405, 0x93E4, 0x9C24, 0x9405, 0x93E5, 0x8362,
    0x8BA3, 0x93E5, 0x93C4, 0x7B43, 0x7B43, 0x8BA4, 0x8BC4, 0x7B43, 0x8383, 0x8383, 0x72E2, 0x8BA4,
    0x8343, 0x8364, 0x8BA5, 0x7B23, 0x72E3, 0x6AE3, 0x6AE3, 0x8384, 0x8364, 0x5A42, 0x72E3, 0x72E3,
    0x7B23, 0x8364, 0x6AA2, 0x5A62, 0x7B23, 0x8384, 0x7B23, 0x8363, 0x6282, 0x7323, 0x7B23, 0x72E2,
    0x8363, 0x8383, 0x7B43, 0x8383, 0x8383, 0x8363, 0x7302, 0x8383, 0x8343, 0x8BA3, 0x8BC4, 0x93E4,
    0x8BA4, 0x8BA3, 0x8BA3, 0x8BA4, 0x9405, 0x8363, 0x9404, 0x7B43, 0x9405, 0x8363, 0x9404, 0x93E4,
    0x8363, 0x8363, 0x8BE4, 0x8342, 0x9425, 0x9C25, 0x93E4, 0x8BA4, 0x7B64, 0x8BC4, 0x7B43, 0x9405,
    0x9C05, 0x7B42, 0x8383, 0x9425, 0x9C25, 0x8BC3, 0x93E4, 0x9405, 0x9424, 0x8B82, 0x93E3, 0x8BA3,
    0x9404, 0x93E4, 0x93C3, 0x9C25, 0xA466, 0x8383, 0x9404, 0x9404, 0x93E4, 0x8384, 0x9C25, 0x8BC4,
    0x8BE4, 0x8BC4, 0x93E4, 0x93E4, 0x93E5, 0x8BA3, 0x8BA3, 0x8BC3, 0x9C25, 0x9405, 0x8BA3, 0x9C25,
    0x9C25, 0xA466, 0x93E4, 0x93C4, 0x8BA3, 0x9405, 0x9404, 0x9404, 0x93E4, 0x9C25, 0x9405, 0x8383,
    0x93E4, 0x9C25, 0x93E4, 0x9C05, 0x9405, 0x93E4, 0x8383, 0x8BA3, 0x93E4, 0x8BC4, 0x93E4, 0x8BC4,
    0x8BC5, 0x8BC4, 0x8BC4, 0x7B22, 0x7B22, 0x7B23, 0x6AE2, 0x8BC4, 0x8BA4, 0x8384, 0x8363, 0x8384,
    0x7B43, 0x7B43, 0x6AC2, 0x62A2, 0x7B24, 0x7B43, 0x7324, 0x8364, 0x72E3, 0x8384, 0x6AA2, 0x6AC2,
    0x7303, 0x7B43, 0x7303, 0x6AC2, 0x6AC2, 0x7303, 0x6AC3, 0x72E2, 0x8BC5, 0x8384, 0x8BA4, 0x8BC4,
    0x93E4, 0x7322, 0x7302, 0x7B42, 0x7B22, 0x8BC4, 0x8BC4, 0x8B83, 0x7B63, 0x8BE4, 0x8BA3, 0x7B43,
    0x93E4, 0x7B22, 0x8BE4, 0x7322, 0x9425, 0x8BA4, 0x93E4, 0x9404, 0x9404, 0x8BA3, 0x8BA3, 0x8BC3,
    0x93E4, 0x6281, 0x8BC4, 0x9405, 0x93E4, 0x8384, 0x8384, 0x8BA4, 0x9C26, 0x9C25, 0x8383, 0x9404,
    0x9425, 0x9C25, 0x9C24, 0x9C26, 0x9C46, 0x8BC3, 0x8BC3, 0x8382, 0x9C45, 0x93E3, 0x93E4, 0x9404,
    0x9C25, 0x8383, 0x9404, 0x93E4, 0x93E5, 0x9425, 0x7B22, 0x93E5, 0x8383, 0x9405, 0x93C4, 0x8383,
    0x93E4, 0x8382, 0x9404, 0x8BC3, 0x93E4, 0x9404, 0x7B42, 0x93E4, 0x9425, 0xA446, 0x93C4, 0x93E4,
    0x8BA4, 0x9404, 0x9C47, 0x9C05, 0x9C05, 0x8BC3, 0x93E5, 0x8362, 0x9C25, 0x9405, 0x93E5, 0x93E4,
    0x9C25, 0x9404, 0x8383, 0x93E4, 0x93E5, 0x8383, 0x8BC4, 0x93C4, 0x93E5, 0x8384, 0x8383, 0x8363,
    0x7B63, 0x7323, 0x6AC2, 0x8363, 0x8363, 0x8384, 0x8384, 0x7B23, 0x7B23, 0x7B44, 0x6AC2, 0x6AA2,
    0x7B44, 0x8BA5, 0x7B23, 0x8364, 0x6AC2, 0x7B43, 0x6AC2, 0x5A41, 0x6282, 0x7303, 0x7324, 0x7B23,
    0x7303, 0x7303, 0x7303, 0x6AC2, 0x8384, 0x8BC5, 0x8384, 0x8383, 0x8BA4, 0x7B23, 0x6AA1, 0x7322,
    0x72E1, 0x93E4, 0x8BA3, 0x93E5, 0x7B43, 0x7B43, 0x8BC4, 0x7303, 0x93E5, 0x7B22, 0x7B22, 0x7B22,
    0x8BC4, 0x93E4, 0x8BA3, 0x9404, 0x9C46, 0x8364, 0x7B42, 0x8383, 0x9C25, 0x9405, 0x9C25, 0x8BA4,
    0x8BC4, 0x8383, 0x7322, 0x9C45, 0x8BA3, 0x7B42, 0x9C45, 0x9C25, 0x93E4, 0x9C25, 0x93E4, 0x9C46,
    0x9C26, 0x8B82, 0x8BC3, 0x83A3, 0x93E4, 0x93E4, 0xA486, 0x9C25, 0x9405, 0x8B83, 0x9C46, 0x8BA3,
    0x93E4, 0x7B44, 0x7322, 0x9405, 0x8BE4, 0x9425, 0x9404, 0x8BA3, 0x93E4, 0x8B82, 0x8BC3, 0x8362,
    0x9C25, 0x93C3, 0x8BA3, 0x8BC3, 0x9C46, 0x9C45, 0x8BA3, 0x9C45, 0x8BC4, 0x8BC4, 0x9C25, 0x9C46,
    0x93C4, 0x9405, 0x93E4, 0x8362, 0x9405, 0x9405, 0x8BC4, 0x93E5, 0x9C25, 0x8BC4, 0x9C46, 0x8383,
    0x7B43, 0x93C4, 0x8BC4, 0x93E5, 0x8BC4, 0x93E5, 0x8BC4, 0x7B43, 0x7302, 0x7B23, 0x62A2, 0x8364,
    0x8384, 0x8384, 0x8BE5, 0x8BA5, 0x8364, 0x72E2, 0x7B23, 0x8364, 0x7B23, 0x8364, 0x7B44, 0x8384,
    0x7B03, 0x8384, 0x6282, 0x5A62, 0x7B44, 0x7B23, 0x7323, 0x7324, 0x72E3, 0x6AC2, 0x7303, 0x7303,
    0x7B43, 0x7B43, 0x8BA4, 0x8384, 0x8363, 0x7323, 0x7B22, 0x6AC2, 0x7322, 0x8BA4, 0x9C25, 0x9405,
    0x8363, 0x7323, 0x7B43, 0x7B43, 0x8BA4, 0x8383, 0x8BA4, 0x8BA3, 0x8BA3, 0x8BA4, 0x9404, 0x9C46,
    0x8BA3, 0x7B63, 0x8383, 0x8383, 0x9425, 0x8383, 0x8BA4, 0x8BC4, 0x93E4, 0x8363, 0x8363, 0xA466,
    0x8BC4, 0x8BA3, 0x8BC3, 0x93C3, 0x9C25, 0x93E4, 0x9C25, 0x9C25, 0x9C46, 0x8BC3, 0x8BC3, 0x8383,
    0x8BE4, 0x9404, 0xA466, 0x9C45, 0x93E4, 0x9C45, 0x8362, 0x9404, 0x9405, 0x8BA3, 0x8384, 0x9404,
    0x93E4, 0x8383, 0x8BC4, 0x93E4, 0x9405, 0x8383, 0x8B83, 0x8383, 0x9C25, 0x93E4, 0x9405, 0x9C25,
    0x93C4, 0x9C45, 0x8362, 0x8382, 0x8BC3, 0x93C4, 0x93C4, 0x8BC4, 0x93E4, 0x93E4, 0x9C25, 0x8B83,
    0x8383, 0x8BC4, 0x8BE4, 0x8BC4, 0x8BA3, 0x93E5, 0x8BA4, 0x8362, 0x8BA3, 0x8BA4, 0x7B22, 0x8BC4,
    0x8BE4, 0x8BA4, 0x93E4, 0x7303, 0x7323, 0x6AE2, 0x6282, 0x72E3, 0x7B43, 0x8364, 0x7B44, 0x8364,
    0x5A62, 0x7303, 0x6AE3, 0x7B44, 0x72E3, 0x7B43, 0x7B44, 0x7B64, 0x7302, 0x72E2, 0x62A2, 0x62A2,
    0x7323, 0x6AC3, 0x6AC3, 0x7B24, 0x6AE2, 0x72E3, 0x6AA2, 0x72E2, 0x8364, 0x7B22, 0x7303, 0x7B63,
    0x8363, 0x8364, 0x7302, 0x6AC2, 0x7B43, 0x8383, 0x8363, 0x8BA4, 0x7B43, 0x8363, 0x7302, 0x7302,
    0x8BC4, 0x7B23, 0x8383, 0x72E2, 0x8BA3, 0x93E4, 0x9425, 0x9C25, 0x93E4, 0x8383, 0x83A3, 0x7B42,
    0x9405, 0x93C4, 0x93E4, 0x8BA4, 0x8BC4, 0x8BC4, 0x7B43, 0x9C66, 0x8BA3, 0x7B42, 0x8BC3, 0x93E4,
    0x9C25, 0x9C25, 0x93E4, 0x93E4, 0x9425, 0x8BA3, 0x93E4, 0x8362, 0x9404, 0x9C45, 0x9C25, 0x9C25,
    0x9404, 0x8BA3, 0x8BC4, 0x8BE4, 0x9C25, 0x8BC3, 0x9C25, 0x93E4, 0x8363, 0x8383, 0x93E4, 0x8BC3,
    0x93E4, 0x8BA3, 0x93E4, 0x8BC4, 0x9404, 0x93E4, 0x8BC4, 0x93E4, 0x93E5, 0x9405, 0x8BA3, 0x93E4,
    0x7B63, 0x9C04, 0x93E4, 0x9404, 0x9C25, 0x93E4, 0x93C4, 0x8BA3, 0x8BC4, 0x8364, 0x8BA4, 0x83A3,
    0x7B22, 0x8BA4, 0x7B42, 0x7B43, 0x8BC4, 0x8363, 0x8B83, 0x8BC4, 0x8363, 0x8363, 0x9405, 0x8BA4,
    0x7322, 0x6282, 0x7303, 0x6AC3, 0x7B43, 0x8344, 0x8364, 0x8363, 0x7B23, 0x7303, 0x6AA2, 0x5221,
    0x62A2, 0x7303, 0x6B03, 0x8385, 0x7B44, 0x7B44, 0x6AC2, 0x5A21, 0x62A2, 0x7303, 0x6282, 0x5A62,
    0x6AC3, 0x7B23, 0x62A2, 0x7303, 0x7303, 0x8384, 0x7B02, 0x8383, 0x8384, 0x7B43, 0x7302, 0x6AE2,
    0x6282, 0x7B22, 0x8BC4, 0x8B83, 0x8363, 0x8BA4, 0x93C5, 0x6AE2, 0x93C4, 0x8364, 0x7303, 0x7302,
    0x93E4, 0x93E4, 0x93E4, 0x93E4, 0x93E4, 0x8363, 0x8343, 0x8363, 0x9405, 0x93E4, 0x9405, 0x8BE4,
    0x9C26, 0x9C04, 0x93E5, 0x8BA3, 0x93E4, 0x9C25, 0x8362, 0x93C4, 0x93E4, 0x9C25, 0x93E4, 0x93E4,
    0x9405, 0x8BA3, 0x8BC4, 0x8362, 0xA467, 0x9404, 0x8BC3, 0x9405, 0x9404, 0x8383, 0x8BE4, 0x8BA4,
    0x8BC3, 0x9405, 0x9404, 0x9405, 0x8BE4, 0x93E4, 0x93E4, 0x93E4, 0x9C25, 0x8BA3, 0x93E4, 0x8BC4,
    0x8BC3, 0x93E5, 0x93E4, 0x9C26, 0x9405, 0x9C04, 0x8363, 0x93E4, 0x7B23, 0x8BC4, 0x9405, 0x9404,
    0x9C25, 0x93E4, 0x9405, 0x8BA4, 0x8BA4, 0x8BC4, 0x8363, 0x8BA4, 0x8383, 0x8BC4, 0x8BA4, 0x93E4,
    0x93E5, 0x7B43, 0x9C25, 0x9405, 0x8384, 0x7B43, 0x93C4, 0x7323, 0x7302, 0x72E2, 0x5A41, 0x7B23,
    0x7302, 0x7B44, 0x7B44, 0x72E3, 0x6AA2, 0x7324, 0x8364, 0x6262, 0x5222, 0x6B03, 0x6AA3, 0x72E3,
    0x72C3, 0x7B43, 0x6282, 0x6282, 0x62A3, 0x5A42, 0x6AC3, 0x7303, 0x8364, 0x6AA2, 0x6282, 0x72E3,
    0x7B43, 0x8384, 0x8B84, 0x8363, 0x8B84, 0x8363, 0x6AC2, 0x72E2, 0x7B23, 0x8363, 0x8BC5, 0x93E5,
    0x93E5, 0x7B03, 0x83A4, 0x83A4, 0x8BC4, 0x72C2, 0x8BA4, 0x6AC1, 0x8BA4, 0x93C5, 0x8BC4, 0x93E5,
    0x9405, 0x7B22, 0x7B43, 0x7B43, 0x9C05, 0x8BC4, 0x9405, 0x9405, 0x9C25, 0x93E4, 0x9C25, 0x8B83,
    0x8383, 0x8383, 0x9404, 0x93E4, 0x9405, 0x93E4, 0x9404, 0x9C25, 0x93E4, 0x8362, 0x93E4, 0x7B21,
    0x9405, 0x9404, 0x9405, 0x9404, 0x83A3, 0x8383, 0x9C46, 0x8BA3, 0x93C4, 0x8BC3, 0x9C46, 0x93E4,
    0x8BE4, 0x8BC3, 0x9C45, 0x8362, 0x9C45, 0x8362, 0x8BA3, 0x7B22, 0x9404, 0x93E4, 0x9426, 0x9405,
    0x8BE4, 0x93E4, 0x8343, 0x93E4, 0x8B84, 0x8B83, 0x8BC4, 0x8BA4, 0x93C4, 0x8BA4, 0x93E4, 0x7B22,
    0x8BC4, 0x8384, 0x8BA4, 0x8BC5, 0x93C4, 0x8363, 0x93E5, 0x72E2, 0x7B43, 0x93E5, 0x8B83, 0x8BC4,
    0x8384, 0x8363, 0x7B43, 0x7B23, 0x7B23, 0x6AA1, 0x62A2, 0x7B43, 0x7B23, 0x8364, 0x7B23, 0x7B64,
    0x7303, 0x6AC2, 0x62A2, 0x8365, 0x5A42, 0x5A42, 0x6AE3, 0x8364, 0x7B23, 0x6AA2, 0x6AA2, 0x5A41,
    0x6282, 0x6282, 0x6AC3, 0x7B24, 0x6AC3, 0x6AA2, 0x6AA2, 0x8364, 0x7B64, 0x7B43, 0x8364, 0x72E2,
    0x8B84, 0x7B22, 0x7B43, 0x6AC2, 0x7303, 0x8B84, 0x8384, 0x8BA4, 0x8BA4, 0x72E2, 0x8363, 0x8B83,
    0x8384, 0x6AC1, 0x8BC4, 0x8BA3, 0x8383, 0x8383, 0x8BA3, 0x8BA4, 0x8BA4, 0x7B63, 0x7B43, 0x7302,
    0x8BE4, 0x9C46, 0x93C4, 0x93E5, 0x9C25, 0x93C4, 0x9C25, 0x93C4, 0x8BC3, 0x8BA3, 0x93C4, 0x9404,
    0x9425, 0xA466, 0x8BA3, 0x93E5, 0x9C45, 0x93E4, 0x8BC3, 0x8B83, 0x93E4, 0x9C25, 0x9C45, 0x8BA3,
    0x8BC3, 0x93E4, 0x93E4, 0x8BA3, 0x8383, 0x9C25, 0x8BC4, 0x9405, 0x8383, 0x93E4, 0x9404, 0x9C25,
    0x9405, 0x8382, 0x8BA3, 0x8362, 0x93E4, 0x9405, 0x8363, 0x93E4, 0x7B43, 0x9405, 0x8383, 0x7B22,
    0x9425, 0x9C25, 0x8383, 0x93E5, 0x8383, 0x93E5, 0x8BA4, 0x8343, 0x8363, 0x8363, 0x8BA4, 0x8B84,
    0x93C4, 0x93E4, 0x93E5, 0x7B22, 0x8383, 0x8363, 0x9405, 0x9405, 0x7B44, 0x8384, 0x7B43, 0x7B23,
    0x7302, 0x72E2, 0x6AC2, 0x6AC3, 0x7B23, 0x8384, 0x7303, 0x7303, 0x6AE2, 0x7303, 0x72E3, 0x7B23,
    0x7B04, 0x6282, 0x7B24, 0x72E3, 0x72E3, 0x7324, 0x6262, 0x49E1, 0x5202, 0x6283, 0x6282, 0x7303,
    0x6AA2, 0x6262, 0x6AC2, 0x6281, 0x8BA4, 0x8384, 0x7B43, 0x72E2, 0x8343, 0x7302, 0x7302, 0x7302,
    0x6AC2, 0x7B43, 0x7B43, 0x8363, 0x8383, 0x8364, 0x8BC4, 0x7302, 0x7B43, 0x8BC4, 0x8BA4, 0x7B22,
    0x8343, 0x8BE5, 0x93E4, 0x8BA4, 0x93E4, 0x7302, 0x7B63, 0x6AE2, 0x8363, 0x93E4, 0x93E4, 0x93E4,
    0x9425, 0x93E4, 0x8BE4, 0x9425, 0x9405, 0x8363, 0x8BA3, 0x8BC4, 0x9C25, 0x9C25, 0x8BE5, 0x7322,
    0x9404, 0x8383, 0x8BE4, 0x7B22, 0x93E4, 0x9C46, 0x93C4, 0x93E4, 0x93E4, 0x8383, 0x8BC4, 0x9C45,
    0x9405, 0x93C4, 0x9405, 0x8BC4, 0x8383, 0x8BC3, 0x93E4, 0x93E4, 0x93E4, 0x8383, 0x8362, 0x8362,
    0x8BC4, 0x8BA4, 0x8383, 0x7B02, 0x8BC4, 0x8BC4, 0x8383, 0x8383, 0x8363, 0x93E5, 0x93E5, 0x7B43,
    0x93E5, 0x7B23, 0x8BA3, 0x8BA3, 0x8BC4, 0x72E2, 0x8343, 0x8BA4, 0x8BA3, 0x8BC4, 0x8383, 0x7B43,
    0x8BA4, 0x7B43, 0x93E5, 0x7B44, 0x7B64, 0x7B23, 0x7B43, 0x6AE2, 0x7B23, 0x6AE2, 0x7302, 0x8BC5,
    0x7B44, 0x6AC3, 0x8364, 0x8384, 0x8384, 0x7B43, 0x62A2, 0x5A42, 0x72E3, 0x7303, 0x7303, 0x7B24,
    0x8385, 0x7324, 0x5A62, 0x5201, 0x49E1, 0x6282, 0x6AC3, 0x7323, 0x62A2, 0x7303, 0x6282, 0x6AC2,
    0x8364, 0x83A4, 0x7B23, 0x8384, 0x8363, 0x7B43, 0x7302, 0x72E2, 0x72E2, 0x7B64, 0x8384, 0x8383,
    0x8363, 0x8343, 0x7B22, 0x7B43, 0x8BC4, 0x7B23, 0x8B83, 0x72E2, 0x8BC4, 0x7B42, 0x8BA4, 0x8BA4,
    0x8BA4, 0x7B23, 0x8363, 0x7B42, 0x9405, 0x8BC4, 0x8BA3, 0x9C26, 0x8BC4, 0x93E5, 0x9405, 0x7B22,
    0x8384, 0x9C05, 0x8362, 0x93E4, 0x93E4, 0x8342, 0x8BA4, 0x6AC3, 0x9C26, 0x8383, 0x8BC3, 0x8383,
    0x93C4, 0x9405, 0x9C25, 0x9404, 0x9404, 0x8BC3, 0x9C45, 0x93E4, 0x7B42, 0x93C4, 0x9C25, 0x8BA3,
    0x8BA3, 0x9405, 0x93C4, 0x93E4, 0x9C25, 0x8383, 0x8BC3, 0x7B42, 0x93C4, 0x7B42, 0x93E5, 0x7302,
    0x7B63, 0x8363, 0x93E5, 0x8BA3, 0x8363, 0x8384, 0x8384, 0x8364, 0x8363, 0x8383, 0x8383, 0x6AC2,
    0x8364, 0x7B23, 0x83A5, 0x8BA4, 0x9405, 0x8383, 0x8363, 0x8383, 0x8364, 0x7B02, 0x8BA4, 0x93C4,
    0x8BC5, 0x9405, 0x8BA4, 0x7B22, 0x7B22, 0x7302, 0x7302, 0x8B84, 0x72E2, 0x7B44, 0x7B23, 0x7B23,
    0x6AC3, 0x7303, 0x7B23, 0x6AC2, 0x8364, 0x7303, 0x7303, 0x6AE3, 0x72E3, 0x7303, 0x5A42, 0x5222,
    0x5202, 0x5A62, 0x6282, 0x7B23, 0x7303, 0x6AA2, 0x72E3, 0x7303, 0x8384, 0x7B23, 0x6AC2, 0x8384,
    0x7B23, 0x72E2, 0x7302, 0x7B22, 0x7302, 0x8BA4, 0x8384, 0x8363, 0x8363, 0x8BA4, 0x8383, 0x7B43,
    0x8BA4, 0x7B43, 0x93E5, 0x7302, 0x9405, 0x8BC4, 0x8B84, 0x8383, 0x8BA4, 0x6AC2, 0x7B23, 0x7B43,
    0x93E4, 0x8BA3, 0x8B83, 0x8BC4, 0x93E4, 0x9405, 0x9C25, 0x8BC4, 0x7B22, 0x8363, 0x8BC4, 0x93E4,
    0x8BA3, 0x8B83, 0x7B23, 0x7303, 0x9404, 0x7B42, 0x8BC4, 0x8383, 0x9405, 0x9C05, 0x9C25, 0x8BC4,
    0x9405, 0x8383, 0x9C05, 0x8362, 0x9404, 0x9405, 0x9404, 0x93E5, 0x8BA3, 0x8BC4, 0x9C25, 0x8BC4,
    0x9425, 0x7301, 0x9C45, 0x8BA3, 0x93E4, 0x93C4, 0x8BA4, 0x8BE5, 0x8384, 0x72E2, 0x7B42, 0x8BC4,
    0x7B03, 0x8364, 0x8384, 0x8BA4, 0x8BA4, 0x7302, 0x8363, 0x7B42, 0x8384, 0x72E3, 0x8B84, 0x8BA4,
    0x8342, 0x8362, 0x9425, 0x8384, 0x6AC2, 0x8344, 0x7303, 0x8384, 0x8BA4, 0x8BC5, 0x8BC4, 0x7B23,
    0x7B43, 0x7B43, 0x72E3, 0x72E3, 0x7B23, 0x7B44, 0x7303, 0x7B44, 0x7B44, 0x5A62, 0x62A2, 0x7B44,
    0x7303, 0x7B44, 0x7B24, 0x7303, 0x7B44, 0x6AC2, 0x49E1, 0x5241, 0x5A62, 0x5A62, 0x7303, 0x7B23,
    0x7303, 0x6AC2, 0x6261, 0x7B23, 0x6AA2, 0x8384, 0x7303, 0x72E2, 0x7B23, 0x72E2, 0x6AA2, 0x6AC2,
    0x7303, 0x8BA4, 0x7B43, 0x8363, 0x7B43, 0x8BA4, 0x8BA4, 0x7B43, 0x8BA4, 0x8363, 0x8BA3, 0x8BA4,
    0x8BA4, 0x8384, 0x8BA4, 0x8363, 0x8BA4, 0x6AA2, 0x5A41, 0x7B22, 0x8BA4, 0x8383, 0x8BA3, 0x8BC4,
    0x93C4, 0x93C4, 0x93E4, 0x8BC4, 0x8B83, 0x93E4, 0x8BA3, 0x93E4, 0x9405, 0x8BA4, 0x83A4, 0x93E5,
    0x8BC4, 0x8363, 0x8383, 0x8383, 0x9C26, 0x93E4, 0x9405, 0x9C46, 0x93E5, 0x9405, 0x8BA3, 0x8BA3,
    0x7B22, 0x8BA3, 0x9C25, 0x8BC4, 0x9404, 0x8383, 0x9405, 0x93E4, 0x9405, 0x8362, 0x8BE4, 0x7B42,
    0x8BA3, 0x9C46, 0x93E4, 0x8BA4, 0x8363, 0x8342, 0x8343, 0x8BA3, 0x8363, 0x8BE5, 0x93E5, 0x8BA4,
    0x8364, 0x7B43, 0x8384, 0x6281, 0x7B43, 0x7303, 0x8BA4, 0x8363, 0x8BC4, 0x8BC4, 0x83A4, 0x7302,
    0x8363, 0x7B03, 0x8384, 0x7B23, 0x93E5, 0x8384, 0x7B43, 0x7B43, 0x7B43, 0x7302, 0x6282, 0x7B64,
    0x62A2, 0x8364, 0x8344, 0x6AC3, 0x41C1, 0x6AC2, 0x6AC2, 0x72E3, 0x72E3, 0x7303, 0x7303, 0x72C3,
    0x72E3, 0x72E3, 0x5221, 0x5221, 0x6282, 0x5A42, 0x7B23, 0x7303, 0x6AA2, 0x7B24, 0x6AE3, 0x6261,
    0x7B64, 0x6AE3, 0x6AE3, 0x7B43, 0x6AC2, 0x72E2, 0x5A61, 0x72E2, 0x6AC2, 0x7323, 0x7B23, 0x7B23,
    0x8384, 0x8383, 0x8384, 0x7B23, 0x8BC4, 0x8383, 0x93E4, 0x72E2, 0x8BC5, 0x93E5, 0x8BC4, 0x8BC4,
    0x8363, 0x6AE2, 0x6282, 0x62A2, 0x8363, 0x8383, 0x8BC4, 0x8BC4, 0x9405, 0x93E5, 0x9425, 0x9C45,
    0x8BC4, 0x8383, 0x8362, 0x9405, 0x8BC4, 0x9405, 0x9404, 0x9405, 0x9425, 0x8BA3, 0x8383, 0x8362,
    0x8B83, 0x8BC4, 0x93E4, 0x8383, 0x8BC3, 0x8BC4, 0x8BC4, 0x8BA4, 0x8BA3, 0x8BA3, 0x93E4, 0x8BA3,
    0x93E4, 0x8BC4, 0x93E4, 0x9405, 0x9405, 0x8363, 0x8BC4, 0x7B22, 0x8383, 0x8BC4, 0x8BA4, 0x8BC4,
    0x8383, 0x93E4, 0x8BC5, 0x7B43, 0x6AA2, 0x7B23, 0x8363, 0x8363, 0x8B84, 0x7302, 0x8384, 0x6AA2,
    0x72E2, 0x8BA4, 0x8BC4, 0x8383, 0x7B23, 0x8BA4, 0x8363, 0x7322, 0x8363, 0x7302, 0x8BA3, 0x8384,
    0x8384, 0x7B64, 0x6AC2, 0x6261, 0x6AC2, 0x7302, 0x6AA2, 0x72E3, 0x5A42, 0x8384, 0x72E3, 0x7303,
    0x7323, 0x72E3, 0x6AC2, 0x6AC2, 0x7303, 0x7B23, 0x72E3, 0x7B03, 0x7B24, 0x72E3, 0x5221, 0x5221,
    0x49E1, 0x6AA2, 0x62A2, 0x6AC2, 0x5A62, 0x5A42, 0x7B44, 0x6AA2, 0x6282, 0x5A62, 0x7323, 0x7B23,
    0x7B44, 0x6AC3, 0x6AC2, 0x62A2, 0x6AC2, 0x8363, 0x7B43, 0x8363, 0x7B43, 0x8363, 0x8363, 0x7B43,
    0x8383, 0x7302, 0x9405, 0x7B62, 0x8363, 0x8BC4, 0x8BA4, 0x8BA4, 0x7B43, 0x7B23, 0x62A2, 0x62A2,
    0x7303, 0x8383, 0x93E4, 0x8BC4, 0x93E4, 0x93C4, 0x9404, 0x93E4, 0x9405, 0x9404, 0x8BA3, 0x9404,
    0x93E4, 0x8BC4, 0x8BA3, 0x9405, 0x9405, 0x8362, 0x8BA3, 0x7B42, 0x8383, 0x9405, 0x8BC4, 0x8BC4,
    0x9405, 0x7B42, 0x9405, 0x8BA4, 0x93E4, 0x8382, 0x93E4, 0x9405, 0x8BC4, 0x93E4, 0x9405, 0x8BA4,
    0x93E4, 0x8362, 0x8B83, 0x8BA4, 0x8BC4, 0x8BA3, 0x93E5, 0x93E4, 0x8BC4, 0x8BC4, 0x8363, 0x9404,
    0x7322, 0x7302, 0x8363, 0x7302, 0x8BA4, 0x8383, 0x8BA4, 0x7322, 0x8383, 0x8BA3, 0x6282, 0x6AE2,
    0x7B23, 0x8BA4, 0x8363, 0x8363, 0x9405, 0x7303, 0x8BA4, 0x7B43, 0x8364, 0x8BA4, 0x8384, 0x7303,
    0x62A2, 0x6261, 0x6282, 0x72E3, 0x6AC3, 0x8364, 0x7324, 0x7B43, 0x6262, 0x7B23, 0x8363, 0x6AC2,
    0x7303, 0x8364, 0x6AE3, 0x6282, 0x72E3, 0x6AC3, 0x5A62, 0x6282, 0x5A62, 0x6AC3, 0x6282, 0x62A3,
    0x6AE3, 0x5A42, 0x5221, 0x5221, 0x6AA3, 0x6282, 0x72E3, 0x72E3, 0x6282, 0x6AC2, 0x5A41, 0x6282,
    0x72E2, 0x83A4, 0x7B23, 0x7303, 0x8343, 0x8BA5, 0x8BA4, 0x8384, 0x8BA4, 0x72E1, 0x8BA4, 0x7301,
    0x8BC4, 0x8363, 0x8383, 0x93E5, 0x8383, 0x7323, 0x7303, 0x6AA2, 0x7303, 0x8BA3, 0x8BA4, 0x8BA3,
    0x93E4, 0x9405, 0x9C05, 0x8BC4, 0x8BA3, 0x9404, 0x8B83, 0x9405, 0x93E5, 0x8383, 0x8BC4, 0x93E4,
    0x93E4, 0x8BA3, 0x8383, 0x8363, 0x8383, 0x8BC4, 0x9404, 0x9425, 0x8BC4, 0x7302, 0x8363, 0x7B42,
    0x8383, 0x8BA3, 0x8B83, 0x93E4, 0x8BA3, 0x8BC4, 0x93E4, 0x93E4, 0x9405, 0x8BC4, 0x8B83, 0x7B42,
    0x8BC4, 0x9405, 0x9405, 0x8BA3, 0x9405, 0x8BC4, 0x8363, 0x9405, 0x7B64, 0x8384, 0x7B43, 0x8B84,
    0x8383, 0x8363, 0x8BA4, 0x7B43, 0x8B84, 0x7B22, 0x7B64, 0x7303, 0x6AC2, 0x7303, 0x8BA4, 0x7B22,
    0x7B43, 0x8B84, 0x8BC4, 0x93E5, 0x7B43, 0x8BC4, 0x8BA4, 0x6AC3, 0x62A2, 0x5221, 0x5221, 0x6AC3,
    0x62A2, 0x8384, 0x8364, 0x7323, 0x62A2, 0x6AC2, 0x7B43, 0x7303, 0x7303, 0x6AA3, 0x5A42, 0x5201,
    0x6AC3, 0x7323, 0x5A61, 0x5A62, 0x6AA3, 0x62A3, 0x72E3, 0x6282, 0x6AE3, 0x6282, 0x41C1, 0x5A62,
    0x6282, 0x6282, 0x6AE3, 0x6AC3, 0x62A2, 0x6282, 0x5A61, 0x5A62, 0x6AA2, 0x7B23, 0x6282, 0x72E2,
    0x7B22, 0x7B43, 0x8384, 0x8363, 0x93E5, 0x7B22, 0x8BA4, 0x8BA3, 0x8383, 0x8383, 0x8BA4, 0x8BA4,
    0x8383, 0x6AC2, 0x72E2, 0x7303, 0x7344, 0x7B22, 0x93E5, 0x9405, 0x8BA3, 0x8BA3, 0x93E4, 0x9405,
    0x8BA3, 0x7B42, 0x8BC4, 0x9C25, 0x93E4, 0x93E4, 0x9405, 0x9426, 0x9405, 0x8362, 0x8BC4, 0x7B42,
    0x93E4, 0x9405, 0x9C46, 0x93E4, 0x93E4, 0x8383, 0x7B22, 0x7B22, 0x9C25, 0x8BC4, 0x93E4, 0x93E4,
    0x9405, 0x8BA4, 0x8BA3, 0x8BA4, 0x93E4, 0x8363, 0x8BA4, 0x7B42, 0x8BA4, 0x93E4, 0x8BA4, 0x93C4,
    0x9405, 0x9405, 0x8363, 0x8383, 0x8BC4, 0x8384, 0x6AC2, 0x8384, 0x8383, 0x8BA4, 0x93C4, 0x8363,
    0x8383, 0x8BC4, 0x6AC2, 0x7B43, 0x7B23, 0x7323, 0x7B43, 0x7302, 0x7B43, 0x8363, 0x8363, 0x8363,
    0x8363, 0x8BA4, 0x8364, 0x5A62, 0x5A62, 0x6AC2, 0x5A42, 0x62A3, 0x6282, 0x7B44, 0x7B44, 0x7B64,
    0x6282, 0x6AC2, 0x6AE2, 0x7323, 0x7B24, 0x5A42, 0x5A62, 0x5A42, 0x6262, 0x6AE4, 0x5A42, 0x49E1,
    0x6262, 0x6AC2, 0x6282, 0x7303, 0x6AC2, 0x5A42, 0x3981, 0x5222, 0x62A3, 0x5A62, 0x5202, 0x5A42,
    0x6261, 0x6282, 0x6AA2, 0x6282, 0x6AA2, 0x7302, 0x7B43, 0x72E2, 0x7B23, 0x8383, 0x8343, 0x7B23,
    0x8BC4, 0x8BA4, 0x8383, 0x8363, 0x8BA4, 0x8363, 0x8BC4, 0x8BA4, 0x8384, 0x7323, 0x72E2, 0x6282,
    0x8385, 0x7302, 0x93E5, 0x8BE4, 0x7B22, 0x8B83, 0x93E5, 0x9C05, 0x8BA4, 0x8B83, 0x7302, 0x8BC3,
    0x9404, 0x93E4, 0x8363, 0x8BC4, 0x9405, 0x7B42, 0x8383, 0x7B22, 0x8BA4, 0x9405, 0x8BA4, 0x8BA3,
    0x9405, 0x8BC4, 0x8BA4, 0x93E4, 0x93C4, 0x8BC3, 0x8383, 0x8BA3, 0x93C4, 0x8B83, 0x8BA3, 0x7B22,
    0x8BC4, 0x7B42, 0x7302, 0x7322, 0x93E4, 0x7B63, 0x72E2, 0x8363, 0x93E5, 0x8B83, 0x8363, 0x8363,
    0x8343, 0x8363, 0x8383, 0x8363, 0x8BC5, 0x8BA4, 0x8BA4, 0x7B63, 0x8BA4, 0x8363, 0x8363, 0x6282,
    0x6AC3, 0x8BC5, 0x7B43, 0x8384, 0x8364, 0x7B23, 0x8383, 0x8BA4, 0x8364, 0x8364, 0x8BA5, 0x6282,
    0x6282, 0x5A41, 0x6262, 0x6283, 0x6AE3, 0x6AC2, 0x7B64, 0x8364, 0x7B23, 0x7B03, 0x6AC2, 0x6AA2,
    0x8364, 0x6AA3, 0x5A42, 0x6283, 0x6282, 0x6AE3, 0x6282, 0x5201, 0x5A42, 0x6282, 0x6AA2, 0x6AA2,
    0x5A62, 0x6283, 0x62C3, 0x5A41, 0x62A3, 0x6262, 0x5201, 0x4A01, 0x6AC2, 0x6AC2, 0x6282, 0x6AC2,
    0x6AC2, 0x8363, 0x8384, 0x8364, 0x8B84, 0x8384, 0x8384, 0x8363, 0x8BC4, 0x7B43, 0x93E4, 0x7B22,
    0x8BA4, 0x7B23, 0x8BC4, 0x8BA4, 0x8BC4, 0x7302, 0x7B22, 0x6AA2, 0x7B63, 0x7B43, 0x8B83, 0x93C4,
    0x8BA4, 0x8BA4, 0x93E5, 0x72E2, 0x9405, 0x93E5, 0x7B22, 0x8383, 0x93E5, 0x93C4, 0x8384, 0x8BC4,
    0x93E4, 0x7B43, 0x8362, 0x8342, 0x93E4, 0x93E4, 0x93E4, 0x8BC4, 0x9C25, 0x8383, 0x8343, 0x8BA3,
    0x7B22, 0x8BC4, 0x9424, 0x9426, 0x83A3, 0x8BC3, 0x8BC4, 0x9405, 0x8BA4, 0x7B42, 0x8383, 0x7B63,
    0x7B22, 0x8BC4, 0x6AC2, 0x93E4, 0x9405, 0x8BA4, 0x8BC4, 0x8383, 0x7B43, 0x8BC4, 0x8383, 0x7B22,
    0x8BA4, 0x8BA3, 0x8BC4, 0x7B22, 0x8BA4, 0x8BA4, 0x72E2, 0x8364, 0x7B23, 0x7B23, 0x7B63, 0x7303,
    0x8364, 0x7303, 0x7B43, 0x8384, 0x83A4, 0x7B03, 0x72E2, 0x62A3, 0x6AA2, 0x6262, 0x6282, 0x7B23,
    0x7323, 0x7B23, 0x7B44, 0x6AE2, 0x6282, 0x6B04, 0x6AA2, 0x6282, 0x6282, 0x6AC2, 0x5A22, 0x6AC3,
    0x6AC2, 0x72E3, 0x5A41, 0x5A41, 0x4A02, 0x5221, 0x5222, 0x49E1, 0x49E1, 0x49E1, 0x5222, 0x6AC3,
    0x62A3, 0x62C3, 0x6283, 0x5A62, 0x6282, 0x72E2, 0x62A2, 0x6AC2, 0x6AC2, 0x8343, 0x8364, 0x7B23,
    0x7B23, 0x7B43, 0x8384, 0x8364, 0x8363, 0x6281, 0x8BC4, 0x7302, 0x8343, 0x8363, 0x8BC4, 0x7B63,
    0x8BA4, 0x6AC2, 0x7B23, 0x7302, 0x8383, 0x7303, 0x7B23, 0x7B23, 0x8BC4, 0x8BA4, 0x8BA4, 0x7303,
    0x8363, 0x93E4, 0x7B22, 0x8383, 0x8B84, 0x9C25, 0x8383, 0x8BA4, 0x8BA3, 0x72E2, 0x7B62, 0x8363,
    0x8BA3, 0x8BC4, 0x8BC3, 0x8BC4, 0x8BC4, 0x8363, 0x7B22, 0x8383, 0x7B63, 0x8BA4, 0x8BC4, 0x93C4,
    0x9405, 0x8BA3, 0x8BC4, 0x7B22, 0x8BC4, 0x7B42, 0x8383, 0x7B42, 0x93E5, 0x8BA4, 0x8363, 0x8BC4,
    0x93E5, 0x8383, 0x7B02, 0x93E4, 0x7B23, 0x8BA4, 0x7B43, 0x8383, 0x7B02, 0x83A4, 0x8364, 0x7B22,
    0x8383, 0x8384, 0x8363, 0x7B23, 0x7B64, 0x8383, 0x7302, 0x8384, 0x7302, 0x8383, 0x7B43, 0x8363,
    0x7B44, 0x7B24, 0x8364, 0x49E1, 0x5A62, 0x5241, 0x5A41, 0x7B23, 0x7B23, 0x7B64, 0x7303, 0x72E3,
    0x7303, 0x6282, 0x62A3, 0x62A2, 0x7303, 0x72E3, 0x72E3, 0x4A01, 0x5A42, 0x6262, 0x49E1, 0x5222,
    0x49E2, 0x5222, 0x41C1, 0x3981, 0x5243, 0x49E1, 0x5202, 0x6AE3, 0x6AA3, 0x62A3, 0x5A42, 0x72E3,
    0x72E3, 0x5A41, 0x6AA2, 0x6261, 0x6AC2, 0x8384, 0x8363, 0x7B63, 0x8364, 0x8364, 0x7302, 0x7B43,
    0x8363, 0x7B42, 0x7B43, 0x8BA3, 0x8B83, 0x8BA4, 0x8383, 0x8BC4, 0x6AE2, 0x72E2, 0x7B23, 0x72E2,
    0x8384, 0x8BC4, 0x7B43, 0x8364, 0x8BC4, 0x8343, 0x7B64, 0x7303, 0x8383, 0x8383, 0x8342, 0x8B84,
    0x8BC4, 0x8BA4, 0x8BA3, 0x8BC4, 0x8BC4, 0x7302, 0x8363, 0x7B42, 0x8BA4, 0x8BA3, 0x8B83, 0x8343,
    0x8BA3, 0x7B22, 0x8BC4, 0x8343, 0x8363, 0x8BA4, 0x8363, 0x8BA3, 0x93E4, 0x8BC4, 0x8BA4, 0x8383,
    0x8BC4, 0x7B42, 0x8383, 0x8383, 0x8BC4, 0x7B42, 0x8383, 0x8383, 0x8B83, 0x9405, 0x8363, 0x7B43,
    0x8383, 0x8BC4, 0x93C5, 0x8BC5, 0x8BA4, 0x8363, 0x7B23, 0x6AE2, 0x8384, 0x8384, 0x7302, 0x7B43,
    0x8364, 0x7B43, 0x8363, 0x7303, 0x7B43, 0x72E2, 0x8343, 0x7B44, 0x7323, 0x62A3, 0x6AA2, 0x4181,
    0x41A1, 0x5221, 0x49E1, 0x72E3, 0x7303, 0x6AC2, 0x7303, 0x8364, 0x6AC3, 0x6AA2, 0x5A42, 0x6AA2,
    0x72E3, 0x7B23, 0x6282, 0x5A62, 0x6262, 0x6282, 0x41A1, 0x4A02, 0x5222, 0x49E2, 0x5222, 0x49E1,
    0x41C1, 0x5222, 0x5A21, 0x5221, 0x6AA3, 0x72E3, 0x5A62, 0x7324, 0x6281, 0x6AC2, 0x6AA2, 0x6AA2,
    0x6282, 0x7B43, 0x7B23, 0x8363, 0x7303, 0x8363, 0x7B23, 0x6AE3, 0x8364, 0x8BA4, 0x7B23, 0x6AC2,
    0x7B43, 0x7323, 0x8BC4, 0x7B42, 0x8363, 0x6AC2, 0x7302, 0x6AA2, 0x8BA4, 0x7B23, 0x7303, 0x8363,
    0x8BA4, 0x8BC4, 0x8BC5, 0x8BE5, 0x93E4, 0x7302, 0x7B63, 0x8363, 0x7B42, 0x8363, 0x7B22, 0x8BA4,
    0x8384, 0x6AC1, 0x7B22, 0x7B22, 0x8BC4, 0x8383, 0x8BC4, 0x93C4, 0x8BA3, 0x8B83, 0x7B43, 0x6AC2,
    0x8BC4, 0x7B63, 0x83A3, 0x93E4, 0x8363, 0x8363, 0x8BA4, 0x8383, 0x8383, 0x7B22, 0x8363, 0x7302,
    0x8383, 0x8363, 0x8384, 0x8BC5, 0x93E5, 0x93E5, 0x8BC4, 0x7B43, 0x7B63, 0x7B43, 0x8384, 0x8363,
    0x8384, 0x8BA4, 0x7B43, 0x72C2, 0x8B64, 0x7B23, 0x8384, 0x8384, 0x7B23, 0x7B43, 0x7B43, 0x6AC2,
    0x8343, 0x8363, 0x72E3, 0x6282, 0x5242, 0x5A62, 0x6282, 0x5A62, 0x49C1, 0x49E1, 0x5201, 0x6AA3,
    0x6AC3, 0x72E3, 0x72E3, 0x72E3, 0x6AE3, 0x6AE3, 0x6282, 0x5221, 0x6282, 0x6283, 0x6282, 0x6283,
    0x5A62, 0x6AA3, 0x49C1, 0x49C1, 0x5222, 0x4181, 0x41A1, 0x41A1, 0x4181, 0x5222, 0x5222, 0x5221,
    0x7303, 0x6AC3, 0x62A2, 0x6AE2, 0x7B03, 0x6AA2, 0x6AC2, 0x5A61, 0x6AC2, 0x7B02, 0x8BA5, 0x7B02,
    0x7B44, 0x8BA4, 0x8363, 0x7302, 0x7323, 0x72E3, 0x7B43, 0x7302, 0x7B03, 0x62A2, 0x7303, 0x7B43,
    0x7B43, 0x7302, 0x6AC2, 0x7B23, 0x8384, 0x7302, 0x72E2, 0x7B23, 0x7B63, 0x8BC4, 0x8384, 0x7B43,
    0x8B84, 0x7B43, 0x72E2, 0x7B23, 0x7302, 0x8384, 0x8BA4, 0x8BA4, 0x8363, 0x6AA1, 0x8343, 0x7B22,
    0x8BA4, 0x8BA4, 0x8BA4, 0x9405, 0x8BA4, 0x8BA4, 0x6281, 0x72E2, 0x7B43, 0x8BA4, 0x8363, 0x8BA4,
    0x8BC4, 0x8B83, 0x8BC4, 0x8B84, 0x8BA4, 0x7B22, 0x7B43, 0x72E2, 0x8363, 0x8383, 0x7B22, 0x8BA4,
    0x8383, 0x93C4, 0x7B43, 0x8363, 0x7B22, 0x8BA4, 0x8BC5, 0x8BC5, 0x8343, 0x7B43, 0x7B43, 0x6AE2,
    0x8384, 0x7B23, 0x8384, 0x8384, 0x8364, 0x7303, 0x6AE2, 0x5A41, 0x7B23, 0x6AC2, 0x49E1, 0x7303,
    0x5A62, 0x6AA3, 0x62A2, 0x5201, 0x4180, 0x5201, 0x41C1, 0x5A42, 0x7323, 0x6AC3, 0x6AC2, 0x72E3,
    0x5201, 0x7303, 0x6AC2, 0x6282, 0x6AE3, 0x6AC3, 0x5A42, 0x6282, 0x62A2, 0x5A62, 0x41C1, 0x49E1,
    0x41A1, 0x41A1, 0x5A62, 0x5222, 0x5201, 0x5201, 0x49C1, 0x49E2, 0x5202, 0x72E3, 0x6282, 0x6AC2,
    0x7B23, 0x7303, 0x5A61, 0x62A2, 0x6AA2, 0x8364, 0x7B23, 0x8363, 0x7B23, 0x72E3, 0x6AA2, 0x6AE3,
    0x7B43, 0x6AA2, 0x8383, 0x6AA1, 0x7B23, 0x62A2, 0x7B23, 0x7B23, 0x72E2, 0x6AC2, 0x7B22, 0x6AC2,
    0x8BC4, 0x7302, 0x7B22, 0x8363, 0x8383, 0x8343, 0x93E5, 0x8363, 0x7322, 0x8BA4, 0x72E2, 0x8363,
    0x6AC2, 0x7B43, 0x8BA4, 0x8BA4, 0x8BA4, 0x7302, 0x7B43, 0x72E2, 0x7B42, 0x8BC4, 0x8BA5, 0x8383,
    0x8BA4, 0x6261, 0x7303, 0x7B43, 0x7303, 0x8364, 0x8384, 0x8363, 0x8384, 0x8343, 0x7B42, 0x8384,
    0x7B23, 0x72E2, 0x7B22, 0x72E2, 0x8B84, 0x7B43, 0x8B84, 0x93C5, 0x8BA4, 0x8363, 0x72E2, 0x6AC2,
    0x7302, 0x8BA4, 0x8363, 0x8BA4, 0x8384, 0x8364, 0x7B43, 0x7302, 0x7B44, 0x8364, 0x8BA4, 0x8364,
    0x72E2, 0x7B23, 0x5A62, 0x7303, 0x7302, 0x5A42, 0x49E2, 0x5A83, 0x62A3, 0x6AA2, 0x6AE3, 0x6282,
    0x5201, 0x49E1, 0x4181, 0x6282, 0x6282, 0x6AA3, 0x7303, 0x72E3, 0x5A42, 0x5A62, 0x5222, 0x5A42,
    0x6262, 0x5A42, 0x5A42, 0x5A42, 0x5202, 0x5201, 0x5201, 0x49C1, 0x5202, 0x41A1, 0x6282, 0x49C1,
    0x6282, 0x6262, 0x49E1, 0x49E2, 0x49C1, 0x5A62, 0x5221, 0x7303, 0x7B23, 0x6281, 0x6281, 0x6261,
    0x6AC2, 0x7303, 0x7302, 0x6AE2, 0x6282, 0x5A41, 0x6AA2, 0x7303, 0x8363, 0x6AC2, 0x7B03, 0x8364,
    0x62A2, 0x6AC2, 0x7302, 0x7B23, 0x8384, 0x6AC2, 0x72E2, 0x6AC2, 0x8363, 0x8384, 0x8383, 0x8384,
    0x8363, 0x7323, 0x8BA4, 0x8384, 0x7302, 0x6AC2, 0x8323, 0x7B43, 0x8363, 0x8384, 0x8363, 0x8BA4,
    0x8383, 0x72E2, 0x7B63, 0x7302, 0x8BA4, 0x8384, 0x7B43, 0x7B43, 0x7B43, 0x7B44, 0x6AA2, 0x8384,
    0x7B43, 0x6AE2, 0x8383, 0x8383, 0x8363, 0x8383, 0x7B43, 0x8BA4, 0x7B23, 0x6AC1, 0x8363, 0x72E2,
    0x8BA4, 0x8BA4, 0x8BA4, 0x8384, 0x7303, 0x83A5, 0x72E2, 0x7B23, 0x7B23, 0x7B43, 0x7B43, 0x8BC5,
    0x8364, 0x7B23, 0x7B43, 0x5A61, 0x6281, 0x7303, 0x8363, 0x7B63, 0x7B43, 0x7B63, 0x8343, 0x6AA2,
    0x6AE2, 0x5A42, 0x6262, 0x6282, 0x6262, 0x6AA3, 0x5202, 0x5A42, 0x5222, 0x49C1, 0x5221, 0x5A42,
    0x5A42, 0x6AC3, 0x5A82, 0x72E3, 0x5201, 0x5221, 0x5221, 0x6262, 0x6282, 0x6262, 0x6283, 0x62A3,
    0x62A3, 0x49E1, 0x41C1, 0x41C1, 0x5A42, 0x5222, 0x41A1, 0x49C1, 0x5221, 0x6282, 0x41A1, 0x3981,
    0x6283, 0x6282, 0x7303, 0x6281, 0x72E2, 0x6AA2, 0x6281, 0x6282, 0x6282, 0x62A2, 0x6AA2, 0x62A2,
    0x6AA2, 0x5201, 0x7303, 0x72E3, 0x8364, 0x7303, 0x7B22, 0x5241, 0x62A3, 0x7B44, 0x7323, 0x7B64,
    0x7B43, 0x6AC2, 0x72E2, 0x7302, 0x7B42, 0x7B42, 0x7B43, 0x7B23, 0x7B43, 0x72E3, 0x7B64, 0x8BA4,
    0x8383, 0x72E2, 0x7303, 0x6AC2, 0x7302, 0x6AA2, 0x8363, 0x7322, 0x8363, 0x6AC2, 0x7B22, 0x7302,
    0x8BA4, 0x8B83, 0x7302, 0x7B22, 0x7B23, 0x6261, 0x6AA2, 0x8343, 0x8BA4, 0x5A41, 0x8343, 0x8383,
    0x8363, 0x7B23, 0x8384, 0x7B43, 0x8363, 0x6AE2, 0x7B23, 0x6AC1, 0x8363, 0x8363, 0x8363, 0x8363,
    0x7B63, 0x8384, 0x6AA2, 0x7B02, 0x72E3, 0x8364, 0x7B03, 0x7B23, 0x7323, 0x7323, 0x72E2, 0x72E2,
    0x7B43, 0x7B23, 0x8364, 0x7B23, 0x8364, 0x7B43, 0x7303, 0x72E2, 0x7B23, 0x5A42, 0x6283, 0x6262,
    0x6283, 0x49C1, 0x5A62, 0x6282, 0x5201, 0x49C1, 0x5A62, 0x6AC3, 0x6AA3, 0x41A1, 0x5A62, 0x6AA3,
    0x62A2, 0x6262, 0x49E1, 0x5A42, 0x6AC3, 0x6282, 0x51E1, 0x6283, 0x6283, 0x5A42, 0x49E1, 0x49E1,
    0x41C1, 0x4A01, 0x5202, 0x5242, 0x41A1, 0x6262, 0x3981, 0x3981, 0x5A62, 0x5A62, 0x6AE3, 0x7303,
    0x7B24, 0x7303, 0x6AA2, 0x62A2, 0x5A62, 0x6262, 0x7B03, 0x6AC3, 0x5A42, 0x5A42, 0x62A3, 0x62A2,
    0x6AA2, 0x6282, 0x6AC2, 0x62A2, 0x6AE2, 0x8B84, 0x7B23, 0x7B43, 0x7B23, 0x6AC2, 0x7B23, 0x72E2,
    0x8364, 0x7B43, 0x7B43, 0x7B23, 0x7B43, 0x83A4, 0x8364, 0x7B23, 0x8384, 0x7302, 0x6AC2, 0x7B23,
    0x7323, 0x7B43, 0x7302, 0x8363, 0x7302, 0x6AA1, 0x72C1, 0x6261, 0x8363, 0x8384, 0x8BA4, 0x7B43,
    0x8384, 0x5A41, 0x72E2, 0x7B23, 0x7302, 0x7323, 0x8364, 0x7B63, 0x8363, 0x8363, 0x7B63, 0x7B43,
    0x7302, 0x7303, 0x7302, 0x6AC2, 0x7302, 0x8BA4, 0x8342, 0x8B84, 0x7B23, 0x7303, 0x7303, 0x7B43,
    0x6282, 0x7B43, 0x7B23, 0x8364, 0x6AC2, 0x7B23, 0x8BA4, 0x72E2, 0x8364, 0x7B23, 0x7B43, 0x8363,
    0x7B23, 0x7B44, 0x62A2, 0x7303, 0x7B23, 0x5201, 0x5A42, 0x5A62, 0x6AC3, 0x5A62, 0x72E3, 0x5A22,
    0x5A62, 0x5201, 0x49E1, 0x6AC3, 0x6AC3, 0x72E3, 0x5A62, 0x6282, 0x5A42, 0x5A63, 0x5A62, 0x49E1,
    0x6283, 0x6262, 0x62A3, 0x5222, 0x4A02, 0x41C1, 0x4A01, 0x4181, 0x5A42, 0x5A62, 0x5A22, 0x5222,
    0x5201, 0x49E1, 0x3960, 0x49E1, 0x49C2, 0x5222, 0x6AA2, 0x6AE3, 0x62A2, 0x7303, 0x62A2, 0x5A62,
    0x5A62, 0x6283, 0x6AC3, 0x6282, 0x49E1, 0x6AA3, 0x6AC2, 0x6282, 0x72E3, 0x6261, 0x6282, 0x49E1,
    0x7B23, 0x8344, 0x7B64, 0x8364, 0x7B23, 0x6281, 0x6AA2, 0x72E2, 0x8343, 0x7B22, 0x7B23, 0x72E2,
    0x7B23, 0x7B02, 0x7B23, 0x8363, 0x7302, 0x72E3, 0x6AE3, 0x5242, 0x62A2, 0x7B23, 0x72C2, 0x7B63,
    0x72E2, 0x6AE2, 0x72E2, 0x62A2, 0x6AA2, 0x7B23, 0x72E2, 0x8363, 0x7302, 0x49E1, 0x7303, 0x72E2,
    0x8383, 0x8363, 0x8BA4, 0x8364, 0x5A62, 0x7B43, 0x8363, 0x6AC2, 0x6AC2, 0x7302, 0x7B23, 0x6AA1,
    0x7302, 0x7B43, 0x7B02, 0x8364, 0x7B23, 0x7B43, 0x5A41, 0x7B43, 0x62A2, 0x6AC2, 0x7B23, 0x7B23,
    0x7B23, 0x7303, 0x7B43, 0x6AC1, 0x7303, 0x7B43, 0x8363, 0x8364, 0x7B43, 0x8384, 0x5A62, 0x72E3,
    0x6AE2, 0x6262, 0x5A42, 0x6282, 0x62A2, 0x5A83, 0x49E1, 0x5A41, 0x5221, 0x5221, 0x4A01, 0x6AA2,
    0x5A41, 0x6282, 0x6AA2, 0x5A42, 0x5A63, 0x49E1, 0x5242, 0x41C1, 0x5A21, 0x5A42, 0x5222, 0x5A42,
    0x5A62, 0x5A22, 0x3980, 0x49C1, 0x4A01, 0x6AC2, 0x6262, 0x5A42, 0x5222, 0x5A22, 0x49C1, 0x5202,
    0x3161, 0x5A62, 0x6282, 0x7323, 0x6262, 0x6AE3, 0x6AC2, 0x5A61, 0x6282, 0x49E2, 0x5222, 0x5A42,
    0x5A22, 0x6282, 0x6AC2, 0x6AC3, 0x7323, 0x6AA2, 0x5A41, 0x6282, 0x7B44, 0x7B23, 0x72E2, 0x7B43,
    0x7B23, 0x6AC2, 0x72C2, 0x72E2, 0x7B43, 0x8364, 0x7B23, 0x7B43, 0x8364, 0x7B23, 0x6AA2, 0x6AC2,
    0x62A2, 0x62A2, 0x7B23, 0x72C3, 0x62A2, 0x7303, 0x8343, 0x72E2, 0x7302, 0x6AC2, 0x72E2, 0x6AA2,
    0x72E2, 0x7303, 0x7B43, 0x8363, 0x8364, 0x6282, 0x72E3, 0x72E2, 0x7B23, 0x8363, 0x8BA4, 0x7B43,
    0x7303, 0x7B43, 0x7302, 0x7B43, 0x8364, 0x7302, 0x7B22, 0x7323, 0x72E2, 0x72E2, 0x7302, 0x7303,
    0x7B23, 0x7323, 0x62A2, 0x6AC2, 0x62A2, 0x6AC2, 0x7B64, 0x7B43, 0x7B23, 0x6AC2, 0x7323, 0x62A1,
    0x7B43, 0x7B23, 0x8364, 0x7B23, 0x7302, 0x7B23, 0x8364, 0x62A2, 0x6AC2, 0x6262, 0x49E1, 0x5202,
    0x6AE3, 0x6AC3, 0x72E3, 0x5A42, 0x5221, 0x5221, 0x5222, 0x6AA3, 0x62A2, 0x5A62, 0x6283, 0x5242,
    0x5201, 0x5201, 0x49E1, 0x5A62, 0x6283, 0x6262, 0x5A42, 0x5A42, 0x5A62, 0x49E1, 0x49C1, 0x41C1,
    0x3981, 0x49E1, 0x62A3, 0x5221, 0x5201, 0x49E1, 0x4A02, 0x4A01, 0x3961, 0x4A02, 0x5A42, 0x5A42,
    0x62A2, 0x62A2, 0x5A21, 0x6282, 0x5201, 0x49E1, 0x5202, 0x4A02, 0x6262, 0x5A42, 0x6282, 0x6282,
    0x5A62, 0x6AC3, 0x62A2, 0x5221, 0x6AA3, 0x72E3, 0x6AC3, 0x7B23, 0x7B03, 0x6AC2, 0x7302, 0x6AA2,
    0x8363, 0x7B23, 0x72E2, 0x6AC2, 0x72E2, 0x72E2, 0x7303, 0x6AC2, 0x7303, 0x6282, 0x62A2, 0x6AC3,
    0x6AA2, 0x7303, 0x7303, 0x72E2, 0x7B23, 0x6AA2, 0x7302, 0x6281, 0x7B23, 0x7B23, 0x7B23, 0x8384,
    0x7B44, 0x5A61, 0x6AC2, 0x7303, 0x7302, 0x7B23, 0x7B23, 0x7B23, 0x7B22, 0x7302, 0x7B23, 0x7B43,
    0x7B23, 0x72E2, 0x7B23, 0x6AC2, 0x8344, 0x7303, 0x6AC2, 0x8364, 0x7B23, 0x6282, 0x6AA2, 0x6281,
    0x6AE2, 0x7B03, 0x7302, 0x7303, 0x72E2, 0x5A61, 0x7324, 0x7303, 0x6AC2, 0x7B64, 0x72E2, 0x7B24,
    0x72E2, 0x72E2, 0x62A2, 0x6261, 0x7B24, 0x6AA2, 0x49E2, 0x5202, 0x4181, 0x5242, 0x5222, 0x5221,
    0x5202, 0x4A01, 0x41A1, 0x5242, 0x6262, 0x5A21, 0x5A63, 0x5A42, 0x5A42, 0x62A3, 0x5222, 0x6282,
    0x6282, 0x5222, 0x5A62, 0x5222, 0x49C1, 0x5222, 0x41C1, 0x41C1, 0x41A1, 0x5201, 0x5201, 0x6262,
    0x49E1, 0x6282, 0x5A42, 0x4A01, 0x5201, 0x5A42, 0x62A2, 0x6282, 0x5222, 0x5A62, 0x6262, 0x5A62,
    0x49E1, 0x41A1, 0x49E2, 0x49C1, 0x5222, 0x6282, 0x6282, 0x6282, 0x6AA2, 0x6282, 0x6282, 0x5201,
    0x72E2, 0x7323, 0x72E2, 0x7303, 0x7B23, 0x6AA2, 0x6AC2, 0x6AA2, 0x7B23, 0x72E2, 0x72E3, 0x72E2,
    0x7B43, 0x8384, 0x7303, 0x6AA2, 0x6AC2, 0x6AC2, 0x6282, 0x62A2, 0x5A62, 0x7303, 0x7B23, 0x7B44,
    0x72E2, 0x72E2, 0x6AC2, 0x6281, 0x72E3, 0x7323, 0x7B43, 0x7B43, 0x7B43, 0x72E2, 0x72E3, 0x7302,
    0x7302, 0x8363, 0x8363, 0x8384, 0x7303, 0x6AC2, 0x72E2, 0x7303, 0x8364, 0x6AC2, 0x7302, 0x6AC2,
    0x7B23, 0x7B23, 0x6AC2, 0x7303, 0x6AC2, 0x6262, 0x7B23, 0x6AE2, 0x6AA2, 0x7B23, 0x72E3, 0x7B24,
    0x6AE3, 0x5241, 0x5A61, 0x5A41, 0x6AA2, 0x6AC2, 0x7B23, 0x7B23, 0x7B23, 0x7323, 0x6282, 0x7B23,
    0x72E3, 0x72E2, 0x6AE3, 0x6282, 0x5A42, 0x5A42, 0x62A2, 0x5A62, 0x5A21, 0x41C1, 0x49E1, 0x6AC3,
    0x6282, 0x49E1, 0x5222, 0x49E1, 0x5222, 0x6283, 0x5A62, 0x5201, 0x49E1, 0x6283, 0x5A22, 0x5222,
    0x5202, 0x51E1, 0x2900, 0x3121, 0x41A1, 0x5201, 0x62A3, 0x5222, 0x4A01, 0x5222, 0x5A42, 0x5222,
    0x5A22, 0x6262, 0x62A3, 0x6AE3, 0x5242, 0x5A41, 0x6261, 0x5221, 0x5222, 0x49E2, 0x41A1, 0x41A1,
    0x5A42, 0x6AC3, 0x6AC2, 0x6282, 0x6AC2, 0x5A62, 0x6282, 0x5201, 0x6AC2, 0x7303, 0x6AC2, 0x6AC2,
    0x7303, 0x6282, 0x6AE3, 0x6282, 0x7303, 0x6AA2, 0x6282, 0x5222, 0x7B44, 0x7B43, 0x72E3, 0x5A61,
    0x7303, 0x6AC2, 0x5221, 0x7B43, 0x7B23, 0x6AC2, 0x6AC2, 0x8364, 0x72E2, 0x6AE2, 0x72C2, 0x6AC2,
    0x7303, 0x7303, 0x7B03, 0x8343, 0x8343, 0x6AC2, 0x7302, 0x5A61, 0x7B43, 0x7B43, 0x8364, 0x7B23,
    0x7B23, 0x8343, 0x7302, 0x7B24, 0x7B23, 0x72E2, 0x7B02, 0x6AC2, 0x6281, 0x7B23, 0x6282, 0x7303,
    0x7B23, 0x5222, 0x6282, 0x7303, 0x6282, 0x6282, 0x6AA2, 0x7303, 0x7303, 0x7303, 0x5221, 0x5A62,
    0x8364, 0x5221, 0x6AC2, 0x7B23, 0x7B23, 0x7B64, 0x6262, 0x72E3, 0x7324, 0x6282, 0x6283, 0x6283,
    0x6AE3, 0x4A02, 0x62A3, 0x5A62, 0x5A42, 0x41C1, 0x49E1, 0x5201, 0x5A62, 0x5222, 0x5A62, 0x6AA3,
    0x5202, 0x5222, 0x5A62, 0x49E1, 0x5A62, 0x5222, 0x5222, 0x5222, 0x5A42, 0x5A42, 0x3160, 0x3120,
    0x49C1, 0x5A62, 0x5A42, 0x5A82, 0x6283, 0x41A1, 0x49E1, 0x3140, 0x3161, 0x5A61, 0x7304, 0x5A42,
    0x6AC3, 0x5A82, 0x5A62, 0x5A42, 0x5201, 0x4A02, 0x41A1, 0x41A1, 0x5222, 0x5A42, 0x5A62, 0x49E1,
    0x72E3, 0x49E1, 0x6282, 0x5201, 0x7303, 0x72E2, 0x7B23, 0x7303, 0x72E3, 0x6282, 0x6282, 0x6261,
    0x6AC3, 0x7B03, 0x72E3, 0x6AC3, 0x6AA2, 0x72E3, 0x7B43, 0x7B23, 0x6AC2, 0x6AC3, 0x6282, 0x7B23,
    0x72E2, 0x6AC2, 0x7B64, 0x6AC2, 0x72E2, 0x6AA2, 0x6AE2, 0x6AC2, 0x72E2, 0x7B23, 0x7323, 0x7B23,
    0x72E2, 0x72E2, 0x7323, 0x6AC2, 0x6AA2, 0x7B43, 0x8363, 0x6282, 0x7B22, 0x6AC2, 0x7B22, 0x6AC2,
    0x7B44, 0x72E2, 0x7303, 0x7323, 0x6AA2, 0x6AC2, 0x62A2, 0x5A42, 0x5A62, 0x6282, 0x6AC2, 0x7302,
    0x6282, 0x5221, 0x7323, 0x6283, 0x7B44, 0x6AE3, 0x7B44, 0x5A62, 0x6AC2, 0x72E2, 0x7B24, 0x7303,
    0x7323, 0x6AC2, 0x7B44, 0x62A2, 0x6282, 0x72E4, 0x5A62, 0x5222, 0x49E2, 0x62A3, 0x5A42, 0x5A62,
    0x5221, 0x41A1, 0x49C1, 0x5A62, 0x6282, 0x5202, 0x62A2, 0x6283, 0x5201, 0x5A42, 0x4A01, 0x5222,
    0x6283, 0x5A42, 0x4A02, 0x5222, 0x5201, 0x49C1, 0x41A0, 0x3941, 0x5222, 0x5201, 0x5201, 0x49E1,
    0x4A02, 0x5A42, 0x5221, 0x5221, 0x5221, 0x6282, 0x6AE3, 0x7303, 0x7304, 0x6282, 0x5221, 0x5A41,
    0x49C1, 0x5A82, 0x5A42, 0x4A01, 0x5A42, 0x6282, 0x5A42, 0x5A62, 0x6282, 0x5221, 0x5A62, 0x62A2,
    0x7B23, 0x7B23, 0x6AC2, 0x72E2, 0x8343, 0x6261, 0x62A2, 0x5A61, 0x6AC2, 0x7B23, 0x5A62, 0x6AC2,
    0x72E3, 0x6AA3, 0x6AC3, 0x7303, 0x6282, 0x5A62, 0x5222, 0x6AA2, 0x7B23, 0x72E2, 0x6282, 0x6AA2,
    0x7B63, 0x7302, 0x6AE2, 0x6AA2, 0x7302, 0x7303, 0x7B44, 0x7323, 0x7B23, 0x6261, 0x7303, 0x6AC2,
    0x6282, 0x7303, 0x7303, 0x7B63, 0x7B23, 0x6AC3, 0x7B22, 0x7B23, 0x7323, 0x6AA1, 0x72E2, 0x6AA2,
    0x7303, 0x62A3, 0x6282, 0x6AC3, 0x6AA2, 0x6AE3, 0x6AC2, 0x6AA2, 0x6282, 0x72C2, 0x6282, 0x6AC3,
    0x7303, 0x72E3, 0x7B24, 0x62A2, 0x6AE2, 0x7323, 0x72E3, 0x6AC2, 0x6AE2, 0x8364, 0x6282, 0x6AE3,
    0x6262, 0x41C1, 0x5222, 0x5222, 0x4A02, 0x49E2, 0x5221, 0x5A21, 0x5201, 0x41C1, 0x41A1, 0x6262,
    0x6282, 0x6AC3, 0x62A2, 0x6AC3, 0x49E1, 0x5A62, 0x5201, 0x5242, 0x49C1, 0x5202, 0x5A62, 0x5201,
    0x6283, 0x49C1, 0x41A1, 0x3120, 0x49E1, 0x5A42, 0x5222, 0x5A62, 0x4A01, 0x49E1, 0x49E1, 0x49E1,
    0x5242, 0x5242, 0x62A2, 0x6282, 0x5A62, 0x5A62, 0x6282, 0x6282, 0x5221, 0x5A62, 0x5222, 0x5A62,
    0x5201, 0x5222, 0x5A42, 0x49E1, 0x6AA2, 0x5A42, 0x6262, 0x7304, 0x6AC2, 0x7323, 0x6AA2, 0x6AA2,
    0x6AC2, 0x5221, 0x5221, 0x5221, 0x5A42, 0x4A02, 0x5A62, 0x6AC2, 0x6AC3, 0x5A42, 0x49E2, 0x5201,
    0x6282, 0x6282, 0x5201, 0x6AA2, 0x6282, 0x72C2, 0x6282, 0x72E2, 0x6281, 0x6AA2, 0x6AC2, 0x6AC2,
    0x72E2, 0x7B23, 0x7303, 0x7B23, 0x72E3, 0x6AA2, 0x7B44, 0x5A62, 0x7302, 0x6AC2, 0x6AA2, 0x6AC2,
    0x62A2, 0x7B23, 0x6AE3, 0x6AA2, 0x6AC2, 0x6AA1, 0x7302, 0x5221, 0x5A62, 0x5A62, 0x6282, 0x5A62,
    0x5A42, 0x7303, 0x7303, 0x6AC2, 0x6AC3, 0x72E3, 0x6282, 0x62A2, 0x6AA2, 0x6AE2, 0x7303, 0x5A61,
    0x7B24, 0x72E3, 0x7B24, 0x7303, 0x7303, 0x7303, 0x5A21, 0x6AC3, 0x6283, 0x6262, 0x49E2, 0x5A42,
    0x49C1, 0x49E2, 0x5A82, 0x5A62, 0x5201, 0x49E1, 0x49C1, 0x3981, 0x6282, 0x5221, 0x5A62, 0x5A63,
    0x5A62, 0x5222, 0x49E1, 0x49C1, 0x5222, 0x5222, 0x49E1, 0x49E1, 0x49E2, 0x5A42, 0x49E1, 0x3961,
    0x49E2, 0x5201, 0x6262, 0x5201, 0x49E1, 0x49E1, 0x5222, 0x5242, 0x6282, 0x62A3, 0x6282, 0x6AC3,
    0x6AE3, 0x6262, 0x5A41, 0x49E1, 0x5201, 0x6AC3, 0x5A42, 0x49E2, 0x6282, 0x49C1, 0x6282, 0x5A62,
    0x5A62, 0x5A42, 0x6AE3, 0x6262, 0x62A2, 0x6AC2, 0x72C2, 0x6AC2, 0x7303, 0x6282, 0x5A41, 0x5A41,
    0x5201, 0x5A42, 0x6283, 0x6283, 0x6262, 0x72E3, 0x5201, 0x3961, 0x4A01, 0x6282, 0x5A41, 0x6AA2,
    0x72E2, 0x7303, 0x6AE3, 0x7303, 0x7303, 0x6281, 0x6261, 0x51E1, 0x7303, 0x7B23, 0x6AE2, 0x7B23,
    0x7B23, 0x6282, 0x6282, 0x5A41, 0x6AC3, 0x6282, 0x6AC2, 0x7B43, 0x6AC2, 0x72E3, 0x6AC2, 0x6AC2,
    0x72E2, 0x6281, 0x7303, 0x5A62, 0x5A42, 0x6AE3, 0x62A2, 0x72E3, 0x6AE3, 0x72E3, 0x5A42, 0x7B23,
    0x5A62, 0x6AA2, 0x6AC2, 0x6AC3, 0x5A62, 0x72E3, 0x7323, 0x62A2, 0x7323, 0x7B44, 0x7303, 0x6282,
    0x6AA2, 0x6AA3, 0x49C1, 0x5222, 0x5202, 0x49E1, 0x49E1, 0x5A62, 0x5222, 0x5222, 0x49E1, 0x5222,
    0x5202, 0x41A1, 0x49E1, 0x5221, 0x5A62, 0x6282, 0x5A62, 0x5222, 0x5201, 0x5222, 0x5A42, 0x49E1,
    0x41A1, 0x5222, 0x49C1, 0x4A02, 0x49E1, 0x41A1, 0x41C1, 0x3960, 0x4A02, 0x5A62, 0x5221, 0x62A3,
    0x41C1, 0x49E1, 0x5201, 0x5A62, 0x49C1, 0x6262, 0x5221, 0x5A62, 0x6262, 0x5A42, 0x5201, 0x4A01,
    0x5A42, 0x4A02, 0x5A22, 0x5A42, 0x5A62, 0x6282, 0x62A2, 0x5221, 0x5222, 0x5201, 0x6282, 0x6262,
    0x41C1, 0x49E1, 0x7323, 0x6AE2, 0x72E2, 0x6262, 0x5A41, 0x49E1, 0x5222, 0x5222, 0x5A42, 0x5A42,
    0x6283, 0x41A1, 0x49E1, 0x5202, 0x5222, 0x6A82, 0x49E1, 0x6AA2, 0x6AC3, 0x62A2, 0x6AC2, 0x7303,
    0x72E2, 0x5A41, 0x6282, 0x5A41, 0x7303, 0x62A2, 0x7303, 0x72E3, 0x7303, 0x6AC2, 0x5A42, 0x5A21,
    0x6282, 0x6282, 0x6282, 0x6AA2, 0x7B23, 0x6282, 0x6AE2, 0x7303, 0x72E2, 0x6261, 0x7B03, 0x5201,
    0x6AE3, 0x6282, 0x7303, 0x7303, 0x6AA2, 0x5A42, 0x6282, 0x6282, 0x5A62, 0x5A62, 0x6283, 0x6262,
    0x72E3, 0x5A61, 0x6261, 0x62A2, 0x62A2, 0x7303, 0x6AA2, 0x5A62, 0x5A42, 0x5A62, 0x3981, 0x3981,
    0x5222, 0x5201, 0x3961, 0x5A43, 0x4A02, 0x5202, 0x4A01, 0x41C1, 0x3960, 0x3981, 0x49E1, 0x5A62,
    0x62A3, 0x5201, 0x5A42, 0x6282, 0x49C1, 0x41A1, 0x5222, 0x5202, 0x5223, 0x5222, 0x49E2, 0x5222,
    0x3981, 0x5222, 0x3140, 0x3961, 0x3980, 0x4A01, 0x41A1, 0x5201, 0x49E1, 0x4180, 0x51E1, 0x5A62,
    0x5A42, 0x5201, 0x6283, 0x62A3, 0x5A41, 0x5201, 0x4A01, 0x5222, 0x5221, 0x62A3, 0x6282, 0x5A42,
    0x5A42, 0x5201, 0x5A62, 0x6282, 0x5201, 0x49E1, 0x5A21, 0x6261, 0x5222, 0x5A42, 0x6282, 0x6B03,
    0x6282, 0x6283, 0x4A01, 0x49C1, 0x5222, 0x5222, 0x5201, 0x6262, 0x6283, 0x6282, 0x3981, 0x5A42,
    0x5A62, 0x5221, 0x6262, 0x6AC2, 0x6AC2, 0x5A82, 0x62A2, 0x72E2, 0x6AC2, 0x6281, 0x6AA1, 0x6282,
    0x5A42, 0x5221, 0x6282, 0x5A42, 0x5201, 0x5201, 0x5201, 0x6282, 0x5202, 0x5221, 0x7303, 0x7303,
    0x72E3, 0x6282, 0x6AC2, 0x7323, 0x6AC2, 0x62A2, 0x6AA1, 0x5221, 0x7303, 0x62A3, 0x6282, 0x6AA2,
    0x5A62, 0x5A62, 0x49E1, 0x6262, 0x6283, 0x5A62, 0x5221, 0x72E3, 0x6AC3, 0x5201, 0x6AC2, 0x62A2,
    0x6AE3, 0x41A1, 0x4A01, 0x5221, 0x41A1, 0x41A1, 0x5242, 0x41A1, 0x49E2, 0x5202, 0x3981, 0x49E1,
    0x5222, 0x5222, 0x5222, 0x49E1, 0x3961, 0x41A1, 0x3981, 0x51E1, 0x5201, 0x5222, 0x5A62, 0x5201,
    0x49E1, 0x3960, 0x49E1, 0x49E1, 0x5A42, 0x49E1, 0x41A1, 0x41A1, 0x3981, 0x49C1, 0x3980, 0x3981,
    0x3961, 0x49E1, 0x5A62, 0x5A62, 0x5A42, 0x5222, 0x3981, 0x3981, 0x3140, 0x5A42, 0x5A42, 0x5201,
    0x5A42, 0x5A62, 0x5A41, 0x5201, 0x49E1, 0x5A62, 0x5202, 0x5A42, 0x49E1, 0x41C1, 0x5A82, 0x6282,
    0x6262, 0x49C1, 0x5A41, 0x49E1, 0x5A42, 0x62A2, 0x5242, 0x5242, 0x5A62, 0x5221, 0x49E1, 0x5201,
    0x41A1, 0x5202, 0x41A1, 0x3981, 0x49E1, 0x6282, 0x5A42, 0x6AA2, 0x5A21, 0x5221, 0x51E1, 0x6262,
    0x6AA2, 0x6AC3, 0x62A2, 0x7323, 0x6281, 0x6281, 0x62A1, 0x5A62, 0x5A62, 0x62A2, 0x6282, 0x62A3,
    0x5A42, 0x5A42, 0x5A62, 0x49C1, 0x5A41, 0x5221, 0x6AE3, 0x6282, 0x6AC2, 0x62A2, 0x62A2, 0x6281,
    0x72E3, 0x5241, 0x5A41, 0x5201, 0x62C2, 0x62A2, 0x62A2, 0x62A2, 0x5A62, 0x62A2, 0x5A42, 0x5221,
    0x5201, 0x49A1, 0x5A42, 0x6282, 0x6AC2, 0x6282, 0x5A62, 0x62A2, 0x6282, 0x5A42, 0x3981, 0x5201,
    0x41A1, 0x5242, 0x41A1, 0x49E1, 0x3981, 0x5202, 0x49E2, 0x49C1, 0x49C1, 0x41A1, 0x5201, 0x3960,
    0x41A1, 0x49C1, 0x49E1, 0x4A01, 0x5221, 0x49E1, 0x5A62, 0x5A42, 0x41A1, 0x41A1, 0x41A1, 0x41A1,
    0x5222, 0x5202, 0x49E1, 0x49C1, 0x4181, 0x4181, 0x3120, 0x3961, 0x3161, 0x3981, 0x5A62, 0x49C1,
    0x4180, 0x41A1, 0x3981, 0x3961, 0x41C1, 0x5202, 0x49E1, 0x5A62, 0x5A22, 0x5201, 0x5201, 0x5201,
    0x49E1, 0x5222, 0x6262, 0x41C1, 0x5222, 0x5201, 0x5A62, 0x5221, 0x5A42, 0x49C1, 0x62A2, 0x5222,
    0x5A42, 0x6283, 0x49E1, 0x5A42, 0x5A62, 0x5A42, 0x49E1, 0x41A0, 0x49E1, 0x49C1, 0x41C1, 0x49C1,
    0x41A1, 0x41C1, 0x5A62, 0x5222, 0x49E1, 0x5A41, 0x49E1, 0x6282, 0x6AA2, 0x6AA2, 0x6AE2, 0x7303,
    0x6AC2, 0x6AA1, 0x6281, 0x5201, 0x6283, 0x5A42, 0x5222, 0x5A62, 0x62A2, 0x5221, 0x49E1, 0x49E1,
    0x5222, 0x5A62, 0x6AA3, 0x6AC2, 0x6AC2, 0x72E3, 0x6AC2, 0x6AC2, 0x6AC2, 0x5A41, 0x6262, 0x5221,
    0x41A0, 0x5A62, 0x5A62, 0x62A3, 0x5A42, 0x5A62, 0x6282, 0x5A42, 0x5A62, 0x5201, 0x6282, 0x6282,
    0x62A2, 0x5A62, 0x6AC3, 0x6282, 0x62A2, 0x5A42, 0x4A02, 0x5202, 0x49E2, 0x49C2, 0x5202, 0x4A01,
    0x4A02, 0x41A1, 0x49E1, 0x41A1, 0x41C1, 0x49E2, 0x49E1, 0x5202, 0x41A1, 0x3981, 0x41A1, 0x41A1,
    0x49E1, 0x5222, 0x49E1, 0x49E1, 0x49C1, 0x3981, 0x3961, 0x3961, 0x5222, 0x3981, 0x41A1, 0x41A1,
    0x3140, 0x41C1, 0x3981, 0x3120,
};
#define TEXTURE_DIRTY_WALL_MIP1_SIZE 64
static const uint16_t TEXTURE_DIRTY_WALL_MIP1_PIXELS[4096] __attribute__((aligned(16))) = {
    0x3981, 0x49E2, 0x3981, 0x41A1, 0x41A1, 0x49C1, 0x4A02, 0x41A1, 0x5A42, 0x6AC3, 0x6282, 0x5A42,
    0x6AA2, 0x6AA2, 0x72E3, 0x6AC3, 0x6282, 0x5A62, 0x62A2, 0x5A62, 0x5222, 0x62A3, 0x6AA2, 0x6282,
    0x62A2, 0x6AE3, 0x6AC2, 0x6AC2, 0x62A2, 0x7303, 0x5A62, 0x6282, 0x6AC3, 0x6262, 0x6AC2, 0x5A62,
    0x5A41, 0x5A41, 0x7303, 0x72E3, 0x6AC2, 0x6282, 0x6AC2, 0x6AA2, 0x5A62, 0x5A62, 0x6282, 0x62A2,
    0x6AA2, 0x5221, 0x6282, 0x72E3, 0x62A2, 0x5A42, 0x5221, 0x5A62, 0x6AC3, 0x6282, 0x5222, 0x5A42,
    0x5A62, 0x6283, 0x5222, 0x49C1, 0x5201, 0x4A02, 0x5201, 0x49C1, 0x49E1, 0x49E2, 0x49C1, 0x5201,
    0x6283, 0x7303, 0x6282, 0x62A2, 0x8364, 0x7B44, 0x7B24, 0x7B64, 0x6AE3, 0x6AC2, 0x6AE3, 0x7303,
    0x7324, 0x72E3, 0x7303, 0x7B24, 0x7B23, 0x7B24, 0x7303, 0x7303, 0x7303, 0x6AC2, 0x72E3, 0x6AC2,
    0x8364, 0x6AE3, 0x6AE3, 0x6282, 0x6282, 0x6AA2, 0x7303, 0x8364, 0x8364, 0x7B23, 0x7303, 0x7B43,
    0x7303, 0x6AC2, 0x62A2, 0x6AA2, 0x72E3, 0x62A2, 0x6AC2, 0x6AE3, 0x7324, 0x7303, 0x5A62, 0x6AC2,
    0x6AA3, 0x72E3, 0x6282, 0x5A42, 0x5A42, 0x5A42, 0x5222, 0x3960, 0x5222, 0x5A42, 0x49E1, 0x3141,
    0x49E1, 0x49E1, 0x49E1, 0x5221, 0x7303, 0x6282, 0x6282, 0x7B43, 0x7B44, 0x8384, 0x7B64, 0x7B44,
    0x6282, 0x72E3, 0x7303, 0x7B44, 0x7B44, 0x8384, 0x7B23, 0x7B23, 0x8364, 0x6AE3, 0x8364, 0x7303,
    0x62A2, 0x62A2, 0x6AE3, 0x6AE2, 0x7B43, 0x7303, 0x7B23, 0x6282, 0x6AA2, 0x6AA2, 0x7B43, 0x8363,
    0x8BA4, 0x7B43, 0x83A4, 0x8384, 0x8384, 0x8364, 0x7B43, 0x7B44, 0x6AE3, 0x7303, 0x6AC2, 0x7B24,
    0x7303, 0x7303, 0x6AC2, 0x6AE3, 0x6AE3, 0x72E3, 0x6AC3, 0x5222, 0x5A42, 0x6262, 0x5A62, 0x41A1,
    0x5202, 0x5A42, 0x49E1, 0x4181, 0x5222, 0x5A62, 0x5222, 0x5A21, 0x6AC3, 0x7B44, 0x7B43, 0x7B44,
    0x8BA4, 0x8384, 0x8364, 0x8BA5, 0x7B24, 0x6AC2, 0x8BC5, 0x7B44, 0x8385, 0x8BA5, 0x7B23, 0x83A4,
    0x7B64, 0x8BC5, 0x7302, 0x7302, 0x6282, 0x6AC3, 0x62A2, 0x8343, 0x8BE5, 0x6AE2, 0x6AE2, 0x6AC2,
    0x7302, 0x7302, 0x7B43, 0x8363, 0x8BC4, 0x8383, 0x8BC5, 0x8384, 0x8384, 0x8384, 0x8384, 0x8384,
    0x7303, 0x7B43, 0x7323, 0x7303, 0x7303, 0x7303, 0x5A62, 0x6AC2, 0x6AC3, 0x72E3, 0x6AC2, 0x5221,
    0x5A42, 0x5A62, 0x5A42, 0x49E1, 0x49E2, 0x5A42, 0x5A42, 0x5221, 0x5A42, 0x6282, 0x5A62, 0x6262,
    0x7303, 0x8384, 0x8364, 0x8BA4, 0x7B43, 0x7B63, 0x8384, 0x8BC5, 0x7B64, 0x7303, 0x8BC5, 0x8BE5,
    0x8BA4, 0x8BC5, 0x8363, 0x8384, 0x8BC5, 0x9405, 0x7B63, 0x7B43, 0x6AC3, 0x7303, 0x72E3, 0x8BA4,
    0x8BC4, 0x8BC4, 0x7B43, 0x7B63, 0x7B22, 0x8363, 0x9405, 0x8BC4, 0x93E5, 0x93E5, 0x93E4, 0x8BA4,
    0x93E5, 0x8363, 0x8BC4, 0x8BC4, 0x7B43, 0x8364, 0x7B43, 0x8BA4, 0x7B23, 0x7B23, 0x6AA2, 0x7303,
    0x7303, 0x7303, 0x6AC3, 0x5A62, 0x5A42, 0x5222, 0x5A62, 0x5201, 0x49E1, 0x5202, 0x5222, 0x5222,
    0x6282, 0x6AC2, 0x62A2, 0x6AE2, 0x7B23, 0x8364, 0x8BA4, 0x8BC4, 0x9405, 0x8BA4, 0x8384, 0x8BC5,
    0x83A4, 0x7B63, 0x9406, 0x9405, 0x9406, 0x8384, 0x8BA4, 0x93C4, 0x9405, 0x9425, 0x8BC4, 0x7323,
    0x7B23, 0x8364, 0x7323, 0x8BC4, 0x93E5, 0x8383, 0x7302, 0x9405, 0x7B62, 0x8BC3, 0x9405, 0x9C25,
    0x9425, 0x8BC4, 0x9425, 0x93E5, 0x93E4, 0x8363, 0x8BC4, 0x83A4, 0x8384, 0x7302, 0x8363, 0x8363,
    0x62A2, 0x7B23, 0x72E2, 0x72E3, 0x7303, 0x6AC3, 0x6AA2, 0x6282, 0x5A62, 0x5A42, 0x6262, 0x5221,
    0x3981, 0x49E1, 0x5201, 0x6262, 0x6282, 0x7303, 0x6AC2, 0x7B22, 0x8BA4, 0x8384, 0x83A4, 0x8363,
    0x7B43, 0x8BA3, 0x8BE5, 0x8BE5, 0x8BE5, 0x8BA3, 0x9C46, 0x8BE5, 0x8BC5, 0x9405, 0x9405, 0x9405,
    0x9C25, 0x9405, 0x8BC4, 0x7B43, 0x83A5, 0x8364, 0x6AE3, 0x8BA3, 0x9C46, 0x8BA4, 0x7B43, 0x9405,
    0x8BC4, 0x8BE4, 0x9C26, 0x9C25, 0x9C25, 0x9C25, 0x93E4, 0x83A4, 0x9425, 0x8BC4, 0x8BC5, 0x7B63,
    0x83A4, 0x8384, 0x83A4, 0x8384, 0x8384, 0x7B43, 0x6AE2, 0x7303, 0x72E3, 0x62A2, 0x6282, 0x62A2,
    0x6283, 0x6282, 0x6AC3, 0x5201, 0x5202, 0x49C1, 0x49E1, 0x6262, 0x6AC3, 0x6AC3, 0x7303, 0x7B43,
    0x8384, 0x8384, 0x93E5, 0x93E5, 0x8BC4, 0x9C26, 0x9C46, 0x9C26, 0x9405, 0x8BC4, 0x9C66, 0x9C26,
    0x9405, 0x9C25, 0x93E4, 0x8BC4, 0x9405, 0x9C46, 0x93E4, 0x8383, 0x8364, 0x83A4, 0x8BC4, 0x8BA3,
    0x9425, 0x9C45, 0x8363, 0x9C25, 0x9404, 0x93E4, 0x9C46, 0x9C45, 0x9C45, 0x8BA3, 0x9C46, 0x9C46,
    0x9405, 0x8BA4, 0x93E5, 0x9405, 0x9405, 0x8363, 0x6AC2, 0x7B44, 0x83A4, 0x7B23, 0x6AC2, 0x6282,
    0x7303, 0x7303, 0x5A62, 0x5A42, 0x62A2, 0x6AC3, 0x6282, 0x49E1, 0x5A42, 0x5202, 0x6282, 0x6262,
    0x7303, 0x7B44, 0x6AE3, 0x7B23, 0x8BC4, 0x93E5, 0x93E4, 0x8BE4, 0x9405, 0x83A3, 0x9426, 0x9C25,
    0x93E5, 0x8BC3, 0x9C66, 0x9405, 0x9C46, 0x9425, 0x9C25, 0x9404, 0x9C45, 0x9C66, 0x9424, 0x8BC3,
    0x7B43, 0x7B43, 0x7B23, 0x93C4, 0x9404, 0x9405, 0x7B42, 0x9425, 0x93E4, 0x9404, 0x9C46, 0xA466,
    0x9404, 0x9C66, 0x93E4, 0x9C25, 0x9425, 0x8BC4, 0x8BA4, 0x9C45, 0x9C46, 0x8BA4, 0x7B43, 0x93E5,
    0x8363, 0x8384, 0x7B22, 0x7323, 0x7B23, 0x7323, 0x62A2, 0x5A62, 0x7303, 0x7303, 0x5A62, 0x49E1,
    0x6AC3, 0x6282, 0x62A2, 0x6AE3, 0x8364, 0x8364, 0x8364, 0x7B22, 0x8BC4, 0x9C26, 0x9405, 0x9425,
    0x8BC4, 0x8BE4, 0x9425, 0x9C46, 0x9405, 0x8BC3, 0x9425, 0x9C46, 0xA487, 0x9C66, 0x93E4, 0x9C46,
    0x9C46, 0x9C66, 0x9425, 0x8BC3, 0x7B43, 0x7B64, 0x8BC4, 0x7B23, 0x9C25, 0x9425, 0x8384, 0x9C46,
    0x9404, 0x9404, 0x9C66, 0x9C46, 0x9C45, 0x93E4, 0x9404, 0x9C46, 0x9405, 0x93E4, 0x93E4, 0x9405,
    0x9C25, 0x93E4, 0x8BC4, 0x93E5, 0x8BC4, 0x8384, 0x7B23, 0x7B63, 0x7B43, 0x7B23, 0x6AC3, 0x6AC3,
    0x7B44, 0x7303, 0x6282, 0x5A42, 0x62A3, 0x6AC3, 0x5A62, 0x62A2, 0x7303, 0x8364, 0x8364, 0x7B43,
    0x8BE5, 0x9405, 0x8BC4, 0x83A4, 0x93E5, 0x8BE4, 0x9405, 0x9C46, 0x8BC4, 0x8BC3, 0x9C26, 0x9C46,
    0x9C67, 0xA487, 0x9404, 0xA486, 0x9C25, 0x9C66, 0x9C25, 0x8BC4, 0x8BE5, 0x83A4, 0x9C46, 0x7323,
    0x8BA4, 0x9405, 0x7B63, 0x9C25, 0x9404, 0x93E4, 0x9C46, 0x93E5, 0x9425, 0x93E4, 0x9C25, 0x9405,
    0x9425, 0x93E4, 0x9405, 0x9C25, 0x9405, 0x8BE4, 0x93E4, 0x9425, 0x8BC4, 0x8384, 0x7B43, 0x8363,
    0x8363, 0x7B43, 0x7B43, 0x62A2, 0x7B44, 0x7B23, 0x6AC3, 0x5A42, 0x5A42, 0x5A42, 0x6262, 0x72E2,
    0x8384, 0x7303, 0x8BA4, 0x8363, 0x8BA4, 0x9405, 0x8BC4, 0x93E5, 0x93E5, 0x8BA3, 0x8BC4, 0x9C46,
    0x9404, 0x83A3, 0x9C46, 0x9425, 0x9C25, 0x9C67, 0x9C46, 0x93E4, 0x9C46, 0xA466, 0x9425, 0x93E4,
    0x9405, 0x9405, 0x9405, 0x8383, 0x8364, 0x8BA4, 0x7B63, 0x93E5, 0x93E4, 0x8BC4, 0x9C26, 0x9425,
    0x9425, 0x9C45, 0x9404, 0x9405, 0x9C25, 0x9405, 0x9405, 0x9C45, 0x9404, 0x9405, 0x93E4, 0x9C25,
    0x93E4, 0x8BA4, 0x7B42, 0x8384, 0x8364, 0x8384, 0x7B23, 0x72E3, 0x7303, 0x6AC3, 0x7304, 0x5221,
    0x5A62, 0x6AC3, 0x5A62, 0x6282, 0x7B43, 0x8363, 0x8384, 0x7B22, 0x8BC4, 0x9405, 0x9405, 0x93E4,
    0x9C25, 0x9405, 0x9C26, 0xA487, 0x93E4, 0x9404, 0x9425, 0x9C25, 0xA487, 0x9C66, 0x9424, 0x9C25,
    0x9C45, 0x9C66, 0x9404, 0x8BA3, 0x9425, 0x83A4, 0x9C25, 0x8363, 0x8BC4, 0x8BC4, 0x8364, 0x8BC4,
    0x8BC4, 0x8BA3, 0x9C45, 0x9C45, 0x9C25, 0x8BC3, 0x9405, 0x9C25, 0x9425, 0x9405, 0x9425, 0x9C46,
    0x9C25, 0x8BA3, 0x9405, 0x9C45, 0x93E4, 0x93E4, 0x7B43, 0x8363, 0x8363, 0x7B43, 0x72E3, 0x6AC2,
    0x7B43, 0x6AC2, 0x6AC2, 0x5221, 0x5A62, 0x6282, 0x6AC2, 0x6AE2, 0x8364, 0x8384, 0x83A4, 0x7B22,
    0x8BC4, 0x9405, 0x9405, 0x9405, 0x9425, 0x8BC4, 0x9405, 0x9C25, 0x9C25, 0x93E4, 0x9C66, 0x9C45,
    0xA466, 0xA486, 0x9C66, 0x93E4, 0x9C66, 0x8BE5, 0x8BE4, 0x83A3, 0x8BA4, 0x93E5, 0x8BC4, 0x8384,
    0x9405, 0x83A4, 0x8384, 0x8BE4, 0x8BE4, 0x9404, 0xA487, 0xA486, 0x9C66, 0x9C25, 0x9404, 0x9C66,
    0x9C25, 0x93E4, 0x9C25, 0x9C45, 0x9C45, 0x8BC4, 0x93E4, 0x9C46, 0x9405, 0x8BE4, 0x8383, 0x7B63,
    0x7B43, 0x8364, 0x7303, 0x7303, 0x8384, 0x7B64, 0x7323, 0x5A42, 0x6AC3, 0x6AA3, 0x6AA2, 0x7302,
    0x8363, 0x7B43, 0x8BE5, 0x7B22, 0x8BC4, 0x8BC4, 0x9404, 0x9405, 0x9405, 0x9C45, 0x9404, 0x9C66,
    0x9404, 0x93E4, 0x9C66, 0xA466, 0xA486, 0x9C66, 0x9404, 0x9C46, 0x9C25, 0x9C25, 0x9404, 0x83A3,
    0x93E5, 0x8BC4, 0x9405, 0x7B23, 0x8BE5, 0x8BA4, 0x7B43, 0x8383, 0x8BC4, 0x9404, 0xA466, 0x9C66,
    0x9C66, 0x9404, 0xA466, 0x9C25, 0x9C46, 0x9404, 0x9425, 0x9C25, 0x9C04, 0x93E4, 0x93E4, 0x9C25,
    0x9C25, 0x8BE4, 0x8383, 0x8384, 0x8BA4, 0x7B63, 0x8364, 0x72E3, 0x8BA5, 0x7B44, 0x72E3, 0x5A41,
    0x62A2, 0x72E3, 0x7303, 0x6AE3, 0x8BC4, 0x8384, 0x8BC4, 0x8362, 0x8384, 0x93E4, 0x9C25, 0x93E4,
    0x9405, 0x9404, 0x9C45, 0x9C45, 0x93E4, 0x8BE4, 0x9C46, 0x9C66, 0x9C45, 0xA487, 0x93E4, 0x9404,
    0x9405, 0xA466, 0x9404, 0x8BC3, 0x93E4, 0x9405, 0x8BE4, 0x7303, 0x8384, 0x9405, 0x8BC4, 0x9405,
    0x8BC4, 0x9404, 0xA466, 0x9C45, 0x9C66, 0x9404, 0x9C25, 0x9C25, 0x9C46, 0x9404, 0x9425, 0xA466,
    0x9C25, 0x9404, 0x9404, 0x9405, 0x9405, 0x9405, 0x8363, 0x8384, 0x8BE5, 0x8BC5, 0x8384, 0x7B43,
    0x8384, 0x6AC3, 0x62A2, 0x5A42, 0x6AC3, 0x7303, 0x7303, 0x7B23, 0x8BC4, 0x8364, 0x8BE4, 0x7B42,
    0x8BA4, 0x9C25, 0x83A3, 0x9405, 0x9405, 0x93E4, 0x9C46, 0xA466, 0x9405, 0x93E4, 0xA486, 0x9C66,
    0xA466, 0xA466, 0x8BC3, 0x9C66, 0x9C66, 0xA466, 0x9425, 0x93E3, 0x9405, 0x9C45, 0x9405, 0x8383,
    0x8BA4, 0x9C25, 0x8BC4, 0x9405, 0x9405, 0x9404, 0xA466, 0xA466, 0x9C66, 0x93E4, 0xA466, 0x9C46,
    0x9C46, 0x9404, 0x9C25, 0x9C46, 0x93E4, 0x9425, 0x9404, 0x8BC4, 0x93E4, 0x8BC4, 0x8363, 0x8BA4,
    0x8384, 0x93E5, 0x8384, 0x8364, 0x7B44, 0x6AE3, 0x6282, 0x5201, 0x8364, 0x8364, 0x7303, 0x6AC2,
    0x8BA4, 0x7322, 0x93E4, 0x8363, 0x8BC4, 0x9405, 0x9405, 0x9405, 0x93E5, 0x8BC4, 0x9404, 0x9C25,
    0x9404, 0x8BC3, 0xA466, 0xA466, 0x9C66, 0x9C46, 0x9C45, 0x9405, 0xA466, 0x9C46, 0x9C25, 0x8BC3,
    0x8BE4, 0x9405, 0x93E4, 0x8B83, 0x9C25, 0xA466, 0x9C45, 0x93E4, 0x9404, 0x9404, 0xA486, 0xA466,
    0xA486, 0x9C45, 0x9C25, 0x9C46, 0xA486, 0x9C25, 0x9C45, 0x9C45, 0x9C46, 0x8383, 0x93E4, 0x9C25,
    0x9405, 0x8383, 0x8363, 0x8BC4, 0x9405, 0x93E5, 0x8384, 0x7303, 0x7B44, 0x7303, 0x6AC3, 0x5A21,
    0x8364, 0x8384, 0x7B43, 0x7303, 0x8BA3, 0x7B43, 0x8BC4, 0x8383, 0x8BC4, 0x9405, 0x9C25, 0x9425,
    0x8BC4, 0x8BC4, 0x9425, 0x8BE4, 0x93E4, 0x93E3, 0xA466, 0x9C45, 0x9C25, 0x9C46, 0x9404, 0x9C25,
    0x9C45, 0x9C46, 0x9424, 0x9404, 0x9404, 0x9C25, 0x93E4, 0x8363, 0x9C25, 0xA465, 0x9C45, 0x9C25,
    0x9404, 0x9C45, 0x9C66, 0x9C65, 0x9C66, 0x9404, 0x9C25, 0x9C25, 0x9C46, 0x9404, 0x9C25, 0xA466,
    0x9C45, 0x9405, 0x8BC4, 0x9405, 0x9C25, 0x8BC4, 0x8363, 0x8BC4, 0x9405, 0x8BA4, 0x7B43, 0x7B43,
    0x7B44, 0x7324, 0x72E3, 0x5221, 0x8364, 0x8BA4, 0x7303, 0x72E2, 0x93E5, 0x8363, 0x7B43, 0x8383,
    0x8BC4, 0x93E4, 0x9C25, 0x9405, 0x9405, 0x9404, 0x9C26, 0x9C25, 0x8BA3, 0x93E4, 0x9C45, 0x9C25,
    0xA466, 0x9C45, 0x9C45, 0x9424, 0x9C45, 0x9C46, 0x9C24, 0x8BE3, 0x9404, 0xA486, 0x9424, 0x93E4,
    0x9424, 0x9C66, 0x9C45, 0x9C25, 0x9C24, 0x9404, 0x9C45, 0x9C66, 0x9C66, 0x9C46, 0x93E4, 0x9C25,
    0x9C46, 0x9404, 0x9C25, 0x9C25, 0x9C45, 0x8BE4, 0x93E4, 0x9C25, 0x9425, 0x8BC4, 0x7B63, 0x8BA3,
    0x8BC4, 0x8BC4, 0x8384, 0x7303, 0x7B43, 0x62A3, 0x6AC3, 0x5201, 0x7B44, 0x8364, 0x7B43, 0x7323,
    0x8BA4, 0x8383, 0x8363, 0x7B22, 0x8BC4, 0x9425, 0x9C25, 0x9425, 0x93E4, 0x9425, 0x9C46, 0xA466,
    0x9C25, 0x8BE3, 0x9425, 0x9C25, 0x9C46, 0x9C45, 0x9404, 0x9C65, 0x9C45, 0x9C46, 0x9C45, 0x93E3,
    0x9404, 0x9C45, 0x93E4, 0x93E4, 0x9404, 0x9C65, 0x9C45, 0x9C45, 0x9404, 0x8BC3, 0x93E4, 0x93E4,
    0x9404, 0x9404, 0x9C25, 0x9C25, 0x9C66, 0x9C45, 0x9C25, 0x9404, 0x9C45, 0x93E4, 0x8BC3, 0x9C25,
    0x9C25, 0x8BC3, 0x8383, 0x8B83, 0x93E5, 0x93E5, 0x8384, 0x7303, 0x72E3, 0x7303, 0x7324, 0x49E1,
    0x8384, 0x7B43, 0x7303, 0x7323, 0x83A3, 0x8BA4, 0x8384, 0x7B42, 0x8BC4, 0x9C25, 0x9C25, 0x9405,
    0x9C26, 0x8BC4, 0x9C45, 0x9C45, 0x9404, 0x93E4, 0x9C45, 0x9C45, 0x9C46, 0x9C46, 0x9C24, 0x9C45,
    0xA465, 0xA466, 0x9424, 0x93E3, 0x93E4, 0x9C45, 0x8BC4, 0x8BA4, 0x93E4, 0xA486, 0x9404, 0x9C25,
    0x9404, 0x8BA3, 0x93E5, 0x8BC4, 0x9405, 0x9C25, 0x9C25, 0x9C46, 0x9C45, 0x9404, 0x9405, 0x93E4,
    0x9C45, 0x8BA3, 0x8BA3, 0x9405, 0x9425, 0x9404, 0x8383, 0x8BA3, 0x93E4, 0x8BC4, 0x8384, 0x72E3,
    0x6AC3, 0x6AC3, 0x7303, 0x6282, 0x7323, 0x8364, 0x8363, 0x6AE2, 0x8383, 0x7B43, 0x7B43, 0x7B42,
    0x8BC4, 0x9405, 0x9405, 0x93E4, 0x8BA3, 0x8BC4, 0x9C45, 0x9C45, 0x93E4, 0x8BC3, 0x9405, 0x9C25,
    0x93E5, 0x9C46, 0x9404, 0x9C45, 0x9C46, 0xA486, 0x9404, 0x93E4, 0x93E4, 0x9C25, 0x8BA4, 0x7B42,
    0x9425, 0xA466, 0x9405, 0x9C45, 0x9404, 0x8383, 0x93E5, 0x93E4, 0x9405, 0x93E4, 0x9C45, 0x9405,
    0x9C66, 0x9404, 0x9C25, 0x9C45, 0x93E4, 0x8BA3, 0x8BC4, 0x9405, 0x9C25, 0x9404, 0x83A3, 0x8BA4,
    0x93E4, 0x8BA4, 0x8384, 0x7303, 0x7B23, 0x7304, 0x7B24, 0x62A2, 0x7B23, 0x8363, 0x7B23, 0x7303,
    0x8383, 0x8BA4, 0x8BC4, 0x8362, 0x8383, 0x93E4, 0x9405, 0x9405, 0xA466, 0x9405, 0xA466, 0x9C25,
    0x8BE4, 0x8BA3, 0x93E5, 0x9C25, 0x8BA4, 0x9C46, 0x93E4, 0x9C25, 0xA466, 0xA466, 0x9424, 0x93E4,
    0xA466, 0x9C46, 0x93E4, 0x8383, 0x9C66, 0x9C45, 0x9C24, 0x9C46, 0x9C25, 0x8BA3, 0x8BC4, 0x9C25,
    0x9C46, 0x93E4, 0x9405, 0x9405, 0x9C46, 0x9C25, 0x9405, 0x9405, 0x93E4, 0x8363, 0x8BC3, 0x9C25,
    0x9C45, 0x9404, 0x8383, 0x83A3, 0x9405, 0x93E5, 0x8363, 0x7B43, 0x7B23, 0x7B43, 0x7B23, 0x6AA2,
    0x7303, 0x7303, 0x7B23, 0x72E2, 0x8BA4, 0x93E4, 0x8BC3, 0x7B42, 0x8BA3, 0x93E4, 0x9C25, 0x9425,
    0x93E4, 0x9404, 0x9C45, 0x93E4, 0x83A4, 0x7B43, 0x9405, 0x93E5, 0x93E5, 0x9C45, 0x9405, 0x9C45,
    0x9C45, 0xA486, 0x9404, 0x93C3, 0x9C45, 0x9C45, 0x9404, 0x8BC4, 0x9C45, 0x9C45, 0x9C25, 0x9C46,
    0x9C24, 0x9404, 0x9425, 0x9C25, 0xA466, 0x9404, 0x9C25, 0x9C46, 0x9C25, 0x9404, 0x9C46, 0x93E4,
    0x8BE4, 0x8BC4, 0x93E4, 0x9C25, 0x9C25, 0x93E4, 0x8383, 0x8383, 0x93C4, 0x8383, 0x7B23, 0x8363,
    0x8384, 0x7B44, 0x7B23, 0x5A41, 0x8364, 0x8384, 0x7B23, 0x7B23, 0x8383, 0x93C4, 0x93E4, 0x8B83,
    0x8363, 0x8BA4, 0x9C25, 0x9C25, 0x9C25, 0x9404, 0x9C25, 0x9C66, 0x8BC4, 0x8BC3, 0x9C46, 0x9405,
    0x8BC5, 0x9C66, 0x9404, 0x9C25, 0x9C25, 0xA466, 0x9405, 0x8BA3, 0x9C66, 0x9C45, 0x9C25, 0x8BC4,
    0x9C45, 0xA466, 0x9C25, 0x9C25, 0x9404, 0x93E3, 0x9C25, 0x9425, 0x9C66, 0x9404, 0x9C25, 0x9C46,
    0x9C45, 0x9C24, 0x9C25, 0x9405, 0x93E4, 0x8BA3, 0x93E4, 0x9405, 0x9C25, 0x93E4, 0x8BA3, 0x8BC4,
    0x8BC4, 0x8BC4, 0x8364, 0x7B43, 0x7B43, 0x72E3, 0x7303, 0x6282, 0x8384, 0x8364, 0x7B43, 0x7B43,
    0x8363, 0x8363, 0x93E4, 0x8383, 0x8363, 0x8384, 0x9405, 0x9C25, 0x93E4, 0x9404, 0x9C25, 0x9C45,
    0x9404, 0x8BC3, 0x9C25, 0x93E5, 0x8BC5, 0x93E5, 0x9C25, 0x93C3, 0x9C25, 0x9C25, 0x9424, 0x8BC3,
    0x9C45, 0x9C45, 0x8BC4, 0x8BA4, 0x9404, 0x9C45, 0x9404, 0x9405, 0x9404, 0x93E4, 0x9C46, 0x9C45,
    0x9C25, 0x9C25, 0x9C25, 0x9C45, 0x9405, 0x9404, 0x9C25, 0x9C46, 0x9C45, 0x9404, 0x93E4, 0x9C45,
    0x9C45, 0x8BC4, 0x8BA3, 0x8BC4, 0x93E4, 0x9405, 0x8384, 0x72E3, 0x6AE3, 0x7303, 0x7B43, 0x6282,
    0x7B23, 0x8364, 0x7B23, 0x7B43, 0x7303, 0x7B63, 0x8BA4, 0x8363, 0x8BC4, 0x9405, 0x9405, 0x9405,
    0x9405, 0x93E4, 0x9C66, 0x93E4, 0x8BE4, 0x8BC3, 0x9C25, 0x8BC5, 0x8384, 0x9405, 0x93C4, 0x9404,
    0x93E4, 0x9C45, 0x9C24, 0x9404, 0x9C45, 0x9C46, 0x8BC4, 0x8BA3, 0x93E4, 0x9C45, 0x9C45, 0x9C25,
    0x9C25, 0x8BC3, 0x9C25, 0x9C46, 0x9C46, 0x93E4, 0x9405, 0x9405, 0x8383, 0x93E4, 0x93E4, 0x9C46,
    0x9C25, 0x93C4, 0x9404, 0x9C25, 0x9C25, 0x93E4, 0x8383, 0x8383, 0x93E5, 0x9405, 0x8BC4, 0x7B23,
    0x7B44, 0x7B23, 0x7303, 0x6282, 0x7303, 0x7B63, 0x72E3, 0x8363, 0x8BA4, 0x8BA4, 0x8BA4, 0x7B42,
    0x93E4, 0x9425, 0x9405, 0x8BC4, 0x93E4, 0x9404, 0x9C46, 0x9425, 0x8BA3, 0x8BA3, 0x9C25, 0x8BC4,
    0x93E5, 0x93E4, 0x8BC4, 0x9405, 0x9C25, 0x9C45, 0x9404, 0x8BC3, 0x9C25, 0x9425, 0x9404, 0x93E4,
    0x9C25, 0x9C65, 0x9C45, 0x9C46, 0x9404, 0x93E4, 0x9C45, 0x9C45, 0x9C46, 0x9C25, 0x93E4, 0x9404,
    0x8383, 0x8BA3, 0x9C45, 0x9C25, 0x93E4, 0x9404, 0x93E4, 0x9C46, 0x9C25, 0x8BC4, 0x8383, 0x8363,
    0x93E4, 0x93E4, 0x8BA4, 0x8384, 0x8BA4, 0x8343, 0x7B43, 0x62A2, 0x7323, 0x7B23, 0x6AC3, 0x7B43,
    0x8BA4, 0x8BC4, 0x8363, 0x8383, 0x8BC4, 0x93E4, 0x93E4, 0x9425, 0x9405, 0x93E4, 0x9C46, 0x9405,
    0x8BE4, 0x8BA3, 0x9405, 0x9405, 0x9C46, 0x9C46, 0x8BA3, 0x9425, 0x9C45, 0x9C46, 0x9424, 0x93E4,
    0x9C45, 0x9425, 0x9405, 0x8383, 0x9C25, 0x9C46, 0x9C25, 0x9C25, 0x93E4, 0x93E3, 0x9C45, 0x9C45,
    0x9C25, 0x9404, 0x9404, 0x9C25, 0x8BC4, 0x8BA3, 0x9405, 0x93E4, 0x9C45, 0x93E4, 0x8BA4, 0x9C05,
    0x9C25, 0x93E4, 0x8383, 0x8BA3, 0x93E5, 0x8BC4, 0x8363, 0x8383, 0x8BC5, 0x8384, 0x7B23, 0x6AC2,
    0x6AC2, 0x6AE3, 0x6AE2, 0x8363, 0x8BA4, 0x9405, 0x8BC4, 0x8363, 0x8BC3, 0x93E5, 0x93E4, 0x9405,
    0x8BA4, 0x8BA3, 0x9C45, 0x9C46, 0x8BC4, 0x8363, 0x8BE4, 0x9C25, 0x9405, 0x9C46, 0x9404, 0x93E4,
    0x9C25, 0x9404, 0x9404, 0x8BC3, 0x9C25, 0x9C45, 0x93E4, 0x8BC4, 0x9C66, 0x9C25, 0x9404, 0x9425,
    0x9404, 0x8BC3, 0x9C25, 0x9C45, 0x9C46, 0x9404, 0x9C25, 0x93E4, 0x9405, 0x8BC4, 0x9404, 0x9C25,
    0x9404, 0x8BC4, 0x8BC4, 0x9425, 0x8BC4, 0x8BA4, 0x7B42, 0x8384, 0x8BC4, 0x8BC4, 0x8364, 0x8383,
    0x8BA5, 0x8364, 0x7B43, 0x62A2, 0x62A3, 0x6AC3, 0x7303, 0x8383, 0x8BC4, 0x8363, 0x8BC4, 0x8342,
    0x8383, 0x93E4, 0x93E4, 0x9404, 0x8BC4, 0x93E4, 0x9405, 0x9C46, 0x8363, 0x7B43, 0x93E4, 0x9C25,
    0x9C25, 0x9405, 0x8BA3, 0x9404, 0x9C25, 0x9C66, 0x93E4, 0x8BC3, 0x9C25, 0x9C25, 0x9404, 0x9404,
    0x9C25, 0x9C45, 0x9425, 0x9404, 0x93E4, 0x8BA3, 0x9C25, 0x9C46, 0x9C25, 0x8BC3, 0x9C46, 0x9405,
    0x9C45, 0x8BC4, 0x93E4, 0x9C25, 0x9425, 0x93E4, 0x8BA3, 0x8BC4, 0x9C25, 0x8383, 0x7B42, 0x7B43,
    0x8BC5, 0x8BC4, 0x8384, 0x8B84, 0x8BC4, 0x8384, 0x8384, 0x6AE2, 0x6AE3, 0x7303, 0x7B43, 0x7302,
    0x8BC4, 0x8384, 0x8BC4, 0x8BA3, 0x8B83, 0x9404, 0x9C05, 0x9405, 0x9C25, 0x8BC3, 0x8BE4, 0x9404,
    0x8383, 0x8383, 0x8BC4, 0x9404, 0x9C45, 0x93E4, 0x9C25, 0x93E4, 0x9404, 0x9C46, 0x8BC3, 0x8BC3,
    0x9404, 0x9C25, 0x93E4, 0x9405, 0x9404, 0x9C45, 0x9C25, 0x9C25, 0x93E4, 0x8BA3, 0x9C46, 0x9C45,
    0x9425, 0x9405, 0x8BC4, 0x9C25, 0x9C45, 0x93E4, 0x9405, 0x9425, 0x9404, 0x8BC3, 0x93E4, 0x9405,
    0x8383, 0x8383, 0x8363, 0x8363, 0x93E4, 0x8BA4, 0x83A4, 0x8363, 0x8BC5, 0x8B84, 0x8BA4, 0x6AE2,
    0x6AC2, 0x7B43, 0x7B43, 0x8363, 0x8BC4, 0x8363, 0x8BC3, 0x8382, 0x8BC4, 0x9C25, 0x9C25, 0x93E3,
    0x93E4, 0x93E4, 0x9C25, 0x93E5, 0x93E4, 0x8363, 0x93E5, 0x93E4, 0xA466, 0x9C25, 0x93C3, 0x93E4,
    0x9404, 0x9404, 0x9404, 0x8BA3, 0xA446, 0x9C45, 0x9404, 0x8BC3, 0x9404, 0x9C04, 0x9405, 0x93E4,
    0x93E4, 0x93E4, 0x9C25, 0x9C25, 0x9C25, 0x8BC4, 0x93E4, 0x9425, 0x9C45, 0x8BC4, 0x8383, 0x8BC4,
    0x9404, 0x8BC4, 0x93E4, 0x93E4, 0x8384, 0x8BA3, 0x8362, 0x8384, 0x8BA4, 0x8BC4, 0x7B43, 0x8384,
    0x8BA4, 0x8384, 0x8384, 0x72E2, 0x7323, 0x7B43, 0x7B23, 0x7B43, 0x8BA4, 0x8BA4, 0x93E4, 0x8BA3,
    0x8BA4, 0x9404, 0x9405, 0x93E4, 0x93E4, 0x8BC3, 0x9C25, 0x93E4, 0x8BE4, 0x7B43, 0x9404, 0x9405,
    0x9C45, 0x9C45, 0x93E4, 0x93E4, 0x9C25, 0x9C45, 0x9404, 0x93C3, 0x9C45, 0x9404, 0x9404, 0x93E4,
    0x93E4, 0x9C66, 0x9404, 0x93E4, 0x93E4, 0x9404, 0x9C45, 0x9C25, 0x9C45, 0x9404, 0x93E4, 0x9C25,
    0x9C25, 0x93E4, 0x8384, 0x93E4, 0x9C25, 0x8BC4, 0x93C4, 0x8BC4, 0x8BC4, 0x8BA4, 0x7B42, 0x8BA4,
    0x8BC4, 0x93E4, 0x8383, 0x8343, 0x8BA4, 0x8BA4, 0x8BA4, 0x72E2, 0x72E3, 0x7303, 0x7B43, 0x8383,
    0x8BC4, 0x8BC4, 0x93E4, 0x8362, 0x8BA3, 0x8BC4, 0x8BC4, 0x93E4, 0x8BC4, 0x93E4, 0x9C45, 0x93E5,
    0x8BA4, 0x8BA3, 0x9404, 0x9405, 0x93E4, 0x8BC4, 0x93E4, 0x9C24, 0x9C25, 0x9C45, 0x93E4, 0x8BC3,
    0x9C25, 0x9C25, 0x9404, 0x9404, 0x93E4, 0x9404, 0x8BC4, 0x9404, 0x8BC3, 0x93E4, 0x9C25, 0x9404,
    0x9C25, 0x93E4, 0x9405, 0x9404, 0x9404, 0x93E4, 0x93E4, 0x9C25, 0x9404, 0x8BC3, 0x93E4, 0x93E4,
    0x8BC4, 0x8383, 0x7B63, 0x8BA4, 0x93E5, 0x8BC4, 0x8363, 0x8363, 0x8384, 0x8BA4, 0x8384, 0x6AE2,
    0x7303, 0x7B23, 0x7323, 0x7B22, 0x8BA4, 0x93E4, 0x8BC4, 0x8362, 0x8BA3, 0x9405, 0x8383, 0x93E4,
    0x9405, 0x8BA3, 0x83A4, 0x9425, 0x8BC4, 0x8BA3, 0x9C25, 0x9405, 0x9C25, 0x9C25, 0x9404, 0x93E4,
    0x9C25, 0x9C45, 0x9404, 0x8BA3, 0x9404, 0x9404, 0x93E4, 0x93E4, 0x93E4, 0x9404, 0x8BC3, 0x9404,
    0x93E4, 0x93E3, 0x9C25, 0x9C25, 0x9C66, 0x9404, 0x93E3, 0x9C45, 0x9404, 0x93E4, 0x93E4, 0x9C25,
    0x9C45, 0x8BC4, 0x93E4, 0x9405, 0x8BC4, 0x8BE4, 0x8363, 0x8383, 0x83A4, 0x8BA4, 0x8384, 0x7B43,
    0x7B44, 0x7B43, 0x7B43, 0x72E2, 0x6AA2, 0x7B43, 0x7B23, 0x7B43, 0x8383, 0x8BC4, 0x93E4, 0x7B42,
    0x8BC4, 0x8BA4, 0x8BA4, 0x8BA3, 0x93E4, 0x8BC4, 0x8383, 0x9404, 0x93E4, 0x8B83, 0x9C25, 0x9C25,
    0x9C25, 0x9C25, 0x93E4, 0x8BC4, 0x8BA4, 0x9C25, 0x9C25, 0x8BC3, 0x9425, 0x9C25, 0x9404, 0x9405,
    0x93E4, 0x93E4, 0x8BC4, 0x93E4, 0x9404, 0x93E4, 0x9C25, 0x9404, 0x9C45, 0x9404, 0x9C25, 0x9C25,
    0x9405, 0x93E4, 0x9C25, 0x9C25, 0x9C24, 0x9404, 0x83A3, 0x9405, 0x9405, 0x93E4, 0x8363, 0x8383,
    0x8BC5, 0x8BA4, 0x7B43, 0x8364, 0x8B84, 0x7B23, 0x7323, 0x6AC2, 0x7303, 0x7B44, 0x7B23, 0x7B43,
    0x8363, 0x8363, 0x8BA4, 0x8363, 0x8363, 0x8BC4, 0x8363, 0x83A4, 0x8BA4, 0x8383, 0x93E4, 0x9C25,
    0x8BC4, 0x8BA3, 0x9C25, 0x9404, 0x9C45, 0x9C45, 0x93E4, 0x8BC4, 0x9C25, 0x9C66, 0x9404, 0x8BA3,
    0x9C25, 0x9C25, 0x9404, 0x9404, 0x8BC4, 0x9C25, 0x9404, 0x9405, 0x9404, 0x8BC3, 0x9C25, 0x9C25,
    0x9C25, 0x9404, 0x93E4, 0x9C45, 0x9404, 0x9404, 0x9C25, 0x93E4, 0x93E5, 0x8BC3, 0x93E4, 0x9405,
    0x8BA4, 0x93E4, 0x8363, 0x8384, 0x8BA4, 0x8BA4, 0x8384, 0x7B23, 0x8B84, 0x7303, 0x7303, 0x5A62,
    0x7B23, 0x7B44, 0x7B43, 0x7B43, 0x8BA4, 0x8383, 0x8BC3, 0x7B42, 0x8383, 0x8BE4, 0x8383, 0x8383,
    0x8BA4, 0x93E4, 0x9C25, 0x9C25, 0x8BC4, 0x8BA3, 0x93E4, 0x9C25, 0x9404, 0x9404, 0x93E3, 0x9405,
    0x9405, 0x9C66, 0x93E4, 0x8BA3, 0x8BC4, 0x9425, 0x93C4, 0x9424, 0x93E4, 0x9C25, 0x9C25, 0x9405,
    0x9404, 0x8BC3, 0x9C25, 0x9C45, 0x9425, 0x93E4, 0x9404, 0x93E4, 0x9C45, 0x93E4, 0x8BC3, 0x9C25,
    0x8BC4, 0x8363, 0x8383, 0x9C25, 0x93E5, 0x8BA3, 0x8363, 0x8363, 0x8384, 0x7B43, 0x7B23, 0x7B23,
    0x8384, 0x8364, 0x7303, 0x5221, 0x7303, 0x7B43, 0x7B43, 0x7B22, 0x8BC4, 0x8BC4, 0x93E4, 0x7B42,
    0x8BA3, 0x8BA4, 0x8B83, 0x8383, 0x93E4, 0x93C4, 0x93E4, 0x8BC4, 0x93E4, 0x8383, 0x9C45, 0x9C25,
    0x9C45, 0x9C45, 0x9404, 0x8BA3, 0x9405, 0x9C65, 0x93E4, 0x8BA3, 0x9C25, 0x9404, 0x8BC3, 0x9C25,
    0x9C25, 0x9C25, 0x9C45, 0x9425, 0x93E4, 0x8BC3, 0x9C45, 0x9C45, 0x9C25, 0x9C24, 0x93E4, 0x9C25,
    0x9C25, 0x9404, 0x9404, 0x9404, 0x9404, 0x8383, 0x8383, 0x9C25, 0x9405, 0x8BC4, 0x8363, 0x8383,
    0x8BA4, 0x8364, 0x7B43, 0x7303, 0x7B64, 0x7303, 0x7324, 0x6282, 0x7B23, 0x7323, 0x8363, 0x8384,
    0x8BC4, 0x8BA4, 0x8383, 0x8363, 0x8BA3, 0x8BA4, 0x7B43, 0x8BA4, 0x8363, 0x8383, 0x9C25, 0x9C25,
    0x8BC3, 0x8383, 0x9C45, 0x9404, 0x9C25, 0x9404, 0x8BC3, 0x93E4, 0x93E4, 0x9C45, 0x9404, 0x8BC3,
    0x93E4, 0x9C46, 0x93E4, 0x8BC3, 0x9C24, 0x9C24, 0x9C25, 0x9C25, 0x8BC4, 0x8383, 0x9C24, 0x9C04,
    0x9424, 0x93E4, 0x9405, 0x9404, 0x9405, 0x93E4, 0x9405, 0x93E4, 0x93E4, 0x8BC4, 0x8BA3, 0x93E5,
    0x8BA3, 0x8B83, 0x8363, 0x8363, 0x8BC4, 0x7B44, 0x6AA3, 0x62A2, 0x7B24, 0x7B23, 0x8364, 0x6282,
    0x72E3, 0x7B23, 0x7303, 0x7B22, 0x8BA4, 0x8BA4, 0x8363, 0x7B42, 0x8383, 0x8BA3, 0x8BC4, 0x8383,
    0x8BC4, 0x7B43, 0x93E4, 0x9405, 0x8BC4, 0x8B83, 0x9C25, 0x9405, 0x8BA4, 0x8BA4, 0x8BA3, 0x8BC4,
    0x9404, 0x9404, 0x8BC3, 0x8BA3, 0x9C25, 0x9C45, 0x9404, 0x93E4, 0x9C25, 0x9C25, 0x9404, 0x9404,
    0x8BA3, 0x8383, 0x9C25, 0x9405, 0x9C45, 0x8BC3, 0x9405, 0x9405, 0x9425, 0x8BC4, 0x8BC4, 0x9405,
    0x93E4, 0x8BC4, 0x8BA3, 0x8BC4, 0x93E5, 0x8383, 0x7B42, 0x7B43, 0x7B43, 0x8364, 0x62A3, 0x6AC3,
    0x7303, 0x7B44, 0x7B44, 0x6AC2, 0x72E2, 0x7B43, 0x7B23, 0x7323, 0x8BA4, 0x83A4, 0x8363, 0x8363,
    0x8383, 0x8BA3, 0x8BC4, 0x8BA3, 0x8383, 0x8383, 0x9C25, 0x9404, 0x8BA3, 0x8363, 0x9C25, 0x8384,
    0x8BA4, 0x7B23, 0x8383, 0x93E4, 0x8BC4, 0x9404, 0x8BC3, 0x8BC3, 0x9C45, 0x9C25, 0x9425, 0x8383,
    0x9404, 0x9405, 0x9404, 0x9405, 0x8BC4, 0x8383, 0x9425, 0x9404, 0x9C45, 0x8BA3, 0x8BC4, 0x9405,
    0x93E5, 0x8BA3, 0x93E4, 0x9405, 0x9404, 0x8383, 0x8BA4, 0x93E5, 0x8BC4, 0x8BA3, 0x7B42, 0x7B43,
    0x8384, 0x8384, 0x62A2, 0x6AE3, 0x7B23, 0x7B64, 0x8364, 0x6AA2, 0x7B43, 0x7303, 0x6AC3, 0x72E2,
    0x8383, 0x8383, 0x8383, 0x7B42, 0x8BA4, 0x8BC4, 0x8BA3, 0x8BA4, 0x8BC4, 0x8BC4, 0x93C4, 0x9405,
    0x8383, 0x8BA3, 0x9C25, 0x8BC4, 0x8BA4, 0x8BA4, 0x8BA3, 0x8BC4, 0x9404, 0x9404, 0x8BC3, 0x8BC3,
    0x93E4, 0x9C25, 0x9C25, 0x93C3, 0x93E4, 0x9405, 0x8BE4, 0x93E4, 0x8BA3, 0x8B83, 0x9404, 0x9404,
    0x9C25, 0x93C3, 0x93E4, 0x93E4, 0x93E4, 0x8BC4, 0x9404, 0x93E4, 0x9404, 0x8BA3, 0x8BC4, 0x8BA4,
    0x8BA4, 0x8363, 0x7B43, 0x7B43, 0x8364, 0x8364, 0x7303, 0x72E3, 0x7303, 0x7303, 0x7B43, 0x62A2,
    0x72E3, 0x7303, 0x72E3, 0x72E2, 0x8BA4, 0x8B84, 0x8363, 0x7302, 0x8363, 0x8BC4, 0x8363, 0x8363,
    0x8383, 0x7B43, 0x8BE4, 0x93E4, 0x8BC4, 0x8383, 0x8BA4, 0x93E4, 0x8BA4, 0x8BA4, 0x8BC4, 0x93E4,
    0x9425, 0x9C25, 0x93E4, 0x8BA3, 0x9404, 0x9C25, 0x8BC4, 0x93E4, 0x8BC4, 0x8383, 0x93E4, 0x8BC3,
    0x8BA3, 0x8BC3, 0x93E4, 0x8BA3, 0x9C45, 0x93E4, 0x8BC4, 0x9C26, 0x93E4, 0x8BA3, 0x9405, 0x93E4,
    0x9404, 0x8BC4, 0x8BA4, 0x8BC4, 0x8BC4, 0x8383, 0x7B23, 0x7303, 0x8384, 0x8384, 0x7B23, 0x7303,
    0x8364, 0x7B44, 0x7B23, 0x6282, 0x7323, 0x7303, 0x6AE3, 0x72E3, 0x7B43, 0x8363, 0x7B43, 0x72E2,
    0x8363, 0x8BC4, 0x7B43, 0x7323, 0x8383, 0x8363, 0x8BA4, 0x9C25, 0x8383, 0x8383, 0x93E4, 0x8BC4,
    0x8BC4, 0x8BE5, 0x8383, 0x8BC3, 0x9C25, 0x9404, 0x93E4, 0x8BA3, 0x9404, 0x9C25, 0x93E4, 0x8BC4,
    0x93E4, 0x8BE4, 0x8383, 0x93E4, 0x8BC4, 0x8BA3, 0x9404, 0x9404, 0x9405, 0x8BA3, 0x8BC4, 0x93E4,
    0x9405, 0x8BC4, 0x8BA4, 0x8BA4, 0x8383, 0x8363, 0x8BA3, 0x8383, 0x8384, 0x8BA4, 0x72E2, 0x6AC3,
    0x7B43, 0x8364, 0x72E3, 0x6AC2, 0x7303, 0x7B44, 0x7323, 0x6282, 0x62A2, 0x6AA2, 0x7303, 0x6AC2,
    0x7B43, 0x8363, 0x8363, 0x72E2, 0x7302, 0x8BC4, 0x8384, 0x8384, 0x8363, 0x7B23, 0x93C4, 0x93E4,
    0x8BA3, 0x7B43, 0x93E5, 0x9405, 0x9C05, 0x8BC4, 0x8BC4, 0x8BC3, 0x9404, 0x9404, 0x8BC3, 0x8383,
    0x9C25, 0x93E4, 0x8BA3, 0x93E4, 0x8BC4, 0x9405, 0x8BC4, 0x93E4, 0x93E4, 0x8BA3, 0x93E4, 0x9405,
    0x93E5, 0x8BA4, 0x8383, 0x93C4, 0x93E4, 0x8BA4, 0x8BA4, 0x8BA4, 0x8BA3, 0x8BA4, 0x8B84, 0x93E4,
    0x8364, 0x7B43, 0x72E2, 0x6AC2, 0x7B23, 0x7B23, 0x72E3, 0x7303, 0x5A62, 0x7303, 0x7303, 0x6282,
    0x5A62, 0x6AE3, 0x6AA2, 0x6AC2, 0x8364, 0x7B23, 0x7B43, 0x7302, 0x7B23, 0x8363, 0x8363, 0x8363,
    0x7B43, 0x8383, 0x8384, 0x8BA4, 0x8383, 0x7322, 0x93C4, 0x93E4, 0x9405, 0x9404, 0x8BA3, 0x93C4,
    0x9C25, 0x83A4, 0x93E4, 0x8383, 0x9404, 0x93E4, 0x8BC3, 0x93E4, 0x93E4, 0x93E4, 0x8BA3, 0x9404,
    0x8BC4, 0x8382, 0x93C4, 0x8383, 0x8BA4, 0x8362, 0x93E4, 0x8BA4, 0x8B84, 0x8383, 0x8363, 0x8384,
    0x8BC4, 0x8363, 0x8363, 0x8BC5, 0x7B43, 0x7B22, 0x7302, 0x7303, 0x7B23, 0x7B43, 0x7B23, 0x6AC2,
    0x72E3, 0x7303, 0x7B24, 0x5221, 0x5242, 0x6AE3, 0x6AC2, 0x6AC2, 0x8364, 0x7B43, 0x7B23, 0x7302,
    0x7B43, 0x8384, 0x8363, 0x7B43, 0x8383, 0x8363, 0x8BA4, 0x8BA4, 0x7B43, 0x7B43, 0x93C4, 0x8BC4,
    0x93E4, 0x8BC4, 0x8383, 0x8BC4, 0x8B83, 0x7B23, 0x8BC4, 0x8BA3, 0x9404, 0x9405, 0x8BC4, 0x93E4,
    0x8BC4, 0x93E4, 0x8BC4, 0x93E4, 0x8BA4, 0x8BC3, 0x8BA4, 0x83A4, 0x7B43, 0x8BA3, 0x8343, 0x8384,
    0x8363, 0x7B43, 0x7B43, 0x8BA4, 0x8383, 0x8BA4, 0x7B23, 0x8384, 0x8BC5, 0x8363, 0x7B23, 0x7303,
    0x7B23, 0x7B23, 0x6AE3, 0x72E3, 0x7B23, 0x7303, 0x7303, 0x5221, 0x5A62, 0x7303, 0x72E3, 0x6AA2,
    0x7323, 0x7303, 0x72E2, 0x6AA2, 0x7B23, 0x7B43, 0x8383, 0x8363, 0x8B84, 0x8383, 0x8BC4, 0x8BA4,
    0x7B23, 0x62A2, 0x8383, 0x8BA4, 0x93E4, 0x9405, 0x8BA3, 0x8BA4, 0x93E4, 0x93E4, 0x8BC4, 0x8383,
    0x93E4, 0x93E4, 0x93C4, 0x8BA3, 0x8383, 0x93E4, 0x8BC4, 0x93E5, 0x8BC4, 0x8383, 0x8BC4, 0x8BC4,
    0x8383, 0x8383, 0x7B43, 0x8BA4, 0x7B43, 0x7303, 0x7B23, 0x8384, 0x8B84, 0x7B43, 0x7B23, 0x8364,
    0x8384, 0x72E2, 0x7302, 0x6AE3, 0x7303, 0x7303, 0x62A2, 0x6AC2, 0x7303, 0x72E3, 0x72E3, 0x5221,
    0x5A62, 0x62A2, 0x5A62, 0x6282, 0x6282, 0x7303, 0x6AC3, 0x6282, 0x7B23, 0x7B43, 0x8363, 0x8383,
    0x7B43, 0x8383, 0x8383, 0x8BA4, 0x7B43, 0x6AC2, 0x7B43, 0x8BC4, 0x93E4, 0x93E4, 0x93E4, 0x8BC4,
    0x8BC4, 0x93C4, 0x8BC4, 0x8383, 0x8BA3, 0x93E4, 0x8383, 0x8BA3, 0x8BA3, 0x8BC4, 0x8BC4, 0x8BC4,
    0x8BC4, 0x8383, 0x8BC4, 0x93C4, 0x8BC4, 0x8BA4, 0x7B43, 0x7B43, 0x8383, 0x8363, 0x8363, 0x72E3,
    0x7B23, 0x8363, 0x8363, 0x8BA4, 0x8384, 0x7B43, 0x6262, 0x6282, 0x7303, 0x7B43, 0x6AC2, 0x7B23,
    0x7303, 0x5A62, 0x72E3, 0x5A62, 0x62A2, 0x6AC3, 0x6282, 0x49E1, 0x6282, 0x6282, 0x6282, 0x6282,
    0x6AE2, 0x72E2, 0x7B43, 0x8343, 0x8BA4, 0x8383, 0x8383, 0x8BA4, 0x7B43, 0x6AE2, 0x7B23, 0x93E5,
    0x8383, 0x93E5, 0x8383, 0x8BA3, 0x93E4, 0x8BC4, 0x8BA3, 0x8362, 0x93E4, 0x93E4, 0x8BC4, 0x8363,
    0x93E4, 0x8BC4, 0x8BC4, 0x8383, 0x8383, 0x7B42, 0x8BA4, 0x8363, 0x93E4, 0x8363, 0x8383, 0x7B43,
    0x8BA4, 0x8383, 0x8384, 0x7303, 0x7B23, 0x7B43, 0x7B43, 0x8383, 0x8364, 0x7303, 0x6282, 0x6262,
    0x6AE3, 0x7B64, 0x72E3, 0x6AE2, 0x6AE3, 0x5A62, 0x6AA3, 0x5A21, 0x5A42, 0x5A42, 0x5222, 0x5A82,
    0x62A3, 0x5242, 0x6AC2, 0x6AA2, 0x7303, 0x8343, 0x8363, 0x8384, 0x7B23, 0x8383, 0x8363, 0x8BA4,
    0x7B43, 0x7302, 0x7B43, 0x8363, 0x8BA4, 0x7B63, 0x8BC4, 0x8342, 0x93E4, 0x8BA4, 0x8363, 0x8362,
    0x8BC4, 0x8BC4, 0x8BA4, 0x8363, 0x8383, 0x93E4, 0x8BC4, 0x8BA4, 0x8383, 0x8363, 0x83A4, 0x8363,
    0x8BC4, 0x8383, 0x8363, 0x8363, 0x8383, 0x8363, 0x8383, 0x7B23, 0x7B43, 0x7B43, 0x7B43, 0x8363,
    0x7B44, 0x6AA2, 0x5A62, 0x6AC2, 0x7B23, 0x7303, 0x6AC3, 0x62A2, 0x6AC2, 0x6262, 0x62A2, 0x5221,
    0x4A02, 0x49C1, 0x5202, 0x5A42, 0x6AC3, 0x62A3, 0x62A2, 0x6282, 0x7303, 0x8343, 0x7B43, 0x7323,
    0x8363, 0x7B23, 0x8363, 0x8383, 0x7302, 0x72E2, 0x8384, 0x7B43, 0x8BA4, 0x8384, 0x8383, 0x8363,
    0x8383, 0x8B84, 0x7B43, 0x7B42, 0x8BA3, 0x8BA3, 0x8383, 0x7B43, 0x8384, 0x8BA3, 0x8BA3, 0x8BA3,
    0x8363, 0x8363, 0x8383, 0x8384, 0x93C5, 0x8363, 0x8383, 0x8BA4, 0x8384, 0x7302, 0x8363, 0x7B43,
    0x7B43, 0x7B23, 0x7B43, 0x7303, 0x62A2, 0x5A42, 0x49E1, 0x5A62, 0x6AE3, 0x7303, 0x6AC3, 0x5A62,
    0x6AC3, 0x6282, 0x6282, 0x49C1, 0x49C1, 0x49E1, 0x4A01, 0x4A01, 0x6AA3, 0x6AA2, 0x7303, 0x6282,
    0x7302, 0x8343, 0x7B43, 0x7302, 0x72E3, 0x7B02, 0x6AE3, 0x7B23, 0x7302, 0x72E2, 0x7B43, 0x7B23,
    0x8383, 0x8384, 0x8363, 0x7303, 0x7B22, 0x8BA4, 0x7B23, 0x7B22, 0x8B84, 0x8BC4, 0x8363, 0x72E2,
    0x8363, 0x8383, 0x8383, 0x8383, 0x7B43, 0x7302, 0x8363, 0x8384, 0x8384, 0x7B23, 0x8363, 0x8BA4,
    0x8363, 0x7323, 0x7B43, 0x8384, 0x7B23, 0x62A2, 0x6AC2, 0x5A62, 0x6282, 0x6282, 0x49E1, 0x5201,
    0x6AC3, 0x72E3, 0x5A62, 0x5A62, 0x6283, 0x5A42, 0x5A42, 0x49E1, 0x4A01, 0x49E1, 0x5A62, 0x41C1,
    0x5A42, 0x6AA2, 0x6AC2, 0x6281, 0x6AC2, 0x6AC2, 0x5A42, 0x72E2, 0x7B23, 0x72E2, 0x6AE3, 0x7B23,
    0x7303, 0x72E2, 0x8363, 0x8363, 0x7B23, 0x8384, 0x7302, 0x7303, 0x7B23, 0x8363, 0x7B22, 0x7B22,
    0x8BA4, 0x7B22, 0x7303, 0x7303, 0x7303, 0x8363, 0x8363, 0x8363, 0x7302, 0x7302, 0x8383, 0x8384,
    0x8364, 0x72E2, 0x7B23, 0x7B43, 0x7B23, 0x6AE2, 0x7302, 0x7B43, 0x7B43, 0x7302, 0x62A2, 0x6282,
    0x5A62, 0x5A42, 0x49E1, 0x5A62, 0x5A42, 0x62A2, 0x5A42, 0x5221, 0x6282, 0x5A62, 0x5A42, 0x49C1,
    0x5222, 0x5222, 0x4A01, 0x3981, 0x5222, 0x6AE3, 0x72E3, 0x6282, 0x6262, 0x6AC3, 0x5A42, 0x62A2,
    0x6AA2, 0x6262, 0x7B23, 0x7B43, 0x72E2, 0x72E2, 0x7B43, 0x7B23, 0x7B43, 0x7B43, 0x7B23, 0x6AC2,
    0x7303, 0x7B23, 0x6AE2, 0x6AA2, 0x7B23, 0x7B43, 0x6AA2, 0x7302, 0x7B43, 0x8364, 0x7323, 0x7B23,
    0x7302, 0x72E2, 0x7B43, 0x8343, 0x7B23, 0x72E3, 0x6AC2, 0x7B43, 0x7303, 0x7B23, 0x7B43, 0x8363,
    0x7B43, 0x6AC2, 0x62A2, 0x5A62, 0x6282, 0x5A42, 0x5221, 0x5A42, 0x62A2, 0x6282, 0x5A42, 0x5201,
    0x5A62, 0x5A42, 0x5202, 0x41A1, 0x5201, 0x5A62, 0x5201, 0x49E1, 0x41C1, 0x6282, 0x62A2, 0x6262,
    0x5201, 0x5222, 0x5A62, 0x62A2, 0x6AC2, 0x5A62, 0x7303, 0x7303, 0x72E2, 0x6AE2, 0x7B43, 0x7303,
    0x7303, 0x6AC2, 0x6AC2, 0x6AC3, 0x6AC2, 0x7303, 0x72E2, 0x6AC2, 0x7303, 0x7B43, 0x72E3, 0x72E2,
    0x7B23, 0x7B43, 0x7B23, 0x7B23, 0x7B23, 0x7302, 0x7303, 0x7303, 0x7303, 0x62A2, 0x6AC2, 0x7B23,
    0x6AC2, 0x72E3, 0x7B23, 0x7B23, 0x7302, 0x6AC2, 0x6AC2, 0x4A02, 0x5A62, 0x5A62, 0x5201, 0x5222,
    0x5A62, 0x5A62, 0x5A42, 0x5242, 0x6262, 0x5A42, 0x5202, 0x41C1, 0x49E1, 0x5A42, 0x5222, 0x5222,
    0x5A42, 0x62A3, 0x5242, 0x5A62, 0x49E1, 0x41C1, 0x5A62, 0x6282, 0x6282, 0x5A41, 0x72E3, 0x6AC2,
    0x6AE2, 0x6AC2, 0x72E2, 0x62A2, 0x8343, 0x6AC2, 0x6AE2, 0x62A2, 0x6AC2, 0x7B23, 0x72E2, 0x6AC2,
    0x7303, 0x7B23, 0x7303, 0x6AC2, 0x7B43, 0x8363, 0x7303, 0x7303, 0x7302, 0x72E2, 0x7303, 0x6AC2,
    0x6AA2, 0x6AE3, 0x6AA2, 0x72E3, 0x6AC3, 0x5A41, 0x6AC2, 0x7303, 0x7B23, 0x6AC2, 0x6AE3, 0x62A3,
    0x5A62, 0x6282, 0x4A01, 0x5222, 0x5A42, 0x5A42, 0x5222, 0x5222, 0x5A42, 0x5222, 0x5222, 0x3120,
    0x5222, 0x5222, 0x5222, 0x49E1, 0x5221, 0x6AC3, 0x6AC3, 0x5A41, 0x5202, 0x49E1, 0x5A42, 0x5242,
    0x5A62, 0x5A62, 0x7303, 0x7303, 0x6AC2, 0x6262, 0x72E3, 0x6AA3, 0x6AC3, 0x7303, 0x62A2, 0x62A2,
    0x72E2, 0x6AC2, 0x7302, 0x6AC2, 0x7303, 0x7B23, 0x6AC2, 0x72E2, 0x72E2, 0x7303, 0x7302, 0x7302,
    0x7302, 0x72E2, 0x6AC2, 0x6282, 0x62A2, 0x6AC2, 0x6282, 0x6AC2, 0x7303, 0x6AC3, 0x72E3, 0x7303,
    0x7303, 0x6AC3, 0x5A62, 0x5222, 0x5202, 0x5A42, 0x49E1, 0x5201, 0x5A62, 0x62A2, 0x5222, 0x5222,
    0x5222, 0x5222, 0x5202, 0x3960, 0x5202, 0x5A42, 0x49E1, 0x5201, 0x5A62, 0x62A2, 0x6282, 0x5A42,
    0x5A42, 0x5222, 0x5222, 0x5A42, 0x5A62, 0x62A2, 0x6AC2, 0x6AC2, 0x62A2, 0x5A21, 0x5222, 0x6282,
    0x62A2, 0x49E1, 0x5A62, 0x5A62, 0x6AC2, 0x6AC2, 0x6AA2, 0x6261, 0x7303, 0x7303, 0x6AC2, 0x6282,
    0x6AC2, 0x6AC2, 0x6AE2, 0x6AC2, 0x6AC2, 0x62A2, 0x6262, 0x62A2, 0x6AC3, 0x6AC3, 0x6AA2, 0x6AA2,
    0x6AC2, 0x6AC2, 0x7323, 0x72E3, 0x6AC3, 0x5A22, 0x5A22, 0x5222, 0x5202, 0x5242, 0x49E1, 0x49C1,
    0x5A62, 0x5A42, 0x5222, 0x4A01, 0x5202, 0x49E1, 0x49E1, 0x4181, 0x4A01, 0x5222, 0x49C1, 0x5222,
    0x5221, 0x5A62, 0x5A41, 0x5201, 0x5242, 0x5A42, 0x5A42, 0x5A62, 0x5201, 0x5A61, 0x5201, 0x6AE3,
    0x6282, 0x4A01, 0x5222, 0x5A42, 0x5A42, 0x49E1, 0x5A41, 0x6262, 0x62A2, 0x6AC2, 0x6AA2, 0x6281,
    0x6282, 0x62A2, 0x6262, 0x5A41, 0x5A42, 0x6AC3, 0x6AC2, 0x72E2, 0x6AA2, 0x6261, 0x6AC3, 0x6AC3,
    0x5A62, 0x5A42, 0x5A62, 0x6282, 0x6282, 0x62A2, 0x6282, 0x5A42, 0x4A02, 0x41C1, 0x5202, 0x41C1,
    0x5202, 0x49E1, 0x3981, 0x49E1, 0x5222, 0x5A42, 0x41A1, 0x5201, 0x5222, 0x49C1, 0x41C1, 0x3960,
    0x3981, 0x5242, 0x49E1, 0x3981, 0x49C1, 0x5222, 0x5A22, 0x5201, 0x5201, 0x5222, 0x49E1, 0x5A62,
    0x5201, 0x5A41, 0x5A62, 0x5222, 0x5A42, 0x49E1, 0x49E1, 0x41A1, 0x49E2, 0x5A62, 0x5221, 0x5A21,
    0x6AA2, 0x6AE2, 0x62A1, 0x5A61, 0x6262, 0x5A62, 0x5A62, 0x4A01, 0x5A41, 0x6AC2, 0x6AC2, 0x6AA2,
    0x6282, 0x5221, 0x5A42, 0x6282, 0x6262, 0x5A42, 0x5201, 0x5A62, 0x6282, 0x6282, 0x5A62, 0x49E1,
    0x49E2, 0x49E1, 0x49C1, 0x49C1, 0x41C1, 0x49E1, 0x41A1, 0x41C1, 0x4A01, 0x5222, 0x41A1, 0x3981,
    0x4A02, 0x41C1, 0x3981, 0x3140,
};
#define TEXTURE_DIRTY_WALL_MIP2_SIZE 32
static const uint16_t TEXTURE_DIRTY_WALL_MIP2_PIXELS[1024] __attribute__((aligned(16))) = {
    0x49E1, 0x41C1, 0x41C1, 0x49E1, 0x62A3, 0x6282, 0x7303, 0x7303, 0x62A2, 0x6AA3, 0x6AA3, 0x6AC3,
    0x7303, 0x72E3, 0x6AE3, 0x62A2, 0x6AE3, 0x62A2, 0x6261, 0x7303, 0x72E3, 0x72E3, 0x62A2, 0x62A2,
    0x6282, 0x6AC2, 0x6AC3, 0x5A62, 0x6AC3, 0x5A42, 0x5A62, 0x49E1, 0x5222, 0x41A1, 0x5202, 0x5201,
    0x72E3, 0x7303, 0x8384, 0x8364, 0x6AE3, 0x7B64, 0x8384, 0x7B43, 0x7B44, 0x7323, 0x62A2, 0x72E2,
    0x7B43, 0x6AC2, 0x6AC2, 0x7B43, 0x8384, 0x83A4, 0x8384, 0x8364, 0x7303, 0x7303, 0x7303, 0x6AA2,
    0x6AE3, 0x6262, 0x5A42, 0x5201, 0x5202, 0x5222, 0x6282, 0x6282, 0x7B43, 0x8BA4, 0x8384, 0x83A4,
    0x7B43, 0x93E5, 0x8BC5, 0x83A4, 0x9405, 0x7B63, 0x7303, 0x7B63, 0x8BC4, 0x8363, 0x8363, 0x9405,
    0x93E5, 0x93E4, 0x8BA4, 0x8BA4, 0x7B43, 0x8363, 0x7303, 0x72E2, 0x72E3, 0x6282, 0x5A42, 0x5A42,
    0x49C1, 0x5A22, 0x6AC3, 0x7303, 0x8384, 0x8BA4, 0x8BC4, 0x9405, 0x8BC4, 0x9C26, 0x9405, 0x93E4,
    0x9425, 0x8BA4, 0x8384, 0x8383, 0x9405, 0x8BA4, 0x8BE4, 0x9C45, 0x9405, 0x9405, 0x93E4, 0x8BC4,
    0x8BA4, 0x7B43, 0x8363, 0x6AC2, 0x6AE3, 0x5A62, 0x62A3, 0x5A42, 0x5A62, 0x62A2, 0x7B43, 0x7B23,
    0x93E5, 0x9405, 0x8BC4, 0x9C25, 0x93E4, 0x9C45, 0x9C46, 0x9405, 0x9C46, 0x93E4, 0x7B43, 0x8384,
    0x9405, 0x8BC4, 0x9404, 0x9C46, 0x9425, 0x9405, 0x9404, 0x9404, 0x9405, 0x8BA4, 0x8384, 0x7B23,
    0x7B23, 0x62A2, 0x7303, 0x5A42, 0x6282, 0x6282, 0x7B43, 0x8363, 0x93E5, 0x8BC4, 0x8BC4, 0x9405,
    0x8BC4, 0x9C26, 0x9C66, 0x9C25, 0x9C46, 0x9404, 0x8BE5, 0x8BC4, 0x8BA4, 0x8BA4, 0x93E4, 0x9425,
    0x9425, 0x9405, 0x9405, 0x9425, 0x93E4, 0x9405, 0x8BA4, 0x7B43, 0x8363, 0x7303, 0x7303, 0x6282,
    0x6282, 0x62A2, 0x8364, 0x8363, 0x93E4, 0x9405, 0x9405, 0x9C45, 0x9404, 0x9C45, 0xA466, 0x9C25,
    0x9C25, 0x8BC3, 0x8BC4, 0x8BA4, 0x8BC4, 0x83A4, 0x8BC4, 0x9C66, 0x9C25, 0x9C25, 0x9404, 0x9C25,
    0x93E4, 0x9405, 0x93E4, 0x8363, 0x7B43, 0x72E3, 0x7B23, 0x6282, 0x6AC3, 0x6AE2, 0x8364, 0x8383,
    0x8BC4, 0x9405, 0x9405, 0x9C45, 0x93E4, 0x9C66, 0x9C66, 0x9404, 0x9C25, 0x8BE3, 0x93E4, 0x8384,
    0x8BC4, 0x83A4, 0x93E4, 0x9C66, 0x9C25, 0x9C25, 0x9C25, 0x9C25, 0x9404, 0x9404, 0x9405, 0x8383,
    0x8BA4, 0x7B43, 0x7B44, 0x6282, 0x7B23, 0x7303, 0x8384, 0x83A3, 0x93E4, 0x93E4, 0x93E4, 0x9C45,
    0x93E4, 0xA466, 0x9C66, 0x9425, 0x9C66, 0x9404, 0x9405, 0x8BC4, 0x9425, 0x9405, 0x9404, 0xA466,
    0x9C45, 0x9C45, 0x9C45, 0x9C45, 0x93E4, 0x93E4, 0x8BC4, 0x8383, 0x8BC5, 0x7B63, 0x7303, 0x5A62,
    0x8384, 0x7303, 0x8384, 0x8383, 0x93E4, 0x9C25, 0x93E4, 0x9405, 0x8BC3, 0x9C45, 0x9C45, 0x9C25,
    0x9C45, 0x9404, 0x9425, 0x8BC4, 0x9C45, 0x9C25, 0x9404, 0x9C46, 0x9C45, 0x9425, 0x9C25, 0x9C25,
    0x9405, 0x93E4, 0x93E5, 0x8383, 0x8BC4, 0x7B43, 0x7303, 0x6262, 0x8364, 0x7323, 0x8BA4, 0x7B43,
    0x93E4, 0x9425, 0x9404, 0x9C46, 0x9404, 0x9C25, 0x9C46, 0x9C25, 0x9C65, 0x9404, 0x9425, 0x8BC4,
    0x9C25, 0x9C25, 0x93E4, 0x93E4, 0x9404, 0x9C25, 0x9C25, 0x9404, 0x9405, 0x93E4, 0x9404, 0x8383,
    0x93E4, 0x7B43, 0x6AC3, 0x62A2, 0x7B43, 0x7323, 0x8383, 0x8363, 0x8BC4, 0x9405, 0x9404, 0x9C45,
    0x8BC4, 0x9405, 0x9405, 0x9425, 0x9C66, 0x9404, 0x9C25, 0x8383, 0x9C46, 0x9C25, 0x8BC4, 0x93E4,
    0x9404, 0x9425, 0x9C25, 0x9C25, 0x8BA4, 0x93E4, 0x9405, 0x83A3, 0x8BC4, 0x7B43, 0x7B23, 0x72E3,
    0x7B43, 0x7323, 0x8BA4, 0x8BA3, 0x8BA3, 0x9C25, 0x9404, 0x9C25, 0x83A3, 0x9405, 0x9405, 0x9405,
    0x9C66, 0x93E3, 0x9C45, 0x93E4, 0x9C45, 0x9C25, 0x9404, 0x9C25, 0x9C25, 0x9C45, 0x9C25, 0x9C25,
    0x8BC4, 0x9404, 0x9405, 0x83A3, 0x8BA4, 0x7B43, 0x7B43, 0x6AC2, 0x8364, 0x7B43, 0x7B43, 0x83A3,
    0x8BA4, 0x9405, 0x9404, 0x9C25, 0x8BE4, 0x9405, 0x8BC5, 0x93E4, 0x9C25, 0x9404, 0x9C45, 0x8BC4,
    0x9C25, 0x9C25, 0x9404, 0x9C45, 0x9C25, 0x9C25, 0x93C4, 0x9C25, 0x9405, 0x9405, 0x9405, 0x8BA3,
    0x93E5, 0x7B43, 0x7323, 0x6AC3, 0x7B23, 0x7323, 0x8BA4, 0x8363, 0x93E4, 0x93E4, 0x93E4, 0x9C25,
    0x8BA3, 0x9405, 0x9405, 0x93E4, 0x9C45, 0x93E4, 0x9C25, 0x93E4, 0x9C45, 0x9C25, 0x93E4, 0x9C45,
    0x9C25, 0x9404, 0x8BA3, 0x9405, 0x9404, 0x9404, 0x9404, 0x8383, 0x8BE4, 0x8383, 0x8384, 0x72E3,
    0x6AC3, 0x7B23, 0x8BA4, 0x8383, 0x8BC4, 0x93E4, 0x8BC4, 0x9C25, 0x8383, 0x9405, 0x9C25, 0x93E4,
    0x9C25, 0x93E4, 0x9C25, 0x93E4, 0x9C45, 0x9404, 0x93C4, 0x9C45, 0x9405, 0x9425, 0x93E4, 0x9405,
    0x93E4, 0x93C4, 0x8BC4, 0x8363, 0x8BC4, 0x8384, 0x8BA4, 0x7303, 0x72E3, 0x7B43, 0x8BA4, 0x8BA3,
    0x93C4, 0x9404, 0x93E4, 0x9404, 0x8383, 0x93E4, 0x9C25, 0x93E4, 0x9405, 0x8BC3, 0x9C25, 0x93E4,
    0x9404, 0x9405, 0x93E4, 0x9C45, 0x9404, 0x9405, 0x9404, 0x93E4, 0x93E4, 0x93E4, 0x8383, 0x8363,
    0x8BC4, 0x8363, 0x8BA4, 0x7B43, 0x7303, 0x7B43, 0x8BA4, 0x8BA3, 0x8BC4, 0x93E4, 0x8BC4, 0x9405,
    0x83A3, 0x9404, 0x9404, 0x93E4, 0x9C25, 0x93E3, 0x9C25, 0x9404, 0x9404, 0x93E4, 0x93E4, 0x9C25,
    0x9405, 0x9404, 0x9404, 0x93E4, 0x93E4, 0x93E4, 0x8BA4, 0x8383, 0x8BC4, 0x8363, 0x8BA4, 0x7B23,
    0x7303, 0x7B23, 0x8BA4, 0x8383, 0x8BC4, 0x8BA4, 0x93E4, 0x8BC4, 0x8BA3, 0x9C25, 0x9C25, 0x93E4,
    0x9405, 0x93E4, 0x9405, 0x93E4, 0x93E4, 0x8BE4, 0x93E4, 0x9C24, 0x9C25, 0x9425, 0x93E4, 0x9405,
    0x9404, 0x93E4, 0x93E4, 0x8363, 0x8BA4, 0x7B63, 0x7B44, 0x7303, 0x7B23, 0x7B43, 0x8383, 0x8383,
    0x8BA4, 0x8383, 0x8BA4, 0x9405, 0x8BA3, 0x9405, 0x9C25, 0x93E4, 0x9C25, 0x8BC3, 0x9405, 0x9404,
    0x93E4, 0x9404, 0x93E3, 0x9C25, 0x9404, 0x9404, 0x9404, 0x9404, 0x8BA4, 0x93E4, 0x8BC4, 0x8363,
    0x8384, 0x7B43, 0x8364, 0x62A2, 0x7323, 0x7B43, 0x8BC4, 0x8383, 0x8BA4, 0x8383, 0x8BA4, 0x9404,
    0x8BA3, 0x9C25, 0x9C25, 0x93C4, 0x9C25, 0x8BC3, 0x9C25, 0x93E4, 0x9C24, 0x9C25, 0x8BC3, 0x9C25,
    0x9404, 0x9405, 0x9404, 0x9404, 0x8BC4, 0x8BC4, 0x8BC4, 0x8363, 0x8384, 0x6AE3, 0x7B23, 0x6AE3,
    0x7303, 0x7B23, 0x8BA4, 0x8363, 0x8B83, 0x8BA4, 0x8383, 0x9405, 0x8BA3, 0x93E5, 0x8384, 0x8BA4,
    0x9404, 0x8BC3, 0x9C25, 0x93E4, 0x9405, 0x9404, 0x8BA3, 0x9C05, 0x9404, 0x9404, 0x93E4, 0x93E4,
    0x8BC4, 0x8BC4, 0x8BA4, 0x7B43, 0x8364, 0x6AA3, 0x7B23, 0x7303, 0x7303, 0x6AE2, 0x8384, 0x7B43,
    0x8BA4, 0x8383, 0x8383, 0x93E4, 0x8BA3, 0x8BC4, 0x8BA4, 0x8BC4, 0x9405, 0x8BC3, 0x9404, 0x93E4,
    0x8BC4, 0x8BC4, 0x8BA3, 0x93E4, 0x9404, 0x93E4, 0x8BC4, 0x93E4, 0x93E4, 0x8BC4, 0x8384, 0x7B23,
    0x8364, 0x7303, 0x7B23, 0x6AE2, 0x6AE3, 0x6AE2, 0x7B43, 0x7B23, 0x8383, 0x7B63, 0x8363, 0x93E4,
    0x8383, 0x93E4, 0x93E4, 0x8BA3, 0x9404, 0x8BA3, 0x9405, 0x8BC4, 0x93E4, 0x8BC3, 0x8BA3, 0x93E4,
    0x8BC4, 0x8BA4, 0x93C4, 0x8BA4, 0x8383, 0x8BA4, 0x8383, 0x6AE2, 0x7B43, 0x6AE3, 0x6AE3, 0x6AC2,
    0x6282, 0x6AC2, 0x7B43, 0x7B22, 0x7B43, 0x8363, 0x8363, 0x8BA4, 0x7B43, 0x93C4, 0x93E4, 0x8BA3,
    0x8BA4, 0x8BA3, 0x9404, 0x8BC4, 0x93E4, 0x8BC4, 0x8BA3, 0x8BA4, 0x8383, 0x8B84, 0x8363, 0x8364,
    0x8BA3, 0x8364, 0x8363, 0x7303, 0x7B23, 0x72E3, 0x7303, 0x62A2, 0x62A2, 0x62A2, 0x72E3, 0x6AC2,
    0x7B23, 0x8363, 0x8363, 0x8BA4, 0x72E2, 0x8B83, 0x93E4, 0x8BC4, 0x8BC4, 0x8BA3, 0x93C4, 0x8BA3,
    0x8BA3, 0x8BC4, 0x8BA3, 0x8BC4, 0x8BA4, 0x8363, 0x7B43, 0x7B43, 0x7B43, 0x8363, 0x7B43, 0x6AA2,
    0x7303, 0x6AC2, 0x6AE3, 0x6282, 0x6282, 0x5A42, 0x5A62, 0x62A2, 0x7303, 0x8363, 0x8363, 0x8383,
    0x7322, 0x8363, 0x8BA4, 0x8383, 0x8BC4, 0x8383, 0x8BC4, 0x8B83, 0x8BC4, 0x8BA3, 0x8363, 0x8383,
    0x8BA4, 0x8363, 0x8383, 0x7B43, 0x7B43, 0x7B43, 0x7303, 0x6282, 0x7323, 0x6AC2, 0x62A2, 0x5A62,
    0x49E1, 0x5202, 0x6AA2, 0x6AA2, 0x7B23, 0x7B23, 0x7B23, 0x7B43, 0x72E2, 0x7B43, 0x8384, 0x7B43,
    0x8363, 0x7B22, 0x8BA4, 0x7B43, 0x8383, 0x8383, 0x7B42, 0x8383, 0x8383, 0x8384, 0x7B43, 0x8363,
    0x7303, 0x6AC2, 0x6282, 0x5201, 0x72E3, 0x6282, 0x6282, 0x5221, 0x5202, 0x49E1, 0x6282, 0x6AA2,
    0x6AA2, 0x6282, 0x6AC2, 0x7323, 0x72E2, 0x7B43, 0x7B43, 0x7302, 0x7B23, 0x72E2, 0x7B43, 0x72E2,
    0x7B43, 0x7B43, 0x7302, 0x8363, 0x7303, 0x7B23, 0x7303, 0x7B23, 0x7303, 0x6282, 0x5A62, 0x5222,
    0x6282, 0x5222, 0x5A62, 0x49E1, 0x5222, 0x5202, 0x5A42, 0x5A62, 0x49E1, 0x6282, 0x6282, 0x72E3,
    0x6AC2, 0x72E3, 0x72E3, 0x6AC2, 0x72E3, 0x6AC2, 0x7B23, 0x72E2, 0x7B43, 0x7B23, 0x7302, 0x72E3,
    0x6AC2, 0x72E3, 0x6AA2, 0x7303, 0x72E2, 0x6282, 0x5A62, 0x5201, 0x5A42, 0x5222, 0x5A42, 0x41C1,
    0x5222, 0x4A01, 0x6282, 0x5A62, 0x5222, 0x5222, 0x5A62, 0x72E2, 0x6282, 0x6282, 0x6282, 0x6282,
    0x6AC2, 0x6AA2, 0x7303, 0x6AC2, 0x72E2, 0x72E2, 0x6AC2, 0x6282, 0x6AA2, 0x62A2, 0x6AC3, 0x7303,
    0x6AA3, 0x5A42, 0x5222, 0x49E1, 0x5A62, 0x5222, 0x5202, 0x41C1, 0x49E1, 0x49C1, 0x5222, 0x5221,
    0x5222, 0x5A42, 0x5221, 0x5A62, 0x5221, 0x49E1, 0x5222, 0x5A41, 0x6AC2, 0x6281, 0x6282, 0x5A41,
    0x6282, 0x6AC2, 0x6262, 0x6282, 0x5A62, 0x5A42, 0x6282, 0x5A42, 0x49E1, 0x49E1, 0x49E1, 0x41A1,
    0x5222, 0x41A1, 0x49E1, 0x3981,
};
#define TEXTURE_DIRTY_WALL_MIP3_SIZE 16
static const uint16_t TEXTURE_DIRTY_WALL_MIP3_PIXELS[256] __attribute__((aligned(16))) = {
    0x49E1, 0x49E1, 0x6AC3, 0x7B43, 0x6AE3, 0x7303, 0x7303, 0x6AC2, 0x6AE2, 0x72E2, 0x7B43, 0x7303,
    0x6AC3, 0x6AA2, 0x6282, 0x5222, 0x5202, 0x6AC2, 0x8384, 0x8BC4, 0x8BC5, 0x8BC4, 0x8BC4, 0x7B63,
    0x8BC4, 0x8BE4, 0x93E5, 0x8BC4, 0x8363, 0x7303, 0x6AA2, 0x5A62, 0x6282, 0x7B43, 0x8BE4, 0x93E5,
    0x9405, 0x9C45, 0x9425, 0x8384, 0x8BC4, 0x9405, 0x9405, 0x9405, 0x93E4, 0x8363, 0x7303, 0x6AC3,
    0x6AA2, 0x8363, 0x93E4, 0x9425, 0x9425, 0x9C45, 0x9404, 0x8BC4, 0x8BA4, 0x9425, 0x9C25, 0x9C25,
    0x9404, 0x8BA4, 0x7B43, 0x6AE3, 0x7B23, 0x8383, 0x93E4, 0x9405, 0x9425, 0x9C25, 0x9C25, 0x93E4,
    0x9425, 0x9C25, 0x9C25, 0x9C25, 0x9404, 0x8BA4, 0x8384, 0x6AC3, 0x7B23, 0x8363, 0x93E4, 0x9C25,
    0x9404, 0x9C25, 0x9C25, 0x93E4, 0x9C25, 0x93E4, 0x9405, 0x9C25, 0x93E4, 0x8BC4, 0x8384, 0x6AE3,
    0x7B43, 0x8383, 0x8BE4, 0x9405, 0x8BE4, 0x93E5, 0x9404, 0x9405, 0x9C25, 0x9405, 0x9C25, 0x9405,
    0x93E4, 0x8BC4, 0x8384, 0x72E3, 0x7303, 0x8B84, 0x93E4, 0x9405, 0x8BC4, 0x9404, 0x9404, 0x9404,
    0x9C25, 0x9404, 0x9405, 0x93E4, 0x93E4, 0x8BA4, 0x8BA4, 0x7B43, 0x7B23, 0x8BA3, 0x93E4, 0x93E4,
    0x8BC4, 0x9404, 0x9404, 0x9404, 0x9404, 0x9404, 0x9404, 0x93E4, 0x93E4, 0x8383, 0x83A4, 0x8364,
    0x7B23, 0x8383, 0x8BA4, 0x8BE4, 0x93E4, 0x9404, 0x9404, 0x9404, 0x93E4, 0x9404, 0x9404, 0x9404,
    0x93E4, 0x8BA4, 0x8363, 0x7303, 0x7B23, 0x8383, 0x8B83, 0x8BC4, 0x8BC4, 0x8BC4, 0x93E4, 0x9404,
    0x9404, 0x93E4, 0x9404, 0x93E4, 0x8BC4, 0x8383, 0x7B23, 0x7303, 0x72E3, 0x7B43, 0x8383, 0x8BA4,
    0x8BA4, 0x8BC4, 0x93E4, 0x93E4, 0x8BC4, 0x8BC4, 0x93E4, 0x8BC4, 0x8BA4, 0x7B43, 0x7B23, 0x72E3,
    0x62A2, 0x7303, 0x7B43, 0x8383, 0x8363, 0x8BC4, 0x8BA4, 0x8BC4, 0x8BC4, 0x8BA3, 0x8383, 0x8363,
    0x8363, 0x7323, 0x7303, 0x6AC3, 0x5222, 0x6282, 0x7B23, 0x7B43, 0x7B23, 0x8383, 0x8383, 0x8383,
    0x8BA3, 0x8363, 0x8383, 0x8363, 0x7303, 0x6282, 0x6AC3, 0x5A62, 0x5201, 0x6262, 0x5A62, 0x6AC2,
    0x7302, 0x7303, 0x72E2, 0x7303, 0x7B23, 0x7302, 0x72E3, 0x7303, 0x6AC2, 0x5A42, 0x5A42, 0x5202,
    0x49E1, 0x5A42, 0x5222, 0x6262, 0x5A42, 0x5A62, 0x6AA2, 0x62A2, 0x6AC2, 0x62A2, 0x6282, 0x62A2,
    0x5222, 0x49E1, 0x5202, 0x49C1,
};
#endif /* BACKROOMS_GENERATED_TEXTURE_DIRTY_WALL_H */
